Subject_ID,True_Label,Logistic Regression_Prob,Random Forest_Prob,XGBoost_Prob,Deep Learning_Prob
5,0,4.5127219787298685e-07,0.0,5.017022317588271e-07,8.761555179459834e-35
5,0,4.419538552262067e-07,0.0,4.150742540787178e-07,6.918176277363386e-35
5,0,4.282457837770796e-07,0.0,3.3514831443426374e-07,4.212444273216021e-35
5,0,4.210366184172659e-07,0.0,3.3514831443426374e-07,2.46299069878701e-35
5,0,4.2569517124626007e-07,0.0,2.8788122108380776e-07,1.8035580265116031e-35
5,0,4.168565219466975e-07,0.0,2.8788122108380776e-07,1.6815112349909623e-35
5,0,3.9427914679651096e-07,0.0,2.570043875493866e-07,1.4840870161675442e-35
5,0,3.7173795356061956e-07,0.0,2.570043875493866e-07,9.640794963845691e-36
5,0,3.266033768818882e-07,0.0,2.570043875493866e-07,5.956584805459885e-36
5,0,2.880184435331001e-07,0.0,2.8788122108380776e-07,2.7945227590020717e-36
5,0,2.5689316573264127e-07,0.0,2.1610942724237248e-07,1.3556385551632572e-36
5,0,2.2842112498144948e-07,0.0,2.1610942724237248e-07,8.242336225253634e-37
5,0,2.1008660757856906e-07,0.0,2.1610942724237248e-07,5.634224277324993e-37
5,0,2.0050884058800142e-07,0.0,2.1610942724237248e-07,4.285735259030598e-37
5,0,1.975738999640231e-07,0.0,2.1610942724237248e-07,3.603971046012202e-37
5,0,1.9588911788816102e-07,0.0,2.1610942724237248e-07,3.6859198770369344e-37
5,0,1.9892656997918466e-07,0.0,2.3825327843951527e-07,3.987741181216648e-37
5,0,2.061523911078234e-07,0.0,2.3825327843951527e-07,4.295883350405361e-37
5,0,2.1520302631528113e-07,0.0,2.3825327843951527e-07,4.739463594560242e-37
5,0,2.25993850086233e-07,0.0,2.3825327843951527e-07,5.173253582916209e-37
5,0,2.406575709033132e-07,0.0,2.3825327843951527e-07,5.454215494467615e-37
5,0,2.601410288894756e-07,0.0,2.3825327843951527e-07,5.718629528505748e-37
5,0,2.8511408423398e-07,0.0,2.3825327843951527e-07,5.945934488715508e-37
5,0,3.18782856759574e-07,0.0,2.3825327843951527e-07,6.073994783318944e-37
5,0,3.047816863699711e-07,0.0,4.1759668079066614e-07,6.157420246613444e-37
5,0,2.9647061651730194e-07,0.0,4.1759668079066614e-07,6.931112777800108e-37
5,0,2.932873586056206e-07,0.0,4.1759668079066614e-07,8.18225034076542e-37
5,0,2.95765000216068e-07,0.0,4.1759668079066614e-07,9.45998522120688e-37
5,0,2.9111464943155026e-07,0.0,4.5587594854623603e-07,9.577413584101792e-37
5,0,3.13661705991313e-07,0.0,4.1184841848007636e-07,8.218976467749462e-37
5,0,3.2342285044322125e-07,0.0,4.1184841848007636e-07,5.7031618839526535e-37
5,0,3.205280571382199e-07,0.0,3.209106864687783e-07,3.5258072902954265e-37
5,0,3.0393129531580685e-07,0.0,2.447479232614569e-07,2.1722031962946146e-37
5,0,2.8585271243773813e-07,0.0,2.447479232614569e-07,1.2433439893222465e-37
5,0,2.619722791479145e-07,0.0,2.0217785845488834e-07,8.031673870333336e-38
5,0,2.3024461192025159e-07,0.0,2.1871608169021783e-07,7.123002441661294e-38
5,0,2.168867907791589e-07,0.0,2.1871608169021783e-07,4.85920757514148e-38
5,0,2.0421391115077597e-07,0.0,2.1871608169021783e-07,3.537540138129464e-38
5,0,1.8899271559332173e-07,0.0,2.1871608169021783e-07,2.562439875496411e-38
5,0,1.6734670615931635e-07,0.0,2.1871608169021783e-07,0.0
5,0,1.392660537277679e-07,0.0,2.1871608169021783e-07,0.0
5,0,1.1083160297087701e-07,0.0,2.1871608169021783e-07,0.0
5,0,8.764607335248341e-08,0.0,2.1871608169021783e-07,0.0
5,0,6.769638841219141e-08,0.0,2.1871608169021783e-07,0.0
5,0,5.6332664918574565e-08,0.0,2.1871608169021783e-07,0.0
5,0,4.885963571237395e-08,0.0,2.1871608169021783e-07,0.0
5,0,4.3508480579831734e-08,0.0,2.1871608169021783e-07,0.0
5,0,4.097582772666948e-08,0.0,2.1871608169021783e-07,0.0
5,0,4.134229198554351e-08,0.0,2.1849737663615088e-07,0.0
5,0,4.384640491030312e-08,0.0,2.1849737663615088e-07,0.0
5,0,4.7485931017859525e-08,0.0,2.2598902660320164e-07,0.0
5,0,5.191286168070145e-08,0.0,2.2598902660320164e-07,0.0
5,0,5.6465832482023286e-08,0.0,2.2598902660320164e-07,0.0
5,0,6.218943365958585e-08,0.0,2.2598902660320164e-07,0.0
5,0,6.889368593531851e-08,0.0,2.502594327324914e-07,0.0
5,0,7.75600182834075e-08,0.0,2.6996190172212664e-07,0.0
5,0,9.092817160053053e-08,0.0,3.062787925500743e-07,0.0
5,0,1.0648950254753948e-07,0.0,3.062787925500743e-07,0.0
5,0,1.217683263340814e-07,0.0,3.062787925500743e-07,0.0
5,0,1.340237634100535e-07,0.0,3.062787925500743e-07,0.0
5,0,1.4120023342136307e-07,0.0,3.062787925500743e-07,0.0
5,0,1.4281922381058958e-07,0.0,3.062787925500743e-07,0.0
5,0,1.3919212043181674e-07,0.0,3.062787925500743e-07,0.0
5,0,1.2894291173789348e-07,0.0,3.062787925500743e-07,0.0
5,0,1.1330543913092468e-07,0.0,3.062787925500743e-07,0.0
5,0,9.866590045397819e-08,0.0,2.6996190172212664e-07,0.0
5,0,8.876038708900492e-08,0.0,2.502594327324914e-07,0.0
5,0,8.54638667723025e-08,0.0,2.2598902660320164e-07,0.0
5,0,8.254135954879538e-08,0.0,2.2598902660320164e-07,0.0
5,0,7.813162085550238e-08,0.0,2.2598902660320164e-07,0.0
5,0,7.260359439252227e-08,0.0,2.2598902660320164e-07,0.0
5,0,6.502019190098593e-08,0.0,2.262152207777035e-07,0.0
5,0,5.6859091463276576e-08,0.0,2.262152207777035e-07,0.0
5,0,4.938896660423533e-08,0.0,2.262152207777035e-07,0.0
5,0,4.1521254468281596e-08,0.0,2.262152207777035e-07,0.0
5,0,3.393467176164629e-08,0.0,2.262152207777035e-07,0.0
5,0,2.8087957261521882e-08,0.0,2.0343873075034935e-07,0.0
5,0,2.3627823934118083e-08,0.0,2.0343873075034935e-07,0.0
5,0,2.0434626224643385e-08,0.0,2.0343873075034935e-07,0.0
5,0,1.836861380369503e-08,0.0,2.0343873075034935e-07,0.0
5,0,1.7234692206959245e-08,0.0,2.0343873075034935e-07,0.0
5,0,1.723910456828938e-08,0.0,2.0343873075034935e-07,0.0
5,0,2.2289133776751677e-08,0.0,1.8635626020113705e-07,0.0
5,0,2.7621697805551802e-08,0.0,1.8635626020113705e-07,0.0
5,0,3.4843710958288195e-08,0.0,1.8635626020113705e-07,0.0
5,0,4.082865550496315e-08,0.0,1.8635626020113705e-07,0.0
5,0,4.6293911281941434e-08,0.0,1.8635626020113705e-07,0.0
5,0,5.3354860114740504e-08,0.0,1.8635626020113705e-07,0.0
5,0,6.237608962028697e-08,0.0,1.8635626020113705e-07,0.0
5,0,7.248183775180546e-08,0.0,1.8635626020113705e-07,0.0
5,0,8.625746919161468e-08,0.0,1.8635626020113705e-07,0.0
5,0,1.0484638441873926e-07,0.0,2.072202391900646e-07,0.0
5,0,1.2743691629921515e-07,0.0,2.072202391900646e-07,0.0
5,0,1.524917449914517e-07,0.0,2.072202391900646e-07,0.0
5,0,1.819350386455815e-07,0.0,2.072202391900646e-07,0.0
5,0,2.0840372588359547e-07,0.0,2.072202391900646e-07,0.0
5,0,2.476851577834633e-07,0.0,2.072202391900646e-07,0.0
5,0,3.0475293570108677e-07,0.0,2.159915624133646e-07,0.0
5,0,3.7088779896880247e-07,0.0,2.4788172936496267e-07,0.0
5,0,4.1727642567980375e-07,0.0,2.4763389205872954e-07,0.0
5,0,4.646924337754322e-07,0.0,2.4763389205872954e-07,4.1235780096738243e-38
5,0,5.024829508272716e-07,0.0,2.4763389205872954e-07,7.157266991710964e-38
5,0,5.457898422185292e-07,0.0,2.4763389205872954e-07,1.0745968256513234e-37
5,0,5.721424425198791e-07,0.0,2.306366440052443e-07,1.7922259836695258e-37
5,0,5.872694817652681e-07,0.0,2.5776114398468053e-07,3.108452851367832e-37
5,0,5.927598214225798e-07,0.0,3.542897388797428e-07,5.166035886890042e-37
5,0,5.728437231156446e-07,0.0,3.39902186397012e-07,8.400927338174517e-37
5,0,5.997681068164882e-07,0.0,3.39902186397012e-07,1.4221610855447867e-36
5,0,5.959377659784326e-07,0.0,3.39902186397012e-07,1.9321682578947668e-36
5,0,5.932060559275614e-07,0.0,3.39902186397012e-07,2.0836008656366154e-36
5,0,6.273328893527498e-07,0.0,3.699701949244627e-07,1.8417757628433987e-36
5,0,5.984817836106627e-07,0.0,3.699701949244627e-07,1.5066120751074175e-36
5,0,5.39470927444289e-07,0.0,3.699701949244627e-07,1.5017463184237732e-36
5,0,4.966750602604071e-07,0.0,5.215405280978302e-07,1.347471832554723e-36
5,0,4.5744619020520867e-07,0.0,5.215405280978302e-07,1.1931201295350948e-36
5,0,4.002160054762425e-07,0.0,5.215405280978302e-07,1.1825353711380726e-36
5,0,3.5340543074389486e-07,0.0,3.0619088420280605e-07,1.1529232665146131e-36
5,0,3.363057223906689e-07,0.0,3.0619088420280605e-07,1.0639554772171179e-36
5,0,3.3942534287568104e-07,0.0,2.9604052542708814e-07,1.082212086867401e-36
5,0,3.5780207537259137e-07,0.0,2.9604052542708814e-07,1.174604694453257e-36
5,0,3.8823726523382225e-07,0.0,2.6093761107404134e-07,1.4635599711775785e-36
5,0,4.366725359616096e-07,0.0,2.4189375835703686e-07,1.9456295120962533e-36
5,0,5.055589676562397e-07,0.0,2.184346641342927e-07,2.7314125809577643e-36
5,0,5.977557149104336e-07,0.0,2.184346641342927e-07,3.9744250342737393e-36
5,0,7.171513707100754e-07,0.0,2.184346641342927e-07,5.869115082693467e-36
5,0,8.702221489219039e-07,0.0,2.184346641342927e-07,8.720571723890814e-36
5,0,1.110915916928087e-06,0.0,1.645375817815875e-07,1.0251929339790132e-35
5,0,1.4345260542856602e-06,0.0,1.6470225716602727e-07,1.1890451805057687e-35
5,0,1.8678763711418383e-06,0.0,1.625437420216258e-07,1.4098730298067185e-35
5,0,2.392165325527383e-06,0.0,1.625437420216258e-07,2.1815226516827554e-35
5,0,3.1569913609987493e-06,0.0,1.625437420216258e-07,3.556285105899758e-35
5,0,3.98558937668876e-06,0.0,1.758398866513744e-07,6.581255374805607e-35
5,0,4.776276601545286e-06,0.0,1.758398866513744e-07,1.069303015110509e-34
5,0,5.858594734348893e-06,0.0,1.758398866513744e-07,1.1108986403571989e-34
5,0,6.891404558477683e-06,0.0,1.625437420216258e-07,1.072415779252784e-34
5,0,7.718891438523743e-06,0.0,1.4617801014082943e-07,9.498758885149598e-35
5,0,8.110464551144255e-06,0.0,1.4617801014082943e-07,8.432722114254319e-35
5,0,8.43301806550846e-06,0.0,1.4617801014082943e-07,6.479222694742973e-35
5,0,8.815597494535913e-06,0.0,1.4617801014082943e-07,4.6338836787754035e-35
5,0,9.032006659125941e-06,0.0,1.4617801014082943e-07,3.9681090480254735e-35
5,0,9.30714386862554e-06,0.0,1.4617801014082943e-07,3.573937610176877e-35
5,0,9.843773076030407e-06,0.0,1.4617801014082943e-07,3.171458503757088e-35
5,0,1.0613197633205799e-05,0.0,1.4617801014082943e-07,2.8862140088592616e-35
5,0,1.1451895888573846e-05,0.0,1.4617801014082943e-07,2.8445689072390166e-35
5,0,1.2390239282569866e-05,0.0,1.4617801014082943e-07,2.910049337915217e-35
5,0,1.3246068758998954e-05,0.0,1.4617801014082943e-07,2.9176524560393224e-35
5,0,1.3612679966170171e-05,0.0,1.4617801014082943e-07,2.7693834735203946e-35
5,0,1.332063859296179e-05,0.0,1.4617801014082943e-07,2.2247870713875988e-35
5,0,1.230698114052601e-05,0.0,1.625437420216258e-07,1.4982852143524579e-35
5,0,1.0561106097392935e-05,0.0,1.625437420216258e-07,9.157087361074159e-36
5,0,8.481289998255164e-06,0.0,1.625437420216258e-07,4.6724530087391696e-36
5,0,6.423120204305237e-06,0.0,1.625437420216258e-07,2.122605840235281e-36
5,0,5.84483055491635e-06,0.0,1.625437420216258e-07,1.1231268631171256e-36
5,0,5.818651510864384e-06,0.0,1.4617801014082943e-07,7.1021949531281045e-37
5,0,6.395794946741388e-06,0.0,1.4617801014082943e-07,5.6407191275513225e-37
5,0,6.203708003888451e-06,0.0,1.4617801014082943e-07,5.030220694481155e-37
5,0,6.05820308516104e-06,0.0,1.4617801014082943e-07,4.936165093140165e-37
5,0,5.9346416755468025e-06,0.0,1.4617801014082943e-07,4.833531303119964e-37
5,0,5.817064272780322e-06,0.0,1.625437420216258e-07,4.69720222653824e-37
5,0,5.7632338773567534e-06,0.0,1.625437420216258e-07,4.675891727908296e-37
5,0,5.871790374724467e-06,0.0,1.625437420216258e-07,4.837515474913732e-37
5,0,6.203913653616127e-06,0.0,1.625437420216258e-07,5.194650177323801e-37
5,0,6.850629286030389e-06,0.0,1.625437420216258e-07,5.936279654400187e-37
5,0,7.770487958015353e-06,0.0,1.625437420216258e-07,8.593721792428148e-37
5,0,8.986149614485989e-06,0.0,1.625437420216258e-07,1.123821189690617e-36
5,0,1.0345039951340676e-05,0.0,1.625437420216258e-07,1.4422773639922691e-36
5,0,1.164760234117916e-05,0.0,1.625437420216258e-07,1.5853495336258752e-36
5,0,1.2304876336481469e-05,0.0,1.625437420216258e-07,1.6979663981136806e-36
5,0,1.2327724580475373e-05,0.0,1.758398866513744e-07,1.723863469931624e-36
5,0,1.1817293587591606e-05,0.0,1.5813543541298714e-07,1.5034888610901304e-36
5,0,1.0900962955345687e-05,0.0,2.0993540772451524e-07,1.1658195171752838e-36
5,0,9.963131672394667e-06,0.0,2.0993540772451524e-07,7.053110943142998e-37
5,0,8.944282409056865e-06,0.0,2.373640199948568e-07,3.7602530432716315e-37
5,0,7.910507028291738e-06,0.0,2.373640199948568e-07,2.028612478966882e-37
5,0,7.075227687719226e-06,0.0,2.7131511615152704e-07,1.154872506309652e-37
5,0,6.470855206215249e-06,0.0,3.186797812304576e-07,6.996111502600367e-38
5,0,5.830356647040774e-06,0.0,5.428130407381104e-07,4.983328987917515e-38
5,0,5.1059170429371855e-06,0.0,5.428130407381104e-07,3.6827838831776526e-38
5,0,4.2820408971136916e-06,0.0,5.428130407381104e-07,2.636850785769909e-38
5,0,3.5699840832023978e-06,0.0,5.294712082104525e-07,0.0
5,0,2.7877688842426042e-06,0.0,5.294712082104525e-07,0.0
5,0,2.0740703049540636e-06,0.0,3.1084692864169483e-07,0.0
5,0,1.5048365054023395e-06,0.0,2.5155370053653314e-07,0.0
5,0,1.1319587796855605e-06,0.0,2.093995306040597e-07,0.0
5,0,8.918817041373383e-07,0.0,2.093995306040597e-07,0.0
5,0,7.326128316594729e-07,0.0,1.8520233879826264e-07,0.0
5,0,6.345261552146455e-07,0.0,1.8520233879826264e-07,0.0
5,0,5.856299693921031e-07,0.0,1.3950506172477617e-07,0.0
5,0,5.75234458955145e-07,0.0,1.3950506172477617e-07,0.0
5,0,5.47222236192437e-07,0.0,1.3950506172477617e-07,0.0
5,0,5.394485488867016e-07,0.0,1.3950506172477617e-07,0.0
5,0,5.482133847110327e-07,0.0,2.2519773779094976e-07,0.0
5,0,5.638097573836447e-07,0.0,2.2519773779094976e-07,0.0
5,0,5.66036257496853e-07,0.0,2.2519773779094976e-07,0.0
5,0,5.312915006429733e-07,0.0,2.2519773779094976e-07,0.0
5,0,5.369736272733987e-07,0.0,2.7827863391394203e-07,0.0
5,0,5.355730112448038e-07,0.0,2.7827863391394203e-07,0.0
5,0,5.810864544521428e-07,0.0,2.799264962050074e-07,0.0
5,0,7.352584965027261e-07,0.0,2.799264962050074e-07,0.0
5,0,1.0612363791677312e-06,0.0,2.799264962050074e-07,0.0
5,0,1.4126211240588603e-06,0.0,2.5875988285406493e-07,0.0
5,0,1.6571634182825876e-06,0.0,2.799264962050074e-07,0.0
5,0,1.7974820380165119e-06,0.0,2.4053744596130855e-07,0.0
5,0,2.0220820074082793e-06,0.0,2.832780410244595e-07,0.0
5,0,2.2338103063739956e-06,0.0,2.832780410244595e-07,0.0
5,0,2.1617016473432734e-06,0.0,2.832780410244595e-07,0.0
5,0,2.1014875717455347e-06,0.0,2.832780410244595e-07,0.0
5,0,2.0412652171742073e-06,0.0,2.832780410244595e-07,0.0
5,0,1.7017644682043141e-06,0.0,2.832780410244595e-07,0.0
5,0,1.2644363763641896e-06,0.0,2.832780410244595e-07,0.0
5,0,1.1600483527385039e-06,0.0,2.832780410244595e-07,0.0
5,0,1.1550087756305744e-06,0.0,2.832780410244595e-07,0.0
5,0,1.1830287776051272e-06,0.0,2.832780410244595e-07,0.0
5,0,9.959701990841437e-07,0.0,3.2028910368353536e-07,0.0
5,0,8.181942219820338e-07,0.0,3.2028910368353536e-07,0.0
5,0,6.487317383172349e-07,0.0,3.2028910368353536e-07,0.0
5,0,4.988524918491353e-07,0.0,3.2028910368353536e-07,0.0
5,0,3.653602783046394e-07,0.0,3.2028910368353536e-07,0.0
5,0,2.5684320588193165e-07,0.0,5.45554257769254e-07,0.0
5,0,1.8231033448977114e-07,0.0,5.45554257769254e-07,0.0
5,0,1.3161989321896134e-07,0.0,5.45554257769254e-07,0.0
5,0,9.737731662471198e-08,0.0,5.45554257769254e-07,0.0
5,0,7.345042036459117e-08,0.0,5.45554257769254e-07,0.0
5,0,5.710019471971625e-08,0.0,3.2028910368353536e-07,0.0
5,0,4.523973117484427e-08,0.0,3.2028910368353536e-07,0.0
5,0,3.743481616392107e-08,0.0,3.2028910368353536e-07,0.0
5,0,3.286797222150206e-08,0.0,3.2028910368353536e-07,0.0
5,0,3.013528233885194e-08,0.0,3.2028910368353536e-07,0.0
5,0,2.880410296699279e-08,0.0,2.832780410244595e-07,0.0
5,0,2.8684560145422783e-08,0.0,2.832780410244595e-07,0.0
5,0,2.994924774046327e-08,0.0,2.1338135525184043e-07,0.0
5,0,3.251421198840371e-08,0.0,2.1338135525184043e-07,0.0
5,0,3.497981538119634e-08,0.0,1.9724652133845666e-07,0.0
5,0,3.751157964263393e-08,0.0,1.9724652133845666e-07,0.0
5,0,4.1798194785175564e-08,0.0,1.9724652133845666e-07,0.0
5,0,4.766047272662816e-08,0.0,1.9724652133845666e-07,0.0
5,0,5.475143516929666e-08,0.0,1.9724652133845666e-07,0.0
5,0,6.214343914682879e-08,0.0,1.9724652133845666e-07,0.0
5,0,6.844064202965524e-08,0.0,2.225346094064662e-07,0.0
5,0,7.264135045013914e-08,0.0,2.225346094064662e-07,0.0
5,0,7.476860020836194e-08,0.0,2.225346094064662e-07,0.0
5,0,7.487377298598057e-08,0.0,2.225346094064662e-07,0.0
5,0,7.246088720197776e-08,0.0,2.67333007286652e-07,0.0
5,0,6.863853293008602e-08,0.0,2.67333007286652e-07,0.0
5,0,6.530480224849974e-08,0.0,2.3695419315572508e-07,0.0
5,0,6.191109653882527e-08,0.0,2.4292504008371907e-07,0.0
5,0,5.662763294435666e-08,0.0,2.4292504008371907e-07,0.0
5,0,5.145093971731321e-08,0.0,2.4292504008371907e-07,0.0
5,0,4.631327266138069e-08,0.0,2.0681964940649777e-07,0.0
5,0,3.9957173999223854e-08,0.0,2.0681964940649777e-07,0.0
5,0,3.388301224678148e-08,0.0,2.0681964940649777e-07,0.0
5,0,2.909327321075902e-08,0.0,2.0681964940649777e-07,0.0
5,0,2.419210510694067e-08,0.0,2.2997467397090077e-07,0.0
5,0,1.9476968489374204e-08,0.0,2.592425119019026e-07,0.0
5,0,2.0820538816324423e-08,0.0,2.592425119019026e-07,0.0
5,0,2.657454051683193e-08,0.0,2.592425119019026e-07,0.0
5,0,3.079026114990061e-08,0.0,2.592425119019026e-07,0.0
5,0,3.418725868747742e-08,0.0,2.592425119019026e-07,0.0
5,0,3.807350167215497e-08,0.0,2.592425119019026e-07,0.0
5,0,4.5483097676212116e-08,0.0,2.2997467397090077e-07,0.0
5,0,5.5663866160408524e-08,0.0,2.2997467397090077e-07,0.0
5,0,6.624879501678524e-08,0.0,2.2997467397090077e-07,0.0
5,0,7.400779663501943e-08,0.0,2.3002402826932666e-07,0.0
5,0,7.313237339422806e-08,0.0,1.8982494509600656e-07,0.0
5,0,6.210988001748913e-08,0.0,2.4878667659322673e-07,0.0
5,0,6.292929068529268e-08,0.0,2.4878667659322673e-07,0.0
5,0,7.252313186209517e-08,0.0,2.4878667659322673e-07,0.0
5,0,9.228971070171884e-08,0.0,2.4878667659322673e-07,0.0
5,0,1.1589526269230565e-07,0.0,3.3028098300746933e-07,0.0
5,0,1.113518152887785e-07,0.0,3.3028098300746933e-07,0.0
5,0,1.0122772121659358e-07,0.0,2.97026616635776e-07,0.0
5,0,8.672267030315028e-08,0.0,2.97026616635776e-07,0.0
5,0,7.230017682547255e-08,0.0,2.2373757246896275e-07,0.0
5,0,5.972969275498351e-08,0.0,2.2373757246896275e-07,0.0
5,0,4.957122423299615e-08,0.0,2.4292504008371907e-07,0.0
5,0,4.2233975522040284e-08,0.0,2.4292504008371907e-07,0.0
5,0,3.52674476370322e-08,0.0,2.4292504008371907e-07,0.0
5,0,2.841120809599946e-08,0.0,2.6279639087078976e-07,0.0
5,0,2.345645483076487e-08,0.0,2.56337131077089e-07,0.0
5,0,1.94715654636767e-08,0.0,2.56337131077089e-07,0.0
5,0,1.637390341559337e-08,0.0,2.56337131077089e-07,0.0
5,0,1.4349310073051268e-08,0.0,2.3695419315572508e-07,0.0
5,0,1.2295810194560848e-08,0.0,2.3695419315572508e-07,0.0
5,0,1.0329367446174324e-08,0.0,2.3695419315572508e-07,0.0
5,0,8.754456765937573e-09,0.0,2.3695419315572508e-07,0.0
5,0,7.71040845807763e-09,0.0,2.3695419315572508e-07,0.0
5,0,7.256209322251622e-09,0.0,2.3695419315572508e-07,0.0
5,0,7.622918256065331e-09,0.0,2.3695419315572508e-07,0.0
5,0,8.807068791499051e-09,0.0,2.3695419315572508e-07,0.0
5,0,1.062470536949584e-08,0.0,2.3695419315572508e-07,0.0
5,0,1.2827172736088428e-08,0.0,2.3695419315572508e-07,0.0
5,0,1.531524821819694e-08,0.0,2.3695419315572508e-07,0.0
5,0,1.8373678937968796e-08,0.0,2.3695419315572508e-07,0.0
5,0,2.1992144189719673e-08,0.0,2.3695419315572508e-07,0.0
5,0,2.6288884057055032e-08,0.0,2.3695419315572508e-07,0.0
5,0,3.164964096101402e-08,0.0,2.4292504008371907e-07,0.0
5,0,3.673439802895027e-08,0.0,2.4292504008371907e-07,0.0
5,0,4.2277471462712615e-08,0.0,2.4292504008371907e-07,0.0
5,0,4.8732719219136764e-08,0.0,2.4292504008371907e-07,0.0
5,0,5.6602055667732114e-08,0.0,2.4292504008371907e-07,0.0
5,0,6.565740615794187e-08,0.0,2.4292504008371907e-07,0.0
5,0,7.536256884710367e-08,0.0,2.4292504008371907e-07,0.0
5,0,8.452268552815038e-08,0.0,2.4292504008371907e-07,0.0
5,0,9.121693703602709e-08,0.0,2.4292504008371907e-07,0.0
5,0,9.286412980437137e-08,0.0,2.4292504008371907e-07,0.0
5,0,9.381161868911863e-08,0.0,2.4292504008371907e-07,0.0
5,0,9.292152073476458e-08,0.0,2.4292504008371907e-07,0.0
5,0,9.040031158425944e-08,0.0,2.4292504008371907e-07,0.0
5,0,8.478596855208663e-08,0.0,2.4292504008371907e-07,0.0
5,0,7.850553572081896e-08,0.0,2.4292504008371907e-07,0.0
5,0,6.844986111918514e-08,0.0,2.4292504008371907e-07,0.0
5,0,5.7716806069432175e-08,0.0,2.4292504008371907e-07,0.0
5,0,4.820676861905996e-08,0.0,2.4292504008371907e-07,0.0
5,0,4.1193968771190035e-08,0.0,2.4292504008371907e-07,0.0
5,0,3.345920529068967e-08,0.0,2.4292504008371907e-07,0.0
5,0,2.7368641373014513e-08,0.0,2.3695419315572508e-07,0.0
5,0,2.212531697750274e-08,0.0,2.3695419315572508e-07,0.0
5,0,1.767204061441653e-08,0.0,2.3695419315572508e-07,0.0
5,0,1.4429583351632245e-08,0.0,2.3695419315572508e-07,0.0
5,0,1.243815886347695e-08,0.0,2.3695419315572508e-07,0.0
5,0,1.0801468479376535e-08,0.0,2.3695419315572508e-07,0.0
5,0,9.929331698801628e-09,0.0,2.3695419315572508e-07,0.0
5,0,9.670017286032755e-09,0.0,2.3695419315572508e-07,0.0
5,0,9.895038689247786e-09,0.0,2.3695419315572508e-07,0.0
5,0,1.0463734499001977e-08,0.0,2.3695419315572508e-07,0.0
5,0,1.131823468338275e-08,0.0,2.3695419315572508e-07,0.0
5,0,1.2446099089114796e-08,0.0,2.3695419315572508e-07,0.0
5,0,1.387128459793778e-08,0.0,2.3695419315572508e-07,0.0
5,0,1.5091273529822196e-08,0.0,2.3695419315572508e-07,0.0
5,0,1.7169238498695e-08,0.0,2.3695419315572508e-07,0.0
5,0,1.9809548006614945e-08,0.0,2.3695419315572508e-07,0.0
5,0,2.2229514224297334e-08,0.0,2.3695419315572508e-07,0.0
5,0,2.407446576247192e-08,0.0,2.3695419315572508e-07,0.0
5,0,2.5810484722380187e-08,0.0,2.3695419315572508e-07,0.0
5,0,2.733985140237625e-08,0.0,2.3695419315572508e-07,0.0
5,0,2.8692770827417273e-08,0.0,2.3695419315572508e-07,0.0
5,0,2.9571017319096746e-08,0.0,1.9724652133845666e-07,0.0
5,0,2.9388151334382055e-08,0.0,1.9724652133845666e-07,0.0
5,0,2.792363229281346e-08,0.0,1.9724652133845666e-07,0.0
5,0,2.4972910707043404e-08,0.0,1.9724652133845666e-07,0.0
5,0,2.1605218630862728e-08,0.0,1.9724652133845666e-07,0.0
5,0,1.9110142462624547e-08,0.0,1.9724652133845666e-07,0.0
5,0,1.7787780967032124e-08,0.0,1.9724652133845666e-07,0.0
5,0,1.6658362221624323e-08,0.0,1.9724652133845666e-07,0.0
5,0,1.5163033479812903e-08,0.0,1.9724652133845666e-07,0.0
5,0,1.371011859696892e-08,0.0,1.9724652133845666e-07,0.0
5,0,1.1935734558273762e-08,0.0,1.9724652133845666e-07,0.0
5,0,1.0405611391698904e-08,0.0,1.9724652133845666e-07,0.0
5,0,9.367627892946823e-09,0.0,1.9724652133845666e-07,0.0
5,0,8.670790742725108e-09,0.0,1.9724652133845666e-07,0.0
5,0,7.905348668241018e-09,0.0,1.9724652133845666e-07,0.0
5,0,7.1424938101535425e-09,0.0,1.9724652133845666e-07,0.0
5,0,6.326042150705671e-09,0.0,1.9724652133845666e-07,0.0
5,0,5.960937195059785e-09,0.0,1.9724652133845666e-07,0.0
5,0,5.70448893499088e-09,0.0,1.9724652133845666e-07,0.0
5,0,5.635834164963544e-09,0.0,1.9724652133845666e-07,0.0
5,0,5.973588248683059e-09,0.0,1.9724652133845666e-07,0.0
5,0,6.734724720187792e-09,0.0,1.9724652133845666e-07,0.0
5,0,7.715153165841655e-09,0.0,1.9724652133845666e-07,0.0
5,0,8.820668422175267e-09,0.0,1.9724652133845666e-07,0.0
5,0,1.0160173468774215e-08,0.0,1.9724652133845666e-07,0.0
5,0,1.2067839881194296e-08,0.0,1.9724652133845666e-07,0.0
5,0,1.4523050728862835e-08,0.0,1.9724652133845666e-07,0.0
5,0,1.7336372885129187e-08,0.0,1.9724652133845666e-07,0.0
5,0,1.979459929059931e-08,0.0,1.9724652133845666e-07,0.0
5,0,2.1373069227362596e-08,0.0,1.9724652133845666e-07,0.0
5,0,2.266765492095287e-08,0.0,1.9724652133845666e-07,0.0
5,0,2.492355178869658e-08,0.0,1.9724652133845666e-07,0.0
5,0,2.774144468319438e-08,0.0,1.9724652133845666e-07,0.0
5,0,3.095453224186814e-08,0.0,1.9724652133845666e-07,0.0
5,0,3.333332647771729e-08,0.0,1.9724652133845666e-07,0.0
5,0,3.4431973211130554e-08,0.0,1.9724652133845666e-07,0.0
5,0,3.529120407295328e-08,0.0,1.9724652133845666e-07,0.0
5,0,3.662831103666861e-08,0.0,1.9724652133845666e-07,0.0
5,0,3.733794498369172e-08,0.0,2.3695419315572508e-07,0.0
5,0,3.7286767995581566e-08,0.0,2.67333007286652e-07,0.0
5,0,3.6400180906222133e-08,0.0,2.67333007286652e-07,0.0
5,0,3.408826323469009e-08,0.0,3.0171850085025653e-07,0.0
5,0,3.0019740855912066e-08,0.0,3.7387744100669806e-07,0.0
5,0,2.6436500971890203e-08,0.0,3.7387744100669806e-07,0.0
5,0,2.213048422098674e-08,0.0,4.455284283721994e-07,0.0
5,0,1.8900235303358758e-08,0.0,4.455284283721994e-07,0.0
5,0,1.6707605272849627e-08,0.0,4.455284283721994e-07,0.0
5,0,1.506135361662059e-08,0.0,4.455284283721994e-07,0.0
5,0,1.3572082320718544e-08,0.0,4.455284283721994e-07,0.0
5,0,1.2412509818492345e-08,0.0,4.455284283721994e-07,0.0
5,0,1.1702534409216495e-08,0.0,4.455284283721994e-07,0.0
5,0,1.2027353257811823e-08,0.0,4.455284283721994e-07,0.0
5,0,1.3498005463125724e-08,0.0,4.455284283721994e-07,0.0
5,0,1.566782508991032e-08,0.0,4.455284283721994e-07,0.0
5,0,1.8033929470867463e-08,0.0,4.455284283721994e-07,0.0
5,0,2.102953382424948e-08,0.0,4.455284283721994e-07,0.0
5,0,2.4876625516381005e-08,0.0,4.455284283721994e-07,0.0
5,0,2.9321750783415233e-08,0.0,4.455284283721994e-07,0.0
5,0,3.440698374954614e-08,0.0,4.455284283721994e-07,0.0
5,0,4.0038126254048274e-08,0.0,4.455284283721994e-07,0.0
5,0,4.569114189193564e-08,0.0,4.455284283721994e-07,0.0
5,0,5.1105115759443884e-08,0.0,3.768867031794798e-07,0.0
5,0,5.6172024877960604e-08,0.0,3.768867031794798e-07,0.0
5,0,6.242966999609958e-08,0.0,3.768867031794798e-07,0.0
5,0,6.984183331740924e-08,0.0,3.768867031794798e-07,0.0
5,0,7.968076428967877e-08,0.0,3.768867031794798e-07,0.0
5,0,9.363586420117525e-08,0.0,4.763876120250643e-07,0.0
5,0,1.104588834999933e-07,0.0,4.817329113393498e-07,0.0
5,0,1.2594206186825108e-07,0.0,4.817329113393498e-07,0.0
5,0,1.4967014697787012e-07,0.0,4.817329113393498e-07,0.0
5,0,1.9012154003525898e-07,0.0,4.817329113393498e-07,0.0
5,0,2.3617947131369397e-07,0.0,4.817329113393498e-07,0.0
5,0,2.762503814858019e-07,0.0,4.817329113393498e-07,0.0
5,0,3.0101569281626423e-07,0.0,4.817329113393498e-07,0.0
5,0,3.051687020265681e-07,0.0,4.817329113393498e-07,0.0
5,0,2.857343554989756e-07,0.0,4.817329113393498e-07,0.0
5,0,2.5311476515074015e-07,0.0,4.052634494655649e-07,0.0
5,0,2.207078439363407e-07,0.0,4.052634494655649e-07,0.0
5,0,1.8723318929841446e-07,0.0,4.104310278307821e-07,0.0
5,0,1.5418916033856985e-07,0.0,4.104310278307821e-07,0.0
5,0,1.3205131133211586e-07,0.0,4.104310278307821e-07,0.0
5,0,1.1600302885783958e-07,0.0,4.104310278307821e-07,0.0
5,0,1.0263897125269731e-07,0.0,3.8705411498085596e-07,0.0
5,0,9.018717176027923e-08,0.0,3.8705411498085596e-07,0.0
5,0,7.798513585777814e-08,0.0,3.8705411498085596e-07,0.0
5,0,6.838702929762037e-08,0.0,3.8705411498085596e-07,0.0
5,0,6.138783008427623e-08,0.0,3.8705411498085596e-07,0.0
5,0,7.390489130383125e-08,0.0,4.0034342418948654e-07,0.0
5,0,9.183793813004013e-08,0.0,3.9530212347926863e-07,0.0
5,0,1.1856779620282573e-07,0.0,3.9530212347926863e-07,0.0
5,0,1.6364268754781968e-07,0.0,3.9530212347926863e-07,0.0
5,0,2.483090966854851e-07,0.0,4.6989191559987376e-07,0.0
5,0,2.563870923783297e-07,0.0,3.9114965488806774e-07,0.0
5,0,2.6981925977167685e-07,0.0,3.9114965488806774e-07,0.0
5,0,2.8712874835480306e-07,0.0,2.651694046562625e-07,0.0
5,0,2.9066523657664216e-07,0.0,2.651694046562625e-07,0.0
5,0,2.8794469078852546e-07,0.0,2.651694046562625e-07,0.0
5,0,2.847881486315003e-07,0.0,2.651694046562625e-07,0.0
5,0,2.7796552419268963e-07,0.0,2.606180657949153e-07,0.0
5,0,2.8575134200625695e-07,0.0,2.0151414048541483e-07,0.0
5,0,3.1845043472536464e-07,0.0,2.0151414048541483e-07,0.0
5,0,3.615525546017234e-07,0.0,2.1004372285915451e-07,0.0
5,0,4.0676755490701554e-07,0.0,1.7670174656814197e-07,0.0
5,0,4.507695937574151e-07,0.0,1.8972414750351163e-07,0.0
5,0,4.985397046910786e-07,0.0,2.2791746800976398e-07,0.0
5,0,5.515616986153037e-07,0.0,2.203976521286677e-07,0.0
5,0,5.960711287820532e-07,0.0,1.814117638332391e-07,0.0
5,0,6.017492243450686e-07,0.0,1.701076968174675e-07,0.0
5,0,5.621919817341265e-07,0.0,1.6993759288652655e-07,0.0
5,0,4.812576106718037e-07,0.0,1.630542243447053e-07,0.0
5,0,3.922136616796607e-07,0.0,1.630542243447053e-07,0.0
5,0,3.066359543577206e-07,0.0,1.630542243447053e-07,0.0
5,0,2.275253526654328e-07,0.0,1.630542243447053e-07,0.0
5,0,1.5746123097811444e-07,0.0,1.630542243447053e-07,0.0
5,0,1.0785664044135298e-07,0.0,1.630542243447053e-07,0.0
5,0,7.253105619460781e-08,0.0,1.630542243447053e-07,0.0
5,0,4.600644997305002e-08,0.0,1.804851024189702e-07,0.0
5,0,2.6799842474908002e-08,0.0,1.804851024189702e-07,0.0
5,0,1.44371423114433e-08,0.0,1.804851024189702e-07,0.0
5,0,7.303026249300645e-09,0.0,2.006799064702136e-07,0.0
5,0,3.5860434882652573e-09,0.0,2.006799064702136e-07,0.0
5,0,1.8371269942484938e-09,0.0,2.006799064702136e-07,0.0
5,0,1.0550045952540696e-09,0.0,2.006799064702136e-07,0.0
5,0,6.588078000599665e-10,0.0,2.006799064702136e-07,0.0
5,0,4.5460257215528147e-10,0.0,2.221330248630693e-07,0.0
5,0,3.610044355145254e-10,0.0,2.6047442247545405e-07,0.0
5,0,3.305289746749013e-10,0.0,2.6047442247545405e-07,0.0
5,0,3.5304868436763145e-10,0.0,2.6047442247545405e-07,0.0
5,0,4.1880871433630025e-10,0.0,2.6047442247545405e-07,0.0
5,0,5.275955858802882e-10,0.0,2.3531836745860346e-07,0.0
5,0,6.840312544672111e-10,0.0,2.3531836745860346e-07,0.0
5,0,8.897937070186457e-10,0.0,2.6047442247545405e-07,0.0
5,0,1.204025473130534e-09,0.0,3.0888358537595195e-07,0.0
5,0,1.7102029456070597e-09,0.0,3.0888358537595195e-07,0.0
5,0,2.405420597948552e-09,0.0,3.0888358537595195e-07,0.0
5,0,3.325610067328642e-09,0.0,3.0888358537595195e-07,0.0
5,0,4.605065990374495e-09,0.0,2.6047442247545405e-07,0.0
5,0,6.3256934306300685e-09,0.0,2.6047442247545405e-07,0.0
5,0,8.244471959723467e-09,0.0,2.6047442247545405e-07,0.0
5,0,1.0451149629137004e-08,0.0,2.6047442247545405e-07,0.0
5,0,1.330576547239843e-08,0.0,2.221330248630693e-07,0.0
5,0,1.6774192729418694e-08,0.0,2.221330248630693e-07,0.0
5,0,2.005424818092913e-08,0.0,2.221330248630693e-07,0.0
5,0,2.214785868507304e-08,0.0,2.221330248630693e-07,0.0
5,0,2.1330107634947482e-08,0.0,2.221330248630693e-07,0.0
5,0,1.8145553240023795e-08,0.0,2.221330248630693e-07,0.0
5,0,1.4415396878757067e-08,0.0,2.221330248630693e-07,0.0
5,0,1.2129417006381605e-08,0.0,2.221330248630693e-07,0.0
5,0,1.0319103861566445e-08,0.0,2.221330248630693e-07,0.0
5,0,8.407797508881766e-09,0.0,2.221330248630693e-07,0.0
5,0,6.796942606243303e-09,0.0,2.006799064702136e-07,0.0
5,0,5.659268413923583e-09,0.0,2.006799064702136e-07,0.0
5,0,4.746496828892681e-09,0.0,2.006799064702136e-07,0.0
5,0,3.755512531824512e-09,0.0,2.006799064702136e-07,0.0
5,0,2.9696260000189844e-09,0.0,2.006799064702136e-07,0.0
5,0,2.4307448760694814e-09,0.0,1.794448536429627e-07,0.0
5,0,1.917536685095497e-09,0.0,1.711213712951576e-07,0.0
5,0,1.4351998842350393e-09,0.0,1.711213712951576e-07,0.0
5,0,1.044310576758515e-09,0.0,1.711213712951576e-07,0.0
5,0,7.67788678511104e-10,0.0,1.7129265472703992e-07,0.0
5,0,5.893317040113996e-10,0.0,1.7129265472703992e-07,0.0
5,0,5.20592162599592e-10,0.0,1.7129265472703992e-07,0.0
5,0,5.327523703680537e-10,0.0,1.711213712951576e-07,0.0
5,0,5.918871870001925e-10,0.0,1.711213712951576e-07,0.0
5,0,6.800313345848832e-10,0.0,2.006799064702136e-07,0.0
5,0,8.135302353370224e-10,0.0,2.006799064702136e-07,0.0
5,0,9.938931453593114e-10,0.0,2.221330248630693e-07,0.0
5,0,1.1866216952339037e-09,0.0,2.221330248630693e-07,0.0
5,0,1.4254639723232814e-09,0.0,3.03077399621543e-07,0.0
5,0,1.7917465970645938e-09,0.0,3.03077399621543e-07,0.0
5,0,2.252620087473654e-09,0.0,3.03077399621543e-07,0.0
5,0,2.7833070980112645e-09,0.02,3.03077399621543e-07,0.0
5,0,3.4403333316579834e-09,0.02,3.03077399621543e-07,0.0
5,0,4.2022958038056894e-09,0.02,3.03077399621543e-07,0.0
5,0,4.974908208757259e-09,0.0,3.03077399621543e-07,0.0
5,0,5.529641130748097e-09,0.0,3.03077399621543e-07,0.0
5,0,5.8327097487661726e-09,0.0,3.03077399621543e-07,0.0
5,0,6.023233492031276e-09,0.0,3.03077399621543e-07,0.0
5,0,6.349704658660058e-09,0.0,3.03077399621543e-07,0.0
5,0,6.388909018721185e-09,0.0,2.4526596575924486e-07,0.0
5,0,6.056088915932005e-09,0.02,2.4526596575924486e-07,0.0
5,0,5.634771254633594e-09,0.02,2.4526596575924486e-07,0.0
5,0,5.158933565193728e-09,0.02,2.4526596575924486e-07,0.0
5,0,4.679838421942981e-09,0.02,2.4526596575924486e-07,0.0
5,0,4.191541046374115e-09,0.02,2.4526596575924486e-07,0.0
5,0,3.784166046302492e-09,0.02,2.4526596575924486e-07,0.0
5,0,3.4127110597894106e-09,0.02,2.4526596575924486e-07,0.0
5,0,3.0495450718552725e-09,0.02,2.4526596575924486e-07,0.0
5,0,2.6838178394139895e-09,0.02,2.4526596575924486e-07,0.0
5,0,2.3387476715528076e-09,0.0,2.4526596575924486e-07,0.0
5,0,2.034332680212694e-09,0.0,2.4526596575924486e-07,0.0
5,0,1.7840683932599474e-09,0.02,2.4526596575924486e-07,0.0
5,0,1.5742762326175492e-09,0.02,2.4526596575924486e-07,0.0
5,0,1.3790658169601175e-09,0.02,2.4526596575924486e-07,0.0
5,0,1.2155494546376022e-09,0.0,2.4526596575924486e-07,0.0
5,0,1.174356807928334e-09,0.0,2.45318801717076e-07,0.0
5,0,1.2357831750060424e-09,0.0,2.4526596575924486e-07,0.0
5,0,1.3499161072818755e-09,0.0,2.4526596575924486e-07,0.0
5,0,1.504494681544504e-09,0.0,2.4526596575924486e-07,0.0
5,0,1.7744939986117841e-09,0.0,2.4526596575924486e-07,0.0
5,0,2.427979362870627e-09,0.0,2.4526596575924486e-07,0.0
5,0,3.5083317811609204e-09,0.0,2.4526596575924486e-07,0.0
5,0,4.998094998699265e-09,0.0,1.797615567511457e-07,0.0
5,0,6.442672428256321e-09,0.0,1.624355832063884e-07,0.0
5,0,7.161340069228716e-09,0.0,2.0452030469186866e-07,0.0
5,0,6.827654010659954e-09,0.0,2.1072710865155386e-07,0.0
5,0,5.9550591560618674e-09,0.0,1.5073163694978575e-07,0.0
5,0,5.263683725394159e-09,0.0,1.5054847324336151e-07,0.0
5,0,4.949737075962547e-09,0.0,1.5054847324336151e-07,0.0
5,0,5.033718541760586e-09,0.0,1.8603414275730756e-07,0.0
5,0,5.42920639020337e-09,0.0,1.8603414275730756e-07,0.0
5,0,5.618481384456087e-09,0.0,1.8607389051794598e-07,0.0
5,0,5.234228821068642e-09,0.0,1.8607389051794598e-07,0.0
5,0,4.711596439692115e-09,0.0,1.8607389051794598e-07,0.0
5,0,4.165329806701098e-09,0.0,2.6756870852295833e-07,0.0
5,0,3.6403225812248717e-09,0.0,2.3736086518511001e-07,0.0
5,0,3.1595516979186825e-09,0.0,2.7859621809511737e-07,0.0
5,0,2.6961181365454733e-09,0.0,2.7859621809511737e-07,0.0
5,0,2.2394687310568654e-09,0.0,2.7859621809511737e-07,0.0
5,0,1.7907401722996745e-09,0.0,2.7859621809511737e-07,0.0
5,0,1.4607582340970874e-09,0.0,2.7859621809511737e-07,0.0
5,0,1.2855290118148543e-09,0.0,2.7859621809511737e-07,0.0
5,0,1.2110331305469372e-09,0.0,2.7859621809511737e-07,0.0
5,0,1.1985795844523631e-09,0.0,2.7865573315466463e-07,0.0
5,0,1.1995243894570588e-09,0.0,2.7865573315466463e-07,0.0
5,0,1.2449777585242574e-09,0.0,2.7865573315466463e-07,0.0
5,0,1.2915038425931954e-09,0.0,2.7865573315466463e-07,0.0
5,0,1.3506723546999157e-09,0.0,2.7865573315466463e-07,0.0
5,0,1.4473777840522398e-09,0.0,2.7865573315466463e-07,0.0
5,0,1.6801466891478462e-09,0.0,2.7865573315466463e-07,0.0
5,0,2.0928893790396143e-09,0.0,2.7865573315466463e-07,0.0
5,0,2.7006050256363516e-09,0.0,2.7865573315466463e-07,0.0
5,0,3.5462627690446323e-09,0.0,2.7865573315466463e-07,0.0
5,0,4.593803648836164e-09,0.0,2.7865573315466463e-07,0.0
5,0,5.796863188016829e-09,0.0,2.7865573315466463e-07,0.0
5,0,7.1163071893265214e-09,0.0,2.7865573315466463e-07,0.0
5,0,8.56810801331955e-09,0.0,2.7865573315466463e-07,0.0
5,0,1.0253777492105306e-08,0.0,2.7865573315466463e-07,0.0
5,0,1.207909767279054e-08,0.0,2.7865573315466463e-07,0.0
5,0,1.3708522581111366e-08,0.0,2.7865573315466463e-07,0.0
5,0,1.4958954168070177e-08,0.0,2.7865573315466463e-07,0.0
5,0,1.5704351025502976e-08,0.0,2.7859621809511737e-07,0.0
5,0,1.5601305197112296e-08,0.0,2.7859621809511737e-07,0.0
5,0,1.4789721254710883e-08,0.0,2.7859621809511737e-07,0.0
5,0,1.3607899373221364e-08,0.0,2.7859621809511737e-07,0.0
5,0,1.2266372022132774e-08,0.0,2.7859621809511737e-07,0.0
5,0,1.0928287747747865e-08,0.0,2.7859621809511737e-07,0.0
5,0,9.780485988562549e-09,0.0,2.7859621809511737e-07,0.0
5,0,8.924523587465228e-09,0.0,2.7859621809511737e-07,0.0
5,0,8.05026894027629e-09,0.0,2.7859621809511737e-07,0.0
5,0,7.098078441403966e-09,0.0,2.7859621809511737e-07,0.0
5,0,6.280951677417235e-09,0.0,2.7859621809511737e-07,0.0
5,0,5.367756372430259e-09,0.0,2.7859621809511737e-07,0.0
5,0,4.48588989925317e-09,0.0,2.7859621809511737e-07,0.0
5,0,3.710346701079043e-09,0.0,2.7859621809511737e-07,0.0
5,0,3.135205434817135e-09,0.0,2.7859621809511737e-07,0.0
5,0,2.8276827224807474e-09,0.0,2.7859621809511737e-07,0.0
5,0,2.6830608045893174e-09,0.0,2.7859621809511737e-07,0.0
5,0,2.688201222113362e-09,0.0,2.7859621809511737e-07,0.0
5,0,2.901815615565058e-09,0.0,2.7859621809511737e-07,0.0
5,0,3.2926992501893377e-09,0.0,2.7859621809511737e-07,0.0
5,0,3.881838392809467e-09,0.0,2.7859621809511737e-07,0.0
5,0,4.8887127263889916e-09,0.0,2.7859621809511737e-07,0.0
5,0,6.386428951619422e-09,0.0,2.7859621809511737e-07,0.0
5,0,8.44889613915494e-09,0.0,2.7859621809511737e-07,0.0
5,0,1.1147696951008312e-08,0.0,2.7859621809511737e-07,0.0
5,0,1.4926627523557016e-08,0.0,2.7859621809511737e-07,0.0
5,0,2.084675247611308e-08,0.0,2.7859621809511737e-07,0.0
5,0,3.039500231774509e-08,0.0,2.7859621809511737e-07,0.0
5,0,4.523842062518947e-08,0.0,2.7859621809511737e-07,0.0
5,0,6.414941617819583e-08,0.0,2.7859621809511737e-07,0.0
5,0,8.795405457209372e-08,0.0,2.7859621809511737e-07,0.0
5,0,1.1181067187991207e-07,0.0,2.7859621809511737e-07,0.0
5,0,1.3205677941057823e-07,0.0,2.8214861913511413e-07,0.0
5,0,1.4910944823265457e-07,0.0,2.8214861913511413e-07,0.0
5,0,1.577510202030053e-07,0.0,2.2832976753761614e-07,0.0
5,0,1.590931328786845e-07,0.0,1.9208508206247643e-07,0.0
5,0,1.5376094791832103e-07,0.0,1.9208508206247643e-07,0.0
5,0,1.461721967404713e-07,0.0,1.9208508206247643e-07,0.0
5,0,1.346567575221013e-07,0.0,1.9208508206247643e-07,0.0
5,0,1.1950360705245613e-07,0.0,1.9208508206247643e-07,0.0
5,0,1.0147848033709554e-07,0.0,1.9208508206247643e-07,0.0
5,0,8.910274024865406e-08,0.0,1.9208508206247643e-07,0.0
5,0,7.95939373410166e-08,0.0,1.6381046918922948e-07,0.0
5,0,6.937320933754214e-08,0.0,1.6381046918922948e-07,0.0
5,0,5.707361896390813e-08,0.0,1.5837282774100458e-07,0.0
5,0,4.634913567483989e-08,0.0,1.5837282774100458e-07,0.0
5,0,3.5343961012377666e-08,0.0,1.5837282774100458e-07,0.0
5,0,2.5709378375802003e-08,0.0,1.6381046918922948e-07,0.0
5,0,1.8585936836874267e-08,0.0,1.9208508206247643e-07,0.0
5,0,1.3928954652136672e-08,0.0,1.9208508206247643e-07,0.0
5,0,1.1236347974247875e-08,0.0,1.9208508206247643e-07,0.0
5,0,1.0049050189984743e-08,0.0,1.9208508206247643e-07,0.0
5,0,1.0143456076901526e-08,0.0,1.9208508206247643e-07,0.0
5,0,1.1137612942578805e-08,0.0,1.9208508206247643e-07,0.0
5,0,1.3115925639222652e-08,0.0,1.9208508206247643e-07,0.0
5,0,1.5756318986082777e-08,0.0,1.9208508206247643e-07,0.0
5,0,1.9822910103695672e-08,0.0,1.9208508206247643e-07,0.0
5,0,2.5749725422550225e-08,0.0,1.9208508206247643e-07,0.0
5,0,3.308740727845694e-08,0.0,1.9208508206247643e-07,0.0
5,0,4.172307780870698e-08,0.0,1.9208508206247643e-07,0.0
5,0,5.5223306491366356e-08,0.0,1.9208508206247643e-07,0.0
5,0,7.605674580341851e-08,0.0,1.9208508206247643e-07,0.0
5,0,1.0834265938813664e-07,0.0,1.6381046918922948e-07,0.0
5,0,1.5308577493375551e-07,0.0,1.6381046918922948e-07,0.0
5,0,2.0394231893054733e-07,0.0,1.5837282774100458e-07,0.0
5,0,2.4427623456218457e-07,0.0,1.5837282774100458e-07,0.0
5,0,2.6517395420312976e-07,0.0,1.5837282774100458e-07,0.0
5,0,2.7311167477824013e-07,0.0,1.6381046918922948e-07,0.0
5,0,2.6817793118960014e-07,0.0,1.6381046918922948e-07,0.0
5,0,2.540846225981461e-07,0.0,1.6381046918922948e-07,0.0
5,0,2.3191020828149735e-07,0.0,1.9208508206247643e-07,0.0
5,0,2.034825825197563e-07,0.0,1.9208508206247643e-07,0.0
5,0,1.7317224406987836e-07,0.0,1.9208508206247643e-07,0.0
5,0,1.4549430280240313e-07,0.0,1.9208508206247643e-07,0.0
5,0,1.2279922959021203e-07,0.0,1.9208508206247643e-07,0.0
5,0,1.046978061538825e-07,0.0,1.6381046918922948e-07,0.0
5,0,8.955856991444406e-08,0.0,1.5837282774100458e-07,0.0
5,0,7.561257740817598e-08,0.0,1.5837282774100458e-07,0.0
5,0,6.183336063839534e-08,0.0,1.5837282774100458e-07,0.0
5,0,4.857213555191433e-08,0.0,1.5837282774100458e-07,0.0
5,0,3.6796130884793566e-08,0.0,1.5837282774100458e-07,0.0
5,0,2.7927744275575636e-08,0.0,1.5837282774100458e-07,0.0
5,0,2.172197779997482e-08,0.0,1.6381046918922948e-07,0.0
5,0,1.8062775793014025e-08,0.0,1.6381046918922948e-07,0.0
5,0,1.656497469625176e-08,0.0,1.6381046918922948e-07,0.0
5,0,1.610239265915221e-08,0.0,1.6381046918922948e-07,0.0
5,0,1.647370390846666e-08,0.0,1.6381046918922948e-07,0.0
5,0,1.7488392472284177e-08,0.0,1.6381046918922948e-07,0.0
5,0,2.0309985264172033e-08,0.0,1.6381046918922948e-07,0.0
5,0,2.4390684117536835e-08,0.0,1.9208508206247643e-07,0.0
5,0,2.9199711126076732e-08,0.0,1.9208508206247643e-07,0.0
5,0,3.418534537330206e-08,0.0,1.9208508206247643e-07,0.0
5,0,3.9986360132963705e-08,0.0,2.2832976753761614e-07,0.0
5,0,4.726458669507431e-08,0.0,2.2832976753761614e-07,0.0
5,0,5.764262491972251e-08,0.0,2.2832976753761614e-07,0.0
5,0,7.327961662130183e-08,0.0,2.2832976753761614e-07,0.0
5,0,9.229478702664893e-08,0.0,1.9208508206247643e-07,0.0
5,0,1.144469172242637e-07,0.0,1.9208508206247643e-07,0.0
5,0,1.313576725980193e-07,0.0,1.6381046918922948e-07,0.0
5,0,1.440785456436725e-07,0.0,1.9208508206247643e-07,0.0
5,0,1.4661014746436074e-07,0.0,1.9208508206247643e-07,0.0
5,0,1.4364501329660718e-07,0.0,2.2832976753761614e-07,0.0
5,0,1.3733373394968113e-07,0.0,2.2832976753761614e-07,0.0
5,0,1.2822436012303654e-07,0.0,2.2832976753761614e-07,0.0
5,0,1.1576957324105145e-07,0.0,2.2832976753761614e-07,0.0
5,0,9.976852993797293e-08,0.0,2.2832976753761614e-07,0.0
5,0,8.037172976840563e-08,0.0,2.2832976753761614e-07,0.0
5,0,6.379769208505334e-08,0.0,2.2832976753761614e-07,0.0
5,0,4.8459861325283386e-08,0.0,2.2832976753761614e-07,0.0
5,0,3.521414114540736e-08,0.0,1.9208508206247643e-07,0.0
5,0,2.6215597304169477e-08,0.0,1.9208508206247643e-07,0.0
5,0,2.019788657073904e-08,0.0,1.9208508206247643e-07,0.0
5,0,1.6189698135048423e-08,0.0,1.9208508206247643e-07,0.0
5,0,1.2958582950892136e-08,0.0,1.9208508206247643e-07,0.0
5,0,1.0179204190871265e-08,0.0,1.9208508206247643e-07,0.0
5,0,8.00976532942518e-09,0.0,2.2832976753761614e-07,0.0
5,0,6.4898567167997995e-09,0.0,2.2832976753761614e-07,0.0
5,0,5.741317257928241e-09,0.0,2.2832976753761614e-07,0.0
5,0,5.301513983966379e-09,0.0,2.2545451372479874e-07,0.0
5,0,4.973524966065484e-09,0.0,2.2545451372479874e-07,0.0
5,0,4.979833541359876e-09,0.0,2.2545451372479874e-07,0.0
5,0,5.1002609786924675e-09,0.0,2.2545451372479874e-07,0.0
5,0,5.466811913703364e-09,0.0,2.2545451372479874e-07,0.0
5,0,6.044230927003225e-09,0.0,2.2545451372479874e-07,0.0
5,0,6.7976720805072205e-09,0.0,2.2545451372479874e-07,0.0
5,0,7.772273828286413e-09,0.0,2.2545451372479874e-07,0.0
5,0,9.370008663472652e-09,0.0,2.2545451372479874e-07,0.0
5,0,1.1735187255526483e-08,0.0,2.2545451372479874e-07,0.0
5,0,1.5616148459216298e-08,0.0,2.2545451372479874e-07,0.0
5,0,2.161863062658719e-08,0.0,2.2545451372479874e-07,0.0
5,0,2.8496718692286036e-08,0.0,2.2545451372479874e-07,0.0
5,0,3.524547583606485e-08,0.0,2.2545451372479874e-07,0.0
5,0,4.0448955542910905e-08,0.0,2.2545451372479874e-07,0.0
5,0,4.418253722665963e-08,0.0,2.2545451372479874e-07,0.0
5,0,4.7377416736997744e-08,0.0,2.2545451372479874e-07,0.0
5,0,5.174888814585717e-08,0.0,2.2545451372479874e-07,0.0
5,0,5.406705853691374e-08,0.0,2.541470962569292e-07,0.0
5,0,5.529107421334339e-08,0.0,2.2545451372479874e-07,0.0
5,0,5.481506909349223e-08,0.0,2.2545451372479874e-07,0.0
5,0,5.048023993342023e-08,0.0,2.2545451372479874e-07,0.0
5,0,4.4768336803898e-08,0.0,2.2545451372479874e-07,0.0
5,0,3.9506089251881964e-08,0.0,2.2545451372479874e-07,0.0
5,0,3.5797892982424235e-08,0.0,2.2545451372479874e-07,0.0
5,0,3.234149414936334e-08,0.0,2.2545451372479874e-07,0.0
5,0,2.868634408416381e-08,0.0,2.2545451372479874e-07,0.0
5,0,2.466999101146392e-08,0.0,2.2545451372479874e-07,0.0
5,0,2.0556525050424507e-08,0.0,2.2545451372479874e-07,0.0
5,0,1.681240572761529e-08,0.0,2.2545451372479874e-07,0.0
5,0,1.388751037426933e-08,0.0,2.2545451372479874e-07,0.0
5,0,1.2321889409901965e-08,0.0,2.2545451372479874e-07,0.0
5,0,1.1188878666804714e-08,0.0,2.2545451372479874e-07,0.0
5,0,1.0513378117777125e-08,0.0,2.2545451372479874e-07,0.0
5,0,1.0446365784881465e-08,0.0,2.2545451372479874e-07,0.0
5,0,1.1270443678168798e-08,0.0,2.2545451372479874e-07,0.0
5,0,1.246640281887997e-08,0.0,2.2545451372479874e-07,0.0
5,0,1.4236416390859158e-08,0.0,2.2545451372479874e-07,0.0
5,0,1.5650632126048813e-08,0.0,2.2545451372479874e-07,0.0
5,0,1.7276971442150147e-08,0.0,2.2545451372479874e-07,0.0
5,0,2.0967014185677662e-08,0.0,2.2545451372479874e-07,0.0
5,0,2.4532364557723406e-08,0.0,2.2545451372479874e-07,0.0
5,0,3.086957263954022e-08,0.0,2.2545451372479874e-07,0.0
5,0,3.8941803357933636e-08,0.0,2.2545451372479874e-07,0.0
5,0,5.075414679514138e-08,0.0,2.2545451372479874e-07,0.0
5,0,6.206676602046308e-08,0.0,2.2545451372479874e-07,0.0
5,0,7.079177580795457e-08,0.0,2.2545451372479874e-07,0.0
5,0,7.451114123339473e-08,0.0,2.2545451372479874e-07,0.0
5,0,7.42498669499491e-08,0.0,2.2545451372479874e-07,0.0
5,0,7.273961712971239e-08,0.0,2.2545451372479874e-07,0.0
5,0,6.878465061445647e-08,0.0,2.2545451372479874e-07,0.0
5,0,6.228263130347077e-08,0.0,2.2545451372479874e-07,0.0
5,0,5.4857647441323744e-08,0.0,2.2545451372479874e-07,0.0
5,0,4.9134307328581316e-08,0.0,2.2545451372479874e-07,0.0
5,0,4.492651745181797e-08,0.0,2.2545451372479874e-07,0.0
5,0,4.109444865225903e-08,0.0,2.2545451372479874e-07,0.0
5,0,3.7330114065485944e-08,0.0,2.2545451372479874e-07,0.0
5,0,3.396995479030613e-08,0.0,2.2832976753761614e-07,0.0
5,0,3.096382641012653e-08,0.0,2.2832976753761614e-07,0.0
5,0,2.8258645483852385e-08,0.0,1.9208508206247643e-07,0.0
5,0,2.4698032967032817e-08,0.0,1.9208508206247643e-07,0.0
5,0,2.018922478437779e-08,0.0,2.2832976753761614e-07,0.0
5,0,1.5899264022949915e-08,0.0,2.2832976753761614e-07,0.0
5,0,1.2438045293227862e-08,0.0,2.2545451372479874e-07,0.0
5,0,9.868556572575133e-09,0.0,2.2545451372479874e-07,0.0
5,0,8.153689379088745e-09,0.0,2.2545451372479874e-07,0.0
5,0,7.168019113347174e-09,0.0,2.2545451372479874e-07,0.0
5,0,6.7076660682006286e-09,0.0,2.2545451372479874e-07,0.0
5,0,6.693568057554091e-09,0.0,2.2545451372479874e-07,0.0
5,0,7.0060085240058e-09,0.0,2.2545451372479874e-07,0.0
5,0,7.617167587684993e-09,0.0,2.2545451372479874e-07,0.0
5,0,8.52515931261415e-09,0.0,2.2545451372479874e-07,0.0
5,0,9.896751204681208e-09,0.0,2.2545451372479874e-07,0.0
5,0,1.2228315230677037e-08,0.0,2.2545451372479874e-07,0.0
5,0,3.5452066132397675e-08,0.0,2.2545451372479874e-07,0.0
5,0,5.0146650538042336e-08,0.0,2.2545451372479874e-07,0.0
5,0,7.081878193132778e-08,0.0,2.2545451372479874e-07,0.0
5,0,9.426024829435149e-08,0.0,2.2832976753761614e-07,0.0
5,0,1.1361348744615673e-07,0.0,2.2832976753761614e-07,0.0
5,0,1.2702949531899048e-07,0.0,2.2832976753761614e-07,0.0
5,0,1.3817715377093713e-07,0.0,2.2832976753761614e-07,0.0
5,0,1.4368784067525084e-07,0.0,2.2832976753761614e-07,0.0
5,0,1.4363729179664852e-07,0.0,2.2832976753761614e-07,0.0
5,0,1.4026350135015445e-07,0.0,2.2832976753761614e-07,0.0
5,0,1.406852160991045e-07,0.0,1.9208508206247643e-07,0.0
5,0,1.4188571071107962e-07,0.0,2.3736086518511001e-07,0.0
5,0,1.3710623637808975e-07,0.0,2.3736086518511001e-07,0.0
5,0,1.3067597683504737e-07,0.0,2.3759842804338405e-07,0.0
5,0,1.23536238276301e-07,0.0,2.3759842804338405e-07,0.0
5,0,1.1134768570608808e-07,0.0,1.9589828070820658e-07,0.0
5,0,1.0043524546750771e-07,0.0,1.65196510693022e-07,0.0
5,0,8.666221312592277e-08,0.0,1.65196510693022e-07,0.0
5,0,7.161793723453862e-08,0.0,1.9589828070820658e-07,0.0
5,0,5.682366075321606e-08,0.0,1.5853133561449795e-07,0.0
5,0,4.35581790326417e-08,0.0,1.8589474848340615e-07,0.0
5,0,3.337219330999967e-08,0.0,1.8589474848340615e-07,0.0
5,0,2.7280551836781308e-08,0.0,1.8589474848340615e-07,0.0
5,0,2.256757719488253e-08,0.0,1.922773407159184e-07,0.0
5,0,1.9307091474221194e-08,0.0,1.922773407159184e-07,0.0
5,0,1.775467116214953e-08,0.0,1.922773407159184e-07,0.0
5,0,1.7018567060325613e-08,0.0,1.922773407159184e-07,0.0
5,0,1.7335040930763113e-08,0.0,1.922773407159184e-07,0.0
5,0,1.8523112464137447e-08,0.0,1.922773407159184e-07,0.0
5,0,2.0606104138934354e-08,0.0,1.922773407159184e-07,0.0
5,0,2.40756803546426e-08,0.0,1.922773407159184e-07,0.0
5,0,2.998764791555629e-08,0.0,1.922773407159184e-07,0.0
5,0,4.08450361656946e-08,0.0,1.922773407159184e-07,0.0
5,0,5.535262895894672e-08,0.0,1.922773407159184e-07,0.0
5,0,7.104121480729961e-08,0.0,1.922773407159184e-07,0.0
5,0,7.98692402093046e-08,0.0,2.3759842804338405e-07,0.0
5,0,8.173501441267659e-08,0.0,2.8542933705466567e-07,0.0
5,0,8.549926710346568e-08,0.0,3.217546407086047e-07,0.0
5,0,9.742950171291393e-08,0.0,3.217546407086047e-07,0.0
5,0,1.0811307528956452e-07,0.0,3.217546407086047e-07,0.0
5,0,1.1949929482538224e-07,0.0,3.217546407086047e-07,0.0
5,0,1.3143589394085036e-07,0.0,3.217546407086047e-07,0.0
5,0,1.42213548152444e-07,0.0,3.217546407086047e-07,0.0
5,0,1.512870013352972e-07,0.0,3.217546407086047e-07,0.0
5,0,1.502970703912098e-07,0.0,3.298626438663632e-07,0.0
5,0,1.4177120263179663e-07,0.0,3.298626438663632e-07,0.0
5,0,1.2827091493791186e-07,0.0,2.7196949758945266e-07,0.0
5,0,1.1333755032038015e-07,0.0,2.7196949758945266e-07,0.0
5,0,9.470879960105347e-08,0.0,2.034527000205344e-07,0.0
5,0,7.458488076365857e-08,0.0,1.7321397649538994e-07,0.0
5,0,5.638270674862389e-08,0.0,1.7321397649538994e-07,0.0
5,0,4.0793661351272037e-08,0.0,1.7321397649538994e-07,0.0
5,0,2.889357935961473e-08,0.0,1.7321397649538994e-07,0.0
5,0,2.0341576176547023e-08,0.0,1.7321397649538994e-07,0.0
5,0,1.4454078659058974e-08,0.0,1.7321397649538994e-07,0.0
5,0,1.0428984606893406e-08,0.0,1.926065777979602e-07,0.0
5,0,7.622521513379014e-09,0.0,1.926065777979602e-07,0.0
5,0,5.668793368434486e-09,0.0,1.926065777979602e-07,0.0
5,0,4.419735621276287e-09,0.0,1.926065777979602e-07,0.0
5,0,3.4387150592249316e-09,0.0,1.926065777979602e-07,0.0
5,0,2.783344449966228e-09,0.0,1.926065777979602e-07,0.0
5,0,2.3722339378603666e-09,0.0,1.926065777979602e-07,0.0
5,0,2.2303702620574636e-09,0.0,2.1738064504006616e-07,0.0
5,0,2.303468774211628e-09,0.0,2.1738064504006616e-07,0.0
5,0,2.4556267600778366e-09,0.0,2.1738064504006616e-07,0.0
5,0,2.488154963698479e-09,0.0,2.1738064504006616e-07,0.0
5,0,2.351492586099413e-09,0.0,2.1738064504006616e-07,0.0
5,0,2.1685076970842716e-09,0.0,2.1738064504006616e-07,0.0
5,0,2.013581248248397e-09,0.0,2.1738064504006616e-07,0.0
5,0,1.8527269172886974e-09,0.0,2.5267314640586847e-07,0.0
5,0,1.7538209746115456e-09,0.0,2.9963243264319317e-07,0.0
5,0,1.7223830709498445e-09,0.0,2.9963243264319317e-07,0.0
5,0,1.6999202752872742e-09,0.0,3.513506499075447e-07,0.0
5,0,1.5863316505931385e-09,0.0,3.634140739450231e-07,0.0
5,0,1.4050970543607195e-09,0.0,3.634140739450231e-07,0.0
5,0,1.2040589803594965e-09,0.0,3.634140739450231e-07,0.0
5,0,1.0450348365652683e-09,0.0,3.634140739450231e-07,0.0
5,0,6.483319182281909e-10,0.0,2.2754112194434128e-07,0.0
5,0,4.727325207406228e-10,0.0,2.2754112194434128e-07,0.0
5,0,3.387115002098644e-10,0.0,2.6448321932548424e-07,0.0
5,0,2.846962387663716e-10,0.0,2.6448321932548424e-07,0.0
5,0,2.1602392107673132e-10,0.0,2.6448321932548424e-07,0.0
5,0,1.5938607803378723e-10,0.0,2.6448321932548424e-07,0.0
5,0,1.090674039765509e-10,0.0,3.1438872838407406e-07,0.0
5,0,7.533381130112826e-11,0.0,3.104298116340942e-07,0.0
5,0,5.60637428891091e-11,0.0,3.104298116340942e-07,0.0
5,0,4.5562940976626397e-11,0.0,3.104298116340942e-07,0.0
5,0,3.816459916602754e-11,0.0,3.104298116340942e-07,0.0
5,0,3.253926102869723e-11,0.0,2.104475385067417e-07,0.0
5,0,2.9660041091207405e-11,0.0,2.4718630697861954e-07,0.0
5,0,2.9722195686032926e-11,0.0,2.4718630697861954e-07,0.0
5,0,3.3258510577776503e-11,0.0,2.4718630697861954e-07,0.0
5,0,4.0564812161699766e-11,0.0,2.4718630697861954e-07,0.0
5,0,5.181672456554158e-11,0.0,2.4718630697861954e-07,0.0
5,0,6.825610249917548e-11,0.0,2.104475385067417e-07,0.0
5,0,9.624380981290381e-11,0.0,2.104475385067417e-07,0.0
5,0,1.5088058528654373e-10,0.0,2.104475385067417e-07,0.0
5,0,2.545650929779206e-10,0.0,2.104475385067417e-07,0.0
5,0,4.5044449214056283e-10,0.0,2.104475385067417e-07,0.0
5,0,8.260132688516994e-10,0.0,2.104475385067417e-07,0.0
5,0,1.508131634152204e-09,0.0,2.104475385067417e-07,0.0
5,0,2.6072174432346193e-09,0.0,2.104475385067417e-07,0.0
5,0,4.106646483656316e-09,0.0,2.104475385067417e-07,0.0
5,0,5.9086805591864645e-09,0.0,2.104475385067417e-07,0.0
5,0,7.94797215965888e-09,0.0,2.104475385067417e-07,0.0
5,0,1.0290367923801508e-08,0.0,2.104475385067417e-07,0.0
5,0,1.3036248296501736e-08,0.0,2.104475385067417e-07,0.0
5,0,1.6234855178749624e-08,0.0,2.104475385067417e-07,0.0
5,0,1.9695678533811158e-08,0.0,2.104475385067417e-07,0.0
5,0,2.2968380218214768e-08,0.0,2.104475385067417e-07,0.0
5,0,2.5876090491300234e-08,0.0,2.4718630697861954e-07,0.0
5,0,2.8134295638557936e-08,0.0,2.4718630697861954e-07,0.0
5,0,2.942786581025781e-08,0.0,2.4718630697861954e-07,0.0
5,0,2.9780483282802564e-08,0.0,2.4718630697861954e-07,0.0
5,0,2.932286236684117e-08,0.0,2.4718630697861954e-07,0.0
5,0,2.733505065513625e-08,0.0,2.4718630697861954e-07,0.0
5,0,2.364208608036414e-08,0.0,2.4718630697861954e-07,0.0
5,0,1.896574515087495e-08,0.0,2.4718630697861954e-07,0.0
5,0,1.4448402747144041e-08,0.0,2.4718630697861954e-07,0.0
5,0,1.0752889345789779e-08,0.0,2.4718630697861954e-07,0.0
5,0,8.031564346000563e-09,0.0,2.4718630697861954e-07,0.0
5,0,6.080629430636006e-09,0.0,2.4718630697861954e-07,0.0
5,0,4.595747326592659e-09,0.0,2.4718630697861954e-07,0.0
5,0,3.498636719042251e-09,0.0,2.4718630697861954e-07,0.0
5,0,2.6700524896432263e-09,0.0,2.4718630697861954e-07,0.0
5,0,2.1672914636434433e-09,0.0,2.4718630697861954e-07,0.0
5,0,1.945193807039833e-09,0.0,2.4718630697861954e-07,0.0
5,0,1.8463331185610852e-09,0.0,2.4718630697861954e-07,0.0
5,0,1.8120308100810925e-09,0.0,2.4718630697861954e-07,0.0
5,0,1.8375339532920622e-09,0.0,2.4718630697861954e-07,0.0
5,0,1.937113590496317e-09,0.0,2.4718630697861954e-07,0.0
5,0,2.1838239026485124e-09,0.0,2.4718630697861954e-07,0.0
5,0,2.6968583299184656e-09,0.0,2.4718630697861954e-07,0.0
5,0,3.6559450365057403e-09,0.0,2.4718630697861954e-07,0.0
5,0,5.271388956135793e-09,0.0,2.4718630697861954e-07,0.0
5,0,7.53127444818267e-09,0.0,2.4718630697861954e-07,0.0
5,0,1.0432045095082188e-08,0.0,2.4718630697861954e-07,0.0
5,0,1.3866997863717878e-08,0.0,2.104475385067417e-07,0.0
5,0,1.818674546255785e-08,0.0,2.104475385067417e-07,0.0
5,0,2.458098269425056e-08,0.0,2.104475385067417e-07,0.0
5,0,3.243887582425166e-08,0.0,2.104475385067417e-07,0.0
5,0,4.2615666213514634e-08,0.0,2.104475385067417e-07,0.0
5,0,5.5819220767324284e-08,0.0,2.1313100262432272e-07,0.0
5,0,6.79287448159128e-08,0.0,1.7929895079760172e-07,0.0
5,0,7.862877808288717e-08,0.0,1.7929895079760172e-07,0.0
5,0,8.617249680548603e-08,0.0,1.4783074675506214e-07,0.0
5,0,8.925650435988421e-08,0.0,1.4642510848261736e-07,0.0
5,0,9.135429942365078e-08,0.0,1.4642510848261736e-07,0.0
5,0,9.276339497633502e-08,0.0,1.4642510848261736e-07,0.0
5,0,8.989038880311806e-08,0.0,1.4642510848261736e-07,0.0
5,0,7.651658632839305e-08,0.0,1.4642510848261736e-07,0.0
5,0,5.806022815225542e-08,0.0,1.4642510848261736e-07,0.0
5,0,3.9348432500627416e-08,0.0,1.4642510848261736e-07,0.0
5,0,2.63152018025622e-08,0.0,1.4282599636317173e-07,0.0
5,0,1.7916986511411603e-08,0.0,1.4282599636317173e-07,0.0
5,0,1.2227303693107e-08,0.0,1.4282599636317173e-07,0.0
5,0,8.43071517981644e-09,0.0,1.4282599636317173e-07,0.0
5,0,5.961207891558979e-09,0.0,1.7649139749664755e-07,0.0
5,0,4.263320153819582e-09,0.0,1.7649139749664755e-07,0.0
5,0,3.2048192890089765e-09,0.0,1.7649139749664755e-07,0.0
5,0,2.63426854972727e-09,0.0,1.7649139749664755e-07,0.0
5,0,2.3264379154005825e-09,0.0,1.7649139749664755e-07,0.0
5,0,2.0885592922200105e-09,0.0,1.4691579508507857e-07,0.0
5,0,1.9393080634794857e-09,0.0,1.4691579508507857e-07,0.0
5,0,1.9981000709085707e-09,0.0,1.4691579508507857e-07,0.0
5,0,2.2237417041588145e-09,0.0,1.4691579508507857e-07,0.0
5,0,2.779144098105026e-09,0.0,1.4691579508507857e-07,0.0
5,0,3.6858544749433135e-09,0.0,1.4691579508507857e-07,0.0
5,0,5.02170733380537e-09,0.0,1.4691579508507857e-07,0.0
5,0,6.858144890512093e-09,0.0,1.4691579508507857e-07,0.0
5,0,8.910835474872415e-09,0.0,1.5313437984332268e-07,0.0
5,0,1.1542982800830778e-08,0.0,1.5313437984332268e-07,0.0
5,0,1.577721237703724e-08,0.0,1.2392452219955885e-07,0.0
5,0,2.2481545404636403e-08,0.0,1.1889199669212758e-07,0.0
5,0,3.152055624335411e-08,0.0,1.4282599636317173e-07,0.0
5,0,4.1263216076241806e-08,0.0,1.2466227872209856e-07,0.0
5,0,5.0051482432848815e-08,0.0,1.2466227872209856e-07,0.0
5,0,5.580868941994351e-08,0.0,1.2466227872209856e-07,0.0
5,0,5.899025406169729e-08,0.0,1.2466227872209856e-07,0.0
5,0,6.062900155705013e-08,0.0,1.2466227872209856e-07,0.0
5,0,6.144677534892507e-08,0.0,1.2466227872209856e-07,0.0
5,0,6.051048507468295e-08,0.0,1.2466227872209856e-07,0.0
5,0,5.665541736673435e-08,0.0,1.2466227872209856e-07,0.0
5,0,4.886657513738651e-08,0.0,1.2466227872209856e-07,0.0
5,0,3.918126704264149e-08,0.0,1.3861915704183048e-07,0.0
5,0,2.9099255376052254e-08,0.0,1.3861915704183048e-07,0.0
5,0,2.0666021362777142e-08,0.0,1.384805585757931e-07,0.0
5,0,1.4205235764294356e-08,0.0,1.4314397844827909e-07,0.0
5,0,9.468540189864856e-09,0.0,1.6240058187122486e-07,0.0
5,0,6.151444464267522e-09,0.0,1.6240058187122486e-07,0.0
5,0,4.151409474740358e-09,0.0,1.6240058187122486e-07,0.0
5,0,3.0075952648928674e-09,0.0,1.6240058187122486e-07,0.0
5,0,2.2887010487484903e-09,0.0,1.4521637581310642e-07,0.0
5,0,1.8264605751067833e-09,0.0,1.384805585757931e-07,0.0
5,0,1.5342751402365046e-09,0.0,1.384805585757931e-07,0.0
5,0,1.3241683470186186e-09,0.0,1.4521637581310642e-07,0.0
5,0,1.193820012512849e-09,0.0,1.6240058187122486e-07,0.0
5,0,1.1684143939389623e-09,0.0,1.6240058187122486e-07,0.0
5,0,1.2728838699661029e-09,0.0,1.6240058187122486e-07,0.0
5,0,1.4945576139123e-09,0.0,1.6240058187122486e-07,0.0
5,0,1.7891033866773271e-09,0.0,1.6240058187122486e-07,0.0
5,0,2.115121269837906e-09,0.0,1.6240058187122486e-07,0.0
5,0,2.420889032617089e-09,0.0,1.6240058187122486e-07,0.0
5,0,2.7403938213011377e-09,0.0,1.6240058187122486e-07,0.0
5,0,3.2063279270929566e-09,0.0,1.6240058187122486e-07,0.0
5,0,3.878007637055009e-09,0.0,1.6240058187122486e-07,0.0
5,0,4.527593612089008e-09,0.0,1.6240058187122486e-07,0.0
5,0,5.1094053390249765e-09,0.0,1.4314397844827909e-07,0.0
5,0,5.288772896387565e-09,0.0,1.384805585757931e-07,0.0
5,0,5.365848607923182e-09,0.0,1.384805585757931e-07,0.0
5,0,5.461615173583281e-09,0.0,1.384805585757931e-07,0.0
5,0,5.589588296899683e-09,0.0,1.384805585757931e-07,0.0
5,0,5.5957779102389934e-09,0.0,1.3861915704183048e-07,0.0
5,0,5.169463007621548e-09,0.0,1.3861915704183048e-07,0.0
5,0,4.128778147240184e-09,0.0,1.3861915704183048e-07,0.0
5,0,3.0100090196517522e-09,0.0,1.3861915704183048e-07,0.0
5,0,2.201860699999126e-09,0.0,1.3861915704183048e-07,0.0
5,0,1.6099343121402872e-09,0.0,1.3861915704183048e-07,0.0
5,0,1.124104609696047e-09,0.0,1.3861915704183048e-07,0.0
5,0,7.433648395718109e-10,0.0,1.3861915704183048e-07,0.0
5,0,4.659327872857306e-10,0.0,1.3861915704183048e-07,0.0
5,0,2.654785843602047e-10,0.0,1.3861915704183048e-07,0.0
5,0,1.3723608391386077e-10,0.0,1.2466227872209856e-07,0.0
5,0,6.947358721999127e-11,0.0,1.2466227872209856e-07,0.0
5,0,3.76577320836769e-11,0.0,1.2466227872209856e-07,0.0
5,0,2.1240808406820215e-11,0.0,1.2466227872209856e-07,0.0
5,0,1.2272087359922939e-11,0.0,1.2466227872209856e-07,0.0
5,0,7.0467065548787294e-12,0.0,1.2466227872209856e-07,0.0
5,0,4.082781201584251e-12,0.0,1.012894230711936e-07,0.0
5,0,2.5461382064601373e-12,0.0,1.012894230711936e-07,0.0
5,0,1.7844529249148844e-12,0.0,1.2466227872209856e-07,0.0
5,0,1.3625602426236425e-12,0.0,1.2466227872209856e-07,0.0
5,0,1.1088815710160158e-12,0.0,1.2466227872209856e-07,0.0
5,0,9.845221357959742e-13,0.0,1.2466227872209856e-07,0.0
5,0,9.95513261363271e-13,0.0,1.2466227872209856e-07,0.0
5,0,1.2033299939314935e-12,0.0,1.2466227872209856e-07,0.0
5,0,1.558518016375252e-12,0.0,1.2466227872209856e-07,0.0
5,0,2.037626416890681e-12,0.0,1.2466227872209856e-07,0.0
5,0,2.898648672786279e-12,0.0,1.2466227872209856e-07,0.0
5,0,4.402496268408541e-12,0.0,1.2466227872209856e-07,0.0
5,0,6.800375028793306e-12,0.0,1.2466227872209856e-07,0.0
5,0,1.0005563005222055e-11,0.0,1.2466227872209856e-07,0.0
5,0,1.3743578837490086e-11,0.0,1.2466227872209856e-07,0.0
5,0,1.775595111094355e-11,0.0,1.2466227872209856e-07,0.0
5,0,2.1954277588616854e-11,0.0,1.2466227872209856e-07,0.0
5,0,2.575853257032045e-11,0.0,1.2466227872209856e-07,0.0
5,0,2.7957079575021838e-11,0.0,1.2466227872209856e-07,0.0
5,0,2.6482910963755465e-11,0.0,1.2466227872209856e-07,0.0
5,0,2.1909652063106182e-11,0.0,1.2466227872209856e-07,0.0
5,0,1.777140277965952e-11,0.0,1.2466227872209856e-07,0.0
5,0,1.4863127687813265e-11,0.0,1.2466227872209856e-07,0.0
5,0,1.2223350008457099e-11,0.0,1.2466227872209856e-07,0.0
5,0,9.749753015770263e-12,0.0,1.2466227872209856e-07,0.0
5,0,7.449979600298588e-12,0.0,1.2466227872209856e-07,0.0
5,0,5.355346994095165e-12,0.0,1.2466227872209856e-07,0.0
5,0,3.835304346055858e-12,0.0,1.2466227872209856e-07,0.0
5,0,2.812291597766582e-12,0.0,1.2466227872209856e-07,0.0
5,0,2.2568183176479314e-12,0.0,1.2466227872209856e-07,0.0
5,0,1.887888204096162e-12,0.0,1.2466227872209856e-07,0.0
5,0,1.5776556367624942e-12,0.0,1.2466227872209856e-07,0.0
5,0,1.374192863422901e-12,0.0,1.012894230711936e-07,0.0
5,0,1.3096480118029905e-12,0.0,1.012894230711936e-07,0.0
5,0,1.3051052023338965e-12,0.0,1.3861915704183048e-07,0.0
5,0,1.2697234796297973e-12,0.0,1.3861915704183048e-07,0.0
5,0,1.2913826481538102e-12,0.0,1.3861915704183048e-07,0.0
5,0,1.476342049502387e-12,0.0,1.3861915704183048e-07,0.0
5,0,1.876876207143459e-12,0.0,1.3861915704183048e-07,0.0
5,0,2.4538755091720006e-12,0.0,1.384805585757931e-07,0.0
5,0,3.4008445936861143e-12,0.0,1.384805585757931e-07,0.0
5,0,4.905742778591525e-12,0.0,1.384805585757931e-07,0.0
5,0,7.362721103769903e-12,0.0,1.4521637581310642e-07,0.0
5,0,1.1064602429422987e-11,0.0,1.4314397844827909e-07,0.0
5,0,1.6483867057649978e-11,0.0,1.6240058187122486e-07,0.0
5,0,2.345803881914523e-11,0.0,1.6240058187122486e-07,0.0
5,0,3.2531864111009124e-11,0.0,1.6240058187122486e-07,0.0
5,0,4.3969419489411935e-11,0.0,1.6240058187122486e-07,0.0
5,0,5.964053989637752e-11,0.0,1.6240058187122486e-07,0.0
5,0,7.880469892784657e-11,0.0,1.6240058187122486e-07,0.0
5,0,9.969621110930516e-11,0.0,1.6240058187122486e-07,0.0
5,0,1.2157796160291418e-10,0.0,1.6240058187122486e-07,0.0
5,0,1.377597230002783e-10,0.0,1.6240058187122486e-07,0.0
5,0,1.4359605483627783e-10,0.0,1.6240058187122486e-07,0.0
5,0,1.29818306335349e-10,0.0,1.6240058187122486e-07,0.0
5,0,1.1085110551899083e-10,0.0,1.6240058187122486e-07,0.0
5,0,9.13933773714998e-11,0.0,1.6240058187122486e-07,0.0
5,0,7.44829857123504e-11,0.0,1.6240058187122486e-07,0.0
5,0,6.044413804456761e-11,0.0,1.6240058187122486e-07,0.0
5,0,4.8018836623290394e-11,0.0,1.6240058187122486e-07,0.0
5,0,3.5835275479940236e-11,0.0,1.6240058187122486e-07,0.0
5,0,2.502342092422932e-11,0.0,1.6240058187122486e-07,0.0
5,0,1.6808884579778918e-11,0.0,1.6240058187122486e-07,0.0
5,0,1.123291156850297e-11,0.0,1.6240058187122486e-07,0.0
5,0,7.805644147094636e-12,0.0,1.6240058187122486e-07,0.0
5,0,5.698574735300355e-12,0.0,1.6240058187122486e-07,0.0
5,0,4.1844772912661424e-12,0.0,1.6240058187122486e-07,0.0
5,0,3.127695403276379e-12,0.0,1.6240058187122486e-07,0.0
5,0,2.403358086288186e-12,0.0,1.6240058187122486e-07,0.0
5,0,2.0669683577811655e-12,0.0,1.6240058187122486e-07,0.0
5,0,1.995231240761485e-12,0.0,1.6240058187122486e-07,0.0
5,0,2.197551524498863e-12,0.0,1.6240058187122486e-07,0.0
5,0,2.672050210966692e-12,0.0,1.4521637581310642e-07,0.0
5,0,3.5170495189486633e-12,0.0,1.384805585757931e-07,0.0
5,0,4.882236791565879e-12,0.0,1.384805585757931e-07,0.0
5,0,7.034024896460864e-12,0.0,1.384805585757931e-07,0.0
5,0,1.0356971770240027e-11,0.0,1.384805585757931e-07,0.0
5,0,1.5251145718461157e-11,0.0,1.3861915704183048e-07,0.0
5,0,2.1942219234223582e-11,0.0,1.3861915704183048e-07,0.0
5,0,3.047029046013204e-11,0.0,1.3861915704183048e-07,0.0
5,0,4.0761336716748846e-11,0.0,1.3861915704183048e-07,0.0
5,0,5.3022177022646245e-11,0.0,1.3861915704183048e-07,0.0
5,0,6.725964053249326e-11,0.0,1.3861915704183048e-07,0.0
5,0,8.315221031489559e-11,0.0,1.3861915704183048e-07,0.0
5,0,9.672934650528073e-11,0.0,1.3861915704183048e-07,0.0
5,0,1.0346754436107957e-10,0.0,1.3861915704183048e-07,0.0
5,0,1.0061764896874553e-10,0.0,1.3861915704183048e-07,0.0
5,0,8.900423256750061e-11,0.0,1.3861915704183048e-07,0.0
5,0,7.267492312905532e-11,0.0,1.3861915704183048e-07,0.0
5,0,5.744278427091977e-11,0.0,1.2466227872209856e-07,0.0
5,0,4.5030882818922116e-11,0.0,1.2466227872209856e-07,0.0
5,0,3.5287529221100334e-11,0.0,1.2466227872209856e-07,0.0
5,0,2.6477988963903846e-11,0.0,1.2466227872209856e-07,0.0
5,0,1.8455249312859486e-11,0.0,1.2466227872209856e-07,0.0
5,0,1.2060940978794855e-11,0.0,1.2466227872209856e-07,0.0
5,0,7.697536576200786e-12,0.0,1.2466227872209856e-07,0.0
5,0,5.224977227292173e-12,0.0,1.2466227872209856e-07,0.0
5,0,3.962734336312786e-12,0.0,1.2466227872209856e-07,0.0
5,0,3.1308012078635847e-12,0.0,1.2466227872209856e-07,0.0
5,0,2.6268029200865045e-12,0.0,1.2466227872209856e-07,0.0
5,0,2.241494925029478e-12,0.0,1.2466227872209856e-07,0.0
5,0,1.987349642688958e-12,0.0,1.2466227872209856e-07,0.0
5,0,1.9107274662946164e-12,0.0,1.2466227872209856e-07,0.0
5,0,2.0359711025002193e-12,0.0,1.2466227872209856e-07,0.0
5,0,2.37269397959241e-12,0.0,1.2466227872209856e-07,0.0
5,0,2.9874087993527124e-12,0.0,1.2466227872209856e-07,0.0
5,0,3.9164362348539955e-12,0.0,1.2466227872209856e-07,0.0
5,0,5.624869562439989e-12,0.0,1.3861915704183048e-07,0.0
5,0,8.351528605848956e-12,0.0,1.3861915704183048e-07,0.0
5,0,1.2597491457698177e-11,0.0,1.3861915704183048e-07,0.0
5,0,1.8846071896605547e-11,0.0,1.2466227872209856e-07,0.0
5,0,2.7402395988773347e-11,0.0,1.2466227872209856e-07,0.0
5,0,3.848405891827844e-11,0.0,1.2466227872209856e-07,0.0
5,0,5.197844882950877e-11,0.0,1.2466227872209856e-07,0.0
5,0,6.706321460121051e-11,0.0,1.2466227872209856e-07,0.0
5,0,8.160919914798379e-11,0.0,1.2466227872209856e-07,0.0
5,0,9.272796480049163e-11,0.0,1.2466227872209856e-07,0.0
5,0,1.031481281817657e-10,0.0,1.2466227872209856e-07,0.0
5,0,1.0567582043499134e-10,0.0,1.2466227872209856e-07,0.0
5,0,1.0176862576507871e-10,0.0,1.2466227872209856e-07,0.0
5,0,8.988425677214152e-11,0.0,1.2466227872209856e-07,0.0
5,0,7.539439015080933e-11,0.0,1.2466227872209856e-07,0.0
5,0,6.268554164359339e-11,0.0,1.2466227872209856e-07,0.0
5,0,5.242345910716658e-11,0.0,1.2466227872209856e-07,0.0
5,0,4.271975066990127e-11,0.0,1.2466227872209856e-07,0.0
5,0,3.279032770764902e-11,0.0,1.3861915704183048e-07,0.0
5,0,2.3132761076117812e-11,0.0,1.3861915704183048e-07,0.0
5,0,1.5319060120057846e-11,0.0,1.3861915704183048e-07,0.0
5,0,1.0496322052636363e-11,0.0,1.3861915704183048e-07,0.0
5,0,7.911731001415803e-12,0.0,1.3861915704183048e-07,0.0
5,0,6.538637547297229e-12,0.0,1.3861915704183048e-07,0.0
5,0,5.564164126068949e-12,0.0,1.3861915704183048e-07,0.0
5,0,4.693458007851368e-12,0.0,1.3861915704183048e-07,0.0
5,0,4.040741954184455e-12,0.0,1.3861915704183048e-07,0.0
5,0,3.6951606134329314e-12,0.0,1.3861915704183048e-07,0.0
5,0,3.726410944897277e-12,0.0,1.3861915704183048e-07,0.0
5,0,4.015885830378876e-12,0.0,1.3861915704183048e-07,0.0
5,0,4.710848235215339e-12,0.0,1.3861915704183048e-07,0.0
5,0,6.06439469809975e-12,0.0,1.3861915704183048e-07,0.0
5,0,8.333180910062844e-12,0.0,1.3861915704183048e-07,0.0
5,0,1.1947559804652558e-11,0.0,1.3861915704183048e-07,0.0
5,0,1.7826808621439404e-11,0.0,1.3861915704183048e-07,0.0
5,0,2.675204293315554e-11,0.0,1.3861915704183048e-07,0.0
5,0,3.960404822499942e-11,0.0,1.3861915704183048e-07,0.0
5,0,5.596731883012424e-11,0.0,1.3861915704183048e-07,0.0
5,0,7.761492818557937e-11,0.0,1.3861915704183048e-07,0.0
5,0,1.0509096891917342e-10,0.0,1.3861915704183048e-07,0.0
5,0,1.374695088676122e-10,0.0,1.3861915704183048e-07,0.0
5,0,1.7211845433387628e-10,0.0,1.3861915704183048e-07,0.0
5,0,2.0381426403662595e-10,0.0,1.3861915704183048e-07,0.0
5,0,2.233700981390319e-10,0.0,1.3861915704183048e-07,0.0
5,0,2.2051310838910582e-10,0.0,1.3861915704183048e-07,0.0
5,0,1.965590174042267e-10,0.0,1.3861915704183048e-07,0.0
5,0,1.6363524869501885e-10,0.0,1.3861915704183048e-07,0.0
5,0,1.3267212142572377e-10,0.0,1.3861915704183048e-07,0.0
5,0,1.0896134441859217e-10,0.0,1.3861915704183048e-07,0.0
5,0,8.93999728252654e-11,0.0,1.3861915704183048e-07,0.0
5,0,7.109217711278164e-11,0.0,1.3861915704183048e-07,0.0
5,0,5.2641034062426824e-11,0.0,1.3861915704183048e-07,0.0
5,0,3.661404896630227e-11,0.0,1.3861915704183048e-07,0.0
5,0,2.4928723117463283e-11,0.0,1.3861915704183048e-07,0.0
5,0,1.8052348408642807e-11,0.0,1.3861915704183048e-07,0.0
5,0,1.448568913942346e-11,0.0,1.3861915704183048e-07,0.0
5,0,1.1938072602982526e-11,0.0,1.3861915704183048e-07,0.0
5,0,9.597045183024903e-12,0.0,1.3861915704183048e-07,0.0
5,0,7.565857393769828e-12,0.0,1.3861915704183048e-07,0.0
5,0,6.244425675481895e-12,0.0,1.3861915704183048e-07,0.0
5,0,5.538811064363183e-12,0.0,1.3861915704183048e-07,0.0
5,0,5.370739669353531e-12,0.0,1.3861915704183048e-07,0.0
5,0,5.689665705094385e-12,0.0,1.3861915704183048e-07,0.0
5,0,6.522380960037763e-12,0.0,1.3861915704183048e-07,0.0
5,0,7.853308332405916e-12,0.0,1.4622960975430033e-07,0.0
5,0,1.0069419803535483e-11,0.0,1.4622960975430033e-07,0.0
5,0,1.3559620771873968e-11,0.0,1.2466227872209856e-07,0.0
5,0,1.8605911241857238e-11,0.0,1.2466227872209856e-07,0.0
5,0,2.541019974716342e-11,0.0,1.2466227872209856e-07,0.0
5,0,3.389676570089593e-11,0.0,1.2466227872209856e-07,0.0
5,0,4.646655415123632e-11,0.0,1.2466227872209856e-07,0.0
5,0,6.51741357430583e-11,0.0,1.2466227872209856e-07,0.0
5,0,8.989611115829032e-11,0.0,1.2466227872209856e-07,0.0
5,0,1.1378596280129529e-10,0.0,1.2466227872209856e-07,0.0
5,0,1.3133122215270764e-10,0.0,1.2466227872209856e-07,0.0
5,0,1.4030618218842276e-10,0.0,1.2466227872209856e-07,0.0
5,0,1.342728294012941e-10,0.0,1.2466227872209856e-07,0.0
5,0,1.1541966032551745e-10,0.0,1.2466227872209856e-07,0.0
5,0,9.41419814054047e-11,0.0,1.2466227872209856e-07,0.0
5,0,7.277402094856977e-11,0.0,1.4642510848261736e-07,0.0
5,0,5.470567789794648e-11,0.0,1.4642510848261736e-07,0.0
5,0,3.943238665484881e-11,0.0,1.4642510848261736e-07,0.0
5,0,2.786043075464051e-11,0.0,1.4642510848261736e-07,0.0
5,0,1.9433124800780954e-11,0.0,1.4642510848261736e-07,0.0
5,0,1.3540791701143255e-11,0.0,1.4642510848261736e-07,0.0
5,0,9.349977148653371e-12,0.0,1.4642510848261736e-07,0.0
5,0,6.6659926184306025e-12,0.0,1.4642510848261736e-07,0.0
5,0,5.13913459697192e-12,0.0,1.4642510848261736e-07,0.0
5,0,4.291807223124762e-12,0.0,1.5446411794073356e-07,0.0
5,0,3.7561311466461214e-12,0.0,1.5446411794073356e-07,0.0
5,0,3.260740468647347e-12,0.0,1.5446411794073356e-07,0.0
5,0,2.886271494689746e-12,0.0,1.5446411794073356e-07,0.0
5,0,2.7240193616190668e-12,0.0,1.5446411794073356e-07,0.0
5,0,2.882969626222476e-12,0.0,1.5446411794073356e-07,0.0
5,0,3.4955404679409805e-12,0.0,1.5446411794073356e-07,0.0
5,0,4.789846530027806e-12,0.0,1.5446411794073356e-07,0.0
5,0,7.263479340137522e-12,0.0,1.3150646793747e-07,0.0
5,0,1.1777911062639463e-11,0.0,1.3150646793747e-07,0.0
5,0,1.9375632769914247e-11,0.0,1.3150646793747e-07,0.0
5,0,3.1811981387663e-11,0.0,1.3150646793747e-07,0.0
5,0,4.9343356784796414e-11,0.0,1.3150646793747e-07,0.0
5,0,7.295325406734148e-11,0.0,1.3150646793747e-07,0.0
5,0,1.0259632037603288e-10,0.0,1.2466227872209856e-07,0.0
5,0,1.4011964938472253e-10,0.0,1.2466227872209856e-07,0.0
5,0,1.8562174537201762e-10,0.0,1.2466227872209856e-07,0.0
5,0,2.351367021456015e-10,0.0,1.2466227872209856e-07,0.0
5,0,2.7887230875640813e-10,0.0,1.2466227872209856e-07,0.0
5,0,3.0584998124096106e-10,0.0,1.2466227872209856e-07,0.0
5,0,3.0112991188028073e-10,0.0,1.2466227872209856e-07,0.0
5,0,2.753298655524955e-10,0.0,1.2466227872209856e-07,0.0
5,0,2.514786157963406e-10,0.0,1.2466227872209856e-07,0.0
5,0,2.369936760380613e-10,0.0,1.2466227872209856e-07,0.0
5,0,2.2502407155984545e-10,0.0,1.2466227872209856e-07,0.0
5,0,2.0251239362347946e-10,0.0,1.4642510848261736e-07,0.0
5,0,1.6610908883200734e-10,0.0,1.4642510848261736e-07,0.0
5,0,1.2346224975004678e-10,0.0,1.5446411794073356e-07,0.0
5,0,8.443450357033033e-11,0.0,1.5446411794073356e-07,0.0
5,0,5.3875516362415726e-11,0.0,1.5446411794073356e-07,0.0
5,0,3.3394225836710396e-11,0.0,1.5446411794073356e-07,0.0
5,0,2.0986785356464016e-11,0.0,1.5446411794073356e-07,0.0
5,0,1.3294298999097115e-11,0.0,1.5446411794073356e-07,0.0
5,0,8.168375881028694e-12,0.0,1.5446411794073356e-07,0.0
5,0,4.7009922162461946e-12,0.0,1.5446411794073356e-07,0.0
5,0,2.4798999279976253e-12,0.0,1.5446411794073356e-07,0.0
5,0,1.2209084832890705e-12,0.0,1.5446411794073356e-07,0.0
5,0,6.083510624461692e-13,0.0,1.5446411794073356e-07,0.0
5,0,3.319696303280042e-13,0.0,1.554146678017787e-07,0.0
5,0,2.0807141944050538e-13,0.0,1.554146678017787e-07,0.0
5,0,1.4842864866213947e-13,0.0,1.554146678017787e-07,0.0
5,0,1.1523837125501684e-13,0.0,1.554146678017787e-07,0.0
5,0,9.231725176116895e-14,0.0,1.554146678017787e-07,0.0
5,0,7.78391639447028e-14,0.0,1.554146678017787e-07,0.0
5,0,7.153834170519209e-14,0.0,1.554146678017787e-07,0.0
5,0,7.447912261018861e-14,0.0,1.554146678017787e-07,0.0
5,0,8.703850463559671e-14,0.0,1.554146678017787e-07,0.0
5,0,1.0932225328056666e-13,0.0,1.3231573348093661e-07,0.0
5,0,1.4041533016401533e-13,0.0,1.3231573348093661e-07,0.0
5,0,1.767883771661101e-13,0.0,1.3231573348093661e-07,0.0
5,0,2.1085191012121955e-13,0.0,1.3231573348093661e-07,0.0
5,0,2.2843491324794477e-13,0.0,1.3231573348093661e-07,0.0
5,0,2.0760787556225807e-13,0.0,1.3231573348093661e-07,0.0
5,0,2.1578647801806072e-13,0.0,1.0835557873178914e-07,0.0
5,0,2.2262001699624962e-13,0.0,1.0835557873178914e-07,0.0
5,0,2.689835395330198e-13,0.0,1.0835557873178914e-07,0.0
5,0,2.5179319361139066e-13,0.0,1.0835557873178914e-07,0.0
5,0,2.4298425062789715e-13,0.0,2.075922935773633e-07,0.0
5,0,2.1984843719721297e-13,0.0,2.096958695574358e-07,0.0
5,0,1.755753730862053e-13,0.0,2.096958695574358e-07,0.0
5,0,1.2158711772168694e-13,0.0,2.096958695574358e-07,0.0
5,0,7.696886067000036e-14,0.0,2.096958695574358e-07,0.0
5,0,5.0643218354271046e-14,0.0,2.096958695574358e-07,0.0
5,0,3.7615852543895894e-14,0.0,2.096958695574358e-07,0.0
5,0,3.000863385059137e-14,0.0,2.3317289787883055e-07,0.0
5,0,2.335863597339117e-14,0.0,2.3060300691213342e-07,0.0
5,0,1.653307688944848e-14,0.0,1.4115757096533343e-07,0.0
5,0,1.0695697519058944e-14,0.0,1.5624763705091027e-07,0.0
5,0,6.549149407469515e-15,0.0,1.5624763705091027e-07,0.0
5,0,3.9241597840163065e-15,0.0,1.5624763705091027e-07,0.0
5,0,2.34174032110138e-15,0.0,1.5624763705091027e-07,0.0
5,0,1.360100201677298e-15,0.0,1.6780103351266007e-07,0.0
5,0,7.871205665489372e-16,0.0,1.9079776336639043e-07,0.0
5,0,4.795052438425297e-16,0.0,1.9079776336639043e-07,0.0
5,0,3.0802277182561225e-16,0.0,2.2931348553356656e-07,0.0
5,0,2.0186027922882266e-16,0.0,2.2931348553356656e-07,0.0
5,0,1.3533983116184657e-16,0.0,3.1096078600967303e-07,0.0
5,0,9.742511258544313e-17,0.0,2.2791095943830442e-07,0.0
5,0,7.665991337444414e-17,0.0,2.2791095943830442e-07,0.0
5,0,6.684080423217839e-17,0.0,2.2791095943830442e-07,0.0
5,0,6.448900279482769e-17,0.0,2.2791095943830442e-07,0.0
5,0,6.70026727202194e-17,0.0,2.2791095943830442e-07,0.0
5,0,7.510442107700819e-17,0.0,2.2791095943830442e-07,0.0
5,0,9.128542358518601e-17,0.0,2.2791095943830442e-07,0.0
5,0,1.1707876714710936e-16,0.0,2.2791095943830442e-07,0.0
5,0,1.454562133526408e-16,0.0,2.2791095943830442e-07,0.0
5,0,1.7009462620019278e-16,0.0,2.2791095943830442e-07,0.0
5,0,1.9643649490768016e-16,0.0,2.2791095943830442e-07,0.0
5,0,2.378256343717358e-16,0.0,2.2791095943830442e-07,0.0
5,0,3.0430650800111195e-16,0.0,2.2791095943830442e-07,0.0
5,0,3.9583535897474986e-16,0.0,2.2931348553356656e-07,0.0
5,0,4.870850323026398e-16,0.0,1.7665323071014427e-07,0.0
5,0,5.300371778322172e-16,0.0,1.590259017802964e-07,0.0
5,0,5.036050096011224e-16,0.0,1.1035432834205494e-07,0.0
5,0,4.567962865123596e-16,0.0,9.186184257714558e-08,0.0
5,0,4.198436520479909e-16,0.0,1.2619108247236e-07,0.0
5,0,3.89521226610972e-16,0.0,1.8595787310005107e-07,0.0
5,0,3.5039866322205723e-16,0.0,1.8482050734291988e-07,0.0
5,0,3.00495735351508e-16,0.0,1.8482050734291988e-07,0.0
5,0,2.4897475753176887e-16,0.0,1.8482050734291988e-07,0.0
5,0,2.0075782809493057e-16,0.0,1.8482050734291988e-07,0.0
5,0,1.569610531650902e-16,0.0,1.8482050734291988e-07,0.0
5,0,1.1981566672280453e-16,0.0,1.753769822698814e-07,0.0
5,0,9.045923552497994e-17,0.0,1.753769822698814e-07,0.0
5,0,6.612409217748999e-17,0.0,1.753769822698814e-07,0.0
5,0,4.8175426717789197e-17,0.0,1.753769822698814e-07,0.0
5,0,3.6265569893112846e-17,0.0,1.753769822698814e-07,0.0
5,0,2.857404968364287e-17,0.0,1.753769822698814e-07,0.0
5,0,2.4080193238738077e-17,0.0,1.753769822698814e-07,0.0
5,0,2.2253257917835302e-17,0.0,1.753769822698814e-07,0.0
5,0,2.258115620193944e-17,0.0,1.753769822698814e-07,0.0
5,0,2.4829145385368778e-17,0.0,1.1889199669212758e-07,0.0
5,0,2.854153442102161e-17,0.0,1.1877300210016983e-07,0.0
5,0,3.3145921202489663e-17,0.0,1.1877300210016983e-07,0.0
5,0,3.783014818040252e-17,0.0,1.1877300210016983e-07,0.0
5,0,4.1765888710829536e-17,0.0,1.1877300210016983e-07,0.0
5,0,4.329309243202465e-17,0.0,1.1877300210016983e-07,0.0
5,0,4.249266835456047e-17,0.0,1.1877300210016983e-07,0.0
5,0,4.194614663721514e-17,0.0,1.1877300210016983e-07,0.0
5,0,4.193783733300656e-17,0.0,1.1877300210016983e-07,0.0
5,0,4.103920178305181e-17,0.0,1.1877300210016983e-07,0.0
5,0,3.877731826332975e-17,0.0,1.1877300210016983e-07,0.0
5,0,3.621638108467462e-17,0.0,1.1877300210016983e-07,0.0
5,0,3.426301164967513e-17,0.0,1.1877300210016983e-07,0.0
5,0,3.22794673251875e-17,0.0,1.1877300210016983e-07,0.0
5,0,2.9793056033462714e-17,0.0,1.1877300210016983e-07,0.0
5,0,2.601931661372722e-17,0.0,1.1877300210016983e-07,0.0
5,0,2.0894062321153567e-17,0.0,1.1877300210016983e-07,0.0
5,0,1.4939498101763877e-17,0.0,1.1877300210016983e-07,0.0
5,0,9.764321226996525e-18,0.0,1.1877300210016983e-07,0.0
5,0,6.436983502290019e-18,0.0,1.1877300210016983e-07,0.0
5,0,4.722918690979927e-18,0.0,1.0558078145095351e-07,0.0
5,0,3.908743660362875e-18,0.0,1.056863609960601e-07,0.0
5,0,3.469168949962647e-18,0.0,1.056863609960601e-07,0.0
5,0,3.007500583314163e-18,0.0,1.1889199669212758e-07,0.0
5,0,2.3287215874769942e-18,0.0,1.1889199669212758e-07,0.0
5,0,1.7306204081713558e-18,0.0,1.1889199669212758e-07,0.0
5,0,1.3702027805178979e-18,0.0,1.1889199669212758e-07,0.0
5,0,1.213570078048848e-18,0.0,1.1889199669212758e-07,0.0
5,0,1.2606837499059761e-18,0.0,1.1889199669212758e-07,0.0
5,0,1.523748293234464e-18,0.0,1.1889199669212758e-07,0.0
5,0,2.023448063615825e-18,0.0,1.1889199669212758e-07,0.0
5,0,2.7972835710422e-18,0.0,1.1889199669212758e-07,0.0
5,0,4.040845566305596e-18,0.0,1.1889199669212758e-07,0.0
5,0,6.001720574995124e-18,0.0,1.1889199669212758e-07,0.0
5,0,9.605456428994484e-18,0.0,1.1889199669212758e-07,0.0
5,0,1.5643884318943686e-17,0.0,1.1889199669212758e-07,0.0
5,0,2.2986439791320146e-17,0.0,1.1889199669212758e-07,0.0
5,0,3.19031663682615e-17,0.0,1.1889199669212758e-07,0.0
5,0,4.338415015656948e-17,0.0,1.1889199669212758e-07,0.0
5,0,5.831780158405918e-17,0.0,1.1889199669212758e-07,0.0
5,0,7.421854012896681e-17,0.0,1.1889199669212758e-07,0.0
5,0,8.608238362496137e-17,0.0,1.1889199669212758e-07,0.0
5,0,9.2412138946038e-17,0.0,1.1889199669212758e-07,0.0
5,0,9.269216956753283e-17,0.0,1.1889199669212758e-07,0.0
5,0,9.300675575419743e-17,0.0,1.1889199669212758e-07,0.0
5,0,9.793925882818756e-17,0.0,1.1889199669212758e-07,0.0
5,0,1.0044417221810902e-16,0.0,1.1889199669212758e-07,0.0
5,0,9.579422247613313e-17,0.0,1.1889199669212758e-07,0.0
5,0,7.795961317188594e-17,0.0,1.1889199669212758e-07,0.0
5,0,5.173479005469843e-17,0.0,1.1889199669212758e-07,0.0
5,0,3.057522105847854e-17,0.0,1.1889199669212758e-07,0.0
5,0,1.8092815628791965e-17,0.0,1.1889199669212758e-07,0.0
5,0,1.1558980131654515e-17,0.0,1.1889199669212758e-07,0.0
5,0,7.912280112502772e-18,0.0,1.1889199669212758e-07,0.0
5,0,5.374758509965984e-18,0.0,1.1889199669212758e-07,0.0
5,0,3.179096789289996e-18,0.0,1.1889199669212758e-07,0.0
5,0,1.6740298122762615e-18,0.0,1.1889199669212758e-07,0.0
5,0,8.37753157780491e-19,0.0,1.1889199669212758e-07,0.0
5,0,4.356692458521179e-19,0.0,1.1889199669212758e-07,0.0
5,0,2.6623445218008584e-19,0.0,1.056863609960601e-07,0.0
5,0,1.83685223986582e-19,0.0,1.056863609960601e-07,0.0
5,0,1.4902952745776562e-19,0.0,1.056863609960601e-07,0.0
5,0,1.3939437607800896e-19,0.0,1.0558078145095351e-07,0.0
5,0,1.5057314305192716e-19,0.0,1.0558078145095351e-07,0.0
5,0,1.6758681146942541e-19,0.0,1.0558078145095351e-07,0.0
5,0,2.003132890087525e-19,0.0,1.0558078145095351e-07,0.0
5,0,2.6894033820098567e-19,0.0,1.0558078145095351e-07,0.0
5,0,4.1384958993418093e-19,0.0,1.0558078145095351e-07,0.0
5,0,6.96242955134274e-19,0.0,1.0558078145095351e-07,0.0
5,0,1.204744250156961e-18,0.0,1.0558078145095351e-07,0.0
5,0,2.061869365851222e-18,0.0,1.0558078145095351e-07,0.0
5,0,3.4606202713294465e-18,0.0,1.0558078145095351e-07,0.0
5,0,5.612814804860379e-18,0.0,1.0558078145095351e-07,0.0
5,0,8.651684186776982e-18,0.0,1.0558078145095351e-07,0.0
5,0,1.2464585940841134e-17,0.0,1.0558078145095351e-07,0.0
5,0,1.6757627438052314e-17,0.0,1.5574107692373218e-07,0.0
5,0,2.1807645249462475e-17,0.0,1.5574107692373218e-07,0.0
5,0,2.831781524342346e-17,0.0,1.5574107692373218e-07,0.0
5,0,3.6999949813183446e-17,0.0,1.0558078145095351e-07,0.0
5,0,4.9112343926367606e-17,0.0,1.0558078145095351e-07,0.0
5,0,6.054172957242111e-17,0.0,1.056863609960601e-07,0.0
5,0,6.610515688580376e-17,0.0,1.056863609960601e-07,0.0
5,0,6.247429582073742e-17,0.0,1.056863609960601e-07,0.0
5,0,5.3325407797598384e-17,0.0,1.5589696999995795e-07,0.0
5,0,4.4147262776015374e-17,0.0,1.753769822698814e-07,0.0
5,0,3.584452409227809e-17,0.0,1.1889199669212758e-07,0.0
5,0,2.6628447254753924e-17,0.0,1.1889199669212758e-07,0.0
5,0,1.691862209222884e-17,0.0,1.1889199669212758e-07,0.0
5,0,9.359783328742419e-18,0.0,1.1889199669212758e-07,0.0
5,0,4.7587483240915156e-18,0.0,1.1889199669212758e-07,0.0
5,0,2.408058894815723e-18,0.0,1.1889199669212758e-07,0.0
5,0,1.2434432467061488e-18,0.0,1.1889199669212758e-07,0.0
5,0,6.738730801329686e-19,0.0,1.1889199669212758e-07,0.0
5,0,3.96274765543223e-19,0.0,1.753769822698814e-07,0.0
5,0,2.4541741290868726e-19,0.0,1.753769822698814e-07,0.0
5,0,1.529737809208027e-19,0.0,1.753769822698814e-07,0.0
5,0,9.692706330989558e-20,0.0,1.753769822698814e-07,0.0
5,0,6.83225142334295e-20,0.0,1.753769822698814e-07,0.0
5,0,5.742887774888481e-20,0.0,1.753769822698814e-07,0.0
5,0,5.645339514246372e-20,0.0,1.753769822698814e-07,0.0
5,0,5.974828152660784e-20,0.0,1.753769822698814e-07,0.0
5,0,6.071190378437276e-20,0.0,2.1068210287467082e-07,0.0
5,0,5.3560762141208676e-20,0.0,2.1068210287467082e-07,0.0
5,0,3.9798122073226643e-20,0.0,2.1068210287467082e-07,0.0
5,0,2.7275082526369387e-20,0.0,2.1068210287467082e-07,0.0
5,0,1.9906099437224982e-20,0.0,2.159907381837911e-07,0.0
5,0,1.698082181566757e-20,0.0,2.159907381837911e-07,0.0
5,0,1.5257048262920292e-20,0.0,2.159907381837911e-07,0.0
5,0,1.2809395155379345e-20,0.0,2.159907381837911e-07,0.0
5,0,9.702291408064405e-21,0.0,2.159907381837911e-07,0.0
5,0,6.746367555788816e-21,0.0,2.159907381837911e-07,0.0
5,0,4.316209582201284e-21,0.0,2.159907381837911e-07,0.0
5,0,2.4431370938485443e-21,0.0,2.159907381837911e-07,0.0
5,0,1.2431588662698824e-21,0.0,2.159907381837911e-07,0.0
5,0,6.436065224072722e-22,0.0,2.159907381837911e-07,0.0
5,0,3.554237565537396e-22,0.0,2.159907381837911e-07,0.0
5,0,1.8895212095323718e-22,0.0,2.159907381837911e-07,0.0
5,0,8.598760381883241e-23,0.0,2.159907381837911e-07,0.0
5,0,3.5184211076632225e-23,0.0,2.159907381837911e-07,0.0
5,0,1.4983788542741247e-23,0.0,2.1068210287467082e-07,0.0
5,0,7.358632982638927e-24,0.0,2.1068210287467082e-07,0.0
5,0,4.32322602995005e-24,0.0,2.1068210287467082e-07,0.0
5,0,3.176523436446911e-24,0.0,2.1068210287467082e-07,0.0
5,0,3.0555605000218155e-24,0.0,2.1068210287467082e-07,0.0
5,0,3.770211109359136e-24,0.0,2.1068210287467082e-07,0.0
5,0,5.281239699937861e-24,0.0,2.1068210287467082e-07,0.0
5,0,7.814259737516975e-24,0.0,1.6059782126376376e-07,0.0
5,0,1.1666856654786713e-23,0.0,1.6059782126376376e-07,0.0
5,0,1.8580827918674416e-23,0.0,1.6059782126376376e-07,0.0
5,0,3.1995018576038286e-23,0.0,1.9044526311517984e-07,0.0
5,0,5.911277203677333e-23,0.0,1.9698408948443102e-07,0.0
5,0,1.1224269628793447e-22,0.0,2.309846536263649e-07,0.0
5,0,2.0281259436331664e-22,0.0,2.3680487970523245e-07,0.0
5,0,3.317836035516352e-22,0.0,2.814877575474384e-07,0.0
5,0,4.658678070387113e-22,0.0,2.814877575474384e-07,0.0
5,0,5.607048160529887e-22,0.0,2.814877575474384e-07,0.0
5,0,6.262410467123961e-22,0.0,2.019475857650832e-07,0.0
5,0,7.221946463104196e-22,0.0,2.019475857650832e-07,0.0
5,0,8.837266525605757e-22,0.0,2.019475857650832e-07,0.0
5,0,1.0770878607463695e-21,0.0,2.019475857650832e-07,0.0
5,0,1.1896372606090914e-21,0.0,2.019475857650832e-07,0.0
5,0,1.0915905234229005e-21,0.0,2.019475857650832e-07,0.0
5,0,9.086820343704913e-22,0.0,1.7510407701593067e-07,0.0
5,0,7.342983918426608e-22,0.0,1.7510407701593067e-07,0.0
5,0,5.035709504476132e-22,0.0,1.7510407701593067e-07,0.0
5,0,3.6642749268628517e-22,0.0,1.7510407701593067e-07,0.0
5,0,2.4468431586584547e-22,0.0,1.7510407701593067e-07,0.0
5,0,1.683397107152109e-22,0.0,1.7510407701593067e-07,0.0
5,0,1.1798908340682553e-22,0.0,1.4275967430421588e-07,0.0
5,0,7.259285683673571e-23,0.0,1.4275967430421588e-07,0.0
5,0,3.7439121079160286e-23,0.0,1.4275967430421588e-07,0.0
5,0,1.8868477336613086e-23,0.0,1.4275967430421588e-07,0.0
5,0,1.0664640431966853e-23,0.0,1.4275967430421588e-07,0.0
5,0,7.132315447999743e-24,0.0,1.4275967430421588e-07,0.0
5,0,5.796751565389662e-24,0.0,1.4275967430421588e-07,0.0
5,0,5.897342249751934e-24,0.0,1.6929155322031875e-07,0.0
5,0,7.229864426964359e-24,0.0,2.3465726428639755e-07,0.0
5,0,9.378264184182779e-24,0.0,2.8460792123041756e-07,0.0
5,0,1.2500700988530743e-23,0.0,2.8460792123041756e-07,0.0
5,0,1.773035576763391e-23,0.0,2.8460792123041756e-07,0.0
5,0,2.5383374197088363e-23,0.0,3.383107980425848e-07,0.0
5,0,3.7002781348953226e-23,0.0,3.3405123645025014e-07,0.0
5,0,5.506974284639126e-23,0.0,3.3405123645025014e-07,0.0
5,0,8.54184940901276e-23,0.0,3.3405123645025014e-07,0.0
5,0,1.4026887233363189e-22,0.0,3.3405123645025014e-07,0.0
5,0,2.1805433083223183e-22,0.0,3.3405123645025014e-07,0.0
5,0,2.9027255650966806e-22,0.0,2.779436556465953e-07,0.0
5,0,3.3722279826540356e-22,0.0,2.779436556465953e-07,0.0
5,0,3.759468060094976e-22,0.0,2.3965085915733653e-07,0.0
5,0,4.424497836852842e-22,0.0,2.3965085915733653e-07,0.0
5,0,5.435287067636925e-22,0.0,2.0437465764189255e-07,0.0
5,0,6.122260797348768e-22,0.0,1.7193256951486546e-07,0.0
5,0,6.092920379679776e-22,0.0,1.7193256951486546e-07,0.0
5,0,5.603468555048124e-22,0.0,1.7193256951486546e-07,0.0
5,0,4.750630065369259e-22,0.0,1.7193256951486546e-07,0.0
5,0,3.6511196262735194e-22,0.0,1.7193256951486546e-07,0.0
5,0,2.5309699226535374e-22,0.0,1.7193256951486546e-07,0.0
5,0,1.745747444909539e-22,0.0,1.7193256951486546e-07,0.0
5,0,1.27578266494025e-22,0.0,1.6622531973098376e-07,0.0
5,0,9.393553370992564e-23,0.0,1.4017400928878487e-07,0.0
5,0,6.061478274090861e-23,0.0,1.4017400928878487e-07,0.0
5,0,3.390598496253703e-23,0.0,1.4017400928878487e-07,0.0
5,0,1.8552852870407038e-23,0.0,1.4017400928878487e-07,0.0
5,0,1.1136985228029599e-23,0.0,1.4017400928878487e-07,0.0
5,0,7.791319001514653e-24,0.0,1.4017400928878487e-07,0.0
5,0,6.497648948207298e-24,0.0,1.4017400928878487e-07,0.0
5,0,6.632178814179931e-24,0.0,1.4017400928878487e-07,0.0
5,0,8.109111720121488e-24,0.0,1.4017400928878487e-07,0.0
5,0,1.1100978866598098e-23,0.0,1.4017400928878487e-07,0.0
5,0,1.5940382711639528e-23,0.0,1.6622531973098376e-07,0.0
5,0,2.4460900235793247e-23,0.0,1.6622531973098376e-07,0.0
5,0,3.922558380048346e-23,0.0,2.423072658075398e-07,0.0
5,0,6.360582179032192e-23,0.0,2.423072658075398e-07,0.0
5,0,1.0058767559819454e-22,0.0,2.423072658075398e-07,0.0
5,0,1.5625217464682467e-22,0.0,3.2027534757617104e-07,0.0
5,0,2.3858139320963895e-22,0.0,3.2027534757617104e-07,0.0
5,0,3.6287671420467924e-22,0.0,3.2027534757617104e-07,0.0
5,0,4.983471026872955e-22,0.0,3.2027534757617104e-07,0.0
5,0,5.894754324755608e-22,0.0,3.2027534757617104e-07,0.0
5,0,6.409829105268699e-22,0.0,3.2027534757617104e-07,0.0
5,0,7.003307881985745e-22,0.0,2.0664005262460705e-07,0.0
5,0,8.2176628848998435e-22,0.0,2.0664005262460705e-07,0.0
5,0,1.0260877041920626e-21,0.0,2.0664005262460705e-07,0.0
5,0,1.2743356444766877e-21,0.0,1.997807004272545e-07,0.0
5,0,1.4833700684152643e-21,0.0,1.997807004272545e-07,0.0
5,0,1.604616072670435e-21,0.0,1.997807004272545e-07,0.0
5,0,1.6429784727852488e-21,0.0,1.997807004272545e-07,0.0
5,0,1.535277318110869e-21,0.0,1.997807004272545e-07,0.0
5,0,1.3174556896286287e-21,0.0,2.2214763362171652e-07,0.0
5,0,1.1270320380844262e-21,0.0,2.2214763362171652e-07,0.0
5,0,1.1206155649070194e-21,0.0,1.8733200590759225e-07,0.0
5,0,1.2078799996246826e-21,0.0,1.8733200590759225e-07,0.0
5,0,1.2252568453150057e-21,0.0,1.8733200590759225e-07,0.0
5,0,1.0879665133227203e-21,0.0,1.8733200590759225e-07,0.0
5,0,9.657695428737509e-22,0.0,1.8733200590759225e-07,0.0
5,0,9.8378383134401e-22,0.0,1.8733200590759225e-07,0.0
5,0,1.1046583852047644e-21,0.0,1.8733200590759225e-07,0.0
5,0,1.3600440695959272e-21,0.0,1.8733200590759225e-07,0.0
5,0,1.8835256480025402e-21,0.0,1.8733200590759225e-07,0.0
5,0,2.9362404714095205e-21,0.0,2.2214763362171652e-07,0.0
5,0,4.853479016834162e-21,0.0,2.0664005262460705e-07,0.0
5,0,7.899675783572191e-21,0.0,2.0664005262460705e-07,0.0
5,0,1.2340472957408064e-20,0.0,2.423072658075398e-07,0.0
5,0,1.8780617344697474e-20,0.0,2.880284171169478e-07,0.0
5,0,2.826263522323505e-20,0.0,2.880284171169478e-07,0.0
5,0,4.242060345704009e-20,0.0,2.8440197752388485e-07,0.0
5,0,6.450057306987813e-20,0.0,2.8440197752388485e-07,0.0
5,0,9.774881172059404e-20,0.0,2.8440197752388485e-07,0.0
5,0,1.4167448228950635e-19,0.0,3.1624290386389475e-07,0.0
5,0,1.8351710597265264e-19,0.0,3.1624290386389475e-07,0.0
5,0,2.0643683352351014e-19,0.0,3.1624290386389475e-07,0.0
5,0,2.0497444203219917e-19,0.0,2.880284171169478e-07,0.0
5,0,1.9207832774815715e-19,0.0,1.9471849554975051e-07,0.0
5,0,1.9246086093543474e-19,0.0,2.16518714069025e-07,0.0
5,0,2.048675954830071e-19,0.0,1.553368775830677e-07,0.0
5,0,2.1927569904092203e-19,0.0,1.7531712614982098e-07,0.0
5,0,2.181919761851487e-19,0.0,1.7531712614982098e-07,0.0
5,0,1.9892222097803579e-19,0.0,2.1577248787707504e-07,0.0
5,0,1.6057628367678848e-19,0.0,2.1577248787707504e-07,0.0
5,0,1.1618589281709691e-19,0.0,2.1577248787707504e-07,0.0
5,0,7.720689746820931e-20,0.0,2.1577248787707504e-07,0.0
5,0,4.870640287861677e-20,0.0,2.1577248787707504e-07,0.0
5,0,3.313193578417031e-20,0.0,2.508039358417591e-07,0.0
5,0,2.5562378617478988e-20,0.0,2.508039358417591e-07,0.0
5,0,2.116705900198752e-20,0.0,2.508039358417591e-07,0.0
5,0,1.6514657560387283e-20,0.0,2.508039358417591e-07,0.0
5,0,1.1336212152463839e-20,0.0,2.4247856345027685e-07,0.0
5,0,7.245043510678212e-21,0.0,2.508039358417591e-07,0.0
5,0,4.813599926397961e-21,0.0,2.508039358417591e-07,0.0
5,0,3.586787750993136e-21,0.0,2.530160543301463e-07,0.0
5,0,3.0964069586738154e-21,0.0,2.530160543301463e-07,0.0
5,0,3.1311861066397916e-21,0.0,3.0075781864979945e-07,0.0
5,0,3.5239341347538e-21,0.0,2.4436846501885157e-07,0.0
5,0,4.36808763702292e-21,0.0,2.1379261738729838e-07,0.0
5,0,5.3845563432708625e-21,0.0,2.1379261738729838e-07,0.0
5,0,6.678734779543016e-21,0.0,2.1379261738729838e-07,0.0
5,0,8.645117543595714e-21,0.0,2.1379261738729838e-07,0.0
5,0,1.1937390420564817e-20,0.0,2.1379261738729838e-07,0.0
5,0,1.639149370194264e-20,0.0,2.1379261738729838e-07,0.0
5,0,2.314471130377685e-20,0.0,2.1379261738729838e-07,0.0
5,0,3.259864985074133e-20,0.0,2.1379261738729838e-07,0.0
5,0,4.414879643271232e-20,0.0,2.1379261738729838e-07,0.0
5,0,5.304835701835277e-20,0.0,2.1379261738729838e-07,0.0
5,0,5.45625525377696e-20,0.0,2.1379261738729838e-07,0.0
5,0,4.615615184981075e-20,0.0,2.1379261738729838e-07,0.0
5,0,3.580019763298931e-20,0.0,2.1383829107435304e-07,0.0
5,0,2.850535613087404e-20,0.0,2.1383829107435304e-07,0.0
5,0,2.47046428966631e-20,0.0,2.1656536830505502e-07,0.0
5,0,2.1834988001651027e-20,0.0,2.665390184120042e-07,0.0
5,0,1.7293043611680727e-20,0.0,2.665390184120042e-07,0.0
5,0,1.1625280350215146e-20,0.0,2.665390184120042e-07,0.0
5,0,6.675039208647324e-21,0.0,2.664815781372454e-07,0.0
5,0,3.3073855154618506e-21,0.0,2.665390184120042e-07,0.0
5,0,1.4916538317279542e-21,0.0,2.2422906909014273e-07,0.0
5,0,6.539664773660338e-22,0.0,2.2422906909014273e-07,0.0
5,0,3.0468875608239396e-22,0.0,1.9122292371775984e-07,0.0
5,0,1.445765040824234e-22,0.0,1.8487533282041113e-07,0.0
5,0,5.736480063179816e-23,0.0,1.2667084092754521e-07,0.0
5,0,1.7601265081933637e-23,0.0,1.4296391270818276e-07,0.0
5,0,4.500666352718798e-24,0.0,2.0452030469186866e-07,0.0
5,0,1.1063251345225894e-24,0.0,2.0452030469186866e-07,0.0
5,0,2.982484602558729e-25,0.0,2.0452030469186866e-07,0.0
5,0,9.327613843781446e-26,0.0,2.425303762265685e-07,0.0
5,0,3.500822539091474e-26,0.0,2.8439245625122567e-07,0.0
5,0,1.5849584759649242e-26,0.0,2.94156933478007e-07,0.0
5,0,8.09730446688918e-27,0.0,2.94156933478007e-07,0.0
5,0,4.124587010835277e-27,0.0,2.94156933478007e-07,0.0
5,0,1.9527140553823413e-27,0.0,2.805262226956984e-07,0.0
5,0,8.936025399741854e-28,0.0,2.805262226956984e-07,0.0
5,0,4.383190804294391e-28,0.0,2.805262226956984e-07,0.0
5,0,2.5359638096120845e-28,0.0,2.805262226956984e-07,0.0
5,0,1.9358918333339975e-28,0.0,2.805262226956984e-07,0.0
5,0,1.908113182805233e-28,0.0,2.805262226956984e-07,0.0
5,0,2.020289553170238e-28,0.0,2.804657412980305e-07,0.0
5,0,1.8016473333416425e-28,0.0,2.804657412980305e-07,0.0
5,0,1.1944231384292256e-28,0.0,2.804657412980305e-07,0.0
5,0,6.643431511895188e-29,0.0,2.841032369360619e-07,0.0
5,0,4.4875542444458424e-29,0.0,2.1494092550256028e-07,0.0
5,0,4.882409072562478e-29,0.0,2.1494092550256028e-07,0.0
5,0,8.89159482101318e-29,0.0,1.8330197804061754e-07,0.0
5,0,2.1724855281841725e-28,0.0,1.772173163772095e-07,0.0
5,0,5.48926310291297e-28,0.0,1.5246421014580847e-07,0.0
5,0,1.1974813368975124e-27,0.0,1.3508869756151398e-07,0.0
5,0,2.1381512151010027e-27,0.0,1.1391697540830137e-07,0.0
5,0,3.136823202650168e-27,0.0,1.1391697540830137e-07,0.0
5,0,4.0804236238531114e-27,0.0,1.1391697540830137e-07,0.0
5,0,5.4782203171786235e-27,0.0,1.1391697540830137e-07,0.0
5,0,8.480969965422213e-27,0.0,1.1391697540830137e-07,0.0
5,0,1.3433811838869703e-26,0.0,1.1391697540830137e-07,0.0
5,0,1.8014292401964034e-26,0.0,1.1391697540830137e-07,0.0
5,0,1.9253022051958075e-26,0.0,1.1391697540830137e-07,0.0
5,0,1.7447631912721698e-26,0.0,1.4017400928878487e-07,0.0
5,0,1.492782620074934e-26,0.0,1.402039373488151e-07,0.0
5,0,1.3656451002338563e-26,0.0,1.402039373488151e-07,0.0
5,0,1.2791331723425593e-26,0.0,1.1391697540830137e-07,0.0
5,0,1.332954959128025e-26,0.0,1.1391697540830137e-07,0.0
5,0,1.587541590689505e-26,0.0,1.3380395103013143e-07,0.0
5,0,1.9488991947577374e-26,0.0,1.3380395103013143e-07,0.0
5,0,2.1237206243680937e-26,0.0,1.3377537300129916e-07,0.0
5,0,1.8277776535132024e-26,0.0,1.3380395103013143e-07,0.0
5,0,1.2097475087729648e-26,0.0,1.5867171043737471e-07,0.0
5,0,6.676456337587519e-27,0.0,1.9240609105963813e-07,0.0
5,0,3.694109057678308e-27,0.0,1.9240609105963813e-07,0.0
5,0,2.4212219246087166e-27,0.0,1.9240609105963813e-07,0.0
5,0,1.9240433546476372e-27,0.0,1.9240609105963813e-07,0.0
5,0,1.5812562484547891e-27,0.0,1.9244758675540652e-07,0.0
5,0,1.0736179501786874e-27,0.0,1.9244758675540652e-07,0.0
5,0,5.71196529755369e-28,0.0,1.6408424130531785e-07,0.0
5,0,2.746733908588307e-28,0.0,1.6408424130531785e-07,0.0
5,0,1.5302393669705057e-28,0.0,1.5867171043737471e-07,0.0
5,0,1.1571984734405878e-28,0.0,1.3380395103013143e-07,0.0
5,0,1.158983220891983e-28,0.0,1.3380395103013143e-07,0.0
5,0,1.3179937335418701e-28,0.0,1.3380395103013143e-07,0.0
5,0,1.4748704214161077e-28,0.0,1.3380395103013143e-07,0.0
5,0,1.5440237190307135e-28,0.0,1.3377537300129916e-07,0.0
5,0,1.5257987304125563e-28,0.0,1.3377537300129916e-07,0.0
5,0,1.4293594275832329e-28,0.0,1.3380395103013143e-07,0.0
5,0,1.2866823314570921e-28,0.0,1.3377537300129916e-07,0.0
5,0,1.189214408300231e-28,0.0,1.3377537300129916e-07,0.0
5,0,1.2782624823892219e-28,0.0,1.3377537300129916e-07,0.0
5,0,1.6128719111477704e-28,0.0,1.3377537300129916e-07,0.0
5,0,2.087099476127504e-28,0.0,1.3377537300129916e-07,0.0
5,0,2.438550547857253e-28,0.0,1.3380395103013143e-07,0.0
5,0,2.608595302586344e-28,0.0,1.3380395103013143e-07,0.0
5,0,2.858214426145276e-28,0.0,1.3380395103013143e-07,0.0
5,0,3.4363466297141177e-28,0.0,1.3380395103013143e-07,0.0
5,0,4.448103942993243e-28,0.0,1.7553226427935442e-07,0.0
5,0,6.087296255087051e-28,0.0,1.7121769246841723e-07,0.0
5,0,8.648397565573075e-28,0.0,1.7121769246841723e-07,0.0
5,0,1.261574544080822e-27,0.0,1.7553226427935442e-07,0.0
5,0,1.9651952650498892e-27,0.0,1.7553226427935442e-07,0.0
5,0,3.1953047270614876e-27,0.0,1.1899725649300308e-07,0.0
5,0,4.812710999466838e-27,0.0,1.1899725649300308e-07,0.0
5,0,6.346262057691501e-27,0.0,1.1899725649300308e-07,0.0
5,0,7.3455969663579e-27,0.0,1.189718474847723e-07,0.0
5,0,7.631855599949467e-27,0.0,1.4642510848261736e-07,0.0
5,0,7.75482063412087e-27,0.0,1.2468890986383485e-07,0.0
5,0,8.924863796336878e-27,0.0,1.2468890986383485e-07,0.0
5,0,1.2037183747283757e-26,0.0,1.2466227872209856e-07,0.0
5,0,1.7814737637188778e-26,0.0,1.2466227872209856e-07,0.0
5,0,2.5721808639975774e-26,0.0,1.012894230711936e-07,0.0
5,0,3.466485309058184e-26,0.0,1.012894230711936e-07,0.0
5,0,4.5255899492146176e-26,0.0,1.012894230711936e-07,0.0
5,0,5.636270434071991e-26,0.0,1.2466227872209856e-07,0.0
5,0,7.334516337886543e-26,0.0,1.2466227872209856e-07,0.0
5,0,1.1346164242160699e-25,0.0,1.2466227872209856e-07,0.0
5,0,2.192602294020813e-25,0.0,1.2466227872209856e-07,0.0
5,0,5.151352038754526e-25,0.0,1.2466227872209856e-07,0.0
5,0,1.301504578372375e-24,0.0,1.2466227872209856e-07,0.0
5,0,3.525137957033053e-24,0.0,1.2466227872209856e-07,0.0
5,0,9.905466977415358e-24,0.0,1.2466227872209856e-07,0.0
5,0,2.8126828398294474e-23,0.0,1.2466227872209856e-07,0.0
5,0,8.182547629962051e-23,0.0,1.2466227872209856e-07,0.0
5,0,2.4826052601347657e-22,0.0,1.2466227872209856e-07,0.0
5,0,8.625952770253265e-22,0.0,1.2466227872209856e-07,0.0
5,0,3.1431155267478836e-21,0.0,1.2466227872209856e-07,0.0
5,0,1.0975059293973761e-20,0.0,1.2466227872209856e-07,0.0
5,0,3.5597663850486866e-20,0.0,1.2466227872209856e-07,0.0
5,0,1.0597727955891028e-19,0.0,1.2466227872209856e-07,0.0
5,0,2.9257130932355053e-19,0.0,1.2466227872209856e-07,0.0
5,0,7.459668805368512e-19,0.0,1.4642510848261736e-07,0.0
5,0,1.7650725088002e-18,0.0,1.4642510848261736e-07,0.0
5,0,3.7603278811011566e-18,0.0,1.4642510848261736e-07,0.0
5,0,7.332816272092586e-18,0.0,1.2466227872209856e-07,0.0
5,0,1.390598301264149e-17,0.0,1.2466227872209856e-07,0.0
5,0,2.5719582435432123e-17,0.0,1.2466227872209856e-07,0.0
5,0,4.387978240879805e-17,0.0,1.4642510848261736e-07,0.0
5,0,6.6208888785572e-17,0.0,1.4642510848261736e-07,0.0
5,0,8.462626058123837e-17,0.0,1.4642510848261736e-07,0.0
5,0,9.845127749554896e-17,0.0,1.4642510848261736e-07,0.0
5,0,1.058025556914624e-16,0.0,1.4282599636317173e-07,0.0
5,0,1.0619956059709083e-16,0.0,1.4282599636317173e-07,0.0
5,0,9.740691959846022e-17,0.0,1.4282599636317173e-07,0.0
5,0,8.295560359705751e-17,0.0,1.4282599636317173e-07,0.0
5,0,6.147907940437847e-17,0.0,1.4282599636317173e-07,0.0
5,0,3.8656250385400226e-17,0.0,1.4282599636317173e-07,0.0
5,0,2.1385597102799393e-17,0.0,1.4282599636317173e-07,0.0
5,0,1.1171992227682935e-17,0.0,1.4282599636317173e-07,0.0
5,0,5.6436645856811826e-18,0.0,1.4282599636317173e-07,0.0
5,0,2.8699574019480924e-18,0.0,1.4282599636317173e-07,0.0
5,0,1.510273251588151e-18,0.0,1.4282599636317173e-07,0.0
5,0,8.201145430339097e-19,0.0,1.4282599636317173e-07,0.0
5,0,4.751426097904941e-19,0.0,1.4282599636317173e-07,0.0
5,0,2.975179437126902e-19,0.0,1.4282599636317173e-07,0.0
5,0,1.9776304531983777e-19,0.0,1.4282599636317173e-07,0.0
5,0,1.4435644985883332e-19,0.0,1.4282599636317173e-07,0.0
5,0,1.2159182986098788e-19,0.0,1.4282599636317173e-07,0.0
5,0,1.2437795808065017e-19,0.0,1.4282599636317173e-07,0.0
5,0,1.540612478673069e-19,0.0,1.4282599636317173e-07,0.0
5,0,2.2789955312359897e-19,0.0,1.4642510848261736e-07,0.0
5,0,3.887544742506851e-19,0.0,1.4642510848261736e-07,0.0
5,0,7.398939407859666e-19,0.0,1.4642510848261736e-07,0.0
5,0,1.5179156534818339e-18,0.0,1.4642510848261736e-07,0.0
5,0,3.2377685864389566e-18,0.0,1.4642510848261736e-07,0.0
5,0,6.978741436708055e-18,0.0,1.4642510848261736e-07,0.0
5,0,1.504940776286898e-17,0.0,1.4282599636317173e-07,0.0
5,0,3.222830806913526e-17,0.0,1.4282599636317173e-07,0.0
5,0,6.754131228769459e-17,0.0,1.4282599636317173e-07,0.0
5,0,1.3624021811849153e-16,0.0,1.4282599636317173e-07,0.0
5,0,2.573692928108279e-16,0.0,1.4282599636317173e-07,0.0
5,0,4.295977849891967e-16,0.0,1.4282599636317173e-07,0.0
5,0,6.085469878530195e-16,0.0,1.4282599636317173e-07,0.0
5,0,7.354261398354507e-16,0.0,1.4282599636317173e-07,0.0
5,0,7.773471285747184e-16,0.0,1.4282599636317173e-07,0.0
5,0,7.692339605921076e-16,0.0,1.4282599636317173e-07,0.0
5,0,7.042436978732897e-16,0.0,1.1889199669212758e-07,0.0
5,0,5.52323966503892e-16,0.0,1.1889199669212758e-07,0.0
5,0,3.3944171046114894e-16,0.0,1.1889199669212758e-07,0.0
5,0,1.6672935423391685e-16,0.0,1.1889199669212758e-07,0.0
5,0,6.986883832219058e-17,0.0,1.1889199669212758e-07,0.0
5,0,2.6793865792954434e-17,0.0,1.1889199669212758e-07,0.0
5,0,1.002220609183488e-17,0.0,1.1889199669212758e-07,0.0
5,0,3.587018002608306e-18,0.0,1.1889199669212758e-07,0.0
5,0,1.1400541942772057e-18,0.0,1.1889199669212758e-07,0.0
5,0,3.2192375891675583e-19,0.0,1.753769822698814e-07,0.0
5,0,8.236791427067246e-20,0.0,1.753769822698814e-07,0.0
5,0,2.0831058855579234e-20,0.0,1.753769822698814e-07,0.0
5,0,5.84167878729321e-21,0.0,1.753769822698814e-07,0.0
5,0,2.011166320119863e-21,0.0,1.753769822698814e-07,0.0
5,0,9.242305556527953e-22,0.0,1.753769822698814e-07,0.0
5,0,5.87723551143547e-22,0.0,1.753769822698814e-07,0.0
5,0,4.993005206787174e-22,0.0,1.753769822698814e-07,0.0
5,0,5.744688696699497e-22,0.0,1.753769822698814e-07,0.0
5,0,9.147822420508362e-22,0.0,1.1889199669212758e-07,0.0
5,0,1.942440902420444e-21,0.0,1.1889199669212758e-07,0.0
5,0,5.229180897656889e-21,0.0,1.1889199669212758e-07,0.0
5,0,1.657769136298736e-20,0.0,1.1889199669212758e-07,0.0
5,0,4.138176453582506e-20,0.0,1.1889199669212758e-07,0.0
5,0,1.3283448261968462e-19,0.0,1.1889199669212758e-07,0.0
5,0,4.1958183690427346e-19,0.0,1.1889199669212758e-07,0.0
5,0,9.873552744325922e-19,0.0,1.1889199669212758e-07,0.0
5,0,2.1927859357241553e-18,0.0,1.1889199669212758e-07,0.0
5,0,3.8361417916138564e-18,0.0,1.1877300210016983e-07,0.0
5,0,6.018457618385288e-18,0.0,1.1877300210016983e-07,0.0
5,0,8.585479306476274e-18,0.0,1.1877300210016983e-07,0.0
5,0,1.1178182106807233e-17,0.0,1.1877300210016983e-07,0.0
5,0,1.3721769010340868e-17,0.0,1.1877300210016983e-07,0.0
5,0,1.6405502638190617e-17,0.0,1.1877300210016983e-07,0.0
5,0,1.8632828264203473e-17,0.0,1.1877300210016983e-07,0.0
5,0,1.977786156021309e-17,0.0,1.1877300210016983e-07,0.0
5,0,1.957609148301586e-17,0.0,1.1877300210016983e-07,0.0
5,0,1.8492684293097074e-17,0.0,1.1877300210016983e-07,0.0
5,0,1.644242920693283e-17,0.0,1.1877300210016983e-07,0.0
5,0,1.3967357262243227e-17,0.0,1.1877300210016983e-07,0.0
5,0,1.1777461192193077e-17,0.0,1.1877300210016983e-07,0.0
5,0,1.0434361099504826e-17,0.0,1.1877300210016983e-07,0.0
5,0,9.659485830149449e-18,0.0,1.1877300210016983e-07,0.0
5,0,9.302099870898547e-18,0.0,1.1877300210016983e-07,0.0
5,0,9.588546732717866e-18,0.0,1.1877300210016983e-07,0.0
5,0,1.0576666438372874e-17,0.0,1.1877300210016983e-07,0.0
5,0,1.2896868136344384e-17,0.0,1.1877300210016983e-07,0.0
5,0,1.7651194656687618e-17,0.0,1.1877300210016983e-07,0.0
5,0,2.829585123073139e-17,0.0,1.1877300210016983e-07,0.0
5,0,5.482231616391775e-17,0.0,1.1877300210016983e-07,0.0
5,0,1.2170369778848104e-16,0.0,1.1877300210016983e-07,0.0
5,0,2.948511839113825e-16,0.0,1.1877300210016983e-07,0.0
5,0,7.504568874830389e-16,0.0,1.1877300210016983e-07,0.0
5,0,1.9477309510986206e-15,0.0,1.1877300210016983e-07,0.0
5,0,5.056509058105173e-15,0.0,1.1877300210016983e-07,0.0
5,0,1.2658354334393368e-14,0.0,1.1877300210016983e-07,0.0
5,0,2.933800071938086e-14,0.0,1.1877300210016983e-07,0.0
5,0,6.280240165333541e-14,0.0,1.1877300210016983e-07,0.0
5,0,1.203358363905985e-13,0.0,1.1877300210016983e-07,0.0
5,0,2.090026494201878e-13,0.0,1.1877300210016983e-07,0.0
5,0,3.400670012392941e-13,0.0,1.1877300210016983e-07,0.0
5,0,5.278265803700123e-13,0.0,1.1877300210016983e-07,0.0
5,0,7.446406658392704e-13,0.0,1.1877300210016983e-07,0.0
5,0,9.093708146338965e-13,0.0,1.1877300210016983e-07,0.0
5,0,9.61428025018938e-13,0.0,1.1877300210016983e-07,0.0
5,0,9.044007633783731e-13,0.0,1.1877300210016983e-07,0.0
5,0,7.690007856904131e-13,0.0,1.1877300210016983e-07,0.0
5,0,5.970210078957213e-13,0.0,1.1877300210016983e-07,0.0
5,0,4.1946349488608346e-13,0.0,1.1877300210016983e-07,0.0
5,0,2.634592526659093e-13,0.0,1.1877300210016983e-07,0.0
5,0,1.453359521541538e-13,0.0,1.1877300210016983e-07,0.0
5,0,7.067971490680785e-14,0.0,1.1877300210016983e-07,0.0
5,0,3.0962356887191906e-14,0.0,1.1877300210016983e-07,0.0
5,0,1.3059344707980454e-14,0.0,1.1877300210016983e-07,0.0
5,0,5.597074164596601e-15,0.0,1.1877300210016983e-07,0.0
5,0,2.4940611214694877e-15,0.0,1.1877300210016983e-07,0.0
5,0,1.1664232983727954e-15,0.0,1.1877300210016983e-07,0.0
5,0,5.734308005477043e-16,0.0,1.1877300210016983e-07,0.0
5,0,2.9900741071896815e-16,0.0,1.1877300210016983e-07,0.0
5,0,1.698219401489747e-16,0.0,1.1877300210016983e-07,0.0
5,0,1.0829836494181478e-16,0.0,1.1877300210016983e-07,0.0
5,0,7.98577311808343e-17,0.0,1.1877300210016983e-07,0.0
5,0,6.963489114086996e-17,0.0,1.1877300210016983e-07,0.0
5,0,7.220483546615931e-17,0.0,1.1877300210016983e-07,0.0
5,0,8.924117798716558e-17,0.0,1.1877300210016983e-07,0.0
5,0,1.3014458655196269e-16,0.0,1.1877300210016983e-07,0.0
5,0,2.1757731475784183e-16,0.0,1.1877300210016983e-07,0.0
5,0,4.000212655494408e-16,0.0,1.1877300210016983e-07,0.0
5,0,7.715418225801354e-16,0.0,1.1877300210016983e-07,0.0
5,0,1.4820501968664952e-15,0.0,1.1877300210016983e-07,0.0
5,0,2.7561130522981415e-15,0.0,1.1877300210016983e-07,0.0
5,0,5.041451047274476e-15,0.0,1.1877300210016983e-07,0.0
5,0,8.856642878052141e-15,0.0,1.1877300210016983e-07,0.0
5,0,1.476047294598536e-14,0.0,1.1877300210016983e-07,0.0
5,0,2.2909196380402218e-14,0.0,1.1877300210016983e-07,0.0
5,0,3.342985532854841e-14,0.0,1.1877300210016983e-07,0.0
5,0,4.379600833306289e-14,0.0,1.1877300210016983e-07,0.0
5,0,5.0695167706417765e-14,0.0,1.1877300210016983e-07,0.0
5,0,5.305524725855215e-14,0.0,1.1877300210016983e-07,0.0
5,0,5.0351922841708883e-14,0.0,1.1877300210016983e-07,0.0
5,0,4.3303889212234383e-14,0.0,1.1877300210016983e-07,0.0
5,0,3.3487952005281936e-14,0.0,1.1877300210016983e-07,0.0
5,0,2.36840314509465e-14,0.0,1.1877300210016983e-07,0.0
5,0,1.5395556540695748e-14,0.0,1.1877300210016983e-07,0.0
5,0,9.084285271964165e-15,0.0,1.1877300210016983e-07,0.0
5,0,5.043698684869008e-15,0.0,1.1877300210016983e-07,0.0
5,0,2.7627531468795345e-15,0.0,1.1877300210016983e-07,0.0
5,0,1.5537633462680014e-15,0.0,1.1877300210016983e-07,0.0
5,0,9.234646275487394e-16,0.0,1.1877300210016983e-07,0.0
5,0,5.602257686308814e-16,0.0,1.1877300210016983e-07,0.0
5,0,3.421591203471852e-16,0.0,1.1877300210016983e-07,0.0
5,0,2.170665127605899e-16,0.0,1.1877300210016983e-07,0.0
5,0,1.562786084417672e-16,0.0,1.1877300210016983e-07,0.0
5,0,1.3143513442771473e-16,0.0,1.1877300210016983e-07,0.0
5,0,1.3403727700752683e-16,0.0,1.1877300210016983e-07,0.0
5,0,1.6813982315085081e-16,0.0,1.1877300210016983e-07,0.0
5,0,2.4897929407671146e-16,0.0,1.1877300210016983e-07,0.0
5,0,4.312730902095408e-16,0.0,1.1877300210016983e-07,0.0
5,0,8.583391708867736e-16,0.0,1.1877300210016983e-07,0.0
5,0,1.8282942834279406e-15,0.0,1.1877300210016983e-07,0.0
5,0,3.907886360672715e-15,0.0,1.1877300210016983e-07,0.0
5,0,8.077072403430215e-15,0.0,1.1877300210016983e-07,0.0
5,0,1.616893211129957e-14,0.0,1.1877300210016983e-07,0.0
5,0,3.1748770077940023e-14,0.0,1.1877300210016983e-07,0.0
5,0,5.932175753667674e-14,0.0,1.1877300210016983e-07,0.0
5,0,1.0154293988032348e-13,0.0,1.1877300210016983e-07,0.0
5,0,1.6334186016331893e-13,0.0,1.1877300210016983e-07,0.0
5,0,2.0482620212673288e-13,0.0,1.1877300210016983e-07,0.0
5,0,2.419730904395004e-13,0.0,1.1877300210016983e-07,0.0
5,0,2.577627441670955e-13,0.0,1.1877300210016983e-07,0.0
5,0,2.531547133082068e-13,0.0,1.1877300210016983e-07,0.0
5,0,2.2710985045486355e-13,0.0,1.1877300210016983e-07,0.0
5,0,1.8405537306267637e-13,0.0,1.1877300210016983e-07,0.0
5,0,1.336357719279779e-13,0.0,1.1877300210016983e-07,0.0
5,0,8.717832258253128e-14,0.0,1.1877300210016983e-07,0.0
5,0,5.287713339383903e-14,0.0,1.1877300210016983e-07,0.0
5,0,3.10409787371081e-14,0.0,1.1877300210016983e-07,0.0
5,0,1.8575333862443114e-14,0.0,1.1877300210016983e-07,0.0
5,0,1.1287515904160453e-14,0.0,1.1877300210016983e-07,0.0
5,0,6.740640325358955e-15,0.0,1.1877300210016983e-07,0.0
5,0,3.87148786674871e-15,0.0,1.1877300210016983e-07,0.0
5,0,2.2177842024535443e-15,0.0,1.1877300210016983e-07,0.0
5,0,1.2885155642694378e-15,0.0,1.1877300210016983e-07,0.0
5,0,8.102036747129779e-16,0.0,1.1877300210016983e-07,0.0
5,0,5.555000119671734e-16,0.0,1.1877300210016983e-07,0.0
5,0,4.2975427233903145e-16,0.0,1.1877300210016983e-07,0.0
5,0,3.805682815024919e-16,0.0,1.1877300210016983e-07,0.0
5,0,3.848022166471829e-16,0.0,1.1877300210016983e-07,0.0
5,0,4.357042224288448e-16,0.0,1.1877300210016983e-07,0.0
5,0,5.582567538648309e-16,0.0,1.1877300210016983e-07,0.0
5,0,8.148840959589585e-16,0.0,1.1877300210016983e-07,0.0
5,0,1.3280076941552651e-15,0.0,1.1877300210016983e-07,0.0
5,0,2.3370485811986574e-15,0.0,1.1877300210016983e-07,0.0
5,0,4.165141662160415e-15,0.0,1.1877300210016983e-07,0.0
5,0,7.361408409816136e-15,0.0,1.1877300210016983e-07,0.0
5,0,1.2888921312871022e-14,0.0,1.1877300210016983e-07,0.0
5,0,2.215083909881922e-14,0.0,1.1877300210016983e-07,0.0
5,0,3.690848147806846e-14,0.0,1.1877300210016983e-07,0.0
5,0,5.937019792629493e-14,0.0,1.1877300210016983e-07,0.0
5,0,9.11862090324077e-14,0.0,1.1877300210016983e-07,0.0
5,0,1.2847740966868213e-13,0.0,1.1877300210016983e-07,0.0
5,0,1.674857895916353e-13,0.0,1.1877300210016983e-07,0.0
5,0,2.0377552215021237e-13,0.0,1.1877300210016983e-07,0.0
5,0,2.2713564888726882e-13,0.0,1.1877300210016983e-07,0.0
5,0,2.276238074780748e-13,0.0,1.1877300210016983e-07,0.0
5,0,2.0868175600322364e-13,0.0,1.1877300210016983e-07,0.0
5,0,1.7966538172602105e-13,0.0,1.1877300210016983e-07,0.0
5,0,1.5308230545255115e-13,0.0,1.1877300210016983e-07,0.0
5,0,1.2950744183215662e-13,0.0,1.1877300210016983e-07,0.0
5,0,1.0418380480315596e-13,0.0,1.1877300210016983e-07,0.0
5,0,8.122761844190401e-14,0.0,1.1877300210016983e-07,0.0
5,0,6.266951358566252e-14,0.0,1.1877300210016983e-07,0.0
5,0,4.710949869199015e-14,0.0,1.1877300210016983e-07,0.0
5,0,3.4511692765003783e-14,0.0,1.1877300210016983e-07,0.0
5,0,2.498284926470743e-14,0.0,1.1877300210016983e-07,0.0
5,0,1.838964657546651e-14,0.0,1.1877300210016983e-07,0.0
5,0,1.394461041964255e-14,0.0,1.1877300210016983e-07,0.0
5,0,1.102366831270364e-14,0.0,1.1877300210016983e-07,0.0
5,0,9.486785053357645e-15,0.0,1.1877300210016983e-07,0.0
5,0,8.771387044671927e-15,0.0,1.1877300210016983e-07,0.0
5,0,8.669469872616887e-15,0.0,1.1877300210016983e-07,0.0
5,0,9.220852589297587e-15,0.0,1.1877300210016983e-07,0.0
5,0,1.0544801418275271e-14,0.0,1.1877300210016983e-07,0.0
5,0,1.3423561431669049e-14,0.0,1.1877300210016983e-07,0.0
5,0,1.7589400806034547e-14,0.0,1.1877300210016983e-07,0.0
5,0,2.2627286568572034e-14,0.0,1.1877300210016983e-07,0.0
5,0,2.7835619934748093e-14,0.0,1.1877300210016983e-07,0.0
5,0,3.375928176870594e-14,0.0,1.1877300210016983e-07,0.0
5,0,4.203086344235252e-14,0.0,1.1877300210016983e-07,0.0
5,0,5.249264799639034e-14,0.0,1.1877300210016983e-07,0.0
5,0,6.623897973888328e-14,0.0,1.1877300210016983e-07,0.0
5,0,8.250795714584141e-14,0.0,1.1877300210016983e-07,0.0
5,0,9.571303105333862e-14,0.0,1.1877300210016983e-07,0.0
5,0,1.0486399694915935e-13,0.0,1.1877300210016983e-07,0.0
5,0,1.0897961532702146e-13,0.0,1.1877300210016983e-07,0.0
5,0,1.0662405737910403e-13,0.0,1.1877300210016983e-07,0.0
5,0,9.813245488964312e-14,0.0,1.1877300210016983e-07,0.0
5,0,8.657169212458695e-14,0.0,1.1877300210016983e-07,0.0
5,0,7.451384309372075e-14,0.0,1.1877300210016983e-07,0.0
5,0,6.375369225867273e-14,0.0,1.1877300210016983e-07,0.0
5,0,5.330985138808913e-14,0.0,1.1877300210016983e-07,0.0
5,0,4.281883201824784e-14,0.0,1.1877300210016983e-07,0.0
5,0,3.342387019813301e-14,0.0,1.1877300210016983e-07,0.0
5,0,2.5890819114605755e-14,0.0,1.1877300210016983e-07,0.0
5,0,1.9696186612039503e-14,0.0,1.1877300210016983e-07,0.0
5,0,1.4424120368022974e-14,0.0,1.1877300210016983e-07,0.0
5,0,1.0356979263719257e-14,0.0,1.1877300210016983e-07,0.0
5,0,7.51565828101315e-15,0.0,1.1877300210016983e-07,0.0
5,0,5.605652733232657e-15,0.0,1.1877300210016983e-07,0.0
5,0,4.386155358624184e-15,0.0,1.1877300210016983e-07,0.0
5,0,3.780348685144774e-15,0.0,1.1877300210016983e-07,0.0
5,0,3.5405314310832256e-15,0.0,1.1877300210016983e-07,0.0
5,0,3.611053309436803e-15,0.0,1.1877300210016983e-07,0.0
5,0,3.935665335780522e-15,0.0,1.1877300210016983e-07,0.0
5,0,4.712502131459782e-15,0.0,1.1877300210016983e-07,0.0
5,0,6.217495718079169e-15,0.0,1.1877300210016983e-07,0.0
5,0,8.627720972924071e-15,0.0,1.1877300210016983e-07,0.0
5,0,1.1709317592356816e-14,0.0,1.1877300210016983e-07,0.0
5,0,1.5836951200961213e-14,0.0,1.1877300210016983e-07,0.0
5,0,2.142356917011239e-14,0.0,1.1877300210016983e-07,0.0
5,0,2.9678366324842196e-14,0.0,1.1877300210016983e-07,0.0
5,0,4.218188807132012e-14,0.0,1.1877300210016983e-07,0.0
5,0,6.082643543249836e-14,0.0,1.1877300210016983e-07,0.0
5,0,8.745167270433376e-14,0.0,1.1877300210016983e-07,0.0
5,0,1.2141092491376558e-13,0.0,1.1877300210016983e-07,0.0
5,0,1.5953373049282302e-13,0.0,1.1877300210016983e-07,0.0
5,0,2.0303848038096436e-13,0.0,1.1877300210016983e-07,0.0
5,0,2.498496040795183e-13,0.0,1.1877300210016983e-07,0.0
5,0,2.965468299919154e-13,0.0,1.1877300210016983e-07,0.0
5,0,3.3067961432897857e-13,0.0,1.1877300210016983e-07,0.0
5,0,3.4824048242790435e-13,0.0,1.1877300210016983e-07,0.0
5,0,3.57419744578834e-13,0.0,1.1877300210016983e-07,0.0
5,0,3.502222751710813e-13,0.0,1.1877300210016983e-07,0.0
5,0,3.247423385713527e-13,0.0,1.1877300210016983e-07,0.0
5,0,2.8598450295742957e-13,0.0,1.1877300210016983e-07,0.0
5,0,2.4336870456588583e-13,0.0,1.1877300210016983e-07,0.0
5,0,2.0222847242988715e-13,0.0,1.1877300210016983e-07,0.0
5,0,1.6656254806522052e-13,0.0,1.1877300210016983e-07,0.0
5,0,1.393313245720487e-13,0.0,1.1877300210016983e-07,0.0
5,0,1.2065957238202394e-13,0.0,1.1877300210016983e-07,0.0
5,0,1.0859547882981006e-13,0.0,1.1877300210016983e-07,0.0
5,0,1.0137990747596427e-13,0.0,1.1877300210016983e-07,0.0
5,0,1.0001952578097053e-13,0.0,1.1877300210016983e-07,0.0
5,0,1.0439823897118898e-13,0.0,1.1877300210016983e-07,0.0
5,0,1.1480884599544494e-13,0.0,1.1877300210016983e-07,0.0
5,0,1.3704965302392035e-13,0.0,1.1877300210016983e-07,0.0
5,0,1.7960855616505864e-13,0.0,1.1877300210016983e-07,0.0
5,0,2.501819454364728e-13,0.0,1.1877300210016983e-07,0.0
5,0,3.499363100384679e-13,0.0,1.1877300210016983e-07,0.0
5,0,4.733792780525675e-13,0.0,1.1877300210016983e-07,0.0
5,0,6.110488719057036e-13,0.0,1.1877300210016983e-07,0.0
5,0,7.602748651074573e-13,0.0,1.1877300210016983e-07,0.0
5,0,9.265575251484228e-13,0.0,1.1877300210016983e-07,0.0
5,0,1.1160274609708407e-12,0.0,1.1877300210016983e-07,0.0
5,0,1.3023440962805842e-12,0.0,1.1877300210016983e-07,0.0
5,0,1.4479063671453643e-12,0.0,1.1877300210016983e-07,0.0
5,0,1.5503423401011078e-12,0.0,1.1877300210016983e-07,0.0
5,0,1.5882507802040946e-12,0.0,1.1877300210016983e-07,0.0
5,0,1.521392456482302e-12,0.0,1.1877300210016983e-07,0.0
5,0,1.3615995935333239e-12,0.0,1.1877300210016983e-07,0.0
5,0,1.1719583839672118e-12,0.0,1.1877300210016983e-07,0.0
5,0,9.917811168585947e-13,0.0,1.1877300210016983e-07,0.0
5,0,8.254906120045044e-13,0.0,1.1877300210016983e-07,0.0
5,0,6.593481830769502e-13,0.0,1.1877300210016983e-07,0.0
5,0,5.10987604971685e-13,0.0,1.1877300210016983e-07,0.0
5,0,3.8139990108564574e-13,0.0,1.1877300210016983e-07,0.0
5,0,2.9649298689220717e-13,0.0,1.1877300210016983e-07,0.0
5,0,2.4373289537557885e-13,0.0,1.1877300210016983e-07,0.0
5,0,2.0534777434908225e-13,0.0,1.1877300210016983e-07,0.0
5,0,1.7194316371313154e-13,0.0,1.1877300210016983e-07,0.0
5,0,1.4373786069965756e-13,0.0,1.1877300210016983e-07,0.0
5,0,1.260172157685604e-13,0.0,1.1877300210016983e-07,0.0
5,0,1.156813358104304e-13,0.0,1.1877300210016983e-07,0.0
5,0,1.1016370893225836e-13,0.0,1.1877300210016983e-07,0.0
5,0,1.0784504626194868e-13,0.0,1.1877300210016983e-07,0.0
5,0,1.1037444718123227e-13,0.0,1.1877300210016983e-07,0.0
5,0,1.1982551593048003e-13,0.0,1.1877300210016983e-07,0.0
5,0,1.4164364532093978e-13,0.0,1.1877300210016983e-07,0.0
5,0,1.898952504135111e-13,0.0,1.1877300210016983e-07,0.0
5,0,2.8908176652933174e-13,0.0,1.1877300210016983e-07,0.0
5,0,4.695958518373853e-13,0.0,1.1877300210016983e-07,0.0
5,0,7.543887065263242e-13,0.0,1.1877300210016983e-07,0.0
5,0,1.1536230847781324e-12,0.0,1.1877300210016983e-07,0.0
5,0,1.7078848107200113e-12,0.0,1.1877300210016983e-07,0.0
5,0,2.5042030448231858e-12,0.0,1.1877300210016983e-07,0.0
5,0,3.580017462841062e-12,0.0,1.4084722010920814e-07,0.0
5,0,4.746121068286484e-12,0.0,1.4084722010920814e-07,0.0
5,0,5.732600733485299e-12,0.0,1.4084722010920814e-07,0.0
5,0,6.525993883889348e-12,0.0,1.4084722010920814e-07,0.0
5,0,7.51448951310446e-12,0.0,1.1877300210016983e-07,0.0
5,0,9.165738899946845e-12,0.0,1.1877300210016983e-07,0.0
5,0,1.134952992742628e-11,0.0,1.1877300210016983e-07,0.0
5,0,1.2990204392241595e-11,0.0,1.1877300210016983e-07,0.0
5,0,1.372493460848897e-11,0.0,1.1877300210016983e-07,0.0
5,0,1.29589089006582e-11,0.0,1.1877300210016983e-07,0.0
5,0,1.1364710633721312e-11,0.0,1.1877300210016983e-07,0.0
5,0,9.495107650964868e-12,0.0,1.1877300210016983e-07,0.0
5,0,7.676562085469702e-12,0.0,1.1877300210016983e-07,0.0
5,0,6.02216778869325e-12,0.0,1.1877300210016983e-07,0.0
5,0,4.5578577254820484e-12,0.0,1.1877300210016983e-07,0.0
5,0,3.297703049912551e-12,0.0,1.1877300210016983e-07,0.0
5,0,2.305373134445237e-12,0.0,1.1877300210016983e-07,0.0
5,0,1.570834164736375e-12,0.0,1.1877300210016983e-07,0.0
5,0,1.0540690475860626e-12,0.0,1.1877300210016983e-07,0.0
5,0,7.129918056309278e-13,0.0,1.1877300210016983e-07,0.0
5,0,4.91977643275536e-13,0.0,1.1877300210016983e-07,0.0
5,0,3.4881303540214904e-13,0.0,1.1877300210016983e-07,0.0
5,0,2.45990929988786e-13,0.0,1.1877300210016983e-07,0.0
5,0,1.7389374739248672e-13,0.0,1.1877300210016983e-07,0.0
5,0,1.2849747881710636e-13,0.0,1.1877300210016983e-07,0.0
5,0,1.0645183965540132e-13,0.0,1.1877300210016983e-07,0.0
5,0,1.0340472875319653e-13,0.0,1.1877300210016983e-07,0.0
5,0,1.1300791624273442e-13,0.0,1.4084722010920814e-07,0.0
5,0,1.1994619479816043e-13,0.0,1.4568313133622723e-07,0.0
5,0,1.143017380892184e-13,0.0,1.4568313133622723e-07,0.0
5,0,1.0487886142252405e-13,0.0,1.7317218237167253e-07,0.0
5,0,9.626958306226065e-14,0.0,2.0306266890202096e-07,0.0
5,0,9.132934397589921e-14,0.0,2.032659409678672e-07,0.0
5,0,8.866713247751525e-14,0.0,2.0306266890202096e-07,0.0
5,0,8.512788481249143e-14,0.0,2.0306266890202096e-07,0.0
5,0,8.026400284856805e-14,0.0,2.0306266890202096e-07,0.0
5,0,7.321637767661192e-14,0.0,2.0306266890202096e-07,0.0
5,0,6.899573447317014e-14,0.0,2.0306266890202096e-07,0.0
5,0,6.90874953316871e-14,0.0,2.0306266890202096e-07,0.0
5,0,7.323919174011142e-14,0.0,2.0306266890202096e-07,0.0
5,0,8.159245114612747e-14,0.0,2.0306266890202096e-07,0.0
5,0,9.39439879587721e-14,0.0,2.0306266890202096e-07,0.0
5,0,1.0790996485752671e-13,0.0,1.8050747030429193e-07,0.0
5,0,1.2754147440080006e-13,0.0,1.8050747030429193e-07,0.0
5,0,1.5801411898734134e-13,0.0,1.8050747030429193e-07,0.0
5,0,2.1761607455404258e-13,0.0,1.8050747030429193e-07,0.0
5,0,3.373576763961439e-13,0.0,1.5393706576105615e-07,0.0
5,0,5.524985057286532e-13,0.0,1.5393706576105615e-07,0.0
5,0,9.159422810636603e-13,0.0,1.5393706576105615e-07,0.0
5,0,1.5074652302126696e-12,0.0,1.5393706576105615e-07,0.0
5,0,2.394386925353834e-12,0.0,1.5393706576105615e-07,0.0
5,0,3.5979917064129757e-12,0.0,1.5393706576105615e-07,0.0
5,0,5.1982635341311754e-12,0.0,1.8050747030429193e-07,0.0
5,0,7.482998988023671e-12,0.0,1.8050747030429193e-07,0.0
5,0,1.071810209246141e-11,0.0,1.8050747030429193e-07,0.0
5,0,1.4577318040457813e-11,0.0,1.7823477094225382e-07,0.0
5,0,1.8845368565463112e-11,0.0,1.7823477094225382e-07,0.0
5,0,2.317946835533824e-11,0.0,1.7823477094225382e-07,0.0
5,0,2.7511382279786175e-11,0.0,1.7823477094225382e-07,0.0
5,0,3.158596901027722e-11,0.0,1.7823477094225382e-07,0.0
5,0,3.3873318323683216e-11,0.0,1.7823477094225382e-07,0.0
5,0,3.302178513156294e-11,0.0,1.7823477094225382e-07,0.0
5,0,2.977987685261875e-11,0.0,1.7823477094225382e-07,0.0
5,0,2.5545957646473428e-11,0.0,1.7823477094225382e-07,0.0
5,0,2.1236146658957205e-11,0.0,1.7823477094225382e-07,0.0
5,0,1.7285245508112462e-11,0.0,1.7823477094225382e-07,0.0
5,0,1.3341743649329479e-11,0.0,1.7823477094225382e-07,0.0
5,0,9.668796080222414e-12,0.0,1.7823477094225382e-07,0.0
5,0,6.6850266083205895e-12,0.0,1.7823477094225382e-07,0.0
5,0,4.511922841166269e-12,0.0,1.7823477094225382e-07,0.0
5,0,3.076105702134795e-12,0.0,1.7823477094225382e-07,0.0
5,0,2.1166380145450326e-12,0.0,1.7823477094225382e-07,0.0
5,0,1.4649607039766771e-12,0.0,1.7823477094225382e-07,0.0
5,0,1.0219978153310758e-12,0.0,1.7823477094225382e-07,0.0
5,0,7.09587191818614e-13,0.0,1.7823477094225382e-07,0.0
5,0,5.041050687261532e-13,0.0,1.7823477094225382e-07,0.0
5,0,3.854265007037845e-13,0.0,1.7823477094225382e-07,0.0
5,0,3.4374460568491537e-13,0.0,1.7823477094225382e-07,0.0
5,0,3.5518449569618577e-13,0.0,1.7823477094225382e-07,0.0
5,0,4.170592914867898e-13,0.0,1.7823477094225382e-07,0.0
5,0,5.330152810045082e-13,0.0,1.7823477094225382e-07,0.0
5,0,7.016195723418149e-13,0.0,1.7823477094225382e-07,0.0
5,0,9.10933270019296e-13,0.0,1.7823477094225382e-07,0.0
5,0,1.1508403925001303e-12,0.0,1.7823477094225382e-07,0.0
5,0,1.503159258024378e-12,0.0,2.0050561033713166e-07,0.0
5,0,2.0988312217050886e-12,0.0,2.0050561033713166e-07,0.0
5,0,3.082258060810393e-12,0.0,2.0050561033713166e-07,0.0
5,0,4.6717596984261795e-12,0.0,2.0050561033713166e-07,0.0
5,0,7.028790178985207e-12,0.0,2.0050561033713166e-07,0.0
5,0,1.0093000756178397e-11,0.0,2.0050561033713166e-07,0.0
5,0,1.4432540736684858e-11,0.0,2.0050561033713166e-07,0.0
5,0,2.088688206969421e-11,0.0,2.0050561033713166e-07,0.0
5,0,3.0199363960239235e-11,0.0,2.0050561033713166e-07,0.0
5,0,4.1766946127865776e-11,0.0,2.0050561033713166e-07,0.0
5,0,5.001343491911635e-11,0.0,2.0050561033713166e-07,0.0
5,0,5.288191708377142e-11,0.0,2.0050561033713166e-07,0.0
5,0,5.063300980441953e-11,0.0,2.0050561033713166e-07,0.0
5,0,4.626321957061963e-11,0.0,2.0050561033713166e-07,0.0
5,0,4.1083202083268326e-11,0.0,2.0050561033713166e-07,0.0
5,0,3.473898754546454e-11,0.0,2.0050561033713166e-07,0.0
5,0,2.767400232077648e-11,0.0,2.0050561033713166e-07,0.0
5,0,2.160290096593106e-11,0.0,2.0050561033713166e-07,0.0
5,0,1.6519141299978222e-11,0.0,2.0050561033713166e-07,0.0
5,0,1.2579518587328619e-11,0.0,2.0050561033713166e-07,0.0
5,0,9.613835916069813e-12,0.0,2.0050561033713166e-07,0.0
5,0,7.312495957813346e-12,0.0,2.0050561033713166e-07,0.0
5,0,5.440080247144943e-12,0.0,2.0050561033713166e-07,0.0
5,0,3.9285776223693734e-12,0.0,2.0050561033713166e-07,0.0
5,0,2.7799581506091857e-12,0.0,2.0050561033713166e-07,0.0
5,0,2.0052341115409163e-12,0.0,2.0050561033713166e-07,0.0
5,0,1.5451945990553267e-12,0.0,2.0050561033713166e-07,0.0
5,0,1.2802619881050299e-12,0.0,2.0050561033713166e-07,0.0
5,0,1.1317273776751249e-12,0.0,2.0050561033713166e-07,0.0
5,0,9.791115498419125e-13,0.0,2.0050561033713166e-07,0.0
5,0,8.134042681961123e-13,0.0,2.0050561033713166e-07,0.0
5,0,6.780158831265447e-13,0.0,2.0050561033713166e-07,0.0
5,0,6.03105325506204e-13,0.0,2.0050561033713166e-07,0.0
5,0,5.862598711985897e-13,0.0,2.0050561033713166e-07,0.0
5,0,5.898794851676816e-13,0.0,2.0050561033713166e-07,0.0
5,0,5.831815104405422e-13,0.0,2.0050561033713166e-07,0.0
5,0,5.63441430802141e-13,0.0,2.0050561033713166e-07,0.0
5,0,5.273658202619861e-13,0.0,2.0050561033713166e-07,0.0
5,0,5.184506837844222e-13,0.0,2.0050561033713166e-07,0.0
5,0,5.208710234695482e-13,0.0,2.0050561033713166e-07,0.0
5,0,5.550117718200365e-13,0.0,2.0050561033713166e-07,0.0
5,0,5.804891688863661e-13,0.0,2.0050561033713166e-07,0.0
5,0,5.367896029433086e-13,0.0,2.0070631023827445e-07,0.0
5,0,4.2506385974383664e-13,0.0,2.0070631023827445e-07,0.0
5,0,3.0093376574590116e-13,0.0,2.0070631023827445e-07,0.0
5,0,2.017844533527988e-13,0.0,2.0070631023827445e-07,0.0
5,0,1.3694755486518645e-13,0.0,2.0070631023827445e-07,0.0
5,0,9.133571005062483e-14,0.0,2.0070631023827445e-07,0.0
5,0,5.881590307027092e-14,0.0,2.0070631023827445e-07,0.0
5,0,3.579499913097632e-14,0.0,2.0070631023827445e-07,0.0
5,0,2.0746913395554226e-14,0.0,2.0070631023827445e-07,0.0
5,0,1.2142598379086498e-14,0.0,2.0070631023827445e-07,0.0
5,0,6.8707902579744684e-15,0.0,2.0070631023827445e-07,0.0
5,0,5.000081804874876e-15,0.0,2.0070631023827445e-07,0.0
5,0,3.847025373475295e-15,0.0,2.0070631023827445e-07,0.0
5,0,3.3914162004798015e-15,0.0,2.411104560451349e-07,0.0
5,0,3.873694372557448e-15,0.0,2.411104560451349e-07,0.0
5,0,3.3557157513270127e-15,0.0,2.411104560451349e-07,0.0
5,0,3.2434983638961014e-15,0.0,2.411104560451349e-07,0.0
5,0,3.717625343120285e-15,0.0,2.411104560451349e-07,0.0
5,0,5.190489320738938e-15,0.0,1.8863426021198393e-07,0.0
5,0,8.292189343169495e-15,0.0,2.2299009572179784e-07,0.0
5,0,1.4877353694069885e-14,0.0,2.2299009572179784e-07,0.0
5,0,2.797111145641332e-14,0.0,2.2299009572179784e-07,0.0
5,0,5.149225233643021e-14,0.0,2.2299009572179784e-07,0.0
5,0,8.775299465425903e-14,0.0,2.2299009572179784e-07,0.0
5,0,1.3967550819686557e-13,0.0,2.2299009572179784e-07,0.0
5,0,2.113520985457656e-13,0.0,2.2299009572179784e-07,0.0
5,0,3.1386438417118373e-13,0.0,2.2299009572179784e-07,0.0
5,0,4.633604957617888e-13,0.0,2.2299009572179784e-07,0.0
5,0,6.388842824321473e-13,0.0,2.2299009572179784e-07,0.0
5,0,8.422379181081932e-13,0.0,1.8562246850706288e-07,0.0
5,0,1.0427598087476488e-12,0.0,1.8562246850706288e-07,0.0
5,0,1.2409544378599631e-12,0.0,1.8562246850706288e-07,0.0
5,0,1.479516371967765e-12,0.0,1.8562246850706288e-07,0.0
5,0,1.6809024079693218e-12,0.0,1.8562246850706288e-07,0.0
5,0,1.8001928321691037e-12,0.0,1.8562246850706288e-07,0.0
5,0,1.6756183104051864e-12,0.0,1.8562246850706288e-07,0.0
5,0,1.3308040269887995e-12,0.0,1.8562246850706288e-07,0.0
5,0,9.446169164454963e-13,0.0,1.8562246850706288e-07,0.0
5,0,6.242875417214542e-13,0.0,1.8562246850706288e-07,0.0
5,0,3.876536934344963e-13,0.0,1.8562246850706288e-07,0.0
5,0,2.2611760546116318e-13,0.0,1.8562246850706288e-07,0.0
5,0,1.2596964655143855e-13,0.0,1.8562246850706288e-07,0.0
5,0,6.923974056785194e-14,0.0,1.8562246850706288e-07,0.0
5,0,3.974742481961771e-14,0.0,2.2299009572179784e-07,0.0
5,0,2.51696852022991e-14,0.0,2.2299009572179784e-07,0.0
5,0,1.6675549220873866e-14,0.0,2.2299009572179784e-07,0.0
5,0,1.1343766707719759e-14,0.0,2.2299009572179784e-07,0.0
5,0,8.251466926511298e-15,0.0,2.2299009572179784e-07,0.0
5,0,6.548414424227555e-15,0.0,2.2299009572179784e-07,0.0
5,0,6.2119395185799366e-15,0.0,2.2299009572179784e-07,0.0
5,0,7.127805186063989e-15,0.0,2.2299009572179784e-07,0.0
5,0,9.78642462275258e-15,0.0,2.2299009572179784e-07,0.0
5,0,1.5387590245434024e-14,0.0,2.2299009572179784e-07,0.0
5,0,2.5601226561687203e-14,0.0,2.2299009572179784e-07,0.0
5,0,4.0346893320117134e-14,0.0,2.2299009572179784e-07,0.0
5,0,5.932880546190237e-14,0.0,2.2299009572179784e-07,0.0
5,0,8.643324674955573e-14,0.0,2.2299009572179784e-07,0.0
5,0,1.368999340679044e-13,0.0,2.2299009572179784e-07,0.0
5,0,2.2648461976627032e-13,0.0,2.2299009572179784e-07,0.0
5,0,3.6680659682430513e-13,0.0,2.2299009572179784e-07,0.0
5,0,5.862988228541139e-13,0.0,2.2299009572179784e-07,0.0
5,0,8.668175754356322e-13,0.0,2.2299009572179784e-07,0.0
5,0,1.1866580240230347e-12,0.0,2.2299009572179784e-07,0.0
5,0,1.5266785442784332e-12,0.0,2.2299009572179784e-07,0.0
5,0,1.8630700741411503e-12,0.0,2.2860908188704343e-07,0.0
5,0,2.17216504587053e-12,0.0,2.2860908188704343e-07,0.0
5,0,2.230105121722164e-12,0.0,2.2860908188704343e-07,0.0
5,0,2.0807210517881095e-12,0.0,2.2860908188704343e-07,0.0
5,0,1.7138376558975976e-12,0.0,2.2860908188704343e-07,0.0
5,0,1.2774396942524234e-12,0.0,2.2860908188704343e-07,0.0
5,0,8.945537850066199e-13,0.0,2.2860908188704343e-07,0.0
5,0,5.816392388363747e-13,0.0,2.2860908188704343e-07,0.0
5,0,3.6315700920326943e-13,0.0,2.2860908188704343e-07,0.0
5,0,2.1458301242484155e-13,0.0,2.2860908188704343e-07,0.0
5,0,1.243673190258386e-13,0.0,2.2860908188704343e-07,0.0
5,0,7.464885588568846e-14,0.0,2.2860908188704343e-07,0.0
5,0,4.5899195089471675e-14,0.0,2.2860908188704343e-07,0.0
5,0,2.916180059399223e-14,0.0,2.2860908188704343e-07,0.0
5,0,1.9259464882101645e-14,0.0,2.2860908188704343e-07,0.0
5,0,1.358437770388551e-14,0.0,2.2860908188704343e-07,0.0
5,0,1.0947100022996174e-14,0.0,2.2299009572179784e-07,0.0
5,0,1.0382574320584364e-14,0.0,2.2299009572179784e-07,0.0
5,0,1.1270696310220968e-14,0.0,2.2299009572179784e-07,0.0
5,0,1.3791745119171573e-14,0.0,2.2299009572179784e-07,0.0
5,0,2.0494307417226154e-14,0.0,2.2299009572179784e-07,0.0
5,0,3.4526166284805925e-14,0.0,2.2299009572179784e-07,0.0
5,0,6.177251682253822e-14,0.0,2.2299009572179784e-07,0.0
5,0,1.0945402198664566e-13,0.0,2.2299009572179784e-07,0.0
5,0,1.9232623499045246e-13,0.0,2.2299009572179784e-07,0.0
5,0,3.5173911092828854e-13,0.0,2.2299009572179784e-07,0.0
5,0,6.703824107893658e-13,0.0,2.2299009572179784e-07,0.0
5,0,1.2636771909067049e-12,0.0,2.2299009572179784e-07,0.0
5,0,2.238260539254176e-12,0.0,2.2860908188704343e-07,0.0
5,0,3.5966569185634564e-12,0.0,2.2860908188704343e-07,0.0
5,0,5.199594260059793e-12,0.0,2.2860908188704343e-07,0.0
5,0,6.815630841532958e-12,0.0,2.2860908188704343e-07,0.0
5,0,8.339037398178295e-12,0.0,2.2860908188704343e-07,0.0
5,0,9.540623751116676e-12,0.0,2.2860908188704343e-07,0.0
5,0,9.825788972579057e-12,0.0,2.2860908188704343e-07,0.0
5,0,8.427325843768271e-12,0.0,2.2860908188704343e-07,0.0
5,0,6.339406865436272e-12,0.0,2.2860908188704343e-07,0.0
5,0,4.292391527048776e-12,0.0,2.2860908188704343e-07,0.0
5,0,2.6396007952108757e-12,0.0,2.2860908188704343e-07,0.0
5,0,1.4815542448232928e-12,0.0,2.2860908188704343e-07,0.0
5,0,7.545214587959272e-13,0.0,2.2860908188704343e-07,0.0
5,0,3.54611201743017e-13,0.0,2.2860908188704343e-07,0.0
5,0,1.5924115104082375e-13,0.0,2.2299009572179784e-07,0.0
5,0,6.780059386441683e-14,0.0,2.2299009572179784e-07,0.0
5,0,2.7174752980378273e-14,0.0,2.2299009572179784e-07,0.0
5,0,1.042832194211943e-14,0.0,2.2299009572179784e-07,0.0
5,0,3.95548919656361e-15,0.0,2.2299009572179784e-07,0.0
5,0,1.6253807209604362e-15,0.0,2.2299009572179784e-07,0.0
5,0,7.463692805170109e-16,0.0,2.2299009572179784e-07,0.0
5,0,4.385260787975639e-16,0.0,2.2299009572179784e-07,0.0
5,0,3.5805281771889293e-16,0.0,2.2299009572179784e-07,0.0
5,0,4.078801687501969e-16,0.0,2.2299009572179784e-07,0.0
5,0,5.849217882288409e-16,0.0,2.2299009572179784e-07,0.0
5,0,9.608345355664292e-16,0.0,2.2299009572179784e-07,0.0
5,0,1.6121250250410193e-15,0.0,2.2299009572179784e-07,0.0
5,0,3.0091953757264692e-15,0.0,2.2299009572179784e-07,0.0
5,0,6.547110893863376e-15,0.0,2.2299009572179784e-07,0.0
5,0,1.5718994036371994e-14,0.0,2.2299009572179784e-07,0.0
5,0,3.808062281170975e-14,0.0,2.2299009572179784e-07,0.0
5,0,8.260377314334321e-14,0.0,2.2299009572179784e-07,0.0
5,0,1.5667196666218685e-13,0.0,2.2299009572179784e-07,0.0
5,0,2.744826019785309e-13,0.0,2.2299009572179784e-07,0.0
5,0,4.578032368039462e-13,0.0,2.2299009572179784e-07,0.0
5,0,7.271826089826267e-13,0.0,2.2299009572179784e-07,0.0
5,0,9.62838115466799e-13,0.0,2.2299009572179784e-07,0.0
5,0,1.0683444074752681e-12,0.0,2.2299009572179784e-07,0.0
5,0,9.952941062504326e-13,0.0,2.2299009572179784e-07,0.0
5,0,8.068484915529331e-13,0.0,1.8562246850706288e-07,0.0
5,0,5.638748337505808e-13,0.0,1.8562246850706288e-07,0.0
5,0,3.429310772672071e-13,0.0,1.8562246850706288e-07,0.0
5,0,1.8484780857163894e-13,0.0,1.8562246850706288e-07,0.0
5,0,9.29728353268875e-14,0.0,1.8562246850706288e-07,0.0
5,0,4.4875268362631855e-14,0.0,1.8562246850706288e-07,0.0
5,0,2.101967413988581e-14,0.0,1.8562246850706288e-07,0.0
5,0,9.389450166739614e-15,0.0,1.8562246850706288e-07,0.0
5,0,3.894541127335502e-15,0.0,1.8562246850706288e-07,0.0
5,0,1.5383512653512524e-15,0.0,1.8562246850706288e-07,0.0
5,0,6.164297804162136e-16,0.0,1.8562246850706288e-07,0.0
5,0,2.702987778381027e-16,0.0,1.8543686053362762e-07,0.0
5,0,1.3889045196918054e-16,0.0,1.8543686053362762e-07,0.0
5,0,9.091431371161715e-17,0.0,1.8543686053362762e-07,0.0
5,0,8.119655660695562e-17,0.0,1.8543686053362762e-07,0.0
5,0,1.0288198574866123e-16,0.0,1.8543686053362762e-07,0.0
5,0,1.639659549300032e-16,0.0,1.8543686053362762e-07,0.0
5,0,2.724503241991171e-16,0.0,1.8543686053362762e-07,0.0
5,0,4.493827208420755e-16,0.0,1.8543686053362762e-07,0.0
5,0,7.741019590610963e-16,0.0,1.8543686053362762e-07,0.0
5,0,1.5144220454773238e-15,0.0,1.8543686053362762e-07,0.0
5,0,3.319700501812553e-15,0.0,1.8543686053362762e-07,0.0
5,0,7.630201773818098e-15,0.0,1.8543686053362762e-07,0.0
5,0,1.6493006792216864e-14,0.0,1.8543686053362762e-07,0.0
5,0,3.181271588159041e-14,0.0,1.8543686053362762e-07,0.0
5,0,5.572987054339211e-14,0.0,1.8543686053362762e-07,0.0
5,0,9.492519245726825e-14,0.0,1.8543686053362762e-07,0.0
5,0,1.485353107981992e-13,0.0,1.8543686053362762e-07,0.0
5,0,2.0752121203690914e-13,0.0,1.8543686053362762e-07,0.0
5,0,2.5010755782081854e-13,0.0,1.8543686053362762e-07,0.0
5,0,2.4904209675339003e-13,0.0,1.8543686053362762e-07,0.0
5,0,2.2020468043243452e-13,0.0,1.8543686053362762e-07,0.0
5,0,1.7720625102455928e-13,0.0,1.8543686053362762e-07,0.0
5,0,1.287947630370554e-13,0.0,1.8543686053362762e-07,0.0
5,0,8.095974569146911e-14,0.0,1.8543686053362762e-07,0.0
5,0,4.6331865992739755e-14,0.0,1.8543686053362762e-07,0.0
5,0,2.471915508403882e-14,0.0,1.8543686053362762e-07,0.0
5,0,1.258065372713017e-14,0.0,1.8543686053362762e-07,0.0
5,0,6.103009925561796e-15,0.0,1.8543686053362762e-07,0.0
5,0,2.7620636580699633e-15,0.0,1.8543686053362762e-07,0.0
5,0,1.1872337603461722e-15,0.0,1.8543686053362762e-07,0.0
5,0,4.984470626386838e-16,0.0,1.8543686053362762e-07,0.0
5,0,2.166717157086306e-16,0.0,1.8543686053362762e-07,0.0
5,0,1.0005634710873972e-16,0.0,1.8543686053362762e-07,0.0
5,0,5.1288079714734385e-17,0.0,1.8543686053362762e-07,0.0
5,0,3.278535228040798e-17,0.0,1.8543686053362762e-07,0.0
5,0,2.809697031372137e-17,0.0,1.8543686053362762e-07,0.0
5,0,3.2791218441686696e-17,0.0,1.8543686053362762e-07,0.0
5,0,4.9070640693445976e-17,0.0,1.8543686053362762e-07,0.0
5,0,7.63763074513667e-17,0.0,1.8543686053362762e-07,0.0
5,0,1.133743088325538e-16,0.0,1.8543686053362762e-07,0.0
5,0,1.8336255683852085e-16,0.0,1.8543686053362762e-07,0.0
5,0,3.3617180653445177e-16,0.0,1.8543686053362762e-07,0.0
5,0,7.333277838275611e-16,0.0,1.8543686053362762e-07,0.0
5,0,1.6606364083896755e-15,0.0,1.8543686053362762e-07,0.0
5,0,3.4517778163248373e-15,0.0,1.8543686053362762e-07,0.0
5,0,6.39499184070699e-15,0.0,1.8543686053362762e-07,0.0
5,0,1.0708199456947082e-14,0.0,1.8543686053362762e-07,0.0
5,0,1.70517218620006e-14,0.0,1.8543686053362762e-07,0.0
5,0,2.5119004120925902e-14,0.0,1.8543686053362762e-07,0.0
5,0,3.304103129804695e-14,0.0,1.8543686053362762e-07,0.0
5,0,3.730039671756739e-14,0.0,1.8543686053362762e-07,0.0
5,0,3.5317015809055324e-14,0.0,1.8543686053362762e-07,0.0
5,0,2.896392461947566e-14,0.0,1.8543686053362762e-07,0.0
5,0,2.1049413334552957e-14,0.0,1.8543686053362762e-07,0.0
5,0,1.3716616134611667e-14,0.0,1.8543686053362762e-07,0.0
5,0,7.925692686693679e-15,0.0,1.8543686053362762e-07,0.0
5,0,4.082582111656343e-15,0.0,1.8543686053362762e-07,0.0
5,0,1.969934132434032e-15,0.0,1.8543686053362762e-07,0.0
5,0,9.080417413844664e-16,0.0,1.8543686053362762e-07,0.0
5,0,4.099033603145736e-16,0.0,1.8543686053362762e-07,0.0
5,0,1.731338918415362e-16,0.0,1.8543686053362762e-07,0.0
5,0,7.206664649918963e-17,0.0,1.8543686053362762e-07,0.0
5,0,3.0449174710161085e-17,0.0,1.8543686053362762e-07,0.0
5,0,1.3334393299028726e-17,0.0,1.8543686053362762e-07,0.0
5,0,6.329108471788396e-18,0.0,1.8543686053362762e-07,0.0
5,0,3.7775097121421195e-18,0.0,1.8543686053362762e-07,0.0
5,0,3.2022184704764758e-18,0.0,1.8543686053362762e-07,0.0
5,0,4.048851697649894e-18,0.0,1.8543686053362762e-07,0.0
5,0,6.797693828498321e-18,0.0,1.8543686053362762e-07,0.0
5,0,1.2479661265163884e-17,0.0,1.8543686053362762e-07,0.0
5,0,2.1947740053289142e-17,0.0,1.8543686053362762e-07,0.0
5,0,3.760280853947234e-17,0.0,1.8543686053362762e-07,0.0
5,0,6.857543942187715e-17,0.0,1.8543686053362762e-07,0.0
5,0,1.4411433905569136e-16,0.0,1.8543686053362762e-07,0.0
5,0,3.209607883941885e-16,0.0,1.8543686053362762e-07,0.0
5,0,6.901318462793559e-16,0.0,1.8543686053362762e-07,0.0
5,0,1.2739505359131736e-15,0.0,1.8543686053362762e-07,0.0
5,0,1.9536095450033305e-15,0.0,1.8543686053362762e-07,0.0
5,0,2.793831142778994e-15,0.0,1.8543686053362762e-07,0.0
5,0,4.044459623288835e-15,0.0,1.8543686053362762e-07,0.0
5,0,5.413391762824521e-15,0.0,1.8543686053362762e-07,0.0
5,0,6.26280672793679e-15,0.0,1.8543686053362762e-07,0.0
5,0,6.014343025658057e-15,0.0,1.8543686053362762e-07,0.0
5,0,4.779349471489653e-15,0.0,1.8543686053362762e-07,0.0
5,0,3.2989310537922508e-15,0.0,1.8543686053362762e-07,0.0
5,0,2.04008174855479e-15,0.0,1.8543686053362762e-07,0.0
5,0,1.1181007967154895e-15,0.0,1.8543686053362762e-07,0.0
5,0,5.357787370830101e-16,0.0,1.8543686053362762e-07,0.0
5,0,2.276000975113006e-16,0.0,1.8543686053362762e-07,0.0
5,0,8.673960025549932e-17,0.0,1.8543686053362762e-07,0.0
5,0,2.9813958383933454e-17,0.0,1.8543686053362762e-07,0.0
5,0,9.367457182218701e-18,0.0,1.8543686053362762e-07,0.0
5,0,2.752486908417134e-18,0.0,1.8543686053362762e-07,0.0
5,0,7.557728727775983e-19,0.0,1.8543686053362762e-07,0.0
5,0,2.0711518972726637e-19,0.0,1.8543686053362762e-07,0.0
5,0,6.179521687699948e-20,0.0,1.8543686053362762e-07,0.0
5,0,2.2877697076390818e-20,0.0,1.8543686053362762e-07,0.0
5,0,1.1599591216764019e-20,0.0,1.8543686053362762e-07,0.0
5,0,9.015827885878317e-21,0.0,1.8543686053362762e-07,0.0
5,0,1.1495714823945971e-20,0.0,1.8543686053362762e-07,0.0
5,0,2.3395570693994158e-20,0.0,1.8543686053362762e-07,0.0
5,0,6.002978837334804e-20,0.0,1.8543686053362762e-07,0.0
5,0,1.5653228331097137e-19,0.0,1.8543686053362762e-07,0.0
5,0,3.8170870047689334e-19,0.0,1.8543686053362762e-07,0.0
5,0,9.739241101289166e-19,0.0,1.8543686053362762e-07,0.0
5,0,2.7187664650753523e-18,0.0,1.8543686053362762e-07,0.0
5,0,8.408019529550536e-18,0.0,1.8543686053362762e-07,0.0
5,0,2.768592493532569e-17,0.0,1.8543686053362762e-07,0.0
5,0,8.831875033994912e-17,0.0,1.8543686053362762e-07,0.0
5,0,2.5509668135081135e-16,0.0,1.8543686053362762e-07,0.0
5,0,6.562473438773123e-16,0.0,1.8543686053362762e-07,0.0
5,0,1.4832601604997001e-15,0.0,1.8543686053362762e-07,0.0
5,0,2.8259536974425696e-15,0.0,1.8543686053362762e-07,0.0
5,0,4.5618128812408215e-15,0.0,1.8543686053362762e-07,0.0
5,0,6.419819999504499e-15,0.0,1.8543686053362762e-07,0.0
5,0,8.613897093948069e-15,0.0,1.8543686053362762e-07,0.0
5,0,1.0595991433142692e-14,0.0,1.8543686053362762e-07,0.0
5,0,1.1592143025127648e-14,0.0,1.8543686053362762e-07,0.0
5,0,1.1347381451577809e-14,0.0,1.5686680399085162e-07,0.0
5,0,1.0555400797763904e-14,0.0,1.9828080155548378e-07,0.0
5,0,8.888342376547791e-15,0.0,1.9828080155548378e-07,0.0
5,0,6.600852286388068e-15,0.0,2.0050561033713166e-07,0.0
5,0,4.37138865010943e-15,0.0,2.0070631023827445e-07,0.0
5,0,2.7038944758295423e-15,0.0,2.0070631023827445e-07,0.0
5,0,1.5753157985429008e-15,0.0,2.0070631023827445e-07,0.0
5,0,9.049304605129546e-16,0.0,2.0070631023827445e-07,0.0
5,0,5.258183860435749e-16,0.0,2.0070631023827445e-07,0.0
5,0,2.815978186691427e-16,0.0,2.0070631023827445e-07,0.0
5,0,1.3945010739959586e-16,0.0,2.0070631023827445e-07,0.0
5,0,6.538457467699717e-17,0.0,2.0070631023827445e-07,0.0
5,0,3.4224903584402137e-17,0.0,2.0070631023827445e-07,0.0
5,0,2.4224770757774858e-17,0.0,2.0070631023827445e-07,0.0
5,0,2.3288951865300378e-17,0.0,2.0070631023827445e-07,0.0
5,0,2.830998046374528e-17,0.0,2.0070631023827445e-07,0.0
5,0,4.1750136395908675e-17,0.0,2.0070631023827445e-07,0.0
5,0,6.470894286043942e-17,0.0,2.0070631023827445e-07,0.0
5,0,9.857394932756683e-17,0.0,2.0070631023827445e-07,0.0
5,0,1.4559227513827529e-16,0.0,2.0070631023827445e-07,0.0
5,0,2.1951858001753534e-16,0.0,2.0070631023827445e-07,0.0
5,0,3.709172733932203e-16,0.0,2.0070631023827445e-07,0.0
5,0,6.764535394992246e-16,0.0,2.0070631023827445e-07,0.0
5,0,1.285380030001822e-15,0.0,2.0070631023827445e-07,0.0
5,0,2.4373260260790982e-15,0.0,2.0070631023827445e-07,0.0
5,0,4.436967901415129e-15,0.0,2.0070631023827445e-07,0.0
5,0,7.669061390626509e-15,0.0,2.0070631023827445e-07,0.0
5,0,1.2681532058901986e-14,0.0,2.0070631023827445e-07,0.0
5,0,1.9860926486898223e-14,0.0,2.0070631023827445e-07,0.0
5,0,2.950926840819065e-14,0.0,2.0070631023827445e-07,0.0
5,0,4.092312564262585e-14,0.0,2.0070631023827445e-07,0.0
5,0,5.1737004711269606e-14,0.0,2.0070631023827445e-07,0.0
5,0,5.988296963806419e-14,0.0,2.0070631023827445e-07,0.0
5,0,6.432409160009262e-14,0.0,2.0070631023827445e-07,0.0
5,0,6.467338362413548e-14,0.0,2.0070631023827445e-07,0.0
5,0,6.035708600316562e-14,0.0,2.0070631023827445e-07,0.0
5,0,5.3330717734672865e-14,0.0,2.0070631023827445e-07,0.0
5,0,4.3398066400108514e-14,0.0,2.0070631023827445e-07,0.0
5,0,3.2717576151476547e-14,0.0,2.0070631023827445e-07,0.0
5,0,2.3925399563118093e-14,0.0,2.0070631023827445e-07,0.0
5,0,1.8188910828159904e-14,0.0,2.0070631023827445e-07,0.0
5,0,1.4346088066815084e-14,0.0,2.0070631023827445e-07,0.0
5,0,1.0793045509932672e-14,0.0,2.0050561033713166e-07,0.0
5,0,7.933977928025992e-15,0.0,2.0050561033713166e-07,0.0
5,0,5.971265310718057e-15,0.0,2.0050561033713166e-07,0.0
5,0,4.9905853692778e-15,0.0,2.0050561033713166e-07,0.0
5,0,4.5986831552043105e-15,0.0,2.0050561033713166e-07,0.0
5,0,5.022127009200644e-15,0.0,2.0050561033713166e-07,0.0
5,0,6.390003385462754e-15,0.0,2.0050561033713166e-07,0.0
5,0,8.426610834881184e-15,0.0,2.0050561033713166e-07,0.0
5,0,1.0642321899397119e-14,0.0,2.0050561033713166e-07,0.0
5,0,1.3053752204240825e-14,0.0,2.0050561033713166e-07,0.0
5,0,1.6720974389493608e-14,0.0,2.0050561033713166e-07,0.0
5,0,2.2233186275055534e-14,0.0,2.0050561033713166e-07,0.0
5,0,3.0359820390454313e-14,0.0,2.0050561033713166e-07,0.0
5,0,4.096261299049172e-14,0.0,2.0306266890202096e-07,0.0
5,0,5.377979261312366e-14,0.0,2.0306266890202096e-07,0.0
5,0,6.71595684168474e-14,0.0,2.0306266890202096e-07,0.0
5,0,7.914498673178177e-14,0.0,2.0306266890202096e-07,0.0
5,0,9.098862232446827e-14,0.0,2.0050561033713166e-07,0.0
5,0,1.0576537962051961e-13,0.0,2.0050561033713166e-07,0.0
5,0,1.243677566667452e-13,0.0,2.0050561033713166e-07,0.0
5,0,1.4104555794259165e-13,0.0,2.0050561033713166e-07,0.0
5,0,1.4692245316304977e-13,0.0,2.0306266890202096e-07,0.0
5,0,1.3259793533920874e-13,0.0,2.0306266890202096e-07,0.0
5,0,1.0747415276119899e-13,0.0,2.0306266890202096e-07,0.0
5,0,8.526321927253428e-14,0.0,2.0306266890202096e-07,0.0
5,0,6.923855128615897e-14,0.0,2.0306266890202096e-07,0.0
5,0,5.705713917179636e-14,0.0,2.0306266890202096e-07,0.0
5,0,4.6604871612630734e-14,0.0,2.0306266890202096e-07,0.0
5,0,3.7552231538235066e-14,0.0,2.0050561033713166e-07,0.0
5,0,3.042119938239508e-14,0.0,2.0050561033713166e-07,0.0
5,0,2.5287925223927013e-14,0.0,2.0050561033713166e-07,0.0
5,0,2.1944953541878982e-14,0.0,2.0306266890202096e-07,0.0
5,0,2.0002162053511145e-14,0.0,2.0306266890202096e-07,0.0
5,0,1.9296316165872433e-14,0.0,2.0306266890202096e-07,0.0
5,0,2.121039273407845e-14,0.0,2.0306266890202096e-07,0.0
5,0,1.8760821098387828e-14,0.0,2.0306266890202096e-07,0.0
5,0,2.051734870683035e-14,0.0,1.4568313133622723e-07,0.0
5,0,2.4530666479733656e-14,0.0,1.4568313133622723e-07,0.0
5,0,3.868162321348572e-14,0.0,1.4568313133622723e-07,0.0
5,0,5.5696001382526617e-14,0.0,1.1889199669212758e-07,0.0
5,0,7.392730148831257e-14,0.0,1.1889199669212758e-07,0.0
5,0,9.493091834570386e-14,0.0,1.1889199669212758e-07,0.0
5,0,1.2132205928543794e-13,0.0,1.1889199669212758e-07,0.0
5,0,1.60575487104759e-13,0.0,1.1889199669212758e-07,0.0
5,0,2.146210783594574e-13,0.0,1.1889199669212758e-07,0.0
5,0,2.765113632595519e-13,0.0,1.1889199669212758e-07,0.0
5,0,3.31548991876828e-13,0.0,1.4282599636317173e-07,0.0
5,0,3.581047387695382e-13,0.0,1.693705087291164e-07,0.0
5,0,3.5144144087095677e-13,0.0,1.7959997933303384e-07,0.0
5,0,3.355379717849492e-13,0.0,2.5033818928932305e-07,0.0
5,0,3.1851214012729445e-13,0.0,2.4718630697861954e-07,0.0
5,0,3.011220865464248e-13,0.0,2.411104560451349e-07,0.0
5,0,2.783954082711889e-13,0.0,2.411104560451349e-07,0.0
5,0,2.565769841433013e-13,0.0,2.0070631023827445e-07,0.0
5,0,2.381411624519522e-13,0.0,2.0070631023827445e-07,0.0
5,0,2.1219788295164932e-13,0.0,2.0070631023827445e-07,0.0
5,0,1.841217221149941e-13,0.0,2.0070631023827445e-07,0.0
5,0,1.5969058796958038e-13,0.0,2.0050561033713166e-07,0.0
5,0,1.4379614683098608e-13,0.0,2.0050561033713166e-07,0.0
5,0,1.4278307275896424e-13,0.0,2.0050561033713166e-07,0.0
5,0,1.6380851678776258e-13,0.0,2.0050561033713166e-07,0.0
5,0,2.079271968968392e-13,0.0,1.9828080155548378e-07,0.0
5,0,2.8132149024264233e-13,0.0,1.8543686053362762e-07,0.0
5,0,4.051546366603864e-13,0.0,1.8543686053362762e-07,0.0
5,0,6.339365036765185e-13,0.0,2.291458116587819e-07,0.0
5,0,1.0730580624701348e-12,0.0,2.291458116587819e-07,0.0
5,0,1.9800321139782255e-12,0.0,2.5538889758536243e-07,0.0
5,0,3.691481923994249e-12,0.0,2.5825400484791317e-07,0.0
5,0,6.771607653153903e-12,0.0,2.5825400484791317e-07,0.0
5,0,1.3195788485049653e-11,0.0,2.5825400484791317e-07,0.0
5,0,2.7190862105360313e-11,0.0,2.4776664986347896e-07,0.0
5,0,5.4767963202808035e-11,0.0,3.204363565600943e-07,0.0
5,0,1.0689371945384624e-10,0.0,3.260323921949748e-07,0.0
5,0,1.9867330459574586e-10,0.0,3.4017267580566113e-07,0.0
5,0,3.5970801852185287e-10,0.0,3.4017267580566113e-07,0.0
5,0,6.248369491054817e-10,0.0,3.4017267580566113e-07,0.0
5,0,1.053935891625406e-09,0.0,3.4017267580566113e-07,0.0
5,0,1.7084737248577575e-09,0.0,3.108463602075062e-07,0.0
5,0,2.637467469936835e-09,0.0,3.108463602075062e-07,0.0
5,0,3.813683010771352e-09,0.0,3.148099665395421e-07,0.0
5,0,5.121706841682368e-09,0.0,3.7818432474523433e-07,0.0
5,0,6.287641206208573e-09,0.0,3.7818432474523433e-07,0.0
5,0,7.82190348331381e-09,0.0,3.7818432474523433e-07,0.0
5,0,9.558108163860302e-09,0.0,3.877142944475054e-07,0.0
5,0,1.2142882574036949e-08,0.0,3.3064341664612584e-07,0.0
5,0,1.4531873841413486e-08,0.0,3.7196903690528416e-07,0.0
5,0,1.637362368857563e-08,0.0,3.166841509028018e-07,0.0
5,0,1.7376107732997604e-08,0.0,3.166841509028018e-07,0.0
5,0,1.7730109199140734e-08,0.0,3.166841509028018e-07,0.0
5,0,1.8082747105211987e-08,0.0,3.166841509028018e-07,0.0
5,0,1.9008348475851307e-08,0.0,3.166841509028018e-07,0.0
5,0,2.0724580183642084e-08,0.0,3.1269689770851983e-07,0.0
5,0,2.2917156879372718e-08,0.0,3.1269689770851983e-07,0.0
5,0,2.5262491595741588e-08,0.0,3.477056509382237e-07,0.0
5,0,2.7482136903411283e-08,0.0,3.477056509382237e-07,0.0
5,0,2.95093979179014e-08,0.0,3.477056509382237e-07,0.0
5,0,3.277560070402306e-08,0.0,3.477056509382237e-07,0.0
5,0,3.8769443693906146e-08,0.0,3.5213929550081957e-07,0.0
5,0,4.90105312982327e-08,0.0,3.166841509028018e-07,0.0
5,0,6.381485319154216e-08,0.0,3.166841509028018e-07,0.0
5,0,8.341895899448601e-08,0.0,3.166841509028018e-07,0.0
5,0,1.0718808876616994e-07,0.0,2.7006876734958496e-07,0.0
5,0,1.3406522553126994e-07,0.0,2.2719849823715776e-07,0.0
5,0,1.6674724234101137e-07,0.0,2.2719849823715776e-07,0.0
5,0,2.1178140088482243e-07,0.0,2.66861519548911e-07,0.0
5,0,2.705691386637377e-07,0.0,2.580031548404804e-07,0.0
5,0,3.255750559440091e-07,0.0,2.1756812884632382e-07,0.0
5,0,3.7936242016617343e-07,0.0,2.3809427318610688e-07,0.0
5,0,4.25032470669823e-07,0.0,2.3224237111207913e-07,0.0
5,0,4.569107935182098e-07,0.0,2.3224237111207913e-07,0.0
5,0,4.7284174156076186e-07,0.0,2.3224237111207913e-07,0.0
5,0,4.7426535442842286e-07,0.0,1.9332428280449676e-07,0.0
5,0,4.4458493832346065e-07,0.0,1.9332428280449676e-07,0.0
5,0,4.0614115028590067e-07,0.0,1.9332428280449676e-07,0.0
5,0,3.6067644528739483e-07,0.0,1.900060624393518e-07,0.0
5,0,3.018511003670178e-07,0.0,1.900060624393518e-07,0.0
5,0,2.435690921176705e-07,0.0,1.900060624393518e-07,0.0
5,0,1.9490532671561123e-07,0.0,1.900060624393518e-07,0.0
5,0,1.5782035050208737e-07,0.0,1.900060624393518e-07,0.0
5,0,1.3005433725598052e-07,0.0,1.900060624393518e-07,0.0
5,0,1.05991795643186e-07,0.0,1.900060624393518e-07,0.0
5,0,8.351979916906916e-08,0.0,1.900060624393518e-07,0.0
5,0,6.595957119545109e-08,0.0,1.900060624393518e-07,0.0
5,0,5.16110203789859e-08,0.0,1.900060624393518e-07,0.0
5,0,4.297288690528202e-08,0.0,1.900060624393518e-07,0.0
5,0,3.7692542364235534e-08,0.0,1.900060624393518e-07,0.0
5,0,3.467645328057657e-08,0.0,1.900060624393518e-07,0.0
5,0,3.2580164401687585e-08,0.0,1.900060624393518e-07,0.0
5,0,3.117170883763916e-08,0.0,1.900060624393518e-07,0.0
5,0,3.051993752666096e-08,0.0,1.900060624393518e-07,0.0
5,0,3.138933358260814e-08,0.0,1.900060624393518e-07,0.0
5,0,3.4329544424143196e-08,0.0,1.900060624393518e-07,0.0
5,0,3.9339893138737574e-08,0.0,1.4691579508507857e-07,0.0
5,0,4.594611143311512e-08,0.0,1.4691579508507857e-07,0.0
5,0,5.3665060871393877e-08,0.0,1.4691579508507857e-07,0.0
5,0,6.382771740040386e-08,0.0,1.4691579508507857e-07,0.0
5,0,7.529991986011494e-08,0.0,1.4691579508507857e-07,0.0
5,0,8.827890482044106e-08,0.0,1.4691579508507857e-07,0.0
5,0,1.0308672255978868e-07,0.0,1.4691579508507857e-07,0.0
5,0,1.1984588368245728e-07,0.0,1.4691579508507857e-07,0.0
5,0,1.3694154292104268e-07,0.0,1.4691579508507857e-07,0.0
5,0,1.5162310942779963e-07,0.0,1.4691579508507857e-07,0.0
5,0,1.655734839493788e-07,0.0,1.4691579508507857e-07,0.0
5,0,1.820671127444404e-07,0.0,1.4691579508507857e-07,0.0
5,0,2.0784821974620667e-07,0.0,1.4691579508507857e-07,0.0
5,0,2.2518429501954428e-07,0.0,1.4691579508507857e-07,0.0
5,0,2.3391693706022918e-07,0.0,1.4691579508507857e-07,0.0
5,0,2.308686534642332e-07,0.0,1.4691579508507857e-07,0.0
5,0,2.243061724819896e-07,0.0,1.4691579508507857e-07,0.0
5,0,2.0592355683505308e-07,0.0,1.4691579508507857e-07,0.0
5,0,1.8080626428245432e-07,0.0,1.4691579508507857e-07,0.0
5,0,1.592404315900416e-07,0.0,1.4691579508507857e-07,0.0
5,0,1.3850584524630006e-07,0.0,1.4691579508507857e-07,0.0
5,0,1.1744268188883252e-07,0.0,1.4691579508507857e-07,0.0
5,0,1.0080036589193516e-07,0.0,1.4691579508507857e-07,0.0
5,0,9.024826824171458e-08,0.0,1.4691579508507857e-07,0.0
5,0,8.023310226204996e-08,0.0,1.4691579508507857e-07,0.0
5,0,6.860997987385325e-08,0.0,1.4691579508507857e-07,0.0
5,0,5.775080632964509e-08,0.0,1.4691579508507857e-07,0.0
5,0,5.102000850955107e-08,0.0,1.7649139749664755e-07,0.0
5,0,4.6998597921522696e-08,0.0,1.7649139749664755e-07,0.0
5,0,4.361853932561502e-08,0.0,1.7649139749664755e-07,0.0
5,0,4.019577324648601e-08,0.0,1.7649139749664755e-07,0.0
5,0,3.7879822518596235e-08,0.0,1.7649139749664755e-07,0.0
5,0,3.828938665502332e-08,0.0,1.7649139749664755e-07,0.0
5,0,4.130665217971261e-08,0.0,1.7649139749664755e-07,0.0
5,0,4.739933886540039e-08,0.0,1.7649139749664755e-07,0.0
5,0,5.652641188160506e-08,0.0,1.7649139749664755e-07,0.0
5,0,6.836991303990204e-08,0.0,1.7649139749664755e-07,0.0
5,0,8.28363535956184e-08,0.0,1.7649139749664755e-07,0.0
5,0,1.0046420912796932e-07,0.0,1.7649139749664755e-07,0.0
5,0,1.2180161263552688e-07,0.0,1.7649139749664755e-07,0.0
5,0,1.5133844019652349e-07,0.0,1.7649139749664755e-07,0.0
5,0,1.9095247744987213e-07,0.0,1.7649139749664755e-07,0.0
5,0,2.4111337706635867e-07,0.0,1.7649139749664755e-07,0.0
5,0,3.0051142350763305e-07,0.0,1.7649139749664755e-07,0.0
5,0,3.4478550331500896e-07,0.0,1.7649139749664755e-07,0.0
5,0,3.7258383366343755e-07,0.0,1.7649139749664755e-07,0.0
5,0,4.0534172394959467e-07,0.0,1.7649139749664755e-07,0.0
5,0,4.689423286166259e-07,0.0,1.7649139749664755e-07,0.0
5,0,5.309116811823919e-07,0.0,1.7649139749664755e-07,0.0
5,0,5.785416721802236e-07,0.0,1.7649139749664755e-07,0.0
5,0,5.899796745826889e-07,0.0,1.7649139749664755e-07,0.0
5,0,5.943495302920572e-07,0.0,1.7649139749664755e-07,0.0
5,0,6.297602231966807e-07,0.0,1.8093852816036815e-07,0.0
5,0,6.95650356908462e-07,0.0,1.8093852816036815e-07,0.0
5,0,7.511597054051459e-07,0.0,1.8859756778510928e-07,0.0
5,0,7.407351660037149e-07,0.0,1.8859756778510928e-07,0.0
5,0,6.898425937942221e-07,0.0,1.8859756778510928e-07,0.0
5,0,6.271121432427788e-07,0.0,1.8859756778510928e-07,0.0
5,0,5.471856552387771e-07,0.0,1.6056674212450162e-07,0.0
5,0,4.624512003966105e-07,0.0,1.6056674212450162e-07,0.0
5,0,3.840168617347564e-07,0.0,1.6056674212450162e-07,0.0
5,0,3.141502179698917e-07,0.0,1.6056674212450162e-07,0.0
5,0,2.5995122796867535e-07,0.0,1.5404603459501232e-07,0.0
5,0,2.2517152034299406e-07,0.0,1.5404603459501232e-07,0.0
5,0,2.1216729611117446e-07,0.0,1.7129265472703992e-07,0.0
5,0,2.0290675395503485e-07,0.0,1.7129265472703992e-07,0.0
5,0,1.9505066977283525e-07,0.0,1.7129265472703992e-07,0.0
5,0,1.906944876299053e-07,0.0,1.7129265472703992e-07,0.0
5,0,1.9268809500008977e-07,0.0,1.7129265472703992e-07,0.0
5,0,2.161419239976235e-07,0.0,1.7129265472703992e-07,0.0
5,0,2.722870342113328e-07,0.0,1.7836485710631678e-07,0.0
5,0,3.5074765633702145e-07,0.0,1.7836485710631678e-07,0.0
5,0,4.1717069232389475e-07,0.0,2.476794804806559e-07,0.0
5,0,4.626012657442528e-07,0.0,2.520048667520314e-07,0.0
5,0,5.155902135482041e-07,0.0,2.520048667520314e-07,0.0
5,0,7.233280072929803e-07,0.0,2.520048667520314e-07,0.0
5,0,7.818997250938722e-07,0.0,2.520048667520314e-07,0.0
5,0,8.466720289819417e-07,0.0,2.520048667520314e-07,0.0
5,0,9.043765750940625e-07,0.0,2.302790704789004e-07,0.0
5,0,9.446317448344548e-07,0.0,2.3050955633152626e-07,0.0
5,0,9.919143152606851e-07,0.0,2.3050955633152626e-07,0.0
5,0,1.0727555985048441e-06,0.0,2.3050955633152626e-07,0.0
5,0,1.1857948622606474e-06,0.0,2.3050955633152626e-07,0.0
5,0,1.3230459024763867e-06,0.0,2.302790704789004e-07,0.0
5,0,1.4654608306717969e-06,0.0,2.302790704789004e-07,0.0
5,0,1.601423967876194e-06,0.0,2.302790704789004e-07,0.0
5,0,1.7025668702816407e-06,0.0,2.302790704789004e-07,0.0
5,0,1.8408903121229655e-06,0.0,2.302790704789004e-07,0.0
5,0,1.8444922763540393e-06,0.0,2.302790704789004e-07,0.0
5,0,1.9225923353147048e-06,0.0,2.4148002353285847e-07,0.0
5,0,2.1276210626794353e-06,0.0,2.9553416425187606e-07,0.0
5,0,2.3695996446783283e-06,0.0,2.9553416425187606e-07,0.0
5,0,2.56554114830776e-06,0.0,2.7524913548404584e-07,0.0
5,0,2.6342029038329304e-06,0.0,2.7524913548404584e-07,0.0
5,0,2.5162827285697884e-06,0.0,2.7524913548404584e-07,0.0
5,0,2.3634775263217657e-06,0.0,2.923014790212619e-07,0.0
5,0,2.2359483369096385e-06,0.0,2.923014790212619e-07,0.0
5,0,2.1752600262273426e-06,0.0,2.923014790212619e-07,0.0
5,0,2.147299329038358e-06,0.0,2.923014790212619e-07,0.0
5,0,2.018353195770886e-06,0.0,2.923014790212619e-07,0.0
5,0,2.010359368033457e-06,0.0,2.923014790212619e-07,0.0
5,0,2.084232627610609e-06,0.0,3.0467387546195823e-07,0.0
5,0,2.1181528947044793e-06,0.0,3.0467387546195823e-07,0.0
5,0,2.17557808778127e-06,0.0,4.156958084422513e-07,0.0
5,0,2.3017224917328134e-06,0.0,3.988149614997383e-07,0.0
5,0,2.538210685666849e-06,0.0,3.988149614997383e-07,0.0
5,0,2.705596052827601e-06,0.0,3.988149614997383e-07,0.0
5,0,2.9001218803127565e-06,0.0,3.988149614997383e-07,0.0
5,0,3.1756147344668854e-06,0.0,4.729346585463645e-07,0.0
5,0,3.474537975801759e-06,0.0,4.729346585463645e-07,0.0
5,0,3.690160383144011e-06,0.0,4.891725779998524e-07,0.0
5,0,4.026963452171988e-06,0.0,4.891725779998524e-07,0.0
5,0,4.341238596513863e-06,0.0,4.891725779998524e-07,0.0
5,0,4.801908771816168e-06,0.0,4.891725779998524e-07,0.0
5,0,5.472396794138325e-06,0.0,4.891725779998524e-07,0.0
5,0,6.111224288094941e-06,0.0,4.891725779998524e-07,0.0
5,0,6.692850713909317e-06,0.0,5.814748647026136e-07,0.0
5,0,7.2878321480805326e-06,0.0,5.814748647026136e-07,0.0
5,0,8.0068401823448e-06,0.0,5.814748647026136e-07,0.0
5,0,8.583482361902363e-06,0.0,5.814748647026136e-07,0.0
5,0,8.835010178500376e-06,0.0,5.814748647026136e-07,0.0
5,0,9.359871058786593e-06,0.0,4.891725779998524e-07,0.0
5,0,9.738328614505689e-06,0.0,4.891725779998524e-07,0.0
5,0,9.95207895467397e-06,0.0,4.891725779998524e-07,0.0
5,0,9.969148945407849e-06,0.0,4.891725779998524e-07,0.0
5,0,1.0209525596449865e-05,0.0,4.891725779998524e-07,0.0
5,0,9.744523135904091e-06,0.0,4.729346585463645e-07,0.0
5,0,8.712597275933619e-06,0.0,3.988149614997383e-07,0.0
5,0,7.676486849503975e-06,0.0,3.988149614997383e-07,0.0
5,0,6.870902048145505e-06,0.0,3.988149614997383e-07,0.0
5,0,6.3429964551091745e-06,0.0,3.988149614997383e-07,0.0
5,0,5.852407949495082e-06,0.0,3.988149614997383e-07,0.0
5,0,5.238309607043018e-06,0.0,3.988149614997383e-07,0.0
5,0,4.582356382738802e-06,0.0,2.923014790212619e-07,0.0
5,0,3.925126826492523e-06,0.0,2.923014790212619e-07,0.0
5,0,3.3226975351626274e-06,0.0,2.923014790212619e-07,0.0
5,0,2.783322792870428e-06,0.0,2.923014790212619e-07,0.0
5,0,2.3549775467511475e-06,0.0,2.923014790212619e-07,0.0
5,0,2.0240311182422235e-06,0.0,2.923014790212619e-07,0.0
5,0,1.7520873577083435e-06,0.0,2.923014790212619e-07,0.0
5,0,1.5341153139385036e-06,0.0,2.923014790212619e-07,0.0
5,0,1.3650046260313198e-06,0.0,3.427543617817719e-07,0.0
5,0,1.2268184049764053e-06,0.0,3.427543617817719e-07,0.0
5,0,1.1289386517574876e-06,0.0,4.064552001636912e-07,0.0
5,0,1.0860357471190323e-06,0.0,4.204106005545327e-07,0.0
5,0,1.103758127837799e-06,0.0,4.204106005545327e-07,0.0
5,0,1.1575417441647519e-06,0.0,4.1511742665534257e-07,0.0
5,0,1.236351300536932e-06,0.0,4.1511742665534257e-07,0.0
5,0,1.3440284820674547e-06,0.0,4.934461799166456e-07,0.0
5,0,1.4343495067211998e-06,0.0,4.934461799166456e-07,0.0
5,0,1.4663790501812795e-06,0.0,4.934461799166456e-07,0.0
5,0,1.484532541494262e-06,0.0,4.457902491594723e-07,0.0
5,0,1.5349218081560468e-06,0.0,4.457902491594723e-07,0.0
5,0,1.582167930790712e-06,0.0,4.457902491594723e-07,0.0
5,0,1.5951389613465277e-06,0.0,4.457902491594723e-07,0.0
5,0,1.6248802608533013e-06,0.0,4.457902491594723e-07,0.0
5,0,1.6583402216719288e-06,0.0,3.64253764928435e-07,0.0
5,0,1.652182353322463e-06,0.0,3.47357996588471e-07,0.0
5,0,1.5538834765374723e-06,0.0,3.47357996588471e-07,0.0
5,0,1.397102476910743e-06,0.0,3.801289381044626e-07,0.0
5,0,1.2629480773857388e-06,0.0,3.801289381044626e-07,0.0
5,0,1.2043828717736802e-06,0.0,3.805094195286074e-07,0.0
5,0,1.1864486462239892e-06,0.0,3.805094195286074e-07,0.0
5,0,1.0883845146387454e-06,0.0,3.2010802897275425e-07,0.0
5,0,9.619862378724158e-07,0.0,3.2010802897275425e-07,0.0
5,0,8.464021311838518e-07,0.0,3.2419038120679033e-07,0.0
5,0,7.403694482210784e-07,0.0,3.2419038120679033e-07,0.0
5,0,6.280755422199057e-07,0.0,3.2419038120679033e-07,0.0
5,0,5.210355886337081e-07,0.0,3.2419038120679033e-07,0.0
5,0,4.291821577389058e-07,0.0,3.2419038120679033e-07,0.0
5,0,3.5655137574106787e-07,0.0,2.915492416377674e-07,0.0
5,0,3.1330913494190813e-07,0.0,2.770333367152489e-07,0.0
5,0,2.790730997240996e-07,0.0,2.770333367152489e-07,0.0
5,0,2.49461764544835e-07,0.0,2.1420670748284465e-07,0.0
5,0,2.249890509319026e-07,0.0,2.1420670748284465e-07,0.0
5,0,2.014133963240323e-07,0.0,2.1420670748284465e-07,0.0
5,0,1.8719137194493685e-07,0.0,2.1420670748284465e-07,0.0
5,0,1.835668375326832e-07,0.0,2.1420670748284465e-07,0.0
5,0,1.8966239504515585e-07,0.0,2.770333367152489e-07,0.0
5,0,1.989810446577477e-07,0.0,2.8654511652348447e-07,0.0
5,0,2.0690250882239675e-07,0.0,2.8787792416551383e-07,0.0
5,0,2.1186438001542868e-07,0.0,2.8787792416551383e-07,0.0
5,0,2.1494495876062294e-07,0.0,3.4219783628941514e-07,0.0
5,0,2.1576556413596417e-07,0.0,3.4219783628941514e-07,0.0
5,0,2.1422994796135614e-07,0.0,3.805094195286074e-07,0.0
5,0,2.112230266866286e-07,0.0,3.805094195286074e-07,0.0
5,0,2.1020321118307242e-07,0.0,3.805094195286074e-07,0.0
5,0,2.0758161315554557e-07,0.0,3.805094195286074e-07,0.0
5,0,2.0415697342554684e-07,0.0,3.805094195286074e-07,0.0
5,0,1.9705006070441996e-07,0.0,3.805094195286074e-07,0.0
5,0,1.8417478657124983e-07,0.0,3.805094195286074e-07,0.0
5,0,1.677522987118807e-07,0.0,3.805094195286074e-07,0.0
5,0,1.5352120555613236e-07,0.0,3.805094195286074e-07,0.0
5,0,1.4485058609076759e-07,0.0,3.477056509382237e-07,0.0
5,0,1.4231009522753304e-07,0.0,3.477056509382237e-07,0.0
5,0,1.4003163673738995e-07,0.0,3.477056509382237e-07,0.0
5,0,1.3684420537088604e-07,0.0,3.477056509382237e-07,0.0
5,0,1.2931989010158405e-07,0.0,3.477056509382237e-07,0.0
5,0,1.1710444094199005e-07,0.0,3.477056509382237e-07,0.0
5,0,1.0323380582749857e-07,0.0,3.477056509382237e-07,0.0
5,0,9.037059039334874e-08,0.0,3.47357996588471e-07,0.0
5,0,7.967157206224311e-08,0.0,3.47357996588471e-07,0.0
5,0,7.169669074852121e-08,0.0,3.47357996588471e-07,0.0
5,0,6.644816434260824e-08,0.0,3.47357996588471e-07,0.0
5,0,6.241934632566626e-08,0.0,3.47357996588471e-07,0.0
5,0,5.7679231941460743e-08,0.0,3.47357996588471e-07,0.0
5,0,5.194682013986133e-08,0.0,3.47357996588471e-07,0.0
5,0,4.79386772799163e-08,0.0,3.47357996588471e-07,0.0
5,0,4.831750133137691e-08,0.0,3.64253764928435e-07,0.0
5,0,5.4928165586626296e-08,0.0,4.457902491594723e-07,0.0
5,0,6.135700027497883e-08,0.0,4.457902491594723e-07,0.0
5,0,6.892212064847136e-08,0.0,4.457902491594723e-07,0.0
5,0,7.763588456701146e-08,0.0,4.457902491594723e-07,0.0
5,0,8.867244686350578e-08,0.0,4.934461799166456e-07,0.0
5,0,9.984380540215161e-08,0.0,4.934461799166456e-07,0.0
5,0,1.0986738556009684e-07,0.0,4.934461799166456e-07,0.0
5,0,1.1986848772761765e-07,0.0,4.934461799166456e-07,0.0
5,0,1.2942330160346472e-07,0.0,4.934461799166456e-07,0.0
5,0,1.3770922942854294e-07,0.0,4.934461799166456e-07,0.0
5,0,1.4642634878737778e-07,0.0,4.934461799166456e-07,0.0
5,0,1.5572048689045102e-07,0.0,4.934461799166456e-07,0.0
5,0,1.5307204470552898e-07,0.0,4.934461799166456e-07,0.0
5,0,1.3836203724673231e-07,0.0,5.741537734138547e-07,0.0
5,0,1.2436406262947116e-07,0.0,5.741537734138547e-07,0.0
5,0,1.2159853776201084e-07,0.0,5.741537734138547e-07,0.0
5,0,1.2361242215190544e-07,0.0,5.741537734138547e-07,0.0
5,0,1.2319012082875167e-07,0.0,5.741537734138547e-07,0.0
5,0,1.2405427410535467e-07,0.0,5.741537734138547e-07,0.0
5,0,1.2685324954540108e-07,0.0,5.741537734138547e-07,0.0
5,0,1.2465371029345105e-07,0.0,5.741537734138547e-07,0.0
5,0,1.151310625213238e-07,0.0,5.741537734138547e-07,0.0
5,0,1.0527351038052713e-07,0.0,5.741537734138547e-07,0.0
5,0,9.650336642604408e-08,0.0,5.741537734138547e-07,0.0
5,0,8.732301103698544e-08,0.0,5.741537734138547e-07,0.0
5,0,7.803251166338406e-08,0.0,5.741537734138547e-07,0.0
5,0,6.975132034751774e-08,0.0,5.741537734138547e-07,0.0
5,0,6.132985939208203e-08,0.0,5.741537734138547e-07,0.0
5,0,5.277768178915199e-08,0.0,5.741537734138547e-07,0.0
5,0,4.657334792930687e-08,0.0,6.684238087473204e-07,0.0
5,0,4.432218557672096e-08,0.0,6.684238087473204e-07,0.0
5,0,4.538868478825177e-08,0.0,8.224214411711728e-07,0.0
5,0,4.656791382596937e-08,0.0,9.272853276343085e-07,0.0
5,0,4.807206026128728e-08,0.0,9.272853276343085e-07,0.0
5,0,5.268441612727097e-08,0.0,1.1264269232924562e-06,0.0
5,0,5.976159735176416e-08,0.0,1.279498178519134e-06,0.0
5,0,6.681705318224716e-08,0.0,1.4324383528219187e-06,0.0
5,0,7.208941484639096e-08,0.0,1.4324383528219187e-06,0.0
5,0,7.687062233029111e-08,0.0,1.4324383528219187e-06,0.0
5,0,8.298384255106152e-08,0.0,1.4324383528219187e-06,0.0
5,0,9.198692491149915e-08,0.0,1.4324383528219187e-06,0.0
5,0,1.0460809072062567e-07,0.0,1.4324383528219187e-06,0.0
5,0,1.2189274999917087e-07,0.0,1.4324383528219187e-06,0.0
5,0,1.4411459481924775e-07,0.0,1.4324383528219187e-06,0.0
5,0,1.7103516420348557e-07,0.0,1.4324383528219187e-06,0.0
5,0,2.039725581597e-07,0.0,1.4324383528219187e-06,0.0
5,0,2.463522401799265e-07,0.0,1.4324383528219187e-06,0.0
5,0,3.039027846224825e-07,0.0,1.2050556961185066e-06,0.0
5,0,3.8706368699065845e-07,0.0,1.2050556961185066e-06,0.0
5,0,5.265741093908051e-07,0.0,1.1799123740274808e-06,0.0
5,0,5.989945344895923e-07,0.0,9.949912964657415e-07,0.0
5,0,7.27007090548419e-07,0.0,9.949912964657415e-07,0.0
5,0,8.342818112692453e-07,0.0,9.949912964657415e-07,0.0
5,0,1.0671250254233493e-06,0.0,9.949912964657415e-07,0.0
5,0,1.2192400482041037e-06,0.0,9.949912964657415e-07,0.0
5,0,1.376991302217146e-06,0.0,9.949912964657415e-07,0.0
5,0,1.5170499219456464e-06,0.0,9.949912964657415e-07,0.0
5,0,1.6406878689255394e-06,0.0,9.949912964657415e-07,0.0
5,0,1.861389071021008e-06,0.0,9.949912964657415e-07,0.0
5,0,2.102361168457084e-06,0.0,9.949912964657415e-07,0.0
5,0,2.275855975524889e-06,0.0,9.949912964657415e-07,0.0
5,0,2.431842409052778e-06,0.0,9.949912964657415e-07,0.0
5,0,2.4890392862961738e-06,0.0,9.949912964657415e-07,0.0
5,0,2.4008089510426777e-06,0.0,9.949912964657415e-07,0.0
5,0,2.298302053850406e-06,0.0,9.949912964657415e-07,0.0
5,0,2.3213002262224125e-06,0.0,9.949912964657415e-07,0.0
5,0,2.4850602281192524e-06,0.0,9.949912964657415e-07,0.0
5,0,2.6412913816715544e-06,0.0,9.949912964657415e-07,0.0
5,0,2.7050696675341414e-06,0.0,9.949912964657415e-07,0.0
5,0,2.6387739571075866e-06,0.02,9.949912964657415e-07,0.0
5,0,2.499308066246106e-06,0.0,9.949912964657415e-07,0.0
5,0,2.3619336596879284e-06,0.0,9.949912964657415e-07,0.0
5,0,2.2036418732842928e-06,0.0,9.949912964657415e-07,0.0
5,0,2.036688401529269e-06,0.0,9.949912964657415e-07,0.0
5,0,1.8600612968021129e-06,0.0,9.949912964657415e-07,0.0
5,0,1.6832549949041442e-06,0.0,1.0371087455496308e-06,0.0
5,0,1.5160237156021256e-06,0.0,1.0371087455496308e-06,0.0
5,0,1.3929077180065286e-06,0.0,1.0371087455496308e-06,0.0
5,0,1.350924583733598e-06,0.0,1.0371087455496308e-06,0.0
5,0,1.338673786939756e-06,0.0,1.0371087455496308e-06,0.0
5,0,1.385037834475912e-06,0.0,1.0371087455496308e-06,0.0
5,0,1.4167557270264117e-06,0.0,1.0371087455496308e-06,0.0
5,0,1.4993047201545193e-06,0.02,1.0371087455496308e-06,0.0
5,0,1.6228429662065818e-06,0.02,1.0371087455496308e-06,0.0
5,0,1.7362038993057182e-06,0.02,1.0371087455496308e-06,0.0
5,0,1.8237717854027841e-06,0.02,1.0371087455496308e-06,0.0
5,0,1.986153060167183e-06,0.02,1.0371087455496308e-06,0.0
5,0,2.111269162153706e-06,0.02,1.0371087455496308e-06,0.0
5,0,2.204003026814937e-06,0.02,1.0371087455496308e-06,0.0
5,0,2.182472474175314e-06,0.02,9.949912964657415e-07,0.0
5,0,1.9743566595161663e-06,0.02,9.949912964657415e-07,0.0
5,0,1.5796502768872832e-06,0.02,9.949912964657415e-07,0.0
5,0,1.1303010233526715e-06,0.02,9.949912964657415e-07,0.0
5,0,1.0237635854684012e-06,0.02,9.949912964657415e-07,0.0
5,0,1.0239737381399513e-06,0.02,9.949912964657415e-07,0.0
5,0,1.2168616541668657e-06,0.02,9.949912964657415e-07,0.0
5,0,1.1575684357584904e-06,0.02,9.949912964657415e-07,0.0
5,0,1.0601613054009487e-06,0.02,9.949912964657415e-07,0.0
5,0,9.45013150967096e-07,0.02,9.949912964657415e-07,0.0
5,0,8.75100760292817e-07,0.02,9.949912964657415e-07,0.0
5,0,8.49966690437811e-07,0.02,9.949912964657415e-07,0.0
5,0,8.674102450401039e-07,0.02,9.949912964657415e-07,0.0
5,0,8.98428636304822e-07,0.02,9.949912964657415e-07,0.0
5,0,9.261716708762553e-07,0.02,9.949912964657415e-07,0.0
5,0,9.159627442252666e-07,0.02,9.949912964657415e-07,0.0
5,0,8.783062960111991e-07,0.02,9.949912964657415e-07,0.0
5,0,8.108001342546258e-07,0.02,9.949912964657415e-07,0.0
5,0,7.105379146019964e-07,0.02,9.949912964657415e-07,0.0
5,0,6.416578068458407e-07,0.02,9.949912964657415e-07,0.0
5,0,6.309233348945742e-07,0.02,9.949912964657415e-07,0.0
5,0,6.596757697052629e-07,0.02,9.949912964657415e-07,0.0
5,0,6.942505316377678e-07,0.02,9.949912964657415e-07,0.0
5,0,7.506454284535292e-07,0.02,9.949912964657415e-07,0.0
5,0,8.277876220113356e-07,0.02,9.949912964657415e-07,0.0
5,0,9.249355389334441e-07,0.02,9.949912964657415e-07,0.0
5,0,1.0385798725364642e-06,0.02,9.949912964657415e-07,0.0
5,0,1.1887043124186512e-06,0.02,9.949912964657415e-07,0.0
5,0,1.3322361984936084e-06,0.02,9.949912964657415e-07,0.0
5,0,1.4819394142832694e-06,0.02,9.949912964657415e-07,0.0
5,0,1.6090144741235185e-06,0.02,9.949912964657415e-07,0.0
5,0,1.756144620002282e-06,0.02,9.949912964657415e-07,0.0
5,0,1.8922357866217754e-06,0.02,9.949912964657415e-07,0.0
5,0,2.0449941766978933e-06,0.02,9.949912964657415e-07,0.0
5,0,2.103735701672835e-06,0.02,9.779132597032003e-07,0.0
5,0,2.0954140842866124e-06,0.02,9.779132597032003e-07,0.0
5,0,2.141338991568056e-06,0.02,7.561386610177578e-07,0.0
5,0,2.137133041144243e-06,0.02,7.561386610177578e-07,0.0
5,0,2.0280597029312728e-06,0.02,7.561386610177578e-07,0.0
5,0,1.880284104535576e-06,0.02,7.561386610177578e-07,0.0
5,0,1.7650528104667602e-06,0.02,7.561386610177578e-07,0.0
5,0,1.6447520444034403e-06,0.02,7.561386610177578e-07,0.0
5,0,1.51474423506578e-06,0.02,6.754063406333444e-07,0.0
5,0,1.4089754844456814e-06,0.02,5.946048418081773e-07,0.0
5,0,1.2804819798473047e-06,0.02,5.946048418081773e-07,0.0
5,0,1.1405163063792336e-06,0.02,4.89484307308885e-07,0.0
5,0,1.0224197227225328e-06,0.02,4.89484307308885e-07,0.0
5,0,9.36630142674189e-07,0.02,4.89484307308885e-07,0.0
5,0,8.834163064765719e-07,0.02,4.89484307308885e-07,0.0
5,0,8.446658844466001e-07,0.02,3.766689644635335e-07,0.0
5,0,7.846765262067971e-07,0.02,3.5283954957776587e-07,0.0
5,0,7.19694674203124e-07,0.02,3.5283954957776587e-07,0.0
5,0,6.525544730419302e-07,0.02,3.5283954957776587e-07,0.0
5,0,5.835462453054037e-07,0.02,3.5283954957776587e-07,0.0
5,0,5.416854800342292e-07,0.02,3.5283954957776587e-07,0.0
5,0,5.221205431295433e-07,0.02,3.03077399621543e-07,0.0
5,0,5.180832859776269e-07,0.02,3.03077399621543e-07,0.0
5,0,5.220179291883526e-07,0.02,3.5283954957776587e-07,0.0
5,0,5.376375772960391e-07,0.02,3.5283954957776587e-07,0.0
5,0,5.637007498396683e-07,0.02,3.5283954957776587e-07,0.0
5,0,6.030767439797218e-07,0.02,3.5283954957776587e-07,0.0
5,0,6.467615334317137e-07,0.02,3.5283954957776587e-07,0.0
5,0,6.918959962932197e-07,0.02,3.5283954957776587e-07,0.0
5,0,7.64445555968434e-07,0.02,3.766689644635335e-07,0.0
5,0,8.402769398872627e-07,0.02,3.766689644635335e-07,0.0
5,0,9.203857644178797e-07,0.02,3.766689644635335e-07,0.0
5,0,1.0198754262222123e-06,0.02,4.341299870702642e-07,0.0
5,0,1.1253105216855925e-06,0.02,4.341299870702642e-07,0.0
5,0,1.23742062155274e-06,0.02,4.341299870702642e-07,0.0
5,0,1.3706242160609061e-06,0.02,4.341299870702642e-07,0.0
5,0,1.4926728261849442e-06,0.02,4.341299870702642e-07,0.0
5,0,1.6227397418287269e-06,0.02,4.341299870702642e-07,0.0
5,0,1.7412083096000345e-06,0.02,4.341299870702642e-07,0.0
5,0,1.8455501937515762e-06,0.02,4.89484307308885e-07,0.0
5,0,1.88487488850151e-06,0.02,4.89484307308885e-07,0.0
5,0,1.875718202559829e-06,0.02,4.89484307308885e-07,0.0
5,0,1.839149497624095e-06,0.02,4.89484307308885e-07,0.0
5,0,1.7832171675526774e-06,0.02,4.89484307308885e-07,0.0
5,0,1.6215468116202855e-06,0.02,4.89484307308885e-07,0.0
5,0,1.5095669450428202e-06,0.02,4.89484307308885e-07,0.0
5,0,1.3888336075387259e-06,0.02,4.89484307308885e-07,0.0
5,0,1.2517633058485578e-06,0.02,4.89484307308885e-07,0.0
5,0,1.1369725019169502e-06,0.02,4.89484307308885e-07,0.0
5,0,1.0342071666228133e-06,0.02,4.89484307308885e-07,0.0
5,0,9.346862107814085e-07,0.02,4.89484307308885e-07,0.0
5,0,8.373559619723451e-07,0.02,4.89484307308885e-07,0.0
5,0,7.278131834213236e-07,0.02,4.89484307308885e-07,0.0
5,0,6.34103363139258e-07,0.02,4.89484307308885e-07,0.0
5,0,5.527219047113133e-07,0.02,4.89484307308885e-07,0.0
5,0,4.902508307733824e-07,0.02,4.89484307308885e-07,0.0
5,0,4.461585034602932e-07,0.02,4.89484307308885e-07,0.0
5,0,4.1413505262318323e-07,0.02,4.89484307308885e-07,0.0
5,0,3.8459670504858004e-07,0.02,4.89484307308885e-07,0.0
5,0,3.577623756773291e-07,0.02,3.766689644635335e-07,0.0
5,0,3.41251942619668e-07,0.02,3.5283954957776587e-07,0.0
5,0,3.4059013620706146e-07,0.02,3.5283954957776587e-07,0.0
5,0,3.482467911949223e-07,0.02,3.5283954957776587e-07,0.0
5,0,3.634739511250111e-07,0.02,3.5283954957776587e-07,0.0
5,0,3.8099977824256374e-07,0.02,3.5283954957776587e-07,0.0
5,0,4.00438292312899e-07,0.02,3.5283954957776587e-07,0.0
5,0,4.237807504570898e-07,0.02,3.5283954957776587e-07,0.0
5,0,4.5043380722983856e-07,0.02,3.5283954957776587e-07,0.0
5,0,4.80608153131722e-07,0.02,3.5283954957776587e-07,0.0
5,0,5.166571913952633e-07,0.02,3.5283954957776587e-07,0.0
5,0,5.585293831948898e-07,0.02,3.5283954957776587e-07,0.0
5,0,5.980306615633949e-07,0.02,3.766689644635335e-07,0.0
5,0,6.308742622840638e-07,0.02,4.89484307308885e-07,0.0
5,0,6.318009595862694e-07,0.02,4.89484307308885e-07,0.0
5,0,5.900420519294365e-07,0.02,4.89484307308885e-07,0.0
5,0,5.433257790316699e-07,0.02,4.89484307308885e-07,0.0
5,0,5.200114569861255e-07,0.02,4.89484307308885e-07,0.0
5,0,5.205789640995516e-07,0.02,5.946048418081773e-07,0.0
5,0,4.992315902901003e-07,0.02,6.754063406333444e-07,0.0
5,0,4.748062228349891e-07,0.02,7.561386610177578e-07,0.0
5,0,4.6113516093899053e-07,0.02,7.561386610177578e-07,0.0
5,0,4.5997342715287955e-07,0.02,9.779132597032003e-07,0.0
5,0,4.630276656983835e-07,0.02,9.949912964657415e-07,0.0
5,0,4.697330396027494e-07,0.02,9.949912964657415e-07,0.0
5,0,4.784804077945991e-07,0.02,9.949912964657415e-07,0.0
5,0,4.825758571727242e-07,0.02,9.949912964657415e-07,0.0
5,0,4.774036461457951e-07,0.02,9.949912964657415e-07,0.0
5,0,4.775109925470221e-07,0.02,9.949912964657415e-07,0.0
5,0,4.7105603033881565e-07,0.02,9.949912964657415e-07,0.0
5,0,4.450174983454364e-07,0.02,9.949912964657415e-07,0.0
5,0,4.172171586296906e-07,0.02,9.949912964657415e-07,0.0
5,0,4.101195811064786e-07,0.02,9.949912964657415e-07,0.0
5,0,4.301682028181117e-07,0.02,9.949912964657415e-07,0.0
5,0,4.3533223990169033e-07,0.02,9.949912964657415e-07,0.0
5,0,4.2813363263800534e-07,0.02,9.949912964657415e-07,0.0
5,0,4.1871753806863746e-07,0.02,9.949912964657415e-07,0.0
5,0,4.138974841962237e-07,0.02,9.949912964657415e-07,0.0
5,0,4.0597621886739465e-07,0.02,9.949912964657415e-07,0.0
5,0,3.9115008870058424e-07,0.02,9.949912964657415e-07,0.0
5,0,3.7456099029187536e-07,0.02,9.949912964657415e-07,0.0
5,0,3.633257573594679e-07,0.02,9.949912964657415e-07,0.0
5,0,3.658039104606894e-07,0.02,9.949912964657415e-07,0.0
5,0,3.7561934325870427e-07,0.02,9.949912964657415e-07,0.0
5,0,3.6306216468680765e-07,0.02,9.949912964657415e-07,0.0
5,0,3.244994826185575e-07,0.02,9.949912964657415e-07,0.0
5,0,2.7551835758211767e-07,0.02,9.949912964657415e-07,0.0
5,0,2.1942959975385332e-07,0.02,9.949912964657415e-07,0.0
5,0,1.663179703196738e-07,0.02,9.949912964657415e-07,0.0
5,0,1.2146297615925244e-07,0.02,9.949912964657415e-07,0.0
5,0,8.80590782602271e-08,0.02,9.949912964657415e-07,0.0
5,0,6.109401456040546e-08,0.02,9.949912964657415e-07,0.0
5,0,4.046652929642841e-08,0.02,9.949912964657415e-07,0.0
5,0,2.572806701744494e-08,0.02,9.949912964657415e-07,0.0
5,0,1.538264226485348e-08,0.02,9.949912964657415e-07,0.0
5,0,8.870827986294623e-09,0.02,9.949912964657415e-07,0.0
5,0,4.937118563226292e-09,0.02,9.949912964657415e-07,0.0
5,0,2.640702945598816e-09,0.02,9.949912964657415e-07,0.0
5,0,1.2843149836752213e-09,0.02,9.949912964657415e-07,0.0
5,0,5.506443719801233e-10,0.02,9.949912964657415e-07,0.0
5,0,2.1687029863673838e-10,0.0,9.949912964657415e-07,0.0
5,0,8.899604103047333e-11,0.0,9.949912964657415e-07,0.0
5,0,4.185166843923323e-11,0.0,9.949912964657415e-07,0.0
5,0,2.3712089760362978e-11,0.0,9.949912964657415e-07,0.0
5,0,1.5714086397535196e-11,0.0,9.949912964657415e-07,0.0
5,0,1.2040375407154241e-11,0.0,9.949912964657415e-07,0.0
5,0,1.0653393098206421e-11,0.0,9.949912964657415e-07,0.0
5,0,1.0370446749214157e-11,0.0,9.949912964657415e-07,0.0
5,0,1.1283378880666974e-11,0.0,9.949912964657415e-07,0.0
5,0,1.3629263042017828e-11,0.0,9.949912964657415e-07,0.0
5,0,1.7610637894637173e-11,0.0,9.949912964657415e-07,0.0
5,0,2.2596213601515246e-11,0.0,9.949912964657415e-07,0.0
5,0,2.8533715989843437e-11,0.0,9.949912964657415e-07,0.0
5,0,3.483970163740924e-11,0.0,9.949912964657415e-07,0.0
5,0,4.140806164496735e-11,0.0,9.949912964657415e-07,0.0
5,0,4.865730538797954e-11,0.0,9.949912964657415e-07,0.0
5,0,5.4734492344261355e-11,0.0,9.949912964657415e-07,0.0
5,0,5.5670000369992815e-11,0.0,9.949912964657415e-07,0.0
5,0,5.246265734933164e-11,0.0,9.949912964657415e-07,0.0
5,0,4.9391923795517175e-11,0.0,9.949912964657415e-07,0.0
5,0,4.882940827213669e-11,0.0,9.949912964657415e-07,0.0
5,0,4.608965229269429e-11,0.0,9.949912964657415e-07,0.0
5,0,4.066345645286786e-11,0.0,9.949912964657415e-07,0.0
5,0,3.395719662949579e-11,0.0,9.949912964657415e-07,0.0
5,0,2.6491600150132942e-11,0.0,9.949912964657415e-07,0.0
5,0,2.026011110588592e-11,0.0,9.949912964657415e-07,0.0
5,0,1.6192087157727433e-11,0.0,9.949912964657415e-07,0.0
5,0,1.3702087906153907e-11,0.0,9.779132597032003e-07,0.0
5,0,1.1712907437253128e-11,0.0,7.561386610177578e-07,0.0
5,0,9.683244909963091e-12,0.0,7.561386610177578e-07,0.0
5,0,7.630869391709532e-12,0.0,9.493131756244111e-07,0.0
5,0,5.999565705745064e-12,0.0,9.493131756244111e-07,0.0
5,0,4.781543552491072e-12,0.0,9.493131756244111e-07,0.0
5,0,4.162736826576202e-12,0.0,9.493131756244111e-07,0.0
5,0,3.747146572390722e-12,0.0,9.493131756244111e-07,0.0
5,0,3.5385713142527273e-12,0.0,9.493131756244111e-07,0.0
5,0,3.4256220969329804e-12,0.0,9.493131756244111e-07,0.0
5,0,3.2936591288122067e-12,0.0,9.493131756244111e-07,0.0
5,0,3.1090153683463354e-12,0.0,9.493131756244111e-07,0.0
5,0,3.0857277260092354e-12,0.0,9.493131756244111e-07,0.0
5,0,3.4318800009858637e-12,0.0,9.493131756244111e-07,0.0
5,0,4.20369009553861e-12,0.0,9.493131756244111e-07,0.0
5,0,5.4811754641148776e-12,0.02,9.493131756244111e-07,0.0
5,0,7.290999589101312e-12,0.02,7.713257446084754e-07,0.0
5,0,9.62472270196533e-12,0.02,7.713257446084754e-07,0.0
5,0,1.2465311239424938e-11,0.02,7.713257446084754e-07,0.0
5,0,1.6007224149531732e-11,0.02,9.341695204057032e-07,0.0
5,0,2.0260975183761417e-11,0.02,1.1104385748694767e-06,0.0
5,0,2.5439716331977503e-11,0.0,1.1104385748694767e-06,0.0
5,0,2.8526979165360534e-11,0.0,8.844768331073283e-07,0.0
5,0,2.7321942476508044e-11,0.0,8.844768331073283e-07,0.0
5,0,2.755656880853808e-11,0.0,6.955261824259651e-07,0.0
5,0,3.096828888501509e-11,0.0,4.127264219278004e-07,0.0
5,0,3.413150164990006e-11,0.0,3.5451824942356325e-07,0.0
5,0,3.6107815187969024e-11,0.0,4.5849807861486624e-07,0.0
5,0,3.9519662291848037e-11,0.0,4.665051562824374e-07,0.0
5,0,4.09132369910602e-11,0.0,4.009295082596509e-07,0.0
5,0,3.6672987617333376e-11,0.0,3.6220859556124196e-07,0.0
5,0,2.964069054504522e-11,0.0,2.825140086315514e-07,0.0
5,0,2.4167037525136443e-11,0.0,2.825140086315514e-07,0.0
5,0,2.061110357723468e-11,0.0,2.5406907866454276e-07,0.0
5,0,1.8606736078219766e-11,0.0,2.5406907866454276e-07,0.0
5,0,1.8036697112409874e-11,0.0,2.5406907866454276e-07,0.0
5,0,1.9016953560583883e-11,0.0,2.5406907866454276e-07,0.0
5,0,2.2199801050390783e-11,0.0,2.1373858771767118e-07,0.0
5,0,2.8270855428151127e-11,0.0,2.1373858771767118e-07,0.0
5,0,3.9285392550583827e-11,0.0,2.0927852517615975e-07,0.0
5,0,6.008465378905632e-11,0.0,1.7647978722834523e-07,0.0
5,0,9.938445059673742e-11,0.0,1.7647978722834523e-07,0.0
5,0,1.7224111391937424e-10,0.0,1.7647978722834523e-07,0.0
5,0,3.0600447800811773e-10,0.0,1.9623801961188292e-07,0.0
5,0,5.512450873476675e-10,0.0,1.9623801961188292e-07,0.0
5,0,9.984938536082647e-10,0.0,1.9623801961188292e-07,0.0
5,0,1.8028859138607348e-09,0.0,1.9623801961188292e-07,0.0
5,0,3.216690106135265e-09,0.0,1.9623801961188292e-07,0.0
5,0,5.594718962732676e-09,0.0,2.3270882820725092e-07,0.0
5,0,9.368944168222009e-09,0.0,2.3766823176174512e-07,0.0
5,0,1.5034544539556194e-08,0.0,2.3766823176174512e-07,0.0
5,0,2.3193361563072074e-08,0.0,2.822315252615226e-07,0.0
5,0,3.476405004891921e-08,0.0,2.822315252615226e-07,0.0
5,0,5.057647212691989e-08,0.0,2.822315252615226e-07,0.0
5,0,7.035735801534637e-08,0.0,2.822315252615226e-07,0.0
5,0,9.468334817391506e-08,0.0,2.822315252615226e-07,0.0
5,0,1.2435135232053726e-07,0.0,2.9595949513350206e-07,0.0
5,0,1.5801362322934228e-07,0.0,3.6220859556124196e-07,0.0
5,0,1.952616528620816e-07,0.0,3.6220859556124196e-07,0.0
5,0,2.3452796357005536e-07,0.0,3.6220859556124196e-07,0.0
5,0,2.758672264677869e-07,0.0,3.6220859556124196e-07,0.0
5,0,3.1346231332122076e-07,0.0,4.009295082596509e-07,0.0
5,0,3.487747200895436e-07,0.0,4.009295082596509e-07,0.0
5,0,3.8190705660895313e-07,0.0,3.9648082861276635e-07,0.0
5,0,4.1409326593380126e-07,0.0,4.009295082596509e-07,0.0
5,0,4.5061752911216556e-07,0.0,4.009295082596509e-07,0.0
5,0,4.77285757047737e-07,0.0,4.665051562824374e-07,0.0
5,0,4.868587767325143e-07,0.0,4.665051562824374e-07,0.0
5,0,4.763047809945282e-07,0.0,4.665051562824374e-07,0.0
5,0,4.5653415510589893e-07,0.0,4.665051562824374e-07,0.0
5,0,4.3935282597022256e-07,0.0,4.665051562824374e-07,0.0
5,0,4.1809036278973895e-07,0.0,4.665051562824374e-07,0.0
5,0,3.8845384429787886e-07,0.0,4.665051562824374e-07,0.0
5,0,3.504167686201845e-07,0.0,4.665051562824374e-07,0.0
5,0,3.0881464737928536e-07,0.0,5.741537734138547e-07,0.0
5,0,2.6712549741278044e-07,0.0,4.830135935662838e-07,0.0
5,0,2.2664217627050177e-07,0.0,4.891725779998524e-07,0.0
5,0,1.9668922342300665e-07,0.0,3.988149614997383e-07,0.0
5,0,1.657659107957251e-07,0.0,3.988149614997383e-07,0.0
5,0,1.39439108797321e-07,0.0,3.988149614997383e-07,0.0
5,0,1.1693354222583402e-07,0.0,3.988149614997383e-07,0.0
5,0,9.986766396193119e-08,0.0,3.988149614997383e-07,0.0
5,0,8.776342702614268e-08,0.0,3.988149614997383e-07,0.0
5,0,8.060434121853129e-08,0.0,3.988149614997383e-07,0.0
5,0,8.185652112458505e-08,0.0,3.988149614997383e-07,0.0
5,0,8.690603213710691e-08,0.0,3.988149614997383e-07,0.0
5,0,9.42288339611671e-08,0.0,5.505855824594619e-07,0.0
5,0,1.0409961612587694e-07,0.0,5.623193715109664e-07,0.0
5,0,1.1841475547325344e-07,0.0,6.684238087473204e-07,0.0
5,0,1.3983355125549898e-07,0.0,6.684238087473204e-07,0.0
5,0,1.648748805880061e-07,0.0,6.684238087473204e-07,0.0
5,0,1.9443517205208778e-07,0.0,6.684238087473204e-07,0.0
5,0,2.2321541200231543e-07,0.0,6.684238087473204e-07,0.0
5,0,2.4532972534868243e-07,0.0,6.684238087473204e-07,0.0
5,0,2.597874621082981e-07,0.0,6.684238087473204e-07,0.0
5,0,2.674196955612416e-07,0.0,6.684238087473204e-07,0.0
5,0,2.691463855091898e-07,0.0,6.610069362977811e-07,0.0
5,0,2.6659729978513306e-07,0.0,5.229455268818128e-07,0.0
5,0,2.653915201862758e-07,0.0,5.229455268818128e-07,0.0
5,0,2.597667551551721e-07,0.0,4.491927541039331e-07,0.0
5,0,2.572546596923932e-07,0.0,4.491927541039331e-07,0.0
5,0,2.665572854819328e-07,0.0,4.491927541039331e-07,0.0
5,0,2.862600929895482e-07,0.0,3.649732320809562e-07,0.0
5,0,3.085470204588879e-07,0.0,3.649732320809562e-07,0.0
5,0,3.0545162108728286e-07,0.0,3.649732320809562e-07,0.0
5,0,2.7427426221644554e-07,0.0,4.665051562824374e-07,0.0
5,0,2.3675035282770808e-07,0.0,4.665051562824374e-07,0.0
5,0,1.9962170655937175e-07,0.0,4.665051562824374e-07,0.0
5,0,1.646381041131385e-07,0.0,4.665051562824374e-07,0.0
5,0,1.3430604977173625e-07,0.0,4.665051562824374e-07,0.0
5,0,1.0760734231148806e-07,0.0,4.665051562824374e-07,0.0
5,0,8.583878085520279e-08,0.0,4.665051562824374e-07,0.0
5,0,6.985864701215715e-08,0.0,4.665051562824374e-07,0.0
5,0,5.519568146644573e-08,0.0,4.009295082596509e-07,0.0
5,0,4.280252954217079e-08,0.0,4.009295082596509e-07,0.0
5,0,3.341031241421678e-08,0.0,4.934461799166456e-07,0.0
5,0,2.6933246449436353e-08,0.0,4.934461799166456e-07,0.0
5,0,2.378944112661147e-08,0.0,4.934461799166456e-07,0.0
5,0,2.3218340088717287e-08,0.0,4.934461799166456e-07,0.0
5,0,2.4506679539872654e-08,0.0,4.934461799166456e-07,0.0
5,0,2.713454098771157e-08,0.0,4.934461799166456e-07,0.0
5,0,3.1593579586100087e-08,0.0,4.457902491594723e-07,0.0
5,0,3.812680992598614e-08,0.0,4.457902491594723e-07,0.0
5,0,4.6920700210750344e-08,0.0,4.408437348502048e-07,0.0
5,0,5.835668707734256e-08,0.0,3.487667470380984e-07,0.0
5,0,7.238056741981843e-08,0.0,3.487667470380984e-07,0.0
5,0,8.809468201613917e-08,0.0,3.487667470380984e-07,0.0
5,0,1.0425120228059834e-07,0.0,2.8497620974121673e-07,0.0
5,0,1.197286184474631e-07,0.0,3.2125242910296947e-07,0.0
5,0,1.3308317380471705e-07,0.0,3.2125242910296947e-07,0.0
5,0,1.4303378259819276e-07,0.0,3.2125242910296947e-07,0.0
5,0,1.4955265908987792e-07,0.0,3.2125242910296947e-07,0.0
5,0,1.524690277475388e-07,0.0,3.2125242910296947e-07,0.0
5,0,1.5256296405880192e-07,0.0,3.2157396390175563e-07,0.0
5,0,1.513137693686927e-07,0.0,3.2157396390175563e-07,0.0
5,0,1.521794399073157e-07,0.0,3.2157396390175563e-07,0.0
5,0,1.4909433333359513e-07,0.0,3.2157396390175563e-07,0.0
5,0,1.4244096412844116e-07,0.0,3.2157396390175563e-07,0.0
5,0,1.3481715569742159e-07,0.0,3.2157396390175563e-07,0.0
5,0,1.2582702308351947e-07,0.0,2.720296663483168e-07,0.0
5,0,1.1110403816032381e-07,0.0,2.720296663483168e-07,0.0
5,0,9.623565815774879e-08,0.0,2.720296663483168e-07,0.0
5,0,7.863034826132908e-08,0.0,3.1269689770851983e-07,0.0
5,0,6.330884819024486e-08,0.0,3.1269689770851983e-07,0.0
5,0,5.129780469446421e-08,0.0,2.5406907866454276e-07,0.0
5,0,4.099557180429503e-08,0.0,2.5406907866454276e-07,0.0
5,0,3.251222896933349e-08,0.0,2.5406907866454276e-07,0.0
5,0,2.467076394710486e-08,0.0,2.5406907866454276e-07,0.0
5,0,1.8655850326501085e-08,0.0,2.5406907866454276e-07,0.0
5,0,1.509849596774702e-08,0.0,2.984230036418012e-07,0.0
5,0,1.3100056982966515e-08,0.0,3.672857360470516e-07,0.0
5,0,1.1534482764696033e-08,0.0,3.0898343084118096e-07,0.0
5,0,1.0399981908318915e-08,0.0,3.0898343084118096e-07,0.0
5,0,9.85704003739277e-09,0.0,3.0898343084118096e-07,0.0
5,0,9.873315840305942e-09,0.0,2.510518584131205e-07,0.0
5,0,1.0366348218706966e-08,0.0,2.747369478584005e-07,0.0
5,0,1.1257614680749542e-08,0.0,2.747369478584005e-07,0.0
5,0,1.2799096807432025e-08,0.0,2.679844612885063e-07,0.0
5,0,1.494665201421308e-08,0.0,2.679844612885063e-07,0.0
5,0,1.7412471407406935e-08,0.0,3.1855063298280584e-07,0.0
5,0,1.9802378960190754e-08,0.0,3.1855063298280584e-07,0.0
5,0,2.2572059293683373e-08,0.0,2.651694046562625e-07,0.0
5,0,2.6078031518807892e-08,0.0,2.651694046562625e-07,0.0
5,0,2.8225194114808522e-08,0.0,2.0151414048541483e-07,0.0
5,0,2.7721160385443678e-08,0.0,2.0151414048541483e-07,0.0
5,0,2.7276756256320294e-08,0.0,2.0151414048541483e-07,0.0
5,0,2.7542746817235445e-08,0.0,2.0151414048541483e-07,0.0
5,0,2.776343862373918e-08,0.0,2.0151414048541483e-07,0.0
5,0,2.780180577665908e-08,0.0,2.0151414048541483e-07,0.0
5,0,2.71188699033557e-08,0.0,2.0151414048541483e-07,0.0
5,0,2.5612082116517718e-08,0.0,2.0151414048541483e-07,0.0
5,0,2.3521217216963002e-08,0.0,2.0151414048541483e-07,0.0
5,0,2.1436748737346172e-08,0.0,2.0151414048541483e-07,0.0
5,0,1.8987861781177356e-08,0.0,2.0131264477640798e-07,0.0
5,0,1.6426739176365387e-08,0.0,2.0131264477640798e-07,0.0
5,0,1.4062831497448483e-08,0.0,2.0131264477640798e-07,0.0
5,0,1.17051882730654e-08,0.0,1.6935661051320494e-07,0.0
5,0,9.365976797797585e-09,0.0,1.637348674421446e-07,0.0
5,0,6.720279102121614e-09,0.0,1.3983445512621984e-07,0.0
5,0,4.10086209416207e-09,0.0,1.3983445512621984e-07,0.0
5,0,3.266234234436594e-09,0.0,1.3983445512621984e-07,0.0
5,0,2.9230195396404586e-09,0.0,1.4676889747988753e-07,0.0
5,0,3.433506838504223e-09,0.0,1.4676889747988753e-07,0.0
5,0,2.9620403984811036e-09,0.0,1.4676889747988753e-07,0.0
5,0,2.5111123909858997e-09,0.0,1.4676889747988753e-07,0.0
5,0,2.173829590999847e-09,0.0,1.4676889747988753e-07,0.0
5,0,1.9897343770342167e-09,0.0,1.4676889747988753e-07,0.0
5,0,1.870942426896921e-09,0.0,1.4676889747988753e-07,0.0
5,0,1.841229889908735e-09,0.0,1.7210203395734425e-07,0.0
5,0,1.974565683128452e-09,0.0,1.7210203395734425e-07,0.0
5,0,2.2128855905761737e-09,0.0,1.7210203395734425e-07,0.0
5,0,2.635853011086556e-09,0.0,1.699348359807118e-07,0.0
5,0,3.2492472604938987e-09,0.0,2.0151760793396534e-07,0.0
5,0,4.054812758205726e-09,0.0,2.084366030885576e-07,0.0
5,0,5.058810319955025e-09,0.0,2.084366030885576e-07,0.0
5,0,6.215153460987206e-09,0.0,2.084366030885576e-07,0.0
5,0,7.41303758313374e-09,0.0,2.4776664986347896e-07,0.0
5,0,8.629065460156608e-09,0.0,2.4776664986347896e-07,0.0
5,0,9.838612859106039e-09,0.0,2.4776664986347896e-07,0.0
5,0,1.0614188323581702e-08,0.0,2.4776664986347896e-07,0.0
5,0,1.1034717748784333e-08,0.0,2.4776664986347896e-07,0.0
5,0,1.1290673544071801e-08,0.0,2.4776664986347896e-07,0.0
5,0,1.1310862725659712e-08,0.0,2.4776664986347896e-07,0.0
5,0,1.1196607023052274e-08,0.0,2.4776664986347896e-07,0.0
5,0,1.1015681568008782e-08,0.0,2.4776664986347896e-07,0.0
5,0,1.0773550616403322e-08,0.0,2.4776664986347896e-07,0.0
5,0,1.0299824209312967e-08,0.0,2.4776664986347896e-07,0.0
5,0,9.607628577802315e-09,0.0,2.4776664986347896e-07,0.0
5,0,8.699863534548662e-09,0.0,2.4776664986347896e-07,0.0
5,0,7.575452160111836e-09,0.0,2.084366030885576e-07,0.0
5,0,6.6849070184707165e-09,0.0,2.084366030885576e-07,0.0
5,0,5.844610041398037e-09,0.0,1.7210203395734425e-07,0.0
5,0,4.9173605177630736e-09,0.0,1.7210203395734425e-07,0.0
5,0,3.939912320628327e-09,0.0,1.7210203395734425e-07,0.0
5,0,3.133177806701064e-09,0.0,1.4676889747988753e-07,0.0
5,0,2.5061870922447544e-09,0.0,1.4676889747988753e-07,0.0
5,0,2.0269425587234397e-09,0.0,1.4676889747988753e-07,0.0
5,0,1.6816672035314902e-09,0.0,1.4676889747988753e-07,0.0
5,0,1.4574184459689525e-09,0.0,1.4676889747988753e-07,0.0
5,0,1.3241855102911666e-09,0.0,1.4676889747988753e-07,0.0
5,0,1.2599981939840643e-09,0.0,1.4676889747988753e-07,0.0
5,0,1.2660857494658442e-09,0.0,1.7210203395734425e-07,0.0
5,0,1.3384238941570795e-09,0.0,1.7210203395734425e-07,0.0
5,0,1.5078484980042864e-09,0.0,1.7210203395734425e-07,0.0
5,0,1.8302147830961197e-09,0.0,2.0151760793396534e-07,0.0
5,0,2.311503139024741e-09,0.0,2.084366030885576e-07,0.0
5,0,3.1087282154959497e-09,0.0,2.084366030885576e-07,0.0
5,0,4.253243806285226e-09,0.0,2.084366030885576e-07,0.0
5,0,5.632390300276928e-09,0.0,2.4776664986347896e-07,0.0
5,0,6.832563840611373e-09,0.0,2.4776664986347896e-07,0.0
5,0,7.875024593574496e-09,0.0,2.4776664986347896e-07,0.0
5,0,8.906765007469636e-09,0.0,2.4776664986347896e-07,0.0
5,0,1.018859457740056e-08,0.0,2.4776664986347896e-07,0.0
5,0,1.1523755678989349e-08,0.0,2.4776664986347896e-07,0.0
5,0,1.2697671155833654e-08,0.0,2.4776664986347896e-07,0.0
5,0,1.3733056953183458e-08,0.0,2.4776664986347896e-07,0.0
5,0,1.445508937976611e-08,0.0,2.4776664986347896e-07,0.0
5,0,1.4805059094288756e-08,0.0,2.4776664986347896e-07,0.0
5,0,1.4828816701372674e-08,0.0,2.4776664986347896e-07,0.0
5,0,1.4656085005081848e-08,0.0,2.4776664986347896e-07,0.0
5,0,1.4515801292322042e-08,0.0,2.4776664986347896e-07,0.0
5,0,1.480554659946432e-08,0.0,2.4776664986347896e-07,0.0
5,0,1.4933914412845466e-08,0.0,2.4776664986347896e-07,0.0
5,0,1.4260857117779533e-08,0.0,2.084366030885576e-07,0.0
5,0,1.2668801852937842e-08,0.0,2.1109438819166826e-07,0.0
5,0,1.0763376062897935e-08,0.0,2.0408717205100402e-07,0.0
5,0,9.127339399343672e-09,0.0,1.7210203395734425e-07,0.0
5,0,7.718888979678563e-09,0.0,1.7210203395734425e-07,0.0
5,0,6.5963802003043954e-09,0.0,1.4676889747988753e-07,0.0
5,0,5.786438205265188e-09,0.0,1.4676889747988753e-07,0.0
5,0,5.200195799010044e-09,0.0,1.4676889747988753e-07,0.0
5,0,4.764315335862528e-09,0.0,1.4676889747988753e-07,0.0
5,0,4.46688085888076e-09,0.0,1.4676889747988753e-07,0.0
5,0,4.325278038944004e-09,0.0,1.4676889747988753e-07,0.0
5,0,4.354798470699084e-09,0.0,1.4676889747988753e-07,0.0
5,0,4.5724544746317665e-09,0.0,1.7210203395734425e-07,0.0
5,0,5.011784332570698e-09,0.0,1.7210203395734425e-07,0.0
5,0,5.738932064403064e-09,0.0,2.0408717205100402e-07,0.0
5,0,6.877368490903206e-09,0.0,2.084366030885576e-07,0.0
5,0,8.595401167159203e-09,0.0,2.084366030885576e-07,0.0
5,0,1.0963877470452427e-08,0.0,2.084366030885576e-07,0.0
5,0,1.3892164163470335e-08,0.0,2.4776664986347896e-07,0.0
5,0,1.7484369218348714e-08,0.0,2.4776664986347896e-07,0.0
5,0,2.1850633793905575e-08,0.0,2.4776664986347896e-07,0.0
5,0,2.762866747418428e-08,0.0,2.4776664986347896e-07,0.0
5,0,3.302134277215235e-08,0.0,2.4776664986347896e-07,0.0
5,0,3.808222782451368e-08,0.0,2.4776664986347896e-07,0.0
5,0,4.254819226932132e-08,0.0,2.4776664986347896e-07,0.0
5,0,4.730212015558322e-08,0.0,2.4776664986347896e-07,0.0
5,0,5.1053649781578594e-08,0.0,2.4776664986347896e-07,0.0
5,0,5.5110524401111403e-08,0.0,2.4776664986347896e-07,0.0
5,0,5.842822357377249e-08,0.0,2.4776664986347896e-07,0.0
5,0,5.839810880883114e-08,0.0,2.4776664986347896e-07,0.0
5,0,5.618571901066789e-08,0.0,2.4776664986347896e-07,0.0
5,0,5.4343593963418443e-08,0.0,2.4776664986347896e-07,0.0
5,0,5.3326484272800764e-08,0.0,2.4776664986347896e-07,0.0
5,0,4.9987348376417095e-08,0.0,2.4776664986347896e-07,0.0
5,0,4.650198197654732e-08,0.0,2.4776664986347896e-07,0.0
5,0,4.1934367866425996e-08,0.0,2.4776664986347896e-07,0.0
5,0,3.5741727934036154e-08,0.0,2.4776664986347896e-07,0.0
5,0,2.8841081240305334e-08,0.0,2.4776664986347896e-07,0.0
5,0,2.2670844196169993e-08,0.0,2.4776664986347896e-07,0.0
5,0,1.7604838704309807e-08,0.0,2.4776664986347896e-07,0.0
5,0,1.3315929389430378e-08,0.0,2.4776664986347896e-07,0.0
5,0,1.0509105654791261e-08,0.0,2.4776664986347896e-07,0.0
5,0,8.492375194217435e-09,0.0,2.4776664986347896e-07,0.0
5,0,7.07981733978462e-09,0.0,2.4776664986347896e-07,0.0
5,0,6.124244562342243e-09,0.0,2.084366030885576e-07,0.0
5,0,5.498505374873392e-09,0.0,2.084366030885576e-07,0.0
5,0,5.184419387341843e-09,0.0,2.084366030885576e-07,0.0
5,0,5.156326910987011e-09,0.0,2.084366030885576e-07,0.0
5,0,5.520929386522005e-09,0.0,2.084366030885576e-07,0.0
5,0,6.433448121188712e-09,0.0,2.084366030885576e-07,0.0
5,0,8.140974280277518e-09,0.0,2.4776664986347896e-07,0.0
5,0,1.1128141758751485e-08,0.0,2.4776664986347896e-07,0.0
5,0,1.5229839170496932e-08,0.0,2.4776664986347896e-07,0.0
5,0,2.1477075957010278e-08,0.0,2.4776664986347896e-07,0.0
5,0,3.071225033041022e-08,0.0,2.4776664986347896e-07,0.0
5,0,4.306982574490289e-08,0.0,2.4776664986347896e-07,0.0
5,0,5.899337197321153e-08,0.0,2.4776664986347896e-07,0.0
5,0,7.77789223539924e-08,0.0,2.4776664986347896e-07,0.0
5,0,9.863608790575439e-08,0.0,2.4776664986347896e-07,0.0
5,0,1.222366348902005e-07,0.0,2.4776664986347896e-07,0.0
5,0,1.5018936940709953e-07,0.0,2.4776664986347896e-07,0.0
5,0,1.8444419577796982e-07,0.0,2.4776664986347896e-07,0.0
5,0,2.2069520982199028e-07,0.0,2.4776664986347896e-07,0.0
5,0,2.5296479180751714e-07,0.0,2.4776664986347896e-07,0.0
5,0,2.6763054987771015e-07,0.0,2.4776664986347896e-07,0.0
5,0,2.6644068912112635e-07,0.0,2.4776664986347896e-07,0.0
5,0,2.642769386333281e-07,0.0,2.4776664986347896e-07,0.0
5,0,2.497652587404838e-07,0.0,2.4776664986347896e-07,0.0
5,0,2.255294818183691e-07,0.0,2.4776664986347896e-07,0.0
5,0,1.9640651670938685e-07,0.0,2.4776664986347896e-07,0.0
5,0,1.6492005746668608e-07,0.0,2.1109438819166826e-07,0.0
5,0,1.3328083464540432e-07,0.0,2.1109438819166826e-07,0.0
5,0,1.0111815890328575e-07,0.0,2.0408717205100402e-07,0.0
5,0,7.479650318840346e-08,0.0,1.7210203395734425e-07,0.0
5,0,5.677640399259509e-08,0.0,1.7210203395734425e-07,0.0
5,0,4.317870352963042e-08,0.0,1.7210203395734425e-07,0.0
5,0,3.4215180538244813e-08,0.0,1.7210203395734425e-07,0.0
5,0,2.853158579160986e-08,0.0,1.7210203395734425e-07,0.0
5,0,2.4141597021980087e-08,0.0,1.7210203395734425e-07,0.0
5,0,2.0921604158783145e-08,0.0,1.3983445512621984e-07,0.0
5,0,1.9411816359174702e-08,0.0,1.3983445512621984e-07,0.0
5,0,1.8925262731533874e-08,0.0,1.6582268358433794e-07,0.0
5,0,1.9311597404187064e-08,0.0,1.6935661051320494e-07,0.0
5,0,2.0701643101734888e-08,0.0,1.6935661051320494e-07,0.0
5,0,2.328113509349198e-08,0.0,1.6935661051320494e-07,0.0
5,0,2.7207866248168803e-08,0.0,1.6935661051320494e-07,0.0
5,0,3.2299908200003056e-08,0.0,1.6935661051320494e-07,0.0
5,0,3.8641416320709956e-08,0.0,1.6935661051320494e-07,0.0
5,0,4.6819307884047763e-08,0.0,1.6935661051320494e-07,0.0
5,0,5.779873460293873e-08,0.0,2.1109438819166826e-07,0.0
5,0,7.099864265458072e-08,0.0,2.1109438819166826e-07,0.0
5,0,8.30067545287726e-08,0.0,2.0408717205100402e-07,0.0
5,0,9.342396392473492e-08,0.0,2.0408717205100402e-07,0.0
5,0,1.034381909781158e-07,0.0,2.0408717205100402e-07,0.0
5,0,1.1180690454207137e-07,0.0,1.7210203395734425e-07,0.0
5,0,1.156838275947028e-07,0.0,1.4676889747988753e-07,0.0
5,0,1.1448975226931131e-07,0.0,1.4676889747988753e-07,0.0
5,0,1.0824696104344507e-07,0.0,1.4676889747988753e-07,0.0
5,0,1.0116748017321014e-07,0.0,1.4676889747988753e-07,0.0
5,0,9.318342633724187e-08,0.0,1.4676889747988753e-07,0.0
5,0,7.81995690479111e-08,0.0,1.4676889747988753e-07,0.0
5,0,6.412519171627599e-08,0.0,1.4676889747988753e-07,0.0
5,0,5.1720815098423714e-08,0.0,1.4676889747988753e-07,0.0
5,0,4.22423792756437e-08,0.0,1.4676889747988753e-07,0.0
5,0,3.2960848401344345e-08,0.0,1.4676889747988753e-07,0.0
5,0,2.5423644839382975e-08,0.0,1.4676889747988753e-07,0.0
5,0,1.939938046330972e-08,0.0,1.4676889747988753e-07,0.0
5,0,1.5180685825051745e-08,0.0,1.4676889747988753e-07,0.0
5,0,1.2793757301169374e-08,0.0,1.4676889747988753e-07,0.0
5,0,1.1003216240743327e-08,0.0,1.4676889747988753e-07,0.0
5,0,9.268581455178698e-09,0.0,1.4676889747988753e-07,0.0
5,0,7.798360477156055e-09,0.0,1.4676889747988753e-07,0.0
5,0,6.867398099445721e-09,0.0,1.4676889747988753e-07,0.0
5,0,6.525979866307367e-09,0.0,1.4676889747988753e-07,0.0
5,0,6.640899505081891e-09,0.0,1.4676889747988753e-07,0.0
5,0,7.417925228433835e-09,0.0,1.4676889747988753e-07,0.0
5,0,9.162795853637195e-09,0.0,1.4676889747988753e-07,0.0
5,0,1.2393132187643198e-08,0.0,1.4676889747988753e-07,0.0
5,0,1.772778600407373e-08,0.0,1.4676889747988753e-07,0.0
5,0,2.622640560911486e-08,0.0,1.4676889747988753e-07,0.0
5,0,3.975476743690482e-08,0.0,1.4676889747988753e-07,0.0
5,0,6.095207952615347e-08,0.0,1.4676889747988753e-07,0.0
5,0,8.975043419747948e-08,0.0,1.4676889747988753e-07,0.0
5,0,1.2145373439032748e-07,0.0,1.4676889747988753e-07,0.0
5,0,1.5793467382711377e-07,0.0,1.4676889747988753e-07,0.0
5,0,2.049040764402351e-07,0.0,1.5298125788376638e-07,0.0
5,0,2.6531837132309316e-07,0.0,1.5298125788376638e-07,0.0
5,0,3.323059281662366e-07,0.0,1.5298125788376638e-07,0.0
5,0,3.986729511810571e-07,0.0,1.5298125788376638e-07,0.0
5,0,4.5033698441233295e-07,0.0,1.5298125788376638e-07,0.0
5,0,4.93119811460887e-07,0.0,1.5298125788376638e-07,0.0
5,0,5.392002144364796e-07,0.0,1.5313437984332268e-07,0.0
5,0,5.913909879987087e-07,0.0,1.5313437984332268e-07,0.0
5,0,6.271387428578395e-07,0.0,1.5313437984332268e-07,0.0
5,0,6.311210480540811e-07,0.0,1.4691579508507857e-07,0.0
5,0,5.982108701180255e-07,0.0,1.4691579508507857e-07,0.0
5,0,5.30054880894196e-07,0.0,1.4691579508507857e-07,0.0
5,0,4.486088384781384e-07,0.0,1.4691579508507857e-07,0.0
5,0,3.6725948007120994e-07,0.0,1.4691579508507857e-07,0.0
5,0,2.780176897351806e-07,0.0,1.4691579508507857e-07,0.0
5,0,1.9827862393833734e-07,0.0,1.4691579508507857e-07,0.0
5,0,1.4189678360461063e-07,0.0,1.4691579508507857e-07,0.0
5,0,1.0406974671947166e-07,0.0,1.4691579508507857e-07,0.0
5,0,4.953133891625951e-08,0.0,1.4691579508507857e-07,0.0
5,0,2.3954293512933803e-08,0.0,1.4691579508507857e-07,0.0
5,0,1.6157711918737336e-08,0.0,1.4691579508507857e-07,0.0
5,0,1.0826401587041113e-08,0.0,1.4691579508507857e-07,0.0
5,0,7.479589554941511e-09,0.0,1.4691579508507857e-07,0.0
5,0,5.359793666770329e-09,0.0,1.4691579508507857e-07,0.0
5,0,3.782678168311491e-09,0.0,1.4691579508507857e-07,0.0
5,0,2.665509223935581e-09,0.0,1.4691579508507857e-07,0.0
5,0,1.946114124114296e-09,0.0,1.4691579508507857e-07,0.0
5,0,1.5362598155073187e-09,0.0,1.4691579508507857e-07,0.0
5,0,1.3442202667199244e-09,0.0,1.4691579508507857e-07,0.0
5,0,1.300343645014874e-09,0.0,1.7227429793820193e-07,0.0
5,0,1.3356045817216273e-09,0.0,1.7227429793820193e-07,0.0
5,0,1.3915680552329207e-09,0.0,1.7227429793820193e-07,0.0
5,0,1.4432886528338958e-09,0.0,2.0429145308753505e-07,0.0
5,0,1.5184857439441413e-09,0.0,2.0864521843577677e-07,0.0
5,0,1.6173199916310681e-09,0.0,2.0864521843577677e-07,0.0
5,0,1.7290501270508603e-09,0.0,2.4801462927825924e-07,0.0
5,0,1.8309910475054659e-09,0.0,2.4801462927825924e-07,0.0
5,0,1.874693211090287e-09,0.0,2.4801462927825924e-07,0.0
5,0,1.8556637930167137e-09,0.0,2.4801462927825924e-07,0.0
5,0,1.7959042601293803e-09,0.0,2.4801462927825924e-07,0.0
5,0,1.754434172542069e-09,0.0,2.4801462927825924e-07,0.0
5,0,1.7563706388954233e-09,0.0,2.4801462927825924e-07,0.0
5,0,1.7796392383010637e-09,0.0,2.4801462927825924e-07,0.0
5,0,1.774842128055521e-09,0.0,2.4801462927825924e-07,0.0
5,0,1.6960068744944312e-09,0.0,2.4801462927825924e-07,0.0
5,0,1.5352688316185341e-09,0.0,2.4801462927825924e-07,0.0
5,0,1.3207035679395173e-09,0.0,2.4801462927825924e-07,0.0
5,0,1.0905409885568642e-09,0.0,2.4801462927825924e-07,0.0
5,0,8.678543010191517e-10,0.0,2.4801462927825924e-07,0.0
5,0,6.584025104939847e-10,0.0,1.940357918783775e-07,0.0
5,0,4.6501684183399606e-10,0.0,1.940357918783775e-07,0.0
5,0,2.9962767349773647e-10,0.0,1.940357918783775e-07,0.0
5,0,1.8933859917895074e-10,0.0,1.9384175686809613e-07,0.0
5,0,1.3283836944433347e-10,0.0,1.9384175686809613e-07,0.0
5,0,1.0990966376263063e-10,0.0,2.291458116587819e-07,0.0
5,0,9.1349411888904e-11,0.0,2.2937516064303054e-07,0.0
5,0,7.13395047523343e-11,0.0,2.2937516064303054e-07,0.0
5,0,5.547530510257068e-11,0.0,2.2937516064303054e-07,0.0
5,0,4.1859737433519525e-11,0.0,2.2937516064303054e-07,0.0
5,0,2.9481744163438833e-11,0.0,2.2937516064303054e-07,0.0
5,0,2.2545171540736778e-11,0.0,2.2937516064303054e-07,0.0
5,0,2.1241107042935196e-11,0.0,2.2937516064303054e-07,0.0
5,0,2.3704021190423973e-11,0.0,2.2937516064303054e-07,0.0
5,0,2.923302148857123e-11,0.0,2.75550661399393e-07,0.0
5,0,3.7399477202527467e-11,0.0,2.824940850132407e-07,0.0
5,0,4.7474447432723136e-11,0.0,2.4050763158811606e-07,0.0
5,0,5.7331770905325934e-11,0.0,2.674342454156431e-07,0.0
5,0,6.621415378988324e-11,0.0,2.674342454156431e-07,0.0
5,0,7.685905640416256e-11,0.0,2.6716685397332185e-07,0.0
5,0,9.066809319136794e-11,0.0,2.6716685397332185e-07,0.0
5,0,1.105221341936274e-10,0.0,2.6716685397332185e-07,0.0
5,0,1.374809262575758e-10,0.0,2.6716685397332185e-07,0.0
5,0,1.6897820143241974e-10,0.0,2.6716685397332185e-07,0.0
5,0,1.9962643412262232e-10,0.0,2.6716685397332185e-07,0.0
5,0,2.2754961500015964e-10,0.0,2.6716685397332185e-07,0.0
5,0,2.547623700843355e-10,0.0,2.6716685397332185e-07,0.0
5,0,2.8431753757753195e-10,0.0,2.6716685397332185e-07,0.0
5,0,3.158670019458016e-10,0.0,2.6716685397332185e-07,0.0
5,0,3.48757634016071e-10,0.0,2.6716685397332185e-07,0.0
5,0,3.8091552586260347e-10,0.0,2.674342454156431e-07,0.0
5,0,4.052699500812326e-10,0.0,2.674342454156431e-07,0.0
5,0,4.126457270348792e-10,0.0,2.2623096640472795e-07,0.0
5,0,4.0152672137903636e-10,0.0,2.2623096640472795e-07,0.0
5,0,3.706746310338471e-10,0.0,2.2623096640472795e-07,0.0
5,0,3.2792065021203166e-10,0.0,2.2623096640472795e-07,0.0
5,0,2.7755728155824873e-10,0.0,2.674342454156431e-07,0.0
5,0,2.3280712889522694e-10,0.0,2.674342454156431e-07,0.0
5,0,2.0182389139662288e-10,0.0,2.4050763158811606e-07,0.0
5,0,1.7698089609652067e-10,0.0,2.4050763158811606e-07,0.0
5,0,1.5563729425068018e-10,0.0,2.4050763158811606e-07,0.0
5,0,1.3712745139765486e-10,0.0,2.4050763158811606e-07,0.0
5,0,1.2081675220678692e-10,0.0,2.4050763158811606e-07,0.0
5,0,1.0653196624752014e-10,0.0,2.4050763158811606e-07,0.0
5,0,9.262007367160986e-11,0.0,2.824940850132407e-07,0.0
5,0,7.901164509076453e-11,0.0,2.824940850132407e-07,0.0
5,0,6.739407774663424e-11,0.0,2.824940850132407e-07,0.0
5,0,5.850042144629856e-11,0.0,2.824940850132407e-07,0.0
5,0,5.1950717181077655e-11,0.0,2.75550661399393e-07,0.0
5,0,4.806099367425263e-11,0.0,2.75550661399393e-07,0.0
5,0,4.65706773713677e-11,0.0,2.75550661399393e-07,0.0
5,0,4.6193141345446174e-11,0.0,2.2299009572179784e-07,0.0
5,0,4.624625848663851e-11,0.0,1.8562246850706288e-07,0.0
5,0,4.6274170194980056e-11,0.0,1.8562246850706288e-07,0.0
5,0,4.670815849220877e-11,0.0,1.8562246850706288e-07,0.0
5,0,4.789356058417318e-11,0.0,1.8562246850706288e-07,0.0
5,0,5.179974211799228e-11,0.0,1.8562246850706288e-07,0.0
5,0,5.839857625369643e-11,0.0,1.8562246850706288e-07,0.0
5,0,6.457921476963696e-11,0.0,1.8562246850706288e-07,0.0
5,0,6.919119897658319e-11,0.0,1.8562246850706288e-07,0.0
5,0,7.025522762456334e-11,0.0,1.8562246850706288e-07,0.0
5,0,6.834162595493974e-11,0.0,1.8562246850706288e-07,0.0
5,0,6.53686829017353e-11,0.0,1.8562246850706288e-07,0.0
5,0,6.335976133860568e-11,0.0,1.8562246850706288e-07,0.0
5,0,6.322999895119537e-11,0.0,2.2937516064303054e-07,0.0
5,0,6.008648931150575e-11,0.0,2.2937516064303054e-07,0.0
5,0,5.839815237059162e-11,0.0,2.2937516064303054e-07,0.0
5,0,5.944348745023699e-11,0.0,1.940357918783775e-07,0.0
5,0,5.500368419687797e-11,0.0,1.940357918783775e-07,0.0
5,0,4.747627262334311e-11,0.0,1.940357918783775e-07,0.0
5,0,3.9978073118610106e-11,0.0,1.940357918783775e-07,0.0
5,0,3.330371261886212e-11,0.0,1.940357918783775e-07,0.0
5,0,2.751755015743341e-11,0.0,1.940357918783775e-07,0.0
5,0,2.2892215992548367e-11,0.0,2.2937516064303054e-07,0.0
5,0,1.9458158416279008e-11,0.0,1.8562246850706288e-07,0.0
5,0,1.7213467516514363e-11,0.0,1.8562246850706288e-07,0.0
5,0,1.5657147816822707e-11,0.0,1.8562246850706288e-07,0.0
5,0,1.4350196526944702e-11,0.0,1.8562246850706288e-07,0.0
5,0,1.3260903991296471e-11,0.0,1.8562246850706288e-07,0.0
5,0,1.208794706536199e-11,0.0,1.8562246850706288e-07,0.0
5,0,1.0758419619394035e-11,0.0,1.8562246850706288e-07,0.0
5,0,9.275913004171792e-12,0.0,1.8562246850706288e-07,0.0
5,0,7.707640729856176e-12,0.0,1.8562246850706288e-07,0.0
5,0,6.422093131138056e-12,0.0,1.8562246850706288e-07,0.0
5,0,5.6647140437972e-12,0.0,2.2937516064303054e-07,0.0
5,0,5.460717016237653e-12,0.0,2.2937516064303054e-07,0.0
5,0,5.856642907131629e-12,0.0,2.2937516064303054e-07,0.0
5,0,6.386811468162452e-12,0.0,2.2937516064303054e-07,0.0
5,0,6.7827920877625244e-12,0.0,2.2937516064303054e-07,0.0
5,0,7.366421065762582e-12,0.0,2.291458116587819e-07,0.0
5,0,8.22632828131338e-12,0.0,2.291458116587819e-07,0.0
5,0,9.426831742021345e-12,0.0,2.291458116587819e-07,0.0
5,0,1.1122975059246182e-11,0.0,2.291458116587819e-07,0.0
5,0,1.2638367557416727e-11,0.0,2.291458116587819e-07,0.0
5,0,1.3640160346198803e-11,0.0,2.291458116587819e-07,0.0
5,0,1.373817231456158e-11,0.0,2.291458116587819e-07,0.0
5,0,1.3650917763508256e-11,0.0,2.291458116587819e-07,0.0
5,0,1.412330525840714e-11,0.0,2.291458116587819e-07,0.0
5,0,1.4657173450439497e-11,0.0,2.291458116587819e-07,0.0
5,0,1.513997852202622e-11,0.0,2.291458116587819e-07,0.0
5,0,1.529847573928039e-11,0.0,1.9384175686809613e-07,0.0
5,0,1.4975130334929158e-11,0.0,1.9384175686809613e-07,0.0
5,0,1.3903207767451537e-11,0.0,1.9384175686809613e-07,0.0
5,0,1.2788856563833346e-11,0.0,1.9384175686809613e-07,0.0
5,0,1.0829920535502011e-11,0.0,1.9384175686809613e-07,0.0
5,0,9.092611271060764e-12,0.0,1.9384175686809613e-07,0.0
5,0,7.687251878540896e-12,0.0,1.9384175686809613e-07,0.0
5,0,6.393519784459745e-12,0.0,2.291458116587819e-07,0.0
5,0,5.374446745885771e-12,0.0,2.291458116587819e-07,0.0
5,0,4.554438076000661e-12,0.0,2.291458116587819e-07,0.0
5,0,3.885282752372827e-12,0.0,2.291458116587819e-07,0.0
5,0,3.444251854575778e-12,0.0,2.291458116587819e-07,0.0
5,0,3.035602859068566e-12,0.0,2.291458116587819e-07,0.0
5,0,2.640465176699228e-12,0.0,2.291458116587819e-07,0.0
5,0,2.2837200339750364e-12,0.0,2.291458116587819e-07,0.0
5,0,2.0074058492505726e-12,0.0,2.291458116587819e-07,0.0
5,0,1.703979956055584e-12,0.0,2.291458116587819e-07,0.0
5,0,1.5125418481029592e-12,0.0,2.291458116587819e-07,0.0
5,0,1.452435557850907e-12,0.0,2.291458116587819e-07,0.0
5,0,1.4825080513451883e-12,0.0,2.291458116587819e-07,0.0
5,0,1.5511927480228363e-12,0.0,2.291458116587819e-07,0.0
5,0,1.6618342500865739e-12,0.0,2.291458116587819e-07,0.0
5,0,1.7832249223222974e-12,0.0,2.291458116587819e-07,0.0
5,0,1.9534950304535534e-12,0.0,2.291458116587819e-07,0.0
5,0,2.221842569994753e-12,0.0,2.291458116587819e-07,0.0
5,0,2.635368704746796e-12,0.0,2.291458116587819e-07,0.0
5,0,3.2194936425979243e-12,0.0,2.291458116587819e-07,0.0
5,0,4.0435441931617895e-12,0.0,2.291458116587819e-07,0.0
5,0,5.161392376493459e-12,0.0,2.2937516064303054e-07,0.0
5,0,6.7933485184356674e-12,0.0,2.2937516064303054e-07,0.0
5,0,8.647232759035957e-12,0.0,2.2937516064303054e-07,0.0
5,0,1.01825681424287e-11,0.0,2.2937516064303054e-07,0.0
5,0,1.0794698171470454e-11,0.0,2.3908449975351687e-07,0.0
5,0,1.0595975153709676e-11,0.0,2.3908449975351687e-07,0.0
5,0,1.0064263642688947e-11,0.0,1.9406408569011546e-07,0.0
5,0,9.759334913551265e-12,0.0,2.3884544475549774e-07,0.0
5,0,9.463598572149343e-12,0.0,2.3884544475549774e-07,0.0
5,0,9.072847510662416e-12,0.0,2.3884544475549774e-07,0.0
5,0,8.498476938147194e-12,0.0,2.3884544475549774e-07,0.0
5,0,7.672130729189553e-12,0.0,2.3884544475549774e-07,0.0
5,0,6.4259725528426496e-12,0.0,2.5529516278766096e-07,0.0
5,0,5.031862156162764e-12,0.0,2.5529516278766096e-07,0.0
5,0,3.785532989752687e-12,0.0,2.5529516278766096e-07,0.0
5,0,2.8738005370969947e-12,0.0,2.3884544475549774e-07,0.0
5,0,2.325921726207499e-12,0.0,2.3884544475549774e-07,0.0
5,0,1.981038371049932e-12,0.0,2.291458116587819e-07,0.0
5,0,1.7287097036389186e-12,0.0,2.291458116587819e-07,0.0
5,0,1.5525296333366086e-12,0.0,2.291458116587819e-07,0.0
5,0,1.3954139978359585e-12,0.0,2.291458116587819e-07,0.0
5,0,1.273998896497109e-12,0.0,2.291458116587819e-07,0.0
5,0,1.2718787003073944e-12,0.0,2.291458116587819e-07,0.0
5,0,1.387870081246085e-12,0.0,2.291458116587819e-07,0.0
5,0,1.5562930098118146e-12,0.0,2.291458116587819e-07,0.0
5,0,1.6829270733888362e-12,0.0,2.291458116587819e-07,0.0
5,0,1.7300905894131883e-12,0.0,2.2937516064303054e-07,0.0
5,0,1.7397882870930795e-12,0.0,2.2937516064303054e-07,0.0
5,0,1.7431572430607623e-12,0.0,2.29424387043764e-07,0.0
5,0,1.8365570382848836e-12,0.0,2.9671434731426416e-07,0.0
5,0,1.952437719695547e-12,0.0,1.8514511168632453e-07,0.0
5,0,2.113933861266266e-12,0.0,1.8514511168632453e-07,0.0
5,0,2.34840005645081e-12,0.0,1.8514511168632453e-07,0.0
5,0,2.550231008133915e-12,0.0,1.8514511168632453e-07,0.0
5,0,2.736762845072325e-12,0.0,1.8514511168632453e-07,0.0
5,0,2.9808662417416366e-12,0.0,1.8514511168632453e-07,0.0
5,0,3.3813188325875352e-12,0.0,1.8514511168632453e-07,0.0
5,0,3.835938276268544e-12,0.0,1.8514511168632453e-07,0.0
5,0,4.3908728929044596e-12,0.0,1.8514511168632453e-07,0.0
5,0,4.906237582009268e-12,0.0,1.8514511168632453e-07,0.0
5,0,5.405036882045107e-12,0.0,1.8514511168632453e-07,0.0
5,0,5.710180348406942e-12,0.0,1.8514511168632453e-07,0.0
5,0,5.853221106205385e-12,0.0,1.8514511168632453e-07,0.0
5,0,6.08795642800987e-12,0.0,1.8514511168632453e-07,0.0
5,0,6.322366311089424e-12,0.0,1.8514511168632453e-07,0.0
5,0,6.66711584061402e-12,0.0,1.8514511168632453e-07,0.0
5,0,6.699707914670762e-12,0.0,1.8514511168632453e-07,0.0
5,0,6.657735200982344e-12,0.0,1.8514511168632453e-07,0.0
5,0,6.346626581183191e-12,0.0,1.8514511168632453e-07,0.0
5,0,5.879155041079702e-12,0.0,1.8514511168632453e-07,0.0
5,0,5.312680866654941e-12,0.0,1.8514511168632453e-07,0.0
5,0,4.733636425005258e-12,0.0,1.8514511168632453e-07,0.0
5,0,4.197683930367359e-12,0.0,1.8514511168632453e-07,0.0
5,0,3.736224398513594e-12,0.0,1.8514511168632453e-07,0.0
5,0,3.4415873716331247e-12,0.0,2.1223793567060056e-07,0.0
5,0,3.2039941885411518e-12,0.0,2.1223793567060056e-07,0.0
5,0,2.949403864202193e-12,0.0,2.1223793567060056e-07,0.0
5,0,2.7364908586432747e-12,0.0,2.1223793567060056e-07,0.0
5,0,2.5245590157709166e-12,0.0,2.1223793567060056e-07,0.0
5,0,2.2896199239566555e-12,0.0,2.1223793567060056e-07,0.0
5,0,2.036553841868414e-12,0.0,2.1594441079741955e-07,0.0
5,0,1.7992021965003993e-12,0.0,2.1594441079741955e-07,0.0
5,0,1.601016070223232e-12,0.0,2.1594441079741955e-07,0.0
5,0,1.4340623421894161e-12,0.0,2.1594441079741955e-07,0.0
5,0,1.2925350745127262e-12,0.0,2.1594441079741955e-07,0.0
5,0,1.1829072499371287e-12,0.0,2.1594441079741955e-07,0.0
5,0,1.1151132701842166e-12,0.0,2.1594441079741955e-07,0.0
5,0,1.1333537654202325e-12,0.0,2.1594441079741955e-07,0.0
5,0,1.2066184269781894e-12,0.0,2.1594441079741955e-07,0.0
5,0,1.3190080656736635e-12,0.0,2.1594441079741955e-07,0.0
5,0,1.4112903776680256e-12,0.0,2.1594441079741955e-07,0.0
5,0,1.4967313277906131e-12,0.0,2.1594441079741955e-07,0.0
5,0,1.5375260251458646e-12,0.0,2.1594441079741955e-07,0.0
5,0,1.5374540467567282e-12,0.0,2.1594441079741955e-07,0.0
5,0,1.4764635308980354e-12,0.0,2.1594441079741955e-07,0.0
5,0,1.3921438042303052e-12,0.0,2.1594441079741955e-07,0.0
5,0,1.3202784314356302e-12,0.0,2.1594441079741955e-07,0.0
5,0,1.215666544492191e-12,0.0,2.1223793567060056e-07,0.0
5,0,1.1571699924797937e-12,0.0,2.1223793567060056e-07,0.0
5,0,1.0839015157252012e-12,0.0,2.1223793567060056e-07,0.0
5,0,9.915255460366982e-13,0.0,1.8514511168632453e-07,0.0
5,0,9.091072561156142e-13,0.0,1.8514511168632453e-07,0.0
5,0,8.699139267287806e-13,0.0,1.8514511168632453e-07,0.0
5,0,8.515869531595532e-13,0.0,1.8514511168632453e-07,0.0
5,0,8.454179999033651e-13,0.0,1.7225785597929644e-07,0.0
5,0,8.35766020676501e-13,0.0,1.8514511168632453e-07,0.0
5,0,8.58111432162015e-13,0.0,1.8514511168632453e-07,0.0
5,0,8.802382316070206e-13,0.0,1.8514511168632453e-07,0.0
5,0,8.966339557127501e-13,0.0,1.8514511168632453e-07,0.0
5,0,9.444884515712272e-13,0.0,1.8514511168632453e-07,0.0
5,0,1.011203674028545e-12,0.0,1.8514511168632453e-07,0.0
5,0,1.0322940196538125e-12,0.0,1.8514511168632453e-07,0.0
5,0,1.0142482069709059e-12,0.0,1.8514511168632453e-07,0.0
5,0,9.785712989112537e-13,0.0,1.8514511168632453e-07,0.0
5,0,8.887226246593075e-13,0.0,1.8514511168632453e-07,0.0
5,0,7.741618183561085e-13,0.0,1.8514511168632453e-07,0.0
5,0,6.899919625691753e-13,0.0,1.8514511168632453e-07,0.0
5,0,7.049476562436102e-13,0.0,1.8514511168632453e-07,0.0
5,0,8.094096606289103e-13,0.0,1.8514511168632453e-07,0.0
5,0,9.087360088837215e-13,0.0,1.8514511168632453e-07,0.0
5,0,9.759677544759888e-13,0.0,1.8514511168632453e-07,0.0
5,0,1.1081880175473265e-12,0.0,1.8514511168632453e-07,0.0
5,0,1.2001233736734516e-12,0.0,1.8514511168632453e-07,0.0
5,0,1.2413008978772226e-12,0.0,1.8514511168632453e-07,0.0
5,0,1.3320470848424374e-12,0.0,1.8514511168632453e-07,0.0
5,0,1.454178558316073e-12,0.0,1.8514511168632453e-07,0.0
5,0,1.5589072150086363e-12,0.0,1.8514511168632453e-07,0.0
5,0,1.6643940778099661e-12,0.0,1.8514511168632453e-07,0.0
5,0,1.7535146952945798e-12,0.0,1.8514511168632453e-07,0.0
5,0,1.823607261191141e-12,0.0,1.8514511168632453e-07,0.0
5,0,1.8999844831304854e-12,0.0,1.8514511168632453e-07,0.0
5,0,2.027372759840142e-12,0.0,1.8514511168632453e-07,0.0
5,0,2.2489286679928955e-12,0.0,1.8514511168632453e-07,0.0
5,0,2.5577258336997665e-12,0.0,1.8514511168632453e-07,0.0
5,0,2.9441799744391567e-12,0.0,1.8514511168632453e-07,0.0
5,0,3.3835564707093085e-12,0.0,1.8514511168632453e-07,0.0
5,0,3.811516181573908e-12,0.0,1.8514511168632453e-07,0.0
5,0,4.212011083052633e-12,0.0,1.8514511168632453e-07,0.0
5,0,4.714342975462793e-12,0.0,1.8514511168632453e-07,0.0
5,0,5.453497123673843e-12,0.0,1.8514511168632453e-07,0.0
5,0,6.477250104969589e-12,0.0,1.8514511168632453e-07,0.0
5,0,7.746383777175002e-12,0.0,2.1223793567060056e-07,0.0
5,0,9.354524302854401e-12,0.0,2.1594441079741955e-07,0.0
5,0,1.1448131562488697e-11,0.0,2.1594441079741955e-07,0.0
5,0,1.4182991958247367e-11,0.0,2.1594441079741955e-07,0.0
5,0,1.7320109039819234e-11,0.0,2.1594441079741955e-07,0.0
5,0,2.068983641205256e-11,0.0,2.1594441079741955e-07,0.0
5,0,2.351558995655447e-11,0.0,2.1594441079741955e-07,0.0
5,0,2.5132431878507153e-11,0.0,1.973276084754616e-07,0.0
5,0,2.575171206329921e-11,0.0,1.973276084754616e-07,0.0
5,0,2.6566886010737102e-11,0.0,1.973276084754616e-07,0.0
5,0,2.8014048193392148e-11,0.0,1.973276084754616e-07,0.0
5,0,3.005970076042018e-11,0.0,1.973276084754616e-07,0.0
5,0,3.1922641703594495e-11,0.0,1.835923910675774e-07,0.0
5,0,3.27237084347526e-11,0.0,1.835923910675774e-07,0.0
5,0,3.174369920468953e-11,0.0,1.835923910675774e-07,0.0
5,0,2.9487051807654714e-11,0.0,1.973276084754616e-07,0.0
5,0,2.6370690047522815e-11,0.0,1.973276084754616e-07,0.0
5,0,2.3071713629146838e-11,0.0,1.973276084754616e-07,0.0
5,0,2.057717441398334e-11,0.0,2.370516227756525e-07,0.0
5,0,1.8064444371137016e-11,0.0,2.370516227756525e-07,0.0
5,0,1.529438607830634e-11,0.0,2.370516227756525e-07,0.0
5,0,1.2661827087427982e-11,0.0,2.370516227756525e-07,0.0
5,0,1.0061622570066279e-11,0.0,2.370516227756525e-07,0.0
5,0,8.550664020062656e-12,0.0,1.973276084754616e-07,0.0
5,0,7.1028374786953355e-12,0.0,1.973276084754616e-07,0.0
5,0,6.5179690255265346e-12,0.0,1.973276084754616e-07,0.0
5,0,6.424998667153568e-12,0.0,1.973276084754616e-07,0.0
5,0,6.4441088730734845e-12,0.0,1.6033047245400667e-07,0.0
5,0,6.367729002125595e-12,0.0,1.6033047245400667e-07,0.0
5,0,6.212412154615792e-12,0.0,1.6033047245400667e-07,0.0
5,0,6.0327991395251076e-12,0.0,1.6033047245400667e-07,0.0
5,0,5.828187784888411e-12,0.0,1.6033047245400667e-07,0.0
5,0,5.663341184213437e-12,0.0,1.6033047245400667e-07,0.0
5,0,5.601047009748953e-12,0.0,1.6033047245400667e-07,0.0
5,0,5.62242415894703e-12,0.0,1.7545677621910727e-07,0.0
5,0,5.6940702574015846e-12,0.0,2.1594441079741955e-07,0.0
5,0,5.868432477618832e-12,0.0,2.1594441079741955e-07,0.0
5,0,6.1598743415742395e-12,0.0,2.1594441079741955e-07,0.0
5,0,6.906256402196946e-12,0.0,2.1594441079741955e-07,0.0
5,0,8.047365018718399e-12,0.0,2.1594441079741955e-07,0.0
5,0,9.146907787364389e-12,0.0,2.1594441079741955e-07,0.0
5,0,1.0278354174527772e-11,0.0,2.1594441079741955e-07,0.0
5,0,1.1300332046586807e-11,0.0,2.1594441079741955e-07,0.0
5,0,1.202821847252335e-11,0.0,2.1594441079741955e-07,0.0
5,0,1.2522434309156463e-11,0.0,2.1594441079741955e-07,0.0
5,0,1.2979748577795187e-11,0.0,2.1594441079741955e-07,0.0
5,0,1.3549617057194904e-11,0.0,2.1594441079741955e-07,0.0
5,0,1.4353570093846555e-11,0.0,2.1594441079741955e-07,0.0
5,0,1.53051988319092e-11,0.0,2.1594441079741955e-07,0.0
5,0,1.61873505162882e-11,0.0,2.1594441079741955e-07,0.0
5,0,1.6836074582570092e-11,0.0,2.1594441079741955e-07,0.0
5,0,1.7115035355646965e-11,0.0,2.1594441079741955e-07,0.0
5,0,1.691907078283906e-11,0.0,2.1594441079741955e-07,0.0
5,0,1.632408840454455e-11,0.0,2.1594441079741955e-07,0.0
5,0,1.5533448730386167e-11,0.0,2.1594441079741955e-07,0.0
5,0,1.5074699525912526e-11,0.0,2.1594441079741955e-07,0.0
5,0,1.4859259556325064e-11,0.0,2.1594441079741955e-07,0.0
5,0,1.4811043208135063e-11,0.0,2.1594441079741955e-07,0.0
5,0,1.4736887093889467e-11,0.0,2.1594441079741955e-07,0.0
5,0,1.461821671675442e-11,0.0,2.1594441079741955e-07,0.0
5,0,1.4124227522707605e-11,0.0,2.1594441079741955e-07,0.0
5,0,1.3261306334453595e-11,0.0,2.1594441079741955e-07,0.0
5,0,1.2211131882123454e-11,0.0,2.1594441079741955e-07,0.0
5,0,1.1231222737083907e-11,0.0,2.1594441079741955e-07,0.0
5,0,1.020902741727399e-11,0.0,2.1594441079741955e-07,0.0
5,0,9.204061496745566e-12,0.0,2.1594441079741955e-07,0.0
5,0,8.331313001236293e-12,0.0,2.1594441079741955e-07,0.0
5,0,7.864163097472178e-12,0.0,2.1594441079741955e-07,0.0
5,0,7.465833836423431e-12,0.0,2.1594441079741955e-07,0.0
5,0,7.13380522493345e-12,0.0,2.1594441079741955e-07,0.0
5,0,6.9826902069478496e-12,0.0,2.1594441079741955e-07,0.0
5,0,7.147802586188404e-12,0.0,2.1594441079741955e-07,0.0
5,0,7.474516899700028e-12,0.0,2.1594441079741955e-07,0.0
5,0,7.770623136904164e-12,0.0,2.1594441079741955e-07,0.0
5,0,7.815291829994055e-12,0.0,2.1594441079741955e-07,0.0
5,0,7.904073289595564e-12,0.0,2.1594441079741955e-07,0.0
5,0,8.0853441245123e-12,0.0,2.1594441079741955e-07,0.0
5,0,8.350073721841025e-12,0.0,2.1594441079741955e-07,0.0
5,0,8.791983919493435e-12,0.0,2.1594441079741955e-07,0.0
5,0,9.636074590215616e-12,0.0,2.1594441079741955e-07,0.0
5,0,1.0794208342910975e-11,0.0,2.1594441079741955e-07,0.0
5,0,1.229656290882009e-11,0.0,2.0091333396976552e-07,0.0
5,0,1.3532626439084762e-11,0.0,2.0091333396976552e-07,0.0
5,0,1.4400284890648681e-11,0.0,2.2667153132260864e-07,0.0
5,0,1.5450239841028063e-11,0.0,2.4362967110391764e-07,0.0
5,0,1.733459251000916e-11,0.0,2.2667153132260864e-07,0.0
5,0,2.08239040966538e-11,0.0,2.8088226144973305e-07,0.0
5,0,2.49308734135666e-11,0.0,2.8088226144973305e-07,0.0
5,0,2.910577733359362e-11,0.0,2.8088226144973305e-07,0.0
5,0,3.268358448455176e-11,0.0,2.8088226144973305e-07,0.0
5,0,3.524147837836306e-11,0.0,2.8088226144973305e-07,0.0
5,0,3.6338186991228565e-11,0.0,2.8088226144973305e-07,0.0
5,0,3.6039232332446565e-11,0.0,2.8088226144973305e-07,0.0
5,0,3.478758797983247e-11,0.0,2.8088226144973305e-07,0.0
5,0,3.273984123939611e-11,0.0,2.8088226144973305e-07,0.0
5,0,2.988056704200925e-11,0.0,3.018960796907777e-07,0.0
5,0,2.624888621534883e-11,0.0,3.018960796907777e-07,0.0
5,0,2.249032422085919e-11,0.0,3.018960796907777e-07,0.0
5,0,1.988000410352497e-11,0.0,3.018960796907777e-07,0.0
5,0,1.8279381071271974e-11,0.0,3.018960796907777e-07,0.0
5,0,1.761033005936378e-11,0.0,3.018960796907777e-07,0.0
5,0,1.631881899330466e-11,0.0,3.018960796907777e-07,0.0
5,0,1.5415923135653173e-11,0.0,3.015942411366268e-07,0.0
5,0,1.5444105268698392e-11,0.0,3.015942411366268e-07,0.0
5,0,1.5390274259953425e-11,0.0,2.964176815112296e-07,0.0
5,0,1.514785069353264e-11,0.0,2.1324160570657114e-07,0.0
5,0,1.4545657329693522e-11,0.0,2.1324160570657114e-07,0.0
5,0,1.3833293706971771e-11,0.0,2.1324160570657114e-07,0.0
5,0,1.2735586891564688e-11,0.0,2.291949954269512e-07,0.0
5,0,1.1871643904676822e-11,0.0,2.291949954269512e-07,0.0
5,0,1.1645337581461199e-11,0.0,2.291949954269512e-07,0.0
5,0,1.2097206081322394e-11,0.0,2.291949954269512e-07,0.0
5,0,1.3230651053953297e-11,0.0,2.291949954269512e-07,0.0
5,0,1.4967893984198556e-11,0.0,2.291949954269512e-07,0.0
5,0,1.697377643952399e-11,0.0,1.9388318150959094e-07,0.0
5,0,1.8595720625539845e-11,0.0,1.9388318150959094e-07,0.0
5,0,1.9444420867590972e-11,0.0,1.9388318150959094e-07,0.0
5,0,1.9730259161808125e-11,0.0,1.9388318150959094e-07,0.0
5,0,1.9903392606546004e-11,0.0,1.9388318150959094e-07,0.0
5,0,2.87702740740928e-11,0.0,1.9388318150959094e-07,0.0
5,0,4.4285249803274176e-11,0.0,1.9388318150959094e-07,0.0
5,0,4.348407971420923e-11,0.0,1.9388318150959094e-07,0.0
5,0,4.227673428852934e-11,0.0,1.9388318150959094e-07,0.0
5,0,3.972179900399212e-11,0.0,1.9384175686809613e-07,0.0
5,0,3.6717664211191604e-11,0.0,1.9388318150959094e-07,0.0
5,0,3.356153395051574e-11,0.0,1.9388318150959094e-07,0.0
5,0,3.0233061877374564e-11,0.0,2.291949954269512e-07,0.0
5,0,2.6391605010542205e-11,0.0,2.291949954269512e-07,0.0
5,0,2.2239764321228487e-11,0.0,2.291949954269512e-07,0.0
5,0,1.826666582824455e-11,0.0,2.291458116587819e-07,0.0
5,0,1.5032553922008665e-11,0.0,2.291458116587819e-07,0.0
5,0,1.2832915404528574e-11,0.0,2.291458116587819e-07,0.0
5,0,1.1638775264906591e-11,0.0,2.291458116587819e-07,0.0
5,0,1.1359782544357352e-11,0.0,2.291458116587819e-07,0.0
5,0,1.1043118575231657e-11,0.0,2.291949954269512e-07,0.0
5,0,1.075740471225524e-11,0.0,2.291949954269512e-07,0.0
5,0,1.0400333301910982e-11,0.0,2.291949954269512e-07,0.0
5,0,1.0254674939398174e-11,0.0,2.291458116587819e-07,0.0
5,0,1.007984022837256e-11,0.0,2.291458116587819e-07,0.0
5,0,9.689746178748203e-12,0.0,2.291458116587819e-07,0.0
5,0,9.01550759954069e-12,0.0,1.9384175686809613e-07,0.0
5,0,8.249372205496565e-12,0.0,1.9384175686809613e-07,0.0
5,0,7.392427638655971e-12,0.0,1.9384175686809613e-07,0.0
5,0,6.551503421641324e-12,0.0,1.9384175686809613e-07,0.0
5,0,6.088273124381044e-12,0.0,2.450174463319854e-07,0.0
5,0,5.8807629027164984e-12,0.0,2.4776664986347896e-07,0.0
5,0,5.799858676978188e-12,0.0,2.4776664986347896e-07,0.0
5,0,5.768539977033284e-12,0.0,2.4776664986347896e-07,0.0
5,0,5.562821286173206e-12,0.0,2.4776664986347896e-07,0.0
5,0,5.40075223570291e-12,0.0,2.4776664986347896e-07,0.0
5,0,5.200485253651349e-12,0.0,2.4776664986347896e-07,0.0
5,0,4.971917151271866e-12,0.0,2.4776664986347896e-07,0.0
5,0,4.772444036588946e-12,0.0,2.4776664986347896e-07,0.0
5,0,4.671789034664481e-12,0.0,2.4776664986347896e-07,0.0
5,0,4.6013730972599884e-12,0.0,2.4776664986347896e-07,0.0
5,0,4.682416898117969e-12,0.0,2.4776664986347896e-07,0.0
5,0,4.811464800816392e-12,0.0,2.450174463319854e-07,0.0
5,0,4.870053146110142e-12,0.0,1.9384175686809613e-07,0.0
5,0,4.905483595898735e-12,0.0,1.9384175686809613e-07,0.0
5,0,4.849906604356594e-12,0.0,1.9384175686809613e-07,0.0
5,0,4.705675395795466e-12,0.0,1.9384175686809613e-07,0.0
5,0,4.501037003392778e-12,0.0,1.9384175686809613e-07,0.0
5,0,4.284077059743587e-12,0.0,1.9384175686809613e-07,0.0
5,0,4.101927478388152e-12,0.0,2.291458116587819e-07,0.0
5,0,3.8517742842881355e-12,0.0,2.291458116587819e-07,0.0
5,0,3.7044100761884635e-12,0.0,2.291458116587819e-07,0.0
5,0,3.520501923481136e-12,0.0,2.291458116587819e-07,0.0
5,0,3.2731762750932915e-12,0.0,2.291458116587819e-07,0.0
5,0,2.9068222731615802e-12,0.0,2.291458116587819e-07,0.0
5,0,2.612829329009763e-12,0.0,2.291458116587819e-07,0.0
5,0,2.305296459203292e-12,0.0,2.291458116587819e-07,0.0
5,0,2.0457028482037633e-12,0.0,2.291458116587819e-07,0.0
5,0,1.9051388991499365e-12,0.0,2.291458116587819e-07,0.0
5,0,1.720183028261877e-12,0.0,1.9384175686809613e-07,0.0
5,0,1.4229609103247452e-12,0.0,1.9384175686809613e-07,0.0
5,0,1.0836609838729942e-12,0.0,1.9384175686809613e-07,0.0
5,0,8.083287215128985e-13,0.0,1.9384175686809613e-07,0.0
5,0,6.23169056195417e-13,0.0,1.9384175686809613e-07,0.0
5,0,5.053270906369547e-13,0.0,2.450174463319854e-07,0.0
5,0,4.426213693697375e-13,0.0,2.4776664986347896e-07,0.0
5,0,3.996281890805678e-13,0.0,2.4776664986347896e-07,0.0
5,0,3.5408385193613537e-13,0.0,2.4776664986347896e-07,0.0
5,0,3.132049377623989e-13,0.0,2.4776664986347896e-07,0.0
5,0,2.7752213598644813e-13,0.0,2.4776664986347896e-07,0.0
5,0,2.538736750409154e-13,0.0,2.4776664986347896e-07,0.0
5,0,2.424470861235197e-13,0.0,2.4776664986347896e-07,0.0
5,0,2.4537281147618916e-13,0.0,2.4776664986347896e-07,0.0
5,0,2.490794683117808e-13,0.0,2.4776664986347896e-07,0.0
5,0,2.599173610325466e-13,0.0,2.4776664986347896e-07,0.0
5,0,2.835270722869937e-13,0.0,1.9384175686809613e-07,0.0
5,0,3.2892936932450963e-13,0.0,1.9384175686809613e-07,0.0
5,0,3.9352230606174764e-13,0.0,1.9384175686809613e-07,0.0
5,0,4.361724721585973e-13,0.0,1.9384175686809613e-07,0.0
5,0,4.698387082775095e-13,0.0,1.9384175686809613e-07,0.0
5,0,5.012886816753346e-13,0.0,1.9384175686809613e-07,0.0
5,0,5.311888237093648e-13,0.0,1.9384175686809613e-07,0.0
5,0,5.81904833774354e-13,0.0,2.291458116587819e-07,0.0
5,0,6.602670739356105e-13,0.0,2.291458116587819e-07,0.0
5,0,7.600707633244699e-13,0.0,2.291458116587819e-07,0.0
5,0,8.380678838681201e-13,0.0,2.291458116587819e-07,0.0
5,0,8.983486058773836e-13,0.0,2.291458116587819e-07,0.0
5,0,9.169561690503283e-13,0.0,2.291458116587819e-07,0.0
5,0,9.371787935516644e-13,0.0,2.291458116587819e-07,0.0
5,0,9.773404872581771e-13,0.0,2.291458116587819e-07,0.0
5,0,1.0479754885077487e-12,0.0,2.291458116587819e-07,0.0
5,0,1.0922271441702221e-12,0.0,2.291458116587819e-07,0.0
5,0,1.0376477324693012e-12,0.0,2.291458116587819e-07,0.0
5,0,9.38876553328023e-13,0.0,2.291458116587819e-07,0.0
5,0,8.707473572537878e-13,0.0,1.9384175686809613e-07,0.0
5,0,8.183893189595458e-13,0.0,1.9384175686809613e-07,0.0
5,0,7.904095142923846e-13,0.0,1.9384175686809613e-07,0.0
5,0,7.483440728780084e-13,0.0,1.9388318150959094e-07,0.0
5,0,7.041811350609606e-13,0.0,1.9384175686809613e-07,0.0
5,0,6.349545173090962e-13,0.0,2.450174463319854e-07,0.0
5,0,5.686720382971261e-13,0.0,2.4776664986347896e-07,0.0
5,0,5.067102402289029e-13,0.0,2.4776664986347896e-07,0.0
5,0,4.551248350656286e-13,0.0,2.450174463319854e-07,0.0
5,0,4.2911103235301007e-13,0.0,1.9384175686809613e-07,0.0
5,0,4.3075943920728297e-13,0.0,1.9384175686809613e-07,0.0
5,0,4.579767336960019e-13,0.0,1.9384175686809613e-07,0.0
5,0,5.024934511855561e-13,0.0,1.9384175686809613e-07,0.0
5,0,5.637416024799122e-13,0.0,1.9384175686809613e-07,0.0
5,0,6.345820564757058e-13,0.0,1.9388318150959094e-07,0.0
5,0,6.996919268610906e-13,0.0,1.9388318150959094e-07,0.0
5,0,7.50518541071598e-13,0.0,1.9388318150959094e-07,0.0
5,0,7.966153699839131e-13,0.0,2.291458116587819e-07,0.0
5,0,8.467049275614316e-13,0.0,2.291458116587819e-07,0.0
5,0,9.060338857015487e-13,0.0,2.291458116587819e-07,0.0
5,0,9.793199742874781e-13,0.0,2.291458116587819e-07,0.0
5,0,1.0728456931568325e-12,0.0,2.291949954269512e-07,0.0
5,0,1.1898805253995556e-12,0.0,2.291949954269512e-07,0.0
5,0,1.3226587145370143e-12,0.0,2.291949954269512e-07,0.0
5,0,1.4563507427573065e-12,0.0,2.291949954269512e-07,0.0
5,0,1.5765713461847958e-12,0.0,2.291949954269512e-07,0.0
5,0,1.687830833824042e-12,0.0,2.291949954269512e-07,0.0
5,0,1.8137113496924687e-12,0.0,2.291949954269512e-07,0.0
5,0,1.928646714141237e-12,0.0,2.291949954269512e-07,0.0
5,0,2.0049795869602137e-12,0.0,1.9388318150959094e-07,0.0
5,0,2.0279467761697346e-12,0.0,1.9388318150959094e-07,0.0
5,0,1.9723248266285213e-12,0.0,1.9388318150959094e-07,0.0
5,0,1.8114630739102186e-12,0.0,1.9388318150959094e-07,0.0
5,0,1.551046284761701e-12,0.0,2.450697706990468e-07,0.0
5,0,1.2723629492680154e-12,0.0,2.4781957108643837e-07,0.0
5,0,1.0654957608779342e-12,0.0,2.4781957108643837e-07,0.0
5,0,8.772375711909836e-13,0.0,2.4781957108643837e-07,0.0
5,0,7.17516291309848e-13,0.0,2.4781957108643837e-07,0.0
5,0,5.626976221225073e-13,0.0,2.4781957108643837e-07,0.0
5,0,4.1377858975673917e-13,0.0,2.4781957108643837e-07,0.0
5,0,2.8640474220997113e-13,0.0,2.4781957108643837e-07,0.0
5,0,1.9649128213808016e-13,0.0,2.4781957108643837e-07,0.0
5,0,1.3760289834534024e-13,0.0,2.4781957108643837e-07,0.0
5,0,1.0130153930033891e-13,0.0,2.4781957108643837e-07,0.0
5,0,7.938693649153066e-14,0.0,2.4781957108643837e-07,0.0
5,0,6.605208068614317e-14,0.0,2.4781957108643837e-07,0.0
5,0,5.786327937020311e-14,0.0,2.0848111148552562e-07,0.0
5,0,5.416760043694396e-14,0.0,2.0848111148552562e-07,0.0
5,0,5.482027853668288e-14,0.0,2.0848111148552562e-07,0.0
5,0,5.825424036880748e-14,0.0,2.0413116885720228e-07,0.0
5,0,6.273468228215128e-14,0.0,1.7213879743849247e-07,0.0
5,0,6.546021924970186e-14,0.0,1.7213879743849247e-07,0.0
5,0,6.630174987238615e-14,0.0,1.7213879743849247e-07,0.0
5,0,6.696631994865207e-14,0.0,1.7213879743849247e-07,0.0
5,0,6.84948534856405e-14,0.0,1.7210203395734425e-07,0.0
5,0,7.480120007538667e-14,0.0,1.4676889747988753e-07,0.0
5,0,8.333145711427308e-14,0.0,1.4680024662538926e-07,0.0
5,0,9.216424504993784e-14,0.0,1.4680024662538926e-07,0.0
5,0,9.876639562862511e-14,0.0,1.4680024662538926e-07,0.0
5,0,1.039617028270307e-13,0.0,1.4680024662538926e-07,0.0
5,0,1.1148225805110624e-13,0.0,1.4680024662538926e-07,0.0
5,0,1.2434799162006197e-13,0.0,1.4680024662538926e-07,0.0
5,0,1.397483983636534e-13,0.0,1.4680024662538926e-07,0.0
5,0,1.5363234391064988e-13,0.0,1.4680024662538926e-07,0.0
5,0,1.6615809073739413e-13,0.0,1.4676889747988753e-07,0.0
5,0,1.6765610108286503e-13,0.0,1.4676889747988753e-07,0.0
5,0,1.5435562150173864e-13,0.0,1.4676889747988753e-07,0.0
5,0,1.2839493642834846e-13,0.0,1.4676889747988753e-07,0.0
5,0,9.823917190353173e-14,0.0,1.4676889747988753e-07,0.0
5,0,7.285586918641722e-14,0.0,1.4676889747988753e-07,0.0
5,0,5.4048298641083173e-14,0.0,1.4676889747988753e-07,0.0
5,0,4.0748672860226566e-14,0.0,1.4676889747988753e-07,0.0
5,0,3.183267753263552e-14,0.0,1.4676889747988753e-07,0.0
5,0,2.6819434388022306e-14,0.0,1.4676889747988753e-07,0.0
5,0,2.4525477756336184e-14,0.0,1.4676889747988753e-07,0.0
5,0,2.3039116198703813e-14,0.0,1.4676889747988753e-07,0.0
5,0,2.168598523337444e-14,0.0,1.4676889747988753e-07,0.0
5,0,2.1366948923053294e-14,0.0,1.4676889747988753e-07,0.0
5,0,2.3346689979125086e-14,0.0,1.4676889747988753e-07,0.0
5,0,2.799322969342394e-14,0.0,1.4676889747988753e-07,0.0
5,0,3.4235584884524686e-14,0.0,1.4676889747988753e-07,0.0
5,0,4.373683124215937e-14,0.0,1.4676889747988753e-07,0.0
5,0,6.293601128184685e-14,0.0,1.4676889747988753e-07,0.0
5,0,1.0394272233561982e-13,0.0,1.4676889747988753e-07,0.0
5,0,1.7888783453241294e-13,0.0,1.4676889747988753e-07,0.0
5,0,3.0426735700329316e-13,0.0,1.4676889747988753e-07,0.0
5,0,5.257625416449518e-13,0.0,1.4676889747988753e-07,0.0
5,0,9.258054377548385e-13,0.0,1.1877300210016983e-07,0.0
5,0,1.6445952830997994e-12,0.0,1.1877300210016983e-07,0.0
5,0,3.059176895833284e-12,0.0,1.1877300210016983e-07,0.0
5,0,5.677637698942809e-12,0.0,1.1877300210016983e-07,0.0
5,0,1.0315326260580199e-11,0.0,1.1879861006036663e-07,0.0
5,0,2.0253721793389154e-11,0.0,1.1877300210016983e-07,0.0
5,0,3.856161856575088e-11,0.0,1.1877300210016983e-07,0.0
5,0,5.990085552165775e-11,0.0,1.4282599636317173e-07,0.0
5,0,7.776364138840584e-11,0.0,1.2466227872209856e-07,0.0
5,0,8.89362666618238e-11,0.0,1.3861915704183048e-07,0.0
5,0,9.168930581620262e-11,0.0,1.3861915704183048e-07,0.0
5,0,8.457506994809693e-11,0.0,1.3861915704183048e-07,0.0
5,0,6.772355441928726e-11,0.0,1.384805585757931e-07,0.0
5,0,4.877976011111025e-11,0.0,1.384805585757931e-07,0.0
5,0,3.434346336964271e-11,0.0,1.3861915704183048e-07,0.0
5,0,2.6236318038590837e-11,0.0,1.3861915704183048e-07,0.0
5,0,2.2366683132704683e-11,0.0,1.3861915704183048e-07,0.0
5,0,1.907998600870335e-11,0.0,1.3861915704183048e-07,0.0
5,0,1.50309440616483e-11,0.0,1.3861915704183048e-07,0.0
5,0,1.1215878337862074e-11,0.0,1.3861915704183048e-07,0.0
5,0,8.284291573002177e-12,0.0,1.3861915704183048e-07,0.0
5,0,6.170916855257714e-12,0.0,1.3861915704183048e-07,0.0
5,0,4.473943951922834e-12,0.0,1.3861915704183048e-07,0.0
5,0,3.2584512497814705e-12,0.0,1.3861915704183048e-07,0.0
5,0,2.4210192982481568e-12,0.0,1.3861915704183048e-07,0.0
5,0,1.8750146681050376e-12,0.0,1.3861915704183048e-07,0.0
5,0,1.5492040347721882e-12,0.0,1.3861915704183048e-07,0.0
5,0,1.3905850079355218e-12,0.0,1.3861915704183048e-07,0.0
5,0,1.3751602000616852e-12,0.0,1.3861915704183048e-07,0.0
5,0,1.5075696917888162e-12,0.0,1.6238308830907044e-07,0.0
5,0,1.7903912341906526e-12,0.0,1.6238308830907044e-07,0.0
5,0,2.1819147283026105e-12,0.0,1.6238308830907044e-07,0.0
5,0,2.60151818864726e-12,0.0,1.6238308830907044e-07,0.0
5,0,3.0086140036430972e-12,0.0,1.6238308830907044e-07,0.0
5,0,3.4595038458331715e-12,0.0,1.9256194150329975e-07,0.0
5,0,4.185712977164524e-12,0.0,1.9256194150329975e-07,0.0
5,0,5.331640730185593e-12,0.0,1.9256194150329975e-07,0.0
5,0,6.91079641835643e-12,0.0,1.9256194150329975e-07,0.0
5,0,9.425108834128141e-12,0.0,1.9256194150329975e-07,0.0
5,0,1.285117853210506e-11,0.0,1.9256194150329975e-07,0.0
5,0,1.5793064006794726e-11,0.0,1.6238308830907044e-07,0.0
5,0,1.93451909108619e-11,0.0,1.6238308830907044e-07,0.0
5,0,2.3736689035611914e-11,0.0,1.384805585757931e-07,0.0
5,0,2.987501177972649e-11,0.0,1.4521637581310642e-07,0.0
5,0,3.793816506522712e-11,0.0,1.4314397844827909e-07,0.0
5,0,4.7949989193813717e-11,0.0,1.6240058187122486e-07,0.0
5,0,5.4033688783005946e-11,0.0,1.6240058187122486e-07,0.0
5,0,5.503123969753732e-11,0.0,1.6240058187122486e-07,0.0
5,0,5.3314499392563944e-11,0.0,1.6240058187122486e-07,0.0
5,0,4.975157478052833e-11,0.0,2.25823995947394e-07,0.0
5,0,4.69263258419219e-11,0.0,2.25823995947394e-07,0.0
5,0,4.539436437891659e-11,0.0,1.6240058187122486e-07,0.0
5,0,4.486739623828481e-11,0.0,1.797615567511457e-07,0.0
5,0,4.479537770614511e-11,0.0,1.797615567511457e-07,0.0
5,0,4.383621549245677e-11,0.0,1.797615567511457e-07,0.0
5,0,4.083894170974789e-11,0.0,1.9258307304426125e-07,0.0
5,0,3.6739076319801334e-11,0.0,2.25823995947394e-07,0.0
5,0,3.286135976487692e-11,0.0,2.3357753775599122e-07,0.0
5,0,3.060369540192744e-11,0.0,2.3357753775599122e-07,0.0
5,0,2.940572175548928e-11,0.0,2.3357753775599122e-07,0.0
5,0,3.0399157058132894e-11,0.0,2.3357753775599122e-07,0.0
5,0,3.3889841054109894e-11,0.0,1.9258307304426125e-07,0.0
5,0,3.964107472676018e-11,0.0,1.6240058187122486e-07,0.0
5,0,4.5469647671861745e-11,0.0,1.6240058187122486e-07,0.0
5,0,4.814423927358918e-11,0.0,1.4521637581310642e-07,0.0
5,0,4.586039604096335e-11,0.0,1.384805585757931e-07,0.0
5,0,4.131409290986488e-11,0.0,1.384805585757931e-07,0.0
5,0,3.7981250795510076e-11,0.0,1.384805585757931e-07,0.0
5,0,5.330847638902338e-12,0.0,2.340087519314693e-07,0.0
5,0,4.961230301514869e-12,0.0,2.340087519314693e-07,0.0
5,0,4.797775744397359e-12,0.0,2.340087519314693e-07,0.0
5,0,4.616755275710233e-12,0.0,2.340087519314693e-07,0.0
5,0,4.396307748886562e-12,0.0,2.340087519314693e-07,0.0
5,0,4.207119730863398e-12,0.0,2.104475385067417e-07,0.0
5,0,4.179649521850739e-12,0.0,1.770414712609636e-07,0.0
5,0,4.268991031905662e-12,0.0,1.7929895079760172e-07,0.0
5,0,4.468332036154003e-12,0.0,1.7929895079760172e-07,0.0
5,0,4.80759976875341e-12,0.0,1.7929895079760172e-07,0.0
5,0,5.013665780900689e-12,0.0,2.1059993571270752e-07,0.0
5,0,4.7384350611439575e-12,0.0,2.1059993571270752e-07,0.0
5,0,4.0622771055720125e-12,0.0,2.1059993571270752e-07,0.0
5,0,3.4099872636099545e-12,0.0,2.1059993571270752e-07,0.0
5,0,3.138557372376672e-12,0.0,2.1059993571270752e-07,0.0
5,0,3.179862615406925e-12,0.0,2.1059993571270752e-07,0.0
5,0,3.434404914050472e-12,0.0,2.0360913310923934e-07,0.0
5,0,3.762590767994654e-12,0.0,1.4642510848261736e-07,0.0
5,0,3.969441118094014e-12,0.0,1.4642510848261736e-07,0.0
5,0,3.868866212709237e-12,0.0,1.4282599636317173e-07,0.0
5,0,3.7382885371788425e-12,0.0,1.4282599636317173e-07,0.0
5,0,3.517593720940935e-12,0.0,1.4282599636317173e-07,0.0
5,0,3.2598466876497946e-12,0.0,1.4282599636317173e-07,0.0
5,0,3.0215021701600374e-12,0.0,1.1889199669212758e-07,0.0
5,0,2.770410330104333e-12,0.0,1.1889199669212758e-07,0.0
5,0,2.6976450618763344e-12,0.0,1.056863609960601e-07,0.0
5,0,2.745435088380825e-12,0.0,1.1889199669212758e-07,0.0
5,0,2.9860088623931647e-12,0.0,1.1889199669212758e-07,0.0
5,0,3.5268644522713107e-12,0.0,1.1889199669212758e-07,0.0
5,0,4.213721570966764e-12,0.0,1.1889199669212758e-07,0.0
5,0,4.7112584368988996e-12,0.0,1.1889199669212758e-07,0.0
5,0,5.0462153182384754e-12,0.0,1.1889199669212758e-07,0.0
5,0,5.1108391035216855e-12,0.0,1.1889199669212758e-07,0.0
5,0,5.284201809578171e-12,0.0,1.1889199669212758e-07,0.0
5,0,5.467889175848767e-12,0.0,1.1889199669212758e-07,0.0
5,0,5.830038764941093e-12,0.0,1.1889199669212758e-07,0.0
5,0,6.104570294859638e-12,0.0,1.1889199669212758e-07,0.0
5,0,6.045756528475705e-12,0.0,1.1889199669212758e-07,0.0
5,0,5.589958943174037e-12,0.0,1.1889199669212758e-07,0.0
5,0,5.043399255615754e-12,0.0,1.1889199669212758e-07,0.0
5,0,4.501862559138856e-12,0.0,1.1889199669212758e-07,0.0
5,0,4.019443997909332e-12,0.0,1.1889199669212758e-07,0.0
5,0,3.5102763358572078e-12,0.0,1.1889199669212758e-07,0.0
5,0,2.8872086859387287e-12,0.0,1.056863609960601e-07,0.0
5,0,2.1567684964433248e-12,0.0,1.056863609960601e-07,0.0
5,0,1.439147073926827e-12,0.0,1.0558078145095351e-07,0.0
5,0,9.007704917921265e-13,0.0,1.0558078145095351e-07,0.0
5,0,5.749505440408407e-13,0.0,1.0558078145095351e-07,0.0
5,0,4.010821958820219e-13,0.0,1.0558078145095351e-07,0.0
5,0,3.254077793949419e-13,0.0,1.1877300210016983e-07,0.0
5,0,2.7374848851211264e-13,0.0,1.1889199669212758e-07,0.0
5,0,2.2132253830717435e-13,0.0,1.1889199669212758e-07,0.0
5,0,1.770841277390515e-13,0.0,1.1889199669212758e-07,0.0
5,0,1.3423003353151702e-13,0.0,1.1889199669212758e-07,0.0
5,0,9.7239126695894e-14,0.0,1.1889199669212758e-07,0.0
5,0,7.039901418093121e-14,0.0,1.1889199669212758e-07,0.0
5,0,5.536349788307783e-14,0.0,1.1889199669212758e-07,0.0
5,0,4.8869040914039064e-14,0.0,1.1889199669212758e-07,0.0
5,0,4.625798107255709e-14,0.0,1.1889199669212758e-07,0.0
5,0,4.8701363617515625e-14,0.0,1.1889199669212758e-07,0.0
5,0,5.2094550181415425e-14,0.0,1.1889199669212758e-07,0.0
5,0,5.322030879114419e-14,0.0,1.1889199669212758e-07,0.0
5,0,4.9590109771963504e-14,0.0,1.1889199669212758e-07,0.0
5,0,4.3540065046613145e-14,0.0,1.1877300210016983e-07,0.0
5,0,4.0459051597479664e-14,0.0,1.1877300210016983e-07,0.0
5,0,4.204967876533993e-14,0.0,1.1877300210016983e-07,0.0
5,0,4.7611244596263496e-14,0.0,1.1877300210016983e-07,0.0
5,0,5.700565804268427e-14,0.0,1.1877300210016983e-07,0.0
5,0,7.039472266050932e-14,0.0,1.0558078145095351e-07,0.0
5,0,8.527093761716514e-14,0.0,1.0558078145095351e-07,0.0
5,0,9.719168761127018e-14,0.0,1.0558078145095351e-07,0.0
5,0,1.0556699350831464e-13,0.0,1.0558078145095351e-07,0.0
5,0,1.1234337791543329e-13,0.0,1.0558078145095351e-07,0.0
5,0,1.2042214529353713e-13,0.0,1.0558078145095351e-07,0.0
5,0,1.289496383307211e-13,0.0,1.0558078145095351e-07,0.0
5,0,1.3573339885993783e-13,0.0,1.0558078145095351e-07,0.0
5,0,1.3586960442629155e-13,0.0,1.0558078145095351e-07,0.0
5,0,1.2600898866263106e-13,0.0,1.0558078145095351e-07,0.0
5,0,1.0925685388797464e-13,0.0,1.0558078145095351e-07,0.0
5,0,9.182884032607357e-14,0.0,1.0558078145095351e-07,0.0
5,0,7.730245120126604e-14,0.0,1.0558078145095351e-07,0.0
5,0,6.621475238330936e-14,0.0,1.0558078145095351e-07,0.0
5,0,5.700133509252003e-14,0.0,1.0558078145095351e-07,0.0
5,0,4.835401404921557e-14,0.0,1.0558078145095351e-07,0.0
5,0,4.075160961819349e-14,0.0,1.0558078145095351e-07,0.0
5,0,3.3217982886177904e-14,0.0,1.0558078145095351e-07,0.0
5,0,2.5557301537591864e-14,0.0,1.0558078145095351e-07,0.0
5,0,1.8344240323812177e-14,0.0,1.0558078145095351e-07,0.0
5,0,1.3021240551908075e-14,0.0,1.0558078145095351e-07,0.0
5,0,9.299244040128857e-15,0.0,1.0558078145095351e-07,0.0
5,0,6.916288131494642e-15,0.0,1.0558078145095351e-07,0.0
5,0,5.3084773495101035e-15,0.0,1.0558078145095351e-07,0.0
5,0,4.314487200448813e-15,0.0,1.0558078145095351e-07,0.0
5,0,3.79135188795471e-15,0.0,1.0558078145095351e-07,0.0
5,0,3.543822921769175e-15,0.0,1.0558078145095351e-07,0.0
5,0,3.4141665904002797e-15,0.0,1.0558078145095351e-07,0.0
5,0,3.3603879151799527e-15,0.0,1.0558078145095351e-07,0.0
5,0,3.369817013633554e-15,0.0,1.0558078145095351e-07,0.0
5,0,3.707293925521952e-15,0.0,1.0558078145095351e-07,0.0
5,0,4.940543690766317e-15,0.0,1.0558078145095351e-07,0.0
5,0,7.330687588858827e-15,0.0,1.0558078145095351e-07,0.0
5,0,1.111094593868435e-14,0.0,1.0558078145095351e-07,0.0
5,0,1.5831652700902078e-14,0.0,1.0558078145095351e-07,0.0
5,0,2.0142932164228707e-14,0.0,1.0558078145095351e-07,0.0
5,0,2.877404886607534e-14,0.0,1.0558078145095351e-07,0.0
5,0,3.767755202122793e-14,0.0,1.0558078145095351e-07,0.0
5,0,4.90490200032538e-14,0.0,1.0558078145095351e-07,0.0
5,0,6.107101402125135e-14,0.0,1.0558078145095351e-07,0.0
5,0,6.942346867356658e-14,0.0,1.0558078145095351e-07,0.0
5,0,7.233150872843068e-14,0.0,1.0558078145095351e-07,0.0
5,0,6.669481368355968e-14,0.0,1.0558078145095351e-07,0.0
5,0,5.717577346944746e-14,0.0,1.0558078145095351e-07,0.0
5,0,4.655336493415442e-14,0.0,1.0558078145095351e-07,0.0
5,0,3.7297068848398845e-14,0.0,1.0558078145095351e-07,0.0
5,0,3.351632903413833e-14,0.0,1.0558078145095351e-07,0.0
5,0,3.422418825216055e-14,0.0,1.0558078145095351e-07,0.0
5,0,3.7348851833214444e-14,0.0,1.0558078145095351e-07,0.0
5,0,4.004888150650052e-14,0.0,1.0558078145095351e-07,0.0
5,0,3.906160674700133e-14,0.0,1.0558078145095351e-07,0.0
5,0,3.48281401728589e-14,0.0,1.0558078145095351e-07,0.0
5,0,2.894898065048689e-14,0.0,1.0558078145095351e-07,0.0
5,0,2.3386088858668525e-14,0.0,1.0558078145095351e-07,0.0
5,0,1.940550362893263e-14,0.0,1.0558078145095351e-07,0.0
5,0,1.7224012890957955e-14,0.0,1.0558078145095351e-07,0.0
5,0,1.665908939599503e-14,0.0,1.0558078145095351e-07,0.0
5,0,1.7568786015914e-14,0.0,1.0558078145095351e-07,0.0
5,0,1.9237103210753234e-14,0.0,1.0558078145095351e-07,0.0
5,0,2.060033604633966e-14,0.0,1.0558078145095351e-07,0.0
5,0,2.168955931906659e-14,0.0,1.0558078145095351e-07,0.0
5,0,2.1335978637332794e-14,0.0,1.0558078145095351e-07,0.0
5,0,2.408433390596958e-14,0.0,1.0558078145095351e-07,0.0
5,0,3.207169383009181e-14,0.0,1.0558078145095351e-07,0.0
5,0,4.889990649926817e-14,0.0,1.0558078145095351e-07,0.0
5,0,7.758048570678603e-14,0.0,1.0558078145095351e-07,0.0
5,0,1.1918571231611672e-13,0.0,1.0558078145095351e-07,0.0
5,0,1.7394355824998095e-13,0.0,1.0558078145095351e-07,0.0
5,0,2.410119554806524e-13,0.0,1.0558078145095351e-07,0.0
5,0,3.2056440803587816e-13,0.0,1.0558078145095351e-07,0.0
5,0,4.206008601581058e-13,0.0,1.0558078145095351e-07,0.0
5,0,5.599180423214508e-13,0.0,1.0558078145095351e-07,0.0
5,0,7.555886809373456e-13,0.0,1.0558078145095351e-07,0.0
5,0,9.682914576201501e-13,0.0,1.1877300210016983e-07,0.0
5,0,1.0755056623498862e-12,0.0,1.1877300210016983e-07,0.0
5,0,1.0243808304373013e-12,0.0,9.650441512576435e-08,0.0
5,0,9.276248646258625e-13,0.0,9.650441512576435e-08,0.0
5,0,8.719738995511981e-13,0.0,9.650441512576435e-08,0.0
5,0,8.668353637630632e-13,0.0,9.650441512576435e-08,0.0
5,0,9.200891992305897e-13,0.0,9.650441512576435e-08,0.0
5,0,1.0263083570494159e-12,0.0,9.650441512576435e-08,0.0
5,0,1.174294318219855e-12,0.0,9.650441512576435e-08,0.0
5,0,1.3604376272621296e-12,0.0,9.650441512576435e-08,0.0
5,0,1.5033748062640548e-12,0.0,1.005894034733501e-07,0.0
5,0,1.4428789047743528e-12,0.0,1.005894034733501e-07,0.0
5,0,2.07271863209063e-12,0.0,9.650441512576435e-08,0.0
5,0,1.9415769086081723e-12,0.0,9.650441512576435e-08,0.0
5,0,1.9488831156602826e-12,0.0,9.650441512576435e-08,0.0
5,0,2.003610122658385e-12,0.0,1.1877300210016983e-07,0.0
5,0,1.9748466756843873e-12,0.0,1.1877300210016983e-07,0.0
5,0,1.9352926799139034e-12,0.0,1.1877300210016983e-07,0.0
5,0,1.8941725883866282e-12,0.0,9.650441512576435e-08,0.0
5,0,2.0170044265266787e-12,0.0,9.650441512576435e-08,0.0
5,0,2.2795540256727553e-12,0.0,9.650441512576435e-08,0.0
5,0,2.730090911562143e-12,0.0,1.1877300210016983e-07,0.0
5,0,3.2323808916393428e-12,0.0,1.1877300210016983e-07,0.0
5,0,3.796307113413091e-12,0.0,1.1889199669212758e-07,0.0
5,0,4.418068873671394e-12,0.0,1.1889199669212758e-07,0.0
5,0,5.142913096793817e-12,0.0,1.1889199669212758e-07,0.0
5,0,6.168179187371295e-12,0.0,1.1889199669212758e-07,0.0
5,0,7.872709590768013e-12,0.0,1.1889199669212758e-07,0.0
5,0,1.089637027554226e-11,0.0,1.1889199669212758e-07,0.0
5,0,1.6298809065292127e-11,0.0,1.1889199669212758e-07,0.0
5,0,2.555209748948954e-11,0.0,1.1889199669212758e-07,0.0
5,0,4.0312465395009686e-11,0.0,1.4282599636317173e-07,0.0
5,0,6.287797878981109e-11,0.0,1.4282599636317173e-07,0.0
5,0,9.902306899914117e-11,0.0,1.4282599636317173e-07,0.0
5,0,1.6121008742402114e-10,0.0,1.4282599636317173e-07,0.0
5,0,2.6983420204093274e-10,0.0,1.4642510848261736e-07,0.0
5,0,4.4799273845140775e-10,0.0,1.4642510848261736e-07,0.0
5,0,7.16901713084359e-10,0.0,1.4642510848261736e-07,0.0
5,0,1.0821789740178386e-09,0.0,1.4642510848261736e-07,0.0
5,0,1.5246069677499998e-09,0.0,1.2466227872209856e-07,0.0
5,0,2.02834226521983e-09,0.0,1.2466227872209856e-07,0.0
5,0,2.5971156912074676e-09,0.0,1.2466227872209856e-07,0.0
5,0,3.2369776192246405e-09,0.0,1.2466227872209856e-07,0.0
5,0,3.882953702232589e-09,0.0,1.2466227872209856e-07,0.0
5,0,4.5861057822804904e-09,0.0,1.2466227872209856e-07,0.0
5,0,5.500627543305049e-09,0.0,1.2466227872209856e-07,0.0
5,0,6.734459453190095e-09,0.0,1.2466227872209856e-07,0.0
5,0,8.071515779372586e-09,0.0,1.2466227872209856e-07,0.0
5,0,9.038018030208691e-09,0.0,1.2466227872209856e-07,0.0
5,0,9.504012362709948e-09,0.0,1.2466227872209856e-07,0.0
5,0,9.573832931388665e-09,0.0,1.2466227872209856e-07,0.0
5,0,9.326421909698568e-09,0.0,1.2466227872209856e-07,0.0
5,0,8.851074251759604e-09,0.0,1.3861915704183048e-07,0.0
5,0,8.305600557254894e-09,0.0,1.2466227872209856e-07,0.0
5,0,7.65221825142993e-09,0.0,1.2466227872209856e-07,0.0
5,0,6.910034546253747e-09,0.0,1.2466227872209856e-07,0.0
5,0,6.2831144233506635e-09,0.0,1.2466227872209856e-07,0.0
5,0,5.396123432304878e-09,0.0,1.2466227872209856e-07,0.0
5,0,4.484049486858476e-09,0.0,1.2466227872209856e-07,0.0
5,0,3.627978545583055e-09,0.0,1.2466227872209856e-07,0.0
5,0,2.9572481294663664e-09,0.0,1.5404603459501232e-07,0.0
5,0,2.656768146475298e-09,0.0,1.5404603459501232e-07,0.0
5,0,2.4697596197055182e-09,0.0,1.5404603459501232e-07,0.0
5,0,2.338141858576927e-09,0.0,1.5404603459501232e-07,0.0
5,0,2.2660462588936984e-09,0.0,1.5404603459501232e-07,0.0
5,0,2.271676190109693e-09,0.0,1.5404603459501232e-07,0.0
5,0,2.5227574906687237e-09,0.0,1.5404603459501232e-07,0.0
5,0,3.0537272500741777e-09,0.0,1.5404603459501232e-07,0.0
5,0,3.792289702113954e-09,0.0,1.5404603459501232e-07,0.0
5,0,4.662241473438481e-09,0.0,1.5404603459501232e-07,0.0
5,0,5.623764890599718e-09,0.0,1.7129265472703992e-07,0.0
5,0,6.46706162890016e-09,0.0,2.463668238306127e-07,0.0
5,0,7.37748565314102e-09,0.0,2.8916619498886575e-07,0.0
5,0,8.768841208725983e-09,0.0,2.8916619498886575e-07,0.0
5,0,1.1086123900447853e-08,0.0,2.8916619498886575e-07,0.0
5,0,1.428050119442028e-08,0.0,2.8916619498886575e-07,0.0
5,0,1.7574265859970096e-08,0.0,2.8916619498886575e-07,0.0
5,0,2.0090987723938847e-08,0.0,2.8916619498886575e-07,0.0
5,0,2.127762699933093e-08,0.0,2.8916619498886575e-07,0.0
5,0,2.127410584605284e-08,0.0,2.8916619498886575e-07,0.0
5,0,2.032020223026442e-08,0.0,2.8916619498886575e-07,0.0
5,0,1.9281067330498972e-08,0.0,2.8916619498886575e-07,0.0
5,0,1.8133249710223892e-08,0.0,2.8916619498886575e-07,0.0
5,0,1.6455615869630885e-08,0.0,2.8916619498886575e-07,0.0
5,0,1.4105195362004268e-08,0.0,2.8916619498886575e-07,0.0
5,0,1.186325339895217e-08,0.0,2.8887706093883025e-07,0.0
5,0,9.680120412317793e-09,0.0,2.8887706093883025e-07,0.0
5,0,7.762872381668422e-09,0.0,2.8887706093883025e-07,0.0
5,0,6.073014288614487e-09,0.0,2.8887706093883025e-07,0.0
5,0,4.687942821398238e-09,0.0,2.8887706093883025e-07,0.0
5,0,3.540660662289584e-09,0.0,2.8887706093883025e-07,0.0
5,0,2.6391772123809283e-09,0.0,2.8916619498886575e-07,0.0
5,0,2.055215656748073e-09,0.0,2.8916619498886575e-07,0.0
5,0,1.7816002726116603e-09,0.0,2.8916619498886575e-07,0.0
5,0,1.1629948849700657e-09,0.0,2.340087519314693e-07,0.0
5,0,9.345143063530563e-10,0.0,2.340087519314693e-07,0.0
5,0,8.730246566706948e-10,0.0,2.340087519314693e-07,0.0
5,0,8.407193435449656e-10,0.0,2.340087519314693e-07,0.0
5,0,7.209788387781319e-10,0.0,2.4718630697861954e-07,0.0
5,0,5.016398629451184e-10,0.0,2.0070631023827445e-07,0.0
5,0,3.9291961272555106e-10,0.0,2.0050561033713166e-07,0.0
5,0,3.2610499916309855e-10,0.0,2.957650906409981e-07,0.0
5,0,2.995597261116025e-10,0.0,2.541470962569292e-07,0.0
5,0,2.9306429727203986e-10,0.0,2.541470962569292e-07,0.0
5,0,3.0389350484727787e-10,0.0,1.98833561171341e-07,0.0
5,0,3.398490776593344e-10,0.0,3.75637995375655e-07,0.0
5,0,4.153091654359121e-10,0.0,3.8219801012928656e-07,0.0
5,0,5.252330211861545e-10,0.0,3.8219801012928656e-07,0.0
5,0,6.49724362469902e-10,0.0,3.8219801012928656e-07,0.0
5,0,7.599316357372438e-10,0.0,3.8219801012928656e-07,0.0
5,0,8.440684265153696e-10,0.0,3.0843318654660834e-07,0.0
5,0,8.854389511178334e-10,0.0,2.733838755375473e-07,0.0
5,0,8.875344179900094e-10,0.0,2.733838755375473e-07,0.0
5,0,8.573232894254524e-10,0.0,2.733838755375473e-07,0.0
5,0,8.089008625558808e-10,0.0,2.733838755375473e-07,0.0
5,0,6.117144832472203e-10,0.0,2.733838755375473e-07,0.0
5,0,6.029890757897835e-10,0.0,2.733838755375473e-07,0.0
5,0,6.068309106373782e-10,0.0,2.733838755375473e-07,0.0
5,0,6.109626465730499e-10,0.0,2.733838755375473e-07,0.0
5,0,6.011765615220396e-10,0.0,2.733838755375473e-07,0.0
5,0,5.658532901518122e-10,0.0,2.733838755375473e-07,0.0
5,0,5.134583972409551e-10,0.0,2.733838755375473e-07,0.0
5,0,4.622221063519852e-10,0.0,2.2212688577383233e-07,0.0
5,0,4.4155769035589324e-10,0.0,2.2212688577383233e-07,0.0
5,0,4.5891166113888824e-10,0.0,2.2212688577383233e-07,0.0
5,0,4.989946164623954e-10,0.0,2.2212688577383233e-07,0.0
5,0,5.614137787289994e-10,0.0,2.2212688577383233e-07,0.0
5,0,6.52073436499194e-10,0.0,1.9704930309671909e-07,0.0
5,0,8.061654075419772e-10,0.0,2.2231211005419027e-07,0.0
5,0,1.0532880985149682e-09,0.0,2.2231211005419027e-07,0.0
5,0,1.3894181440524913e-09,0.0,2.2231211005419027e-07,0.0
5,0,1.7894082461859297e-09,0.0,2.2231211005419027e-07,0.0
5,0,2.1620272729230556e-09,0.0,2.2231211005419027e-07,0.0
5,0,2.3662844689843815e-09,0.0,2.2231211005419027e-07,0.0
5,0,2.4269303588073896e-09,0.0,1.9704930309671909e-07,0.0
5,0,2.4510669994883886e-09,0.0,1.9704930309671909e-07,0.0
5,0,2.438306590310864e-09,0.0,1.9704930309671909e-07,0.0
5,0,2.405659216496972e-09,0.0,1.9704930309671909e-07,0.0
5,0,2.3726866772928352e-09,0.0,1.9704930309671909e-07,0.0
5,0,2.2910048522252366e-09,0.0,1.9704930309671909e-07,0.0
5,0,2.1699884584833094e-09,0.0,1.9704930309671909e-07,0.0
5,0,1.9909673527753123e-09,0.0,1.9704930309671909e-07,0.0
5,0,1.7691646823348745e-09,0.0,1.9704930309671909e-07,0.0
5,0,1.5613199878316297e-09,0.0,1.9704930309671909e-07,0.0
5,0,1.360978010959995e-09,0.0,1.9704930309671909e-07,0.0
5,0,1.207236469424846e-09,0.0,1.9704930309671909e-07,0.0
5,0,1.0693565537919019e-09,0.0,1.9704930309671909e-07,0.0
5,0,9.574008845002495e-10,0.0,1.9704930309671909e-07,0.0
5,0,8.400969417907204e-10,0.0,1.9704930309671909e-07,0.0
5,0,7.410428338497875e-10,0.0,1.9704930309671909e-07,0.0
5,0,6.289653182583814e-10,0.0,1.9704930309671909e-07,0.0
5,0,5.441585699589337e-10,0.0,1.9704930309671909e-07,0.0
5,0,4.4672620497738883e-10,0.0,1.9704930309671909e-07,0.0
5,0,3.624383381565351e-10,0.0,1.9704930309671909e-07,0.0
5,0,3.007619680162162e-10,0.0,1.9704930309671909e-07,0.0
5,0,2.6274516225959413e-10,0.0,2.4251949071185663e-07,0.0
5,0,2.429662511887797e-10,0.0,2.733838755375473e-07,0.0
5,0,2.3227255722190227e-10,0.0,2.733838755375473e-07,0.0
5,0,2.2751542478836935e-10,0.0,2.733838755375473e-07,0.0
5,0,2.3163537308254306e-10,0.0,2.733838755375473e-07,0.0
5,0,2.53499404366118e-10,0.0,2.733838755375473e-07,0.0
5,0,2.99249511451846e-10,0.0,2.733838755375473e-07,0.0
5,0,3.7175809181746696e-10,0.0,2.733838755375473e-07,0.0
5,0,4.638458183165788e-10,0.0,2.733838755375473e-07,0.0
5,0,5.560571585698078e-10,0.0,2.733838755375473e-07,0.0
5,0,6.260855668629271e-10,0.0,2.7344256636752107e-07,0.0
5,0,6.64629192496531e-10,0.0,2.7344256636752107e-07,0.0
5,0,6.690250479558052e-10,0.0,2.4257155928353313e-07,0.0
5,0,6.681076837422834e-10,0.0,2.4257155928353313e-07,0.0
5,0,7.003762921476139e-10,0.0,1.970915803894968e-07,0.0
5,0,7.62200382170098e-10,0.0,2.2244230990509095e-07,0.0
5,0,8.15123599101872e-10,0.0,2.2244230990509095e-07,0.0
5,0,8.382830767166171e-10,0.0,2.585566107882187e-07,0.0
5,0,8.273239508142241e-10,0.0,2.5850113161141053e-07,0.0
5,0,7.857569288900834e-10,0.0,2.5850113161141053e-07,0.0
5,0,7.363676689783099e-10,0.0,2.5850113161141053e-07,0.0
5,0,7.009889125712672e-10,0.0,2.5850113161141053e-07,0.0
5,0,6.661064416767887e-10,0.0,2.585566107882187e-07,0.0
5,0,6.223087741638632e-10,0.0,2.585566107882187e-07,0.0
5,0,5.554913888036401e-10,0.0,2.2244230990509095e-07,0.0
5,0,4.872205468279687e-10,0.0,2.2244230990509095e-07,0.0
5,0,3.971585658660577e-10,0.0,2.2244230990509095e-07,0.0
5,0,2.987383620995818e-10,0.0,1.970915803894968e-07,0.0
5,0,2.0592193476464683e-10,0.0,1.970915803894968e-07,0.0
5,0,1.308022835602412e-10,0.0,1.970915803894968e-07,0.0
5,0,7.827870522238051e-11,0.0,1.970915803894968e-07,0.0
5,0,4.524715435324064e-11,0.0,1.970915803894968e-07,0.0
5,0,2.539262417685945e-11,0.0,1.970915803894968e-07,0.0
5,0,1.4645484476893676e-11,0.0,1.970915803894968e-07,0.0
5,0,8.370372441822561e-12,0.0,1.970915803894968e-07,0.0
5,0,4.761664357779753e-12,0.0,1.970915803894968e-07,0.0
5,0,2.8703203481212984e-12,0.0,1.970915803894968e-07,0.0
5,0,2.0151996534281082e-12,0.0,2.223598158934692e-07,0.0
5,0,1.7845373784140202e-12,0.0,2.223598158934692e-07,0.0
5,0,2.026974449033758e-12,0.0,2.223598158934692e-07,0.0
5,0,2.6990201248177315e-12,0.0,2.223598158934692e-07,0.0
5,0,3.917468469007441e-12,0.0,2.223598158934692e-07,0.0
5,0,5.630753403860725e-12,0.0,2.223598158934692e-07,0.0
5,0,7.487276688650482e-12,0.0,2.223598158934692e-07,0.0
5,0,9.43713507895727e-12,0.0,2.223598158934692e-07,0.0
5,0,1.213859411514909e-11,0.0,2.223598158934692e-07,0.0
5,0,1.6511447838509747e-11,0.0,2.223598158934692e-07,0.0
5,0,2.294175107663439e-11,0.0,2.223598158934692e-07,0.0
5,0,3.1506150413587266e-11,0.0,2.223598158934692e-07,0.0
5,0,4.082189107654915e-11,0.0,2.223598158934692e-07,0.0
5,0,4.663457538723462e-11,0.0,2.223598158934692e-07,0.0
5,0,4.8631324898970816e-11,0.0,2.223598158934692e-07,0.0
5,0,4.9164587836817964e-11,0.0,2.223598158934692e-07,0.0
5,0,5.115803175961188e-11,0.0,2.223598158934692e-07,0.0
5,0,5.2125327519946704e-11,0.0,2.223598158934692e-07,0.0
5,0,5.230021190328788e-11,0.0,2.223598158934692e-07,0.0
5,0,5.233198389552225e-11,0.0,2.223598158934692e-07,0.0
5,0,5.184402736334801e-11,0.0,2.223598158934692e-07,0.0
5,0,4.9579930744680504e-11,0.0,2.223598158934692e-07,0.0
5,0,4.500148946342769e-11,0.0,2.223598158934692e-07,0.0
5,0,3.818435223543878e-11,0.0,2.223598158934692e-07,0.0
5,0,2.98152636682551e-11,0.0,2.223598158934692e-07,0.0
5,0,2.1172276581402326e-11,0.0,2.223598158934692e-07,0.0
5,0,1.3660707194248396e-11,0.0,2.223598158934692e-07,0.0
5,0,8.291976903099126e-12,0.0,2.223598158934692e-07,0.0
5,0,5.268077233414613e-12,0.0,2.2231211005419027e-07,0.0
5,0,3.6073057812728114e-12,0.0,2.2231211005419027e-07,0.0
5,0,2.641406457008201e-12,0.0,2.223598158934692e-07,0.0
5,0,2.017907712798505e-12,0.0,2.223598158934692e-07,0.0
5,0,1.5161409698503938e-12,0.0,2.223598158934692e-07,0.0
5,0,1.1674093928049296e-12,0.0,2.223598158934692e-07,0.0
5,0,9.746548876798048e-13,0.0,2.755393495590397e-07,0.0
5,0,8.982938402215128e-13,0.0,2.755393495590397e-07,0.0
5,0,9.702618134865928e-13,0.0,2.755393495590397e-07,0.0
5,0,1.2497710839299101e-12,0.0,2.755393495590397e-07,0.0
5,0,1.765924634983301e-12,0.0,2.755393495590397e-07,0.0
5,0,2.591210844569656e-12,0.0,2.755393495590397e-07,0.0
5,0,3.687020947781564e-12,0.0,2.755393495590397e-07,0.0
5,0,4.955209124539735e-12,0.0,2.2738601046512485e-07,0.0
5,0,6.483225745543496e-12,0.0,2.2738601046512485e-07,0.0
5,0,8.423311502042248e-12,0.0,2.2738601046512485e-07,0.0
5,0,1.1029588268601778e-11,0.0,2.2738601046512485e-07,0.0
5,0,1.4911352578677987e-11,0.0,2.2738601046512485e-07,0.0
5,0,2.091989365706499e-11,0.0,2.2738601046512485e-07,0.0
5,0,2.8268212158167074e-11,0.0,2.370111360505689e-07,0.0
5,0,3.518387785133542e-11,0.0,2.370111360505689e-07,0.0
5,0,4.0251894667980687e-11,0.0,1.9126761685583915e-07,0.0
5,0,4.3329991803654066e-11,0.0,1.9126761685583915e-07,0.0
5,0,4.545099149370995e-11,0.0,1.9126761685583915e-07,0.0
5,0,4.6928812011891186e-11,0.0,1.9126761685583915e-07,0.0
5,0,4.815142191027448e-11,0.0,1.9126761685583915e-07,0.0
5,0,4.881297901790456e-11,0.0,1.9126761685583915e-07,0.0
5,0,4.778056552160398e-11,0.0,1.9126761685583915e-07,0.0
5,0,4.588070984856801e-11,0.0,1.9126761685583915e-07,0.0
5,0,4.2641867979150564e-11,0.0,1.9126761685583915e-07,0.0
5,0,3.840588836045775e-11,0.0,1.9126761685583915e-07,0.0
5,0,3.384911807073504e-11,0.0,1.9126761685583915e-07,0.0
5,0,2.8790843265319332e-11,0.0,1.9126761685583915e-07,0.0
5,0,2.3350037352777197e-11,0.0,1.9126761685583915e-07,0.0
5,0,2.860587778984702e-11,0.0,1.626477938998505e-07,0.0
5,0,2.426033081914859e-11,0.0,1.626477938998505e-07,0.0
5,0,2.0890768209780357e-11,0.0,1.626477938998505e-07,0.0
5,0,1.8833117587008784e-11,0.0,1.626477938998505e-07,0.0
5,0,1.819112730908314e-11,0.0,1.626477938998505e-07,0.0
5,0,1.8734248859349323e-11,0.0,1.626477938998505e-07,0.0
5,0,2.0306496181449336e-11,0.0,1.626477938998505e-07,0.0
5,0,2.3241342591392557e-11,0.0,1.970915803894968e-07,0.0
5,0,2.806503323333371e-11,0.0,1.970915803894968e-07,0.0
5,0,3.6049842568955595e-11,0.0,1.970915803894968e-07,0.0
5,0,5.1041692929621865e-11,0.0,1.970915803894968e-07,0.0
5,0,8.028726550389911e-11,0.0,1.970915803894968e-07,0.0
5,0,1.3680957376650104e-10,0.0,1.970915803894968e-07,0.0
5,0,2.3825449137150467e-10,0.0,1.970915803894968e-07,0.0
5,0,4.0732961369181125e-10,0.0,1.970915803894968e-07,0.0
5,0,6.479108399444852e-10,0.0,1.970915803894968e-07,0.0
5,0,9.446800089855175e-10,0.0,1.970915803894968e-07,0.0
5,0,1.206324776603954e-09,0.0,1.970915803894968e-07,0.0
5,0,1.4514462773813864e-09,0.0,1.970915803894968e-07,0.0
5,0,1.7261199374148982e-09,0.0,1.970915803894968e-07,0.0
5,0,1.993663895544826e-09,0.0,1.970915803894968e-07,0.0
5,0,2.278459222721955e-09,0.0,1.970915803894968e-07,0.0
5,0,2.442887796045571e-09,0.0,1.970915803894968e-07,0.0
5,0,2.473350918359835e-09,0.0,1.970915803894968e-07,0.0
5,0,2.405966583389945e-09,0.0,1.970915803894968e-07,0.0
5,0,2.2819364758747516e-09,0.0,1.970915803894968e-07,0.0
5,0,2.149499384017903e-09,0.0,1.970915803894968e-07,0.0
5,0,2.1376550982952258e-09,0.0,1.970915803894968e-07,0.0
5,0,2.0729468802850143e-09,0.0,1.970915803894968e-07,0.0
5,0,1.9904404398224654e-09,0.0,1.970915803894968e-07,0.0
5,0,1.88358704825776e-09,0.0,1.970915803894968e-07,0.0
5,0,1.7467713176494476e-09,0.0,1.970915803894968e-07,0.0
5,0,1.577716019823678e-09,0.0,1.970915803894968e-07,0.0
5,0,1.3485888281381754e-09,0.0,1.970915803894968e-07,0.0
5,0,1.1096365053841927e-09,0.0,1.970915803894968e-07,0.0
5,0,9.061256315523951e-10,0.0,1.970915803894968e-07,0.0
5,0,7.141846031511639e-10,0.0,1.970915803894968e-07,0.0
5,0,5.539269843100082e-10,0.0,1.626477938998505e-07,0.0
5,0,4.3902984429110116e-10,0.0,1.626477938998505e-07,0.0
5,0,3.571584838672855e-10,0.0,1.626477938998505e-07,0.0
5,0,2.924053276189685e-10,0.0,1.626477938998505e-07,0.0
5,0,2.413194532494157e-10,0.0,1.759524366207188e-07,0.0
5,0,2.0386874913332162e-10,0.0,1.759524366207188e-07,0.0
5,0,1.837782127198423e-10,0.0,1.759524366207188e-07,0.0
5,0,1.791813667682031e-10,0.0,1.759524366207188e-07,0.0
5,0,1.9303995657822268e-10,0.0,1.759524366207188e-07,0.0
5,0,2.289284903387177e-10,0.0,1.759524366207188e-07,0.0
5,0,2.819840057483119e-10,0.0,1.759524366207188e-07,0.0
5,0,3.467446699311504e-10,0.0,1.759524366207188e-07,0.0
5,0,3.909825047929576e-10,0.0,1.759524366207188e-07,0.0
5,0,4.1488840648517356e-10,0.0,2.641076548570709e-07,0.0
5,0,4.3563149855502697e-10,0.0,3.535252801611932e-07,0.0
5,0,4.4901811016912113e-10,0.0,3.535252801611932e-07,0.0
5,0,4.564126113870375e-10,0.0,2.641076548570709e-07,0.0
5,0,4.673386332461688e-10,0.0,1.759524366207188e-07,0.0
5,0,4.6382301695450345e-10,0.0,1.759524366207188e-07,0.0
5,0,4.2874008407937417e-10,0.0,1.759524366207188e-07,0.0
5,0,3.916242795401703e-10,0.0,1.759524366207188e-07,0.0
5,0,3.5502912412996563e-10,0.0,1.759524366207188e-07,0.0
5,0,3.198077144913517e-10,0.0,1.759524366207188e-07,0.0
5,0,2.9229635653363686e-10,0.0,1.759524366207188e-07,0.0
5,0,2.726513700122107e-10,0.0,1.759524366207188e-07,0.0
5,0,2.5788212798754223e-10,0.0,1.759524366207188e-07,0.0
5,0,2.442495297010819e-10,0.0,1.759524366207188e-07,0.0
5,0,2.3594650983571703e-10,0.0,1.759524366207188e-07,0.0
5,0,2.2538715220097187e-10,0.0,1.759524366207188e-07,0.0
5,0,2.1117506288625937e-10,0.0,1.759524366207188e-07,0.0
5,0,1.9658762594019254e-10,0.0,1.759524366207188e-07,0.0
5,0,1.754649667274935e-10,0.0,1.759524366207188e-07,0.0
5,0,1.4875022860705227e-10,0.0,1.759524366207188e-07,0.0
5,0,1.218046061036656e-10,0.0,1.626477938998505e-07,0.0
5,0,9.582366352000621e-11,0.0,1.626477938998505e-07,0.0
5,0,7.501108545372672e-11,0.0,1.626477938998505e-07,0.0
5,0,6.03480242780965e-11,0.0,1.970915803894968e-07,0.0
5,0,4.990513652448266e-11,0.0,1.970915803894968e-07,0.0
5,0,4.235922502382035e-11,0.0,1.970915803894968e-07,0.0
5,0,3.747640280094469e-11,0.0,1.970915803894968e-07,0.0
5,0,3.603764386830544e-11,0.0,1.970915803894968e-07,0.0
5,0,3.9148241831575495e-11,0.0,1.970915803894968e-07,0.0
5,0,4.824392864411896e-11,0.0,1.970915803894968e-07,0.0
5,0,6.459319460283863e-11,0.0,1.970915803894968e-07,0.0
5,0,8.740338603515566e-11,0.0,1.970915803894968e-07,0.0
5,0,1.1576643328575473e-10,0.0,1.626477938998505e-07,0.0
5,0,1.5205392300141678e-10,0.0,1.626477938998505e-07,0.0
5,0,1.5677066820909915e-10,0.0,1.626477938998505e-07,0.0
5,0,1.5804218781864988e-10,0.0,1.637050530689521e-07,0.0
5,0,1.5267877326540916e-10,0.0,1.637050530689521e-07,0.0
5,0,1.6736044942429436e-10,0.0,1.637050530689521e-07,0.0
5,0,1.7058726086081414e-10,0.0,1.637050530689521e-07,0.0
5,0,1.6669185541460974e-10,0.0,1.637050530689521e-07,0.0
5,0,1.6567511625299351e-10,0.0,1.513265033281641e-07,0.0
5,0,1.6187891719721715e-10,0.0,1.513265033281641e-07,0.0
5,0,1.5636309258742373e-10,0.0,1.513265033281641e-07,0.0
5,0,1.5232957652631444e-10,0.0,1.513265033281641e-07,0.0
5,0,1.5408403975351895e-10,0.0,1.513265033281641e-07,0.0
5,0,1.5925259623158035e-10,0.0,1.637050530689521e-07,0.0
5,0,1.6667453026118566e-10,0.0,1.637050530689521e-07,0.0
5,0,1.7372070026265997e-10,0.0,1.637050530689521e-07,0.0
5,0,1.8318726711132964e-10,0.0,1.637050530689521e-07,0.0
5,0,1.8957671378902664e-10,0.0,1.637050530689521e-07,0.0
5,0,1.882371511894568e-10,0.0,1.637050530689521e-07,0.0
5,0,1.733176574136992e-10,0.0,1.637050530689521e-07,0.0
5,0,1.487039901757885e-10,0.0,1.637050530689521e-07,0.0
5,0,1.165679051671968e-10,0.0,1.637050530689521e-07,0.0
5,0,8.823268023165543e-11,0.0,1.513265033281641e-07,0.0
5,0,6.64507374605579e-11,0.0,1.513265033281641e-07,0.0
5,0,5.0716190639183344e-11,0.0,1.513265033281641e-07,0.0
5,0,3.761388612301149e-11,0.0,1.513265033281641e-07,0.0
5,0,2.6672848647513988e-11,0.0,1.513265033281641e-07,0.0
5,0,1.8276611533870383e-11,0.0,1.513265033281641e-07,0.0
5,0,1.2388538070950168e-11,0.0,1.513265033281641e-07,0.0
5,0,8.719204811458159e-12,0.0,1.513265033281641e-07,0.0
5,0,6.6726369140769346e-12,0.0,1.513265033281641e-07,0.0
5,0,5.859772283139738e-12,0.0,1.513265033281641e-07,0.0
5,0,5.782752362820445e-12,0.0,1.513265033281641e-07,0.0
5,0,6.2440192040000114e-12,0.0,1.513265033281641e-07,0.0
5,0,6.9515834105134766e-12,0.0,1.513265033281641e-07,0.0
5,0,7.580043537982906e-12,0.0,1.8337277651880868e-07,0.0
5,0,7.930605385256219e-12,0.0,1.8337277651880868e-07,0.0
5,0,8.205465268227856e-12,0.0,1.8337277651880868e-07,0.0
5,0,8.985531684622595e-12,0.0,1.8337277651880868e-07,0.0
5,0,1.0512492062742142e-11,0.0,1.8337277651880868e-07,0.0
5,0,1.2180516901694187e-11,0.0,1.8337277651880868e-07,0.0
5,0,1.3728967162758333e-11,0.0,1.8337277651880868e-07,0.0
5,0,1.427467416452025e-11,0.0,1.8337277651880868e-07,0.0
5,0,1.4145820749594428e-11,0.0,1.8337277651880868e-07,0.0
5,0,1.3575588203237116e-11,0.0,1.8337277651880868e-07,0.0
5,0,1.2934110753880271e-11,0.0,1.8337277651880868e-07,0.0
5,0,1.2263240877825491e-11,0.0,1.8337277651880868e-07,0.0
5,0,1.1790081450282664e-11,0.0,1.8337277651880868e-07,0.0
5,0,1.1367483173899702e-11,0.0,1.8337277651880868e-07,0.0
5,0,1.0784820676849001e-11,0.0,1.8337277651880868e-07,0.0
5,0,1.0042235226228724e-11,0.0,1.8337277651880868e-07,0.0
5,0,8.998896914904442e-12,0.0,1.8337277651880868e-07,0.0
5,0,7.605107303419362e-12,0.0,1.8337277651880868e-07,0.0
5,0,6.06127211577045e-12,0.0,1.8337277651880868e-07,0.0
5,0,4.876654764338332e-12,0.0,1.8337277651880868e-07,0.0
5,0,3.989094520942752e-12,0.0,2.067098279212587e-07,0.0
5,0,3.2903968226854747e-12,0.0,2.067098279212587e-07,0.0
5,0,2.800295237094505e-12,0.0,2.067098279212587e-07,0.0
5,0,2.4164421739271473e-12,0.0,2.067098279212587e-07,0.0
5,0,2.1149509677709832e-12,0.0,2.067098279212587e-07,0.0
5,0,1.8776751310119884e-12,0.0,2.067098279212587e-07,0.0
5,0,1.7366621316406478e-12,0.0,2.5440925810471526e-07,0.0
5,0,1.6839313234084878e-12,0.0,2.5440925810471526e-07,0.0
5,0,1.7375630136824685e-12,0.0,2.5440925810471526e-07,0.0
5,0,2.0179379446098874e-12,0.0,2.5440925810471526e-07,0.0
5,0,2.8133083019158663e-12,0.0,2.5440925810471526e-07,0.0
5,0,4.157470026292334e-12,0.0,2.5440925810471526e-07,0.0
5,0,6.160776011546074e-12,0.0,2.5440925810471526e-07,0.0
5,0,8.425752429512635e-12,0.0,2.5440925810471526e-07,0.0
5,0,1.089154564914924e-11,0.0,2.5440925810471526e-07,0.0
5,0,1.303045072966611e-11,0.0,2.5440925810471526e-07,0.0
5,0,1.5492696267727337e-11,0.0,2.5440925810471526e-07,0.0
5,0,1.7809908631424682e-11,0.0,2.5440925810471526e-07,0.0
5,0,1.898690497550698e-11,0.0,2.5440925810471526e-07,0.0
5,0,1.896901688501702e-11,0.0,2.5440925810471526e-07,0.0
5,0,1.8713209257218526e-11,0.0,2.067098279212587e-07,0.0
5,0,1.7427203521127543e-11,0.0,2.067098279212587e-07,0.0
5,0,2.8794117055086112e-12,0.0,2.067098279212587e-07,0.0
5,0,2.5986264465015444e-12,0.0,1.8337277651880868e-07,0.0
5,0,2.3899366103331126e-12,0.0,1.8337277651880868e-07,0.0
5,0,2.2246899484457525e-12,0.0,1.8337277651880868e-07,0.0
5,0,2.055931448349685e-12,0.0,1.8337277651880868e-07,0.0
5,0,1.896236723274598e-12,0.0,1.8337277651880868e-07,0.0
5,0,1.6997641683657203e-12,0.0,1.8337277651880868e-07,0.0
5,0,1.4663482675925513e-12,0.0,1.8337277651880868e-07,0.0
5,0,1.2201819640580543e-12,0.0,1.8337277651880868e-07,0.0
5,0,9.85764561375465e-13,0.0,1.8337277651880868e-07,0.0
5,0,7.863292686940076e-13,0.0,1.8337277651880868e-07,0.0
5,0,6.277810434564553e-13,0.0,1.8337277651880868e-07,0.0
5,0,5.156032372758218e-13,0.0,1.8337277651880868e-07,0.0
5,0,4.317020218599697e-13,0.0,1.8337277651880868e-07,0.0
5,0,3.653220789810297e-13,0.0,1.8337277651880868e-07,0.0
5,0,3.1373400842019735e-13,0.0,1.8337277651880868e-07,0.0
5,0,2.734474127521225e-13,0.0,1.8337277651880868e-07,0.0
5,0,2.5714186310873437e-13,0.0,1.8337277651880868e-07,0.0
5,0,2.557755864972575e-13,0.0,1.8337277651880868e-07,0.0
5,0,2.7601360102003493e-13,0.0,1.8337277651880868e-07,0.0
5,0,3.339312568950533e-13,0.0,1.8337277651880868e-07,0.0
5,0,4.564690568244421e-13,0.0,1.8337277651880868e-07,0.0
5,0,6.751068982944973e-13,0.0,1.8337277651880868e-07,0.0
5,0,1.0030030909514766e-12,0.0,1.8337277651880868e-07,0.0
5,0,1.4021469255112221e-12,0.0,1.8337277651880868e-07,0.0
5,0,1.8512976885662514e-12,0.0,1.8337277651880868e-07,0.0
5,0,2.4509446900563523e-12,0.0,2.0688217716724466e-07,0.0
5,0,3.1186913781151504e-12,0.0,2.0688217716724466e-07,0.0
5,0,3.9498884344887796e-12,0.0,2.0688217716724466e-07,0.0
5,0,4.7599446395104026e-12,0.0,2.0688217716724466e-07,0.0
5,0,5.458415908130856e-12,0.0,2.0688217716724466e-07,0.0
5,0,5.943927603218317e-12,0.0,2.0688217716724466e-07,0.0
5,0,6.161973816699e-12,0.0,2.0688217716724466e-07,0.0
5,0,6.289042908570585e-12,0.0,2.0688217716724466e-07,0.0
5,0,7.0538201883088635e-12,0.0,2.0688217716724466e-07,0.0
5,0,8.474335253462324e-12,0.0,2.0688217716724466e-07,0.0
5,0,1.3157234071679266e-11,0.0,1.9251089611316274e-07,0.0
5,0,1.7762669895741925e-11,0.0,2.209340550507477e-07,0.0
5,0,2.0200611928628947e-11,0.0,2.209340550507477e-07,0.0
5,0,2.6302719067922167e-11,0.0,2.8983461675125e-07,0.0
5,0,2.8755684726420555e-11,0.0,3.115181925750221e-07,0.0
5,0,2.957347999309388e-11,0.0,2.8983461675125e-07,0.0
5,0,2.8857373474640155e-11,0.0,2.8983461675125e-07,0.0
5,0,2.658719433509497e-11,0.0,2.8983461675125e-07,0.0
5,0,2.3644606448006278e-11,0.0,2.8983461675125e-07,0.0
5,0,4.155891230436648e-12,0.0,2.712429250095738e-07,0.0
5,0,3.680494941193369e-12,0.0,2.712429250095738e-07,0.0
5,0,3.738255088802237e-12,0.0,3.216540278572211e-07,0.0
5,0,4.237312225181328e-12,0.0,3.3269782306888374e-07,0.0
5,0,5.165008396024745e-12,0.0,3.2850834941200446e-07,0.0
5,0,6.493869377427836e-12,0.0,3.9049481870279124e-07,0.0
5,0,8.350398098584012e-12,0.0,3.9049481870279124e-07,0.0
5,0,1.136847039248937e-11,0.0,2.4190299541260174e-07,0.0
5,0,1.7245613360189386e-11,0.0,2.4190299541260174e-07,0.0
5,0,3.064014452436333e-11,0.0,2.4190299541260174e-07,0.0
5,0,6.188846513622154e-11,0.0,2.4190299541260174e-07,0.0
5,0,1.206852932160469e-10,0.0,2.250650368296192e-07,0.0
5,0,2.1197239519648128e-10,0.0,2.4190299541260174e-07,0.0
5,0,3.450820872457828e-10,0.0,2.4190299541260174e-07,0.0
5,0,5.157743528137536e-10,0.0,2.4190299541260174e-07,0.0
5,0,7.495953262322056e-10,0.0,2.4190299541260174e-07,0.0
5,0,1.1244374204428092e-09,0.0,2.4190299541260174e-07,0.0
5,0,1.6999859065447572e-09,0.0,2.4190299541260174e-07,0.0
5,0,2.4341846496371777e-09,0.0,2.4190299541260174e-07,0.0
5,0,3.1618933204429495e-09,0.0,2.4190299541260174e-07,0.0
5,0,3.839710655822099e-09,0.0,2.5569451622686756e-07,0.0
5,0,4.433352265092857e-09,0.0,2.0228875996508577e-07,0.0
5,0,4.985134786554676e-09,0.0,2.0228875996508577e-07,0.0
5,0,5.570039542033938e-09,0.0,2.4442556423309725e-07,0.0
5,0,6.342750655801663e-09,0.0,2.4442556423309725e-07,0.0
5,0,7.098107887609361e-09,0.0,2.4442556423309725e-07,0.0
5,0,7.753863357205797e-09,0.0,3.0895574809619575e-07,0.0
5,0,8.411727430708138e-09,0.0,3.0895574809619575e-07,0.0
5,0,9.188657678100357e-09,0.0,3.0895574809619575e-07,0.0
5,0,1.0044717011947242e-08,0.0,2.92291446157833e-07,0.0
5,0,1.082090870528513e-08,0.0,2.92291446157833e-07,0.0
5,0,1.1489143429707191e-08,0.0,2.92291446157833e-07,0.0
5,0,1.1969637819500984e-08,0.0,2.92291446157833e-07,0.0
5,0,1.19215858331314e-08,0.0,2.92291446157833e-07,0.0
5,0,1.1436964108422423e-08,0.0,2.92291446157833e-07,0.0
5,0,1.2159012314671323e-08,0.0,2.92291446157833e-07,0.0
5,0,1.3282390816325777e-08,0.0,3.54113439016146e-07,0.0
5,0,1.498855395165033e-08,0.0,3.54113439016146e-07,0.0
5,0,1.7936698459038402e-08,0.0,3.54113439016146e-07,0.0
5,0,2.2723248348532367e-08,0.0,3.54113439016146e-07,0.0
5,0,3.036183725957916e-08,0.0,3.54113439016146e-07,0.0
5,0,3.4399940485821264e-08,0.0,3.54113439016146e-07,0.0
5,0,3.515271781287179e-08,0.0,2.92291446157833e-07,0.0
5,0,3.552694538277874e-08,0.0,2.92291446157833e-07,0.0
5,0,3.306852669616177e-08,0.0,2.92291446157833e-07,0.0
5,0,2.760213849068376e-08,0.0,2.92291446157833e-07,0.0
5,0,2.5709788983876998e-08,0.0,2.92291446157833e-07,0.0
5,0,2.2856064934866413e-08,0.0,2.701898438317585e-07,0.0
5,0,1.9627263184944792e-08,0.0,3.2232006219601317e-07,0.0
5,0,1.6058214168574346e-08,0.0,2.820179076934437e-07,0.0
5,0,1.28621165233763e-08,0.0,2.820179076934437e-07,0.0
5,0,1.01355387166416e-08,0.0,2.705650103962398e-07,0.0
5,0,8.003199414551948e-09,0.0,2.705650103962398e-07,0.0
5,0,6.503415246663251e-09,0.0,2.705650103962398e-07,0.0
5,0,5.598375179383447e-09,0.0,2.820179076934437e-07,0.0
5,0,4.929785511489583e-09,0.0,3.0144096285766864e-07,0.0
5,0,4.296947024283634e-09,0.0,3.0144096285766864e-07,0.0
5,0,3.783069118255998e-09,0.0,2.432623489312391e-07,0.0
5,0,3.2301861747665593e-09,0.0,2.2758798934319202e-07,0.0
5,0,2.638069942053489e-09,0.0,2.1834551944266423e-07,0.0
5,0,2.138231344829853e-09,0.0,1.9353346658590453e-07,0.0
5,0,1.8148236278511731e-09,0.0,1.9353346658590453e-07,0.0
5,0,1.6450084103574134e-09,0.0,1.9353346658590453e-07,0.0
5,0,1.6302990066218783e-09,0.0,1.9353346658590453e-07,0.0
5,0,1.7519203298042652e-09,0.0,1.9353346658590453e-07,0.0
5,0,1.999006152199556e-09,0.0,1.9353346658590453e-07,0.0
5,0,2.2762126619452937e-09,0.0,2.0172564063614118e-07,0.0
5,0,2.5641399840198493e-09,0.0,2.1561884011589427e-07,0.0
5,0,2.7594616578653317e-09,0.0,2.0172564063614118e-07,0.0
5,0,2.874482806902959e-09,0.0,2.0172564063614118e-07,0.0
5,0,2.926985075630973e-09,0.0,2.0172564063614118e-07,0.0
5,0,3.023125335311941e-09,0.0,1.9353346658590453e-07,0.0
5,0,3.156217476806482e-09,0.0,1.9353346658590453e-07,0.0
5,0,3.2850682203542174e-09,0.0,1.9353346658590453e-07,0.0
5,0,3.3806494445472797e-09,0.0,1.9353346658590453e-07,0.0
5,0,3.4704734199686427e-09,0.0,1.9353346658590453e-07,0.0
5,0,3.6299932972444637e-09,0.0,1.9353346658590453e-07,0.0
5,0,3.9182025091391695e-09,0.0,1.9353346658590453e-07,0.0
5,0,4.402981612932748e-09,0.0,1.9353346658590453e-07,0.0
5,0,5.037267565398323e-09,0.0,1.9353346658590453e-07,0.0
5,0,5.614670760503362e-09,0.0,1.9353346658590453e-07,0.0
5,0,5.953940400250328e-09,0.0,1.9353346658590453e-07,0.0
5,0,6.303204282148533e-09,0.0,2.0172564063614118e-07,0.0
5,0,6.424219606317225e-09,0.0,2.0172564063614118e-07,0.0
5,0,6.67136985878234e-09,0.0,2.0172564063614118e-07,0.0
5,0,7.029901901779931e-09,0.0,2.1561884011589427e-07,0.0
5,0,7.2050070518505466e-09,0.0,2.3150931838245015e-07,0.0
5,0,7.101846314143472e-09,0.0,2.0667867772772297e-07,0.0
5,0,7.007187812616947e-09,0.0,2.0667867772772297e-07,0.0
5,0,6.624718460970188e-09,0.0,2.0667867772772297e-07,0.0
5,0,6.364921944083363e-09,0.0,2.0667867772772297e-07,0.0
5,0,6.1470496528126156e-09,0.0,2.0667867772772297e-07,0.0
5,0,6.032937152216115e-09,0.0,2.0667867772772297e-07,0.0
5,0,6.001144808752185e-09,0.0,2.0667867772772297e-07,0.0
5,0,6.1305641732504204e-09,0.0,2.0667867772772297e-07,0.0
5,0,5.93118023551083e-09,0.0,2.0667867772772297e-07,0.0
5,0,6.099512422396578e-09,0.0,2.0667867772772297e-07,0.0
5,0,6.343793350385958e-09,0.0,2.0667867772772297e-07,0.0
5,0,6.497291343579565e-09,0.0,2.0688554513981217e-07,0.0
5,0,6.862699656733692e-09,0.0,2.0688554513981217e-07,0.0
5,0,6.865251027231919e-09,0.0,2.0688554513981217e-07,0.0
5,0,7.004565598176447e-09,0.0,2.0688554513981217e-07,0.0
5,0,7.46778822513182e-09,0.0,1.926852064570994e-07,0.0
5,0,8.427885053376113e-09,0.0,2.0192756267078948e-07,0.0
5,0,9.866033446646678e-09,0.0,1.9372717474652745e-07,0.0
5,0,1.2037312557388993e-08,0.0,1.9372717474652745e-07,0.0
5,0,1.5549521446691447e-08,0.0,1.9372717474652745e-07,0.0
5,0,2.0271022197348837e-08,0.0,1.9372717474652745e-07,0.0
5,0,2.5685884491192072e-08,0.0,1.9372717474652745e-07,0.0
5,0,3.1093911765194876e-08,0.0,1.9372717474652745e-07,0.0
5,0,3.765874357871424e-08,0.0,1.9372717474652745e-07,0.0
5,0,4.61513417841419e-08,0.0,1.9372717474652745e-07,0.0
5,0,5.290959489348977e-08,0.0,1.9372717474652745e-07,0.0
5,0,5.5916631122405534e-08,0.0,1.9372717474652745e-07,0.0
5,0,5.7626397304198906e-08,0.0,1.9372717474652745e-07,0.0
5,0,5.642058473522437e-08,0.0,1.9372717474652745e-07,0.0
5,0,5.409908202598416e-08,0.0,1.9372717474652745e-07,0.0
5,0,5.244179253410675e-08,0.0,1.936856222073402e-07,0.0
5,0,5.133420681047869e-08,0.0,1.936856222073402e-07,0.0
5,0,5.0447985522128454e-08,0.0,1.936856222073402e-07,0.0
5,0,4.8452978444056755e-08,0.0,1.936856222073402e-07,0.0
5,0,4.599947255981338e-08,0.0,1.936856222073402e-07,0.0
5,0,4.281310639007212e-08,0.0,1.936856222073402e-07,0.0
5,0,3.903138823250299e-08,0.0,1.936856222073402e-07,0.0
5,0,3.5950354343891513e-08,0.0,1.936856222073402e-07,0.0
5,0,3.325608403947066e-08,0.0,1.936856222073402e-07,0.0
5,0,2.9801645130626166e-08,0.0,1.936856222073402e-07,0.0
5,0,2.731128361924651e-08,0.0,1.936856222073402e-07,0.0
5,0,2.511065129538362e-08,0.0,1.936856222073402e-07,0.0
5,0,2.3261881814555635e-08,0.0,1.936856222073402e-07,0.0
5,0,2.1224183748548407e-08,0.0,1.936856222073402e-07,0.0
5,0,1.9630344037103486e-08,0.0,1.936856222073402e-07,0.0
5,0,1.8644337920160792e-08,0.0,1.936856222073402e-07,0.0
5,0,1.8215532545603146e-08,0.0,1.936856222073402e-07,0.0
5,0,1.7763375562199863e-08,0.0,1.936856222073402e-07,0.0
5,0,1.7623104862853466e-08,0.0,1.936856222073402e-07,0.0
5,0,1.8257728769921208e-08,0.0,1.936856222073402e-07,0.0
5,0,2.004419594391198e-08,0.0,1.936856222073402e-07,0.0
5,0,2.2083361744059856e-08,0.0,1.936856222073402e-07,0.0
5,0,2.572064718503249e-08,0.0,1.936856222073402e-07,0.0
5,0,3.035269825656548e-08,0.0,1.936856222073402e-07,0.0
5,0,3.6418190829686715e-08,0.0,1.936856222073402e-07,0.0
5,0,4.4747563765667877e-08,0.0,1.936856222073402e-07,0.0
5,0,5.503657352783605e-08,0.0,1.936856222073402e-07,0.0
5,0,6.805920245712017e-08,0.0,1.936856222073402e-07,0.0
5,0,9.166845732744048e-08,0.0,1.936856222073402e-07,0.0
5,0,1.1614094403663562e-07,0.0,1.936856222073402e-07,0.0
5,0,1.4193945507339492e-07,0.0,1.936856222073402e-07,0.0
5,0,1.733916980678892e-07,0.0,1.936856222073402e-07,0.0
5,0,2.0261476325667873e-07,0.0,1.936856222073402e-07,0.0
5,0,2.2905254116448468e-07,0.0,1.936856222073402e-07,0.0
5,0,2.455664727088188e-07,0.0,1.936856222073402e-07,2.823903671799693e-38
5,0,2.702754410320353e-07,0.0,1.936856222073402e-07,7.143356582115305e-38
5,0,2.8270144685428473e-07,0.0,1.936856222073402e-07,1.8221308139369888e-37
5,0,3.502313919412456e-07,0.0,2.0188421956390812e-07,3.6054835515226556e-37
5,0,3.721140281629885e-07,0.0,2.157883471909372e-07,9.833226560269776e-37
5,0,4.0834357198241163e-07,0.0,2.121770137364365e-07,2.3422619977489212e-36
5,0,4.5418046564548114e-07,0.0,2.035603898775662e-07,4.333925128491588e-36
5,0,4.721387478300159e-07,0.0,2.035603898775662e-07,6.474499336888235e-36
5,0,4.783431614349108e-07,0.0,2.035603898775662e-07,7.23628410456135e-36
5,0,4.60975147689425e-07,0.0,2.035603898775662e-07,8.033706066997463e-36
5,0,4.370561415283335e-07,0.0,2.035603898775662e-07,8.44814100707332e-36
5,0,4.117595463728888e-07,0.0,2.035603898775662e-07,8.854792888849787e-36
5,0,3.806619769370701e-07,0.0,2.035603898775662e-07,9.076612202776837e-36
5,0,3.4336523693220064e-07,0.0,2.035603898775662e-07,9.827717506697517e-36
5,0,8.250366320987244e-08,0.0,1.1206772114746855e-06,3.8079499516274153e-35
5,0,9.169370475221142e-08,0.0,1.1206772114746855e-06,2.7311741674001604e-35
5,0,9.793487816210993e-08,0.0,1.1206772114746855e-06,1.959985157934541e-35
5,0,1.0337850638690427e-07,0.0,1.1206772114746855e-06,1.2930815245537187e-35
5,0,1.0664982743853475e-07,0.0,1.1206772114746855e-06,8.15100941164858e-36
5,0,1.0660313388179089e-07,0.0,1.1206772114746855e-06,5.2438491610453085e-36
5,0,1.0680801696924501e-07,0.0,1.1206772114746855e-06,3.303899997245593e-36
5,0,1.0468506327416223e-07,0.0,1.324785216638702e-06,2.54403408921681e-36
5,0,9.908450008686613e-08,0.0,1.324785216638702e-06,2.064328505176288e-36
5,0,9.250562208142994e-08,0.0,1.3020467122260015e-06,1.6105732647161288e-36
5,0,8.661435434596751e-08,0.0,1.3020467122260015e-06,1.2555410929427086e-36
5,0,7.929849315214843e-08,0.0,1.324785216638702e-06,1.0118621507539043e-36
5,0,7.152984676303042e-08,0.0,1.324785216638702e-06,7.552637299810845e-37
5,0,6.385944519608892e-08,0.0,1.324785216638702e-06,6.3642779080472846e-37
5,0,5.680417608062085e-08,0.0,1.324785216638702e-06,6.225820651461821e-37
5,0,5.012603576436749e-08,0.0,1.1206772114746855e-06,6.317063790732973e-37
5,0,4.362637951941626e-08,0.0,1.1206772114746855e-06,6.801409937188728e-37
5,0,3.863424184443442e-08,0.0,1.1206772114746855e-06,7.058494171323548e-37
5,0,3.54829859789764e-08,0.0,1.1206772114746855e-06,7.004259212391337e-37
5,0,3.41089543476191e-08,0.0,1.4165441371005727e-06,6.663551763722733e-37
5,0,3.406053470891292e-08,0.0,1.3573817341239192e-06,5.826171674682909e-37
5,0,3.467538018055737e-08,0.0,1.3799451608065283e-06,5.324942235913459e-37
5,0,3.6046583259738485e-08,0.0,1.3799451608065283e-06,5.460919306320945e-37
5,0,3.952664313922684e-08,0.0,1.1359817335687694e-06,5.887881720143214e-37
5,0,4.57072949658364e-08,0.0,1.1359817335687694e-06,6.661518647806813e-37
5,0,5.34969258562438e-08,0.0,1.1359817335687694e-06,8.159248418837098e-37
5,0,6.378344734410266e-08,0.0,1.1359817335687694e-06,8.454422411517564e-37
5,0,2.9540134901163873e-08,0.0,7.570001230305934e-07,5.777676322156696e-38
5,0,3.356693786120232e-08,0.0,7.091095994837815e-07,4.979072403702282e-38
5,0,3.840318814670706e-08,0.0,6.684238087473204e-07,4.2371767920215513e-38
5,0,4.35866027434929e-08,0.0,5.741537734138547e-07,4.045363695108456e-38
5,0,4.8917898223368526e-08,0.0,5.741537734138547e-07,3.987388894782717e-38
5,0,5.442729503830565e-08,0.0,5.741537734138547e-07,3.6137576023831693e-38
5,0,5.989509457095275e-08,0.0,5.64299000416213e-07,2.5564451206660296e-38
5,0,6.428552428998674e-08,0.0,5.64299000416213e-07,0.0
5,0,6.683385625249446e-08,0.0,5.64299000416213e-07,0.0
5,0,6.822756067934841e-08,0.0,5.64299000416213e-07,0.0
5,0,6.963332864249422e-08,0.0,4.3632525148495915e-07,0.0
5,0,7.067432321120733e-08,0.0,4.3632525148495915e-07,0.0
5,0,6.945877329480416e-08,0.0,4.3632525148495915e-07,0.0
5,0,6.553736900546536e-08,0.0,3.749919414985925e-07,0.0
5,0,6.010096085468927e-08,0.0,3.749919414985925e-07,0.0
5,0,5.3945359086683244e-08,0.0,3.749919414985925e-07,0.0
5,0,5.101024959663015e-08,0.0,3.749919414985925e-07,0.0
5,0,4.67078933072875e-08,0.0,3.749919414985925e-07,0.0
5,0,4.2533362462288637e-08,0.0,3.749919414985925e-07,0.0
5,0,3.817015904049236e-08,0.0,3.387760330042511e-07,0.0
5,0,3.342582268824991e-08,0.0,3.387760330042511e-07,0.0
5,0,2.8800068587455755e-08,0.0,3.387760330042511e-07,0.0
5,0,2.5146310633015672e-08,0.0,3.387760330042511e-07,0.0
5,0,2.2877143219070884e-08,0.0,3.387760330042511e-07,0.0
5,0,2.2039488128272575e-08,0.0,3.387760330042511e-07,0.0
5,0,2.3079017331165477e-08,0.0,3.387760330042511e-07,0.0
5,0,2.4360618353998325e-08,0.0,3.593967221604544e-07,0.0
5,0,2.630474051898645e-08,0.0,3.737619351795729e-07,0.0
5,0,2.791735147461551e-08,0.0,4.621412585947837e-07,0.0
5,0,3.0875916245348795e-08,0.0,5.130925728735747e-07,0.0
5,0,3.4888438525437164e-08,0.0,4.391832817418617e-07,0.0
5,0,4.049456348084583e-08,0.0,4.391832817418617e-07,0.0
5,0,4.7546499682859795e-08,0.0,4.3001890048799396e-07,0.0
5,0,5.4887294404679065e-08,0.0,4.3001890048799396e-07,0.0
5,0,6.411281052628854e-08,0.0,4.3001890048799396e-07,0.0
5,0,7.573154380958245e-08,0.0,4.7598885544175573e-07,0.0
5,0,9.057449682324102e-08,0.0,4.484313365082926e-07,0.0
5,0,1.0762435523668651e-07,0.0,4.3119626980114845e-07,0.0
5,0,1.2512411086058103e-07,0.0,4.1511742665534257e-07,0.0
5,0,1.3638923656119766e-07,0.0,4.1511742665534257e-07,0.0
5,0,1.463918729294722e-07,0.0,4.934461799166456e-07,0.0
5,0,1.5966214894721815e-07,0.0,4.934461799166456e-07,0.0
5,0,1.725219359593284e-07,0.0,4.934461799166456e-07,0.0
5,0,1.750818363732162e-07,0.0,4.934461799166456e-07,0.0
5,0,1.639814641200806e-07,0.0,4.934461799166456e-07,0.0
5,0,1.4928661160060774e-07,0.0,4.934461799166456e-07,0.0
5,0,1.3682424028063547e-07,0.0,4.934461799166456e-07,0.0
5,0,1.2353977163365867e-07,0.0,4.934461799166456e-07,0.0
5,0,1.1614331903339131e-07,0.0,4.934461799166456e-07,0.0
5,0,1.1278622122596978e-07,0.0,4.934461799166456e-07,0.0
5,0,1.1006305193725646e-07,0.0,4.934461799166456e-07,0.0
5,0,1.0851755972531612e-07,0.0,4.934461799166456e-07,0.0
5,0,1.0844839073841526e-07,0.0,4.934461799166456e-07,0.0
5,0,1.059333312078536e-07,0.0,4.934461799166456e-07,0.0
5,0,1.0148368164951264e-07,0.0,5.741537734138547e-07,0.0
5,0,9.756235288911143e-08,0.0,5.741537734138547e-07,0.0
5,0,9.631948597973754e-08,0.0,5.741537734138547e-07,0.0
5,0,9.712891656783932e-08,0.0,5.741537734138547e-07,0.0
5,0,9.862838395882522e-08,0.0,5.741537734138547e-07,0.0
5,0,1.0011108248814702e-07,0.0,5.741537734138547e-07,0.0
5,0,9.912652124222558e-08,0.0,4.830135935662838e-07,0.0
5,0,1.0005765179415095e-07,0.0,4.830135935662838e-07,0.0
5,0,1.0103111149767281e-07,0.0,4.830135935662838e-07,0.0
5,0,9.824664941167965e-08,0.0,4.830135935662838e-07,0.0
5,0,9.583298963050652e-08,0.0,4.830135935662838e-07,0.0
5,0,8.876148237836411e-08,0.0,4.830135935662838e-07,0.0
5,0,7.475856553891231e-08,0.0,4.830135935662838e-07,0.0
5,0,5.9160703668253975e-08,0.0,4.1511742665534257e-07,0.0
5,0,5.1755026933037745e-08,0.0,4.934461799166456e-07,0.0
5,0,5.257244739032225e-08,0.0,5.741537734138547e-07,0.0
5,0,5.102482890818571e-08,0.0,5.741537734138547e-07,0.0
5,0,4.7170686075387724e-08,0.0,5.741537734138547e-07,0.0
5,0,4.6118477744012664e-08,0.0,5.741537734138547e-07,0.0
5,0,4.558362462856103e-08,0.0,5.741537734138547e-07,0.0
5,0,4.447416697940463e-08,0.0,5.741537734138547e-07,0.0
5,0,4.2141783827678597e-08,0.0,5.741537734138547e-07,0.0
5,0,3.877589026481114e-08,0.0,5.741537734138547e-07,0.0
5,0,3.575598700272874e-08,0.0,5.741537734138547e-07,0.0
5,0,3.258097112307657e-08,0.0,5.741537734138547e-07,0.0
5,0,2.852773795973141e-08,0.0,5.741537734138547e-07,0.0
5,0,2.389453691255533e-08,0.0,5.677829904016107e-07,0.0
5,0,2.0798693936357476e-08,0.0,4.491927541039331e-07,0.0
5,0,1.9241303337018082e-08,0.0,4.491927541039331e-07,0.0
5,0,1.815365271509325e-08,0.0,4.491927541039331e-07,0.0
5,0,1.690441650388381e-08,0.0,4.491927541039331e-07,0.0
5,0,1.5506996078948166e-08,0.0,3.649732320809562e-07,0.0
5,0,1.4262200178779497e-08,0.0,3.649732320809562e-07,0.0
5,0,1.3498176789536759e-08,0.0,3.649732320809562e-07,0.0
5,0,1.2704426638602075e-08,0.0,3.649732320809562e-07,0.0
5,0,1.19885578933359e-08,0.0,3.649732320809562e-07,0.0
5,0,1.1574276027292092e-08,0.0,3.649732320809562e-07,0.0
5,0,1.150727842859492e-08,0.0,3.649732320809562e-07,0.0
5,0,1.1660014188540097e-08,0.0,4.248979905696615e-07,0.0
5,0,1.1976673502435948e-08,0.0,4.535939979177783e-07,0.0
5,0,1.2464612172552112e-08,0.0,5.894489731872454e-07,0.0
5,0,1.3342012420353506e-08,0.0,9.169961572297325e-07,0.0
5,0,1.4489373415861853e-08,0.0,1.1264269232924562e-06,0.0
5,0,1.6014693764342934e-08,0.0,1.279498178519134e-06,0.0
5,0,1.7740302914660275e-08,0.0,1.279498178519134e-06,0.0
5,0,1.9651806239252556e-08,0.0,1.279498178519134e-06,0.0
5,0,2.1471786712748754e-08,0.0,1.279498178519134e-06,0.0
5,0,2.3858535312562416e-08,0.0,1.279498178519134e-06,0.0
5,0,2.6387579866429994e-08,0.0,1.279498178519134e-06,0.0
5,0,2.8783913856682595e-08,0.0,1.4324383528219187e-06,0.0
5,0,3.0960559335697147e-08,0.0,1.4324383528219187e-06,0.0
5,0,3.342764722757598e-08,0.0,1.4324383528219187e-06,0.0
5,0,3.624811735259897e-08,0.0,1.4324383528219187e-06,0.0
5,0,3.8997522700682855e-08,0.0,1.2050556961185066e-06,0.0
5,0,4.046448394605178e-08,0.0,1.2050556961185066e-06,0.0
5,0,3.922948610144052e-08,0.0,1.2050556961185066e-06,0.0
5,0,3.731187239243686e-08,0.0,1.2050556961185066e-06,0.0
5,0,3.767053685370166e-08,0.0,1.1799123740274808e-06,0.0
5,0,4.0804663947080186e-08,0.0,9.949912964657415e-07,0.0
5,0,4.186520179854413e-08,0.0,9.949912964657415e-07,0.0
5,0,4.3524580753069524e-08,0.0,9.949912964657415e-07,0.0
5,0,4.5449067788225875e-08,0.0,9.949912964657415e-07,0.0
5,0,4.5829832680935147e-08,0.0,9.949912964657415e-07,0.0
5,0,4.597105744301909e-08,0.0,9.949912964657415e-07,0.0
5,0,4.320028857540022e-08,0.0,1.1799123740274808e-06,0.0
5,0,4.140203194791115e-08,0.0,1.1799123740274808e-06,0.0
5,0,4.010203286466857e-08,0.0,1.2204238828417147e-06,0.0
5,0,3.853681482547576e-08,0.0,1.2050556961185066e-06,0.0
5,0,3.828105266264542e-08,0.0,1.2050556961185066e-06,0.0
5,0,3.852129797614639e-08,0.0,1.2050556961185066e-06,0.0
5,0,3.8535652553814516e-08,0.0,1.2050556961185066e-06,0.0
5,0,3.8931878449923475e-08,0.0,1.2050556961185066e-06,0.0
5,0,3.7470366610408975e-08,0.0,1.2050556961185066e-06,0.0
5,0,3.525069358253449e-08,0.0,1.2050556961185066e-06,0.0
5,0,3.1966247522088145e-08,0.0,1.2050556961185066e-06,0.0
5,0,2.8564489639060025e-08,0.0,1.2050556961185066e-06,0.0
5,0,2.60224507519482e-08,0.0,1.2050556961185066e-06,0.0
5,0,2.4377595175028445e-08,0.0,1.2050556961185066e-06,0.0
5,0,2.3174443242883262e-08,0.0,1.2050556961185066e-06,0.0
5,0,2.2210920421674697e-08,0.0,1.2050556961185066e-06,0.0
5,0,2.1384022485380413e-08,0.0,1.2050556961185066e-06,0.0
5,0,2.081967581510558e-08,0.0,1.2050556961185066e-06,0.0
5,0,2.0612923743394707e-08,0.0,1.2050556961185066e-06,0.0
5,0,2.076497279614251e-08,0.0,1.2050556961185066e-06,0.0
5,0,2.1553694871977122e-08,0.0,1.2050556961185066e-06,0.0
5,0,2.2287357023123822e-08,0.0,1.2050556961185066e-06,0.0
5,0,2.2942955673462507e-08,0.0,1.1799123740274808e-06,0.0
5,0,2.297253731217496e-08,0.0,1.1799123740274808e-06,0.0
5,0,2.2576185523050762e-08,0.0,9.949912964657415e-07,0.0
5,0,2.1668462509122025e-08,0.0,9.949912964657415e-07,0.0
5,0,2.0355807441172325e-08,0.0,9.949912964657415e-07,0.0
5,0,1.8616751562886097e-08,0.0,9.949912964657415e-07,0.0
5,0,1.6982235029127873e-08,0.0,1.1799123740274808e-06,0.0
5,0,1.5560427266650358e-08,0.0,1.1650543001451297e-06,0.0
5,0,1.4317843842128824e-08,0.0,1.1650543001451297e-06,0.0
5,0,1.3140048513786288e-08,0.0,1.2050556961185066e-06,0.0
5,0,1.193659730160338e-08,0.0,1.2050556961185066e-06,0.0
5,0,1.0660609851161594e-08,0.0,1.2050556961185066e-06,0.0
5,0,8.725882699577477e-09,0.0,1.4324383528219187e-06,0.0
5,0,6.3735233671464565e-09,0.0,1.4324383528219187e-06,0.0
5,0,4.404373123628988e-09,0.0,1.4324383528219187e-06,0.0
5,0,3.2018376639121512e-09,0.0,1.4324383528219187e-06,0.0
5,0,2.6534523048119785e-09,0.0,1.4324383528219187e-06,0.0
5,0,2.3212792132146762e-09,0.0,1.4324383528219187e-06,0.0
5,0,2.0253364037119147e-09,0.0,1.4324383528219187e-06,0.0
5,0,1.8015337061605408e-09,0.0,1.4324383528219187e-06,0.0
5,0,1.653467766466929e-09,0.0,1.4324383528219187e-06,0.0
5,0,1.5524747811208075e-09,0.0,1.4324383528219187e-06,0.0
5,0,1.4968594248953566e-09,0.0,1.4324383528219187e-06,0.0
5,0,1.4577672027203153e-09,0.0,1.4165441371005727e-06,0.0
5,0,1.4289120724970013e-09,0.0,1.1206772114746855e-06,0.0
5,0,1.4476118466158785e-09,0.0,1.1206772114746855e-06,0.0
5,0,1.5454468213290056e-09,0.0,1.1206772114746855e-06,0.0
5,0,1.7966639550400198e-09,0.0,1.1206772114746855e-06,0.0
5,0,2.0520158812436226e-09,0.0,1.1206772114746855e-06,0.0
5,0,2.2353314046075217e-09,0.0,1.1206772114746855e-06,0.0
5,0,2.366204995819191e-09,0.0,1.1206772114746855e-06,0.0
5,0,2.3457850768697674e-09,0.0,1.4165441371005727e-06,0.0
5,0,2.3527430987586344e-09,0.0,1.4324383528219187e-06,0.0
5,0,2.3315257103076217e-09,0.0,1.4324383528219187e-06,0.0
5,0,2.324718752740133e-09,0.0,1.4324383528219187e-06,0.0
5,0,2.328142848056039e-09,0.0,1.4324383528219187e-06,0.0
5,0,2.3030322637958133e-09,0.0,1.4324383528219187e-06,0.0
5,0,2.2652333720384484e-09,0.0,1.4324383528219187e-06,0.0
5,0,2.1970472953489912e-09,0.0,1.4324383528219187e-06,0.0
5,0,2.0821381786284553e-09,0.0,1.4324383528219187e-06,0.0
5,0,1.9508898437075953e-09,0.0,1.4324383528219187e-06,0.0
5,0,1.8749819707502863e-09,0.0,1.4324383528219187e-06,0.0
5,0,1.7140437581122984e-09,0.0,1.4324383528219187e-06,0.0
5,0,1.5913278289244418e-09,0.0,1.4324383528219187e-06,0.0
5,0,1.5653204221444061e-09,0.0,1.4324383528219187e-06,0.0
5,0,1.5720893302162778e-09,0.0,1.4324383528219187e-06,0.0
5,0,1.5371419271857624e-09,0.0,1.4324383528219187e-06,0.0
5,0,1.4350677791878113e-09,0.0,1.4324383528219187e-06,0.0
5,0,1.2890594812067964e-09,0.0,1.4324383528219187e-06,0.0
5,0,1.1312583668474516e-09,0.0,1.4324383528219187e-06,0.0
5,0,9.7386600545189e-10,0.0,1.4324383528219187e-06,0.0
5,0,8.678842605964833e-10,0.0,1.4165441371005727e-06,0.0
5,0,7.440841390784922e-10,0.0,1.1206772114746855e-06,0.0
5,0,6.291547524256972e-10,0.0,1.1206772114746855e-06,0.0
5,0,5.332192456097234e-10,0.0,1.1206772114746855e-06,0.0
5,0,4.44845120325172e-10,0.0,1.1206772114746855e-06,0.0
5,0,3.6420554558556016e-10,0.0,1.1206772114746855e-06,0.0
5,0,3.0363915282790054e-10,0.0,1.1206772114746855e-06,0.0
5,0,2.5885745375343996e-10,0.0,1.1206772114746855e-06,0.0
5,0,2.328576912352585e-10,0.0,1.1206772114746855e-06,0.0
5,0,2.211348882187939e-10,0.0,1.1206772114746855e-06,0.0
5,0,2.1786032276717016e-10,0.0,1.1206772114746855e-06,0.0
5,0,2.2104899078524667e-10,0.0,1.1206772114746855e-06,0.0
5,0,2.224266458447743e-10,0.0,1.4165441371005727e-06,0.0
5,0,2.1997729789104155e-10,0.0,1.4324383528219187e-06,0.0
5,0,2.115403115390327e-10,0.0,1.4324383528219187e-06,0.0
5,0,2.1141939430741392e-10,0.0,1.4324383528219187e-06,0.0
5,0,2.1249832415727896e-10,0.0,1.4324383528219187e-06,0.0
5,0,2.1417971650560941e-10,0.0,1.4324383528219187e-06,0.0
5,0,2.1629066456644486e-10,0.0,1.4324383528219187e-06,0.0
5,0,2.2353961239738658e-10,0.0,1.4324383528219187e-06,0.0
5,0,2.179023809182016e-10,0.0,1.4324383528219187e-06,0.0
5,0,2.0414667322365033e-10,0.0,1.4324383528219187e-06,0.0
5,0,1.903909484516276e-10,0.0,1.4324383528219187e-06,0.0
5,0,1.8841510344642028e-10,0.0,1.4324383528219187e-06,0.0
5,0,1.8532815517159779e-10,0.0,1.4324383528219187e-06,0.0
5,0,1.7810449126175145e-10,0.0,1.4324383528219187e-06,0.0
5,0,1.691081117342149e-10,0.0,1.4324383528219187e-06,0.0
5,0,1.6592272838178822e-10,0.0,1.4324383528219187e-06,0.0
5,0,1.6728437479371182e-10,0.0,1.4324383528219187e-06,0.0
5,0,1.6736704508719637e-10,0.0,1.2050556961185066e-06,0.0
5,0,1.6542436523408225e-10,0.0,1.2050556961185066e-06,0.0
5,0,1.5836180643302027e-10,0.0,1.2050556961185066e-06,0.0
5,0,1.458974267310338e-10,0.0,1.2050556961185066e-06,0.0
5,0,1.2740200328957165e-10,0.0,1.2050556961185066e-06,0.0
5,0,1.1485248999874769e-10,0.0,1.2050556961185066e-06,0.0
5,0,9.965997985320726e-11,0.0,1.2050556961185066e-06,0.0
5,0,8.749192919246507e-11,0.0,1.2050556961185066e-06,0.0
5,0,8.172106565218358e-11,0.0,1.2050556961185066e-06,0.0
5,0,7.873069683740252e-11,0.0,1.2050556961185066e-06,0.0
5,0,7.28494550927773e-11,0.0,1.2050556961185066e-06,0.0
5,0,8.624878774048057e-11,0.0,1.2050556961185066e-06,0.0
5,0,1.1089649406434414e-10,0.0,1.2050556961185066e-06,0.0
5,0,1.1153178358402312e-10,0.0,1.2143705134803895e-06,0.0
5,0,1.1631863670453518e-10,0.0,1.2143705134803895e-06,0.0
5,0,1.2303046362288466e-10,0.0,1.2143705134803895e-06,0.0
5,0,1.3267747387091172e-10,0.0,1.0240489700663602e-06,0.0
5,0,1.4389968674960405e-10,0.0,1.0995182719852892e-06,0.0
5,0,1.5948386743866222e-10,0.0,1.0995182719852892e-06,0.0
5,0,1.7458047203531205e-10,0.0,1.0995182719852892e-06,0.0
5,0,1.8561978974582673e-10,0.0,1.0371087455496308e-06,0.0
5,0,1.8340458461144766e-10,0.0,1.2491866527852835e-06,0.0
5,0,1.6338841303828748e-10,0.0,1.2491866527852835e-06,0.0
5,0,1.9715061906212536e-10,0.0,1.2491866527852835e-06,0.0
5,0,2.820866602742492e-10,0.0,1.2491866527852835e-06,0.0
5,0,3.1027612051776587e-10,0.02,1.2491866527852835e-06,0.0
5,0,3.727930306865665e-10,0.02,1.2491866527852835e-06,0.0
5,0,4.3703427862372173e-10,0.02,1.2491866527852835e-06,0.0
5,0,5.080269578331512e-10,0.02,1.2491866527852835e-06,0.0
5,0,5.9201902033013e-10,0.02,1.2491866527852835e-06,0.0
5,0,7.155042443419719e-10,0.02,1.2491866527852835e-06,0.0
5,0,8.193193227603609e-10,0.0,1.2491866527852835e-06,0.0
5,0,9.112790920472014e-10,0.0,1.2491866527852835e-06,0.0
5,0,9.971744647674162e-10,0.0,1.2491866527852835e-06,0.0
5,0,1.071588596068197e-09,0.0,1.2491866527852835e-06,0.0
5,0,1.1360449131658134e-09,0.0,1.2491866527852835e-06,0.0
5,0,1.202233900212728e-09,0.0,1.2491866527852835e-06,0.0
5,0,1.23997540201975e-09,0.0,1.2491866527852835e-06,0.0
5,0,1.2636617559801526e-09,0.0,1.2491866527852835e-06,0.0
5,0,1.2261567569358725e-09,0.0,1.2491866527852835e-06,0.0
5,0,1.1377219234271306e-09,0.0,1.2491866527852835e-06,0.0
5,0,1.0358503350455802e-09,0.0,1.2491866527852835e-06,0.0
5,0,9.349568790859532e-10,0.0,1.2491866527852835e-06,0.0
5,0,8.303860720519616e-10,0.0,1.2334587609075243e-06,0.0
5,0,7.592019103746841e-10,0.0,1.2334587609075243e-06,0.0
5,0,6.99858456348324e-10,0.0,1.2334587609075243e-06,0.0
5,0,6.480280944305104e-10,0.0,1.4626965594288777e-06,0.0
5,0,5.793746418426018e-10,0.0,1.4626965594288777e-06,0.0
5,0,5.162968426323092e-10,0.0,1.5129173789318884e-06,0.0
5,0,4.591774320281861e-10,0.0,1.5129173789318884e-06,0.0
5,0,4.1070202508024315e-10,0.0,1.5129173789318884e-06,0.0
5,0,3.699996053927194e-10,0.0,1.5129173789318884e-06,0.0
5,0,3.321216342270311e-10,0.0,1.5129173789318884e-06,0.0
5,0,2.9550019855055227e-10,0.0,1.5129173789318884e-06,0.0
5,0,2.6125272106418504e-10,0.0,1.5129173789318884e-06,0.0
5,0,2.291083516234431e-10,0.0,1.5129173789318884e-06,0.0
5,0,2.0297898991933074e-10,0.0,1.5129173789318884e-06,0.0
5,0,1.8186704091574737e-10,0.0,1.5129173789318884e-06,0.0
5,0,1.6276472332492968e-10,0.0,1.4626965594288777e-06,0.0
5,0,1.451353754810418e-10,0.0,1.4626965594288777e-06,0.0
5,0,1.3147006098932295e-10,0.0,1.2334587609075243e-06,0.0
5,0,1.2415215637919912e-10,0.0,1.2491866527852835e-06,0.0
5,0,1.2198851991426217e-10,0.0,1.2491866527852835e-06,0.0
5,0,1.2702669617746522e-10,0.0,1.2491866527852835e-06,0.0
5,0,1.3441407690128706e-10,0.0,1.2491866527852835e-06,0.0
5,0,1.4271563500673627e-10,0.0,1.2491866527852835e-06,0.0
5,0,1.5047786781492774e-10,0.0,1.2491866527852835e-06,0.0
5,0,1.5952134643717286e-10,0.0,9.949912964657415e-07,0.0
5,0,1.7664566577606525e-10,0.0,9.949912964657415e-07,0.0
5,0,1.9985729180954677e-10,0.0,9.949912964657415e-07,0.0
5,0,2.2308546082010749e-10,0.0,9.949912964657415e-07,0.0
5,0,2.409555970958114e-10,0.0,9.949912964657415e-07,0.0
5,0,2.545867081140654e-10,0.0,9.949912964657415e-07,0.0
5,0,2.566458582419063e-10,0.0,9.949912964657415e-07,0.0
5,0,2.437785668489629e-10,0.0,9.949912964657415e-07,0.0
5,0,2.2244625667351145e-10,0.0,9.779132597032003e-07,0.0
5,0,1.9806272071872646e-10,0.0,9.779132597032003e-07,0.0
5,0,1.7683471479600264e-10,0.0,7.561386610177578e-07,0.0
5,0,1.5858613909829348e-10,0.0,7.561386610177578e-07,0.0
5,0,1.4263693772925576e-10,0.0,7.561386610177578e-07,0.0
5,0,1.286365765130758e-10,0.0,7.561386610177578e-07,0.0
5,0,1.2583905349489644e-10,0.0,7.561386610177578e-07,0.0
5,0,1.3669959261828044e-10,0.0,7.561386610177578e-07,0.0
5,0,1.4751803305247726e-10,0.0,7.561386610177578e-07,0.0
5,0,1.463923691395219e-10,0.0,7.561386610177578e-07,0.0
5,0,1.4275396322986824e-10,0.0,7.561386610177578e-07,0.0
5,0,1.4007163695553071e-10,0.0,7.561386610177578e-07,0.0
5,0,1.3320211885677715e-10,0.0,7.561386610177578e-07,0.0
5,0,1.2380184866031224e-10,0.0,7.561386610177578e-07,0.0
5,0,1.1394147756296822e-10,0.0,7.561386610177578e-07,0.0
5,0,1.0450335647504685e-10,0.0,7.561386610177578e-07,0.0
5,0,9.772298386309116e-11,0.0,7.561386610177578e-07,0.0
5,0,9.419839222554926e-11,0.0,7.561386610177578e-07,0.0
5,0,9.394852251533117e-11,0.0,7.561386610177578e-07,0.0
5,0,9.547052824004824e-11,0.0,7.561386610177578e-07,0.0
5,0,1.0267299757986346e-10,0.0,7.561386610177578e-07,0.0
5,0,1.216214809862181e-10,0.0,7.561386610177578e-07,0.0
5,0,1.5712530258557206e-10,0.0,7.561386610177578e-07,0.0
5,0,2.122615205431598e-10,0.0,7.561386610177578e-07,0.0
5,0,2.9090700794059304e-10,0.0,7.561386610177578e-07,0.0
5,0,4.0038257298541693e-10,0.0,7.561386610177578e-07,0.0
5,0,5.468505496413753e-10,0.0,7.561386610177578e-07,0.0
5,0,7.343662878216983e-10,0.0,9.779132597032003e-07,0.0
5,0,9.67871656376701e-10,0.0,9.949912964657415e-07,0.0
5,0,1.2465544201997598e-09,0.0,9.949912964657415e-07,0.0
5,0,1.5605236715873537e-09,0.0,9.949912964657415e-07,0.0
5,0,1.891085302549132e-09,0.0,9.949912964657415e-07,0.0
5,0,2.243080751020534e-09,0.0,9.949912964657415e-07,0.0
5,0,2.5858567972200633e-09,0.0,9.824638027566834e-07,0.0
5,0,2.7602525904395977e-09,0.0,1.1650543001451297e-06,0.0
5,0,2.7578905170241016e-09,0.0,1.2050556961185066e-06,0.0
5,0,2.7157268964558284e-09,0.0,1.2050556961185066e-06,0.0
5,0,2.759374531746889e-09,0.0,1.4324383528219187e-06,0.0
5,0,2.8365732122297434e-09,0.0,1.4324383528219187e-06,0.0
5,0,3.038980142649147e-09,0.0,1.4324383528219187e-06,0.0
5,0,3.2417630094768415e-09,0.0,1.4324383528219187e-06,0.0
5,0,3.285871947797977e-09,0.0,1.4324383528219187e-06,0.0
5,0,3.257692710979039e-09,0.0,1.4324383528219187e-06,0.0
5,0,3.1972737665477436e-09,0.0,1.4324383528219187e-06,0.0
5,0,3.1321051402943312e-09,0.0,1.4324383528219187e-06,0.0
5,0,3.048832920589924e-09,0.0,1.4324383528219187e-06,0.0
5,0,2.934539860313296e-09,0.0,1.4324383528219187e-06,0.0
5,0,2.816880807852997e-09,0.0,1.4324383528219187e-06,0.0
5,0,2.767971075815869e-09,0.0,1.4324383528219187e-06,0.0
5,0,2.8032729127012752e-09,0.0,1.4324383528219187e-06,0.0
5,0,2.8882733065489686e-09,0.0,1.4324383528219187e-06,0.0
5,0,2.957827587223664e-09,0.0,1.4324383528219187e-06,0.0
5,0,3.010622119097239e-09,0.0,1.4324383528219187e-06,0.0
5,0,3.074496608562689e-09,0.0,1.4324383528219187e-06,0.0
5,0,3.2320666223700576e-09,0.0,1.4324383528219187e-06,0.0
5,0,3.5523182463345955e-09,0.0,1.4324383528219187e-06,0.0
5,0,4.055512475588092e-09,0.0,1.4324383528219187e-06,0.0
5,0,4.5924802386460965e-09,0.0,1.4324383528219187e-06,0.0
5,0,5.263045216842243e-09,0.0,1.4324383528219187e-06,0.0
5,0,6.183201129533056e-09,0.0,1.4324383528219187e-06,0.0
5,0,7.222337803009374e-09,0.0,1.4324383528219187e-06,0.0
5,0,8.37064482325795e-09,0.0,1.4324383528219187e-06,0.0
5,0,9.757533063423078e-09,0.0,1.4324383528219187e-06,0.0
5,0,1.1291592765141972e-08,0.0,1.4324383528219187e-06,0.0
5,0,1.279764201918565e-08,0.0,1.4324383528219187e-06,0.0
5,0,1.3874034730300366e-08,0.0,1.4324383528219187e-06,0.0
5,0,1.4127580081816315e-08,0.02,1.4324383528219187e-06,0.0
5,0,1.3631798784945076e-08,0.02,1.4324383528219187e-06,0.0
5,0,1.2692752442013237e-08,0.02,1.4324383528219187e-06,0.0
5,0,1.145515379966079e-08,0.02,1.4324383528219187e-06,0.0
5,0,1.033109610230961e-08,0.02,1.4165441371005727e-06,0.0
5,0,9.235279074306405e-09,0.02,1.1206772114746855e-06,0.0
5,0,8.449529703356218e-09,0.02,1.1206772114746855e-06,0.0
5,0,7.676072785070982e-09,0.02,1.1206772114746855e-06,0.0
5,0,6.909397509923067e-09,0.02,1.1206772114746855e-06,0.0
5,0,6.185977614624039e-09,0.02,1.1206772114746855e-06,0.0
5,0,5.555778183950148e-09,0.02,1.1206772114746855e-06,0.0
5,0,5.028043689612146e-09,0.02,1.1206772114746855e-06,0.0
5,0,4.572587159228231e-09,0.02,1.1206772114746855e-06,0.0
5,0,4.133319665700891e-09,0.02,1.1206772114746855e-06,0.0
5,0,3.5923332137651534e-09,0.02,9.105606295634061e-07,0.0
5,0,3.1470527002167873e-09,0.02,9.105606295634061e-07,0.0
5,0,2.7499459935488655e-09,0.02,9.105606295634061e-07,0.0
5,0,2.416358135069078e-09,0.0,9.105606295634061e-07,0.0
5,0,2.1541571595309585e-09,0.0,9.105606295634061e-07,0.0
5,0,1.953548970017687e-09,0.0,9.105606295634061e-07,0.0
5,0,1.7906042969599726e-09,0.0,9.105606295634061e-07,0.0
5,0,1.661010546531724e-09,0.0,9.105606295634061e-07,0.0
5,0,1.58235805256207e-09,0.0,9.105606295634061e-07,0.0
5,0,1.6540702866497228e-09,0.0,9.105606295634061e-07,0.0
5,0,1.8007011807762508e-09,0.0,9.105606295634061e-07,0.0
5,0,1.993809986490153e-09,0.0,9.105606295634061e-07,0.0
5,0,2.2441593665879483e-09,0.0,9.105606295634061e-07,0.0
5,0,2.5652298501151843e-09,0.0,9.105606295634061e-07,0.0
5,0,2.941504806315034e-09,0.0,9.105606295634061e-07,0.0
5,0,3.3844302566249914e-09,0.0,9.105606295634061e-07,0.0
5,0,3.9226837859647285e-09,0.0,9.105606295634061e-07,0.0
5,0,4.548934259476939e-09,0.0,1.150955199591408e-06,0.0
5,0,5.320466851171179e-09,0.0,1.150955199591408e-06,0.0
5,0,6.098890747461401e-09,0.0,1.1638693422355573e-06,0.0
5,0,6.778604345152293e-09,0.0,1.1638693422355573e-06,0.0
5,0,7.185196042405121e-09,0.0,1.1638693422355573e-06,0.0
5,0,7.423610370764968e-09,0.0,1.4165441371005727e-06,0.0
5,0,7.4041710161760144e-09,0.0,1.4165441371005727e-06,0.0
5,0,7.2331752529602575e-09,0.0,1.1206772114746855e-06,0.0
5,0,7.085299696286828e-09,0.0,1.1206772114746855e-06,0.0
5,0,6.7637252420798055e-09,0.0,1.1206772114746855e-06,0.0
5,0,6.5362122704945615e-09,0.0,1.1206772114746855e-06,0.0
5,0,6.175182069683114e-09,0.0,1.1206772114746855e-06,0.0
5,0,5.775144904935403e-09,0.0,1.1206772114746855e-06,0.0
5,0,5.50326245604483e-09,0.0,1.1206772114746855e-06,0.0
5,0,5.21413424116391e-09,0.0,1.1206772114746855e-06,0.0
5,0,5.034603245394913e-09,0.0,1.1206772114746855e-06,0.0
5,0,4.9010653440196336e-09,0.0,1.1206772114746855e-06,0.0
5,0,4.735515926393112e-09,0.0,1.1206772114746855e-06,0.0
5,0,4.489984013783588e-09,0.0,1.1206772114746855e-06,0.0
5,0,4.2317046255599285e-09,0.0,1.1206772114746855e-06,0.0
5,0,3.9417564438382125e-09,0.0,1.1206772114746855e-06,0.0
5,0,3.788110400145672e-09,0.0,1.1206772114746855e-06,0.0
5,0,3.773934859546834e-09,0.0,1.1206772114746855e-06,0.0
5,0,3.8262343173034166e-09,0.0,1.1206772114746855e-06,0.0
5,0,3.892872263026082e-09,0.0,1.1206772114746855e-06,0.0
5,0,3.885395161270628e-09,0.0,1.1206772114746855e-06,0.0
5,0,3.832854955585905e-09,0.0,1.1206772114746855e-06,0.0
5,0,3.948885512582388e-09,0.0,1.150955199591408e-06,0.0
5,0,4.2930143051199655e-09,0.0,1.1638693422355573e-06,0.0
5,0,4.78324564626038e-09,0.0,1.1638693422355573e-06,0.0
5,0,5.385820148202479e-09,0.0,1.1638693422355573e-06,0.0
5,0,6.005201765506217e-09,0.0,1.1638693422355573e-06,0.0
5,0,6.768542775933961e-09,0.0,1.1638693422355573e-06,0.0
5,0,7.62871813249391e-09,0.0,1.1638693422355573e-06,0.0
5,0,8.66125583302685e-09,0.0,1.1638693422355573e-06,0.0
5,0,9.584705936779243e-09,0.0,1.1638693422355573e-06,0.0
5,0,1.0387913125151309e-08,0.0,1.1638693422355573e-06,0.0
5,0,1.1260279067485486e-08,0.0,1.1638693422355573e-06,0.0
5,0,1.202797557573569e-08,0.0,1.1638693422355573e-06,0.0
5,0,1.2423284630875977e-08,0.0,1.1638693422355573e-06,0.0
5,0,1.2157597068675652e-08,0.0,1.1638693422355573e-06,0.0
5,0,1.1382614537492298e-08,0.0,1.1638693422355573e-06,0.0
5,0,1.0560770153749821e-08,0.0,1.1638693422355573e-06,0.0
5,0,9.703003942190068e-09,0.0,1.1638693422355573e-06,0.0
5,0,8.818016074917983e-09,0.0,1.1638693422355573e-06,0.0
5,0,7.865901262695158e-09,0.0,1.1638693422355573e-06,0.0
5,0,6.6393925934039156e-09,0.0,1.1638693422355573e-06,0.0
5,0,5.31498880162145e-09,0.0,1.0396041716376203e-06,0.0
5,0,4.184736585149457e-09,0.0,9.152322490990628e-07,0.0
5,0,3.4440995088635554e-09,0.0,9.152322490990628e-07,0.0
5,0,3.086874548782655e-09,0.0,7.534278552157048e-07,0.0
5,0,2.8126998825315506e-09,0.0,7.534278552157048e-07,0.0
5,0,2.6211543297626213e-09,0.0,7.534278552157048e-07,0.0
5,0,2.3335888299623467e-09,0.0,7.534278552157048e-07,0.0
5,0,2.0059305388304678e-09,0.0,7.534278552157048e-07,0.0
5,0,1.746252048217845e-09,0.0,7.534278552157048e-07,0.0
5,0,1.5220131682036667e-09,0.0,7.534278552157048e-07,0.0
5,0,1.3640429359803386e-09,0.0,7.534278552157048e-07,0.0
5,0,1.2561315332930797e-09,0.0,7.534278552157048e-07,0.0
5,0,1.2167440917166894e-09,0.0,9.272853276343085e-07,0.0
5,0,1.2357884087021212e-09,0.0,9.272853276343085e-07,0.0
5,0,1.2707239065648392e-09,0.0,9.272853276343085e-07,0.0
5,0,1.3357913373540483e-09,0.0,9.272853276343085e-07,0.0
5,0,1.4140471359556925e-09,0.0,8.224214411711728e-07,0.0
5,0,1.5154975623444398e-09,0.0,6.684238087473204e-07,0.0
5,0,1.6420739143435317e-09,0.0,6.569509878318058e-07,0.0
5,0,1.810782421858062e-09,0.0,6.569509878318058e-07,0.0
5,0,2.009510349006818e-09,0.0,4.74723179877401e-07,0.0
5,0,2.2184350381681757e-09,0.0,3.6706373407469073e-07,0.0
5,0,2.3775277842505385e-09,0.0,3.7174419276198023e-07,0.0
5,0,2.540613109243352e-09,0.0,2.92019251446618e-07,0.0
5,0,2.6778418984754554e-09,0.0,2.92019251446618e-07,0.0
5,0,2.710293298459808e-09,0.0,3.5940428233516286e-07,0.0
5,0,2.5752665957845467e-09,0.0,3.5940428233516286e-07,0.0
5,0,2.227557954827837e-09,0.0,3.7174419276198023e-07,0.0
5,0,1.8107828631002324e-09,0.0,3.6706373407469073e-07,0.0
5,0,1.4865883789051997e-09,0.0,3.154663374971278e-07,0.0
5,0,1.295402264794547e-09,0.0,3.749919414985925e-07,0.0
5,0,1.1218378611009907e-09,0.0,3.749919414985925e-07,0.0
5,0,9.325718681749253e-10,0.0,3.749919414985925e-07,0.0
5,0,7.878007362649075e-10,0.0,3.749919414985925e-07,0.0
5,0,6.421965065783738e-10,0.0,3.749919414985925e-07,0.0
5,0,5.132995394756372e-10,0.0,3.387760330042511e-07,0.0
5,0,4.2024017376543655e-10,0.0,3.387760330042511e-07,0.0
5,0,3.5949839273549297e-10,0.0,3.387760330042511e-07,0.0
5,0,3.0883953051379586e-10,0.0,2.7525859991328616e-07,0.0
5,0,2.7390182605476883e-10,0.0,3.046843346510286e-07,0.0
5,0,2.3837182436784313e-10,0.0,3.046843346510286e-07,0.0
5,0,2.0115482389654666e-10,0.0,3.046843346510286e-07,0.0
5,0,1.670144062404855e-10,0.0,3.046843346510286e-07,0.0
5,0,1.3941273457487856e-10,0.0,3.046843346510286e-07,0.0
5,0,1.1797418999124092e-10,0.0,3.046843346510286e-07,0.0
5,0,1.0183802565590194e-10,0.0,3.046843346510286e-07,0.0
5,0,9.054789816669826e-11,0.0,3.046843346510286e-07,0.0
5,0,8.35980805904235e-11,0.0,3.046843346510286e-07,0.0
5,0,7.9254445422645e-11,0.0,3.046843346510286e-07,0.0
5,0,7.677131661693801e-11,0.0,3.046843346510286e-07,0.0
5,0,7.592390252407015e-11,0.0,3.046843346510286e-07,0.0
5,0,7.707900868821365e-11,0.0,3.046843346510286e-07,0.0
5,0,8.088456887835045e-11,0.0,3.046843346510286e-07,0.0
5,0,8.776603887609535e-11,0.0,3.046843346510286e-07,0.0
5,0,9.895668272164379e-11,0.0,3.046843346510286e-07,0.0
5,0,1.1454140531249788e-10,0.0,3.046843346510286e-07,0.0
5,0,1.3588351799453048e-10,0.0,2.563192822435667e-07,0.0
5,0,1.6647103733795975e-10,0.0,2.563192822435667e-07,0.0
5,0,2.1080982656509517e-10,0.0,2.2678135280784772e-07,0.0
5,0,2.6877216665319027e-10,0.0,2.1168304442653607e-07,0.0
5,0,3.262704240281334e-10,0.0,2.1168304442653607e-07,0.0
5,0,3.762439902390526e-10,0.0,1.8052365646781254e-07,0.0
5,0,4.240330091991336e-10,0.0,1.8052365646781254e-07,0.0
5,0,4.6037917712920205e-10,0.0,1.6308906936046697e-07,0.0
5,0,4.837333028690309e-10,0.0,1.6308906936046697e-07,0.0
5,0,5.050743887970974e-10,0.0,2.0072276640803466e-07,0.0
5,0,5.146558875664833e-10,0.0,2.3536863125173113e-07,0.0
5,0,5.068187629974886e-10,0.0,2.3531836745860346e-07,0.0
5,0,4.742981306592075e-10,0.0,2.3531836745860346e-07,0.0
5,0,4.3896033796946993e-10,0.0,2.3531836745860346e-07,0.0
5,0,4.0888665973015247e-10,0.0,2.3531836745860346e-07,0.0
5,0,3.901864160079566e-10,0.0,2.3531836745860346e-07,0.0
5,0,3.8369602589799875e-10,0.0,2.3531836745860346e-07,0.0
5,0,3.707340861722056e-10,0.0,2.3536863125173113e-07,0.0
5,0,3.5094612162457005e-10,0.0,2.3536863125173113e-07,0.0
5,0,3.2207917975235335e-10,0.0,2.1168304442653607e-07,0.0
5,0,2.881044534539271e-10,0.0,2.1168304442653607e-07,0.0
5,0,2.4810027783509355e-10,0.0,2.1168304442653607e-07,0.0
5,0,2.1232332810410836e-10,0.0,2.1168304442653607e-07,0.0
5,0,1.8241111162993425e-10,0.0,2.5102480094574275e-07,0.0
5,0,1.615166876887061e-10,0.0,2.5102480094574275e-07,0.0
5,0,1.531043011134302e-10,0.0,2.5102480094574275e-07,0.0
5,0,1.526087118889893e-10,0.0,2.5102480094574275e-07,0.0
5,0,1.549083435798787e-10,0.0,2.1168304442653607e-07,0.0
5,0,1.6525036781050345e-10,0.0,2.4630574557704676e-07,0.0
5,0,1.8250403192014374e-10,0.0,2.4630574557704676e-07,0.0
5,0,2.0126071011337877e-10,0.0,2.4630574557704676e-07,0.0
5,0,2.1664385995553573e-10,0.0,1.8052365646781254e-07,0.0
5,0,2.4234357478778704e-10,0.0,1.8052365646781254e-07,0.0
5,0,2.692771932489748e-10,0.0,1.8052365646781254e-07,0.0
5,0,3.009371264654167e-10,0.0,1.8052365646781254e-07,0.0
5,0,3.4225069161784756e-10,0.0,1.8052365646781254e-07,0.0
5,0,3.937803212885654e-10,0.0,1.8052365646781254e-07,0.0
5,0,4.4978547051126823e-10,0.0,1.8052365646781254e-07,0.0
5,0,5.037054915902579e-10,0.0,1.8052365646781254e-07,0.0
5,0,5.493059240646952e-10,0.0,1.804851024189702e-07,0.0
5,0,5.793248356277044e-10,0.0,1.804851024189702e-07,0.0
5,0,5.894310933098359e-10,0.0,1.804851024189702e-07,0.0
5,0,5.650711268757553e-10,0.0,1.804851024189702e-07,0.0
5,0,5.416565448261028e-10,0.0,1.804851024189702e-07,0.0
5,0,5.1267955134374e-10,0.0,1.804851024189702e-07,0.0
5,0,4.742672367169946e-10,0.0,1.804851024189702e-07,0.0
5,0,4.3611557333511603e-10,0.0,1.804851024189702e-07,0.0
5,0,3.9342832481851744e-10,0.0,1.804851024189702e-07,0.0
5,0,3.53642652046515e-10,0.0,1.804851024189702e-07,0.0
5,0,3.0921751848449496e-10,0.0,1.804851024189702e-07,0.0
5,0,2.77113939816712e-10,0.0,1.804851024189702e-07,0.0
5,0,2.5050328366335333e-10,0.0,1.804851024189702e-07,0.0
5,0,2.2516062229225673e-10,0.0,1.804851024189702e-07,0.0
5,0,1.9791417251141e-10,0.0,1.804851024189702e-07,0.0
5,0,1.7286939512544991e-10,0.0,1.804851024189702e-07,0.0
5,0,1.4713271060783745e-10,0.0,1.804851024189702e-07,0.0
5,0,1.2281468762509027e-10,0.0,1.804851024189702e-07,0.0
5,0,1.0182185877982437e-10,0.0,1.804851024189702e-07,0.0
5,0,8.343316691379747e-11,0.0,1.804851024189702e-07,0.0
5,0,6.773935425335805e-11,0.0,1.804851024189702e-07,0.0
5,0,5.5559683606049273e-11,0.0,1.804851024189702e-07,0.0
5,0,4.7487410287229556e-11,0.0,1.630542243447053e-07,0.0
5,0,4.311610017671172e-11,0.0,1.630542243447053e-07,0.0
5,0,4.0778084973758994e-11,0.0,1.630542243447053e-07,0.0
5,0,3.906223036332188e-11,0.0,1.630542243447053e-07,0.0
5,0,3.843918792270708e-11,0.0,1.630542243447053e-07,0.0
5,0,3.7935793250660756e-11,0.0,1.630542243447053e-07,0.0
5,0,3.771216927252792e-11,0.0,1.630542243447053e-07,0.0
5,0,3.772844350748276e-11,0.0,1.630542243447053e-07,0.0
5,0,3.9447382229976836e-11,0.0,1.630542243447053e-07,0.0
5,0,4.1258940117917825e-11,0.0,1.630542243447053e-07,0.0
5,0,4.294770762698544e-11,0.0,1.630542243447053e-07,0.0
5,0,4.629139523797639e-11,0.0,1.804851024189702e-07,0.0
5,0,5.233570588722823e-11,0.0,1.804851024189702e-07,0.0
5,0,5.849882024033314e-11,0.0,1.804851024189702e-07,0.0
5,0,6.157692596891209e-11,0.0,1.804851024189702e-07,0.0
5,0,6.36335711171544e-11,0.0,1.804851024189702e-07,0.0
5,0,6.41545558429331e-11,0.0,1.804851024189702e-07,0.0
5,0,6.409176012212947e-11,0.0,1.804851024189702e-07,0.0
5,0,6.482972226888305e-11,0.0,1.804851024189702e-07,0.0
5,0,6.573254332542992e-11,0.0,1.804851024189702e-07,0.0
5,0,6.601488592495124e-11,0.0,1.804851024189702e-07,0.0
5,0,6.589635086124028e-11,0.0,1.630542243447053e-07,0.0
5,0,6.495385898697899e-11,0.0,1.630542243447053e-07,0.0
5,0,6.464598137474459e-11,0.0,1.911982963065384e-07,0.0
5,0,6.424275835363352e-11,0.0,1.911982963065384e-07,0.0
5,0,6.348047830242013e-11,0.0,1.911982963065384e-07,0.0
5,0,6.13970916637905e-11,0.0,1.911982963065384e-07,0.0
5,0,5.6890249231093356e-11,0.0,1.911982963065384e-07,0.0
5,0,5.2796963164733096e-11,0.0,1.911982963065384e-07,0.0
5,0,5.188382075203724e-11,0.0,1.911982963065384e-07,0.0
5,0,5.038334220747466e-11,0.0,1.911982963065384e-07,0.0
5,0,4.7258779010994355e-11,0.0,1.911982963065384e-07,0.0
5,0,4.5271942811084523e-11,0.0,1.8879065066812473e-07,0.0
5,0,4.466461327111277e-11,0.0,1.8879065066812473e-07,0.0
5,0,4.589033159898865e-11,0.0,1.8879065066812473e-07,0.0
5,0,4.6303967963739337e-11,0.0,1.9733155909307243e-07,0.0
5,0,4.7857561651845856e-11,0.0,1.9733155909307243e-07,0.0
5,0,4.9476869184978344e-11,0.0,2.0018808299937518e-07,0.0
5,0,5.134412203561206e-11,0.0,1.688140116584691e-07,0.0
5,0,5.25495838225522e-11,0.0,1.8262305445659877e-07,0.0
5,0,5.471007015934547e-11,0.0,1.7637277949233976e-07,0.0
5,0,5.55285711450969e-11,0.0,1.7637277949233976e-07,0.0
5,0,5.430088795954808e-11,0.0,1.7637277949233976e-07,0.0
5,0,5.1141464332609966e-11,0.0,1.7637277949233976e-07,0.0
5,0,4.798423461655982e-11,0.0,1.3903766671319318e-07,0.0
5,0,4.3793550704449006e-11,0.0,1.3903766671319318e-07,0.0
5,0,4.066943449363531e-11,0.0,1.3903766671319318e-07,0.0
5,0,3.866503202785794e-11,0.0,1.3903766671319318e-07,0.0
5,0,3.678670677836937e-11,0.0,1.3903766671319318e-07,0.0
5,0,3.4490272012853415e-11,0.0,1.3917683361341915e-07,0.0
5,0,3.117806034144905e-11,0.0,1.5056153301884478e-07,0.0
5,0,2.752203656881811e-11,0.0,1.5056153301884478e-07,0.0
5,0,2.413575214816419e-11,0.0,1.5056153301884478e-07,0.0
5,0,2.075758228653657e-11,0.0,1.5056153301884478e-07,0.0
5,0,1.7781523476105482e-11,0.0,1.5056153301884478e-07,0.0
5,0,1.5144485501648167e-11,0.0,1.5056153301884478e-07,0.0
5,0,1.3079985206442837e-11,0.0,1.5056153301884478e-07,0.0
5,0,1.216359028094265e-11,0.0,1.5056153301884478e-07,0.0
5,0,1.143853335675913e-11,0.0,1.354022458599502e-07,0.0
5,0,1.0825846435181343e-11,0.0,1.354022458599502e-07,0.0
5,0,1.0233502435081572e-11,0.0,1.354022458599502e-07,0.0
5,0,9.955194136227425e-12,0.0,1.354022458599502e-07,0.0
5,0,1.0566539179209902e-11,0.0,1.354022458599502e-07,0.0
5,0,1.1559658981776594e-11,0.0,1.354022458599502e-07,0.0
5,0,1.2993077601024524e-11,0.0,1.354022458599502e-07,0.0
5,0,1.437180198718014e-11,0.0,1.354022458599502e-07,0.0
5,0,1.619883281047744e-11,0.0,1.354022458599502e-07,0.0
5,0,1.794202202117088e-11,0.0,1.354022458599502e-07,0.0
5,0,2.0116888439650245e-11,0.0,1.354022458599502e-07,0.0
5,0,2.276279143022328e-11,0.0,1.2516379399585276e-07,0.0
5,0,2.5182985469504205e-11,0.0,1.2516379399585276e-07,0.0
5,0,2.70656657434181e-11,0.0,1.2516379399585276e-07,0.0
5,0,2.9096966822454792e-11,0.0,1.2516379399585276e-07,0.0
5,0,3.179766364252527e-11,0.0,1.2516379399585276e-07,0.0
5,0,3.763222230321234e-11,0.0,1.2516379399585276e-07,0.0
5,0,4.525417709093511e-11,0.0,1.2516379399585276e-07,0.0
5,0,5.33564483368285e-11,0.0,1.2516379399585276e-07,0.0
5,0,6.34563843083616e-11,0.0,1.2516379399585276e-07,0.0
5,0,7.401051619771559e-11,0.0,1.2516379399585276e-07,0.0
5,0,8.690281690800806e-11,0.0,1.2516379399585276e-07,0.0
5,0,1.0088393890592813e-10,0.0,1.8462866080426465e-07,0.0
5,0,1.1732582219665126e-10,0.0,2.052992300605183e-07,0.0
5,0,1.3286493509143014e-10,0.0,1.661387898366229e-07,0.0
5,0,1.4539546234069405e-10,0.0,1.2664378346016747e-07,0.0
5,0,1.5582063821983067e-10,0.0,1.2664378346016747e-07,0.0
5,0,1.6225052461030805e-10,0.0,1.2664378346016747e-07,0.0
5,0,1.627068994077156e-10,0.0,1.2664378346016747e-07,0.0
5,0,1.5476420697702335e-10,0.0,1.2664378346016747e-07,0.0
5,0,1.4396479779622292e-10,0.0,1.2664378346016747e-07,0.0
5,0,1.2980936175820515e-10,0.0,1.2664378346016747e-07,0.0
5,0,1.160982809212705e-10,0.0,1.1389264642502894e-07,0.0
5,0,1.0426812440560478e-10,0.0,1.1389264642502894e-07,0.0
5,0,9.36322570770786e-11,0.0,1.1389264642502894e-07,0.0
5,0,8.418853067274351e-11,0.0,1.1389264642502894e-07,0.0
5,0,7.629075122032477e-11,0.0,1.1389264642502894e-07,0.0
5,0,6.982513332373526e-11,0.0,1.1389264642502894e-07,0.0
5,0,6.488795767924594e-11,0.0,1.1389264642502894e-07,0.0
5,0,6.073997951513074e-11,0.0,1.1389264642502894e-07,0.0
5,0,5.677267674569662e-11,0.0,1.1389264642502894e-07,0.0
5,0,5.2357896537698897e-11,0.0,1.1389264642502894e-07,0.0
5,0,4.7190707908988415e-11,0.0,1.1389264642502894e-07,0.0
5,0,4.346555266823166e-11,0.0,1.1389264642502894e-07,0.0
5,0,4.223464364503478e-11,0.0,1.3377537300129916e-07,0.0
5,0,4.229824496687811e-11,0.0,1.3377537300129916e-07,0.0
5,0,4.12241482083479e-11,0.0,1.4471824272277445e-07,0.0
5,0,3.906040631540904e-11,0.0,1.4471824272277445e-07,0.0
5,0,3.580000803668225e-11,0.0,1.4471824272277445e-07,0.0
5,0,3.261913860453767e-11,0.0,1.4116106683559337e-07,0.0
5,0,2.9071086558103144e-11,0.0,1.4116106683559337e-07,0.0
5,0,2.7075807635623827e-11,0.0,1.4116106683559337e-07,0.0
5,0,2.548831700323616e-11,0.0,1.4116106683559337e-07,0.0
5,0,2.3742295930292893e-11,0.0,1.4116106683559337e-07,0.0
5,0,2.1877090126913197e-11,0.0,1.1750596939918978e-07,0.0
5,0,1.9883237464928694e-11,0.0,1.1750596939918978e-07,0.0
5,0,1.7669588065339384e-11,0.0,1.1750596939918978e-07,0.0
5,0,1.5667069577019243e-11,0.0,1.1750596939918978e-07,0.0
5,0,1.4140891816227752e-11,0.0,1.1750596939918978e-07,0.0
5,0,1.3299454125567365e-11,0.0,1.1750596939918978e-07,0.0
5,0,1.309309887269964e-11,0.0,1.1750596939918978e-07,0.0
5,0,1.3591784854654007e-11,0.0,1.1750596939918978e-07,0.0
5,0,1.387760830930683e-11,0.0,1.1750596939918978e-07,0.0
5,0,1.403368466762687e-11,0.0,1.1750596939918978e-07,0.0
5,0,1.449371087910999e-11,0.0,1.1750596939918978e-07,0.0
5,0,1.4502473184538884e-11,0.0,1.0862085986218517e-07,0.0
5,0,1.4024497059818733e-11,0.0,1.0862085986218517e-07,0.0
5,0,1.3652442231179273e-11,0.0,1.0862085986218517e-07,0.0
5,0,1.3192913266330848e-11,0.0,1.1750596939918978e-07,0.0
5,0,1.2723520888890721e-11,0.0,1.1750596939918978e-07,0.0
5,0,1.2761400035446001e-11,0.0,1.1750596939918978e-07,0.0
5,0,1.3325838765663172e-11,0.0,1.1750596939918978e-07,0.0
5,0,1.3862147883204175e-11,0.0,1.0862085986218517e-07,0.0
5,0,1.4494904718419654e-11,0.0,1.0862085986218517e-07,0.0
5,0,1.598163185846793e-11,0.0,1.0862085986218517e-07,0.0
5,0,1.8591743844256036e-11,0.0,1.0862085986218517e-07,0.0
5,0,2.1949951606782232e-11,0.0,1.0862085986218517e-07,0.0
5,0,2.5724231443797054e-11,0.0,1.0862085986218517e-07,0.0
5,0,2.983229900597487e-11,0.0,1.0862085986218517e-07,0.0
5,0,3.4045506947452446e-11,0.0,1.0862085986218517e-07,0.0
5,0,3.83114225694606e-11,0.0,1.0862085986218517e-07,0.0
5,0,4.6418585436921566e-11,0.0,1.0862085986218517e-07,0.0
5,0,7.310371263335084e-11,0.0,1.0862085986218517e-07,0.0
5,0,7.559992363519931e-11,0.0,1.1750596939918978e-07,0.0
5,0,9.516022794275334e-11,0.0,1.1750596939918978e-07,0.0
5,0,1.0852667481456341e-10,0.0,1.1750596939918978e-07,0.0
5,0,1.1811260960255307e-10,0.0,1.0862085986218517e-07,0.0
5,0,1.1373915085373302e-10,0.0,1.0862085986218517e-07,0.0
5,0,1.1596495412096112e-10,0.0,1.3422366862414492e-07,0.0
5,0,1.5127432723616506e-10,0.0,1.3422366862414492e-07,0.0
5,0,1.9061605445318325e-10,0.0,1.3422366862414492e-07,0.0
5,0,1.9315364136889474e-10,0.0,1.7590646450571512e-07,0.0
5,0,1.7405093062204697e-10,0.0,1.2900582646580006e-07,0.0
5,0,1.6607615999849364e-10,0.0,1.1925105525278923e-07,0.0
5,0,1.5937469677842846e-10,0.0,1.1925105525278923e-07,0.0
5,0,1.5676273414613634e-10,0.0,1.1925105525278923e-07,0.0
5,0,1.5209522661837538e-10,0.0,1.1925105525278923e-07,0.0
5,0,1.4002980950242244e-10,0.0,1.2900582646580006e-07,0.0
5,0,1.2793486788189855e-10,0.0,1.2900582646580006e-07,0.0
5,0,1.1795808654123045e-10,0.0,1.2900582646580006e-07,0.0
5,0,1.0449276798920469e-10,0.0,1.2900582646580006e-07,0.0
5,0,9.087028699809986e-11,0.0,1.344663331792617e-07,0.0
5,0,7.969589912323751e-11,0.0,1.4437610218465124e-07,0.0
5,0,7.660776373421795e-11,0.0,1.4437610218465124e-07,0.0
5,0,8.549804173436791e-11,0.0,1.4437610218465124e-07,0.0
5,0,1.0244530734038224e-10,0.0,1.4437610218465124e-07,0.0
5,0,1.1732825530548463e-10,0.0,1.531643221142076e-07,0.0
5,0,1.2410952025157024e-10,0.0,5.056376153333986e-07,0.0
5,0,1.2509828737262808e-10,0.0,5.056376153333986e-07,0.0
5,0,1.2348868383019954e-10,0.0,5.056376153333986e-07,0.0
5,0,1.2384147359327167e-10,0.0,4.894562835033867e-07,0.0
5,0,1.205754865624357e-10,0.0,4.88637340367859e-07,0.0
5,0,1.0826953971410677e-10,0.0,4.734793606075982e-07,0.0
5,0,9.164250144682616e-11,0.0,4.734793606075982e-07,0.0
5,0,7.83036325717246e-11,0.0,2.437221553464042e-07,0.0
5,0,6.837434492419081e-11,0.0,2.2529309262608876e-07,0.0
5,0,5.798760408023636e-11,0.0,2.2529309262608876e-07,0.0
5,0,4.7263591529090426e-11,0.0,2.2529309262608876e-07,0.0
5,0,3.717823045677072e-11,0.0,2.2529309262608876e-07,0.0
5,0,2.8603364201966713e-11,0.0,2.2529309262608876e-07,0.0
5,0,2.15868820084928e-11,0.0,2.2529309262608876e-07,0.0
5,0,1.604203556883765e-11,0.0,2.2529309262608876e-07,0.0
5,0,1.1787304946438187e-11,0.0,2.2529309262608876e-07,0.0
5,0,8.61429331406409e-12,0.0,2.2529309262608876e-07,0.0
5,0,6.293484817012927e-12,0.0,2.2529309262608876e-07,0.0
5,0,4.639864684825869e-12,0.0,2.2529309262608876e-07,0.0
5,0,3.475779997316646e-12,0.0,2.2529309262608876e-07,0.0
5,0,2.626269392546256e-12,0.0,2.2529309262608876e-07,0.0
5,0,2.0014742425471523e-12,0.0,2.2529309262608876e-07,0.0
5,0,1.583002951089931e-12,0.0,2.2529309262608876e-07,0.0
5,0,1.3423983940423527e-12,0.0,2.2529309262608876e-07,0.0
5,0,1.2474739089845777e-12,0.0,2.2529309262608876e-07,0.0
5,0,1.2463876297617061e-12,0.0,2.2529309262608876e-07,0.0
5,0,1.3019282658641344e-12,0.0,2.2529309262608876e-07,0.0
5,0,1.3928331187792862e-12,0.0,2.2529309262608876e-07,0.0
5,0,1.4923511133080468e-12,0.0,1.9663929151647608e-07,0.0
5,0,1.5882318841688995e-12,0.0,1.8344887564580858e-07,0.0
5,0,1.702814418190955e-12,0.0,1.8951365632347006e-07,0.0
5,0,1.8637460590592588e-12,0.0,1.8951365632347006e-07,0.0
5,0,2.0762514303684553e-12,0.0,1.8951365632347006e-07,0.0
5,0,2.316818558878095e-12,0.0,1.8951365632347006e-07,0.0
5,0,2.55844737952953e-12,0.0,1.8951365632347006e-07,0.0
5,0,2.775343285309646e-12,0.0,1.8951365632347006e-07,0.0
5,0,2.962705744292838e-12,0.0,1.8951365632347006e-07,0.0
5,0,3.1476401109223337e-12,0.0,1.8951365632347006e-07,0.0
5,0,3.3691763953264973e-12,0.0,1.8951365632347006e-07,0.0
5,0,3.670726934531856e-12,0.0,1.8951365632347006e-07,0.0
5,0,4.02193873531784e-12,0.0,1.8951365632347006e-07,0.0
5,0,4.372789614166848e-12,0.0,1.8951365632347006e-07,0.0
5,0,4.6458021797411455e-12,0.0,2.0501592246091604e-07,0.0
5,0,4.9104182432475936e-12,0.0,1.9845504084514687e-07,0.0
5,0,5.079771216152333e-12,0.0,2.1272445849263022e-07,0.0
5,0,5.141926008912436e-12,0.0,2.437221553464042e-07,0.0
5,0,5.101265443168694e-12,0.0,2.437221553464042e-07,0.0
5,0,4.918162024778028e-12,0.0,2.437221553464042e-07,0.0
5,0,4.585152949829543e-12,0.0,2.437221553464042e-07,0.0
5,0,4.163206001137381e-12,0.0,2.437221553464042e-07,0.0
5,0,3.741159373156135e-12,0.0,2.2529309262608876e-07,0.0
5,0,3.331028862234133e-12,0.0,2.2529309262608876e-07,0.0
5,0,3.0013417632616205e-12,0.0,2.2529309262608876e-07,0.0
5,0,2.7561650223579927e-12,0.0,2.2529309262608876e-07,0.0
5,0,2.630563799566126e-12,0.0,2.2529309262608876e-07,0.0
5,0,2.614773111372686e-12,0.0,2.2529309262608876e-07,0.0
5,0,2.6850642724707542e-12,0.0,2.2529309262608876e-07,0.0
5,0,2.9526611584727075e-12,0.0,2.2529309262608876e-07,0.0
5,0,3.5516290253297245e-12,0.0,2.2529309262608876e-07,0.0
5,0,4.716736587474353e-12,0.0,2.2529309262608876e-07,0.0
5,0,6.6368874305539335e-12,0.0,2.2529309262608876e-07,0.0
5,0,9.220777549433318e-12,0.0,2.2529309262608876e-07,0.0
5,0,1.2314924342201705e-11,0.0,2.2529309262608876e-07,0.0
5,0,1.646315264126363e-11,0.0,2.2529309262608876e-07,0.0
5,0,2.2541975914607535e-11,0.0,1.6601715913111548e-07,0.0
5,0,2.7751095253671572e-11,0.0,2.2529309262608876e-07,0.0
5,0,3.251982679922822e-11,0.0,2.2529309262608876e-07,0.0
5,0,3.625261866124401e-11,0.0,1.8344887564580858e-07,0.0
5,0,3.806623895265748e-11,0.0,1.8951365632347006e-07,0.0
5,0,3.822141525987127e-11,0.0,1.8951365632347006e-07,0.0
5,0,3.686444616901395e-11,0.0,1.8951365632347006e-07,0.0
5,0,3.415529465517675e-11,0.0,1.31566295635821e-07,0.0
5,0,3.0345227416900484e-11,0.0,1.2650991720875027e-07,0.0
5,0,2.638068726666936e-11,0.0,1.1925105525278923e-07,0.0
5,0,2.3515033159400197e-11,0.0,1.1925105525278923e-07,0.0
5,0,2.174794266716295e-11,0.0,1.1925105525278923e-07,0.0
5,0,2.0752106485063668e-11,0.0,1.1925105525278923e-07,0.0
5,0,1.9598656020052036e-11,0.0,1.2900582646580006e-07,0.0
5,0,1.7573159425537468e-11,0.0,1.2900582646580006e-07,0.0
5,0,1.495924383450164e-11,0.0,1.3685846056432638e-07,0.0
5,0,1.2259249139167953e-11,0.0,1.423284743395925e-07,0.0
5,0,9.65992736613797e-12,0.0,3.982847545103141e-07,0.0
5,0,7.358213282016738e-12,0.0,4.518066418768285e-07,0.0
5,0,5.542535247882927e-12,0.0,4.518066418768285e-07,0.0
5,0,4.2075076754493675e-12,0.0,4.518066418768285e-07,0.0
5,0,3.2487398492981155e-12,0.0,4.518066418768285e-07,0.0
5,0,2.6337911320430686e-12,0.0,5.998035703669302e-07,0.0
5,0,2.233699423422892e-12,0.0,6.203690645634197e-07,0.0
5,0,1.9426488549524815e-12,0.0,6.203690645634197e-07,0.0
5,0,1.6678897395301877e-12,0.0,6.203690645634197e-07,0.0
5,0,1.416023263991172e-12,0.0,1.8421621916786535e-07,0.0
5,0,1.2074231725005845e-12,0.0,1.7713604449909326e-07,0.0
5,0,1.0621032936187341e-12,0.0,1.7713604449909326e-07,0.0
5,0,1.0124633600030526e-12,0.0,1.7713604449909326e-07,0.0
5,0,1.0443962837957852e-12,0.0,1.7713604449909326e-07,0.0
5,0,1.1222222494070427e-12,0.0,1.7713604449909326e-07,0.0
5,0,1.2114022307676095e-12,0.0,1.7713604449909326e-07,0.0
5,0,1.3138513555254135e-12,0.0,1.7713604449909326e-07,0.0
5,0,1.4233885432444204e-12,0.0,1.7713604449909326e-07,0.0
5,0,1.6454358833627596e-12,0.0,1.7713604449909326e-07,0.0
5,0,2.076107238369767e-12,0.0,2.077107268405598e-07,0.0
5,0,2.4741593197311956e-12,0.0,2.1650261317063269e-07,0.0
5,0,2.679654258028497e-12,0.0,2.1650261317063269e-07,0.0
5,0,2.8886895881999306e-12,0.0,2.1377671544087207e-07,0.0
5,0,3.072688763901817e-12,0.0,2.0509513376509858e-07,0.0
5,0,3.076457856605535e-12,0.0,2.0509513376509858e-07,0.0
5,0,2.918679721038007e-12,0.0,2.432124972528982e-07,0.0
5,0,2.692019010744025e-12,0.0,2.4322361014128546e-07,0.0
5,0,2.5351574318215037e-12,0.0,1.832100480214649e-07,0.0
5,0,2.7064197293068475e-12,0.0,2.1778008374440105e-07,0.0
5,0,3.1392810019845603e-12,0.0,2.1778008374440105e-07,0.0
5,0,3.498402880816847e-12,0.0,2.1778008374440105e-07,0.0
5,0,3.6149166552525967e-12,0.0,2.1778008374440105e-07,0.0
5,0,3.5988128705962945e-12,0.0,2.1778008374440105e-07,0.0
5,0,3.4848122552063746e-12,0.0,2.1778008374440105e-07,0.0
5,0,3.3346236379132876e-12,0.0,2.1778008374440105e-07,0.0
5,0,3.1631499459463185e-12,0.0,2.1778008374440105e-07,0.0
5,0,2.9859936049412045e-12,0.0,2.1778008374440105e-07,0.0
5,0,2.777965735337258e-12,0.0,2.1778008374440105e-07,0.0
5,0,2.4768350529022078e-12,0.0,2.1778008374440105e-07,0.0
5,0,2.096040278098962e-12,0.0,2.1778008374440105e-07,0.0
5,0,1.690664924952639e-12,0.0,2.1778008374440105e-07,0.0
5,0,1.3603033564111826e-12,0.0,2.1778008374440105e-07,0.0
5,0,1.119370540504376e-12,0.0,2.1778008374440105e-07,0.0
5,0,9.31378674548369e-13,0.0,2.1536361316520924e-07,0.0
5,0,7.83179486717207e-13,0.0,1.7038159683124832e-07,0.0
5,0,6.531847442267342e-13,0.0,1.7038159683124832e-07,0.0
5,0,5.43408133006733e-13,0.0,1.7038159683124832e-07,0.0
5,0,4.56434102964131e-13,0.0,1.7038159683124832e-07,0.0
5,0,4.0458543395766687e-13,0.0,1.7038159683124832e-07,0.0
5,0,3.7877934878580433e-13,0.0,1.7038159683124832e-07,0.0
5,0,3.6348194036096605e-13,0.0,1.7038159683124832e-07,0.0
5,0,3.6245994502441115e-13,0.0,1.7038159683124832e-07,0.0
5,0,3.847518056831004e-13,0.0,1.7038159683124832e-07,0.0
5,0,4.300947194738638e-13,0.0,1.7038159683124832e-07,0.0
5,0,4.926255653871281e-13,0.0,1.7038159683124832e-07,0.0
5,0,5.596332127973716e-13,0.0,1.7038159683124832e-07,0.0
5,0,6.409969883249259e-13,0.0,2.0141288814556901e-07,0.0
5,0,7.341564303436743e-13,0.0,2.0141288814556901e-07,0.0
5,0,8.649560803002241e-13,0.0,2.0141288814556901e-07,0.0
5,0,1.0429960273014911e-12,0.0,2.0141288814556901e-07,0.0
5,0,1.2458893397995438e-12,0.0,2.0141288814556901e-07,0.0
5,0,1.4812437464021612e-12,0.0,2.0141288814556901e-07,0.0
5,0,1.7015247953042467e-12,0.0,2.0141288814556901e-07,0.0
5,0,1.956820125481427e-12,0.0,2.0141288814556901e-07,0.0
5,0,2.2178187326095115e-12,0.0,2.0141288814556901e-07,0.0
5,0,2.4681671742699565e-12,0.0,1.7038159683124832e-07,0.0
5,0,2.6742879906961527e-12,0.0,1.7038159683124832e-07,0.0
5,0,2.8573278580364376e-12,0.0,1.7038159683124832e-07,0.0
5,0,2.881072203270262e-12,0.0,1.7038159683124832e-07,0.0
5,0,2.8331974997919603e-12,0.0,1.7038159683124832e-07,0.0
5,0,2.6848761700745365e-12,0.0,1.7038159683124832e-07,0.0
5,0,2.438170287171251e-12,0.0,1.7038159683124832e-07,0.0
5,0,2.1593208333992442e-12,0.0,1.7038159683124832e-07,0.0
5,0,1.8820388311149852e-12,0.0,1.7038159683124832e-07,0.0
5,0,1.5834957233661293e-12,0.0,1.7038159683124832e-07,0.0
5,0,1.2900516953421386e-12,0.0,1.7038159683124832e-07,0.0
5,0,1.0372837552731703e-12,0.0,1.7038159683124832e-07,0.0
5,0,8.311385572547289e-13,0.0,2.0141288814556901e-07,0.0
5,0,6.68806764860121e-13,0.0,2.0141288814556901e-07,0.0
5,0,5.38380818352379e-13,0.0,2.0141288814556901e-07,0.0
5,0,4.326471836524845e-13,0.0,1.8618305830386817e-07,0.0
5,0,3.519099090636496e-13,0.0,1.8618305830386817e-07,0.0
5,0,2.9302600831394864e-13,0.0,1.8618305830386817e-07,0.0
5,0,2.5944066294690183e-13,0.0,1.8618305830386817e-07,0.0
5,0,2.455819215343671e-13,0.0,1.8618305830386817e-07,0.0
5,0,2.475510698879809e-13,0.0,1.8618305830386817e-07,0.0
5,0,2.6129497382893175e-13,0.0,1.8618305830386817e-07,0.0
5,0,2.841210170743699e-13,0.0,2.0141288814556901e-07,0.0
5,0,3.1673506087796087e-13,0.0,2.0141288814556901e-07,0.0
5,0,3.545597069032513e-13,0.0,2.0141288814556901e-07,0.0
5,0,4.0297418692997233e-13,0.0,2.0141288814556901e-07,0.0
5,0,4.646983599848243e-13,0.0,2.0141288814556901e-07,0.0
5,0,5.473250143346792e-13,0.0,2.0141288814556901e-07,0.0
5,0,6.492401716339595e-13,0.0,2.0141288814556901e-07,0.0
5,0,7.576915144049329e-13,0.0,2.0141288814556901e-07,0.0
5,0,8.913787735772095e-13,0.0,2.0141288814556901e-07,0.0
5,0,1.0226580653275716e-12,0.0,2.0141288814556901e-07,0.0
5,0,1.1549856665833553e-12,0.0,2.0141288814556901e-07,0.0
5,0,1.2739097876426188e-12,0.0,2.0141288814556901e-07,0.0
5,0,1.3693813561149748e-12,0.0,2.0141288814556901e-07,0.0
5,0,1.4292365262650735e-12,0.0,2.0141288814556901e-07,0.0
5,0,1.4347788102676193e-12,0.0,2.0141288814556901e-07,0.0
5,0,1.352394463448624e-12,0.0,2.0141288814556901e-07,0.0
5,0,1.2197462086859e-12,0.0,2.0141288814556901e-07,0.0
5,0,1.041309510404335e-12,0.0,2.0141288814556901e-07,0.0
5,0,8.486581111248672e-13,0.0,2.0141288814556901e-07,0.0
5,0,6.690881091142625e-13,0.0,2.0141288814556901e-07,0.0
5,0,5.166797517781441e-13,0.0,2.0141288814556901e-07,0.0
5,0,3.9563193964869763e-13,0.0,2.0141288814556901e-07,0.0
5,0,3.0350765688169977e-13,0.0,2.0141288814556901e-07,0.0
5,0,2.397496237119498e-13,0.0,2.0141288814556901e-07,0.0
5,0,1.94356435875809e-13,0.0,2.0161448333055887e-07,0.0
5,0,1.691901697154059e-13,0.0,2.0161448333055887e-07,0.0
5,0,1.6816571955490627e-13,0.0,2.0161448333055887e-07,0.0
5,0,1.3534318081891988e-13,0.0,2.0161448333055887e-07,0.0
5,0,1.1904118413187927e-13,0.0,2.0161448333055887e-07,0.0
5,0,1.3937002238559195e-13,0.0,2.0161448333055887e-07,0.0
5,0,1.5391934961122493e-13,0.0,2.0161448333055887e-07,0.0
5,0,1.676099896078046e-13,0.0,2.0161448333055887e-07,0.0
5,0,1.853120962757405e-13,0.0,2.0161448333055887e-07,0.0
5,0,2.2145367305317785e-13,0.0,2.0161448333055887e-07,0.0
5,0,2.892749517187297e-13,0.0,2.0161448333055887e-07,0.0
5,0,3.758699765315002e-13,0.0,2.0161448333055887e-07,0.0
5,0,4.626079714371104e-13,0.0,2.0161448333055887e-07,0.0
5,0,5.573333795200067e-13,0.0,2.0161448333055887e-07,0.0
5,0,6.630423433877817e-13,0.0,2.0161448333055887e-07,0.0
5,0,7.797545086134628e-13,0.0,2.0161448333055887e-07,0.0
5,0,8.965391682651994e-13,0.0,2.0161448333055887e-07,0.0
5,0,1.010553063958586e-12,0.0,2.0161448333055887e-07,0.0
5,0,1.1487748707380916e-12,0.0,2.0161448333055887e-07,0.0
5,0,1.3837467954567575e-12,0.0,2.0161448333055887e-07,0.0
5,0,1.3356721882438068e-12,0.0,2.0161448333055887e-07,0.0
5,0,1.3882111868366778e-12,0.0,2.0161448333055887e-07,0.0
5,0,1.52646173871931e-12,0.0,2.0161448333055887e-07,0.0
5,0,1.6837471485106986e-12,0.0,2.0161448333055887e-07,0.0
5,0,1.7851863807066917e-12,0.0,2.0161448333055887e-07,0.0
5,0,2.229764446976237e-12,0.0,2.0161448333055887e-07,0.0
5,0,2.5603703334521163e-12,0.0,2.0161448333055887e-07,0.0
5,0,2.604106615722566e-12,0.0,2.0141288814556901e-07,0.0
5,0,2.394278364560174e-12,0.0,2.0141288814556901e-07,0.0
5,0,2.0399722224854726e-12,0.0,3.8424317949647957e-07,0.0
5,0,1.6593111001901428e-12,0.0,3.3594159276617575e-07,0.0
5,0,1.3260399329077142e-12,0.0,3.3594159276617575e-07,0.0
5,0,1.071177026396233e-12,0.0,3.3594159276617575e-07,0.0
5,0,8.855114776206054e-13,0.0,2.7110431233268173e-07,0.0
5,0,7.447270152750579e-13,0.0,2.7110431233268173e-07,0.0
5,0,6.262152478239087e-13,0.0,2.4029694145610847e-07,0.0
5,0,5.280422357298629e-13,0.0,2.4029694145610847e-07,0.0
5,0,4.623982038737128e-13,0.0,2.4029694145610847e-07,0.0
5,0,4.2064751593226e-13,0.0,2.2212688577383233e-07,0.0
5,0,3.910190123941166e-13,0.0,2.2212688577383233e-07,0.0
5,0,3.7066356053613615e-13,0.0,2.2212688577383233e-07,0.0
5,0,3.467210834161041e-13,0.0,2.2212688577383233e-07,0.0
5,0,3.2209507214435866e-13,0.0,2.2212688577383233e-07,0.0
5,0,2.980282268384896e-13,0.0,2.2212688577383233e-07,0.0
5,0,2.7724149240062264e-13,0.0,2.2212688577383233e-07,0.0
5,0,2.5692085636553045e-13,0.0,2.2212688577383233e-07,0.0
5,0,2.3990025386244193e-13,0.0,2.2212688577383233e-07,0.0
5,0,2.2625770804587785e-13,0.0,2.4029694145610847e-07,0.0
5,0,2.2214807215870282e-13,0.0,2.4029694145610847e-07,0.0
5,0,2.2198727393490286e-13,0.0,2.4029694145610847e-07,0.0
5,0,2.2704805367850113e-13,0.0,2.4029694145610847e-07,0.0
5,0,2.4563372155356956e-13,0.0,2.4029694145610847e-07,0.0
5,0,2.8751538569797435e-13,0.0,2.4029694145610847e-07,0.0
5,0,3.484587559716653e-13,0.0,2.4029694145610847e-07,0.0
5,0,4.2918293874034286e-13,0.0,2.4029694145610847e-07,0.0
5,0,5.369382224147675e-13,0.0,2.4029694145610847e-07,0.0
5,0,6.752996347488142e-13,0.0,2.4029694145610847e-07,0.0
5,0,8.385802365342795e-13,0.0,2.4029694145610847e-07,0.0
5,0,1.0528534434119754e-12,0.0,2.4029694145610847e-07,0.0
5,0,1.3164897428381921e-12,0.0,2.4029694145610847e-07,0.0
5,0,1.5866102052223569e-12,0.0,2.4029694145610847e-07,0.0
5,0,1.804112092171235e-12,0.0,2.4029694145610847e-07,0.0
5,0,1.964024534306069e-12,0.0,2.1316797926829167e-07,0.0
5,0,2.0842746114706107e-12,0.0,2.1316797926829167e-07,0.0
5,0,2.1452694983263425e-12,0.0,2.1316797926829167e-07,0.0
5,0,2.191363693325212e-12,0.0,2.1316797926829167e-07,0.0
5,0,2.262031502351623e-12,0.0,2.1316797926829167e-07,0.0
5,0,2.3020922052335548e-12,0.0,2.1316797926829167e-07,0.0
5,0,2.353710982486704e-12,0.0,3.1996884786167357e-07,0.0
5,0,2.4641945374395597e-12,0.0,3.1996884786167357e-07,0.0
5,0,2.6021790020513307e-12,0.0,3.1996884786167357e-07,0.0
5,0,2.5565002975879426e-12,0.0,5.450087883218657e-07,0.0
5,0,2.472178158883612e-12,0.0,5.450087883218657e-07,0.0
5,0,2.4097637452593695e-12,0.0,5.450087883218657e-07,0.0
5,0,2.303215135680751e-12,0.0,5.450087883218657e-07,0.0
5,0,2.2034868877796248e-12,0.0,5.450087883218657e-07,0.0
5,0,2.0638312295116575e-12,0.0,5.450087883218657e-07,0.0
5,0,1.894823373273706e-12,0.0,3.1996884786167357e-07,0.0
5,0,1.7186371756625767e-12,0.0,3.1996884786167357e-07,0.0
5,0,1.5692859547944143e-12,0.0,3.1996884786167357e-07,0.0
5,0,1.4519629350401352e-12,0.0,3.1996884786167357e-07,0.0
5,0,1.365354972843603e-12,0.0,3.1996884786167357e-07,0.0
5,0,1.3072808261776945e-12,0.0,3.1996884786167357e-07,0.0
5,0,1.276604736668177e-12,0.0,3.1996884786167357e-07,0.0
5,0,1.2610904664535914e-12,0.0,5.450087883218657e-07,0.0
5,0,1.2595016850809725e-12,0.0,5.450087883218657e-07,0.0
5,0,1.2683805545198447e-12,0.0,5.450087883218657e-07,0.0
5,0,1.2858829655574866e-12,0.0,5.450087883218657e-07,0.0
5,0,1.3139980338038758e-12,0.0,5.450087883218657e-07,0.0
5,0,1.3176850118929443e-12,0.0,5.450087883218657e-07,0.0
5,0,1.3056661335210016e-12,0.0,5.450087883218657e-07,0.0
5,0,1.2967356613191091e-12,0.0,5.450087883218657e-07,0.0
5,0,1.3067404250668584e-12,0.0,5.450087883218657e-07,0.0
5,0,1.3094758950757926e-12,0.0,5.450087883218657e-07,0.0
5,0,1.2761391570825294e-12,0.0,5.450087883218657e-07,0.0
5,0,1.1858156115225615e-12,0.0,5.450087883218657e-07,0.0
5,0,1.1060608667704897e-12,0.0,5.450087883218657e-07,0.0
5,0,1.0199785409043598e-12,0.0,5.450087883218657e-07,0.0
5,0,9.417851920343097e-13,0.0,5.450087883218657e-07,0.0
5,0,8.833637040696738e-13,0.0,5.450087883218657e-07,0.0
5,0,8.376149852158857e-13,0.0,5.450087883218657e-07,0.0
5,0,8.01436686895749e-13,0.0,4.2829913127206964e-07,0.0
5,0,7.856106471015004e-13,0.0,3.535252801611932e-07,0.0
5,0,7.630204241741708e-13,0.0,3.535252801611932e-07,0.0
5,0,7.295327307858423e-13,0.0,4.2829913127206964e-07,0.0
5,0,7.165814859478225e-13,0.0,3.535252801611932e-07,0.0
5,0,7.515198242839721e-13,0.0,3.535252801611932e-07,0.0
5,0,7.818707786671255e-13,0.0,3.535252801611932e-07,0.0
5,0,8.040095806810216e-13,0.0,3.535252801611932e-07,0.0
5,0,8.210844381556204e-13,0.0,3.535252801611932e-07,0.0
5,0,8.307954037580017e-13,0.0,3.535252801611932e-07,0.0
5,0,8.188984925215592e-13,0.0,3.535252801611932e-07,0.0
5,0,7.89616135999743e-13,0.0,3.535252801611932e-07,0.0
5,0,7.519043026243904e-13,0.0,3.535252801611932e-07,0.0
5,0,7.075589848525555e-13,0.0,3.535252801611932e-07,0.0
5,0,6.628277216480036e-13,0.0,3.535252801611932e-07,0.0
5,0,6.206587598799497e-13,0.0,3.535252801611932e-07,0.0
5,0,6.211410584585711e-13,0.0,3.535252801611932e-07,0.0
5,0,6.463389400663095e-13,0.0,3.535252801611932e-07,0.0
5,0,6.831705882945278e-13,0.0,3.535252801611932e-07,0.0
5,0,7.104338553561428e-13,0.0,3.535252801611932e-07,0.0
5,0,7.281785342138201e-13,0.0,3.535252801611932e-07,0.0
5,0,7.45121308139688e-13,0.0,3.535252801611932e-07,0.0
5,0,7.741391721598926e-13,0.0,3.535252801611932e-07,0.0
5,0,8.129494268661699e-13,0.0,3.535252801611932e-07,0.0
5,0,8.544751444797795e-13,0.0,3.535252801611932e-07,0.0
5,0,8.886461615115533e-13,0.0,3.535252801611932e-07,0.0
5,0,9.298180597779223e-13,0.0,3.535252801611932e-07,0.0
5,0,9.605224990461302e-13,0.0,3.535252801611932e-07,0.0
5,0,9.945512610347345e-13,0.0,3.535252801611932e-07,0.0
5,0,1.0070545991900184e-12,0.0,3.535252801611932e-07,0.0
5,0,1.0044121306353866e-12,0.0,3.535252801611932e-07,0.0
5,0,9.848627410466769e-13,0.0,3.535252801611932e-07,0.0
5,0,9.404219829839686e-13,0.0,3.535252801611932e-07,0.0
5,0,9.212861776083703e-13,0.0,5.450087883218657e-07,0.0
5,0,9.201366904432464e-13,0.0,5.450087883218657e-07,0.0
5,0,9.296877467874314e-13,0.0,4.2829913127206964e-07,0.0
5,0,9.440167063068026e-13,0.0,3.535252801611932e-07,0.0
5,0,9.650195281296932e-13,0.0,3.535252801611932e-07,0.0
5,0,9.992433441778846e-13,0.0,3.535252801611932e-07,0.0
5,0,1.0560547089741901e-12,0.0,3.535252801611932e-07,0.0
5,0,1.1384599914363338e-12,0.0,3.535252801611932e-07,0.0
5,0,1.2633632919705886e-12,0.0,3.535252801611932e-07,0.0
5,0,1.3658582191341965e-12,0.0,3.535252801611932e-07,0.0
5,0,1.4725480088510794e-12,0.0,3.535252801611932e-07,0.0
5,0,1.6056942150061838e-12,0.0,3.535252801611932e-07,0.0
5,0,1.7435909464479344e-12,0.0,3.535252801611932e-07,0.0
5,0,1.8059367609193794e-12,0.0,3.535252801611932e-07,0.0
5,0,1.7978509059432894e-12,0.0,3.535252801611932e-07,0.0
5,0,1.8033697284875773e-12,0.0,3.535252801611932e-07,0.0
5,0,1.7742143942015e-12,0.0,3.535252801611932e-07,0.0
5,0,1.7208817013887595e-12,0.0,3.535252801611932e-07,0.0
5,0,1.703668131680621e-12,0.0,3.985168746112322e-07,0.0
5,0,1.7504562160339452e-12,0.0,3.985168746112322e-07,0.0
5,0,1.7897216109792778e-12,0.0,3.985168746112322e-07,0.0
5,0,1.8567144318738057e-12,0.0,3.985168746112322e-07,0.0
5,0,1.9430088678483353e-12,0.0,3.985168746112322e-07,0.0
5,0,2.0854219675617643e-12,0.0,3.985168746112322e-07,0.0
5,0,2.236534535889326e-12,0.0,2.9771945264656097e-07,0.0
5,0,2.3669656252358574e-12,0.0,2.9771945264656097e-07,0.0
5,0,2.4929190562574877e-12,0.0,3.985168746112322e-07,0.0
5,0,2.632332294806812e-12,0.0,3.985168746112322e-07,0.0
5,0,2.7722729985914402e-12,0.0,3.535252801611932e-07,0.0
5,0,2.924741372720075e-12,0.0,3.535252801611932e-07,0.0
5,0,3.0615495281696395e-12,0.0,3.535252801611932e-07,0.0
5,0,3.115052667818069e-12,0.0,3.535252801611932e-07,0.0
5,0,3.087777375973473e-12,0.0,3.535252801611932e-07,0.0
5,0,3.136002534540464e-12,0.0,3.535252801611932e-07,0.0
5,0,3.1427788767855366e-12,0.0,3.535252801611932e-07,0.0
5,0,3.189805392327511e-12,0.0,3.535252801611932e-07,0.0
5,0,3.2325491006027015e-12,0.0,3.535252801611932e-07,0.0
5,0,3.326453830847901e-12,0.0,3.535252801611932e-07,0.0
5,0,3.4201190087239625e-12,0.0,3.535252801611932e-07,0.0
5,0,3.5667656341279284e-12,0.0,3.535252801611932e-07,0.0
5,0,3.783213418639899e-12,0.0,3.535252801611932e-07,0.0
5,0,3.9929846264583554e-12,0.0,3.535252801611932e-07,0.0
5,0,4.2773529265909185e-12,0.0,3.535252801611932e-07,0.0
5,0,4.5030618696579956e-12,0.0,3.535252801611932e-07,0.0
5,0,4.635871680152507e-12,0.0,3.535252801611932e-07,0.0
5,0,4.539891564004527e-12,0.0,3.535252801611932e-07,0.0
5,0,4.108271020078235e-12,0.0,3.535252801611932e-07,0.0
5,0,3.2304879626710502e-12,0.0,3.535252801611932e-07,0.0
5,0,2.2854917977583175e-12,0.0,3.985168746112322e-07,0.0
5,0,2.0125416210206796e-12,0.0,3.985168746112322e-07,0.0
5,0,1.6673100445744841e-12,0.0,3.707776556893805e-07,0.0
5,0,1.402830260769601e-12,0.0,3.707776556893805e-07,0.0
5,0,1.0982319416406106e-12,0.0,3.707776556893805e-07,0.0
5,0,8.602445132898284e-13,0.0,3.707776556893805e-07,0.0
5,0,7.087993634659951e-13,0.0,3.707776556893805e-07,0.0
5,0,5.592678065930205e-13,0.0,3.707776556893805e-07,0.0
5,0,4.553402117851377e-13,0.0,3.707776556893805e-07,0.0
5,0,4.352672284398845e-13,0.0,3.707776556893805e-07,0.0
5,0,4.324147408741446e-13,0.0,3.707776556893805e-07,0.0
5,0,4.2459957175225156e-13,0.0,3.707776556893805e-07,0.0
5,0,4.250482468012942e-13,0.0,3.707776556893805e-07,0.0
5,0,4.29176328482878e-13,0.0,3.707776556893805e-07,0.0
5,0,4.446945260271367e-13,0.0,3.707776556893805e-07,0.0
5,0,4.776738548645427e-13,0.0,3.707776556893805e-07,0.0
5,0,4.901160977311503e-13,0.0,3.707776556893805e-07,0.0
5,0,5.073265453172505e-13,0.0,3.707776556893805e-07,0.0
5,0,5.138733927333599e-13,0.0,3.707776556893805e-07,0.0
5,0,4.952616037053593e-13,0.0,3.707776556893805e-07,0.0
5,0,4.559030727947078e-13,0.0,3.707776556893805e-07,0.0
5,0,4.3249484744954265e-13,0.0,3.707776556893805e-07,0.0
5,0,4.0400796418293e-13,0.0,3.707776556893805e-07,0.0
5,0,3.8053839763556546e-13,0.0,3.707776556893805e-07,0.0
5,0,3.7963961759140175e-13,0.0,3.707776556893805e-07,0.0
5,0,3.838637549732022e-13,0.0,3.707776556893805e-07,0.0
5,0,3.8385070815108186e-13,0.0,3.707776556893805e-07,0.0
5,0,3.805231050965728e-13,0.0,3.707776556893805e-07,0.0
5,0,3.741132634730313e-13,0.0,3.2891773571464e-07,0.0
5,0,3.679686750308202e-13,0.0,3.2891773571464e-07,0.0
5,0,3.6580769556343316e-13,0.0,3.2891773571464e-07,0.0
5,0,3.6916039104712054e-13,0.0,3.2891773571464e-07,0.0
5,0,3.644554951676945e-13,0.0,3.2891773571464e-07,0.0
5,0,3.5442528318267053e-13,0.0,3.2891773571464e-07,0.0
5,0,3.409963970677958e-13,0.0,3.2891773571464e-07,0.0
5,0,3.233385426146643e-13,0.0,3.2891773571464e-07,0.0
5,0,3.0513866666716173e-13,0.0,3.2891773571464e-07,0.0
5,0,2.896027668377063e-13,0.0,3.2891773571464e-07,0.0
5,0,2.7865315121158673e-13,0.0,3.2891773571464e-07,0.0
5,0,2.7329521708019934e-13,0.0,3.2891773571464e-07,0.0
5,0,2.7335121282899507e-13,0.0,3.2891773571464e-07,0.0
5,0,2.798971335551144e-13,0.0,3.2891773571464e-07,0.0
5,0,2.9411677786248473e-13,0.0,3.2891773571464e-07,0.0
5,0,3.1797252170738117e-13,0.0,3.2891773571464e-07,0.0
5,0,3.431638428914371e-13,0.0,3.2891773571464e-07,0.0
5,0,3.707602551028524e-13,0.0,3.2891773571464e-07,0.0
5,0,4.0031873066356326e-13,0.0,3.2891773571464e-07,0.0
5,0,4.323743161089531e-13,0.0,3.2891773571464e-07,0.0
5,0,4.678040635294626e-13,0.0,3.2891773571464e-07,0.0
5,0,5.075301765944993e-13,0.0,3.2891773571464e-07,0.0
5,0,5.502207362246279e-13,0.0,3.2891773571464e-07,0.0
5,0,5.911611283117039e-13,0.0,3.2891773571464e-07,0.0
5,0,6.335314706997429e-13,0.0,3.2891773571464e-07,0.0
5,0,6.566612160553004e-13,0.0,3.2891773571464e-07,0.0
5,0,6.696308294396905e-13,0.0,3.2891773571464e-07,0.0
5,0,6.787424905333614e-13,0.0,3.2891773571464e-07,0.0
5,0,6.938787091798584e-13,0.0,3.2891773571464e-07,0.0
5,0,7.107035169255309e-13,0.0,3.2891773571464e-07,0.0
5,0,7.592217146451349e-13,0.0,3.2891773571464e-07,0.0
5,0,8.173671663702527e-13,0.0,3.2891773571464e-07,0.0
5,0,8.815780805150741e-13,0.0,3.2891773571464e-07,0.0
5,0,9.506044637470099e-13,0.0,3.2891773571464e-07,0.0
5,0,1.0475643250057647e-12,0.0,3.2891773571464e-07,0.0
5,0,1.1452227130291452e-12,0.0,3.2891773571464e-07,0.0
5,0,1.2199475095127263e-12,0.0,3.2891773571464e-07,0.0
5,0,1.2865706759918005e-12,0.0,3.2891773571464e-07,0.0
5,0,1.321914984299349e-12,0.0,3.2891773571464e-07,0.0
5,0,1.3287170501488062e-12,0.0,3.2891773571464e-07,0.0
5,0,1.321913048300016e-12,0.0,3.2891773571464e-07,0.0
5,0,1.3013739463358385e-12,0.0,3.2891773571464e-07,0.0
5,0,1.8663626562371777e-12,0.0,3.2891773571464e-07,0.0
5,0,3.419019598226573e-12,0.0,4.983057237950561e-07,0.0
5,0,2.016192293138466e-11,0.0,3.3671074106678134e-07,0.0
5,0,3.50418034475221e-11,0.0,3.842094429273857e-07,0.0
5,0,3.8969205941836526e-11,0.02,1.0961031193801318e-06,0.0
5,0,1.2688656739390132e-10,0.02,6.423290983548213e-07,0.0
5,0,4.874030771741584e-10,0.0,4.3294377860547684e-07,0.0
5,0,5.209256570023656e-10,0.02,6.33343631761818e-07,0.0
5,0,3.805907595514502e-10,0.02,9.195331358569092e-07,0.0
5,0,3.7102840753854465e-10,0.04,8.28835368338332e-07,0.0
5,0,6.648019295377053e-10,0.04,7.287300149982912e-07,0.0
5,0,8.350043568960879e-10,0.04,7.287300149982912e-07,0.0
5,0,8.510821451758327e-10,0.04,1.6851706732268212e-06,0.0
5,0,9.482649682370734e-10,0.04,1.6851706732268212e-06,0.0
5,0,1.1013640449245594e-09,0.04,1.254541189155134e-06,0.0
5,0,1.224862848573171e-09,0.06,1.254541189155134e-06,0.0
5,0,1.3036655753563208e-09,0.06,1.254541189155134e-06,0.0
5,0,1.2969092470927505e-09,0.06,1.254541189155134e-06,0.0
5,0,1.1892630201717608e-09,0.06,7.287300149982912e-07,0.0
5,0,1.0329945064222404e-09,0.06,7.287300149982912e-07,0.0
5,0,8.609659791675382e-10,0.06,7.287300149982912e-07,0.0
5,0,7.1982480323849e-10,0.06,1.2289533515286166e-06,0.0
5,0,6.083104571579632e-10,0.1,2.105781504724291e-06,0.0
5,0,5.372564065192065e-10,0.14,3.5700591070053633e-06,4.692704450831327e-38
5,0,5.021794736377445e-10,0.14,4.59122566098813e-06,4.26427409278977e-37
5,0,4.987878694506309e-10,0.2,5.873138889000984e-06,3.53309269706339e-36
5,0,5.301185251842873e-10,0.2,5.873138889000984e-06,1.615047016562169e-35
5,0,5.767936715075915e-10,0.2,1.2579095709952526e-05,6.989159950146855e-35
5,0,6.408129028355461e-10,0.26,4.8069949116325006e-05,2.6226716192360107e-34
5,0,7.22832968554299e-10,0.26,4.8069949116325006e-05,7.790939621670034e-34
5,0,8.182335520775226e-10,0.26,5.900911855860613e-05,2.1683332262451077e-33
5,0,9.413342107114395e-10,0.28,3.122849375358783e-05,5.865386202817046e-33
5,0,1.108183371658662e-09,0.28,2.678146120160818e-05,1.2074077734843649e-32
5,0,1.3104055374545275e-09,0.3,2.678146120160818e-05,2.0712737964578637e-32
5,0,1.5441906800850062e-09,0.3,2.3686799977440387e-05,3.215746704425157e-32
5,0,1.7894199954646324e-09,0.32,3.75979179807473e-05,4.746911850343683e-32
5,0,2.027956271131845e-09,0.3,3.507268775138073e-05,6.88057691964976e-32
5,0,2.270835126863656e-09,0.3,3.507268775138073e-05,8.976633810442803e-32
5,0,2.4686699444066013e-09,0.3,2.4242373910965398e-05,1.2377728643748979e-31
5,0,2.5566465044509087e-09,0.3,2.6895100745605305e-05,1.1537399470693598e-31
5,0,2.5514922415114615e-09,0.3,2.884625064325519e-05,1.3680216351268001e-31
5,0,2.520345442116706e-09,0.3,2.884625064325519e-05,1.3740152457227728e-31
5,0,2.5057534948098174e-09,0.32,6.268455035751686e-05,1.4994433141419529e-31
5,0,2.571545467103862e-09,0.32,6.268455035751686e-05,1.6887269393348065e-31
5,0,2.6576861856687458e-09,0.32,6.268455035751686e-05,1.9193539938898658e-31
5,0,2.7038218558920154e-09,0.32,2.884625064325519e-05,2.0916889888842584e-31
5,0,2.6857012055379005e-09,0.32,2.6895100745605305e-05,2.1416188167320456e-31
5,0,2.5699019639836853e-09,0.36,5.987268377793953e-05,2.0452315713488003e-31
5,0,2.4114847931400964e-09,0.36,7.749545329716057e-05,1.834676905680077e-31
5,0,2.2746386114287875e-09,0.34,4.110693043912761e-05,1.5747152720508125e-31
5,0,2.1811564076898693e-09,0.34,4.328266004449688e-05,1.2224567607308589e-31
5,0,2.0496218245288656e-09,0.32,4.328266004449688e-05,8.786906083484209e-32
5,0,1.9459785782347943e-09,0.3,4.328266004449688e-05,4.3861917192634876e-32
5,0,1.7926813200293812e-09,0.3,3.6185214412398636e-05,2.1662920905075001e-32
5,0,1.5585558157271973e-09,0.28,4.093418101547286e-05,1.045785602175153e-32
5,0,1.3994805960096189e-09,0.28,2.067489731416572e-05,4.528513742700136e-33
5,0,1.3213362926229681e-09,0.28,1.6842044715303928e-05,2.0751404014539013e-33
5,0,1.1827310569870654e-09,0.28,1.6842044715303928e-05,1.1027378626621113e-33
5,0,1.0352758661311598e-09,0.28,1.6842044715303928e-05,6.230415310478272e-34
5,0,9.476853814549195e-10,0.26,1.4940646906325128e-05,4.2232747776610435e-34
5,0,8.966172736461204e-10,0.26,1.3365514860197436e-05,3.6879085029597543e-34
5,0,8.662092005951049e-10,0.26,1.3365514860197436e-05,3.9165143739571015e-34
5,0,8.612274421556507e-10,0.28,1.3365514860197436e-05,4.54101778835052e-34
5,0,8.335977115752499e-10,0.28,1.640720438444987e-05,5.4050727169396155e-34
5,0,7.905950599211572e-10,0.3,1.9964325474575162e-05,6.459752880791258e-34
5,0,7.924755409935193e-10,0.3,2.8841161110904068e-05,8.352656025695195e-34
5,0,8.400464627560497e-10,0.3,1.6435848010587506e-05,1.421246689554049e-33
5,0,8.929925684765027e-10,0.32,2.2669129975838587e-05,2.4780906813661657e-33
5,0,9.535275412645686e-10,0.34,2.2669129975838587e-05,3.7615804532633815e-33
5,0,1.0089278348457057e-09,0.34,2.2669129975838587e-05,4.4315152549481425e-33
5,0,1.0557634095507369e-09,0.36,4.502587398746982e-05,5.881114317231048e-33
5,0,1.0765223405835215e-09,0.36,3.112214835709892e-05,5.6951287030699e-33
5,0,1.0951072678377859e-09,0.32,2.7572454200708307e-05,5.94163831730298e-33
5,0,1.12928549096749e-09,0.32,6.4263200329151e-05,6.465007340539433e-33
5,0,1.1871754588697905e-09,0.3,6.4263200329151e-05,7.099500252862933e-33
5,0,1.2536218725629177e-09,0.32,8.581551082897931e-05,8.08243907812893e-33
5,0,1.2999761901163085e-09,0.32,8.581551082897931e-05,9.794386438996292e-33
5,0,1.3328436257525805e-09,0.3,8.581551082897931e-05,1.2078131720986047e-32
5,0,1.3821505840571562e-09,0.3,8.581551082897931e-05,1.4561561167085861e-32
5,0,1.4620748737306579e-09,0.3,0.00017819686036091298,1.768764292567182e-32
5,0,1.552425305955984e-09,0.3,0.00017819686036091298,2.2298797227312625e-32
5,0,1.6264810970933242e-09,0.3,0.00017819686036091298,2.910397940866858e-32
5,0,1.661671542302123e-09,0.32,0.00017819686036091298,3.686253012021163e-32
5,0,1.6768705374314745e-09,0.36,0.0001910247083287686,4.257766904321039e-32
5,0,1.691326201834527e-09,0.34,0.00017090520123019814,4.996592727930091e-32
5,0,1.7100983010754655e-09,0.34,3.1242107070283964e-05,5.530343570336213e-32
5,0,1.749756202827752e-09,0.34,2.9128905225661583e-05,4.4755689628603217e-32
5,0,1.8097837518337968e-09,0.36,4.21421900682617e-05,3.13426349314127e-32
5,0,1.8449310320325668e-09,0.36,4.21421900682617e-05,2.2799923693379613e-32
5,0,1.8641938954047556e-09,0.36,6.844251038273796e-05,1.5810889787451235e-32
5,0,1.8531662532401475e-09,0.32,9.255360055249184e-05,1.0491980622755901e-32
5,0,1.8087489178147809e-09,0.3,7.539639045717195e-05,7.072199396565085e-33
5,0,1.741622693082974e-09,0.3,6.646543624810874e-05,4.4296557698219355e-33
5,0,1.6326319228839539e-09,0.28,6.646543624810874e-05,3.080835511654871e-33
5,0,1.5157066821121036e-09,0.28,2.3654654796700925e-05,2.2874749051597237e-33
5,0,1.4321158100725352e-09,0.28,2.3654654796700925e-05,2.056542427784962e-33
5,0,1.4107634454863472e-09,0.28,1.5201504538708832e-05,2.0091018635086745e-33
5,0,1.438603558736728e-09,0.28,1.5201504538708832e-05,2.276940822737425e-33
5,0,1.496611248032869e-09,0.28,1.6993006283883005e-05,2.9164758711419833e-33
5,0,1.573480452752504e-09,0.26,1.7436701455153525e-05,4.0398383332022485e-33
5,0,1.644880261794354e-09,0.28,1.9586590497056022e-05,6.399835729677938e-33
5,0,1.7578552186425112e-09,0.28,1.2059872460667975e-05,9.816080921924686e-33
5,0,1.8991617650154664e-09,0.3,1.2059872460667975e-05,1.6254888697436199e-32
5,0,2.0822551614050764e-09,0.32,1.2059872460667975e-05,2.3511112469306482e-32
5,0,2.2911206638256225e-09,0.34,1.2059872460667975e-05,2.702769785933942e-32
5,0,2.500320916614367e-09,0.34,1.7565547750564292e-05,3.181969755875042e-32
5,0,2.710640535933223e-09,0.34,4.094054384040646e-05,3.454733228281372e-32
5,0,2.912212825590021e-09,0.32,3.819085031864233e-05,3.697237418982422e-32
5,0,3.111884171143836e-09,0.32,3.819085031864233e-05,4.0093341078616163e-32
5,0,3.3474255084003294e-09,0.32,3.819085031864233e-05,4.2778243644291194e-32
5,0,3.584820629353089e-09,0.32,1.2479908946261276e-05,4.2900480363097327e-32
5,0,3.6749739317614663e-09,0.32,1.2479908946261276e-05,4.1873771270994494e-32
5,0,3.682008913129523e-09,0.32,1.2479908946261276e-05,3.8615976839766835e-32
5,0,3.6071362151520327e-09,0.32,3.819085031864233e-05,3.67804982469395e-32
5,0,3.461288744643704e-09,0.32,3.819085031864233e-05,3.397671499882993e-32
5,0,3.2022411964571245e-09,0.34,3.819085031864233e-05,2.8380591940116054e-32
5,0,2.868956374332531e-09,0.36,4.094054384040646e-05,2.117369631931009e-32
5,0,2.4763779704884613e-09,0.34,8.940523912315257e-06,1.476798238319407e-32
5,0,2.047266312670713e-09,0.34,7.39469624022604e-06,9.57889407991958e-33
5,0,1.6743118289792848e-09,0.34,1.0698356163629796e-05,4.218012787402183e-33
5,0,1.3778013285544856e-09,0.34,1.0698356163629796e-05,1.7743927431899115e-33
5,0,1.1415654855658445e-09,0.34,2.983940066769719e-05,7.258630321047104e-34
5,0,9.39337106082993e-10,0.3,2.9944760171929374e-05,2.9403919006401877e-34
5,0,7.730134980093024e-10,0.28,2.752072578005027e-05,1.3003785721882848e-34
5,0,6.478783263102378e-10,0.3,2.752072578005027e-05,6.325897020216846e-35
5,0,5.494424316568964e-10,0.32,3.2529984309803694e-05,3.6974715627634264e-35
5,0,4.77937946232804e-10,0.32,2.2661153707304038e-05,2.533005794071937e-35
5,0,4.401335254380349e-10,0.32,4.044144952786155e-05,2.560342925390767e-35
5,0,4.45100863553523e-10,0.32,4.044144952786155e-05,2.91716285805043e-35
5,0,5.003858135373738e-10,0.32,4.23962228524033e-05,4.3340095023536834e-35
5,0,6.044955152825575e-10,0.36,8.235999848693609e-05,9.921328441283575e-35
5,0,7.775483175910315e-10,0.38,9.342649718746543e-05,2.9009074586558e-34
5,0,1.0552200373609801e-09,0.42,7.92735445429571e-05,8.538021382915292e-34
5,0,1.4440601459617586e-09,0.44,0.00019765090837609023,2.7964997749092758e-33
5,0,1.9986930846138347e-09,0.44,0.0002223815827164799,9.726251113002786e-33
5,0,2.8432387385838668e-09,0.44,0.00012673981836996973,3.387886978780336e-32
5,0,4.115604053676895e-09,0.46,0.00016824879276100546,1.1937376704987442e-31
5,0,6.00876297599768e-09,0.5,0.000215043721254915,4.202373496280065e-31
5,0,8.678151261028696e-09,0.5,0.000215043721254915,1.4378539694173426e-30
5,0,1.218709094049395e-08,0.52,0.0004530474834609777,4.496142135849995e-30
5,0,1.6592401735741026e-08,0.54,0.0004530474834609777,1.2733391151610044e-29
5,0,2.186938848937427e-08,0.52,0.0008429784211330116,3.218905419964037e-29
5,0,2.7932596461890543e-08,0.48,0.0009577687596902251,7.201804378448401e-29
5,0,3.4495721635395486e-08,0.48,0.0009577687596902251,1.3043071658870897e-28
5,0,4.009989132805264e-08,0.48,0.0009577687596902251,2.2248116420792883e-28
5,0,4.366796315567433e-08,0.48,0.0010827678488567472,3.47422017490162e-28
5,0,4.577887635193193e-08,0.48,0.0009577687596902251,4.217122132377233e-28
5,0,4.477390077175408e-08,0.48,0.0009577687596902251,4.611328214149218e-28
5,0,3.932642723968916e-08,0.48,0.0003121806657873094,4.6981549138320275e-28
5,0,3.1462170126171985e-08,0.48,0.0003121806657873094,4.121381747429313e-28
5,0,3.0352798241760106e-08,0.5,0.0003121806657873094,3.8226485870842214e-28
5,0,3.112845996624609e-08,0.5,0.00023379118647426367,3.3170341987842403e-28
5,0,2.753887409205612e-08,0.5,0.00022767070913687348,2.1657676855504797e-28
5,0,2.293019106048417e-08,0.5,0.00011720577458618209,1.119726040017017e-28
5,0,1.783448714649176e-08,0.5,5.562306978390552e-05,4.8248183308935827e-29
5,0,1.3019847865641918e-08,0.5,5.562306978390552e-05,1.814148368561893e-29
5,0,9.04243539584548e-09,0.5,6.170941924210638e-05,5.084739052617461e-30
5,0,6.390301683150249e-09,0.46,6.170941924210638e-05,1.9158654557950435e-30
5,0,4.787770864852011e-09,0.46,7.851010741433129e-05,5.079793512784682e-31
5,0,3.481646021317087e-09,0.46,7.266437023645267e-05,1.577444887482857e-31
5,0,2.502491416178077e-09,0.4,7.292099326150492e-05,4.6007946699270077e-32
5,0,1.8114581701874873e-09,0.4,8.193018584279343e-05,1.6962737600038794e-32
5,0,1.471394954922158e-09,0.36,7.384962373180315e-05,6.567968890727957e-33
5,0,1.270680426562967e-09,0.38,6.155408482300118e-05,3.0507560805852672e-33
5,0,1.0783011092532882e-09,0.38,0.0001010175546980463,1.8818119883619446e-33
5,0,9.236427233519796e-10,0.38,0.0001010175546980463,1.2527634515926751e-33
5,0,8.362147614285905e-10,0.38,6.917095743119717e-05,9.903901737532635e-34
5,0,9.689433106187665e-10,0.38,6.917095743119717e-05,1.0709569953551884e-33
5,0,1.2149684374377777e-09,0.38,4.781173629453406e-05,1.68121773448496e-33
5,0,1.7613581697775373e-09,0.34,0.00011857657227665186,3.041970729680809e-33
5,0,2.7647828889741197e-09,0.36,0.00016165582928806543,7.269024170666769e-33
5,0,4.3068415980127375e-09,0.34,0.00019843853078782558,2.042649480457784e-32
5,0,5.373972763369598e-09,0.38,0.0001973733160411939,5.89812460210821e-32
5,0,6.751860701856422e-09,0.4,0.00029479069053195417,1.802901059938084e-31
5,0,8.506769532966262e-09,0.4,0.000168012484209612,6.084727865082318e-31
5,0,1.0950100712858181e-08,0.42,0.00018995960999745876,2.1860517978965176e-30
5,0,1.4606184862967006e-08,0.46,0.00018120234017260373,7.662796775496253e-30
5,0,1.973930023373528e-08,0.44,0.00018120234017260373,2.8382908063655253e-29
5,0,2.6653166590889854e-08,0.44,0.0005816507618874311,1.0588904871574421e-28
5,0,3.565002255397667e-08,0.44,0.0006500940071418881,3.6086231220006275e-28
5,0,4.5791316279126835e-08,0.44,0.0007534429896622896,1.249955689519532e-27
5,0,5.801198489351105e-08,0.4,0.0004127690044697374,3.708999412917682e-27
5,0,7.187244947361298e-08,0.4,0.0004127690044697374,9.947783304241818e-27
5,0,8.665550136243879e-08,0.4,0.0004127690044697374,2.4001710879675444e-26
5,0,1.0164782350720324e-07,0.4,0.00035219057463109493,6.043174351332118e-26
5,0,1.1687410400007865e-07,0.4,0.0006119083845987916,1.4140870370173483e-25
5,0,1.308950395069519e-07,0.4,0.0006119083845987916,3.0185289221738884e-25
5,0,1.47758472674363e-07,0.4,0.0004940670332871377,5.193789695531738e-25
5,0,1.671136552267764e-07,0.4,0.0004940670332871377,6.822993554724616e-25
5,0,1.8277905040852473e-07,0.38,0.00026540004182606936,8.227810366769969e-25
5,0,1.9263192204653086e-07,0.4,0.00026540004182606936,9.350149400683454e-25
5,0,1.913778773198318e-07,0.4,0.00026540004182606936,1.0242058219877355e-24
5,0,1.8257899369413954e-07,0.4,0.00020216626580804586,1.008496248705938e-24
5,0,1.6757942343484048e-07,0.4,0.00020216626580804586,8.518021446963333e-25
5,0,1.4387931090416942e-07,0.42,0.00021671962167602032,5.529878953820492e-25
5,0,1.1749266577328759e-07,0.42,0.00020953695639036596,3.0222274472242106e-25
5,0,9.347442495909474e-08,0.42,0.00021157566516194493,1.549650195129734e-25
5,0,7.24177106491708e-08,0.42,0.00013741529255639762,7.600687147756093e-26
5,0,5.4881481512364186e-08,0.38,0.00011560474376892671,3.41790935370514e-26
5,0,4.1032188562933346e-08,0.38,0.00015346724831033498,1.459725475353262e-26
5,0,3.011951393189201e-08,0.38,0.00015346724831033498,6.472084496625395e-27
5,0,2.231488728150482e-08,0.34,0.0001324054755968973,2.813134995544482e-27
5,0,1.672849755982629e-08,0.34,0.00021502588060684502,1.3285724387389106e-27
5,0,1.2838437014116228e-08,0.3,0.00020648624922614545,6.37628748933711e-28
5,0,9.913924981290244e-09,0.3,0.00014539211406372488,3.584941405921956e-28
5,0,7.716452518501228e-09,0.28,0.0001184409557026811,2.025312503601235e-28
5,0,6.075667252773039e-09,0.24,0.0001184409557026811,1.3510392541345383e-28
5,0,5.01308146563706e-09,0.24,0.00011855949560413137,1.0355219754359766e-28
5,0,4.343568683243424e-09,0.24,0.00011855949560413137,9.55373317464708e-29
5,0,4.002968835263803e-09,0.28,0.00011855949560413137,1.0221546975450924e-28
5,0,3.940400004514484e-09,0.3,0.00014092755736783147,1.5048951770074508e-28
5,0,4.109324401539047e-09,0.28,0.00014092755736783147,2.9195557212954986e-28
5,0,4.476581974450149e-09,0.3,0.00014092755736783147,6.195972779776341e-28
5,0,5.018452551296943e-09,0.3,0.00013746430340688676,1.4499904772633678e-27
5,0,5.790447903464333e-09,0.34,7.097369962139055e-05,4.331366755934328e-27
5,0,6.9796489311759725e-09,0.38,4.6836561523377895e-05,1.5759211429812193e-26
5,0,9.067477087571773e-09,0.38,1.2091114513168577e-05,5.294750579372252e-26
5,0,1.2244420920773962e-08,0.36,1.193888147099642e-05,1.8003567235633428e-25
5,0,1.669070113539154e-08,0.38,6.951899649720872e-06,5.000213583189882e-25
5,0,2.2956558636840745e-08,0.38,8.057901141000912e-06,1.3979060946927779e-24
5,0,3.1199667756072426e-08,0.38,5.881798642803915e-06,3.938858230415413e-24
5,0,4.2140863841124084e-08,0.38,5.8251166592526715e-06,1.0898835213356555e-23
5,0,5.829178709788999e-08,0.38,5.503164175024722e-06,2.990086700008326e-23
5,0,8.264702067960277e-08,0.4,5.503164175024722e-06,8.110523829002203e-23
5,0,1.1456660079145254e-07,0.4,5.503164175024722e-06,2.0476217654396823e-22
5,0,1.4840095296747425e-07,0.38,4.0950194488686975e-06,4.669118003757794e-22
5,0,1.8227018385504657e-07,0.38,4.0950194488686975e-06,9.444911206482601e-22
5,0,2.1597102623514372e-07,0.38,4.0950194488686975e-06,1.8036392548454255e-21
5,0,2.4674100214200193e-07,0.38,4.0950194488686975e-06,3.0556661711851887e-21
5,0,2.1133560120820675e-07,0.38,3.921995812561363e-06,6.1389180887848106e-21
5,0,2.3286295652313182e-07,0.38,2.4596331513748737e-06,8.501904507487801e-21
5,0,2.4355616129074865e-07,0.38,1.8418686522636563e-06,1.0092296560027378e-20
5,0,2.4128947461691867e-07,0.38,1.8418686522636563e-06,1.0221705089452177e-20
5,0,2.2995504577812168e-07,0.38,1.8418686522636563e-06,8.142988900996482e-21
5,0,2.1241515592045577e-07,0.38,1.8653579445526702e-06,5.130080455000112e-21
5,0,1.8897026609486572e-07,0.38,1.79841777026013e-06,2.9158369027983896e-21
5,0,1.6102805020925502e-07,0.38,1.79841777026013e-06,1.576219718304287e-21
5,0,1.3181373829053494e-07,0.38,1.79841777026013e-06,7.60896909468856e-22
5,0,1.0367417184160422e-07,0.4,2.7173900889465585e-06,3.8295784020659775e-22
5,0,7.854738153450217e-08,0.42,3.2318109788320726e-06,1.0388288379802043e-22
5,0,5.864120953529334e-08,0.42,3.805903133979882e-06,3.470070379967499e-23
5,0,4.370606592546263e-08,0.42,2.5373130938532995e-06,1.1786429160614124e-23
5,0,3.3098610484941303e-08,0.42,2.161482825613348e-06,4.2949129665696325e-24
5,0,2.5820251477032997e-08,0.42,2.161482825613348e-06,1.6443360848996673e-24
5,0,2.0828371826485144e-08,0.4,2.161482825613348e-06,6.519916153167098e-25
5,0,1.730325230021698e-08,0.4,1.946029669852578e-06,3.3240187589871856e-25
5,0,1.560636204478773e-08,0.36,2.1953933355689514e-06,2.0477749346173445e-25
5,0,1.56074723100353e-08,0.36,2.1953933355689514e-06,1.6275544003438678e-25
5,0,1.6828271829872272e-08,0.36,1.978851742023835e-06,2.007761444314206e-25
5,0,1.8820299287605953e-08,0.38,1.7540839962748578e-06,2.6460275701333622e-25
5,0,2.1870673355192688e-08,0.4,1.9482858988340013e-06,5.088128186772238e-25
5,0,2.6596267230138324e-08,0.4,2.161482825613348e-06,8.08848569799436e-25
5,0,3.3703611042079605e-08,0.44,2.161482825613348e-06,1.8680023103950465e-24
5,0,4.386259550547871e-08,0.44,2.161482825613348e-06,4.476577772280716e-24
5,0,5.877095142453423e-08,0.44,3.242167849748512e-06,1.124664556419031e-23
5,0,7.997113692967332e-08,0.44,2.7531107207323657e-06,2.4762133977886772e-23
5,0,1.094127038906852e-07,0.44,2.8763611226167995e-06,9.559740197983724e-23
5,0,1.481862530537285e-07,0.4,1.7757713521859841e-06,2.5851501978620865e-22
5,0,1.9793210120939763e-07,0.38,1.7757713521859841e-06,6.7122541167637725e-22
5,0,2.616074809346108e-07,0.38,1.7757713521859841e-06,1.6747183298124736e-21
5,0,3.434805178776722e-07,0.38,1.7757713521859841e-06,4.0704911708880935e-21
5,0,4.501369920909854e-07,0.4,4.1663583942863625e-06,8.207481523794342e-21
5,0,5.719741649599438e-07,0.4,6.577084604941774e-06,1.5309455545957168e-20
5,0,6.726241417533788e-07,0.4,6.577084604941774e-06,2.534909850570385e-20
5,0,7.215793999654178e-07,0.4,6.577084604941774e-06,3.548993538116903e-20
5,0,7.330056701241358e-07,0.4,4.920246738038259e-06,4.155656523533817e-20
5,0,7.318205811494028e-07,0.38,4.920246738038259e-06,4.149162186372995e-20
5,0,7.166883469658022e-07,0.36,2.097091964969877e-06,3.707131407308862e-20
5,0,6.72879512027959e-07,0.38,2.097091964969877e-06,2.9179639444291943e-20
5,0,6.0391034960586e-07,0.38,2.097091964969877e-06,2.004368968817231e-20
5,0,5.184476816567622e-07,0.38,2.000164386117831e-06,1.2255825418457468e-20
5,0,4.3203877539812115e-07,0.38,2.000164386117831e-06,6.859387151660313e-21
5,0,3.549174509358436e-07,0.38,2.6284528757969383e-06,3.561590917234718e-21
5,0,2.8191060269341344e-07,0.38,5.480821073433617e-06,1.880380855395676e-21
5,0,2.189773238958888e-07,0.42,7.297388492588652e-06,8.113869861417788e-22
5,0,1.6682054218926413e-07,0.44,1.1026233551092446e-05,3.2575065710192866e-22
5,0,1.2658553207441385e-07,0.46,1.0197744813922327e-05,1.2850107432653152e-22
5,0,9.625250480152557e-08,0.46,7.839784302632324e-06,4.68547721188365e-23
5,0,7.303731295520165e-08,0.46,8.946160960476846e-06,1.9506289821144794e-23
5,0,5.7295642928678636e-08,0.44,5.964216143183876e-06,9.007714742488328e-24
5,0,4.617606507988313e-08,0.42,8.575058927817736e-06,4.526167935365625e-24
5,0,3.7727473574416405e-08,0.38,8.575058927817736e-06,2.356067594226892e-24
5,0,3.181456661199089e-08,0.36,8.479919415549375e-06,1.3525113897246742e-24
5,0,2.8852593087478598e-08,0.34,7.791790267219767e-06,9.04196412476463e-25
5,0,2.807891322483913e-08,0.34,1.176626028609462e-05,7.710964971925333e-25
5,0,2.862228761978824e-08,0.32,1.176626028609462e-05,7.983920705893118e-25
5,0,3.050560398529272e-08,0.34,1.176626028609462e-05,9.455999743022141e-25
5,0,3.4138147218212285e-08,0.36,1.176626028609462e-05,1.2302268067551312e-24
5,0,3.962135511582435e-08,0.34,1.30689368234016e-05,1.7674290530818356e-24
5,0,4.820930160623978e-08,0.34,1.5505595001741312e-05,2.8847327878372946e-24
5,0,6.110768482694007e-08,0.34,1.657347456784919e-05,5.4772269257395814e-24
5,0,7.815824458159632e-08,0.36,6.976744043640792e-05,1.1652757469085329e-23
5,0,9.78565664402821e-08,0.38,6.976744043640792e-05,2.5385057991694544e-23
5,0,1.224239682882685e-07,0.38,2.485965160303749e-05,5.326036053455457e-23
5,0,1.561209551868893e-07,0.4,3.4468979720259085e-05,1.1550486228116675e-22
5,0,2.0239013626600095e-07,0.4,5.391356535255909e-05,2.6368621127921136e-22
5,0,2.6289194835417393e-07,0.38,5.630382293020375e-05,6.315618387715503e-22
5,0,3.371068424308035e-07,0.38,3.726359864231199e-05,1.5289022003784478e-21
5,0,4.279800266710689e-07,0.36,3.726359864231199e-05,3.3315153554454597e-21
5,0,5.397709331864672e-07,0.36,4.3191786971874535e-05,6.963102191101251e-21
5,0,6.682349798332153e-07,0.34,4.3191786971874535e-05,1.3548689328832243e-20
5,0,8.092283117643533e-07,0.34,9.050087828654796e-05,2.6869855521598388e-20
5,0,9.761486496584062e-07,0.34,0.00012007085024379194,5.0989442135208795e-20
5,0,1.1540728233274732e-06,0.34,0.00013320823200047016,8.974633703917881e-20
5,0,1.2917353603948942e-06,0.34,0.00013320823200047016,1.407085274506131e-19
5,0,1.3571597727840597e-06,0.34,0.00014722695050295442,1.8227311246048392e-19
5,0,1.3601878919365816e-06,0.34,8.881569374352694e-05,2.0340786145454934e-19
5,0,1.3113399753821416e-06,0.34,8.005608833627775e-05,2.036827309871613e-19
5,0,1.2210664010229159e-06,0.34,6.033999306964688e-05,1.9084067442909312e-19
5,0,1.1083482338903684e-06,0.34,6.033999306964688e-05,1.6568704257954467e-19
5,0,9.81789003886538e-07,0.34,6.033999306964688e-05,1.3296019740585819e-19
5,0,8.544625306495711e-07,0.34,6.033999306964688e-05,1.0171416062500648e-19
5,0,7.358860246852443e-07,0.34,6.033999306964688e-05,7.545214552872819e-20
5,0,6.204265236581086e-07,0.34,4.466186146601103e-05,5.015700440212208e-20
5,0,5.111759275732089e-07,0.34,4.466186146601103e-05,2.960321731023018e-20
5,0,4.0890272713083303e-07,0.36,4.477555557969026e-05,1.6446906436400008e-20
5,0,3.16164988634146e-07,0.38,4.477555557969026e-05,9.010821724806083e-21
5,0,2.395761907644598e-07,0.42,3.136363375233486e-05,4.7309577315076066e-21
5,0,1.8047330884225977e-07,0.42,3.136363375233486e-05,2.3997925228389406e-21
5,0,1.3774984559101503e-07,0.42,2.7047160983784124e-05,1.2252034241299397e-21
5,0,1.0936303539474454e-07,0.4,2.7047160983784124e-05,6.353895685885254e-22
5,0,8.964267824254025e-08,0.38,1.940255970112048e-05,3.4980483101586845e-22
5,0,7.547037984115725e-08,0.36,1.940255970112048e-05,2.2654992152277185e-22
5,0,6.484860430831038e-08,0.34,1.940255970112048e-05,1.579294609760417e-22
5,0,5.6360703414298094e-08,0.34,1.940255970112048e-05,1.1396991566444943e-22
5,0,5.0876608164170166e-08,0.34,1.940255970112048e-05,9.185028743648846e-23
5,0,4.799719394075573e-08,0.32,1.7468573787482455e-05,8.396148905766109e-23
5,0,4.787960040517124e-08,0.32,1.940255970112048e-05,8.850594002779657e-23
5,0,5.099848040378248e-08,0.34,1.940255970112048e-05,1.105443660696177e-22
5,0,5.787515900398235e-08,0.34,1.940255970112048e-05,1.6678637470130527e-22
5,0,4.5474410964067105e-08,0.0,3.313334389076772e-07,0.0
5,0,4.190318569023816e-08,0.0,3.313334389076772e-07,0.0
5,0,3.916860876032792e-08,0.0,3.582578642635781e-07,0.0
5,0,3.8148866001146734e-08,0.0,3.582578642635781e-07,0.0
5,0,3.8849090670800816e-08,0.0,2.9822271585544513e-07,0.0
5,0,4.05076171751467e-08,0.0,2.9822271585544513e-07,0.0
5,0,4.3491324925101313e-08,0.0,2.9822271585544513e-07,0.0
5,0,4.837311889141001e-08,0.0,3.263587302626547e-07,0.0
5,0,5.5948051250374627e-08,0.0,3.263587302626547e-07,0.0
5,0,6.740722497942013e-08,0.0,3.305201516923262e-07,0.0
5,0,8.158543246068562e-08,0.0,2.29253586780942e-07,0.0
5,0,1.0086665872860979e-07,0.0,1.9313098675866058e-07,0.0
5,0,1.245339689332542e-07,0.0,1.9313098675866058e-07,0.0
5,0,1.4906663340924663e-07,0.0,1.9313098675866058e-07,0.0
5,0,1.7714625734709594e-07,0.0,1.9313098675866058e-07,0.0
5,0,2.0830843681068722e-07,0.0,1.9313098675866058e-07,0.0
5,0,2.397613667510693e-07,0.0,1.9313098675866058e-07,0.0
5,0,2.6842839527366076e-07,0.0,1.8981607752266427e-07,0.0
5,0,2.885066792394682e-07,0.0,1.8981607752266427e-07,0.0
5,0,3.010389116421672e-07,0.0,1.4676889747988753e-07,0.0
5,0,3.090547285361291e-07,0.0,1.4676889747988753e-07,0.0
5,0,3.10335736152685e-07,0.0,1.4676889747988753e-07,0.0
5,0,2.739690718463608e-07,0.0,1.4676889747988753e-07,0.0
5,0,2.060383841318586e-07,0.0,1.4676889747988753e-07,0.0
5,0,1.9428708054486665e-07,0.0,1.4676889747988753e-07,0.0
5,0,1.5732812535500704e-07,0.0,1.4676889747988753e-07,0.0
5,0,1.2711884150263083e-07,0.0,1.4676889747988753e-07,0.0
5,0,1.0019725404183144e-07,0.0,1.4676889747988753e-07,0.0
5,0,7.994021234418067e-08,0.0,1.4676889747988753e-07,0.0
5,0,6.263904738517827e-08,0.0,1.4676889747988753e-07,0.0
5,0,4.810860488781968e-08,0.0,1.4676889747988753e-07,0.0
5,0,3.8851572498082424e-08,0.0,1.4676889747988753e-07,0.0
5,0,3.378887155370539e-08,0.0,1.4676889747988753e-07,0.0
5,0,3.046839753082534e-08,0.0,1.4676889747988753e-07,0.0
5,0,2.904011133701872e-08,0.0,1.1877300210016983e-07,0.0
5,0,2.8337234800582156e-08,0.0,1.1877300210016983e-07,0.0
5,0,2.8179934889167526e-08,0.0,1.1877300210016983e-07,0.0
5,0,2.8516123204846506e-08,0.0,1.1877300210016983e-07,0.0
5,0,2.8610468605736974e-08,0.0,1.1877300210016983e-07,0.0
5,0,2.9152045608412728e-08,0.0,1.1877300210016983e-07,0.0
5,0,2.985500224441583e-08,0.0,1.1877300210016983e-07,0.0
5,0,3.163814134168236e-08,0.0,1.1877300210016983e-07,0.0
5,0,3.4421962225152716e-08,0.0,1.1877300210016983e-07,0.0
5,0,3.9531644365646917e-08,0.0,1.1877300210016983e-07,0.0
5,0,4.91641366887759e-08,0.0,1.1877300210016983e-07,0.0
5,0,6.467870350481466e-08,0.0,1.1877300210016983e-07,0.0
5,0,9.38821599275526e-08,0.0,1.1889199669212758e-07,0.0
5,0,1.4243284513826072e-07,0.0,1.1889199669212758e-07,0.0
5,0,2.0527872009609513e-07,0.0,1.4282599636317173e-07,0.0
5,0,2.740271290577924e-07,0.0,1.4642510848261736e-07,0.0
5,0,3.4377411101186703e-07,0.0,1.2466227872209856e-07,0.0
5,0,3.981383784731343e-07,0.0,1.3861915704183048e-07,0.0
5,0,4.2504568569335796e-07,0.0,1.3861915704183048e-07,0.0
5,0,4.179595250188807e-07,0.0,1.3861915704183048e-07,0.0
5,0,3.910474606666595e-07,0.0,1.3861915704183048e-07,0.0
5,0,4.979985756048218e-07,0.0,1.3861915704183048e-07,0.0
5,0,7.02958564893094e-07,0.0,1.3861915704183048e-07,0.0
5,0,1.1171833458774667e-06,0.0,1.3861915704183048e-07,0.0
5,0,1.2766024162623755e-06,0.0,1.3861915704183048e-07,0.0
5,0,1.410615795425546e-06,0.0,1.3861915704183048e-07,0.0
5,0,1.4493499903061254e-06,0.0,1.3861915704183048e-07,0.0
5,0,1.3673877254861938e-06,0.0,1.3861915704183048e-07,0.0
5,0,1.1919993868104145e-06,0.0,1.3861915704183048e-07,0.0
5,0,1.0039827038410587e-06,0.0,1.3861915704183048e-07,0.0
5,0,8.614966354534929e-07,0.0,1.3861915704183048e-07,0.0
5,0,7.734136044432532e-07,0.0,1.3861915704183048e-07,0.0
5,0,6.938710807379148e-07,0.0,1.2466227872209856e-07,0.0
5,0,6.183098057456396e-07,0.0,1.2466227872209856e-07,0.0
5,0,5.427807820782378e-07,0.0,1.2466227872209856e-07,0.0
5,0,4.714554374452624e-07,0.0,1.2466227872209856e-07,0.0
5,0,4.076349492518063e-07,0.0,1.2466227872209856e-07,0.0
5,0,3.5547983373777087e-07,0.0,1.2466227872209856e-07,0.0
5,0,3.131590012949632e-07,0.0,1.2466227872209856e-07,0.0
5,0,2.8079952967565734e-07,0.0,1.4642510848261736e-07,0.0
5,0,2.565820401439381e-07,0.0,1.4642510848261736e-07,0.0
5,0,2.3815867666565373e-07,0.0,1.4642510848261736e-07,0.0
5,0,2.2377758267816658e-07,0.0,1.4642510848261736e-07,0.0
5,0,2.1117275424715348e-07,0.0,1.4642510848261736e-07,0.0
5,0,2.0190045474963364e-07,0.0,1.4282599636317173e-07,0.0
5,0,2.029554601428309e-07,0.0,1.4282599636317173e-07,0.0
5,0,2.1844010690403962e-07,0.0,1.4282599636317173e-07,0.0
5,0,2.530079676699348e-07,0.0,1.4282599636317173e-07,0.0
5,0,3.001223595935509e-07,0.0,1.4642510848261736e-07,0.0
5,0,3.533462081153561e-07,0.0,1.4642510848261736e-07,0.0
5,0,4.001549307956186e-07,0.0,1.4642510848261736e-07,0.0
5,0,4.456170838677761e-07,0.0,1.189718474847723e-07,0.0
5,0,5.043087497928348e-07,0.0,1.189718474847723e-07,0.0
5,0,5.599355102036433e-07,0.0,1.012894230711936e-07,0.0
5,0,6.089247371837837e-07,0.0,1.012894230711936e-07,0.0
5,0,6.561769225962845e-07,0.0,1.012894230711936e-07,0.0
5,0,7.084505948214845e-07,0.0,1.012894230711936e-07,0.0
5,0,7.581917720572798e-07,0.0,1.012894230711936e-07,0.0
5,0,7.975532816323918e-07,0.0,1.012894230711936e-07,0.0
5,0,8.166120261577365e-07,0.0,1.012894230711936e-07,0.0
5,0,8.169104930561742e-07,0.0,1.2466227872209856e-07,0.0
5,0,7.853252868367561e-07,0.0,1.2466227872209856e-07,0.0
5,0,7.051640697975094e-07,0.0,1.2466227872209856e-07,0.0
5,0,6.146659564017209e-07,0.0,1.012894230711936e-07,0.0
5,0,5.33347086441381e-07,0.0,1.012894230711936e-07,0.0
5,0,4.626111872113387e-07,0.0,1.012894230711936e-07,0.0
5,0,4.1070520161300485e-07,0.0,1.012894230711936e-07,0.0
5,0,3.647880818466614e-07,0.0,1.012894230711936e-07,0.0
5,0,3.18295610342023e-07,0.0,1.012894230711936e-07,0.0
5,0,2.734610442715391e-07,0.0,1.012894230711936e-07,0.0
5,0,2.3196875694905652e-07,0.0,1.012894230711936e-07,0.0
5,0,2.0154718203891126e-07,0.0,1.4642510848261736e-07,0.0
5,0,1.7994881503722105e-07,0.0,1.4642510848261736e-07,0.0
5,0,1.6515189861998568e-07,0.0,1.4642510848261736e-07,0.0
5,0,1.5860716687022596e-07,0.0,1.4642510848261736e-07,0.0
5,0,1.599096079099479e-07,0.0,1.4642510848261736e-07,0.0
5,0,1.686465103510444e-07,0.0,1.4642510848261736e-07,0.0
5,0,1.8558149665594827e-07,0.0,1.4642510848261736e-07,0.0
5,0,2.0867596576064794e-07,0.0,1.4642510848261736e-07,0.0
5,0,2.4178515455537636e-07,0.0,1.4642510848261736e-07,0.0
5,0,2.852347370994646e-07,0.0,1.4642510848261736e-07,0.0
5,0,3.488363443821003e-07,0.0,1.4642510848261736e-07,0.0
5,0,4.367160905217619e-07,0.0,1.4642510848261736e-07,0.0
5,0,5.390443383976158e-07,0.0,1.4642510848261736e-07,0.0
5,0,6.337853984363449e-07,0.0,1.4642510848261736e-07,0.0
5,0,6.96929621724042e-07,0.0,1.4642510848261736e-07,0.0
5,0,7.270433153031738e-07,0.0,1.4642510848261736e-07,0.0
5,0,7.700246212882813e-07,0.0,1.4642510848261736e-07,0.0
5,0,8.740859969617665e-07,0.0,1.2466227872209856e-07,0.0
5,0,1.0450693110849025e-06,0.0,1.2466227872209856e-07,0.0
5,0,1.2212101966626286e-06,0.0,1.2466227872209856e-07,0.0
5,0,1.3356900562576226e-06,0.0,1.2466227872209856e-07,0.0
5,0,1.3876919431854828e-06,0.0,1.012894230711936e-07,0.0
5,0,1.389497454472881e-06,0.0,1.189718474847723e-07,0.0
5,0,1.3104799047064163e-06,0.0,1.189718474847723e-07,0.0
5,0,1.16619957883829e-06,0.0,1.1604753069605067e-07,0.0
5,0,9.65161602437348e-07,0.0,1.006899879030243e-07,0.0
5,0,7.437221604583272e-07,0.0,1.006899879030243e-07,0.0
5,0,5.437787589649991e-07,0.0,1.006899879030243e-07,0.0
5,0,3.7402559446435736e-07,0.0,1.3345909621875762e-07,0.0
5,0,2.4601065795968057e-07,0.0,1.3345909621875762e-07,0.0
5,0,1.580198221690864e-07,0.0,1.005894034733501e-07,0.0
5,0,1.0273784464346828e-07,0.0,1.005894034733501e-07,0.0
5,0,6.902765883131259e-08,0.0,1.005894034733501e-07,0.0
5,0,4.559650471732922e-08,0.0,1.3345909621875762e-07,0.0
5,0,2.6683243996331695e-08,0.0,1.3345909621875762e-07,0.0
5,0,1.4808171446417397e-08,0.0,1.3345909621875762e-07,0.0
5,0,8.799536022420802e-09,0.0,1.3345909621875762e-07,0.0
5,0,5.6256344706007275e-09,0.0,1.3345909621875762e-07,0.0
5,0,3.717730644455123e-09,0.0,1.3345909621875762e-07,0.0
5,0,2.4704861796767826e-09,0.0,1.5649489171210007e-07,0.0
5,0,1.664601661003205e-09,0.0,1.8557979331035312e-07,0.0
5,0,1.153944768719196e-09,0.0,1.9195158529328182e-07,0.0
5,0,8.58241491992387e-10,0.0,1.8953443259306368e-07,0.0
5,0,6.908121740967795e-10,0.0,1.8953443259306368e-07,0.0
5,0,6.000364846214341e-10,0.0,2.2529783905156364e-07,0.0
5,0,5.430483855407887e-10,0.0,2.2529783905156364e-07,0.0
5,0,5.067755867772724e-10,0.0,2.0983371484817326e-07,0.0
5,0,5.087178222885173e-10,0.0,2.0983371484817326e-07,0.0
5,0,5.708024355402034e-10,0.0,2.6035746714114794e-07,0.0
5,0,6.806037743254844e-10,0.0,2.649042869506957e-07,0.0
5,0,8.35391338028864e-10,0.0,2.649042869506957e-07,0.0
5,0,1.0542538466790648e-09,0.0,2.649042869506957e-07,0.0
5,0,1.3700926057352654e-09,0.0,2.649042869506957e-07,0.0
5,0,1.8604380038517947e-09,0.0,2.649042869506957e-07,0.0
5,0,2.51298994845481e-09,0.0,2.649042869506957e-07,0.0
5,0,3.342414528953761e-09,0.0,2.4206639182011713e-07,0.0
5,0,4.4334598966381255e-09,0.0,2.4206639182011713e-07,0.0
5,0,5.798191329679659e-09,0.0,2.4206639182011713e-07,0.0
5,0,7.500924990607928e-09,0.0,2.9792454370181076e-07,0.0
5,0,9.158358346503985e-09,0.0,2.9792454370181076e-07,0.0
5,0,1.0198309763278305e-08,0.0,2.9792454370181076e-07,0.0
5,0,1.1040393874553486e-08,0.0,2.9792454370181076e-07,0.0
5,0,1.2296436767450502e-08,0.0,2.9792454370181076e-07,0.0
5,0,1.4537207848309027e-08,0.0,2.9792454370181076e-07,0.0
5,0,1.6929170226894425e-08,0.0,2.9792454370181076e-07,0.0
5,0,1.8683610467867296e-08,0.0,2.9792454370181076e-07,0.0
5,0,2.0187993266063203e-08,0.0,2.9792454370181076e-07,0.0
5,0,2.2421585176078377e-08,0.0,2.9792454370181076e-07,0.0
5,0,2.442649261004445e-08,0.0,2.9792454370181076e-07,0.0
5,0,2.5506520800320236e-08,0.0,2.9792454370181076e-07,0.0
5,0,2.533006146243106e-08,0.0,2.9792454370181076e-07,0.0
5,0,2.391086771205832e-08,0.0,2.9822271585544513e-07,0.0
5,0,2.1946996498510455e-08,0.0,2.9822271585544513e-07,0.0
5,0,1.980121935434899e-08,0.0,2.9822271585544513e-07,0.0
5,0,1.7432197621105312e-08,0.0,2.9822271585544513e-07,0.0
5,0,1.4896422351291513e-08,0.0,2.9822271585544513e-07,0.0
5,0,1.2190078288584845e-08,0.0,2.9822271585544513e-07,0.0
5,0,9.935668450211434e-09,0.0,2.9822271585544513e-07,0.0
5,0,8.378006291177135e-09,0.0,2.9822271585544513e-07,0.0
5,0,7.231579221102809e-09,0.0,2.9822271585544513e-07,0.0
5,0,6.480947172146321e-09,0.0,2.9822271585544513e-07,0.0
5,0,5.910125791635809e-09,0.0,2.9822271585544513e-07,0.0
5,0,5.423920862664567e-09,0.0,3.108463602075062e-07,0.0
5,0,4.922470482219293e-09,0.0,3.108463602075062e-07,0.0
5,0,4.5787886193065e-09,0.0,3.108463602075062e-07,0.0
5,0,4.382685442616016e-09,0.0,3.108463602075062e-07,0.0
5,0,4.155326191455153e-09,0.0,2.9822271585544513e-07,0.0
5,0,3.994105442200132e-09,0.0,2.9822271585544513e-07,0.0
5,0,3.9157015073308916e-09,0.0,2.9822271585544513e-07,0.0
5,0,3.952430888500256e-09,0.0,2.9822271585544513e-07,0.0
5,0,4.1066470172454625e-09,0.0,2.9822271585544513e-07,0.0
5,0,4.350863048134729e-09,0.0,2.9822271585544513e-07,0.0
5,0,4.688453080827645e-09,0.0,2.9822271585544513e-07,0.0
5,0,5.204551349320859e-09,0.0,2.9822271585544513e-07,0.0
5,0,6.036116694763617e-09,0.0,2.9822271585544513e-07,0.0
5,0,7.114110020327886e-09,0.0,2.9822271585544513e-07,0.0
5,0,8.325431565850468e-09,0.0,2.9822271585544513e-07,0.0
5,0,9.552706178077904e-09,0.0,2.9822271585544513e-07,0.0
5,0,1.1009561707229087e-08,0.0,2.9822271585544513e-07,0.0
5,0,1.2724794622165589e-08,0.0,2.9822271585544513e-07,0.0
5,0,1.4357220122886393e-08,0.0,2.9822271585544513e-07,0.0
5,0,1.6157695526507332e-08,0.0,2.9822271585544513e-07,0.0
5,0,1.7791131441077332e-08,0.0,2.9822271585544513e-07,0.0
5,0,1.915311333126495e-08,0.0,2.9822271585544513e-07,0.0
5,0,2.071900781442076e-08,0.0,2.9822271585544513e-07,0.0
5,0,2.2488911913135145e-08,0.0,2.9822271585544513e-07,0.0
5,0,2.4448059817870014e-08,0.0,2.9822271585544513e-07,0.0
5,0,2.5782241822624908e-08,0.0,2.9822271585544513e-07,0.0
5,0,2.5322134602630613e-08,0.0,2.5088337451961706e-07,0.0
5,0,2.4010371937332864e-08,0.0,2.5088337451961706e-07,0.0
5,0,2.208332261738595e-08,0.0,2.5408289161532593e-07,0.0
5,0,1.9761445637211822e-08,0.0,2.4564866407672525e-07,0.0
5,0,1.7853475421350002e-08,0.0,2.0714949755529233e-07,0.0
5,0,1.66449621717776e-08,0.0,2.0714949755529233e-07,0.0
5,0,1.608178567560455e-08,0.0,2.0714949755529233e-07,0.0
5,0,1.566668818948073e-08,0.0,1.7665743712313997e-07,0.0
5,0,1.546288060418826e-08,0.0,1.7665743712313997e-07,0.0
5,0,1.5440955245145147e-08,0.0,1.7665743712313997e-07,0.0
5,0,1.543266575713797e-08,0.0,1.7665743712313997e-07,0.0
5,0,1.5189341942972856e-08,0.0,1.7665743712313997e-07,0.0
5,0,1.4595927049593568e-08,0.0,2.1222032842160843e-07,0.0
5,0,1.3971120709435999e-08,0.0,2.1222032842160843e-07,0.0
5,0,1.3705307693618268e-08,0.0,2.1222032842160843e-07,0.0
5,0,1.3744275533037718e-08,0.0,2.1222032842160843e-07,0.0
5,0,1.3809349150828542e-08,0.0,2.1222032842160843e-07,0.0
5,0,1.356386302685793e-08,0.0,2.1756812884632382e-07,0.0
5,0,1.3691480227502575e-08,0.0,2.1756812884632382e-07,0.0
5,0,1.4897150362294245e-08,0.0,2.1756812884632382e-07,0.0
5,0,1.686738638406485e-08,0.0,2.1756812884632382e-07,0.0
5,0,1.9314174888474983e-08,0.0,1.852314710504288e-07,0.0
5,0,2.2161288283595804e-08,0.0,1.852314710504288e-07,0.0
5,0,2.5412370567540922e-08,0.0,1.852314710504288e-07,0.0
5,0,2.8980009278981973e-08,0.0,1.852314710504288e-07,0.0
5,0,3.3377684838700394e-08,0.0,1.852314710504288e-07,0.0
5,0,4.38027205544506e-08,0.0,1.852314710504288e-07,0.0
5,0,6.143486948127995e-08,0.0,1.9307186960304534e-07,0.0
5,0,7.69017249729257e-08,0.0,2.702967947243451e-07,0.0
5,0,8.750040441119784e-08,0.0,2.702967947243451e-07,0.0
5,0,9.907023913886218e-08,0.0,2.702967947243451e-07,0.0
5,0,1.0825129994638365e-07,0.0,2.702967947243451e-07,0.0
5,0,1.1511045233395882e-07,0.0,2.702967947243451e-07,0.0
5,0,1.271260128325481e-07,0.0,2.3050955633152626e-07,0.0
5,0,1.418614720247737e-07,0.0,2.3050955633152626e-07,0.0
5,0,1.511872613661506e-07,0.0,2.3050955633152626e-07,0.0
5,0,1.6305042257340937e-07,0.0,2.302790704789004e-07,0.0
5,0,1.701267111433502e-07,0.0,2.9553416425187606e-07,0.0
5,0,1.688771013000757e-07,0.0,3.2712745223761885e-07,0.0
5,0,1.5823167652845321e-07,0.0,3.2712745223761885e-07,0.0
5,0,1.4150740145265488e-07,0.0,4.4633134166360833e-07,0.0
5,0,1.2589342860093302e-07,0.0,4.156958084422513e-07,0.0
5,0,1.1527967135383244e-07,0.0,4.156958084422513e-07,0.0
5,0,1.0945883875254679e-07,0.0,4.156958084422513e-07,0.0
5,0,1.0311572077992512e-07,0.0,4.156958084422513e-07,0.0
5,0,9.572974546545736e-08,0.0,4.156958084422513e-07,0.0
5,0,9.049026806257135e-08,0.0,4.156958084422513e-07,0.0
5,0,8.730762801894703e-08,0.0,4.839486678065441e-07,0.0
5,0,7.101516880812477e-08,0.0,4.839486678065441e-07,0.0
5,0,7.227553281368628e-08,0.0,5.166327241568069e-07,0.0
5,0,7.448035331045982e-08,0.0,6.713682978443103e-07,0.0
5,0,7.739838143315601e-08,0.0,6.713682978443103e-07,0.0
5,0,8.057906499712159e-08,0.0,6.713682978443103e-07,0.0
5,0,8.409205967915526e-08,0.0,8.155513455676555e-07,0.0
5,0,8.695234713888221e-08,0.0,9.263775382351014e-07,0.0
5,0,9.159115997898603e-08,0.0,1.0371087455496308e-06,0.0
5,0,9.727032428175612e-08,0.0,1.0371087455496308e-06,0.0
5,0,1.0299961849169373e-07,0.0,1.0371087455496308e-06,0.0
5,0,1.1051494140928495e-07,0.0,1.0371087455496308e-06,0.0
5,0,1.209161400199212e-07,0.0,9.949912964657415e-07,0.0
5,0,1.3089395696434358e-07,0.0,9.949912964657415e-07,0.0
5,0,1.398600355784089e-07,0.0,9.949912964657415e-07,0.0
5,0,1.467214159967939e-07,0.0,1.0371087455496308e-06,0.0
5,0,1.5708376121932818e-07,0.0,9.949912964657415e-07,0.0
5,0,1.6881445405948834e-07,0.0,9.779132597032003e-07,0.0
5,0,1.8839339368294486e-07,0.0,1.0374391195000499e-06,0.0
5,0,2.164199346238016e-07,0.0,1.0374391195000499e-06,3.3732014594273067e-38
5,0,2.4742207041144394e-07,0.0,8.021650614864484e-07,6.126233620614693e-38
5,0,2.7493578591109607e-07,0.0,8.021650614864484e-07,8.952737261585095e-38
5,0,2.88973612551609e-07,0.0,8.021650614864484e-07,1.0666411498019043e-37
5,0,2.759246387341686e-07,0.0,8.342278761119815e-07,1.2459553370364851e-37
5,0,2.479338090024772e-07,0.0,8.342278761119815e-07,1.1683610690156113e-37
5,0,2.3000303157921622e-07,0.0,8.342278761119815e-07,7.109049993111704e-38
5,0,2.3217476939999972e-07,0.0,8.021650614864484e-07,3.623558283842657e-38
5,0,2.4156206893664304e-07,0.0,8.021650614864484e-07,2.681503441595312e-38
5,0,2.4643484757881506e-07,0.0,1.0374391195000499e-06,0.0
5,0,2.469673693819125e-07,0.0,1.0374391195000499e-06,0.0
5,0,2.49265483778897e-07,0.0,9.949912964657415e-07,0.0
5,0,2.511057797382224e-07,0.0,9.949912964657415e-07,0.0
5,0,2.4989933397797794e-07,0.0,9.949912964657415e-07,0.0
5,0,2.4403696680762285e-07,0.0,9.949912964657415e-07,0.0
5,0,2.325434048260559e-07,0.0,9.949912964657415e-07,0.0
5,0,2.1688776146426936e-07,0.0,9.949912964657415e-07,0.0
5,0,1.948506442999181e-07,0.0,1.1799123740274808e-06,0.0
5,0,1.759970623813652e-07,0.0,1.2050556961185066e-06,0.0
5,0,1.6211723137058167e-07,0.0,1.4324383528219187e-06,0.0
5,0,1.4904781344070606e-07,0.0,1.4324383528219187e-06,0.0
5,0,1.3459618870951214e-07,0.0,1.4324383528219187e-06,0.0
5,0,1.2151197581274397e-07,0.0,1.4324383528219187e-06,0.0
5,0,1.1022851160914445e-07,0.0,1.4324383528219187e-06,0.0
5,0,1.003125516722491e-07,0.0,1.4324383528219187e-06,0.0
5,0,9.029339023093468e-08,0.0,1.4324383528219187e-06,0.0
5,0,8.074539336153114e-08,0.0,1.4324383528219187e-06,0.0
5,0,7.238163158940484e-08,0.0,1.4165441371005727e-06,0.0
5,0,6.602223443238403e-08,0.0,1.1206772114746855e-06,0.0
5,0,6.236569848905657e-08,0.0,1.1206772114746855e-06,0.0
5,0,6.09355887974961e-08,0.0,1.1206772114746855e-06,0.0
5,0,5.970629529644874e-08,0.0,1.1206772114746855e-06,0.0
5,0,5.673810997671961e-08,0.0,1.1206772114746855e-06,0.0
5,0,5.0824234604834266e-08,0.0,1.1206772114746855e-06,0.0
5,0,4.28116734381144e-08,0.0,1.1206772114746855e-06,0.0
5,0,3.482292883990014e-08,0.0,1.324785216638702e-06,0.0
5,0,2.853495137647861e-08,0.0,1.324785216638702e-06,0.0
5,0,2.434027987974921e-08,0.0,1.324785216638702e-06,0.0
5,0,2.1631299794833112e-08,0.0,1.324785216638702e-06,0.0
5,0,1.9374358950421296e-08,0.0,1.324785216638702e-06,0.0
5,0,1.7175836999842983e-08,0.0,1.324785216638702e-06,0.0
5,0,1.5196532089019778e-08,0.0,1.324785216638702e-06,0.0
5,0,1.375452008335052e-08,0.0,1.324785216638702e-06,0.0
5,0,1.2455681628871376e-08,0.0,1.324785216638702e-06,0.0
5,0,1.1151838543404059e-08,0.0,1.324785216638702e-06,0.0
5,0,9.88450321663316e-09,0.0,1.324785216638702e-06,0.0
5,0,8.695607707870153e-09,0.0,1.324785216638702e-06,0.0
5,0,7.830925309173163e-09,0.0,1.324785216638702e-06,0.0
5,0,7.47281995190267e-09,0.0,1.324785216638702e-06,0.0
5,0,8.643278459869206e-09,0.0,1.3808627272737795e-06,0.0
5,0,7.659411524831596e-09,0.0,1.4759650639462052e-06,0.0
5,0,7.683464392923826e-09,0.0,1.3566608458859264e-06,0.0
5,0,8.145715935441817e-09,0.0,1.2635416624107165e-06,0.0
5,0,8.953852021715242e-09,0.0,1.1341199979142402e-06,0.0
5,0,1.0877636948982193e-08,0.0,9.31456327180058e-07,0.0
5,0,1.0523791290899215e-08,0.0,9.31456327180058e-07,0.0
5,0,1.1232888499098269e-08,0.0,9.31456327180058e-07,0.0
5,0,1.1539473624853735e-08,0.0,9.31456327180058e-07,0.0
5,0,1.1951542052547371e-08,0.0,9.31456327180058e-07,0.0
5,0,1.24770723886609e-08,0.0,9.31456327180058e-07,0.0
5,0,1.3059338939512985e-08,0.0,8.825498412079469e-07,0.0
5,0,1.3712704090762212e-08,0.0,8.825498412079469e-07,0.0
5,0,1.4437106507817321e-08,0.0,8.825498412079469e-07,2.95459801515249e-38
5,0,1.5265817180408883e-08,0.0,8.825498412079469e-07,5.068915813963389e-38
5,0,1.609685703379838e-08,0.0,8.825498412079469e-07,8.841484252866647e-38
5,0,1.67275982416147e-08,0.0,8.825498412079469e-07,1.6048013051311872e-37
5,0,1.713078537185554e-08,0.0,8.825498412079469e-07,2.9493404554182204e-37
5,0,1.7314129723549414e-08,0.0,8.825498412079469e-07,5.443780865582867e-37
5,0,1.7279887585108076e-08,0.0,8.825498412079469e-07,9.890710737977186e-37
5,0,1.6867438295896877e-08,0.0,8.825498412079469e-07,1.7223910527676376e-36
5,0,1.5519092334994775e-08,0.0,8.825498412079469e-07,2.6676916609907657e-36
5,0,1.2603986185280467e-08,0.0,7.122163196982001e-07,3.7026213817034485e-36
5,0,9.300196784660778e-09,0.0,6.361736382132221e-07,4.0983972143685176e-36
5,0,9.541903049878586e-09,0.0,6.361736382132221e-07,3.302211802538876e-36
5,0,8.717011587863624e-09,0.0,6.361736382132221e-07,3.426716700257852e-36
5,0,8.339491007581179e-09,0.0,6.361736382132221e-07,4.7205382180204565e-36
5,0,7.90172058679055e-09,0.0,6.542225605699059e-07,6.543625636761907e-36
5,0,7.861142118168015e-09,0.0,6.542225605699059e-07,9.120483023742248e-36
5,0,8.26035667402878e-09,0.0,6.542225605699059e-07,1.4691262963785937e-35
5,0,8.94583840266645e-09,0.0,6.542225605699059e-07,2.5102277211655004e-35
5,0,9.986665456688264e-09,0.0,6.542225605699059e-07,4.3129978278186605e-35
5,0,1.1356413233644217e-08,0.0,6.361736382132221e-07,8.372206540089159e-35
5,0,1.3201247618200872e-08,0.0,7.883207899794797e-07,1.5717902306829438e-34
5,0,1.5393955562707963e-08,0.0,8.825498412079469e-07,2.8407430404690746e-34
5,0,1.7824733207150034e-08,0.0,1.2364772601358709e-06,5.2672717182446265e-34
5,0,2.1012712830221195e-08,0.0,1.0448053444633842e-06,9.130864510008243e-34
5,0,2.525745227069607e-08,0.0,1.2880462918474223e-06,1.496104924879297e-33
5,0,3.044029667004625e-08,0.0,1.3594234360425617e-06,2.3641599321745464e-33
5,0,3.524477084952619e-08,0.0,1.3594234360425617e-06,4.25898354097414e-33
5,0,4.1307338578640614e-08,0.0,1.3594234360425617e-06,6.389736763836436e-33
5,0,4.89947060470927e-08,0.0,1.3594234360425617e-06,9.40114978318365e-33
5,0,5.974125245413507e-08,0.0,1.3594234360425617e-06,1.3122695837593902e-32
5,0,7.021857857004403e-08,0.0,1.6556132322875783e-06,2.144536187999275e-32
5,0,8.017227370064304e-08,0.0,1.7696396525934688e-06,2.85521641568262e-32
5,0,8.580700949557799e-08,0.0,1.3399848057815689e-06,3.935388166355202e-32
5,0,8.95270567855711e-08,0.0,9.988169722419116e-07,4.706343189308104e-32
5,0,9.568390087794984e-08,0.0,9.604283377484535e-07,3.7554032304498104e-32
5,0,9.745349547877819e-08,0.0,8.945060017140349e-07,2.7718080385256736e-32
5,0,9.117820950832325e-08,0.0,8.431820788246114e-07,2.3318182989609836e-32
5,0,8.391549294440652e-08,0.0,8.431820788246114e-07,1.8585772037577897e-32
5,0,7.704856894138073e-08,0.0,7.888525033195037e-07,1.366044336079282e-32
5,0,7.122078351428723e-08,0.0,7.888525033195037e-07,9.375364579914394e-33
5,0,6.618958944321144e-08,0.0,7.170798426159308e-07,7.138279076812591e-33
5,0,6.025523474345904e-08,0.0,7.170798426159308e-07,7.006944766415063e-33
5,0,4.414771006801917e-08,0.0,7.170798426159308e-07,8.978171650927267e-33
5,0,3.588834678641518e-08,0.0,8.825498412079469e-07,7.326651311847893e-33
5,0,3.184662922069375e-08,0.0,8.825498412079469e-07,1.4154634410189956e-32
5,0,2.648349248335847e-08,0.0,8.825498412079469e-07,1.957828599901531e-32
5,0,2.0840762370900774e-08,0.0,7.122163196982001e-07,2.2916594446434602e-32
5,0,1.9722643635153928e-08,0.0,7.122163196982001e-07,2.229250392443191e-32
5,0,1.8361342193041325e-08,0.0,7.122163196982001e-07,2.0751964211065577e-32
5,0,1.6887824002368412e-08,0.0,7.122163196982001e-07,1.7025360592210913e-32
5,0,1.5589071674362648e-08,0.0,7.122163196982001e-07,1.3790081285905317e-32
5,0,1.4448241406339005e-08,0.0,7.122163196982001e-07,1.4646127700051955e-32
5,0,1.4024261989303466e-08,0.0,7.122163196982001e-07,1.7586050826402005e-32
5,0,1.4364159791878875e-08,0.0,7.122163196982001e-07,2.636315563798906e-32
5,0,1.5970704670834996e-08,0.0,5.786823180642386e-07,4.48168505996765e-32
5,0,1.9065380227985265e-08,0.0,5.786823180642386e-07,8.359868381487261e-32
5,0,2.4074864602834905e-08,0.0,5.129227815814374e-07,1.7207602183396295e-31
5,0,3.2017884519407676e-08,0.0,5.129227815814374e-07,3.605851960836643e-31
5,0,4.3727373536152885e-08,0.0,5.129227815814374e-07,7.731471318380896e-31
5,0,5.848155407445591e-08,0.0,6.773873906240624e-07,1.964773732032192e-30
5,0,8.040755256863933e-08,0.0,6.773873906240624e-07,4.128821027997701e-30
5,0,1.1072604701620376e-07,0.0,6.773873906240624e-07,7.555401354655975e-30
5,0,1.473294484053216e-07,0.0,6.773873906240624e-07,1.0915320054955954e-29
5,0,1.8353662328047155e-07,0.0,6.047956162547052e-07,1.1964469639844516e-29
5,0,2.1417014377710062e-07,0.0,6.047956162547052e-07,1.043973572931383e-29
5,0,2.471308217864017e-07,0.0,6.047956162547052e-07,8.799326403814771e-30
5,0,2.94566436311502e-07,0.0,6.047956162547052e-07,8.059759525057074e-30
5,0,3.4960035815596686e-07,0.0,5.291144020702632e-07,8.902505843636164e-30
5,0,4.139516849779516e-07,0.0,4.00649327048086e-07,8.876056656505374e-30
5,0,4.6463270751013377e-07,0.0,4.00649327048086e-07,8.390933711423843e-30
5,0,4.941222556700633e-07,0.0,4.00649327048086e-07,7.271392891700696e-30
5,0,4.929081647948144e-07,0.0,4.00649327048086e-07,6.269193867737649e-30
5,0,5.073970840847925e-07,0.0,4.00649327048086e-07,4.018451023404645e-29
5,0,4.497847818444844e-07,0.0,4.00649327048086e-07,4.596484214427147e-30
5,0,4.1161843570126733e-07,0.0,4.00649327048086e-07,3.210650477971546e-30
5,0,3.6648788549076454e-07,0.0,4.00649327048086e-07,2.174474589134139e-30
5,0,3.2097173434044317e-07,0.0,4.00649327048086e-07,1.447429546399141e-30
5,0,2.7828138127865855e-07,0.0,4.00649327048086e-07,1.039272611155213e-30
5,0,2.3681647739989387e-07,0.0,4.00649327048086e-07,8.552279997147652e-31
5,0,2.0149481779850422e-07,0.0,4.3342259914425085e-07,7.39590623743584e-31
5,0,1.727331741173266e-07,0.0,4.3342259914425085e-07,6.3218561086940354e-31
5,0,1.4556452521179886e-07,0.0,4.3342259914425085e-07,5.780761482880586e-31
5,0,1.231846205354091e-07,0.0,4.3342259914425085e-07,4.5118261457159545e-31
5,0,1.0269776556820522e-07,0.0,4.3342259914425085e-07,3.5507880438622045e-31
5,0,8.487645823609331e-08,0.0,4.3342259914425085e-07,2.906328203100159e-31
5,0,7.077455121584527e-08,0.0,4.3342259914425085e-07,2.5955738112201684e-31
5,0,5.98002432535335e-08,0.0,4.3342259914425085e-07,2.471937666389382e-31
5,0,5.116132550541868e-08,0.0,4.3342259914425085e-07,2.413735649695988e-31
5,0,4.488392467940544e-08,0.0,4.3342259914425085e-07,2.4865210844045533e-31
5,0,4.057064576841311e-08,0.0,4.3342259914425085e-07,2.6973845524392375e-31
5,0,3.726603001024691e-08,0.0,4.3342259914425085e-07,3.3941621202733307e-31
5,0,3.5613935171454285e-08,0.0,4.3342259914425085e-07,4.524753292190817e-31
5,0,3.530493263620173e-08,0.0,4.3342259914425085e-07,5.880178682502511e-31
5,0,3.6083160569342696e-08,0.0,4.3342259914425085e-07,7.032176782042822e-31
5,0,3.772215728472955e-08,0.0,4.3342259914425085e-07,8.530254054199685e-31
5,0,4.068935943885236e-08,0.0,4.3342259914425085e-07,9.995196491595568e-31
5,0,4.514077958117026e-08,0.0,5.723960612158407e-07,1.132846099220782e-30
5,0,5.076814660529643e-08,0.0,5.723960612158407e-07,1.2490671316470335e-30
5,0,5.6535008477977005e-08,0.0,5.723960612158407e-07,1.2512704782582148e-30
5,0,6.102570753685606e-08,0.0,5.723960612158407e-07,1.1646940968060285e-30
5,0,6.597034535233723e-08,0.0,5.291144020702632e-07,1.0065369742757736e-30
5,0,7.331499917607238e-08,0.0,5.291144020702632e-07,9.291276620085879e-31
5,0,8.319293931124932e-08,0.0,4.00649327048086e-07,1.1988815162285074e-30
5,0,9.753697793806178e-08,0.0,4.00649327048086e-07,1.1005668362681058e-30
5,0,1.1562513050324639e-07,0.0,4.00649327048086e-07,1.1056079202817202e-30
5,0,1.3563323749598104e-07,0.0,4.00649327048086e-07,1.023160157108266e-30
5,0,1.584922113579008e-07,0.0,4.00649327048086e-07,9.301490255401304e-31
5,0,1.744895187394051e-07,0.0,4.00649327048086e-07,8.482036216324435e-31
5,0,1.8201568889507341e-07,0.0,4.00649327048086e-07,6.8717923328166295e-31
5,0,1.8244182875344015e-07,0.0,4.00649327048086e-07,5.182592374555052e-31
5,0,1.7656239616611758e-07,0.0,4.00649327048086e-07,3.805576209304065e-31
5,0,1.6746353350360206e-07,0.0,4.00649327048086e-07,2.464536989055475e-31
5,0,1.5023376476195792e-07,0.0,4.00649327048086e-07,1.7065747051622114e-31
5,0,1.2997675655644854e-07,0.0,4.00649327048086e-07,1.175131828364494e-31
5,0,1.0796029247196812e-07,0.0,4.00649327048086e-07,7.751105130324941e-32
5,0,8.746642090418952e-08,0.0,4.00649327048086e-07,4.834557296888168e-32
5,0,7.041119411199992e-08,0.0,4.00649327048086e-07,2.912285784794279e-32
5,0,5.572708023275431e-08,0.0,4.00649327048086e-07,1.6435582750308724e-32
5,0,4.291481141617631e-08,0.0,4.00649327048086e-07,8.591314256019744e-33
5,0,3.207983053661682e-08,0.0,4.00649327048086e-07,4.192090565572659e-33
5,0,2.3463239275736038e-08,0.0,4.00649327048086e-07,1.9276729821043145e-33
5,0,1.6981557846476166e-08,0.0,4.00649327048086e-07,9.301227620575971e-34
5,0,1.2357490952013615e-08,0.0,4.00649327048086e-07,4.867900267617639e-34
5,0,9.578672700595804e-09,0.0,4.00649327048086e-07,2.22064176058399e-34
5,0,7.500386570614846e-09,0.0,4.00649327048086e-07,1.3693612643048407e-34
5,0,6.289031379283914e-09,0.0,3.3520490205773967e-07,9.70422703247868e-35
5,0,5.680340800554062e-09,0.0,3.869858460348041e-07,7.994912457532923e-35
5,0,5.2889182459523545e-09,0.0,3.4322275155318493e-07,9.333532478265097e-35
5,0,5.366761241277398e-09,0.0,2.7895458742932533e-07,1.1206969138254055e-34
5,0,5.908165339783248e-09,0.0,2.7895458742932533e-07,1.385069725922665e-34
5,0,6.959006475659845e-09,0.0,2.396126888015715e-07,1.737505087612635e-34
5,0,8.416241246564402e-09,0.0,2.396126888015715e-07,2.2113936965321397e-34
5,0,1.0246758650638068e-08,0.0,2.0614442064470495e-07,2.743696109492858e-34
5,0,1.3010305490202425e-08,0.0,2.0614442064470495e-07,3.706864726899206e-34
5,0,1.809928691768818e-08,0.0,1.8265109247295186e-07,6.272529691483884e-34
5,0,2.7231284210707547e-08,0.0,1.8265109247295186e-07,1.304627180705916e-33
5,0,4.166221921557171e-08,0.0,2.126405007629728e-07,2.8702745350508518e-33
5,0,6.122087185917721e-08,0.0,2.2701983937167824e-07,5.803911889030871e-33
5,0,8.372399509490369e-08,0.0,2.4235188789134554e-07,9.79334024902406e-33
5,0,1.0580408312922333e-07,0.0,2.793227622532868e-07,1.403666179714143e-32
5,0,1.2601580887655048e-07,0.0,3.554468435140734e-07,1.7028998747226708e-32
5,0,1.4337672270534972e-07,0.0,3.554468435140734e-07,1.781087146783646e-32
5,0,1.5369230644196315e-07,0.0,4.1219857394025894e-07,1.8306143972036353e-32
5,0,1.5242600357361188e-07,0.0,3.578723521968641e-07,1.6313529702494907e-32
5,0,1.3969070513122993e-07,0.0,4.00649327048086e-07,1.357400632244098e-32
5,0,1.2300558213713464e-07,0.0,4.00649327048086e-07,9.739988968544052e-33
5,0,1.0655347440523998e-07,0.0,4.00649327048086e-07,6.197730047205185e-33
5,0,8.921952090611382e-08,0.0,4.00649327048086e-07,3.941290764301062e-33
5,0,7.354260361611229e-08,0.0,4.00649327048086e-07,2.4423905505897082e-33
5,0,5.89542383008487e-08,0.0,4.00649327048086e-07,1.705128391606639e-33
5,0,4.6495137524070866e-08,0.0,4.3342259914425085e-07,1.1603242288829413e-33
5,0,3.6233556456023e-08,0.0,4.3342259914425085e-07,7.846354996761689e-34
5,0,2.777966126089985e-08,0.0,4.3342259914425085e-07,5.377432528483464e-34
5,0,2.1325877730907906e-08,0.0,4.3342259914425085e-07,3.8997273044369015e-34
5,0,1.663474596892427e-08,0.0,4.3342259914425085e-07,2.752565122534316e-34
5,0,1.3179874498673197e-08,0.0,4.3342259914425085e-07,2.067939993459886e-34
5,0,1.0766742737660735e-08,0.0,4.3342259914425085e-07,1.6311393792525264e-34
5,0,8.717341844533374e-09,0.0,4.28716361966508e-07,1.8115918818112819e-34
5,0,7.426065102196765e-09,0.0,4.825154746868066e-07,1.8621661487229684e-34
5,0,6.518683442967131e-09,0.0,5.455573841572914e-07,2.053601258267258e-34
5,0,5.9538662335515055e-09,0.0,5.611841515928973e-07,2.283715527289e-34
5,0,5.719790372376744e-09,0.0,5.727094958274392e-07,2.6360116434079205e-34
5,0,5.797841582802235e-09,0.0,5.727094958274392e-07,3.281344955451154e-34
5,0,6.157245110936334e-09,0.0,4.738208190246951e-07,4.251206084640016e-34
5,0,6.705629723268714e-09,0.0,4.738208190246951e-07,5.5509249335827755e-34
5,0,7.287539472100038e-09,0.0,3.6461560171119345e-07,7.477340228567206e-34
5,0,8.003927933142373e-09,0.0,3.415486844460247e-07,8.714127885412741e-34
5,0,8.616703823130172e-09,0.0,2.9337894602576853e-07,9.320194405597481e-34
5,0,9.337453744808326e-09,0.0,2.9337894602576853e-07,9.810199225737752e-34
5,0,1.0489879014395475e-08,0.0,2.9337894602576853e-07,1.0798178350374883e-33
5,0,1.2466639319787486e-08,0.0,2.9337894602576853e-07,1.1694782993044737e-33
5,0,1.4849301001143195e-08,0.0,2.9337894602576853e-07,1.3701719191883013e-33
5,0,1.735868064749358e-08,0.0,2.9337894602576853e-07,1.6349590930442258e-33
5,0,1.981266742349739e-08,0.0,2.9337894602576853e-07,1.8173723064048283e-33
5,0,2.2437407713548375e-08,0.0,3.1389112109536654e-07,1.8508006106773295e-33
5,0,2.5833089490391114e-08,0.0,2.344982021895703e-07,1.653310396570485e-33
5,0,2.9519279808692045e-08,0.0,1.5622619287114503e-07,1.3649237960893606e-33
5,0,3.276550570193502e-08,0.0,1.4793722868944315e-07,1.0510684574587407e-33
5,0,3.4495209993790097e-08,0.0,1.4793722868944315e-07,7.857497397510538e-34
5,0,3.303831518569514e-08,0.0,1.4793722868944315e-07,5.960637061077153e-34
5,0,2.9552238623370713e-08,0.0,1.4793722868944315e-07,4.67705830058416e-34
5,0,2.552252258966349e-08,0.0,1.3675095544840588e-07,3.3089231549473986e-34
5,0,2.1530104505687565e-08,0.0,2.0594045224697766e-07,2.2825310789773024e-34
5,0,1.7725841753171494e-08,0.0,2.0594045224697766e-07,1.5436486204177698e-34
5,0,1.465823150525876e-08,0.0,2.0594045224697766e-07,9.321221356033268e-35
5,0,1.2103298495319552e-08,0.0,2.0594045224697766e-07,5.068865376186984e-35
5,0,9.676926868369614e-09,0.0,2.0594045224697766e-07,2.729736941885288e-35
5,0,7.494451796964693e-09,0.0,2.0594045224697766e-07,1.4731220014192428e-35
5,0,5.6149895620441345e-09,0.0,2.0594045224697766e-07,7.829425180442148e-36
5,0,4.072584071888473e-09,0.0,2.0594045224697766e-07,4.407215594144175e-36
5,0,2.9873739907545918e-09,0.0,2.397537457454746e-07,2.3591202684772362e-36
5,0,2.2578485194606795e-09,0.0,2.397537457454746e-07,1.3472971298725788e-36
5,0,1.7726447224328175e-09,0.0,2.5594579255994176e-07,8.508389217975641e-37
5,0,1.4460646233791626e-09,0.0,3.3260360510212195e-07,5.773030849591643e-37
5,0,1.221396615357289e-09,0.0,3.3260360510212195e-07,4.196945849422417e-37
5,0,1.0670949646360097e-09,0.0,3.3260360510212195e-07,3.3830093715868704e-37
5,0,9.857347316424941e-10,0.0,3.7538441688411694e-07,2.868670953839478e-37
5,0,1.0029261723776211e-09,0.0,3.7538441688411694e-07,2.719486477249915e-37
5,0,1.1031844886947043e-09,0.0,3.7538441688411694e-07,3.2913063822116657e-37
5,0,1.2712154712456781e-09,0.0,3.7538441688411694e-07,4.384490703317056e-37
5,0,1.519002881313297e-09,0.0,3.744351886325603e-07,6.159675328206112e-37
5,0,1.8751402547624294e-09,0.0,3.744351886325603e-07,7.802258554636302e-37
5,0,2.2956599193030246e-09,0.0,3.744351886325603e-07,9.30508277425961e-37
5,0,2.830658835783125e-09,0.0,3.744351886325603e-07,1.0794908325120086e-36
5,0,3.6427926388855852e-09,0.0,3.744351886325603e-07,1.377112904820037e-36
5,0,4.9344585237516015e-09,0.0,2.880374836422561e-07,2.0065331271059208e-36
5,0,6.799444736299657e-09,0.0,3.2246700243376836e-07,3.0062622303947642e-36
5,0,9.25199597216623e-09,0.0,3.2246700243376836e-07,4.18625113954269e-36
5,0,1.2152594639763928e-08,0.0,3.2246700243376836e-07,5.2835256827096294e-36
5,0,1.531617420237008e-08,0.0,3.6394405356077186e-07,6.017609851389277e-36
5,0,1.8545024628918343e-08,0.0,3.6394405356077186e-07,6.458317635479271e-36
5,0,2.131427060511145e-08,0.0,3.752724069272517e-07,6.365762522113104e-36
5,0,2.3144411430662537e-08,0.0,3.752724069272517e-07,5.6887584190845304e-36
5,0,2.365743459141414e-08,0.0,3.752724069272517e-07,4.58026236749838e-36
5,0,2.2804690906617287e-08,0.0,3.752724069272517e-07,3.332786565576164e-36
5,0,2.0810987807931527e-08,0.0,3.752724069272517e-07,2.2124213142102032e-36
5,0,1.7710841321666444e-08,0.0,3.752724069272517e-07,1.5900372693526118e-36
5,0,1.4772879187337746e-08,0.0,3.752724069272517e-07,1.0662958474395192e-36
5,0,1.223935949601431e-08,0.0,3.752724069272517e-07,6.412285272396281e-37
5,0,9.885807189216536e-09,0.0,3.752724069272517e-07,4.009584397470789e-37
5,0,1.4385298456999504e-08,0.0,4.059697857883293e-07,9.65171962119822e-37
5,0,1.1525069764630321e-08,0.0,4.059697857883293e-07,5.70860340614932e-37
5,0,9.091509957582404e-09,0.0,4.059697857883293e-07,3.6997252452997082e-37
5,0,7.120532787382897e-09,0.0,4.059697857883293e-07,2.5507091576360396e-37
5,0,5.486435294724759e-09,0.0,4.059697857883293e-07,2.1854018583742744e-37
5,0,4.440800868621827e-09,0.0,4.059697857883293e-07,1.5959127008161591e-37
5,0,3.5811452977576725e-09,0.0,4.059697857883293e-07,1.1949826009292227e-37
5,0,2.9500252537263905e-09,0.0,4.059697857883293e-07,9.351515975965722e-38
5,0,2.5505965235203935e-09,0.0,4.059697857883293e-07,7.850770162224702e-38
5,0,2.3177366103768733e-09,0.0,4.059697857883293e-07,7.077121687861756e-38
5,0,2.184082646642994e-09,0.0,4.059697857883293e-07,6.625856498720764e-38
5,0,2.147818073454567e-09,0.0,4.059697857883293e-07,6.538080283954229e-38
5,0,2.246431094422089e-09,0.0,4.059697857883293e-07,7.272973326949036e-38
5,0,2.4840014828821227e-09,0.0,4.059697857883293e-07,8.886591489913877e-38
5,0,2.8864021997210298e-09,0.0,4.059697857883293e-07,1.1661436543256637e-37
5,0,3.470261820384944e-09,0.0,4.059697857883293e-07,1.5845324757276844e-37
5,0,4.209481046057817e-09,0.0,4.059697857883293e-07,2.097483495891518e-37
5,0,5.127280340267887e-09,0.0,4.059697857883293e-07,2.7095868080669073e-37
5,0,6.460691935712263e-09,0.0,4.059697857883293e-07,3.698455108371644e-37
5,0,8.655725052839808e-09,0.0,4.059697857883293e-07,5.674126979771843e-37
5,0,1.2202777611479845e-08,0.0,4.059697857883293e-07,9.62084172927713e-37
5,0,1.7977797261609493e-08,0.0,4.059697857883293e-07,1.3012504174933144e-36
5,0,2.4513950962336522e-08,0.0,4.059697857883293e-07,1.8710650083006778e-36
5,0,3.1035270589597684e-08,0.0,4.3342259914425085e-07,2.291217963575794e-36
5,0,3.68185938801471e-08,0.0,4.3342259914425085e-07,2.309100056593308e-36
5,0,4.238802127271038e-08,0.0,4.00649327048086e-07,1.8919077198720662e-36
5,0,4.4815270961269026e-08,0.0,4.3342259914425085e-07,1.6220661542011352e-36
5,0,4.4472554847204366e-08,0.0,4.3342259914425085e-07,1.1403348979421361e-36
5,0,4.130465519830961e-08,0.0,4.3342259914425085e-07,7.500497338134739e-37
5,0,3.6408669941853934e-08,0.0,4.3342259914425085e-07,4.832019694440527e-37
5,0,3.005770798676267e-08,0.0,4.3342259914425085e-07,3.6027614451777968e-37
5,0,2.4117818217011783e-08,0.0,5.151444497641933e-07,2.830322235337625e-37
5,0,1.9272869012717403e-08,0.0,4.990594675291504e-07,1.962571860732428e-37
5,0,1.5091449436838184e-08,0.0,6.680235742351215e-07,1.3180910430713666e-37
5,0,1.1778630832656734e-08,0.0,6.680235742351215e-07,9.261343540825192e-38
5,0,9.303121999339294e-09,0.0,6.680235742351215e-07,6.795831199846435e-38
5,0,7.53456137808931e-09,0.0,6.680235742351215e-07,4.87584435102933e-38
5,0,6.119550705175813e-09,0.0,6.680235742351215e-07,3.821783722528503e-38
5,0,4.896689249766429e-09,0.0,6.680235742351215e-07,2.793752213002509e-38
5,0,3.952053661149035e-09,0.0,6.680235742351215e-07,0.0
5,0,3.3041710107666243e-09,0.0,6.680235742351215e-07,0.0
5,0,2.7915643575325176e-09,0.0,6.680235742351215e-07,0.0
5,0,2.422465845810896e-09,0.0,6.680235742351215e-07,0.0
5,0,2.2114223227544e-09,0.0,6.680235742351215e-07,0.0
5,0,2.097652599702915e-09,0.0,6.680235742351215e-07,0.0
5,0,2.0823914185378483e-09,0.0,6.680235742351215e-07,2.6462221093799277e-38
5,0,2.126407655470658e-09,0.0,6.680235742351215e-07,3.5914940526416695e-38
5,0,2.3126032550968564e-09,0.0,6.680235742351215e-07,4.185256722100467e-38
5,0,2.6078421901734006e-09,0.0,6.680235742351215e-07,5.688709003695484e-38
5,0,2.9774468282779076e-09,0.0,6.680235742351215e-07,6.644080104989615e-38
5,0,3.3977467892884615e-09,0.0,6.680235742351215e-07,7.345523032602217e-38
5,0,3.8945301875020275e-09,0.0,6.680235742351215e-07,7.875966629652033e-38
5,0,4.606556996945791e-09,0.0,6.680235742351215e-07,8.837640210919312e-38
5,0,6.020818992028513e-09,0.0,6.680235742351215e-07,1.1245022207442789e-37
5,0,7.812385774698364e-09,0.0,6.680235742351215e-07,1.3699916629697663e-37
5,0,1.0116992007903962e-08,0.0,6.215249754859542e-07,1.7021745086124358e-37
5,0,1.2251224057942766e-08,0.0,6.215249754859542e-07,1.778129593741681e-37
5,0,1.4566748866697442e-08,0.0,6.215249754859542e-07,1.7005649211443737e-37
5,0,1.673297652115092e-08,0.0,6.215249754859542e-07,1.308612211843165e-37
5,0,1.788210597982547e-08,0.0,6.215249754859542e-07,8.055484733839143e-38
5,0,1.7780085335801502e-08,0.0,6.215249754859542e-07,4.243970847495984e-38
5,0,1.6788808766948693e-08,0.0,4.990594675291504e-07,0.0
5,0,1.45897727827686e-08,0.0,4.990594675291504e-07,0.0
5,0,1.1831536229159318e-08,0.0,4.825154746868066e-07,0.0
5,0,9.475199732282498e-09,0.0,4.059697857883293e-07,0.0
5,0,7.35755375338552e-09,0.0,4.059697857883293e-07,0.0
5,0,5.447352926242399e-09,0.0,4.059697857883293e-07,0.0
5,0,4.055644254148667e-09,0.0,4.059697857883293e-07,0.0
5,0,2.9740441090195235e-09,0.0,4.059697857883293e-07,0.0
5,0,2.247837177064551e-09,0.0,4.28716361966508e-07,0.0
5,0,1.8242206494563617e-09,0.0,4.825154746868066e-07,0.0
5,0,1.5786522660165706e-09,0.0,4.990594675291504e-07,0.0
5,0,1.4536994981913585e-09,0.0,4.990594675291504e-07,0.0
5,0,1.401331908029729e-09,0.0,6.215249754859542e-07,0.0
5,0,1.3641241021175504e-09,0.0,6.215249754859542e-07,0.0
5,0,1.3086164545813043e-09,0.0,6.215249754859542e-07,0.0
5,0,1.2056565864258558e-09,0.0,6.215249754859542e-07,0.0
5,0,1.0604506532899134e-09,0.0,6.215249754859542e-07,0.0
5,0,9.466575034171325e-10,0.0,6.215249754859542e-07,0.0
5,0,9.669767584528242e-10,0.0,6.215249754859542e-07,0.0
5,0,1.027515819937935e-09,0.0,6.215249754859542e-07,0.0
5,0,1.072575747449478e-09,0.0,6.215249754859542e-07,0.0
5,0,1.1767902818495124e-09,0.0,6.215249754859542e-07,0.0
5,0,1.3365111727978807e-09,0.0,6.215249754859542e-07,0.0
5,0,1.4593008105714979e-09,0.0,6.215249754859542e-07,0.0
5,0,1.5767065243619095e-09,0.0,6.215249754859542e-07,0.0
5,0,1.7732737500094871e-09,0.0,6.215249754859542e-07,0.0
5,0,2.055556256160785e-09,0.0,6.215249754859542e-07,0.0
5,0,2.4684839385495937e-09,0.0,6.215249754859542e-07,0.0
5,0,3.03834624719042e-09,0.0,6.215249754859542e-07,0.0
5,0,3.7174088330455163e-09,0.0,6.215249754859542e-07,0.0
5,0,4.409155366807993e-09,0.0,6.215249754859542e-07,0.0
5,0,4.9913916735556295e-09,0.0,6.215249754859542e-07,0.0
5,0,5.355736377879163e-09,0.0,6.394412253030168e-07,0.0
5,0,5.425773209848775e-09,0.0,5.64804565783561e-07,0.0
5,0,5.1681437868275035e-09,0.0,5.64804565783561e-07,0.0
5,0,4.6115721706503236e-09,0.0,4.346295838786318e-07,0.0
5,0,3.919085248288822e-09,0.0,4.0713334215070063e-07,0.0
5,0,3.099500643076931e-09,0.0,3.497139573482855e-07,0.0
5,0,2.332532555635622e-09,0.0,3.497139573482855e-07,0.0
5,0,1.712330922193527e-09,0.0,3.497139573482855e-07,0.0
5,0,1.2577491877877744e-09,0.0,3.497139573482855e-07,0.0
5,0,9.174796335714242e-10,0.0,3.497139573482855e-07,0.0
5,0,7.168707672082744e-10,0.0,3.497139573482855e-07,0.0
5,0,6.046809342242118e-10,0.0,3.497139573482855e-07,0.0
5,0,5.362714135518913e-10,0.0,3.2756324230831524e-07,0.0
5,0,4.968496622610395e-10,0.0,3.5046551261075365e-07,0.0
5,0,4.816168268234054e-10,0.0,3.5046551261075365e-07,0.0
5,0,4.897242285241462e-10,0.0,3.5046551261075365e-07,0.0
5,0,5.147775237809808e-10,0.0,3.5046551261075365e-07,0.0
5,0,5.52481472033605e-10,0.0,3.5046551261075365e-07,0.0
5,0,6.11517492981959e-10,0.0,3.5046551261075365e-07,0.0
5,0,6.85176910261957e-10,0.0,3.5046551261075365e-07,0.0
5,0,7.689654681596519e-10,0.0,3.1661832622376096e-07,0.0
5,0,8.609613224684752e-10,0.0,3.1661832622376096e-07,0.0
5,0,9.580330751817394e-10,0.0,3.1661832622376096e-07,0.0
5,0,1.1250832948744457e-09,0.0,3.380288831067446e-07,0.0
5,0,1.3489602161812709e-09,0.0,3.380288831067446e-07,0.0
5,0,1.6731803091349762e-09,0.0,3.380288831067446e-07,0.0
5,0,2.1524941082557906e-09,0.0,3.380288831067446e-07,0.0
5,0,2.846084527864999e-09,0.0,3.7416495501929603e-07,0.0
5,0,3.8484413605872964e-09,0.0,3.7416495501929603e-07,0.0
5,0,5.180978203373622e-09,0.0,3.7416495501929603e-07,0.0
5,0,6.866417716444881e-09,0.0,3.7416495501929603e-07,0.0
5,0,9.142380282691754e-09,0.0,3.7416495501929603e-07,0.0
5,0,1.2174333889805215e-08,0.0,3.7416495501929603e-07,0.0
5,0,1.586818462339923e-08,0.0,3.7416495501929603e-07,0.0
5,0,1.9950843094785264e-08,0.0,3.7416495501929603e-07,0.0
5,0,2.39538955448285e-08,0.0,3.7416495501929603e-07,0.0
5,0,2.6448650398201258e-08,0.0,3.7416495501929603e-07,0.0
5,0,2.765913070963841e-08,0.0,3.7416495501929603e-07,0.0
5,0,2.678696559836137e-08,0.0,3.7416495501929603e-07,0.0
5,0,2.3913408173938482e-08,0.0,3.7416495501929603e-07,0.0
5,0,1.963185494470834e-08,0.0,3.7416495501929603e-07,0.0
5,0,1.5260314174377918e-08,0.0,3.7416495501929603e-07,0.0
5,0,1.0945694758039064e-08,0.0,3.7416495501929603e-07,0.0
5,0,7.092020722363847e-09,0.0,3.900031799730641e-07,0.0
5,0,4.2235929187520046e-09,0.0,3.900031799730641e-07,0.0
5,0,2.2603902198068e-09,0.0,3.900031799730641e-07,0.0
5,0,1.0753818590510943e-09,0.0,3.900031799730641e-07,0.0
5,0,4.5004499486944603e-10,0.0,3.900031799730641e-07,0.0
5,0,1.618141131591012e-10,0.0,3.900031799730641e-07,0.0
5,0,4.883630396852863e-11,0.0,3.900031799730641e-07,0.0
5,0,1.2146329815636596e-11,0.0,3.6451717733143596e-07,0.0
5,0,2.4069309550815275e-12,0.0,3.6451717733143596e-07,0.0
5,0,3.784255785211851e-13,0.0,3.497139573482855e-07,0.0
5,0,4.945717154948964e-14,0.0,3.497139573482855e-07,0.0
5,0,5.662831454990942e-15,0.0,3.497139573482855e-07,0.0
5,0,5.627239139479369e-16,0.0,3.497139573482855e-07,0.0
5,0,4.6619737141132165e-17,0.0,3.497139573482855e-07,0.0
5,0,3.2396212667708097e-18,0.0,3.497139573482855e-07,0.0
5,0,2.1483450588427945e-19,0.0,3.497139573482855e-07,0.0
5,0,1.764975027120608e-20,0.0,3.497139573482855e-07,0.0
5,0,2.5572316850931516e-21,0.0,3.497139573482855e-07,0.0
5,0,7.967235040606663e-22,0.0,3.497139573482855e-07,0.0
5,0,4.548556514736423e-22,0.0,3.497139573482855e-07,0.0
5,0,3.576843866604524e-22,0.0,3.497139573482855e-07,0.0
5,0,3.3573526614361697e-22,0.0,3.497139573482855e-07,0.0
5,0,3.736644039196542e-22,0.0,3.497139573482855e-07,0.0
5,0,5.188108660413626e-22,0.0,3.497139573482855e-07,0.0
5,0,8.639389887924384e-22,0.0,3.497139573482855e-07,0.0
5,0,1.4833220743740614e-21,0.0,3.497139573482855e-07,0.0
5,0,2.293991602791046e-21,0.0,3.497139573482855e-07,0.0
5,0,2.936391113943572e-21,0.0,3.497139573482855e-07,0.0
5,0,2.9744853546763415e-21,0.0,3.497139573482855e-07,0.0
5,0,2.699608558789964e-21,0.0,3.497139573482855e-07,0.0
5,0,2.047800523590573e-21,0.0,3.497139573482855e-07,0.0
5,0,1.0436370805919973e-21,0.0,3.497139573482855e-07,0.0
5,0,3.5592820798933307e-22,0.0,3.497139573482855e-07,0.0
5,0,2.276402001438366e-22,0.0,3.497139573482855e-07,0.0
5,0,1.316636453494275e-22,0.0,3.497139573482855e-07,0.0
5,0,5.296035410196114e-23,0.0,3.497139573482855e-07,0.0
5,0,3.600936951027941e-23,0.0,3.497139573482855e-07,0.0
5,0,2.5228727103427201e-23,0.0,3.497139573482855e-07,0.0
5,0,1.7859327358261387e-23,0.0,3.497139573482855e-07,0.0
5,0,1.2215510355738254e-23,0.0,3.497139573482855e-07,0.0
5,0,8.865490407062401e-24,0.0,3.497139573482855e-07,0.0
5,0,6.700326746142293e-24,0.0,3.497139573482855e-07,0.0
5,0,4.669614764248081e-24,0.0,3.497139573482855e-07,0.0
5,0,3.2210321633604718e-24,0.0,3.497139573482855e-07,0.0
5,0,2.3441080588229944e-24,0.0,3.497139573482855e-07,0.0
5,0,1.692118458077419e-24,0.0,3.497139573482855e-07,0.0
5,0,1.1884638171283164e-24,0.0,3.497139573482855e-07,0.0
5,0,8.189449863532955e-25,0.0,3.497139573482855e-07,0.0
5,0,5.563941217301064e-25,0.0,3.497139573482855e-07,0.0
5,0,3.771265291400281e-25,0.0,3.497139573482855e-07,0.0
5,0,2.642885524319744e-25,0.0,3.497139573482855e-07,0.0
5,0,1.959515797880089e-25,0.0,4.0713334215070063e-07,0.0
5,0,1.583982233909855e-25,0.0,4.0713334215070063e-07,0.0
5,0,1.2824904015110028e-25,0.0,4.0713334215070063e-07,0.0
5,0,9.401069994589911e-26,0.0,4.0713334215070063e-07,0.0
5,0,6.531041212037353e-26,0.0,4.346295838786318e-07,0.0
5,0,4.357865523207117e-26,0.0,5.00932458180614e-07,0.0
5,0,3.0014716577953e-26,0.0,5.00932458180614e-07,0.0
5,0,2.3245229580492994e-26,0.0,5.64804565783561e-07,0.0
5,0,2.0506560143137153e-26,0.0,5.64804565783561e-07,0.0
5,0,1.9538499382682084e-26,0.0,5.64804565783561e-07,0.0
5,0,1.849207764771563e-26,0.0,5.64804565783561e-07,0.0
5,0,1.6349976868934941e-26,0.0,5.64804565783561e-07,0.0
5,0,1.360764155680552e-26,0.0,5.64804565783561e-07,0.0
5,0,1.1869143930300239e-26,0.0,5.64804565783561e-07,0.0
5,0,1.1625321574803644e-26,0.0,5.64804565783561e-07,0.0
5,0,1.317238478582756e-26,0.0,6.455907168856356e-07,0.0
5,0,1.6673254902563133e-26,0.0,6.455907168856356e-07,0.0
5,0,2.1839028544959527e-26,0.0,6.455907168856356e-07,0.0
5,0,2.7385806653662977e-26,0.0,5.725827918467985e-07,0.0
5,0,3.4460834234201337e-26,0.0,5.725827918467985e-07,0.0
5,0,4.366549072899773e-26,0.0,4.967963036506262e-07,0.0
5,0,5.410086741121845e-26,0.0,3.47661227806384e-07,0.0
5,0,7.015653433268775e-26,0.0,3.47661227806384e-07,0.0
5,0,9.878473423377939e-26,0.0,3.588374681839923e-07,0.0
5,0,1.5502640480871313e-25,0.0,4.1431968611505e-07,0.0
5,0,2.548888830445609e-25,0.0,5.007901791032054e-07,0.0
5,0,4.303130184460919e-25,0.0,4.86758779061347e-07,0.0
5,0,7.205875539955391e-25,0.0,4.86758779061347e-07,0.0
5,0,1.1461685458932376e-24,0.0,4.032536935483222e-07,0.0
5,0,1.5115498918178672e-24,0.0,4.032536935483222e-07,0.0
5,0,1.7585070799734934e-24,0.0,4.032536935483222e-07,0.0
5,0,1.956292281170921e-24,0.0,4.032536935483222e-07,0.0
5,0,2.103481527153673e-24,0.0,4.032536935483222e-07,0.0
5,0,2.273702338023528e-24,0.0,4.032536935483222e-07,0.0
5,0,3.1663588628414647e-24,0.0,4.032536935483222e-07,0.0
5,0,4.129480075120342e-24,0.0,4.032536935483222e-07,0.0
5,0,5.128204981546495e-24,0.0,4.032536935483222e-07,0.0
5,0,6.814956120233058e-24,0.0,4.2584807147250103e-07,0.0
5,0,1.0426634687921319e-23,0.0,4.792872232428635e-07,0.0
5,0,1.0791047182437619e-23,0.0,5.4190741138882e-07,0.0
5,0,1.0616892357292774e-23,0.0,5.4190741138882e-07,0.0
5,0,9.97358079347765e-24,0.0,7.253782428051636e-07,0.0
5,0,9.652704126893215e-24,0.0,7.253782428051636e-07,0.0
5,0,1.0316802650589632e-23,0.0,7.253782428051636e-07,0.0
5,0,1.1814835060936033e-23,0.0,7.253782428051636e-07,0.0
5,0,1.3883972847893303e-23,0.0,7.253782428051636e-07,0.0
5,0,1.5639560000443325e-23,0.0,8.2913186361111e-07,0.0
5,0,1.616919214977356e-23,0.0,8.2913186361111e-07,0.0
5,0,1.575545446057843e-23,0.0,8.2913186361111e-07,0.0
5,0,1.5093119354761166e-23,0.0,6.194184720698104e-07,0.0
5,0,1.4500160540451692e-23,0.0,6.194184720698104e-07,0.0
5,0,1.4651109787957674e-23,0.0,6.194184720698104e-07,0.0
5,0,1.6100651827635857e-23,0.0,6.194184720698104e-07,0.0
5,0,1.7886745732146443e-23,0.0,8.2913186361111e-07,0.0
5,0,1.854047297382929e-23,0.0,8.2913186361111e-07,0.0
5,0,1.810330202686537e-23,0.0,8.2913186361111e-07,0.0
5,0,1.7255788247345235e-23,0.0,8.2913186361111e-07,0.0
5,0,1.5176472681607546e-23,0.0,8.2913186361111e-07,0.0
5,0,1.2785626685933767e-23,0.0,8.2913186361111e-07,0.0
5,0,1.1627633231048494e-23,0.0,8.2913186361111e-07,0.0
5,0,1.2131461019927293e-23,0.0,8.2913186361111e-07,0.0
5,0,1.1562163630488557e-23,0.0,8.2913186361111e-07,0.0
5,0,1.0183023000363035e-23,0.0,7.40606196814042e-07,0.0
5,0,9.243374018030972e-24,0.0,8.530325317224197e-07,0.0
5,0,8.034520658640133e-24,0.0,7.0574105848209e-07,0.0
5,0,5.9651763754728166e-24,0.0,6.936277259228518e-07,0.0
5,0,4.3620146657320274e-24,0.0,4.595872837853676e-07,0.0
5,0,3.514650228055297e-24,0.0,3.987567538388248e-07,0.0
5,0,2.9993011232722374e-24,0.0,3.213565946680319e-07,0.0
5,0,2.734553824245136e-24,0.0,2.8473306201703963e-07,0.0
5,0,2.803855136342921e-24,0.0,2.5183069851664186e-07,0.0
5,0,3.068631787974348e-24,0.0,2.237522949144477e-07,0.0
5,0,3.467857337711326e-24,0.0,2.118805895179321e-07,0.0
5,0,4.472694735428582e-24,0.0,2.118805895179321e-07,0.0
5,0,6.858351990484952e-24,0.0,2.118805895179321e-07,0.0
5,0,1.1950837911333553e-23,0.0,2.118805895179321e-07,0.0
5,0,2.3479996197917318e-23,0.0,1.958592292794492e-07,0.0
5,0,5.1404669506694416e-23,0.0,2.373361809304697e-07,0.0
5,0,1.2801668972902701e-22,0.0,3.018411121047393e-07,0.0
5,0,3.754892843085982e-22,0.0,3.4066516718667117e-07,0.0
5,0,1.3293370410389478e-21,0.0,3.512689090712229e-07,0.0
5,0,5.489025039466041e-21,0.0,5.355617531677126e-07,0.0
5,0,2.386563280099961e-20,0.0,6.038492870175105e-07,0.0
5,0,9.720004063040917e-20,0.0,6.038492870175105e-07,0.0
5,0,3.537876261175705e-19,0.0,6.038492870175105e-07,0.0
5,0,1.1080783337396057e-18,0.0,4.915336830890737e-07,0.0
5,0,3.3102188176371967e-18,0.0,4.779730602422205e-07,0.0
5,0,9.441160769348367e-18,0.0,5.351058689484489e-07,0.0
5,0,2.5768071884707534e-17,0.0,5.351058689484489e-07,0.0
5,0,6.496763624093465e-17,0.0,5.351058689484489e-07,0.0
5,0,1.4272599180941914e-16,0.0,5.351058689484489e-07,0.0
5,0,2.61947238835049e-16,0.0,5.351058689484489e-07,0.0
5,0,4.33869112631063e-16,0.0,5.788776888948632e-07,0.0
5,0,6.60404010838929e-16,0.0,5.788776888948632e-07,0.0
5,0,9.07673232654066e-16,0.0,5.788776888948632e-07,0.0
5,0,1.1659318900086923e-15,0.0,5.788776888948632e-07,0.0
5,0,1.4802566569681957e-15,0.0,5.788776888948632e-07,0.0
5,0,1.7451369552904002e-15,0.0,5.484834559865703e-07,0.0
5,0,1.85312832016153e-15,0.0,5.484834559865703e-07,0.0
5,0,1.7553036206705413e-15,0.0,5.484834559865703e-07,0.0
5,0,1.5135095923128332e-15,0.0,5.484834559865703e-07,0.0
5,0,1.2142629527049997e-15,0.0,5.484834559865703e-07,0.0
5,0,9.145152121621975e-16,0.0,5.484834559865703e-07,0.0
5,0,6.601696591183463e-16,0.0,5.484834559865703e-07,0.0
5,0,4.610759729216379e-16,0.0,7.093531166901812e-07,0.0
5,0,3.130527813833726e-16,0.0,7.093531166901812e-07,0.0
5,0,2.0568387506480807e-16,0.0,7.093531166901812e-07,0.0
5,0,1.3442302007616947e-16,0.0,7.21741059805936e-07,0.0
5,0,9.008894067611662e-17,0.0,7.21741059805936e-07,0.0
5,0,6.42772571312056e-17,0.0,7.617363166900759e-07,0.0
5,0,4.837592149798289e-17,0.0,7.617363166900759e-07,0.0
5,0,3.9889286128481215e-17,0.0,9.794392781259376e-07,0.0
5,0,3.6765301167412087e-17,0.0,1.1023478236893425e-06,0.0
5,0,3.8722235578824885e-17,0.0,1.4559092278432217e-06,0.0
5,0,4.494418719276679e-17,0.0,1.915379016281804e-06,0.0
5,0,5.770018392826637e-17,0.0,1.4810028687861632e-06,0.0
5,0,8.364021306647128e-17,0.0,1.2528278148238314e-06,0.0
5,0,1.287582447757882e-16,0.0,1.2528278148238314e-06,0.0
5,0,2.0133699949464908e-16,0.0,1.2528278148238314e-06,0.0
5,0,3.202170498244397e-16,0.0,1.2528278148238314e-06,0.0
5,0,5.157239755658432e-16,0.0,1.2528278148238314e-06,0.0
5,0,8.361353574525677e-16,0.0,1.2528278148238314e-06,0.0
5,0,1.3046789870600404e-15,0.0,1.2528278148238314e-06,0.0
5,0,1.8683438105408935e-15,0.0,1.2528278148238314e-06,0.0
5,0,2.472840950184658e-15,0.0,1.1460493851700448e-06,0.0
5,0,3.063042934086573e-15,0.0,1.1460493851700448e-06,0.0
5,0,3.5618433629720434e-15,0.0,1.1460493851700448e-06,0.0
5,0,3.9512449917911124e-15,0.0,1.3547770549848792e-06,0.0
5,0,4.226909038107667e-15,0.0,1.3547770549848792e-06,0.0
5,0,4.2641655895674266e-15,0.0,1.3547770549848792e-06,0.0
5,0,4.003151599706709e-15,0.0,1.3547770549848792e-06,0.0
5,0,3.4261086335045795e-15,0.02,1.4810028687861632e-06,0.0
5,0,2.7115221647039464e-15,0.02,1.4810028687861632e-06,0.0
5,0,1.963138004973861e-15,0.02,1.1064111049563508e-06,0.0
5,0,1.335075219038795e-15,0.02,8.694532311892544e-07,0.0
5,0,8.7453841801942615e-16,0.02,8.233223525166977e-07,0.0
5,0,5.421527802968579e-16,0.02,8.233223525166977e-07,0.0
5,0,3.252474731915298e-16,0.0,8.233223525166977e-07,0.0
5,0,1.8900993921353817e-16,0.0,8.233223525166977e-07,0.0
5,0,1.0598306149817701e-16,0.0,8.233223525166977e-07,0.0
5,0,5.858216228051178e-17,0.0,7.610668717461522e-07,0.0
5,0,3.241718566789941e-17,0.0,7.610668717461522e-07,0.0
5,0,1.8902064213606202e-17,0.0,7.610668717461522e-07,0.0
5,0,1.1495335404956098e-17,0.0,7.610668717461522e-07,0.0
5,0,7.753599421251399e-18,0.0,7.610668717461522e-07,0.0
5,0,5.9971491361986636e-18,0.0,6.438101536332397e-07,0.0
5,0,5.3526765264324285e-18,0.0,6.438101536332397e-07,0.0
5,0,5.4449589151185465e-18,0.0,6.438101536332397e-07,0.0
5,0,6.280170759667875e-18,0.0,6.438101536332397e-07,0.0
5,0,8.26285647820902e-18,0.0,8.137807867569791e-07,0.0
5,0,1.2176531981741286e-17,0.0,8.229117725022661e-07,0.0
5,0,1.8998013174998036e-17,0.0,8.229117725022661e-07,0.0
5,0,3.023576628150137e-17,0.0,8.229117725022661e-07,0.0
5,0,5.044116089200426e-17,0.0,8.229117725022661e-07,0.0
5,0,8.78584802154671e-17,0.0,8.229117725022661e-07,0.0
5,0,1.5506605138693402e-16,0.0,8.229117725022661e-07,0.0
5,0,2.960338217833271e-16,0.0,8.229117725022661e-07,0.0
5,0,5.530441372287022e-16,0.0,8.229117725022661e-07,0.0
5,0,9.706918644818316e-16,0.0,8.229117725022661e-07,0.0
5,0,1.5243483711785518e-15,0.0,8.229117725022661e-07,0.0
5,0,2.2852147062624857e-15,0.0,8.229117725022661e-07,0.0
5,0,3.2008581135487133e-15,0.0,8.229117725022661e-07,0.0
5,0,4.074337168222951e-15,0.0,8.229117725022661e-07,0.0
5,0,4.912978787330921e-15,0.0,8.137807867569791e-07,0.0
5,0,5.48281516975603e-15,0.0,6.438101536332397e-07,0.0
5,0,5.508087603140092e-15,0.0,6.438101536332397e-07,0.0
5,0,4.879500045730507e-15,0.0,6.438101536332397e-07,0.0
5,0,3.808559390633588e-15,0.0,6.438101536332397e-07,0.0
5,0,2.7004573314538085e-15,0.0,6.438101536332397e-07,0.0
5,0,1.7993179770956727e-15,0.0,7.610668717461522e-07,0.0
5,0,1.102695070513444e-15,0.0,7.610668717461522e-07,0.0
5,0,6.49305329949348e-16,0.0,7.610668717461522e-07,0.0
5,0,3.642328671931824e-16,0.0,7.610668717461522e-07,0.0
5,0,1.981431537028197e-16,0.0,7.610668717461522e-07,0.0
5,0,1.0852333272624434e-16,0.0,8.233223525166977e-07,0.0
5,0,5.985672794692647e-17,0.0,8.233223525166977e-07,0.0
5,0,3.356015016648553e-17,0.0,8.233223525166977e-07,0.0
5,0,2.0202072345407237e-17,0.0,8.233223525166977e-07,0.0
5,0,1.3395599370102918e-17,0.0,8.694532311892544e-07,0.0
5,0,1.031495668228497e-17,0.0,8.561768254367053e-07,0.0
5,0,9.43317998449436e-18,0.0,8.561768254367053e-07,0.0
5,0,9.585272246299672e-18,0.0,8.561768254367053e-07,0.0
5,0,1.0543129045817378e-17,0.0,8.561768254367053e-07,0.0
5,0,1.294775762012204e-17,0.0,9.296743428421905e-07,0.0
5,0,1.748081908094412e-17,0.0,8.902262038645858e-07,0.0
5,0,2.522769889139521e-17,0.0,8.902262038645858e-07,0.0
5,0,3.9210251241206023e-17,0.0,8.902262038645858e-07,0.0
5,0,6.440806063190256e-17,0.0,8.902262038645858e-07,0.0
5,0,1.0931720734521165e-16,0.0,8.902262038645858e-07,0.0
5,0,1.9569530239861083e-16,0.0,8.229117725022661e-07,0.0
5,0,3.4621077293988927e-16,0.0,8.229117725022661e-07,0.0
5,0,6.015478439066405e-16,0.0,8.229117725022661e-07,0.0
5,0,9.93278737521159e-16,0.0,8.229117725022661e-07,0.0
5,0,1.5218775482519361e-15,0.0,8.137807867569791e-07,0.0
5,0,2.1638720976138632e-15,0.0,8.137807867569791e-07,0.0
5,0,2.8226748519901798e-15,0.0,8.803482387520489e-07,0.0
5,0,3.587209746397984e-15,0.0,8.803482387520489e-07,0.0
5,0,4.260399511999545e-15,0.0,6.964739895920502e-07,0.0
5,0,4.740054039606822e-15,0.0,6.964739895920502e-07,0.0
5,0,4.934221671049156e-15,0.0,6.964739895920502e-07,0.0
5,0,4.5385658031347414e-15,0.0,7.354976219176024e-07,0.0
5,0,3.7676418931050775e-15,0.0,8.561768254367053e-07,0.0
5,0,2.9005482601625236e-15,0.0,8.561768254367053e-07,0.0
5,0,2.041649679950114e-15,0.0,1.0121117384187528e-06,0.0
5,0,1.3550789339070294e-15,0.0,1.0121117384187528e-06,0.0
5,0,8.461221732155542e-16,0.0,1.3547770549848792e-06,0.0
5,0,5.013318207896294e-16,0.0,1.4810028687861632e-06,0.0
5,0,3.054896833396621e-16,0.0,1.4810028687861632e-06,0.0
5,0,1.8536895086982846e-16,0.0,1.1064111049563508e-06,0.0
5,0,1.1431171067805071e-16,0.0,8.694532311892544e-07,0.0
5,0,7.077462500680481e-17,0.0,8.233223525166977e-07,0.0
5,0,4.387812520660676e-17,0.0,8.233223525166977e-07,0.0
5,0,2.8900624865117577e-17,0.0,8.233223525166977e-07,0.0
5,0,2.0171571441069593e-17,0.0,8.233223525166977e-07,0.0
5,0,1.5708320318316528e-17,0.0,6.964739895920502e-07,0.0
5,0,1.5160645989017668e-17,0.0,6.438101536332397e-07,0.0
5,0,1.791976525405504e-17,0.0,8.229117725022661e-07,0.0
5,0,2.3132947010964502e-17,0.0,8.229117725022661e-07,0.0
5,0,3.162730304562402e-17,0.0,8.229117725022661e-07,0.0
5,0,4.8707788516307936e-17,0.0,8.229117725022661e-07,0.0
5,0,8.204161134574371e-17,0.0,8.229117725022661e-07,0.0
5,0,1.5112951853811469e-16,0.0,8.229117725022661e-07,0.0
5,0,2.857645547968117e-16,0.0,8.229117725022661e-07,0.0
5,0,5.433645442070807e-16,0.0,8.229117725022661e-07,0.0
5,0,1.0520357108256571e-15,0.0,8.902262038645858e-07,0.0
5,0,2.0527055650264404e-15,0.0,8.902262038645858e-07,0.0
5,0,3.72481283791098e-15,0.0,8.902262038645858e-07,0.0
5,0,6.149268137070286e-15,0.0,8.902262038645858e-07,0.0
5,0,9.317505900261308e-15,0.0,8.902262038645858e-07,0.0
5,0,1.262757437389805e-14,0.0,9.401056217939185e-07,0.0
5,0,1.6025138633553217e-14,0.02,1.1963189763264381e-06,0.0
5,0,1.897595156919325e-14,0.02,1.6013518688851036e-06,0.0
5,0,2.0549795677255007e-14,0.02,1.6013518688851036e-06,0.0
5,0,2.0273139412393154e-14,0.02,1.2528278148238314e-06,0.0
5,0,1.7788005072090273e-14,0.0,1.2528278148238314e-06,0.0
5,0,1.3923125750051507e-14,0.0,1.2528278148238314e-06,0.0
5,0,9.826051643718392e-15,0.0,1.2528278148238314e-06,0.0
5,0,6.391602158413925e-15,0.0,1.4810028687861632e-06,0.0
5,0,3.985189354780171e-15,0.0,1.4810028687861632e-06,0.0
5,0,2.3789431634340036e-15,0.0,1.4810028687861632e-06,0.0
5,0,1.3646719572373667e-15,0.0,1.4810028687861632e-06,0.0
5,0,7.394953546532218e-16,0.0,1.4810028687861632e-06,0.0
5,0,3.8550490866836543e-16,0.0,1.4810028687861632e-06,0.0
5,0,1.9556257587151003e-16,0.0,1.4810028687861632e-06,0.0
5,0,9.615552853415524e-17,0.0,1.4810028687861632e-06,0.0
5,0,4.760393702211531e-17,0.0,1.4810028687861632e-06,0.0
5,0,2.5824284867225174e-17,0.0,8.694532311892544e-07,0.0
5,0,1.5711198409773653e-17,0.0,8.233223525166977e-07,0.0
5,0,1.114087315845521e-17,0.0,8.233223525166977e-07,0.0
5,0,9.709938802428653e-18,0.0,6.964739895920502e-07,0.0
5,0,1.0135728799163812e-17,0.0,6.964739895920502e-07,0.0
5,0,1.2207191122260648e-17,0.0,6.964739895920502e-07,0.0
5,0,1.7314822646686502e-17,0.0,8.137807867569791e-07,0.0
5,0,2.8522218185696327e-17,0.0,8.229117725022661e-07,0.0
5,0,5.1786493369664626e-17,0.0,8.229117725022661e-07,0.0
5,0,9.917728312768708e-17,0.0,8.229117725022661e-07,0.0
5,0,1.991697870975157e-16,0.0,8.229117725022661e-07,0.0
5,0,4.260427250900955e-16,0.0,8.229117725022661e-07,0.0
5,0,9.003168952830821e-16,0.0,8.229117725022661e-07,0.0
5,0,1.8633399914626207e-15,0.0,8.229117725022661e-07,0.0
5,0,3.5378097447779083e-15,0.0,8.229117725022661e-07,0.0
5,0,5.702828602549568e-15,0.0,8.229117725022661e-07,0.0
5,0,8.273129037598091e-15,0.0,8.229117725022661e-07,0.0
5,0,1.1106711642072795e-14,0.0,8.229117725022661e-07,0.0
5,0,1.3967950009225747e-14,0.0,8.229117725022661e-07,0.0
5,0,1.658593985264178e-14,0.0,8.229117725022661e-07,0.0
5,0,1.886261897784543e-14,0.0,8.902262038645858e-07,0.0
5,0,1.9880263385028385e-14,0.0,8.902262038645858e-07,0.0
5,0,1.813136249823748e-14,0.0,8.902262038645858e-07,0.0
5,0,1.4482443208175294e-14,0.0,8.902262038645858e-07,0.0
5,0,1.0639832719463655e-14,0.0,8.902262038645858e-07,0.0
5,0,6.942990552463454e-15,0.0,1.09435677586589e-06,0.0
5,0,4.260962974579649e-15,0.0,1.4648686601503869e-06,0.0
5,0,2.610846195491236e-15,0.0,1.4648686601503869e-06,0.0
5,0,1.5278716878598158e-15,0.0,1.4648686601503869e-06,0.0
5,0,8.455138889810365e-16,0.0,1.1460493851700448e-06,0.0
5,0,4.473418340263267e-16,0.0,1.1460493851700448e-06,0.0
5,0,2.292338760026822e-16,0.0,1.1460493851700448e-06,0.0
5,0,1.130893675481929e-16,0.0,1.1460493851700448e-06,0.0
5,0,5.413952929394673e-17,0.0,1.1460493851700448e-06,0.0
5,0,2.5793853015498257e-17,0.0,1.1460493851700448e-06,0.0
5,0,1.2768968743910508e-17,0.0,1.1460493851700448e-06,0.0
5,0,7.024415562232106e-18,0.0,1.1460493851700448e-06,0.0
5,0,4.6524108538238185e-18,0.0,1.2528278148238314e-06,0.0
5,0,2.5091027805043035e-18,0.0,9.35947696234507e-07,0.0
5,0,1.5842902356122374e-18,0.0,8.803482387520489e-07,0.0
5,0,1.1507635262467029e-18,0.0,8.803482387520489e-07,0.0
5,0,1.0336895089957588e-18,0.0,8.902262038645858e-07,0.0
5,0,1.4797860950847505e-18,0.0,8.902262038645858e-07,0.0
5,0,2.4732385715577327e-18,0.0,8.229117725022661e-07,0.0
5,0,4.5482467121248405e-18,0.0,8.229117725022661e-07,0.0
5,0,8.671096014345193e-18,0.0,8.229117725022661e-07,0.0
5,0,1.737249377413244e-17,0.0,8.229117725022661e-07,0.0
5,0,3.5734912760708015e-17,0.0,8.229117725022661e-07,0.0
5,0,7.133762907393869e-17,0.0,5.328235488377686e-07,0.0
5,0,1.326572389331917e-16,0.0,4.0546990476286737e-07,0.0
5,0,2.244012236609679e-16,0.0,3.2625135304442665e-07,0.0
5,0,3.463935683220445e-16,0.0,2.5810874149101437e-07,0.0
5,0,4.960765903017509e-16,0.0,2.5810874149101437e-07,0.0
5,0,6.535208685782308e-16,0.0,2.5810874149101437e-07,0.0
5,0,7.621888321325681e-16,0.0,2.1300155594872194e-07,0.0
5,0,7.825925855757375e-16,0.0,2.723923273606488e-07,0.0
5,0,6.967058562551055e-16,0.0,2.723923273606488e-07,0.0
5,0,5.336987976300176e-16,0.0,2.723923273606488e-07,0.0
5,0,3.541746314282364e-16,0.0,3.522847578096844e-07,0.0
5,0,2.071809640661474e-16,0.0,3.584369778764085e-07,0.0
5,0,1.093918193673451e-16,0.0,3.584369778764085e-07,0.0
5,0,5.1764076476540214e-17,0.0,3.5864587744072196e-07,0.0
5,0,2.2201360407498347e-17,0.0,5.739473749599711e-07,0.0
5,0,9.290597674819911e-18,0.0,5.739473749599711e-07,0.0
5,0,3.793033476007648e-18,0.0,7.061786391204805e-07,0.0
5,0,1.5056463215508357e-18,0.0,7.0574105848209e-07,0.0
5,0,6.08702957599092e-19,0.0,7.0574105848209e-07,0.0
5,0,2.586106690499767e-19,0.0,7.0574105848209e-07,0.0
5,0,1.212701082104102e-19,0.0,7.962208883327548e-07,0.0
5,0,6.52391440899103e-20,0.0,7.962208883327548e-07,0.0
5,0,3.7702399124914077e-20,0.0,7.962208883327548e-07,0.0
5,0,2.3143162839786988e-20,0.0,7.962208883327548e-07,0.0
5,0,1.8018703207680935e-20,0.0,9.866448635875713e-07,0.0
5,0,1.8447939800115082e-20,0.0,9.866448635875713e-07,0.0
5,0,2.2580769014814477e-20,0.0,9.866448635875713e-07,0.0
5,0,2.996100339492489e-20,0.0,8.750681672609062e-07,0.0
5,0,4.098835508494806e-20,0.0,8.01318662979611e-07,0.0
5,0,5.713891612219695e-20,0.0,7.506242809540709e-07,0.0
5,0,8.485232728381122e-20,0.0,7.506242809540709e-07,0.0
5,0,1.397750800174962e-19,0.0,3.785202693507017e-07,0.0
5,0,2.3980843018004674e-19,0.0,3.584369778764085e-07,0.0
5,0,4.124983200833072e-19,0.0,3.522847578096844e-07,0.0
5,0,6.625776177792402e-19,0.0,3.7202332237029623e-07,0.0
5,0,9.440959351332703e-19,0.0,4.899831083093886e-07,0.0
5,0,1.2543080115500387e-18,0.0,4.899831083093886e-07,0.0
5,0,1.6029881595688446e-18,0.0,4.899831083093886e-07,0.0
5,0,1.9487451706223745e-18,0.0,4.899831083093886e-07,0.0
5,0,2.241914691648902e-18,0.0,4.899831083093886e-07,0.0
5,0,2.3661107349512116e-18,0.0,4.899831083093886e-07,0.0
5,0,2.2426100189998994e-18,0.0,4.899831083093886e-07,0.0
5,0,1.901540499442719e-18,0.0,4.967157565261004e-07,0.0
5,0,1.4532872141435423e-18,0.0,4.967157565261004e-07,0.0
5,0,1.0270984776421885e-18,0.0,4.967157565261004e-07,0.0
5,0,6.630662071510197e-19,0.0,4.967157565261004e-07,0.0
5,0,3.92472793324842e-19,0.0,4.967157565261004e-07,0.0
5,0,2.1558750650018843e-19,0.0,4.967157565261004e-07,0.0
5,0,1.1124982588987661e-19,0.0,4.967157565261004e-07,0.0
5,0,5.300190971016776e-20,0.0,4.967157565261004e-07,0.0
5,0,2.3457011545684864e-20,0.0,4.967157565261004e-07,0.0
5,0,9.95542541484544e-21,0.0,4.487440605771553e-07,0.0
5,0,4.19856263902892e-21,0.0,4.487440605771553e-07,0.0
5,0,1.858436917393946e-21,0.0,4.487440605771553e-07,0.0
5,0,9.76630191002485e-22,0.0,4.487440605771553e-07,0.0
5,0,6.367630211224856e-22,0.0,2.233436049436932e-07,0.0
5,0,4.506272972134351e-22,0.0,2.233436049436932e-07,0.0
5,0,3.5859608001216427e-22,0.0,2.233436049436932e-07,0.0
5,0,3.3146100361350396e-22,0.0,1.9686072505464836e-07,0.0
5,0,3.6811025186438194e-22,0.0,1.997105982809444e-07,0.0
5,0,5.259243317342704e-22,0.0,1.8911447341452003e-07,0.0
5,0,9.30889404724837e-22,0.0,1.525574475635949e-07,0.0
5,0,1.748056294430171e-21,0.0,1.5997795799194137e-07,0.0
5,0,2.7941696171320172e-21,0.0,1.5997795799194137e-07,0.0
5,0,4.516627078735246e-21,0.0,2.2867973825668741e-07,0.0
5,0,8.057363882454031e-21,0.0,2.2867973825668741e-07,0.0
5,0,1.5729999687754868e-20,0.0,2.2867973825668741e-07,0.0
5,0,3.140416952287582e-20,0.0,2.2867973825668741e-07,0.0
5,0,5.95431934919798e-20,0.0,2.2867973825668741e-07,0.0
5,0,1.0122788528260032e-19,0.0,2.261423048821598e-07,0.0
5,0,1.53331972361231e-19,0.0,1.9803476902779948e-07,0.0
5,0,2.0324992160355832e-19,0.0,1.9803476902779948e-07,0.0
5,0,2.473242694791957e-19,0.0,1.9803476902779948e-07,0.0
5,0,2.764529198030362e-19,0.0,2.091306896545575e-07,0.0
5,0,2.778404272079559e-19,0.0,2.738718478667579e-07,0.0
5,0,2.4301864172373114e-19,0.0,4.899831083093886e-07,0.0
5,0,1.866094861391906e-19,0.0,4.899831083093886e-07,0.0
5,0,1.2616367188189504e-19,0.0,4.899831083093886e-07,0.0
5,0,7.5440441220143e-20,0.0,4.899831083093886e-07,0.0
5,0,3.989276750988067e-20,0.0,4.899831083093886e-07,0.0
5,0,1.936400026012848e-20,0.0,4.899831083093886e-07,0.0
5,0,8.728944398776761e-21,0.0,4.899831083093886e-07,0.0
5,0,3.6234528708056065e-21,0.0,4.967157565261004e-07,0.0
5,0,1.3559516138070639e-21,0.0,4.967157565261004e-07,0.0
5,0,4.526979018246463e-22,0.0,4.967157565261004e-07,0.0
5,0,1.3945166321871421e-22,0.0,4.967157565261004e-07,0.0
5,0,4.308657576672619e-23,0.0,4.967157565261004e-07,0.0
5,0,1.517131155803761e-23,0.0,4.967157565261004e-07,0.0
5,0,6.212682478618584e-24,0.0,4.967157565261004e-07,0.0
5,0,2.851057059161993e-24,0.0,4.967157565261004e-07,0.0
5,0,1.491791916659164e-24,0.0,4.967157565261004e-07,0.0
5,0,9.850397236162181e-25,0.0,4.967157565261004e-07,0.0
5,0,8.90481083059786e-25,0.0,4.967157565261004e-07,0.0
5,0,1.1384189687610667e-24,0.0,4.201877459308889e-07,0.0
5,0,1.9363026738947608e-24,0.0,4.201877459308889e-07,0.0
5,0,3.668347532920415e-24,0.0,2.508216425667342e-07,0.0
5,0,6.593730970299669e-24,0.0,1.8893331343861064e-07,0.0
5,0,1.1871576177483334e-23,0.0,1.7890899073336186e-07,0.0
5,0,2.394593045563135e-23,0.0,1.7890899073336186e-07,0.0
5,0,5.494995672447447e-23,0.0,1.7890899073336186e-07,0.0
5,0,1.3811579226151803e-22,0.0,1.576949273385253e-07,0.0
5,0,3.4310604477360564e-22,0.0,1.525574475635949e-07,0.0
5,0,7.735671166530816e-22,0.0,1.525574475635949e-07,0.0
5,0,1.5054832265291928e-21,0.0,2.2503650143335108e-07,0.0
5,0,2.5925117801397708e-21,0.0,2.2503650143335108e-07,0.0
5,0,4.0443069613795015e-21,0.0,2.2503650143335108e-07,0.0
5,0,5.7468715185209565e-21,0.0,3.5351584415366233e-07,0.0
5,0,7.423468334994186e-21,0.0,5.350293577066623e-07,0.0
5,0,9.098689703581925e-21,0.0,5.350293577066623e-07,0.0
5,0,1.0700359112124137e-20,0.0,5.350293577066623e-07,0.0
5,0,1.1012549660356834e-20,0.0,3.5351584415366233e-07,0.0
5,0,9.383680327411859e-21,0.0,2.6628850946508464e-07,0.0
5,0,6.7122060688302934e-21,0.0,2.6628850946508464e-07,0.0
5,0,4.15538593717339e-21,0.0,2.6628850946508464e-07,0.0
5,0,2.2281023051136108e-21,0.0,2.6628850946508464e-07,0.0
5,0,1.0215875720133531e-21,0.0,2.6628850946508464e-07,0.0
5,0,3.8594996673112157e-22,0.0,2.394772309344262e-07,0.0
5,0,1.1808340951072644e-22,0.0,2.3224811229738407e-07,0.0
5,0,2.8255138457166676e-23,0.0,2.0577985537784116e-07,0.0
5,0,4.9153376559378594e-24,0.0,2.0577985537784116e-07,0.0
5,0,5.983471402240756e-25,0.0,2.0577985537784116e-07,0.0
5,0,5.40768273629892e-26,0.0,2.0577985537784116e-07,0.0
5,0,3.7568675883432924e-27,0.0,2.0577985537784116e-07,0.0
5,0,1.9992670385123214e-28,0.0,2.0577985537784116e-07,0.0
5,0,7.365976668887167e-30,0.0,1.8254782219173649e-07,0.0
5,0,1.6214491486616151e-31,0.0,1.8254782219173649e-07,0.0
5,0,1.9888659316283085e-33,0.0,1.8254782219173649e-07,0.0
5,0,1.5103417740817535e-35,0.0,2.4234449824689364e-07,0.0
5,0,9.018546993324209e-38,0.0,3.667768169179908e-07,0.0
5,0,5.437644925167726e-40,0.0,3.667768169179908e-07,0.0
5,0,3.2455731932736953e-42,0.0,3.667768169179908e-07,0.0
5,0,1.486447315557863e-44,0.0,3.1026792157717864e-07,0.0
5,0,4.621339790497312e-47,0.0,3.1026792157717864e-07,0.0
5,0,1.1151801972341476e-49,0.0,3.1026792157717864e-07,0.0
5,0,3.169727690591921e-52,0.0,3.1026792157717864e-07,0.0
5,0,1.5821492816375959e-54,0.0,3.1026792157717864e-07,0.0
5,0,1.5759380499125584e-56,0.0,3.1026792157717864e-07,0.0
5,0,2.736703034919234e-58,0.0,3.1026792157717864e-07,0.0
5,0,6.963995192901763e-60,0.0,3.1026792157717864e-07,0.0
5,0,2.8349302807894886e-61,0.0,3.1026792157717864e-07,0.0
5,0,2.6285007761863438e-62,0.0,3.1026792157717864e-07,0.0
5,0,7.823606702848773e-63,0.0,3.1026792157717864e-07,0.0
5,0,7.814590534615935e-63,0.0,3.1026792157717864e-07,0.0
5,0,1.7867545796119515e-62,0.0,3.450047358910524e-07,0.0
5,0,5.025432462986575e-62,0.0,3.0468464728983236e-07,0.0
5,0,1.0692134736065818e-61,0.0,3.0377188409147493e-07,0.0
5,0,1.629713524704502e-61,0.0,2.2881847883127193e-07,0.0
5,0,2.4247952550860156e-61,0.0,2.2881847883127193e-07,0.0
5,0,5.12071039998329e-61,0.0,2.2881847883127193e-07,0.0
5,0,1.5738184846616743e-60,0.0,2.2881847883127193e-07,0.0
5,0,4.9628273204254694e-60,0.0,2.2881847883127193e-07,0.0
5,0,1.078153988538439e-59,0.0,2.2881847883127193e-07,0.0
5,0,1.3728149734704745e-59,0.0,2.2881847883127193e-07,0.0
5,0,1.2446190551627845e-59,0.0,2.2881847883127193e-07,0.0
5,0,1.070263857598622e-59,0.0,2.2881847883127193e-07,0.0
5,0,9.640579347746789e-60,0.0,2.2881847883127193e-07,0.0
5,0,7.382615191965623e-60,0.0,2.2881847883127193e-07,0.0
5,0,4.018066056983682e-60,0.0,2.2881847883127193e-07,0.0
5,0,1.6979811753014957e-60,0.0,2.2858968407035718e-07,0.0
5,0,8.304547861566939e-61,0.0,2.2858968407035718e-07,0.0
5,0,6.210294483309398e-61,0.0,3.0346811286108277e-07,0.0
5,0,5.464718801740663e-61,0.0,2.555475191456935e-07,0.0
5,0,3.086279045102183e-61,0.0,3.4206698273919756e-07,0.0
5,0,9.020024298640849e-62,0.0,3.4206698273919756e-07,0.0
5,0,2.1110693865672783e-62,0.0,3.4206698273919756e-07,0.0
5,0,6.596467702619211e-63,0.0,3.4206698273919756e-07,0.0
5,0,3.4160039358317163e-63,0.0,3.4206698273919756e-07,0.0
5,0,2.7830554597516097e-63,0.0,3.4206698273919756e-07,0.0
5,0,2.947733630075011e-63,0.0,3.4206698273919756e-07,0.0
5,0,3.0069211484146083e-63,0.0,3.4206698273919756e-07,0.0
5,0,2.3885427763578798e-63,0.0,3.4206698273919756e-07,0.0
5,0,1.7491423824776562e-63,0.0,3.4206698273919756e-07,0.0
5,0,1.6496384431436689e-63,0.0,3.4206698273919756e-07,0.0
5,0,2.604587835314756e-63,0.0,3.4206698273919756e-07,0.0
5,0,7.138345498473624e-63,0.0,3.4206698273919756e-07,0.0
5,0,2.9369034106632307e-62,0.0,3.4206698273919756e-07,0.0
5,0,1.375502772944471e-61,0.0,3.0150650331961515e-07,0.0
5,0,5.986274739318278e-61,0.0,4.51189180239453e-07,0.0
5,0,2.39032753628974e-60,0.0,4.0743242379903677e-07,0.0
5,0,9.0903091747609e-60,0.0,4.0743242379903677e-07,0.0
5,0,3.615129600338057e-59,0.0,4.109421638531785e-07,0.0
5,0,1.6652953767771855e-58,0.0,2.746114944329747e-07,0.0
5,0,9.590719826662088e-58,0.0,3.1155386182035727e-07,0.0
5,0,6.868674292984995e-57,0.0,3.6213575071997184e-07,0.0
5,0,5.9508583661114725e-56,0.0,3.1155386182035727e-07,0.0
5,0,5.765351787389687e-55,0.0,3.1155386182035727e-07,0.0
5,0,5.796414388183659e-54,0.0,3.1155386182035727e-07,0.0
5,0,5.730462133217589e-53,0.0,2.760475013019459e-07,0.0
5,0,5.4733840850264465e-52,0.0,2.760475013019459e-07,0.0
5,0,5.156597853990824e-51,0.0,2.760475013019459e-07,0.0
5,0,4.960243035093796e-50,0.0,2.760475013019459e-07,0.0
5,0,4.543650026689605e-49,0.0,2.760475013019459e-07,0.0
5,0,3.7465966826803747e-48,0.0,2.760475013019459e-07,0.0
5,0,2.831804424730656e-47,0.0,2.760475013019459e-07,0.0
5,0,2.053566291948045e-46,0.0,2.760475013019459e-07,0.0
5,0,1.515741262608065e-45,0.0,2.760475013019459e-07,0.0
5,0,1.1260007120913787e-44,0.0,2.760475013019459e-07,0.0
5,0,7.533665523412198e-44,0.0,2.760475013019459e-07,0.0
5,0,3.888050176757306e-43,0.0,2.0622643148726638e-07,0.0
5,0,1.369947960913758e-42,0.0,2.0622643148726638e-07,0.0
5,0,3.445183808698895e-42,0.0,2.760475013019459e-07,0.0
5,0,7.345660081889537e-42,0.0,2.760475013019459e-07,0.0
5,0,1.4598946104117553e-41,0.0,2.760475013019459e-07,0.0
5,0,2.681640785764936e-41,0.0,2.760475013019459e-07,0.0
5,0,4.245538022196057e-41,0.0,2.760475013019459e-07,0.0
5,0,5.380439495328714e-41,0.0,2.760475013019459e-07,0.0
5,0,5.097683215884985e-41,0.0,2.760475013019459e-07,0.0
5,0,3.757357146600391e-41,0.0,2.760475013019459e-07,0.0
5,0,2.4110265772578133e-41,0.0,2.760475013019459e-07,0.0
5,0,1.519832686459094e-41,0.0,2.760475013019459e-07,0.0
5,0,9.49858641945582e-42,0.0,3.6410895631888707e-07,0.0
5,0,5.305053252132385e-42,0.0,3.287973129317834e-07,0.0
5,0,2.2883961937930463e-42,0.0,3.287973129317834e-07,0.0
5,0,7.251542915055108e-43,0.0,3.2912640790527803e-07,0.0
5,0,1.7296384400108378e-43,0.0,3.2912640790527803e-07,0.0
5,0,3.501217474006915e-44,0.0,3.2912640790527803e-07,0.0
5,0,6.890366058249653e-45,0.0,3.2912640790527803e-07,0.0
5,0,1.4326900123995774e-45,0.0,3.2912640790527803e-07,0.0
5,0,3.069505067422289e-46,0.0,2.4588001679148874e-07,0.0
5,0,6.374688927003119e-47,0.0,2.1746731704297417e-07,0.0
5,0,1.3605497350832793e-47,0.0,1.638089059952108e-07,0.0
5,0,3.568359464135549e-48,0.0,1.638089059952108e-07,0.0
5,0,1.216532175284693e-48,0.0,1.638089059952108e-07,0.0
5,0,4.9488125784424105e-49,0.0,1.4731578801274736e-07,0.0
5,0,2.328520908300007e-49,0.0,1.6606402652996621e-07,0.0
5,0,1.4216382175333796e-49,0.0,1.6606402652996621e-07,0.0
5,0,1.4013134967497506e-49,0.0,1.8465613038642914e-07,0.0
5,0,2.5042882781936467e-49,0.0,1.8465613038642914e-07,0.0
5,0,7.81481425465017e-49,0.0,1.8465613038642914e-07,0.0
5,0,3.6259355813494186e-48,0.0,1.8465613038642914e-07,0.0
5,0,1.8899477667757784e-47,0.0,1.8447150296196924e-07,0.0
5,0,8.624100301240713e-47,0.0,1.8447150296196924e-07,0.0
5,0,3.1258702281140308e-46,0.0,1.8447150296196924e-07,0.0
5,0,9.638499956545345e-46,0.0,1.4665891967524658e-07,0.0
5,0,2.7556418994710695e-45,0.0,1.4665891967524658e-07,0.0
5,0,7.393927047141412e-45,0.0,1.6233710198321205e-07,0.0
5,0,1.6378316998944203e-44,0.0,1.6233710198321205e-07,0.0
5,0,2.709283693052845e-44,0.0,1.5207851333798317e-07,0.0
5,0,3.329396380317633e-44,0.0,2.0189443716844835e-07,0.0
5,0,3.3093512622877624e-44,0.0,2.2827248358225916e-07,0.0
5,0,3.122437462008973e-44,0.0,3.055575916732778e-07,0.0
5,0,3.0553190398197075e-44,0.0,3.055575916732778e-07,0.0
5,0,2.807179893498302e-44,0.0,2.855899765563663e-07,0.0
5,0,2.014079104354777e-44,0.0,2.4985257596199517e-07,0.0
5,0,1.0010827055645891e-44,0.0,2.4985257596199517e-07,0.0
5,0,3.4612693501498636e-45,0.0,2.4985257596199517e-07,0.0
5,0,9.471968225709505e-46,0.0,2.4985257596199517e-07,0.0
5,0,2.591979766148293e-46,0.0,2.4985257596199517e-07,0.0
5,0,7.977745175269771e-47,0.0,2.4985257596199517e-07,0.0
5,0,2.7355280905833494e-47,0.0,2.4985257596199517e-07,0.0
5,0,9.470133143120459e-48,0.0,2.4985257596199517e-07,0.0
5,0,3.100127098054518e-48,0.0,2.4985257596199517e-07,0.0
5,0,9.896849947648077e-49,0.0,2.4985257596199517e-07,0.0
5,0,3.350538789561525e-49,0.0,2.4985257596199517e-07,0.0
5,0,1.3348720233943903e-49,0.0,2.4985257596199517e-07,0.0
5,0,6.354391355349861e-50,0.0,2.4985257596199517e-07,0.0
5,0,3.247738874823648e-50,0.0,2.4985257596199517e-07,0.0
5,0,1.8036491260759522e-50,0.0,2.4985257596199517e-07,0.0
5,0,1.2769234348919338e-50,0.0,2.4985257596199517e-07,0.0
5,0,1.4061355600364837e-50,0.0,2.4985257596199517e-07,0.0
5,0,2.4070079726034573e-50,0.0,2.4985257596199517e-07,0.0
5,0,6.11694361673408e-50,0.0,2.4985257596199517e-07,0.0
5,0,1.9913035955801435e-49,0.0,2.4985257596199517e-07,0.0
5,0,6.84142619864929e-49,0.0,2.4985257596199517e-07,0.0
5,0,2.2005732133730424e-48,0.0,2.4985257596199517e-07,0.0
5,0,7.08524840291164e-48,0.0,2.4985257596199517e-07,0.0
5,0,2.308392501042174e-47,0.0,2.4985257596199517e-07,0.0
5,0,7.544763179991696e-47,0.0,2.4985257596199517e-07,0.0
5,0,2.412640478088366e-46,0.0,2.4985257596199517e-07,0.0
5,0,7.498917871908065e-46,0.0,2.4985257596199517e-07,0.0
5,0,2.1684847760984984e-45,0.0,2.4985257596199517e-07,0.0
5,0,5.148971657336811e-45,0.0,2.4985257596199517e-07,0.0
5,0,1.0023978814712148e-44,0.0,2.4985257596199517e-07,0.0
5,0,1.7574308232136532e-44,0.0,2.6732155333775154e-07,0.0
5,0,3.114508862322161e-44,0.0,2.6732155333775154e-07,0.0
5,0,6.079510968889277e-44,0.0,2.6732155333775154e-07,0.0
5,0,1.2483738361286706e-43,0.0,2.6732155333775154e-07,0.0
5,0,2.3065498444980766e-43,0.0,2.6732155333775154e-07,0.0
5,0,3.490336915315527e-43,0.0,2.4985257596199517e-07,0.0
5,0,4.532363159868179e-43,0.0,1.866570329411843e-07,0.0
5,0,6.040501049145883e-43,0.0,1.860978358081411e-07,0.0
5,0,9.64361419074017e-43,0.0,1.6534846736249165e-07,0.0
5,0,1.8756611689015115e-42,0.0,1.565755098908994e-07,0.0
5,0,3.5907235090404435e-42,0.0,1.565755098908994e-07,0.0
5,0,6.406553923314712e-42,0.0,1.822835713483073e-07,0.0
5,0,1.0503662991646736e-41,0.0,2.570992592154653e-07,0.0
5,0,1.624277041340116e-41,0.0,2.898810578244593e-07,0.0
5,0,2.4392921721733065e-41,0.0,3.282389968717325e-07,0.0
5,0,4.0031463384223035e-41,0.0,3.694293297940021e-07,0.0
5,0,7.338674825392784e-41,0.0,3.6264549407860613e-07,0.0
5,0,1.5228790115871818e-40,0.0,5.434480954136234e-07,0.0
5,0,3.4042048366940166e-40,0.0,5.434480954136234e-07,0.0
5,0,8.074462182470352e-40,0.0,5.434480954136234e-07,0.0
5,0,2.0839948141577506e-39,0.0,5.434480954136234e-07,0.0
5,0,5.6157649621587145e-39,0.0,5.434480954136234e-07,0.0
5,0,1.504125173852643e-38,0.0,5.434480954136234e-07,0.0
5,0,3.806349126582849e-38,0.0,5.434480954136234e-07,0.0
5,0,9.113620957890749e-38,0.0,5.434480954136234e-07,0.0
5,0,2.0772163453172807e-37,0.0,5.434480954136234e-07,0.0
5,0,4.1411842485321456e-37,0.0,4.059930347466434e-07,0.0
5,0,7.028377665288682e-37,0.0,3.5907848427996214e-07,0.0
5,0,1.0342485405126121e-36,0.0,3.1904224329082354e-07,0.0
5,0,1.3798717553221099e-36,0.0,2.970895138787455e-07,0.0
5,0,1.579752263207822e-36,0.0,3.3530238852108596e-07,0.0
5,0,1.6218364271166464e-36,0.0,3.3530238852108596e-07,0.0
5,0,1.5682780346022888e-36,0.0,3.4573923812786234e-07,0.0
5,0,1.4583562598134131e-36,0.0,3.651110773716937e-07,0.0
5,0,1.358623075685658e-36,0.0,4.109284361675236e-07,0.0
5,0,1.2349888025469571e-36,0.0,4.6461730107694166e-07,0.0
5,0,1.1210202872948228e-36,0.0,4.6461730107694166e-07,0.0
5,0,9.494071209731613e-37,0.0,4.6461730107694166e-07,0.0
5,0,7.112465446226825e-37,0.0,6.219204919943877e-07,0.0
5,0,5.432240265567125e-37,0.0,6.219204919943877e-07,0.0
5,0,4.725848332523539e-37,0.0,6.219204919943877e-07,0.0
5,0,4.2484835276789326e-37,0.0,6.219204919943877e-07,0.0
5,0,3.6499128438330325e-37,0.0,6.219204919943877e-07,0.0
5,0,3.09449743837478e-37,0.0,6.219204919943877e-07,0.0
5,0,2.645481025811509e-37,0.0,6.219204919943877e-07,0.0
5,0,2.1882097724127577e-37,0.0,6.219204919943877e-07,0.0
5,0,1.7733789729750484e-37,0.0,6.219204919943877e-07,0.0
5,0,1.5091164990271824e-37,0.0,6.219204919943877e-07,0.0
5,0,1.4564384973168109e-37,0.0,5.350528340386518e-07,0.0
5,0,1.6096512715388196e-37,0.0,5.350528340386518e-07,0.0
5,0,1.9572977744063824e-37,0.0,5.350528340386518e-07,0.0
5,0,2.541100048834607e-37,0.0,4.740753070109349e-07,0.0
5,0,3.4849653238473063e-37,0.0,4.740753070109349e-07,0.0
5,0,5.1564631486756314e-37,0.0,4.234586867823964e-07,0.0
5,0,8.11864271802823e-37,0.0,4.877410901826806e-07,0.0
5,0,1.307910180359494e-36,0.0,4.0352372820962046e-07,0.0
5,0,2.1927275736881128e-36,0.0,4.0352372820962046e-07,0.0
5,0,3.861369402451051e-36,0.0,3.578904284040618e-07,0.0
5,0,7.222721164685668e-36,0.0,2.9087576081110456e-07,0.0
5,0,1.3585334658586554e-35,0.0,2.9087576081110456e-07,0.0
5,0,2.432334925501999e-35,0.0,2.9087576081110456e-07,0.0
5,0,4.0979845167191195e-35,0.0,2.4985257596199517e-07,0.0
5,0,6.153861512748244e-35,0.0,1.866570329411843e-07,0.0
5,0,7.800896958254075e-35,0.0,1.6508785449786956e-07,0.0
5,0,9.058279767804248e-35,0.0,1.6508785449786956e-07,0.0
5,0,1.017813901355939e-34,0.0,1.6508785449786956e-07,0.0
5,0,1.184491070947835e-34,0.0,1.6508785449786956e-07,0.0
5,0,1.4622317570015475e-34,0.0,1.6508785449786956e-07,0.0
5,0,1.9826750889924338e-34,0.0,1.6508785449786956e-07,0.0
5,0,2.9520592794685217e-34,0.0,1.6508785449786956e-07,0.0
5,0,4.315625905461234e-34,0.0,1.6508785449786956e-07,0.0
5,0,5.233707789608904e-34,0.0,2.1730417643084365e-07,0.0
5,0,4.905080850335484e-34,0.0,2.9087576081110456e-07,0.0
5,0,3.740952443719171e-34,0.0,2.9087576081110456e-07,0.0
5,0,2.7693870238004003e-34,0.0,2.9087576081110456e-07,0.0
5,0,2.381358472781661e-34,0.0,2.9087576081110456e-07,0.0
5,0,2.774224928978789e-34,0.0,3.559597701041639e-07,0.0
5,0,4.082801045654558e-34,0.0,4.6257250119197124e-07,0.0
5,0,6.503662835049471e-34,0.0,4.6257250119197124e-07,0.0
5,0,9.216432542290502e-34,0.0,4.706507468199561e-07,0.0
5,0,1.0503552668552771e-33,0.0,4.706507468199561e-07,0.0
5,0,9.78813234612533e-34,0.0,4.706507468199561e-07,0.0
5,0,8.454066152023417e-34,0.0,4.706507468199561e-07,0.0
5,0,7.759009824112953e-34,0.0,4.706507468199561e-07,0.0
5,0,7.79187358307768e-34,0.0,4.706507468199561e-07,0.0
5,0,8.837375271982449e-34,0.0,4.1742626422092144e-07,0.0
5,0,1.1509991971746594e-33,0.0,4.771323460772692e-07,0.0
5,0,1.71216220075469e-33,0.0,4.771323460772692e-07,0.0
5,0,2.799899537985087e-33,0.0,5.379697540774941e-07,0.0
5,0,5.052099502897367e-33,0.0,5.379697540774941e-07,0.0
5,0,9.561054374805864e-33,0.0,5.379697540774941e-07,0.0
5,0,1.8669403053173171e-32,0.0,6.502465907942678e-07,0.0
5,0,3.8734115780809515e-32,0.0,6.320276497717714e-07,0.0
5,0,9.022526042038497e-32,0.0,4.7216806819960766e-07,0.0
5,0,2.3966042363734177e-31,0.0,4.176066283889668e-07,0.0
5,0,6.574021910243247e-31,0.0,4.67730671971367e-07,0.0
5,0,1.614464815915057e-30,0.0,4.67730671971367e-07,0.0
5,0,3.2011788737487096e-30,0.0,4.67730671971367e-07,0.0
5,0,5.265256311364669e-30,0.0,4.67730671971367e-07,0.0
5,0,7.890861923436969e-30,0.0,4.67730671971367e-07,0.0
5,0,1.1799395445054619e-29,0.0,4.67730671971367e-07,0.0
5,0,1.851990716574354e-29,0.0,5.272566454550542e-07,0.0
5,0,3.0413673414032495e-29,0.0,4.707535481429659e-07,0.0
5,0,4.861677007598594e-29,0.0,4.707535481429659e-07,0.0
5,0,6.631782654891197e-29,0.0,4.707535481429659e-07,0.0
5,0,6.815879726297045e-29,0.0,4.707535481429659e-07,0.0
5,0,5.289856441094e-29,0.0,4.707535481429659e-07,0.0
5,0,3.620202829459889e-29,0.0,4.707535481429659e-07,0.0
5,0,2.636835312465464e-29,0.0,5.322587526279676e-07,0.0
5,0,2.4197685360323058e-29,0.0,5.322587526279676e-07,0.0
5,0,2.54541138417542e-29,0.0,5.322587526279676e-07,0.0
5,0,2.483713878807574e-29,0.0,4.5766191192342376e-07,0.0
5,0,1.7900684555385364e-29,0.0,5.3440874125954e-07,0.0
5,0,9.292909747665267e-30,0.0,4.740753070109349e-07,0.0
5,0,4.052769346161639e-30,0.0,4.740753070109349e-07,0.0
5,0,1.829875819103048e-30,0.0,4.740753070109349e-07,0.0
5,0,1.2644524406064999e-30,0.0,4.740753070109349e-07,0.0
5,0,9.928699480316127e-31,0.0,4.740753070109349e-07,0.0
5,0,8.385433756975834e-31,0.0,4.740753070109349e-07,0.0
5,0,7.52453227674439e-31,0.0,4.740753070109349e-07,0.0
5,0,4.58137271538734e-31,0.0,4.740753070109349e-07,0.0
5,0,3.1245117551188e-31,0.0,4.740753070109349e-07,0.0
5,0,2.442603968945604e-31,0.0,5.418841055870871e-07,0.0
5,0,2.175793208243084e-31,0.0,5.418841055870871e-07,0.0
5,0,2.0923752470998024e-31,0.0,5.418841055870871e-07,0.0
5,0,2.1990632443380045e-31,0.0,5.418841055870871e-07,0.0
5,0,2.6762053522282646e-31,0.0,5.418841055870871e-07,0.0
5,0,3.6713616635409834e-31,0.0,5.418841055870871e-07,0.0
5,0,5.444382875332256e-31,0.0,4.840276233153418e-07,0.0
5,0,7.685661938523045e-31,0.0,5.575045634031994e-07,0.0
5,0,9.766010720446503e-31,0.0,4.612413135873794e-07,0.0
5,0,1.1146183439037565e-30,0.0,3.549353380094544e-07,0.0
5,0,1.2480214744181395e-30,0.0,3.3248085173909203e-07,0.0
5,0,1.4707793826412832e-30,0.0,2.855899765563663e-07,0.0
5,0,1.9261660617146572e-30,0.0,2.855899765563663e-07,0.0
5,0,2.8326972227555393e-30,0.0,2.855899765563663e-07,0.0
5,0,4.305194994980707e-30,0.0,2.1335532096600218e-07,0.0
5,0,5.871654879758214e-30,0.0,1.8870102280743595e-07,0.0
5,0,6.1674527354617034e-30,0.0,1.6766138344337378e-07,0.0
5,0,4.800860376308825e-30,0.0,1.5876570103046106e-07,0.0
5,0,3.06662611096861e-30,0.0,1.4400963266325562e-07,0.0
5,0,2.0327189617808448e-30,0.0,1.4400963266325562e-07,0.0
5,0,1.730282461429723e-30,0.0,1.4400963266325562e-07,0.0
5,0,1.787501508230983e-30,0.0,1.4400963266325562e-07,0.0
5,0,1.7926480425492966e-30,0.0,1.5876570103046106e-07,0.0
5,0,1.3981871555742631e-30,0.0,1.5876570103046106e-07,0.0
5,0,7.980883294371387e-31,0.0,1.5876570103046106e-07,0.0
5,0,3.7555661732410663e-31,0.0,1.46760640973298e-07,0.0
5,0,1.7788322481612545e-31,0.0,1.46760640973298e-07,0.0
5,0,9.610209000237033e-32,0.0,1.6543820891001815e-07,0.0
5,0,5.728734223868268e-32,0.0,1.6543820891001815e-07,0.0
5,0,3.4076386187963683e-32,0.0,1.708572057168567e-07,0.0
5,0,2.0192864494949474e-32,0.0,1.708572057168567e-07,0.0
5,0,1.315634388280899e-32,0.0,1.708572057168567e-07,0.0
5,0,1.0611205716569875e-32,0.0,1.8483338237729185e-07,0.0
5,0,1.032552666247875e-32,0.0,1.8483338237729185e-07,0.0
5,0,1.1236146408332863e-32,0.0,2.226959736617573e-07,0.0
5,0,1.3202645039610127e-32,0.0,2.983393585509475e-07,0.0
5,0,1.7880665251760568e-32,0.0,3.363795144650794e-07,0.0
5,0,2.929094963039223e-32,0.0,3.363795144650794e-07,0.0
5,0,5.51898365008664e-32,0.0,3.1094418773136567e-07,0.0
5,0,1.0611176167131852e-31,0.0,3.75839732669192e-07,0.0
5,0,1.845937871911653e-31,0.0,3.75839732669192e-07,0.0
5,0,2.8080542771987445e-31,0.0,3.6547092463479203e-07,0.0
5,0,4.022927304023233e-31,0.0,4.091562288977002e-07,0.0
5,0,5.967202595367577e-31,0.0,4.091562288977002e-07,0.0
5,0,9.751031734213439e-31,0.0,4.091562288977002e-07,0.0
5,0,1.70321928793909e-30,0.0,4.091562288977002e-07,0.0
5,0,2.9711275368310455e-30,0.0,4.091562288977002e-07,0.0
5,0,4.610740598985276e-30,0.0,4.091562288977002e-07,0.0
5,0,5.446545427240278e-30,0.0,4.091562288977002e-07,0.0
5,0,4.426183891220249e-30,0.0,4.091562288977002e-07,0.0
5,0,2.7280480648335104e-30,0.0,4.091562288977002e-07,0.0
5,0,1.6387775595220197e-30,0.0,4.091562288977002e-07,0.0
5,0,1.1925599477842549e-30,0.0,3.6530923352984246e-07,0.0
5,0,1.0866932229595097e-30,0.0,3.2630549640089157e-07,0.0
5,0,1.0415488766873995e-30,0.0,3.75839732669192e-07,0.0
5,0,8.471226370722601e-31,0.0,3.75839732669192e-07,0.0
5,0,5.213064601590128e-31,0.0,3.1094418773136567e-07,0.0
5,0,2.4341473501827895e-31,0.0,3.1094418773136567e-07,0.0
5,0,1.012883702351673e-31,0.0,3.1094418773136567e-07,0.0
5,0,4.3364298462919644e-32,0.0,2.757804224984284e-07,0.0
5,0,2.0159574389596515e-32,0.0,2.5885142918014026e-07,0.0
5,0,1.0127128198803098e-32,0.0,2.4247555074907723e-07,0.0
5,0,5.374557729210602e-33,0.0,2.4247555074907723e-07,0.0
5,0,2.3008348805552843e-33,0.0,2.4247555074907723e-07,0.0
5,0,1.8587734598529207e-33,0.0,2.4247555074907723e-07,0.0
5,0,1.4197344415311594e-33,0.0,2.4247555074907723e-07,0.0
5,0,1.3742731675040348e-33,0.0,2.4247555074907723e-07,0.0
5,0,1.586704632418314e-33,0.0,2.4247555074907723e-07,0.0
5,0,2.0254121707981116e-33,0.0,2.4247555074907723e-07,0.0
5,0,2.932007406310282e-33,0.0,2.4247555074907723e-07,0.0
5,0,5.091017924017108e-33,0.0,2.4247555074907723e-07,0.0
5,0,1.0402537357772728e-32,0.0,2.4247555074907723e-07,0.0
5,0,2.2092945157290139e-32,0.0,2.4247555074907723e-07,0.0
5,0,4.258299511193908e-32,0.0,2.4247555074907723e-07,0.0
5,0,7.218726520766818e-32,0.0,2.4247555074907723e-07,0.0
5,0,1.123611066035823e-31,0.0,2.082784220647227e-07,0.0
5,0,1.7253538055407912e-31,0.0,2.082784220647227e-07,0.0
5,0,2.8317131291053857e-31,0.0,2.082784220647227e-07,0.0
5,0,5.097062673203488e-31,0.0,2.082784220647227e-07,0.0
5,0,9.6711569687239e-31,0.0,2.082784220647227e-07,0.0
5,0,1.6788387831972204e-30,0.0,2.082784220647227e-07,0.0
5,0,2.2641880255320753e-30,0.0,2.082784220647227e-07,0.0
5,0,2.128340369764377e-30,0.0,2.082784220647227e-07,0.0
5,0,1.4643129219628775e-30,0.0,2.082784220647227e-07,0.0
5,0,9.30804130743699e-31,0.0,2.082784220647227e-07,0.0
5,0,7.009867416310985e-31,0.0,2.082784220647227e-07,0.0
5,0,6.665347695308629e-31,0.0,2.082784220647227e-07,0.0
5,0,6.970097503673993e-31,0.0,2.082784220647227e-07,0.0
5,0,6.39358155346962e-31,0.0,2.082784220647227e-07,0.0
5,0,4.573568864247634e-31,0.0,1.925294554894208e-07,0.0
5,0,2.609352034252161e-31,0.0,1.925294554894208e-07,0.0
5,0,1.3439403184478397e-31,0.0,1.925294554894208e-07,0.0
5,0,7.219095046816521e-32,0.0,2.3330126452947297e-07,0.0
5,0,4.208755902488923e-32,0.0,2.3330126452947297e-07,0.0
5,0,2.6085887199927437e-32,0.0,2.3330126452947297e-07,0.0
5,0,1.6432591957252287e-32,0.0,2.3330126452947297e-07,0.0
5,0,1.1037339481900092e-32,0.0,1.925294554894208e-07,0.0
5,0,8.911722524781201e-33,0.0,1.925294554894208e-07,0.0
5,0,9.01012079174814e-33,0.0,1.925294554894208e-07,0.0
5,0,1.0838584098961989e-32,0.0,1.925294554894208e-07,0.0
5,0,1.44413568718849e-32,0.0,1.925294554894208e-07,0.0
5,0,2.110417811289956e-32,0.0,1.7463528934058559e-07,0.0
5,0,3.566264085785494e-32,0.0,1.7463528934058559e-07,0.0
5,0,7.305850744648477e-32,0.0,1.7463528934058559e-07,0.0
5,0,1.760214962336138e-31,0.0,2.1640103398112842e-07,0.0
5,0,4.34148018303034e-31,0.0,2.1640103398112842e-07,0.0
5,0,9.43612905587428e-31,0.0,2.1640103398112842e-07,0.0
5,0,1.7154959736286508e-30,0.0,2.1640103398112842e-07,0.0
5,0,2.7987993564575832e-30,0.0,2.6222809879072884e-07,0.0
5,0,4.563550180467572e-30,0.0,2.6222809879072884e-07,0.0
5,0,7.732201407869885e-30,0.0,2.6222809879072884e-07,0.0
5,0,1.4531531681361086e-29,0.0,2.6222809879072884e-07,0.0
5,0,2.9034116443387767e-29,0.0,2.6222809879072884e-07,0.0
5,0,5.75709222348768e-29,0.0,2.1640103398112842e-07,0.0
5,0,9.584308406260932e-29,0.0,2.1640103398112842e-07,0.0
5,0,1.1537731883378064e-28,0.0,2.1640103398112842e-07,0.0
5,0,9.797505973988723e-29,0.0,2.341026998919915e-07,0.0
5,0,6.719255131034824e-29,0.0,2.341026998919915e-07,0.0
5,0,4.67769597537566e-29,0.0,2.341026998919915e-07,0.0
5,0,3.8279253387848964e-29,0.0,2.341026998919915e-07,0.0
5,0,3.5565713963868814e-29,0.0,2.341026998919915e-07,0.0
5,0,3.07633682139045e-29,0.0,2.341026998919915e-07,0.0
5,0,2.0656753445110468e-29,0.0,2.341026998919915e-07,0.0
5,0,9.767261341736436e-30,0.0,2.341026998919915e-07,0.0
5,0,3.325436074492297e-30,0.0,2.341026998919915e-07,0.0
5,0,9.010642041393447e-31,0.0,2.341026998919915e-07,0.0
5,0,2.1787013689383167e-31,0.0,2.341026998919915e-07,0.0
5,0,4.8764086232687996e-32,0.0,2.341026998919915e-07,0.0
5,0,9.84318748066885e-33,0.0,2.1640103398112842e-07,0.0
5,0,1.755475999341933e-33,0.0,2.1640103398112842e-07,0.0
5,0,2.9356774256604127e-34,0.0,2.1640103398112842e-07,0.0
5,0,5.244510712392633e-35,0.0,2.6222809879072884e-07,0.0
5,0,1.0330977466176412e-35,0.0,2.6222809879072884e-07,0.0
5,0,2.094866211964774e-36,0.0,2.5810874149101437e-07,0.0
5,0,4.344156997178005e-37,0.0,2.5810874149101437e-07,0.0
5,0,1.0783703415848391e-37,0.0,3.2991204079735326e-07,0.0
5,0,3.9984054485894914e-38,0.0,3.2991204079735326e-07,0.0
5,0,2.476066297295331e-38,0.0,3.2991204079735326e-07,0.0
5,0,2.0366744550460913e-38,0.0,3.2991204079735326e-07,0.0
5,0,1.7153795154438875e-38,0.0,3.2991204079735326e-07,0.0
5,0,1.3954731346601302e-38,0.0,3.2991204079735326e-07,0.0
5,0,1.347596736367136e-38,0.0,3.2991204079735326e-07,0.0
5,0,1.965376303539117e-38,0.0,3.2991204079735326e-07,0.0
5,0,4.887092624708305e-38,0.0,3.2991204079735326e-07,0.0
5,0,2.0200697510452714e-37,0.0,3.2991204079735326e-07,0.0
5,0,1.1711822516334346e-36,0.0,3.2991204079735326e-07,0.0
5,0,6.824197456827988e-36,0.0,3.2991204079735326e-07,0.0
5,0,2.8035492651559375e-35,0.0,3.2991204079735326e-07,0.0
5,0,6.977334189090786e-35,0.0,2.6923555651592324e-07,0.0
5,0,1.354923049263455e-34,0.0,2.1300155594872194e-07,0.0
5,0,2.951895986653271e-34,0.0,2.1300155594872194e-07,0.0
5,0,8.618063555065632e-34,0.0,2.723923273606488e-07,0.0
5,0,2.803661516099683e-33,0.0,2.723923273606488e-07,0.0
5,0,7.298275766830378e-33,0.0,2.723923273606488e-07,0.0
5,0,1.1886536017563563e-32,0.0,2.723923273606488e-07,0.0
5,0,1.1799101657485249e-32,0.0,2.723923273606488e-07,0.0
5,0,8.183084360304706e-33,0.0,2.517953987535293e-07,0.0
5,0,4.7486634917756876e-33,0.0,2.517953987535293e-07,0.0
5,0,2.5125444604439483e-33,0.0,2.517953987535293e-07,0.0
5,0,1.1708208207832772e-33,0.0,2.517953987535293e-07,0.0
5,0,4.517850306426546e-34,0.0,2.517953987535293e-07,0.0
5,0,1.45245588786906e-34,0.0,2.517953987535293e-07,0.0
5,0,4.274974589975174e-35,0.0,2.517953987535293e-07,0.0
5,0,1.250394359971529e-35,0.0,2.1300155594872194e-07,0.0
5,0,3.617976649224219e-36,0.0,2.1300155594872194e-07,0.0
5,0,9.985687526869872e-37,0.0,2.722565000112809e-07,0.0
5,0,2.7452780088152754e-37,0.0,2.722565000112809e-07,0.0
5,0,8.46598003842562e-38,0.0,2.722565000112809e-07,0.0
5,0,3.727769593993541e-38,0.0,2.722565000112809e-07,0.0
5,0,2.1312698884555842e-38,0.0,2.722565000112809e-07,0.0
5,0,1.3952690706954585e-38,0.0,2.722565000112809e-07,0.0
5,0,9.096467331120516e-39,0.0,2.319599303746145e-07,0.0
5,0,6.38200552527137e-39,0.0,2.291613299121309e-07,0.0
5,0,6.131595981996014e-39,0.0,1.6795807766811777e-07,0.0
5,0,8.874314631222206e-39,0.0,1.6795807766811777e-07,0.0
5,0,1.988277969841112e-38,0.0,1.6795807766811777e-07,0.0
5,0,7.184760320110927e-38,0.0,1.6795807766811777e-07,0.0
5,0,3.647390922277507e-37,0.0,1.6795807766811777e-07,0.0
5,0,1.9254037696623694e-36,0.0,1.517370549208863e-07,0.0
5,0,7.53706268009017e-36,0.0,1.517370549208863e-07,0.0
5,0,1.9963967295151928e-35,0.0,1.517370549208863e-07,0.0
5,0,5.679872411350801e-38,0.0,2.5615358367758745e-07,0.0
5,0,1.2095588170173947e-37,0.0,2.8353699121907994e-07,0.0
5,0,3.6597435898859432e-37,0.0,2.8353699121907994e-07,0.0
5,0,1.3901516541908295e-36,0.0,2.803908785153908e-07,0.0
5,0,4.544542511893684e-36,0.0,2.2182690884164913e-07,0.0
5,0,9.43513726049849e-36,0.0,2.2182690884164913e-07,0.0
5,0,1.1661851272634902e-35,0.0,2.2182690884164913e-07,0.0
5,0,9.381468804193966e-36,0.0,2.0040334902660106e-07,0.0
5,0,5.9038407659207235e-36,0.0,2.0040334902660106e-07,0.0
5,0,3.324718760877895e-36,0.0,2.0040334902660106e-07,0.0
5,0,1.7104773291342965e-36,0.0,1.7664058304944774e-07,0.0
5,0,7.405015095525612e-37,0.0,1.410218146702391e-07,0.0
5,0,2.6796240842592554e-37,0.0,1.410218146702391e-07,0.0
5,0,8.460971216656888e-38,0.0,1.8025269810095779e-07,0.0
5,0,2.5758445563700045e-38,0.0,1.8025269810095779e-07,0.0
5,0,7.79526274850701e-39,0.0,1.804331333232767e-07,0.0
5,0,2.2224984454383635e-39,0.0,1.804331333232767e-07,0.0
5,0,5.837075865663291e-40,0.0,1.804331333232767e-07,0.0
5,0,1.6148295000553696e-40,0.0,1.9519259808475908e-07,0.0
5,0,5.72707553758091e-41,0.0,1.642080604824514e-07,0.0
5,0,2.869684363401083e-41,0.0,1.4459325825555425e-07,0.0
5,0,1.9262794120624974e-41,0.0,1.0398414929113642e-07,0.0
5,0,1.4092122336243058e-41,0.0,1.0398414929113642e-07,0.0
5,0,1.0501661048535053e-41,0.0,1.0398414929113642e-07,0.0
5,0,8.50439324724356e-42,0.0,1.0398414929113642e-07,0.0
5,0,9.137081783836753e-42,0.0,1.1290161694432754e-07,0.0
5,0,1.5344779839310294e-41,0.0,1.1290161694432754e-07,0.0
5,0,4.3488279151065353e-41,0.0,1.2213689615236945e-07,0.0
5,0,1.941129164875355e-40,0.0,1.1913488862091981e-07,0.0
5,0,1.0926894212837787e-39,0.0,1.1913488862091981e-07,0.0
5,0,5.637889779193617e-39,0.0,1.1913488862091981e-07,0.0
5,0,2.0020001253829022e-38,0.0,1.1913488862091981e-07,0.0
5,0,4.4770778439523097e-38,0.0,9.917091148281543e-08,0.0
5,0,8.11583270703873e-38,0.0,9.917091148281543e-08,0.0
5,0,1.759697205373546e-37,0.0,9.917091148281543e-08,0.0
5,0,5.444027291127369e-37,0.0,9.917091148281543e-08,0.0
5,0,1.984225781129905e-36,0.0,9.917091148281543e-08,0.0
5,0,5.975151711712452e-36,0.0,9.917091148281543e-08,0.0
5,0,1.1382128193958826e-35,0.0,9.917091148281543e-08,0.0
5,0,1.303526629664785e-35,0.0,9.917091148281543e-08,0.0
5,0,1.0163645450920277e-35,0.0,9.917091148281543e-08,0.0
5,0,6.439253269661227e-36,0.0,9.917091148281543e-08,0.0
5,0,3.7653715823627214e-36,0.0,9.917091148281543e-08,0.0
5,0,1.9834786705225196e-36,0.0,9.917091148281543e-08,0.0
5,0,8.796338562902236e-37,0.0,9.917091148281543e-08,0.0
5,0,3.195142945248889e-37,0.0,9.917091148281543e-08,0.0
5,0,1.0401372295065943e-37,0.0,9.917091148281543e-08,0.0
5,0,3.29141432856033e-38,0.0,9.917091148281543e-08,0.0
5,0,9.89447097934048e-39,0.0,9.917091148281543e-08,0.0
5,0,2.656505746288733e-39,0.0,9.917091148281543e-08,0.0
5,0,6.398333583243577e-40,0.0,9.917091148281543e-08,0.0
5,0,1.6034436121482628e-40,0.0,9.917091148281543e-08,0.0
5,0,5.033086081004679e-41,0.0,9.917091148281543e-08,0.0
5,0,2.1580983217897916e-41,0.0,9.917091148281543e-08,0.0
5,0,1.1432304455506588e-41,0.0,9.917091148281543e-08,0.0
5,0,6.192494601857505e-42,0.0,9.917091148281543e-08,0.0
5,0,3.174569938370542e-42,0.0,8.025455144888838e-08,0.0
5,0,1.8439773319872754e-42,0.0,8.025455144888838e-08,0.0
5,0,1.4815809946564413e-42,0.0,8.025455144888838e-08,0.0
5,0,1.7685210774048656e-42,0.0,8.025455144888838e-08,0.0
5,0,2.9961983257314474e-42,0.0,7.41119947633706e-08,0.0
5,0,6.873440622959909e-42,0.0,7.41119947633706e-08,0.0
5,0,1.8361210124629625e-41,0.0,7.41119947633706e-08,0.0
5,0,4.329593975641955e-41,0.0,7.41119947633706e-08,0.0
5,0,6.849675734155175e-41,0.0,7.41119947633706e-08,0.0
5,0,7.06417567517131e-41,0.0,7.41119947633706e-08,0.0
5,0,6.167995246972938e-41,0.0,7.41119947633706e-08,0.0
5,0,6.656967392407894e-41,0.0,1.1097425556272356e-07,0.0
5,0,1.0366633031608548e-40,0.0,1.1097425556272356e-07,0.0
5,0,1.95096992940413e-40,0.0,1.1097425556272356e-07,0.0
5,0,3.1827340910475564e-40,0.0,1.1097425556272356e-07,0.0
5,0,3.273878418130051e-40,0.0,8.98064627108397e-08,0.0
5,0,2.131457838758068e-40,0.0,8.98064627108397e-08,0.0
5,0,1.1014434438343248e-40,0.0,8.98064627108397e-08,0.0
5,0,5.551783097914887e-41,0.0,8.98064627108397e-08,0.0
5,0,2.503677686079719e-41,0.0,8.98064627108397e-08,0.0
5,0,8.586139461031963e-42,0.0,8.98064627108397e-08,0.0
5,0,2.0334878675611746e-42,0.0,8.98064627108397e-08,0.0
5,0,3.4835673391315784e-43,0.0,8.98064627108397e-08,0.0
5,0,5.656794020868531e-44,0.0,8.98064627108397e-08,0.0
5,0,1.112880581838462e-44,0.0,8.98064627108397e-08,0.0
5,0,2.909220527962632e-45,0.0,8.98064627108397e-08,0.0
5,0,9.004546278510093e-46,0.0,8.98064627108397e-08,0.0
5,0,2.9550322091522344e-46,0.0,8.98064627108397e-08,0.0
5,0,1.0847971191997635e-46,0.0,8.98064627108397e-08,0.0
5,0,5.385824254443171e-47,0.0,8.98064627108397e-08,0.0
5,0,4.227772212449914e-47,0.0,8.98064627108397e-08,0.0
5,0,5.061843591659751e-47,0.0,8.98064627108397e-08,0.0
5,0,8.191813423694744e-47,0.0,8.98064627108397e-08,0.0
5,0,1.548862438471591e-46,0.0,8.98064627108397e-08,0.0
5,0,3.516946367794602e-46,0.0,8.98064627108397e-08,0.0
5,0,1.0359349974297109e-45,0.0,8.98064627108397e-08,0.0
5,0,4.116800102021739e-45,0.0,8.98064627108397e-08,0.0
5,0,2.1617682167581039e-44,0.0,8.98064627108397e-08,0.0
5,0,1.4213136674484768e-43,0.0,8.98064627108397e-08,0.0
5,0,1.0306814312165754e-42,0.0,8.98064627108397e-08,0.0
5,0,6.429261980851484e-42,0.0,8.98064627108397e-08,0.0
5,0,2.682913707580345e-41,0.0,8.98064627108397e-08,0.0
5,0,6.924771957891023e-41,0.0,8.98064627108397e-08,0.0
5,0,1.3802303129141008e-40,0.0,8.98064627108397e-08,0.0
5,0,3.1147531187588574e-40,0.0,8.98064627108397e-08,0.0
5,0,8.99373603652855e-40,0.0,8.98064627108397e-08,0.0
5,0,2.5733823485191653e-39,0.0,8.98064627108397e-08,0.0
5,0,4.966690571209022e-39,0.0,8.98064627108397e-08,0.0
5,0,5.3902926739367885e-39,0.0,8.98064627108397e-08,0.0
5,0,3.5162790911703535e-39,0.0,8.98064627108397e-08,0.0
5,0,1.669524480125099e-39,0.0,8.98064627108397e-08,0.0
5,0,6.7565895932085955e-40,0.0,8.98064627108397e-08,0.0
5,0,2.306553204340772e-40,0.0,8.98064627108397e-08,0.0
5,0,5.912989456754488e-41,0.0,8.98064627108397e-08,0.0
5,0,1.1255044546111076e-41,0.0,8.98064627108397e-08,0.0
5,0,1.933075513922472e-42,0.0,8.98064627108397e-08,0.0
5,0,3.708448495877772e-43,0.0,8.98064627108397e-08,0.0
5,0,8.474642277165324e-44,0.0,8.98064627108397e-08,0.0
5,0,2.093230044928808e-44,0.0,8.98064627108397e-08,0.0
5,0,4.5914905876955544e-45,0.0,8.98064627108397e-08,0.0
5,0,9.169685161913662e-46,0.0,8.98064627108397e-08,0.0
5,0,1.7353671700429939e-46,0.0,8.98064627108397e-08,0.0
5,0,3.273371977888593e-47,0.0,8.98064627108397e-08,0.0
5,0,6.813017436938771e-48,0.0,8.98064627108397e-08,0.0
5,0,1.653853079552686e-48,0.0,8.98064627108397e-08,0.0
5,0,4.646616568592929e-49,0.0,8.98064627108397e-08,0.0
5,0,1.4552888398338026e-49,0.0,8.98064627108397e-08,0.0
5,0,5.28226876359166e-50,0.0,8.98064627108397e-08,0.0
5,0,2.502707811473533e-50,0.0,8.98064627108397e-08,0.0
5,0,1.7028364059241704e-50,0.0,8.98064627108397e-08,0.0
5,0,1.5755764686802028e-50,0.0,1.1052959081325753e-07,0.0
5,0,1.7591825032289775e-50,0.0,1.1052959081325753e-07,0.0
5,0,2.115749938653446e-50,0.0,1.1052959081325753e-07,0.0
5,0,2.3617458953586914e-50,0.0,1.1052959081325753e-07,0.0
5,0,2.3631875142519566e-50,0.0,1.1052959081325753e-07,0.0
5,0,2.2921636781142507e-50,0.0,1.1052959081325753e-07,0.0
5,0,2.3892296966129506e-50,0.0,1.1052959081325753e-07,0.0
5,0,2.6019762804518616e-50,0.0,1.1052959081325753e-07,0.0
5,0,2.5203997384295903e-50,0.0,1.1052959081325753e-07,0.0
5,0,1.973881384153447e-50,0.0,1.1052959081325753e-07,0.0
5,0,1.1553024712188234e-50,0.0,1.1052959081325753e-07,0.0
5,0,5.251797535974742e-51,0.0,1.1052959081325753e-07,0.0
5,0,2.180259063879934e-51,0.0,1.1052959081325753e-07,0.0
5,0,9.58303661769433e-52,0.0,1.1052959081325753e-07,0.0
5,0,4.188328120194442e-52,0.0,1.1052959081325753e-07,0.0
5,0,1.42813108679201e-52,0.0,1.1052959081325753e-07,0.0
5,0,3.0732003028443567e-53,0.0,1.1052959081325753e-07,0.0
5,0,4.4916029081536306e-54,0.0,1.1052959081325753e-07,0.0
5,0,6.1770449908393144e-55,0.0,1.1052959081325753e-07,0.0
5,0,1.0917330300659686e-55,0.0,1.1052959081325753e-07,0.0
5,0,2.684828248744633e-56,0.0,1.1052959081325753e-07,0.0
5,0,7.754299852762787e-57,0.0,1.1052959081325753e-07,0.0
5,0,2.031732147599079e-57,0.0,1.1052959081325753e-07,0.0
5,0,4.015907431500785e-58,0.0,1.1052959081325753e-07,0.0
5,0,5.684906393774671e-59,0.0,1.1052959081325753e-07,0.0
5,0,6.444978461357537e-60,0.0,1.1052959081325753e-07,0.0
5,0,7.286474282103613e-61,0.0,1.1052959081325753e-07,0.0
5,0,1.0043685364186932e-61,0.0,1.1052959081325753e-07,0.0
5,0,1.7427349354356516e-62,0.0,1.1052959081325753e-07,0.0
5,0,3.736622468525393e-63,0.0,1.1052959081325753e-07,0.0
5,0,1.0542194178102818e-63,0.0,1.1052959081325753e-07,0.0
5,0,4.4099374745688425e-64,0.0,1.1052959081325753e-07,0.0
5,0,2.9144724314907858e-64,0.0,1.1052959081325753e-07,0.0
5,0,2.8678262414112918e-64,0.0,1.1052959081325753e-07,0.0
5,0,3.631597287567196e-64,0.0,1.1659774656891386e-07,0.0
5,0,4.868514403325632e-64,0.0,1.1659774656891386e-07,0.0
5,0,5.905530098749946e-64,0.0,1.1659774656891386e-07,0.0
5,0,6.589325155000293e-64,0.0,1.1659774656891386e-07,0.0
5,0,7.906373452720927e-64,0.0,1.1659774656891386e-07,0.0
5,0,1.1675933879211423e-63,0.0,1.173153876266042e-07,0.0
5,0,2.2334448464808973e-63,0.0,1.173153876266042e-07,0.0
5,0,5.177320361335072e-63,0.0,1.173153876266042e-07,0.0
5,0,1.3321189584099374e-62,0.0,1.173153876266042e-07,0.0
5,0,3.2987369276249822e-62,0.0,1.0317534560044805e-07,0.0
5,0,7.706084202129198e-62,0.0,9.607172302139588e-08,0.0
5,0,1.8919726168822685e-61,0.0,8.540071405604976e-08,0.0
5,0,5.2714892218597165e-61,0.0,8.540071405604976e-08,0.0
5,0,1.518304570601702e-60,0.0,8.540071405604976e-08,0.0
5,0,3.930086450713752e-60,0.0,8.540071405604976e-08,0.0
5,0,8.159862476104457e-60,0.0,8.540071405604976e-08,0.0
5,0,1.3733928376986274e-59,0.0,8.540071405604976e-08,0.0
5,0,1.9944524468925382e-59,0.0,8.548627050686264e-08,0.0
5,0,2.567914399032544e-59,0.0,1.3475838045451383e-07,0.0
5,0,4.028229658950427e-59,0.0,1.3915719421220274e-07,0.0
5,0,2.5530530206103285e-59,0.0,2.643876371166698e-07,0.0
5,0,2.1522949020501273e-59,0.0,2.8704698706860654e-07,0.0
5,0,1.8259201116527538e-59,0.0,2.8704698706860654e-07,0.0
5,0,1.512534021806371e-59,0.0,3.1773296882420254e-07,0.0
5,0,1.2414436149208668e-59,0.0,2.4120637931446254e-07,0.0
5,0,1.1270526376222545e-59,0.0,2.6736719860309677e-07,0.0
5,0,1.2743110155292876e-59,0.0,2.6736719860309677e-07,0.0
5,0,1.8686390005728809e-59,0.0,2.6736719860309677e-07,0.0
5,0,3.3695051313733797e-59,0.0,2.6736719860309677e-07,0.0
5,0,7.527431142194485e-59,0.0,2.6736719860309677e-07,0.0
5,0,2.2553334592243707e-58,0.0,2.6736719860309677e-07,0.0
5,0,9.64642640996905e-58,0.0,2.6736719860309677e-07,0.0
5,0,5.453870666029983e-57,0.0,3.111390469712205e-07,0.0
5,0,3.478286248272346e-56,0.0,2.4120637931446254e-07,0.0
5,0,2.2572376666220127e-55,0.0,3.1773296882420254e-07,0.0
5,0,1.393570449500398e-54,0.0,3.1773296882420254e-07,0.0
5,0,8.171862713415562e-54,0.0,2.8704698706860654e-07,0.0
5,0,4.940770777234852e-53,0.0,2.8704698706860654e-07,0.0
5,0,3.150937391238545e-52,0.0,2.841674699993746e-07,0.0
5,0,2.034306562100193e-51,0.0,2.841674699993746e-07,0.0
5,0,1.21010789064539e-50,0.0,1.6968886029644636e-07,0.0
5,0,6.107511246247137e-50,0.0,1.8782895949698286e-07,0.0
5,0,2.4947986711438962e-49,0.0,1.8782895949698286e-07,0.0
5,0,8.180464513481009e-49,0.0,1.8782895949698286e-07,0.0
5,0,2.3180456112409923e-48,0.0,3.1454558779842046e-07,0.0
5,0,6.396435924228238e-48,0.0,3.1454558779842046e-07,0.0
5,0,1.828618605172745e-47,0.0,2.8704698706860654e-07,0.0
5,0,5.018612056989809e-47,0.0,2.8704698706860654e-07,0.0
5,0,1.086907883894087e-46,0.0,2.8704698706860654e-07,0.0
5,0,1.7294668529761404e-46,0.0,2.8704698706860654e-07,0.0
5,0,2.1385370408659034e-46,0.0,3.1773296882420254e-07,0.0
5,0,2.3286576629102472e-46,0.0,2.4120637931446254e-07,0.0
5,0,2.4858637386924186e-46,0.0,2.6736719860309677e-07,0.0
5,0,2.677054412916402e-46,0.0,3.026040076292702e-07,0.0
5,0,2.7813309501613686e-46,0.0,2.92676958224547e-07,0.0
5,0,2.6624013362544997e-46,0.0,2.92676958224547e-07,0.0
5,0,2.340680359961026e-46,0.0,2.9971133130857197e-07,0.0
5,0,1.9928902352836974e-46,0.0,4.089248761829367e-07,0.0
5,0,1.67542782823863e-46,0.0,4.114574494451517e-07,0.0
5,0,1.4427407798847357e-46,0.0,4.114574494451517e-07,0.0
5,0,1.3150588139015719e-46,0.0,4.072331591942202e-07,0.0
5,0,1.2846645647289963e-46,0.0,3.137148496534792e-07,0.0
5,0,1.3014708804717276e-46,0.0,2.466303499204514e-07,0.0
5,0,1.3216190747478501e-46,0.0,2.6051864665532776e-07,0.0
5,0,1.336923774675473e-46,0.0,1.5645339601633168e-07,0.0
5,0,1.39827803854487e-46,0.0,1.7600294199837663e-07,0.0
5,0,1.6235438698255375e-46,0.0,1.7600294199837663e-07,0.0
5,0,2.2486443432921685e-46,0.0,1.7582696898443828e-07,0.0
5,0,3.835489368421131e-46,0.0,1.999140977204661e-07,0.0
5,0,7.860278184929553e-46,0.0,1.999140977204661e-07,0.0
5,0,1.771752622100637e-45,0.0,1.999140977204661e-07,0.0
5,0,4.031042802692952e-45,0.0,1.9522165928265167e-07,0.0
5,0,8.865740508445776e-45,0.0,1.9522165928265167e-07,0.0
5,0,1.9419838615182482e-44,0.0,1.9031745068787131e-07,0.0
5,0,4.627681552994714e-44,0.0,1.9031745068787131e-07,0.0
5,0,1.25605497400864e-43,0.0,1.6815586434404395e-07,0.0
5,0,3.668596513937729e-43,0.0,1.6815586434404395e-07,0.0
5,0,1.0384879987211852e-42,0.0,1.6815586434404395e-07,0.0
5,0,2.718246277318185e-42,0.0,1.770701771874883e-07,0.0
5,0,7.012434627821654e-42,0.0,1.770701771874883e-07,0.0
5,0,1.8905399268412827e-41,0.0,1.8163301263030007e-07,0.0
5,0,4.876057582277635e-41,0.0,1.9522165928265167e-07,0.0
5,0,9.651468060014133e-41,0.0,1.9522165928265167e-07,0.0
5,0,1.2392907437456464e-40,0.0,1.9522165928265167e-07,0.0
5,0,1.1378586242510312e-40,0.0,1.8163301263030007e-07,0.0
5,0,8.974330698772945e-41,0.0,1.8163301263030007e-07,0.0
5,0,7.100764433070409e-41,0.0,1.8163301263030007e-07,0.0
5,0,5.668902467202378e-41,0.0,1.8163301263030007e-07,0.0
5,0,4.172104423874467e-41,0.0,1.85998842994195e-07,0.0
5,0,2.638222395770334e-41,0.0,1.85998842994195e-07,0.0
5,0,1.3784639167247475e-41,0.0,1.85998842994195e-07,0.0
5,0,5.7187038831132584e-42,0.0,1.85998842994195e-07,0.0
5,0,2.0592150698550383e-42,0.0,1.85998842994195e-07,0.0
5,0,7.067722475691759e-43,0.0,1.85998842994195e-07,0.0
5,0,2.666419834553317e-43,0.0,1.8163301263030007e-07,0.0
5,0,1.1920067078076394e-43,0.0,1.8163301263030007e-07,0.0
5,0,5.944756442633716e-44,0.0,1.8163301263030007e-07,0.0
5,0,2.9148472001447497e-44,0.0,1.770701771874883e-07,0.0
5,0,1.2869305791690256e-44,0.0,1.770701771874883e-07,0.0
5,0,5.2222916124492863e-45,0.0,1.3675382604105835e-07,0.0
5,0,2.154920986267991e-45,0.0,1.3675382604105835e-07,0.0
5,0,1.0323009416707307e-45,0.0,1.2337299892806186e-07,0.0
5,0,6.262751623715343e-46,0.0,1.6251506451681053e-07,0.0
5,0,4.730887243718353e-46,0.0,1.859229428191611e-07,0.0
5,0,3.9195365149749175e-46,0.0,1.859229428191611e-07,0.0
5,0,3.2630153726349165e-46,0.0,1.840578249812097e-07,0.0
5,0,2.856285115177295e-46,0.0,9.607172302139588e-08,0.0
5,0,2.942378988785995e-46,0.0,9.607172302139588e-08,0.0
5,0,4.102204026964139e-46,0.0,1.0317534560044805e-07,0.0
5,0,7.32042376833832e-46,0.0,1.173153876266042e-07,0.0
5,0,1.4501754472955646e-45,0.0,1.173153876266042e-07,0.0
5,0,3.017816638837222e-45,0.0,1.173153876266042e-07,0.0
5,0,7.328435996836659e-45,0.0,1.173153876266042e-07,0.0
5,0,2.0783404529881696e-44,0.0,9.607172302139588e-08,0.0
5,0,5.628670560241376e-44,0.0,9.607172302139588e-08,0.0
5,0,1.0608827779517e-43,0.0,9.607172302139588e-08,0.0
5,0,1.252646260190196e-43,0.0,9.607172302139588e-08,0.0
5,0,1.11364338161032e-43,0.0,9.607172302139588e-08,0.0
5,0,9.64054364525788e-44,0.0,1.840578249812097e-07,0.0
5,0,8.809266005620789e-44,0.0,1.859229428191611e-07,0.0
5,0,7.443379033400563e-44,0.0,1.859229428191611e-07,0.0
5,0,5.034262038720645e-44,0.0,1.859229428191611e-07,0.0
5,0,2.547004808861807e-44,0.0,1.859229428191611e-07,0.0
5,0,9.679645413970112e-45,0.0,1.859229428191611e-07,0.0
5,0,2.884983864633366e-45,0.0,1.859229428191611e-07,0.0
5,0,7.583668374814063e-46,0.0,1.859229428191611e-07,0.0
5,0,2.161227391898088e-46,0.0,1.859229428191611e-07,0.0
5,0,7.680569158901466e-47,0.0,1.840578249812097e-07,0.0
5,0,3.3518365502292536e-47,0.0,9.607172302139588e-08,0.0
5,0,1.5271977495609627e-47,0.0,9.607172302139588e-08,0.0
5,0,6.116827650307534e-48,0.0,1.0317534560044805e-07,0.0
5,0,2.1747080756091982e-48,0.0,1.173153876266042e-07,0.0
5,0,8.157197004328177e-49,0.0,1.173153876266042e-07,0.0
5,0,3.898389543373662e-49,0.0,1.173153876266042e-07,0.0
5,0,2.7603808464111277e-49,0.0,1.1659774656891386e-07,0.0
5,0,2.7650123915367046e-49,0.0,1.1659774656891386e-07,0.0
5,0,3.082252217285688e-49,0.0,1.1659774656891386e-07,0.0
5,0,3.2299976938565797e-49,0.0,1.1659774656891386e-07,0.0
5,0,3.3955653908963515e-49,0.0,1.1659774656891386e-07,0.0
5,0,4.638416531566806e-49,0.0,1.1659774656891386e-07,0.0
5,0,9.84409115354667e-49,0.0,1.1659774656891386e-07,0.0
5,0,2.935998459009925e-48,0.0,1.1659774656891386e-07,0.0
5,0,9.709690446851724e-48,0.0,1.1659774656891386e-07,0.0
5,0,3.2704438988930314e-47,0.0,1.1659774656891386e-07,0.0
5,0,1.237669356521204e-46,0.0,1.1659774656891386e-07,0.0
5,0,5.2968574015907854e-46,0.0,1.1659774656891386e-07,0.0
5,0,1.990776420545422e-45,0.0,1.1659774656891386e-07,0.0
5,0,5.0072807845992717e-45,0.0,1.1659774656891386e-07,0.0
5,0,7.99013609377301e-45,0.0,1.1659774656891386e-07,0.0
5,0,9.567543049906885e-45,0.0,1.1659774656891386e-07,0.0
5,0,1.1001336658810531e-44,0.0,1.173153876266042e-07,0.0
5,0,1.289833482120915e-44,0.0,1.173153876266042e-07,0.0
5,0,1.4285696554941392e-44,0.0,1.0317534560044805e-07,0.0
5,0,1.3224296251829948e-44,0.0,9.607172302139588e-08,0.0
5,0,9.792645937963022e-45,0.0,9.607172302139588e-08,0.0
5,0,5.759376975041358e-45,0.0,1.840578249812097e-07,0.0
5,0,2.6610894525190134e-45,0.0,1.840578249812097e-07,0.0
5,0,1.0076165955661918e-45,0.0,1.859229428191611e-07,0.0
5,0,3.568691998465588e-46,0.0,1.859229428191611e-07,0.0
5,0,1.4001349192530696e-46,0.0,1.859229428191611e-07,0.0
5,0,6.552400046362657e-47,0.0,1.859229428191611e-07,0.0
5,0,3.79732737936423e-47,0.0,1.840578249812097e-07,0.0
5,0,2.323207292003493e-47,0.0,1.840578249812097e-07,0.0
5,0,1.2897818489314542e-47,0.0,1.840578249812097e-07,0.0
5,0,6.487093062398508e-48,0.0,1.840578249812097e-07,0.0
5,0,3.684119743437802e-48,0.0,1.840578249812097e-07,0.0
5,0,2.879818308536199e-48,0.0,1.840578249812097e-07,0.0
5,0,3.5112998978634146e-48,0.0,1.032590120075838e-07,0.0
5,0,5.654353154655726e-48,0.0,1.032590120075838e-07,0.0
5,0,9.974740777144058e-48,0.0,1.032590120075838e-07,0.0
5,0,1.4795978511889393e-47,0.0,1.032590120075838e-07,0.0
5,0,2.0590380217898135e-47,0.0,1.108942768723864e-07,0.0
5,0,4.2728319870096587e-47,0.0,1.2609206123670447e-07,0.0
5,0,1.8992252795630043e-46,0.0,1.2609206123670447e-07,0.0
5,0,1.6726159280589033e-45,0.0,1.2609206123670447e-07,0.0
5,0,2.1143367100323787e-44,0.0,1.2609206123670447e-07,0.0
5,0,2.2779041089993877e-43,0.0,1.2532086657301988e-07,0.0
5,0,1.3023505781599557e-42,0.0,1.2532086657301988e-07,0.0
5,0,6.595175954765215e-42,0.0,1.2532086657301988e-07,0.0
5,0,8.37361161115698e-41,0.0,1.25293865949061e-07,0.0
5,0,2.949076211848856e-39,0.0,1.5482677895306551e-07,0.0
5,0,2.2037843480997e-37,0.0,1.5482677895306551e-07,0.0
5,0,2.1050257087761908e-35,0.0,1.5482677895306551e-07,0.0
5,0,1.5277293355647833e-33,0.0,1.2579815233948466e-07,0.0
5,0,6.614936656609071e-32,0.0,1.3112287433614256e-07,0.0
5,0,2.0452314041176605e-30,0.0,1.407862413316252e-07,0.0
5,0,6.474491002910302e-29,0.0,1.3345909621875762e-07,0.0
5,0,2.5263983502010693e-27,0.0,1.3345909621875762e-07,0.0
5,0,1.1210837669155148e-25,0.0,1.3345909621875762e-07,0.0
5,0,4.465710424290606e-24,0.0,1.3345909621875762e-07,0.0
5,0,1.2599614133316175e-22,0.0,1.3345909621875762e-07,0.0
5,0,2.2862069279089013e-21,0.0,1.3345909621875762e-07,0.0
5,0,2.7741482494670545e-20,0.0,1.3345909621875762e-07,0.0
5,0,2.5203160939089945e-19,0.0,1.3345909621875762e-07,0.0
5,0,1.892438113510638e-18,0.0,1.3345909621875762e-07,0.0
5,0,1.2253486976672248e-17,0.0,1.3345909621875762e-07,0.0
5,0,6.82490458410638e-17,0.0,1.3345909621875762e-07,0.0
5,0,3.2224339877405736e-16,0.0,1.3345909621875762e-07,0.0
5,0,3.997428776112104e-15,0.0,1.3345909621875762e-07,0.0
5,0,1.1313066080373451e-14,0.0,1.3345909621875762e-07,0.0
5,0,2.6894388574736043e-14,0.0,1.3345909621875762e-07,0.0
5,0,5.522517509312151e-14,0.0,1.3345909621875762e-07,0.0
5,0,1.0163035145787838e-13,0.0,1.3345909621875762e-07,0.0
5,0,1.7329658350908655e-13,0.0,1.3345909621875762e-07,0.0
5,0,2.7654662756224055e-13,0.0,1.3345909621875762e-07,0.0
5,0,4.1930808585442324e-13,0.0,1.3345909621875762e-07,0.0
5,0,6.029683542781059e-13,0.0,1.3345909621875762e-07,0.0
5,0,8.280154685000217e-13,0.0,1.3345909621875762e-07,0.0
5,0,1.0950001049359117e-12,0.0,1.3345909621875762e-07,0.0
5,0,1.4110386495778528e-12,0.0,1.7561681886490987e-07,0.0
5,0,1.7931538120191395e-12,0.0,1.7561681886490987e-07,0.0
5,0,2.2114357842702706e-12,0.0,1.6047687267928268e-07,0.0
5,0,2.6180423956801783e-12,0.0,1.736039365596298e-07,0.0
5,0,3.1465200247828924e-12,0.0,1.736039365596298e-07,0.0
5,0,3.7706539486704685e-12,0.0,1.736039365596298e-07,0.0
5,0,4.508332679483144e-12,0.0,1.736039365596298e-07,0.0
5,0,5.512066757098589e-12,0.0,1.6047687267928268e-07,0.0
5,0,6.54851940661114e-12,0.0,1.6047687267928268e-07,0.0
5,0,7.717855851433863e-12,0.0,1.6047687267928268e-07,0.0
5,0,8.92561672857916e-12,0.0,1.6047687267928268e-07,0.0
5,0,1.029547876954863e-11,0.02,1.6047687267928268e-07,0.0
5,0,1.231215691726385e-11,0.02,1.6047687267928268e-07,0.0
5,0,1.504932688067522e-11,0.02,1.6047687267928268e-07,0.0
5,0,1.7988156857577386e-11,0.02,1.6047687267928268e-07,0.0
5,0,2.0776362328637696e-11,0.02,1.6047687267928268e-07,0.0
5,0,2.3285362351512023e-11,0.02,1.6047687267928268e-07,0.0
5,0,2.4746009500304673e-11,0.02,1.6047687267928268e-07,0.0
5,0,2.597144732052264e-11,0.02,1.6047687267928268e-07,0.0
5,0,2.6172689866914695e-11,0.02,1.6047687267928268e-07,0.0
5,0,2.5669714618238186e-11,0.02,1.6047687267928268e-07,0.0
5,0,2.4630787795434666e-11,0.02,1.6047687267928268e-07,0.0
5,0,2.3328498255203466e-11,0.02,1.6047687267928268e-07,0.0
5,0,2.2077534960411344e-11,0.02,1.6047687267928268e-07,0.0
5,0,2.105017254155774e-11,0.02,1.6047687267928268e-07,0.0
5,0,1.9989227027251546e-11,0.02,1.6047687267928268e-07,0.0
5,0,1.914644558375842e-11,0.02,1.6047687267928268e-07,0.0
5,0,1.9083687507024217e-11,0.02,1.6047687267928268e-07,0.0
5,0,1.9640105557017093e-11,0.02,1.6047687267928268e-07,0.0
5,0,2.1035795172514984e-11,0.02,1.6047687267928268e-07,0.0
5,0,2.3602128722239684e-11,0.02,1.6047687267928268e-07,0.0
5,0,2.787127939139811e-11,0.02,1.6047687267928268e-07,0.0
5,0,3.466846334587643e-11,0.02,1.6047687267928268e-07,0.0
5,0,4.5539171264116344e-11,0.02,1.6047687267928268e-07,0.0
5,0,6.176620417030264e-11,0.02,1.6047687267928268e-07,0.0
5,0,8.179046691651986e-11,0.02,1.6047687267928268e-07,0.0
5,0,1.1233032812439688e-10,0.02,1.6047687267928268e-07,0.0
5,0,1.5776137517703628e-10,0.02,1.6047687267928268e-07,0.0
5,0,2.2123636629684243e-10,0.02,1.6047687267928268e-07,0.0
5,0,3.0892371774607317e-10,0.02,1.606374837592739e-07,0.0
5,0,4.3528744238517005e-10,0.02,1.940979643677565e-07,0.0
5,0,5.983164241460396e-10,0.02,1.940979643677565e-07,0.0
5,0,8.114155370026617e-10,0.04,1.940979643677565e-07,0.0
5,0,1.093966518588742e-09,0.04,1.940979643677565e-07,0.0
5,0,1.4796220232853068e-09,0.04,2.3317178943216277e-07,0.0
5,0,1.975076048606612e-09,0.04,2.1716722642395325e-07,0.0
5,0,2.567714437927856e-09,0.04,2.226396986770851e-07,0.0
5,0,3.284698611983323e-09,0.04,2.226396986770851e-07,0.0
5,0,4.077187820245097e-09,0.04,1.8954925451453164e-07,0.0
5,0,4.9211299276653665e-09,0.04,1.8185157557581988e-07,0.0
5,0,5.839680242283417e-09,0.04,1.8185157557581988e-07,0.0
5,0,6.9763269777866155e-09,0.04,2.2381480846433988e-07,0.0
5,0,8.090718439163873e-09,0.04,2.488725669991254e-07,0.0
5,0,8.926994965212105e-09,0.04,2.0221122554175963e-07,0.0
5,0,9.852083069502553e-09,0.04,2.0221122554175963e-07,0.0
5,0,1.129252792660056e-08,0.04,2.486237349330622e-07,0.0
5,0,1.2923031636695988e-08,0.04,2.486237349330622e-07,0.0
5,0,1.3939931446699936e-08,0.02,2.486237349330622e-07,0.0
5,0,1.4208539173786012e-08,0.02,2.607169733437331e-07,0.0
5,0,1.3577220857266434e-08,0.02,3.1907723041513236e-07,0.0
5,0,1.2197919636254291e-08,0.02,3.1907723041513236e-07,0.0
5,0,1.0580258985134614e-08,0.02,3.1907723041513236e-07,0.0
5,0,9.002193510605141e-09,0.02,3.1907723041513236e-07,0.0
5,0,7.515003889877104e-09,0.02,3.1907723041513236e-07,0.0
5,0,6.203583538874242e-09,0.02,3.1907723041513236e-07,0.0
5,0,5.077696512138774e-09,0.02,3.1907723041513236e-07,0.0
5,0,4.227471681065488e-09,0.02,3.5318728919264686e-07,0.0
5,0,3.564412783435117e-09,0.02,3.5318728919264686e-07,0.0
5,0,2.992935696344055e-09,0.02,3.5318728919264686e-07,0.0
5,0,2.682583559949416e-09,0.02,3.5318728919264686e-07,0.0
5,0,2.5361219001067467e-09,0.02,3.5318728919264686e-07,0.0
5,0,2.4956356193060958e-09,0.02,3.5318728919264686e-07,0.0
5,0,2.580412690705684e-09,0.02,3.5318728919264686e-07,0.0
5,0,2.6901107429319507e-09,0.02,3.5318728919264686e-07,0.0
5,0,2.8746472037215755e-09,0.02,3.5318728919264686e-07,0.0
5,0,3.0635364758377115e-09,0.02,3.5318728919264686e-07,0.0
5,0,3.3254096676920714e-09,0.02,3.5318728919264686e-07,0.0
5,0,3.658994407715866e-09,0.02,3.5318728919264686e-07,0.0
5,0,4.047273737703339e-09,0.02,3.5318728919264686e-07,0.0
5,0,4.431957526134403e-09,0.02,3.5318728919264686e-07,0.0
5,0,5.016794356454481e-09,0.02,3.5318728919264686e-07,0.0
5,0,5.622372299138491e-09,0.02,3.5318728919264686e-07,0.0
5,0,6.232563103532506e-09,0.02,3.5318728919264686e-07,0.0
5,0,6.568593453545941e-09,0.02,3.5318728919264686e-07,0.0
5,0,6.891180402761137e-09,0.02,3.5318728919264686e-07,0.0
5,0,6.8845571699916265e-09,0.02,3.5318728919264686e-07,0.0
5,0,6.922909111289137e-09,0.02,3.5318728919264686e-07,0.0
5,0,7.445052393069102e-09,0.02,3.5318728919264686e-07,0.0
5,0,8.138122339058182e-09,0.02,3.5318728919264686e-07,0.0
5,0,8.533908771439228e-09,0.02,3.5318728919264686e-07,0.0
5,0,8.944925122992863e-09,0.02,3.5318728919264686e-07,0.0
5,0,9.522127397465322e-09,0.02,3.5318728919264686e-07,0.0
5,0,1.0229676412607469e-08,0.02,3.5318728919264686e-07,0.0
5,0,1.0958165299430542e-08,0.02,3.5318728919264686e-07,0.0
5,0,1.134780726942937e-08,0.02,3.5318728919264686e-07,0.0
5,0,1.1517636522433008e-08,0.02,3.5318728919264686e-07,0.0
5,0,1.1445760543333211e-08,0.02,3.5318728919264686e-07,0.0
5,0,1.0868037255145199e-08,0.02,4.818872980649758e-07,0.0
5,0,1.0594580992489675e-08,0.02,4.818872980649758e-07,0.0
5,0,1.0325177383290133e-08,0.02,4.818872980649758e-07,0.0
5,0,9.835843619719072e-09,0.02,4.818872980649758e-07,0.0
5,0,9.028651008003631e-09,0.02,4.818872980649758e-07,0.0
5,0,8.114241362495942e-09,0.02,4.818872980649758e-07,0.0
5,0,7.499959207084459e-09,0.02,4.818872980649758e-07,0.0
5,0,7.036149330223698e-09,0.02,4.818872980649758e-07,0.0
5,0,6.610644046897667e-09,0.02,4.818872980649758e-07,0.0
5,0,6.495587045855507e-09,0.02,4.818872980649758e-07,0.0
5,0,6.537612482007098e-09,0.02,4.818872980649758e-07,0.0
5,0,6.695243196469275e-09,0.02,4.818872980649758e-07,0.0
5,0,6.840346923448504e-09,0.02,4.818872980649758e-07,0.0
5,0,7.2741407387982404e-09,0.02,4.818872980649758e-07,0.0
5,0,7.76277052189118e-09,0.02,4.818872980649758e-07,0.0
5,0,8.200188031189579e-09,0.02,4.818872980649758e-07,0.0
5,0,8.619227252999269e-09,0.02,3.5318728919264686e-07,0.0
5,0,9.091565326754689e-09,0.02,3.5318728919264686e-07,0.0
5,0,9.562072531265596e-09,0.02,3.5318728919264686e-07,0.0
5,0,1.0009054925170123e-08,0.02,3.5318728919264686e-07,0.0
5,0,1.0442795350110107e-08,0.02,3.5318728919264686e-07,0.0
5,0,1.0855874190388412e-08,0.02,3.5318728919264686e-07,0.0
5,0,1.1225382268381991e-08,0.02,3.5318728919264686e-07,0.0
5,0,1.1493565306595979e-08,0.02,3.5318728919264686e-07,0.0
5,0,1.2352631330193781e-08,0.02,3.5318728919264686e-07,0.0
5,0,1.3625108942487988e-08,0.02,3.5318728919264686e-07,0.0
5,0,1.4385507579746141e-08,0.02,3.5318728919264686e-07,0.0
5,0,1.4619192179780505e-08,0.02,2.869678894512617e-07,0.0
5,0,1.519307765343022e-08,0.02,2.869678894512617e-07,0.0
5,0,1.5915429682397468e-08,0.02,3.5318728919264686e-07,0.0
5,0,1.6151342187176778e-08,0.02,3.5318728919264686e-07,0.0
5,0,1.5431723083816593e-08,0.02,2.923014790212619e-07,0.0
5,0,1.4367409923544166e-08,0.02,2.923014790212619e-07,0.0
5,0,1.3592471760545406e-08,0.02,2.923014790212619e-07,0.0
5,0,1.3301378432876675e-08,0.02,2.923014790212619e-07,0.0
5,0,1.3369652844764479e-08,0.02,2.923014790212619e-07,0.0
5,0,1.3306431570470812e-08,0.02,2.923014790212619e-07,0.0
5,0,1.3115764405690557e-08,0.02,2.374976162400344e-07,0.0
5,0,1.2928568488035177e-08,0.02,2.374976162400344e-07,0.0
5,0,1.2458886112674964e-08,0.02,2.374976162400344e-07,0.0
5,0,1.1834709807263001e-08,0.02,2.374976162400344e-07,0.0
5,0,1.1392150946325036e-08,0.02,2.374976162400344e-07,0.0
5,0,1.1109708204140034e-08,0.02,2.374976162400344e-07,0.0
5,0,1.0913017347035252e-08,0.02,2.374976162400344e-07,0.0
5,0,1.0738635566175987e-08,0.02,2.374976162400344e-07,0.0
5,0,1.046334124801427e-08,0.02,2.374976162400344e-07,0.0
5,0,1.0075292893185236e-08,0.02,2.374976162400344e-07,0.0
5,0,9.808288282292245e-09,0.02,2.923014790212619e-07,0.0
5,0,9.661929731727177e-09,0.02,2.923014790212619e-07,0.0
5,0,9.816632322555442e-09,0.02,2.923014790212619e-07,0.0
5,0,1.048493264329305e-08,0.02,2.923014790212619e-07,0.0
5,0,1.104024742203881e-08,0.02,2.923014790212619e-07,0.0
5,0,1.1533702561746351e-08,0.02,2.923014790212619e-07,0.0
5,0,1.2882055629557195e-08,0.02,2.923014790212619e-07,0.0
5,0,1.4527046751949101e-08,0.02,2.923014790212619e-07,0.0
5,0,1.6042538928964457e-08,0.02,2.374976162400344e-07,0.0
5,0,1.7457733747696772e-08,0.02,2.374976162400344e-07,0.0
5,0,1.9089642138575867e-08,0.02,2.374976162400344e-07,0.0
5,0,2.0923534624501047e-08,0.02,2.374976162400344e-07,0.0
5,0,2.2850585682200062e-08,0.02,2.374976162400344e-07,0.0
5,0,2.4601285152747398e-08,0.02,2.374976162400344e-07,0.0
5,0,2.6238187273740018e-08,0.02,2.374976162400344e-07,0.0
5,0,2.7855456938978486e-08,0.02,2.374976162400344e-07,0.0
5,0,3.033916065618048e-08,0.02,2.374976162400344e-07,0.0
5,0,3.418420031781963e-08,0.02,2.374976162400344e-07,0.0
5,0,3.8734441896221335e-08,0.02,2.374976162400344e-07,0.0
5,0,4.20524409827966e-08,0.02,2.374976162400344e-07,0.0
5,0,4.429023295463538e-08,0.02,2.374976162400344e-07,0.0
5,0,4.6671994623665906e-08,0.02,2.374976162400344e-07,0.0
5,1,8.85337123904028e-06,0.18,0.007921207696199417,3.1988724512747623e-18
5,1,8.511116855395435e-06,0.18,0.008838532492518425,2.5026384587967886e-18
5,1,8.148483755949445e-06,0.18,0.008838532492518425,2.1361660145725203e-18
5,1,7.558104341209477e-06,0.18,0.008838532492518425,1.8996554319040616e-18
5,1,6.950051083981993e-06,0.18,0.008838532492518425,1.6669512242218421e-18
5,1,6.437651853497892e-06,0.18,0.008838532492518425,1.5338757514428064e-18
5,1,5.960146188083233e-06,0.18,0.008838532492518425,1.435221228506057e-18
5,1,5.45869591577946e-06,0.18,0.009231899864971638,1.3603910581744834e-18
5,1,4.9582167405874914e-06,0.18,0.009231899864971638,1.3153462141348723e-18
5,1,4.5043108736909605e-06,0.18,0.009231899864971638,1.329384709900816e-18
5,1,4.087309340465759e-06,0.18,0.009231899864971638,1.349181520103471e-18
5,1,3.673437996199317e-06,0.18,0.009231899864971638,1.3634614492107037e-18
5,1,3.252471229762352e-06,0.18,0.009231899864971638,1.4099711267175696e-18
5,1,2.809344337227137e-06,0.18,0.009517787024378777,1.4515243379940178e-18
5,1,2.390327691013899e-06,0.16,0.009517787024378777,1.5164278239870723e-18
5,1,2.0102043924637735e-06,0.16,0.011108982376754284,1.5476763293850646e-18
5,1,1.6825135321692788e-06,0.16,0.011108982376754284,1.4833184724035654e-18
5,1,1.4084806171587937e-06,0.16,0.011108982376754284,1.3589905379998545e-18
5,1,1.136764436992944e-06,0.16,0.011108982376754284,1.2634562437312317e-18
5,1,9.211180027906915e-07,0.16,0.011108982376754284,1.189177802868231e-18
5,1,7.430834906542953e-07,0.16,0.011108982376754284,1.1484607677934973e-18
5,1,6.002285963876118e-07,0.18,0.011108982376754284,1.1422042838328759e-18
5,1,5.00034882945036e-07,0.18,0.011108982376754284,1.173724001074209e-18
5,1,4.2863058450586025e-07,0.16,0.011108982376754284,1.1719120619424116e-18
5,1,3.651905739512792e-07,0.16,0.011108982376754284,1.229390567962037e-18
5,1,3.053922341910461e-07,0.16,0.011108982376754284,1.1604348275456618e-18
5,1,2.531480791639586e-07,0.16,0.011108982376754284,1.14333762466965e-18
5,1,2.015684116358361e-07,0.16,0.011108982376754284,1.113368354088971e-18
5,1,1.6214713080904066e-07,0.16,0.011108982376754284,1.069613601612213e-18
5,1,1.3852542464396903e-07,0.14,0.011108982376754284,1.1887379495775059e-18
5,1,1.2096180254340858e-07,0.14,0.011108982376754284,1.2412706393171001e-18
5,1,1.0548642942488604e-07,0.14,0.011108982376754284,1.280355336850537e-18
5,1,9.240470668694273e-08,0.14,0.011108982376754284,1.3351172783409616e-18
5,1,8.268085281017561e-08,0.14,0.011108982376754284,1.349752895111592e-18
5,1,7.791574033557916e-08,0.14,0.011108982376754284,1.427124784670388e-18
5,1,7.470236131142199e-08,0.14,0.011108982376754284,1.3774458680441017e-18
5,1,7.16128580585326e-08,0.14,0.012006773613393307,1.2198327027791399e-18
5,1,7.038398083830369e-08,0.14,0.012006773613393307,1.1224388030959213e-18
5,1,6.994309740588862e-08,0.14,0.012006773613393307,1.0068309033121679e-18
5,1,6.985746485976063e-08,0.14,0.012006773613393307,8.178892546237375e-19
5,1,6.99904178620855e-08,0.14,0.012006773613393307,5.882255560781099e-19
5,1,6.999380294741582e-08,0.14,0.012006773613393307,3.875997227434266e-19
5,1,6.909437914313571e-08,0.14,0.012006773613393307,2.4574822555672125e-19
5,1,6.845426775455447e-08,0.14,0.012006773613393307,1.6104029086504268e-19
5,1,6.933823292103146e-08,0.14,0.012006773613393307,1.1805622514993966e-19
5,1,7.49132409801456e-08,0.14,0.012006773613393307,1.0753652986040239e-19
5,1,8.612363519890238e-08,0.14,0.012006773613393307,1.186689204145971e-19
5,1,1.0446232212714182e-07,0.14,0.012006773613393307,1.8585324062449292e-19
5,1,1.3328185354848802e-07,0.14,0.012006773613393307,3.9778257457789577e-19
5,1,1.873487739761544e-07,0.16,0.014389070682227612,1.3112731767986612e-18
5,1,3.3015570542316106e-07,0.16,0.014470548368990421,9.563485875159394e-18
5,1,6.615621639511605e-07,0.16,0.01037207618355751,9.184881172890811e-17
5,1,1.256808947848393e-06,0.18,0.010057361796498299,1.1791784945534714e-15
5,1,1.935039057558393e-06,0.24,0.007792729884386063,1.835455852789488e-14
5,1,2.0052002040898462e-06,0.2,0.007792729884386063,2.7121258052418586e-14
5,1,1.402317022125026e-06,0.18,0.009859221987426281,3.373740699243351e-16
5,1,8.37338373222625e-07,0.16,0.00920766033232212,1.2522426731547332e-18
5,1,3.52810806726493e-07,0.16,0.007896806113421917,4.31107107827353e-21
5,1,1.2354334557449117e-07,0.16,0.01670326106250286,2.2414714271333365e-23
5,1,4.749370749401318e-08,0.14,0.01670326106250286,1.6202702066564767e-24
5,1,2.0901588502141756e-08,0.14,0.01615009270608425,4.500237485765331e-25
5,1,1.241745636057698e-08,0.14,0.01615009270608425,3.7492465878565527e-25
5,1,9.659924861516541e-09,0.14,0.01615009270608425,4.714013860699568e-25
5,1,9.022934639440372e-09,0.14,0.01615009270608425,5.804820645117171e-25
5,1,9.514675488235548e-09,0.14,0.01615009270608425,6.022603940411865e-25
5,1,1.0815692091945494e-08,0.12,0.01615009270608425,5.009969820435203e-25
5,1,1.2940247858846782e-08,0.12,0.013846944086253643,3.6321066598880216e-25
5,1,1.5418507691155352e-08,0.12,0.013846944086253643,2.3520163990481294e-25
5,1,1.7813460840379622e-08,0.12,0.013432778418064117,1.4741974984380907e-25
5,1,2.053988428860904e-08,0.12,0.013432778418064117,9.998653585197698e-26
5,1,2.2549286772962104e-08,0.12,0.013432778418064117,6.676820710475073e-26
5,1,2.411576285104459e-08,0.14,0.013432778418064117,4.833391750078356e-26
5,1,2.465714238909087e-08,0.14,0.013432778418064117,3.64633419772199e-26
5,1,2.4074553452392355e-08,0.14,0.02290339395403862,2.8326272554744274e-26
5,1,2.2349075459689298e-08,0.14,0.02055659331381321,2.2512196660686355e-26
5,1,1.99455658896601e-08,0.12,0.02055659331381321,1.838548807992036e-26
5,1,1.7854007264002833e-08,0.14,0.02055659331381321,1.5516544256819401e-26
5,1,1.6887470852417862e-08,0.16,0.02055659331381321,1.35995999311807e-26
5,1,1.8252972475445704e-08,0.18,0.018290460109710693,1.5341973344428276e-26
5,1,1.866282474772337e-08,0.18,0.018290460109710693,1.672658292971857e-26
5,1,1.7898845509158675e-08,0.18,0.018290460109710693,2.0884174182328804e-26
5,1,1.5807744429486963e-08,0.18,0.018290460109710693,2.236147338323861e-26
5,1,1.3763394199432449e-08,0.18,0.018290460109710693,2.1806172313489372e-26
5,1,1.2837867334793011e-08,0.18,0.018290460109710693,2.2095137301601277e-26
5,1,1.2734071476089075e-08,0.2,0.018290460109710693,2.4377636997380277e-26
5,1,1.2644625677427475e-08,0.2,0.017195677384734154,2.5737016900399097e-26
5,1,1.2424752699717173e-08,0.2,0.017195677384734154,2.674399322368185e-26
5,1,1.206534360984082e-08,0.2,0.017195677384734154,2.4724435350606198e-26
5,1,1.1993874320302461e-08,0.2,0.017195677384734154,2.4000245632173754e-26
5,1,1.136802562081814e-08,0.2,0.017195677384734154,1.9754947529896124e-26
5,1,1.1178928047790956e-08,0.18,0.013468795455992222,1.5773585030173144e-26
5,1,1.2274557644175186e-08,0.18,0.013468795455992222,1.6345221067338697e-26
5,1,1.3389914001729724e-08,0.18,0.013468795455992222,1.4010117291430682e-26
5,1,1.4824685196362893e-08,0.18,0.013468795455992222,1.2036496699388552e-26
5,1,1.653786455131783e-08,0.18,0.013468795455992222,1.0776816796986814e-26
5,1,1.8715877294072453e-08,0.18,0.013468795455992222,9.896987287144594e-27
5,1,2.17208957597218e-08,0.18,0.013468795455992222,9.45747158490796e-27
5,1,2.56756302704721e-08,0.18,0.013468795455992222,9.725576440606219e-27
5,1,3.0562004944398505e-08,0.18,0.013468795455992222,1.0984676252908707e-26
5,1,3.6613294948804035e-08,0.18,0.013468795455992222,1.3213908578285844e-26
5,1,4.424725477448977e-08,0.18,0.013468795455992222,1.6498448053714146e-26
5,1,5.234346800148027e-08,0.18,0.013468795455992222,1.9002714730729447e-26
5,1,6.08299550443461e-08,0.18,0.012788321822881699,2.104821102829611e-26
5,1,6.849148847716853e-08,0.18,0.012788321822881699,2.193314656360689e-26
5,1,7.618671376560854e-08,0.2,0.012788321822881699,2.2481645248792552e-26
5,1,8.36602310595115e-08,0.2,0.013819941319525242,2.2668864128314457e-26
5,1,9.029151675838795e-08,0.2,0.013819941319525242,2.2589273917804688e-26
5,1,9.670036798917083e-08,0.2,0.013819941319525242,2.2734073034743498e-26
5,1,1.0238807175251391e-07,0.2,0.013819941319525242,2.286182844204646e-26
5,1,1.0708175646997125e-07,0.2,0.013819941319525242,2.2775825655193858e-26
5,1,1.10160434831821e-07,0.2,0.013819941319525242,2.1320380366549002e-26
5,1,1.1148158462523722e-07,0.18,0.013819941319525242,1.929335142603308e-26
5,1,1.1142049775112119e-07,0.18,0.013819941319525242,1.761847030175661e-26
5,1,1.1085432450471711e-07,0.18,0.013819941319525242,1.6406753758689892e-26
5,1,1.1115824013287809e-07,0.18,0.013819941319525242,1.5867551922531775e-26
5,1,1.1242633047160498e-07,0.18,0.013819941319525242,1.6584897656313844e-26
5,1,1.1296480578948729e-07,0.18,0.013819941319525242,1.4539791166967926e-26
5,1,1.1160708796142725e-07,0.18,0.013819941319525242,1.418797769216682e-26
5,1,1.0900203411267111e-07,0.18,0.013819941319525242,1.3860635853611078e-26
5,1,1.0489944739908909e-07,0.18,0.013819941319525242,1.36114852300535e-26
5,1,1.0005463451560247e-07,0.18,0.013819941319525242,1.3546373390493658e-26
5,1,9.403206046365235e-08,0.18,0.013819941319525242,1.3288468259780874e-26
5,1,8.651418727810064e-08,0.18,0.013819941319525242,1.2596204296850548e-26
5,1,7.870700557638171e-08,0.18,0.013819941319525242,1.2060258052670424e-26
5,1,7.094142715319459e-08,0.18,0.013819941319525242,1.2148682889021086e-26
5,1,6.516395985759975e-08,0.2,0.013819941319525242,1.1528761477033812e-26
5,1,6.02920571507024e-08,0.2,0.013819941319525242,1.137086911796108e-26
5,1,5.6181849659748405e-08,0.18,0.014554504305124283,1.1145833448423164e-26
5,1,5.428031402509001e-08,0.18,0.014554504305124283,1.1860063027555215e-26
5,1,5.3529744920610684e-08,0.18,0.013468795455992222,1.331216336107266e-26
5,1,5.208526566128776e-08,0.18,0.013468795455992222,1.5344549468321888e-26
5,1,4.757362101514851e-08,0.18,0.013468795455992222,1.4775746859290518e-26
5,1,4.4223939317844e-08,0.18,0.013468795455992222,1.655979893727859e-26
5,1,3.826749356744893e-08,0.18,0.013468795455992222,1.6232008742231793e-26
5,1,3.350825721950766e-08,0.18,0.013468795455992222,1.5746651285086877e-26
5,1,3.215696881706992e-08,0.18,0.013468795455992222,1.8758198664990043e-26
5,1,3.090036198798345e-08,0.18,0.013468795455992222,2.110883930294542e-26
5,1,2.9414816779469563e-08,0.18,0.013468795455992222,2.2645441738702797e-26
5,1,2.802383430107929e-08,0.18,0.014554504305124283,2.4348455306862922e-26
5,1,2.6374735599439213e-08,0.18,0.01319130789488554,2.5013398797974148e-26
5,1,2.5174063021814408e-08,0.18,0.01319130789488554,2.62023200342191e-26
5,1,2.419290660626825e-08,0.18,0.01319130789488554,2.680241515298687e-26
5,1,2.3210812495204162e-08,0.18,0.01319130789488554,2.3713486989406138e-26
5,1,2.1416900922514492e-08,0.18,0.01319130789488554,1.9590450001486122e-26
5,1,1.94466458205016e-08,0.18,0.01319130789488554,1.3840347337204925e-26
5,1,1.8517010363665115e-08,0.18,0.01319130789488554,1.1508329671439796e-26
5,1,1.7582566512471986e-08,0.18,0.01319130789488554,9.481348493986496e-27
5,1,1.728044261336314e-08,0.18,0.01319130789488554,8.388161383417146e-27
5,1,1.7383633333284754e-08,0.18,0.01319130789488554,7.644881847375936e-27
5,1,1.789546305475427e-08,0.18,0.01319130789488554,7.333803331642576e-27
5,1,1.8640626974907593e-08,0.18,0.01319130789488554,7.175293904615662e-27
5,1,1.953981641292511e-08,0.18,0.01319130789488554,7.039840170138997e-27
5,1,2.0557123562987965e-08,0.18,0.014554504305124283,6.94591641861112e-27
5,1,2.166769173152364e-08,0.18,0.014554504305124283,6.88314034688783e-27
5,1,2.268355668234638e-08,0.18,0.014554504305124283,6.587107966252e-27
5,1,2.4870645424085442e-08,0.18,0.014554504305124283,6.77412654905969e-27
5,1,2.7069184286252778e-08,0.18,0.014554504305124283,7.844377374735343e-27
5,1,2.8811173122016133e-08,0.18,0.014554504305124283,7.787845938263733e-27
5,1,3.153224733948144e-08,0.18,0.014554504305124283,8.740594237288366e-27
5,1,3.346953063187783e-08,0.18,0.014554504305124283,8.565913161704421e-27
5,1,3.325799363018481e-08,0.18,0.014554504305124283,7.19837733055711e-27
5,1,3.1732165683887584e-08,0.18,0.014554504305124283,6.079264506634386e-27
5,1,2.937619061785679e-08,0.18,0.014554504305124283,4.8083791586302144e-27
5,1,2.8328931780768067e-08,0.18,0.014554504305124283,4.057719844228101e-27
5,1,2.8376735450257805e-08,0.18,0.014554504305124283,3.655231685916268e-27
5,1,2.8308857439482303e-08,0.18,0.014554504305124283,3.2279219498881776e-27
5,1,2.7698879217128608e-08,0.18,0.014554504305124283,2.7272496904184887e-27
5,1,2.6983364523270658e-08,0.18,0.013819941319525242,2.2681829103514083e-27
5,1,2.6727199305285102e-08,0.18,0.013819941319525242,2.015233197385533e-27
5,1,2.5868977254379543e-08,0.18,0.013819941319525242,1.6953398928897076e-27
5,1,2.4909474985848572e-08,0.18,0.013819941319525242,1.435745914208691e-27
5,1,2.4073943823051042e-08,0.2,0.013819941319525242,1.25456549913792e-27
5,1,2.3441158776573284e-08,0.2,0.013819941319525242,1.152224952270585e-27
5,1,2.2855670293167983e-08,0.2,0.012524669989943504,1.118160162675733e-27
5,1,2.223300455165333e-08,0.2,0.012524669989943504,1.1760178908035449e-27
5,1,2.155639160246408e-08,0.2,0.012524669989943504,1.3639753644591228e-27
5,1,2.053208476815322e-08,0.2,0.01017123181372881,1.5260948508702933e-27
5,1,1.9480200980775003e-08,0.2,0.010713964700698853,1.5811411064652887e-27
5,1,2.017914613292921e-08,0.2,0.010713964700698853,2.1729522227632704e-27
5,1,2.1014569942431073e-08,0.2,0.009911872446537018,3.0974249813093817e-27
5,1,2.2188468519781245e-08,0.2,0.009911872446537018,4.636749526450157e-27
5,1,2.3393415666462592e-08,0.2,0.009911872446537018,6.950661139622113e-27
5,1,2.464098685962233e-08,0.2,0.009911872446537018,1.023240185365523e-26
5,1,2.5974508486032883e-08,0.2,0.010713964700698853,1.4469631850209833e-26
5,1,2.7286968050909345e-08,0.2,0.010713964700698853,1.9764295223474202e-26
5,1,2.9101768248335495e-08,0.2,0.010713964700698853,2.7610100867856303e-26
5,1,3.130660447236087e-08,0.2,0.010713964700698853,3.7952930151918853e-26
5,1,3.402677271852999e-08,0.2,0.01094373594969511,5.1190028467479075e-26
5,1,3.693610956364025e-08,0.2,0.01094373594969511,6.561030720730602e-26
5,1,4.0025260361180314e-08,0.2,0.01094373594969511,8.016357680239674e-26
5,1,4.34686254556096e-08,0.2,0.01094373594969511,9.485548870158006e-26
5,1,4.8333045182614326e-08,0.2,0.01094373594969511,1.1814685961023914e-25
5,1,5.531387574968756e-08,0.2,0.01094373594969511,1.5771309043202065e-25
5,1,6.456905373339107e-08,0.2,0.01094373594969511,2.1817501403794235e-25
5,1,7.759845731061161e-08,0.2,0.01094373594969511,3.1844823303623313e-25
5,1,9.714419295384709e-08,0.2,0.012077510356903076,4.911869050414181e-25
5,1,1.2702070789663968e-07,0.2,0.012077510356903076,8.322289279159895e-25
5,1,1.7051815159492856e-07,0.2,0.019433390349149704,1.52128443330741e-24
5,1,2.30686504581548e-07,0.2,0.019433390349149704,2.8732889799004797e-24
5,1,3.066055408773217e-07,0.2,0.017990387976169586,4.934898069605072e-24
5,1,3.903629018814549e-07,0.2,0.017990387976169586,6.819693059304784e-24
5,1,4.361378184606112e-07,0.2,0.017990387976169586,5.3774794085789105e-24
5,1,3.9034651567185855e-07,0.2,0.017990387976169586,2.12092728825746e-24
5,1,2.875695508345949e-07,0.2,0.01672889105975628,7.261016953995701e-25
5,1,1.6932477583603297e-07,0.2,0.01672889105975628,1.8524678888861113e-25
5,1,1.1544832772172016e-07,0.18,0.01672889105975628,8.63863396528855e-26
5,1,8.247554620467243e-08,0.18,0.01672889105975628,5.290167790550983e-26
5,1,5.89055613396359e-08,0.16,0.01672889105975628,3.5525315486690164e-26
5,1,4.606427577159509e-08,0.16,0.01672889105975628,3.513180023598923e-26
5,1,3.548531203608287e-08,0.16,0.01691373996436596,3.43416759207247e-26
5,1,2.9219144596759164e-08,0.16,0.01691373996436596,3.377432469249942e-26
5,1,2.5354508827194324e-08,0.14,0.01410837285220623,3.0915831735648686e-26
5,1,2.3135182536085114e-08,0.14,0.01889924705028534,2.548398514281759e-26
5,1,2.1686143047079963e-08,0.14,0.01889924705028534,1.8942209715596577e-26
5,1,2.11829058539755e-08,0.16,0.01356583647429943,1.4431595504180163e-26
5,1,2.1578468361641736e-08,0.16,0.01356583647429943,1.1792752546370859e-26
5,1,2.2165773277508695e-08,0.18,0.012605586089193821,1.001372637516566e-26
5,1,2.334480772810226e-08,0.18,0.021277641877532005,9.430703469796911e-27
5,1,2.476417676645957e-08,0.18,0.022978151217103004,9.091517932455164e-27
5,1,2.5912185825154533e-08,0.18,0.022978151217103004,8.959722694500857e-27
5,1,2.6752853154054052e-08,0.18,0.022978151217103004,9.331790018969116e-27
5,1,2.6907014484013898e-08,0.18,0.022978151217103004,1.0105748078280459e-26
5,1,2.6447345791727135e-08,0.18,0.02084268070757389,1.0955508429086951e-26
5,1,2.5252701626423896e-08,0.18,0.02084268070757389,1.1610188254338549e-26
5,1,2.3349659543775546e-08,0.18,0.02084268070757389,1.1793787155936984e-26
5,1,2.1590539559364577e-08,0.18,0.02084268070757389,1.2255555052751067e-26
5,1,1.958490174447672e-08,0.18,0.02084268070757389,1.2595147346497069e-26
5,1,1.7589491155897523e-08,0.18,0.02084268070757389,1.3006465893603917e-26
5,1,1.5738566742265626e-08,0.18,0.02084268070757389,1.1231194515418295e-26
5,1,1.3332024130205548e-08,0.18,0.02084268070757389,1.0127591205337722e-26
5,1,1.0955591542482098e-08,0.18,0.02084268070757389,9.408138504196492e-27
5,1,8.833861928888309e-09,0.18,0.023341745138168335,8.345456583202281e-27
5,1,6.939588091306577e-09,0.18,0.023341745138168335,6.719154345471056e-27
5,1,5.983387195182582e-09,0.18,0.021620264276862144,6.126103508067872e-27
5,1,5.320077245381017e-09,0.18,0.021620264276862144,5.594522961885685e-27
5,1,4.639205264403509e-09,0.18,0.029294179752469063,4.780725115744747e-27
5,1,4.076615108145731e-09,0.18,0.0431225448846817,3.732973388865414e-27
5,1,3.567710004406e-09,0.2,0.046408142894506454,2.577423896324828e-27
5,1,3.2555585354114323e-09,0.2,0.046408142894506454,1.9315798524720902e-27
5,1,2.991657605476513e-09,0.2,0.046408142894506454,1.4385638386068211e-27
5,1,2.758399807447023e-09,0.2,0.046408142894506454,1.0829811263115557e-27
5,1,2.5967738890841184e-09,0.2,0.046408142894506454,8.317197798314276e-28
5,1,2.4407935680122103e-09,0.2,0.04305008798837662,6.151438538707303e-28
5,1,2.278737500359119e-09,0.2,0.046408142894506454,4.743970379796569e-28
5,1,2.257731749174006e-09,0.2,0.046408142894506454,4.150854734850757e-28
5,1,2.1420228291226724e-09,0.2,0.05365217849612236,3.0401225469327853e-28
5,1,1.9973908643936653e-09,0.2,0.046042341738939285,2.246953336426179e-28
5,1,1.8571200847972156e-09,0.2,0.046042341738939285,1.7282095225834458e-28
5,1,1.633446661516046e-09,0.2,0.046042341738939285,1.109843130507394e-28
5,1,1.445121577013005e-09,0.2,0.05524006113409996,7.319682726253945e-29
5,1,1.2623357192702707e-09,0.2,0.05524006113409996,4.620976100020315e-29
5,1,1.1138602524341454e-09,0.2,0.03319551423192024,2.886751115811508e-29
5,1,1.0071668095350122e-09,0.2,0.03319551423192024,1.8666872860549461e-29
5,1,9.129473427862922e-10,0.18,0.03319551423192024,1.1832930881592021e-29
5,1,8.380679293883095e-10,0.18,0.03319551423192024,7.703536212351119e-30
5,1,7.767312483764671e-10,0.18,0.03319551423192024,5.184077164979463e-30
5,1,7.291822628534432e-10,0.18,0.03319551423192024,3.6312938903681e-30
5,1,6.926624309886714e-10,0.18,0.0296735018491745,2.6335841263506175e-30
5,1,6.650012544133879e-10,0.18,0.0296735018491745,2.0055289675311333e-30
5,1,6.368894330510453e-10,0.18,0.0296735018491745,1.5500718323219818e-30
5,1,6.005952670387665e-10,0.18,0.0296735018491745,1.1780905006257396e-30
5,1,5.68365405830814e-10,0.18,0.0296735018491745,9.38961753708019e-31
5,1,5.406935397492804e-10,0.18,0.0296735018491745,7.511744622941012e-31
5,1,5.259310645154413e-10,0.18,0.0296735018491745,6.108076944471572e-31
5,1,5.2130834780621e-10,0.18,0.0296735018491745,5.217265696322387e-31
5,1,5.11913901541274e-10,0.18,0.03643839433789253,4.678831919521459e-31
5,1,5.16225047154367e-10,0.18,0.03643839433789253,4.2823818735766925e-31
5,1,5.231376692146255e-10,0.18,0.03643839433789253,4.365844793671517e-31
5,1,5.291894315018484e-10,0.18,0.03643839433789253,4.378153159920107e-31
5,1,5.433531071515484e-10,0.18,0.03643839433789253,4.566647440656383e-31
5,1,5.737766060708519e-10,0.18,0.03643839433789253,5.065821586930808e-31
5,1,6.133502297736841e-10,0.18,0.03643839433789253,5.870854661311789e-31
5,1,6.684344845239888e-10,0.18,0.03643839433789253,7.258059776496833e-31
5,1,7.251405371151147e-10,0.18,0.03643839433789253,8.952255585749405e-31
5,1,7.761622261240901e-10,0.18,0.060501739382743835,1.0587360704579362e-30
5,1,8.126458963534223e-10,0.18,0.060501739382743835,1.3484529220599043e-30
5,1,8.414134893386412e-10,0.18,0.060501739382743835,1.5561386056863496e-30
5,1,8.519959981911284e-10,0.18,0.060501739382743835,1.7331659860501287e-30
5,1,8.780365668627634e-10,0.18,0.03643839433789253,1.9418833775584037e-30
5,1,9.307041562211499e-10,0.18,0.03643839433789253,2.279664406414082e-30
5,1,9.895718818019084e-10,0.18,0.031441330909729004,2.6748938190249547e-30
5,1,1.0440079698484302e-09,0.18,0.031441330909729004,3.0556174432675843e-30
5,1,1.0913380835867207e-09,0.18,0.031441330909729004,3.3769485101383074e-30
5,1,1.122873352588574e-09,0.18,0.03643839433789253,3.62597839895323e-30
5,1,1.1450407841810576e-09,0.18,0.03643839433789253,3.8341819583708736e-30
5,1,1.1594009375257735e-09,0.16,0.03643839433789253,4.011449891898605e-30
5,1,1.1502438022835236e-09,0.16,0.03643839433789253,3.939958770509843e-30
5,1,1.1401900951740474e-09,0.14,0.03643839433789253,3.884235072066175e-30
5,1,1.1148957477143515e-09,0.14,0.04072963818907738,3.669000363718749e-30
5,1,1.0574811993791992e-09,0.14,0.04072963818907738,3.1304667169177753e-30
5,1,1.024507473829276e-09,0.14,0.04072963818907738,2.924311903094293e-30
5,1,9.743109439170534e-10,0.14,0.04072963818907738,2.6058825205186876e-30
5,1,9.380753584559395e-10,0.14,0.04072963818907738,2.3397331081365814e-30
5,1,9.254482461853892e-10,0.14,0.04072963818907738,2.1524230674290974e-30
5,1,9.39783850008186e-10,0.14,0.04072963818907738,2.0377954411052725e-30
5,1,9.29250747938772e-10,0.14,0.04072963818907738,1.7743208896283496e-30
5,1,9.234701681902376e-10,0.14,0.04072963818907738,1.72057070514039e-30
5,1,9.490506570973901e-10,0.14,0.04072963818907738,1.952430853269462e-30
5,1,9.153664733737439e-10,0.14,0.04072963818907738,1.7495068621593275e-30
5,1,8.386492064770644e-10,0.14,0.04072963818907738,1.3720621148391075e-30
5,1,6.954872747724739e-10,0.14,0.04072963818907738,7.942038561839173e-31
5,1,5.615148002007368e-10,0.14,0.04072963818907738,4.34643597134622e-31
5,1,4.695602475044617e-10,0.14,0.04072963818907738,3.032010648496857e-31
5,1,3.3062512087943196e-10,0.14,0.04072963818907738,1.1828676391378203e-31
5,1,2.7651208814190963e-10,0.14,0.04072963818907738,7.29144158262092e-32
5,1,2.3131031929709428e-10,0.14,0.04072963818907738,4.527392688431436e-32
5,1,1.8495749523635723e-10,0.14,0.03643839433789253,2.3832942251410485e-32
5,1,1.5957108455080486e-10,0.14,0.03643839433789253,1.6089063178733637e-32
5,1,1.3693377158214477e-10,0.14,0.03643839433789253,1.1014897080667288e-32
5,1,1.158328168737352e-10,0.14,0.03643839433789253,7.084566331819705e-33
5,1,9.83244455818295e-11,0.14,0.02943296544253826,4.515645018294509e-33
5,1,8.436821532765883e-11,0.14,0.02943296544253826,2.960709172550449e-33
5,1,7.357334516594935e-11,0.14,0.02943296544253826,2.002704786517301e-33
5,1,6.537623127773578e-11,0.14,0.02943296544253826,1.4397013998489819e-33
5,1,5.961799525942245e-11,0.14,0.02943296544253826,1.10379847080724e-33
5,1,5.54263978051983e-11,0.14,0.02943296544253826,8.800918857766774e-34
5,1,5.279909174069436e-11,0.14,0.02943296544253826,7.3520412551416855e-34
5,1,5.2783185335933215e-11,0.14,0.02943296544253826,6.801290468535269e-34
5,1,5.526679820177362e-11,0.14,0.02943296544253826,6.8746927439044286e-34
5,1,5.957951230034206e-11,0.14,0.02943296544253826,7.304573323887543e-34
5,1,6.669229092280245e-11,0.14,0.02943296544253826,8.385028038090887e-34
5,1,7.707199327927376e-11,0.14,0.02943296544253826,1.0337710580863907e-33
5,1,9.181313005442047e-11,0.14,0.02943296544253826,1.3527941637568131e-33
5,1,1.1082233987258419e-10,0.14,0.02943296544253826,1.8569956495771552e-33
5,1,1.4035214764012151e-10,0.14,0.02943296544253826,2.7269711207680606e-33
5,1,1.8418298638671648e-10,0.14,0.02943296544253826,4.4058266626208446e-33
5,1,2.3790837892456023e-10,0.14,0.02943296544253826,7.016145948446125e-33
5,1,3.0660327785620204e-10,0.14,0.02943296544253826,1.1764186567240185e-32
5,1,3.8953750120063866e-10,0.14,0.02943296544253826,1.9479206518920376e-32
5,1,4.758584559495809e-10,0.14,0.02943296544253826,2.912996958876526e-32
5,1,5.879666908945497e-10,0.14,0.02943296544253826,4.4865774674557724e-32
5,1,6.948091286542136e-10,0.14,0.03241942450404167,6.287245558325034e-32
5,1,8.150963307613644e-10,0.14,0.03241942450404167,8.581654778128656e-32
5,1,9.54316211916088e-10,0.14,0.03241942450404167,1.183634884300602e-31
5,1,7.602799675021393e-10,0.14,0.02353830263018608,4.7055174045266514e-32
5,1,8.772421160279575e-10,0.14,0.02353830263018608,6.239697987328624e-32
5,1,1.0320849261304332e-09,0.14,0.025942640379071236,8.505976451822717e-32
5,1,1.2509961241472224e-09,0.14,0.027957523241639137,1.1697023375074809e-31
5,1,1.5566492892274273e-09,0.14,0.020919345319271088,1.5618767578500016e-31
5,1,2.005651364940081e-09,0.14,0.020919345319271088,2.1138602229339878e-31
5,1,2.5749208036171006e-09,0.14,0.020919345319271088,2.932879564199922e-31
5,1,3.4122755718492363e-09,0.14,0.027957523241639137,5.1718483561885364e-31
5,1,4.719623837884846e-09,0.14,0.027957523241639137,1.2493435138787988e-30
5,1,5.529896899458112e-09,0.14,0.027957523241639137,1.801052759640625e-30
5,1,6.021716435878354e-09,0.14,0.027957523241639137,2.0869162467210498e-30
5,1,6.8783599827925085e-09,0.14,0.027957523241639137,2.860343193234409e-30
5,1,7.560660443923292e-09,0.14,0.027957523241639137,3.447706123052156e-30
5,1,8.070346673477221e-09,0.14,0.027957523241639137,3.839802514079669e-30
5,1,8.396858124003898e-09,0.14,0.027957523241639137,4.1427042745577486e-30
5,1,8.481948323945801e-09,0.14,0.027957523241639137,4.319743503904584e-30
5,1,8.354033373851526e-09,0.14,0.027957523241639137,4.345957592165209e-30
5,1,8.044518707138111e-09,0.14,0.027957523241639137,4.105075289794706e-30
5,1,7.642603891035111e-09,0.14,0.027957523241639137,3.721124604420651e-30
5,1,7.303916464773866e-09,0.14,0.027957523241639137,3.171429967897038e-30
5,1,7.163933261664013e-09,0.14,0.022729989141225815,2.7598252607023743e-30
5,1,7.3066228590095745e-09,0.14,0.022729989141225815,2.6460308247744123e-30
5,1,7.58850954097443e-09,0.14,0.022729989141225815,2.6983425803351577e-30
5,1,7.899322702636005e-09,0.16,0.022729989141225815,2.753158609060895e-30
5,1,8.114676203150206e-09,0.16,0.022729989141225815,2.734527493798102e-30
5,1,8.395484804077138e-09,0.16,0.027957523241639137,2.79877700574851e-30
5,1,8.596319925997981e-09,0.16,0.027957523241639137,2.771578323419636e-30
5,1,9.125360936118765e-09,0.16,0.027957523241639137,2.949699571806516e-30
5,1,1.1022204919697545e-08,0.16,0.027957523241639137,4.404371197841751e-30
5,1,1.3283878522627381e-08,0.16,0.027957523241639137,5.8585746950067146e-30
5,1,1.5781551142890118e-08,0.16,0.03241942450404167,7.131349949037516e-30
5,1,1.8570042881411014e-08,0.16,0.03241942450404167,9.019825069904728e-30
5,1,2.1154366077103384e-08,0.16,0.03241942450404167,1.0670930829758981e-29
5,1,2.4223712767018112e-08,0.16,0.03241942450404167,1.2826702457415605e-29
5,1,2.836069402175356e-08,0.16,0.03241942450404167,1.609958567518974e-29
5,1,3.3567345105384815e-08,0.16,0.03241942450404167,2.14795340532535e-29
5,1,4.02812797737827e-08,0.16,0.03241942450404167,3.0184419924369536e-29
5,1,4.826231270289879e-08,0.16,0.03241942450404167,4.2910528653377365e-29
5,1,5.7889544113978445e-08,0.16,0.03241942450404167,6.167882730425589e-29
5,1,6.986275516718679e-08,0.16,0.03241942450404167,9.003980684993497e-29
5,1,8.406488027360402e-08,0.16,0.03241942450404167,1.322332666460339e-28
5,1,1.0018497784754638e-07,0.16,0.03241942450404167,1.9454665777431e-28
5,1,1.1668937381993051e-07,0.16,0.03241942450404167,2.8513038937025746e-28
5,1,1.3531935696327564e-07,0.18,0.036255162209272385,4.173559522965138e-28
5,1,1.5968889421666344e-07,0.2,0.036255162209272385,5.024336187003283e-28
5,1,1.8317714967619793e-07,0.2,0.036255162209272385,8.47176619489599e-28
5,1,2.1202934703289435e-07,0.2,0.036255162209272385,1.2154843361134198e-27
5,1,2.4060112138415344e-07,0.2,0.036255162209272385,1.6840342989301657e-27
5,1,2.6717869306895723e-07,0.2,0.036255162209272385,2.2064472259840755e-27
5,1,2.900817302540594e-07,0.2,0.036255162209272385,2.7235590308660594e-27
5,1,3.0691242159478863e-07,0.2,0.036255162209272385,3.1471266850122054e-27
5,1,3.238513871222246e-07,0.2,0.036255162209272385,3.402816225916966e-27
5,1,3.3115594335704504e-07,0.2,0.036255162209272385,3.611599743026175e-27
5,1,3.3596950407840503e-07,0.22,0.036255162209272385,3.985069529679937e-27
5,1,3.377036657548795e-07,0.24,0.04257712885737419,3.878940004536512e-27
5,1,3.280830491922417e-07,0.24,0.04257712885737419,3.652638999025134e-27
5,1,3.105708003651577e-07,0.24,0.04257712885737419,3.307875198192464e-27
5,1,2.884005205580784e-07,0.24,0.04257712885737419,2.8610894956017575e-27
5,1,2.630015693029448e-07,0.24,0.04257712885737419,2.319828840333091e-27
5,1,2.3800365203740879e-07,0.24,0.04257712885737419,1.799949666714017e-27
5,1,2.131053169527337e-07,0.24,0.04257712885737419,1.3604054607142066e-27
5,1,1.8854733818364652e-07,0.24,0.04257712885737419,1.0014905044291624e-27
5,1,1.6470524343777423e-07,0.24,0.04257712885737419,7.132064288490952e-28
5,1,1.430206933870605e-07,0.22,0.05381828546524048,4.987157553874346e-28
5,1,1.2309360913159487e-07,0.22,0.05381828546524048,3.3892895532490593e-28
5,1,1.049158643875864e-07,0.22,0.05381828546524048,2.2093851839659896e-28
5,1,8.988979089596055e-08,0.22,0.05381828546524048,1.4550598137664867e-28
5,1,7.746228244492789e-08,0.22,0.05381828546524048,9.650727219618175e-29
5,1,6.756047067273345e-08,0.22,0.05381828546524048,6.604110677654159e-29
5,1,5.964002129109277e-08,0.22,0.05381828546524048,4.7195644538734974e-29
5,1,5.3146440490088366e-08,0.22,0.04257712885737419,3.4294101647386696e-29
5,1,4.750858068236094e-08,0.22,0.038098979741334915,2.535720591718107e-29
5,1,4.1758771600674004e-08,0.2,0.038098979741334915,1.7836529229885671e-29
5,1,3.6143922145166344e-08,0.2,0.038098979741334915,1.2205382411028592e-29
5,1,3.133330350463896e-08,0.18,0.038098979741334915,8.532961264709402e-30
5,1,2.6880271427840805e-08,0.18,0.038098979741334915,5.9895962357448474e-30
5,1,2.3311882946257503e-08,0.18,0.038098979741334915,4.264208636873432e-30
5,1,2.0475287263679277e-08,0.18,0.038098979741334915,3.0178534177135195e-30
5,1,1.8429228566248353e-08,0.18,0.038098979741334915,2.2425925119337812e-30
5,1,1.7162419017180614e-08,0.18,0.038098979741334915,1.80252372625147e-30
5,1,1.603453316404397e-08,0.18,0.038098979741334915,1.4686985650247271e-30
5,1,1.5046713825991286e-08,0.16,0.03241942450404167,1.285584098754198e-30
5,1,1.4318436402148194e-08,0.16,0.03241942450404167,1.1697076272320596e-30
5,1,1.4096439409664724e-08,0.16,0.03241942450404167,1.1008775429349152e-30
5,1,1.3961101530073586e-08,0.16,0.03241942450404167,1.087388134002167e-30
5,1,1.4497713100328061e-08,0.16,0.03241942450404167,1.1131576973190855e-30
5,1,1.5522935791597326e-08,0.16,0.03241942450404167,1.2739846026189279e-30
5,1,1.655349023271449e-08,0.16,0.03241942450404167,1.4055108536115298e-30
5,1,1.8629485031415684e-08,0.16,0.03241942450404167,1.7035640290308854e-30
5,1,2.2077629678844618e-08,0.16,0.03241942450404167,2.3077510101557932e-30
5,1,2.5839305810171425e-08,0.16,0.03241942450404167,3.023661112122966e-30
5,1,3.054428020974736e-08,0.16,0.027957523241639137,4.257089843084852e-30
5,1,3.6304364439927236e-08,0.16,0.027957523241639137,5.4703824498567005e-30
5,1,4.2051499232716096e-08,0.16,0.027957523241639137,7.327584154777347e-30
5,1,5.06533284351948e-08,0.18,0.027957523241639137,1.0888952870311077e-29
5,1,5.927856390456125e-08,0.2,0.027957523241639137,1.4745094191629888e-29
5,1,6.94237687759083e-08,0.2,0.027957523241639137,2.0795660404125897e-29
5,1,8.093736103878449e-08,0.2,0.027957523241639137,2.831240097209745e-29
5,1,9.345469927502443e-08,0.2,0.027957523241639137,3.5193176902940806e-29
5,1,1.0661183751631627e-07,0.18,0.027957523241639137,4.135017030509021e-29
5,1,1.1996288335181087e-07,0.16,0.020919345319271088,4.7032452068603537e-29
5,1,1.3357251696993303e-07,0.16,0.020919345319271088,5.220814504363565e-29
5,1,1.4753784070127407e-07,0.16,0.020919345319271088,5.611423791593785e-29
5,1,1.6067569901441718e-07,0.16,0.020919345319271088,5.810214067481682e-29
5,1,1.7188754530775015e-07,0.16,0.020919345319271088,5.810967587572423e-29
5,1,1.8141361854276289e-07,0.14,0.01940157637000084,5.786502860600737e-29
5,1,1.9018413681341876e-07,0.14,0.01940157637000084,5.705229218800703e-29
5,1,1.931751902352171e-07,0.14,0.01940157637000084,5.149057363901234e-29
5,1,1.858722082024268e-07,0.14,0.01940157637000084,4.141805331709878e-29
5,1,1.794884854920436e-07,0.14,0.01940157637000084,3.5709768490070686e-29
5,1,1.672049118585689e-07,0.16,0.01940157637000084,2.811480055980332e-29
5,1,1.5873328247646346e-07,0.16,0.01940157637000084,2.291968879425382e-29
5,1,1.3978359100172228e-07,0.16,0.01940157637000084,1.53242860251162e-29
5,1,1.0575538631736967e-07,0.16,0.01940157637000084,6.494258341965295e-30
5,1,8.322654973291485e-08,0.16,0.01940157637000084,4.15314755444955e-30
5,1,6.213845252530036e-08,0.16,0.01940157637000084,2.5835328934462775e-30
5,1,4.726956927814734e-08,0.16,0.01940157637000084,1.3902599899039614e-30
5,1,3.911269046570499e-08,0.16,0.01940157637000084,8.655600308212047e-31
5,1,3.2998288418750525e-08,0.16,0.01940157637000084,6.05994233159636e-31
5,1,2.7734953785761e-08,0.16,0.01940157637000084,4.223200905187934e-31
5,1,2.281641456190776e-08,0.16,0.01940157637000084,2.8047716037597374e-31
5,1,1.856150592456324e-08,0.16,0.01940157637000084,1.7212590981421185e-31
5,1,1.4805688411883325e-08,0.16,0.013076020404696465,1.0664571405321033e-31
5,1,1.1629205168257816e-08,0.16,0.013076020404696465,6.681717952573978e-32
5,1,9.192093584554782e-09,0.16,0.015234909020364285,4.052388057828421e-32
5,1,7.2119491711180474e-09,0.14,0.011201461777091026,2.4981473700560787e-32
5,1,5.713740105209127e-09,0.14,0.015234909020364285,1.570605185440521e-32
5,1,4.59116005168216e-09,0.14,0.015234909020364285,1.0371881834300327e-32
5,1,3.864976651686401e-09,0.14,0.015234909020364285,7.405158171435498e-33
5,1,3.3606560497123672e-09,0.14,0.022580944001674652,5.825516373173031e-33
5,1,2.967929862837653e-09,0.14,0.022580944001674652,4.8253609637713036e-33
5,1,2.692271485917344e-09,0.14,0.022580944001674652,4.436589349781864e-33
5,1,2.519504928800522e-09,0.14,0.022580944001674652,4.510032767453302e-33
5,1,2.45671785262483e-09,0.14,0.022580944001674652,4.999354331502157e-33
5,1,2.3768735798959656e-09,0.14,0.022580944001674652,5.243277123479459e-33
5,1,2.4022673583509853e-09,0.14,0.022580944001674652,6.038705865348084e-33
5,1,2.4895373806668755e-09,0.14,0.022580944001674652,7.6025442440897e-33
5,1,2.6519863355200583e-09,0.14,0.022580944001674652,1.0287869987731027e-32
5,1,3.057204401804181e-09,0.14,0.022580944001674652,1.490085291777133e-32
5,1,3.6593170003137426e-09,0.14,0.022580944001674652,2.07018367238427e-32
5,1,4.235096358743263e-09,0.14,0.022580944001674652,2.856501818755244e-32
5,1,4.574424409328349e-09,0.14,0.022580944001674652,3.078828061177254e-32
5,1,4.660928186323412e-09,0.14,0.022580944001674652,3.545819052917126e-32
5,1,4.263255458049302e-09,0.14,0.022580944001674652,2.6250960579674824e-32
5,1,4.478045317644332e-09,0.14,0.022580944001674652,2.63243672631478e-32
5,1,5.035085636508001e-09,0.14,0.022580944001674652,3.1833295089653556e-32
5,1,5.547553703536274e-09,0.14,0.022580944001674652,3.7061053483650253e-32
5,1,5.909597393666902e-09,0.14,0.019942017272114754,4.1773578010002156e-32
5,1,6.14329158879066e-09,0.14,0.019942017272114754,4.485447817384632e-32
5,1,6.1862287819094674e-09,0.14,0.016188284382224083,4.402921942611566e-32
5,1,6.004099614341259e-09,0.14,0.016188284382224083,4.0950294092780873e-32
5,1,5.708062799475611e-09,0.14,0.016188284382224083,3.776405788015952e-32
5,1,5.3361944893027975e-09,0.14,0.016188284382224083,3.442761406065422e-32
5,1,4.86349938978145e-09,0.16,0.017459139227867126,3.0017990918622206e-32
5,1,4.302192825745593e-09,0.16,0.017459139227867126,2.48537239132493e-32
5,1,3.6976359050194966e-09,0.16,0.017459139227867126,2.0538069789622015e-32
5,1,3.0965797566841198e-09,0.16,0.021501127630472183,1.6746836021991203e-32
5,1,2.5924156451736715e-09,0.16,0.021501127630472183,1.3014416644835845e-32
5,1,2.202133287177755e-09,0.16,0.021501127630472183,9.896315023524031e-33
5,1,1.8928622868914946e-09,0.16,0.021501127630472183,7.594717655765131e-33
5,1,1.647636671473286e-09,0.16,0.021501127630472183,5.867937392900315e-33
5,1,1.4483995546206602e-09,0.16,0.021501127630472183,4.34371317378141e-33
5,1,1.269333736631574e-09,0.16,0.021501127630472183,3.263358927610863e-33
5,1,1.1308846281129389e-09,0.16,0.021501127630472183,2.5373602085605793e-33
5,1,1.0079630872254615e-09,0.16,0.021501127630472183,2.0679809061734243e-33
5,1,8.863343388724025e-10,0.16,0.021501127630472183,1.7138667227370642e-33
5,1,8.155940718106109e-10,0.16,0.021501127630472183,1.3622085878099534e-33
5,1,7.60863091512558e-10,0.16,0.021501127630472183,1.0932883574494386e-33
5,1,7.150694059009146e-10,0.16,0.021501127630472183,9.025382259121174e-34
5,1,6.748030215035481e-10,0.16,0.021501127630472183,7.626562807919365e-34
5,1,6.366785414248676e-10,0.16,0.021501127630472183,6.3399351089539265e-34
5,1,6.07934601444835e-10,0.16,0.021501127630472183,5.344018183206379e-34
5,1,5.840796162661564e-10,0.16,0.021501127630472183,4.6638027650687155e-34
5,1,6.038608438710474e-10,0.16,0.021501127630472183,4.441209593593572e-34
5,1,6.157842813378739e-10,0.16,0.021501127630472183,3.9766124409978525e-34
5,1,5.970514348598066e-10,0.16,0.021501127630472183,3.3108930263399875e-34
5,1,5.765008902792817e-10,0.16,0.021501127630472183,2.9689752396418817e-34
5,1,5.401951777955264e-10,0.16,0.021501127630472183,2.546697490796947e-34
5,1,5.141972127192431e-10,0.16,0.021501127630472183,2.3668204524159915e-34
5,1,4.954613235065312e-10,0.16,0.021501127630472183,2.297399016216541e-34
5,1,4.773618827398838e-10,0.16,0.021501127630472183,2.1944523433783943e-34
5,1,4.689547262523382e-10,0.14,0.017459139227867126,1.976919078152816e-34
5,1,4.728214202931711e-10,0.14,0.017459139227867126,1.7160575962511574e-34
5,1,5.023264432271306e-10,0.14,0.017459139227867126,1.5971270701010826e-34
5,1,5.69864550140038e-10,0.14,0.017459139227867126,1.6731746669370728e-34
5,1,6.877095543111214e-10,0.14,0.017459139227867126,1.99061611281604e-34
5,1,8.728696104791846e-10,0.14,0.017459139227867126,2.695559615826685e-34
5,1,1.1225361742645828e-09,0.14,0.017459139227867126,4.032183936432976e-34
5,1,1.477298840799564e-09,0.14,0.017459139227867126,6.703871374210872e-34
5,1,1.9655302653883094e-09,0.14,0.017459139227867126,1.2138958227182323e-33
5,1,2.6042284487654087e-09,0.14,0.019560612738132477,2.2545035743161047e-33
5,1,3.346801200910985e-09,0.16,0.019560612738132477,4.219751049673461e-33
5,1,4.274821891777758e-09,0.16,0.019560612738132477,8.072887451844529e-33
5,1,5.429270290222163e-09,0.16,0.019560612738132477,1.5391579197569417e-32
5,1,6.6667405444483064e-09,0.18,0.019560612738132477,2.3859141081754437e-32
5,1,8.057414105011682e-09,0.18,0.010935775004327297,3.48690621478979e-32
5,1,1.0614896515287182e-08,0.18,0.010935775004327297,6.632503530588101e-32
5,1,1.558745313749652e-08,0.18,0.010935775004327297,1.6297797767724265e-31
5,1,2.5433648258467443e-08,0.18,0.010935775004327297,5.030887775615331e-31
5,1,3.631814964886618e-08,0.18,0.010935775004327297,1.0168567802409646e-30
5,1,4.8805886660235405e-08,0.18,0.010935775004327297,2.2856552898631607e-30
5,1,6.131846868057297e-08,0.18,0.010935775004327297,4.911407614571764e-30
5,1,6.465965873776312e-08,0.18,0.010935775004327297,5.813337534646958e-30
5,1,7.663194518342666e-08,0.18,0.010935775004327297,9.173197554268944e-30
5,1,9.041463737552202e-08,0.18,0.024077199399471283,1.269904790865642e-29
5,1,1.0167031147421501e-07,0.18,0.027248119935393333,1.791563228845307e-29
5,1,1.1278693147113512e-07,0.18,0.027248119935393333,2.6086191465990403e-29
5,1,1.1739343293107744e-07,0.18,0.027248119935393333,2.9695826543806185e-29
5,1,1.1712418173186752e-07,0.18,0.027248119935393333,2.9535179912319984e-29
5,1,1.1486443001849794e-07,0.18,0.027248119935393333,2.768272419531112e-29
5,1,1.1071910377116569e-07,0.18,0.027248119935393333,2.5419383361729394e-29
5,1,1.0517484927442371e-07,0.18,0.027248119935393333,2.3158917881369327e-29
5,1,1.0072926059969573e-07,0.18,0.031600501388311386,2.129076433068094e-29
5,1,9.748983268072786e-08,0.16,0.031600501388311386,1.9419955103155173e-29
5,1,9.385239793341201e-08,0.16,0.031600501388311386,1.7087003939146e-29
5,1,8.976349996706934e-08,0.14,0.031600501388311386,1.5730598562703913e-29
5,1,8.644189560896591e-08,0.14,0.031600501388311386,1.3279276434120608e-29
5,1,8.440531317250235e-08,0.14,0.031600501388311386,1.2147413424335306e-29
5,1,8.314264117520948e-08,0.16,0.031600501388311386,1.1254852476354809e-29
5,1,8.451019216036833e-08,0.16,0.031600501388311386,1.1340010177184875e-29
5,1,8.770752200930877e-08,0.16,0.031600501388311386,1.2039738894116369e-29
5,1,8.982908288942457e-08,0.16,0.031600501388311386,1.1774484926310945e-29
5,1,9.789712490836544e-08,0.16,0.031600501388311386,1.3610581523538284e-29
5,1,1.1179627599410768e-07,0.16,0.025709813460707664,1.8164472969697284e-29
5,1,1.3105838282151483e-07,0.16,0.022150207310914993,2.608858082282766e-29
5,1,1.647965693077757e-07,0.16,0.010049711912870407,4.646961408868406e-29
5,1,2.2269979827547267e-07,0.16,0.008869980461895466,1.0077058896198132e-28
5,1,3.074695463605773e-07,0.16,0.010402996093034744,2.445370583757973e-28
5,1,4.430896479497152e-07,0.16,0.010402996093034744,6.572897492157339e-28
5,1,6.749633911567263e-07,0.16,0.010402996093034744,2.0330929235388193e-27
5,1,1.0378808170147272e-06,0.16,0.010402996093034744,6.626095721674198e-27
5,1,1.5394662968599326e-06,0.16,0.010402996093034744,1.8141785526989465e-26
5,1,2.256107594540937e-06,0.16,0.010402996093034744,4.5892568643935455e-26
5,1,3.243488828326667e-06,0.16,0.01283275242894888,1.202209228414849e-25
5,1,4.389158426385314e-06,0.16,0.007912171073257923,2.4093638751483353e-25
5,1,6.029321262278887e-06,0.16,0.007912171073257923,5.295804201718787e-25
5,1,8.414045223229461e-06,0.16,0.011775262653827667,1.218020466145807e-24
5,1,1.1255136194319597e-05,0.16,0.011775262653827667,2.4588926549940562e-24
5,1,1.4652051664254587e-05,0.16,0.011746427044272423,4.382413418176747e-24
5,1,1.836365705044262e-05,0.16,0.011746427044272423,7.644630151443364e-24
5,1,2.2134889186116195e-05,0.18,0.01345018669962883,1.2313635158765094e-23
5,1,2.6063393683681362e-05,0.18,0.012626678682863712,1.937007405319666e-23
5,1,2.9974660445302656e-05,0.18,0.009277264587581158,2.9009451021739895e-23
5,1,3.390672161017761e-05,0.18,0.014881380833685398,4.443826712964746e-23
5,1,3.8389232595804075e-05,0.18,0.014881380833685398,6.671993054298444e-23
5,1,4.311619971609626e-05,0.18,0.016094475984573364,9.150965098672679e-23
5,1,4.848201483151814e-05,0.18,0.016094475984573364,1.2878078547086117e-22
5,1,5.4512705653254006e-05,0.18,0.021545076742768288,1.8343982163392155e-22
5,1,6.271900443457674e-05,0.18,0.021545076742768288,2.654746662364305e-22
5,1,7.280060415035703e-05,0.2,0.021545076742768288,3.8654931564879004e-22
5,1,8.338431996987724e-05,0.2,0.021545076742768288,5.845806658921484e-22
5,1,9.31258756759222e-05,0.2,0.021545076742768288,8.76268208132438e-22
5,1,0.0001005794195248268,0.2,0.022680802270770073,1.18059716433736e-21
5,1,0.00010915240034450885,0.2,0.022680802270770073,1.5876734232900188e-21
5,1,0.00011843308757076232,0.2,0.040386490523815155,2.073451393883123e-21
5,1,0.0001263439629986231,0.2,0.040386490523815155,2.681035546694104e-21
5,1,0.00013200861547648743,0.2,0.040386490523815155,3.344044233668797e-21
5,1,0.00013306339772112873,0.2,0.040386490523815155,4.1138406048647006e-21
5,1,0.00013428079203761233,0.2,0.040386490523815155,4.544115483369707e-21
5,1,0.0001316660967596876,0.2,0.040386490523815155,4.753171246805063e-21
5,1,0.00012655816508935238,0.2,0.03196471184492111,4.730217792600284e-21
5,1,0.00011985320737878556,0.2,0.03196471184492111,4.485370715697454e-21
5,1,0.00011407793287092708,0.2,0.03196471184492111,4.25423512679997e-21
5,1,0.00010434512475697385,0.2,0.03037855215370655,3.4692265890997255e-21
5,1,9.023801554933638e-05,0.2,0.03037855215370655,2.3793830125248667e-21
5,1,7.495898921180456e-05,0.18,0.03037855215370655,1.4709030261684858e-21
5,1,6.189396700589243e-05,0.18,0.03037855215370655,8.395544953857072e-22
5,1,5.252075538287383e-05,0.18,0.03037855215370655,4.58786558295552e-22
5,1,4.645080402992575e-05,0.18,0.03037855215370655,2.6659608565574373e-22
5,1,4.317369525386111e-05,0.18,0.03037855215370655,1.905087221640729e-22
5,1,4.193030605889883e-05,0.16,0.03037855215370655,1.656551860285418e-22
5,1,4.24718938454699e-05,0.16,0.022745156660676003,1.6157970340022934e-22
5,1,4.5188613976762194e-05,0.16,0.022745156660676003,1.8947304245882634e-22
5,1,5.128309391087138e-05,0.16,0.025722453370690346,2.8376949920998377e-22
5,1,6.413634570581629e-05,0.16,0.025722453370690346,6.415857996308851e-22
5,1,9.331296131567927e-05,0.16,0.023495635017752647,2.6420891935025295e-21
5,1,0.00014586753230469088,0.18,0.020752083510160446,1.8782240869616076e-20
5,1,0.0002295024221428778,0.22,0.0241449736058712,2.1344300985088954e-19
5,1,0.00033726798002827997,0.24,0.02465759962797165,2.670475266240176e-18
5,1,0.00045513932093765375,0.26,0.027233606204390526,2.1759905838048552e-17
5,1,0.0005593594419250975,0.26,0.027233606204390526,8.975811603940278e-17
5,1,0.0006179125828187001,0.26,0.02145780250430107,1.8142844866190155e-16
5,1,0.0006358909910156337,0.26,0.02145780250430107,1.849030969255469e-16
5,1,0.0006294470787691832,0.26,0.027233606204390526,1.2472237217008432e-16
5,1,0.000615177981475054,0.28,0.027233606204390526,6.819352408759025e-17
5,1,0.0006028846917415768,0.28,0.02465759962797165,3.720326530401762e-17
5,1,0.0005931651904283087,0.26,0.02465759962797165,2.0389906146481076e-17
5,1,0.0005733948123807421,0.26,0.031216248869895935,1.0679018340525957e-17
5,1,0.0005427605733251601,0.26,0.029093287885189056,5.3857899255353205e-18
5,1,0.0005143415969483872,0.22,0.023878781124949455,2.88575419053593e-18
5,1,0.0004908400729592871,0.22,0.03540986776351929,1.897714452596706e-18
5,1,0.00048111393229143576,0.22,0.04644656181335449,1.5664993412115916e-18
5,1,0.00047537273402992674,0.24,0.03587046265602112,1.5119397487785127e-18
5,1,0.00046731602291061645,0.24,0.03587046265602112,1.577130266444123e-18
5,1,0.00045627975336496224,0.24,0.03338480740785599,1.7043220035260691e-18
5,1,0.00044621209537225147,0.24,0.03338480740785599,1.938009728956614e-18
5,1,0.00043031883909843983,0.24,0.04121573269367218,2.214594317171123e-18
5,1,0.0004077503492811732,0.24,0.04121573269367218,2.497240898504727e-18
5,1,0.0003791438634248841,0.24,0.04207516461610794,2.6871934136004854e-18
5,1,0.00034562334287878443,0.24,0.04867735877633095,2.7713941961037895e-18
5,1,0.00030839267414128115,0.24,0.06643465906381607,2.8864366145412863e-18
5,1,0.0002724592197934336,0.26,0.07759548723697662,2.9303931990875073e-18
5,1,0.00023482943696334342,0.28,0.07759548723697662,2.905415446515703e-18
5,1,0.00019954445438482486,0.28,0.06682943552732468,2.788818548912066e-18
5,1,0.00016998313045995525,0.28,0.07371829450130463,2.2378463641899887e-18
5,1,0.00014292471617129824,0.26,0.07176662981510162,1.800294496724192e-18
5,1,0.00011704847828226757,0.26,0.07176662981510162,1.3172994977538397e-18
5,1,9.760794700518876e-05,0.26,0.07176662981510162,8.52884164413559e-19
5,1,8.436193163001342e-05,0.26,0.07176662981510162,6.385834328909374e-19
5,1,7.20157080375603e-05,0.24,0.07176662981510162,4.427676548182499e-19
5,1,6.299935377940403e-05,0.24,0.07176662981510162,3.0477648030335886e-19
5,1,5.818700165081887e-05,0.24,0.07176662981510162,2.436526410230006e-19
5,1,5.25152572693588e-05,0.24,0.07176662981510162,2.096630658701607e-19
5,1,4.999769579106639e-05,0.22,0.07176662981510162,2.05440037424439e-19
5,1,5.14241873351041e-05,0.22,0.07176662981510162,2.235328167911436e-19
5,1,5.263868204374883e-05,0.22,0.07176662981510162,2.2368806825236213e-19
5,1,5.486780440951431e-05,0.22,0.07176662981510162,2.7582831249008825e-19
5,1,5.597152062150256e-05,0.22,0.07176662981510162,3.0782608842668874e-19
5,1,5.6063050167351794e-05,0.22,0.07176662981510162,3.15470012768503e-19
5,1,5.737766308692411e-05,0.24,0.05700241029262543,3.542110426068182e-19
5,1,5.946761159853236e-05,0.24,0.05700241029262543,4.033491123594655e-19
5,1,6.125548252629582e-05,0.24,0.07176662981510162,4.573317204658945e-19
5,1,6.278344147878025e-05,0.26,0.07176662981510162,5.110006461744069e-19
5,1,6.768869481789803e-05,0.26,0.07176662981510162,6.572727516509605e-19
5,1,7.595758859358168e-05,0.28,0.07176662981510162,8.658955603526533e-19
5,1,7.925814548794131e-05,0.28,0.07176662981510162,8.429349394033478e-19
5,1,8.049098677898678e-05,0.28,0.07176662981510162,8.686249461813486e-19
5,1,8.069326447929557e-05,0.28,0.07176662981510162,9.077138830154248e-19
5,1,7.932956168959848e-05,0.28,0.07176662981510162,9.00313304870066e-19
5,1,7.808461246616675e-05,0.24,0.07176662981510162,9.378469353573893e-19
5,1,7.799869956860627e-05,0.26,0.11403209716081619,9.697236844306156e-19
5,1,7.90344679401279e-05,0.26,0.11403209716081619,1.0256007687843383e-18
5,1,8.065314332941503e-05,0.26,0.11403209716081619,1.1000530209735518e-18
5,1,8.177870784771382e-05,0.26,0.1433587670326233,1.1605543551441757e-18
5,1,8.202275374141501e-05,0.26,0.1887899935245514,1.1691481413231422e-18
5,1,8.20160469144943e-05,0.26,0.1887899935245514,1.1221819635157236e-18
5,1,8.086902685522012e-05,0.26,0.1887899935245514,1.0658704025452574e-18
5,1,7.93437617282499e-05,0.26,0.1887899935245514,9.972937176445846e-19
5,1,7.73234214866322e-05,0.26,0.1887899935245514,9.15189217608643e-19
5,1,7.492382916561211e-05,0.26,0.1887899935245514,8.284399433368514e-19
5,1,7.284596413326552e-05,0.26,0.22876618802547455,7.92698192851471e-19
5,1,7.534579241733833e-05,0.26,0.22876618802547455,8.802463167998358e-19
5,1,7.782596558661871e-05,0.26,0.22876618802547455,9.11304777452094e-19
5,1,7.772331708310822e-05,0.26,0.22876618802547455,9.458987114399805e-19
5,1,7.733770176763461e-05,0.26,0.22876618802547455,1.0187613292870202e-18
5,1,7.426045196178806e-05,0.26,0.22876618802547455,9.339056265337273e-19
5,1,7.081758897216245e-05,0.26,0.22876618802547455,8.670855113625991e-19
5,1,6.78097477871938e-05,0.26,0.22876618802547455,8.118556958381992e-19
5,1,6.399217168278688e-05,0.26,0.22876618802547455,7.551524131489008e-19
5,1,6.0129957631977324e-05,0.26,0.22876618802547455,6.948037971988696e-19
5,1,5.579350781769207e-05,0.26,0.22876618802547455,6.35119148786777e-19
5,1,5.109041044555076e-05,0.26,0.1887899935245514,5.742180795851369e-19
5,1,4.7173678342001396e-05,0.26,0.1887899935245514,4.989215861832365e-19
5,1,4.3431016764256505e-05,0.26,0.1887899935245514,4.3230971373131856e-19
5,1,4.00342892769438e-05,0.26,0.1887899935245514,3.7853434021772824e-19
5,1,3.709072837862583e-05,0.26,0.1887899935245514,3.3738257003230967e-19
5,1,3.4487130995001776e-05,0.26,0.1887899935245514,3.0453706321481305e-19
5,1,3.200655456149159e-05,0.26,0.1887899935245514,2.783035987743649e-19
5,1,2.9886117433358703e-05,0.26,0.1887899935245514,2.712651964903336e-19
5,1,2.742328199549569e-05,0.26,0.1887899935245514,2.4069919264588e-19
5,1,2.5117250086608662e-05,0.26,0.1887899935245514,1.9494943562800886e-19
5,1,2.515214976883537e-05,0.26,0.1887899935245514,2.0057235093820292e-19
5,1,2.6068719827427135e-05,0.26,0.1887899935245514,2.5106211135994433e-19
5,1,2.734272590210505e-05,0.26,0.2838279902935028,3.1011500057919954e-19
5,1,2.8997097267159527e-05,0.28,0.2838279902935028,3.9500027503939124e-19
5,1,3.1922133998875686e-05,0.3,0.2838279902935028,5.668336831605112e-19
5,1,3.436322518145084e-05,0.3,0.2838279902935028,7.368774601769785e-19
5,1,3.7168880941353476e-05,0.3,0.2838279902935028,9.69072796686113e-19
5,1,4.036682328122187e-05,0.3,0.2838279902935028,1.2810100503053727e-18
5,1,4.3919932922854885e-05,0.3,0.20212237536907196,1.7133176960851598e-18
5,1,4.837985990423067e-05,0.3,0.19572818279266357,2.264674519792074e-18
5,1,5.319192933055877e-05,0.32,0.19572818279266357,3.120494193103219e-18
5,1,5.8630314394839704e-05,0.32,0.19572818279266357,4.216885699095305e-18
5,1,6.474870721042019e-05,0.32,0.19572818279266357,5.448402948412216e-18
5,1,7.215507432142447e-05,0.32,0.14893385767936707,6.904262333201471e-18
5,1,7.850529492928139e-05,0.32,0.17913252115249634,8.07608857515533e-18
5,1,8.433912448687867e-05,0.32,0.17913252115249634,9.625595558633551e-18
5,1,8.9260919841834e-05,0.32,0.17913252115249634,1.0916261184831679e-17
5,1,9.236890573553197e-05,0.32,0.14804473519325256,1.1273956415576147e-17
5,1,0.00010625121024266651,0.32,0.14804473519325256,1.3429228441142264e-17
5,1,0.00011894352763993952,0.32,0.14804473519325256,1.3510259053947958e-17
5,1,0.00012620455712453546,0.32,0.14804473519325256,1.4366133734769838e-17
5,1,0.00013734424126712078,0.32,0.14804473519325256,1.6927442253258635e-17
5,1,0.00013361943358653887,0.34,0.14804473519325256,1.6885199793736776e-17
5,1,0.00013097254039282804,0.34,0.1632525771856308,1.524636144000589e-17
5,1,0.00012627727512365611,0.34,0.18183225393295288,1.4183388030760948e-17
5,1,0.0001192855666223187,0.36,0.1512623280286789,1.2492039424564584e-17
5,1,0.00011164837189864241,0.36,0.12596692144870758,1.0639414587158143e-17
5,1,0.00010230597380315563,0.38,0.16363540291786194,8.77865939151092e-18
5,1,9.199688916783844e-05,0.38,0.16363540291786194,6.899575527850745e-18
5,1,7.941153191562155e-05,0.38,0.16363540291786194,4.908084022799209e-18
5,1,6.977964179131863e-05,0.36,0.16363540291786194,3.4385724355900724e-18
5,1,6.245007507884946e-05,0.36,0.16363540291786194,2.529512936513177e-18
5,1,5.5608854447465e-05,0.3,0.16363540291786194,1.8282612664394566e-18
5,1,5.003914050071722e-05,0.3,0.16363540291786194,1.3508706229143043e-18
5,1,4.676440590819215e-05,0.28,0.16363540291786194,1.1616527476000695e-18
5,1,4.4648445751690594e-05,0.26,0.16363540291786194,9.656262452663342e-19
5,1,4.193140966733408e-05,0.24,0.19480907917022705,7.868054615652198e-19
5,1,3.85101762822411e-05,0.24,0.19480907917022705,6.6335077139442355e-19
5,1,3.338982916184667e-05,0.22,0.19113416969776154,5.032990776836554e-19
5,1,2.8471576658301573e-05,0.22,0.19572818279266357,4.0410531053570383e-19
5,1,2.4675094946354408e-05,0.22,0.19572818279266357,3.4442945091761963e-19
5,1,2.033714794623175e-05,0.22,0.19572818279266357,3.122529005711311e-19
5,1,1.6367934531988437e-05,0.22,0.19572818279266357,2.880649762373442e-19
5,1,1.359285248475433e-05,0.24,0.19572818279266357,2.146727560031174e-19
5,1,1.1033299161745194e-05,0.24,0.19572818279266357,1.292475393980817e-19
5,1,1.0701695283602712e-05,0.24,0.19572818279266357,1.1038862276309108e-19
5,1,1.1132660150682511e-05,0.22,0.19572818279266357,1.0233687252989406e-19
5,1,1.0912401970059023e-05,0.22,0.19572818279266357,8.49085647643139e-20
5,1,1.126925811628496e-05,0.24,0.20212237536907196,8.724334020438164e-20
5,1,1.1942734426590527e-05,0.24,0.2838279902935028,9.762519359965519e-20
5,1,1.2671676678119638e-05,0.24,0.2838279902935028,1.0122528395829057e-19
5,1,1.3592131367615958e-05,0.24,0.2838279902935028,1.0032381218697262e-19
5,1,1.4746088563317208e-05,0.24,0.2838279902935028,9.749196582224587e-20
5,1,1.6290250557647887e-05,0.24,0.3307488262653351,9.55158894999935e-20
5,1,1.8341473075421586e-05,0.26,0.26219770312309265,9.356702612742443e-20
5,1,2.0935127799244727e-05,0.28,0.26219770312309265,9.504266464143075e-20
5,1,2.415205258132252e-05,0.28,0.19795584678649902,1.0141119280096186e-19
5,1,2.80330301524316e-05,0.28,0.1265891194343567,1.1190223403709241e-19
5,1,3.254677370154138e-05,0.3,0.08009006828069687,1.2606871015343456e-19
5,1,3.79413338371371e-05,0.26,0.08009006828069687,1.5007169499683054e-19
5,1,4.685795425466028e-05,0.26,0.08009006828069687,1.7353984295072562e-19
5,1,5.754720333873525e-05,0.26,0.08009006828069687,2.0589509015891973e-19
5,1,6.900683745995872e-05,0.28,0.08009006828069687,2.608243935517186e-19
5,1,8.15508053851878e-05,0.28,0.08009006828069687,3.21275140458006e-19
5,1,8.794187858336333e-05,0.28,0.08009006828069687,3.273943382863377e-19
5,1,9.085523731017352e-05,0.28,0.08009006828069687,3.449777682661657e-19
5,1,9.041509322420176e-05,0.28,0.05891316756606102,3.7274389498409805e-19
5,1,8.812145705088244e-05,0.28,0.05891316756606102,3.807501244342105e-19
5,1,9.087195609800916e-05,0.28,0.09633459150791168,4.704758271945153e-19
5,1,9.667272833536283e-05,0.3,0.09633459150791168,6.889551649790251e-19
5,1,0.00010356397374292686,0.3,0.10054919123649597,1.1104120105797065e-18
5,1,0.00011385391468871924,0.3,0.10054919123649597,1.9105491937762318e-18
5,1,0.0001274084460211839,0.32,0.10054919123649597,3.1338907967138216e-18
5,1,0.00014527510259190575,0.32,0.08227057754993439,4.7349915165388126e-18
5,1,0.00016548226945089579,0.3,0.08227057754993439,6.591939199826455e-18
5,1,0.00018156893714716256,0.28,0.08227057754993439,8.144399631681797e-18
5,1,0.00018939450170003596,0.3,0.12985694408416748,9.012416496715342e-18
5,1,0.0001874296032384623,0.3,0.12985694408416748,8.789483049826176e-18
5,1,0.00017816616241611737,0.3,0.12985694408416748,7.712639476069943e-18
5,1,0.00016815390238901514,0.3,0.16500639915466309,6.83320255549949e-18
5,1,0.00015681273872571346,0.3,0.16500639915466309,5.983785260129506e-18
5,1,0.00014326363346122288,0.28,0.16500639915466309,5.027832064946367e-18
5,1,0.00012852495319309423,0.28,0.21152377128601074,4.039036077132116e-18
5,1,0.0001131531244472015,0.26,0.21152377128601074,3.1410479769639367e-18
5,1,0.00010000933538622903,0.26,0.21152377128601074,2.3286970584327597e-18
5,1,8.835515139848816e-05,0.24,0.21152377128601074,1.7337187617252849e-18
5,1,7.801326379970356e-05,0.24,0.21152377128601074,1.2921114345112937e-18
5,1,6.88675031684666e-05,0.22,0.21152377128601074,9.626727968892136e-19
5,1,6.0988139340805387e-05,0.22,0.21152377128601074,7.205714555568738e-19
5,1,5.4316384930346346e-05,0.22,0.21152377128601074,5.426475424349201e-19
5,1,4.857482106506941e-05,0.22,0.21152377128601074,4.0883445719403435e-19
5,1,4.349161694826717e-05,0.22,0.21152377128601074,3.0614210379589563e-19
5,1,3.9104332211649585e-05,0.22,0.21152377128601074,2.313157333252609e-19
5,1,3.5542516274432486e-05,0.22,0.21152377128601074,1.7590258097290678e-19
5,1,3.276854262663462e-05,0.22,0.21152377128601074,1.3617818848263089e-19
5,1,3.0480244513478325e-05,0.22,0.21152377128601074,1.062909897283536e-19
5,1,2.860693477274554e-05,0.22,0.21152377128601074,8.328185592859155e-20
5,1,2.7426695234050544e-05,0.22,0.21152377128601074,6.863709493478329e-20
5,1,2.683500297464668e-05,0.22,0.21152377128601074,5.939773306181032e-20
5,1,2.6667767369085264e-05,0.22,0.1360955834388733,5.3789884717226945e-20
5,1,2.6988522935637904e-05,0.22,0.1360955834388733,5.198698964220507e-20
5,1,2.7843118121466714e-05,0.22,0.1360955834388733,5.3108688558092455e-20
5,1,2.9604157135816904e-05,0.22,0.1360955834388733,5.856034193857109e-20
5,1,3.265188901907337e-05,0.22,0.1360955834388733,7.203705928396912e-20
5,1,3.707641283872403e-05,0.22,0.1360955834388733,9.824311044192937e-20
5,1,4.26936998899519e-05,0.22,0.1360955834388733,1.4099060896419076e-19
5,1,4.956746714243974e-05,0.22,0.21152377128601074,2.128892512048765e-19
5,1,5.821699305737761e-05,0.26,0.21152377128601074,3.240445152994394e-19
5,1,6.958133454361483e-05,0.26,0.21152377128601074,5.166377786513792e-19
5,1,8.425507832839462e-05,0.28,0.14637817442417145,8.414377941934151e-19
5,1,0.00010254418947064387,0.28,0.1321536898612976,1.4047421044753156e-18
5,1,0.00012313335318094376,0.3,0.11202297359704971,2.415704464754456e-18
5,1,0.00014571792215863416,0.36,0.11202297359704971,3.961352237084811e-18
5,1,0.0001653259988160298,0.36,0.09970714151859283,6.306241356008296e-18
5,1,0.00018331115784556222,0.36,0.09970714151859283,9.595716967727523e-18
5,1,0.000197929501110898,0.36,0.09970714151859283,1.4258795469762507e-17
5,1,0.0002225967974212271,0.36,0.14400014281272888,2.1354747810936404e-17
5,1,0.00024341565739331426,0.36,0.10336218774318695,3.072444925681239e-17
5,1,0.00025600552228287397,0.36,0.11502553522586823,4.359601486284794e-17
5,1,0.0002856159816799851,0.36,0.03849354013800621,7.435478218891393e-17
5,1,0.0003308107492920632,0.36,0.03962455689907074,1.3697707279739212e-16
5,1,0.0003484200906683918,0.36,0.06427139788866043,1.7811216908961315e-16
5,1,0.0003498759733720596,0.36,0.06427139788866043,2.082485293268473e-16
5,1,0.0003463045659837931,0.36,0.09816958010196686,2.3926047016863616e-16
5,1,0.00032786894182381006,0.36,0.09816958010196686,2.255374246923732e-16
5,1,0.00030756686350404263,0.36,0.09816958010196686,1.934746865399562e-16
5,1,0.00027803715868984243,0.36,0.09816958010196686,1.7202876522754297e-16
5,1,0.0002452679846258965,0.36,0.09816958010196686,1.3928019508564597e-16
5,1,0.00021753492528672974,0.36,0.09816958010196686,1.0766311537749291e-16
5,1,0.00018321058485793162,0.34,0.11031875014305115,7.574035603705455e-17
5,1,0.00015614634922764948,0.32,0.07256299257278442,4.983286403726916e-17
5,1,0.00013354267655385502,0.3,0.06728869676589966,3.374806901965707e-17
5,1,0.00011235218831941972,0.3,0.08920108526945114,2.1056580632974314e-17
5,1,9.55247078846804e-05,0.3,0.07735620439052582,1.2487322840711806e-17
5,1,8.187498213950416e-05,0.3,0.07735620439052582,7.598831831491835e-18
5,1,7.109490547038845e-05,0.3,0.07735620439052582,4.845595490604503e-18
5,1,6.0104627236175975e-05,0.28,0.07735620439052582,3.20956768979992e-18
5,1,5.067937537900527e-05,0.3,0.07735620439052582,2.3496307249897923e-18
5,1,4.472426675664344e-05,0.3,0.07735620439052582,1.9402956425794044e-18
5,1,4.1387821792515184e-05,0.3,0.07735620439052582,1.7713559965843305e-18
5,1,3.936007752690922e-05,0.3,0.06932789087295532,1.7763567169775198e-18
5,1,3.846992003587952e-05,0.3,0.06932789087295532,1.974997523637229e-18
5,1,3.8713212249888306e-05,0.3,0.06932789087295532,2.3264684270673887e-18
5,1,4.037197222557983e-05,0.34,0.06932789087295532,2.6859327903469546e-18
5,1,4.331573360305933e-05,0.36,0.06932789087295532,3.289354843349794e-18
5,1,4.7626536127192006e-05,0.36,0.06932789087295532,4.175459666838037e-18
5,1,5.2536803245006424e-05,0.36,0.07292905449867249,5.135022264624051e-18
5,1,5.791293840960538e-05,0.36,0.0786081999540329,6.229110899790789e-18
5,1,6.504746967636593e-05,0.36,0.0786081999540329,7.236791420989626e-18
5,1,7.423644581424816e-05,0.38,0.0786081999540329,7.957920034387842e-18
5,1,8.344324588023133e-05,0.38,0.07474921643733978,8.325651447504416e-18
5,1,9.293672971842575e-05,0.38,0.06712453067302704,8.444705071527336e-18
5,1,0.00010448190057874173,0.38,0.08673582226037979,8.803106714514924e-18
5,1,0.00012059781578432998,0.38,0.07985925674438477,1.0090193957383147e-17
5,1,0.00014038927493092006,0.38,0.07147371768951416,1.0945574811379333e-17
5,1,0.00015877387138673712,0.38,0.1009863018989563,1.1661330059518405e-17
5,1,0.00018123066539268924,0.38,0.09406860172748566,1.4182522799840217e-17
5,1,0.00019699267927995642,0.38,0.09406860172748566,1.5945291007305022e-17
5,1,0.000206086151536647,0.38,0.09406860172748566,1.6604974163260962e-17
5,1,0.00021221724058203233,0.38,0.09406860172748566,1.7042122573382986e-17
5,1,0.00021936944939061266,0.38,0.09406860172748566,1.6891383795996223e-17
5,1,0.00022746861570543947,0.38,0.09406860172748566,1.6905306900066715e-17
5,1,0.00024098899010041778,0.38,0.09406860172748566,1.687084159266408e-17
5,1,0.0002500813463589004,0.38,0.09406860172748566,1.658218699174635e-17
5,1,0.00024513299216634795,0.38,0.09406860172748566,1.5079833439086716e-17
5,1,0.00022842496211349027,0.38,0.09406860172748566,1.280727051138303e-17
5,1,0.0002072427652674657,0.38,0.09406860172748566,1.0352593018477831e-17
5,1,0.00018803238438412138,0.4,0.09406860172748566,7.87556510542145e-18
5,1,0.0001712833837996151,0.38,0.09406860172748566,5.707764602297605e-18
5,1,0.00015771002130596842,0.38,0.09406860172748566,4.036571492497014e-18
5,1,0.00014730617024614614,0.38,0.06398607790470123,3.1519826842764283e-18
5,1,0.00013769288717477987,0.38,0.06398607790470123,2.4921874453474874e-18
5,1,0.00012763294759001177,0.38,0.06398607790470123,1.9142479318852627e-18
5,1,0.00011788678638336965,0.38,0.06398607790470123,1.4255469376519431e-18
5,1,0.00010537964896079155,0.38,0.06398607790470123,9.947139481091848e-19
5,1,9.553788308025832e-05,0.38,0.06398607790470123,7.839891700734182e-19
5,1,8.480387128727182e-05,0.38,0.06398607790470123,5.91741021982672e-19
5,1,7.285101383778786e-05,0.38,0.06398607790470123,4.288243882203264e-19
5,1,6.194598367615713e-05,0.38,0.06398607790470123,3.1746070046079427e-19
5,1,5.369965741857227e-05,0.38,0.06398607790470123,2.407873649292993e-19
5,1,4.752585961650281e-05,0.38,0.06398607790470123,1.80204553468339e-19
5,1,4.133968525876219e-05,0.38,0.06398607790470123,1.2281431020501246e-19
5,1,3.567289541912491e-05,0.38,0.06398607790470123,8.468213699632458e-20
5,1,3.0465998013320075e-05,0.38,0.03859381750226021,5.955882648610502e-20
5,1,2.5901289670268005e-05,0.38,0.03859381750226021,3.9800250768560684e-20
5,1,2.223703062816146e-05,0.38,0.03859381750226021,2.7766824651574175e-20
5,1,1.9437441349958327e-05,0.38,0.03664170205593109,2.0490695183139124e-20
5,1,1.712428581920108e-05,0.38,0.03664170205593109,1.5527781144470017e-20
5,1,1.5195771593356778e-05,0.38,0.03664170205593109,1.1875943529936057e-20
5,1,1.3617390755719028e-05,0.38,0.03664170205593109,9.170160621473377e-21
5,1,1.2371848433511054e-05,0.38,0.03664170205593109,7.225139922902266e-21
5,1,1.1705315185545622e-05,0.38,0.03664170205593109,5.828507658711133e-21
5,1,1.1503372623194526e-05,0.36,0.03664170205593109,4.844442226347194e-21
5,1,1.1363719752911633e-05,0.36,0.03664170205593109,4.610553676973557e-21
5,1,1.1127534200515187e-05,0.36,0.03664170205593109,4.039584585119944e-21
5,1,1.1040872419963121e-05,0.38,0.03664170205593109,4.004235942527157e-21
5,1,1.1080796475075013e-05,0.38,0.03664170205593109,4.109903419019404e-21
5,1,1.1122575791461554e-05,0.36,0.03664170205593109,4.290235658801283e-21
5,1,1.1209827669064057e-05,0.36,0.04025106504559517,4.6940334875624904e-21
5,1,1.133823970834621e-05,0.36,0.04025106504559517,5.191066849820641e-21
5,1,1.1496694709723463e-05,0.36,0.04025106504559517,5.593942582225179e-21
5,1,1.229840738686542e-05,0.36,0.04025106504559517,7.00033501218894e-21
5,1,1.3260902574225987e-05,0.36,0.04025106504559517,8.292991319617011e-21
5,1,1.3572291721217127e-05,0.36,0.02996768429875374,8.744421907743558e-21
5,1,1.3441807634304786e-05,0.36,0.02996768429875374,9.05724238992422e-21
5,1,1.2815211525917536e-05,0.36,0.015676526352763176,8.165946394169096e-21
5,1,1.1987217927643083e-05,0.36,0.015676526352763176,6.593388000206993e-21
5,1,1.0908954216836188e-05,0.36,0.00947616994380951,5.111912773782706e-21
5,1,9.65871645734713e-06,0.32,0.00947616994380951,3.6643733590026165e-21
5,1,8.241594405889743e-06,0.32,0.00947616994380951,2.200871943339668e-21
5,1,7.040449530669887e-06,0.34,0.00947616994380951,1.37587348413355e-21
5,1,5.9869352344909385e-06,0.32,0.00947616994380951,9.088662126555772e-22
5,1,4.9992032240489485e-06,0.32,0.00947616994380951,5.530752021683041e-22
5,1,4.2173134708824535e-06,0.28,0.00947616994380951,3.557746021804445e-22
5,1,3.579712899031939e-06,0.28,0.010196918621659279,2.3863900663600488e-22
5,1,3.037624059075182e-06,0.26,0.010196918621659279,1.5900972078876412e-22
5,1,2.507513928425103e-06,0.26,0.010196918621659279,9.933316954792531e-23
5,1,2.0352198024124704e-06,0.26,0.010196918621659279,6.21148824335535e-23
5,1,1.6373433448023307e-06,0.26,0.010196918621659279,3.914639253992042e-23
5,1,1.314970466648459e-06,0.26,0.010196918621659279,2.497968130516319e-23
5,1,1.0663258646145894e-06,0.28,0.010196918621659279,1.666877134456111e-23
5,1,8.741980465380733e-07,0.32,0.010196918621659279,1.1458932766950715e-23
5,1,7.242833881127475e-07,0.34,0.010196918621659279,7.856637308582416e-24
5,1,6.073637549634887e-07,0.34,0.010196918621659279,5.3012229858843636e-24
5,1,5.030635997757812e-07,0.34,0.010196918621659279,5.30087943696014e-24
5,1,4.33240328984e-07,0.34,0.010196918621659279,2.0894077591436755e-24
5,1,3.698391363511242e-07,0.34,0.010196918621659279,1.2426124160051668e-24
5,1,3.170056819547652e-07,0.34,0.00947616994380951,9.250704608895162e-25
5,1,2.784100565244276e-07,0.32,0.00947616994380951,6.401985885179148e-25
5,1,2.4758643204738126e-07,0.32,0.00947616994380951,4.640044838807322e-25
5,1,2.2264163614928166e-07,0.34,0.015676526352763176,3.526971715782757e-25
5,1,2.0271987968211612e-07,0.34,0.015676526352763176,2.906458411597534e-25
5,1,1.873888200784983e-07,0.34,0.015676526352763176,2.4278717845799846e-25
5,1,1.6767188847915906e-07,0.34,0.015676526352763176,1.804592167067281e-25
5,1,1.3954684074933384e-07,0.34,0.015676526352763176,1.26038525498457e-25
5,1,1.1143453755503503e-07,0.34,0.015676526352763176,1.1848175571640875e-25
5,1,8.395686183637715e-08,0.34,0.015676526352763176,7.993394432326757e-26
5,1,7.584964676928418e-08,0.34,0.023619845509529114,5.948575753951728e-26
5,1,9.008666302875747e-08,0.34,0.042125146836042404,9.098391961612671e-26
5,1,1.0475296187123494e-07,0.34,0.04565396532416344,1.3052498700762683e-25
5,1,1.212987266993062e-07,0.34,0.04565396532416344,2.211277204061846e-25
5,1,1.3549114869972416e-07,0.34,0.017514415085315704,3.2365190469371696e-25
5,1,1.5713756668998542e-07,0.3,0.010915576480329037,3.780570035731583e-25
5,1,1.9884840535894556e-07,0.3,0.010915576480329037,5.126743914158938e-25
5,1,2.5062386847103037e-07,0.28,0.010915576480329037,8.206996271785713e-25
5,1,3.158231067711848e-07,0.28,0.01272732112556696,1.3302074323132948e-24
5,1,3.960620949951096e-07,0.26,0.00863528624176979,2.1031219087657165e-24
5,1,4.907044917052264e-07,0.26,0.00863528624176979,3.1093629027512407e-24
5,1,5.836085634257004e-07,0.24,0.006764148827642202,3.957337691550668e-24
5,1,6.549117972924909e-07,0.22,0.009978429414331913,4.25871056190723e-24
5,1,6.917734134638581e-07,0.22,0.015722395852208138,4.0432016512099016e-24
5,1,6.87764553492786e-07,0.22,0.015722395852208138,3.424111106971051e-24
5,1,6.604633641215601e-07,0.22,0.015722395852208138,2.7610971819599474e-24
5,1,6.094646978472133e-07,0.24,0.015722395852208138,2.490545501600823e-24
5,1,5.59739365699465e-07,0.2,0.206451416015625,2.225648376210323e-24
5,1,5.218179812312073e-07,0.2,0.21143220365047455,1.765144906330768e-24
5,1,4.774666853798148e-07,0.2,0.206451416015625,1.3077224313241672e-24
5,1,4.283543900022783e-07,0.18,0.1992470771074295,8.777925477254237e-25
5,1,3.795141553385997e-07,0.18,0.1992470771074295,5.483852864305372e-25
5,1,3.369570852113518e-07,0.18,0.1613217145204544,3.685506133676629e-25
5,1,3.1082996979529123e-07,0.14,0.1613217145204544,2.7243621975789073e-25
5,1,2.857186676411169e-07,0.14,0.1613217145204544,2.1417477434327647e-25
5,1,2.599693746550425e-07,0.14,0.1613217145204544,1.6695544642734824e-25
5,1,2.367673535466215e-07,0.14,0.17388726770877838,1.1908395240993184e-25
5,1,2.1449662598099103e-07,0.14,0.17388726770877838,7.836277375612437e-26
5,1,1.9016403374333094e-07,0.14,0.17388726770877838,4.939243325012207e-26
5,1,1.6552207213089366e-07,0.14,0.17388726770877838,3.130759670121616e-26
5,1,1.3932640678304461e-07,0.14,0.17388726770877838,1.9356676002604533e-26
5,1,1.1146303288900844e-07,0.14,0.17388726770877838,9.905145526389018e-27
5,1,9.616212170418243e-08,0.12,0.17388726770877838,5.639176032832292e-27
5,1,9.614275270469739e-08,0.12,0.18038120865821838,4.828414222655686e-27
5,1,9.648882693937689e-08,0.12,0.18487957119941711,4.483201294959985e-27
5,1,9.821230501355486e-08,0.12,0.18487957119941711,4.194118825121472e-27
5,1,1.0120089693979926e-07,0.12,0.18487957119941711,4.223725375784559e-27
5,1,1.0482145758589064e-07,0.12,0.18487957119941711,4.40888351026597e-27
5,1,1.1301215311815594e-07,0.12,0.16296865046024323,4.916513962031736e-27
5,1,1.2507796711742676e-07,0.12,0.15275271236896515,5.8010073038272846e-27
5,1,1.4301567643218676e-07,0.12,0.15275271236896515,7.960647306221956e-27
5,1,1.7008264108844654e-07,0.12,0.15275271236896515,1.1980838094367739e-26
5,1,2.0209818639207223e-07,0.12,0.10772639513015747,1.790527516684289e-26
5,1,2.3873673393858756e-07,0.12,0.08122556656599045,2.658612859800032e-26
5,1,2.79658002116551e-07,0.12,0.08122556656599045,3.9054454228031466e-26
5,1,3.2476109315078393e-07,0.14,0.08122556656599045,5.678228191351829e-26
5,1,3.8081868029232867e-07,0.14,0.08122556656599045,7.569784138091642e-26
5,1,4.3042533477736685e-07,0.14,0.08122556656599045,9.676620225866268e-26
5,1,4.691752165734355e-07,0.14,0.08122556656599045,1.21406272633241e-25
5,1,5.002635867637491e-07,0.12,0.08122556656599045,1.4407730921053271e-25
5,1,5.407904747585065e-07,0.12,0.05636755749583244,1.6731503141466094e-25
5,1,6.110551589088452e-07,0.12,0.03866124898195267,2.1303077811928627e-25
5,1,7.045168546747433e-07,0.12,0.03866124898195267,2.6746661792212795e-25
5,1,8.182550747764328e-07,0.12,0.03866124898195267,3.0491746892275274e-25
5,1,9.488863084633152e-07,0.12,0.03866124898195267,3.363534773881969e-25
5,1,1.0545858661906364e-06,0.12,0.03866124898195267,3.9446454619275342e-25
5,1,1.161105880708594e-06,0.14,0.03866124898195267,4.216500981451569e-25
5,1,1.347798538147001e-06,0.14,0.03866124898195267,5.206048593998872e-25
5,1,1.6081384681989351e-06,0.14,0.03866124898195267,7.300037958672458e-25
5,1,1.8575792235613617e-06,0.14,0.03866124898195267,9.743111585934117e-25
5,1,2.125252991696402e-06,0.14,0.03866124898195267,1.2880621440214096e-24
5,1,2.318916070018712e-06,0.14,0.03866124898195267,1.5835156979680325e-24
5,1,2.3861893814480762e-06,0.14,0.03866124898195267,1.723380835071331e-24
5,1,2.341597669769799e-06,0.14,0.03068099170923233,1.7863471208803933e-24
5,1,2.2940010393766735e-06,0.14,0.03068099170923233,1.5632294495369821e-24
5,1,2.149100183597512e-06,0.14,0.03068099170923233,1.1928271084538293e-24
5,1,1.8986929117481788e-06,0.14,0.028620371595025063,8.090645697760469e-25
5,1,1.583912152893951e-06,0.12,0.028620371595025063,4.988344677832766e-25
5,1,1.2672446877642523e-06,0.12,0.028620371595025063,2.783739264876827e-25
5,1,9.961780587374249e-07,0.12,0.028620371595025063,1.6687585775758243e-25
5,1,8.05872717656776e-07,0.1,0.028620371595025063,1.0327069938588014e-25
5,1,6.823341720285028e-07,0.1,0.02536744438111782,6.55507666978893e-26
5,1,6.024800387664133e-07,0.1,0.03227902948856354,4.6022650574611236e-26
5,1,5.355177125878524e-07,0.1,0.03227902948856354,3.284526841327866e-26
5,1,4.7390826130538336e-07,0.1,0.03227902948856354,2.3812475166315776e-26
5,1,4.3299768563606885e-07,0.1,0.020275453105568886,2.026133614203375e-26
5,1,4.089112585187535e-07,0.1,0.020275453105568886,1.7261755720433028e-26
5,1,3.793346868423343e-07,0.1,0.020275453105568886,1.2778762425907037e-26
5,1,3.439431411935442e-07,0.1,0.020275453105568886,9.280208992826559e-27
5,1,3.1234860467544184e-07,0.1,0.03227902948856354,6.31709605472281e-27
5,1,2.853633816567426e-07,0.08,0.03227902948856354,4.26636276845137e-27
5,1,2.6576139349982926e-07,0.08,0.03227902948856354,3.0501019936808708e-27
5,1,2.538484871036093e-07,0.08,0.03227902948856354,2.3748603625640118e-27
5,1,2.501281756189923e-07,0.06,0.03638515621423721,2.0395715592787435e-27
5,1,2.554580282740429e-07,0.06,0.03638515621423721,1.9204855330274476e-27
5,1,2.665501373068345e-07,0.06,0.03638515621423721,1.9164385764353067e-27
5,1,2.7885208217197767e-07,0.06,0.03638515621423721,2.020636971623495e-27
5,1,2.9237279919638465e-07,0.06,0.03638515621423721,2.2444702830971294e-27
5,1,3.0884472364834817e-07,0.08,0.03638515621423721,2.555581732232538e-27
5,1,3.3024129782014e-07,0.1,0.03638515621423721,3.037376411573332e-27
5,1,3.5848441560968917e-07,0.1,0.033855125308036804,3.872464257691504e-27
5,1,3.9157452740851e-07,0.1,0.033855125308036804,5.343914024174218e-27
5,1,4.232005585586196e-07,0.12,0.02644684910774231,7.326840709707627e-27
5,1,4.529549531104986e-07,0.12,0.028355535119771957,9.684149687502449e-27
5,1,4.859414854571115e-07,0.12,0.04187793657183647,1.2416823181830321e-26
5,1,5.215647787786406e-07,0.12,0.03862916678190231,1.5253970671921423e-26
5,1,5.626260055643562e-07,0.12,0.0362740084528923,1.8017299578360096e-26
5,1,6.133189332662796e-07,0.12,0.0353761687874794,2.1424574717284307e-26
5,1,6.814572231594153e-07,0.12,0.0353761687874794,2.60118039626324e-26
5,1,7.985222082502272e-07,0.12,0.0353761687874794,3.4648274723407416e-26
5,1,9.901179054529774e-07,0.12,0.0353761687874794,5.248458619080169e-26
5,1,1.2333698171667118e-06,0.14,0.0353761687874794,8.372148739636324e-26
5,1,1.4940527473631163e-06,0.14,0.016526812687516212,1.3705383405231716e-25
5,1,1.7534363765374962e-06,0.14,0.027820490300655365,2.162757574529129e-25
5,1,2.0284957808029602e-06,0.14,0.027820490300655365,3.3187987184659184e-25
5,1,2.3739155043426686e-06,0.14,0.027820490300655365,4.746113597009142e-25
5,1,2.751733545306076e-06,0.14,0.027820490300655365,6.398006574950374e-25
5,1,3.0414708848814863e-06,0.14,0.027820490300655365,7.548736712842763e-25
5,1,3.213227712814512e-06,0.14,0.027820490300655365,7.174725924763903e-25
5,1,3.28184617877787e-06,0.14,0.027820490300655365,5.729800466068719e-25
5,1,3.3087371592838822e-06,0.12,0.027820490300655365,4.014444860897621e-25
5,1,3.3073619466772385e-06,0.12,0.027820490300655365,3.1241043957909124e-25
5,1,3.231911449920107e-06,0.12,0.016704993322491646,2.3267526355203608e-25
5,1,3.032673988184217e-06,0.12,0.016704993322491646,1.6415587768233203e-25
5,1,2.7694285069729367e-06,0.12,0.016704993322491646,1.2242476601759118e-25
5,1,2.461042693980703e-06,0.12,0.018748430535197258,8.319554520268624e-26
5,1,2.3600227114877467e-06,0.12,0.018748430535197258,6.63733205919294e-26
5,1,2.371578575284936e-06,0.14,0.017474794760346413,6.206126513554744e-26
5,1,2.3400140681936396e-06,0.12,0.017474794760346413,5.680178156901923e-26
5,1,2.2366722976791285e-06,0.12,0.017474794760346413,4.916009522460702e-26
5,1,2.0464215823564803e-06,0.14,0.0154684754088521,3.952204844811331e-26
5,1,1.7834025336981097e-06,0.14,0.0154684754088521,2.914261725064367e-26
5,1,1.4639355999564774e-06,0.12,0.009653882123529911,1.83085017266954e-26
5,1,1.1526504451518011e-06,0.12,0.0057150148786604404,1.1492667238760062e-26
5,1,9.645238445850973e-07,0.12,0.0057150148786604404,8.818056680395576e-27
5,1,8.284084887584446e-07,0.12,0.0057150148786604404,6.903598345129088e-27
5,1,7.54619924444371e-07,0.1,0.0057150148786604404,5.583223530901965e-27
5,1,7.207585233520519e-07,0.1,0.0057150148786604404,5.263212166900548e-27
5,1,7.129789105250664e-07,0.1,0.0057150148786604404,5.045773905807252e-27
5,1,7.089712262938425e-07,0.1,0.0057150148786604404,4.9882825858513594e-27
5,1,7.027757173367267e-07,0.1,0.0055691879242658615,4.984421481498852e-27
5,1,6.934903674330515e-07,0.1,0.0055691879242658615,4.9725327159521495e-27
5,1,6.906653717319897e-07,0.1,0.002524239243939519,4.605477046385175e-27
5,1,6.882455514160476e-07,0.1,0.002524239243939519,4.428030720587079e-27
5,1,7.065032168491589e-07,0.12,0.002524239243939519,4.3679698248993854e-27
5,1,7.355741739773738e-07,0.12,0.002524239243939519,4.689920985540789e-27
5,1,7.760294284599892e-07,0.12,0.002524239243939519,5.441564835330473e-27
5,1,8.239642938602343e-07,0.12,0.002524239243939519,6.153975951409033e-27
5,1,8.658697515674693e-07,0.12,0.002524239243939519,7.242337066723737e-27
5,1,9.107894198744215e-07,0.12,0.002524239243939519,7.742229131972955e-27
5,1,9.294830710610217e-07,0.12,0.002524239243939519,6.927499135738934e-27
5,1,9.365862744262639e-07,0.1,0.002524239243939519,6.7460957942771e-27
5,1,9.180134098782715e-07,0.1,0.002524239243939519,6.00415439436125e-27
5,1,8.837581176749078e-07,0.1,0.002524239243939519,4.412365976791411e-27
5,1,9.139196851586445e-07,0.1,0.0022450715769082308,3.6084874402360454e-27
5,1,9.372797355450119e-07,0.1,0.0022671183105558157,2.9621301360531284e-27
5,1,9.386908269152957e-07,0.1,0.0022671183105558157,2.4698501163161068e-27
5,1,9.242426751921445e-07,0.12,0.0019508833065629005,2.0455321198636276e-27
5,1,9.134372796878855e-07,0.12,0.0019508833065629005,1.4594965785793715e-27
5,1,8.823078668621862e-07,0.12,0.0019508833065629005,9.94607038214928e-28
5,1,8.209255294626076e-07,0.12,0.0019508833065629005,7.036212199606257e-28
5,1,7.497442149464567e-07,0.12,0.0019508833065629005,5.030876163611936e-28
5,1,6.744879406746427e-07,0.12,0.0019508833065629005,3.404008713590282e-28
5,1,5.961709784518375e-07,0.12,0.001896669971756637,2.190110477082562e-28
5,1,5.186332230902481e-07,0.12,0.0019967383705079556,1.350626984755818e-28
5,1,4.431611964569454e-07,0.12,0.0019967383705079556,7.871527859162726e-29
5,1,3.7398767597624895e-07,0.12,0.0019967383705079556,4.3900315209312113e-29
5,1,3.1387908634737713e-07,0.12,0.0011772767174988985,2.3841434351739244e-29
5,1,2.633310112032515e-07,0.12,0.0011772767174988985,1.3009026333205545e-29
5,1,2.1802319582482016e-07,0.12,0.0010378254810348153,7.184759898440574e-30
5,1,1.7496553219207282e-07,0.12,0.0010528338607400656,4.168003169936598e-30
5,1,1.4144341480591296e-07,0.12,0.0010040474589914083,2.0152071416598715e-30
5,1,1.138130548641746e-07,0.12,0.0010040474589914083,1.001657168087092e-30
5,1,9.061723733484909e-08,0.12,0.0010040474589914083,5.007757808373071e-31
5,1,7.358483050240804e-08,0.12,0.0010040474589914083,2.5157737315225062e-31
5,1,6.262751881613888e-08,0.12,0.0010040474589914083,1.8676396480680953e-31
5,1,5.4765946512517843e-08,0.12,0.0010040474589914083,1.4465071594919377e-31
5,1,4.877894849164556e-08,0.12,0.0010040474589914083,1.234999638102438e-31
5,1,4.428736857903857e-08,0.12,0.0010040474589914083,9.613418495940025e-32
5,1,4.0371891954959874e-08,0.12,0.0010040474589914083,7.418366760645307e-32
5,1,3.742554370758495e-08,0.12,0.0010040474589914083,5.582442655459007e-32
5,1,3.5155221454443414e-08,0.12,0.0010040474589914083,4.419277771008907e-32
5,1,3.332012337625229e-08,0.12,0.0010040474589914083,3.6131895728986284e-32
5,1,3.1764351028719865e-08,0.12,0.0014803593512624502,3.0618918324441944e-32
5,1,3.048392818188808e-08,0.12,0.0014803593512624502,2.748349873260664e-32
5,1,2.914526289001587e-08,0.12,0.0014803593512624502,2.2101478745583596e-32
5,1,2.940354701586074e-08,0.12,0.0014803593512624502,1.8657945921350447e-32
5,1,3.132701660829067e-08,0.12,0.0014803593512624502,1.8910168805470508e-32
5,1,3.2171067919720585e-08,0.12,0.0014803593512624502,1.7137436631722125e-32
5,1,3.359003647116763e-08,0.12,0.0014803593512624502,1.9434969727763057e-32
5,1,3.377203731097735e-08,0.12,0.0014803593512624502,2.0561274048107247e-32
5,1,3.3754086562358885e-08,0.12,0.0010040474589914083,1.8350051624775442e-32
5,1,3.73461803405226e-08,0.12,0.001038244692608714,2.477099849831018e-32
5,1,4.221953092288382e-08,0.12,0.001038244692608714,3.632205251138293e-32
5,1,4.607347810289754e-08,0.12,0.001038244692608714,5.401574041675385e-32
5,1,4.862685796534887e-08,0.12,0.001038244692608714,8.022328705131693e-32
5,1,4.9855168596026293e-08,0.12,0.001038244692608714,1.1744238281169937e-31
5,1,5.1142151822446645e-08,0.12,0.0008437474607490003,1.6685561615713065e-31
5,1,5.2796339363931614e-08,0.12,0.0008437474607490003,2.0953786305526194e-31
5,1,5.349323348820193e-08,0.12,0.0007767710485495627,2.522135036751416e-31
5,1,5.375919403132387e-08,0.12,0.0007767710485495627,2.98106636902431e-31
5,1,5.402999301021608e-08,0.12,0.0007767710485495627,3.3965194566444698e-31
5,1,5.494551713996979e-08,0.12,0.0007767710485495627,3.681715074854531e-31
5,1,5.5430803703686566e-08,0.12,0.0007767710485495627,3.4237072303857683e-31
5,1,5.260580763741517e-08,0.12,0.0007767710485495627,2.440772489962641e-31
5,1,4.851502212523715e-08,0.12,0.0007767710485495627,2.0185219887094163e-31
5,1,4.2525916314534236e-08,0.12,0.0007767710485495627,1.7260854428477247e-31
5,1,3.610679950181851e-08,0.12,0.0007767710485495627,1.1124906748046549e-31
5,1,3.329935726937548e-08,0.12,0.0007767710485495627,7.9957484268709e-32
5,1,3.063077469200869e-08,0.12,0.0007767710485495627,5.602966786824364e-32
5,1,2.7404593150365096e-08,0.12,0.0007767710485495627,4.159897301786689e-32
5,1,2.3827366046497867e-08,0.12,0.0007767710485495627,3.1571591843594113e-32
5,1,2.0216669170291254e-08,0.12,0.0007767710485495627,1.9704911719853825e-32
5,1,1.7988502644175974e-08,0.12,0.0007767710485495627,1.2952210953158268e-32
5,1,1.6757497731503316e-08,0.12,0.0007767710485495627,9.41026353782237e-33
5,1,1.598155160743728e-08,0.12,0.0007767710485495627,7.08981124067628e-33
5,1,1.544691778010781e-08,0.12,0.0007767710485495627,5.470979562783352e-33
5,1,1.4892318749726817e-08,0.12,0.0007767710485495627,4.591973172571262e-33
5,1,1.4720349911559198e-08,0.12,0.0007767710485495627,4.550332387219336e-33
5,1,1.4483360064734707e-08,0.12,0.0007767710485495627,4.400216615831545e-33
5,1,1.382802190414507e-08,0.1,0.00114538730122149,3.65997843575998e-33
5,1,1.3179730767442455e-08,0.1,0.00114538730122149,3.022976026668467e-33
5,1,1.2551159618707234e-08,0.1,0.00114538730122149,2.3770554725450516e-33
5,1,1.2217036222783978e-08,0.1,0.00114538730122149,1.9228257209461034e-33
5,1,1.212957565949446e-08,0.12,0.00114538730122149,1.559351112728344e-33
5,1,1.1870916010950919e-08,0.12,0.00114538730122149,1.1813874346107458e-33
5,1,1.1465684781714063e-08,0.12,0.00114538730122149,8.951183770000325e-34
5,1,1.1071036829318595e-08,0.12,0.00114538730122149,6.973583042877277e-34
5,1,1.0817368155986692e-08,0.12,0.00114538730122149,5.686768458677157e-34
5,1,1.0725936290019168e-08,0.12,0.00114538730122149,4.911322845266022e-34
5,1,1.0843649893665021e-08,0.12,0.00114538730122149,4.608975596329952e-34
5,1,1.1245582815507447e-08,0.12,0.00114538730122149,4.964062593177114e-34
5,1,1.1521684035126963e-08,0.12,0.00114538730122149,5.184621149234877e-34
5,1,1.1972843787213752e-08,0.12,0.00114538730122149,5.922107478664068e-34
5,1,1.2567363386607513e-08,0.1,0.00114538730122149,6.345838753824443e-34
5,1,1.3130918590260417e-08,0.1,0.00114538730122149,6.607948280118889e-34
5,1,1.3632824221090016e-08,0.1,0.00114538730122149,6.962844259134042e-34
5,1,1.3886459250095979e-08,0.1,0.00114538730122149,7.240543779256268e-34
5,1,1.399314382806002e-08,0.1,0.00114538730122149,7.292991031112097e-34
5,1,1.3834983110211196e-08,0.1,0.00114538730122149,7.098874210285624e-34
5,1,1.346517664953623e-08,0.1,0.00114538730122149,6.005507884499947e-34
5,1,1.2514204239347992e-08,0.1,0.00114538730122149,4.523521289622499e-34
5,1,1.1182363119131449e-08,0.1,0.001121013076044619,3.5015118331178027e-34
5,1,9.56177454678316e-09,0.1,0.001121013076044619,2.8615164592887526e-34
5,1,7.872742598893887e-09,0.1,0.001121013076044619,2.5740449536090947e-34
5,1,6.405326696600823e-09,0.08,0.001121013076044619,2.443964565076108e-34
5,1,5.321774080920134e-09,0.08,0.001121013076044619,2.173905987822967e-34
5,1,4.6802823900296226e-09,0.08,0.001121013076044619,1.7476623230764492e-34
5,1,4.438982854238282e-09,0.08,0.001121013076044619,1.5325242423850417e-34
5,1,4.303428194057052e-09,0.08,0.001121013076044619,1.3908832572125765e-34
5,1,4.139011575052865e-09,0.08,0.001121013076044619,1.2435783178145673e-34
5,1,3.944571672470595e-09,0.08,0.001121013076044619,1.0544694013879596e-34
5,1,3.7763839257626115e-09,0.08,0.001121013076044619,8.547305262810644e-35
5,1,3.67368623896149e-09,0.08,0.001121013076044619,7.040538466416145e-35
5,1,3.5966159458902093e-09,0.08,0.001121013076044619,5.880165977979973e-35
5,1,3.4683279746189447e-09,0.08,0.001121013076044619,5.205247401671962e-35
5,1,3.363596029767254e-09,0.08,0.001121013076044619,4.5090990415255525e-35
5,1,3.0811266146287527e-09,0.08,0.001121013076044619,4.4812510752593436e-35
5,1,2.928933716915895e-09,0.08,0.001121013076044619,3.5500773133454034e-35
5,1,2.7483277899992055e-09,0.08,0.001121013076044619,2.6789820460320956e-35
5,1,2.5588344542191697e-09,0.08,0.001121013076044619,1.9628583175276214e-35
5,1,2.2753751803562262e-09,0.08,0.0009252848103642464,1.8326588298355548e-35
5,1,2.07734989075892e-09,0.08,0.001000896212644875,1.451500912271434e-35
5,1,1.906551254429766e-09,0.08,0.001000896212644875,1.1286893140081467e-35
5,1,1.7911699379096834e-09,0.08,0.001000896212644875,8.439315472399574e-36
5,1,1.695178626910316e-09,0.08,0.001000896212644875,6.615609598988684e-36
5,1,1.6072682442321215e-09,0.08,0.001000896212644875,5.233058131514338e-36
5,1,1.5297207231875292e-09,0.08,0.001000896212644875,4.26409750676249e-36
5,1,1.6289944871065383e-09,0.08,0.001000896212644875,6.729230196750904e-36
5,1,1.9207318136950504e-09,0.08,0.0010226614540442824,9.740753596624782e-36
5,1,2.0761534252081645e-09,0.08,0.0010226614540442824,8.662416895948767e-36
5,1,2.4414491539364647e-09,0.08,0.0013102113734930754,1.890631565207877e-35
5,1,2.5751707131830625e-09,0.08,0.0013102113734930754,2.2832877173698666e-35
5,1,2.6227792627808993e-09,0.08,0.0013102113734930754,2.4031469586734316e-35
5,1,2.7623218070675455e-09,0.08,0.0014080952387303114,3.01569373585019e-35
5,1,2.877406639783278e-09,0.08,0.0014080952387303114,3.213889946813186e-35
5,1,2.9987400333329963e-09,0.08,0.0014080952387303114,3.8010998845718056e-35
5,1,3.1644650609757036e-09,0.08,0.0009550123941153288,4.534628161513772e-35
5,1,3.3526241654641585e-09,0.08,0.0009550123941153288,5.606015211018031e-35
5,1,3.587727562656943e-09,0.08,0.0010373415425419807,7.311735000261054e-35
5,1,3.836524662576108e-09,0.08,0.0010373415425419807,9.492600741160354e-35
5,1,4.1478262528498425e-09,0.08,0.0012343775015324354,1.258141246412191e-34
5,1,4.556788853828901e-09,0.08,0.0012343775015324354,1.7831111689765444e-34
5,1,5.012139923835894e-09,0.08,0.0012343775015324354,2.6371380057682983e-34
5,1,5.538083399673821e-09,0.08,0.0012343775015324354,3.903001699052415e-34
5,1,6.051232382997966e-09,0.08,0.0012343775015324354,5.990269620622452e-34
5,1,6.51109424280177e-09,0.08,0.0012343775015324354,8.035858461438665e-34
5,1,7.0240588859672625e-09,0.08,0.0012343775015324354,1.1340075735974188e-33
5,1,7.681963165516419e-09,0.08,0.0012343775015324354,1.88595138151577e-33
5,1,7.683282339692056e-09,0.08,0.0018197569297626615,1.8589234603125038e-33
5,1,7.45116446424904e-09,0.08,0.0016933048609644175,1.7179251169832782e-33
5,1,7.350820051577864e-09,0.08,0.0016933048609644175,2.676410721016294e-33
5,1,6.573936990248511e-09,0.08,0.0016933048609644175,2.9982384827393814e-33
5,1,6.158651175665902e-09,0.08,0.0016933048609644175,2.9663842388710282e-33
5,1,6.513736416075335e-09,0.08,0.0016933048609644175,4.446416482554738e-33
5,1,7.005458743262576e-09,0.08,0.0016933048609644175,6.815344330018815e-33
5,1,7.408953208141781e-09,0.08,0.0018748178845271468,9.5404576186996e-33
5,1,7.805268953324368e-09,0.08,0.0012536239810287952,1.3398169999973228e-32
5,1,8.276966751408952e-09,0.08,0.001346683595329523,1.715064624948949e-32
5,1,8.73156634294621e-09,0.08,0.001346683595329523,2.011687106193919e-32
5,1,9.17476941863032e-09,0.08,0.0012449825881049037,2.741020665983287e-32
5,1,9.795825299369115e-09,0.08,0.0012449825881049037,3.693065001784178e-32
5,1,1.0480133742826412e-08,0.08,0.0015082353493198752,4.89068744601352e-32
5,1,1.1600586991857098e-08,0.08,0.0015082353493198752,5.587129939182911e-32
5,1,1.2154641441341804e-08,0.08,0.0015082353493198752,7.249451161168021e-32
5,1,1.3046135516007473e-08,0.1,0.0015082353493198752,7.315010244354906e-32
5,1,1.317751674061301e-08,0.1,0.0015082353493198752,1.5655990782613155e-31
5,1,1.4019717567742585e-08,0.1,0.0015082353493198752,9.547343370733129e-32
5,1,1.4705576582313037e-08,0.1,0.00162088917568326,1.1961992732188011e-31
5,1,1.5220916871939135e-08,0.1,0.00162088917568326,1.3945988571022816e-31
5,1,1.4707591390961022e-08,0.1,0.00162088917568326,1.465144622424225e-31
5,1,1.4230679544342713e-08,0.1,0.00162088917568326,1.4393076092414564e-31
5,1,1.3593274885643395e-08,0.1,0.00162088917568326,1.1837974551693207e-31
5,1,1.3291082122651419e-08,0.1,0.00162088917568326,9.989816489050725e-32
5,1,1.3266250131442869e-08,0.1,0.00162088917568326,9.652001747017065e-32
5,1,1.296222705209098e-08,0.1,0.0014289661776274443,8.516236166516694e-32
5,1,1.2428636302822259e-08,0.1,0.0021368595771491528,7.451891271783583e-32
5,1,1.1729760174177932e-08,0.1,0.0021368595771491528,6.373794268640202e-32
5,1,1.097032568496181e-08,0.1,0.0020379440393298864,5.073303138276052e-32
5,1,1.020065361941592e-08,0.1,0.0020379440393298864,4.19921435521223e-32
5,1,9.42770644382522e-09,0.1,0.0020379440393298864,3.6808007753484616e-32
5,1,8.760405180523987e-09,0.1,0.0020379440393298864,2.999143650123713e-32
5,1,8.086517666245123e-09,0.1,0.0020379440393298864,2.328476074648008e-32
5,1,7.269132351424104e-09,0.1,0.0020379440393298864,1.643921943595658e-32
5,1,6.371636794625298e-09,0.1,0.0020379440393298864,1.1879452604545941e-32
5,1,5.367499391408154e-09,0.1,0.0020379440393298864,8.136886507091079e-33
5,1,4.4613203898471485e-09,0.1,0.0020379440393298864,4.722220518036264e-33
5,1,4.119507150002995e-09,0.08,0.0020379440393298864,3.485082876114871e-33
5,1,4.121673896913076e-09,0.08,0.0020379440393298864,3.117674769925672e-33
5,1,4.216725022655104e-09,0.08,0.0020379440393298864,2.7531440535020958e-33
5,1,4.31225265339826e-09,0.08,0.0020379440393298864,2.478355351266093e-33
5,1,4.379566757578432e-09,0.08,0.0020379440393298864,2.3742098578611e-33
5,1,4.4115780800199805e-09,0.08,0.0020379440393298864,2.4245858519365815e-33
5,1,4.384482444959923e-09,0.08,0.0020379440393298864,2.5081434801418837e-33
5,1,4.3908141408696025e-09,0.08,0.0020379440393298864,2.4497994710777503e-33
5,1,4.3436920038023674e-09,0.08,0.0020379440393298864,2.3437404932748094e-33
5,1,4.356965743316436e-09,0.08,0.0020379440393298864,1.9820473100115226e-33
5,1,4.329533192749622e-09,0.08,0.0020379440393298864,1.9737176468390005e-33
5,1,4.239072949152549e-09,0.08,0.0020379440393298864,2.1627652401130487e-33
5,1,4.0670738176098676e-09,0.08,0.0021368595771491528,2.6158082934306432e-33
5,1,3.9342600083461416e-09,0.08,0.0021368595771491528,2.9387222854022874e-33
5,1,3.844996147971031e-09,0.08,0.0014289661776274443,3.0185051073735115e-33
5,1,3.81691365957778e-09,0.08,0.00162088917568326,2.8405598745719875e-33
5,1,3.8568901361394125e-09,0.08,0.00162088917568326,2.4048000779603346e-33
5,1,3.907337376567085e-09,0.08,0.00162088917568326,2.1593193886262085e-33
5,1,3.865925131104339e-09,0.08,0.00162088917568326,2.3898571570384832e-33
5,1,3.857172242850788e-09,0.08,0.00162088917568326,2.5740163468520415e-33
5,1,3.924359620472743e-09,0.08,0.00162088917568326,2.8514381564338862e-33
5,1,4.04779845435742e-09,0.08,0.00162088917568326,2.9643028791861035e-33
5,1,4.230621069703297e-09,0.08,0.00162088917568326,3.1191496479939696e-33
5,1,4.466467493673863e-09,0.08,0.00162088917568326,3.473906863574428e-33
5,1,4.793495894991628e-09,0.08,0.00162088917568326,3.920866549955525e-33
5,1,5.251256523735019e-09,0.08,0.00162088917568326,5.005193232347882e-33
5,1,5.953198988058753e-09,0.08,0.0014289661776274443,6.649903785716148e-33
5,1,6.8874161938056474e-09,0.08,0.0021368595771491528,8.817962056485759e-33
5,1,8.00225271672538e-09,0.1,0.0021368595771491528,1.1441279003753271e-32
5,1,9.275800254124676e-09,0.1,0.0020379440393298864,1.4824313541853413e-32
5,1,1.0625325729435216e-08,0.1,0.0020379440393298864,1.9114399193982372e-32
5,1,1.1990749195483343e-08,0.1,0.0020379440393298864,2.4234496999123133e-32
5,1,1.3292028693496345e-08,0.1,0.0020379440393298864,2.9156206622675616e-32
5,1,1.4523151907313976e-08,0.1,0.0020379440393298864,3.338264954128312e-32
5,1,1.5508940587904592e-08,0.1,0.0020379440393298864,3.908160484580693e-32
5,1,1.635883025733545e-08,0.1,0.0020379440393298864,4.379771169119296e-32
5,1,1.689656000156216e-08,0.1,0.0020379440393298864,4.8473734179215957e-32
5,1,1.709542700978039e-08,0.1,0.0021368595771491528,5.321280136800943e-32
5,1,1.7094266832331277e-08,0.1,0.0021368595771491528,5.058538929229724e-32
5,1,1.6572942591382347e-08,0.1,0.0021368595771491528,5.305996946998727e-32
5,1,1.611869976719717e-08,0.1,0.0021368595771491528,5.918092724645628e-32
5,1,1.5842317871381497e-08,0.1,0.0021368595771491528,5.784706441921946e-32
5,1,1.55098667891316e-08,0.1,0.0021368595771491528,5.915384385661333e-32
5,1,1.486482725158632e-08,0.1,0.0021368595771491528,5.77341934516535e-32
5,1,1.4000284955449193e-08,0.1,0.0017640783917158842,4.620281721401352e-32
5,1,1.3591669883646422e-08,0.1,0.0017640783917158842,3.8600954021963327e-32
5,1,1.2954967211249097e-08,0.1,0.0017640783917158842,3.5264213390134444e-32
5,1,1.199744792800891e-08,0.1,0.0017640783917158842,2.741543760969403e-32
5,1,1.1915620322782154e-08,0.1,0.0017640783917158842,2.3562290554605408e-32
5,1,1.2515210372904562e-08,0.1,0.0011795329628512263,2.566223480521662e-32
5,1,1.3874847920457015e-08,0.1,0.0012758942320942879,3.193790233193323e-32
5,1,1.5779101858886417e-08,0.1,0.001346683595329523,3.678498863535964e-32
5,1,1.7391076336343606e-08,0.1,0.001346683595329523,4.4434847261753905e-32
5,1,1.8695846911950884e-08,0.08,0.0014472882030531764,5.743894453555747e-32
5,1,1.900561184513528e-08,0.08,0.0014472882030531764,6.286909954687875e-32
5,1,2.0008954362361346e-08,0.08,0.0014472882030531764,7.58236174077005e-32
5,1,2.1513040647848456e-08,0.08,0.0014472882030531764,8.841510734815781e-32
5,1,2.1991556411728693e-08,0.08,0.0013747180346399546,8.566348078439423e-32
5,1,2.1838405218170362e-08,0.08,0.0013747180346399546,9.179488870564206e-32
5,1,2.1260069442836113e-08,0.08,0.0013747180346399546,9.834563660413047e-32
5,1,1.9940197121698572e-08,0.08,0.0013747180346399546,1.0889856073150475e-31
5,1,1.9036288655746053e-08,0.08,0.0013747180346399546,1.2025129709265027e-31
5,1,1.881487376627808e-08,0.08,0.001451631193049252,1.342770135680176e-31
5,1,1.8772865764232977e-08,0.08,0.001451631193049252,1.465390535842417e-31
5,1,1.8712868198269662e-08,0.08,0.0016870733816176653,1.614039907414916e-31
5,1,1.923483602411988e-08,0.08,0.0016870733816176653,2.096705998773568e-31
5,1,1.9721892787783073e-08,0.08,0.0010790429078042507,2.678538321710244e-31
5,1,2.0011853824024783e-08,0.08,0.0016706581227481365,3.3008471469253946e-31
5,1,2.0328020700075178e-08,0.08,0.0016706581227481365,4.116630117144645e-31
5,1,2.110190382567067e-08,0.08,0.0018785354914143682,5.212730168919174e-31
5,1,2.3192321959045726e-08,0.08,0.003184562548995018,7.202676125058971e-31
5,1,2.585660447585182e-08,0.08,0.0028325715102255344,9.383029126342702e-31
5,1,2.8442406413527253e-08,0.08,0.0028325715102255344,1.1232672308548013e-30
5,1,3.09644862463092e-08,0.08,0.0028603735845535994,1.2923696163844327e-30
5,1,3.376901995904613e-08,0.08,0.00229064142331481,1.4734460575692801e-30
5,1,3.7079798815944774e-08,0.08,0.00229064142331481,1.6866741500400785e-30
5,1,4.089568554195483e-08,0.08,0.00229064142331481,1.9339438065943057e-30
5,1,4.481914519782782e-08,0.08,0.002169370651245117,2.1857516236590916e-30
5,1,4.971718356502301e-08,0.1,0.0022837938740849495,2.447384128468502e-30
5,1,5.478942531503917e-08,0.1,0.0022837938740849495,3.0199262374319854e-30
5,1,5.969255900566723e-08,0.1,0.0022837938740849495,4.003744667488287e-30
5,1,6.540672035961279e-08,0.1,0.00241144560277462,4.837034369113882e-30
5,1,7.101423527882023e-08,0.1,0.0024803364649415016,5.3062853192728704e-30
5,1,7.574885674639119e-08,0.1,0.0024803364649415016,5.3376309575923495e-30
5,1,7.749512370890725e-08,0.1,0.003488905495032668,5.585686220531118e-30
5,1,7.787129652666653e-08,0.1,0.004398393910378218,5.61289863263401e-30
5,1,7.874700837265765e-08,0.1,0.004398393910378218,5.31365839599942e-30
5,1,7.922399010802132e-08,0.1,0.005052835214883089,4.746844800145912e-30
5,1,7.690678014922793e-08,0.1,0.005052835214883089,4.310821407742295e-30
5,1,7.184306551223935e-08,0.1,0.005052835214883089,4.090849739279699e-30
5,1,6.560773463499133e-08,0.1,0.005052835214883089,3.6106574757823526e-30
5,1,5.7258864907748513e-08,0.1,0.005052835214883089,3.315095690109904e-30
5,1,5.131170637999492e-08,0.1,0.005052835214883089,2.2729433999138204e-30
5,1,4.45581197876521e-08,0.1,0.004945721011608839,1.785047416638925e-30
5,1,4.184004783879807e-08,0.1,0.004945721011608839,1.3283576110337272e-30
5,1,3.919270255489744e-08,0.06,0.004945721011608839,1.1035264489248322e-30
5,1,3.616155645948683e-08,0.06,0.004945721011608839,9.883950527420189e-31
5,1,3.419762625101908e-08,0.06,0.004945721011608839,9.045490155283745e-31
5,1,3.1697712781763895e-08,0.06,0.004945721011608839,7.544539974933473e-31
5,1,2.915636785011274e-08,0.06,0.005804100073873997,6.016316915050903e-31
5,1,2.699176271891586e-08,0.06,0.005804100073873997,4.937196173877391e-31
5,1,2.474436249451169e-08,0.06,0.005804100073873997,3.975177709735056e-31
5,1,2.2219852238441848e-08,0.06,0.005804100073873997,3.0044699913514414e-31
5,1,2.0188264432506153e-08,0.06,0.00692601315677166,2.0275356793915216e-31
5,1,1.811427592811423e-08,0.06,0.00716380262747407,1.5873444307077419e-31
5,1,1.5381813606353404e-08,0.06,0.00716380262747407,1.3213473388836153e-31
5,1,1.3092137502793816e-08,0.04,0.008101838640868664,8.232835645729773e-32
5,1,1.148633528546954e-08,0.04,0.008101838640868664,4.737324518418376e-32
5,1,9.823622356364904e-09,0.04,0.008101838640868664,2.6250560911595545e-32
5,1,8.043259310494589e-09,0.04,0.006871312856674194,1.449118578967007e-32
5,1,6.584746837237924e-09,0.04,0.010831713676452637,7.472752770027626e-33
5,1,5.295533187514527e-09,0.04,0.009435893036425114,3.5478597845785505e-33
5,1,4.269884536383631e-09,0.04,0.006244880147278309,2.0315132143200783e-33
5,1,3.6773838770821765e-09,0.04,0.005994797684252262,1.3595194608114551e-33
5,1,3.2117853722160685e-09,0.04,0.005994797684252262,9.571035716513341e-34
5,1,2.8775454445595215e-09,0.04,0.005994797684252262,6.908869782977106e-34
5,1,2.6199141669480775e-09,0.04,0.005994797684252262,5.228833971327699e-34
5,1,2.427609316426608e-09,0.04,0.005994797684252262,3.964646275848466e-34
5,1,2.3436340119424723e-09,0.04,0.005579851102083921,3.265710650996477e-34
5,1,2.3309084688636836e-09,0.04,0.005994797684252262,3.312484765077146e-34
5,1,2.308115333408112e-09,0.04,0.005994797684252262,3.5455446576381556e-34
5,1,2.371444959949812e-09,0.04,0.005579851102083921,3.598522489073037e-34
5,1,2.479254425113979e-09,0.04,0.005579851102083921,3.970307015831645e-34
5,1,2.6126123112530983e-09,0.04,0.005579851102083921,4.5082926684721e-34
5,1,2.812637166138409e-09,0.04,0.005579851102083921,5.2566734428105135e-34
5,1,3.1206638305041394e-09,0.04,0.005579851102083921,6.631129396059089e-34
5,1,3.5361090304607716e-09,0.04,0.005579851102083921,8.732296619972638e-34
5,1,3.963421476004818e-09,0.04,0.005579851102083921,1.3284720836123461e-33
5,1,4.434436412497395e-09,0.04,0.005579851102083921,1.9160747099525372e-33
5,1,4.892551936783891e-09,0.04,0.005579851102083921,2.6095691734926616e-33
5,1,5.41029727592721e-09,0.04,0.005579851102083921,3.336620510999908e-33
5,1,5.894491453043308e-09,0.04,0.005579851102083921,3.851194999782288e-33
5,1,6.421041835177052e-09,0.04,0.005579851102083921,3.900071687547494e-33
5,1,6.803730447336795e-09,0.04,0.005579851102083921,4.989599565100255e-33
5,1,7.173699770779962e-09,0.04,0.005579851102083921,5.7657355059360096e-33
5,1,7.531720763472225e-09,0.04,0.005579851102083921,6.124729643967213e-33
5,1,7.729419912451216e-09,0.04,0.005812724120914936,6.466881519345026e-33
5,1,7.613557603463454e-09,0.04,0.007323527708649635,5.6452072947004e-33
5,1,7.565622809378253e-09,0.04,0.011500888504087925,4.868255487316778e-33
5,1,7.052582431231172e-09,0.04,0.013198100961744785,5.072738974456054e-33
5,1,6.079401970441728e-09,0.04,0.013198100961744785,4.0194857505437145e-33
5,1,5.442828440802516e-09,0.04,0.014526989310979843,2.7279491688021432e-33
5,1,5.20997399267659e-09,0.04,0.014526989310979843,2.0123693704619758e-33
5,1,4.924518203245206e-09,0.04,0.014526989310979843,1.4903745735900306e-33
5,1,4.660131319795146e-09,0.04,0.014526989310979843,1.0399016284679136e-33
5,1,4.304955525239777e-09,0.04,0.03061700239777565,9.842060632774805e-34
5,1,4.0619626770724145e-09,0.04,0.031273338943719864,9.117081838744852e-34
5,1,3.9322373493340464e-09,0.06,0.031273338943719864,7.039654549765624e-34
5,1,3.760885831689367e-09,0.06,0.033234093338251114,5.500168373211215e-34
5,1,3.5386198922709773e-09,0.06,0.038813140243291855,4.2284010350565825e-34
5,1,3.269409802942602e-09,0.06,0.038813140243291855,3.1739408172182388e-34
5,1,2.9586153527740714e-09,0.06,0.038813140243291855,2.2959271228018686e-34
5,1,2.6636598561192835e-09,0.06,0.03054661862552166,1.6571421408121809e-34
5,1,2.472467774900047e-09,0.06,0.03054661862552166,1.3398668023868893e-34
5,1,2.3642347167863005e-09,0.06,0.03054661862552166,1.1224768005353176e-34
5,1,2.3313679843621623e-09,0.06,0.03054661862552166,8.950053275042621e-35
5,1,2.5899714977665503e-09,0.06,0.02873970940709114,7.425178240721318e-35
5,1,2.86330279609379e-09,0.08,0.02873970940709114,6.329421207381909e-35
5,1,2.8228534637569614e-09,0.08,0.02873970940709114,5.152617626767519e-35
5,1,2.7356830330138345e-09,0.06,0.02873970940709114,4.0239608139154343e-35
5,1,2.5636462714632793e-09,0.06,0.02509474568068981,3.181515925516016e-35
5,1,2.300211424617245e-09,0.06,0.02509474568068981,2.6407101769801037e-35
5,1,2.11164053112693e-09,0.06,0.02039126679301262,2.085279338695106e-35
5,1,1.958119687475038e-09,0.06,0.019585855305194855,1.716259634342705e-35
5,1,1.807260712711916e-09,0.06,0.019585855305194855,1.49403882710589e-35
5,1,1.6954713402302862e-09,0.06,0.019585855305194855,1.3501017536393272e-35
5,1,1.6476432284689658e-09,0.06,0.009237751364707947,1.2673360171776768e-35
5,1,1.698749202240582e-09,0.06,0.010475321672856808,1.2844682159718756e-35
5,1,1.864151979480783e-09,0.06,0.010475321672856808,1.6302244107248673e-35
5,1,2.1751606613754907e-09,0.06,0.010475321672856808,2.536951276575625e-35
5,1,2.669322473809667e-09,0.06,0.010475321672856808,4.441766690672141e-35
5,1,3.3967617394269426e-09,0.06,0.013891531154513359,8.014577307119604e-35
5,1,4.403301930358326e-09,0.06,0.013891531154513359,1.4007979321721635e-34
5,1,5.72426057585427e-09,0.06,0.013891531154513359,2.395523866328912e-34
5,1,7.338296707375407e-09,0.06,0.013891531154513359,3.6721295575986287e-34
5,1,9.256897770542006e-09,0.06,0.014463776722550392,5.4915307856200755e-34
5,1,1.1403342118364567e-08,0.06,0.00986829400062561,8.798166547946919e-34
5,1,1.3605946822837432e-08,0.06,0.00986829400062561,1.3312927190413427e-33
5,1,1.540522516473601e-08,0.08,0.008200365118682384,1.7324163909350246e-33
5,1,1.6290352666768744e-08,0.08,0.006174967624247074,1.923163124558988e-33
5,1,1.580334303237353e-08,0.08,0.006432511378079653,2.0266986465984995e-33
5,1,1.4098185906102908e-08,0.08,0.007211392279714346,1.9751638722324965e-33
5,1,1.213987447672368e-08,0.08,0.007211392279714346,1.672671339541505e-33
5,1,9.764754722187138e-09,0.06,0.008280901238322258,1.5300541200860062e-33
5,1,7.702961453640021e-09,0.06,0.0070583755150437355,1.3816665090649163e-33
5,1,6.100135176190599e-09,0.06,0.0070583755150437355,1.0820031525040639e-33
5,1,4.608943542390299e-09,0.06,0.0070583755150437355,8.824384663745064e-34
5,1,3.4140687110345674e-09,0.06,0.0070583755150437355,6.177545156162635e-34
5,1,2.5679497088336656e-09,0.06,0.0070583755150437355,3.2460371918320313e-34
5,1,1.939825725994818e-09,0.06,0.0070583755150437355,1.5792185743784233e-34
5,1,1.5361991302320707e-09,0.06,0.0070583755150437355,8.624930363881888e-35
5,1,1.2585372394007165e-09,0.06,0.0070583755150437355,5.466301278938071e-35
5,1,1.0191368981926328e-09,0.06,0.0070583755150437355,3.7515744364234284e-35
5,1,8.190910203517938e-10,0.04,0.007982717826962471,3.0157858583322734e-35
5,1,7.104836342547905e-10,0.04,0.010207275860011578,1.818896563271466e-35
5,1,6.017039788831019e-10,0.04,0.010207275860011578,1.048656329275529e-35
5,1,4.969740899075919e-10,0.04,0.010207275860011578,6.325868608610222e-36
5,1,4.0262550832216436e-10,0.04,0.010207275860011578,4.0317802476808804e-36
5,1,3.2776467544697186e-10,0.04,0.014958217740058899,2.3138792690837955e-36
5,1,2.657324716414096e-10,0.04,0.014958217740058899,1.2876906912461429e-36
5,1,2.1543707093995478e-10,0.04,0.014958217740058899,7.56036260219273e-37
5,1,1.8532740285840074e-10,0.04,0.014958217740058899,4.069744270517919e-37
5,1,1.6877298716376062e-10,0.04,0.013037653639912605,2.5854270557648884e-37
5,1,1.6397262305940067e-10,0.04,0.011636876501142979,2.130448986212821e-37
5,1,1.6405288500031787e-10,0.04,0.011173298582434654,1.884106769793884e-37
5,1,1.6286317161154538e-10,0.04,0.011173298582434654,1.7423277632247077e-37
5,1,1.638185620702195e-10,0.04,0.011173298582434654,1.808475104350205e-37
5,1,1.6750802689000434e-10,0.04,0.011173298582434654,2.0473952593749376e-37
5,1,1.770299247504614e-10,0.04,0.011173298582434654,2.5552473467906634e-37
5,1,1.951843987530618e-10,0.04,0.007615204434841871,3.7506547093103922e-37
5,1,2.2830485204409859e-10,0.04,0.007615204434841871,6.108477487513541e-37
5,1,2.898462881868066e-10,0.04,0.006776820868253708,1.048875891445152e-36
5,1,3.9161014811238e-10,0.04,0.006267612800002098,1.9778072708936267e-36
5,1,5.37754669088833e-10,0.06,0.005540758371353149,4.284283020564498e-36
5,1,7.373042926536645e-10,0.06,0.005991270300000906,1.0226306518897238e-35
5,1,1.0095513627119184e-09,0.06,0.005991270300000906,2.2862162652465673e-35
5,1,1.3623264473678814e-09,0.06,0.005991270300000906,4.4746575736211254e-35
5,1,1.7911368858622772e-09,0.06,0.005991270300000906,8.799606069349195e-35
5,1,2.251267890169465e-09,0.06,0.005991270300000906,1.5514647394957764e-34
5,1,2.751012061597069e-09,0.06,0.005991270300000906,2.397608302502958e-34
5,1,3.3203472908227533e-09,0.06,0.005020011216402054,3.850914212752785e-34
5,1,3.8780535171125336e-09,0.06,0.005020011216402054,6.1085101178132695e-34
5,1,4.440098003722227e-09,0.06,0.005020011216402054,8.568692601922138e-34
5,1,4.9472297913844036e-09,0.06,0.00470718601718545,1.0437327298611365e-33
5,1,5.2493031371800275e-09,0.06,0.00470718601718545,1.0786321469465925e-33
5,1,5.283940742428606e-09,0.06,0.004903813824057579,1.075123939157861e-33
5,1,5.110581353101196e-09,0.06,0.006179853808134794,1.0342522760862586e-33
5,1,4.6742136959605144e-09,0.06,0.007097470108419657,1.0364245529123797e-33
5,1,4.053707798962572e-09,0.06,0.007097470108419657,1.1089897477340589e-33
5,1,3.506554306472854e-09,0.06,0.007097470108419657,1.0721096226674673e-33
5,1,3.100709655323534e-09,0.06,0.007097470108419657,8.666390876154856e-34
5,1,2.760186222022915e-09,0.06,0.007097470108419657,6.180609247491947e-34
5,1,2.444608938481966e-09,0.06,0.007097470108419657,4.887586583751547e-34
5,1,2.1754360105455375e-09,0.06,0.007097470108419657,3.988188305288567e-34
5,1,1.9186022301597904e-09,0.06,0.007097470108419657,2.4061845899004125e-34
5,1,1.7532488014605284e-09,0.06,0.005915143992751837,1.3621611318173138e-34
5,1,1.545053651180248e-09,0.06,0.005915143992751837,1.0511921369131915e-34
5,1,1.3460684098186028e-09,0.06,0.005915143992751837,7.395948150237932e-35
5,1,1.2672361740618515e-09,0.06,0.007567931432276964,4.129329705361933e-35
5,1,1.165231596980575e-09,0.06,0.006589899770915508,2.712464119987597e-35
5,1,1.0449263259797471e-09,0.06,0.0052296374924480915,1.926274212703458e-35
5,1,9.435325958773551e-10,0.06,0.005020011216402054,1.3364306051065827e-35
5,1,8.547170235547026e-10,0.06,0.005020011216402054,1.0682465625215814e-35
5,1,7.958423160932688e-10,0.06,0.005020011216402054,8.297770426622001e-36
5,1,7.515937623647525e-10,0.06,0.003921471070498228,6.57204370056911e-36
5,1,7.186518724229162e-10,0.06,0.003921471070498228,5.746250668271095e-36
5,1,6.811921667296796e-10,0.06,0.003921471070498228,5.3217970495362516e-36
5,1,6.541809401827121e-10,0.06,0.003921471070498228,4.8986312801420616e-36
5,1,6.71686127447765e-10,0.06,0.00470718601718545,5.001616538237891e-36
5,1,7.080150071177651e-10,0.06,0.00470718601718545,5.8791538503672376e-36
5,1,7.657436376238435e-10,0.06,0.00470718601718545,7.391741510542045e-36
5,1,8.535108436617243e-10,0.06,0.005552323069423437,1.0151835823626059e-35
5,1,9.891499037111034e-10,0.06,0.005552323069423437,1.5331491255392118e-35
5,1,1.1855369067582539e-09,0.06,0.005552323069423437,2.533082993285895e-35
5,1,1.467652941370616e-09,0.06,0.005552323069423437,3.9240940166325013e-35
5,1,1.8132083823162044e-09,0.06,0.004730997607111931,6.034324485661883e-35
5,1,2.1956891300889438e-09,0.06,0.004730997607111931,9.621365012239026e-35
5,1,2.6180543463849132e-09,0.06,0.004730997607111931,1.5813284949026532e-34
5,1,3.1384969852520216e-09,0.06,0.004730997607111931,2.4286670673035907e-34
5,1,3.7064031997884578e-09,0.06,0.0049286154098808765,4.033506826755132e-34
5,1,4.269678153542047e-09,0.06,0.006211068481206894,5.3847398789127554e-34
5,1,4.634758018849024e-09,0.06,0.0071332864463329315,8.230817872942388e-34
5,1,5.079148504803506e-09,0.06,0.0071332864463329315,1.0118366090065353e-33
5,1,5.356089892155463e-09,0.06,0.0071332864463329315,1.0868099142084693e-33
5,1,5.494455563001817e-09,0.06,0.0071332864463329315,1.0296229405604304e-33
5,1,5.56266314200199e-09,0.06,0.0071332864463329315,1.0876808820540317e-33
5,1,5.568326783301836e-09,0.06,0.008368154056370258,1.0909471033103868e-33
5,1,5.447524060492042e-09,0.06,0.008368154056370258,1.037207634188119e-33
5,1,5.041044529593175e-09,0.06,0.008368154056370258,1.308045665214901e-33
5,1,4.704607334199914e-09,0.06,0.008368154056370258,1.694998569038428e-33
5,1,4.5814936329408474e-09,0.06,0.008368154056370258,1.9318983332825437e-33
5,1,4.548897282533691e-09,0.06,0.007097470108419657,1.728956947794753e-33
5,1,4.406455304949779e-09,0.06,0.007097470108419657,1.6413330274905673e-33
5,1,4.0555133672784675e-09,0.06,0.007816968485713005,1.611712590230761e-33
5,1,3.6102079672232895e-09,0.06,0.007816968485713005,1.6509155105016767e-33
5,1,3.164902437141522e-09,0.06,0.007816968485713005,1.6912783130890678e-33
5,1,2.8061946294648004e-09,0.06,0.007816968485713005,1.709844144334352e-33
5,1,2.589295476935431e-09,0.06,0.009995812550187111,1.8127886131205907e-33
5,1,2.4884045028402206e-09,0.06,0.010214751586318016,2.0255547436583556e-33
5,1,2.3938509652205173e-09,0.08,0.010214751586318016,2.182590319681651e-33
5,1,2.2706403637038545e-09,0.08,0.012178784236311913,2.2080990981074718e-33
5,1,2.1708013705319604e-09,0.08,0.012178784236311913,2.147539649534023e-33
5,1,2.195603535673236e-09,0.08,0.012178784236311913,1.7641607995499728e-33
5,1,2.158641445508054e-09,0.08,0.012178784236311913,1.5801173224615735e-33
5,1,2.185693208621936e-09,0.08,0.012178784236311913,1.0888432439289034e-33
5,1,2.1572894396256558e-09,0.08,0.012178784236311913,8.018465736821304e-34
5,1,2.0657285416846383e-09,0.08,0.012178784236311913,6.338193907946771e-34
5,1,1.9313507637750828e-09,0.08,0.010611236095428467,4.3880281169459605e-34
5,1,1.7225848677526204e-09,0.08,0.010611236095428467,2.6025399009457366e-34
5,1,1.5300771490894374e-09,0.08,0.008299369364976883,1.5674072668344335e-34
5,1,1.3787242742196085e-09,0.08,0.006956551223993301,1.0099579991382534e-34
5,1,1.2180851852622663e-09,0.06,0.006956551223993301,5.985721123292117e-35
5,1,1.0684544210627526e-09,0.06,0.006806967779994011,3.491600200209026e-35
5,1,9.122752706166045e-10,0.06,0.006806967779994011,1.9353484206816441e-35
5,1,7.51487839130463e-10,0.06,0.006806967779994011,1.0202849724277009e-35
5,1,6.037943938907699e-10,0.06,0.006806967779994011,5.55358768944458e-36
5,1,4.774592867512787e-10,0.06,0.006806967779994011,3.073353800056687e-36
5,1,3.8498139358858095e-10,0.06,0.006179853808134794,1.781518224898499e-36
5,1,3.1826125892377565e-10,0.06,0.006179853808134794,1.0757582218185558e-36
5,1,2.753561213251551e-10,0.06,0.006179853808134794,7.53088735398249e-37
5,1,2.4453545640881745e-10,0.06,0.005596584640443325,5.307339236708488e-37
5,1,2.2161275957041374e-10,0.06,0.00660034641623497,3.61843536086484e-37
5,1,2.069325240547575e-10,0.06,0.00660034641623497,2.623277808844459e-37
5,1,2.0658561128494872e-10,0.06,0.0050279819406569,1.8630372944998046e-37
5,1,2.1391102005046573e-10,0.06,0.0050279819406569,1.3663903259164515e-37
5,1,2.215661730421951e-10,0.06,0.0050279819406569,1.2929718152153885e-37
5,1,2.3551323331098366e-10,0.06,0.0050279819406569,1.2301530624101099e-37
5,1,2.4678550017559147e-10,0.06,0.004283889662474394,1.1350524287263647e-37
5,1,2.725398767073319e-10,0.06,0.004283889662474394,1.1931970103740415e-37
5,1,3.0303235051824516e-10,0.06,0.004283889662474394,1.4272202438372833e-37
5,1,3.2919567522033044e-10,0.06,0.004283889662474394,1.678087645361095e-37
5,1,3.6664998526167244e-10,0.06,0.004283889662474394,2.180804702580272e-37
5,1,4.052019284559757e-10,0.06,0.004283889662474394,3.0610548836950006e-37
5,1,4.3712344763969306e-10,0.06,0.004283889662474394,4.043036194411151e-37
5,1,4.685337857387269e-10,0.06,0.004376733209937811,5.711217220148855e-37
5,1,5.065091912250208e-10,0.06,0.0057208542712032795,7.748868410522264e-37
5,1,5.324524269896336e-10,0.08,0.006923973094671965,1.044412184106504e-36
5,1,5.480790530677719e-10,0.08,0.006923973094671965,1.5092697441436928e-36
5,1,5.427153990870033e-10,0.08,0.006923973094671965,2.3568355017778993e-36
5,1,5.328223787139156e-10,0.08,0.0037496488075703382,3.2528516582835835e-36
5,1,5.291380810973339e-10,0.08,0.0037496488075703382,4.66273136051307e-36
5,1,5.278852365387834e-10,0.08,0.0037496488075703382,6.448273845551804e-36
5,1,5.323288399813857e-10,0.08,0.0037496488075703382,9.80607302819678e-36
5,1,5.752979034985615e-10,0.08,0.004029043484479189,1.6849785989427774e-35
5,1,6.483336153073797e-10,0.08,0.004029043484479189,2.609387385128017e-35
5,1,7.223585143832873e-10,0.08,0.0037496488075703382,3.390169903604003e-35
5,1,7.75919845851213e-10,0.08,0.0037496488075703382,4.060288927294057e-35
5,1,8.06065597725787e-10,0.08,0.0037496488075703382,4.5242266436301776e-35
5,1,8.168582522635634e-10,0.08,0.0037496488075703382,4.679893836322408e-35
5,1,8.049589909167756e-10,0.08,0.0037496488075703382,4.6802864330684835e-35
5,1,7.840539374298975e-10,0.08,0.0037496488075703382,4.4333364791107627e-35
5,1,7.513792486864734e-10,0.08,0.0037496488075703382,3.9925852166530566e-35
5,1,7.248876899081164e-10,0.08,0.0032147387973964214,3.4032567487924424e-35
5,1,6.909138752525825e-10,0.08,0.0032147387973964214,2.835944406206079e-35
5,1,6.579319402394082e-10,0.08,0.0032147387973964214,2.1613775311497608e-35
5,1,6.101896801083445e-10,0.08,0.0032147387973964214,1.600206256890075e-35
5,1,5.638230207810423e-10,0.08,0.0032147387973964214,1.1677562775667189e-35
5,1,5.123147494359271e-10,0.08,0.0032147387973964214,8.061827100371779e-36
5,1,4.279539284343638e-10,0.08,0.0032147387973964214,3.7650347220474164e-36
5,1,3.5487097092507885e-10,0.08,0.0025102561339735985,1.8286422106955854e-36
5,1,2.8699154723707193e-10,0.08,0.0013400427997112274,1.1314176174553341e-36
5,1,1.9640931019309663e-10,0.08,0.0013400427997112274,2.81284232618976e-37
5,1,1.7519371907370867e-10,0.08,0.0013400427997112274,1.4117123539922934e-37
5,1,1.5848891706596554e-10,0.08,0.0013400427997112274,1.1293341220570251e-37
5,1,1.4290238069270506e-10,0.08,0.0013400427997112274,7.323084320552677e-38
5,1,1.398507748851209e-10,0.08,0.0013400427997112274,5.349024166594206e-38
5,1,1.369155756537213e-10,0.08,0.0013400427997112274,3.915818696756098e-38
5,1,1.3677246060316352e-10,0.08,0.0013400427997112274,2.9653019736020815e-38
5,1,1.3912844749759934e-10,0.08,0.0013400427997112274,0.0
5,1,1.4055747937704376e-10,0.08,0.0013400427997112274,0.0
5,1,1.4273648206184438e-10,0.08,0.0013400427997112274,0.0
5,1,1.4722470653208587e-10,0.08,0.0013115316396579146,0.0
5,1,1.5200949701970193e-10,0.08,0.0014488671440631151,0.0
5,1,1.576899267413059e-10,0.08,0.0014488671440631151,0.0
5,1,1.6445709883231628e-10,0.08,0.0014488671440631151,0.0
5,1,1.7130768426722582e-10,0.08,0.0014488671440631151,0.0
5,1,1.8154274738624944e-10,0.08,0.0014488671440631151,0.0
5,1,1.9090402966837406e-10,0.08,0.0014488671440631151,0.0
5,1,1.9199230198600209e-10,0.08,0.0014488671440631151,0.0
5,1,1.9969496562268135e-10,0.08,0.0014488671440631151,0.0
5,1,2.0178975383387808e-10,0.08,0.0014488671440631151,0.0
5,1,2.0186115771482377e-10,0.08,0.0014488671440631151,0.0
5,1,2.0635182469699723e-10,0.08,0.0014488671440631151,0.0
5,1,2.0292166447732024e-10,0.08,0.0014488671440631151,0.0
5,1,1.9402403625472763e-10,0.08,0.001701371860690415,0.0
5,1,1.9121763755000928e-10,0.08,0.001701371860690415,0.0
5,1,1.875841426941664e-10,0.08,0.0014298992464318871,2.3910638759064147e-38
5,1,1.8202477134339178e-10,0.08,0.0014298992464318871,2.406014329222296e-38
5,1,1.769737810647586e-10,0.08,0.0014298992464318871,0.0
5,1,1.7723819288807717e-10,0.08,0.0014298992464318871,2.3936921513061024e-38
5,1,1.7774329233071925e-10,0.08,0.0014298992464318871,2.3731264147839785e-38
5,1,1.7835482347772615e-10,0.08,0.0014298992464318871,0.0
5,1,1.7758880787038968e-10,0.08,0.0013164555421099067,0.0
5,1,1.716880049260883e-10,0.08,0.0013164555421099067,0.0
5,1,1.7230456579024654e-10,0.08,0.0013164555421099067,0.0
5,1,1.7805053240487236e-10,0.08,0.0013164555421099067,0.0
5,1,1.7523087616201249e-10,0.08,0.0013164555421099067,0.0
5,1,1.7214952550415058e-10,0.08,0.0013164555421099067,0.0
5,1,1.54957055411545e-10,0.08,0.0013164555421099067,0.0
5,1,1.4693305393372261e-10,0.08,0.0013164555421099067,0.0
5,1,1.3549568843319592e-10,0.08,0.001121013076044619,0.0
5,1,1.1534202051584565e-10,0.08,0.0010312122758477926,0.0
5,1,1.0616994343417288e-10,0.08,0.0010312122758477926,0.0
5,1,9.728023040788564e-11,0.08,0.0010312122758477926,0.0
5,1,8.573928587274264e-11,0.08,0.0010312122758477926,0.0
5,1,7.84990065165133e-11,0.08,0.0010312122758477926,0.0
5,1,7.170315332766626e-11,0.08,0.0010312122758477926,0.0
5,1,6.697083368260383e-11,0.08,0.0010312122758477926,0.0
5,1,6.375294467531309e-11,0.08,0.0010312122758477926,0.0
5,1,6.084607790463754e-11,0.08,0.0010312122758477926,0.0
5,1,6.058143891959237e-11,0.08,0.0010312122758477926,0.0
5,1,6.156815287079944e-11,0.08,0.0010312122758477926,0.0
5,1,5.935243957375775e-11,0.08,0.0010312122758477926,0.0
5,1,5.7946205727935655e-11,0.08,0.0008849718142300844,0.0
5,1,5.753462856656429e-11,0.08,0.0008849718142300844,0.0
5,1,5.796787106563878e-11,0.08,0.000730426050722599,0.0
5,1,5.843441132090759e-11,0.08,0.0007901267963461578,0.0
5,1,6.002781021928662e-11,0.08,0.0005357815534807742,0.0
5,1,6.156115824872427e-11,0.08,0.0006292564212344587,0.0
5,1,6.268394310427791e-11,0.08,0.0006292564212344587,0.0
5,1,6.755184717240685e-11,0.08,0.0006292564212344587,0.0
5,1,8.153191214881312e-11,0.08,0.0006292564212344587,0.0
5,1,9.148060542826392e-11,0.08,0.0006292564212344587,0.0
5,1,1.0225852685477911e-10,0.08,0.0006292564212344587,0.0
5,1,1.1034247496365002e-10,0.08,0.0006292564212344587,0.0
5,1,1.0715394103686372e-10,0.08,0.0005330736166797578,0.0
5,1,1.263009446029098e-10,0.08,0.0005330736166797578,0.0
5,1,1.5266215923674135e-10,0.08,0.0005330736166797578,0.0
5,1,1.6805651983807006e-10,0.08,0.0005330736166797578,0.0
5,1,1.9478591100007443e-10,0.08,0.0005330736166797578,0.0
5,1,1.964769805990752e-10,0.08,0.0005330736166797578,0.0
5,1,1.8469925453963106e-10,0.08,0.0005330736166797578,0.0
5,1,1.7465041814371075e-10,0.08,0.0005330736166797578,0.0
5,1,1.61182800817482e-10,0.08,0.0005330736166797578,0.0
5,1,1.5847385289734088e-10,0.08,0.0005330736166797578,0.0
5,1,1.563887528260947e-10,0.08,0.0005330736166797578,0.0
5,1,1.5370772405810508e-10,0.08,0.0005330736166797578,0.0
5,1,1.4646058064397565e-10,0.08,0.0005330736166797578,0.0
5,1,1.3890269399754144e-10,0.08,0.0005330736166797578,0.0
5,1,1.3096903917940062e-10,0.08,0.0004437836760189384,0.0
5,1,1.2351823955308393e-10,0.08,0.0004437836760189384,0.0
5,1,1.1769336462687496e-10,0.08,0.0004437836760189384,0.0
5,1,1.1196828156419579e-10,0.08,0.0004437836760189384,0.0
5,1,1.0658163060592605e-10,0.08,0.0004437836760189384,0.0
5,1,1.0185763189122252e-10,0.08,0.0004437836760189384,0.0
5,1,9.814619332058783e-11,0.08,0.0004437836760189384,0.0
5,1,9.537818314451096e-11,0.08,0.0004437836760189384,0.0
5,1,9.361134640294559e-11,0.08,0.0004437836760189384,0.0
5,1,9.329077780099212e-11,0.08,0.0004437836760189384,0.0
5,1,9.53236123323011e-11,0.08,0.0004437836760189384,0.0
5,1,1.0088089137677937e-10,0.08,0.0004437836760189384,0.0
5,1,1.1042000319720275e-10,0.08,0.0004437836760189384,0.0
5,1,1.2273632349444738e-10,0.08,0.0004437836760189384,0.0
5,1,1.39538907495675e-10,0.08,0.0004437836760189384,0.0
5,1,1.6108893143538966e-10,0.08,0.0004437836760189384,0.0
5,1,1.8586560009805843e-10,0.08,0.0004437836760189384,0.0
5,1,2.1425353017159238e-10,0.08,0.0004437836760189384,0.0
5,1,2.452896807774742e-10,0.08,0.0005330736166797578,0.0
5,1,2.7537003612302647e-10,0.08,0.0005330736166797578,0.0
5,1,3.051982417249387e-10,0.08,0.0005330736166797578,0.0
5,1,3.4154240715350584e-10,0.08,0.0005330736166797578,0.0
5,1,3.8204650784103606e-10,0.08,0.0005970809143036604,0.0
5,1,4.209717879778582e-10,0.08,0.0007650578627362847,0.0
5,1,4.807768518732328e-10,0.08,0.0007650578627362847,0.0
5,1,5.192889748500644e-10,0.08,0.0007650578627362847,0.0
5,1,5.516172601355826e-10,0.08,0.0007650578627362847,0.0
5,1,6.035426809501308e-10,0.08,0.0007650578627362847,2.54207200231745e-38
5,1,6.098905719072928e-10,0.08,0.0007650578627362847,2.672516914543597e-38
5,1,5.875599007203585e-10,0.08,0.0007650578627362847,2.918883681711629e-38
5,1,5.308280969497459e-10,0.08,0.0006845542229712009,3.071639787827063e-38
5,1,4.695899584830304e-10,0.08,0.0006369352922774851,2.444052856296086e-38
5,1,4.4495945896152034e-10,0.08,0.0006369352922774851,2.4091554798599267e-38
5,1,4.1709952019878243e-10,0.08,0.0006369352922774851,0.0
5,1,3.7973376332567215e-10,0.08,0.0007837964803911746,0.0
5,1,3.3205619480076977e-10,0.08,0.0007837964803911746,0.0
5,1,2.8365932315701587e-10,0.08,0.0007837964803911746,0.0
5,1,2.527441352308338e-10,0.08,0.0007837964803911746,0.0
5,1,2.3021611274496528e-10,0.08,0.0007837964803911746,0.0
5,1,2.11579377441754e-10,0.08,0.0003843928570859134,0.0
5,1,1.9589838691067778e-10,0.08,0.0003843928570859134,0.0
5,1,1.8169420355944437e-10,0.08,0.0003843928570859134,0.0
5,1,1.6809295928745056e-10,0.08,0.0003843928570859134,0.0
5,1,1.5818623509851297e-10,0.08,0.0003843928570859134,0.0
5,1,1.606381562152166e-10,0.08,0.0003843928570859134,0.0
5,1,1.6641712769147254e-10,0.08,0.00031234504422172904,0.0
5,1,1.7067050987054754e-10,0.08,0.0004606700094882399,0.0
5,1,1.7199876873084117e-10,0.08,0.0004606700094882399,0.0
5,1,1.6431002552400417e-10,0.08,0.0004606700094882399,0.0
5,1,1.5176180947203758e-10,0.08,0.0004606700094882399,0.0
5,1,1.364902037851501e-10,0.08,0.0004951173905283213,0.0
5,1,1.2204316422005237e-10,0.08,0.0004951173905283213,0.0
5,1,1.1179376236857256e-10,0.08,0.0004951173905283213,0.0
5,1,1.0488318482004868e-10,0.08,0.0004951173905283213,0.0
5,1,1.0000130021504935e-10,0.08,0.0004951173905283213,0.0
5,1,9.70238577456167e-11,0.08,0.0004951173905283213,0.0
5,1,9.652904301367201e-11,0.08,0.0004951173905283213,0.0
5,1,9.893320149225498e-11,0.1,0.0004951173905283213,0.0
5,1,1.0800399752523314e-10,0.1,0.0004951173905283213,0.0
5,1,1.1699750139373527e-10,0.1,0.0004951173905283213,0.0
5,1,1.2467281137535848e-10,0.08,0.0004951173905283213,0.0
5,1,1.3283439530718384e-10,0.08,0.0004951173905283213,2.863301178124185e-38
5,1,1.4289025736704953e-10,0.08,0.0004951173905283213,3.2860485422177033e-38
5,1,1.545124523457091e-10,0.08,0.0004951173905283213,3.8566099130026746e-38
5,1,1.6368466611594065e-10,0.08,0.0004951173905283213,4.750883280213472e-38
5,1,1.745965744961036e-10,0.08,0.0004951173905283213,6.111481871421053e-38
5,1,1.9717435087963813e-10,0.08,0.0004951173905283213,8.895545787100913e-38
5,1,2.3190732232268775e-10,0.08,0.0004951173905283213,1.1480291251292754e-37
5,1,2.643055554275591e-10,0.08,0.0004951173905283213,1.3283072936034346e-37
5,1,2.942976648252443e-10,0.08,0.0004951173905283213,1.9967352930849125e-37
5,1,3.189237875639802e-10,0.08,0.0004951173905283213,2.434925134411106e-37
5,1,3.342592372549359e-10,0.08,0.0004951173905283213,2.624198630091336e-37
5,1,3.6178732109487446e-10,0.08,0.0004951173905283213,2.6489603586830955e-37
5,1,3.766431327610795e-10,0.08,0.0004951173905283213,3.0955310858647227e-37
5,1,3.9073924316641824e-10,0.08,0.0004951173905283213,3.505074799256048e-37
5,1,4.070716261602685e-10,0.08,0.0004951173905283213,3.4266498415055224e-37
5,1,4.340003589229747e-10,0.08,0.0004951173905283213,3.248472611792956e-37
5,1,4.534676902726081e-10,0.08,0.0004951173905283213,3.2757246159116366e-37
5,1,4.71296977684074e-10,0.08,0.0004951173905283213,3.2066854431712815e-37
5,1,5.010784134205914e-10,0.08,0.0004951173905283213,3.268285402624229e-37
5,1,5.363349500588669e-10,0.08,0.0004951173905283213,3.1487678718748254e-37
5,1,5.539755466829429e-10,0.08,0.0004951173905283213,2.857116407222041e-37
5,1,5.744886936277569e-10,0.08,0.0004951173905283213,3.0443325725488883e-37
5,1,5.865550709226095e-10,0.08,0.0004951173905283213,3.0879593657945285e-37
5,1,5.704773446182313e-10,0.08,0.0004951173905283213,2.524649490354684e-37
5,1,5.663055804081919e-10,0.08,0.0004950107540935278,2.2392762912375834e-37
5,1,5.613512660923769e-10,0.08,0.0004950107540935278,1.9080039532850937e-37
5,1,5.404806552832699e-10,0.08,0.0004950107540935278,1.4051898141083085e-37
5,1,5.307378858230338e-10,0.08,0.0004950107540935278,1.061866757778134e-37
5,1,5.31292403808636e-10,0.08,0.0004950107540935278,9.370799524392989e-38
5,1,5.31798939017519e-10,0.08,0.0004950107540935278,8.590669203853463e-38
5,1,5.316097288166009e-10,0.08,0.0004950107540935278,8.182090368532733e-38
5,1,5.44721223997853e-10,0.08,0.0005270964466035366,7.004923988382813e-38
5,1,5.43828497975116e-10,0.08,0.0005270964466035366,7.20284338348405e-38
5,1,5.435434247308248e-10,0.06,0.0005270964466035366,8.030877372286213e-38
5,1,5.543239845445618e-10,0.06,0.0005270964466035366,8.93424628756925e-38
5,1,5.813585977503145e-10,0.06,0.0005270964466035366,9.98110143936652e-38
5,1,6.210199337815848e-10,0.08,0.0005701876943930984,1.2374671677706226e-37
5,1,6.752887524551793e-10,0.08,0.0005701876943930984,1.6482440238105537e-37
5,1,7.465296155180923e-10,0.08,0.0005701876943930984,2.253604511983366e-37
5,1,8.209578366019602e-10,0.1,0.0005701876943930984,3.2500839929230526e-37
5,1,8.908525729992314e-10,0.1,0.0005701876943930984,4.8693233805996255e-37
5,1,9.552106801563179e-10,0.08,0.0005701876943930984,7.4472968737808316e-37
5,1,1.0177269018970707e-09,0.08,0.0005701876943930984,1.1386744153138498e-36
5,1,1.0869281023485917e-09,0.08,0.0005701876943930984,1.77219154105236e-36
5,1,1.1724138984797267e-09,0.08,0.0005701876943930984,2.821666784666285e-36
5,1,1.2837448231060478e-09,0.1,0.0005701876943930984,4.5191709560737174e-36
5,1,1.433672084496302e-09,0.1,0.0005701876943930984,7.179477393004309e-36
5,1,1.5927456186984131e-09,0.1,0.0005701876943930984,1.1059299669333484e-35
5,1,1.7070308129030226e-09,0.1,0.0005701876943930984,1.8061743337013667e-35
5,1,1.7837639473955104e-09,0.1,0.0005701876943930984,2.952134962931095e-35
5,1,1.7934709004398832e-09,0.1,0.0005701876943930984,4.830439191202352e-35
5,1,1.8409237600661528e-09,0.08,0.0005701876943930984,7.098086032139848e-35
5,1,1.8812509507282285e-09,0.08,0.0005701876943930984,1.010805870356532e-34
5,1,1.898283730105477e-09,0.08,0.0005701876943930984,1.4699288238206443e-34
5,1,1.983809374829509e-09,0.08,0.0005701876943930984,2.097462809587276e-34
5,1,2.0638305164782005e-09,0.08,0.0005701876943930984,3.1240661071985357e-34
5,1,2.1660461737863507e-09,0.08,0.0005701876943930984,4.221503270940156e-34
5,1,2.2934029052087754e-09,0.08,0.0005270964466035366,4.944256890898201e-34
5,1,2.458307354796829e-09,0.08,0.0005270964466035366,5.588659679776613e-34
5,1,2.725217478323008e-09,0.08,0.0005272100097499788,5.7692312240972636e-34
5,1,3.0565009900826924e-09,0.08,0.0005272100097499788,5.51458057680077e-34
5,1,3.37895365301812e-09,0.08,0.0005272100097499788,5.381782775936468e-34
5,1,3.666183722323571e-09,0.08,0.0005272100097499788,5.287524200212348e-34
5,1,3.896078334929099e-09,0.1,0.0005272100097499788,5.084302808296772e-34
5,1,4.091040434280753e-09,0.1,0.0005272100097499788,4.72201958197067e-34
5,1,4.260267088733084e-09,0.1,0.0005272100097499788,4.466967613555966e-34
5,1,4.476540776031794e-09,0.1,0.0005272100097499788,4.149306795635551e-34
5,1,4.6987216915908945e-09,0.1,0.0005272100097499788,3.8265764287384748e-34
5,1,4.872606160618666e-09,0.12,0.0005272100097499788,3.4040245509375084e-34
5,1,4.965319271928366e-09,0.12,0.0005272100097499788,2.8407646218106718e-34
5,1,4.9229634737898315e-09,0.12,0.0005272100097499788,2.4486119003591832e-34
5,1,4.8109633652248224e-09,0.1,0.0005272100097499788,2.151334889165996e-34
5,1,4.568686386054734e-09,0.1,0.0005272100097499788,1.8812871025836536e-34
5,1,4.08850809838501e-09,0.1,0.0005272100097499788,1.6104518266217561e-34
5,1,3.3555978830172128e-09,0.1,0.0005270964466035366,1.4064521288762408e-34
5,1,2.624522353303908e-09,0.1,0.0005270964466035366,9.468948509124863e-35
5,1,2.0778380370230195e-09,0.1,0.0005270964466035366,4.7222876842222663e-35
5,1,1.780686550692455e-09,0.1,0.0005701876943930984,2.5750156548034847e-35
5,1,1.6454821378427256e-09,0.1,0.0005701876943930984,1.7559413217536847e-35
5,1,1.5884866853560384e-09,0.1,0.0005701876943930984,1.3896043618327989e-35
5,1,1.5937716403822187e-09,0.1,0.0005701876943930984,1.3432590047248176e-35
5,1,1.6550883052489573e-09,0.1,0.0005701876943930984,1.468958266119217e-35
5,1,1.7241234470276167e-09,0.12,0.0005530777270905674,1.5456100544241492e-35
5,1,1.7410426006174798e-09,0.12,0.0005762812797911465,1.9399311554328906e-35
5,1,1.7319982010706483e-09,0.12,0.0007270603091455996,2.834019591603793e-35
5,1,1.7403782431136217e-09,0.12,0.0007857775199227035,4.474555119645724e-35
5,1,1.8264930230847796e-09,0.12,0.0006124652572907507,8.487585787602805e-35
5,1,2.0230273639624367e-09,0.12,0.0007356699206866324,1.8731093812395248e-34
5,1,2.2852682549889345e-09,0.14,0.0008683755877427757,5.043312493764133e-34
5,1,2.5847270667589174e-09,0.14,0.0007394063286483288,1.585382251456311e-33
5,1,2.8716180817856275e-09,0.14,0.0007394063286483288,4.988229012155593e-33
5,1,3.070317155000983e-09,0.12,0.0006911432719789445,1.3727308418203468e-32
5,1,3.149895763710307e-09,0.12,0.0006911432719789445,3.261854882588986e-32
5,1,3.124191316369023e-09,0.12,0.0008557991241104901,6.557933695454988e-32
5,1,3.0313754018836e-09,0.12,0.0008557991241104901,1.1130934683077565e-31
5,1,2.905485926288535e-09,0.12,0.0008822657400742173,1.6009418440614436e-31
5,1,2.7797962103540574e-09,0.12,0.0008822657400742173,2.0375222091983674e-31
5,1,2.6715805993147592e-09,0.12,0.0008822657400742173,2.460028262923461e-31
5,1,2.6024045041467125e-09,0.12,0.0007675790693610907,2.7590975356596673e-31
5,1,2.5559283136574146e-09,0.12,0.0007675790693610907,3.106779142175259e-31
5,1,2.5218060701566606e-09,0.12,0.0006650504074059427,3.3962603776895485e-31
5,1,2.47693074128738e-09,0.12,0.0006382749415934086,3.3942657988750733e-31
5,1,2.4212872761898104e-09,0.12,0.0006044305046088994,3.098163238781472e-31
5,1,2.390006832717349e-09,0.12,0.0006044305046088994,2.4876975191508562e-31
5,1,2.3448183168379753e-09,0.1,0.0006044305046088994,2.0327863775577746e-31
5,1,2.2936246861241123e-09,0.1,0.0006044305046088994,1.7508478190949716e-31
5,1,2.2576480378822864e-09,0.1,0.0006044305046088994,1.5644767162551503e-31
5,1,2.246671301212336e-09,0.1,0.0006044305046088994,1.3211155313976331e-31
5,1,2.2370870594966576e-09,0.1,0.0005587527994066477,1.1170664041146657e-31
5,1,2.23811074244408e-09,0.1,0.00046124894288368523,1.018125397254259e-31
5,1,2.3028953259478313e-09,0.1,0.0005588731728494167,8.377234547279134e-32
5,1,2.50712336479061e-09,0.1,0.0005588731728494167,6.033113671379238e-32
5,1,2.625901987289536e-09,0.1,0.0005588731728494167,5.125591477989329e-32
5,1,2.6481289164837232e-09,0.1,0.0005588731728494167,3.8033249025233703e-32
5,1,2.6271557375513468e-09,0.08,0.0005588731728494167,2.7064014757308076e-32
5,1,2.529557099442101e-09,0.08,0.0005588731728494167,2.4178907871272747e-32
5,1,2.5264684607001542e-09,0.08,0.00046124894288368523,2.011150052212387e-32
5,1,2.5789551652582762e-09,0.08,0.00046124894288368523,1.6523971109282928e-32
5,1,2.6442449378675987e-09,0.08,0.0004989597364328802,1.4370628558417674e-32
5,1,2.7670709418333636e-09,0.08,0.0004989597364328802,1.3002805699385598e-32
5,1,3.0314762959411145e-09,0.08,0.0005522701540030539,1.2717498526761644e-32
5,1,3.41971180647379e-09,0.08,0.0005522701540030539,1.3283967785054966e-32
5,1,3.7681727198987725e-09,0.08,0.0005522701540030539,1.276542196207673e-32
5,1,4.039855185031687e-09,0.08,0.0005269015091471374,1.101506532329625e-32
5,1,4.16373523530073e-09,0.08,0.0005490074981935322,9.779005095415782e-33
5,1,4.19395962030478e-09,0.08,0.0006926555652171373,9.109544164891196e-33
5,1,4.1855258504327185e-09,0.08,0.0005593704408966005,8.977075502445125e-33
5,1,4.186463414517773e-09,0.08,0.0006429685745388269,9.311920211064638e-33
5,1,4.203177602364056e-09,0.08,0.0006429685745388269,1.0713047029107418e-32
5,1,4.247085275093989e-09,0.08,0.0006429685745388269,1.415074646262461e-32
5,1,4.418539473191753e-09,0.08,0.0006429685745388269,2.0246053482990743e-32
5,1,4.620356636134892e-09,0.08,0.0013106931000947952,3.5185202537343923e-32
5,1,4.968798931476218e-09,0.1,0.0013106931000947952,6.282882123294782e-32
5,1,5.364878623648305e-09,0.12,0.0014305721269920468,1.223203082094196e-31
5,1,5.78634108373983e-09,0.12,0.0016227104933932424,2.4141592978600244e-31
5,1,6.214419356423339e-09,0.12,0.0016227104933932424,4.4874868298855685e-31
5,1,6.6694556880942585e-09,0.12,0.0016227104933932424,7.839814751905225e-31
5,1,7.110670937137098e-09,0.12,0.0016227104933932424,1.2980417057655684e-30
5,1,7.606344761763088e-09,0.12,0.0016227104933932424,1.8317615621406027e-30
5,1,7.868279722595391e-09,0.14,0.0016227104933932424,2.6091850013676617e-30
5,1,8.07007333571005e-09,0.14,0.0016227104933932424,3.4257862567144066e-30
5,1,8.059485252595982e-09,0.12,0.0016227104933932424,4.299489642200368e-30
5,1,7.975896301162956e-09,0.12,0.0014119073748588562,5.104172889462544e-30
5,1,7.995046101412574e-09,0.12,0.0014119073748588562,5.919769990515042e-30
5,1,8.095486751579163e-09,0.12,0.0011192626552656293,7.102842424278663e-30
5,1,8.4218908089877e-09,0.12,0.0010742198210209608,9.181880037662761e-30
5,1,8.83804093092401e-09,0.12,0.0010172829497605562,1.0854531386453462e-29
5,1,9.160543806095713e-09,0.12,0.0011853617615997791,1.0748717334653459e-29
5,1,9.06268813500477e-09,0.12,0.0011853617615997791,1.0683067949990543e-29
5,1,8.69567277054383e-09,0.12,0.0011853617615997791,9.704807633383122e-30
5,1,8.605909689888927e-09,0.12,0.0010172829497605562,8.083345396028357e-30
5,1,8.903800718597374e-09,0.12,0.0010172829497605562,8.23064743948583e-30
5,1,9.099689087749193e-09,0.1,0.0010172829497605562,7.868011381918173e-30
5,1,9.179492889295599e-09,0.1,0.0010172829497605562,7.559552636465791e-30
5,1,9.339418367177951e-09,0.1,0.001040864735841751,7.79368929397444e-30
5,1,9.209650615296132e-09,0.1,0.001040864735841751,6.870668560217243e-30
5,1,8.891996149918547e-09,0.1,0.001040864735841751,5.471342405563356e-30
5,1,8.57320660285784e-09,0.1,0.001040864735841751,4.418709219656245e-30
5,1,8.296304942489158e-09,0.1,0.001209764857776463,3.625369774998148e-30
5,1,8.118149693888196e-09,0.1,0.001197989215143025,2.999718831264514e-30
5,1,8.071965105175264e-09,0.1,0.0013471312122419477,2.5225883073730932e-30
5,1,8.055016174922184e-09,0.1,0.0013471312122419477,2.0660520683498868e-30
5,1,7.987454083485407e-09,0.1,0.0013471312122419477,1.6259740667918653e-30
5,1,7.903317946248904e-09,0.12,0.0013471312122419477,1.2761052884673594e-30
5,1,7.726127279500779e-09,0.12,0.0013471312122419477,1.0132479185443921e-30
5,1,7.46353551973863e-09,0.12,0.0014571644132956862,8.009642652548184e-31
5,1,7.142075854284927e-09,0.12,0.0014571644132956862,6.252495829424896e-31
5,1,6.824483680050778e-09,0.12,0.0014571644132956862,4.84643249346848e-31
5,1,6.54271845061507e-09,0.12,0.0014571644132956862,4.232167576096006e-31
5,1,6.5664870492320054e-09,0.12,0.0014571644132956862,4.2665324481456855e-31
5,1,6.997506742785231e-09,0.12,0.001337188994511962,3.952345377662424e-31
5,1,7.552335316200054e-09,0.12,0.001337188994511962,3.2796355864636766e-31
5,1,7.841289405712994e-09,0.14,0.001337188994511962,2.869139088323194e-31
5,1,7.946174915342984e-09,0.14,0.001337188994511962,2.65714620531624e-31
5,1,8.120802278756301e-09,0.14,0.001337188994511962,2.6662236077921597e-31
5,1,8.481202988155164e-09,0.14,0.001337188994511962,2.9872134991825e-31
5,1,9.039551755858588e-09,0.12,0.001337188994511962,3.771095433511395e-31
5,1,9.770876520705484e-09,0.14,0.001337188994511962,5.254776661452607e-31
5,1,1.070909363915156e-08,0.14,0.001337188994511962,7.77216082023574e-31
5,1,1.212266408578921e-08,0.14,0.0015386833110824227,1.2545108930054655e-30
5,1,1.4102533213406565e-08,0.14,0.0014317346503958106,2.2423017416511618e-30
5,1,1.6522241552024648e-08,0.14,0.001264963997527957,4.1326973381689725e-30
5,1,1.929114459508013e-08,0.14,0.0014190259389579296,7.612625548128581e-30
5,1,2.2531905180880295e-08,0.14,0.0014190259389579296,1.3115960584102108e-29
5,1,2.5727966542247216e-08,0.14,0.0014190259389579296,2.2140412399771673e-29
5,1,2.8673083688356725e-08,0.14,0.0014190259389579296,3.617704724282764e-29
5,1,3.1517948831516834e-08,0.14,0.0011163640301674604,5.146661988532903e-29
5,1,3.368505571337224e-08,0.14,0.0012635684106498957,7.068761739743238e-29
5,1,3.5471509783431103e-08,0.14,0.0013579722726717591,1.0906626738206199e-28
5,1,3.621114148787627e-08,0.14,0.0013579722726717591,1.3694909870786048e-28
5,1,3.615599759860517e-08,0.14,0.0013579722726717591,1.4479280951824207e-28
5,1,3.642516020873283e-08,0.14,0.0013579722726717591,1.531196639292975e-28
5,1,3.6621024968454745e-08,0.14,0.0011801145737990737,1.4466030553806823e-28
5,1,3.653083291645241e-08,0.14,0.001337188994511962,1.3324496968288266e-28
5,1,3.600601566433371e-08,0.14,0.001337188994511962,1.128645864183825e-28
5,1,3.467772745922339e-08,0.14,0.001337188994511962,9.072246475578518e-29
5,1,3.3393314219204915e-08,0.14,0.0012663316447287798,6.978524699611405e-29
5,1,3.213540730287135e-08,0.12,0.0012663316447287798,5.017974358914486e-29
5,1,3.079478958343985e-08,0.12,0.0012663316447287798,3.809153295037346e-29
5,1,2.9408257460364022e-08,0.12,0.0012663316447287798,3.145083321489459e-29
5,1,2.7828906172206973e-08,0.12,0.0012663316447287798,2.4775287689117233e-29
5,1,2.5795380395768954e-08,0.12,0.0012663316447287798,1.8598353388879578e-29
5,1,2.3423202437649585e-08,0.12,0.0010892930440604687,1.2693041414642362e-29
5,1,2.090258933065802e-08,0.12,0.0010892930440604687,8.011450280741105e-30
5,1,1.8386512123794237e-08,0.12,0.0010892930440604687,4.675248730621509e-30
5,1,1.575464879316565e-08,0.12,0.0010892930440604687,2.5312444596934524e-30
5,1,1.3111846754606442e-08,0.12,0.0009686687844805419,1.2891002374563776e-30
5,1,1.0760393722514233e-08,0.12,0.0006254870677366853,6.4881876189399085e-31
5,1,8.8308593841756e-09,0.12,0.0009781925473362207,3.383458303813613e-31
5,1,7.257405558305335e-09,0.12,0.0009781925473362207,1.8350969098116259e-31
5,1,6.039199796463759e-09,0.12,0.0009781925473362207,1.0482265161946355e-31
5,1,5.194093224818544e-09,0.12,0.0009781925473362207,6.63245239658384e-32
5,1,4.664322638153252e-09,0.12,0.0006254870677366853,4.782901667009221e-32
5,1,4.2289318382841744e-09,0.12,0.0010478217154741287,3.540223699807212e-32
5,1,3.8536783344058465e-09,0.12,0.0011782909277826548,2.62011401903511e-32
5,1,3.5511260190784492e-09,0.12,0.0011782909277826548,2.0881560993875796e-32
5,1,3.2458604104391367e-09,0.12,0.0011782909277826548,1.818989492757972e-32
5,1,3.0046658414412594e-09,0.12,0.0011782909277826548,1.7722223030737135e-32
5,1,2.9279645754950086e-09,0.12,0.0012442281004041433,1.7354268319674804e-32
5,1,3.0062632537446856e-09,0.12,0.0012442281004041433,1.7189945964373357e-32
5,1,3.2835599499431137e-09,0.12,0.00109927449375391,2.0191600176556839e-32
5,1,3.804828843426467e-09,0.12,0.0011281955521553755,2.6215537057412795e-32
5,1,4.362750855050633e-09,0.12,0.0011281955521553755,3.336711832217288e-32
5,1,5.002426600415649e-09,0.12,0.0011281955521553755,4.975138780533233e-32
5,1,5.559617337525877e-09,0.12,0.0011281955521553755,8.446095006350303e-32
5,1,5.94975132485928e-09,0.12,0.0011281955521553755,1.093197756222349e-31
5,1,6.606287920916667e-09,0.12,0.0012966945068910718,1.9420676010330645e-31
5,1,7.832385263939631e-09,0.12,0.0012966945068910718,3.985502311717198e-31
5,1,9.278030722704024e-09,0.12,0.0010121081722900271,6.681236234989011e-31
5,1,1.0815729736627952e-08,0.14,0.0010121081722900271,1.2798590651075012e-30
5,1,1.3021995275092822e-08,0.14,0.0012966945068910718,2.2070329614654744e-30
5,1,1.5175035660778654e-08,0.14,0.0012966945068910718,3.7846295112294744e-30
5,1,1.8250509406995815e-08,0.14,0.0010121081722900271,5.697331852785777e-30
5,1,2.162093340037339e-08,0.14,0.0010121081722900271,1.0002791877813745e-29
5,1,2.5580156092411296e-08,0.14,0.0011063036508858204,1.6742325673676985e-29
5,1,2.981427394033005e-08,0.14,0.0011063036508858204,2.5532892857826717e-29
5,1,3.389088771457942e-08,0.14,0.0011063036508858204,3.5405931976484833e-29
5,1,3.7675702314544034e-08,0.14,0.0011063036508858204,4.5368912023545833e-29
5,1,4.129577349851156e-08,0.14,0.0011063036508858204,5.587969575989794e-29
5,1,4.417891278230044e-08,0.14,0.0011063036508858204,6.314101739215898e-29
5,1,4.695162079935119e-08,0.12,0.0009625211241655052,4.948401343379712e-29
5,1,4.772151631164328e-08,0.12,0.0009625211241655052,4.5797362223064617e-29
5,1,4.759012187158654e-08,0.12,0.0008579787681810558,4.884001556231495e-29
5,1,4.6614346008523104e-08,0.12,0.0009711452876217663,5.097618182499082e-29
5,1,4.648673517659106e-08,0.12,0.0009711452876217663,5.669432199665621e-29
5,1,5.078001609083122e-08,0.12,0.0009711452876217663,8.472342770173091e-29
5,1,5.972365368200062e-08,0.12,0.0009711452876217663,1.1778668557725295e-28
5,1,6.710511001880603e-08,0.12,0.0009711452876217663,1.135417072756426e-28
5,1,7.176313058244925e-08,0.12,0.0009711452876217663,1.1888361101414086e-28
5,1,7.302815459890894e-08,0.12,0.0012442281004041433,1.2234335156623809e-28
5,1,7.091942927456239e-08,0.12,0.0012442281004041433,1.029794259781369e-28
5,1,6.953925764450266e-08,0.12,0.0012442281004041433,8.571165846738246e-29
5,1,6.8380354831589e-08,0.12,0.0012442281004041433,7.190878337132649e-29
5,1,6.647198387233927e-08,0.12,0.00109927449375391,6.531155247654555e-29
5,1,6.496647471103813e-08,0.12,0.00109927449375391,5.609069944089879e-29
5,1,6.281160074069685e-08,0.12,0.00109927449375391,4.7105712638128705e-29
5,1,6.048245336474721e-08,0.12,0.00109927449375391,3.9030860141765265e-29
5,1,5.763376675642518e-08,0.12,0.001233181799761951,3.5540169293608624e-29
5,1,5.474824760810926e-08,0.12,0.001233181799761951,3.261125716390205e-29
5,1,5.085865621759684e-08,0.12,0.0014173383824527264,3.168613972438118e-29
5,1,4.80261485818755e-08,0.12,0.0015407123137265444,2.88360342405865e-29
5,1,4.8173435421739094e-08,0.12,0.0015407123137265444,2.6893727873140895e-29
5,1,5.0583548042993447e-08,0.12,0.0015407123137265444,2.9502749057615826e-29
5,1,5.3815598823690434e-08,0.14,0.0015407123137265444,3.228004837098159e-29
5,1,5.711930744798923e-08,0.14,0.0015407123137265444,3.857466752325069e-29
5,1,6.047868796126788e-08,0.14,0.0015407123137265444,5.172129402781886e-29
5,1,6.37148733821382e-08,0.14,0.0015407123137265444,6.600282290036581e-29
5,1,6.943568837935275e-08,0.14,0.0015407123137265444,9.027091844326144e-29
5,1,7.765702249309163e-08,0.14,0.0015407123137265444,1.267422598186536e-28
5,1,8.597245120295353e-08,0.14,0.0015407123137265444,1.8470530020323705e-28
5,1,9.370807287591629e-08,0.14,0.0015812229830771685,2.854634067317663e-28
5,1,1.0239143229767537e-07,0.14,0.0015812229830771685,4.307767951139763e-28
5,1,1.1253909940136546e-07,0.14,0.0015812229830771685,6.2890091590823415e-28
5,1,1.230212309291406e-07,0.14,0.0015812229830771685,9.41743150136415e-28
5,1,1.3559439927454734e-07,0.14,0.0015812229830771685,1.384229310422774e-27
5,1,1.5192800941631438e-07,0.14,0.0015812229830771685,1.924056784923325e-27
5,1,1.6967369434075655e-07,0.14,0.0015812229830771685,2.6103536391069555e-27
5,1,1.8855952800901134e-07,0.14,0.0015812229830771685,3.455624839806075e-27
5,1,2.1431054680566964e-07,0.14,0.0015812229830771685,4.671119672237692e-27
5,1,2.42690347411961e-07,0.14,0.0017174434615299106,6.404666163364153e-27
5,1,2.6745514821005873e-07,0.14,0.0017174434615299106,9.073155345993398e-27
5,1,2.96528973506034e-07,0.14,0.0017174434615299106,1.2307418035037482e-26
5,1,3.23399420568834e-07,0.14,0.0015712948516011238,1.7263008345268857e-26
5,1,3.5132131915033365e-07,0.14,0.0015712948516011238,2.2217013229970013e-26
5,1,3.7182667222072933e-07,0.14,0.0015712948516011238,2.849414893464871e-26
5,1,3.8678815674960845e-07,0.14,0.0015712948516011238,3.483460613441095e-26
5,1,4.059030434307927e-07,0.12,0.0015712948516011238,3.842888136721538e-26
5,1,4.278071966057325e-07,0.12,0.0015310380840674043,4.154153852845492e-26
5,1,4.497163888267945e-07,0.12,0.0015310380840674043,4.6597314173649366e-26
5,1,4.73738764229419e-07,0.12,0.0015310380840674043,5.486925107752659e-26
5,1,4.971161333871158e-07,0.12,0.0015712948516011238,6.550302212419596e-26
5,1,5.159802633181829e-07,0.12,0.0015712948516011238,7.690282025066569e-26
5,1,5.296571495381503e-07,0.12,0.0015712948516011238,8.80125702460228e-26
5,1,5.345668266623319e-07,0.12,0.0015712948516011238,9.476724105078428e-26
5,1,5.349873374257986e-07,0.12,0.0015712948516011238,1.0068198453266335e-25
5,1,5.35865379113503e-07,0.14,0.0018695616163313389,1.0793155462188622e-25
5,1,5.369874580672136e-07,0.14,0.0018695616163313389,1.1241101499052223e-25
5,1,5.367906862410631e-07,0.14,0.001459431485272944,1.0934555081663996e-25
5,1,5.306843856303119e-07,0.14,0.001459431485272944,9.727361238404281e-26
5,1,5.110960666559662e-07,0.14,0.0015951921232044697,7.697736760620908e-26
5,1,4.7533123738420117e-07,0.14,0.0015951921232044697,5.377454017118524e-26
5,1,4.339558482103933e-07,0.14,0.0015543241752311587,3.4300041937558916e-26
5,1,3.916446503359851e-07,0.14,0.0015543241752311587,1.9065666447263666e-26
5,1,3.4597062407839365e-07,0.14,0.0015543241752311587,9.699122637262093e-27
5,1,3.033927829880183e-07,0.14,0.0015543241752311587,5.178373026920346e-27
5,1,2.6340956676726713e-07,0.14,0.0015543241752311587,3.073144782500492e-27
5,1,2.2756830073074776e-07,0.14,0.0015543241752311587,1.799778066355972e-27
5,1,1.9516684698825715e-07,0.14,0.0015543241752311587,1.0292725253594344e-27
5,1,1.662939947102479e-07,0.14,0.0015543241752311587,5.756365788460344e-28
5,1,1.410042381691236e-07,0.14,0.0015543241752311587,3.1689540194439237e-28
5,1,1.1931045567747208e-07,0.12,0.0015543241752311587,1.7374903382442049e-28
5,1,1.0288494618020486e-07,0.12,0.0015543241752311587,8.702091166210798e-29
5,1,8.753590774683401e-08,0.12,0.0015543241752311587,4.9355818721873846e-29
5,1,7.59358596665745e-08,0.12,0.0015543241752311587,3.013149898061642e-29
5,1,6.810280955454963e-08,0.1,0.0015543241752311587,1.9372306392624818e-29
5,1,6.254577983606203e-08,0.1,0.001850893720984459,1.2507509661788802e-29
5,1,5.8650112275898445e-08,0.1,0.001850893720984459,8.802347706415029e-30
5,1,5.403015924593324e-08,0.1,0.001592624350450933,6.107636933426172e-30
5,1,4.7951475089281924e-08,0.1,0.001592624350450933,4.12964030054045e-30
5,1,4.206066736625106e-08,0.1,0.001592624350450933,3.593673181085288e-30
5,1,3.573372226041648e-08,0.1,0.001592624350450933,2.5759160662111413e-30
5,1,3.2698729845972293e-08,0.1,0.001592624350450933,1.8370238271712678e-30
5,1,3.2746615437351203e-08,0.1,0.001592624350450933,2.128937818774245e-30
5,1,3.0361015292062656e-08,0.1,0.001592624350450933,1.6175357100648264e-30
5,1,2.8663396456512954e-08,0.1,0.001592624350450933,1.4896890385089425e-30
5,1,2.6138875440175663e-08,0.1,0.001850893720984459,1.7669854287210262e-30
5,1,2.23454470457481e-08,0.1,0.001850893720984459,1.0234412413174346e-30
5,1,2.2913013211434404e-08,0.1,0.001850893720984459,9.74668852227241e-31
5,1,2.387861723035496e-08,0.1,0.001850893720984459,1.3138737338801833e-30
5,1,2.514815887358882e-08,0.1,0.001850893720984459,1.426697117434818e-30
5,1,2.7228786463202568e-08,0.1,0.001850893720984459,1.7341710807398558e-30
5,1,2.82147193337316e-08,0.1,0.001850893720984459,1.7760273312675513e-30
5,1,2.9901683914084856e-08,0.1,0.001850893720984459,2.051945571902731e-30
5,1,3.1715840536534676e-08,0.12,0.001592624350450933,2.4535723068894228e-30
5,1,3.304768838593762e-08,0.12,0.001592624350450933,2.7202114772378555e-30
5,1,3.619673352274696e-08,0.12,0.001592624350450933,4.380377571390055e-30
5,1,4.0052791285746423e-08,0.12,0.001850893720984459,5.798542856787057e-30
5,1,4.5983266872046136e-08,0.12,0.001850893720984459,9.790927546868997e-30
5,1,5.897988205244426e-08,0.12,0.001850893720984459,2.5461112846946297e-29
5,1,6.899276149893477e-08,0.12,0.001850893720984459,3.827739722706898e-29
5,1,7.636933746297111e-08,0.12,0.001850893720984459,4.798643739243145e-29
5,1,8.105189346774422e-08,0.12,0.001850893720984459,5.837718152646855e-29
5,1,8.193706987587685e-08,0.12,0.001850893720984459,5.871262435600112e-29
5,1,8.549976955553099e-08,0.12,0.001850893720984459,6.70519371263843e-29
5,1,9.219249844566047e-08,0.12,0.0015543241752311587,8.27355610540384e-29
5,1,9.850715915621071e-08,0.12,0.0015543241752311587,9.78940079599824e-29
5,1,1.0378701137519322e-07,0.12,0.0015543241752311587,1.1879113026562381e-28
5,1,1.0634718750350059e-07,0.14,0.0015543241752311587,1.361542072345011e-28
5,1,1.0542215873649228e-07,0.14,0.0015543241752311587,1.3568237847225054e-28
5,1,1.0263685486678505e-07,0.12,0.0015543241752311587,1.2190822380649025e-28
5,1,9.803426703752388e-08,0.12,0.0015543241752311587,9.142214908604999e-29
5,1,9.144968556892438e-08,0.12,0.0015543241752311587,5.540762625640432e-29
5,1,8.465323197569069e-08,0.1,0.0015543241752311587,3.186797158525564e-29
5,1,7.849608179170127e-08,0.1,0.001850893720984459,1.8515955184547955e-29
5,1,7.331655974096692e-08,0.1,0.001592624350450933,1.2422300803444588e-29
5,1,7.169146027921021e-08,0.1,0.001592624350450933,1.0001265427869542e-29
5,1,7.495333607988528e-08,0.1,0.001592624350450933,9.37884850419389e-30
5,1,8.006204822734482e-08,0.1,0.001592624350450933,8.807117392292925e-30
5,1,8.332187724005221e-08,0.1,0.001592624350450933,8.254480822547622e-30
5,1,8.007374891375678e-08,0.1,0.001592624350450933,7.158823791084031e-30
5,1,7.513764344657608e-08,0.1,0.001592624350450933,5.053567575541e-30
5,1,6.811829468633972e-08,0.1,0.001592624350450933,4.2139181673588125e-30
5,1,5.804389916123172e-08,0.1,0.001592624350450933,2.5682042590324587e-30
5,1,5.0527519215434244e-08,0.1,0.001592624350450933,1.4415665567354316e-30
5,1,4.74770512439837e-08,0.1,0.001592624350450933,1.3194086195606911e-30
5,1,4.5598670510878794e-08,0.1,0.001592624350450933,1.1973550662843036e-30
5,1,4.4138183793254835e-08,0.1,0.001592624350450933,1.0873632135219296e-30
5,1,4.438658966826006e-08,0.12,0.001592624350450933,1.0840664690853874e-30
5,1,4.4842487217900184e-08,0.12,0.001592624350450933,1.0093669063957172e-30
5,1,4.54886216944603e-08,0.12,0.001592624350450933,1.0104070778368729e-30
5,1,4.577060567354466e-08,0.12,0.001592624350450933,1.1812495711639134e-30
5,1,4.55570450280428e-08,0.12,0.001592624350450933,1.312080681817213e-30
5,1,4.565922696417148e-08,0.12,0.0016766780754551291,1.3548361385035135e-30
5,1,4.5481660280071524e-08,0.12,0.0016766780754551291,1.4338226820708586e-30
5,1,4.56832742676946e-08,0.12,0.0016766780754551291,1.3407589823953542e-30
5,1,4.550202402726924e-08,0.12,0.002288356190547347,1.2816667873399698e-30
5,1,4.5944624475623834e-08,0.12,0.003413408063352108,1.2153942966315705e-30
5,1,4.67994839143148e-08,0.12,0.0044974167831242085,1.1508967083533648e-30
5,1,4.7431686549591514e-08,0.12,0.005139430519193411,1.2113489033528767e-30
5,1,4.883433174997788e-08,0.12,0.005139430519193411,1.3344013447088189e-30
5,1,5.015915634936389e-08,0.12,0.005139430519193411,1.464804293299775e-30
5,1,5.149060040572179e-08,0.12,0.005139430519193411,1.683588524388944e-30
5,1,5.233810726793661e-08,0.12,0.005139430519193411,1.961314017058852e-30
5,1,5.338941294415879e-08,0.12,0.005139430519193411,2.190108287841883e-30
5,1,5.4639916018587315e-08,0.12,0.005139430519193411,2.4628370831648637e-30
5,1,5.6504207738658547e-08,0.1,0.005139430519193411,2.6745265005502097e-30
5,1,5.7316404760912704e-08,0.1,0.005139430519193411,2.988434273575716e-30
5,1,5.7125351073551815e-08,0.1,0.005139430519193411,3.1550433885674792e-30
5,1,5.6446867660967175e-08,0.1,0.005139430519193411,3.249438406124951e-30
5,1,5.525507858365239e-08,0.1,0.005139430519193411,3.206293437630562e-30
5,1,5.286828093371024e-08,0.1,0.005139430519193411,2.8887215076542205e-30
5,1,4.9542330307661935e-08,0.1,0.005982076749205589,2.4268567997585106e-30
5,1,4.599927365491263e-08,0.1,0.005982076749205589,1.990270862778364e-30
5,1,4.3862532683024906e-08,0.1,0.005982076749205589,1.5762366438594207e-30
5,1,4.257200986998823e-08,0.1,0.005982076749205589,1.3692073562784746e-30
5,1,4.181308988162937e-08,0.1,0.005982076749205589,1.1628029614944256e-30
5,1,4.146613118982316e-08,0.1,0.00662027345970273,1.011579562922157e-30
5,1,4.053452328526022e-08,0.1,0.004318460822105408,9.618448671366064e-31
5,1,3.853971449298734e-08,0.1,0.004318460822105408,9.488130546447463e-31
5,1,3.638754895707672e-08,0.1,0.004318460822105408,9.282349445787994e-31
5,1,3.4155419425116825e-08,0.1,0.004102515522390604,9.019372551599435e-31
5,1,3.1565619692064816e-08,0.1,0.004102515522390604,8.408198243974144e-31
5,1,2.841200041153274e-08,0.1,0.004102515522390604,7.286466772978805e-31
5,1,2.5594984261769977e-08,0.1,0.004765861202031374,6.758651471747725e-31
5,1,2.215197942554024e-08,0.1,0.0034167154226452112,5.711103568441819e-31
5,1,1.7913869058043855e-08,0.1,0.003164716763421893,3.324731311343142e-31
5,1,1.5926968851106518e-08,0.1,0.003164716763421893,2.377692406812205e-31
5,1,1.4432054572803015e-08,0.1,0.003164716763421893,1.9980672115107577e-31
5,1,1.2639652265741591e-08,0.12,0.003164716763421893,1.6034109699453458e-31
5,1,1.1619619709184303e-08,0.12,0.0021214603912085295,1.302788634072833e-31
5,1,1.0828564128929827e-08,0.12,0.0021214603912085295,9.138191990778292e-32
5,1,1.0091348403430653e-08,0.12,0.0021214603912085295,7.444106560445263e-32
5,1,9.704264128427086e-09,0.12,0.0021214603912085295,6.70843282493794e-32
5,1,9.557975485467812e-09,0.12,0.0021214603912085295,6.674839547380141e-32
5,1,1.0572847474753942e-08,0.12,0.0021214603912085295,1.137760982160892e-31
5,1,1.2704349414954118e-08,0.12,0.0021214603912085295,1.9383965321754465e-31
5,1,1.421603161076881e-08,0.12,0.003164716763421893,2.3084273425854823e-31
5,1,1.5553834834458186e-08,0.12,0.003164716763421893,4.534809881460972e-31
5,1,1.6102235635984034e-08,0.14,0.003164716763421893,3.912801747700762e-31
5,1,1.6456848189920355e-08,0.14,0.003164716763421893,4.005774417093739e-31
5,1,1.889841182189361e-08,0.14,0.003164716763421893,6.281039653449303e-31
5,1,2.0651477668617882e-08,0.14,0.003164716763421893,7.529301806564894e-31
5,1,2.3282846265003077e-08,0.14,0.003164716763421893,1.0587198956556689e-30
5,1,2.656766270096467e-08,0.14,0.0034167154226452112,1.864472842777093e-30
5,1,2.9576336614536383e-08,0.14,0.0034167154226452112,2.4857539567912067e-30
5,1,3.3217731419980704e-08,0.14,0.0034167154226452112,3.848836329225061e-30
5,1,3.873457940635263e-08,0.14,0.0034167154226452112,6.0713989816581185e-30
5,1,4.6072249699385066e-08,0.14,0.0034167154226452112,9.037045591946534e-30
5,1,5.414440479378879e-08,0.14,0.0034167154226452112,1.478790550780774e-29
5,1,6.236289815542378e-08,0.14,0.0034167154226452112,2.2419350250295245e-29
5,1,7.112625663128384e-08,0.14,0.0034167154226452112,3.3140228869455694e-29
5,1,8.267586320617761e-08,0.14,0.0034167154226452112,4.55916759142696e-29
5,1,9.261977416342616e-08,0.14,0.0034167154226452112,6.153688024882347e-29
5,1,1.0197183479776254e-07,0.14,0.0034167154226452112,8.176105855777168e-29
5,1,1.0972790907992121e-07,0.14,0.0034167154226452112,1.0544163111553875e-28
5,1,1.1829276575224495e-07,0.12,0.0034167154226452112,1.255747490493039e-28
5,1,1.2483869841256602e-07,0.12,0.0034167154226452112,1.4651747978344084e-28
5,1,1.279904433407078e-07,0.12,0.0034167154226452112,1.6178643293847513e-28
5,1,1.3000226779709423e-07,0.12,0.0034167154226452112,1.7094832242516826e-28
5,1,1.3062367697790606e-07,0.12,0.0034167154226452112,1.8047823305010949e-28
5,1,1.3002796229393332e-07,0.12,0.0034167154226452112,1.84283028025868e-28
5,1,1.3256171460525117e-07,0.12,0.0034167154226452112,1.6609000765864348e-28
5,1,1.3376307947316915e-07,0.12,0.00518066855147481,1.4920907521428138e-28
5,1,1.3159243306370118e-07,0.12,0.00518066855147481,1.5246104403656568e-28
5,1,1.3066836523564516e-07,0.12,0.00518066855147481,1.613500653613256e-28
5,1,1.2549849132690118e-07,0.12,0.00518066855147481,1.4277874420477482e-28
5,1,1.2037629762317036e-07,0.12,0.00518066855147481,1.4924208083870331e-28
5,1,1.182398356662949e-07,0.12,0.00518066855147481,1.4129201054714294e-28
5,1,1.1235221957762075e-07,0.12,0.00518066855147481,1.2360808568659288e-28
5,1,1.0868336301403464e-07,0.12,0.00518066855147481,1.168210243031372e-28
5,1,1.0276936195117987e-07,0.12,0.00518066855147481,1.021180297363854e-28
5,1,9.381507845650016e-08,0.12,0.00518066855147481,8.164573748382042e-29
5,1,8.729276049434299e-08,0.12,0.00518066855147481,6.576506684873121e-29
5,1,8.022334541502622e-08,0.12,0.00518066855147481,5.667659140410569e-29
5,1,7.30385130635462e-08,0.12,0.00518066855147481,4.807438618704811e-29
5,1,6.618053704094615e-08,0.12,0.00518066855147481,4.1349854332208707e-29
5,1,6.015324481664297e-08,0.12,0.00518066855147481,3.729184470774635e-29
5,1,5.432239362688056e-08,0.12,0.00518066855147481,3.364080213612624e-29
5,1,4.869704701290757e-08,0.12,0.00518066855147481,2.981319090905782e-29
5,1,4.6112620383230596e-08,0.12,0.00518066855147481,3.039332012875925e-29
5,1,4.3118680081481156e-08,0.12,0.004799196496605873,3.1087500512354863e-29
5,1,3.956078643280247e-08,0.12,0.003164716763421893,2.8500735855799757e-29
5,1,3.9472918326459097e-08,0.12,0.003164716763421893,2.955772232046593e-29
5,1,3.8228255581036764e-08,0.12,0.003164716763421893,2.653056669873684e-29
5,1,3.646469659549187e-08,0.12,0.003164716763421893,2.1698599556630934e-29
5,1,3.584212924243197e-08,0.1,0.003164716763421893,1.9202788446332284e-29
5,1,3.461724659406502e-08,0.12,0.003164716763421893,1.630714374714946e-29
5,1,3.379880486715341e-08,0.12,0.00441479729488492,1.423745667410864e-29
5,1,3.324305843335465e-08,0.12,0.003800132079049945,1.2317544508481228e-29
5,1,3.337307648346462e-08,0.12,0.003800132079049945,9.271420733749077e-30
5,1,3.387369683106451e-08,0.12,0.0025479428004473448,7.561225035788593e-30
5,1,3.33843620769553e-08,0.12,0.004544560331851244,6.935183451772293e-30
5,1,3.3190049075849247e-08,0.12,0.004544560331851244,6.1202781056353666e-30
5,1,3.390532626564197e-08,0.12,0.0054082744754850864,5.466711145900212e-30
5,1,3.5844043254297506e-08,0.12,0.003384153125807643,4.481040136747015e-30
5,1,3.864504293978819e-08,0.12,0.003384153125807643,3.4072792736550605e-30
5,1,4.025522437551488e-08,0.12,0.003384153125807643,2.7518984791168134e-30
5,1,4.0315503963734254e-08,0.12,0.0034781084395945072,2.1971373679016082e-30
5,1,3.9725370704983383e-08,0.12,0.0034781084395945072,1.771642643299436e-30
5,1,3.791863131875186e-08,0.12,0.0034781084395945072,1.4497836384058717e-30
5,1,3.515499227023758e-08,0.12,0.0034042620100080967,1.1088179602549457e-30
5,1,3.5012532518116614e-08,0.12,0.0034042620100080967,8.61205999745759e-31
5,1,3.5627949019803955e-08,0.12,0.0034042620100080967,8.332460672752923e-31
5,1,3.6263265712515275e-08,0.12,0.0034042620100080967,8.2096017647869e-31
5,1,3.74104862811122e-08,0.12,0.0029627077747136354,7.514725206416957e-31
5,1,3.7303143739697464e-08,0.12,0.0029627077747136354,7.246550746406802e-31
5,1,3.763145074340593e-08,0.12,0.003205693792551756,6.451660307482457e-31
5,1,3.816223881585194e-08,0.12,0.003076941939070821,5.7315755078579995e-31
5,1,3.77587607974687e-08,0.1,0.003076941939070821,5.537503271328201e-31
5,1,3.75453440962247e-08,0.1,0.003076941939070821,5.394391065895251e-31
5,1,3.7435598023589936e-08,0.1,0.003076941939070821,5.2765910154174265e-31
5,1,3.713851876874722e-08,0.1,0.003076941939070821,5.06671073085777e-31
5,1,3.6622979060913606e-08,0.1,0.0022549531422555447,4.807213299947645e-31
5,1,3.611575915979275e-08,0.1,0.0022549531422555447,4.594815576686268e-31
5,1,3.5932025058893875e-08,0.1,0.0022549531422555447,4.492693799661971e-31
5,1,3.5887519192792665e-08,0.1,0.0022549531422555447,4.321174597747049e-31
5,1,3.484091939820403e-08,0.1,0.0023493885528296232,4.384537504838293e-31
5,1,3.389335987159593e-08,0.12,0.0029627077747136354,4.450560790744318e-31
5,1,3.340727439234755e-08,0.12,0.0029627077747136354,4.390495850603741e-31
5,1,3.233514587982674e-08,0.12,0.0034042620100080967,4.570411843765457e-31
5,1,3.141104468576438e-08,0.12,0.0034042620100080967,4.632195826844676e-31
5,1,3.034834632705903e-08,0.12,0.0034042620100080967,4.607277227398205e-31
5,1,2.977197213856458e-08,0.12,0.0034042620100080967,5.692572135099976e-31
5,1,2.9670364792957845e-08,0.12,0.0034042620100080967,6.868699842278486e-31
5,1,2.9138937971526346e-08,0.12,0.006288039963692427,7.65102236580158e-31
5,1,2.9778476899645846e-08,0.12,0.006288039963692427,1.124124495374969e-30
5,1,2.931999836142124e-08,0.12,0.006288039963692427,1.2697054270237425e-30
5,1,2.7428440543473737e-08,0.12,0.006288039963692427,1.1181541125473686e-30
5,1,2.4932079450362246e-08,0.12,0.006288039963692427,9.265015135893028e-31
5,1,2.1943953807550124e-08,0.12,0.006288039963692427,6.832896635341141e-31
5,1,1.937285412401535e-08,0.12,0.007377671077847481,4.780769379031547e-31
5,1,1.7476202236674156e-08,0.12,0.007377671077847481,3.232486743151065e-31
5,1,1.6396342150480624e-08,0.12,0.007377671077847481,2.5056597781280313e-31
5,1,1.603138958491853e-08,0.12,0.007377671077847481,2.4365489387601365e-31
5,1,1.6081064952039202e-08,0.12,0.007377671077847481,2.5663326839468535e-31
5,1,1.637503390608514e-08,0.12,0.007377671077847481,2.665287914288905e-31
5,1,1.644224363305265e-08,0.12,0.007377671077847481,3.0280574609950414e-31
5,1,1.612928196230508e-08,0.12,0.007377671077847481,2.803295417953975e-31
5,1,1.5146662192620892e-08,0.12,0.0062564401887357235,2.2616031708125676e-31
5,1,1.360191352002782e-08,0.12,0.0062564401887357235,1.8301054081497292e-31
5,1,1.1918385961023192e-08,0.12,0.0062564401887357235,1.352269423078606e-31
5,1,1.087649400867014e-08,0.12,0.0062564401887357235,9.629347619888018e-32
5,1,1.0818567637191194e-08,0.1,0.0052134813740849495,7.69325082486052e-32
5,1,1.1315396180130742e-08,0.1,0.005743103101849556,6.959399105596973e-32
5,1,1.2038014897391411e-08,0.1,0.005743103101849556,7.24060732941961e-32
5,1,1.2828966816095768e-08,0.1,0.005743103101849556,8.031391766576533e-32
5,1,1.3580134425207081e-08,0.1,0.005743103101849556,8.599941355997223e-32
5,1,1.4481432047082531e-08,0.1,0.005743103101849556,9.340776687199005e-32
5,1,1.551309755899352e-08,0.1,0.005743103101849556,1.021050262297975e-31
5,1,1.671612041435452e-08,0.08,0.005743103101849556,1.1460197703708993e-31
5,1,1.8093003299948984e-08,0.08,0.005869446322321892,1.3291124194662772e-31
5,1,1.9734477503978085e-08,0.08,0.00510978139936924,1.4451393542653209e-31
5,1,2.1316780395922957e-08,0.1,0.00510978139936924,1.6348608511038558e-31
5,1,2.3052355352958352e-08,0.1,0.00510978139936924,1.8237634985776079e-31
5,1,2.518644234355016e-08,0.1,0.003679384710267186,1.9129945694519172e-31
5,1,2.7555850060440195e-08,0.1,0.003531675087288022,2.0043880797339993e-31
5,1,2.9650255162059938e-08,0.1,0.003531675087288022,2.3820864046955786e-31
5,1,3.156502126516896e-08,0.1,0.003679384710267186,3.2615449635033917e-31
5,1,3.3962313867849285e-08,0.1,0.00510978139936924,4.535328979766295e-31
5,1,3.694373507889181e-08,0.1,0.00510978139936924,5.947858475047715e-31
5,1,4.017552356276905e-08,0.1,0.00510978139936924,7.880713491754515e-31
5,1,4.3288177887529186e-08,0.1,0.00510978139936924,9.942413974057206e-31
5,1,4.538876211725686e-08,0.1,0.005869446322321892,1.1910774562531723e-30
5,1,4.7019571955550916e-08,0.1,0.006887475028634071,1.6261973166789734e-30
5,1,4.8602179493115055e-08,0.1,0.006887475028634071,2.2528646398481028e-30
5,1,5.013677422808076e-08,0.1,0.006887475028634071,2.641935966693436e-30
5,1,5.2448529958270344e-08,0.1,0.006887475028634071,3.0247224424624365e-30
5,1,5.4652727488218345e-08,0.1,0.006887475028634071,3.466750260010054e-30
5,1,5.5811370574641863e-08,0.12,0.006887475028634071,3.7863335078404264e-30
5,1,5.576036089673235e-08,0.14,0.006887475028634071,3.99721305663783e-30
5,1,5.443288778807929e-08,0.14,0.006887475028634071,3.819408721527931e-30
5,1,5.230337477176113e-08,0.14,0.006887475028634071,3.2898494568779714e-30
5,1,5.035991473825766e-08,0.14,0.008822022937238216,2.9645448429432768e-30
5,1,4.7955640010236036e-08,0.1,0.009975005872547626,2.7391211376420193e-30
5,1,4.468684960216256e-08,0.1,0.008504513651132584,2.3863535902483856e-30
5,1,4.114760573303989e-08,0.08,0.008504513651132584,1.999524542387133e-30
5,1,3.7455913470038637e-08,0.08,0.008504513651132584,1.6069327510204094e-30
5,1,3.330304545352199e-08,0.08,0.008504513651132584,1.221017297368616e-30
5,1,2.9250195441321258e-08,0.08,0.008504513651132584,9.516839880076466e-31
5,1,2.5531151087803313e-08,0.08,0.008504513651132584,7.347426499419227e-31
5,1,2.2410583689362142e-08,0.08,0.008504513651132584,5.5240847682146946e-31
5,1,2.036153184586311e-08,0.08,0.008504513651132584,4.5390675219996505e-31
5,1,1.9390592198641985e-08,0.08,0.012472903355956078,4.277940855919286e-31
5,1,1.9545549197799528e-08,0.08,0.012472903355956078,4.190783121980957e-31
5,1,2.082744229809534e-08,0.08,0.012472903355956078,3.9899748326232065e-31
5,1,2.2185999094710007e-08,0.08,0.012472903355956078,3.626101261622778e-31
5,1,2.2037461046863572e-08,0.08,0.010867915116250515,3.2756095183121103e-31
5,1,2.0261228199258818e-08,0.08,0.010867915116250515,3.071802542865412e-31
5,1,1.7205561609934827e-08,0.08,0.010867915116250515,2.4643865257785696e-31
5,1,1.3923176759067879e-08,0.08,0.010867915116250515,1.6019192676141523e-31
5,1,1.1716448876628347e-08,0.08,0.008806866593658924,9.078360503815789e-32
5,1,1.0345437815292414e-08,0.08,0.0084550641477108,5.086053137752246e-32
5,1,9.38685035045294e-09,0.08,0.0084550641477108,4.0263470376010673e-32
5,1,9.437836733404353e-09,0.06,0.005122625734657049,4.243044425324165e-32
5,1,1.0049357729642488e-08,0.06,0.005122625734657049,4.4175924059834157e-32
5,1,1.0657603184512303e-08,0.06,0.005122625734657049,4.002854782999884e-32
5,1,1.0906848911223105e-08,0.06,0.005122625734657049,3.4450997582027954e-32
5,1,1.0679890837909536e-08,0.06,0.005122625734657049,2.8426315731627164e-32
5,1,1.0041061307404729e-08,0.06,0.005122625734657049,2.2564403114616798e-32
5,1,9.161939208290825e-09,0.04,0.005122625734657049,1.7424715696119584e-32
5,1,8.241928694568847e-09,0.06,0.005122625734657049,1.2757632842634594e-32
5,1,7.46131815026517e-09,0.06,0.005122625734657049,9.104610762037589e-33
5,1,6.837144603718751e-09,0.06,0.005122625734657049,6.482541308149886e-33
5,1,6.3894004342904e-09,0.08,0.005122625734657049,4.82149689343496e-33
5,1,5.835484072033235e-09,0.08,0.005336514208465815,4.2360400952979966e-33
5,1,5.308864524677287e-09,0.08,0.007406339980661869,3.484497700333352e-33
5,1,5.006496595761752e-09,0.08,0.00689779594540596,2.841795429337297e-33
5,1,4.680344826348969e-09,0.08,0.00689779594540596,2.4090235924286406e-33
5,1,4.374565306694728e-09,0.08,0.00689779594540596,1.9496517877288142e-33
5,1,4.174219901442925e-09,0.08,0.00689779594540596,1.6835409888667647e-33
5,1,3.92487986453076e-09,0.1,0.00609830766916275,1.5111788950541658e-33
5,1,3.704222314583139e-09,0.1,0.00510978139936924,1.326507355007542e-33
5,1,3.492658504299061e-09,0.1,0.00510978139936924,1.1923530520294907e-33
5,1,3.3266789923478667e-09,0.1,0.00510978139936924,1.0205976235045115e-33
5,1,3.152975999944816e-09,0.1,0.00510978139936924,9.104570170748287e-34
5,1,2.987481285970287e-09,0.08,0.00510978139936924,8.132567667377761e-34
5,1,2.8286330812778245e-09,0.08,0.00510978139936924,7.40557859433691e-34
5,1,2.6644842003150785e-09,0.08,0.00510978139936924,7.217600058073637e-34
5,1,2.562311176276807e-09,0.08,0.00510978139936924,7.165585810582193e-34
5,1,2.4831726331187515e-09,0.08,0.00510978139936924,6.83150526512621e-34
5,1,2.3704435863816266e-09,0.08,0.005869446322321892,7.004082529506307e-34
5,1,2.26790761833565e-09,0.08,0.005869446322321892,7.288986085124647e-34
5,1,2.1169429877077405e-09,0.08,0.005869446322321892,7.023774814947465e-34
5,1,1.9648255710532214e-09,0.08,0.005869446322321892,6.497118907468021e-34
5,1,1.8314176689465237e-09,0.08,0.005869446322321892,5.814657193094333e-34
5,1,1.6987850674664352e-09,0.08,0.005869446322321892,5.054251938066473e-34
5,1,1.5804822293165911e-09,0.08,0.005869446322321892,4.520657399674812e-34
5,1,1.4243626493008244e-09,0.08,0.005869446322321892,3.493879844209593e-34
5,1,1.2744493324702324e-09,0.08,0.005869446322321892,3.0072977330111307e-34
5,1,1.2106315142673974e-09,0.08,0.007509554270654917,2.844017435084588e-34
5,1,1.0815323997705937e-09,0.08,0.007509554270654917,1.9495096263807617e-34
5,1,9.93961385882982e-10,0.06,0.008492475375533104,1.8390676847293105e-34
5,1,9.387153252212119e-10,0.06,0.010128752328455448,1.9039715032840092e-34
5,1,8.314453460809067e-10,0.06,0.010128752328455448,1.2171270546505512e-34
5,1,7.366500727592207e-10,0.06,0.008822710253298283,9.069658677295086e-35
5,1,6.340244265804249e-10,0.06,0.009476514533162117,6.268963030401848e-35
5,1,5.321606476666962e-10,0.06,0.009476514533162117,3.642342427433859e-35
5,1,4.594319305591079e-10,0.06,0.009476514533162117,2.492632040101629e-35
5,1,4.001940382000045e-10,0.06,0.007677294779568911,1.5290607240446282e-35
5,1,3.43318397755552e-10,0.06,0.007370275910943747,9.694564646846195e-36
5,1,2.9115480622532226e-10,0.06,0.007370275910943747,6.400827179954741e-36
5,1,2.6182928003336424e-10,0.06,0.007370275910943747,4.294427614298294e-36
5,1,2.5525172489791067e-10,0.06,0.007370275910943747,3.510442332893798e-36
5,1,2.549936648093176e-10,0.06,0.007370275910943747,2.8929476313756022e-36
5,1,2.5654905433887443e-10,0.06,0.007370275910943747,2.5903539763239036e-36
5,1,2.5771110981466637e-10,0.06,0.007370275910943747,2.4905110347460272e-36
5,1,2.638691222885843e-10,0.06,0.007370275910943747,2.2860669249455885e-36
5,1,2.7772995002623586e-10,0.06,0.006176846567541361,2.335588319417768e-36
5,1,2.9638303896278325e-10,0.08,0.0054604606702923775,2.6894968516097787e-36
5,1,3.24141312589159e-10,0.08,0.0054604606702923775,3.261598989292632e-36
5,1,3.660028396209434e-10,0.08,0.0054604606702923775,4.3595935084001536e-36
5,1,4.3877242915895847e-10,0.08,0.0054604606702923775,6.535343222952159e-36
5,1,5.515810114747809e-10,0.08,0.0054604606702923775,9.938027721809167e-36
5,1,6.936306465104096e-10,0.08,0.0054604606702923775,1.5098635180235393e-35
5,1,8.47358071733852e-10,0.08,0.0054604606702923775,2.5299155296262207e-35
5,1,9.98239212680314e-10,0.08,0.005688374396413565,4.8338675250683e-35
5,1,1.1573508753244862e-09,0.08,0.007024782244116068,9.41032532015241e-35
5,1,1.3427714890813147e-09,0.08,0.007024782244116068,1.6752056089346067e-34
5,1,1.5478192123928302e-09,0.08,0.007024782244116068,2.8420002684114775e-34
5,1,1.8027505936202217e-09,0.08,0.007024782244116068,4.783298194314532e-34
5,1,2.1034215775366104e-09,0.06,0.008066839538514614,8.55614970985688e-34
5,1,2.422996486209409e-09,0.06,0.010878278873860836,1.392226856439116e-33
5,1,2.662855589814629e-09,0.06,0.010128752328455448,1.6414331281813795e-33
5,1,2.836612350722624e-09,0.06,0.010128752328455448,1.9488934102015416e-33
5,1,2.929228482216862e-09,0.06,0.010128752328455448,3.25058644680521e-33
5,1,2.850206077000823e-09,0.06,0.010128752328455448,4.19199468931467e-33
5,1,2.9577367641484566e-09,0.08,0.008822710253298283,4.9947794544255505e-33
5,1,3.333292452172416e-09,0.08,0.008822710253298283,8.039144151820206e-33
5,1,3.795880578465099e-09,0.08,0.008822710253298283,1.2832408977026276e-32
5,1,4.354571523917755e-09,0.08,0.008822710253298283,2.1415278040819332e-32
5,1,5.052344654723927e-09,0.08,0.0112585024908185,3.11652293239866e-32
5,1,5.815069050470138e-09,0.08,0.010809828527271748,3.802512635926952e-32
5,1,6.548243274297835e-09,0.08,0.010809828527271748,5.43621938667717e-32
5,1,7.553762030108414e-09,0.08,0.010809828527271748,7.924753270058637e-32
5,1,9.258729227738979e-09,0.08,0.0084550641477108,1.2433571678379142e-31
5,1,1.2231976746604864e-08,0.08,0.0084550641477108,1.9838799350918133e-31
5,1,1.5841376871683846e-08,0.08,0.0084550641477108,3.3409540737799704e-31
5,1,1.967439601604134e-08,0.08,0.005757543724030256,6.120251774561908e-31
5,1,2.3337123826190304e-08,0.08,0.005757543724030256,1.020322701824477e-30
5,1,2.5938411027470922e-08,0.08,0.005757543724030256,1.2964383314710468e-30
5,1,2.7934668026430527e-08,0.08,0.005757543724030256,1.6580688241512363e-30
5,1,2.9731616213111658e-08,0.08,0.005757543724030256,1.935537965013117e-30
5,1,3.185284631827298e-08,0.08,0.005122625734657049,1.7585530905250636e-30
5,1,3.5664674388909855e-08,0.08,0.005734543316066265,1.5306694046859533e-30
5,1,3.9338337528501274e-08,0.08,0.0053401729092001915,1.358386225482545e-30
5,1,4.174138271551161e-08,0.08,0.0053401729092001915,1.4145040436721567e-30
5,1,4.3886507813395e-08,0.1,0.003954306710511446,1.5286970192048216e-30
5,1,4.562579671519532e-08,0.1,0.003954306710511446,1.58136791179963e-30
5,1,4.7617454720123034e-08,0.1,0.003954306710511446,1.5944397851389662e-30
5,1,4.994433091665452e-08,0.1,0.003954306710511446,1.610860782943117e-30
5,1,5.2600089203839875e-08,0.1,0.003954306710511446,1.6473259342592974e-30
5,1,5.5311270002621095e-08,0.1,0.003954306710511446,1.6854392226948786e-30
5,1,5.782515841124571e-08,0.08,0.003954306710511446,1.710988639429775e-30
5,1,6.007090976169963e-08,0.08,0.003954306710511446,1.7280694187031555e-30
5,1,6.20767051792479e-08,0.08,0.003954306710511446,1.7450411121007796e-30
5,1,6.183066827069948e-08,0.1,0.003954306710511446,2.0352007018950415e-30
5,1,6.063711746933393e-08,0.12,0.003531675087288022,2.4853747893334054e-30
5,1,6.13270209310088e-08,0.12,0.003531675087288022,2.511507815503598e-30
5,1,6.154525711309562e-08,0.12,0.003531675087288022,2.5448183161403636e-30
5,1,6.128805484306399e-08,0.14,0.003531675087288022,2.5971097591587268e-30
5,1,6.039208886814748e-08,0.14,0.003531675087288022,2.684666596939047e-30
5,1,5.9124307485792615e-08,0.12,0.003531675087288022,2.8582052981486816e-30
5,1,6.021613242204486e-08,0.12,0.003954306710511446,2.610499110012333e-30
5,1,6.106856547132202e-08,0.12,0.0038690268993377686,2.5371802359673646e-30
5,1,6.139367201916384e-08,0.12,0.0038690268993377686,2.7534736415469152e-30
5,1,6.171262701926235e-08,0.12,0.004644283093512058,3.374604668442316e-30
5,1,6.309524832330938e-08,0.12,0.004644283093512058,4.420327828357553e-30
5,1,6.553775589266906e-08,0.12,0.004644283093512058,6.1615073004565595e-30
5,1,6.940371478127661e-08,0.12,0.004644283093512058,9.048222004155056e-30
5,1,7.57410062931633e-08,0.12,0.005478188395500183,1.3976572912180928e-29
5,1,8.711176661091672e-08,0.12,0.0053304932080209255,2.3768425055886508e-29
5,1,1.0151558301804587e-07,0.12,0.0053304932080209255,3.7254024258463444e-29
5,1,1.1096745805156936e-07,0.12,0.0053304932080209255,4.29672021512565e-29
5,1,1.1173429746885483e-07,0.12,0.0031471699476242065,3.8666007760128793e-29
5,1,1.0763563907847792e-07,0.12,0.0026671497616916895,3.2178250936358574e-29
5,1,1.0157690095943845e-07,0.12,0.0026671497616916895,2.4363284630396963e-29
5,1,9.515467192245036e-08,0.12,0.0026671497616916895,1.9785159568859603e-29
5,1,9.121683233283538e-08,0.12,0.0022211961913853884,1.5073933187939087e-29
5,1,8.798485778543003e-08,0.12,0.0012002736330032349,1.1119317413467711e-29
5,1,8.503235162643341e-08,0.12,0.0012002736330032349,7.823835363818791e-30
5,1,8.423338594491734e-08,0.12,0.0012002736330032349,5.779727424010055e-30
5,1,8.572750533023272e-08,0.12,0.0012002736330032349,4.585695621314848e-30
5,1,8.726083625518636e-08,0.12,0.0012002736330032349,4.633241640658716e-30
5,1,9.099546405220106e-08,0.12,0.0010716731194406748,5.3971715332129116e-30
5,1,9.978445841490253e-08,0.12,0.0010716731194406748,6.346142292179764e-30
5,1,1.1387953699634819e-07,0.12,0.0010716731194406748,7.601830560327013e-30
5,1,1.3356264772371912e-07,0.12,0.0012871326180174947,9.351411525650217e-30
5,1,1.5654538619744192e-07,0.1,0.0015115897404029965,1.0923401437558535e-29
5,1,1.7716244685305663e-07,0.1,0.0015115897404029965,1.1383699446583469e-29
5,1,1.9289485662859936e-07,0.1,0.001784011721611023,1.2538465224062904e-29
5,1,2.065418108071514e-07,0.1,0.001784011721611023,1.5488844701801936e-29
5,1,2.137488668981237e-07,0.1,0.001784011721611023,1.691333471104365e-29
5,1,2.2052959797728292e-07,0.1,0.001784011721611023,1.9868355228558824e-29
5,1,2.3481218740461217e-07,0.1,0.0021597996819764376,2.8062725219666414e-29
5,1,2.506806799062623e-07,0.1,0.0021597996819764376,3.449747684024845e-29
5,1,2.69148386022895e-07,0.1,0.0024731112644076347,4.488278624072373e-29
5,1,3.0041121230179146e-07,0.1,0.004070522263646126,7.102006901702008e-29
5,1,3.326605071428885e-07,0.1,0.004070522263646126,1.0467936008061244e-28
5,1,3.7377101084968665e-07,0.1,0.004158760886639357,1.479620957606014e-28
5,1,4.228805062375608e-07,0.1,0.004158760886639357,2.4900367510282016e-28
5,1,4.78165963877108e-07,0.1,0.0028262468986213207,3.739599598987327e-28
5,1,5.312174341996496e-07,0.1,0.0028262468986213207,5.6196960218167925e-28
5,1,6.097858628493009e-07,0.1,0.0018716637277975678,7.84066398920957e-28
5,1,6.780645389496426e-07,0.12,0.0018716637277975678,1.0561881667042238e-27
5,1,7.503763675599465e-07,0.12,0.0018716637277975678,1.8176967259655564e-27
5,1,8.94330111728599e-07,0.12,0.0018716637277975678,3.439553724792141e-27
5,1,1.0347666022738186e-06,0.12,0.0018716637277975678,4.761614498092581e-27
5,1,1.1400568726830873e-06,0.12,0.0018716637277975678,7.042795317045665e-27
5,1,1.2578195650987018e-06,0.12,0.0018716637277975678,1.1705980928284459e-26
5,1,1.3173702917417758e-06,0.12,0.0018716637277975678,1.5884629528534646e-26
5,1,1.3768268925088032e-06,0.12,0.0018716637277975678,2.0738179448080518e-26
5,1,1.4358548752716612e-06,0.12,0.0020114080980420113,2.9010291996768667e-26
5,1,1.457743931909183e-06,0.12,0.0015938242431730032,3.6326175705836686e-26
5,1,1.5368715063906734e-06,0.12,0.0015938242431730032,4.321647203802588e-26
5,1,1.5436488259510616e-06,0.12,0.0015938242431730032,4.276270753568869e-26
5,1,1.4176641404469168e-06,0.12,0.0014231177046895027,3.711804106177094e-26
5,1,1.3765055931341954e-06,0.12,0.0014231177046895027,3.923842830078307e-26
5,1,1.2736308312788326e-06,0.12,0.0014231177046895027,3.745442552660157e-26
5,1,1.1992482515278111e-06,0.12,0.0014231177046895027,3.137610434045395e-26
5,1,1.196104614371252e-06,0.12,0.0014231177046895027,2.860872481815624e-26
5,1,1.1625355420160475e-06,0.12,0.0014231177046895027,3.387858683596877e-26
5,1,1.0968172262307371e-06,0.12,0.0014231177046895027,3.0649507979962997e-26
5,1,9.99562771079247e-07,0.12,0.0014231177046895027,2.6864648882837824e-26
5,1,9.215251197533926e-07,0.12,0.0015294236363843083,2.08476385209118e-26
5,1,9.358052041934666e-07,0.12,0.0015294236363843083,1.6101144113626614e-26
5,1,9.626944337656085e-07,0.12,0.0015294236363843083,1.1695179542784357e-26
5,1,9.43311004215305e-07,0.12,0.0015294236363843083,1.160036061901833e-26
5,1,1.0074504105953521e-06,0.12,0.0014968891628086567,2.238725002961429e-26
5,1,1.0223591379473314e-06,0.12,0.0014968891628086567,2.0872307372383467e-26
5,1,9.658431264038593e-07,0.12,0.0014968891628086567,1.4549334535028354e-26
5,1,9.07252627329679e-07,0.12,0.0018129210220649838,1.3060809473658703e-26
5,1,8.475595048480476e-07,0.12,0.002217900240793824,1.2123359221368327e-26
5,1,8.520218232665994e-07,0.12,0.002638580510392785,9.639884113660653e-27
5,1,8.510625986066623e-07,0.12,0.002638580510392785,7.153020909994813e-27
5,1,7.68903887877233e-07,0.12,0.0022359585855156183,5.938868835920423e-27
5,1,6.576249349598872e-07,0.12,0.002146070823073387,5.964274163002824e-27
5,1,5.394845288029634e-07,0.12,0.0025199363008141518,4.96917659043106e-27
5,1,4.6254493231392207e-07,0.12,0.0020985433366149664,3.533405061354109e-27
5,1,4.256714085184011e-07,0.12,0.0020985433366149664,2.9916554124725625e-27
5,1,4.1163844372264946e-07,0.12,0.0020985433366149664,2.973995790440498e-27
5,1,4.17680482088506e-07,0.12,0.0020985433366149664,3.1708179344441016e-27
5,1,4.35749775805287e-07,0.12,0.0020985433366149664,3.51420970278439e-27
5,1,4.5672590512100613e-07,0.12,0.0020985433366149664,4.1875321447116674e-27
5,1,4.711265226553433e-07,0.12,0.0020985433366149664,5.5340083171030934e-27
5,1,4.801991209332074e-07,0.12,0.0020985433366149664,7.412274191668667e-27
5,1,4.900117765609818e-07,0.12,0.0020985433366149664,1.0588631871004804e-26
5,1,5.09954046492675e-07,0.12,0.0020985433366149664,1.610053089753232e-26
5,1,5.404326615301382e-07,0.12,0.0022343348246067762,2.5332009240534017e-26
5,1,5.805983846806981e-07,0.12,0.0022343348246067762,4.0729661990026505e-26
5,1,6.319278287495764e-07,0.12,0.0022343348246067762,6.279497973311285e-26
5,1,6.88596093647143e-07,0.12,0.0018457394326105714,9.948470938269162e-26
5,1,7.530115019051901e-07,0.12,0.0018457394326105714,1.5691494808521165e-25
5,1,8.188020017959733e-07,0.14,0.0018457394326105714,2.49044891544374e-25
5,1,8.845162946949392e-07,0.14,0.0018457394326105714,4.055572863748417e-25
5,1,9.527115502044872e-07,0.14,0.0018457394326105714,6.775709725103734e-25
5,1,1.0292578852563658e-06,0.14,0.0018457394326105714,9.90194379881971e-25
5,1,1.1045380396162952e-06,0.14,0.0018457394326105714,1.5098776032255272e-24
5,1,1.1914040757127e-06,0.14,0.0018457394326105714,2.1783749003888223e-24
5,1,1.2791347834469437e-06,0.14,0.001902763033285737,3.2491137536308954e-24
5,1,1.4066789267405971e-06,0.14,0.001759141101501882,4.453566305244967e-24
5,1,1.5384711732585457e-06,0.12,0.001759141101501882,5.303306367535052e-24
5,1,1.5944258479899043e-06,0.12,0.001759141101501882,7.566528188661052e-24
5,1,1.619552948471411e-06,0.12,0.001759141101501882,9.972228938892187e-24
5,1,1.6235801392420086e-06,0.12,0.001759141101501882,1.207385536459683e-23
5,1,1.7117691412904542e-06,0.12,0.001759141101501882,1.8095023972591646e-23
5,1,1.936652639902363e-06,0.12,0.001759141101501882,3.003347136280729e-23
5,1,2.1949476645141787e-06,0.12,0.001759141101501882,4.6490851650596324e-23
5,1,2.3815830339128033e-06,0.12,0.001759141101501882,7.272140760506313e-23
5,1,2.5006294357746705e-06,0.12,0.002112523652613163,1.0571783106154968e-22
5,1,2.5932339352360867e-06,0.12,0.002112523652613163,1.3745352226286097e-22
5,1,2.6935609885376333e-06,0.12,0.002112523652613163,1.8005035769233826e-22
5,1,2.7931967687289734e-06,0.12,0.0024929766077548265,2.3654717470729946e-22
5,1,2.7998739574955477e-06,0.12,0.0024929766077548265,2.9723587235486027e-22
5,1,2.7499294385413125e-06,0.12,0.002123237820342183,3.6249420772353846e-22
5,1,2.6874517736271076e-06,0.12,0.0020733154378831387,5.202581846143265e-22
5,1,2.7687788070560083e-06,0.12,0.0022425297647714615,6.623055026746664e-22
5,1,2.931101680546908e-06,0.12,0.0022425297647714615,7.212826624587107e-22
5,1,3.0171859264459384e-06,0.12,0.0022425297647714615,7.389509253033523e-22
5,1,3.0270509050393814e-06,0.12,0.0022425297647714615,6.830478239383221e-22
5,1,2.9322571908481174e-06,0.12,0.0022425297647714615,5.799716987217404e-22
5,1,2.8347975913179116e-06,0.12,0.0022425297647714615,4.37034697021605e-22
5,1,2.687791735415716e-06,0.12,0.0022425297647714615,3.4799474233718453e-22
5,1,2.546979281343019e-06,0.12,0.0022425297647714615,2.554662049161615e-22
5,1,2.411737699845567e-06,0.12,0.0022425297647714615,2.120379100925813e-22
5,1,2.3480151427104767e-06,0.12,0.0022425297647714615,1.7697314382970317e-22
5,1,2.3090223718926234e-06,0.12,0.0022425297647714615,1.5497412296781964e-22
5,1,2.3073548396366536e-06,0.12,0.0022425297647714615,1.2941163438132279e-22
5,1,2.2679219595307924e-06,0.12,0.0022425297647714615,1.1586319445875434e-22
5,1,2.2988864683585776e-06,0.12,0.002291233278810978,1.0555342613801437e-22
5,1,2.4141470408046384e-06,0.12,0.002291233278810978,9.988261432385537e-23
5,1,2.440364487758737e-06,0.12,0.002291233278810978,8.75268879137704e-23
5,1,2.346506584201086e-06,0.12,0.002291233278810978,7.715269174517922e-23
5,1,2.2960237569697196e-06,0.12,0.002291233278810978,8.033696980987091e-23
5,1,2.1022389826347014e-06,0.12,0.002291233278810978,9.546220384245684e-23
5,1,1.835607285706956e-06,0.12,0.001925823395140469,9.346449879696239e-23
5,1,1.8197369734377228e-06,0.12,0.001780464081093669,8.970238958552718e-23
5,1,1.9590025550505957e-06,0.12,0.001780464081093669,9.995503175495466e-23
5,1,2.1023586248994705e-06,0.12,0.001780464081093669,1.3596828019405981e-22
5,1,2.3037812818855234e-06,0.1,0.001780464081093669,2.1849599246837637e-22
5,1,2.4810195542096182e-06,0.1,0.001780464081093669,3.113485055968428e-22
5,1,2.700543504353887e-06,0.1,0.0014160263817757368,3.912102845300703e-22
5,1,3.036067044552083e-06,0.1,0.0014160263817757368,5.235671090129304e-22
5,1,3.3274499808216755e-06,0.1,0.0014160263817757368,7.753658049174108e-22
5,1,3.7216737119509096e-06,0.1,0.0013450217666104436,1.1807141934303714e-21
5,1,4.436225086420966e-06,0.12,0.0013450217666104436,2.1098186641638298e-21
5,1,5.264507252345007e-06,0.12,0.0014160263817757368,2.558545163325024e-21
5,1,5.550968111933701e-06,0.12,0.001780464081093669,1.812059694987274e-21
5,1,5.194541346683041e-06,0.14,0.001780464081093669,9.763477726253344e-22
5,1,4.81939837188715e-06,0.14,0.002046189270913601,6.005429192104973e-22
5,1,4.687834321132276e-06,0.14,0.002046189270913601,4.646729500178898e-22
5,1,4.7349637813909635e-06,0.14,0.0017338019097223878,4.28509748587033e-22
5,1,4.848046649696594e-06,0.14,0.0017338019097223878,4.30538219207831e-22
5,1,5.029440368717629e-06,0.14,0.001443680259399116,4.705845852891946e-22
5,1,5.432787643323263e-06,0.14,0.001443680259399116,5.76548168610826e-22
5,1,6.316619104146697e-06,0.14,0.001443680259399116,8.425221774893742e-22
5,1,7.645602273341544e-06,0.14,0.0017338019097223878,1.434430843698272e-21
5,1,9.173075456403633e-06,0.14,0.0017338019097223878,2.3021430033438104e-21
5,1,1.0562983780507653e-05,0.14,0.002046189270913601,3.3073298141026953e-21
5,1,1.1612216941286153e-05,0.14,0.002046189270913601,4.4917232043079195e-21
5,1,1.2277077128363457e-05,0.14,0.002046189270913601,5.44156080765321e-21
5,1,1.2298734295277745e-05,0.14,0.0017425987171009183,7.18396991596928e-21
5,1,1.2564474441700186e-05,0.14,0.0017425987171009183,7.473995271484283e-21
5,1,1.2570536232578933e-05,0.14,0.0017425987171009183,7.72599616821599e-21
5,1,1.2542346397902297e-05,0.12,0.0017425987171009183,7.23090272220886e-21
5,1,1.2652830811689126e-05,0.12,0.001780464081093669,6.174240074189889e-21
5,1,1.2258667757460143e-05,0.12,0.0019722015131264925,5.995086001325401e-21
5,1,1.1771999709558613e-05,0.12,0.0019722015131264925,4.898257837673941e-21
5,1,1.0956118703141016e-05,0.12,0.0019722015131264925,3.634165110773092e-21
5,1,9.80698238461818e-06,0.12,0.0019722015131264925,2.630072456400636e-21
5,1,8.591131251225435e-06,0.12,0.0019722015131264925,1.8620360654387168e-21
5,1,7.332255088496974e-06,0.12,0.0019722015131264925,1.3505594551777616e-21
5,1,6.2452437895194754e-06,0.12,0.0019722015131264925,8.88262932859632e-22
5,1,5.277306518505465e-06,0.12,0.0018158114980906248,5.855962138670938e-22
5,1,4.480144364667001e-06,0.12,0.0017771958373486996,4.011787095816775e-22
5,1,3.822367358585003e-06,0.12,0.0017771958373486996,2.9153577802389946e-22
5,1,3.3269802390900964e-06,0.12,0.0017771958373486996,2.295222736829977e-22
5,1,3.0093222688036996e-06,0.12,0.0017771958373486996,1.8136285815555774e-22
5,1,2.8404313141343223e-06,0.12,0.0018158114980906248,1.6717238643033526e-22
5,1,2.7225407802715853e-06,0.12,0.0012580922339111567,1.6503202377874064e-22
5,1,2.6260685436244535e-06,0.12,0.0014749258989468217,1.6027824698968295e-22
5,1,2.6332616234097637e-06,0.14,0.0017147533362731338,1.9451012759794148e-22
5,1,2.7728004062910968e-06,0.14,0.0017147533362731338,2.7449587760014626e-22
5,1,3.1022354562129792e-06,0.12,0.0017147533362731338,4.189523642432566e-22
5,1,3.5962811857117957e-06,0.12,0.0014583609299734235,5.054802576393168e-22
5,1,4.0553140920129315e-06,0.12,0.0016984982648864388,5.289229823101762e-22
5,1,4.56365678214341e-06,0.12,0.0014577653491869569,7.433728377759143e-22
5,1,5.104479978847078e-06,0.12,0.0015285639092326164,1.2920108803680802e-21
5,1,5.7423503602513915e-06,0.12,0.0012540138559415936,2.212657449533023e-21
5,1,7.082231699606497e-06,0.12,0.0011593031231313944,2.9144357848565212e-21
5,1,8.959842968710621e-06,0.12,0.000995322479866445,3.9956757540982265e-21
5,1,1.076405998397035e-05,0.12,0.000995322479866445,5.215481198691243e-21
5,1,1.2306672434145216e-05,0.12,0.001312420703470707,6.0541264214431566e-21
5,1,1.3994746187224372e-05,0.12,0.0012516208225861192,7.149305070630912e-21
5,1,1.5994714018465948e-05,0.12,0.0012516208225861192,9.038121108401033e-21
5,1,1.803583869865764e-05,0.12,0.0012516208225861192,1.375160626505559e-20
5,1,2.060755688187913e-05,0.1,0.0011548068141564727,2.1978188875533945e-20
5,1,2.4430899464447705e-05,0.1,0.0009932161774486303,3.2791908098742605e-20
5,1,2.9401905422324076e-05,0.12,0.000960279256105423,5.209259734197336e-20
5,1,3.6670861813376366e-05,0.14,0.0004929753486067057,9.026718940644873e-20
5,1,4.7320195926065507e-05,0.14,0.0005592568777501583,1.7581939762255691e-19
5,1,5.957290928257827e-05,0.14,0.0005592568777501583,2.762748090751079e-19
5,1,6.953159516090298e-05,0.16,0.0007822728366591036,3.730981350814239e-19
5,1,8.091419770347805e-05,0.16,0.0007822728366591036,2.148816837312724e-19
5,1,7.988507445961592e-05,0.16,0.0009092500549741089,2.0704816700812158e-19
5,1,7.699800759435358e-05,0.16,0.0009161055786535144,1.8057545350018954e-19
5,1,7.346313773737103e-05,0.16,0.001030191546306014,1.4781890737263358e-19
5,1,6.853595388335179e-05,0.18,0.001030191546306014,1.2123077631985625e-19
5,1,6.275271627787265e-05,0.18,0.001030191546306014,9.565919207876978e-20
5,1,5.782588512422453e-05,0.18,0.001030191546306014,7.008648985138665e-20
5,1,5.267984702386966e-05,0.18,0.001030191546306014,5.3391652182245214e-20
5,1,4.744480609622864e-05,0.18,0.0013449345715343952,4.0646905668425654e-20
5,1,4.228675201719034e-05,0.18,0.0014356352621689439,3.240554366684645e-20
5,1,3.740869318030314e-05,0.18,0.0018648168770596385,2.6141996359275677e-20
5,1,3.31805321645144e-05,0.16,0.0032811127603054047,2.1154691801646193e-20
5,1,2.9279126734083143e-05,0.14,0.0035474556498229504,1.742269683146415e-20
5,1,2.7229338834715195e-05,0.14,0.004266080446541309,1.2914792714216729e-20
5,1,2.5975233154795805e-05,0.18,0.004266080446541309,9.969658148487155e-21
5,1,2.47154610391608e-05,0.16,0.004266080446541309,9.281052098963067e-21
5,1,2.3989132982349643e-05,0.16,0.004266080446541309,9.481267773498546e-21
5,1,2.423695550645137e-05,0.18,0.00496624456718564,8.660532545816183e-21
5,1,2.4619964102457478e-05,0.18,0.00496624456718564,8.501839884002445e-21
5,1,2.4827380661877956e-05,0.2,0.00496624456718564,9.193067223651274e-21
5,1,2.544986371813363e-05,0.16,0.00496624456718564,9.150801040847942e-21
5,1,2.688884506586973e-05,0.16,0.00496624456718564,1.0260146369716019e-20
5,1,2.847751344071395e-05,0.16,0.00496624456718564,1.2339280187445826e-20
5,1,3.057193540279689e-05,0.16,0.00496624456718564,1.455276461564301e-20
5,1,3.372640690371571e-05,0.16,0.00496624456718564,1.8167467959904448e-20
5,1,3.7769275076187824e-05,0.16,0.004266080446541309,2.4714607355023064e-20
5,1,4.187950454412202e-05,0.16,0.004266080446541309,3.8251581253753885e-20
5,1,4.5897627011754174e-05,0.16,0.00652940571308136,6.139693812947149e-20
5,1,5.150959342393625e-05,0.16,0.00652940571308136,8.873663385458713e-20
5,0,9.090304647724647e-08,0.04,1.2271182185941143e-06,9.77513642595779e-31
5,0,1.112615443258214e-07,0.04,1.2271182185941143e-06,1.5643044358030938e-30
5,0,1.3955233944010404e-07,0.04,1.2271182185941143e-06,2.5062058657836493e-30
5,0,1.7997111288891542e-07,0.04,1.4334182196762413e-06,3.721153192443263e-30
5,0,2.3245572683785544e-07,0.04,1.4334182196762413e-06,5.159062269035772e-30
5,0,2.891908598629757e-07,0.04,1.6635425481581478e-06,7.05283896346474e-30
5,0,3.4705229692573024e-07,0.04,1.6635425481581478e-06,9.03428760008086e-30
5,0,4.146607955108309e-07,0.04,1.4072426210987032e-06,1.0087091185649067e-29
5,0,4.974303646057539e-07,0.04,1.7987231331062503e-06,1.0625599253692967e-29
5,0,5.70666899779567e-07,0.04,1.7987231331062503e-06,1.1760030671615042e-29
5,0,6.267205706762528e-07,0.04,1.7987231331062503e-06,1.179507432112266e-29
5,0,6.574301340095277e-07,0.04,1.7987231331062503e-06,1.1977621634878804e-29
5,0,6.887390336007825e-07,0.04,1.7987231331062503e-06,1.2202681595208143e-29
5,0,7.592831021432412e-07,0.04,1.7987231331062503e-06,1.2613110808051984e-29
5,0,8.852702616442713e-07,0.04,1.7987231331062503e-06,1.3732828422125495e-29
5,0,1.018555020508834e-06,0.04,1.7987231331062503e-06,1.456019438453933e-29
5,0,1.0891923916838882e-06,0.06,1.9458591395959957e-06,1.5441883608447037e-29
5,0,1.0861294226140702e-06,0.06,1.9458591395959957e-06,1.6563945440374731e-29
5,0,1.1069456710245808e-06,0.06,1.9458591395959957e-06,1.60067498333392e-29
5,0,1.153699135820439e-06,0.04,1.9458591395959957e-06,1.249263185296841e-29
5,0,1.1769617952416222e-06,0.04,1.7987231331062503e-06,1.3416756234861706e-29
5,0,1.189582465085659e-06,0.04,1.7987231331062503e-06,1.3471836326638412e-29
5,0,1.203462296027011e-06,0.04,1.7987231331062503e-06,1.3909132262206456e-29
5,0,1.2000895910783967e-06,0.04,1.7987231331062503e-06,1.5311665165449386e-29
5,0,1.169156018024926e-06,0.06,1.9458591395959957e-06,1.816378083862352e-29
5,0,1.143811378505704e-06,0.06,1.9458591395959957e-06,1.9036786826821025e-29
5,0,1.1218590394752272e-06,0.06,1.9458591395959957e-06,2.0902712016378446e-29
5,0,1.0936357185205868e-06,0.06,1.9458591395959957e-06,2.4353992018415295e-29
5,0,1.0339225300627517e-06,0.04,1.7987231331062503e-06,6.218983143759789e-30
5,0,1.0363464055354383e-06,0.04,1.7987231331062503e-06,2.569156240185438e-29
5,0,1.0213258357340088e-06,0.04,1.7987231331062503e-06,2.6416250719475304e-29
5,0,1.01819317726518e-06,0.04,1.7787646129363566e-06,2.9767052849827593e-29
5,0,1.0724096208974152e-06,0.06,1.6635425481581478e-06,6.535890627905317e-29
5,0,1.097637149895608e-06,0.06,1.6635425481581478e-06,4.1376994898096876e-29
5,0,1.1070977447139766e-06,0.06,1.6635425481581478e-06,4.600748719852834e-29
5,0,1.080557364632987e-06,0.06,1.6635425481581478e-06,4.914577198731411e-29
5,0,1.059216844720558e-06,0.04,1.6635425481581478e-06,4.740784289815445e-29
5,0,1.090787604353678e-06,0.04,1.6635425481581478e-06,5.169723194057617e-29
5,0,1.1657245945737947e-06,0.04,1.6635425481581478e-06,5.996937790414885e-29
5,0,1.2746165879454213e-06,0.04,1.6635425481581478e-06,6.355036778330741e-29
5,0,1.376908349260069e-06,0.04,1.4072426210987032e-06,7.109705204801588e-29
5,0,1.4846567613059584e-06,0.04,1.7987231331062503e-06,7.150503021407894e-29
5,0,1.6043179908255904e-06,0.04,1.7987231331062503e-06,5.504779032041987e-29
5,0,1.668211353917728e-06,0.04,1.7987231331062503e-06,4.353243249727877e-29
5,0,1.6590347548224533e-06,0.04,1.7987231331062503e-06,3.8037805523456134e-29
5,0,1.6114297786917682e-06,0.04,1.7987231331062503e-06,3.033702278907238e-29
5,0,1.5853786467813366e-06,0.04,1.7987231331062503e-06,2.241678485142401e-29
5,0,1.6013877190471254e-06,0.04,1.7987231331062503e-06,1.764164467973968e-29
5,0,1.6108207714847349e-06,0.04,1.8146710090150009e-06,1.385236848636118e-29
5,0,1.610342023900639e-06,0.04,2.2334156710712705e-06,9.538180086639938e-30
5,0,1.5481842032820834e-06,0.04,2.2334156710712705e-06,6.660602265431513e-30
5,0,1.4194797181642376e-06,0.02,2.2334156710712705e-06,4.351033470811608e-30
5,0,1.3389414493201172e-06,0.02,2.2334156710712705e-06,2.5588358511750493e-30
5,0,1.3955177913158654e-06,0.02,2.2334156710712705e-06,1.7024206962055016e-30
5,0,1.4363487272774882e-06,0.02,2.2334156710712705e-06,1.4943903576353952e-30
5,0,1.4719408829552447e-06,0.02,2.2334156710712705e-06,1.2503925250374726e-30
5,0,1.5386293872921467e-06,0.02,2.2334156710712705e-06,9.201685142643607e-31
5,0,1.5395503799786787e-06,0.02,2.2334156710712705e-06,7.396696169639593e-31
5,0,1.5282308246104277e-06,0.02,2.2334156710712705e-06,5.851893937433025e-31
5,0,1.5273377831187215e-06,0.02,2.2334156710712705e-06,4.901877740810325e-31
5,0,1.5525407770346908e-06,0.02,2.2334156710712705e-06,4.741394079860923e-31
5,0,1.6782419557898548e-06,0.02,2.2334156710712705e-06,5.4994007974406475e-31
5,0,1.8668322521432324e-06,0.02,2.2334156710712705e-06,6.941558392735673e-31
5,0,2.071037616665571e-06,0.02,2.2334156710712705e-06,8.437115405004372e-31
5,0,2.231121055423032e-06,0.02,1.7789410549085005e-06,8.647547701711174e-31
5,0,2.3070755215426478e-06,0.02,1.7789410549085005e-06,7.785930090863532e-31
5,0,2.334232863657858e-06,0.02,1.6452454474347178e-06,6.5562595564005465e-31
5,0,2.294176166990866e-06,0.02,1.6452454474347178e-06,6.9125443709709366e-31
5,0,2.3437417435796124e-06,0.02,1.6452454474347178e-06,7.358870642221093e-31
5,0,2.40468420002664e-06,0.02,1.3367772453420912e-06,7.627767325960393e-31
5,0,2.448523738969576e-06,0.02,1.3367772453420912e-06,7.401099101280033e-31
5,0,2.5398599183725565e-06,0.02,1.3367772453420912e-06,7.244339876631776e-31
5,0,2.7044980420446784e-06,0.02,1.3367772453420912e-06,7.260607307853935e-31
5,0,2.92349976054904e-06,0.02,1.3367772453420912e-06,7.230314818433245e-31
5,0,3.2249192748829104e-06,0.02,1.3006132348891697e-06,6.892690271385548e-31
5,0,3.5264165435466533e-06,0.02,1.406303454132285e-06,6.947545420563281e-31
5,0,3.73287703472027e-06,0.02,1.406303454132285e-06,6.927221123237563e-31
5,0,3.985505133746704e-06,0.02,1.406303454132285e-06,6.941558392735673e-31
5,0,4.559006937812892e-06,0.02,1.406303454132285e-06,8.72129069411792e-31
5,0,4.309384893279552e-06,0.02,1.406303454132285e-06,1.3274458035756813e-30
5,0,4.166289076286507e-06,0.02,1.406303454132285e-06,1.9390112216813785e-30
5,0,3.951765652271356e-06,0.0,1.406303454132285e-06,2.519491585055287e-30
5,0,3.5929451943782716e-06,0.0,1.730815142764186e-06,2.7610677112114195e-30
5,0,3.8401976678846355e-06,0.0,1.730815142764186e-06,2.167121072633587e-30
5,0,3.978310139803095e-06,0.0,1.730815142764186e-06,1.4311669111939328e-30
5,0,4.0484596392363375e-06,0.0,1.730815142764186e-06,8.628304388990473e-31
5,0,4.05053160436556e-06,0.0,1.730815142764186e-06,5.399455565756333e-31
5,0,3.922757025904531e-06,0.0,1.730815142764186e-06,4.033743659479464e-31
5,0,3.910912262436487e-06,0.0,1.730815142764186e-06,2.8277188991798796e-31
5,0,4.045297340733097e-06,0.0,1.730815142764186e-06,2.1954519911211732e-31
5,0,4.16687884071418e-06,0.0,1.730815142764186e-06,1.798532217633818e-31
5,0,4.22981684624345e-06,0.0,1.730815142764186e-06,1.3815625072022273e-31
5,0,4.297502030688279e-06,0.0,1.730815142764186e-06,9.021260865724596e-32
5,0,4.157479878025412e-06,0.0,1.730815142764186e-06,6.888718393523555e-32
5,0,4.027663893112221e-06,0.0,1.730815142764186e-06,5.436385131380636e-32
5,0,3.9452287672846105e-06,0.0,2.0460449832171435e-06,4.266872283562508e-32
5,0,3.864778768380673e-06,0.0,1.6007364820325165e-06,3.215942718108157e-32
5,0,3.73291073661484e-06,0.0,1.6007364820325165e-06,2.242829850120684e-32
5,0,3.506082326015177e-06,0.0,1.6007364820325165e-06,1.7415279415218358e-32
5,0,3.259913845878358e-06,0.0,1.6007364820325165e-06,1.4779253904650518e-32
5,0,2.9642088258211583e-06,0.0,1.6007364820325165e-06,1.2380792863647985e-32
5,0,2.668809163545234e-06,0.0,1.2587717037604307e-06,9.901752419580553e-33
5,0,2.4592062245361314e-06,0.0,1.0362317652834463e-06,6.830544206658917e-33
5,0,2.194839291196789e-06,0.0,6.478974796664261e-07,5.5146884835087554e-33
5,0,2.0379995898925515e-06,0.0,6.069091682547878e-07,3.727043327210269e-33
5,0,1.9368898180325203e-06,0.0,5.213147460381151e-07,2.656170361334065e-33
5,0,1.912385175371206e-06,0.0,4.207001609302097e-07,1.775990864494053e-33
5,0,1.9090925367815324e-06,0.0,4.207001609302097e-07,1.243014378991535e-33
5,0,1.896069321111112e-06,0.0,5.213147460381151e-07,8.870757915885003e-34
5,0,1.8510858924178272e-06,0.0,5.213147460381151e-07,6.155339333191633e-34
5,0,1.8010618907055533e-06,0.0,4.4803465470977244e-07,3.5924875194430148e-34
5,0,1.718123562925669e-06,0.0,4.4803465470977244e-07,1.967559893150615e-34
5,0,1.6647210183089848e-06,0.0,5.51421067029878e-07,8.471477267604842e-35
5,0,1.5228257164193613e-06,0.0,4.981660026714962e-07,4.6349443787560283e-35
5,0,1.3715918370044019e-06,0.0,4.981660026714962e-07,2.456572258563343e-35
5,0,1.2862455118133728e-06,0.0,4.3909616920245753e-07,9.04729802541728e-36
5,0,1.1780870179502825e-06,0.0,3.88168984954973e-07,3.553882316238562e-36
5,0,1.0836215598491186e-06,0.0,3.88168984954973e-07,1.3674598641667505e-36
5,0,9.747892371614504e-07,0.0,3.8855753814459604e-07,7.100461378771919e-37
5,0,8.992262964362342e-07,0.0,3.8855753814459604e-07,3.921905264661862e-37
5,0,8.512449287881915e-07,0.0,3.8855753814459604e-07,2.323084925584168e-37
5,0,1.007650064842815e-06,0.0,3.8855753814459604e-07,5.162017187102113e-37
5,0,9.146926573909303e-07,0.0,3.494355951261241e-07,2.4767253070825294e-37
5,0,8.538288673968163e-07,0.0,3.494355951261241e-07,1.2622591644092115e-37
5,0,7.811064484185384e-07,0.0,3.494355951261241e-07,8.385074616803426e-38
5,0,7.016547677048869e-07,0.0,3.494355951261241e-07,5.360871864850379e-38
5,0,6.280371673078697e-07,0.0,4.104380479930114e-07,3.1636120507151724e-38
5,0,5.580600440420587e-07,0.0,4.104380479930114e-07,0.0
5,0,4.970590959205451e-07,0.0,4.104380479930114e-07,0.0
5,0,4.609997811601604e-07,0.0,4.104380479930114e-07,0.0
5,0,4.346407908317695e-07,0.0,4.104380479930114e-07,0.0
5,0,4.229332683440939e-07,0.0,4.104380479930114e-07,0.0
5,0,4.2055283751429163e-07,0.0,4.104380479930114e-07,0.0
5,0,4.336222453417484e-07,0.0,4.104380479930114e-07,0.0
5,0,4.6640418232278956e-07,0.0,4.104380479930114e-07,0.0
5,0,5.233609211475999e-07,0.0,3.312228500362835e-07,0.0
5,0,6.05176461814371e-07,0.0,3.312228500362835e-07,0.0
5,0,5.755600083918016e-07,0.0,3.2308173558703857e-07,0.0
5,0,5.615987259323958e-07,0.0,3.2308173558703857e-07,0.0
5,0,6.599199024872616e-07,0.0,3.231510561363393e-07,0.0
5,0,7.463803234864703e-07,0.0,3.231510561363393e-07,0.0
5,0,8.265305113546015e-07,0.0,3.231510561363393e-07,0.0
5,0,8.889935587886997e-07,0.0,3.231510561363393e-07,0.0
5,0,9.364076188515847e-07,0.0,3.231510561363393e-07,0.0
5,0,9.937477310830162e-07,0.0,3.231510561363393e-07,0.0
5,0,1.0293770309620024e-06,0.0,2.674429424587288e-07,0.0
5,0,9.869786948812597e-07,0.0,2.674429424587288e-07,0.0
5,0,9.236049204656788e-07,0.0,2.674429424587288e-07,0.0
5,0,8.668487826033669e-07,0.0,2.674429424587288e-07,0.0
5,0,8.129745689310624e-07,0.0,2.2262611309997737e-07,0.0
5,0,7.566535018742882e-07,0.0,2.2262611309997737e-07,0.0
5,0,7.162867500213675e-07,0.0,2.2262611309997737e-07,0.0
5,0,6.775569940112068e-07,0.0,2.2262611309997737e-07,0.0
5,0,6.445675955159693e-07,0.0,2.2262611309997737e-07,0.0
5,0,6.290367407700444e-07,0.0,2.2262611309997737e-07,0.0
5,0,6.551144496687917e-07,0.0,2.2262611309997737e-07,0.0
5,0,7.032983651561681e-07,0.0,2.2262611309997737e-07,0.0
5,0,7.508131759048452e-07,0.0,2.674429424587288e-07,0.0
5,0,8.171181418604029e-07,0.0,2.674429424587288e-07,0.0
5,0,8.950333326361929e-07,0.0,2.674429424587288e-07,0.0
5,0,9.62074323399495e-07,0.0,2.674429424587288e-07,0.0
5,0,1.0440754522604145e-06,0.0,2.488272343725839e-07,0.0
5,0,1.1133080724395674e-06,0.0,2.550972908466065e-07,0.0
5,0,1.1617087030307985e-06,0.0,2.550972908466065e-07,0.0
5,0,1.2181682032803226e-06,0.0,1.8371551391282992e-07,0.0
5,0,1.2829872167986318e-06,0.0,1.8371551391282992e-07,0.0
5,0,1.3181137054236755e-06,0.0,1.9745995416542428e-07,0.0
5,0,1.3657959785400264e-06,0.0,1.9745995416542428e-07,0.0
5,0,1.4159877570489524e-06,0.0,1.9745995416542428e-07,0.0
5,0,1.493691681985748e-06,0.0,1.8371551391282992e-07,0.0
5,0,1.5558026732635544e-06,0.0,1.8371551391282992e-07,0.0
5,0,1.6528336513696503e-06,0.0,2.2610888095186965e-07,0.0
5,0,1.7874943774530833e-06,0.0,2.2610888095186965e-07,0.0
5,0,1.926131605430803e-06,0.0,2.2610888095186965e-07,0.0
5,0,2.048194824779301e-06,0.0,2.2610888095186965e-07,0.0
5,0,2.220855613586197e-06,0.0,1.925028243476845e-07,0.0
5,0,2.3332953997216082e-06,0.0,1.925028243476845e-07,0.0
5,0,2.4942628070509175e-06,0.0,1.925028243476845e-07,0.0
5,0,2.626739318578101e-06,0.0,2.30069218787321e-07,0.0
5,0,2.7852749081255856e-06,0.0,2.1405497818705044e-07,0.0
5,0,2.8857458441282984e-06,0.0,2.1384093429333006e-07,0.0
5,0,2.8889924829493645e-06,0.0,2.2298328872238926e-07,0.0
5,0,2.8521805315463e-06,0.0,2.468206901085068e-07,0.0
5,0,2.7003032385328734e-06,0.02,2.7211140718463867e-07,0.0
5,0,2.4871238061152537e-06,0.02,2.7211140718463867e-07,0.0
5,0,2.26901027647054e-06,0.02,4.394727852741198e-07,0.0
5,0,2.0706774323291958e-06,0.02,3.706019242599723e-07,0.0
5,0,1.8856493915995826e-06,0.02,3.706019242599723e-07,0.0
5,0,1.7289423519852178e-06,0.02,3.706019242599723e-07,0.0
5,0,1.6140225460435987e-06,0.02,3.6424094673748186e-07,0.0
5,0,1.548951103522859e-06,0.02,3.1774447961652186e-07,0.0
5,0,1.5474072688665385e-06,0.02,3.1774447961652186e-07,0.0
5,0,1.6288715095024448e-06,0.02,3.1774447961652186e-07,0.0
5,0,1.8097377538754556e-06,0.02,3.558823777893849e-07,0.0
5,0,1.7063430318546103e-06,0.02,3.3111075481429e-07,0.0
5,0,1.9828697189326914e-06,0.02,3.3111075481429e-07,0.0
5,0,2.3062901476290683e-06,0.02,3.3111075481429e-07,0.0
5,0,2.655168537979459e-06,0.02,3.3111075481429e-07,0.0
5,0,2.9855600650933347e-06,0.02,3.3111075481429e-07,0.0
5,0,3.2812671036809624e-06,0.02,3.3111075481429e-07,0.0
5,0,3.5310520310355543e-06,0.02,3.3111075481429e-07,0.0
5,0,3.734189484305542e-06,0.02,3.3111075481429e-07,0.0
5,0,3.94551052759681e-06,0.02,3.3111075481429e-07,0.0
5,0,4.1790911500404795e-06,0.02,3.388875029486371e-07,0.0
5,0,4.3991830379975485e-06,0.02,3.388875029486371e-07,0.0
5,0,4.559035991272313e-06,0.02,3.388875029486371e-07,0.0
5,0,4.655626862146176e-06,0.02,3.448057270816207e-07,0.0
5,0,4.725284514916572e-06,0.02,3.448057270816207e-07,0.0
5,0,4.816139366717722e-06,0.02,3.448057270816207e-07,0.0
5,0,4.9253655216449945e-06,0.02,3.388875029486371e-07,0.0
5,0,4.8739631570411475e-06,0.02,3.388875029486371e-07,0.0
5,0,4.797253819737676e-06,0.02,2.956274727239361e-07,0.0
5,0,4.642168281551143e-06,0.02,2.956274727239361e-07,0.0
5,0,4.2431533587211925e-06,0.02,2.956274727239361e-07,0.0
5,0,3.7663250746433456e-06,0.02,2.956274727239361e-07,0.0
5,0,3.1414813733141793e-06,0.02,2.956274727239361e-07,0.0
5,0,2.5407949148399258e-06,0.0,2.956274727239361e-07,0.0
5,0,2.109486947006357e-06,0.0,2.956274727239361e-07,0.0
5,0,1.8257719840038525e-06,0.0,2.956274727239361e-07,0.0
5,0,1.6091372454887896e-06,0.0,2.956274727239361e-07,0.0
5,0,1.448062309735265e-06,0.0,2.956274727239361e-07,0.0
5,0,1.3592356603892326e-06,0.0,2.956274727239361e-07,0.0
5,0,1.3108425544287643e-06,0.0,2.956274727239361e-07,0.0
5,0,1.28329129081597e-06,0.0,2.956274727239361e-07,0.0
5,0,1.2726568719328777e-06,0.0,2.956274727239361e-07,0.0
5,0,1.2838907281480664e-06,0.0,2.956274727239361e-07,0.0
5,0,1.3174264071745238e-06,0.0,2.956274727239361e-07,0.0
5,0,1.3862146391340089e-06,0.0,2.956274727239361e-07,0.0
5,0,1.4980547470397707e-06,0.0,2.956274727239361e-07,0.0
5,0,1.6396815437727378e-06,0.02,2.956274727239361e-07,0.0
5,0,1.7632237584226556e-06,0.02,2.956274727239361e-07,0.0
5,0,1.8184212125044108e-06,0.02,2.956274727239361e-07,0.0
5,0,1.7407954875853889e-06,0.02,2.956274727239361e-07,0.0
5,0,1.6371314670000257e-06,0.02,2.956274727239361e-07,0.0
5,0,1.564066319754186e-06,0.02,2.956274727239361e-07,0.0
5,0,1.6012987413496298e-06,0.02,2.956274727239361e-07,0.0
5,0,1.6224198032564872e-06,0.02,2.956274727239361e-07,0.0
5,0,1.640090657508429e-06,0.02,2.956274727239361e-07,0.0
5,0,1.6346917940535552e-06,0.02,3.1980991366253875e-07,0.0
5,0,1.637461749408893e-06,0.02,3.1980991366253875e-07,0.0
5,0,1.65897002347921e-06,0.02,3.1980991366253875e-07,0.0
5,0,1.6177697428038393e-06,0.02,3.1980991366253875e-07,0.0
5,0,1.5604030743170561e-06,0.02,3.377288919637067e-07,0.0
5,0,1.495152172988329e-06,0.02,3.377288919637067e-07,0.0
5,0,1.4485775318279706e-06,0.02,3.377288919637067e-07,0.0
5,0,1.4268264020407513e-06,0.0,3.377288919637067e-07,0.0
5,0,1.4080350530830155e-06,0.0,3.377288919637067e-07,0.0
5,0,1.364557462721414e-06,0.0,3.377288919637067e-07,0.0
5,0,1.2823915971232614e-06,0.0,3.377288919637067e-07,0.0
5,0,1.1677818066976607e-06,0.0,3.377288919637067e-07,0.0
5,0,1.0470644408252397e-06,0.0,3.377288919637067e-07,0.0
5,0,9.274139629498217e-07,0.0,3.377288919637067e-07,0.0
5,0,8.265959402721476e-07,0.0,3.377288919637067e-07,0.0
5,0,7.546208447842937e-07,0.0,3.377288919637067e-07,0.0
5,0,7.158110248733841e-07,0.0,3.1980991366253875e-07,0.0
5,0,7.181962168145174e-07,0.0,3.1980991366253875e-07,0.0
5,0,7.480948818450267e-07,0.0,2.956274727239361e-07,0.0
5,0,7.914029189838199e-07,0.0,2.956274727239361e-07,0.0
5,0,8.639673918577864e-07,0.0,2.956274727239361e-07,0.0
5,0,9.671695749310986e-07,0.0,2.956274727239361e-07,0.0
5,0,1.1072331991239739e-06,0.0,2.956274727239361e-07,0.0
5,0,1.2912685392017685e-06,0.0,2.956274727239361e-07,0.0
5,0,1.537173767775859e-06,0.0,2.956274727239361e-07,0.0
5,0,1.8465390032396798e-06,0.0,2.956274727239361e-07,0.0
5,0,2.1792898510816076e-06,0.0,2.956274727239361e-07,0.0
5,0,2.5325531729580757e-06,0.0,2.956274727239361e-07,0.0
5,0,2.877763762234437e-06,0.02,2.956274727239361e-07,0.0
5,0,3.24244326513127e-06,0.02,2.956274727239361e-07,0.0
5,0,3.677257721383628e-06,0.0,2.956274727239361e-07,0.0
5,0,4.098285168451828e-06,0.0,2.956274727239361e-07,0.0
5,0,4.44769365064653e-06,0.0,2.956274727239361e-07,0.0
5,0,4.654182291437559e-06,0.0,2.956274727239361e-07,0.0
5,0,4.720665357552792e-06,0.0,2.956274727239361e-07,0.0
5,0,4.65931891299918e-06,0.0,2.956274727239361e-07,0.0
5,0,4.467254881304834e-06,0.0,2.956274727239361e-07,0.0
5,0,4.064428429194069e-06,0.0,2.956274727239361e-07,0.0
5,0,3.5991030874523574e-06,0.0,2.956274727239361e-07,0.0
5,0,3.163304903023263e-06,0.0,2.956274727239361e-07,0.0
5,0,2.743873119238795e-06,0.0,2.956274727239361e-07,0.0
5,0,2.292981050837199e-06,0.0,2.956274727239361e-07,0.0
5,0,1.8123094988984897e-06,0.0,2.956274727239361e-07,0.0
5,0,1.3549907323852852e-06,0.0,2.956274727239361e-07,0.0
5,0,9.449378234928889e-07,0.0,3.1980991366253875e-07,0.0
5,0,6.431835618512507e-07,0.0,3.1980991366253875e-07,0.0
5,0,4.537632275758392e-07,0.0,2.7979041306025465e-07,0.0
5,0,3.2223615402356496e-07,0.0,2.7979041306025465e-07,0.0
5,0,2.2427637626496226e-07,0.0,2.7979041306025465e-07,0.0
5,0,1.600707970246567e-07,0.0,2.7979041306025465e-07,0.0
5,0,1.134135253705325e-07,0.0,2.586340315247071e-07,0.0
5,0,7.930509990758432e-08,0.0,2.956274727239361e-07,0.0
5,0,5.6646033012122594e-08,0.0,2.956274727239361e-07,0.0
5,0,4.1783733560247036e-08,0.0,2.956274727239361e-07,0.0
5,0,3.2201200170756835e-08,0.0,2.956274727239361e-07,0.0
5,0,2.6522172070043788e-08,0.0,2.956274727239361e-07,0.0
5,0,2.3526459199473085e-08,0.0,2.956274727239361e-07,0.0
5,0,2.2581220956487447e-08,0.0,2.956274727239361e-07,0.0
5,0,2.3383586819150254e-08,0.0,2.956274727239361e-07,0.0
5,0,2.6272937745429723e-08,0.0,2.956274727239361e-07,0.0
5,0,3.155741718961816e-08,0.0,3.3111075481429e-07,0.0
5,0,3.7936422510766305e-08,0.0,3.581957059850538e-07,0.0
5,0,4.632596124378499e-08,0.0,3.7826546872565814e-07,0.0
5,0,5.907444317742809e-08,0.0,3.7826546872565814e-07,0.0
5,0,7.782751808690559e-08,0.0,3.7826546872565814e-07,0.0
5,0,1.0304679231966834e-07,0.0,3.7826546872565814e-07,0.0
5,0,1.3619765201024676e-07,0.0,3.7826546872565814e-07,0.0
5,0,1.761636138443575e-07,0.0,3.7826546872565814e-07,0.0
5,0,2.318039793388644e-07,0.0,3.581957059850538e-07,0.0
5,0,2.92456904154267e-07,0.0,3.3111075481429e-07,0.0
5,0,3.2562048779102363e-07,0.0,3.3111075481429e-07,0.0
5,0,3.4674209915947104e-07,0.0,3.3111075481429e-07,0.0
5,0,3.582222440596472e-07,0.0,2.956274727239361e-07,0.0
5,0,3.636454315474817e-07,0.0,2.956274727239361e-07,0.0
5,0,3.638451169611658e-07,0.0,2.956274727239361e-07,0.0
5,0,3.5059086242107296e-07,0.0,2.956274727239361e-07,0.0
5,0,3.285172724187094e-07,0.0,2.956274727239361e-07,0.0
5,0,2.8926287768794877e-07,0.0,2.956274727239361e-07,0.0
5,0,2.453842172525668e-07,0.0,2.956274727239361e-07,0.0
5,0,2.0396329754620568e-07,0.0,2.956274727239361e-07,0.0
5,0,1.6781476102180292e-07,0.0,2.956274727239361e-07,0.0
5,0,1.388479705599454e-07,0.0,2.956274727239361e-07,0.0
5,0,1.1337756488923404e-07,0.0,2.956274727239361e-07,0.0
5,0,9.062859127163351e-08,0.0,3.3111075481429e-07,0.0
5,0,6.81567500137563e-08,0.0,3.3111075481429e-07,0.0
5,0,5.030022364015751e-08,0.0,3.3111075481429e-07,0.0
5,0,3.688702171647939e-08,0.0,3.3111075481429e-07,0.0
5,0,2.6286429785131927e-08,0.0,3.3111075481429e-07,0.0
5,0,1.9671598846302947e-08,0.0,3.3111075481429e-07,0.0
5,0,1.4776102638421203e-08,0.0,3.581957059850538e-07,0.0
5,0,1.1554363249290917e-08,0.0,3.581957059850538e-07,0.0
5,0,9.013911464239336e-09,0.0,3.581957059850538e-07,0.0
5,0,7.683171186094488e-09,0.0,3.581957059850538e-07,0.0
5,0,6.444108255055379e-09,0.0,3.7826546872565814e-07,0.0
5,0,5.5800509250276695e-09,0.0,3.7826546872565814e-07,0.0
5,0,4.7419590134845715e-09,0.0,3.7826546872565814e-07,0.0
5,0,4.039113930995815e-09,0.0,4.2573356040520594e-07,0.0
5,0,4.357876530376882e-09,0.0,4.2573356040520594e-07,0.0
5,0,5.005841676693254e-09,0.0,4.2573356040520594e-07,0.0
5,0,6.2681848186102465e-09,0.0,4.2573356040520594e-07,0.0
5,0,6.639957289024889e-09,0.0,4.2573356040520594e-07,0.0
5,0,7.001729352654906e-09,0.0,4.2573356040520594e-07,0.0
5,0,7.230434498861392e-09,0.0,4.2573356040520594e-07,0.0
5,0,7.310766213546746e-09,0.0,4.2573356040520594e-07,0.0
5,0,7.3146799148126675e-09,0.0,3.378783901553106e-07,0.0
5,0,7.073255631677686e-09,0.0,3.4746435062515957e-07,0.0
5,0,6.5965580724562554e-09,0.0,3.4746435062515957e-07,0.0
5,0,6.236950863256735e-09,0.0,2.7221599907534255e-07,0.0
5,0,5.762995393432618e-09,0.0,2.5163240024994593e-07,0.0
5,0,4.9851583169066565e-09,0.0,3.049203769478481e-07,0.0
5,0,4.091012190606165e-09,0.0,2.3464293974484463e-07,0.0
5,0,3.1095760121262013e-09,0.0,2.1979857933729363e-07,0.0
5,0,2.2860396247876693e-09,0.0,2.1979857933729363e-07,0.0
5,0,1.6651932172684165e-09,0.0,1.8879964613915945e-07,0.0
5,0,1.2275029941524887e-09,0.0,1.8879964613915945e-07,0.0
5,0,9.319949024560966e-10,0.0,1.8879964613915945e-07,0.0
5,0,7.042339098833988e-10,0.0,1.5580496892653173e-07,0.0
5,0,5.300092538636992e-10,0.0,1.6854986029102292e-07,0.0
5,0,4.2379379465325244e-10,0.0,1.6854986029102292e-07,0.0
5,0,3.7218405622665247e-10,0.0,1.6854986029102292e-07,0.0
5,0,3.435716592577994e-10,0.0,1.8879964613915945e-07,0.0
5,0,3.219584885935672e-10,0.0,1.7125213958024688e-07,0.0
5,0,3.1154933296859e-10,0.0,1.7125213958024688e-07,0.0
5,0,3.233779926687719e-10,0.0,1.7125213958024688e-07,0.0
5,0,3.5150790138886645e-10,0.0,1.7125213958024688e-07,0.0
5,0,3.866714881690152e-10,0.0,1.7125213958024688e-07,0.0
5,0,4.1615116222981424e-10,0.0,1.7125213958024688e-07,0.0
5,0,4.347683460006738e-10,0.0,1.5471297842850618e-07,0.0
5,0,4.5015534718708433e-10,0.0,1.9041384291540453e-07,0.0
5,0,4.480242332741916e-10,0.0,1.9041384291540453e-07,0.0
5,0,5.458645160821841e-10,0.0,1.9041384291540453e-07,0.0
5,0,6.871684355771789e-10,0.0,1.9041384291540453e-07,0.0
5,0,7.93190103320516e-10,0.0,1.9041384291540453e-07,0.0
5,0,9.325115453124967e-10,0.0,1.9041384291540453e-07,0.0
5,0,1.0547583523165413e-09,0.0,1.9041384291540453e-07,0.0
5,0,1.2338900796835764e-09,0.0,1.9041384291540453e-07,0.0
5,0,1.44322360112774e-09,0.0,1.9041384291540453e-07,0.0
5,0,1.5894045786130078e-09,0.0,1.9041384291540453e-07,0.0
5,0,1.5964228562256612e-09,0.0,1.9041384291540453e-07,0.0
5,0,1.4939363336320737e-09,0.0,1.5471297842850618e-07,0.0
5,0,1.4299688302886057e-09,0.0,1.5471297842850618e-07,0.0
5,0,1.3661317994591346e-09,0.0,1.917141219109908e-07,0.0
5,0,1.1707891229840481e-09,0.0,1.917141219109908e-07,0.0
5,0,9.947000056106936e-10,0.0,1.917141219109908e-07,0.0
5,0,8.932471308889208e-10,0.0,1.917141219109908e-07,0.0
5,0,7.27322283593984e-10,0.0,1.917141219109908e-07,0.0
5,0,5.26983041123442e-10,0.0,1.5471297842850618e-07,0.0
5,0,3.7997034101300694e-10,0.0,1.5471297842850618e-07,0.0
5,0,2.788572589528308e-10,0.0,1.7125213958024688e-07,0.0
5,0,2.0116505883732766e-10,0.0,1.7125213958024688e-07,0.0
5,0,1.4576598819929722e-10,0.0,1.7125213958024688e-07,0.0
5,0,1.081109358092789e-10,0.0,1.7125213958024688e-07,0.0
5,0,8.239175898391952e-11,0.0,1.7125213958024688e-07,0.0
5,0,6.560214345299745e-11,0.0,1.7125213958024688e-07,0.0
5,0,5.7244365229194965e-11,0.0,1.7125213958024688e-07,0.0
5,0,5.499214493866441e-11,0.0,1.7125213958024688e-07,0.0
5,0,5.875644376923344e-11,0.0,1.7125213958024688e-07,0.0
5,0,7.101886669491211e-11,0.0,1.7125213958024688e-07,0.0
5,0,9.697603650544111e-11,0.0,1.7125213958024688e-07,0.0
5,0,1.4516417336762043e-10,0.0,1.8879964613915945e-07,0.0
5,0,2.3161016738779736e-10,0.0,1.8879964613915945e-07,0.0
5,0,3.868929220553649e-10,0.0,1.8879964613915945e-07,0.0
5,0,6.62960898336251e-10,0.0,1.8879964613915945e-07,0.0
5,0,1.0996626844491767e-09,0.0,1.8879964613915945e-07,0.0
5,0,1.7969816504325196e-09,0.0,1.6854986029102292e-07,0.0
5,0,2.900191813629274e-09,0.0,1.6854986029102292e-07,0.0
5,0,4.514379302577406e-09,0.0,1.6854986029102292e-07,0.0
5,0,6.999818112586148e-09,0.0,1.6854986029102292e-07,0.0
5,0,1.0525886262409538e-08,0.0,1.6854986029102292e-07,0.0
5,0,1.5269041122869473e-08,0.0,1.6854986029102292e-07,0.0
5,0,2.180994059989652e-08,0.0,1.6854986029102292e-07,0.0
5,0,3.0751369055537956e-08,0.0,1.6854986029102292e-07,0.0
5,0,3.9630121166987014e-08,0.0,1.6854986029102292e-07,0.0
5,0,4.7382883104639056e-08,0.0,1.6854986029102292e-07,0.0
5,0,5.546679812038882e-08,0.0,1.6854986029102292e-07,0.0
5,0,6.303027470625655e-08,0.0,1.6854986029102292e-07,0.0
5,0,7.0079833584459e-08,0.0,2.1979857933729363e-07,0.0
5,0,7.918578414240371e-08,0.0,2.1979857933729363e-07,0.0
5,0,8.388442554025038e-08,0.0,2.1979857933729363e-07,0.0
5,0,8.379893735967754e-08,0.0,2.1979857933729363e-07,0.0
5,0,7.921112528132877e-08,0.0,2.1979857933729363e-07,0.0
5,0,7.139574056791039e-08,0.0,2.3464293974484463e-07,0.0
5,0,5.986050937791238e-08,0.0,2.3464293974484463e-07,0.0
5,0,4.63555180743993e-08,0.0,2.7043782324653876e-07,0.0
5,0,3.330503018198655e-08,0.0,2.7043782324653876e-07,0.0
5,0,2.2281305544286025e-08,0.0,2.7043782324653876e-07,0.0
5,0,1.4139003467040124e-08,0.0,3.049203769478481e-07,0.0
5,0,8.636476048222982e-09,0.0,3.049203769478481e-07,0.0
5,0,5.101827835156149e-09,0.0,3.049203769478481e-07,0.0
5,0,2.9434162400383774e-09,0.0,3.049203769478481e-07,0.0
5,0,1.6400399617777655e-09,0.0,3.049203769478481e-07,0.0
5,0,8.780606638912957e-10,0.0,3.049203769478481e-07,0.0
5,0,4.5159247993482284e-10,0.0,3.0414929597100127e-07,0.0
5,0,2.2720627304940832e-10,0.0,3.0414929597100127e-07,0.0
5,0,1.1548308229028209e-10,0.0,3.3111075481429e-07,0.0
5,0,6.266188163933949e-11,0.0,3.3111075481429e-07,0.0
5,0,3.7121953362576714e-11,0.0,3.3111075481429e-07,0.0
5,0,2.389548597375919e-11,0.0,3.3111075481429e-07,0.0
5,0,1.6596036708080888e-11,0.0,3.3111075481429e-07,0.0
5,0,1.2249208076270896e-11,0.0,3.3111075481429e-07,0.0
5,0,9.581556440218144e-12,0.0,3.3111075481429e-07,0.0
5,0,8.150538120217034e-12,0.0,3.3111075481429e-07,0.0
5,0,7.755848657811871e-12,0.0,3.3111075481429e-07,0.0
5,0,8.103657012702962e-12,0.0,3.3111075481429e-07,0.0
5,0,9.174253449513415e-12,0.0,3.3111075481429e-07,0.0
5,0,1.127682338024272e-11,0.0,3.3111075481429e-07,0.0
5,0,1.4975088993167225e-11,0.0,4.102991226773156e-07,0.0
5,0,2.0485614049175435e-11,0.0,4.102991226773156e-07,0.0
5,0,2.866361760586337e-11,0.0,4.3303586494403135e-07,0.0
5,0,4.057513972050492e-11,0.0,4.3303586494403135e-07,0.0
5,0,4.556715968416147e-11,0.0,4.3303586494403135e-07,0.0
5,0,7.915290199039166e-11,0.0,5.272546559353941e-07,0.0
5,0,1.0572334667828865e-10,0.0,5.272546559353941e-07,0.0
5,0,1.3316905757856192e-10,0.0,5.272546559353941e-07,0.0
5,0,1.5901534668102475e-10,0.0,6.158954306556552e-07,0.0
5,0,1.8440913188572192e-10,0.0,6.158954306556552e-07,0.0
5,0,2.125105007507907e-10,0.0,6.158954306556552e-07,0.0
5,0,2.3373850043777567e-10,0.0,6.158954306556552e-07,0.0
5,0,2.378424407542635e-10,0.0,6.662758664788271e-07,0.0
5,0,2.1759992646971324e-10,0.0,6.662758664788271e-07,0.0
5,0,1.6976293731286483e-10,0.0,6.662758664788271e-07,0.0
5,0,1.1967256665319424e-10,0.0,6.662758664788271e-07,0.0
5,0,8.257424266362649e-11,0.0,6.662758664788271e-07,0.0
5,0,6.188673402160355e-11,0.0,6.158954306556552e-07,0.0
5,0,4.903651004993779e-11,0.0,6.158954306556552e-07,0.0
5,0,4.272977773592083e-11,0.0,7.610668717461522e-07,0.0
5,0,3.839591492132057e-11,0.0,7.610668717461522e-07,0.0
5,0,3.452037290954964e-11,0.0,7.610668717461522e-07,0.0
5,0,3.143702488200752e-11,0.0,7.610668717461522e-07,0.0
5,0,2.9584990518206256e-11,0.0,7.610668717461522e-07,0.0
5,0,3.073784259459917e-11,0.0,7.610668717461522e-07,0.0
5,0,3.549631854367927e-11,0.0,7.610668717461522e-07,0.0
5,0,4.4756852440268795e-11,0.0,6.158954306556552e-07,0.0
5,0,5.752526126424694e-11,0.0,6.158954306556552e-07,0.0
5,0,7.401352992288868e-11,0.0,6.158954306556552e-07,0.0
5,0,9.391697227322491e-11,0.0,4.843217311645276e-07,0.0
5,0,1.1128879981718381e-10,0.0,4.843217311645276e-07,0.0
5,0,1.1941824716908106e-10,0.0,3.987833849805611e-07,0.0
5,0,1.243597679386005e-10,0.0,3.987833849805611e-07,0.0
5,0,1.2621266736136847e-10,0.0,3.536861470365693e-07,0.0
5,0,1.5676660465091093e-10,0.0,3.068726073252037e-07,0.0
5,0,1.997637830384888e-10,0.0,2.5662723146524513e-07,0.0
5,0,2.7301354285810177e-10,0.0,3.171163314164005e-07,0.0
5,0,3.7777363889167896e-10,0.0,3.171163314164005e-07,0.0
5,0,3.7725283084028735e-10,0.0,3.171163314164005e-07,0.0
5,0,3.6359859011995307e-10,0.0,3.171163314164005e-07,0.0
5,0,3.3946669582090456e-10,0.0,2.723923273606488e-07,0.0
5,0,3.0429488371916385e-10,0.0,2.723923273606488e-07,0.0
5,0,2.689459889319163e-10,0.0,2.723923273606488e-07,0.0
5,0,2.3288616030598136e-10,0.0,2.723923273606488e-07,0.0
5,0,1.976219774470485e-10,0.0,2.8765452952939086e-07,0.0
5,0,1.6894601198125445e-10,0.0,2.8765452952939086e-07,0.0
5,0,1.3952339854480678e-10,0.0,2.8765452952939086e-07,0.0
5,0,1.1053998441173472e-10,0.0,2.9452718308675685e-07,0.0
5,0,8.089872708378446e-11,0.0,2.9452718308675685e-07,0.0
5,0,5.370259559186322e-11,0.0,2.9452718308675685e-07,0.0
5,0,3.427878358215572e-11,0.0,2.9452718308675685e-07,0.0
5,0,2.219970010243521e-11,0.0,2.9452718308675685e-07,0.0
5,0,1.509256804838307e-11,0.0,2.531261031890608e-07,0.0
5,0,1.0859658878909709e-11,0.0,2.531261031890608e-07,0.0
5,0,8.6216917266737e-12,0.0,2.8353699121907994e-07,0.0
5,0,7.194526368381906e-12,0.0,2.8353699121907994e-07,0.0
5,0,6.364155801022139e-12,0.0,2.8353699121907994e-07,0.0
5,0,5.8828810748727134e-12,0.0,2.8353699121907994e-07,0.0
5,0,5.754431691491836e-12,0.0,2.8353699121907994e-07,0.0
5,0,6.362094851590953e-12,0.0,2.8353699121907994e-07,0.0
5,0,7.482355283848283e-12,0.0,2.8353699121907994e-07,0.0
5,0,9.77763501629438e-12,0.0,2.8353699121907994e-07,0.0
5,0,1.3816191548703768e-11,0.0,2.8353699121907994e-07,0.0
5,0,2.0193458239927937e-11,0.0,2.8353699121907994e-07,0.0
5,0,2.8596936310046366e-11,0.0,2.8353699121907994e-07,0.0
5,0,4.013083916430555e-11,0.0,2.8353699121907994e-07,0.0
5,0,5.553185538360212e-11,0.0,2.8353699121907994e-07,0.0
5,0,7.699853299765987e-11,0.0,2.8353699121907994e-07,0.0
5,0,1.0647940011700868e-10,0.0,2.8353699121907994e-07,0.0
5,0,1.4609415133627188e-10,0.0,2.8353699121907994e-07,0.0
5,0,1.9823293803556254e-10,0.0,2.8353699121907994e-07,0.0
5,0,2.6225279366214976e-10,0.0,2.8353699121907994e-07,0.0
5,0,3.3485421160063504e-10,0.0,2.8353699121907994e-07,0.0
5,0,4.1269589327687147e-10,0.0,2.8353699121907994e-07,0.0
5,0,4.891432451379625e-10,0.0,2.8353699121907994e-07,0.0
5,0,5.558455259475641e-10,0.0,2.8353699121907994e-07,0.0
5,0,6.034336680300647e-10,0.0,2.8353699121907994e-07,0.0
5,0,6.365443341168937e-10,0.0,2.5615358367758745e-07,0.0
5,0,6.609674263767191e-10,0.0,2.594203181160992e-07,0.0
5,0,6.836537179321695e-10,0.0,2.594203181160992e-07,0.0
5,0,7.203826786998367e-10,0.0,1.8611576990679168e-07,0.0
5,0,7.469683909889524e-10,0.0,1.8611576990679168e-07,0.0
5,0,7.355190095352424e-10,0.0,1.0823370644175156e-07,0.0
5,0,6.785971858832354e-10,0.0,1.0980046027952994e-07,0.0
5,0,5.896168135894637e-10,0.0,1.0980046027952994e-07,0.0
5,0,4.798518626847137e-10,0.0,1.0470740363643927e-07,0.0
5,0,3.5859367381955927e-10,0.0,1.0470740363643927e-07,0.0
5,0,2.675590465191353e-10,0.0,9.347696305894715e-08,0.0
5,0,2.037640233344379e-10,0.0,9.347696305894715e-08,0.0
5,0,1.5206903583730354e-10,0.0,9.347696305894715e-08,0.0
5,0,1.1309066840961863e-10,0.0,9.802376155221282e-08,0.0
5,0,8.61479071599253e-11,0.0,1.2112863601032586e-07,0.0
5,0,9.17319858678627e-11,0.0,1.3546242882966908e-07,0.0
5,0,1.0360368577481049e-10,0.0,1.3546242882966908e-07,0.0
5,0,8.381211785307548e-11,0.0,1.3546242882966908e-07,0.0
5,0,7.13071916964803e-11,0.0,1.3546242882966908e-07,0.0
5,0,6.489907142219962e-11,0.0,1.3546242882966908e-07,0.0
5,0,6.357186961006696e-11,0.0,1.2112863601032586e-07,0.0
5,0,6.707056847254249e-11,0.0,1.7038824751125503e-07,0.0
5,0,7.347330737817229e-11,0.0,1.7038824751125503e-07,0.0
5,0,8.31072675253698e-11,0.0,1.369776754245322e-07,0.0
5,0,9.574398396842562e-11,0.0,1.661356208160214e-07,0.0
5,0,1.1252236888305708e-10,0.0,1.3444581270505296e-07,0.0
5,0,1.3917600616802115e-10,0.0,1.5059831071084773e-07,0.0
5,0,1.7432910656493962e-10,0.0,1.5059831071084773e-07,0.0
5,0,2.1206016472461948e-10,0.0,1.5059831071084773e-07,0.0
5,0,2.564545315218504e-10,0.0,1.5059831071084773e-07,0.0
5,0,3.0722077433065676e-10,0.0,1.5059831071084773e-07,0.0
5,0,3.7006644130677503e-10,0.0,1.5059831071084773e-07,0.0
5,0,4.452941276579804e-10,0.0,1.5343434256465116e-07,0.0
5,0,5.263188490695143e-10,0.0,1.2938767213199753e-07,0.0
5,0,5.976563666578226e-10,0.0,1.9085891267422994e-07,0.0
5,0,6.446569658448072e-10,0.0,1.9085891267422994e-07,0.0
5,0,6.70191684075451e-10,0.0,1.3374489071793505e-07,0.0
5,0,6.840179953442768e-10,0.0,1.517370549208863e-07,0.0
5,0,6.8265218438093e-10,0.0,1.517370549208863e-07,0.0
5,0,6.470447813937414e-10,0.0,1.6795807766811777e-07,0.0
5,0,5.645539503739175e-10,0.0,1.6795807766811777e-07,0.0
5,0,4.5458844478726386e-10,0.0,1.6795807766811777e-07,0.0
5,0,3.5051054444558753e-10,0.0,1.6795807766811777e-07,0.0
5,0,2.734113497314541e-10,0.0,1.6795807766811777e-07,0.0
5,0,2.207086119877462e-10,0.0,2.291613299121309e-07,0.0
5,0,1.8620710913441072e-10,0.0,2.291613299121309e-07,0.0
5,0,1.5767933920196535e-10,0.0,2.291613299121309e-07,0.0
5,0,1.3319694728985778e-10,0.0,1.8911302390733908e-07,0.0
5,0,1.137738976489284e-10,0.0,2.0458251981381181e-07,0.0
5,0,9.691230113870786e-11,0.0,2.0458251981381181e-07,0.0
5,0,8.294737059965152e-11,0.0,2.426046421533101e-07,0.0
5,0,7.44898435886058e-11,0.0,2.426046421533101e-07,0.0
5,0,7.27823873011704e-11,0.0,2.509343346446258e-07,0.0
5,0,7.574309356282691e-11,0.0,2.509343346446258e-07,0.0
5,0,8.024066243592639e-11,0.0,2.477744374118629e-07,0.0
5,0,8.368613664278546e-11,0.0,2.9452718308675685e-07,0.0
5,0,8.554022731375747e-11,0.0,2.9452718308675685e-07,0.0
5,0,8.573765207787191e-11,0.0,2.9452718308675685e-07,0.0
5,0,8.699269002475117e-11,0.0,2.9452718308675685e-07,0.0
5,0,9.136811192873465e-11,0.0,2.9452718308675685e-07,0.0
5,0,9.97136722959088e-11,0.0,2.9452718308675685e-07,0.0
5,0,1.1103433553579101e-10,0.0,2.9452718308675685e-07,0.0
5,0,1.27016619967322e-10,0.0,2.722565000112809e-07,0.0
5,0,1.4570356239631446e-10,0.0,2.722565000112809e-07,0.0
5,0,1.7151290318701257e-10,0.0,2.722565000112809e-07,0.0
5,0,2.0612885244254943e-10,0.0,2.722565000112809e-07,0.0
5,0,2.483815960472515e-10,0.0,2.722565000112809e-07,0.0
5,0,2.91142996310657e-10,0.0,2.722565000112809e-07,0.0
5,0,3.106605810292703e-10,0.0,2.9452718308675685e-07,0.0
5,0,3.0580732345336155e-10,0.0,2.9452718308675685e-07,0.0
5,0,2.8442634770210166e-10,0.0,2.9452718308675685e-07,0.0
5,0,2.624318630437345e-10,0.0,2.9452718308675685e-07,0.0
5,0,3.7672794482006986e-10,0.0,2.9452718308675685e-07,0.0
5,0,3.5352068330140445e-10,0.0,2.9452718308675685e-07,0.0
5,0,3.209942306878923e-10,0.0,2.9452718308675685e-07,0.0
5,0,2.727442288698977e-10,0.0,2.531261031890608e-07,0.0
5,0,2.1981277086742463e-10,0.0,2.531261031890608e-07,0.0
5,0,1.738751066971569e-10,0.0,2.531261031890608e-07,0.0
5,0,1.393060165454208e-10,0.0,2.531261031890608e-07,0.0
5,0,1.1486482209900431e-10,0.0,2.531261031890608e-07,0.0
5,0,9.740157371466788e-11,0.0,2.531261031890608e-07,0.0
5,0,8.460536917935132e-11,0.0,2.531261031890608e-07,0.0
5,0,7.231204613646969e-11,0.0,2.531261031890608e-07,0.0
5,0,5.940731113855996e-11,0.0,2.531261031890608e-07,0.0
5,0,4.8518904050565265e-11,0.0,2.3398597193136084e-07,0.0
5,0,4.209840739724344e-11,0.0,2.5615358367758745e-07,0.0
5,0,3.9107113550004657e-11,0.0,2.5615358367758745e-07,0.0
5,0,3.8359712385109113e-11,0.0,2.1842465969257319e-07,0.0
5,0,3.942433676088411e-11,0.0,2.1842465969257319e-07,0.0
5,0,4.224228394166989e-11,0.0,2.520726809507323e-07,0.0
5,0,4.763194975752533e-11,0.0,2.520726809507323e-07,0.0
5,0,5.6087136396965906e-11,0.0,2.520726809507323e-07,0.0
5,0,6.716776759985532e-11,0.0,2.979824671456299e-07,0.0
5,0,8.487734196698024e-11,0.0,2.979824671456299e-07,0.0
5,0,1.0944795953470305e-10,0.0,2.0881203965927853e-07,0.0
5,0,1.4395875920314274e-10,0.0,2.369026930182372e-07,0.0
5,0,1.9360424470746832e-10,0.0,2.0040334902660106e-07,0.0
5,0,2.6232023638346107e-10,0.0,2.0040334902660106e-07,0.0
5,0,3.349351251472088e-10,0.0,2.3398597193136084e-07,0.0
5,0,4.109201873082522e-10,0.0,2.531261031890608e-07,0.0
5,0,4.714729152024874e-10,0.0,2.531261031890608e-07,0.0
5,0,5.073751838663328e-10,0.0,2.531261031890608e-07,0.0
5,0,5.32397056997358e-10,0.0,2.531261031890608e-07,0.0
5,0,5.585625345891047e-10,0.0,2.531261031890608e-07,0.0
5,0,5.724094109152503e-10,0.0,2.531261031890608e-07,0.0
5,0,5.423369072701488e-10,0.0,2.531261031890608e-07,0.0
5,0,4.730860102112667e-10,0.0,3.1102959496820404e-07,0.0
5,0,3.852626029519142e-10,0.0,2.673088204119267e-07,0.0
5,0,3.0203028394179484e-10,0.0,2.673088204119267e-07,0.0
5,0,2.358239790268214e-10,0.0,2.673088204119267e-07,0.0
5,0,1.883038901778114e-10,0.0,2.531261031890608e-07,0.0
5,0,1.5332713031055554e-10,0.0,2.531261031890608e-07,0.0
5,0,1.2705760418456986e-10,0.0,2.531261031890608e-07,0.0
5,0,1.0517657205313594e-10,0.0,2.531261031890608e-07,0.0
5,0,8.605178573923339e-11,0.0,2.531261031890608e-07,0.0
5,0,7.007322585881532e-11,0.0,2.531261031890608e-07,0.0
5,0,5.85310940847483e-11,0.0,2.531261031890608e-07,0.0
5,0,5.1441530779372846e-11,0.0,2.531261031890608e-07,0.0
5,0,4.7968382533531954e-11,0.0,2.531261031890608e-07,0.0
5,0,4.695544207483572e-11,0.0,2.531261031890608e-07,0.0
5,0,4.721975882451805e-11,0.0,2.531261031890608e-07,0.0
5,0,4.8052082557767685e-11,0.0,2.5031741301972943e-07,0.0
5,0,4.861900810492904e-11,0.0,2.091306896545575e-07,0.0
5,0,5.0888908101016235e-11,0.0,2.091306896545575e-07,0.0
5,0,5.373676351362035e-11,0.0,2.091306896545575e-07,0.0
5,0,5.892739391803366e-11,0.0,2.472195319569437e-07,0.0
5,0,6.634868468334025e-11,0.0,2.472195319569437e-07,0.0
5,0,7.563310737977388e-11,0.0,2.472195319569437e-07,0.0
5,0,8.689421223103189e-11,0.0,2.472195319569437e-07,0.0
5,0,1.0085474124983165e-10,0.0,2.472195319569437e-07,0.0
5,0,1.1957955641952134e-10,0.0,2.091306896545575e-07,0.0
5,0,1.4490541484890783e-10,0.0,2.091306896545575e-07,0.0
5,0,1.7771333244183654e-10,0.0,2.643427592374792e-07,0.0
5,0,2.1642658224500402e-10,0.0,2.673088204119267e-07,0.0
5,0,2.557853935929936e-10,0.0,2.673088204119267e-07,0.0
5,0,2.8890005269428527e-10,0.0,2.673088204119267e-07,0.0
5,0,3.1470434328753433e-10,0.0,2.673088204119267e-07,0.0
5,0,3.254912722848991e-10,0.0,2.673088204119267e-07,0.0
5,0,3.1134722225580046e-10,0.0,2.673088204119267e-07,0.0
5,0,2.6369076481730113e-10,0.0,2.4149269961526443e-07,0.0
5,0,1.949144790895601e-10,0.0,3.185308798947517e-07,0.0
5,0,1.2895936078650386e-10,0.0,3.285236971350969e-07,0.0
5,0,8.279652894814611e-11,0.0,2.910836087721691e-07,0.0
5,0,5.37240801717205e-11,0.0,2.9137495971554017e-07,0.0
5,0,3.59519238414487e-11,0.0,2.9137495971554017e-07,0.0
5,0,2.4783006293118556e-11,0.0,2.88141876580994e-07,0.0
5,0,1.7310537789756473e-11,0.0,2.2795900633809651e-07,0.0
5,0,1.210942153502677e-11,0.0,2.2795900633809651e-07,0.0
5,0,8.662656199553467e-12,0.0,2.694767715638591e-07,0.0
5,0,6.675397934388148e-12,0.0,2.694767715638591e-07,0.0
5,0,5.82195328375037e-12,0.0,2.694767715638591e-07,0.0
5,0,5.838480028328266e-12,0.0,2.6920733375845884e-07,0.0
5,0,6.465015379855272e-12,0.0,3.481655710402265e-07,0.0
5,0,7.559525858758327e-12,0.0,3.481655710402265e-07,0.0
5,0,9.037164209939213e-12,0.0,2.9230844234007236e-07,0.0
5,0,1.118051117735523e-11,0.0,2.9230844234007236e-07,0.0
5,0,1.449897115139512e-11,0.0,2.9230844234007236e-07,0.0
5,0,1.9265889428252784e-11,0.0,3.299063848771766e-07,0.0
5,0,2.5757148159049834e-11,0.0,3.299063848771766e-07,0.0
5,0,3.4180222058330635e-11,0.0,3.299063848771766e-07,0.0
5,0,4.425517617381192e-11,0.0,3.299063848771766e-07,0.0
5,0,5.4976304198386254e-11,0.0,3.299063848771766e-07,0.0
5,0,6.651071911868974e-11,0.0,3.730095272658218e-07,0.0
5,0,7.46988584794805e-11,0.0,3.730095272658218e-07,0.0
5,0,7.928577714514349e-11,0.0,5.080171376903309e-07,0.0
5,0,8.121228594415791e-11,0.0,5.080171376903309e-07,0.0
5,0,7.82299405694171e-11,0.0,5.62325283226528e-07,0.0
5,0,7.052437713228022e-11,0.0,5.62325283226528e-07,0.0
5,0,6.186168424331997e-11,0.0,5.62325283226528e-07,0.0
5,0,5.3677572180968665e-11,0.0,4.982396717423399e-07,0.0
5,0,4.4484358938396803e-11,0.0,4.982396717423399e-07,0.0
5,0,3.406852638739489e-11,0.0,4.982396717423399e-07,0.0
5,0,2.3964847266489638e-11,0.0,4.5012077976025466e-07,0.0
5,0,1.538732525015284e-11,0.0,4.5012077976025466e-07,0.0
5,0,9.226416420015903e-12,0.0,4.5012077976025466e-07,0.0
5,0,5.285426643012911e-12,0.0,5.361341095522221e-07,0.0
5,0,3.0135519941715652e-12,0.0,5.361341095522221e-07,0.0
5,0,1.81949628366122e-12,0.0,3.2322625997949217e-07,0.0
5,0,1.1773375004795542e-12,0.0,3.2322625997949217e-07,0.0
5,0,8.090788588102823e-13,0.0,2.858758136881079e-07,0.0
5,0,6.014932418291033e-13,0.0,2.858758136881079e-07,0.0
5,0,4.797601712220585e-13,0.0,2.5338985665257496e-07,0.0
5,0,4.0075966113187215e-13,0.0,2.5338985665257496e-07,0.0
5,0,3.6156666241217475e-13,0.0,2.806029897328699e-07,0.0
5,0,3.6661773454259264e-13,0.0,2.1273784511777194e-07,0.0
5,0,4.2715937817574364e-13,0.0,1.6024640103751153e-07,0.0
5,0,5.450376046545054e-13,0.0,1.6024640103751153e-07,0.0
5,0,7.328802880245295e-13,0.0,1.7737708901677252e-07,0.0
5,0,1.011810817809729e-12,0.0,1.7737708901677252e-07,0.0
5,0,1.43396651588302e-12,0.0,1.7737708901677252e-07,0.0
5,0,2.083316689214761e-12,0.0,1.7737708901677252e-07,0.0
5,0,3.0503783639070742e-12,0.0,2.2009183453519654e-07,0.0
5,0,4.517921727602468e-12,0.0,2.2009183453519654e-07,0.0
5,0,6.586149471456303e-12,0.0,2.2009183453519654e-07,0.0
5,0,9.36299218791974e-12,0.0,2.2009183453519654e-07,0.0
5,0,1.2937028006046197e-11,0.0,2.2009183453519654e-07,0.0
5,0,1.704051549559468e-11,0.0,2.2009183453519654e-07,0.0
5,0,2.1125451982115383e-11,0.0,2.488474137862795e-07,0.0
5,0,2.3802411386981302e-11,0.0,3.3309848390672414e-07,0.0
5,0,2.408464805567625e-11,0.0,3.3309848390672414e-07,0.0
5,0,2.3709180836558873e-11,0.0,3.3309848390672414e-07,0.0
5,0,2.1442266194977678e-11,0.0,3.3309848390672414e-07,0.0
5,0,1.9173029932055693e-11,0.0,3.3309848390672414e-07,0.0
5,0,1.6561817408011507e-11,0.0,3.3309848390672414e-07,0.0
5,0,1.4188619597917516e-11,0.0,3.3309848390672414e-07,0.0
5,0,1.1371005053972747e-11,0.0,3.3309848390672414e-07,0.0
5,0,8.175380597153677e-12,0.0,3.3309848390672414e-07,0.0
5,0,5.249442090939758e-12,0.0,3.3309848390672414e-07,0.0
5,0,3.232591358238775e-12,0.0,3.3309848390672414e-07,0.0
5,0,1.91796831984381e-12,0.0,3.3309848390672414e-07,0.0
5,0,1.1453850481904737e-12,0.0,3.3309848390672414e-07,0.0
5,0,7.018500287117176e-13,0.0,3.3309848390672414e-07,0.0
5,0,4.3541988081004605e-13,0.0,3.3309848390672414e-07,0.0
5,0,2.6629800394974304e-13,0.0,3.3309848390672414e-07,0.0
5,0,1.5533431696212511e-13,0.0,3.3309848390672414e-07,0.0
5,0,8.629952115780517e-14,0.0,3.3309848390672414e-07,0.0
5,0,4.7741629437531626e-14,0.0,3.3309848390672414e-07,0.0
5,0,2.7865826065550444e-14,0.0,3.3309848390672414e-07,0.0
5,0,1.747778191406595e-14,0.0,3.7594296031784324e-07,0.0
5,0,1.1693035220914809e-14,0.0,4.369786097413453e-07,0.0
5,0,8.039322120191274e-15,0.0,5.087259182801063e-07,0.0
5,0,5.384123183196037e-15,0.0,5.087259182801063e-07,0.0
5,0,3.5735328769992605e-15,0.0,5.430833311947936e-07,0.0
5,0,2.4394613224994925e-15,0.0,7.0574105848209e-07,0.0
5,0,1.7573044160535462e-15,0.0,7.0574105848209e-07,0.0
5,0,1.3088148815290355e-15,0.0,7.0574105848209e-07,0.0
5,0,1.0004952387238097e-15,0.0,8.530325317224197e-07,0.0
5,0,7.6915679567242715e-16,0.0,8.530325317224197e-07,0.0
5,0,6.00876796468926e-16,0.0,7.40606196814042e-07,0.0
5,0,4.778005827684619e-16,0.0,8.2913186361111e-07,0.0
5,0,3.748910927631773e-16,0.0,8.2913186361111e-07,0.0
5,0,2.7794956763255653e-16,0.0,8.2913186361111e-07,0.0
5,0,1.8420876378094575e-16,0.0,8.2913186361111e-07,0.0
5,0,1.1284309564034597e-16,0.0,8.2913186361111e-07,0.0
5,0,7.152005571364665e-17,0.0,8.2913186361111e-07,0.0
5,0,5.175648812704116e-17,0.0,8.2913186361111e-07,0.0
5,0,4.36243412076563e-17,0.0,8.2913186361111e-07,0.0
5,0,3.896398767829455e-17,0.0,8.2913186361111e-07,0.0
5,0,3.2903585168480855e-17,0.0,8.2913186361111e-07,0.0
5,0,2.4969491306344373e-17,0.0,8.2913186361111e-07,0.0
5,0,1.786784604547874e-17,0.0,8.2913186361111e-07,0.0
5,0,1.3430947539209011e-17,0.0,8.2913186361111e-07,0.0
5,0,1.1739397825708072e-17,0.0,8.2913186361111e-07,0.0
5,0,1.2587310418457193e-17,0.0,8.2913186361111e-07,0.0
5,0,1.6209339085033363e-17,0.0,8.2913186361111e-07,0.0
5,0,2.2578290690884718e-17,0.0,8.2913186361111e-07,0.0
5,0,2.948037676940961e-17,0.0,8.2913186361111e-07,0.0
5,0,3.3185802171089216e-17,0.0,8.2913186361111e-07,0.0
5,0,3.2741283754673514e-17,0.0,8.2913186361111e-07,0.0
5,0,3.147972774998528e-17,0.0,8.2913186361111e-07,0.0
5,0,3.160280673374345e-17,0.0,8.2913186361111e-07,0.0
5,0,3.265349296413115e-17,0.0,8.2913186361111e-07,0.0
5,0,3.237289665301968e-17,0.0,8.2913186361111e-07,0.0
5,0,2.8788727470227554e-17,0.0,8.2913186361111e-07,0.0
5,0,2.247746465060694e-17,0.0,8.2913186361111e-07,0.0
5,0,1.6961328901135787e-17,0.0,8.2913186361111e-07,0.0
5,0,1.3315420233947123e-17,0.0,8.2913186361111e-07,0.0
5,0,9.286406180845853e-18,0.0,8.2913186361111e-07,0.0
5,0,5.263352250730589e-18,0.0,8.2913186361111e-07,0.0
5,0,3.286763351791325e-18,0.0,8.2913186361111e-07,0.0
5,0,1.9860871463238737e-18,0.0,8.2913186361111e-07,0.0
5,0,9.734962787930006e-19,0.0,8.2913186361111e-07,0.0
5,0,4.614230945788597e-19,0.0,8.2913186361111e-07,0.0
5,0,2.3055683402157687e-19,0.0,8.2913186361111e-07,0.0
5,0,1.0878148827960927e-19,0.0,8.2913186361111e-07,0.0
5,0,4.57003590972664e-20,0.0,8.2913186361111e-07,0.0
5,0,1.8087606580675658e-20,0.0,8.2913186361111e-07,0.0
5,0,7.100781954380666e-21,0.0,8.2913186361111e-07,0.0
5,0,2.8291893576295513e-21,0.0,8.2913186361111e-07,0.0
5,0,1.2743762752537057e-21,0.0,8.2913186361111e-07,0.0
5,0,6.097482800008162e-22,0.0,8.2913186361111e-07,0.0
5,0,2.616656542823089e-22,0.0,8.2913186361111e-07,0.0
5,0,9.543895517239143e-23,0.0,8.2913186361111e-07,0.0
5,0,3.2867702863193364e-23,0.0,8.2913186361111e-07,0.0
5,0,1.1356230293791851e-23,0.0,8.2913186361111e-07,0.0
5,0,4.695905876248476e-24,0.0,8.2913186361111e-07,0.0
5,0,3.105222559534814e-24,0.0,8.2913186361111e-07,0.0
5,0,3.1956799309213813e-24,0.0,6.194184720698104e-07,0.0
5,0,3.539707383637716e-24,0.0,6.194184720698104e-07,0.0
5,0,3.0860862215436826e-24,0.0,6.194184720698104e-07,0.0
5,0,1.991084788898585e-24,0.0,6.194184720698104e-07,0.0
5,0,1.1998495125754884e-24,0.0,6.194184720698104e-07,0.0
5,0,9.205134857017434e-25,0.0,8.2913186361111e-07,0.0
5,0,1.0743517879745789e-24,0.0,8.2913186361111e-07,0.0
5,0,1.5546921651449924e-24,0.0,8.2913186361111e-07,0.0
5,0,2.0996803010445732e-24,0.0,8.2913186361111e-07,0.0
5,0,2.4599980541750874e-24,0.0,8.2913186361111e-07,0.0
5,0,2.477747153665381e-24,0.0,8.2913186361111e-07,0.0
5,0,2.1025575382659247e-24,0.0,8.2913186361111e-07,0.0
5,0,1.74133075833344e-24,0.0,8.2913186361111e-07,0.0
5,0,1.6855268735454494e-24,0.0,8.2913186361111e-07,0.0
5,0,1.8727773563449584e-24,0.0,8.2913186361111e-07,0.0
5,0,2.3107163379950324e-24,0.0,8.2913186361111e-07,0.0
5,0,3.0502746973755866e-24,0.0,7.584649210912175e-07,0.0
5,0,3.751342965113266e-24,0.0,7.584649210912175e-07,0.0
5,0,3.8872511056449504e-24,0.0,7.584649210912175e-07,0.0
5,0,3.372706248022222e-24,0.0,7.584649210912175e-07,0.0
5,0,2.7901450900472725e-24,0.0,7.584649210912175e-07,0.0
5,0,2.5579475018970804e-24,0.0,7.584649210912175e-07,0.0
5,0,2.7887249278112712e-24,0.0,7.584649210912175e-07,0.0
5,0,3.3841489798442135e-24,0.0,7.584649210912175e-07,0.0
5,0,3.955218540949089e-24,0.0,7.584649210912175e-07,0.0
5,0,3.926960890778274e-24,0.0,7.584649210912175e-07,0.0
5,0,3.072518810494658e-24,0.0,7.584649210912175e-07,0.0
5,0,1.8765485658451524e-24,0.0,7.584649210912175e-07,0.0
5,0,9.620165578143831e-25,0.0,7.584649210912175e-07,0.0
5,0,4.826296307147548e-25,0.0,7.584649210912175e-07,0.0
5,0,2.8390257947484783e-25,0.0,7.584649210912175e-07,0.0
5,0,2.1160057907798566e-25,0.0,7.584649210912175e-07,0.0
5,0,1.8223986152793099e-25,0.0,7.584649210912175e-07,0.0
5,0,1.4839154423900186e-25,0.0,7.584649210912175e-07,0.0
5,0,9.204090715583825e-26,0.0,7.584649210912175e-07,0.0
5,0,3.987890513837984e-26,0.0,6.635542035837716e-07,0.0
5,0,1.2910593918298139e-26,0.0,6.635542035837716e-07,0.0
5,0,3.963360095165428e-27,0.0,6.521649424939824e-07,0.0
5,0,1.3263434428696526e-27,0.0,6.521649424939824e-07,0.0
5,0,4.994796628651938e-28,0.0,5.689141744369408e-07,0.0
5,0,2.085865641165054e-28,0.0,5.689141744369408e-07,0.0
5,0,8.238496583773385e-29,0.0,5.689141744369408e-07,0.0
5,0,2.378957210939023e-29,0.0,5.689141744369408e-07,0.0
5,0,5.079628408307511e-30,0.0,5.689141744369408e-07,0.0
5,0,9.497602065191051e-31,0.0,5.689141744369408e-07,0.0
5,0,1.3823435919538235e-31,0.0,5.689141744369408e-07,0.0
5,0,7.454701822074204e-26,0.0,6.502881433334551e-07,0.0
5,0,7.544533466932213e-26,0.0,6.502881433334551e-07,0.0
5,0,8.933155585112672e-26,0.0,6.502881433334551e-07,0.0
5,0,1.1921410622772693e-25,0.0,6.502881433334551e-07,0.0
5,0,1.5965483355920615e-25,0.0,6.502881433334551e-07,0.0
5,0,1.9012475600994703e-25,0.0,6.502881433334551e-07,0.0
5,0,1.8813994237612049e-25,0.0,6.502881433334551e-07,0.0
5,0,1.5253131858267634e-25,0.0,6.502881433334551e-07,0.0
5,0,1.1495222360078845e-25,0.0,6.502881433334551e-07,0.0
5,0,1.0167293047840319e-25,0.0,6.502881433334551e-07,0.0
5,0,1.1186261781005955e-25,0.0,6.502881433334551e-07,0.0
5,0,1.3596328980814503e-25,0.0,6.502881433334551e-07,0.0
5,0,1.552243094303141e-25,0.0,6.502881433334551e-07,0.0
5,0,1.56989803425264e-25,0.0,6.502881433334551e-07,0.0
5,0,1.4194413444952229e-42,0.0,5.689141744369408e-07,0.0
5,0,4.436539330425036e-43,0.0,5.689141744369408e-07,0.0
5,0,1.3017282951480205e-43,0.0,5.689141744369408e-07,0.0
5,0,6.717656369481463e-44,0.0,5.689141744369408e-07,0.0
5,0,1.103250169727588e-43,0.0,5.689141744369408e-07,0.0
5,0,5.990004025965186e-43,0.0,5.689141744369408e-07,0.0
5,0,5.856443809395237e-42,0.0,5.689141744369408e-07,0.0
5,0,1.0813618851515404e-26,0.0,6.502881433334551e-07,0.0
5,0,5.658311181238448e-27,0.0,6.502881433334551e-07,0.0
5,0,1.97277735423893e-27,0.0,6.502881433334551e-07,0.0
5,0,5.604019941407077e-28,0.0,6.502881433334551e-07,0.0
5,0,1.677321932747906e-28,0.0,6.502881433334551e-07,0.0
5,0,5.94633949387284e-29,0.0,6.502881433334551e-07,0.0
5,0,2.426554063725236e-29,0.0,6.502881433334551e-07,0.0
5,0,1.0011568468730619e-29,0.0,6.502881433334551e-07,0.0
5,0,3.672995481804197e-30,0.0,6.502881433334551e-07,0.0
5,0,1.0137363015323178e-30,0.0,6.502881433334551e-07,0.0
5,0,2.195285494859504e-31,0.0,6.502881433334551e-07,0.0
5,0,4.296640577619078e-32,0.0,6.502881433334551e-07,0.0
5,0,7.205010018431489e-33,0.0,6.502881433334551e-07,0.0
5,0,9.611373579306407e-34,0.0,6.502881433334551e-07,0.0
5,0,1.5444939040257531e-38,0.0,5.689141744369408e-07,0.0
5,0,6.655432956843974e-39,0.0,5.689141744369408e-07,0.0
5,0,2.285112929040897e-39,0.0,5.689141744369408e-07,0.0
5,0,6.619770496529337e-40,0.0,5.689141744369408e-07,0.0
5,0,1.9082896843695044e-40,0.0,5.689141744369408e-07,0.0
5,0,5.770015739433257e-41,0.0,5.689141744369408e-07,0.0
5,0,1.7164526237975862e-41,0.0,5.689141744369408e-07,0.0
5,0,4.539151754407226e-42,0.0,5.689141744369408e-07,0.0
5,0,9.711302997443835e-43,0.0,5.689141744369408e-07,0.0
5,0,1.7400473356803545e-43,0.0,5.689141744369408e-07,0.0
5,0,3.297710480477958e-44,0.0,5.689141744369408e-07,0.0
5,0,8.875230502999564e-45,0.0,6.502881433334551e-07,0.0
5,0,3.794574814716796e-45,0.0,6.502881433334551e-07,0.0
5,0,2.0614666615153466e-45,0.0,6.502881433334551e-07,0.0
5,0,9.471983905657839e-46,0.0,6.502881433334551e-07,0.0
5,0,9.065068591205152e-44,0.0,6.502881433334551e-07,0.0
5,0,5.552265159256626e-44,0.0,6.502881433334551e-07,0.0
5,0,7.061788543537615e-44,0.0,6.502881433334551e-07,0.0
5,0,3.083779268948433e-43,0.0,6.502881433334551e-07,0.0
5,0,3.501143780079197e-42,0.0,6.502881433334551e-07,0.0
5,0,4.4714287808470926e-41,0.0,6.502881433334551e-07,0.0
5,0,3.0447200025629664e-40,0.0,6.502881433334551e-07,0.0
5,0,9.701016662422838e-40,0.0,6.502881433334551e-07,0.0
5,0,1.8233829758648214e-39,0.0,6.502881433334551e-07,0.0
5,0,3.0920378088907345e-39,0.0,5.689141744369408e-07,0.0
5,0,6.702837783757552e-39,0.0,5.689141744369408e-07,0.0
5,0,2.075786603988154e-38,0.0,5.689141744369408e-07,0.0
5,0,7.380198855725515e-38,0.0,5.689141744369408e-07,0.0
5,0,2.244184764646792e-37,0.0,5.689141744369408e-07,0.0
5,0,4.6024015539430065e-37,0.0,5.689141744369408e-07,0.0
5,0,6.176003621022748e-37,0.0,5.689141744369408e-07,0.0
5,0,5.466013129531714e-37,0.0,5.689141744369408e-07,0.0
5,0,3.7382675486412765e-37,0.0,5.689141744369408e-07,0.0
5,0,2.220608264574563e-37,0.0,5.689141744369408e-07,0.0
5,0,1.1819279436202086e-37,0.0,5.689141744369408e-07,0.0
5,0,5.23940291105195e-38,0.0,5.689141744369408e-07,0.0
5,0,1.8166408343423677e-38,0.0,5.689141744369408e-07,0.0
5,0,5.053631516765721e-39,0.0,6.502881433334551e-07,0.0
5,0,1.270346164015736e-39,0.0,6.502881433334551e-07,0.0
5,0,3.227100560213662e-40,0.0,6.502881433334551e-07,0.0
5,0,8.37419235407192e-41,0.0,6.502881433334551e-07,0.0
5,0,1.9048401677179964e-41,0.0,6.502881433334551e-07,0.0
5,0,3.282333506534375e-42,0.0,6.502881433334551e-07,0.0
5,0,4.7215417353590336e-43,0.0,6.502881433334551e-07,0.0
5,0,8.533564749637322e-44,0.0,6.502881433334551e-07,0.0
5,0,2.9246412410591864e-44,0.0,6.502881433334551e-07,0.0
5,0,1.9007609349959136e-44,0.0,6.502881433334551e-07,0.0
5,0,1.4868974689103113e-44,0.0,6.502881433334551e-07,0.0
5,0,9.688695959421556e-45,0.0,6.502881433334551e-07,0.0
5,0,5.1774819695202415e-45,0.0,6.502881433334551e-07,0.0
5,0,3.181412454703042e-45,0.0,7.283401828317437e-07,0.0
5,0,3.7700739307495974e-45,0.0,7.283401828317437e-07,0.0
5,0,1.2118313932152776e-44,0.0,7.283401828317437e-07,0.0
5,0,8.943697322729985e-44,0.0,7.283401828317437e-07,0.0
5,0,8.553354962634053e-43,0.0,7.283401828317437e-07,0.0
5,0,5.906543706185744e-42,0.0,7.283401828317437e-07,0.0
5,0,2.217968782505645e-41,0.0,7.283401828317437e-07,0.0
5,0,5.109122587269936e-41,0.0,7.283401828317437e-07,0.0
5,0,1.0536386022794054e-40,0.0,7.283401828317437e-07,0.0
5,0,2.821215497888253e-40,0.0,7.283401828317437e-07,0.0
5,0,1.1061780036416088e-39,0.0,7.283401828317437e-07,0.0
5,0,5.4719028881098377e-39,0.0,5.894112860005407e-07,0.0
5,0,2.426346085450145e-38,0.0,5.894112860005407e-07,0.0
5,0,7.225582486758286e-38,0.0,7.283401828317437e-07,0.0
5,0,1.3105847188857257e-37,0.0,7.283401828317437e-07,0.0
5,0,1.677527716026792e-37,0.0,7.283401828317437e-07,0.0
5,0,1.8904141516933785e-37,0.0,7.283401828317437e-07,0.0
5,0,2.139651618594701e-37,0.0,7.283401828317437e-07,0.0
5,0,2.2088045777439088e-37,0.0,7.283401828317437e-07,0.0
5,0,1.6738436079318901e-37,0.0,7.283401828317437e-07,0.0
5,0,7.930049575675007e-38,0.0,7.283401828317437e-07,0.0
5,0,2.4778036691869366e-38,0.0,7.283401828317437e-07,0.0
5,0,6.276468437566983e-39,0.0,7.283401828317437e-07,0.0
5,0,1.4810135777533936e-39,0.0,5.441202119982336e-07,0.0
5,0,2.8629771593243956e-40,0.0,5.441202119982336e-07,0.0
5,0,3.587186080902917e-41,0.0,7.283401828317437e-07,0.0
5,0,2.8020559962928845e-42,0.0,7.283401828317437e-07,0.0
5,0,1.5447204129040701e-43,0.0,7.283401828317437e-07,0.0
5,0,7.807327074285849e-45,0.0,7.283401828317437e-07,0.0
5,0,3.906405003325322e-46,0.0,7.283401828317437e-07,0.0
5,0,1.6620570889351916e-47,0.0,7.283401828317437e-07,0.0
5,0,5.41354427030562e-49,0.0,7.283401828317437e-07,0.0
5,0,1.674333313146483e-50,0.0,7.283401828317437e-07,0.0
5,0,8.104095530079878e-52,0.0,7.283401828317437e-07,0.0
5,0,9.7178256214857e-53,0.0,7.283401828317437e-07,0.0
5,0,3.1018923960644113e-53,0.0,7.283401828317437e-07,0.0
5,0,1.8223986449503465e-53,0.0,7.283401828317437e-07,0.0
5,0,1.1865102372072117e-53,0.0,7.283401828317437e-07,0.0
5,0,6.422368845892523e-54,0.0,5.441202119982336e-07,0.0
5,0,3.070885117425925e-54,0.0,5.260823172648088e-07,0.0
5,0,1.798236179460799e-54,0.0,4.674256786074693e-07,0.0
5,0,1.9938831300038392e-54,0.0,4.175190611022117e-07,0.0
5,0,5.245920290801853e-54,0.0,4.0658352418176946e-07,0.0
5,0,2.860870015387611e-53,0.0,3.363795144650794e-07,0.0
5,0,2.0481832219212514e-52,0.0,3.363795144650794e-07,0.0
5,0,1.2102267397365805e-51,0.0,2.983393585509475e-07,0.0
5,0,4.6380460843703807e-51,0.0,2.4247555074907723e-07,0.0
5,0,1.18667368505635e-50,0.0,2.4247555074907723e-07,0.0
5,0,2.8023076198514393e-50,0.0,2.5606152576074237e-07,0.0
5,0,8.209541083877784e-50,0.0,2.5606152576074237e-07,0.0
5,0,3.0587357244487932e-49,0.0,2.8819437147831195e-07,0.0
5,0,1.1001086525200135e-48,0.0,2.5603711151234165e-07,0.0
5,0,2.896143823680199e-48,0.0,2.5603711151234165e-07,0.0
5,0,4.618315303681435e-48,0.0,2.5603711151234165e-07,0.0
5,0,4.723479604335442e-48,0.0,2.5603711151234165e-07,0.0
5,0,3.8975692119803034e-48,0.0,2.5603711151234165e-07,0.0
5,0,3.3084814409881077e-48,0.0,2.980757187742711e-07,0.0
5,0,3.2338400729565576e-48,0.0,2.980757187742711e-07,0.0
5,0,3.015493952036639e-48,0.0,2.8819437147831195e-07,0.0
5,0,1.9624567744872444e-48,0.0,2.5606152576074237e-07,0.0
5,0,8.251746396453198e-49,0.0,2.7335494223734713e-07,0.0
5,0,2.4792905782379732e-49,0.0,2.5885142918014026e-07,0.0
5,0,6.221777373088747e-50,0.0,2.983393585509475e-07,0.0
5,0,1.4342549094466867e-50,0.0,2.983393585509475e-07,0.0
5,0,2.8287811627706467e-51,0.0,2.5885142918014026e-07,0.0
5,0,4.458305953158123e-52,0.0,2.983393585509475e-07,0.0
5,0,6.687653394645489e-53,0.0,2.983393585509475e-07,0.0
5,0,1.4807739747718517e-53,0.0,4.16827958815702e-07,0.0
5,0,7.884130743181907e-54,0.0,4.16827958815702e-07,0.0
5,0,1.1661521838046026e-53,0.0,4.16827958815702e-07,0.0
5,0,3.1631304166693233e-53,0.0,4.16827958815702e-07,0.0
5,0,7.991338738012629e-53,0.0,4.401829301059479e-07,0.0
5,0,1.231390493448366e-52,0.0,4.401829301059479e-07,0.0
5,0,1.202922665931099e-52,0.0,3.8123732792882947e-07,0.0
5,0,1.1827995791103815e-52,0.0,3.6936344827154244e-07,0.0
5,0,1.991519485268688e-52,0.0,4.944170086673694e-07,0.0
5,0,7.013269890451485e-52,0.0,4.2468772676329536e-07,0.0
5,0,3.9070912497557853e-51,0.0,3.4367968737569754e-07,0.0
5,0,2.1695959120319684e-50,0.0,3.4367968737569754e-07,0.0
5,0,8.752883140809056e-50,0.0,3.6272470538278867e-07,0.0
5,0,2.3199067860978754e-49,0.0,3.6272470538278867e-07,0.0
5,0,4.68131335855003e-49,0.0,3.6272470538278867e-07,0.0
5,0,9.352481777446801e-49,0.0,3.6272470538278867e-07,0.0
5,0,2.244448469388281e-48,0.0,3.6272470538278867e-07,0.0
5,0,5.720864886088986e-48,0.0,3.6272470538278867e-07,0.0
5,0,1.220226719702476e-47,0.0,3.6272470538278867e-07,0.0
5,0,1.7677946130988263e-47,0.0,2.9622776764881564e-07,0.0
5,0,1.562744881539941e-47,0.0,2.6199711555818794e-07,0.0
5,0,9.662293686177006e-48,0.0,2.327851831296357e-07,0.0
5,0,5.85003184521943e-48,0.0,2.2043423086870462e-07,0.0
5,0,4.734307044878226e-48,0.0,2.2043423086870462e-07,0.0
5,0,4.913075361529862e-48,0.0,2.2043423086870462e-07,0.0
5,0,4.557108312443252e-48,0.0,2.0886022866761778e-07,0.0
5,0,2.793027562137616e-48,0.0,2.0886022866761778e-07,0.0
5,0,1.067214581248621e-48,0.0,1.9306726528611762e-07,0.0
5,0,3.122290457422126e-49,0.0,2.3395296011585742e-07,0.0
5,0,8.939439485869226e-50,0.0,2.3395296011585742e-07,0.0
5,0,2.8174396699008576e-50,0.0,2.4691746602911735e-07,0.0
5,0,9.329329168674976e-51,0.0,2.4691746602911735e-07,0.0
5,0,3.4604526317611044e-51,0.0,2.4691746602911735e-07,0.0
5,0,2.1328955942069437e-51,0.0,2.4691746602911735e-07,0.0
5,0,3.5408458534314984e-51,0.0,2.4691746602911735e-07,0.0
5,0,1.9699350040213157e-50,0.0,2.4691746602911735e-07,0.0
5,0,2.4988474230127364e-49,0.0,2.4691746602911735e-07,0.0
5,0,3.742602953973189e-48,0.0,2.4691746602911735e-07,0.0
5,0,4.0908079120448534e-47,0.0,2.4691746602911735e-07,0.0
5,0,2.7926395407349824e-46,0.0,2.4691746602911735e-07,0.0
5,0,1.4055899605302853e-45,0.0,2.4691746602911735e-07,0.0
5,0,7.24637071962112e-45,0.0,2.4691746602911735e-07,0.0
5,0,5.110792471981531e-44,0.0,2.4691746602911735e-07,0.0
5,0,5.353394299343975e-43,0.0,2.4691746602911735e-07,0.0
5,0,7.088025389083601e-42,0.0,2.4691746602911735e-07,0.0
5,0,8.754717288859774e-41,0.0,2.4691746602911735e-07,0.0
5,0,7.570963283057455e-40,0.0,2.0887536322788947e-07,0.0
5,0,3.9828984970715566e-39,0.0,2.0887536322788947e-07,0.0
5,0,1.357981827613273e-38,0.0,2.0887536322788947e-07,0.0
5,0,3.5453729476799074e-38,0.0,2.0887536322788947e-07,0.0
5,0,8.417126031689779e-38,0.0,2.0887536322788947e-07,0.0
5,0,1.8608391622072538e-37,0.0,2.6402003072689695e-07,0.0
5,0,3.5214382339568353e-37,0.0,2.6402003072689695e-07,0.0
5,0,4.965658935160593e-37,0.0,2.0887536322788947e-07,0.0
5,0,4.702764335378479e-37,0.0,2.0887536322788947e-07,0.0
5,0,3.0882466819057926e-37,0.0,2.0887536322788947e-07,0.0
5,0,1.752102511009353e-37,0.0,2.0887536322788947e-07,0.0
5,0,1.0632911891976e-37,0.0,2.0887536322788947e-07,0.0
5,0,6.825499645213351e-38,0.0,2.0887536322788947e-07,0.0
5,0,3.431072731931303e-38,0.0,2.0887536322788947e-07,0.0
5,0,9.697805616509616e-39,0.0,2.6402003072689695e-07,0.0
5,0,1.4589906453705865e-39,0.0,2.2945329192225472e-07,0.0
5,0,8.088486395331618e-46,0.0,1.3592065783996077e-07,0.0
5,0,7.869992251174158e-47,0.0,1.8544959345945244e-07,0.0
5,0,1.6886180952115e-47,0.0,1.8544959345945244e-07,0.0
5,0,6.68268486958182e-48,0.0,1.8544959345945244e-07,0.0
5,0,4.3471308961246847e-48,0.0,1.8544959345945244e-07,0.0
5,0,6.172010367341338e-48,0.0,1.8544959345945244e-07,0.0
5,0,2.5894154822009707e-47,0.0,2.1589848131498002e-07,0.0
5,0,2.4580100951667866e-46,0.0,2.1589848131498002e-07,0.0
5,0,2.662294697632258e-45,0.0,2.1589848131498002e-07,0.0
5,0,2.0794022577896746e-44,0.0,2.1589848131498002e-07,0.0
5,0,1.2202907664995965e-43,0.0,1.8544959345945244e-07,0.0
5,0,7.301665683259468e-43,0.0,1.8544959345945244e-07,0.0
5,0,5.349208681957906e-42,0.0,1.8544959345945244e-07,0.0
5,0,4.4713425455820323e-41,0.0,1.8544959345945244e-07,0.0
5,0,3.574722185534024e-40,0.0,1.8544959345945244e-07,0.0
5,0,2.41539637166419e-39,0.0,1.8544959345945244e-07,0.0
5,0,1.3007735106123453e-38,0.0,1.8544959345945244e-07,0.0
5,0,5.579112250588949e-38,0.0,1.8544959345945244e-07,0.0
5,0,1.867011939015183e-37,0.0,1.8544959345945244e-07,0.0
5,0,4.726151229329507e-37,0.0,1.8544959345945244e-07,0.0
5,0,9.213621930063661e-37,0.0,1.8544959345945244e-07,0.0
5,0,1.4213601829341034e-36,0.0,1.8544959345945244e-07,0.0
5,0,1.8569822659703516e-36,0.0,2.1589848131498002e-07,0.0
5,0,1.902514630686385e-36,0.0,1.8544959345945244e-07,0.0
5,0,1.3480970573923051e-36,0.0,1.8544959345945244e-07,0.0
5,0,5.9441984918438165e-37,0.0,1.8544959345945244e-07,0.0
5,0,1.6618375149908554e-37,0.0,1.8544959345945244e-07,0.0
5,0,3.4010925506006084e-38,0.0,1.8544959345945244e-07,0.0
5,0,6.500940573170214e-39,0.0,1.8544959345945244e-07,0.0
5,0,1.4080211925171356e-39,0.0,2.1589848131498002e-07,0.0
5,0,3.0977625821974236e-40,0.0,2.3047942931953003e-07,0.0
5,0,4.966631613080312e-41,0.0,2.9950984981041984e-07,0.0
5,0,5.356623935411489e-42,0.0,2.9950984981041984e-07,0.0
5,0,5.679630000743339e-43,0.0,2.6563918709143763e-07,0.0
5,0,2.8058987350568595e-47,0.0,2.1589848131498002e-07,0.0
5,0,6.78155078671169e-48,0.0,1.8544959345945244e-07,0.0
5,0,3.025897159700174e-48,0.0,1.8544959345945244e-07,0.0
5,0,4.061977947717397e-48,0.0,1.8544959345945244e-07,0.0
5,0,2.621535208124812e-47,0.0,1.8544959345945244e-07,0.0
5,0,6.0634805464505816e-46,0.0,1.8544959345945244e-07,0.0
5,0,1.822651915016955e-44,0.0,1.8544959345945244e-07,0.0
5,0,3.263779676884013e-43,0.0,1.8544959345945244e-07,0.0
5,0,3.510995312190589e-42,0.0,1.8544959345945244e-07,0.0
5,0,3.57152669846019e-41,0.0,1.8544959345945244e-07,0.0
5,0,4.564190937202046e-40,0.0,1.8544959345945244e-07,0.0
5,0,6.523575153291337e-39,0.0,1.8544959345945244e-07,0.0
5,0,7.567156422755485e-38,0.0,1.8544959345945244e-07,0.0
5,0,5.8083433922094216e-37,0.0,1.8544959345945244e-07,0.0
5,0,2.8872252171382713e-36,0.0,1.8544959345945244e-07,0.0
5,0,9.909625982472099e-36,0.0,1.8544959345945244e-07,0.0
5,0,2.453417509496593e-35,0.0,1.8544959345945244e-07,0.0
5,0,4.468676914045924e-35,0.0,1.8544959345945244e-07,0.0
5,0,6.133472288491363e-35,0.0,1.3592065783996077e-07,0.0
5,0,6.433614642862887e-35,0.0,1.3592065783996077e-07,0.0
5,0,4.900472823688644e-35,0.0,1.3592065783996077e-07,0.0
5,0,2.4296029718820954e-35,0.0,1.3592065783996077e-07,0.0
5,0,7.107393535586753e-36,0.0,1.3592065783996077e-07,0.0
5,0,1.2717605249127071e-36,0.0,1.2279372185730608e-07,0.0
5,0,1.6769459857547125e-37,0.0,1.2279372185730608e-07,0.0
5,0,2.0482474441685045e-38,0.0,1.4561491923359426e-07,0.0
5,0,2.6520949414007052e-39,0.0,1.7661145079728158e-07,0.0
5,0,3.3697542456419277e-40,0.0,1.7661145079728158e-07,0.0
5,0,3.392552660916247e-41,0.0,1.7661145079728158e-07,0.0
5,0,2.399007987181731e-42,0.0,1.7661145079728158e-07,0.0
5,0,1.3845787005097626e-43,0.0,1.7661145079728158e-07,0.0
5,0,9.179152642536886e-45,0.0,1.9549160867882165e-07,0.0
5,0,8.677096313224483e-46,0.0,1.667155657969488e-07,0.0
5,0,1.2061754464604741e-46,0.0,1.3592065783996077e-07,0.0
5,0,2.885657043772773e-47,0.0,1.3592065783996077e-07,0.0
5,0,1.8911293173696424e-47,0.0,1.3592065783996077e-07,0.0
5,0,5.149980114314651e-47,0.0,1.3592065783996077e-07,0.0
5,0,4.7906390236505284e-46,0.0,1.3592065783996077e-07,0.0
5,0,6.910312096254604e-45,0.0,1.3592065783996077e-07,0.0
5,0,7.780384914959403e-44,0.0,1.3592065783996077e-07,0.0
5,0,6.1585419675672885e-43,0.0,1.3592065783996077e-07,0.0
5,0,4.645388204669717e-42,0.0,1.2279372185730608e-07,0.0
5,0,4.494332517586179e-41,0.0,1.2279372185730608e-07,0.0
5,0,5.549438564229396e-40,0.0,1.2279372185730608e-07,0.0
5,0,6.756442287885981e-39,0.0,1.2279372185730608e-07,0.0
5,0,6.245021139957577e-38,0.0,1.2279372185730608e-07,0.0
5,0,3.983003989458995e-37,0.0,1.2279372185730608e-07,0.0
5,0,1.767304053766942e-36,0.0,1.2279372185730608e-07,0.0
5,0,5.772926329453799e-36,0.0,1.2279372185730608e-07,0.0
5,0,1.4313866960048204e-35,0.0,1.2279372185730608e-07,0.0
5,0,2.7769193157021353e-35,0.0,1.2279372185730608e-07,0.0
5,0,4.3563305632756367e-35,0.0,1.2279372185730608e-07,0.0
5,0,5.44218467637141e-35,0.0,1.2279372185730608e-07,0.0
5,0,4.898054936564108e-35,0.0,1.2279372185730608e-07,0.0
5,0,2.7523644221001426e-35,0.0,1.2279372185730608e-07,0.0
5,0,8.786827697302159e-36,0.0,1.2279372185730608e-07,0.0
5,0,1.6906161105355235e-36,0.0,1.4561491923359426e-07,0.0
5,0,2.434612832779946e-37,0.0,1.4561491923359426e-07,0.0
5,0,3.3861582562931e-38,0.0,1.9549160867882165e-07,0.0
5,0,4.885385387462131e-39,0.0,2.406023611456476e-07,0.0
5,0,5.971478644987461e-40,0.0,2.406023611456476e-07,0.0
5,0,4.864581706557143e-41,0.0,2.406023611456476e-07,0.0
5,0,2.7175968465118945e-42,0.0,2.406023611456476e-07,0.0
5,0,1.3596526952613467e-43,0.0,2.79955060022985e-07,0.0
5,0,7.833678123587044e-45,0.0,2.706620421122352e-07,0.0
5,0,6.188515232661071e-46,0.0,1.8544959345945244e-07,0.0
5,0,8.709855835003271e-47,0.0,1.8544959345945244e-07,0.0
5,0,3.483358153418261e-47,0.0,1.8544959345945244e-07,0.0
5,0,5.265896654266443e-47,0.0,1.8544959345945244e-07,0.0
5,0,2.2345500693112368e-46,0.0,1.8544959345945244e-07,0.0
5,0,1.251240596552876e-45,0.0,1.8544959345945244e-07,0.0
5,0,4.970696367539804e-45,0.0,1.8544959345945244e-07,0.0
5,0,1.425419272212425e-44,0.0,1.8544959345945244e-07,0.0
5,0,4.507262615877394e-44,0.0,1.3592065783996077e-07,0.0
5,0,2.236534047473905e-43,0.0,1.3592065783996077e-07,0.0
5,0,1.672640107871644e-42,0.0,1.3592065783996077e-07,0.0
5,0,1.352547517662351e-41,0.0,1.3592065783996077e-07,0.0
5,0,8.510232373084709e-41,0.0,1.3592065783996077e-07,0.0
5,0,3.5613725254646726e-40,0.0,1.2279372185730608e-07,0.0
5,0,1.0225155608738213e-39,0.0,1.2279372185730608e-07,0.0
5,0,2.2000305023884808e-39,0.0,1.2279372185730608e-07,0.0
5,0,3.804172595012247e-39,0.0,1.2279372185730608e-07,0.0
5,0,5.2521635260021103e-39,0.0,1.0823370644175156e-07,0.0
5,0,5.773816391335997e-39,0.0,1.0823370644175156e-07,0.0
5,0,5.1754382213087444e-39,0.0,1.511290577127511e-07,0.0
5,0,3.348715130820423e-39,0.0,1.511290577127511e-07,0.0
5,0,1.3262313099736673e-39,0.0,1.511290577127511e-07,0.0
5,0,2.7959702592505615e-40,0.0,1.511290577127511e-07,0.0
5,0,3.2118587821788914e-41,0.0,1.6728509422136995e-07,0.0
5,0,2.6319598142600997e-42,0.0,1.6728509422136995e-07,0.0
5,0,2.1117276305429815e-43,0.0,1.6728509422136995e-07,0.0
5,0,1.8802240986659701e-44,0.0,1.6728509422136995e-07,0.0
5,0,1.6042281487618794e-45,0.0,1.6728509422136995e-07,0.0
5,0,1.133552825662742e-46,0.0,1.6728509422136995e-07,0.0
5,0,6.90391678014952e-48,0.0,2.2824309553470812e-07,0.0
5,0,4.626475431648714e-49,0.0,2.2824309553470812e-07,0.0
5,0,4.511399151884643e-50,0.0,2.2824309553470812e-07,0.0
5,0,9.13973214192014e-51,0.0,1.8544959345945244e-07,0.0
5,0,6.552068802335671e-51,0.0,1.8544959345945244e-07,0.0
5,0,2.6664674506559426e-50,0.0,1.8544959345945244e-07,0.0
5,0,4.815540914412598e-49,0.0,1.8544959345945244e-07,0.0
5,0,1.3989557579058133e-47,0.0,1.8544959345945244e-07,0.0
5,0,2.596339656838862e-46,0.0,1.8544959345945244e-07,0.0
5,0,2.5119634132317194e-45,0.0,1.8544959345945244e-07,0.0
5,0,2.0136067638477182e-44,0.0,1.8544959345945244e-07,0.0
5,0,2.3138206720149427e-43,0.0,1.8544959345945244e-07,0.0
5,0,4.11116087416445e-42,0.0,1.8544959345945244e-07,0.0
5,0,7.538426148569728e-41,0.0,1.8544959345945244e-07,0.0
5,0,9.26732114137432e-40,0.0,1.8544959345945244e-07,0.0
5,0,6.402578936232419e-39,0.0,1.8544959345945244e-07,0.0
5,0,2.511894276070735e-38,0.0,1.8544959345945244e-07,0.0
5,0,6.235657343881033e-38,0.0,1.8544959345945244e-07,0.0
5,0,1.1159280108557058e-37,0.0,1.8544959345945244e-07,0.0
5,0,1.5206669902527381e-37,0.0,1.3592065783996077e-07,0.0
5,0,1.5228859090159003e-37,0.0,1.3592065783996077e-07,0.0
5,0,1.1447374181363332e-37,0.0,1.3592065783996077e-07,0.0
5,0,6.386931174020528e-38,0.0,1.3592065783996077e-07,0.0
5,0,2.449504643642545e-38,0.0,1.2279372185730608e-07,0.0
5,0,5.7445060722796545e-39,0.0,1.2279372185730608e-07,0.0
5,0,8.271952322975122e-40,0.0,1.2279372185730608e-07,0.0
5,0,8.306503940915666e-41,0.0,1.0980046027952994e-07,0.0
5,0,6.612694319171457e-42,0.0,1.0470740363643927e-07,0.0
5,0,4.8829514883511214e-43,0.0,1.0470740363643927e-07,0.0
5,0,3.840591330827371e-44,0.0,1.0470740363643927e-07,0.0
5,0,3.0965877073069115e-45,0.0,1.0470740363643927e-07,0.0
5,0,2.246775512110387e-46,0.0,1.0470740363643927e-07,0.0
5,0,1.483231599737038e-47,0.0,1.0470740363643927e-07,0.0
5,0,1.2782557698848699e-48,0.0,1.0980046027952994e-07,0.0
5,0,2.3244764112568307e-49,0.0,1.3320898517577007e-07,0.0
5,0,1.3793055318368781e-49,0.0,1.3320898517577007e-07,0.0
5,0,3.899467799650734e-49,0.0,1.3513727026293054e-07,0.0
5,0,5.653196651106814e-48,0.0,1.3513727026293054e-07,0.0
5,0,2.453562829232855e-46,0.0,1.3513727026293054e-07,0.0
5,0,1.3289409026229325e-44,0.0,1.3320898517577007e-07,0.0
5,0,4.8523621075238826e-43,0.0,1.511290577127511e-07,0.0
5,0,1.18399452258123e-41,0.0,1.511290577127511e-07,0.0
5,0,2.703563087608137e-40,0.0,1.511290577127511e-07,0.0
5,0,7.064402617312698e-39,0.0,1.2279372185730608e-07,0.0
5,0,1.8074058022871615e-37,0.0,1.2279372185730608e-07,0.0
5,0,3.2363666466099746e-36,0.0,1.0823370644175156e-07,0.0
5,0,3.292844872139647e-35,0.0,1.0980046027952994e-07,0.0
5,0,1.9915712091754996e-34,0.0,1.0470740363643927e-07,0.0
5,0,8.117318420063606e-34,0.0,1.0470740363643927e-07,0.0
5,0,2.332016532198253e-33,0.0,1.0470740363643927e-07,0.0
5,0,4.717684156917944e-33,0.0,1.0470740363643927e-07,0.0
5,0,6.630026152254627e-33,0.0,1.0470740363643927e-07,0.0
5,0,6.627119203858611e-33,0.0,1.0470740363643927e-07,0.0
5,0,4.8449201480358026e-33,0.0,1.0470740363643927e-07,0.0
5,0,2.6753916703863108e-33,0.0,1.0470740363643927e-07,0.0
5,0,1.1073698713044937e-33,0.0,1.0470740363643927e-07,0.0
5,0,3.022447089888158e-34,0.0,1.0470740363643927e-07,0.0
5,0,5.092655155294922e-35,0.0,1.0470740363643927e-07,0.0
5,0,5.455540687770731e-36,0.0,1.0470740363643927e-07,0.0
5,0,4.323801657561562e-37,0.0,1.0470740363643927e-07,0.0
5,0,2.9207898374000983e-38,0.0,1.0470740363643927e-07,0.0
5,0,1.919404777767467e-39,0.0,1.0470740363643927e-07,0.0
5,0,1.1888795379901166e-40,0.0,1.0470740363643927e-07,0.0
5,0,6.042662370083419e-42,0.0,1.0470740363643927e-07,0.0
5,0,2.4976165560918744e-43,0.0,1.0470740363643927e-07,0.0
5,0,1.1082532155686429e-44,0.0,1.0470740363643927e-07,0.0
5,0,8.176429834181166e-46,0.0,1.0470740363643927e-07,0.0
5,0,1.4466480726126505e-46,0.0,1.0481230816594689e-07,0.0
5,0,6.613224842759931e-47,0.0,1.0481230816594689e-07,0.0
5,0,7.279733714676974e-47,0.0,1.0470740363643927e-07,0.0
5,0,1.5768244696195543e-46,0.0,1.0470740363643927e-07,0.0
5,0,4.9928515284937286e-46,0.0,1.0470740363643927e-07,0.0
5,0,1.8507313427561844e-45,0.0,1.0470740363643927e-07,0.0
5,0,8.364479352046214e-45,0.0,1.0470740363643927e-07,0.0
5,0,5.374992363318578e-44,0.0,1.0470740363643927e-07,0.0
5,0,5.265079503780339e-43,0.0,1.0470740363643927e-07,0.0
5,0,7.562531684444197e-42,0.0,1.0470740363643927e-07,0.0
5,0,1.3311673818825297e-40,0.0,1.0470740363643927e-07,0.0
5,0,2.2388663791777995e-39,0.0,9.061187000725113e-08,0.0
5,0,3.006388749762547e-38,0.0,1.0133444305893136e-07,0.0
5,0,2.962135479616812e-37,0.0,1.0133444305893136e-07,0.0
5,0,2.1704071719347463e-36,0.0,1.0133444305893136e-07,0.0
5,0,1.2140126984687757e-35,0.0,1.2279372185730608e-07,0.0
5,0,5.159951972109083e-35,0.0,1.2279372185730608e-07,0.0
5,0,1.767526548730652e-34,0.0,1.2279372185730608e-07,0.0
5,0,5.4916698137972915e-34,0.0,1.2279372185730608e-07,0.0
5,0,1.4080903555396535e-33,0.0,1.2279372185730608e-07,0.0
5,0,2.6254348778611265e-33,0.0,1.2279372185730608e-07,0.0
5,0,3.7946601218962076e-33,0.0,1.2279372185730608e-07,0.0
5,0,4.5784579412672966e-33,0.0,1.2279372185730608e-07,0.0
5,0,3.979527583165535e-33,0.0,1.2279372185730608e-07,0.0
5,0,2.426131241186071e-33,0.0,1.2279372185730608e-07,0.0
5,0,1.1836044476494484e-33,0.0,1.2279372185730608e-07,0.0
5,0,5.251258224683205e-34,0.0,1.2279372185730608e-07,0.0
5,0,2.3279812170057275e-34,0.0,1.2279372185730608e-07,0.0
5,0,1.1643256242898573e-34,0.0,1.2279372185730608e-07,0.0
5,0,6.916743812731667e-35,0.0,1.3592065783996077e-07,0.0
5,0,4.623058938502452e-35,0.0,1.3592065783996077e-07,0.0
5,0,3.1734564573730333e-35,0.0,1.3592065783996077e-07,0.0
5,0,2.208034983308886e-35,0.0,1.3592065783996077e-07,0.0
5,0,1.668558494827985e-35,0.0,1.0360919588947581e-07,0.0
5,0,1.6798786809704907e-35,0.0,1.4136369941297744e-07,0.0
5,0,2.8982120954519695e-35,0.0,1.4136369941297744e-07,0.0
5,0,9.726020256879594e-35,0.0,1.4136369941297744e-07,0.0
5,0,5.438452434345306e-34,0.0,1.4136369941297744e-07,0.0
5,0,3.7532976621858405e-33,0.0,1.4136369941297744e-07,0.0
5,0,2.414776035316876e-32,0.0,1.4136369941297744e-07,0.0
5,0,1.344360344007284e-31,0.0,1.4136369941297744e-07,0.0
5,0,6.995869779503462e-31,0.0,1.4136369941297744e-07,0.0
5,0,3.880171334579132e-30,0.0,1.3166420842480875e-07,0.0
5,0,2.4966677993578168e-29,0.0,1.530403608285269e-07,0.0
5,0,1.713892917086368e-28,0.0,1.530403608285269e-07,0.0
5,0,1.0871088698925512e-27,0.0,1.1216721418350062e-07,0.0
5,0,5.79725633794471e-27,0.0,1.3592065783996077e-07,0.0
5,0,2.458804958162267e-26,0.0,1.6795807766811777e-07,0.0
5,0,8.330661447442193e-26,0.0,1.6795807766811777e-07,0.0
5,0,2.405825212320242e-25,0.0,1.6795807766811777e-07,0.0
5,0,6.212904069436472e-25,0.0,1.6795807766811777e-07,0.0
5,0,1.4342073932498856e-24,0.0,1.6795807766811777e-07,0.0
5,0,2.8464710714752974e-24,0.0,1.6795807766811777e-07,0.0
5,0,4.827347677333359e-24,0.0,1.6795807766811777e-07,0.0
5,0,7.104008691944143e-24,0.0,1.6795807766811777e-07,0.0
5,0,8.488399194298667e-24,0.0,1.6795807766811777e-07,0.0
5,0,8.084857821597999e-24,0.0,1.6795807766811777e-07,0.0
5,0,5.9673011493270536e-24,0.0,1.3592065783996077e-07,0.0
5,0,3.5361403150238246e-24,0.0,1.3592065783996077e-07,0.0
5,0,1.6402652844125004e-24,0.0,1.3592065783996077e-07,0.0
5,0,5.957781843740126e-25,0.0,1.3592065783996077e-07,0.0
5,0,1.712628263908868e-25,0.0,1.3592065783996077e-07,0.0
5,0,4.0831961879803e-26,0.0,1.3592065783996077e-07,0.0
5,0,8.824603144877751e-27,0.0,1.3592065783996077e-07,0.0
5,0,1.9735093454557315e-27,0.0,1.3592065783996077e-07,0.0
5,0,5.005007153567913e-28,0.0,1.3592065783996077e-07,0.0
5,0,1.5278179351593953e-28,0.0,1.3592065783996077e-07,0.0
5,0,5.391377003380378e-29,0.0,1.3592065783996077e-07,0.0
5,0,2.283840908585355e-29,0.0,1.3592065783996077e-07,0.0
5,0,1.4842727388345906e-29,0.0,1.3592065783996077e-07,0.0
5,0,1.7446750341413542e-29,0.0,1.3592065783996077e-07,0.0
5,0,4.065697849693152e-29,0.0,1.3592065783996077e-07,0.0
5,0,1.502268116741779e-28,0.0,1.8544959345945244e-07,0.0
5,0,6.8547452828495285e-28,0.0,1.8544959345945244e-07,0.0
5,0,3.259282763593154e-27,0.02,1.8544959345945244e-07,0.0
5,0,1.559064111048657e-26,0.0,1.8544959345945244e-07,0.0
5,0,7.89556083336591e-26,0.0,1.8544959345945244e-07,0.0
5,0,4.438608451810245e-25,0.0,1.8544959345945244e-07,0.0
5,0,2.6965981386912305e-24,0.0,1.530403608285269e-07,0.0
5,0,1.609045665245956e-23,0.0,1.6555910065108037e-07,0.0
5,0,8.375813719104567e-23,0.0,2.0458251981381181e-07,0.0
5,0,3.621946471249303e-22,0.0,2.0458251981381181e-07,0.0
5,0,1.266218933668731e-21,0.0,2.0458251981381181e-07,0.0
5,0,3.6578343835578476e-21,0.0,2.0458251981381181e-07,0.0
5,0,8.97747499043598e-21,0.0,2.0458251981381181e-07,0.0
5,0,1.881705771549986e-20,0.0,2.0458251981381181e-07,0.0
5,0,3.3146775774285026e-20,0.0,2.0458251981381181e-07,0.0
5,0,4.821979380697074e-20,0.0,2.0458251981381181e-07,0.0
5,0,5.803930807549204e-20,0.0,2.0458251981381181e-07,0.0
5,0,5.743979996548567e-20,0.0,2.0458251981381181e-07,0.0
5,0,4.6395937147689686e-20,0.0,2.0458251981381181e-07,0.0
5,0,3.024340806305155e-20,0.0,2.0458251981381181e-07,0.0
5,0,1.5876866834055694e-20,0.0,2.0458251981381181e-07,0.0
5,0,6.775708241022354e-21,0.0,2.0458251981381181e-07,0.0
5,0,2.3475128122922493e-21,0.0,2.0458251981381181e-07,0.0
5,0,6.5756211193631e-22,0.0,2.0458251981381181e-07,0.0
5,0,1.4807765764548106e-22,0.0,2.0458251981381181e-07,0.0
5,0,2.751565131671898e-23,0.0,2.0458251981381181e-07,0.0
5,0,4.5826399465166015e-24,0.0,1.4994365926668252e-07,0.0
5,0,7.381644966543279e-25,0.0,1.3860568515156046e-07,0.0
5,0,1.262831389098352e-25,0.0,1.6795807766811777e-07,0.0
5,0,2.425116386412922e-26,0.0,1.6795807766811777e-07,0.0
5,0,5.450881690153028e-27,0.0,1.6795807766811777e-07,0.0
5,0,1.6394499472119173e-27,0.0,1.517370549208863e-07,0.0
5,0,7.912918414058883e-28,0.0,1.517370549208863e-07,0.0
5,0,7.1443466584484e-28,0.0,1.517370549208863e-07,0.0
5,0,1.1814314502451886e-27,0.0,1.517370549208863e-07,0.0
5,0,2.9561000238242848e-27,0.0,1.517370549208863e-07,0.0
5,0,8.886170039640926e-27,0.0,1.517370549208863e-07,0.0
5,0,2.8986348229537315e-26,0.0,1.6795807766811777e-07,0.0
5,0,1.0405647831043704e-25,0.0,1.6795807766811777e-07,0.0
5,0,4.300392221010531e-25,0.0,1.6795807766811777e-07,0.0
5,0,2.001454236348863e-24,0.0,1.6795807766811777e-07,0.0
5,0,9.899920194167913e-24,0.0,1.3860568515156046e-07,0.0
5,0,4.683195662075861e-23,0.0,1.4994365926668252e-07,0.0
5,0,1.9095515339237002e-22,0.0,1.4994365926668252e-07,0.0
5,0,6.493114317001247e-22,0.0,1.4994365926668252e-07,0.0
5,0,1.771039492225071e-21,0.0,1.4994365926668252e-07,0.0
5,0,4.277230320503889e-21,0.0,1.4994365926668252e-07,0.0
5,0,9.339888565960521e-21,0.0,1.4994365926668252e-07,0.0
5,0,1.726782470100569e-20,0.0,1.4994365926668252e-07,0.0
5,0,2.7722695613981004e-20,0.0,1.4994365926668252e-07,0.0
5,0,3.772993966651424e-20,0.0,1.3860568515156046e-07,0.0
5,0,4.4602845476064647e-20,0.0,1.6795807766811777e-07,0.0
5,0,3.0141663214992996e-20,0.0,1.6795807766811777e-07,0.0
5,0,1.7788941621489115e-20,0.0,1.6795807766811777e-07,0.0
5,0,8.514148454135614e-21,0.0,1.3592065783996077e-07,0.0
5,0,3.340942647860758e-21,0.0,1.3592065783996077e-07,0.0
5,0,1.066576383931974e-21,0.0,1.3592065783996077e-07,0.0
5,0,3.3878757792131905e-22,0.0,1.3592065783996077e-07,0.0
5,0,7.45676557742088e-23,0.0,1.3592065783996077e-07,0.0
5,0,1.1180009554786661e-23,0.0,1.2279372185730608e-07,0.0
5,0,1.2439148474238565e-24,0.0,1.0470740363643927e-07,0.0
5,0,1.2010999242403105e-25,0.0,1.0481230816594689e-07,0.0
5,0,1.2632097818572704e-26,0.0,9.425936298157467e-08,0.0
5,0,1.5934246585732155e-27,0.0,9.425936298157467e-08,0.0
5,0,2.4638053783384e-28,0.0,2.018083904431478e-07,0.0
5,0,5.453043990752816e-29,0.0,1.9684831897848198e-07,0.0
5,0,2.34709087711031e-29,0.0,1.9684831897848198e-07,0.0
5,0,2.347425734626607e-29,0.0,1.6914920308863657e-07,0.0
5,0,4.324134793442927e-29,0.0,1.161970288876546e-07,0.0
5,0,9.996823226088623e-29,0.0,1.6257025947652437e-07,0.0
5,0,2.5567857074626955e-28,0.0,1.4673501880224649e-07,0.0
5,0,8.34609541981698e-28,0.0,2.5353173782605154e-07,0.0
5,0,3.870839516750359e-27,0.0,2.9757583774880914e-07,0.0
5,0,2.2193420518427476e-26,0.0,2.9757583774880914e-07,0.0
5,0,1.1934830454365295e-25,0.0,2.9757583774880914e-07,0.0
5,0,4.855418651911159e-25,0.0,2.9757583774880914e-07,0.0
5,0,1.4205201150572441e-24,0.0,2.8214677172400116e-07,0.0
5,0,3.1422725032795507e-24,0.0,3.180543330927321e-07,0.0
5,0,5.622608953716035e-24,0.0,3.180543330927321e-07,0.0
5,0,7.966028663426005e-24,0.0,2.70782607003639e-07,0.0
5,0,8.647155612298368e-24,0.0,2.70782607003639e-07,0.0
5,0,7.202331868828648e-24,0.0,2.70782607003639e-07,0.0
5,0,4.617846545811963e-24,0.0,2.70782607003639e-07,0.0
5,0,2.2624924336408045e-24,0.0,2.70782607003639e-07,0.0
5,0,8.451096700747472e-25,0.0,2.4021193212320213e-07,0.0
5,0,2.4474634927308015e-25,0.0,2.4021193212320213e-07,0.0
5,0,5.771832128993952e-26,0.0,3.605622396207764e-07,0.0
5,0,1.1535901828606412e-26,0.0,4.826360395782103e-07,0.0
5,0,1.387713116443592e-27,0.0,4.826360395782103e-07,0.0
5,0,1.7999646129703745e-28,0.0,4.826360395782103e-07,0.0
5,0,2.414726034848887e-29,0.0,5.447146804726799e-07,0.0
5,0,3.8081922610781206e-30,0.0,5.447146804726799e-07,0.0
5,0,6.909377375583279e-31,0.0,6.331509894152987e-07,0.0
5,0,1.5476098190965866e-31,0.0,6.331509894152987e-07,0.0
5,0,4.101283261572021e-32,0.0,6.331509894152987e-07,0.0
5,0,1.1350005731690357e-32,0.0,6.331509894152987e-07,0.0
5,0,3.7413761865903005e-33,0.0,6.331509894152987e-07,0.0
5,0,2.085419736953001e-33,0.0,7.040369496280618e-07,0.0
5,0,2.4616896227095918e-33,0.0,7.040369496280618e-07,0.0
5,0,5.881949304995686e-33,0.0,7.040369496280618e-07,0.0
5,0,2.3178079223530653e-32,0.0,5.681567358806205e-07,0.0
5,0,1.1463885062417418e-31,0.0,5.681567358806205e-07,0.0
5,0,6.176630300349335e-31,0.0,5.681567358806205e-07,0.0
5,0,3.7050636329905676e-30,0.0,5.681567358806205e-07,0.0
5,0,2.7187788581382904e-29,0.0,5.035932986174885e-07,0.0
5,0,2.4577184446918996e-28,0.0,5.035932986174885e-07,0.0
5,0,2.5135568304502744e-27,0.0,5.035932986174885e-07,0.0
5,0,2.612019971466946e-26,0.0,5.035932986174885e-07,0.0
5,0,2.5581731133565897e-25,0.0,5.035932986174885e-07,0.0
5,0,2.2342397482401532e-24,0.0,5.035932986174885e-07,0.0
5,0,1.6891408412686517e-23,0.0,5.035932986174885e-07,0.0
5,0,1.0553432237599146e-22,0.0,5.035932986174885e-07,0.0
5,0,5.373956280700758e-22,0.0,5.035932986174885e-07,0.0
5,0,1.4431438641030612e-21,0.0,5.035932986174885e-07,0.0
5,0,3.539814191027416e-21,0.0,5.035932986174885e-07,0.0
5,0,7.929525750449768e-21,0.0,5.035932986174885e-07,0.0
5,0,1.5855361691292443e-20,0.0,5.035932986174885e-07,0.0
5,0,2.1417663333717747e-20,0.0,5.035932986174885e-07,0.0
5,0,2.4552642268678373e-20,0.0,4.405760307690798e-07,0.0
5,0,3.016548731888043e-20,0.0,4.405760307690798e-07,0.0
5,0,3.480840421966235e-20,0.0,4.405760307690798e-07,0.0
5,0,2.8708713629119106e-20,0.0,4.405760307690798e-07,0.0
5,0,2.2081729544155473e-20,0.0,3.1196506711239635e-07,0.0
5,0,1.9904269024377254e-20,0.0,3.1196506711239635e-07,0.0
5,0,1.655769366825764e-20,0.0,2.924305704254948e-07,0.0
5,0,1.2591993309673583e-20,0.0,3.671376305192098e-07,0.0
5,0,8.65331757356916e-21,0.0,3.605973120102135e-07,0.0
5,0,5.2710348092735815e-21,0.0,3.51734200876308e-07,0.0
5,0,3.155660928744991e-21,0.0,3.51734200876308e-07,0.0
5,0,2.1331000391564116e-21,0.0,3.51734200876308e-07,0.0
5,0,1.701984934081229e-21,0.0,2.927922366779967e-07,0.0
5,0,1.83952596393981e-21,0.0,2.927922366779967e-07,0.0
5,0,2.7102598645792737e-21,0.0,2.927922366779967e-07,0.0
5,0,4.596161396236839e-21,0.0,2.927922366779967e-07,0.0
5,0,8.041524293691365e-21,0.0,2.9249949307086354e-07,0.0
5,0,1.3434782750000838e-20,0.0,2.9249949307086354e-07,0.0
5,0,2.001038751389205e-20,0.0,2.9249949307086354e-07,0.0
5,0,2.88540214118634e-20,0.0,2.9249949307086354e-07,0.0
5,0,1.0846910597824284e-18,0.0,3.2999952281898004e-07,0.0
5,0,2.1873402409266774e-18,0.0,3.2999952281898004e-07,0.0
5,0,5.567552178181898e-18,0.0,2.9249949307086354e-07,0.0
5,0,1.7071189401272795e-17,0.0,2.9249949307086354e-07,0.0
5,0,5.4656706897073553e-17,0.0,2.9249949307086354e-07,0.0
5,0,1.622933047601213e-16,0.0,2.9249949307086354e-07,0.0
5,0,4.195684018471709e-16,0.0,2.9249949307086354e-07,0.0
5,0,9.238565177736734e-16,0.0,2.9249949307086354e-07,0.0
5,0,1.7537600217408718e-15,0.0,2.9249949307086354e-07,0.0
5,0,3.1066139870716784e-15,0.0,2.9249949307086354e-07,0.0
5,0,5.483020332307912e-15,0.0,2.9249949307086354e-07,0.0
5,0,9.85911552118358e-15,0.0,2.724227385897393e-07,0.0
5,0,1.794775159034731e-14,0.0,2.724227385897393e-07,0.0
5,0,3.132602553247938e-14,0.0,2.724227385897393e-07,0.0
5,0,4.9738762501294385e-14,0.0,2.9249949307086354e-07,0.0
5,0,6.95944149009313e-14,0.0,2.9249949307086354e-07,0.0
5,0,8.603876103815779e-14,0.0,2.9249949307086354e-07,0.0
5,0,9.446359952937098e-14,0.0,2.9249949307086354e-07,0.0
5,0,9.59547505829177e-14,0.0,2.9249949307086354e-07,0.0
5,0,9.525481728796058e-14,0.0,2.9249949307086354e-07,0.0
5,0,9.379351372361431e-14,0.0,2.9249949307086354e-07,0.0
5,0,9.221453985824907e-14,0.0,2.9249949307086354e-07,0.0
5,0,9.135197011682508e-14,0.0,2.9249949307086354e-07,0.0
5,0,8.642105748182e-14,0.0,2.9249949307086354e-07,0.0
5,0,8.058623550602556e-14,0.0,2.9249949307086354e-07,0.0
5,0,7.627706160054746e-14,0.0,2.9249949307086354e-07,0.0
5,0,7.150981894867007e-14,0.0,2.927922366779967e-07,0.0
5,0,6.575966603416495e-14,0.0,2.927922366779967e-07,0.0
5,0,5.924803012891244e-14,0.0,2.927922366779967e-07,0.0
5,0,5.296435657378711e-14,0.0,2.927922366779967e-07,0.0
5,0,4.7757483148976926e-14,0.0,2.927922366779967e-07,0.0
5,0,4.409123819248841e-14,0.0,2.927922366779967e-07,0.0
5,0,3.97419272515757e-14,0.0,2.927922366779967e-07,0.0
5,0,3.4045369317461627e-14,0.0,2.927922366779967e-07,0.0
5,0,2.879816991114624e-14,0.0,2.927922366779967e-07,0.0
5,0,2.4052956621121902e-14,0.0,2.927922366779967e-07,0.0
5,0,2.057071855225032e-14,0.0,3.0771983006161463e-07,0.0
5,0,1.8471932170801874e-14,0.0,3.0771983006161463e-07,0.0
5,0,1.7228089580508692e-14,0.0,3.0771983006161463e-07,0.0
5,0,1.6927025449343012e-14,0.0,3.51734200876308e-07,0.0
5,0,1.7069398624056052e-14,0.0,3.605973120102135e-07,0.0
5,0,1.6244213804731995e-14,0.0,3.605973120102135e-07,0.0
5,0,1.5054786000399636e-14,0.0,3.605973120102135e-07,0.0
5,0,1.3754192136709551e-14,0.0,3.0700257980242895e-07,0.0
5,0,1.2488362908234197e-14,0.0,2.5810430770434323e-07,0.0
5,0,1.4048951556238265e-14,0.0,1.7586201295216597e-07,0.0
5,0,1.9546768130064957e-14,0.0,1.6872017738478462e-07,0.0
5,0,2.921776279904162e-14,0.0,1.6872017738478462e-07,0.0
5,0,4.1849571621202676e-14,0.0,1.6872017738478462e-07,0.0
5,0,5.868765400596515e-14,0.0,1.6872017738478462e-07,0.0
5,0,8.921753771350191e-14,0.0,1.6872017738478462e-07,0.0
5,0,1.1708734928740225e-13,0.0,1.4760732369722973e-07,0.0
5,0,1.5371015225185083e-13,0.0,1.4760732369722973e-07,0.0
5,0,2.345074067964242e-13,0.0,1.4760732369722973e-07,0.0
5,0,4.1453179034510223e-13,0.0,1.4760732369722973e-07,0.0
5,0,7.598241557333638e-13,0.0,1.4760732369722973e-07,0.0
5,0,1.3271074164466089e-12,0.0,1.4760732369722973e-07,0.0
5,0,2.1167297656931517e-12,0.0,1.4760732369722973e-07,0.0
5,0,3.1250702413731826e-12,0.0,1.4760732369722973e-07,0.0
5,0,4.4224566384271865e-12,0.0,1.5373694850495667e-07,0.0
5,0,6.24017571847347e-12,0.0,1.5373694850495667e-07,0.0
5,0,8.915417133310952e-12,0.0,1.5373694850495667e-07,0.0
5,0,1.3053733776789166e-11,0.0,1.5373694850495667e-07,0.0
5,0,1.925025738785813e-11,0.0,1.5373694850495667e-07,0.0
5,0,2.7977593391537464e-11,0.0,1.5373694850495667e-07,0.0
5,0,3.991667286293027e-11,0.0,1.5373694850495667e-07,0.0
5,0,5.600071836866005e-11,0.0,1.5373694850495667e-07,0.0
5,0,7.739431323547638e-11,0.0,1.5373694850495667e-07,0.0
5,0,1.0775692514762162e-10,0.0,1.5373694850495667e-07,0.0
5,0,1.5111704657838025e-10,0.0,1.5373694850495667e-07,0.0
5,0,2.0896725683810991e-10,0.0,1.5373694850495667e-07,0.0
5,0,2.8615472739084365e-10,0.0,1.5373694850495667e-07,0.0
5,0,3.837160345307546e-10,0.0,1.5373694850495667e-07,0.0
5,0,4.975140035168561e-10,0.0,1.5373694850495667e-07,0.0
5,0,6.058426459995483e-10,0.0,1.5373694850495667e-07,0.0
5,0,6.914475350246083e-10,0.0,1.5373694850495667e-07,0.0
5,0,7.594978872282271e-10,0.0,1.5373694850495667e-07,0.0
5,0,8.0450275958174e-10,0.0,1.5373694850495667e-07,0.0
5,0,8.25700486467359e-10,0.0,1.5373694850495667e-07,0.0
5,0,8.309649749904316e-10,0.0,1.5373694850495667e-07,0.0
5,0,7.942781857081716e-10,0.0,1.5373694850495667e-07,0.0
5,0,7.252127145091579e-10,0.0,1.5373694850495667e-07,0.0
5,0,6.341597505335812e-10,0.0,1.5373694850495667e-07,0.0
5,0,5.274671231242655e-10,0.0,2.040961248894746e-07,0.0
5,0,4.051420456147742e-10,0.0,1.8983998018029524e-07,0.0
5,0,3.1642468259129484e-10,0.0,1.8983998018029524e-07,0.0
5,0,2.436260248760125e-10,0.0,1.8983998018029524e-07,0.0
5,0,1.8579835601464464e-10,0.0,1.8983998018029524e-07,0.0
5,0,1.395882243238927e-10,0.0,1.8983998018029524e-07,0.0
5,0,9.882024232526273e-11,0.0,2.1030650998454803e-07,0.0
5,0,7.086360828105771e-11,0.0,2.1030650998454803e-07,0.0
5,0,5.109778703203891e-11,0.0,2.1030650998454803e-07,0.0
5,0,3.8353262275145796e-11,0.0,2.1030650998454803e-07,0.0
5,0,3.110859933439143e-11,0.0,2.1030650998454803e-07,0.0
5,0,2.7327182800405503e-11,0.0,2.1030650998454803e-07,0.0
5,0,2.5955731938820987e-11,0.0,2.1030650998454803e-07,0.0
5,0,2.6456749872925845e-11,0.0,2.1030650998454803e-07,0.0
5,0,2.8437062975886604e-11,0.0,2.1030650998454803e-07,0.0
5,0,3.2347499119054885e-11,0.0,2.1030650998454803e-07,0.0
5,0,3.869204465628343e-11,0.0,2.1030650998454803e-07,0.0
5,0,4.845629164544015e-11,0.0,2.1030650998454803e-07,0.0
5,0,6.345045775168816e-11,0.0,2.1030650998454803e-07,0.0
5,0,8.538489757784887e-11,0.0,2.1030650998454803e-07,0.0
5,0,1.1769201559348122e-10,0.0,2.1030650998454803e-07,0.0
5,0,1.631627583273853e-10,0.0,2.1030650998454803e-07,0.0
5,0,2.2228482593430448e-10,0.0,2.1030650998454803e-07,0.0
5,0,2.988598123160946e-10,0.0,2.1030650998454803e-07,0.0
5,0,3.913332978826633e-10,0.0,2.1030650998454803e-07,0.0
5,0,4.864523715343356e-10,0.0,2.1030650998454803e-07,0.0
5,0,5.901895367136075e-10,0.0,2.1030650998454803e-07,0.0
5,0,6.791744364477795e-10,0.0,2.1030650998454803e-07,0.0
5,0,7.393731117900252e-10,0.0,2.3385190672797762e-07,0.0
5,0,7.840648648084486e-10,0.0,2.3385190672797762e-07,0.0
5,0,8.269714149086255e-10,0.0,2.3385190672797762e-07,0.0
5,0,8.980119658898591e-10,0.0,2.6053828605654417e-07,0.0
5,0,9.371799727565165e-10,0.0,2.7973916871815163e-07,0.0
5,0,9.166634114767679e-10,0.0,2.7973916871815163e-07,0.0
5,0,8.475528204285098e-10,0.0,2.7973916871815163e-07,0.0
5,0,7.216766622970953e-10,0.0,2.7973916871815163e-07,0.0
5,0,5.745122421877223e-10,0.0,2.7973916871815163e-07,0.0
5,0,4.518983915585722e-10,0.0,2.7973916871815163e-07,0.0
5,0,3.493563395231202e-10,0.0,2.6053828605654417e-07,0.0
5,0,2.5889350918453117e-10,0.0,2.6053828605654417e-07,0.0
5,0,1.9200269629189773e-10,0.0,2.6053828605654417e-07,0.0
5,0,1.4136389689472479e-10,0.0,2.6053828605654417e-07,0.0
5,0,1.0082251569031914e-10,0.0,2.4375074758609117e-07,0.0
5,0,7.012662349322076e-11,0.0,2.4375074758609117e-07,0.0
5,0,4.812767052747819e-11,0.0,2.192086867580656e-07,0.0
5,0,3.306875859327882e-11,0.0,2.192086867580656e-07,0.0
5,0,2.3363252293476056e-11,0.0,2.1030650998454803e-07,0.0
5,0,1.7719629135338982e-11,0.0,2.1030650998454803e-07,0.0
5,0,1.475917981302261e-11,0.0,1.8983998018029524e-07,0.0
5,0,1.279913480330068e-11,0.0,1.8983998018029524e-07,0.0
5,0,1.1853585379374416e-11,0.0,1.8983998018029524e-07,0.0
5,0,1.1985433503290566e-11,0.0,1.8354668895881332e-07,0.0
5,0,1.2550593014572225e-11,0.0,1.3825794553667947e-07,0.0
5,0,1.3721771347844282e-11,0.0,1.3825794553667947e-07,0.0
5,0,1.6127638485530437e-11,0.0,1.3825794553667947e-07,0.0
5,0,2.0418874916372566e-11,0.0,1.3825794553667947e-07,0.0
5,0,2.71952001637763e-11,0.0,1.3825794553667947e-07,0.0
5,0,3.7840393826280274e-11,0.0,1.3825794553667947e-07,0.0
5,0,5.401065231504323e-11,0.0,1.3825794553667947e-07,0.0
5,0,7.706474947853073e-11,0.0,1.3825794553667947e-07,0.0
5,0,1.0858725357484e-10,0.0,1.3825794553667947e-07,0.0
5,0,1.54845108162368e-10,0.0,1.3825794553667947e-07,0.0
5,0,2.2020221193820329e-10,0.0,1.3825794553667947e-07,0.0
5,0,2.805160484669463e-10,0.0,1.3825794553667947e-07,0.0
5,0,3.4509607298912007e-10,0.0,1.3825794553667947e-07,0.0
5,0,4.149551460150288e-10,0.0,1.3825794553667947e-07,0.0
5,0,4.81845280991256e-10,0.0,1.3825794553667947e-07,0.0
5,0,5.44829042065027e-10,0.0,1.8354668895881332e-07,0.0
5,0,6.191378353668994e-10,0.0,1.8354668895881332e-07,0.0
5,0,6.849593061565707e-10,0.0,1.9787580640695523e-07,0.0
5,0,7.074038268105575e-10,0.0,2.3430595774698304e-07,0.0
5,0,6.927742620393477e-10,0.0,2.515735957331344e-07,0.0
5,0,6.495287328417668e-10,0.0,2.515735957331344e-07,0.0
5,0,5.694667832771985e-10,0.0,3.154738976718363e-07,0.0
5,0,4.694536751591081e-10,0.0,2.9382019306467555e-07,0.0
5,0,3.7575195480125217e-10,0.0,2.9382019306467555e-07,0.0
5,0,2.970879287694523e-10,0.0,2.481367005202628e-07,0.0
5,0,2.23288903143472e-10,0.0,2.3991086095520586e-07,0.0
5,0,1.5843974379137539e-10,0.0,2.2451065717632446e-07,0.0
5,0,1.0926657479655865e-10,0.0,1.691143722837296e-07,0.0
5,0,7.460996977959051e-11,0.0,1.691143722837296e-07,0.0
5,0,5.1560136622551447e-11,0.0,1.691143722837296e-07,0.0
5,0,3.581854843738765e-11,0.0,1.691143722837296e-07,0.0
5,0,2.593043494504087e-11,0.0,1.609105595434812e-07,0.0
5,0,2.006558230157007e-11,0.0,1.4874332521230826e-07,0.0
5,0,1.6627354622312066e-11,0.0,1.4874332521230826e-07,0.0
5,0,1.509516496782588e-11,0.0,1.4874332521230826e-07,0.0
5,0,1.4822268637668427e-11,0.0,1.4874332521230826e-07,0.0
5,0,1.5590020500569023e-11,0.0,1.4874332521230826e-07,0.0
5,0,1.6998654746171808e-11,0.0,1.609105595434812e-07,0.0
5,0,1.9783313028966794e-11,0.0,1.609105595434812e-07,0.0
5,0,2.4223574089062656e-11,0.0,1.4874332521230826e-07,0.0
5,0,3.047186370999688e-11,0.0,1.4874332521230826e-07,0.0
5,0,3.948241646916695e-11,0.0,1.8024256576154585e-07,0.0
5,0,5.237638242022101e-11,0.0,1.8024256576154585e-07,0.0
5,0,7.064117877949392e-11,0.0,1.8024256576154585e-07,0.0
5,0,9.685462539364128e-11,0.0,1.8024256576154585e-07,0.0
5,0,1.3416297651255256e-10,0.0,1.8024256576154585e-07,0.0
5,0,1.8109365922998034e-10,0.0,1.4874332521230826e-07,0.0
5,0,2.319650985140693e-10,0.0,1.4874332521230826e-07,0.0
5,0,2.76995069823511e-10,0.0,1.609105595434812e-07,0.0
5,0,3.20971924359257e-10,0.0,1.609105595434812e-07,0.0
5,0,3.6320367957417326e-10,0.0,1.4874332521230826e-07,0.0
5,0,3.888579906551993e-10,0.0,1.4874332521230826e-07,0.0
5,0,3.9502500185482616e-10,0.0,1.8024256576154585e-07,0.0
5,0,3.7776435038231666e-10,0.0,1.8024256576154585e-07,0.0
5,0,3.4386281885991406e-10,0.0,1.8024256576154585e-07,0.0
5,0,3.024835908122771e-10,0.0,1.8006234370204766e-07,0.0
5,0,2.634363211822336e-10,0.0,1.8006234370204766e-07,0.0
5,0,2.265678297709359e-10,0.0,1.8006234370204766e-07,0.0
5,0,1.85661222181296e-10,0.0,1.8006234370204766e-07,0.0
5,0,1.4961142805972305e-10,0.0,1.8006234370204766e-07,0.0
5,0,1.1794417975742346e-10,0.0,1.8006234370204766e-07,0.0
5,0,9.113109378692426e-11,0.0,1.8006234370204766e-07,0.0
5,0,6.905488917446336e-11,0.0,1.8006234370204766e-07,0.0
5,0,5.1888857670686307e-11,0.0,1.8006234370204766e-07,0.0
5,0,3.8718891196585744e-11,0.0,1.8006234370204766e-07,0.0
5,0,2.8103876849816982e-11,0.0,1.8006234370204766e-07,0.0
5,0,2.076053392855012e-11,0.0,1.8006234370204766e-07,0.0
5,0,1.6277738798147843e-11,0.0,1.8006234370204766e-07,0.0
5,0,1.3346938534329764e-11,0.0,1.8006234370204766e-07,0.0
5,0,1.1762180907086825e-11,0.0,1.8006234370204766e-07,0.0
5,0,1.1129873672713581e-11,0.0,1.8006234370204766e-07,0.0
5,0,1.1303569323628394e-11,0.0,1.8006234370204766e-07,0.0
5,0,1.175643524412155e-11,0.0,1.8006234370204766e-07,0.0
5,0,1.3216300135417923e-11,0.0,1.8006234370204766e-07,0.0
5,0,1.6266758643632868e-11,0.0,1.8006234370204766e-07,0.0
