Subject_ID,True_Label,Logistic Regression_Prob,Random Forest_Prob,XGBoost_Prob,Deep Learning_Prob
6,0,0.06759218820405911,0.06,7.708375960646663e-06,1.4707071010252454e-13
6,0,0.06593574104230453,0.06,6.284428309299983e-06,1.1737984716153615e-13
6,0,0.06120996420243266,0.06,6.284428309299983e-06,9.720927540571647e-14
6,0,0.059566542590765055,0.06,6.284428309299983e-06,8.655477322285637e-14
6,0,0.06082571455162501,0.06,6.284428309299983e-06,8.415234383895437e-14
6,0,0.06395911642202463,0.06,6.6101470110879745e-06,8.478421686507892e-14
6,0,0.06970232675096982,0.06,7.081390322127845e-06,8.706358252614024e-14
6,0,0.06862263734872945,0.06,8.85919598658802e-06,9.99257439488789e-14
6,0,0.06528716734140487,0.06,1.1242460459470749e-05,1.1879814623347307e-13
6,0,0.07471488071352277,0.06,7.2295815698453225e-06,1.2511331218007654e-13
6,0,0.09785115853433796,0.06,8.788368177192751e-06,1.3110412549425382e-13
6,0,0.09975172488794248,0.06,8.960249033407308e-06,1.6322335735612092e-13
6,0,0.08277790596092958,0.06,5.121801677887561e-06,2.196540204498637e-13
6,0,0.08935564703157148,0.06,4.213347892800812e-06,2.6603697543536864e-13
6,0,0.10933943086661614,0.06,5.247788067208603e-06,3.0288705571424046e-13
6,0,0.11390320175399625,0.06,5.0754533731378615e-06,3.460127963230558e-13
6,0,0.12131852813574322,0.06,6.334128102025716e-06,3.876482197306269e-13
6,0,0.11999436668644271,0.06,7.134528004826279e-06,4.246291361066634e-13
6,0,0.1184751769070711,0.06,7.134528004826279e-06,4.564546982575857e-13
6,0,0.11967736796748214,0.06,1.0021058187703602e-05,4.940650753099129e-13
6,0,0.11576776166109139,0.06,1.0021058187703602e-05,5.502125447962025e-13
6,0,0.10882473043121334,0.06,8.673929187352769e-06,6.286082765427636e-13
6,0,0.10247355737609953,0.06,8.673929187352769e-06,7.044940802600208e-13
6,0,0.09297514531333388,0.06,8.349279596586712e-06,7.377740996253324e-13
6,0,0.09270929079970783,0.06,9.973512533179019e-06,6.740587363447681e-13
6,0,0.09657379213897213,0.06,1.0361317436036188e-05,5.53413218029597e-13
6,0,0.0912711522866939,0.02,9.906285413308069e-06,3.985781431466162e-13
6,0,0.08461853799301691,0.02,9.906285413308069e-06,2.5237841330683075e-13
6,0,0.07486628518530271,0.02,8.804399840300903e-06,1.57490394423615e-13
6,0,0.06728763965299651,0.02,6.06889398113708e-06,8.871253883400987e-14
6,0,0.06467359731717479,0.02,6.06889398113708e-06,4.589862154626492e-14
6,0,0.05801152246345031,0.02,8.524287295585964e-06,2.525025036336035e-14
6,0,0.04707474239791043,0.02,8.524287295585964e-06,1.465872508012861e-14
6,0,0.041372802670557776,0.02,9.018983291753102e-06,8.555154740012838e-15
6,0,0.03761162582868226,0.02,9.018983291753102e-06,5.266177051317699e-15
6,0,0.03479665710881096,0.0,9.018983291753102e-06,3.4364270665707998e-15
6,0,0.03255242523973497,0.0,9.319714990851935e-06,2.345890569947491e-15
6,0,0.03077825152971031,0.0,9.319714990851935e-06,1.652928045359301e-15
6,0,0.029701736253104873,0.0,9.319714990851935e-06,1.2043683014927487e-15
6,0,0.029401582924286965,0.0,8.608054486103356e-06,9.159974169076798e-16
6,0,0.02978316093904859,0.0,8.608054486103356e-06,7.638190011479394e-16
6,0,0.030682278327530177,0.0,8.608054486103356e-06,7.189992056560437e-16
6,0,0.03213648382481797,0.0,8.89091916178586e-06,7.341149321162704e-16
6,0,0.03402533227727533,0.0,8.89091916178586e-06,8.336720083629886e-16
6,0,0.03376604177791757,0.0,8.89091916178586e-06,1.050144036467593e-15
6,0,0.0354181825978,0.0,8.89091916178586e-06,1.3769594171879297e-15
6,0,0.0357109386140763,0.0,8.55814778333297e-06,1.6681050758290852e-15
6,0,0.03668203811668213,0.0,8.55814778333297e-06,1.9973667935802106e-15
6,0,0.03412706955763841,0.0,8.55814778333297e-06,2.79549057615239e-15
6,0,0.03431325854737341,0.0,8.55814778333297e-06,3.771427750176928e-15
6,0,0.040635269454108364,0.0,9.62921512837056e-06,5.102265164595677e-15
6,0,0.04371460539710144,0.0,9.62921512837056e-06,7.239149296016986e-15
6,0,0.04473097195026022,0.0,9.62921512837056e-06,1.0192222093434802e-14
6,0,0.0451796648816777,0.0,9.62921512837056e-06,1.4203280546587656e-14
6,0,0.04614611540612238,0.0,1.0425297659821808e-05,2.0153229603257598e-14
6,0,0.050176487202475514,0.0,1.0425297659821808e-05,2.937450291145248e-14
6,0,0.056916207733881195,0.0,9.265682820114307e-06,4.2155599893007115e-14
6,0,0.058983242031191443,0.0,1.1639933291007765e-05,6.555240156030581e-14
6,0,0.05762272106645043,0.0,1.1639933291007765e-05,1.0327663339327123e-13
6,0,0.0581105611235608,0.02,1.1639933291007765e-05,1.4913990994871312e-13
6,0,0.05989857314378763,0.02,1.1639933291007765e-05,2.0509063739827804e-13
6,0,0.06123383783894805,0.02,1.1639933291007765e-05,2.7899907319335615e-13
6,0,0.060947073622934375,0.02,1.1639933291007765e-05,3.435565634063442e-13
6,0,0.06088105810349062,0.02,1.1639933291007765e-05,4.106958100425634e-13
6,0,0.0633655143892406,0.0,1.1639933291007765e-05,4.3157366786186757e-13
6,0,0.06746196962376579,0.0,1.1639933291007765e-05,3.829449507063848e-13
6,0,0.06750201406210331,0.0,1.126960887631867e-05,3.217212466485181e-13
6,0,0.06333000264808589,0.0,1.126960887631867e-05,2.686800163863995e-13
6,0,0.060671464260853195,0.0,8.970893759396859e-06,2.0721590404931128e-13
6,0,0.06109940702280422,0.0,8.970893759396859e-06,1.5059114166163928e-13
6,0,0.061118770559725796,0.0,8.970893759396859e-06,1.1176328010851014e-13
6,0,0.05957817916349451,0.0,8.970893759396859e-06,7.929270575638553e-14
6,0,0.056379572548414095,0.0,9.265682820114307e-06,5.903490315952581e-14
6,0,0.05250674197514707,0.0,9.265682820114307e-06,4.646535435061383e-14
6,0,0.05059784190580146,0.0,9.265682820114307e-06,3.4509579167809473e-14
6,0,0.05115287351523426,0.0,9.265682820114307e-06,2.582992074894562e-14
6,0,0.05316544850639227,0.0,9.265682820114307e-06,1.839500265706038e-14
6,0,0.052990641291019665,0.0,9.265682820114307e-06,1.3366156190750336e-14
6,0,0.05014473021726127,0.0,9.265682820114307e-06,1.1243566163830418e-14
6,0,0.04590033277604803,0.0,9.625964594306424e-06,9.330565122346157e-15
6,0,0.0417187189407318,0.0,1.0830669452843722e-05,8.282835341536475e-15
6,0,0.04079358512066205,0.0,1.0830669452843722e-05,7.341769878675686e-15
6,0,0.040956493407080186,0.0,9.61561545409495e-06,6.883943488487053e-15
6,0,0.04104932175760763,0.0,8.049667485465761e-06,6.588630533624525e-15
6,0,0.04149036690832863,0.0,7.2942152655741666e-06,6.320653026035787e-15
6,0,0.04128500284631466,0.0,7.2942152655741666e-06,6.069614906842715e-15
6,0,0.041275490595264065,0.0,7.2942152655741666e-06,5.838138166533533e-15
6,0,0.04162489036277109,0.0,7.2942152655741666e-06,5.7047910401967095e-15
6,0,0.04268257275339097,0.0,8.049667485465761e-06,6.085263840543238e-15
6,0,0.04593496039161189,0.0,9.066845450433902e-06,6.9417471343900545e-15
6,0,0.04928619623634984,0.0,1.0474997907294892e-05,8.806981870396278e-15
6,0,0.05020800408711219,0.0,1.0474997907294892e-05,1.2009050167054863e-14
6,0,0.04996286408943864,0.0,1.0474997907294892e-05,1.7094724073796197e-14
6,0,0.05144510284690795,0.0,7.4577123996277805e-06,2.5624413615282782e-14
6,0,0.05210776611181445,0.0,7.4577123996277805e-06,3.911604249057579e-14
6,0,0.05346294167832888,0.0,7.710935278737452e-06,5.815890846173899e-14
6,0,0.05314263967491921,0.0,9.686798875918612e-06,8.329291032935227e-14
6,0,0.0494857576145341,0.0,9.686798875918612e-06,1.206006052401759e-13
6,0,0.044528525831323204,0.0,4.7491910663666204e-05,1.5837903362923844e-13
6,0,0.041878865912659796,0.0,9.166926611214876e-05,1.7883547561662466e-13
6,0,0.0422029965025501,0.0,8.87530404725112e-05,1.7796880505752122e-13
6,0,0.0433891678769623,0.0,7.175248174462467e-05,1.7045573123559282e-13
6,0,0.041194155377816635,0.0,7.175248174462467e-05,1.5941492104241256e-13
6,0,0.03919963251805461,0.0,7.735015969956294e-05,1.4269842089648793e-13
6,0,0.037516997954230094,0.0,0.00023202376905828714,1.2373779843637134e-13
6,0,0.035440214532730316,0.0,0.00016153963224496692,1.071153596051734e-13
6,0,0.03391063711013915,0.02,0.00022693644859828055,9.404574287299322e-14
6,0,0.03334338201205767,0.02,0.0002096171083394438,8.477128097790845e-14
6,0,0.033205898546504055,0.02,0.0002096171083394438,8.00438071401656e-14
6,0,0.03283386552316645,0.02,0.00024961968301795423,8.182096357866805e-14
6,0,0.03193909623603036,0.02,0.00029435736360028386,8.998314924126352e-14
6,0,0.03262121388161466,0.02,0.0003114351420663297,1.0670040155244531e-13
6,0,0.032857405870543185,0.02,0.0003114351420663297,1.2573530541390432e-13
6,0,0.03272369996939747,0.02,0.0003418463165871799,1.4757144887588697e-13
6,0,0.031725535669616604,0.02,0.0004245370510034263,1.6674262339790025e-13
6,0,0.03017454407803849,0.02,0.0004245370510034263,1.8298637073903973e-13
6,0,0.029162435517020746,0.02,0.0004933316959068179,1.9180573199596013e-13
6,0,0.028830701056261857,0.02,0.0004933316959068179,1.7098289743690959e-13
6,0,0.02732108786647298,0.02,0.0004933316959068179,1.3398041899016777e-13
6,0,0.025189650593550064,0.02,0.0004933316959068179,9.404322887920577e-14
6,0,0.024092525049625915,0.02,0.0004033217846881598,5.603039259232008e-14
6,0,0.022916763523469042,0.02,0.00019261793931946158,3.120464634300338e-14
6,0,0.020392907182457315,0.02,0.00011968448961852118,1.7962782072867244e-14
6,0,0.018949244990328563,0.02,9.525682253297418e-05,8.94812974666084e-15
6,0,0.018307700059854062,0.02,9.525682253297418e-05,3.997486867755471e-15
6,0,0.017844997180723726,0.02,9.722873073769733e-05,1.6679523981403426e-15
6,0,0.016918420434903454,0.02,9.722873073769733e-05,7.031425371252064e-16
6,0,0.015571421264865219,0.02,9.722873073769733e-05,2.944492988936841e-16
6,0,0.014244895745131875,0.02,9.722873073769733e-05,1.185948961249773e-16
6,0,0.013548172884077142,0.06,7.676552922930568e-05,4.5053225860758106e-17
6,0,0.012777892444162369,0.04,0.00018279801588505507,1.8653104792805536e-17
6,0,0.011356928852179593,0.04,0.00013280213170219213,9.776244173333546e-18
6,0,0.010553052804534956,0.04,0.00013280213170219213,5.5554177858000385e-18
6,0,0.01094904027077468,0.04,0.00013280213170219213,3.365497645915913e-18
6,0,0.009648866738642325,0.02,5.576833427767269e-05,2.60102228687808e-18
6,0,0.00879677328093714,0.0,9.413566294824705e-05,2.663790819710135e-18
6,0,0.010011411841185418,0.0,7.511872536269948e-05,3.2859185282900957e-18
6,0,0.010708376942381212,0.0,7.511872536269948e-05,4.441499976989179e-18
6,0,0.010946553418210455,0.0,6.211230356711894e-05,6.0469806181576384e-18
6,0,0.01168420720123748,0.0,6.211230356711894e-05,7.220549729662147e-18
6,0,0.012008608725753439,0.0,6.211230356711894e-05,8.16262572929879e-18
6,0,0.012392126503299822,0.0,7.61030605644919e-05,8.325207251515475e-18
6,0,0.013004392179249293,0.0,7.61030605644919e-05,7.150134325657345e-18
6,0,0.013372934402871246,0.0,7.61030605644919e-05,5.1530556291583195e-18
6,0,0.013490982800129813,0.0,6.127572123659775e-05,3.328230470983408e-18
6,0,0.01349471571711073,0.0,4.6356391976587474e-05,2.082904268520537e-18
6,0,0.013330082365782472,0.0,4.364803680800833e-05,1.315391398875833e-18
6,0,0.012950191511368683,0.0,4.364803680800833e-05,8.497568013126492e-19
6,0,0.012325759263439439,0.0,4.364803680800833e-05,5.668531736036945e-19
6,0,0.011376097412282703,0.0,1.641803464735858e-05,3.5909525978060824e-19
6,0,0.010046438164671708,0.0,1.641803464735858e-05,2.3307129492843397e-19
6,0,0.00821165027645404,0.0,1.641803464735858e-05,1.6157810043486993e-19
6,0,0.007816891626457018,0.0,1.695753599051386e-05,1.216518758751311e-19
6,0,0.007844090236692355,0.0,1.695753599051386e-05,1.2662635913326601e-19
6,0,0.008970940414497025,0.0,1.695753599051386e-05,1.8648671880204076e-19
6,0,0.011639968513103472,0.0,2.9137436285964213e-05,2.4052021144083884e-19
6,0,0.0156657783228309,0.0,2.619428778416477e-05,4.868901924748644e-19
6,0,0.01671669948493194,0.0,2.877533552236855e-05,7.17800555601186e-19
6,0,0.0174965553322843,0.0,3.50996560882777e-05,8.12776037667241e-19
6,0,0.017599514141597817,0.0,3.50996560882777e-05,7.580443399679628e-19
6,0,0.01714001246318693,0.0,3.50996560882777e-05,6.47430853325228e-19
6,0,0.01676310284427109,0.0,3.50996560882777e-05,5.430078829892635e-19
6,0,0.016788716852853235,0.0,3.50996560882777e-05,4.584059178888712e-19
6,0,0.01677609180008706,0.0,3.27112793456763e-05,3.891731753648673e-19
6,0,0.01725041890588188,0.0,3.27112793456763e-05,2.86398414098203e-19
6,0,0.017735353803214875,0.0,3.186618414474651e-05,1.4658131592928354e-19
6,0,0.017798760827678256,0.0,2.912068521254696e-05,2.2078536223594284e-19
6,0,0.0175242691498289,0.0,2.672584196261596e-05,1.882909418896867e-19
6,0,0.017110162703793164,0.0,2.557478001108393e-05,1.8821481542393767e-19
6,0,0.017162739408442138,0.0,4.800453098141588e-05,2.3558848308061526e-19
6,0,0.0176705586867517,0.0,4.800453098141588e-05,2.6671751257888193e-19
6,0,0.017859297555108893,0.0,0.00012761562538798898,2.3496380662177287e-19
6,0,0.017892802990215957,0.0,0.00012761562538798898,1.6090273331411452e-19
6,0,0.018026644597382666,0.0,5.3590225434163585e-05,9.818316569691342e-20
6,0,0.018647116793979013,0.0,5.188532668398693e-05,5.832469886157005e-20
6,0,0.017767660419655884,0.0,5.188532668398693e-05,3.6403973189214396e-20
6,0,0.015866931470762794,0.0,5.188532668398693e-05,2.3505333922955893e-20
6,0,0.014770898452940651,0.0,5.188532668398693e-05,1.6812736755824388e-20
6,0,0.014081882346853224,0.0,5.188532668398693e-05,1.2442037183716366e-20
6,0,0.013895783022996232,0.0,3.366240707691759e-05,1.0040800527928117e-20
6,0,0.014079098470846775,0.0,9.42211045185104e-06,8.878908227530182e-21
6,0,0.01433362496878317,0.0,1.1220631677133497e-05,8.847836447977592e-21
6,0,0.015287830835300824,0.0,1.1220631677133497e-05,9.671293939980564e-21
6,0,0.015691987618582797,0.0,1.1220631677133497e-05,1.1393481551935267e-20
6,0,0.016318038628738082,0.0,1.1589346286200453e-05,1.3922200957284716e-20
6,0,0.016139054183504625,0.0,1.2724739463010337e-05,1.5111539659706785e-20
6,0,0.016332789159110794,0.0,1.9613431504694745e-05,1.7347689967598917e-20
6,0,0.01632787840665055,0.0,5.8840145356953144e-05,2.3868841028081735e-20
6,0,0.015518248883064833,0.0,5.8840145356953144e-05,3.4129294359353194e-20
6,0,0.014068758579665674,0.0,5.8840145356953144e-05,5.483050054603853e-20
6,0,0.01385229597185833,0.0,5.8840145356953144e-05,7.61129982146727e-20
6,0,0.014379211935714875,0.0,5.8840145356953144e-05,8.882468981573282e-20
6,0,0.014922180814134314,0.0,5.8840145356953144e-05,8.587142884671976e-20
6,0,0.01610047809585353,0.0,2.4605347789474763e-05,6.656444527601536e-20
6,0,0.01658698030713778,0.0,2.8384070901665837e-05,5.284596824072737e-20
6,0,0.017651894050995612,0.0,2.8384070901665837e-05,4.16581468919688e-20
6,0,0.018703985559877366,0.0,2.557478001108393e-05,3.657546453230283e-20
6,0,0.019428579365151084,0.0,2.672584196261596e-05,3.630080179484401e-20
6,0,0.020324192681362256,0.0,5.475235593621619e-05,4.6772336431919945e-20
6,0,0.0212645019373122,0.0,5.475235593621619e-05,6.125329950857137e-20
6,0,0.021941345490564312,0.0,5.991425859974697e-05,8.668634392175228e-20
6,0,0.02168255060132619,0.0,5.6682063586777076e-05,1.1549842759956084e-19
6,0,0.02208362329750113,0.0,6.44348983769305e-05,1.368212567854055e-19
6,0,0.023039320170701857,0.0,6.44348983769305e-05,1.424193049784347e-19
6,0,0.02350671542453343,0.0,5.410304947872646e-05,1.3621039682773217e-19
6,0,0.022938805481165402,0.0,5.7362318329978734e-05,1.2396278586205698e-19
6,0,0.022438994214319424,0.0,6.667893467238173e-05,1.033372117714577e-19
6,0,0.021962442399112186,0.0,6.380723061738536e-05,7.731219038302438e-20
6,0,0.021454006640220485,0.0,5.591136505245231e-05,5.617917976071503e-20
6,0,0.020694413927730235,0.0,5.0292852392885834e-05,3.9708349710036336e-20
6,0,0.019044407946054456,0.0,5.0292852392885834e-05,2.830778138513825e-20
6,0,0.018422265936296707,0.0,4.800453098141588e-05,2.1356832448251705e-20
6,0,0.01994548336202623,0.0,4.2540519643807784e-05,1.621639931089761e-20
6,0,0.020509670358694897,0.0,2.7599548047874123e-05,1.2579915428690598e-20
6,0,0.019536354063592002,0.0,2.7599548047874123e-05,8.240547745663722e-21
6,0,0.018512481544395252,0.0,1.1589346286200453e-05,7.030737130874532e-21
6,0,0.01849816841411967,0.0,1.1589346286200453e-05,7.475106795432401e-21
6,0,0.01814011120233925,0.0,8.210255145968404e-06,9.3309285049606e-21
6,0,0.016981827429158273,0.0,6.277497959672473e-06,1.526461169388171e-20
6,0,0.017430149638407926,0.0,2.351342573092552e-06,2.4368970259185208e-20
6,0,0.018177172368610082,0.0,1.9736708054551855e-06,3.7518172549626253e-20
6,0,0.019086415106854618,0.0,1.9470860479486873e-06,5.233540070115182e-20
6,0,0.019854144293909803,0.0,1.9470860479486873e-06,6.505448522893663e-20
6,0,0.02004960541777203,0.0,1.9470860479486873e-06,7.313715133752783e-20
6,0,0.01948572193426345,0.0,1.9470860479486873e-06,7.691624228824997e-20
6,0,0.018650738817696976,0.0,1.724176058814919e-06,7.523802207235059e-20
6,0,0.019468766774596327,0.0,1.724176058814919e-06,7.30195107447863e-20
6,0,0.01966639665059552,0.0,1.724176058814919e-06,6.720126448775609e-20
6,0,0.019202033629402013,0.0,4.106109827262117e-06,5.631994263651682e-20
6,0,0.018447631023253076,0.0,4.106109827262117e-06,4.3469242687282316e-20
6,0,0.01771648629163904,0.0,4.106109827262117e-06,3.2379594106301866e-20
6,0,0.016374210485610434,0.0,1.6930380297708325e-06,2.3919520380884813e-20
6,0,0.015401428224133444,0.0,1.6930380297708325e-06,1.8836054461458906e-20
6,0,0.014306336498141193,0.0,1.6930380297708325e-06,1.58446139372977e-20
6,0,0.013873342140952816,0.0,1.6930380297708325e-06,1.448757082802904e-20
6,0,0.014416368821204128,0.0,1.6930380297708325e-06,1.3264705461404431e-20
6,0,0.015000812857666615,0.0,1.6930380297708325e-06,1.1864623110888871e-20
6,0,0.015570480523725127,0.0,1.6930380297708325e-06,1.11981166777693e-20
6,0,0.01610805018603225,0.0,1.6930380297708325e-06,1.1386616922203357e-20
6,0,0.01686537692118518,0.0,1.6930380297708325e-06,8.292453329101425e-21
6,0,0.017663030258657918,0.0,1.6930380297708325e-06,1.5821239622644543e-20
6,0,0.019002598370036126,0.0,1.6930380297708325e-06,1.9135744259208855e-20
6,0,0.0209611078732677,0.0,1.6930380297708325e-06,2.2929322179760617e-20
6,0,0.02183205148606357,0.0,1.6930380297708325e-06,2.6636254546734584e-20
6,0,0.022539217420645834,0.0,1.6930380297708325e-06,2.9251856189176944e-20
6,0,0.02359262122115688,0.0,1.6930380297708325e-06,2.992715868644699e-20
6,0,0.0257214134757675,0.0,1.6930380297708325e-06,2.923445308457065e-20
6,0,0.02814121570722746,0.0,1.6930380297708325e-06,2.964118360787666e-20
6,0,0.029201799319154138,0.0,1.6930380297708325e-06,3.1848424599594914e-20
6,0,0.029404076680444997,0.0,1.6930380297708325e-06,3.2860405762045385e-20
6,0,0.032334242694697785,0.0,1.6930380297708325e-06,2.7946623343705086e-20
6,0,0.03232273381330088,0.0,1.6930380297708325e-06,2.522649159811274e-20
6,0,0.03180707248997447,0.0,1.6930380297708325e-06,2.239602979155973e-20
6,0,0.03301250632269068,0.0,1.6930380297708325e-06,1.9212836846063944e-20
6,0,0.03548405457149081,0.0,1.6930380297708325e-06,1.5709799653322897e-20
6,0,0.027083671399806043,0.0,1.6930380297708325e-06,1.4306064460297605e-20
6,0,0.02102455930801437,0.0,1.6930380297708325e-06,1.3416304887906813e-20
6,0,0.02472699788608707,0.0,4.106109827262117e-06,1.0648614296060502e-20
6,0,0.03854209683602172,0.0,4.106109827262117e-06,8.260942917641983e-21
6,0,0.035646903966590766,0.0,4.106109827262117e-06,6.4840890877345384e-21
6,0,0.03026106669063402,0.0,4.106109827262117e-06,4.7890619188812716e-21
6,0,0.02647655115602544,0.0,4.420449840836227e-06,3.3403724080102426e-21
6,0,0.023011407596047955,0.0,4.1621728996688034e-06,2.2014260897265933e-21
6,0,0.019855590978088263,0.0,4.1621728996688034e-06,1.432702771310182e-21
6,0,0.016306310916751103,0.0,4.1621728996688034e-06,9.507375863530643e-22
6,0,0.013053900411035197,0.0,4.1621728996688034e-06,6.679100754163358e-22
6,0,0.01082924421782838,0.0,4.1621728996688034e-06,4.718140470980869e-22
6,0,0.008830816073720212,0.0,4.5688884711125866e-06,3.3216789541549503e-22
6,0,0.007469494797422735,0.0,4.5688884711125866e-06,2.702876265260415e-22
6,0,0.010201955811085767,0.0,5.448831871035509e-06,3.0394704655259923e-22
6,0,0.013124895354273965,0.0,5.448831871035509e-06,4.306663554623879e-22
6,0,0.014634385523212988,0.0,5.129407327331137e-06,6.399236633926972e-22
6,0,0.012897089446095992,0.0,5.774469173047692e-06,9.085923706363824e-22
6,0,0.012891178660403416,0.0,6.564333034475567e-06,1.422432180977439e-21
6,0,0.015473635513187211,0.0,7.043632194836391e-06,2.237407638579083e-21
6,0,0.015821826764384,0.0,8.777170478424523e-06,2.9206907323937783e-21
6,0,0.015908448085735542,0.0,8.65894526214106e-06,3.44414661832996e-21
6,0,0.01833993081962348,0.0,8.65894526214106e-06,3.9593218124113745e-21
6,0,0.019839403538031868,0.0,3.5702837521967012e-06,4.467065709573667e-21
6,0,0.018983274525545803,0.0,3.5702837521967012e-06,4.6174708132873186e-21
6,0,0.018650094138285073,0.0,3.0311400678328937e-06,4.6502078592781685e-21
6,0,0.020000251924846297,0.0,3.0311400678328937e-06,5.021997271845911e-21
6,0,0.02212186311768688,0.0,3.047923655685736e-06,4.113118841312634e-21
6,0,0.023401478266964492,0.0,2.952828253910411e-06,3.152555153037039e-21
6,0,0.021521384033292634,0.0,3.3753199204511475e-06,2.4589617860306244e-21
6,0,0.016881092470395927,0.0,3.5855084661307046e-06,1.843026461376161e-21
6,0,0.014827423166119996,0.0,3.5855084661307046e-06,1.4461004315147702e-21
6,0,0.01536231259854417,0.0,3.5855084661307046e-06,1.1976937112849953e-21
6,0,0.015814188113196785,0.0,3.859994649246801e-06,1.011630277119828e-21
6,0,0.015815201904393034,0.0,3.634463382695685e-06,8.894938083072665e-22
6,0,0.015867446579855116,0.0,3.1795348149898928e-06,8.157504850420311e-22
6,0,0.016330690863211574,0.0,3.1795348149898928e-06,7.901278789436692e-22
6,0,0.016376017743370743,0.0,3.1795348149898928e-06,7.550130421014149e-22
6,0,0.015954279208704812,0.0,2.993144562424277e-06,7.512121714205407e-22
6,0,0.015380971551065445,0.0,2.870537855415023e-06,8.246770583406693e-22
6,0,0.015456092612569715,0.0,3.3273347526119323e-06,1.0724965126472742e-21
6,0,0.016811238049716373,0.0,8.65894526214106e-06,1.750609626659317e-21
6,0,0.019738499203303433,0.0,7.23100129107479e-06,3.696016652503821e-21
6,0,0.024115211061684304,0.0,4.475820787774865e-06,9.898490727445617e-21
6,0,0.02837808162751922,0.0,3.457650564087089e-06,3.004772672307513e-20
6,0,0.029845696285265146,0.0,4.106959750060923e-06,9.062567526676243e-20
6,0,0.02982688760818572,0.0,3.5610819395515136e-06,2.270442760396136e-19
6,0,0.02993613365954961,0.02,4.404892024467699e-06,4.054687885285268e-19
6,0,0.03008032089110667,0.0,4.980020548828179e-06,5.017827005244808e-19
6,0,0.02997906301467281,0.0,4.980020548828179e-06,4.803612558999834e-19
6,0,0.030482530231721608,0.0,4.980020548828179e-06,4.007097599705678e-19
6,0,0.03131329248465494,0.0,4.599740805133479e-06,3.1784968214384733e-19
6,0,0.03247043135596632,0.0,4.599740805133479e-06,2.4216909259438673e-19
6,0,0.03188840048780012,0.0,4.599740805133479e-06,1.8837499119474032e-19
6,0,0.030195474963720246,0.0,4.404892024467699e-06,1.4322017090775088e-19
6,0,0.02880337550349246,0.0,4.404892024467699e-06,1.0887555432636674e-19
6,0,0.02884453689286469,0.0,4.404892024467699e-06,8.461400445571406e-20
6,0,0.030372185548277753,0.0,3.5610819395515136e-06,6.632263711851138e-20
6,0,0.03410880174302809,0.0,4.4375183279043995e-06,5.600649934549605e-20
6,0,0.03352457124012611,0.0,1.8296869939149474e-06,4.657204240140847e-20
6,0,0.03354419370315337,0.0,1.8296869939149474e-06,3.7987513536719134e-20
6,0,0.03588281651199823,0.0,1.8296869939149474e-06,2.7922434773136446e-20
6,0,0.039068096697263875,0.0,1.8296869939149474e-06,2.2441868845309666e-20
6,0,0.041535359775952296,0.0,1.8296869939149474e-06,1.6538384211095277e-20
6,0,0.04756492374851863,0.0,1.8296869939149474e-06,1.2440661511271856e-20
6,0,0.04650996522830059,0.0,1.6668105899952934e-06,8.306256905573403e-21
6,0,0.04296733638227202,0.0,1.4662482499261387e-06,5.6541417822147196e-21
6,0,0.04243707241858849,0.0,1.483846062910743e-06,4.017654605364485e-21
6,0,0.04349871781212875,0.0,1.7248619315068936e-06,3.0286153860604657e-21
6,0,0.04082662118712452,0.0,1.6505715620951378e-06,2.005017546272132e-21
6,0,0.038931487840718405,0.0,1.3892239394408534e-06,1.3375978015509328e-21
6,0,0.036809577753541975,0.0,1.3892239394408534e-06,8.145688850019804e-22
6,0,0.03352520518952205,0.0,1.3892239394408534e-06,4.961498380443034e-22
6,0,0.030751766560730594,0.0,1.3892239394408534e-06,3.615220029221696e-22
6,0,0.02787985026422828,0.0,1.3892239394408534e-06,3.156332446243178e-22
6,0,0.026996791729275545,0.0,1.3892239394408534e-06,2.6585167864025373e-22
6,0,0.027176393560599647,0.0,1.3892239394408534e-06,2.986953028948426e-22
6,0,0.027552002799185637,0.0,1.3892239394408534e-06,3.341224529249175e-22
6,0,0.028021914416672237,0.0,1.3892239394408534e-06,3.6995834649986726e-22
6,0,0.029042550605661188,0.0,1.3892239394408534e-06,4.311463363024478e-22
6,0,0.028830183288836082,0.0,1.3892239394408534e-06,4.621450610243271e-22
6,0,0.028650999307586796,0.0,1.3892239394408534e-06,4.805603309700023e-22
6,0,0.029624901209032897,0.0,1.3892239394408534e-06,4.869322066260748e-22
6,0,0.031097053437001525,0.0,1.3892239394408534e-06,4.95223298823016e-22
6,0,0.03183102093815978,0.0,1.3892239394408534e-06,5.150764918049535e-22
6,0,0.03209437747369778,0.0,1.3892239394408534e-06,5.371478354346277e-22
6,0,0.03444092567360266,0.0,1.3892239394408534e-06,6.126890547443959e-22
6,0,0.03679257565558908,0.0,1.3892239394408534e-06,6.263936260173257e-22
6,0,0.04109746812931123,0.0,1.3892239394408534e-06,6.523110767676231e-22
6,0,0.04438716941649033,0.0,1.3892239394408534e-06,7.781837422886051e-22
6,0,0.0448170989330398,0.0,1.3892239394408534e-06,6.926380501393047e-22
6,0,0.04507080588363571,0.0,1.3892239394408534e-06,6.907620000671698e-22
6,0,0.04412809796694408,0.0,1.3892239394408534e-06,5.970799586760964e-22
6,0,0.043934810200374784,0.0,1.3892239394408534e-06,5.073502492596996e-22
6,0,0.04441718044675218,0.0,1.3892239394408534e-06,4.449902014785779e-22
6,0,0.04410457524074477,0.0,1.2857377669206471e-06,3.641170902430826e-22
6,0,0.04330619600991759,0.0,1.2857377669206471e-06,2.7996108070796847e-22
6,0,0.04297938030837706,0.0,1.2857377669206471e-06,2.1539181849544445e-22
6,0,0.042634773790825836,0.0,1.2857377669206471e-06,1.7263105145897499e-22
6,0,0.04198273172846675,0.0,1.2857377669206471e-06,1.4844023421447643e-22
6,0,0.04154311797696272,0.0,1.2857377669206471e-06,1.3227552763341163e-22
6,0,0.04136597144930207,0.0,1.2857377669206471e-06,1.215246030509231e-22
6,0,0.03843137266353225,0.0,1.2857377669206471e-06,1.0723445717260414e-22
6,0,0.032128392265008215,0.0,1.2857377669206471e-06,9.532683531112091e-23
6,0,0.02756320171356662,0.0,1.114843257710163e-06,9.141056374614379e-23
6,0,0.036387140371045484,0.0,1.3892239394408534e-06,1.3302545036435093e-22
6,0,0.039584200196321806,0.0,1.3892239394408534e-06,9.231677559962548e-23
6,0,0.040387860658728514,0.0,1.3892239394408534e-06,8.949355601580983e-23
6,0,0.038353136391872704,0.0,1.3892239394408534e-06,8.102823915478522e-23
6,0,0.03835972277009589,0.0,1.3892239394408534e-06,7.82365424527422e-23
6,0,0.04208989473845576,0.0,1.2857377669206471e-06,9.366758945928973e-23
6,0,0.041619779375207375,0.0,1.2857377669206471e-06,9.822685208178164e-23
6,0,0.04131567031327437,0.0,1.2857377669206471e-06,1.1632199596123088e-22
6,0,0.042339254189701116,0.0,1.3892239394408534e-06,1.42368024728192e-22
6,0,0.04319206215461195,0.0,1.3892239394408534e-06,1.6203274937354139e-22
6,0,0.04302668196944383,0.0,1.3892239394408534e-06,1.5178891720270342e-22
6,0,0.042574687133503424,0.0,1.2857377669206471e-06,1.0331025282236411e-22
6,0,0.042054481336216615,0.0,1.2857377669206471e-06,1.6443565755616804e-22
6,0,0.042917789977450785,0.0,1.2857377669206471e-06,1.7834278306600962e-22
6,0,0.0448332410297444,0.0,1.2857377669206471e-06,1.7142817110714502e-22
6,0,0.04701969383547641,0.0,1.2857377669206471e-06,1.6250071428429297e-22
6,0,0.048574070309923584,0.0,1.2857377669206471e-06,1.5436403687638344e-22
6,0,0.04956193372420568,0.0,1.2857377669206471e-06,1.4641789777607736e-22
6,0,0.05026337791930947,0.0,1.2857377669206471e-06,1.3911941978984498e-22
6,0,0.05377922267373142,0.0,1.2857377669206471e-06,1.5011095325931315e-22
6,0,0.05789579266891305,0.0,1.2857377669206471e-06,1.635448505784435e-22
6,0,0.05801021731558047,0.0,1.2857377669206471e-06,1.5959005735774263e-22
6,0,0.05804925013828518,0.0,1.2857377669206471e-06,1.6333660392123964e-22
6,0,0.05689905522722476,0.0,1.2857377669206471e-06,1.517628658601694e-22
6,0,0.05819841125654292,0.0,1.3892239394408534e-06,1.5781443874517324e-22
6,0,0.05521987102978857,0.0,1.3892239394408534e-06,1.655339033975295e-22
6,0,0.048246968763796846,0.0,1.3892239394408534e-06,1.772481218086015e-22
6,0,0.0468112647003315,0.0,1.3892239394408534e-06,2.1241436713832723e-22
6,0,0.04765536421122336,0.0,1.3892239394408534e-06,2.3413939451972216e-22
6,0,0.04870751472312685,0.0,1.3892239394408534e-06,2.39131104379569e-22
6,0,0.04947752968432196,0.0,1.3892239394408534e-06,2.287810221111286e-22
6,0,0.04873453241596802,0.0,1.3892239394408534e-06,2.0773456656951755e-22
6,0,0.046465039484006314,0.0,1.3892239394408534e-06,1.8680184583777764e-22
6,0,0.04400166343701577,0.0,1.3892239394408534e-06,1.7262118123132886e-22
6,0,0.04239677084756011,0.0,1.3892239394408534e-06,1.679874501393841e-22
6,0,0.041769813327561064,0.0,1.3892239394408534e-06,1.7485062836722828e-22
6,0,0.04207569108990035,0.0,1.114843257710163e-06,1.9526546507013422e-22
6,0,0.04327816037817274,0.0,1.3892239394408534e-06,2.3729188464537706e-22
6,0,0.04384654664210844,0.0,1.114843257710163e-06,3.0715822792960257e-22
6,0,0.043301545871050236,0.0,1.114843257710163e-06,4.131862327881979e-22
6,0,0.046831600648224544,0.0,1.114843257710163e-06,6.674032354401749e-22
6,0,0.05264645119816433,0.0,1.114843257710163e-06,1.1275139188532457e-21
6,0,0.053811459206890025,0.0,1.114843257710163e-06,1.5701465243195928e-21
6,0,0.05330596583605917,0.0,1.114843257710163e-06,2.268752452357301e-21
6,0,0.05317012168612919,0.0,1.114843257710163e-06,3.404189917334527e-21
6,0,0.05371388106423598,0.0,1.114843257710163e-06,5.0947035396324814e-21
6,0,0.053973143291788726,0.0,1.114843257710163e-06,7.332287277209159e-21
6,0,0.053868362507542566,0.0,1.114843257710163e-06,9.993760285144132e-21
6,0,0.05342169079015258,0.0,1.114843257710163e-06,1.3117320293940808e-20
6,0,0.04896195604741595,0.0,1.114843257710163e-06,1.2409000042415395e-20
6,0,0.045294533815441476,0.0,2.9680313673452474e-06,1.1820892398348665e-20
6,0,0.04471132541210967,0.0,2.9680313673452474e-06,1.349555913034705e-20
6,0,0.043510044303192254,0.0,2.9680313673452474e-06,1.3078497735113368e-20
6,0,0.04342013177478666,0.0,2.7469372980704065e-06,1.4348859747887287e-20
6,0,0.04238097763642628,0.0,2.7469372980704065e-06,1.5983266856302635e-20
6,0,0.04089239032569337,0.0,2.7469372980704065e-06,1.736344678891577e-20
6,0,0.039331660512989364,0.0,2.7469372980704065e-06,1.7997640671563922e-20
6,0,0.03798695293919396,0.0,2.5037691102625104e-06,1.965795856643264e-20
6,0,0.03762337485729852,0.0,2.7469372980704065e-06,2.3141358297561222e-20
6,0,0.03891678262095391,0.0,2.7469372980704065e-06,2.9691883963312477e-20
6,0,0.04178981156496267,0.0,2.9680313673452474e-06,4.0484112646466097e-20
6,0,0.04415616934953199,0.0,3.698509544847184e-06,5.613975943464805e-20
6,0,0.043753026887559374,0.0,2.9680313673452474e-06,7.650247103621446e-20
6,0,0.03920102711586601,0.0,2.9680313673452474e-06,8.146629788161422e-20
6,0,0.037715270985230843,0.0,2.9680313673452474e-06,1.1133889819054966e-19
6,0,0.0378301825741818,0.0,2.9680313673452474e-06,1.497331713311432e-19
6,0,0.0394617912877436,0.0,3.526391083141789e-06,1.8628621797637615e-19
6,0,0.042898220464062616,0.0,3.526391083141789e-06,2.6445519945294354e-19
6,0,0.043144426966129246,0.0,3.685109732032288e-06,3.2565175307902406e-19
6,0,0.04021619360049518,0.0,1.5194501656878856e-06,3.2839372756266663e-19
6,0,0.038979592702015745,0.0,1.5194501656878856e-06,3.4277268569885834e-19
6,0,0.03886596597274757,0.0,1.5194501656878856e-06,3.7202652259786144e-19
6,0,0.03703766971489666,0.0,1.454006905987626e-06,3.45235796918494e-19
6,0,0.03426830502077248,0.0,1.454006905987626e-06,3.00396093670796e-19
6,0,0.03245830652419862,0.0,1.5137630953176995e-06,2.9727715747237655e-19
6,0,0.03153732256221192,0.0,1.5137630953176995e-06,3.2403215928903937e-19
6,0,0.030941858431884815,0.0,1.5137630953176995e-06,3.3151899686265097e-19
6,0,0.030585069417781538,0.0,1.5137630953176995e-06,3.091488019249493e-19
6,0,0.030137206567315906,0.0,1.2237828741490375e-06,2.7189196675010153e-19
6,0,0.029720771142799966,0.0,1.2237828741490375e-06,2.3724610132938324e-19
6,0,0.029729485088870612,0.0,1.2237828741490375e-06,2.0572629361517062e-19
6,0,0.030206438195018906,0.0,1.2237828741490375e-06,1.7848121313496427e-19
6,0,0.03152393992137501,0.0,1.2237828741490375e-06,1.8073671494554617e-19
6,0,0.03324095694988333,0.0,1.2237828741490375e-06,2.1915744494104434e-19
6,0,0.032863245806558625,0.0,1.2237828741490375e-06,2.5207359815273183e-19
6,0,0.029154279035005247,0.0,1.2237828741490375e-06,2.5308723044523314e-19
6,0,0.023503842071161535,0.0,1.2237828741490375e-06,2.834150838214539e-19
6,0,0.02653007699104479,0.0,1.2237828741490375e-06,3.2443290244642717e-19
6,0,0.03498441240721978,0.0,1.2237828741490375e-06,5.10353894332967e-19
6,0,0.03940977026358755,0.0,1.2237828741490375e-06,8.930311169498788e-19
6,0,0.04361330892129309,0.0,1.2237828741490375e-06,1.3167368081421505e-18
6,0,0.046300263436140354,0.0,1.2237828741490375e-06,1.3459994596845561e-18
6,0,0.04836840756620062,0.0,1.2237828741490375e-06,1.3389578779250453e-18
6,0,0.04830762222078771,0.0,1.2237828741490375e-06,1.3497580649904205e-18
6,0,0.049254293007007684,0.0,1.2237828741490375e-06,1.3381817757153174e-18
6,0,0.050554464346954514,0.0,1.2237828741490375e-06,1.0936971719418475e-18
6,0,0.05143979656307477,0.0,1.2237828741490375e-06,8.555040005098793e-19
6,0,0.05198195767532498,0.0,1.2237828741490375e-06,6.368440788578915e-19
6,0,0.05206903467937382,0.0,1.2237828741490375e-06,4.525177877947773e-19
6,0,0.05137240193554646,0.0,1.2237828741490375e-06,3.0559838763950687e-19
6,0,0.05402773174335047,0.0,1.2237828741490375e-06,2.0758990568585845e-19
6,0,0.0561543883663213,0.0,1.114843257710163e-06,1.2419281962052915e-19
6,0,0.052724640372235176,0.0,1.3790098591925926e-06,7.487297692827328e-20
6,0,0.04937219865916635,0.0,1.3790098591925926e-06,4.7591064292588447e-20
6,0,0.04871619024245259,0.0,1.114843257710163e-06,2.9641975245572266e-20
6,0,0.04736779114092399,0.0,1.114843257710163e-06,1.843723869952184e-20
6,0,0.0464632116858925,0.0,1.114843257710163e-06,1.1993448413358336e-20
6,0,0.04630226635035215,0.0,1.114843257710163e-06,7.249379384465624e-21
6,0,0.041745650742164596,0.0,1.114843257710163e-06,3.899663430214905e-21
6,0,0.03639815827546022,0.0,1.114843257710163e-06,2.3537266810450848e-21
6,0,0.0334551453108423,0.0,1.114843257710163e-06,1.6384465811210584e-21
6,0,0.03334807480051009,0.0,1.114843257710163e-06,1.324866772987467e-21
6,0,0.03387702181803928,0.0,1.114843257710163e-06,1.168985737657682e-21
6,0,0.03290768334807597,0.0,1.114843257710163e-06,9.572662749353203e-22
6,0,0.03057369722130413,0.0,1.114843257710163e-06,7.193235106233762e-22
6,0,0.029861301699579325,0.0,1.114843257710163e-06,6.473927751481725e-22
6,0,0.033057173999730925,0.0,1.114843257710163e-06,5.677958767742565e-22
6,0,0.037575471174115714,0.0,1.0412393294245703e-06,7.104849363364372e-22
6,0,0.03876181485525652,0.0,1.0412393294245703e-06,9.458071173430116e-22
6,0,0.037868648975364544,0.0,1.0412393294245703e-06,1.257146711967069e-21
6,0,0.03841119485838327,0.0,1.114843257710163e-06,1.725613666420514e-21
6,0,0.04247851484891061,0.0,1.0412393294245703e-06,2.5455485726264248e-21
6,0,0.04815243986146506,0.0,1.0412393294245703e-06,4.378292427740534e-21
6,0,0.05205760096860469,0.0,1.0155731615668628e-06,4.131738079133963e-21
6,0,0.05665661982183972,0.0,1.0155731615668628e-06,4.2889920606049695e-21
6,0,0.06247398083378626,0.0,9.818802482186584e-07,4.836096507110288e-21
6,0,0.06928025575652885,0.0,9.818802482186584e-07,5.979144599178499e-21
6,0,0.07665234117885611,0.0,1.2235366284585325e-06,6.938020200847568e-21
6,0,0.08236373679231881,0.0,1.2235366284585325e-06,7.73944754669278e-21
6,0,0.08519567384217958,0.0,1.2235366284585325e-06,6.806110742539502e-21
6,0,0.08428751321011449,0.0,9.86075747277937e-07,4.8114753630865476e-21
6,0,0.0824373688861382,0.0,1.4012149449627032e-06,3.727819081337714e-21
6,0,0.07627828609183537,0.0,1.4012149449627032e-06,3.1772082049066736e-21
6,0,0.07193976841273245,0.0,1.1244660527154338e-06,3.5516324381414035e-21
6,0,0.05768039003654438,0.0,1.4012149449627032e-06,3.4808656827090715e-21
6,0,0.05107777115086967,0.0,1.5381381217594026e-06,3.41678341904322e-21
6,0,0.0556970256040006,0.0,1.5381381217594026e-06,3.38382422982146e-21
6,0,0.05229510598220237,0.0,1.5381381217594026e-06,2.975048575152338e-21
6,0,0.047396727255427734,0.0,1.4012149449627032e-06,2.1751564409811074e-21
6,0,0.046538266870473334,0.0,1.4012149449627032e-06,2.0758414530993256e-21
6,0,0.04625737843305025,0.0,1.4012149449627032e-06,1.9637782710407805e-21
6,0,0.04574300967780878,0.0,1.4012149449627032e-06,1.865050347133777e-21
6,0,0.04479659870019549,0.0,1.4012149449627032e-06,1.7241527717546914e-21
6,0,0.04308365087380457,0.0,1.4012149449627032e-06,1.5188570854250786e-21
6,0,0.041592005153585826,0.0,1.4012149449627032e-06,1.2738447137636121e-21
6,0,0.04159794618922671,0.0,1.4012149449627032e-06,1.0495441691586492e-21
6,0,0.04295835757987147,0.0,1.4012149449627032e-06,8.94744870389201e-22
6,0,0.04474480210952224,0.0,1.4012149449627032e-06,8.349744068353175e-22
6,0,0.046469913613831446,0.0,1.4012149449627032e-06,4.825184730633781e-22
6,0,0.04376322852205586,0.0,1.4012149449627032e-06,4.903938040088315e-22
6,0,0.0402315770786632,0.0,1.4012149449627032e-06,4.695159248872226e-22
6,0,0.03684126281959238,0.0,1.4012149449627032e-06,4.544459300506639e-22
6,0,0.036260469915806226,0.0,1.4012149449627032e-06,4.544043286819661e-22
6,0,0.03888881624451951,0.0,1.3087044408166548e-06,4.404136975121415e-22
6,0,0.033812348413497555,0.0,1.2764452321789577e-06,4.498579150258985e-22
6,0,0.03176044590057627,0.0,1.1628553693299182e-06,5.167453933142646e-22
6,0,0.03716910420588542,0.0,1.1242761956964387e-06,7.635108284772984e-22
6,0,0.039325206128335455,0.0,1.1242761956964387e-06,1.0522542156015582e-21
6,0,0.03959839870766665,0.0,1.1628553693299182e-06,1.5129356556567745e-21
6,0,0.041134258656393585,0.0,9.86075747277937e-07,2.0674014239634787e-21
6,0,0.044524420641397784,0.0,1.201190229949134e-06,2.833617856019068e-21
6,0,0.04615313218078,0.0,1.201190229949134e-06,3.398467911603063e-21
6,0,0.045536379966193634,0.0,1.2552544603749993e-06,4.0754473883180926e-21
6,0,0.04696311574311088,0.0,1.4550569176208228e-06,5.6528476969204716e-21
6,0,0.04989671683715389,0.0,1.596373522261274e-06,7.894382352833083e-21
6,0,0.05302281378517378,0.0,1.596373522261274e-06,1.0825386993489632e-20
6,0,0.055178500825591885,0.0,1.3733113064517966e-06,1.431305187465169e-20
6,0,0.0566225298423433,0.0,1.5075078181325807e-06,1.7901642484068022e-20
6,0,0.0595763962650577,0.0,1.5036082459118916e-06,2.353431432496366e-20
6,0,0.06239076418927178,0.0,1.2691707524936646e-06,2.704219666351925e-20
6,0,0.06342637240592637,0.0,1.4753176174053806e-06,2.7613137078701237e-20
6,0,0.05719539934428504,0.0,1.4753176174053806e-06,2.5859321925219885e-20
6,0,0.047197643208206595,0.0,1.5166675666478113e-06,2.233017199763373e-20
6,0,0.05125952781968882,0.0,1.2765219707944198e-06,1.928582745718608e-20
6,0,0.06260770341462056,0.0,1.2765219707944198e-06,1.7729362734458248e-20
6,0,0.06328543829734419,0.0,1.4012149449627032e-06,1.3052531210903879e-20
6,0,0.065666031690541,0.0,1.2765219707944198e-06,8.790643855644226e-21
6,0,0.06601232049143738,0.0,1.2765219707944198e-06,5.1247211485802065e-21
6,0,0.06319172463514701,0.0,1.2765219707944198e-06,2.6112084571285222e-21
6,0,0.05903161942262251,0.0,1.2765219707944198e-06,1.3496118123495377e-21
6,0,0.053901564557630455,0.0,1.2765219707944198e-06,7.250841389847601e-22
6,0,0.04767328307034256,0.0,1.2765219707944198e-06,3.9601960974863e-22
6,0,0.042883115072343665,0.0,1.2765219707944198e-06,2.661124445010836e-22
6,0,0.03973127300454104,0.0,1.2765219707944198e-06,1.9763579645281886e-22
6,0,0.03801970652572139,0.0,1.0824625178429415e-06,1.6741617600448476e-22
6,0,0.03757103923588835,0.0,1.0824625178429415e-06,1.6122381984689155e-22
6,0,0.03820002980054853,0.0,1.0824625178429415e-06,1.688328818378403e-22
6,0,0.039527582503899206,0.0,1.6297960883093765e-06,1.8574593342803397e-22
6,0,0.04130177099842202,0.0,1.7644863419263856e-06,2.2927637627250947e-22
6,0,0.042909806882842454,0.0,1.9358546978764934e-06,2.6865320770461943e-22
6,0,0.04749848457487976,0.0,1.8722820414041053e-06,9.13144186411929e-22
6,0,0.04791141304732307,0.0,2.022977696469752e-06,1.0078439467231589e-21
6,0,0.04926826359732427,0.0,2.022977696469752e-06,1.388082980975356e-21
6,0,0.04860392190202393,0.0,2.022977696469752e-06,1.5066118437179353e-21
6,0,0.04947737543374254,0.0,2.091667056447477e-06,1.795545567201407e-21
6,0,0.05377983829589184,0.0,2.091667056447477e-06,2.025636275120045e-21
6,0,0.05694095667872919,0.0,2.091667056447477e-06,2.313031858677855e-21
6,0,0.05977455146141636,0.0,2.091667056447477e-06,2.5735218580046005e-21
6,0,0.06086083999216631,0.0,2.091667056447477e-06,2.7108386864498048e-21
6,0,0.06042118161025669,0.0,2.091667056447477e-06,2.741192741418163e-21
6,0,0.05961386090492641,0.0,1.9358546978764934e-06,2.7054151604413272e-21
6,0,0.05942801744235997,0.0,1.9358546978764934e-06,2.617820853319153e-21
6,0,0.059292017894666864,0.0,1.7644863419263856e-06,2.4670043807315336e-21
6,0,0.05698924792497023,0.0,1.7644863419263856e-06,2.1311898527193533e-21
6,0,0.03304901708384787,0.0,1.7644863419263856e-06,9.17704887916712e-22
6,0,0.028186404073741497,0.0,1.6297960883093765e-06,7.995453382955211e-22
6,0,0.02460793287627932,0.0,1.6297960883093765e-06,6.724068602551342e-22
6,0,0.0221852243220454,0.0,1.7890555454869173e-06,5.491501837136099e-22
6,0,0.020862365567701876,0.0,2.125621222148766e-06,4.211010194006869e-22
6,0,0.020597521391487246,0.0,2.6195166356046684e-06,2.8997852873166973e-22
6,0,0.018818739341412836,0.0,1.739806521072751e-06,1.99189663109487e-22
6,0,0.015539397457086799,0.0,1.637815671529097e-06,1.4241582338816116e-22
6,0,0.013317223990509244,0.0,1.478952071920503e-06,1.0818853710581464e-22
6,0,0.0123231638306028,0.0,1.6812522289910703e-06,9.091570814485503e-23
6,0,0.01201568192078178,0.0,1.9554524897102965e-06,1.1035434525476807e-22
6,0,0.009807698696322776,0.0,2.287389179400634e-06,6.919617123536044e-23
6,0,0.008432347566881984,0.0,2.287389179400634e-06,5.890865510303495e-23
6,0,0.007584294546203757,0.0,2.0178310933260946e-06,4.6584587258798306e-23
6,0,0.007111119127923941,0.0,2.0178310933260946e-06,3.727829734115378e-23
6,0,0.006377689308367967,0.0,2.1845892206329154e-06,2.4962914855483624e-23
6,0,0.005629340675351195,0.0,2.1845892206329154e-06,1.1958618563562145e-23
6,0,0.00549129615628848,0.0,1.8675705177884083e-06,7.740882225933e-24
6,0,0.005853016656511825,0.0,1.6428513163191383e-06,1.2386611892246184e-23
6,0,0.006227115615347727,0.0,1.9326137135067256e-06,1.2436135002154149e-23
6,0,0.006309711943574866,0.0,1.707723185973009e-06,1.0961837589552031e-23
6,0,0.027054582929703627,0.0,1.707723185973009e-06,9.045698868391263e-23
6,0,0.02812097878621884,0.0,1.845173756009899e-06,1.1857417491297514e-22
6,0,0.031096030757685997,0.0,2.091667056447477e-06,1.6194747666513062e-22
6,0,0.033291287300692536,0.0,2.091667056447477e-06,2.0494660591272166e-22
6,0,0.033281079237515,0.0,2.091667056447477e-06,2.2761540123757404e-22
6,0,0.03421898802801448,0.0,2.091667056447477e-06,2.5987059836574044e-22
6,0,0.03663898148407616,0.0,2.091667056447477e-06,2.2627095506313673e-22
6,0,0.03899631208286169,0.0,2.091667056447477e-06,2.718158457369591e-22
6,0,0.040661446285574006,0.0,2.091667056447477e-06,3.5651365756355348e-22
6,0,0.03855317698735371,0.0,2.091667056447477e-06,4.682817172911245e-22
6,0,0.03419958116288751,0.0,2.091667056447477e-06,6.170776457323215e-22
6,0,0.03054585028808326,0.0,2.5970155093091307e-06,8.401760420483745e-22
6,0,0.028729820944157377,0.0,2.444773599563632e-06,1.0888043501509823e-21
6,0,0.010823643889890776,0.0,2.841869445546763e-06,7.727493363105227e-23
6,0,0.01084166602144516,0.0,2.423362275294494e-06,8.341367249063941e-23
6,0,0.009552839440422428,0.0,2.754844217633945e-06,8.770101160365802e-23
6,0,0.00806202044183909,0.0,2.982428213726962e-06,9.418461520745882e-23
6,0,0.007510203580315328,0.0,2.982428213726962e-06,1.0745477024621427e-22
6,0,0.0072510623781942875,0.0,2.982428213726962e-06,1.2392194503100252e-22
6,0,0.007219424364620399,0.0,2.982428213726962e-06,1.4894221480746115e-22
6,0,0.006933414378763001,0.0,2.982428213726962e-06,1.5157251687918319e-22
6,0,0.006521549893189316,0.0,2.982428213726962e-06,1.3462021157034573e-22
6,0,0.006104261272088198,0.0,2.982428213726962e-06,1.165974409457851e-22
6,0,0.0057222250506709545,0.0,2.982428213726962e-06,1.2494103972457772e-22
6,0,0.005319239931192216,0.0,2.982428213726962e-06,1.1020879095142393e-22
6,0,0.004690148593072191,0.0,2.6309630811738316e-06,7.950861537229091e-23
6,0,0.004023093554923756,0.0,2.6309630811738316e-06,5.498604740726709e-23
6,0,0.003373239252212848,0.0,2.3967584183992585e-06,3.2725004817992585e-23
6,0,0.0027854705351018963,0.0,2.3967584183992585e-06,1.8118508361740075e-23
6,0,0.0024353887195804353,0.0,2.1845892206329154e-06,1.0580855637653733e-23
6,0,0.0023471303749896975,0.0,2.1845892206329154e-06,5.7877095618296355e-24
6,0,0.0025122891141786505,0.0,1.8675705177884083e-06,3.9678587294436006e-24
6,0,0.0025523334597107048,0.0,1.9326137135067256e-06,2.4285219045735e-24
6,0,0.0030124635335826776,0.0,2.3967584183992585e-06,5.159727766328039e-24
6,0,0.002955477221649851,0.0,2.0489505914156325e-06,3.428319679900405e-24
6,0,0.0030205430067827823,0.0,1.408248181178351e-06,2.2077049460601658e-24
6,0,0.0030728497511307816,0.0,1.0338144420529716e-06,1.5706053976084117e-24
6,0,0.003017632139544919,0.0,1.0338144420529716e-06,1.1811764217446202e-24
6,0,0.0031077732498902442,0.0,9.548992920827004e-07,9.425532948786374e-25
6,0,0.0033276084005370308,0.0,9.548992920827004e-07,7.848666066350384e-25
6,0,0.0035565154401708938,0.0,9.548992920827004e-07,7.00721377673055e-25
6,0,0.0037352757076163493,0.0,9.548992920827004e-07,6.675932132621052e-25
6,0,0.00402550520043542,0.0,9.548992920827004e-07,6.71816133599173e-25
6,0,0.00440933992215404,0.0,9.548992920827004e-07,6.81555361031225e-25
6,0,0.0047458427200339805,0.0,1.0824625178429415e-06,7.730580491371719e-25
6,0,0.005053727365565653,0.0,1.0824625178429415e-06,8.774844975419349e-25
6,0,0.005559448891094722,0.0,1.0824625178429415e-06,9.844168612197455e-25
6,0,0.005648537746437128,0.0,1.0824625178429415e-06,8.130619745018346e-25
6,0,0.005209155314498333,0.0,1.0824625178429415e-06,6.552154433173152e-25
6,0,0.004755459495166014,0.0,1.0824625178429415e-06,6.368470143544702e-25
6,0,0.004526030692798063,0.0,1.0824625178429415e-06,7.396746389195765e-25
6,0,0.004477034702471286,0.0,1.0824625178429415e-06,1.017468851249535e-24
6,0,0.0045121521584952935,0.0,1.2861007689934922e-06,6.044561883708692e-25
6,0,0.004497300769281626,0.0,1.3439866961562075e-06,6.480168903419471e-25
6,0,0.004401693324804256,0.0,1.6144148275998305e-06,1.7067305451600574e-24
6,0,0.004461068764974423,0.0,1.254118842552998e-06,1.5878709990257577e-24
6,0,0.004596728332697699,0.0,1.4256650047173025e-06,1.5427086135942416e-24
6,0,0.0046929578875139835,0.0,1.4256650047173025e-06,1.5603815630615211e-24
6,0,0.004047646684269359,0.0,1.4256650047173025e-06,1.519474884998446e-24
6,0,0.003342933128567706,0.0,1.4256650047173025e-06,1.5327598942880468e-24
6,0,0.003125110929695753,0.0,1.5434853821716388e-06,1.501176763263779e-24
6,0,0.0032156695846551862,0.0,1.5434853821716388e-06,1.3864456220693402e-24
6,0,0.0031195498725529905,0.0,1.5434853821716388e-06,1.1881403872082981e-24
6,0,0.0028925334034080393,0.0,1.4256650047173025e-06,9.20806864912023e-25
6,0,0.002745114456211509,0.0,1.4256650047173025e-06,6.594179518784604e-25
6,0,0.002690222727854231,0.0,1.298754114031908e-06,4.3689404627764775e-25
6,0,0.0026840914224034148,0.0,1.2561034736791044e-06,2.853854947766101e-25
6,0,0.002838365460672795,0.0,1.2236509974172805e-06,2.0111035028429814e-25
6,0,0.00281665285858127,0.0,1.3466618611346348e-06,1.2973272413975206e-25
6,0,0.0028017706644808483,0.0,1.1334344662827789e-06,8.673006730340809e-26
6,0,0.0028857722794688634,0.0,1.1334344662827789e-06,5.879003768789474e-26
6,0,0.0028932438764868017,0.0,1.171919848275138e-06,3.6856166974628765e-26
6,0,0.002793492941586289,0.0,1.0824625178429415e-06,2.5409337638917098e-26
6,0,0.0026472634873425283,0.0,1.0824625178429415e-06,2.0396502527762712e-26
6,0,0.0026299092574682144,0.0,1.0824625178429415e-06,1.919183180680454e-26
6,0,0.002722991975889488,0.0,1.0824625178429415e-06,1.91793902993638e-26
6,0,0.0028488561446165478,0.0,1.0824625178429415e-06,1.9942268098519094e-26
6,0,0.0030174989470738204,0.0,1.0824625178429415e-06,2.2888093504256034e-26
6,0,0.0031171521275268413,0.0,1.171919848275138e-06,2.561028608782655e-26
6,0,0.0031720542047587014,0.0,1.171919848275138e-06,2.884168838571723e-26
6,0,0.003126851347212813,0.0,1.171919848275138e-06,3.224170045763517e-26
6,0,0.0029143470405648677,0.0,1.171919848275138e-06,3.5699203849509e-26
6,0,0.0025581123464431857,0.0,1.171919848275138e-06,3.7745450489381994e-26
6,0,0.002294371781991661,0.0,1.7644863419263856e-06,3.7116907074219687e-26
6,0,0.002262141866531674,0.0,1.6297960883093765e-06,3.616468108739597e-26
6,0,0.0024065875684704547,0.0,1.0824625178429415e-06,3.544125865945337e-26
6,0,0.0025168626531369147,0.0,1.0824625178429415e-06,3.627383355218011e-26
6,0,0.0023834808738702105,0.0,1.1882381159011857e-06,3.806921934270491e-26
6,0,0.0021694839250390027,0.0,1.1882381159011857e-06,3.9864552747935225e-26
6,0,0.002027398171977229,0.0,1.411775315318664e-06,3.695020782269726e-26
6,0,0.0019223819614560495,0.0,1.4753176174053806e-06,3.068553981810655e-26
6,0,0.0017942598714879505,0.0,1.478952071920503e-06,2.4187837371732893e-26
6,0,0.0016484741175175636,0.0,1.6812522289910703e-06,1.8794943867584996e-26
6,0,0.001513791001282383,0.0,1.6812522289910703e-06,1.4718029049973165e-26
6,0,0.001379975580637219,0.0,1.8454800283507211e-06,1.1816439173570889e-26
6,0,0.0012412331338323814,0.0,1.8454800283507211e-06,9.692391126920471e-27
6,0,0.0010930479978709066,0.0,1.8454800283507211e-06,7.470864832436816e-27
6,0,0.0009855782224491704,0.0,1.8454800283507211e-06,6.037963709348979e-27
6,0,0.0009033570350412684,0.0,1.8454800283507211e-06,4.884994192561894e-27
6,0,0.0008261710266267144,0.0,1.8454800283507211e-06,3.859280496850196e-27
6,0,0.0007818398968623981,0.0,1.8454800283507211e-06,2.9699598116490402e-27
6,0,0.0007523148550317718,0.0,1.8454800283507211e-06,2.2117814741510448e-27
6,0,0.0007154816473029727,0.0,1.8454800283507211e-06,1.5565031661692289e-27
6,0,0.0007154247577178467,0.0,1.8454800283507211e-06,1.0296062890187967e-27
6,0,0.0006924290035263245,0.0,1.7848752804638934e-06,6.450981311852766e-28
6,0,0.0006773289683740831,0.0,1.7848752804638934e-06,3.8699373894562194e-28
6,0,0.0006734875060178029,0.0,1.6259878066193778e-06,2.2641877612747714e-28
6,0,0.0007059442569550364,0.0,1.6259878066193778e-06,1.3294541535415753e-28
6,0,0.0007056782061124818,0.0,1.4789042097618221e-06,7.768967876652352e-29
6,0,0.0006991453662226074,0.0,1.961182306331466e-06,5.078441938784061e-29
6,0,0.0006848661361845619,0.0,2.2797300971433287e-06,3.7220783911329535e-29
6,0,0.0006743129593134677,0.0,2.2797300971433287e-06,3.141869425894763e-29
6,0,0.0007231779401003134,0.0,1.7709530766296666e-06,3.086370143428599e-29
6,0,0.0008217928909013254,0.0,1.9440060441411333e-06,3.5620248858843137e-29
6,0,0.0008765270943401283,0.0,2.209918875450967e-06,4.9103795742323085e-29
6,0,0.0009317956318341237,0.0,1.8454800283507211e-06,7.319570781575927e-29
6,0,0.001028215014648327,0.0,1.5903788153082132e-06,1.0360277727876213e-28
6,0,0.0011474950195726156,0.0,1.6339902231266024e-06,1.3907708277753824e-28
6,0,0.001230800236488782,0.0,1.6339902231266024e-06,1.7963271369333703e-28
6,0,0.0012195309122463181,0.0,1.6339902231266024e-06,2.2748451353632813e-28
6,0,0.001173773081784815,0.0,1.4436675428441959e-06,2.8741822562531936e-28
6,0,0.0011633208384157153,0.0,1.4436675428441959e-06,3.6403545030231085e-28
6,0,0.00116171555641088,0.0,1.4436675428441959e-06,4.500264649081267e-28
6,0,0.0011792385761133653,0.0,1.4436675428441959e-06,5.31575298023089e-28
6,0,0.0012023981933704097,0.0,1.4436675428441959e-06,5.922147912143253e-28
6,0,0.0012090904991573332,0.0,1.4436675428441959e-06,6.211876627774605e-28
6,0,0.001161829986923451,0.0,1.5541867242063745e-06,6.19982656559506e-28
6,0,0.0011112276983099307,0.0,1.463378794142045e-06,6.210786551426082e-28
6,0,0.0011126900017750124,0.0,1.463378794142045e-06,5.850987208110575e-28
6,0,0.0011019534434411349,0.0,1.611684183444595e-06,6.381227018161977e-28
6,0,0.0010652855487189989,0.0,1.5899753407211392e-06,7.459442527122644e-28
6,0,0.0010167782693813797,0.0,1.5899753407211392e-06,9.239828019682592e-28
6,0,0.0009444613182013191,0.0,1.5377612498923554e-06,1.1681664521992614e-27
6,0,0.0008933029016372358,0.0,1.5377612498923554e-06,1.4263944650672215e-27
6,0,0.0008485480570316695,0.0,1.4026040844328236e-06,1.5303914079832268e-27
6,0,0.0008181157441932904,0.0,1.4026040844328236e-06,1.4190785312839749e-27
6,0,0.0007952086842921129,0.0,1.4026040844328236e-06,1.1260576310056872e-27
6,0,0.0007994135278266637,0.0,1.4026040844328236e-06,7.722139371537063e-28
6,0,0.00076731777010902,0.0,1.4026040844328236e-06,4.739846000820664e-28
6,0,0.000705577989161782,0.0,1.2735379186779028e-06,2.7935002360579513e-28
6,0,0.0006230502290638191,0.0,1.371033135910693e-06,1.7233115216230045e-28
6,0,0.0005884990991564927,0.0,1.371033135910693e-06,1.1358242865690423e-28
6,0,0.0005857358051025348,0.0,1.371033135910693e-06,7.966563474121622e-29
6,0,0.0005888411791209169,0.0,1.1601691767282318e-06,6.199823074847036e-29
6,0,0.0005637348725258245,0.0,1.1601691767282318e-06,5.226912480049981e-29
6,0,0.0005443545298215609,0.0,1.3131175364833325e-06,5.083132180051752e-29
6,0,0.0005395460899475959,0.0,1.3131175364833325e-06,5.724457221882979e-29
6,0,0.0005657647495790114,0.0,1.3131175364833325e-06,7.319794670931962e-29
6,0,0.0006099581273678526,0.0,1.3131175364833325e-06,9.666865910699032e-29
6,0,0.0005956798715512339,0.0,1.680011678217852e-06,1.331382731639636e-28
6,0,0.0005652827766407885,0.0,1.680011678217852e-06,2.012696819871148e-28
6,0,0.0006078849184136773,0.0,1.6279988130918355e-06,3.33505103267274e-28
6,0,0.0007259068139849527,0.0,1.6279988130918355e-06,5.494167278419035e-28
6,0,0.0008503280800941911,0.0,1.6279988130918355e-06,8.906998436343312e-28
6,0,0.0008529466725229153,0.0,1.6279988130918355e-06,1.3870571533601177e-27
6,0,0.0008487416718522494,0.0,1.8454800283507211e-06,2.199212084961996e-27
6,0,0.0008714537837356659,0.0,1.8454800283507211e-06,3.5858323411142295e-27
6,0,0.0009689688348678353,0.0,1.8454800283507211e-06,5.7150807838004814e-27
6,0,0.001004796850540409,0.0,1.8454800283507211e-06,8.355778026960241e-27
6,0,0.0008685813711689766,0.0,1.8454800283507211e-06,1.3074318716660613e-26
6,0,0.0008772936304469801,0.0,1.4809859294473426e-06,2.5402359609542594e-26
6,0,0.0010642604421127202,0.0,1.631075747354771e-06,4.586071838488716e-26
6,0,0.0012997225124241137,0.0,2.0325092009443324e-06,6.986712391139504e-26
6,0,0.0014458970725805646,0.0,2.0325092009443324e-06,9.220331368632373e-26
6,0,0.0014476687613431262,0.0,2.4863563794497168e-06,1.1829749506528142e-25
6,0,0.00136885315470581,0.0,2.5176518647640478e-06,1.5622690113848755e-25
6,0,0.0012061421775718063,0.0,2.0203997337375768e-06,2.0490408098511914e-25
6,0,0.0011049312031905466,0.0,1.7823050484366831e-06,2.690045515606629e-25
6,0,0.0011336552209211673,0.0,1.7823050484366831e-06,3.290736470876878e-25
6,0,0.0011883861463959338,0.0,1.7823050484366831e-06,4.096528303276196e-25
6,0,0.0011872956230447908,0.0,1.7823050484366831e-06,5.238760190548059e-25
6,0,0.001125519946492525,0.0,1.7823050484366831e-06,6.349572980560133e-25
6,0,0.0010249656590676812,0.0,1.6889418930077227e-06,7.157285689263664e-25
6,0,0.0009219238148784841,0.0,1.6889418930077227e-06,7.675630412866286e-25
6,0,0.0008414503063118855,0.0,1.6889418930077227e-06,8.0431942351972275e-25
6,0,0.0008081867279556871,0.0,1.6889418930077227e-06,8.1682982070420305e-25
6,0,0.0008669288304731358,0.0,1.6889418930077227e-06,8.065808412159585e-25
6,0,0.0009631735282046468,0.0,2.1046171241323464e-06,5.976373733137519e-25
6,0,0.0009833250065715367,0.0,1.8155556062993128e-06,3.847612858875988e-25
6,0,0.0009577201186710824,0.0,1.8155556062993128e-06,2.2759943666500463e-25
6,0,0.0009049897887768405,0.0,1.8155556062993128e-06,1.3162751873028635e-25
6,0,0.0008448484359779707,0.0,1.8155556062993128e-06,7.588490618604277e-26
6,0,0.0007736591949279452,0.0,1.8155556062993128e-06,4.419189854733166e-26
6,0,0.0006953725494100074,0.0,1.792987518456357e-06,2.640319298667473e-26
6,0,0.0006199601314646707,0.0,1.792987518456357e-06,1.6736476046656897e-26
6,0,0.0005389998014873207,0.0,1.792987518456357e-06,1.1694733497409237e-26
6,0,0.00045730695972096675,0.0,1.792987518456357e-06,9.015538455405132e-27
6,0,0.00039969120427941097,0.0,1.792987518456357e-06,8.896681614817218e-27
6,0,0.0003766331676391923,0.0,1.792987518456357e-06,7.387348806328408e-27
6,0,0.0003763162899078211,0.0,1.792987518456357e-06,6.987294638280291e-27
6,0,0.0003954957697276889,0.0,1.792987518456357e-06,6.916699290982788e-27
6,0,0.00041967899196507236,0.0,1.8155556062993128e-06,7.138926954661787e-27
6,0,0.00043434177191717307,0.0,1.8155556062993128e-06,7.673045876510677e-27
6,0,0.00044493336323486764,0.0,2.2209583221410867e-06,8.315807276894428e-27
6,0,0.00045324790914410526,0.0,2.2209583221410867e-06,8.931161153425594e-27
6,0,0.0004567991713047011,0.0,2.2209583221410867e-06,9.61641473135835e-27
6,0,0.000428050740909018,0.0,2.0899663013551617e-06,1.0162808760300787e-26
6,0,0.00040686396427849525,0.0,1.903981910800212e-06,1.0141044981557233e-26
6,0,0.00043555435203340535,0.0,1.903981910800212e-06,9.658103410934556e-27
6,0,0.000447924519460482,0.0,2.023317165367189e-06,8.451532182307263e-27
6,0,0.0004271145402879868,0.0,2.023317165367189e-06,6.901412799828198e-27
6,0,0.0004134673638312475,0.0,2.023317165367189e-06,5.680283466751282e-27
6,0,0.00040331320524845574,0.0,1.6944013623287901e-06,4.449161638750907e-27
6,0,0.00039059141700543276,0.0,1.6944013623287901e-06,3.5906914623639184e-27
6,0,0.0003855161185013995,0.0,1.6944013623287901e-06,2.918076029319226e-27
6,0,0.0003069513145317101,0.0,1.6944013623287901e-06,1.9532382828476858e-27
6,0,0.00026593939761661577,0.0,1.6944013623287901e-06,1.35746620272958e-27
6,0,0.0002382326548235099,0.0,1.6944013623287901e-06,1.0966292288624558e-27
6,0,0.00024737609296708065,0.0,1.6944013623287901e-06,9.79702651561304e-28
6,0,0.00021063417857646066,0.0,1.543567805128987e-06,1.0078332658115101e-27
6,0,0.00028127029757954463,0.0,1.543567805128987e-06,1.0497301387732303e-33
6,0,0.00020236456224453453,0.0,1.5662045598219265e-06,8.466435220809926e-28
6,0,0.00020678078557250797,0.0,1.2143473213654943e-06,6.14930364536395e-28
6,0,0.00019432602200561463,0.0,1.162503849627683e-06,4.183091431742397e-28
6,0,0.00018150701338122887,0.0,1.162503849627683e-06,2.3110742850296356e-28
6,0,0.00017811533642425267,0.0,1.162503849627683e-06,1.6011825260595767e-28
6,0,0.00017757076755748783,0.0,1.162503849627683e-06,1.0372299141847835e-28
6,0,0.00018568593053531473,0.0,1.162503849627683e-06,7.322028749667451e-29
6,0,0.00019239681747135388,0.0,1.1457018445071299e-06,4.7143460865038694e-29
6,0,0.00018982311658774978,0.0,1.297386120313604e-06,3.686300631297315e-29
6,0,0.00018074235550821817,0.0,1.0596354513836559e-06,3.0610905073491937e-29
6,0,0.00018829851983708098,0.0,8.918552225622989e-07,2.5118637363851175e-29
6,0,0.0002079493962186759,0.0,8.918552225622989e-07,2.876835284936898e-29
6,0,0.0002263080352692875,0.0,8.918552225622989e-07,3.4529865565235075e-29
6,0,0.00025055732729435584,0.0,8.918552225622989e-07,4.1661129750204755e-29
6,0,0.0002981346325255308,0.0,9.548992920827004e-07,7.378105209263824e-29
6,0,0.00037467292975535115,0.0,9.548992920827004e-07,1.1637269188620815e-28
6,0,0.00046853511208154886,0.0,9.548992920827004e-07,1.8784100304219113e-28
6,0,0.0005713787989080236,0.0,1.1345396160322707e-06,2.8925840353893275e-28
6,0,0.0006728387492276279,0.0,1.305845671595307e-06,4.130337321670714e-28
6,0,0.0008006287084201719,0.0,1.0242345069855219e-06,6.126007115274156e-28
6,0,0.0009414901610029354,0.0,1.276532884730841e-06,8.88124682705691e-28
6,0,0.0011026777111069546,0.0,1.0952514912787592e-06,1.3121827749121752e-27
6,0,0.0012871735984168375,0.0,1.0952514912787592e-06,1.8974958998742916e-27
6,0,0.0015143214868310938,0.0,9.676795116320136e-07,2.813961604676613e-27
6,0,0.0018704694231412762,0.0,9.818708122111275e-07,4.627701892757415e-27
6,0,0.002286140686229573,0.0,9.818708122111275e-07,7.944205257100733e-27
6,0,0.002610878151254379,0.0,9.818708122111275e-07,1.3448238785735373e-26
6,0,0.0030109782145590256,0.0,8.955720431913505e-07,2.0693688925621218e-26
6,0,0.0033952770255291993,0.0,1.2065760301993578e-06,2.826539467957417e-26
6,0,0.0035398554891568033,0.0,1.2065760301993578e-06,3.7163237244961866e-26
6,0,0.0038531318503745894,0.0,1.2065760301993578e-06,4.824494261884078e-26
6,0,0.004441657132090109,0.0,1.2065760301993578e-06,5.97559485625313e-26
6,0,0.004799223782092808,0.0,1.5618627458025003e-06,7.2537596801867e-26
6,0,0.00508888067172591,0.0,1.7123661564255599e-06,8.248264297447186e-26
6,0,0.005365928616646215,0.0,1.7123661564255599e-06,8.370648055023657e-26
6,0,0.005634792330849004,0.0,1.7123661564255599e-06,6.876216397626164e-26
6,0,0.005644106113772656,0.0,1.7970719454751816e-06,4.4767261644125593e-26
6,0,0.005609423807717171,0.0,1.7970719454751816e-06,2.3515667791470326e-26
6,0,0.005632652180427335,0.0,9.818708122111275e-07,1.0291866096246153e-26
6,0,0.00558218217288714,0.0,9.818708122111275e-07,4.2200372199410574e-27
6,0,0.00496394688100849,0.0,9.818708122111275e-07,1.852960695840281e-27
6,0,0.004092210481137608,0.0,8.244883815677895e-07,8.95917091557179e-28
6,0,0.003570650301483613,0.0,9.05025899555767e-07,4.383440627549654e-28
6,0,0.0031810422749197747,0.0,9.05025899555767e-07,2.245599407675275e-28
6,0,0.0028038812381642264,0.0,1.2626502439161413e-06,1.205817515943557e-28
6,0,0.0024639377102892487,0.0,1.0169532060899655e-06,6.991207550148303e-29
6,0,0.0022356438718668125,0.0,9.26455300032103e-07,4.4422543150794865e-29
6,0,0.0020895804226323555,0.0,9.26455300032103e-07,3.072836874450633e-29
6,0,0.0020203147001002036,0.0,9.26455300032103e-07,2.5042289287883912e-29
6,0,0.001965338939997907,0.0,9.130649232247379e-07,2.2133995141011664e-29
6,0,0.0019065153551327595,0.0,7.742589787085308e-07,2.0196330565658587e-29
6,0,0.0018736816665809002,0.0,7.742589787085308e-07,2.0062567207857048e-29
6,0,0.001794916603444506,0.0,7.742589787085308e-07,2.2127747905754558e-29
6,0,0.0016859832229826341,0.0,7.742589787085308e-07,2.5779917447318685e-29
6,0,0.0016504672757373551,0.0,7.742589787085308e-07,3.484398774843017e-29
6,0,0.001672672042577688,0.0,9.982542223951896e-07,5.628016881770896e-29
6,0,0.0017307357070399888,0.0,1.2394335726639838e-06,1.0281770804811913e-28
6,0,0.0018954453403670927,0.0,8.883848749974277e-07,1.8145643694298807e-28
6,0,0.0022575236379592163,0.0,9.746656814968446e-07,3.5456228238835613e-28
6,0,0.0027686498342860224,0.0,9.889594139167457e-07,7.246672046139061e-28
6,0,0.003310887573492288,0.0,1.06855850390275e-06,1.4806265337782272e-27
6,0,0.0037622079572664537,0.0,1.06855850390275e-06,3.148699784590781e-27
6,0,0.004288405095352327,0.0,1.06855850390275e-06,6.758381686578335e-27
6,0,0.004887912370696561,0.0,1.06855850390275e-06,1.4741123261122302e-26
6,0,0.005575667274167912,0.0,1.06855850390275e-06,3.2082205724848706e-26
6,0,0.0063858369815278015,0.0,1.8158241346100112e-06,6.486125912589538e-26
6,0,0.00725692178615591,0.0,1.8158241346100112e-06,1.1250968423343308e-25
6,0,0.008119845153097573,0.0,1.8158241346100112e-06,1.5793886488828523e-25
6,0,0.008740179333621246,0.0,1.7895794144351385e-06,1.76823060971725e-25
6,0,0.009469372666655665,0.0,1.7895794144351385e-06,1.532215629567251e-25
6,0,0.00993643568268934,0.0,1.053114374371944e-06,1.1442016976041028e-25
6,0,0.009530941342085736,0.0,1.053114374371944e-06,8.005447980439501e-26
6,0,0.009319101082573176,0.0,1.053114374371944e-06,4.9877524158562685e-26
6,0,0.00961120956660037,0.0,1.053114374371944e-06,2.811548645567889e-26
6,0,0.009993895646481107,0.0,1.053114374371944e-06,1.573626358933883e-26
6,0,0.010077368960373789,0.0,1.4059748991712695e-06,9.145467852429317e-27
6,0,0.009942957028826728,0.0,1.183356175715744e-06,5.295494989814356e-27
6,0,0.008592981748346074,0.0,1.183356175715744e-06,3.107603328472474e-27
6,0,0.007242332566125032,0.0,1.4637571439379826e-06,1.842655429893854e-27
6,0,0.006410104794426965,0.0,1.4637571439379826e-06,1.1106018506089852e-27
6,0,0.006319686408350997,0.0,1.4637571439379826e-06,6.295898210493415e-28
6,0,0.006166223186834282,0.0,1.4637571439379826e-06,3.529227382266993e-28
6,0,0.005646549713334916,0.0,1.4637571439379826e-06,2.1504223572360883e-28
6,0,0.004864931342984011,0.0,1.4637571439379826e-06,1.42081112193607e-28
6,0,0.004199971182427122,0.0,1.4637571439379826e-06,9.307959837765856e-29
6,0,0.0037323862545685874,0.0,1.4637571439379826e-06,6.649917717675194e-29
6,0,0.003166625857222657,0.0,1.174655608338071e-06,6.06971085892288e-29
6,0,0.0025849534290815963,0.0,1.174655608338071e-06,7.395237559825364e-29
6,0,0.0022922170730400025,0.0,1.174655608338071e-06,9.820145860147951e-29
6,0,0.002163195374453639,0.0,1.174655608338071e-06,1.8914172797838166e-28
6,0,0.002138325336945022,0.0,1.174655608338071e-06,3.8414182188397333e-28
6,0,0.0021945943566886584,0.0,1.458453766645107e-06,7.953328483543793e-28
6,0,0.0023148690421726657,0.0,1.0453715049152379e-06,1.5410652969210097e-27
6,0,0.002483353305507778,0.0,8.451174267065653e-07,2.7731264972517593e-27
6,0,0.0027816944801912465,0.0,8.451174267065653e-07,4.886373543588064e-27
6,0,0.002806633428660954,0.0,1.0453715049152379e-06,8.870722390282812e-27
6,0,0.002612629944324558,0.0,1.0453715049152379e-06,1.6992581588429646e-26
6,0,0.0032168280206422693,0.0,1.9500091639201855e-06,3.029913356001634e-26
6,0,0.004473592838416339,0.0,1.5963034911692375e-06,6.6185460762922e-26
6,0,0.005085362130980499,0.0,1.5963034911692375e-06,1.5270457556691751e-25
6,0,0.005607051357045389,0.0,1.5963034911692375e-06,2.4320803575093387e-25
6,0,0.005507225990500493,0.0,1.5963034911692375e-06,3.9957749884613684e-25
6,0,0.005664871796351626,0.0,1.5963034911692375e-06,5.296915016480952e-25
6,0,0.00634743070337574,0.0,1.5963034911692375e-06,5.763779663484982e-25
6,0,0.007019070602962241,0.0,1.5963034911692375e-06,5.591436235445216e-25
6,0,0.007465802542058447,0.0,1.5963034911692375e-06,3.353720604663921e-25
6,0,0.0073777238795555,0.0,1.5963034911692375e-06,2.1346354228150986e-25
6,0,0.0069295603876099315,0.0,1.7842896795627894e-06,1.3031155082895797e-25
6,0,0.006453663772056324,0.0,1.0500015150682884e-06,7.392370553102601e-26
6,0,0.006288169004786989,0.0,1.223793333338108e-06,3.8310324201326815e-26
6,0,0.006131514071451538,0.0,1.1148528074045316e-06,1.7739999562735355e-26
6,0,0.005909448917940428,0.0,1.1148528074045316e-06,7.288510851954432e-27
6,0,0.005472983575724053,0.0,1.1148528074045316e-06,2.874600279347623e-27
6,0,0.004777043132653763,0.0,1.219528144247306e-06,1.0722111334695478e-27
6,0,0.0040552178083009755,0.0,9.822219908528496e-07,4.26517215855975e-28
6,0,0.0032995400357354776,0.0,9.822219908528496e-07,1.9939128640116748e-28
6,0,0.002514433498240987,0.0,1.0155731615668628e-06,3.7005886842575485e-28
6,0,0.0026975308315487605,0.0,1.0412393294245703e-06,8.829625645275013e-29
6,0,0.0032564162720489943,0.0,1.114843257710163e-06,1.0385919077673298e-28
6,0,0.003283813328143642,0.0,1.114843257710163e-06,1.027063772602714e-28
6,0,0.0033086783518550453,0.0,1.114843257710163e-06,1.0467136747134323e-28
6,0,0.003108521703601939,0.0,1.0782321169244824e-06,1.1165610148946596e-28
6,0,0.0029291735948042234,0.0,1.0782321169244824e-06,1.3602337640596645e-28
6,0,0.0029557206577449017,0.0,1.1663762506941566e-06,1.968496727647461e-28
6,0,0.0029209710036639915,0.0,1.1973096434303443e-06,3.3063214542098294e-28
6,0,0.0028082145195220186,0.0,1.3143077239874401e-06,6.022480195561078e-28
6,0,0.0027977815694811476,0.0,1.3143077239874401e-06,1.1671330944876005e-27
6,0,0.003007390747857069,0.0,1.3143077239874401e-06,2.38093782709652e-27
6,0,0.003330063405214808,0.0,1.3143077239874401e-06,5.035102327985402e-27
6,0,0.0038209318596759325,0.0,1.3143077239874401e-06,1.0550650991757533e-26
6,0,0.004308675320181146,0.0,2.2334304503601743e-06,2.1671663825429412e-26
6,0,0.004624567359502526,0.0,2.0194424905639607e-06,3.780611882337415e-26
6,0,0.004761660564258468,0.0,3.2831428598001366e-06,6.564936198509028e-26
6,0,0.004751904214964484,0.0,3.631037088780431e-06,1.1823026932501462e-25
6,0,0.0049280918815942975,0.0,3.2831428598001366e-06,2.2414178536171107e-25
6,0,0.005440580401231021,0.0,3.547394953784533e-06,4.118244657920799e-25
6,0,0.0062591986491819145,0.0,3.0436276574619114e-06,7.005823902423164e-25
6,0,0.00698529853587258,0.0,1.6748781490605325e-06,1.0455944049262191e-24
6,0,0.007622733075710841,0.0,1.6748781490605325e-06,1.3293653232969714e-24
6,0,0.008087763258419487,0.0,1.5963034911692375e-06,1.3234504442296242e-24
6,0,0.008544930286246123,0.0,1.5963034911692375e-06,1.0401561950608518e-24
6,0,0.009477662514117224,0.0,1.5963034911692375e-06,7.1815170310817245e-25
6,0,0.011164095600983867,0.0,1.5764605905133067e-06,4.0284355555707484e-25
6,0,0.01307387971779511,0.0,9.277001709051547e-07,2.5823768488814076e-25
6,0,0.013175445536797881,0.02,9.277001709051547e-07,1.576180573448448e-25
6,0,0.011544650770353977,0.0,9.591999514668714e-07,9.620087248650703e-26
6,0,0.010409567263730882,0.0,9.591999514668714e-07,4.5655441986206677e-26
6,0,0.009733568778824694,0.0,9.591999514668714e-07,2.589912935716597e-26
6,0,0.009222435141689272,0.0,1.1665964620988234e-06,1.2382860562819019e-26
6,0,0.008410401473170038,0.0,9.818802482186584e-07,5.955657167245646e-27
6,0,0.007404066655505459,0.0,9.818802482186584e-07,2.9357393106181845e-27
6,0,0.006553171734198801,0.0,1.576466615915706e-06,1.5617489178552536e-27
6,0,0.0060184742908985355,0.0,1.576466615915706e-06,9.074915453369574e-28
6,0,0.005477008576486284,0.0,1.576466615915706e-06,5.613996713628865e-28
6,0,0.004936440101463219,0.0,1.576466615915706e-06,3.680653383403196e-28
6,0,0.004618648836762462,0.0,9.818802482186584e-07,2.601783299002681e-28
6,0,0.004395446172313125,0.0,9.087379453376343e-07,2.015839456057902e-28
6,0,0.004182740130166116,0.0,9.087379453376343e-07,1.7415647634121776e-28
6,0,0.004026182204937843,0.0,9.087379453376343e-07,1.7692333952169738e-28
6,0,0.004028583686352959,0.0,8.282933663394942e-07,2.478182170738012e-28
6,0,0.004256135327327816,0.0,8.010924261725449e-07,3.4705775191530544e-28
6,0,0.004676102155000296,0.0,9.517979719930736e-07,5.773321194208243e-28
6,0,0.004902155524707658,0.0,7.821628287274507e-07,1.0041683174238385e-27
6,0,0.005222602098492537,0.0,7.821628287274507e-07,1.782634400956009e-27
6,0,0.005643322485176636,0.0,7.821628287274507e-07,3.229350604720924e-27
6,0,0.006196724679575904,0.0,7.821628287274507e-07,6.000216252810967e-27
6,0,0.006849521726279782,0.0,7.821628287274507e-07,1.1746687383589027e-26
6,0,0.007584825002749039,0.0,8.585938644500857e-07,2.5367692870543623e-26
6,0,0.008287596880391039,0.0,1.2391238897180301e-06,1.3592243495090722e-25
6,0,0.00876627341506163,0.0,1.2547207006718963e-06,9.570782209479226e-26
6,0,0.008884881915359957,0.0,1.2547207006718963e-06,1.750018399865542e-25
6,0,0.008517631284939554,0.0,1.2547207006718963e-06,2.790756675666834e-25
6,0,0.008170603683194055,0.0,1.4544895066137542e-06,4.120554787777932e-25
6,0,0.008078175944722512,0.0,1.4544895066137542e-06,5.585083439967858e-25
6,0,0.008235979643478877,0.0,1.4544895066137542e-06,6.796885710028261e-25
6,0,0.008514421332702108,0.0,1.3257331374916248e-06,7.061309913306081e-25
6,0,0.008775063903169957,0.0,1.3257331374916248e-06,6.194091947407532e-25
6,0,0.00875651115900544,0.0,1.143648432844202e-06,4.490051812364731e-25
6,0,0.008226545587713836,0.0,1.0563492196524749e-06,2.861070806377577e-25
6,0,0.007667786683394264,0.0,1.0563492196524749e-06,1.7562580431068074e-25
6,0,0.007562323289323614,0.0,1.0563492196524749e-06,1.137968340598176e-25
6,0,0.008030736461987462,0.0,1.0563492196524749e-06,8.329716651101584e-26
6,0,0.008507050650003503,0.0,1.0432182762087905e-06,6.724081490566381e-26
6,0,0.007928808881847807,0.0,7.228500749079103e-07,5.061217860994095e-26
6,0,0.0072700147297862045,0.0,7.228500749079103e-07,3.794293996811133e-26
6,0,0.006744464090488989,0.0,7.825881880307861e-07,2.657649278530256e-26
6,0,0.0064911651980546076,0.0,7.825881880307861e-07,1.7085594760279816e-26
6,0,0.006252337201141475,0.0,7.825881880307861e-07,1.0161103156742037e-26
6,0,0.005881224938326019,0.0,7.473942105207243e-07,6.021586756659877e-27
6,0,0.005736179773590681,0.0,6.80862058288767e-07,3.6433429203695656e-27
6,0,0.005498909100348743,0.0,6.80862058288767e-07,2.1873398824128153e-27
6,0,0.005004418160056034,0.0,6.80862058288767e-07,1.3796219082168164e-27
6,0,0.004460200044243284,0.0,6.80862058288767e-07,5.209815759192412e-28
6,0,0.0036566714865420794,0.0,6.585028131667059e-07,8.776572534579464e-28
6,0,0.003093590163466652,0.0,6.585028131667059e-07,9.530186995888245e-28
6,0,0.002774619330719932,0.0,7.228500749079103e-07,1.1963159405629225e-27
6,0,0.002696333132574855,0.0,7.228500749079103e-07,1.6077077693041551e-27
6,0,0.0026663155835927183,0.0,7.228500749079103e-07,2.1122363183014906e-27
6,0,0.0027029838081945737,0.0,7.228500749079103e-07,2.7023331643559733e-27
6,0,0.002726515835665444,0.0,1.2302421055210289e-06,3.4855853763929406e-27
6,0,0.0028048256170551482,0.0,1.1722540875780396e-06,4.8088375299569786e-27
6,0,0.0029749530404327962,0.0,1.1722540875780396e-06,7.333411982677877e-27
6,0,0.003194747275965252,0.0,1.1722540875780396e-06,1.2029519440386026e-26
6,0,0.0034725845461232386,0.0,1.358893200631428e-06,2.0418533625582546e-26
6,0,0.0037857471775623766,0.0,1.358893200631428e-06,3.4794103057308507e-26
6,0,0.004066003489580443,0.0,1.3788217074761633e-06,5.345160640108621e-26
6,0,0.0043001728349626464,0.0,1.3788217074761633e-06,6.937711802973635e-26
6,0,0.004567898051983739,0.0,1.3788217074761633e-06,7.399536861388468e-26
6,0,0.004814583917619387,0.0,1.5135075273065013e-06,6.407235507984361e-26
6,0,0.004897578742321379,0.0,1.5135075273065013e-06,4.6815039783490365e-26
6,0,0.004880671917651361,0.0,1.5135075273065013e-06,3.2198436367364454e-26
6,0,0.004786642136353139,0.0,1.608369302630308e-06,2.209581214745379e-26
6,0,0.004525160575901507,0.0,1.608369302630308e-06,1.499057895198307e-26
6,0,0.004191275417127593,0.0,1.5851229591135052e-06,1.0068231733335774e-26
6,0,0.004221306904591096,0.0,1.5851229591135052e-06,7.212616115821954e-27
6,0,0.004246186332692961,0.0,1.367412096442422e-06,4.839108911636868e-27
6,0,0.0042202011117638445,0.0,1.367412096442422e-06,2.9895677044128467e-27
6,0,0.0040595222660464525,0.0,1.367412096442422e-06,1.75510438795896e-27
6,0,0.003968402320332428,0.0,1.3504145499609876e-06,5.191939758931096e-28
6,0,0.003788139061473158,0.0,9.357076464766578e-07,4.889801313703085e-28
6,0,0.003713673345152507,0.0,9.357076464766578e-07,2.7472133987395207e-28
6,0,0.0034299101043427167,0.0,8.524120858055539e-07,9.202116144700303e-29
6,0,0.0031488200574985494,0.0,8.524120858055539e-07,1.2275755891196502e-28
6,0,0.003240711716498642,0.0,8.524120858055539e-07,8.625087672209335e-29
6,0,0.0032015159180924973,0.0,8.524120858055539e-07,5.431107998697422e-29
6,0,0.0029688815741591885,0.0,8.524120858055539e-07,4.366881842999677e-29
6,0,0.0027262309539785104,0.0,1.023071831696143e-06,3.7933185397758374e-29
6,0,0.0025874617570614887,0.0,1.023071831696143e-06,3.7679648757641947e-29
6,0,0.0025048317404523994,0.0,8.524120858055539e-07,4.12890130015593e-29
6,0,0.0024817269733938044,0.0,8.524120858055539e-07,4.7925704395341413e-29
6,0,0.0025248928367250364,0.0,8.524120858055539e-07,5.682899866654856e-29
6,0,0.0026591121071705384,0.0,8.524120858055539e-07,8.621206321518287e-29
6,0,0.0029018091818155123,0.0,8.524120858055539e-07,1.0894983287986163e-28
6,0,0.0032424949228815427,0.0,8.524120858055539e-07,1.829633447167874e-28
6,0,0.0034762652884223256,0.0,9.357076464766578e-07,3.5319749620739043e-28
6,0,0.0034297061640996955,0.0,1.2302421055210289e-06,6.7248942907808105e-28
6,0,0.00349349108171996,0.0,1.2457271623134147e-06,1.258764796788662e-27
6,0,0.003846096223020328,0.0,1.2457271623134147e-06,2.1976270446177653e-27
6,0,0.003970951435114406,0.0,1.2639960687010898e-06,3.432187813126838e-27
6,0,0.0036894178623221034,0.0,1.078052150660369e-06,5.2195051127426244e-27
6,0,0.0035938869071493545,0.0,1.078052150660369e-06,8.215163570604596e-27
6,0,0.0037307287176574474,0.0,1.078052150660369e-06,1.2066148316812338e-26
6,0,0.004044256612201401,0.0,1.078052150660369e-06,1.7081294543899988e-26
6,0,0.004462956455985241,0.0,1.078052150660369e-06,2.4042306401415216e-26
6,0,0.0049433478293480155,0.0,1.078052150660369e-06,2.9104400637571205e-26
6,0,0.005672314123083625,0.0,1.4652416666649515e-06,3.109727282533743e-26
6,0,0.006187640592895891,0.0,1.4652416666649515e-06,3.0713883343912107e-26
6,0,0.005874588757240028,0.0,1.608369302630308e-06,2.597065685455656e-26
6,0,0.005949756786396838,0.0,1.608369302630308e-06,2.262083451698935e-26
6,0,0.006426626626753758,0.0,1.608369302630308e-06,1.8334990196778526e-26
6,0,0.0060930097443785535,0.0,1.2457271623134147e-06,1.0136713179926317e-26
6,0,0.005653106152988572,0.0,9.165441952063702e-07,5.214291235197179e-27
6,0,0.005237987820163396,0.0,9.051511256075173e-07,2.661543894063796e-27
6,0,0.004898208619027657,0.0,7.765565328554658e-07,1.3990190079482096e-27
6,0,0.004475562912626622,0.0,8.14780946711835e-07,7.3008344924825775e-28
6,0,0.004244363695291876,0.0,6.909162948431913e-07,3.9675180004660014e-28
6,0,0.004141239237359859,0.0,6.585028131667059e-07,2.233877235068762e-28
6,0,0.003862067036068916,0.0,6.585028131667059e-07,1.35307135096711e-28
6,0,0.0035216548886582003,0.0,6.585028131667059e-07,8.899963616109573e-29
6,0,0.0032735707439690595,0.0,7.903404366516043e-07,6.419409181162562e-29
6,0,0.0031003080451358087,0.0,9.1871277163591e-07,5.158139929148343e-29
6,0,0.0028879890423769185,0.0,7.903404366516043e-07,4.650224355491373e-29
6,0,0.002666734082741867,0.0,6.909162948431913e-07,4.821727514259395e-29
6,0,0.0025612664284415166,0.0,6.909162948431913e-07,5.919930685294777e-29
6,0,0.002485083680250957,0.0,6.909162948431913e-07,7.374165478821337e-29
6,0,0.002379631083522859,0.0,1.1093070497736335e-06,1.1638866506768441e-28
6,0,0.0024423075145358682,0.0,1.1093070497736335e-06,1.814287517000375e-28
6,0,0.0027048951755277418,0.0,6.909162948431913e-07,3.2050490762379e-28
6,0,0.003004244274960577,0.0,7.010488047853869e-07,5.222112340404839e-28
6,0,0.0033220322131982958,0.0,9.312537940786569e-07,9.774591357690874e-28
6,0,0.0037665362256468988,0.0,8.987369710666826e-07,1.6514180975429845e-27
6,0,0.004098420875414236,0.0,8.987369710666826e-07,2.761092901773239e-27
6,0,0.004458831203054424,0.0,9.73010742200131e-07,4.918464543879411e-27
6,0,0.005201089518956924,0.0,1.4716332543684985e-06,8.99434398155314e-27
6,0,0.006702772080715918,0.0,1.7059375068129157e-06,1.4432365876157917e-26
6,0,0.006427756187525047,0.0,1.7059375068129157e-06,1.5966644870030387e-26
6,0,0.006235646090592892,0.0,1.238145841853111e-06,1.580834267306549e-26
6,0,0.006256601513476703,0.0,1.238145841853111e-06,1.3868780226159903e-26
6,0,0.00652496541435719,0.0,1.1436331988079473e-06,1.1222843683179432e-26
6,0,0.006746721491479197,0.0,1.0351205901315552e-06,8.577030399715402e-27
6,0,0.007029970541841789,0.0,1.0351205901315552e-06,6.764882085326631e-27
6,0,0.00712560046545937,0.0,8.2742485574272e-07,4.9383555483450425e-27
6,0,0.006911618489349707,0.0,1.3284808346725185e-06,4.007815532695128e-27
6,0,0.006976513405278017,0.0,1.1779031865444267e-06,3.095511569909633e-27
6,0,0.007313248159617618,0.0,7.942695106066822e-07,2.336490060281985e-27
6,0,0.007388172855647005,0.0,7.480153385586163e-07,1.8415029534151326e-27
6,0,0.007131129139333782,0.0,7.129230539248965e-07,9.068029290853417e-28
6,0,0.006703399701385073,0.0,6.585028131667059e-07,4.063030403456755e-28
6,0,0.006326757841026171,0.0,6.585028131667059e-07,1.7642998849231828e-28
6,0,0.005851317642463339,0.0,6.585028131667059e-07,7.795150894246297e-29
6,0,0.005081534755124228,0.0,9.1871277163591e-07,3.589797698462039e-29
6,0,0.004436651860557455,0.0,8.79143499332713e-07,1.8378169943354739e-29
6,0,0.004001539105220192,0.0,8.725955922272988e-07,1.0886128674603566e-29
6,0,0.0035725113543416394,0.0,8.725955922272988e-07,6.766368921299291e-30
6,0,0.0029522061544548766,0.0,8.725955922272988e-07,5.89300294971179e-30
6,0,0.0025073072459608726,0.0,8.725955922272988e-07,5.812805270804906e-30
6,0,0.0021957629711992313,0.0,8.79143499332713e-07,6.416198746223234e-30
6,0,0.0020798070254911417,0.0,9.1871277163591e-07,7.718656267047328e-30
6,0,0.0020361888337893114,0.0,6.909162948431913e-07,1.05899891099478e-29
6,0,0.0019830896462021182,0.0,6.909162948431913e-07,1.6822093779928305e-29
6,0,0.0019635609677216407,0.0,6.909162948431913e-07,2.701444155093644e-29
6,0,0.0019687454636298,0.0,6.909162948431913e-07,4.4313207505998894e-29
6,0,0.0019589252315062246,0.0,7.010488047853869e-07,7.66049288180028e-29
6,0,0.0021239770083598245,0.0,7.443987897204352e-07,1.5369315771848741e-28
6,0,0.0022783827707540676,0.0,8.875652497408737e-07,2.8825270699609804e-28
6,0,0.002420733070903294,0.0,8.987369710666826e-07,4.908097166692277e-28
6,0,0.002671139441210014,0.0,8.987369710666826e-07,9.440019770716895e-28
6,0,0.003095576049352483,0.0,8.987369710666826e-07,1.8571145415443355e-27
6,0,0.003484533678755602,0.0,9.429754186385253e-07,3.370390113815296e-27
6,0,0.0036389314090975234,0.0,1.299091081818915e-06,5.6005018188050405e-27
6,0,0.0036789478539953277,0.0,2.0857669369434007e-06,9.65386790580086e-27
6,0,0.003995420407136882,0.0,2.2883384644956095e-06,1.621251679045064e-26
6,0,0.004411207371121827,0.0,2.472521146046347e-06,2.587394743795712e-26
6,0,0.005004603381079785,0.0,3.162973598591634e-06,3.725862470324748e-26
6,0,0.005623862127086021,0.0,1.970015091501409e-06,4.5846198413850433e-26
6,0,0.0062993959617087935,0.0,1.970015091501409e-06,4.8795022107324795e-26
6,0,0.006752490983590889,0.0,1.2661423625104362e-06,4.812656726073896e-26
6,0,0.007052133303319298,0.0,1.2661423625104362e-06,3.8723930753207596e-26
6,0,0.007303358466462565,0.0,1.2661423625104362e-06,2.846752796058541e-26
6,0,0.007418642884164892,0.0,1.1534318673511734e-06,1.890481740054031e-26
6,0,0.007144886191924945,0.0,1.0542407835600898e-06,1.0359537111516098e-26
6,0,0.006924053152344414,0.0,1.008794811241387e-06,5.3646247044241804e-27
6,0,0.006689121885245994,0.0,7.129230539248965e-07,2.8431375174041352e-27
6,0,0.006088650142743412,0.0,7.480153385586163e-07,2.6024989264217666e-27
6,0,0.005966197909969413,0.0,7.480153385586163e-07,7.949809809535397e-28
6,0,0.005875399210227938,0.0,7.480153385586163e-07,4.600206931685354e-28
6,0,0.005902255779619985,0.0,9.94637389339914e-07,2.659979846355959e-28
6,0,0.00613681681861383,0.0,8.010924261725449e-07,1.9498426516886123e-28
6,0,0.006159626956231792,0.0,7.399418677778158e-07,1.269406546770498e-28
6,0,0.006145623642739827,0.0,7.399418677778158e-07,8.796678400604516e-29
6,0,0.0060568883672970555,0.0,7.399418677778158e-07,6.426808965120762e-29
6,0,0.005894047064827042,0.0,7.399418677778158e-07,5.054283555044154e-29
6,0,0.00573739285348885,0.0,7.399418677778158e-07,4.2935415279377494e-29
6,0,0.005617028388276714,0.0,7.399418677778158e-07,4.039969077561419e-29
6,0,0.005165619646520898,0.0,7.399418677778158e-07,4.1579205505195383e-29
6,0,0.004996430758996678,0.0,1.0834157819772372e-06,4.7076968133708725e-29
6,0,0.005255653832953601,0.0,7.765565328554658e-07,5.881843615085197e-29
6,0,0.005473801496131319,0.0,7.765565328554658e-07,8.83104060193103e-29
6,0,0.00458771809592953,0.0,7.765565328554658e-07,1.2090048096308963e-28
6,0,0.004063601821091182,0.0,8.524397117071203e-07,1.9955718119175213e-28
6,0,0.004498619006541468,0.0,9.051511256075173e-07,3.5943488514765584e-28
6,0,0.0047346488326582455,0.0,9.165441952063702e-07,6.72204728484052e-28
6,0,0.004891579872938438,0.0,1.0060739441541955e-06,1.158244735201259e-27
6,0,0.004717973233483921,0.0,1.1662549468383077e-06,1.6602675530444494e-27
6,0,0.0033676442425552644,0.0,1.1662549468383077e-06,1.3452078512265497e-27
6,0,0.0030824162579416543,0.0,1.4363918126036879e-06,4.217669096481439e-28
6,0,0.002204436482029896,0.0,1.1521708529471653e-06,1.2552780450690947e-28
6,0,0.0015071032832491003,0.0,1.1733613973774482e-06,1.150669354580379e-28
6,0,0.0012697823211770217,0.0,1.1733613973774482e-06,2.021815737045957e-28
6,0,0.0012487973007494777,0.0,1.1733613973774482e-06,3.417944501926625e-28
6,0,0.0011240236250415303,0.0,1.1733613973774482e-06,4.383005848864708e-28
6,0,0.0012045581006492636,0.0,1.2110026545997243e-06,3.989950510234495e-28
6,0,0.0012582057020366192,0.0,1.2110026545997243e-06,4.253684467923966e-28
6,0,0.0012883890498890805,0.0,1.2110026545997243e-06,3.384095801671533e-28
6,0,0.001183738082388857,0.0,1.2110026545997243e-06,3.0760286218509687e-28
6,0,0.001048511532171315,0.0,1.2110026545997243e-06,2.7734534720080676e-28
6,0,0.0009579487181579923,0.0,9.798661722015822e-07,2.1559584428612294e-28
6,0,0.0009137305043659732,0.0,1.3317904858922702e-06,1.5394077212402485e-28
6,0,0.0009333566975281545,0.0,1.6660176243021851e-06,9.523095842203633e-29
6,0,0.0009762099909196706,0.0,1.6660176243021851e-06,5.366686845763884e-29
6,0,0.000991705410224109,0.0,1.6660176243021851e-06,2.928074952033874e-29
6,0,0.001005345650542562,0.0,1.6113477840917767e-06,1.628737437719688e-29
6,0,0.0010107800573021708,0.0,1.6113477840917767e-06,9.570179864055763e-30
6,0,0.0009865599921830438,0.0,1.6113477840917767e-06,5.9028575420326995e-30
6,0,0.0009450924832686494,0.0,1.6113477840917767e-06,3.944169109155844e-30
6,0,0.0009235667573651398,0.0,1.6113477840917767e-06,3.0479340360324176e-30
6,0,0.0009553453343461866,0.0,1.6113477840917767e-06,2.9131334220157132e-30
6,0,0.0010524470320691722,0.0,1.6113477840917767e-06,3.566904259491074e-30
6,0,0.0012153907695028794,0.0,1.6113477840917767e-06,5.361997732970771e-30
6,0,0.0014375588323264931,0.0,1.6113477840917767e-06,9.128864302045195e-30
6,0,0.0017201447147398513,0.0,1.6113477840917767e-06,1.6754081369501592e-29
6,0,0.002037146651067883,0.0,1.6560979929636233e-06,3.114827864842797e-29
6,0,0.002373294572839883,0.0,1.6660176243021851e-06,5.477965874244364e-29
6,0,0.0028069738973927052,0.0,1.690450289970613e-06,8.832455558587047e-29
6,0,0.0032354900220023766,0.0,1.690450289970613e-06,1.2542729503793676e-28
6,0,0.0036225832614135436,0.0,1.690450289970613e-06,1.6334607508156422e-28
6,0,0.0037719335912323334,0.0,1.3946718127044733e-06,1.9179077239451339e-28
6,0,0.0036852516436587076,0.0,1.351321429865493e-06,2.1104068292990686e-28
6,0,0.003626175089740304,0.02,1.351321429865493e-06,2.433515040502811e-28
6,0,0.003520021052163448,0.02,9.942361884895945e-07,3.1315808673906033e-28
6,0,0.003473428665876947,0.02,9.942361884895945e-07,2.645953057829744e-28
6,0,0.003389934757165211,0.02,9.942361884895945e-07,2.2352667935236375e-28
6,0,0.003200821927707839,0.02,9.942361884895945e-07,1.528465429890591e-28
6,0,0.0029362482280994866,0.02,9.942361884895945e-07,8.702157370052636e-29
6,0,0.0025421690977869907,0.02,1.199966277454223e-06,4.670597985964006e-29
6,0,0.0023208503442856197,0.02,9.942361884895945e-07,2.021436659866122e-29
6,0,0.0020400987616835467,0.02,9.942361884895945e-07,8.862726362487953e-30
6,0,0.001747187431453878,0.0,9.942361884895945e-07,4.355949482226295e-30
6,0,0.0014687391283158759,0.0,9.942361884895945e-07,2.2586990414892e-30
6,0,0.0012491527921209462,0.0,8.421919801548938e-07,1.196113368091643e-30
6,0,0.001028042694056543,0.0,8.421919801548938e-07,7.118924973749325e-31
6,0,0.0008369845250054361,0.0,8.421919801548938e-07,3.8831520185911013e-31
6,0,0.0006587932676292138,0.0,8.300194735966215e-07,2.1921046534077717e-31
6,0,0.0006298103780002192,0.0,8.300194735966215e-07,1.202999390488873e-31
6,0,0.000652038806545303,0.0,8.19701938326034e-07,7.713056141430349e-32
6,0,0.0007952798200225557,0.0,8.19701938326034e-07,5.189216285221936e-32
6,0,0.0008277443229065573,0.0,7.719667109995498e-07,3.664688862028916e-32
6,0,0.0007957915491949525,0.0,8.357638989764382e-07,2.4548618477021619e-32
6,0,0.0007767427730969269,0.0,8.357638989764382e-07,1.6963773504435456e-32
6,0,0.0007930166868760441,0.0,8.357638989764382e-07,1.335245355530181e-32
6,0,0.0008269453132056388,0.0,8.499727073285612e-07,1.2621225539429298e-32
6,0,0.000920347274190328,0.0,1.2061756251569022e-06,1.3745857719059444e-32
6,0,0.0009900129934803936,0.0,1.2061756251569022e-06,1.362567811536725e-32
6,0,0.0009420458889688105,0.0,1.2061756251569022e-06,1.2379376392955244e-32
6,0,0.0009158305216228972,0.0,1.22135770652676e-06,1.1536557963675203e-32
6,0,0.0009513098774933409,0.0,9.15141470159142e-07,1.0875611285670417e-32
6,0,0.001049368677807451,0.0,9.15141470159142e-07,1.0804239676792303e-32
6,0,0.0011911512527438576,0.0,9.285622013521788e-07,1.1782420688673346e-32
6,0,0.001088751651591074,0.0,9.583504834154155e-07,1.5260386681177957e-32
6,0,0.0012806106438959922,0.0,9.583504834154155e-07,2.059628467797855e-32
6,0,0.0013781136350854456,0.0,9.583504834154155e-07,3.0773954274371896e-32
6,0,0.0011526397188716061,0.0,1.1109332263004035e-06,4.887023159758306e-28
6,0,0.0013595679223992385,0.0,1.1109332263004035e-06,4.954267878334383e-32
6,0,0.001347969101439515,0.0,1.1109332263004035e-06,4.691322428619709e-32
6,0,0.0013101129390848153,0.0,1.1109332263004035e-06,4.7405782867814523e-32
6,0,0.0012566650415081143,0.0,1.1109332263004035e-06,4.6435700277326676e-32
6,0,0.0011763226334766807,0.0,1.1109332263004035e-06,4.0165904344892423e-32
6,0,0.00107718357734992,0.0,1.1109332263004035e-06,2.0741993080234727e-32
6,0,0.0009815614253462683,0.0,1.1109332263004035e-06,1.0813476123653889e-32
6,0,0.0008766301297027664,0.0,1.1043185850212467e-06,5.7554510323922685e-33
6,0,0.0007355417515842247,0.0,9.269024872082809e-07,3.1450050135822904e-33
6,0,0.0005977594598138083,0.0,9.41043083457771e-07,1.9456843106237967e-33
6,0,0.000519101668829853,0.0,9.41043083457771e-07,1.0185206719234024e-33
6,0,0.0004758236206802439,0.0,9.41043083457771e-07,6.484392344410447e-34
6,0,0.00041732711539737416,0.0,9.41043083457771e-07,3.927465756873942e-34
6,0,0.00034876806704315993,0.0,9.41043083457771e-07,2.2538228437008336e-34
6,0,0.00030977778380473077,0.0,9.274418175664323e-07,1.46244537882747e-34
6,0,0.0003126331395364547,0.0,8.874441164152813e-07,1.0570953226062271e-34
6,0,0.00031002884076158536,0.0,8.874441164152813e-07,7.66385984317964e-35
6,0,0.0003042351955152373,0.0,8.874441164152813e-07,6.123415822400303e-35
6,0,0.0003110904927813889,0.0,1.4624204141000519e-06,5.898633522285494e-35
6,0,0.000340016267692919,0.0,1.3322376162250293e-06,7.317427079107296e-35
6,0,0.0003792446444886599,0.0,1.3322376162250293e-06,1.028150381338411e-34
6,0,0.0004397842014015357,0.0,1.3322376162250293e-06,1.277125594972341e-34
6,0,0.0005110266212451118,0.0,1.3322376162250293e-06,2.1670171776674156e-34
6,0,0.0005707499489809346,0.0,1.3322376162250293e-06,2.9406834783404894e-34
6,0,0.0006076520076475654,0.0,8.084449518719339e-07,5.476343031265467e-34
6,0,0.0006779656080463122,0.0,8.084449518719339e-07,8.980734595954044e-34
6,0,0.0008203411516868522,0.0,8.203009542739892e-07,1.5501464409484285e-33
6,0,0.0009832112607161098,0.0,8.353877660738362e-07,2.5109580544281338e-33
6,0,0.0010992750552537966,0.0,8.459027185381274e-07,3.603373239980102e-33
6,0,0.001203660050887231,0.0,8.459027185381274e-07,4.840367618527489e-33
6,0,0.0013437345147301394,0.0,8.459027185381274e-07,6.72146641242627e-33
6,0,0.001508114720350937,0.0,8.459027185381274e-07,9.603407545238041e-33
6,0,0.0016527115673390111,0.0,8.459027185381274e-07,1.3498101713472508e-32
6,0,0.0017684696231693641,0.02,8.459027185381274e-07,1.801697236173407e-32
6,0,0.0018457736937829365,0.02,8.459027185381274e-07,2.2918517849066135e-32
6,0,0.0018729989450025019,0.02,8.459027185381274e-07,3.903958386150091e-32
6,0,0.0018658434542549584,0.02,8.459027185381274e-07,2.6307302023909736e-32
6,0,0.0018348424661910792,0.02,8.459027185381274e-07,2.548274269531781e-32
6,0,0.001755407905627062,0.02,8.459027185381274e-07,1.7476106839769596e-32
6,0,0.0015965858282313843,0.02,8.459027185381274e-07,1.3526968915992826e-32
6,0,0.0014732489852451302,0.0,8.459027185381274e-07,8.130184719923454e-33
6,0,0.0014082496818275927,0.0,8.459027185381274e-07,5.667863846286546e-33
6,0,0.001317653874186574,0.0,8.353877660738362e-07,4.000914409168661e-33
6,0,0.001166791773394187,0.0,8.203009542739892e-07,2.8931175126941982e-33
6,0,0.0010314270571869745,0.0,8.203009542739892e-07,2.3027087609334036e-33
6,0,0.0009454308084863265,0.0,7.964509904923034e-07,1.8958767782695332e-33
6,0,0.0008742002398291813,0.0,7.613651860083337e-07,1.4791148070770916e-33
6,0,0.0007682833669614682,0.0,7.613651860083337e-07,1.0088303740398035e-33
6,0,0.0006728077573620639,0.0,7.613651860083337e-07,6.370335413247106e-34
6,0,0.0006125599088080588,0.0,7.613651860083337e-07,3.3636734114581294e-34
6,0,0.0005738178044443009,0.0,7.613651860083337e-07,2.2429814337906423e-34
6,0,0.000539142650326633,0.0,7.613651860083337e-07,1.6227236891789783e-34
6,0,0.0005041043684687376,0.0,7.613651860083337e-07,1.3918811646727033e-34
6,0,0.0005011483579653388,0.0,7.613651860083337e-07,1.6135019130379034e-34
6,0,0.0005068937110668465,0.0,7.613651860083337e-07,2.0381641705405805e-34
6,0,0.0005459600487464879,0.0,7.613651860083337e-07,3.151572445419037e-34
6,0,0.0006961160452631355,0.0,7.613651860083337e-07,6.37359281829583e-34
6,0,0.0009361634814803135,0.0,7.613651860083337e-07,1.35845159766213e-33
6,0,0.0010916582537290128,0.0,7.613651860083337e-07,2.3368840551316538e-33
6,0,0.001222883554569638,0.0,1.0988034091496957e-06,4.0363878899406005e-33
6,0,0.0014661776543929597,0.0,1.413927066096221e-06,7.770611283582486e-33
6,0,0.0018694728107855557,0.0,1.4399303154277732e-06,1.6617145199632918e-32
6,0,0.0022016997307262756,0.0,1.4580546121578664e-06,3.2528835097035103e-32
6,0,0.0025729130848751226,0.0,1.3537502354665776e-06,5.882889607574377e-32
6,0,0.002809249471744995,0.0,1.4580546121578664e-06,8.559096453789201e-32
6,0,0.003153329018004664,0.02,1.4580546121578664e-06,8.492942570460799e-32
6,0,0.0032672686824883625,0.02,1.0582367622191668e-06,1.2281686053309395e-31
6,0,0.0032050565034690568,0.02,1.0582367622191668e-06,1.3183567637056883e-31
6,0,0.003072182445653485,0.02,1.0582367622191668e-06,1.3229815111301284e-31
6,0,0.002913980747422617,0.02,1.0582367622191668e-06,1.1328930249552668e-31
6,0,0.002630185803208003,0.02,8.459027185381274e-07,8.533537092372096e-32
6,0,0.002432795966808884,0.02,1.4580546121578664e-06,6.570904687869136e-32
6,0,0.0024105148436013215,0.02,1.4580546121578664e-06,4.8419399891585073e-32
6,0,0.002449430668612327,0.0,1.4580546121578664e-06,3.826930592329408e-32
6,0,0.002069728198070538,0.0,1.4580546121578664e-06,2.5622326772006204e-32
6,0,0.0017572402734885514,0.0,1.4317240584205138e-06,1.7559906362671778e-32
6,0,0.0015093152448303925,0.0,1.0391254363639746e-06,1.2115139956569779e-32
6,0,0.0013242446445903124,0.0,1.02620856523572e-06,7.242066411782568e-33
6,0,0.0011784157525440864,0.0,1.02620856523572e-06,4.85745893904646e-33
6,0,0.001039997569196796,0.0,8.203009542739892e-07,3.395971955456895e-33
6,0,0.0009202217487760704,0.0,8.084449518719339e-07,2.502504780677783e-33
6,0,0.0008184580926199863,0.0,8.084449518719339e-07,1.9507975273788813e-33
6,0,0.0007375268008474878,0.0,8.084449518719339e-07,1.6254568742567584e-33
6,0,0.0007010498945325509,0.0,8.084449518719339e-07,1.4645842275329896e-33
6,0,0.0006825455863392613,0.0,1.2061756251569022e-06,1.4162351346932112e-33
6,0,0.0006664880779607765,0.0,1.2061756251569022e-06,1.508863263018542e-33
6,0,0.0007119126866764403,0.0,1.2061756251569022e-06,1.6979883654513476e-33
6,0,0.0007967898947278983,0.0,1.2061756251569022e-06,2.7909791758932343e-33
6,0,0.0008349420312297208,0.0,1.2061756251569022e-06,4.945862359042035e-33
6,0,0.0008944381683634476,0.0,1.2061756251569022e-06,5.618781447009946e-33
6,0,0.0010670355594192466,0.0,1.22135770652676e-06,1.0506078473442107e-32
6,0,0.0013986570072516905,0.0,8.986144166556187e-07,2.2727156184959898e-32
6,0,0.001872130155765612,0.0,8.986144166556187e-07,5.534480134956756e-32
6,0,0.002358058576585484,0.0,8.986144166556187e-07,1.3828068855220078e-31
6,0,0.0028275206845892564,0.0,8.57681413890532e-07,3.278809919231659e-31
6,0,0.0033801254833829815,0.0,1.072971940629941e-06,7.3482672129789355e-31
6,0,0.004146965951827022,0.0,1.072971940629941e-06,1.6014252308483887e-30
6,0,0.005170127847973236,0.0,1.072971940629941e-06,3.410062091961423e-30
6,0,0.006303846490482137,0.0,1.072971940629941e-06,6.813249516801045e-30
6,0,0.007291242307049365,0.0,8.104025823740812e-07,1.284570145539043e-29
6,0,0.00808141774115176,0.0,8.104025823740812e-07,2.296081793099587e-29
6,0,0.008977567959533238,0.0,8.104025823740812e-07,3.845771241811224e-29
6,0,0.010107905761363398,0.0,8.104025823740812e-07,6.133953863336562e-29
6,0,0.011210524652985306,0.0,9.56407575358753e-07,8.956500493333275e-29
6,0,0.011976757280067342,0.0,9.445189448342717e-07,1.2034647517752449e-28
6,0,0.01263053356603498,0.0,9.445189448342717e-07,1.4620592450374975e-28
6,0,0.013435067444512191,0.0,9.445189448342717e-07,1.5177862687195852e-28
6,0,0.014724299666343565,0.0,9.041951898325351e-07,1.289082087823601e-28
6,0,0.015645189575027422,0.0,8.576053573960962e-07,8.713118920701738e-29
6,0,0.015210093592194893,0.0,8.299467140204797e-07,5.775343902132336e-29
6,0,0.01431008004247375,0.0,8.299467140204797e-07,3.4676648510387225e-29
6,0,0.01304369640585539,0.0,8.299467140204797e-07,1.9695849081586952e-29
6,0,0.01145174690358162,0.0,8.299467140204797e-07,1.0168067512013936e-29
6,0,0.009725168076924267,0.0,8.299467140204797e-07,5.066616127072416e-30
6,0,0.007847677862233731,0.0,8.299467140204797e-07,2.3843879756147146e-30
6,0,0.006296522954132676,0.0,8.299467140204797e-07,1.0788848899869628e-30
6,0,0.004997673664961519,0.0,1.1579032843656023e-06,4.75628524229714e-31
6,0,0.00398014328369082,0.0,1.1080320518885856e-06,2.050090124599619e-31
6,0,0.003391828089594664,0.0,9.709102641863865e-07,8.642299707181928e-32
6,0,0.003193901376571594,0.0,8.226913337239239e-07,3.7218314056639136e-32
6,0,0.0029834380739987027,0.0,8.226913337239239e-07,1.890886988421285e-32
6,0,0.0026261404185445357,0.0,8.226913337239239e-07,1.158878223894636e-32
6,0,0.0023456438444197755,0.0,8.226913337239239e-07,8.025968329515427e-33
6,0,0.0022542764200484326,0.0,8.226913337239239e-07,6.20345397000972e-33
6,0,0.002290726942159346,0.0,8.226913337239239e-07,5.4378133570168856e-33
6,0,0.0023872044426456003,0.0,8.226913337239239e-07,5.227858311016517e-33
6,0,0.0024672868617442215,0.0,8.226913337239239e-07,5.660992714464005e-33
6,0,0.002449124158475357,0.0,9.388799639964418e-07,6.651121157053218e-33
6,0,0.0025382334265801132,0.0,9.811378731683362e-07,8.976048414256094e-33
6,0,0.0024649385397845047,0.0,9.811378731683362e-07,1.405241342144245e-32
6,0,0.002834898055794571,0.0,8.440429155598395e-07,3.0161468820347697e-32
6,0,0.003295821214645522,0.0,7.032471103229909e-07,7.47826113655558e-32
6,0,0.0038124863997283692,0.0,7.135604391805828e-07,1.688108629306274e-31
6,0,0.003927713578617445,0.0,7.135604391805828e-07,3.6359356824606274e-31
6,0,0.004430788798828812,0.0,7.135604391805828e-07,7.315655238105203e-31
6,0,0.0049988768507115335,0.0,7.135604391805828e-07,1.2887167441793654e-30
6,0,0.005516364806230237,0.0,7.135604391805828e-07,2.0485981401497813e-30
6,0,0.005914441546604638,0.0,7.135604391805828e-07,2.783615009413864e-30
6,0,0.006244801553101958,0.0,7.135604391805828e-07,3.3263699034484144e-30
6,0,0.006446880084791293,0.0,7.135604391805828e-07,3.430598824626221e-30
6,0,0.006570517928678843,0.0,7.032471103229909e-07,3.5989138170198976e-30
6,0,0.006408404646164474,0.0,7.032471103229909e-07,2.6399814487264366e-30
6,0,0.00596275336590762,0.0,9.811378731683362e-07,1.8844511686054764e-30
6,0,0.004736411852803932,0.0,9.388799639964418e-07,1.7295021826879942e-28
6,0,0.004826710193212579,0.0,8.226913337239239e-07,8.343974875018098e-31
6,0,0.004465411293007312,0.0,8.226913337239239e-07,5.999403432133532e-31
6,0,0.004208874216081819,0.0,8.226913337239239e-07,4.439437322801357e-31
6,0,0.003908262266185436,0.0,8.226913337239239e-07,3.2821386841343176e-31
6,0,0.0036119094587601353,0.0,8.226913337239239e-07,2.5094669692314745e-31
6,0,0.0032999539170687777,0.0,9.709102641863865e-07,1.8643084146273e-31
6,0,0.002967872815266175,0.0,9.709102641863865e-07,1.2978976371779316e-31
6,0,0.0027583545484052823,0.0,9.709102641863865e-07,8.76053269222916e-32
6,0,0.0025483502529336445,0.0,9.709102641863865e-07,5.211712896107973e-32
6,0,0.0023015615528457667,0.0,9.709102641863865e-07,3.5085749837792604e-32
6,0,0.002081675562932113,0.0,9.709102641863865e-07,2.6143232399893716e-32
6,0,0.001960908842995325,0.0,9.709102641863865e-07,2.0736455032474416e-32
6,0,0.0018659429742213676,0.0,8.226913337239239e-07,1.8091629477322732e-32
6,0,0.0017786452998603472,0.0,8.226913337239239e-07,1.7440144059474127e-32
6,0,0.0017537416390272153,0.0,8.226913337239239e-07,1.9185551867037645e-32
6,0,0.00181610380619504,0.0,8.226913337239239e-07,2.4720966520003305e-32
6,0,0.0019991491002704954,0.0,8.226913337239239e-07,3.6028669692568825e-32
6,0,0.002289940988908383,0.0,8.226913337239239e-07,5.069395207306743e-32
6,0,0.00271451644928852,0.0,8.226913337239239e-07,9.663569786923507e-32
6,0,0.0032987364547387822,0.0,9.811378731683362e-07,1.8314882597040365e-31
6,0,0.003859144785788844,0.0,7.135604391805828e-07,3.6289243288557127e-31
6,0,0.0043177004308076325,0.0,7.135604391805828e-07,7.127076791973407e-31
6,0,0.004676286800905687,0.0,7.135604391805828e-07,1.3835937144206742e-30
6,0,0.004980431213881559,0.0,8.421181405537936e-07,2.8556114993339312e-30
6,0,0.005481438790828562,0.0,8.421181405537936e-07,4.640140005746629e-30
6,0,0.006308067062437184,0.0,8.421181405537936e-07,6.794924594306755e-30
6,0,0.00672368501537541,0.0,8.421181405537936e-07,8.289949530812498e-30
6,0,0.006361506311701893,0.0,8.576053573960962e-07,1.1251503916127283e-29
6,0,0.006206233240231662,0.0,8.576053573960962e-07,8.422360976071043e-30
6,0,0.006170496167641508,0.0,8.576053573960962e-07,8.54801285861462e-30
6,0,0.006295468491988807,0.0,8.576053573960962e-07,8.963708286150145e-30
6,0,0.006279199391330479,0.0,8.576053573960962e-07,9.508825453632108e-30
6,0,0.006153964685956566,0.0,8.576053573960962e-07,9.986854807523941e-30
6,0,0.006007330149094107,0.0,8.421181405537936e-07,1.0268007477483558e-29
6,0,0.0059599187664586654,0.0,8.421181405537936e-07,1.0526995402122263e-29
6,0,0.005879675623043024,0.0,8.299467140204797e-07,1.0643772960593968e-29
6,0,0.005713448913460686,0.0,9.961087243937072e-07,1.0562877132082243e-29
6,0,0.005666334470604347,0.0,1.1080320518885856e-06,1.067858640128792e-29
6,0,0.005403541493129971,0.0,9.709102641863865e-07,1.0153957818222146e-29
6,0,0.0051470974075496405,0.0,9.709102641863865e-07,8.644815664760767e-30
6,0,0.004965116353225376,0.0,9.709102641863865e-07,6.358888788682793e-30
6,0,0.004704377741916946,0.0,9.709102641863865e-07,3.9378850103958964e-30
6,0,0.0035439614172625192,0.0,9.709102641863865e-07,2.394706747144877e-30
6,0,0.002685175606183718,0.0,9.709102641863865e-07,1.522319068975904e-30
6,0,0.002520829040567452,0.0,9.709102641863865e-07,9.997255957698209e-31
6,0,0.002310336226245325,0.0,9.709102641863865e-07,7.580658684554579e-31
6,0,0.00213883539852094,0.0,9.709102641863865e-07,6.298843220689117e-31
6,0,0.00200716820022798,0.0,9.709102641863865e-07,1.0555663734508309e-30
6,0,0.0020030812529974185,0.0,9.709102641863865e-07,7.532979223092006e-31
6,0,0.0020177318593821553,0.0,9.709102641863865e-07,9.525628816238694e-31
6,0,0.002119165517142853,0.0,9.709102641863865e-07,1.4656650372832211e-30
6,0,0.0024544456913415343,0.0,9.709102641863865e-07,2.6571370834800774e-30
6,0,0.002943926233870635,0.0,9.709102641863865e-07,5.490787527154206e-30
6,0,0.003443862925134471,0.0,9.709102641863865e-07,1.1689452862317095e-29
6,0,0.004127380566649459,0.0,9.709102641863865e-07,2.2378678521914986e-29
6,0,0.005032878694456212,0.0,1.3813645409754827e-06,3.627876342728113e-29
6,0,0.005815926726920225,0.0,1.4435381672228687e-06,5.393161160261917e-29
6,0,0.006468347113450044,0.0,1.2418317965057213e-06,7.57320973672065e-29
6,0,0.007318528454222875,0.0,1.0346803946958971e-06,1.0181929392788663e-28
6,0,0.00694051382593957,0.0,1.0346803946958971e-06,1.2949687938099426e-25
6,0,0.008994098735209462,0.0,1.0346803946958971e-06,1.6272848953371e-28
6,0,0.010093917494046452,0.0,1.0346803946958971e-06,2.103326147858529e-28
6,0,0.011008041287418986,0.0,1.0346803946958971e-06,2.619619817700137e-28
6,0,0.011428086202979068,0.0,1.3188920320317266e-06,3.08747899759408e-28
6,0,0.011610759928378959,0.0,1.424094193680503e-06,3.415155273884666e-28
6,0,0.011782180974166665,0.0,1.3627579846797744e-06,2.6558227265709993e-28
6,0,0.012112180844480831,0.0,9.578324124959181e-07,2.657312433382983e-28
6,0,0.01154641728278976,0.0,9.578324124959181e-07,2.0332083348907367e-28
6,0,0.011225602608762318,0.0,9.578324124959181e-07,1.5553687452837362e-28
6,0,0.010829618648027705,0.0,9.578324124959181e-07,1.0508906556509436e-28
6,0,0.010492107974315155,0.0,8.043029993132222e-07,7.993778669795136e-29
6,0,0.009372544620409961,0.0,8.043029993132222e-07,5.888174507924262e-29
6,0,0.008239092638221823,0.0,8.043029993132222e-07,4.2939020379492144e-29
6,0,0.007150068171358821,0.0,8.043029993132222e-07,3.3064970147613224e-29
6,0,0.0062660294643229,0.0,8.043029993132222e-07,2.806508147458275e-29
6,0,0.005879578273080602,0.0,8.319023550029669e-07,2.541608520669963e-29
6,0,0.005767935354173215,0.0,8.529268598067574e-07,2.321676649744109e-29
6,0,0.005549025382712405,0.0,8.529268598067574e-07,2.033548502267164e-29
6,0,0.005021078949532291,0.0,9.132190825766884e-07,1.7569649506373286e-29
6,0,0.004804031115713082,0.0,8.529268598067574e-07,1.5191927994320955e-29
6,0,0.005157509734548903,0.0,8.529268598067574e-07,1.314711701485088e-29
6,0,0.00581528570114233,0.0,8.529268598067574e-07,1.1623199367597405e-29
6,0,0.0060089898031097,0.0,8.529268598067574e-07,9.7257099918108e-30
6,0,0.00583217873360084,0.0,8.319023550029669e-07,8.814982107776763e-30
6,0,0.005768368406969344,0.0,8.319023550029669e-07,9.574999955131422e-30
6,0,0.006122197739167916,0.0,8.319023550029669e-07,1.2652143991346745e-29
6,0,0.0068861513699033025,0.0,8.529268598067574e-07,1.913974734257452e-29
6,0,0.008001525257881328,0.0,8.529268598067574e-07,3.119608083150077e-29
6,0,0.009430012203814156,0.0,8.529268598067574e-07,5.295671790183251e-29
6,0,0.011189427525725333,0.0,8.529268598067574e-07,8.920766066921386e-29
6,0,0.012431263198493383,0.0,8.319023550029669e-07,1.47062879069567e-28
6,0,0.013607093306538844,0.0,8.319023550029669e-07,2.3238841265722413e-28
6,0,0.015246169161851496,0.0,8.319023550029669e-07,3.555523788986413e-28
6,0,0.017786830576313917,0.0,8.319023550029669e-07,5.390449691641463e-28
6,0,0.020811718359120098,0.0,8.043029993132222e-07,8.028253899135262e-28
6,0,0.023415853539090505,0.0,8.043029993132222e-07,1.2033002292097456e-27
6,0,0.025127899418277824,0.0,8.043029993132222e-07,1.637523090773214e-27
6,0,0.02639490831205262,0.0,8.043029993132222e-07,1.9860039363985514e-27
6,0,0.027467529578532955,0.0,8.043029993132222e-07,2.2269104242361843e-27
6,0,0.02849326403975968,0.0,8.043029993132222e-07,2.118474020205372e-27
6,0,0.03009875973917158,0.0,8.043029993132222e-07,1.8037094671514497e-27
6,0,0.030765929735713512,0.0,8.043029993132222e-07,1.4501896184196174e-27
6,0,0.03195460515371716,0.0,8.043029993132222e-07,1.2720247281592708e-27
6,0,0.03233687618050015,0.0,8.043029993132222e-07,9.055930598942777e-28
6,0,0.03054470688767041,0.0,7.460931215064193e-07,6.519607492078631e-28
6,0,0.028586740236459515,0.0,7.460931215064193e-07,4.365051848440644e-28
6,0,0.026167267422734616,0.0,7.460931215064193e-07,2.799015136453704e-28
6,0,0.02407418449280631,0.0,7.460931215064193e-07,1.6863862686523757e-28
6,0,0.022256998121002812,0.0,7.460931215064193e-07,9.014566077450335e-29
6,0,0.01985166918499687,0.0,7.460931215064193e-07,4.84680733510707e-29
6,0,0.017588916431804224,0.0,7.460931215064193e-07,2.5760257915558245e-29
6,0,0.01474373836848592,0.0,7.460931215064193e-07,1.5548161839456294e-29
6,0,0.012199443611051875,0.0,7.460931215064193e-07,9.214934562649692e-30
6,0,0.01042429171400687,0.0,7.460931215064193e-07,6.924661554818309e-30
6,0,0.008731168802186764,0.0,7.460931215064193e-07,5.8696702332039e-30
6,0,0.007637555469367453,0.0,7.460931215064193e-07,4.923750869492686e-30
6,0,0.006855710948291852,0.0,7.460931215064193e-07,4.4067575454134684e-30
6,0,0.006511780677940773,0.0,7.460931215064193e-07,3.828861953057696e-30
6,0,0.006170324076542968,0.0,7.460931215064193e-07,3.611098333183685e-30
6,0,0.0057174422859732855,0.0,7.460931215064193e-07,1.1810702791231531e-28
6,0,0.0062227064385652515,0.0,7.570347975160985e-07,4.890468392641244e-30
6,0,0.006240353794091012,0.0,7.570347975160985e-07,7.024806902660907e-30
6,0,0.006653475610483398,0.0,7.570347975160985e-07,1.1588312952214153e-29
6,0,0.007520544557113161,0.0,7.570347975160985e-07,1.998130199200052e-29
6,0,0.008794014216690918,0.0,7.830122399354877e-07,3.770984673731683e-29
6,0,0.010639159442314937,0.0,8.441024874628056e-07,6.77942025640133e-29
6,0,0.0128104720883174,0.0,8.441024874628056e-07,1.1693070601347005e-28
6,0,0.014627813710223899,0.0,8.441024874628056e-07,1.9240999498282034e-28
6,0,0.016345151324379952,0.0,8.441024874628056e-07,2.955706389316619e-28
6,0,0.018418548123502798,0.0,8.654351972836594e-07,4.366484258836782e-28
6,0,0.020634991352192482,0.0,8.654351972836594e-07,5.905409173514097e-28
6,0,0.022830518919474362,0.0,8.654351972836594e-07,7.07394405611172e-28
6,0,0.024336109788089685,0.0,8.654351972836594e-07,7.347156959504979e-28
6,0,0.024754506478622016,0.0,8.654351972836594e-07,6.738478837643546e-28
6,0,0.02389702143883466,0.0,8.654351972836594e-07,5.609929149586319e-28
6,0,0.02298584281097677,0.0,9.26611676277389e-07,4.12342612206528e-28
6,0,0.023020314929506683,0.0,9.26611676277389e-07,2.6550528360757305e-28
6,0,0.022351244804703223,0.0,1.0556180995990871e-06,1.516721229460339e-28
6,0,0.019155372702217472,0.0,1.0556180995990871e-06,7.58494827973169e-29
6,0,0.016012464939394268,0.0,1.0556180995990871e-06,3.58440629832397e-29
6,0,0.014585176191319913,0.0,1.0556180995990871e-06,1.7138182518152553e-29
6,0,0.013041776147799646,0.0,1.0556180995990871e-06,8.515141898825513e-30
6,0,0.011493034724447395,0.0,1.0556180995990871e-06,4.193808374242233e-30
6,0,0.010166899059301827,0.0,9.859244300969294e-07,2.1373189994560597e-30
6,0,0.009191908688570428,0.0,9.859244300969294e-07,1.1550045438919744e-30
6,0,0.008019684590047264,0.0,9.859244300969294e-07,9.770885838385217e-31
6,0,0.00724995284438441,0.0,9.616215947971796e-07,4.041352399313466e-31
6,0,0.006370139336666865,0.0,9.616215947971796e-07,2.7378561176414384e-31
6,0,0.00503407036264739,0.0,9.859244300969294e-07,1.8263951953302288e-31
6,0,0.00380106219147593,0.0,9.859244300969294e-07,1.244942321969998e-31
6,0,0.0031312738568276496,0.0,9.616215947971796e-07,6.091436411342461e-32
6,0,0.002687585349282861,0.0,9.616215947971796e-07,2.685380991875816e-32
6,0,0.002278074533074436,0.0,9.616215947971796e-07,1.0727523976721763e-32
6,0,0.0018953146797571969,0.0,9.297186238654831e-07,4.2121922536556894e-33
6,0,0.0014962533749242474,0.0,9.297186238654831e-07,1.7879684172449627e-33
6,0,0.0012066268049327096,0.0,9.297186238654831e-07,8.205800047079028e-34
6,0,0.0009964958390198076,0.0,9.297186238654831e-07,4.191624133087673e-34
6,0,0.000849960008586046,0.0,1.0159392331843264e-06,2.3809291396907437e-34
6,0,0.0007591737224205734,0.0,1.0159392331843264e-06,1.610353562640867e-34
6,0,0.0007357674824264932,0.0,1.0159392331843264e-06,1.3806279873566137e-34
6,0,0.0007857308330318404,0.0,1.0159392331843264e-06,1.4903454617377485e-34
6,0,0.0008805655378109173,0.0,1.0159392331843264e-06,1.948215893828636e-34
6,0,0.0009584328115341723,0.0,1.0159392331843264e-06,2.8714234430255363e-34
6,0,0.0010311522770437376,0.0,1.0159392331843264e-06,4.4957897248476705e-34
6,0,0.0011510519115013555,0.0,1.0159392331843264e-06,6.8380756356988335e-34
6,0,0.0013259201719873956,0.0,1.2098668094040477e-06,9.805185926002487e-34
6,0,0.0014048376982961066,0.0,1.2098668094040477e-06,1.290658083385324e-33
6,0,0.0014426188839253555,0.0,1.2098668094040477e-06,1.629753306109014e-33
6,0,0.0014595776113042428,0.0,1.2098668094040477e-06,2.0586302159546177e-33
6,0,0.0014754307500627892,0.0,1.2098668094040477e-06,2.0941780834784452e-33
6,0,0.001491289837531665,0.0,1.2098668094040477e-06,2.7485688090835047e-33
6,0,0.0015073080915689713,0.0,1.2098668094040477e-06,3.265799547756758e-33
6,0,0.0015284392537285886,0.0,1.2098668094040477e-06,3.70201925653317e-33
6,0,0.0015485071191408213,0.0,1.2098668094040477e-06,4.00503745560417e-33
6,0,0.0015546885097077968,0.0,1.2098668094040477e-06,4.056454313193106e-33
6,0,0.001523493481418602,0.0,1.2098668094040477e-06,5.275860357516314e-33
6,0,0.001504877483438983,0.0,1.2098668094040477e-06,3.785880125546786e-33
6,0,0.0014065767802202307,0.0,1.2098668094040477e-06,3.0410889252467e-33
6,0,0.0012871822269027034,0.0,1.2098668094040477e-06,2.2449089690195024e-33
6,0,0.0010889356189741003,0.0,1.2098668094040477e-06,1.6231765988871555e-33
6,0,0.0008183651048517299,0.0,1.2098668094040477e-06,1.1258523978675969e-33
6,0,0.0007612780521704623,0.0,9.709102641863865e-07,6.625364422787771e-34
6,0,0.0007685640997824439,0.0,1.0042267604148947e-06,3.455784184515854e-34
6,0,0.0006492148684059242,0.0,9.709102641863865e-07,1.8280025405916043e-34
6,0,0.0005704023894794265,0.0,1.2098668094040477e-06,9.222823065731086e-35
6,0,0.0004935611220738623,0.0,1.2098668094040477e-06,4.973290453419809e-35
6,0,0.0003430608765875265,0.0,1.2098668094040477e-06,3.12181338247778e-35
6,0,0.00039492326126149105,0.0,1.2098668094040477e-06,2.1898270199158045e-35
6,0,0.0006825511651878929,0.0,1.2098668094040477e-06,2.9841321717080923e-35
6,0,0.0009914711194473728,0.0,1.2098668094040477e-06,1.319959966267832e-34
6,0,0.0010648746639720405,0.0,1.0873553719648044e-06,1.9877412944443104e-33
6,0,0.0013168312059512414,0.0,1.183356175715744e-06,1.7149861607010317e-32
6,0,0.0016631239101319443,0.0,1.4637571439379826e-06,4.2326336596061074e-32
6,0,0.002214104756158364,0.0,1.4637571439379826e-06,5.583209665522919e-32
6,0,0.0024928321237640237,0.0,1.4637571439379826e-06,7.01178853782442e-32
6,0,0.0030343920582439417,0.0,1.4637571439379826e-06,1.0719798480911365e-31
6,0,0.003943568215336223,0.0,1.4637571439379826e-06,1.6896419441374865e-31
6,0,0.004873011118086343,0.0,1.183356175715744e-06,2.1190434477245035e-31
6,0,0.00522890700111198,0.0,1.4059748991712695e-06,1.9064963191311365e-31
6,0,0.004655261606231264,0.0,1.3012410136070685e-06,1.5034640925689405e-31
6,0,0.004149192665665238,0.0,1.1860507811434218e-06,1.5167130893970585e-31
6,0,0.004367964419214279,0.0,9.982542223951896e-07,2.2201622929686787e-31
6,0,0.00453149554447767,0.0,1.0952055617963197e-06,4.16143949160025e-31
6,0,0.005407600234998512,0.0,1.0952055617963197e-06,6.236060537609439e-31
6,0,0.0058825048537209075,0.0,1.0952055617963197e-06,7.311525961549634e-31
6,0,0.006387146116294655,0.0,1.0952055617963197e-06,7.49016959962602e-31
6,0,0.005649277342480755,0.0,1.0952055617963197e-06,8.606805067511674e-31
6,0,0.005285677943097657,0.0,1.0952055617963197e-06,9.367293488764855e-31
6,0,0.005562756689905906,0.0,1.0952055617963197e-06,9.70372843552952e-31
6,0,0.00576788977812315,0.0,1.183356175715744e-06,1.0852415872780175e-30
6,0,0.0055135505240642545,0.0,1.183356175715744e-06,1.2573183496734214e-30
6,0,0.0051619628243192,0.0,1.183356175715744e-06,1.323269695325176e-30
6,0,0.00486255741416891,0.0,1.183356175715744e-06,1.2045292493666941e-30
6,0,0.004577685065979916,0.0,1.183356175715744e-06,9.152604021717114e-31
6,0,0.004245672943805531,0.0,1.183356175715744e-06,6.047195270856043e-31
6,0,0.0038271551744447417,0.0,1.183356175715744e-06,3.6925171626419775e-31
6,0,0.0033272073217576305,0.0,1.183356175715744e-06,2.205659748964844e-31
6,0,0.0027957633415892384,0.0,1.5709827039245283e-06,1.3208332952040007e-31
6,0,0.002290708167569194,0.0,1.7387383195455186e-06,8.139403828243365e-32
6,0,0.0018822262159651874,0.0,1.7387383195455186e-06,5.263821385185574e-32
6,0,0.001594654116950548,0.0,1.7387383195455186e-06,3.4485183896485743e-32
6,0,0.0014244566160371884,0.0,1.7387383195455186e-06,2.2403499978508305e-32
6,0,0.001193714383403949,0.0,1.7387383195455186e-06,1.5598457387106509e-32
6,0,0.0010174175280314043,0.0,1.7387383195455186e-06,1.1744367732485321e-32
6,0,0.0008891071934909514,0.0,1.6092161558844964e-06,9.273422771075208e-33
6,0,0.0008047225167532086,0.0,1.9399890334170777e-06,7.704553643854058e-33
6,0,0.0007496493917917718,0.0,2.027305754381814e-06,7.085863783709425e-33
6,0,0.0007052803748831143,0.0,2.027305754381814e-06,7.047207651982634e-33
6,0,0.0006161119354889499,0.0,2.027305754381814e-06,7.322683283729899e-33
6,0,0.0006059039718499776,0.0,2.4142873371602036e-06,8.09589334565806e-33
6,0,0.0006214716310391645,0.0,1.7304818129559862e-06,9.332830051513859e-33
6,0,0.0006504671553775748,0.0,1.7304818129559862e-06,1.1311176758372199e-32
6,0,0.0007388603972170426,0.0,1.5772938013469684e-06,1.396072633144625e-32
6,0,0.0007777175480781668,0.0,1.5544966345260036e-06,1.7780459959612749e-32
6,0,0.0008044710718316942,0.0,1.545240934319736e-06,2.2131683072927975e-32
6,0,0.0008312005417279438,0.0,1.545240934319736e-06,2.667920786535877e-32
6,0,0.0008885893027479238,0.0,1.5544966345260036e-06,2.9823499500806904e-32
6,0,0.0009402445979562271,0.0,1.4358357702803914e-06,2.7541973699088295e-31
6,0,0.001010804351573348,0.0,1.4358357702803914e-06,4.162722896332478e-32
6,0,0.0010556263390187836,0.0,1.4358357702803914e-06,4.8781663740621486e-32
6,0,0.0011180625616369095,0.0,1.5544966345260036e-06,5.37432020515157e-32
6,0,0.001163357751522799,0.0,2.168761284337961e-06,5.962734473606806e-32
6,0,0.0012098049856709718,0.0,2.168761284337961e-06,6.871658444010071e-32
6,0,0.0012925043737368747,0.0,2.0753520857397234e-06,8.046418110863094e-32
6,0,0.0013524905921585132,0.0,2.27691180043621e-06,9.345766660718246e-32
6,0,0.0013787457308693436,0.0,1.9163912838848773e-06,1.047978604436047e-31
6,0,0.0013606095357704558,0.0,1.9163912838848773e-06,1.0889108458743352e-31
6,0,0.0013064638713179196,0.0,1.9163912838848773e-06,9.796596368375838e-32
6,0,0.0012526727268021834,0.0,1.9163912838848773e-06,7.572995989529874e-32
6,0,0.0010994831706751776,0.0,1.6092161558844964e-06,6.194778233953476e-32
6,0,0.0009142482953472307,0.0,1.6092161558844964e-06,3.978345725785239e-32
6,0,0.0010365089523345975,0.0,1.6092161558844964e-06,2.485410301017744e-32
6,0,0.001034497126711204,0.0,1.6092161558844964e-06,1.6597379262123842e-32
6,0,0.0009730957752037291,0.0,1.4667629102405044e-06,1.0575157868336117e-32
6,0,0.0007890709535045051,0.0,1.3746674767389777e-06,6.391540412980979e-33
6,0,0.0006475143070996662,0.0,1.3746674767389777e-06,3.8151073232120436e-33
6,0,0.0005670792013310531,0.0,1.3746674767389777e-06,2.40358950244998e-33
6,0,0.0005083520046202641,0.0,1.3746674767389777e-06,1.5976459636132493e-33
6,0,0.0004490243221553019,0.0,1.926083541547996e-06,1.1161027742534799e-33
6,0,0.00039796072764488574,0.0,1.926083541547996e-06,7.85210389882118e-34
6,0,0.00033535961110319986,0.0,2.0127745301579125e-06,5.982824976126404e-34
6,0,0.000303028833117478,0.0,2.0127745301579125e-06,5.218233400006182e-34
6,0,0.0003150423772222267,0.0,2.209385911555728e-06,6.244644302252991e-34
6,0,7.787399135466193e-05,0.0,1.5836151305848034e-06,4.387231237803086e-16
6,0,0.00038179162478269263,0.0,1.5836151305848034e-06,8.216011235896835e-34
6,0,0.00040348498688525685,0.0,1.885903316178883e-06,1.1060577158482227e-33
6,0,0.00044938811189591034,0.0,1.885903316178883e-06,1.5993654914433115e-33
6,0,0.000482470185519093,0.0,1.885903316178883e-06,2.491911739866951e-33
6,0,0.0004997895498250657,0.0,1.885903316178883e-06,3.429141099959238e-33
6,0,0.0005326831806322317,0.0,1.7180782379000448e-06,5.12901172573984e-33
6,0,0.0005870741099733905,0.0,1.7180782379000448e-06,7.53406361663064e-33
6,0,0.0006738858035995739,0.0,1.7180782379000448e-06,1.1216132897320432e-32
6,0,0.0007908721466687222,0.0,1.8026471479970496e-06,1.689841161042592e-32
6,0,0.000933636187754512,0.0,1.8026471479970496e-06,2.51666522643817e-32
6,0,0.0010635115886370287,0.0,1.8026471479970496e-06,3.6845938017449774e-32
6,0,0.0011036698494168913,0.0,1.5286052530427696e-06,5.29031291362288e-32
6,0,0.0011279558931052065,0.0,1.5065118077473016e-06,7.066028198160062e-32
6,0,0.0012094959336569888,0.0,1.4358357702803914e-06,8.320036755409647e-32
6,0,0.0013277402530542767,0.0,1.4272866337705636e-06,8.670632647519798e-32
6,0,0.0014449124108230368,0.0,1.3887178056393168e-06,8.383884318821735e-32
6,0,0.0015389353023162232,0.0,1.3887178056393168e-06,7.212378420331788e-32
6,0,0.0016557559856544782,0.0,1.3887178056393168e-06,6.291996318743883e-32
6,0,0.0016729327815460902,0.0,2.00321119336877e-06,4.8733674183749166e-32
6,0,0.0016371830132940798,0.0,1.9169322058587568e-06,3.764266751728598e-32
6,0,0.0015581223606704027,0.0,1.3547989965445595e-06,2.9565008293061083e-32
6,0,0.0014510657213001948,0.0,1.3547989965445595e-06,2.3979217829690934e-32
6,0,0.001283332528464176,0.0,1.3547989965445595e-06,2.0248679243496892e-32
6,0,0.001168617382059628,0.0,1.4667629102405044e-06,1.7371753798143286e-32
6,0,0.0010896849788016012,0.0,1.9949789020756725e-06,1.3124197531627077e-32
6,0,0.0010224684882724642,0.0,1.8426942460791906e-06,1.1361513630526317e-32
6,0,0.0009577083896578215,0.0,1.8426942460791906e-06,9.813085615381997e-33
6,0,0.0008786727459657838,0.0,1.8426942460791906e-06,8.837696402584157e-33
6,0,0.0008179565582683987,0.0,2.1893508801440476e-06,8.200391854710284e-33
6,0,0.0007778251391917213,0.0,2.2878909931023372e-06,7.915836998470856e-33
6,0,0.000750615640036502,0.0,2.2878909931023372e-06,8.007863512460856e-33
6,0,0.0007309135521539578,0.0,1.5860711073401035e-06,8.456892803583369e-33
6,0,0.0007196187058393157,0.0,1.5860711073401035e-06,9.343873086255865e-33
6,0,0.0007181396632008769,0.0,1.5860711073401035e-06,1.0941776923942326e-32
6,0,0.0007285073909109875,0.0,1.5860711073401035e-06,1.3773257023009173e-32
6,0,0.0007448043487104335,0.0,1.9818016880890355e-06,1.8617135696225774e-32
6,0,0.0007736287021304037,0.0,1.9818016880890355e-06,2.586863691954163e-32
6,0,0.0008233449462343795,0.0,1.9818016880890355e-06,3.532992352434541e-32
6,0,0.0008265336494802395,0.0,2.27966916099831e-06,4.659468882701127e-32
6,0,0.0008162835538894137,0.0,2.0055413187947124e-06,5.698195347426004e-32
6,0,0.0008484541677255577,0.0,2.0055413187947124e-06,7.073148167442993e-32
6,0,0.0009383392017160385,0.0,2.0055413187947124e-06,9.429132720078563e-32
6,0,0.0010168400282778594,0.0,2.0055413187947124e-06,1.3945882776531242e-31
6,0,0.0010560215878789943,0.0,2.0055413187947124e-06,1.9386183479594467e-31
6,0,0.0010986709978808617,0.0,2.0055413187947124e-06,2.4129440718001443e-31
6,0,0.00113390016463495,0.0,2.0055413187947124e-06,2.7844524786091637e-31
6,0,0.0011554970590785852,0.0,2.0055413187947124e-06,2.956716943942507e-31
6,0,0.0011563532209693055,0.0,2.0055413187947124e-06,2.903247702604394e-31
6,0,0.0010991031223298244,0.0,2.0055413187947124e-06,2.6290163904021923e-31
6,0,0.0010346811620150144,0.0,3.220013013560674e-06,2.3329314627238535e-31
6,0,0.0009988377948384698,0.0,3.220013013560674e-06,2.123639865735089e-31
6,0,0.0009615110940200775,0.0,3.220013013560674e-06,1.9080678375287509e-31
6,0,0.0009205975193461188,0.0,3.3036019431165187e-06,1.6145448997880293e-31
6,0,0.000870174480620676,0.0,3.3036019431165187e-06,1.2949600767952268e-31
6,0,0.0007755115476930347,0.0,2.730500909819966e-06,1.0091084151879714e-31
6,0,0.0006556149829110621,0.0,2.730500909819966e-06,7.580741909554617e-32
6,0,0.0005881602261819964,0.0,2.730500909819966e-06,6.121812948609235e-32
6,0,0.0005719247733491192,0.0,2.730500909819966e-06,5.667066493774704e-32
6,0,0.0005513819344079788,0.0,2.730500909819966e-06,5.804645177100594e-32
6,0,0.0005108355737572605,0.0,2.730500909819966e-06,5.985615471145562e-32
6,0,0.00046746039731704005,0.0,2.730500909819966e-06,5.970928844726388e-32
6,0,0.00043181968551781537,0.0,2.730500909819966e-06,5.87114171703226e-32
6,0,0.00040399219383669235,0.0,2.730500909819966e-06,5.614306193079572e-32
6,0,0.00038109312863050994,0.0,2.730500909819966e-06,5.214616367154504e-32
6,0,0.0003593712297384976,0.0,2.730500909819966e-06,4.8924786055305854e-32
6,0,0.0003399000415742903,0.0,2.730500909819966e-06,4.675065341747837e-32
6,0,0.00030036869026953274,0.0,2.730500909819966e-06,4.6762067467624853e-32
6,0,0.0002697642458164282,0.0,2.730500909819966e-06,5.081670307065205e-32
6,0,0.00025382078140406144,0.0,2.730500909819966e-06,6.214470703065627e-32
6,0,0.0002474007349568267,0.0,2.730500909819966e-06,8.68115684844271e-32
6,0,0.0002594119240570138,0.0,1.032013756230299e-06,1.3087160643368544e-31
6,0,0.00028207495867151034,0.0,1.032013756230299e-06,1.790222412968985e-31
6,0,0.0003020632693355775,0.0,1.032013756230299e-06,2.8700148316145567e-31
6,0,0.0003223053740655352,0.0,1.0785282711367472e-06,3.9017422266504856e-31
6,0,0.0003364621344082731,0.0,1.0785282711367472e-06,5.11733080898836e-31
6,0,0.0003479762769166794,0.0,1.183919380309817e-06,6.510402111181748e-31
6,0,0.000363841939234458,0.0,1.183919380309817e-06,7.778448774617158e-31
6,0,0.00038933406978124857,0.0,1.183919380309817e-06,8.810774966475396e-31
6,0,0.00043181591902930844,0.0,1.183919380309817e-06,9.58211931315729e-31
6,0,0.0004693411100779303,0.0,1.183919380309817e-06,1.0046573117890348e-30
6,0,0.0004519423881492525,0.0,1.0785282711367472e-06,9.900554150026684e-31
6,0,0.00040324199296818525,0.0,1.0785282711367472e-06,9.023226292279171e-31
6,0,0.000378512509762522,0.0,1.0785282711367472e-06,7.147223824751021e-31
6,0,0.0003813845439919085,0.0,1.5416186442962498e-06,4.793662201071366e-31
6,0,0.0003825607368416966,0.0,1.5416186442962498e-06,2.8062698888592955e-31
6,0,0.0003797967308916288,0.0,1.2170289664936718e-06,1.5989765350563038e-31
6,0,0.00036621846544995215,0.0,1.2170289664936718e-06,9.048419487205994e-32
6,0,0.0003420622963048159,0.0,1.3359106105781393e-06,4.975100576966831e-32
6,0,0.0003048382862313361,0.0,2.2014460228092503e-06,2.6001209172427367e-32
6,0,0.000259645189138083,0.0,2.2014460228092503e-06,1.2384476569069874e-32
6,0,0.00022467750506035267,0.0,2.2014460228092503e-06,5.5023744454999227e-33
6,0,0.00019515359169387336,0.0,2.2014460228092503e-06,2.407976300430455e-33
6,0,0.00016800456898394226,0.0,2.2014460228092503e-06,1.1381159263535427e-33
6,0,0.00014505237870014734,0.0,2.2014460228092503e-06,5.991915312713603e-34
6,0,0.00012594390223369888,0.0,2.2014460228092503e-06,3.413490953881474e-34
6,0,9.925287641314623e-05,0.0,3.4834633879654575e-06,2.0917896718121163e-34
6,0,7.094334260413373e-05,0.0,3.5738912629312836e-06,1.3210882801325032e-34
6,0,5.0857448810900185e-05,0.0,3.093451141467085e-06,7.665087568968902e-35
6,0,3.9624436891743064e-05,0.0,3.093451141467085e-06,5.179695896781554e-35
6,0,3.433634381488844e-05,0.0,3.093451141467085e-06,4.335365510851641e-35
6,0,3.129701341810388e-05,0.0,3.093451141467085e-06,4.4858348144613294e-35
6,0,2.8265347552636317e-05,0.0,3.093451141467085e-06,5.010537782717789e-35
6,0,2.4986365519360928e-05,0.0,7.294459010154242e-06,5.95851944933012e-35
6,0,2.2937227715947814e-05,0.0,7.294459010154242e-06,7.472631363501705e-35
6,0,2.1648221471672124e-05,0.0,6.2219914980232716e-06,1.0125117146976668e-34
6,0,2.1583461276033026e-05,0.0,4.866775270784274e-06,1.5620114722576707e-34
6,0,2.178253322981885e-05,0.0,4.684619852923788e-06,2.690669375656272e-34
6,0,2.3133646248492335e-05,0.0,5.142387180967489e-06,5.308583457013818e-34
6,0,2.4761987931053678e-05,0.0,5.142387180967489e-06,9.24336115609186e-34
6,0,2.7827958385358053e-05,0.0,4.89591639052378e-06,1.3477051915727142e-33
6,0,3.403019899366284e-05,0.0,5.0862877287727315e-06,2.2621191246705023e-33
6,0,4.1712285062469516e-05,0.0,5.0862877287727315e-06,3.948544299129605e-33
6,0,4.9605721699152205e-05,0.0,5.0862877287727315e-06,6.634447504370773e-33
6,0,5.791668889239567e-05,0.0,5.1608790272439364e-06,1.0401757023226475e-32
6,0,6.824367508701662e-05,0.0,4.701465513790026e-06,1.526644194645263e-32
6,0,8.185101790561877e-05,0.0,4.498706857702928e-06,2.0418392709764798e-32
6,0,9.829545625042201e-05,0.0,4.498706857702928e-06,2.430541604267618e-32
6,0,0.00011691479707867298,0.0,4.091755727131385e-06,2.493082752645561e-32
6,0,0.00012833249847165273,0.0,2.6870636702369666e-06,2.1969674972129709e-32
6,0,0.00011507463903133893,0.0,1.7352397208014736e-06,1.9370280804269368e-32
6,0,0.00012031002227414897,0.0,1.7352397208014736e-06,1.5007069117943693e-32
6,0,0.00015289325713984203,0.0,2.859496817109175e-06,1.4977672942965504e-32
6,0,0.00022987542465355927,0.0,2.859496817109175e-06,1.5824286014946794e-32
6,0,0.00024227147278252985,0.0,3.626303168857703e-06,1.1144567331874433e-32
6,0,0.00022144312780323237,0.0,3.626303168857703e-06,6.419298242707709e-33
6,0,0.00020895062183588564,0.0,3.626303168857703e-06,3.565851460301855e-33
6,0,0.00020083857187215066,0.0,3.626303168857703e-06,2.1025670723814854e-33
6,0,0.00018761315552227629,0.0,3.626303168857703e-06,1.3674984042241499e-33
6,0,0.00016904784445380435,0.0,3.626303168857703e-06,9.290873168384158e-34
6,0,0.00014622727837894497,0.0,3.626303168857703e-06,6.246693152172276e-34
6,0,0.00012291151571039197,0.0,3.626303168857703e-06,4.11764467162516e-34
6,0,0.0001050548485400201,0.0,3.5738912629312836e-06,2.665131301707177e-34
6,0,9.356347376194872e-05,0.0,3.5738912629312836e-06,1.7582410834676286e-34
6,0,8.457669299452821e-05,0.0,3.106918029516237e-06,1.2536856177273456e-34
6,0,7.647246605728748e-05,0.0,3.106918029516237e-06,9.90159184521552e-35
6,0,6.973818968421974e-05,0.0,3.106918029516237e-06,8.603439709837216e-35
6,0,6.4962120308536e-05,0.0,3.106918029516237e-06,7.834835726095482e-35
6,0,6.294815545991e-05,0.0,3.106918029516237e-06,7.083047395672126e-35
6,0,6.439878308698479e-05,0.0,3.106918029516237e-06,6.214438000445445e-35
6,0,6.565166353983427e-05,0.0,2.689253278731485e-06,5.877071121759448e-35
6,0,6.567224277612065e-05,0.0,2.689253278731485e-06,6.274657405135495e-35
6,0,6.703542573175025e-05,0.0,2.689253278731485e-06,8.035578363175384e-35
6,0,7.626123016346407e-05,0.0,2.689253278731485e-06,1.2886554267206066e-34
6,0,9.68700285777884e-05,0.0,2.449938847348676e-06,2.4628321677617674e-34
6,0,0.00012292280833992177,0.0,2.449938847348676e-06,4.967851266571112e-34
6,0,0.00014885552629438913,0.0,2.449938847348676e-06,9.454911568331485e-34
6,0,0.00017810814479443822,0.0,2.449938847348676e-06,1.676964648986891e-33
6,0,0.00021958912268709802,0.0,2.449938847348676e-06,2.8534186807440295e-33
6,0,0.00022412221505825478,0.0,2.4858677534211893e-06,3.455245156071155e-33
6,0,0.00024059085098925535,0.0,2.4858677534211893e-06,5.063922399482902e-33
6,0,0.00025229159793564883,0.0,2.4858677534211893e-06,8.391912945237852e-33
6,0,0.0003012202380471532,0.0,2.4858677534211893e-06,1.4756719677945255e-32
6,0,0.00033153427964704264,0.0,2.4247908640973037e-06,2.434327430761235e-32
6,0,0.0003522898329888368,0.0,2.107961563524441e-06,3.755345925100208e-32
6,0,0.0003738614871867169,0.0,2.107961563524441e-06,5.123441498821675e-32
6,0,0.00039537610465908594,0.0,2.107961563524441e-06,6.108702660114514e-32
6,0,0.00040881650034903987,0.0,2.107961563524441e-06,6.1856634507572e-32
6,0,0.0004115205917074089,0.0,2.282168452438782e-06,5.279466627247843e-32
6,0,0.0004027401367501343,0.0,2.107961563524441e-06,3.6897418792544036e-32
6,0,0.00036861112788065797,0.0,2.107961563524441e-06,2.3334556156548852e-32
6,0,0.00032860563871956025,0.0,2.4353471417271066e-06,1.6462940911956174e-32
6,0,0.0003344271054126163,0.0,2.3737268293189118e-06,1.2254115714931621e-32
6,0,0.00027342264570119536,0.0,2.3737268293189118e-06,7.700263824157526e-33
6,0,0.00026534212625063355,0.0,3.2634388844599016e-06,4.8933908626152204e-33
6,0,0.00022618455930430593,0.0,3.2162718071049312e-06,2.8767638148803678e-33
6,0,0.00018194889113712907,0.0,3.2162718071049312e-06,1.6280631656377222e-33
6,0,0.00015318200631556162,0.0,2.362338136663311e-06,8.094252061670724e-34
6,0,0.00011812150618114202,0.0,2.362338136663311e-06,4.018211165692538e-34
6,0,9.044341080792071e-05,0.0,2.362338136663311e-06,1.9300485368011814e-34
6,0,6.960507880245105e-05,0.0,2.362338136663311e-06,9.040298295201526e-35
6,0,5.3053342999829706e-05,0.0,2.1605387701129075e-06,4.261221549056636e-35
6,0,3.993449294636823e-05,0.0,1.7976529989027767e-06,2.0021373636851335e-35
6,0,3.0022164509428075e-05,0.0,1.7976529989027767e-06,9.558693312815633e-36
6,0,2.2245807728016733e-05,0.0,1.7976529989027767e-06,4.577502639092351e-36
6,0,1.6035365093700848e-05,0.0,1.7976529989027767e-06,2.3442644420440537e-36
6,0,1.1075684611334203e-05,0.0,1.7976529989027767e-06,1.357118416024686e-36
6,0,7.868735442909937e-06,0.0,1.7976529989027767e-06,9.894257704650085e-37
6,0,8.134697756439282e-06,0.0,1.8240161807625555e-06,1.1621519267305758e-36
6,0,9.945411580287005e-06,0.0,1.9137996787321754e-06,1.8462636846195103e-36
6,0,1.0409136241073519e-05,0.0,1.9137996787321754e-06,2.8069589353509353e-36
6,0,1.1025602404067217e-05,0.0,1.9137996787321754e-06,3.1917372879848816e-36
6,0,1.1788592302790737e-05,0.0,1.9137996787321754e-06,4.174259791378342e-36
6,0,1.2400676496288712e-05,0.0,3.072716481256066e-06,4.766972182032934e-36
6,0,1.352266174477934e-05,0.0,3.626303168857703e-06,5.6006049523506237e-36
6,0,1.6010743320331377e-05,0.0,3.1388171919388697e-06,7.136063597125246e-36
6,0,1.842398928163237e-05,0.0,4.860541139350971e-06,9.633957524170803e-36
6,0,1.990428230239297e-05,0.0,5.343952125258511e-06,1.2749100062303444e-35
6,0,2.1895506967346985e-05,0.0,4.860541139350971e-06,1.5317929735482912e-35
6,0,2.475767246922898e-05,0.0,3.1388171919388697e-06,1.573979617609943e-35
6,0,2.5814966963180466e-05,0.0,3.626303168857703e-06,1.5257278129989068e-35
6,0,2.453470770006872e-05,0.0,3.626303168857703e-06,1.6015374411054776e-35
6,0,2.7156406105634295e-05,0.0,3.626303168857703e-06,1.9409526818346855e-35
6,0,2.7172041320184155e-05,0.0,3.626303168857703e-06,2.414007080065965e-35
6,0,3.3073541963677875e-05,0.0,3.1524816677119816e-06,3.6683617193828216e-35
6,0,3.57998556942786e-05,0.0,3.1524816677119816e-06,5.453554512071342e-35
6,0,3.837387577448703e-05,0.0,3.106918029516237e-06,7.736588964361961e-35
6,0,4.659695435955713e-05,0.0,3.0283056275948184e-06,1.0470779066853135e-34
6,0,5.8273566289464034e-05,0.0,2.0651584691222524e-06,1.3589017752642965e-34
6,0,6.666860445815259e-05,0.0,2.362338136663311e-06,1.6833410859505028e-34
6,0,7.384730077519155e-05,0.0,2.260591600133921e-06,1.967379665989405e-34
6,0,8.31729392459311e-05,0.0,1.9026549580303254e-06,2.2099769044151623e-34
6,0,9.544076693918282e-05,0.0,1.9026549580303254e-06,2.426796148658112e-34
6,0,0.00010267314793528419,0.0,1.6134097222675337e-06,2.61188875445462e-34
6,0,0.00010786559401946777,0.0,1.6134097222675337e-06,2.506201021644898e-34
6,0,0.00011618138285968679,0.0,1.6134097222675337e-06,2.8390746190926243e-34
6,0,0.00013523840533691346,0.0,1.6134097222675337e-06,2.85547552035148e-34
6,0,0.00014661348653864466,0.0,1.6134097222675337e-06,2.77413268880702e-34
6,0,0.00015994654790685138,0.0,1.6134097222675337e-06,2.7577992866378405e-34
6,0,0.00017175098011986583,0.0,1.6134097222675337e-06,2.8241035965089486e-34
6,0,0.0001820704359044168,0.0,1.6134097222675337e-06,2.944387663078022e-34
6,0,0.00022367188783195343,0.0,1.6134097222675337e-06,3.396838193774405e-34
6,0,0.0002634747947029099,0.0,1.6134097222675337e-06,3.885650300408324e-34
6,0,0.0002853157329438672,0.0,1.6134097222675337e-06,4.813977678516032e-34
6,0,0.0002887917331944563,0.0,1.6134097222675337e-06,5.603645855217155e-34
6,0,0.00029073099743209824,0.0,1.6134097222675337e-06,5.7480107960000365e-34
6,0,0.00030156091628122026,0.0,1.6134097222675337e-06,5.861827118163443e-34
6,0,0.0003155275260653196,0.0,1.9026549580303254e-06,6.329060867853859e-34
6,0,0.00032780650454530656,0.0,1.5976817167029367e-06,7.683154136539323e-34
6,0,0.0003428287993881447,0.0,1.5976817167029367e-06,8.323456929691762e-34
6,0,0.00033639733831548316,0.0,1.5976817167029367e-06,1.1272448076603443e-33
6,0,0.0003485104233042196,0.0,1.5976817167029367e-06,1.4065116841954992e-33
6,0,0.0003840593671494931,0.0,1.5976817167029367e-06,1.8279405516316977e-33
6,0,0.00042018347898811564,0.0,1.5976817167029367e-06,2.238649094259389e-33
6,0,0.00044530182381906613,0.0,1.5976817167029367e-06,2.6216422351595758e-33
6,0,0.00046344222571172394,0.0,1.7794652649172349e-06,2.9562400899654165e-33
6,0,0.0004654693222348917,0.0,1.7794652649172349e-06,3.1228407002555515e-33
6,0,0.00044874412302242157,0.0,1.7794652649172349e-06,3.08945041587846e-33
6,0,0.0004290965523377101,0.0,1.7537462326799869e-06,2.898884230839943e-33
6,0,0.00041678922275250805,0.0,1.7537462326799869e-06,2.616327163983936e-33
6,0,0.00042745396019409275,0.0,1.7537462326799869e-06,2.327080983258773e-33
6,0,0.0004758567516933552,0.0,1.7537462326799869e-06,1.7959114529786597e-33
6,0,0.00048651088416159783,0.0,1.7537462326799869e-06,1.3671749596066815e-33
6,0,0.0004782924711997458,0.0,1.7537462326799869e-06,1.0358790500652013e-33
6,0,0.0004545663218607927,0.0,1.7537462326799869e-06,8.085364222352554e-34
6,0,0.00042319654450437364,0.0,1.7537462326799869e-06,6.621877428998652e-34
6,0,0.0003666226607086709,0.0,1.5976817167029367e-06,5.065215259597814e-34
6,0,0.0003361868199431316,0.0,1.5976817167029367e-06,3.3988863549274687e-34
6,0,0.0003144496558771092,0.0,1.5976817167029367e-06,2.6436245764506776e-34
6,0,0.0002939402326710375,0.0,1.7537462326799869e-06,1.8571010767267446e-34
6,0,0.000264288757854683,0.0,1.7537462326799869e-06,1.3225405437098717e-34
6,0,0.00023287213140055506,0.0,1.7537462326799869e-06,1.003421952082319e-34
6,0,0.00021055638569750587,0.0,1.7537462326799869e-06,7.59071344446165e-35
6,0,0.00019317225448823704,0.0,2.0885097455902724e-06,5.937191229319277e-35
6,0,0.00017628795345520405,0.0,2.0885097455902724e-06,5.025161437537247e-35
6,0,0.00015695048113252113,0.0,2.0885097455902724e-06,5.992894623485758e-35
6,0,0.0001440735979789119,0.0,2.0885097455902724e-06,5.559546449962088e-35
6,0,0.00013812881718227723,0.0,2.0885097455902724e-06,6.437291755140936e-35
6,0,0.00014155546779670407,0.0,2.0885097455902724e-06,8.871193560519903e-35
6,0,0.0001563570820379158,0.0,2.0885097455902724e-06,1.1576928434526523e-34
6,0,0.0001758192965192772,0.0,2.0885097455902724e-06,1.9655943839440934e-34
6,0,0.00019960644158645624,0.0,1.7537462326799869e-06,3.5964639964266558e-34
6,0,0.0002284583417768862,0.0,1.7537462326799869e-06,7.064996554930422e-34
6,0,0.00026532766689655435,0.0,1.7537462326799869e-06,1.3968550899389903e-33
6,0,0.0003086581256500897,0.0,1.5976817167029367e-06,2.523864615058178e-33
6,0,0.00033736083636091687,0.0,1.7537462326799869e-06,3.6360152487344986e-33
6,0,0.00032597288467784303,0.0,2.8570352696988266e-06,4.2277749006437773e-33
6,0,0.00031366680786988155,0.0,2.8570352696988266e-06,5.572759373807315e-33
6,0,0.0003151867848199202,0.0,2.8570352696988266e-06,8.95935419042251e-33
6,0,0.00030389503214683857,0.0,2.8570352696988266e-06,1.3016701511980256e-32
6,0,0.0003169668389069031,0.0,2.8570352696988266e-06,1.535053387357458e-32
6,0,0.00029948744270956413,0.0,2.8570352696988266e-06,1.6132452144590426e-32
6,0,0.00032566361737646957,0.0,1.7794652649172349e-06,1.3833601025508635e-32
6,0,0.0003239844136061405,0.0,1.7794652649172349e-06,1.0792376734740598e-32
6,0,0.00031494497152524713,0.0,1.7794652649172349e-06,7.764329735645279e-33
6,0,0.0003147426406508157,0.0,1.7794652649172349e-06,5.509893935925339e-33
6,0,0.00032025610080566887,0.0,1.7537462326799869e-06,4.695491980550473e-33
6,0,0.00032945918583827136,0.0,1.7537462326799869e-06,3.451530226580572e-33
6,0,0.00033450328564634283,0.0,1.7537462326799869e-06,2.67161635710387e-33
6,0,0.000346003727578636,0.0,1.7537462326799869e-06,2.1108445729921898e-33
6,0,0.0003540881413531191,0.0,1.7537462326799869e-06,1.7798839548471824e-33
6,0,0.00032864388471130426,0.0,1.7537462326799869e-06,1.443286749454486e-33
6,0,0.0003078297988948496,0.0,1.7537462326799869e-06,1.1873421400171261e-33
6,0,0.00024172086401393184,0.0,1.7537462326799869e-06,9.168910119356576e-34
6,0,0.00021178564223898067,0.0,1.7537462326799869e-06,6.7079130543967855e-34
6,0,0.00019551350480671777,0.0,1.7537462326799869e-06,6.33543792470707e-34
6,0,0.00019373298777008663,0.0,1.7537462326799869e-06,6.741055107427762e-34
6,0,0.0001561579862618095,0.0,1.7537462326799869e-06,7.303626040744673e-34
6,0,0.0001463288349945151,0.0,1.7537462326799869e-06,8.043525807012896e-34
6,0,0.00014890881146910603,0.0,1.7537462326799869e-06,7.739043382791153e-34
6,0,0.0001334504565623505,0.0,1.7537462326799869e-06,1.2842538432252503e-33
6,0,0.0001336387510389454,0.0,1.4073701777306269e-06,2.3005838712233e-33
6,0,0.00013751255882380638,0.0,1.4073701777306269e-06,4.022492444687927e-33
6,0,0.000163743204905714,0.0,1.7537462326799869e-06,7.925022017454594e-33
6,0,0.00015453854918011633,0.0,1.4280095683716354e-06,1.598738144801957e-32
6,0,0.00016419346835031695,0.0,1.4280095683716354e-06,3.137349753559354e-32
6,0,0.0001664048555927215,0.0,1.4280095683716354e-06,6.15825797546213e-32
6,0,0.00017980830691398495,0.0,1.4280095683716354e-06,1.236253420377025e-31
6,0,0.00022750231081681625,0.0,1.7730181980368798e-06,9.440905766199788e-31
6,0,0.0002958155024227713,0.0,1.229137410518888e-06,5.554597310177859e-31
6,0,0.00037358636087580707,0.0,1.229137410518888e-06,1.0883675558952721e-30
6,0,0.00045063290500398047,0.0,1.229137410518888e-06,2.211060863388228e-30
6,0,0.0005666298951152311,0.0,1.229137410518888e-06,3.7453916978781226e-30
6,0,0.0006790283499685121,0.0,1.229137410518888e-06,8.090563871737886e-30
6,0,0.0008149949283819866,0.0,1.229137410518888e-06,1.6698570952752937e-29
6,0,0.0010234070119471137,0.0,1.229137410518888e-06,3.135117235880363e-29
6,0,0.0012938806510856332,0.0,1.229137410518888e-06,5.610953142463625e-29
6,0,0.0017366924575502461,0.0,1.229137410518888e-06,9.277332134972131e-29
6,0,0.002317814885195516,0.0,1.229137410518888e-06,1.4664048652157642e-28
6,0,0.0028483135823223265,0.0,1.229137410518888e-06,2.082313770682778e-28
6,0,0.0034894452595131222,0.0,1.229137410518888e-06,2.9406586171786356e-28
6,0,0.004364346824506312,0.0,1.229137410518888e-06,4.0167519920818306e-28
6,0,0.00509320457518685,0.02,1.229137410518888e-06,5.5472165372546955e-28
6,0,0.00590033288972541,0.02,1.229137410518888e-06,7.044215401490159e-28
6,0,0.0067185895394314,0.02,1.229137410518888e-06,8.175611132522704e-28
6,0,0.006924107749866812,0.02,1.229137410518888e-06,9.541863909141065e-28
6,0,0.007081502886621415,0.0,1.7730181980368798e-06,1.035435693774468e-27
6,0,0.006818175549299656,0.0,1.6966538396445685e-06,1.152563434458311e-27
6,0,0.006564465482996889,0.0,1.4280095683716354e-06,1.0235755282874397e-27
6,0,0.006691099903582409,0.0,1.4280095683716354e-06,1.2439147213594697e-27
6,0,0.006759332954717259,0.0,1.4280095683716354e-06,1.284693880519439e-27
6,0,0.006832519737363283,0.0,1.4073701777306269e-06,1.276448011462545e-27
6,0,0.006828972478747826,0.0,1.4073701777306269e-06,1.2378793383962462e-27
6,0,0.00677171187476108,0.0,1.4073701777306269e-06,1.1728458841851391e-27
6,0,0.00671186575833514,0.0,1.4073701777306269e-06,1.0922621827135578e-27
6,0,0.006654916132519253,0.0,1.4073701777306269e-06,9.991170846621968e-28
6,0,0.006614130995437888,0.0,1.4073701777306269e-06,8.727027986760102e-28
6,0,0.006265578783339859,0.0,1.4073701777306269e-06,8.553010586634994e-28
6,0,0.006123394693557668,0.0,1.4073701777306269e-06,7.183972433834563e-28
6,0,0.005964110906179348,0.0,1.4073701777306269e-06,6.304862932902051e-28
6,0,0.005424285968823429,0.0,1.4073701777306269e-06,6.694052930133879e-28
6,0,0.005158178721181442,0.0,1.4280095683716354e-06,6.9020413270655485e-28
6,0,0.005106061797246647,0.0,1.4280095683716354e-06,6.269798007887079e-28
6,0,0.005055325870838079,0.0,1.6966538396445685e-06,5.080537230192933e-28
6,0,0.004279184699172207,0.0,1.6966538396445685e-06,4.415663842931683e-28
6,0,0.0038377684440784156,0.0,1.7730181980368798e-06,3.3707483849332003e-28
6,0,0.0036477422826573683,0.0,1.7730181980368798e-06,2.6372466507748983e-28
6,0,0.003658491932090773,0.02,1.7730181980368798e-06,2.190269125561731e-28
6,0,0.0038805514606928783,0.02,1.229137410518888e-06,1.7736662840958456e-28
6,0,0.003701802123852753,0.02,1.229137410518888e-06,1.6248036957156216e-28
6,0,0.003199566469408497,0.02,1.229137410518888e-06,1.5674839279695256e-28
6,0,0.002825522528547581,0.02,1.229137410518888e-06,1.3073657833800197e-28
6,0,0.0025622124299965296,0.02,1.229137410518888e-06,9.875141993416144e-29
6,0,0.0026352683781087362,0.02,1.229137410518888e-06,6.931193767521873e-29
6,0,0.0030827959007000694,0.02,1.229137410518888e-06,5.567628144658419e-29
6,0,0.0035328713592945363,0.02,1.229137410518888e-06,6.192165095905666e-29
6,0,0.0035691473575999036,0.0,1.229137410518888e-06,8.129641592162611e-29
6,0,0.0030141997901234115,0.0,1.229137410518888e-06,8.814683438172106e-29
6,0,0.002797069265470772,0.0,1.4752205288459663e-06,7.397268814063585e-29
6,0,0.0029235053572582,0.0,1.7730181980368798e-06,6.418625568416439e-29
6,0,0.004160526504075158,0.0,1.6966538396445685e-06,6.417303898992104e-29
6,0,0.005062686110565054,0.0,1.4280095683716354e-06,7.04523349620701e-29
6,0,0.005393497005900898,0.0,1.4073701777306269e-06,6.86697905020425e-29
6,0,0.0052520666183262735,0.0,1.4073701777306269e-06,6.776162425529777e-29
6,0,0.005498927704900829,0.0,1.4073701777306269e-06,6.722865925437506e-29
6,0,0.0057908494239676655,0.0,1.4073701777306269e-06,7.007975779579732e-29
6,0,0.005971275006639907,0.0,1.4073701777306269e-06,6.535890627905317e-29
6,0,0.005718227869894635,0.0,1.6760158132456127e-06,5.921421475442354e-29
6,0,0.005418954095849403,0.0,1.6760158132456127e-06,4.961632783024206e-29
6,0,0.00498234508190879,0.0,1.4073701777306269e-06,4.0413873444095277e-29
6,0,0.0044287242032907854,0.0,1.4073701777306269e-06,4.002143211600546e-29
6,0,0.00412898536290662,0.0,1.4073701777306269e-06,3.17018571182867e-29
6,0,0.003956110304105812,0.0,1.4073701777306269e-06,3.0212294751049003e-29
6,0,0.0038849081449403968,0.0,1.4073701777306269e-06,2.894447613351765e-29
6,0,0.003845402422530023,0.0,1.4073701777306269e-06,2.5376946699111037e-29
6,0,0.003739046778306892,0.0,1.4280095683716354e-06,3.383075299542251e-29
6,0,0.003625974990162126,0.0,1.4280095683716354e-06,2.782268212622285e-29
6,0,0.003476533003369827,0.0,1.4280095683716354e-06,2.4288860979741318e-29
6,0,0.003311901552523153,0.0,1.6966538396445685e-06,2.0777898214287232e-29
6,0,0.0031469504908741394,0.0,1.6966538396445685e-06,1.7567773229310278e-29
6,0,0.003025874688125465,0.0,1.7730181980368798e-06,1.532299956409866e-29
6,0,0.0030245560097158916,0.0,1.7730181980368798e-06,1.5681828900760613e-29
6,0,0.003180028996677289,0.0,1.7730181980368798e-06,1.2442693843679942e-29
6,0,0.0033255165170914688,0.0,1.7730181980368798e-06,1.5870070497231237e-29
6,0,0.0032210585168881514,0.0,1.4752205288459663e-06,1.9447384558535e-29
6,0,0.0030858263545097625,0.0,1.4752205288459663e-06,2.369473416138939e-29
6,0,0.0031691047738283042,0.0,1.4752205288459663e-06,2.7596896932898827e-29
6,0,0.003304033764409937,0.0,1.4752205288459663e-06,3.219740491150861e-29
6,0,0.0036102328469768776,0.0,1.7730181980368798e-06,3.6191127596280433e-29
6,0,0.0037443287833493926,0.0,1.7730181980368798e-06,4.37491838754574e-29
6,0,0.00394567592062979,0.0,1.7730181980368798e-06,5.410140038281014e-29
6,0,0.004255046924011922,0.0,1.6966538396445685e-06,6.891751925967038e-29
6,0,0.004627228496194135,0.0,1.4280095683716354e-06,8.989497691811705e-29
6,0,0.0049859107524303945,0.0,1.3009321264689788e-06,1.1864349569832438e-28
6,0,0.005291586600033126,0.0,1.3009321264689788e-06,1.5452559278870019e-28
6,0,0.005509837631641061,0.0,1.282129346691363e-06,2.031425164503477e-28
6,0,0.005936396564380822,0.0,1.282129346691363e-06,2.4508337247864703e-28
6,0,0.006397171140868168,0.0,1.282129346691363e-06,2.7111294160427245e-28
6,0,0.006490257543476346,0.0,1.4573777207260719e-06,3.0293098947425092e-28
6,0,0.006658194987810878,0.0,1.4573777207260719e-06,3.367509452249227e-28
6,0,0.0071456695156372615,0.0,1.4573777207260719e-06,3.9830462921251096e-28
6,0,0.007524439408404185,0.0,1.4573777207260719e-06,4.830879412984502e-28
6,0,0.0074044498630426205,0.0,1.7355689578835154e-06,5.270724738131117e-28
6,0,0.00663780973244492,0.0,1.4573777207260719e-06,5.930060595319768e-28
6,0,0.006466272757032641,0.0,1.4573777207260719e-06,6.509865656937434e-28
6,0,0.005641961396772896,0.0,1.5778189208504045e-06,6.481667153656688e-28
6,0,0.00492738029810604,0.0,1.5778189208504045e-06,6.0859444020534985e-28
6,0,0.00504186508338352,0.0,1.5778189208504045e-06,5.502640888691853e-28
6,0,0.0050364743664032844,0.0,1.5778189208504045e-06,4.835138607056514e-28
6,0,0.004884125569270358,0.0,1.4573777207260719e-06,3.911822754627996e-28
6,0,0.004778503636795667,0.0,1.4573777207260719e-06,3.45364618752946e-28
6,0,0.00479322074908731,0.0,1.4573777207260719e-06,2.7737074540194837e-28
6,0,0.004887124753854079,0.0,1.5778189208504045e-06,2.3966736858553846e-28
6,0,0.004788454003080579,0.0,1.5778189208504045e-06,2.1884650106863263e-28
6,0,0.004501800539364818,0.0,1.7310578641627217e-06,2.04684247444954e-28
6,0,0.004489457326216317,0.0,1.7310578641627217e-06,1.8187639800442386e-28
6,0,0.004454985512090626,0.0,1.7310578641627217e-06,1.5806699277043944e-28
6,0,0.004360663507587905,0.0,1.7310578641627217e-06,1.6760288581527042e-28
6,0,0.004238047759816264,0.0,1.7310578641627217e-06,1.7665357692179949e-28
6,0,0.004255192251885987,0.0,1.5778189208504045e-06,1.8598290194303278e-28
6,0,0.0044880304557925405,0.0,1.5778189208504045e-06,1.838638252993478e-28
6,0,0.0049259121339907275,0.0,1.7310578641627217e-06,2.0887420433546566e-28
6,0,0.005381746693536242,0.0,1.7310578641627217e-06,2.079210375318641e-28
6,0,0.005621108442480792,0.0,1.7310578641627217e-06,2.3479967694759694e-28
6,0,0.006036983359999618,0.0,1.7310578641627217e-06,2.6698203854068057e-28
6,0,0.006255274889420413,0.0,1.8703866544456105e-06,3.2897396788711414e-28
6,0,0.006398034824435514,0.0,1.8703866544456105e-06,4.000466328472092e-28
6,0,0.0063927290437002906,0.0,1.8703866544456105e-06,4.663656693703191e-28
6,0,0.006427264820414882,0.0,1.8703866544456105e-06,5.070043800890939e-28
6,0,0.0067742676760680996,0.0,1.8703866544456105e-06,5.264656132876353e-28
6,0,0.007357635563637216,0.0,1.8703866544456105e-06,5.2991914271566185e-28
6,0,0.007321151957329866,0.0,1.7310578641627217e-06,5.108716955656721e-28
6,0,0.007038421635565085,0.0,1.7310578641627217e-06,4.543405479835541e-28
6,0,0.0064776422493519606,0.0,1.5778189208504045e-06,4.754369438531288e-28
6,0,0.006377779001261263,0.0,1.4573777207260719e-06,5.401441455316567e-28
6,0,0.006596318465374925,0.0,1.4573777207260719e-06,7.553593538383958e-28
6,0,0.00617783818464336,0.0,1.5778189208504045e-06,1.1784697922157443e-27
6,0,0.005835447857721333,0.0,1.5778189208504045e-06,1.6481330388368432e-27
6,0,0.005894211395428496,0.0,1.5778189208504045e-06,1.9376682948052816e-27
6,0,0.00607602594309254,0.0,1.5778189208504045e-06,1.963592660007695e-27
6,0,0.006004833274664952,0.0,1.5778189208504045e-06,1.8384285914449073e-27
6,0,0.005827813126639273,0.0,1.4573777207260719e-06,1.656307648485795e-27
6,0,0.005381031171235666,0.0,1.4573777207260719e-06,1.4950311416112827e-27
6,0,0.004906432792125961,0.0,1.4573777207260719e-06,1.2955207845913034e-27
6,0,0.0045736960213816884,0.0,1.4573777207260719e-06,1.152849242462058e-27
6,0,0.004480016853680569,0.0,1.4573777207260719e-06,1.0689277118038593e-27
6,0,0.004494672590717038,0.0,1.4573777207260719e-06,1.0110486058536646e-27
6,0,0.0043277290343886705,0.0,1.4787505051572225e-06,9.853697004226635e-28
6,0,0.004148693301198134,0.0,1.4787505051572225e-06,9.567158110065674e-28
6,0,0.004052007164878141,0.0,1.4787505051572225e-06,9.148708422153743e-28
6,0,0.00392867355934315,0.0,1.4787505051572225e-06,8.845880012523155e-28
6,0,0.0038895230672807888,0.0,1.4787505051572225e-06,8.452429858254342e-28
6,0,0.003907466481578988,0.0,1.4787505051572225e-06,8.2372822982369e-28
6,0,0.0039560963742286265,0.0,1.4787505051572225e-06,8.195720730037023e-28
6,0,0.004073925943725258,0.0,1.4787505051572225e-06,8.094307036955425e-28
6,0,0.004156607502867099,0.0,1.4787505051572225e-06,8.117467307501653e-28
6,0,0.004303098712401894,0.0,1.4787505051572225e-06,7.6981100251034295e-28
6,0,0.004355680652095356,0.0,1.4787505051572225e-06,7.248054382356645e-28
6,0,0.004344384193296938,0.0,1.4787505051572225e-06,6.457481325415073e-28
6,0,0.004405817627838755,0.0,1.4787505051572225e-06,8.164983851089575e-28
6,0,0.004837438300169803,0.0,1.4787505051572225e-06,9.265665332851519e-28
6,0,0.005147500078554851,0.0,1.4573777207260719e-06,1.1351924130284131e-27
6,0,0.00543881679776844,0.0,1.4573777207260719e-06,1.3290083729818226e-27
6,0,0.0056128438759274245,0.0,1.4573777207260719e-06,1.60576479487976e-27
6,0,0.0060153389763386664,0.0,1.4573777207260719e-06,2.006480616160271e-27
6,0,0.00624933122969838,0.0,1.4573777207260719e-06,2.00923797006165e-27
6,0,0.00647415708701459,0.0,1.4573777207260719e-06,2.3666757380793493e-27
6,0,0.008371298936535832,0.0,1.4573777207260719e-06,1.820621519727295e-31
6,0,0.00705491114653196,0.0,1.4573777207260719e-06,3.0648912097238204e-27
6,0,0.007515666909542315,0.0,1.4841799611531314e-06,3.0323518529414203e-27
6,0,0.008074394575505989,0.0,1.4841799611531314e-06,2.9561924940345825e-27
6,0,0.008343068965990724,0.0,1.4841799611531314e-06,2.9450492559693524e-27
6,0,0.008735777402677303,0.0,1.4841799611531314e-06,2.6540006042506145e-27
6,0,0.009237821517629273,0.0,3.534562665663543e-06,2.1952558396702357e-27
6,0,0.009621242260871974,0.0,3.534562665663543e-06,1.751218824296159e-27
6,0,0.009399872459994494,0.0,3.534562665663543e-06,1.4801691254164352e-27
6,0,0.00914700786034736,0.0,3.534562665663543e-06,1.2495409405060081e-27
6,0,0.008923710851506719,0.0,3.1095355552679393e-06,1.0410755870236116e-27
6,0,0.008230034290704728,0.0,1.282129346691363e-06,9.202506386255284e-28
6,0,0.00753064388477609,0.0,1.282129346691363e-06,8.18990731049989e-28
6,0,0.007224675072202503,0.0,1.282129346691363e-06,7.239599068418299e-28
6,0,0.007169407534088335,0.0,1.282129346691363e-06,2.8090922759982187e-27
6,0,0.007237964258800164,0.0,1.282129346691363e-06,6.655706220493671e-28
6,0,0.006908404715674073,0.0,1.282129346691363e-06,7.289980914280983e-28
6,0,0.0069544828883589815,0.0,1.3009321264689788e-06,6.677908340892567e-28
6,0,0.0070549095771225085,0.0,1.3009321264689788e-06,5.534639733235361e-28
6,0,0.007527581565473535,0.0,1.3009321264689788e-06,9.235485589325796e-30
6,0,0.006934974476860145,0.0,1.3009321264689788e-06,3.857939327385173e-28
6,0,0.007316126648549925,0.0,1.3009321264689788e-06,3.0570897490015938e-28
6,0,0.007261802668329532,0.0,1.3009321264689788e-06,2.7243684992216854e-28
6,0,0.0068858680809940065,0.0,1.3009321264689788e-06,2.4974758961796404e-28
6,0,0.006297217493083686,0.0,1.3009321264689788e-06,2.604981064934093e-28
6,0,0.006159327125289854,0.0,1.3009321264689788e-06,6.530061439816765e-28
6,0,0.006612361788739502,0.0,1.282129346691363e-06,3.3165028828608325e-28
6,0,0.006941735154581878,0.0,1.282129346691363e-06,4.674236308370196e-28
6,0,0.00760654326759268,0.0,1.282129346691363e-06,6.633046691732983e-28
6,0,0.008059520098410673,0.0,1.282129346691363e-06,9.377783344564022e-28
6,0,0.008178563835682856,0.0,1.282129346691363e-06,1.236279564687941e-27
6,0,0.008655461655166041,0.0,1.282129346691363e-06,1.4723694943276558e-27
6,0,0.009171407587734335,0.0,1.282129346691363e-06,1.8023064271869636e-27
6,0,0.009939477895406607,0.0,1.4841799611531314e-06,1.9607782985799618e-27
6,0,0.010386855582194942,0.0,1.4841799611531314e-06,3.1684118701645787e-27
6,0,0.010694310992346464,0.0,1.3057086789558525e-06,1.4604433657400323e-27
6,0,0.010491324356496757,0.0,1.3057086789558525e-06,3.751488894164764e-27
6,0,0.010396394145782155,0.0,1.3057086789558525e-06,5.3727143805625845e-27
6,0,0.01049127561134834,0.0,1.6211694173762226e-06,8.037634429818891e-27
6,0,0.01080708818297719,0.0,1.6299158005494974e-06,1.1761528599740475e-26
6,0,0.011083524958406333,0.0,1.358027816422691e-06,1.5562307433785953e-26
6,0,0.010793095753928483,0.0,1.358027816422691e-06,1.796020731108868e-26
6,0,0.010002666353890367,0.0,1.358027816422691e-06,1.889075965269024e-26
6,0,0.009094961169799668,0.0,1.358027816422691e-06,1.9604355215684598e-26
6,0,0.008421901370886933,0.0,1.358027816422691e-06,2.07155659490455e-26
6,0,0.008187972822595604,0.0,1.358027816422691e-06,2.6310692882561746e-26
6,0,0.008588940933804133,0.0,1.358027816422691e-06,4.0466385825884815e-26
6,0,0.009461293538023878,0.0,1.358027816422691e-06,5.93269006747284e-26
6,0,0.009874010415428054,0.0,1.358027816422691e-06,7.870639047308216e-26
6,0,0.009283173287716379,0.0,1.358027816422691e-06,9.148857489131439e-26
6,0,0.00868661488267002,0.0,1.1910709645235329e-06,9.885333099865118e-26
6,0,0.008347396551225399,0.0,1.1910709645235329e-06,1.0142559070642312e-25
6,0,0.008037238172537495,0.02,1.1910709645235329e-06,9.944866213710852e-26
6,0,0.007785268118562322,0.02,1.1910709645235329e-06,9.44698220005885e-26
6,0,0.00763680070451476,0.02,1.5436502280863351e-06,8.796356226228594e-26
6,0,0.007455051421675396,0.02,1.5436502280863351e-06,8.115370200903809e-26
6,0,0.007528150409074986,0.02,1.5436502280863351e-06,7.3514816737137e-26
6,0,0.007886864218309544,0.0,3.6761866795131937e-06,6.743269299490717e-26
6,0,0.008120785509495354,0.0,3.6761866795131937e-06,5.563369427254068e-26
6,0,0.008041941625353287,0.0,3.6761866795131937e-06,4.905238489616524e-26
6,0,0.007993089020126316,0.0,3.6761866795131937e-06,4.766250442580315e-26
6,0,0.007921129101870256,0.0,3.6761866795131937e-06,5.106189403716306e-26
6,0,0.0075348058917708875,0.0,3.6761866795131937e-06,5.921633688848101e-26
6,0,0.007474738895660397,0.0,3.6761866795131937e-06,6.907185351131911e-26
6,0,0.007545606267872326,0.0,3.6761866795131937e-06,8.348580287497682e-26
6,0,0.007762917814880617,0.0,2.495437911420595e-06,1.0584235512202153e-25
6,0,0.008039331853417235,0.0,2.6674474611354526e-06,1.3812560019967306e-25
6,0,0.008316843496741512,0.0,2.6674474611354526e-06,1.8219122245389905e-25
6,0,0.00855035660305222,0.0,2.6674474611354526e-06,2.4075172010730195e-25
6,0,0.008831603914250724,0.0,2.5417161850782577e-06,3.217880728937126e-25
6,0,0.009331164307237445,0.0,2.7900857730855932e-06,4.456571569471019e-25
6,0,0.010011170801864202,0.0,3.2071197892946657e-06,6.195840753426794e-25
6,0,0.010400279011661111,0.0,3.2071197892946657e-06,8.668811222920198e-25
6,0,0.010598627050044029,0.0,3.2071197892946657e-06,1.2214636467818704e-24
6,0,0.011431234764515269,0.0,3.2071197892946657e-06,1.6816489098937817e-24
6,0,0.012459525347612627,0.0,1.7121619748650119e-06,1.2687845528652975e-24
6,0,0.012554612673944,0.0,1.7121619748650119e-06,2.6943187258264046e-24
6,0,0.011958270381036433,0.0,1.7121619748650119e-06,3.442512470876689e-24
6,0,0.011345538048873439,0.0,1.7121619748650119e-06,4.188273171680046e-24
6,0,0.011316420513362454,0.0,1.7121619748650119e-06,4.7365662106884786e-24
6,0,0.011390867626678337,0.0,1.7121619748650119e-06,4.9706062529103536e-24
6,0,0.011191045250007272,0.0,1.7121619748650119e-06,4.777122338686796e-24
6,0,0.01043962246663443,0.0,1.7121619748650119e-06,4.171053521410429e-24
6,0,0.009605772915333764,0.0,1.7121619748650119e-06,3.7813649117012064e-24
6,0,0.009090341637786355,0.0,1.7121619748650119e-06,3.791533723199958e-24
6,0,0.008800121924758465,0.0,1.7121619748650119e-06,3.810150446132721e-24
6,0,0.008455193035379793,0.0,1.9461892861727392e-06,4.063798020584317e-24
6,0,0.007996339711025082,0.0,1.9461892861727392e-06,4.453294542663118e-24
6,0,0.007446245662870144,0.0,1.9461892861727392e-06,4.823561396885799e-24
6,0,0.006979638919929424,0.0,1.9461892861727392e-06,4.986559386996638e-24
6,0,0.006714704080565737,0.0,1.9461892861727392e-06,4.855443604800759e-24
6,0,0.006763965917627278,0.0,1.9461892861727392e-06,4.432820446729012e-24
6,0,0.006623168881590309,0.0,2.107027057718369e-06,4.4618138460090524e-24
6,0,0.006422030784122492,0.0,2.107027057718369e-06,4.673336248121846e-24
6,0,0.006208787239413838,0.0,2.107027057718369e-06,4.970587320248628e-24
6,0,0.00601661104588058,0.0,2.107027057718369e-06,5.242980990821444e-24
6,0,0.0058278660536614105,0.0,1.9461892861727392e-06,5.46975207423216e-24
6,0,0.00592464413301145,0.0,1.9461892861727392e-06,5.703394136127351e-24
6,0,0.005849575287816789,0.0,1.9461892861727392e-06,5.593784674360059e-24
6,0,0.005186715196650187,0.0,1.9461892861727392e-06,5.212688337630504e-24
6,0,0.004318516947732259,0.0,1.9461892861727392e-06,5.096153465976278e-24
6,0,0.0046881321179168675,0.0,1.9461892861727392e-06,5.5309775412386255e-24
6,0,0.005643845790598753,0.0,4.363358584669186e-06,6.671098486031923e-24
6,0,0.007196760394878959,0.0,4.363358584669186e-06,7.829859425154688e-24
6,0,0.0073631359904154075,0.0,3.255109049860039e-06,8.637589883228587e-24
6,0,0.007334762165744173,0.0,3.255109049860039e-06,7.81148212150666e-24
6,0,0.007419289758016098,0.0,3.838669726974331e-06,6.205730505380323e-24
6,0,0.0075087060721023904,0.0,3.838669726974331e-06,4.818393174665244e-24
6,0,0.0073454866871366055,0.0,3.894965175277321e-06,3.914427602611171e-24
6,0,0.00702749004555762,0.0,4.275431365385884e-06,3.41800374584283e-24
6,0,0.00706026110588488,0.0,5.310067081154557e-06,3.2280868634174556e-24
6,0,0.007759429620324209,0.0,1.2911583326058462e-05,3.347893732891313e-24
6,0,0.008555448268327211,0.0,1.6118461644509807e-05,4.126439887346107e-24
6,0,0.008157313553030593,0.0,1.4684111192764249e-05,5.5536210046620894e-24
6,0,0.007246087369020036,0.0,1.5384110156446695e-05,6.1252244889893506e-24
6,0,0.00832784267061826,0.0,1.688683551037684e-05,5.0100114328479536e-24
6,0,0.008226269537915118,0.0,1.2911583326058462e-05,4.295699066461685e-24
6,0,0.008024277966273238,0.0,1.2911583326058462e-05,4.092968913568032e-24
6,0,0.0076102301885214085,0.0,5.310067081154557e-06,4.134065411286426e-24
6,0,0.007312295845144136,0.0,5.310067081154557e-06,4.205981126849994e-24
6,0,0.007006834811041879,0.0,5.310067081154557e-06,4.073824837120129e-24
6,0,0.006595136539797173,0.0,3.894965175277321e-06,3.561517660455615e-24
6,0,0.0060772273563044,0.0,1.7937827578862198e-06,2.79442201925533e-24
6,0,0.0057342910787606454,0.0,1.7937827578862198e-06,1.5425261895099093e-24
6,0,0.005555666632708234,0.0,1.7937827578862198e-06,1.3116593402792858e-24
6,0,0.005444703194797263,0.0,1.7937827578862198e-06,8.367587644489949e-25
6,0,0.005122381295878379,0.0,1.7937827578862198e-06,5.165652999194767e-25
6,0,0.00475351266411922,0.0,1.969002823898336e-06,3.241448934556735e-25
6,0,0.004479679203326913,0.0,1.969002823898336e-06,2.2077793455042895e-25
6,0,0.0041262189971879235,0.0,1.448693410566193e-06,1.5805397695068928e-25
6,0,0.0040667425325042784,0.0,1.969002823898336e-06,1.2518751714504654e-25
6,0,0.003967409903011548,0.0,1.969002823898336e-06,1.0151810313648775e-25
6,0,0.003991130067589971,0.0,1.969002823898336e-06,8.612311279255039e-26
6,0,0.003939794261849183,0.0,1.969002823898336e-06,7.746311487157474e-26
6,0,0.0036248396085277117,0.0,1.969002823898336e-06,7.650225147413644e-26
6,0,0.0032536122039694693,0.0,1.969002823898336e-06,9.162443769331124e-26
6,0,0.003214108186035643,0.0,1.969002823898336e-06,1.3719558249622407e-25
6,0,0.003683358949319501,0.0,1.969002823898336e-06,2.383720718828962e-25
6,0,0.004247702004469,0.0,1.969002823898336e-06,4.178026262951677e-25
6,0,0.004254766637176169,0.0,1.969002823898336e-06,6.383549712786068e-25
6,0,0.004521537682422592,0.0,1.969002823898336e-06,7.966731426768352e-25
6,0,0.004536906959867472,0.0,1.969002823898336e-06,9.125160354057632e-25
6,0,0.004440120961583091,0.0,1.8794090692608734e-06,1.1632810135020684e-24
6,0,0.0036271648956863927,0.0,1.8794090692608734e-06,1.5005699320124377e-24
6,0,0.0034676819058020885,0.0,2.277987050547381e-06,2.0378480075936565e-24
6,0,0.004555141085793378,0.0,2.8292515708017163e-06,2.7763484270558115e-24
6,0,0.0049873101872621615,0.0,5.068449354439508e-06,3.9212575603285746e-24
6,0,0.005042057666004934,0.0,5.068449354439508e-06,4.613713352044337e-24
6,0,0.0048734781838212695,0.0,6.87941837895778e-06,4.340817965935801e-24
6,0,0.00481422450981594,0.0,6.87941837895778e-06,3.480156518843383e-24
6,0,0.004810370521663071,0.0,2.8292515708017163e-06,2.553938758374836e-24
6,0,0.004640984042408831,0.0,2.8292515708017163e-06,1.745652153362757e-24
6,0,0.004392410118602785,0.0,2.8292515708017163e-06,1.1460589966497359e-24
6,0,0.003956306813170956,0.0,2.334219516342273e-06,6.974864563159699e-25
6,0,0.0035186053571587463,0.0,2.334219516342273e-06,4.486661682624543e-25
6,0,0.003215094511947277,0.0,2.250546231152839e-06,2.7536175972870943e-25
6,0,0.0028759823809807405,0.0,1.655842083891912e-06,1.7806720555282333e-25
6,0,0.0025456505052896235,0.0,1.655842083891912e-06,1.1662706977252429e-25
6,0,0.002408236228367519,0.0,1.655842083891912e-06,6.152523415044976e-26
6,0,0.0022958891782535037,0.0,2.250546231152839e-06,3.1605185233247054e-26
6,0,0.002172641882610449,0.0,2.281276465510018e-06,1.7451712501963874e-26
6,0,0.002124285631778548,0.0,2.281276465510018e-06,1.0461119901246814e-26
6,0,0.001869778673028582,0.0,2.281276465510018e-06,6.115409589458668e-27
6,0,0.0016730156344898365,0.0,2.281276465510018e-06,3.8754051527165834e-27
6,0,0.0014577430312041199,0.0,1.346333078799944e-06,2.766744350602049e-27
6,0,0.0013092525796378732,0.0,1.346333078799944e-06,2.0951194233277546e-27
6,0,0.0011974213648455682,0.0,1.346333078799944e-06,1.7830833352260457e-27
6,0,0.0011455092124076224,0.0,1.346333078799944e-06,1.773065032841332e-27
6,0,0.0011549387233127986,0.0,1.346333078799944e-06,2.0721247827567432e-27
6,0,0.001164759994038388,0.0,1.346333078799944e-06,2.957534674612826e-27
6,0,0.001200816989976087,0.0,1.346333078799944e-06,4.36325707432547e-27
6,0,0.0012493882526563931,0.0,1.346333078799944e-06,6.35203743133185e-27
6,0,0.001296270070957338,0.0,1.346333078799944e-06,1.5844143399615715e-26
6,0,0.0014179542367604712,0.0,1.346333078799944e-06,9.599957274797572e-27
6,0,0.0015656564692915582,0.0,1.4418651517189573e-06,1.3235298726620187e-26
6,0,0.001777706168724437,0.0,1.4418651517189573e-06,1.8128088313224983e-26
6,0,0.002062774466117301,0.0,1.4418651517189573e-06,2.695662821549385e-26
6,0,0.002371992289453869,0.0,1.7975468153963448e-06,4.380252173489523e-26
6,0,0.0025807879382528,0.0,1.7975468153963448e-06,7.699586885962684e-26
6,0,0.002626490557205027,0.0,4.799014732270734e-06,1.4546733142933871e-25
6,0,0.0026285550946697684,0.0,6.2765639086137526e-06,2.7120335342254673e-25
6,0,0.0026361491961780768,0.0,9.458048225496896e-06,4.434441062851175e-25
6,0,0.002607528552733802,0.0,1.0911513527389616e-05,6.169519916286029e-25
6,0,0.002532834790383139,0.0,1.0911513527389616e-05,7.37749966222257e-25
6,0,0.0024747611593824593,0.0,9.458048225496896e-06,7.455925748229314e-25
6,0,0.002412282761868916,0.0,8.905438335204963e-06,6.32122477089295e-25
6,0,0.0023024005712015366,0.0,8.905438335204963e-06,4.66955612527164e-25
6,0,0.0021634342443505403,0.0,8.776726645010058e-06,3.008894958368877e-25
6,0,0.0019825911750490244,0.0,8.776726645010058e-06,1.7166742354779814e-25
6,0,0.0017889504661211203,0.0,1.1138527042930946e-05,1.1221821245490556e-25
6,0,0.0017191700106760407,0.0,9.26417123991996e-06,5.106988125382842e-26
6,0,0.001633358924234192,0.0,6.0024121921742335e-06,3.467696645734692e-26
6,0,0.0014412923974716494,0.0,2.2483043267129688e-06,2.7214521020254987e-26
6,0,0.0012499184789422331,0.0,1.6541896457056282e-06,1.9966399230350288e-26
6,0,0.0011086724672951097,0.0,1.6541896457056282e-06,1.1960562674285208e-26
6,0,0.0010343267817374102,0.0,1.6541896457056282e-06,7.182770364659773e-27
6,0,0.0009808178562645065,0.0,1.6541896457056282e-06,4.149480006056453e-27
6,0,0.0009124339944634618,0.0,1.4879525451760856e-06,2.602697489799033e-27
6,0,0.0008364554928400995,0.0,1.4879525451760856e-06,1.889074578599464e-27
6,0,0.0007511957871764596,0.0,1.4879525451760856e-06,1.597662889086209e-27
6,0,0.0006512605207719224,0.0,1.4879525451760856e-06,1.5136469878607352e-27
6,0,0.0005535834595430335,0.0,1.4879525451760856e-06,1.4382620453845356e-27
6,0,0.00047939162402546316,0.0,1.4879525451760856e-06,1.2835280188276041e-27
6,0,0.00042131667800590964,0.0,2.0223621959303273e-06,9.638075665442873e-28
6,0,0.0003684271276763841,0.0,2.1187704533076612e-06,6.533026408966149e-28
6,0,0.00030728863457441994,0.0,2.483775233486085e-06,4.18242120812175e-28
6,0,0.00025485659156959575,0.0,1.8017689171756501e-06,2.830755906384664e-28
6,0,0.00024123987489827468,0.0,1.8017689171756501e-06,2.3299821022586573e-28
6,0,0.000268638296997175,0.0,1.7197846773342462e-06,2.6429067181402093e-28
6,0,0.0002883623705870771,0.0,2.3388254248857265e-06,4.419168553947981e-28
6,0,0.0002600417218063038,0.0,1.9531285033735912e-06,7.832772009779957e-28
6,0,0.00026861349783837297,0.0,1.6882077034097165e-06,7.933692664795793e-28
6,0,0.0002976428448016664,0.0,1.6882077034097165e-06,6.069251885743008e-28
6,0,0.0003543784341936175,0.0,1.6882077034097165e-06,5.292080412319455e-28
6,0,0.00033805563969141174,0.0,1.2246514415892307e-06,7.1160574032406635e-28
6,0,0.0003272466353995322,0.0,9.649719459048356e-07,1.1914064562451878e-27
6,0,0.00031862038510581414,0.0,9.649719459048356e-07,2.2160294978293797e-27
6,0,0.0003079217445475849,0.0,9.649719459048356e-07,3.9059642683301646e-27
6,0,0.00029621096841511566,0.02,9.649719459048356e-07,6.237762378081633e-27
6,0,0.0002891910143358163,0.02,1.1092065506090876e-06,8.215695897641224e-27
6,0,0.00030213927049572314,0.02,1.1092065506090876e-06,8.844232379455732e-27
6,0,0.00032714022894521767,0.02,1.1092065506090876e-06,8.653472870324065e-27
6,0,0.0003438046552808781,0.02,1.1092065506090876e-06,8.920640183325396e-27
6,0,0.00033487008758302246,0.02,1.1092065506090876e-06,9.125847248527878e-27
6,0,0.00028703810432728437,0.0,8.790998435870279e-07,7.593205295108137e-27
6,0,0.000272594621377383,0.0,1.1948355904678465e-06,4.607937229296135e-27
6,0,0.00030389495708176717,0.0,1.1948355904678465e-06,3.1990166303178418e-27
6,0,0.000471061728361576,0.0,1.1948355904678465e-06,2.964209947800072e-27
6,0,0.0005587872020467415,0.0,1.115670670515101e-06,2.6845579865272457e-27
6,0,0.0005355136877136754,0.0,1.115670670515101e-06,1.9459944751408565e-27
6,0,0.0005515510949978237,0.0,1.115670670515101e-06,1.277305339177289e-27
6,0,0.0006177824487455039,0.0,1.0649054047462414e-06,8.447304958672328e-28
6,0,0.0005193563314985251,0.0,1.0649054047462414e-06,5.600136277301596e-28
6,0,0.00044388711253684927,0.0,1.4168291500027408e-06,3.7995766685741914e-28
6,0,0.0006919704575052026,0.0,1.4168291500027408e-06,2.479610007050532e-28
6,0,0.0007855411878288882,0.0,1.168927269645792e-06,1.816288678583215e-28
6,0,0.0006779002473128481,0.0,1.168927269645792e-06,1.6802474873252629e-28
6,0,0.0005376504216237345,0.0,7.835037081349583e-07,1.6188458314326597e-28
6,0,0.0006241640755810867,0.0,8.600378578194068e-07,1.368049909997717e-28
6,0,0.000808486061521567,0.0,8.600378578194068e-07,1.3496277882265455e-28
6,0,0.0008470662437473519,0.0,8.600378578194068e-07,1.5328914576440358e-28
6,0,0.0008889211975594054,0.0,8.600378578194068e-07,1.8223335708255388e-28
6,0,0.0009417011802935947,0.0,1.168927269645792e-06,2.260381882963419e-28
6,0,0.0009879088171178918,0.0,1.168927269645792e-06,2.6527951646984225e-28
6,0,0.0010438688886225944,0.0,1.168927269645792e-06,3.3819149267507575e-28
6,0,0.0011036419294146857,0.0,1.168927269645792e-06,3.602502757378608e-28
6,0,0.0011046928068246774,0.0,1.2518712537712418e-06,3.1892063765153707e-28
6,0,0.0010528558272309863,0.0,1.7257304989470867e-06,3.322428969299712e-28
6,0,0.0010130257201209105,0.0,1.2697058764388203e-06,3.693170724335498e-28
6,0,0.0009987958485819846,0.0,9.21063815439993e-07,4.810229110638296e-28
6,0,0.0010122111944764016,0.0,9.21063815439993e-07,7.407889234371286e-28
6,0,0.001048934026759027,0.0,8.390990160478395e-07,1.2825197945017174e-27
6,0,0.0011022356499771784,0.0,9.786642749531893e-07,2.1211183220190157e-27
6,0,0.0011629966955352894,0.0,9.786642749531893e-07,2.754728088493028e-27
6,0,0.0011095405296040633,0.0,1.0742620588644058e-06,2.5561764593993648e-27
6,0,0.0009781243802672115,0.0,1.0742620588644058e-06,2.193037746153285e-27
6,0,0.0009391630415734243,0.0,1.0742620588644058e-06,2.2527822115511158e-27
6,0,0.0009639734774921643,0.0,1.0587353926894139e-06,2.6017942286551153e-27
6,0,0.0010336814930106942,0.0,1.0587353926894139e-06,3.1262588488787808e-27
6,0,0.0011288775196002473,0.0,1.0587353926894139e-06,3.7341982803100446e-27
6,0,0.0012345813253652953,0.0,1.4389885336640873e-06,4.2907142266682025e-27
6,0,0.0013452797447424402,0.0,1.2518712537712418e-06,4.825652053929446e-27
6,0,0.0012995412222315335,0.0,1.2518712537712418e-06,4.6533525833147305e-27
6,0,0.0012811662372940237,0.0,9.21063815439993e-07,4.642749568598901e-27
6,0,0.001288933229037729,0.0,8.390990160478395e-07,4.9289643287502214e-27
6,0,0.0013308346351316057,0.0,7.835037081349583e-07,5.354402253465362e-27
6,0,0.001382335529469144,0.0,7.835037081349583e-07,5.514683921227101e-27
6,0,0.0013813995562166107,0.0,7.835037081349583e-07,5.286210851924443e-27
6,0,0.0013814184253925271,0.0,9.158810030385212e-07,5.22058055202357e-27
6,0,0.00141061782050791,0.0,9.158810030385212e-07,5.202509166169396e-27
6,0,0.001476783727895363,0.0,9.158810030385212e-07,4.941050309523229e-27
6,0,0.0015378546960603786,0.0,9.158810030385212e-07,4.5019845045216046e-27
6,0,0.001451162328834592,0.0,1.0800763448060025e-06,3.855675155994303e-27
6,0,0.0013318585580715029,0.0,1.0800763448060025e-06,3.419015607865196e-27
6,0,0.0013159140580580224,0.0,1.0800763448060025e-06,3.412201282535965e-27
6,0,0.0013623258799593263,0.0,1.0800763448060025e-06,3.689750513495509e-27
6,0,0.0013684233575965204,0.0,1.0800763448060025e-06,4.221679652997631e-27
6,0,0.0013813514111426942,0.0,1.0800763448060025e-06,5.347421527788936e-27
6,0,0.0014133979438497289,0.0,1.0800763448060025e-06,7.550917266133238e-27
6,0,0.0014330038339432098,0.0,9.158810030385212e-07,1.1084310001535703e-26
6,0,0.0014927680855383874,0.0,9.158810030385212e-07,1.590366850159288e-26
6,0,0.001564665479555951,0.0,9.158810030385212e-07,2.053327590943727e-26
6,0,0.0016466601353178581,0.0,9.158810030385212e-07,2.485142808965118e-26
6,0,0.00171493985695229,0.0,9.158810030385212e-07,2.916730613178676e-26
6,0,0.0017666998604195948,0.0,9.952541404345538e-07,3.388659870453742e-26
6,0,0.0018210895511463203,0.0,1.1736792657757178e-06,3.94711237788958e-26
6,0,0.0018716675379595762,0.0,1.1736792657757178e-06,4.5907976083490553e-26
6,0,0.0018755382482913937,0.0,1.1736792657757178e-06,5.53434920670325e-26
6,0,0.0017579334352539693,0.0,1.1736792657757178e-06,6.939882403058157e-26
6,0,0.0016484481036697469,0.0,9.34571460220468e-07,9.436609295452776e-26
6,0,0.0016606496147970004,0.0,1.0742620588644058e-06,1.3687984091890936e-25
6,0,0.0017360677699304408,0.0,1.0742620588644058e-06,1.9940604095047143e-25
6,0,0.0017295560615802038,0.0,1.0742620588644058e-06,2.741616557728354e-25
6,0,0.0016870150339022142,0.0,1.0742620588644058e-06,3.5237440420852386e-25
6,0,0.0016955428627101307,0.0,1.0742620588644058e-06,3.972415337943577e-25
6,0,0.001725495523788184,0.0,1.0742620588644058e-06,3.89445270771865e-25
6,0,0.0017132966717577644,0.0,1.0742620588644058e-06,3.409914371690241e-25
6,0,0.0016945901684301502,0.0,1.0587353926894139e-06,2.855357481271514e-25
6,0,0.0016648070006517234,0.0,1.0587353926894139e-06,2.372471808839543e-25
6,0,0.0016345329967731362,0.0,1.4389885336640873e-06,2.057264561528604e-25
6,0,0.001641323711028242,0.0,1.4389885336640873e-06,1.854709363192587e-25
6,0,0.001704853296612139,0.0,1.3125128361934912e-06,1.6853019768344405e-25
6,0,0.001707348559252804,0.0,1.3125128361934912e-06,1.5005178425407898e-25
6,0,0.001572912141789887,0.0,1.3125128361934912e-06,1.2779986701054085e-25
6,0,0.0014102352640806405,0.0,1.1418416079322924e-06,1.0573784337803139e-25
6,0,0.001292878677305607,0.0,8.401095215049281e-07,8.906531744999188e-26
6,0,0.001207227359509957,0.0,1.0060125532618258e-06,7.85716986364915e-26
6,0,0.0011334143420551103,0.0,1.0060125532618258e-06,7.02026794559776e-26
6,0,0.001086415339375338,0.0,1.0060125532618258e-06,6.178347516334485e-26
6,0,0.0010249561653472425,0.0,1.3673273997483193e-06,5.235121323103694e-26
6,0,0.000925206597123534,0.0,1.3673273997483193e-06,4.367338273952022e-26
6,0,0.0008418601029616101,0.0,1.385997506986314e-06,3.935355268913876e-26
6,0,0.0007395199054575821,0.0,1.385997506986314e-06,3.758123183562794e-26
6,0,0.0006840275503308472,0.0,1.385997506986314e-06,4.1556751834271626e-26
6,0,0.0006669371793998575,0.0,1.385997506986314e-06,5.305587556057725e-26
6,0,0.0006782057392520181,0.0,1.5931627785903402e-06,7.562193200771636e-26
6,0,0.000712958394100465,0.0,1.5931627785903402e-06,1.1244661233887033e-25
6,0,0.0007179853739078172,0.0,1.5931627785903402e-06,1.564207020761874e-25
6,0,0.0007511812210576332,0.0,1.6920242842388689e-06,2.1373648815471633e-25
6,0,0.0007947556114470165,0.0,1.1563814723558608e-06,2.5928006596677717e-25
6,0,0.000861756474722778,0.0,1.1563814723558608e-06,2.701851805129393e-25
6,0,0.0008655075724566774,0.0,1.1721691635102616e-06,1.8461187911942466e-25
6,0,0.0007584852960573622,0.0,1.0308333457942354e-06,6.775707506432438e-26
6,0,0.0005567720531427443,0.0,8.734664902476652e-07,1.4166615277223678e-26
6,0,0.00035421076900684273,0.0,8.734664902476652e-07,2.0202747042009556e-27
6,0,0.000218206685868768,0.0,9.456519478590053e-07,3.058244584744497e-28
6,0,0.00015303831536490472,0.0,1.3337349855646607e-06,8.800437575114717e-29
6,0,0.0001224213117744482,0.0,1.3337349855646607e-06,4.2839546097864543e-29
6,0,0.00011095207423586839,0.0,8.289366064673231e-07,3.4810774484686106e-29
6,0,0.00010329881458570522,0.0,8.289366064673231e-07,3.159730319643078e-29
6,0,9.314371367974478e-05,0.0,8.289366064673231e-07,2.3463392359249258e-29
6,0,7.616483921343744e-05,0.0,7.98825908532308e-07,1.1735025179626158e-29
6,0,5.917733081193013e-05,0.0,7.98825908532308e-07,4.392927713316722e-30
6,0,5.1800244876885945e-05,0.0,8.259285664280469e-07,1.6677870591274505e-30
6,0,4.8439748251291475e-05,0.0,8.259285664280469e-07,7.440447128981718e-31
6,0,4.4219545269165036e-05,0.0,8.002563163245213e-07,4.566333818763584e-31
6,0,3.5997042609605475e-05,0.0,8.002563163245213e-07,4.150436864476554e-31
6,0,4.3560319804710555e-05,0.0,8.002563163245213e-07,4.320713333763786e-31
6,0,6.508242474113558e-05,0.0,8.002563163245213e-07,4.743927035088075e-31
6,0,6.584556766809663e-05,0.0,8.002563163245213e-07,5.854930474440069e-31
6,0,6.693435195920112e-05,0.0,5.49778576441895e-07,7.950829378792363e-31
6,0,7.105466072215775e-05,0.0,4.782885980603169e-07,1.1309031481181949e-30
6,0,7.802740663346352e-05,0.0,4.782885980603169e-07,1.5447120482799725e-30
6,0,8.475951869947891e-05,0.0,4.782885980603169e-07,2.0070288983227826e-30
6,0,8.952608630297725e-05,0.0,5.188709906178701e-07,2.3482634355416286e-30
6,0,9.226719916333326e-05,0.0,5.188709906178701e-07,2.4950832441966207e-30
6,0,9.194476464596827e-05,0.0,6.186627956594748e-07,2.6148245530651667e-30
6,0,9.334059515452213e-05,0.0,6.186627956594748e-07,3.107788327585327e-30
6,0,0.00010278956756249208,0.0,6.186627956594748e-07,4.36533124369953e-30
6,0,0.00011673079542786763,0.0,1.2733801213471452e-06,6.805664663012252e-30
6,0,0.00012317864884221026,0.0,1.2315626918280032e-06,1.0279216239296615e-29
6,0,0.00012532061289845668,0.0,1.781302557901654e-06,1.5016540475596347e-29
6,0,0.00013074806926124594,0.0,1.781302557901654e-06,2.169909608544472e-29
6,0,0.00013048027067753256,0.0,2.016136477323016e-06,2.976432946451561e-29
6,0,0.0001261026363221467,0.0,3.7727979815826984e-06,4.0461693682761304e-29
6,0,0.00012835137391889562,0.0,4.172577519057086e-06,6.183573040941269e-29
6,0,0.00014441801634832268,0.0,2.5988365450757556e-06,1.1159563932627435e-28
6,0,0.00017465439104543155,0.0,2.5988365450757556e-06,2.180465419921071e-28
6,0,0.0002163460995007436,0.0,2.349838496229495e-06,3.798460592171419e-28
6,0,0.0002154293665705128,0.0,1.697735001471301e-06,5.064630974782239e-28
6,0,0.0002114817954354218,0.0,1.697735001471301e-06,5.647052412229355e-28
6,0,0.00020589462041893785,0.0,1.697735001471301e-06,5.555814370008926e-28
6,0,0.00020281258468015476,0.0,1.6537605915800668e-06,5.543387307042768e-28
6,0,0.00018846869244882531,0.0,2.2785757209931035e-06,6.749618416441882e-28
6,0,0.00019439272740353605,0.0,2.2785757209931035e-06,8.227578500212105e-28
6,0,0.00019008216648381968,0.0,1.8553587324277032e-06,1.1709191838687741e-27
6,0,0.000207510260167801,0.0,1.7226326463060104e-06,1.9834979163549147e-27
6,0,0.00026034292472609734,0.0,2.1465998543135356e-06,3.143035624624338e-27
6,0,0.00029807367106643635,0.0,2.1465998543135356e-06,3.961198398391235e-27
6,0,0.0003081123959604914,0.0,2.1465998543135356e-06,3.992418878347719e-27
6,0,0.00031777625159966865,0.0,2.1465998543135356e-06,3.843501352815831e-27
6,0,0.000337668145947639,0.0,2.1465998543135356e-06,3.779066285038445e-27
6,0,0.0003499283389782054,0.0,2.1465998543135356e-06,3.694285693328552e-27
6,0,0.00036001782730234134,0.0,2.1155742615519557e-06,2.213663878078689e-27
6,0,0.00037608917528434517,0.0,2.1155742615519557e-06,1.3971949596978805e-27
6,0,0.0003851491006195996,0.0,2.1155742615519557e-06,8.921076984236783e-28
6,0,0.0003776534312384487,0.0,2.1155742615519557e-06,5.90338213224763e-28
6,0,0.00036374307772829817,0.0,2.1155742615519557e-06,3.8171551126591e-28
6,0,0.00034493294465364746,0.0,2.1155742615519557e-06,2.336426023111334e-28
6,0,0.000323482551307412,0.0,2.1155742615519557e-06,1.3910361246252218e-28
6,0,0.00030423903501476055,0.0,2.0773677533725277e-06,8.236146119940333e-29
6,0,0.0002885533162621263,0.0,1.7920490336109651e-06,4.741109892346668e-29
6,0,0.00026594582149886336,0.0,1.7920490336109651e-06,2.769138486152979e-29
6,0,0.0002443945963387915,0.0,1.7920490336109651e-06,1.609541031925562e-29
6,0,0.00023687716325650765,0.0,1.7920490336109651e-06,1.2563361630176032e-29
6,0,0.00024766238088588365,0.0,1.7920490336109651e-06,1.286737869969417e-29
6,0,0.0002571948065568649,0.0,1.7920490336109651e-06,1.546841479806374e-29
6,0,0.000254744574691862,0.0,1.907833393488545e-06,1.9009501816187027e-29
6,0,0.00025575630639190013,0.0,1.907833393488545e-06,2.5342505655027424e-29
6,0,0.000262773337851987,0.0,1.907833393488545e-06,3.444487788790791e-29
6,0,0.00027901902030998317,0.0,1.3971211956231855e-06,4.653808992600364e-29
6,0,0.00030936749122346366,0.0,1.2727512057608692e-06,6.082226996148967e-29
6,0,0.00034911008767510814,0.0,1.2727512057608692e-06,7.632024627956698e-29
6,0,0.00037456095810317386,0.0,1.2130416280342615e-06,9.54848621925484e-29
6,0,0.00038922324627111,0.0,1.2130416280342615e-06,1.1642419847515836e-28
6,0,0.00042491258885699767,0.0,1.2130416280342615e-06,1.4931952729659198e-28
6,0,0.0004991172927600409,0.0,1.2130416280342615e-06,2.0476547354035854e-28
6,0,0.0005871197830389372,0.0,1.2130416280342615e-06,2.6062931047087066e-28
6,0,0.0006559818242209721,0.0,1.2130416280342615e-06,3.1514258902788124e-28
6,0,0.0006890347672773112,0.0,1.1979630016867304e-06,3.8813509317891443e-28
6,0,0.0007167850352651116,0.0,1.1979630016867304e-06,5.289678777678804e-28
6,0,0.0008028889382205621,0.0,1.1979630016867304e-06,8.0722291390379415e-28
6,0,0.0009253162170558702,0.0,1.1979630016867304e-06,1.3396414322047845e-27
6,0,0.0010242458243065842,0.0,1.2569303180498537e-06,2.2233283871326185e-27
6,0,0.001116971472811814,0.0,1.2569303180498537e-06,3.51222638012766e-27
6,0,0.0012139577206269597,0.0,1.0274962960465928e-06,4.9745060237731686e-27
6,0,0.0013259451133607223,0.0,1.0274962960465928e-06,6.305803942272879e-27
6,0,0.0014690017659958479,0.0,8.891791480891698e-07,7.09094202491139e-27
6,0,0.001570603032465265,0.0,8.891791480891698e-07,7.087155646640725e-27
6,0,0.0010698240973016854,0.0,8.891791480891698e-07,1.336548099824607e-27
6,0,0.0009847344880732779,0.0,8.891791480891698e-07,1.0975457789229897e-27
6,0,0.0008628274008183815,0.0,8.763275332057674e-07,8.091837031801748e-28
6,0,0.0007366561539763952,0.0,8.763275332057674e-07,7.49295274519001e-28
6,0,0.000662730428653753,0.0,8.763275332057674e-07,5.902031092391642e-28
6,0,0.0006411354685996586,0.0,8.763275332057674e-07,4.443476678741065e-28
6,0,0.0006028351942346114,0.0,8.763275332057674e-07,3.0407951779658625e-28
6,0,0.0005202438210896203,0.0,8.763275332057674e-07,1.86014824231861e-28
6,0,0.00042463686734311437,0.0,8.763275332057674e-07,1.0672198934256739e-28
6,0,0.00034843963141443596,0.0,8.763275332057674e-07,7.585179391325017e-29
6,0,0.0002989863580836273,0.0,8.763275332057674e-07,5.724544490583584e-29
6,0,0.00026711513824848894,0.0,8.763275332057674e-07,4.2373735866690185e-29
6,0,0.000248307024045807,0.0,8.763275332057674e-07,3.0300475259112095e-29
6,0,0.00023486331518650594,0.0,8.763275332057674e-07,2.199142366298009e-29
6,0,0.0002176101865607664,0.0,8.763275332057674e-07,1.7875764033971485e-29
6,0,0.00020007299852406446,0.0,8.763275332057674e-07,1.4536442251647067e-29
6,0,0.00018970711803681332,0.0,8.891791480891698e-07,1.365864099881459e-29
6,0,0.00019226107744539544,0.0,8.891791480891698e-07,1.4193206929003573e-29
6,0,0.00020725789208334236,0.0,8.891791480891698e-07,1.599893477073674e-29
6,0,0.0006236301894270734,0.0,1.0064021580546978e-06,3.80624977509025e-28
6,0,0.000642263757953131,0.0,1.0064021580546978e-06,3.1829593819995077e-28
6,0,0.0006359806095579491,0.0,1.0064021580546978e-06,2.6800651290047306e-28
6,0,0.0006230522589067128,0.0,1.0064021580546978e-06,2.3129173999864142e-28
6,0,0.0006235024629294281,0.0,1.0064021580546978e-06,2.1423575255939667e-28
6,0,0.0006494238926649201,0.0,8.450875270682445e-07,1.843814671201505e-28
6,0,0.0006657544283116004,0.0,8.450875270682445e-07,2.186946174183934e-28
6,0,0.0006675654452974278,0.0,8.866852567734895e-07,2.418707287384147e-28
6,0,0.0006752601497688375,0.0,1.0559402880971902e-06,2.7957391296183015e-28
6,0,0.0006580871594826309,0.0,1.0559402880971902e-06,3.1043318475724405e-28
6,0,0.0006437246424264111,0.0,1.6953742942860117e-06,3.3869242705361087e-28
6,0,0.0006320221977304027,0.0,1.6953742942860117e-06,3.6340829529004545e-28
6,0,0.0006283130104408484,0.0,1.6953742942860117e-06,3.845362041883352e-28
6,0,0.0006139814308479783,0.0,1.6953742942860117e-06,3.8577185676652977e-28
6,0,0.0005829949363728322,0.0,1.6953742942860117e-06,3.723812510491942e-28
6,0,0.0005234152169360572,0.0,1.6953742942860117e-06,3.347516373496543e-28
6,0,0.0004312855525352691,0.0,1.6953742942860117e-06,3.1799496349789165e-28
6,0,0.0003636580174144433,0.0,1.9474257442197995e-06,2.8764745943695005e-28
6,0,0.00034651605718907883,0.0,2.1537828160944628e-06,2.5471227590272976e-28
6,0,0.00033926315279100253,0.0,2.1537828160944628e-06,1.8663320422581728e-28
6,0,0.00029745701822144757,0.0,2.1537828160944628e-06,9.879889410729059e-29
6,0,0.0002495861392257951,0.0,2.1537828160944628e-06,5.119639385853827e-29
6,0,0.00021722085941516738,0.0,1.6856320144142956e-06,2.925462608620245e-29
6,0,0.0001945024998831752,0.0,1.6856320144142956e-06,1.8758100249969885e-29
6,0,0.00018542907670485178,0.0,1.8532791727920994e-06,1.3536582931639896e-30
6,0,0.00014936310086294746,0.0,1.8532791727920994e-06,6.147326888924624e-30
6,0,0.0001261390757542508,0.0,1.8532791727920994e-06,3.6705121434934545e-30
6,0,0.00010858872775641618,0.0,1.8532791727920994e-06,2.0199943188937082e-30
6,0,9.937854119659177e-05,0.0,1.8532791727920994e-06,1.1110111505949359e-30
6,0,9.141092569766388e-05,0.0,1.8532791727920994e-06,7.788128265299569e-31
6,0,8.512183190442077e-05,0.0,1.4462540320892003e-06,4.75345559229584e-31
6,0,8.009980973007706e-05,0.0,1.4462540320892003e-06,3.206034593774511e-31
6,0,8.29786301541308e-05,0.0,1.6708706880308455e-06,2.740949078377322e-31
6,0,8.45374192882183e-05,0.0,1.6708706880308455e-06,2.327313775221274e-31
6,0,8.631185488403545e-05,0.0,1.6708706880308455e-06,2.2262515888048083e-31
6,0,8.793831647184714e-05,0.0,1.6708706880308455e-06,2.4382971339586794e-31
6,0,8.666508813150242e-05,0.0,1.4462540320892003e-06,2.621905354876328e-31
6,0,9.237374001751819e-05,0.0,1.7103520804084837e-06,3.5433189527570797e-31
6,0,0.000101869828131455,0.0,1.8804578303388553e-06,5.184372073002197e-31
6,0,0.00011361947776953304,0.0,2.0797187971766107e-06,9.179738192916015e-31
6,0,0.0001307725653470992,0.0,2.0797187971766107e-06,1.0931525702195034e-30
6,0,0.0001521645548782809,0.0,2.0797187971766107e-06,1.640890996064252e-30
6,0,0.00018404666482524024,0.0,2.0797187971766107e-06,2.225819618140768e-30
6,0,0.00021270655984548145,0.0,2.0797187971766107e-06,3.9261255529893664e-30
6,0,0.00022772545461760354,0.0,1.8915878854386392e-06,6.106518991278766e-30
6,0,0.00024684227485130853,0.0,1.8915878854386392e-06,1.0746094007420616e-29
6,0,0.00030557471364178615,0.0,2.1853686575923348e-06,2.1999479466825599e-29
6,0,0.00039881131155607163,0.0,2.1853686575923348e-06,5.231620175057792e-29
6,0,0.00045494837120387064,0.0,2.1853686575923348e-06,8.836769039809367e-29
6,0,0.0004791858845846749,0.0,2.1853686575923348e-06,1.239603382734213e-28
6,0,0.0004918484867838431,0.0,2.1853686575923348e-06,1.7162525068943392e-28
6,0,0.00047549706275193686,0.0,2.1537828160944628e-06,2.250041083609518e-28
6,0,0.0004963054124811111,0.0,2.1537828160944628e-06,2.9182528296881206e-28
6,0,0.0004374426929258088,0.0,2.1537828160944628e-06,3.124302296648278e-28
6,0,0.0003828293785394999,0.0,2.1537828160944628e-06,2.789773080133076e-28
6,0,0.00037814496324129404,0.0,2.1537828160944628e-06,2.115880322201017e-28
6,0,0.0003375785753411002,0.0,2.1537828160944628e-06,1.5715431864391863e-28
6,0,0.00029614283583662013,0.0,2.1537828160944628e-06,1.0625239947387717e-28
6,0,0.00027350324452234066,0.0,2.1537828160944628e-06,7.536608641833786e-29
6,0,0.00024566299611564766,0.0,2.1537828160944628e-06,4.7340615906033185e-29
6,0,0.00021526505512643358,0.0,2.1537828160944628e-06,2.6660428543768224e-29
6,0,0.00018639097648415505,0.0,2.1537828160944628e-06,1.427498071073604e-29
6,0,0.0001616710546820155,0.0,2.1537828160944628e-06,7.915335091770414e-30
6,0,0.00014138091512250675,0.0,2.1537828160944628e-06,4.839876620414622e-30
6,0,0.00012508474970701066,0.0,2.1537828160944628e-06,3.333508633621184e-30
6,0,0.000108448918494785,0.0,2.1537828160944628e-06,2.3619550295027182e-30
6,0,9.768415082198294e-05,0.0,2.1537828160944628e-06,1.8772475511445413e-30
6,0,9.19367734584099e-05,0.0,1.8915878854386392e-06,1.5113137147053135e-30
6,0,9.507691187614066e-05,0.0,1.8915878854386392e-06,1.3723552361104286e-30
6,0,0.00010474177211736781,0.0,1.8915878854386392e-06,1.4326745532285235e-30
6,0,0.00011537111205940767,0.0,2.0797187971766107e-06,1.8209071413446578e-30
6,0,0.00012469726187470533,0.0,1.7463643189330469e-06,2.560417784452612e-30
6,0,0.00013217716429756192,0.0,1.7463643189330469e-06,3.7856402482920854e-30
6,0,0.00014481580620786996,0.0,1.7463643189330469e-06,5.5045872665955716e-30
6,0,0.00016373115174675437,0.0,1.7463643189330469e-06,7.594931819080908e-30
6,0,0.0001901670198937621,0.0,1.7463643189330469e-06,9.85816206215411e-30
6,0,0.00021278132184460375,0.0,1.7463643189330469e-06,1.2552726885764368e-29
6,0,0.00024216874262782232,0.0,1.5883886135270586e-06,2.084299464640752e-29
6,0,0.00029384977690880985,0.0,1.5883886135270586e-06,2.5721176584014874e-29
6,0,0.0003293439186928384,0.0,1.5883886135270586e-06,3.657278672594722e-29
6,0,0.0003353738128403121,0.0,1.5883886135270586e-06,4.2546073494791924e-29
6,0,0.0003200220712036691,0.0,1.5883886135270586e-06,5.934718216149025e-29
6,0,0.0003162295200790391,0.0,1.7463643189330469e-06,6.932992104607445e-29
6,0,0.0003214549463276688,0.0,1.7463643189330469e-06,7.099622961542721e-29
6,0,0.00031638070295646187,0.0,1.7463643189330469e-06,6.422397983695008e-29
6,0,0.0003009782110520324,0.0,1.6810005263323546e-06,5.161368269217622e-29
6,0,0.0002632042648224498,0.0,1.6810005263323546e-06,3.811449665569474e-29
6,0,0.0002453940241202267,0.0,1.8199225451098755e-06,2.2522212964918752e-29
6,0,0.00021643619224137847,0.0,1.8906879404312349e-06,1.1992983183134446e-29
6,0,0.00019582153803908363,0.0,2.035863417404471e-06,6.0703799691152776e-30
6,0,0.00017609936640976774,0.0,1.7467491488787346e-06,3.2012581840689276e-30
6,0,0.0001564425993908067,0.0,1.4036867241884465e-06,1.393520152956306e-30
6,0,0.00013310257196298748,0.0,1.4036867241884465e-06,1.2967153719796486e-30
6,0,0.00011495073791413494,0.0,1.5887385416135658e-06,9.786702349974401e-31
6,0,0.00010108014037686739,0.0,1.8354842268308857e-06,8.444907521957103e-31
6,0,8.847127873635069e-05,0.0,2.1392854705482023e-06,6.928965556854184e-31
6,0,7.927875233241815e-05,0.0,2.3659727048652712e-06,6.02316017296365e-31
6,0,6.949265741300383e-05,0.0,2.3659727048652712e-06,4.703419969956479e-31
6,0,6.213686240053613e-05,0.0,2.1853686575923348e-06,3.715180223528091e-31
6,0,5.753689755124403e-05,0.0,2.1853686575923348e-06,2.982158403276224e-31
6,0,5.4606100980403386e-05,0.0,2.1853686575923348e-06,2.1849750450711643e-31
6,0,4.5461886533875726e-05,0.0,2.1853686575923348e-06,1.8741628188691135e-31
6,0,3.891715964193154e-05,0.0,1.7103520804084837e-06,1.7309780854347172e-31
6,0,4.212454740589601e-05,0.0,1.4362027513925568e-06,1.641509917349847e-31
6,0,4.7279668168525045e-05,0.0,1.2322465181568987e-06,1.9410899423814856e-31
6,0,5.115435811590984e-05,0.0,1.2322465181568987e-06,2.3110707942816114e-31
6,0,5.213755090448781e-05,0.0,1.2322465181568987e-06,2.7820105066447655e-31
6,0,5.949033228140069e-05,0.0,1.2633886399271432e-06,4.685332873479247e-31
6,0,7.96316744407986e-05,0.0,1.4596043911296874e-06,7.435964263725422e-31
6,0,9.62839054673167e-05,0.0,1.9408385014685337e-06,1.0298797530153065e-30
6,0,0.00010398110268812719,0.0,1.6696440070518292e-06,4.397804134081673e-31
6,0,9.873164238911165e-05,0.0,1.6142701042554108e-06,1.5464572342129773e-30
6,0,0.00012331597584741205,0.0,1.8350797290622722e-06,2.154016473531524e-30
6,0,0.000162982050286859,0.0,1.8350797290622722e-06,3.467279138428376e-30
6,0,0.00021513537526844157,0.0,1.5883886135270586e-06,4.7377993240965604e-30
6,0,0.00023348110435969743,0.0,1.5883886135270586e-06,5.9705705305383704e-30
6,0,0.000248833617160698,0.0,1.5883886135270586e-06,6.302668185267145e-30
6,0,0.00024707159876641554,0.0,1.7196567796418094e-06,5.628078496482789e-30
6,0,0.00022844531848757808,0.0,1.7196567796418094e-06,4.582932739392675e-30
6,0,0.00021321162110319466,0.0,1.7196567796418094e-06,3.823111246614377e-30
6,0,0.00020577099254366212,0.0,1.7196567796418094e-06,3.382311773643595e-30
6,0,0.00020057906876235623,0.0,1.9867350147251273e-06,3.065260634684442e-30
6,0,0.00018918946793437984,0.0,1.9867350147251273e-06,2.6528629860204876e-30
6,0,0.0001779016443486012,0.0,1.9867350147251273e-06,2.2605954430154947e-30
6,0,0.00016532748872199823,0.0,1.23741040169989e-06,2.193101378577721e-30
6,0,0.00015618265924702515,0.0,1.23741040169989e-06,1.939277541681501e-30
6,0,0.00014440545038837515,0.0,1.23741040169989e-06,1.7870777304816653e-30
6,0,0.00012941329102760673,0.0,1.23741040169989e-06,1.5435340148613524e-30
6,0,0.0001099286730003072,0.0,1.23741040169989e-06,1.1965605261426958e-30
6,0,9.064699020309343e-05,0.0,1.23741040169989e-06,8.35531416372387e-31
6,0,7.31140257233207e-05,0.0,1.23741040169989e-06,4.9808187692364065e-31
6,0,5.7076267562135385e-05,0.0,1.23741040169989e-06,2.565392993762806e-31
6,0,4.6061834782834944e-05,0.0,1.23741040169989e-06,1.4541088463598353e-31
6,0,3.925986782807592e-05,0.0,1.1429539199525607e-06,9.741071304967571e-32
6,0,3.385387127266757e-05,0.0,1.1429539199525607e-06,6.56539279485813e-32
6,0,3.013704737277365e-05,0.0,1.1429539199525607e-06,4.7679273383476837e-32
6,0,2.8585205658575234e-05,0.0,1.1429539199525607e-06,4.0595362389757715e-32
6,0,2.930709606210676e-05,0.0,1.1429539199525607e-06,4.0686830543931074e-32
6,0,3.221508676174151e-05,0.0,1.1429539199525607e-06,4.3910465109323836e-32
6,0,3.83046751901324e-05,0.0,1.0054255881186691e-06,5.292937204761091e-32
6,0,4.586823851576277e-05,0.0,1.1827604566860828e-06,6.531269957095286e-32
6,0,5.548605942985908e-05,0.0,9.917531542669167e-07,8.453315480400229e-32
6,0,6.905860617647055e-05,0.0,9.917531542669167e-07,1.2203972946282182e-31
6,0,8.711356982600325e-05,0.0,9.917531542669167e-07,1.953405831793921e-31
6,0,0.00010949031689275928,0.0,9.917531542669167e-07,3.4010053781860778e-31
6,0,0.00013769638379968567,0.0,9.917531542669167e-07,6.403602336838919e-31
6,0,0.00016992292406134264,0.0,9.917531542669167e-07,1.2559185710004622e-30
6,0,0.00021163759817505022,0.0,9.917531542669167e-07,2.2578720577035096e-30
6,0,0.0002774172822977385,0.0,9.917531542669167e-07,3.524057960601342e-30
6,0,0.0003478099550488252,0.0,9.917531542669167e-07,4.495524860256491e-30
6,0,0.00037222365110557373,0.0,9.917531542669167e-07,4.77568710569588e-30
6,0,0.00036404808560330256,0.0,9.917531542669167e-07,4.6326409160256714e-30
6,0,0.0003570689542866121,0.0,9.917531542669167e-07,4.6027306973678685e-30
6,0,0.00035176814370389907,0.0,9.917531542669167e-07,5.0479030093237096e-30
6,0,0.00033757529247909184,0.0,1.1704310054483358e-06,5.481244769974683e-30
6,0,0.00031502496826964427,0.0,1.8791959064401453e-06,5.571683355665931e-30
6,0,0.00028925130020077003,0.0,1.8791959064401453e-06,5.2803179907863696e-30
6,0,0.00026375690879898575,0.0,1.8791959064401453e-06,4.30789527316468e-30
6,0,0.00022654087548891567,0.0,1.626574203328346e-06,3.7790029369896025e-30
6,0,0.00019074583311363117,0.0,1.626574203328346e-06,3.0805463870643427e-30
6,0,0.00016301856424185746,0.0,1.7883477312352625e-06,2.3898699170296614e-30
6,0,0.0001355920893590553,0.0,1.7883477312352625e-06,1.674863911277593e-30
6,0,0.00010992934313327616,0.0,1.5153389085753588e-06,1.0150816897316749e-30
6,0,8.8703894276037e-05,0.0,1.3782616861135466e-06,5.810120629786724e-31
6,0,7.284715410635523e-05,0.0,1.3782616861135466e-06,2.878303712479945e-31
6,0,5.990399420462429e-05,0.0,1.592318312759744e-06,1.2872668189174001e-31
6,0,4.800957614471644e-05,0.0,1.592318312759744e-06,6.103298912583784e-32
6,0,4.020530248182168e-05,0.0,1.592318312759744e-06,3.0939217025154e-32
6,0,3.549204197308076e-05,0.0,9.917531542669167e-07,2.0111653336389476e-32
6,0,3.394827533275199e-05,0.0,9.917531542669167e-07,1.608022786931927e-32
6,0,3.3146711294669294e-05,0.0,1.1704310054483358e-06,1.2290350328295718e-32
6,0,3.216296034613846e-05,0.0,1.1704310054483358e-06,8.380652444040943e-33
6,0,3.310455159573853e-05,0.0,1.8791959064401453e-06,5.8984142879972905e-33
6,0,3.461577345842074e-05,0.0,1.5693041177655687e-06,4.867586924904748e-33
6,0,3.53627361574169e-05,0.0,1.5693041177655687e-06,4.49361551947613e-33
6,0,3.8667332059228144e-05,0.0,1.4557288068317575e-06,5.182428025751128e-33
6,0,4.741404070892598e-05,0.0,1.4557288068317575e-06,4.7887961099630225e-33
6,0,5.968596682141652e-05,0.0,1.4557288068317575e-06,9.431178521059375e-33
6,0,7.507788806984233e-05,0.0,1.7179979749926133e-06,1.4863270894007602e-32
6,0,9.391893231856331e-05,0.0,1.7179979749926133e-06,2.686713120848885e-32
6,0,0.00011768970925231347,0.0,1.7179979749926133e-06,5.235544868576544e-32
6,0,0.00014578779947820668,0.0,1.7179979749926133e-06,1.0119070321384091e-31
6,0,0.00017444792447426756,0.0,1.7179979749926133e-06,1.7891983222905487e-31
6,0,0.00019831583979406262,0.0,1.7179979749926133e-06,2.769558259887635e-31
6,0,0.0002142271384784447,0.0,1.7179979749926133e-06,3.7621870671231233e-31
6,0,0.00022079085597588802,0.0,1.7179979749926133e-06,4.620900736726495e-31
6,0,0.00022126508364736158,0.0,1.7179979749926133e-06,5.3811959067084e-31
6,0,0.00022912042424624686,0.0,1.7179979749926133e-06,5.790914462687509e-31
6,0,0.00025100905327299914,0.0,1.7179979749926133e-06,5.681767931422698e-31
6,0,0.0002506024136660812,0.0,1.4870460063320934e-06,5.060259147662717e-31
6,0,0.00022558353952865993,0.0,1.6030647884690552e-06,4.373078785906477e-31
6,0,0.0001986772840667261,0.0,1.7625000054977136e-06,3.924012437324554e-31
6,0,0.00017215872172060694,0.0,1.7625000054977136e-06,4.146860070265872e-31
6,0,0.00015062405302660673,0.0,1.7625000054977136e-06,4.62298136172745e-31
6,0,0.0001344919143657863,0.0,1.7625000054977136e-06,4.789604394572327e-31
6,0,0.00012017445016331013,0.0,1.7625000054977136e-06,4.46733227394411e-31
6,0,0.00010350448415693755,0.0,1.7625000054977136e-06,3.7812942575979993e-31
6,0,8.583230299438323e-05,0.0,1.7625000054977136e-06,2.9277821504970164e-31
6,0,7.14157113973466e-05,0.0,1.7625000054977136e-06,2.0894879932617788e-31
6,0,5.9921504782829235e-05,0.0,1.696532308415044e-06,1.3372698800632435e-31
6,0,5.082165429174652e-05,0.0,1.696532308415044e-06,8.015782377091964e-32
6,0,4.246093558886136e-05,0.0,1.696532308415044e-06,4.694365783493988e-32
6,0,3.6179743038229476e-05,0.0,1.437540163351514e-06,2.9949362619685323e-32
6,0,3.390167001686711e-05,0.0,1.437540163351514e-06,2.4410412667459565e-32
6,0,2.9943398999248847e-05,0.0,1.696532308415044e-06,2.8920705145696e-32
6,0,3.4546898722499874e-05,0.0,1.696532308415044e-06,4.3482743857361885e-32
6,0,3.509408657525477e-05,0.0,1.696532308415044e-06,6.827656751722916e-32
6,0,3.657750721944994e-05,0.0,1.696532308415044e-06,1.0548290328643341e-31
6,0,4.2072739450154875e-05,0.0,1.696532308415044e-06,1.5535814117656838e-31
6,0,4.52675709456153e-05,0.0,1.696532308415044e-06,2.2620519745557116e-31
6,0,4.9547978812872366e-05,0.0,1.696532308415044e-06,3.5800026049631908e-31
6,0,6.447630216448713e-05,0.0,1.696532308415044e-06,6.018750188357105e-31
6,0,7.412357759925995e-05,0.0,1.696532308415044e-06,1.1133530174604181e-30
6,0,7.707041559418708e-05,0.0,1.2629236607608618e-06,2.2815435046635324e-30
6,0,9.633505122369871e-05,0.0,1.2629236607608618e-06,5.196629940013476e-30
6,0,0.00013870264818992292,0.0,1.2629236607608618e-06,1.2259885476138367e-29
6,0,0.0001899030093733755,0.0,1.2629236607608618e-06,3.2236242492543397e-29
6,0,0.0002476580788534774,0.0,1.2629236607608618e-06,8.862560852883358e-29
6,0,0.00031352036828079683,0.0,1.245912471858901e-06,2.2662528396576407e-28
6,0,0.0003916601193422385,0.0,1.245912471858901e-06,5.630682970667036e-28
6,0,0.00047692242128792735,0.0,1.245912471858901e-06,1.3215464537087915e-27
6,0,0.0005553822355620972,0.0,1.948834096765495e-06,2.7656467631267426e-27
6,0,0.0006186781149322861,0.0,1.948834096765495e-06,5.360983541271322e-27
6,0,0.0007558514394223993,0.0,1.7725431007420411e-06,9.381582241379326e-27
6,0,0.0010734619444765312,0.0,1.7725431007420411e-06,1.32958715344871e-26
6,0,0.001471423258127384,0.0,1.3601119235318038e-06,1.7621428530151188e-26
6,0,0.0016885139531438887,0.0,1.3601119235318038e-06,2.266315721270325e-26
6,0,0.001844548924405965,0.0,1.3601119235318038e-06,2.9385081045434334e-26
6,0,0.0020301871579794253,0.0,1.3601119235318038e-06,4.022720997869521e-26
6,0,0.002290352003094515,0.0,1.3601119235318038e-06,5.946102551754343e-26
6,0,0.0026540455670200904,0.0,1.4642345149695757e-06,9.465379299185219e-26
6,0,0.003120758150725739,0.0,1.3786823274131166e-06,1.6204795506191997e-25
6,0,0.00362276036589743,0.0,1.3989010767545551e-06,2.9094314311340855e-25
6,0,0.004185181821919607,0.0,1.508042714704061e-06,5.277754078131199e-25
6,0,0.005009846442558419,0.0,1.508042714704061e-06,9.365713626343465e-25
6,0,0.006290510709750004,0.0,1.6016223298720433e-06,1.2570680948781155e-24
6,0,0.008087746963364235,0.0,1.8538836457082652e-06,2.423616964680062e-24
6,0,0.010769857804672732,0.0,1.8538836457082652e-06,3.805269763712119e-24
6,0,0.013713697356346522,0.0,1.6046645896494738e-06,6.1297592559030136e-24
6,0,0.013388292878603434,0.0,1.6046645896494738e-06,1.0155268334730618e-23
6,0,0.015394514125465684,0.0,1.6365744386348524e-06,1.2028527416982831e-23
6,0,0.015310847362958192,0.0,1.6589194729021983e-06,1.2363904531089398e-23
6,0,0.013348992642651313,0.0,1.5968287243595114e-06,1.3714391013477983e-23
6,0,0.012574384657176144,0.0,2.4042444692895515e-06,1.5194697968456074e-23
6,0,0.01254180833328408,0.0,2.4042444692895515e-06,1.7500806607124867e-23
6,0,0.012005865575759282,0.0,2.4042444692895515e-06,2.0048934616071845e-23
6,0,0.011304519620581191,0.0,2.4042444692895515e-06,1.9748197173174438e-23
6,0,0.010266230035868665,0.0,2.4042444692895515e-06,1.6568858955471247e-23
6,0,0.009523322432945378,0.0,2.497730520190089e-06,1.4222354327567897e-23
6,0,0.009051072991162742,0.0,2.497730520190089e-06,1.277702625398821e-23
6,0,0.008246100219618848,0.0,2.0372133349155774e-06,1.1239911847503343e-23
6,0,0.007590325891426308,0.0,2.0372133349155774e-06,9.437014424831413e-24
6,0,0.006946259805424879,0.0,2.0372133349155774e-06,9.225512927532608e-24
6,0,0.006953910728201087,0.0,1.6348507188013173e-06,2.4665877170231704e-23
6,0,0.00854070387504955,0.0,2.4042444692895515e-06,3.182105226214345e-23
6,0,0.008205804477798005,0.0,1.9293911464046687e-06,4.35448569109357e-23
6,0,0.006543988690783502,0.0,1.9293911464046687e-06,7.445104509318899e-23
6,0,0.005989131499164157,0.0,1.9293911464046687e-06,1.1570640677611985e-22
6,0,0.0057949654950459105,0.0,1.9293911464046687e-06,1.2992903878272639e-22
6,0,0.004872365836744439,0.0,3.891623236995656e-06,1.5515394538888658e-22
6,0,0.004717022174219589,0.0,4.0986565181810874e-06,1.8887696653706686e-22
6,0,0.004354927199995038,0.0,4.1520829654473346e-06,2.37824725476974e-22
6,0,0.004097381794515994,0.0,4.350017206888879e-06,2.9068289947849795e-22
6,0,0.004043005794036064,0.0,4.1520829654473346e-06,2.994140119774841e-22
6,0,0.003612769597386256,0.0,4.350017206888879e-06,2.8960487371985913e-22
6,0,0.0033137179186915862,0.0,4.350017206888879e-06,2.884593214677334e-22
6,0,0.003205884169050107,0.0,4.350017206888879e-06,3.2208822204358993e-22
6,0,0.0031928338538543388,0.0,4.350017206888879e-06,3.976317637598631e-22
6,0,0.0032518687399865206,0.0,4.350017206888879e-06,5.315139801761565e-22
6,0,0.0032027376410327184,0.0,4.350017206888879e-06,8.51196012375754e-22
6,0,0.003213329982318286,0.0,4.350017206888879e-06,1.5016544145975857e-21
6,0,0.003508399781225723,0.0,4.350017206888879e-06,2.708998734652693e-21
6,0,0.003982272202197133,0.0,4.869509211857803e-06,5.589057854525855e-21
6,0,0.004984925143706815,0.0,4.869509211857803e-06,1.2086039327588856e-20
6,0,0.006115637843770791,0.0,4.869509211857803e-06,2.6570695636428355e-20
6,0,0.007052666472853019,0.0,4.869509211857803e-06,7.279617844174552e-20
6,0,0.008678320294926723,0.0,4.869509211857803e-06,1.9239543793856896e-19
6,0,0.010003751750724654,0.0,4.869509211857803e-06,5.878487236103037e-19
6,0,0.011783538999759915,0.0,4.869509211857803e-06,1.566015440553248e-18
6,0,0.014077105233924643,0.0,4.869509211857803e-06,4.168107271963359e-18
6,0,0.015805078983992093,0.0,4.869509211857803e-06,1.4768320529121696e-17
6,0,0.01820599194987521,0.0,4.869509211857803e-06,4.85075751121714e-17
6,0,0.021199207222169336,0.0,4.869509211857803e-06,1.2977833830202484e-16
6,0,0.024759135020496724,0.0,5.980785317660775e-06,2.1750786998975767e-16
6,0,0.030299396611569204,0.0,8.808237907942384e-06,3.6424600488752055e-16
6,0,0.03632871719050251,0.0,8.119945050566457e-06,6.047795126363207e-16
6,0,0.04018936748209309,0.0,9.16972476261435e-06,1.0353232892312478e-15
6,0,0.04294464075298761,0.0,1.1491298209875822e-05,1.782393643215332e-15
6,0,0.04645681755446722,0.0,1.2440956197679043e-05,3.1059389509911686e-15
6,0,0.05010205674556068,0.0,8.07898413768271e-06,5.379535894165215e-15
6,0,0.05118339345993842,0.0,9.66770403465489e-06,9.45918792241967e-15
6,0,0.04878987814567105,0.0,1.1112723768746946e-05,1.8615244775873653e-14
6,0,0.04727676515093604,0.0,0.00014855504559818655,3.5826769610898535e-14
6,0,0.04626795597736605,0.0,0.00018439770792610943,6.596895203497474e-14
6,0,0.04758649637277203,0.0,0.0001987814757740125,1.2069680107792968e-13
6,0,0.05355015004937664,0.0,0.0003063639742322266,1.7040078929050212e-13
6,0,0.053230852168714524,0.0,0.0002868278243113309,2.332045147268591e-13
6,0,0.04940948595689455,0.02,0.0002700182085391134,3.4628349450047113e-13
6,0,0.04986191844929937,0.02,0.0002024011773755774,4.5077215072610033e-13
6,0,0.05086836632425541,0.04,0.0002024011773755774,5.765342630387194e-13
6,0,0.049611513061215716,0.04,0.0002024011773755774,7.72237363031586e-13
6,0,0.047249497469792484,0.06,0.0002024011773755774,1.0281029499958905e-12
6,0,0.04738757995739841,0.06,0.000250396755291149,1.3548589333778338e-12
6,0,0.05012862412578633,0.06,0.00034814939135685563,1.8063121528036352e-12
6,0,0.052711407286673895,0.06,0.0006540716858580709,2.4154814433352545e-12
6,0,0.05296370218908044,0.06,0.0006540716858580709,3.1859671151268643e-12
6,0,0.047803661787031944,0.04,0.0006796984234824777,4.0950077530299556e-12
6,0,0.05323754267469865,0.02,0.0006796984234824777,4.630332575694673e-12
6,0,0.06751773701982931,0.04,0.000719116535037756,4.970825400602008e-12
6,0,0.07315494616719326,0.04,0.000692003988660872,6.114218940173055e-12
6,0,0.07512935336185672,0.04,0.000692003988660872,7.375494312511499e-12
6,0,0.07656035991253565,0.0,0.0015854411758482456,7.903397554465119e-12
6,0,0.07864787014693116,0.0,0.0002504853473510593,7.734613297061266e-12
6,0,0.07776976581603257,0.0,0.0002504853473510593,7.05685987076321e-12
6,0,0.08018683119914098,0.0,0.0002770447754301131,5.871223212466914e-12
6,0,0.08322613496833665,0.0,0.0002609319635666907,4.6399693982845935e-12
6,0,0.07877153645733943,0.0,0.00012289552250877023,3.6044218824915486e-12
6,0,0.07422082536434968,0.0,3.0018814868526533e-05,2.818172561633303e-12
6,0,0.07720134321576642,0.0,2.7270625650999136e-05,2.31450297295821e-12
6,0,0.08131842239532312,0.02,3.150587872369215e-05,2.0014732059203677e-12
6,0,0.08148959097454102,0.0,3.4110522392438725e-05,1.815326751766766e-12
6,0,0.08263617328314901,0.0,3.4110522392438725e-05,1.75563665168188e-12
6,0,0.08590601531463024,0.0,2.4285274776048027e-05,1.7692004545405426e-12
6,0,0.08696785429092305,0.0,2.4285274776048027e-05,1.7658359583588856e-12
6,0,0.09012480906532559,0.0,2.4285274776048027e-05,1.7195661127650252e-12
6,0,0.08848009200817657,0.0,3.4110522392438725e-05,1.641813746587617e-12
6,0,0.08633851809421264,0.0,3.4110522392438725e-05,1.506236541742867e-12
6,0,0.08177206157502702,0.02,3.4110522392438725e-05,1.3018024158650832e-12
6,0,0.06928481516335229,0.02,3.393812949070707e-05,1.1585649974110712e-12
6,0,0.05613764283480623,0.02,3.1482002668781206e-05,1.0270229762118777e-12
6,0,0.05725774870373791,0.02,0.00012888514902442694,8.410937419635334e-13
6,0,0.0601392508991064,0.02,0.0002507003955543041,7.494924277560988e-13
6,0,0.06936989972074856,0.02,0.000522228772751987,7.046970429067101e-13
6,0,0.0902157022555199,0.02,0.000522228772751987,7.303424358340305e-13
6,0,0.12522936559848272,0.02,0.00042620685417205095,8.142525282500701e-13
6,0,0.1353983935967125,0.02,0.0008251002873294055,1.162352115599563e-12
6,0,0.14134511108577585,0.02,0.0010805760975927114,1.8003376567321538e-12
6,0,0.14305604844775982,0.02,0.0013417215086519718,3.1362083069419455e-12
6,0,0.14282587158065252,0.02,0.0013193469494581223,5.897002504362536e-12
6,0,0.14713773393500598,0.02,0.0037484520580619574,1.1148853541753656e-11
6,0,0.15189517215065515,0.02,0.0016416789731010795,2.17598057627999e-11
6,0,0.15483013064048892,0.02,0.002398813609033823,4.220715443814527e-11
6,0,0.1587539995237355,0.02,0.002855404280126095,8.083669150726891e-11
6,0,0.1661305222097675,0.02,0.002855404280126095,1.4540602055745921e-10
6,0,0.1664458067772535,0.02,0.006384193431586027,2.5116000945679673e-10
6,0,0.16614213139698697,0.02,0.006384193431586027,4.4313633318360246e-10
6,0,0.17231645045796165,0.02,0.006384193431586027,7.852857253354273e-10
6,0,0.19120187115472542,0.02,0.002016394631937146,1.2943816019017618e-09
6,0,0.21087792481803455,0.02,0.002518113935366273,2.111667063431355e-09
6,0,0.23778628193690998,0.02,0.002518113935366273,3.1397862088056172e-09
6,0,0.2745160668856877,0.02,0.0017940762918442488,4.14908152279736e-09
6,0,0.2624265067669028,0.02,0.0017940762918442488,5.45886136293916e-09
6,0,0.25449855398927046,0.02,0.001522111357189715,6.4157275048160045e-09
6,0,0.23550069372985527,0.02,0.001522111357189715,5.794502655476208e-09
6,0,0.23333280937136192,0.02,0.0019257271196693182,4.404148601366842e-09
6,0,0.22231290552754018,0.02,0.0020939072128385305,2.8697619836037802e-09
6,0,0.2139974254022051,0.02,0.0020939072128385305,1.6215838671840288e-09
6,0,0.20905777561598413,0.02,0.001747111207805574,8.184266042654542e-10
6,0,0.20646119759779227,0.02,0.0005830275476910174,3.911678481127723e-10
6,0,0.2001298412054246,0.02,0.00029556488152593374,1.8648187161129925e-10
6,0,0.1886105341901068,0.02,0.00017912972543854266,9.615096219217634e-11
6,0,0.1764043766642622,0.02,0.00011606811312958598,5.717907744506867e-11
6,0,0.16228846383564627,0.02,2.8350958018563688e-05,3.9414246172375655e-11
6,0,0.15341202565470688,0.02,2.8350958018563688e-05,2.9744793433872374e-11
6,0,0.15039872575494442,0.02,2.8350958018563688e-05,2.2384774589490064e-11
6,0,0.14543897073603698,0.02,0.00015122380864340812,1.675806542145164e-11
6,0,0.14808032587263664,0.02,0.00015122380864340812,1.2149144537620948e-11
6,0,0.13422129906811234,0.02,0.00022058321337681264,9.00570677059287e-12
6,0,0.1241278854746874,0.02,0.0006663138628937304,6.259989488582862e-12
6,0,0.1374631401018127,0.02,0.0004452527791727334,4.405444325311647e-12
6,0,0.1385226722659457,0.02,0.0006840347195975482,3.479182220100796e-12
6,0,0.13348292123719407,0.02,0.0006840347195975482,2.896515926414933e-12
6,0,0.1303542322597515,0.0,0.0006840347195975482,2.4819677563181486e-12
6,0,0.13207928068263694,0.0,0.0011279892642050982,2.2063540230932155e-12
6,0,0.13431434214484586,0.0,0.0029655175749212503,2.0710969831500003e-12
6,0,0.131063424054351,0.0,0.0033109651412814856,2.119225151267501e-12
6,0,0.12654081949396398,0.0,0.0065673035569489,2.2644824383688533e-12
6,0,0.12078739018178697,0.0,0.009017398580908775,2.3964326616859877e-12
6,0,0.11566704588208956,0.0,0.006325102411210537,2.562854442555995e-12
6,0,0.11260837883174879,0.0,0.007843752391636372,2.771381648475346e-12
6,0,0.11274667385531997,0.0,0.007843752391636372,2.9972292009405876e-12
6,0,0.1140168838732486,0.02,0.007843752391636372,3.210991585470002e-12
6,0,0.11536011310389462,0.02,0.007843752391636372,3.397783139916233e-12
6,0,0.11900507462634988,0.02,0.012669428251683712,3.4825681834854683e-12
6,0,0.12304723827075838,0.02,0.010226096957921982,3.672555315414883e-12
6,0,0.12438508339994017,0.02,0.007450051140040159,4.218885223811197e-12
6,0,0.12860303416401297,0.02,0.001267327694222331,4.7863540388048964e-12
6,0,0.1369621392286756,0.02,0.0009026053594425321,5.110258570473203e-12
6,0,0.14296323759077859,0.02,0.0007825341308489442,5.444160747214433e-12
6,0,0.14598491212683049,0.02,0.00014943590213079005,5.823056013071204e-12
6,0,0.14882059581669557,0.02,0.00014943590213079005,6.005459150804082e-12
6,0,0.14695254510012118,0.02,0.00014943590213079005,6.1235439462181684e-12
6,0,0.14100039204873352,0.02,0.00014943590213079005,6.3333453065306244e-12
6,0,0.13473362965884633,0.02,0.0001344275806332007,6.802663467253556e-12
6,0,0.13240811562084442,0.02,3.526368163875304e-05,7.197471351555462e-12
6,0,0.13233571174132414,0.02,3.245867628720589e-05,7.55608943470154e-12
6,0,0.12886564482691168,0.02,3.245867628720589e-05,8.285675964780914e-12
6,0,0.12799657885549587,0.02,3.652082887128927e-05,9.14717693950573e-12
6,0,0.13147340374309346,0.02,3.652082887128927e-05,1.0388087959278813e-11
6,0,0.13832867704023025,0.02,2.600133120722603e-05,1.257383086539221e-11
6,0,0.14267738108879102,0.02,3.175990786985494e-05,1.6102615768565087e-11
6,0,0.14905997007192873,0.02,3.175990786985494e-05,2.1429195223854336e-11
6,0,0.15780873684268465,0.02,4.5469529140973464e-05,2.71991595912624e-11
6,0,0.1656201238912425,0.02,4.5469529140973464e-05,3.327480305181929e-11
6,0,0.17331796924961668,0.02,0.00023008798598311841,3.7857057766377267e-11
6,0,0.1798926590786892,0.02,0.0004479687486309558,3.978403370630268e-11
6,0,0.18193772482758833,0.02,0.0003655959153547883,4.009996501519453e-11
6,0,0.18499846716137364,0.02,0.0003655959153547883,3.920206867458198e-11
6,0,0.18975050618276032,0.02,0.0005634076078422368,3.5675646464783384e-11
6,0,0.19045341258259882,0.02,0.001559035386890173,3.2352207718355785e-11
6,0,0.189216384979721,0.02,0.0022781421430408955,3.0240129844649744e-11
6,0,0.1871618193854177,0.02,0.0027381631080061197,2.951928632088929e-11
6,0,0.18552286755717523,0.02,0.005727845244109631,2.9235482090772535e-11
6,0,0.17848438478518386,0.02,0.004013722762465477,8.380360988491375e-11
6,0,0.18211539819635242,0.02,0.004013722762465477,3.1037835496183774e-11
6,0,0.17949018631416158,0.02,0.003954227548092604,3.049626176587772e-11
6,0,0.17463643774864718,0.02,0.003954227548092604,3.1465156868915045e-11
6,0,0.17223352100941847,0.02,0.003954227548092604,3.303462711712335e-11
6,0,0.16995832673199252,0.02,0.003954227548092604,6.063020224766902e-11
6,0,0.17189769334678484,0.02,0.003954227548092604,1.099872363324872e-11
6,0,0.16014556618103443,0.02,0.003954227548092604,3.491169159319796e-11
6,0,0.15681726347842354,0.02,0.0031245395075529814,3.73329596403682e-11
6,0,0.16114498701729782,0.02,0.0031245395075529814,4.194448260941286e-11
6,0,0.16398490097717433,0.02,0.0031715913210064173,4.6799231157024224e-11
6,0,0.1621067392302516,0.02,0.0028619312215596437,5.011725409675982e-11
6,0,0.15783227853133486,0.02,0.0022870490793138742,5.4179962599709697e-11
6,0,0.1557024632516786,0.02,0.004556424915790558,6.09395242601174e-11
6,0,0.15384688104314612,0.02,0.0015375365037471056,6.210341269019537e-11
6,0,0.15132988124061075,0.02,0.0015375365037471056,7.01932886815193e-11
6,0,0.14829637215423266,0.02,0.0013140235096216202,7.196020168631634e-11
6,0,0.14550244697303313,0.02,0.0013140235096216202,7.327752987729141e-11
6,0,0.1474513643588148,0.02,0.0010582634713500738,7.645323263361092e-11
6,0,0.15451398771158753,0.02,0.0010582634713500738,8.14026623885411e-11
6,0,0.15879998669428336,0.02,0.0010582634713500738,8.744599488963445e-11
6,0,0.1591364737615494,0.02,0.0012964995112270117,9.438750475654345e-11
6,0,0.16168979709677667,0.02,0.0011609840439632535,1.0195585348204972e-10
6,0,0.16596599024759084,0.02,0.0011609840439632535,1.1270857858125538e-10
6,0,0.1677138151604578,0.02,0.0011609840439632535,1.2475058486227653e-10
6,0,0.16948594790525437,0.02,0.0011609840439632535,1.3114033470262854e-10
6,0,0.16953164092582218,0.02,0.0011609840439632535,1.333315680085434e-10
6,0,0.16833289449090408,0.02,0.0010930007556453347,1.3410998700447152e-10
6,0,0.16925803678840334,0.02,0.0010582634713500738,1.356416645670322e-10
6,0,0.17129313066168883,0.02,0.0010582634713500738,1.2894034451260694e-10
6,0,0.16619058737189638,0.02,0.0013140235096216202,1.1829613677516448e-10
6,0,0.1536338542159052,0.02,0.0013140235096216202,1.1064545113459445e-10
6,0,0.1484734804039978,0.02,0.0015375365037471056,1.0105790509973289e-10
6,0,0.14774161885054776,0.02,0.0015375365037471056,9.009629153844401e-11
6,0,0.14091102055229277,0.08,0.0028018406592309475,8.820415231536316e-11
6,0,0.13395462300229702,0.06,0.0035056681372225285,9.537632489342585e-11
6,0,0.13290975369000368,0.06,0.0034536810126155615,1.1166053498490314e-10
6,0,0.12135522340459128,0.06,0.0034536810126155615,1.3627440842434169e-10
6,0,0.10073317338927656,0.06,0.0034536810126155615,1.5923860841038362e-10
6,0,0.10294679242507236,0.06,0.004373951815068722,1.5473285153166927e-10
6,0,0.11459897821202379,0.08,0.004373951815068722,1.4401273229491807e-10
6,0,0.11090979031323195,0.1,0.003112833946943283,1.4052944918852006e-10
6,0,0.1086539256374746,0.1,0.003072153776884079,1.3214468408406788e-10
6,0,0.10722214615645288,0.1,0.003072153776884079,1.2069054089458575e-10
6,0,0.10650391377387605,0.1,0.003072153776884079,1.1542056199687067e-10
6,0,0.10924393185465166,0.1,0.003072153776884079,1.1484280887374965e-10
6,0,0.11235950783853933,0.1,0.003072153776884079,1.2753807732135414e-10
6,0,0.11494694453191849,0.1,0.003072153776884079,1.4961422378778622e-10
6,0,0.11595450345829805,0.1,0.003072153776884079,1.745904393279929e-10
6,0,0.11508548567803625,0.1,0.00431686220690608,2.1012760975658296e-10
6,0,0.12071830319127008,0.06,0.00431686220690608,2.314068242581513e-10
6,0,0.12817048822281663,0.06,0.00431686220690608,2.627424389167743e-10
6,0,0.1334930233787722,0.06,0.00431686220690608,3.080266319788194e-10
6,0,0.12894474091870514,0.06,0.004069364629685879,3.644583801420964e-10
6,0,0.12197966570587669,0.06,0.004069364629685879,4.397213704265823e-10
6,0,0.13046486086082132,0.06,0.002238311804831028,5.959924220810819e-10
6,0,0.13004621930448168,0.06,0.002238311804831028,8.943749629786168e-10
6,0,0.14997133172457555,0.06,0.0019277655519545078,1.1550012057881531e-09
6,0,0.15410430452232726,0.06,0.0019277655519545078,1.3343671723120565e-09
6,0,0.15103089621827354,0.12,0.00217840657569468,1.4078815890883334e-09
6,0,0.14365275385975215,0.12,0.0023412692826241255,1.4899887990083016e-09
6,0,0.13877023113581963,0.1,0.0023412692826241255,1.644530289723889e-09
6,0,0.1372630296112125,0.1,0.0023412692826241255,1.8281580693724209e-09
6,0,0.1377465400736284,0.1,0.0023412692826241255,2.0540971146232323e-09
6,0,0.13969009455155532,0.1,0.0023412692826241255,2.414043409615374e-09
6,0,0.1529683814174211,0.1,0.0018298719078302383,2.605025528623628e-09
6,0,0.14119224418053644,0.12,0.002156707691028714,2.9292106518141736e-09
6,0,0.15067029430535103,0.12,0.002124682068824768,2.6304542988242474e-09
6,0,0.15115554329303166,0.12,0.002124682068824768,2.1816883855052538e-09
6,0,0.14921740810424564,0.1,0.002284045796841383,2.102511942325691e-09
6,0,0.1479157096700438,0.1,0.0022541722282767296,1.7907750837764524e-09
6,0,0.14756956321361075,0.1,0.0016032546991482377,1.512889924448757e-09
6,0,0.14366836821284207,0.14,0.0016032546991482377,1.2990932773959685e-09
6,0,0.1346890471787966,0.14,0.0003374631342012435,1.096390089827537e-09
6,0,0.12079742460027972,0.14,0.00029621314024552703,9.938783129825879e-10
6,0,0.11079069638976599,0.16,0.00029621314024552703,8.700034026531966e-10
6,0,0.10744869034302072,0.16,0.00029621314024552703,8.331912382253392e-10
6,0,0.110238956397508,0.16,0.00029621314024552703,7.88988041566796e-10
6,0,0.1132068722216182,0.12,0.0002755690074991435,7.95704113709661e-10
6,0,0.1160108084584743,0.12,0.0002755690074991435,8.746922075530961e-10
6,0,0.11732878333747442,0.12,0.0002755690074991435,1.042237296466908e-09
6,0,0.12490363878030812,0.12,0.0002755690074991435,1.1577450109712117e-09
6,0,0.13357047871269223,0.12,0.0002755690074991435,1.3773523432902834e-09
6,0,0.1435294375480381,0.12,0.0002755690074991435,1.8063114337607544e-09
6,0,0.15398597516067908,0.12,0.00029621314024552703,2.6115725137998425e-09
6,0,0.16164757970308613,0.12,0.00029621314024552703,4.114493190598978e-09
6,0,0.1654452662792512,0.12,0.00023783747747074813,6.38153085930071e-09
6,0,0.1994187589699701,0.12,0.0008088871836662292,8.063442358263728e-09
6,0,0.2408250173685422,0.12,0.0008136546239256859,1.0182731990937555e-08
6,0,0.2604192726772739,0.12,0.0008136546239256859,1.3913392216124976e-08
6,0,0.28290786784276445,0.12,0.0009268951253034174,1.9785973748298602e-08
6,0,0.30934643157457636,0.12,0.0009268951253034174,2.777054142200086e-08
6,0,0.326003091532076,0.12,0.0009268951253034174,3.801122616664543e-08
6,0,0.3293653259671557,0.12,0.0009268951253034174,5.0931426187617035e-08
6,0,0.33925973762727984,0.12,0.0009268951253034174,6.654452278098688e-08
6,0,0.3461867288845714,0.12,0.0047215791419148445,9.348872964665134e-08
6,0,0.35045601127063186,0.1,0.0047215791419148445,1.2980318331301532e-07
6,0,0.3656048483512025,0.1,0.003680919762700796,1.746050060091875e-07
6,0,0.3949141706132173,0.08,0.005170989781618118,2.1413724482499674e-07
6,0,0.4261524350194699,0.1,0.005170989781618118,2.252464810226229e-07
6,0,0.4414529967530255,0.12,0.005170989781618118,2.313812927923209e-07
6,0,0.4549108536647366,0.12,0.004521367605775595,2.3072465182849555e-07
6,0,0.4686358822899665,0.14,0.004521367605775595,2.290512242097975e-07
6,0,0.49782374115283345,0.14,0.004521367605775595,2.1650134840456303e-07
6,0,0.477546362976015,0.14,0.004521367605775595,2.099690163959167e-07
6,0,0.4987875857723335,0.14,0.005790869239717722,1.7014664877024188e-07
6,0,0.5009836008959976,0.14,0.005790869239717722,1.312593838065368e-07
6,0,0.4918046996498933,0.14,0.004122911021113396,1.041685635527756e-07
6,0,0.4763670712255559,0.14,0.0038256647530943155,8.250729877090635e-08
6,0,0.4631042575248175,0.14,0.0007504748646169901,6.369154448293557e-08
6,0,0.45376690233022227,0.14,0.0008443197002634406,4.955357368885416e-08
6,0,0.4414686683156523,0.16,0.0008443197002634406,4.0353839381168655e-08
6,0,0.4186854989332182,0.16,0.0008443197002634406,3.5340050885679375e-08
6,0,0.3987205997114671,0.14,0.0008332608849741518,3.177447283064794e-08
6,0,0.38834081183490904,0.16,0.0008332608849741518,2.8594694612138483e-08
6,0,0.3874319277336868,0.14,0.0008332608849741518,2.5602163944427048e-08
6,0,0.3896637531278935,0.14,0.0008332608849741518,2.197329607156462e-08
6,0,0.393991040104927,0.14,0.0008332608849741518,1.8971704207615403e-08
6,0,0.39106755599550674,0.14,0.0008332608849741518,1.7244929040316492e-08
6,0,0.3821040191360962,0.14,0.0009661437943577766,1.555933160091172e-08
6,0,0.36020548829964205,0.14,0.0015646711690351367,1.4443513052242452e-08
6,0,0.3457367309503858,0.14,0.001857766299508512,1.2858141218430319e-08
6,0,0.33299919343952167,0.12,0.0011655910639092326,1.2029077289810175e-08
6,0,0.3209930762783307,0.14,0.0011655910639092326,1.1936103661014386e-08
6,0,0.3132599156849913,0.14,0.0012679017381742597,1.2254145254075866e-08
6,0,0.3096579350372725,0.16,0.0012679017381742597,1.305743957402683e-08
6,0,0.31586808366482655,0.14,0.001627474557608366,1.2974842533708397e-08
6,0,0.3235347055829217,0.14,0.002732577733695507,1.214851419462093e-08
6,0,0.32531465636554036,0.14,0.002732577733695507,1.0917914572416976e-08
6,0,0.3281815026965457,0.14,0.0030847724992781878,8.731973366593593e-09
6,0,0.3167923949691174,0.14,0.0030847724992781878,7.250433142758084e-09
6,0,0.3111016356118885,0.14,0.0030847724992781878,6.115429496134084e-09
6,0,0.315657212173797,0.14,0.0031256196089088917,5.584031015359869e-09
6,0,0.323062496443554,0.14,0.0022305333986878395,5.659539059621466e-09
6,0,0.32811105759305575,0.14,0.0022305333986878395,6.0192064665898215e-09
6,0,0.32916276744806444,0.14,0.0022305333986878395,6.4781691122561824e-09
6,0,0.3290641274357724,0.14,0.0022305333986878395,6.925554352221752e-09
6,0,0.33428100468733446,0.14,0.0022305333986878395,6.997761037297323e-09
6,0,0.34165846308485814,0.14,0.0022305333986878395,6.656938111859745e-09
6,0,0.34663030960882635,0.14,0.0022305333986878395,6.118031414814595e-09
6,0,0.3449847521199489,0.14,0.0022305333986878395,5.753643783634743e-09
6,0,0.3432667285018467,0.14,0.0022305333986878395,5.3807420741236456e-09
6,0,0.3409321139321778,0.14,0.0022305333986878395,5.005512448974514e-09
6,0,0.33416218324508973,0.12,0.0017618763959035277,5.678580716761417e-09
6,0,0.3272633923074812,0.12,0.0017618763959035277,5.186525875444659e-09
6,0,0.32282013010747423,0.12,0.0017618763959035277,5.31965715921956e-09
6,0,0.3218871059420498,0.12,0.0011837165802717209,5.490281118625262e-09
6,0,0.32218019419573485,0.12,0.0017618763959035277,5.594766872007995e-09
6,0,0.31670869544534,0.14,0.0022305333986878395,4.426567112858493e-09
6,0,0.2995519051868491,0.14,0.0022305333986878395,5.058153895731721e-09
6,0,0.2862682256365995,0.14,0.0022305333986878395,4.696882882626596e-09
6,0,0.274375240226908,0.14,0.0022305333986878395,4.205065629037108e-09
6,0,0.264345240789399,0.14,0.001118555897846818,3.769102363548882e-09
6,0,0.25793177291416924,0.14,0.0009776516817510128,3.5131091369322576e-09
6,0,0.25542948268869703,0.14,0.0009776516817510128,3.5215084182027567e-09
6,0,0.2555842078066952,0.14,0.0011609138455241919,3.5136653586675948e-09
6,0,0.24067535080010233,0.12,0.000916787947062403,4.0082031027566245e-09
6,0,0.22870722163207893,0.12,0.000916787947062403,4.351668358992811e-09
6,0,0.22679648799338048,0.12,0.0008427855791524053,5.623996379711116e-09
6,0,0.23854729239838252,0.12,0.0010585155105218291,7.647809496802438e-09
6,0,0.24020187033260867,0.12,0.0010585155105218291,1.0552557050402811e-08
6,0,0.2404417039987244,0.12,0.0011287776287645102,1.377032443627968e-08
6,0,0.24139866028461307,0.14,0.0012745271669700742,1.5041496936873955e-08
6,0,0.2445999900359656,0.14,0.000872681790497154,1.7057223189453907e-08
6,0,0.24723467950131772,0.14,0.000872681790497154,1.7659168349837273e-08
6,0,0.2505982991648141,0.14,0.000994129222817719,1.796907156403904e-08
6,0,0.2616047342415501,0.14,0.000994129222817719,1.8411940416740435e-08
6,0,0.2779561870166592,0.14,0.00100732094142586,1.994180287567815e-08
6,0,0.29248210821065945,0.12,0.0007954679895192385,2.512426711120952e-08
6,0,0.30757907418148933,0.12,0.0007954679895192385,2.8482942227014973e-08
6,0,0.3247265444227974,0.12,0.0007954679895192385,2.9523214095661388e-08
6,0,0.343091302462089,0.12,0.004947769921272993,2.94086763830137e-08
6,0,0.35329030037535447,0.1,0.004947769921272993,2.951257371819338e-08
6,0,0.3620737492290545,0.12,0.004054274410009384,2.8605439794660015e-08
6,0,0.3678142866667633,0.12,0.004054274410009384,2.7490280274378165e-08
6,0,0.37776925799449795,0.12,0.003771863877773285,2.7179494210827215e-08
6,0,0.40160712952107774,0.1,0.003771863877773285,2.7724285089902878e-08
6,0,0.4320725506996564,0.1,0.007501736283302307,2.8761855119796564e-08
6,0,0.43867420663911255,0.12,0.007501736283302307,2.9348269592333054e-08
6,0,0.42731755843579833,0.12,0.011701317504048347,3.478804089240839e-08
6,0,0.42586587325827385,0.12,0.011701317504048347,3.7577269296207305e-08
6,0,0.4285745802267374,0.12,0.011701317504048347,3.9060317646999465e-08
6,0,0.42609339520136047,0.12,0.006410654634237289,3.9443936117322664e-08
6,0,0.4310709005926862,0.12,0.016052404418587685,3.747934584907853e-08
6,0,0.4459386796281919,0.12,0.013180128298699856,3.35555370156726e-08
6,0,0.4531542146222102,0.12,0.013180128298699856,3.0143546325689385e-08
6,0,0.4454365232015574,0.14,0.013180128298699856,2.6592553936666263e-08
6,0,0.42566736080506884,0.14,0.013180128298699856,2.3664451731519875e-08
6,0,0.38908657249630824,0.14,0.011210581287741661,2.14968558509554e-08
6,0,0.3464004098274389,0.14,0.011210581287741661,1.9170309784044548e-08
6,0,0.38364759249806973,0.12,0.0051933107897639275,1.472892030562889e-08
6,0,0.3980110076043373,0.1,0.0051933107897639275,1.2535583238104664e-08
6,0,0.396099239519539,0.1,0.0051933107897639275,1.120042902869045e-08
6,0,0.3996547532702827,0.1,0.0051933107897639275,1.0146535167621096e-08
6,0,0.4204669517172822,0.1,0.009601463563740253,9.392731037394242e-09
6,0,0.3968479535920952,0.12,0.009601463563740253,1.047327291558986e-08
6,0,0.3725445344993006,0.12,0.009601463563740253,1.115159253828324e-08
6,0,0.39159955012543174,0.12,0.009601463563740253,1.1232711649711291e-08
6,0,0.4013216676112327,0.12,0.009601463563740253,1.2678366800855656e-08
6,0,0.3892803224122257,0.1,0.010414906777441502,1.3918806551771468e-08
6,0,0.38397012638151956,0.08,0.010414906777441502,1.4531884140467355e-08
6,0,0.3913218193196381,0.08,0.010414906777441502,1.5306365952483247e-08
6,0,0.3988910560033982,0.08,0.010414906777441502,1.7203500846108e-08
6,0,0.40766897731217083,0.08,0.010414906777441502,2.316755676190496e-08
6,0,0.42892583562615016,0.12,0.010414906777441502,3.5074997128958785e-08
6,0,0.4619780077241529,0.12,0.017115460708737373,5.2731095934177574e-08
6,0,0.47891645009445194,0.12,0.015937793999910355,7.678888636064585e-08
6,0,0.4695723087349554,0.12,0.015937793999910355,1.1077165851247628e-07
6,0,0.4564379379082067,0.12,0.01617465913295746,1.4171573070598242e-07
6,0,0.4508029267711154,0.12,0.009110678918659687,1.6736218810819992e-07
6,0,0.4591095261802288,0.12,0.009110678918659687,2.010465181001564e-07
6,0,0.4742017860545147,0.12,0.003345414763316512,2.5411779347450647e-07
6,0,0.48662869299411676,0.12,0.0011279796017333865,3.2948727834991587e-07
6,0,0.4943370989009772,0.12,0.0005643728654831648,4.335887808792904e-07
6,0,0.5002501356848936,0.12,0.0003860165015794337,5.595782113232417e-07
6,0,0.5123242991738868,0.14,0.00048226118087768555,5.792194883724733e-07
6,0,0.5344310251041132,0.14,0.00048226118087768555,7.208462307062291e-07
6,0,0.5130285519345852,0.14,0.0009622960351407528,8.174871481969603e-07
6,0,0.5012893830555937,0.12,0.0009622960351407528,8.748145319259493e-07
6,0,0.48176408419457983,0.12,0.000808175653219223,9.209163067680493e-07
6,0,0.4816079539181729,0.12,0.000808175653219223,8.377684821425646e-07
6,0,0.4450494719040101,0.12,0.000808175653219223,7.757429898447299e-07
6,0,0.41693849490149304,0.12,0.0008347107795998454,6.283574407461856e-07
6,0,0.3901289285671159,0.12,0.0006721807876601815,4.736261303150968e-07
6,0,0.3490812712912713,0.12,0.0017991096246987581,3.243425510390807e-07
6,0,0.3559045876548893,0.12,0.0009020129800774157,1.920859915571782e-07
6,0,0.3473655844396814,0.12,0.0011564592132344842,1.1680220524112883e-07
6,0,0.3557947423790717,0.1,0.0010728524066507816,7.034645221892788e-08
6,0,0.34979323192082007,0.06,0.00023219904687721282,4.654923557723123e-08
6,0,0.3489892564218197,0.04,0.0002079828263958916,3.0847431276015413e-08
6,0,0.3417770005705694,0.04,0.0002079828263958916,2.2216879003167378e-08
6,0,0.34193374134566956,0.04,0.0002079828263958916,1.5665790442653815e-08
6,0,0.34970864911128013,0.04,0.0002079828263958916,1.1694839763265463e-08
6,0,0.34461152033866704,0.04,0.0002079828263958916,9.334971906582723e-09
6,0,0.3380834254968651,0.04,0.0002079828263958916,7.394013401551547e-09
6,0,0.33016128783391735,0.04,0.0002079828263958916,5.9676619201809444e-09
6,0,0.3247874781190833,0.06,0.0002079828263958916,4.753363480602957e-09
6,0,0.3280644600305179,0.06,0.00020136711827944964,3.505632450995222e-09
6,0,0.28859407558170486,0.06,0.0004944386892020702,2.4791610986341084e-09
6,0,0.2524729239679556,0.06,0.0006194840534590185,1.6404638758515944e-09
6,0,0.28194281794005116,0.06,0.00096123170806095,1.1174111635980921e-09
6,0,0.27217683276646665,0.06,0.0014808443374931812,9.839794534727275e-10
6,0,0.22375974242106988,0.08,0.0018082278547808528,8.899573855636334e-10
6,0,0.2825094396890339,0.1,0.0017976433737203479,6.701766919192664e-10
6,0,0.2923983025162524,0.1,0.0017976433737203479,5.985156814602988e-10
6,0,0.2859916404120973,0.1,0.0018056235276162624,5.131233216104647e-10
6,0,0.2983812486173721,0.1,0.0018648470286279917,4.423889310434248e-10
6,0,0.29627484502510376,0.1,0.0018648470286279917,4.2273073930232385e-10
6,0,0.2887449297068296,0.08,0.0006223660311661661,3.956354133194395e-10
6,0,0.28981529929558464,0.08,0.0003976559964939952,3.5751412941209537e-10
6,0,0.29166765786275684,0.08,0.0003976559964939952,3.444770302341027e-10
6,0,0.28727989482834604,0.08,0.0003976559964939952,3.1180796833396585e-10
6,0,0.285201362454944,0.06,0.0003976559964939952,2.8198743340368537e-10
6,0,0.28339769342271703,0.06,0.0003976559964939952,2.486793826417255e-10
6,0,0.27899747908660805,0.06,0.0005439630476757884,2.0377456666498261e-10
6,0,0.2731303935858177,0.06,0.0005439630476757884,1.5897974603440446e-10
6,0,0.2693780459221913,0.06,0.0005439630476757884,1.1794602794434894e-10
6,0,0.25977953224924055,0.02,0.0005439630476757884,7.508540317280321e-11
6,0,0.24754819938929506,0.04,0.00032970577012747526,4.229515349063462e-11
6,0,0.23788034485519757,0.04,0.00017491386097390205,2.0496765743005518e-11
6,0,0.22430977144322797,0.02,4.3180829379707575e-05,9.977197887311995e-12
6,0,0.206345358031558,0.02,4.3180829379707575e-05,4.739143539406188e-12
6,0,0.1972749014622949,0.02,3.437325722188689e-05,2.1976851762028904e-12
6,0,0.19160541060792516,0.0,3.131441189907491e-05,9.32811770534836e-13
6,0,0.1879642062762742,0.0,2.998794116138015e-05,4.078885395674553e-13
6,0,0.1873909587281553,0.0,2.8343118174234405e-05,2.011103956978122e-13
6,0,0.18579102812452017,0.0,2.2913758584763855e-05,1.1069784140987221e-13
6,0,0.19077631161057945,0.02,2.2618924049311318e-05,6.832434059711803e-14
6,0,0.19037667197398173,0.02,2.2618924049311318e-05,4.585067270518675e-14
6,0,0.18146475610384463,0.0,2.2618924049311318e-05,3.310168504859663e-14
6,0,0.1746850191461742,0.0,2.2618924049311318e-05,2.4961503607904938e-14
6,0,0.17157679764637937,0.0,1.9755274479393847e-05,2.149789779515559e-14
6,0,0.17069588602748578,0.0,1.9755274479393847e-05,1.8708325226447428e-14
6,0,0.16782773332197357,0.0,1.443975907022832e-05,1.693644410914047e-14
6,0,0.16487212265509,0.0,1.3364125152293127e-05,1.5746896449004948e-14
6,0,0.16727416177455076,0.0,3.6452143831411377e-05,1.4820460939209135e-14
6,0,0.1680694117105009,0.0,4.1900431824615225e-05,1.473306238564554e-14
6,0,0.16739065538194592,0.0,4.8851212341105565e-05,1.5100061432900096e-14
6,0,0.18303850160569468,0.0,3.411933721508831e-05,1.474990309470285e-14
6,0,0.18851425444929046,0.02,5.8943820476997644e-05,1.493610126530008e-14
6,0,0.16748006667875673,0.0,4.919336788589135e-05,1.3652806539661295e-14
6,0,0.17723251750986005,0.02,4.54384098702576e-05,1.282322670628517e-14
6,0,0.18138371380399398,0.02,4.919336788589135e-05,1.1778796118805043e-14
6,0,0.1797314098986177,0.0,0.0001411879638908431,1.291049651084078e-14
6,0,0.1712423131326905,0.0,0.0001235173549503088,1.5480897610380996e-14
6,0,0.1806303238470579,0.0,0.0001235173549503088,1.7773363483004553e-14
6,0,0.18570474731853398,0.0,0.00015920067380648106,2.1496832227707943e-14
6,0,0.2014934577929534,0.0,0.0003169604460708797,2.8412319223150746e-14
6,0,0.22382033321336547,0.0,0.0003309765306767076,3.844758780552522e-14
6,0,0.2327258961525175,0.0,0.0003583302313927561,4.701298486793626e-14
6,0,0.21826917750047667,0.02,0.00027399949613027275,5.974412045813005e-14
6,0,0.21124229376612338,0.02,0.00033817297662608325,6.41715548971647e-14
6,0,0.21283071566997885,0.02,0.00016320383292622864,6.282326818051603e-14
6,0,0.21548014926270914,0.02,0.00016320383292622864,5.844570026515214e-14
6,0,0.21582900607179112,0.02,4.377133882371709e-05,5.112583465849245e-14
6,0,0.2144789717958479,0.02,4.377133882371709e-05,4.009584615824631e-14
6,0,0.21435418190038963,0.0,3.401219873921946e-05,2.8230761099038576e-14
6,0,0.2212532404370279,0.0,2.9706154236919247e-05,1.6989246449006408e-14
6,0,0.22006676778003398,0.0,2.9706154236919247e-05,1.0219123859839599e-14
6,0,0.20994856083962507,0.0,2.7437812605057843e-05,6.355856562356623e-15
6,0,0.20292831936512282,0.02,2.627554931677878e-05,3.962945287682915e-15
6,0,0.2025077346152306,0.02,1.702335248410236e-05,2.5779216933206504e-15
6,0,0.2062289329953691,0.0,1.9567789422580972e-05,1.8000911260987896e-15
6,0,0.20953278394959932,0.0,1.9567789422580972e-05,1.416717979061744e-15
6,0,0.21078868532139966,0.0,1.9567789422580972e-05,1.1911501405926085e-15
6,0,0.21289464241054662,0.0,1.050682294589933e-05,1.0131163088157266e-15
6,0,0.22112526681727226,0.0,3.172222204739228e-05,7.519025181294923e-16
6,0,0.22064745219356874,0.02,3.172222204739228e-05,6.224960537610917e-16
6,0,0.23100766058915365,0.02,4.1488747228868306e-05,3.913861051878508e-16
6,0,0.24301023046938836,0.02,4.886365422862582e-05,2.4102941906963796e-16
6,0,0.254091030154662,0.0,4.886365422862582e-05,1.584766880577274e-16
6,0,0.25834492996816943,0.0,4.886365422862582e-05,1.0940738120901613e-16
6,0,0.25115315833860125,0.0,9.21734535950236e-05,7.760601889527605e-17
6,0,0.24167302490519116,0.0,9.21734535950236e-05,5.495622553679805e-17
6,0,0.25040331749012684,0.0,7.047651160974056e-05,3.2350630092809986e-17
6,0,0.25388804956263494,0.0,1.8900545910582878e-05,2.272793214786221e-17
6,0,0.2555981640382629,0.0,1.8900545910582878e-05,1.704816926366075e-17
6,0,0.2438002747990143,0.0,1.8900545910582878e-05,1.5589115307345814e-17
6,0,0.2325155259509108,0.0,1.31953374875593e-05,1.481503969011869e-17
6,0,0.213573595824601,0.0,1.991893077502027e-05,1.3680520948152198e-17
6,0,0.238313909010519,0.0,2.151933585992083e-05,1.3451634282394488e-17
6,0,0.21632012381225768,0.0,2.00302129087504e-05,1.0441592689304862e-17
6,0,0.1987785711512927,0.0,2.00302129087504e-05,1.0357056485063167e-17
6,0,0.19211354683629303,0.02,1.4751342860108707e-05,8.535778484150037e-18
6,0,0.1841810071131165,0.02,1.1352884030202404e-05,5.72527518868474e-18
6,0,0.1741941679632734,0.02,1.1352884030202404e-05,3.591488765939382e-18
6,0,0.1589507428160315,0.02,1.1352884030202404e-05,2.31443873941903e-18
6,0,0.14679183836356435,0.02,1.1352884030202404e-05,1.4760370082664142e-18
6,0,0.13910084226584382,0.02,1.1352884030202404e-05,9.499197397951773e-19
6,0,0.14112363362906258,0.02,7.388098310912028e-06,6.302415232084932e-19
6,0,0.14123946368991613,0.02,7.388098310912028e-06,4.444768684577259e-19
6,0,0.1246450730426621,0.02,7.388098310912028e-06,3.2031328450197167e-19
6,0,0.11108164251676643,0.02,7.388098310912028e-06,2.0441128323636445e-19
6,0,0.10283432567512088,0.02,6.837747150711948e-06,1.183344163296989e-19
6,0,0.09566513571949424,0.02,6.2324493228516076e-06,6.490872695771683e-20
6,0,0.08533539297381072,0.02,6.2324493228516076e-06,3.9358775428353184e-20
6,0,0.07334905603549889,0.02,5.756704013037961e-06,2.807945368667947e-20
6,0,0.07800330102726301,0.02,5.756704013037961e-06,2.3787942117939196e-20
6,0,0.08922953450539112,0.0,5.756704013037961e-06,2.5631963579041443e-20
6,0,0.111289463342887,0.0,9.577068340149708e-06,2.162350449174629e-20
6,0,0.11968591673176941,0.0,9.577068340149708e-06,3.5855310105021655e-20
6,0,0.12865745025160327,0.0,9.577068340149708e-06,4.5716925056136173e-20
6,0,0.13048595002214516,0.0,9.577068340149708e-06,1.4687586046975295e-17
6,0,0.14483189321486706,0.0,9.577068340149708e-06,1.0797636376408185e-19
6,0,0.14767976777548183,0.0,9.577068340149708e-06,1.201296050540921e-19
6,0,0.14929966199174888,0.0,9.577068340149708e-06,1.6916515610957115e-19
6,0,0.1533860497650706,0.0,9.051761480804998e-06,6.175727222146637e-20
6,0,0.1536440440379313,0.0,8.360809260921087e-06,7.388785005516238e-20
6,0,0.15295071607779773,0.0,5.425570634542964e-06,6.726230136967455e-20
6,0,0.15182605718893036,0.0,5.425570634542964e-06,5.601654183512032e-20
6,0,0.1489961092261681,0.02,5.425570634542964e-06,5.897777734222627e-20
6,0,0.1450162585125297,0.02,5.425570634542964e-06,3.2283886724490067e-20
6,0,0.13224545855210837,0.02,5.425570634542964e-06,2.1495370660570132e-20
6,0,0.14004679258572308,0.02,5.425570634542964e-06,1.6376287507190427e-20
6,0,0.15906498872129315,0.02,5.873951067769667e-06,1.3804691227101035e-20
6,0,0.15679590087848075,0.02,5.873951067769667e-06,1.2251244421139315e-20
6,0,0.15414918822596282,0.02,5.873951067769667e-06,1.0612685253789864e-20
6,0,0.14989510806422132,0.02,5.425570634542964e-06,9.042535700244395e-21
6,0,0.14424703167839578,0.02,5.9848130149475764e-06,7.170417563296621e-21
6,0,0.1396184142107394,0.02,5.9848130149475764e-06,5.426428814660388e-21
6,0,0.1361669600211207,0.02,7.4228382800356485e-06,4.009968045678208e-21
6,0,0.13121692050776876,0.02,6.5302529037580825e-06,2.960082987634307e-21
6,0,0.12135339622871004,0.02,6.006907824485097e-06,2.466919764355396e-21
6,0,0.1135920269777217,0.0,6.355512141453801e-06,2.161285817643072e-21
6,0,0.10980436734267472,0.0,5.2697791943501215e-06,1.827177753541066e-21
6,0,0.09863943163783277,0.0,5.2697791943501215e-06,1.556181288160029e-21
6,0,0.09329015997759614,0.0,5.2697791943501215e-06,1.1888357499524496e-21
6,0,0.08810359611930517,0.0,5.2697791943501215e-06,8.407980430949231e-22
6,0,0.08274329700664815,0.0,5.2697791943501215e-06,5.576469603475347e-22
6,0,0.07799544733559252,0.0,2.1728458250436233e-06,3.8311124525367065e-22
6,0,0.07450647755155759,0.0,2.1728458250436233e-06,2.7471168470026576e-22
6,0,0.07164421055700801,0.0,2.1728458250436233e-06,2.0605585794143275e-22
6,0,0.0693429932617074,0.0,2.1728458250436233e-06,1.6136411087027606e-22
6,0,0.06777154957610715,0.0,2.1728458250436233e-06,1.3374747897368162e-22
6,0,0.06198683178155183,0.0,2.1728458250436233e-06,1.2566041776126686e-22
6,0,0.06022166260361707,0.0,2.1728458250436233e-06,1.253812619750145e-22
6,0,0.060557368361819894,0.0,2.1728458250436233e-06,1.388564451184805e-22
6,0,0.06419171704886371,0.0,2.1728458250436233e-06,1.5874124302372482e-22
6,0,0.06462346150889235,0.0,2.1728458250436233e-06,1.724520242097005e-22
6,0,0.063207830196002,0.0,2.1728458250436233e-06,1.7813064890226483e-22
6,0,0.06378520058348917,0.0,2.1728458250436233e-06,1.731923796355813e-22
6,0,0.06497909912653486,0.0,2.1728458250436233e-06,1.634756201454013e-22
6,0,0.06366222113802925,0.0,2.1728458250436233e-06,1.4414790950053683e-22
6,0,0.06220377611076348,0.0,2.1728458250436233e-06,1.2107391734943948e-22
6,0,0.06212332043942375,0.0,2.1728458250436233e-06,1.0229808117209314e-22
6,0,0.061631996880651824,0.0,2.1728458250436233e-06,8.665480533849219e-23
6,0,0.060019208251381295,0.0,2.1728458250436233e-06,7.426072135575175e-23
6,0,0.05523041779187297,0.02,2.1728458250436233e-06,6.581093558822913e-23
6,0,0.052068819840273776,0.02,2.1728458250436233e-06,5.860092361935185e-23
6,0,0.05350053668610311,0.02,2.1728458250436233e-06,5.2045644113702667e-23
6,0,0.05927345400254942,0.02,2.1728458250436233e-06,5.732582147392709e-23
6,0,0.06645769368903728,0.02,2.1728458250436233e-06,7.152953975147005e-23
6,0,0.06669948034209047,0.02,2.1728458250436233e-06,9.625717999741512e-23
6,0,0.06496250840447836,0.02,2.1728458250436233e-06,1.3035201968921865e-22
6,0,0.06965565063273953,0.0,2.1728458250436233e-06,1.5206072711620637e-22
6,0,0.07547891523158272,0.0,2.1728458250436233e-06,1.5339547976784032e-22
6,0,0.07245121923461047,0.0,2.1728458250436233e-06,1.5378511394614708e-22
6,0,0.0639797199078228,0.0,2.1728458250436233e-06,1.5410927898020774e-22
6,0,0.06288414616465729,0.0,2.1728458250436233e-06,1.6705126788239124e-22
6,0,0.06352965499996825,0.0,1.47535706673807e-06,1.9686227100359535e-22
6,0,0.0650884661391785,0.0,1.7793262259147014e-06,2.5108569186390545e-22
6,0,0.06646722904622636,0.0,1.7793262259147014e-06,3.285310573158089e-22
6,0,0.064444052378285,0.0,1.934348802024033e-06,4.110529004649906e-22
6,0,0.06309825971679081,0.0,2.1987457330396865e-06,4.801260409535728e-22
6,0,0.06497396023317212,0.0,2.4765872694842983e-06,4.953253332479409e-22
6,0,0.06667003236151768,0.0,2.4765872694842983e-06,4.674892213148522e-22
6,0,0.06407539625517132,0.0,2.4765872694842983e-06,4.261997619081541e-22
6,0,0.061196739880398414,0.0,2.4765872694842983e-06,3.9260213808946775e-22
6,0,0.06011005332458619,0.0,2.4765872694842983e-06,3.718869283974026e-22
6,0,0.05979562388228882,0.0,1.611679635971086e-06,3.583912979792733e-22
6,0,0.06443170292900993,0.0,1.611679635971086e-06,3.5007715842212523e-22
6,0,0.07136039463309632,0.0,1.611679635971086e-06,4.0019436263325547e-22
6,0,0.07483876568953003,0.0,1.611679635971086e-06,3.8011246309767625e-22
6,0,0.07719233742467106,0.0,1.611679635971086e-06,4.0886971213257337e-22
6,0,0.07920698530305617,0.0,1.611679635971086e-06,4.536076422765653e-22
6,0,0.0809154730436586,0.0,1.611679635971086e-06,4.860191474599358e-22
6,0,0.07893601351353616,0.0,1.611679635971086e-06,4.9208224402504315e-22
6,0,0.07803309002206218,0.0,1.611679635971086e-06,4.759337438024152e-22
6,0,0.08273581849973642,0.0,2.4765872694842983e-06,4.389946566505065e-22
6,0,0.08511778512237486,0.0,2.4765872694842983e-06,3.930876725103004e-22
6,0,0.07986614430308601,0.0,2.1987457330396865e-06,3.333102669804509e-22
6,0,0.07723048917821353,0.0,2.1987457330396865e-06,2.768261348488457e-22
6,0,0.07800915306110277,0.0,1.934348802024033e-06,2.3815518877650197e-22
6,0,0.07901325492152228,0.0,1.934348802024033e-06,2.076838522796427e-22
6,0,0.07967431956106161,0.0,1.7793262259147014e-06,1.8132549770308647e-22
6,0,0.07941402544596632,0.0,2.6205186713923467e-06,1.6188200752088451e-22
6,0,0.06906460320553612,0.0,2.6205186713923467e-06,1.6518444432740382e-22
6,0,0.06364340226330688,0.0,2.6205186713923467e-06,1.6036754604415397e-22
6,0,0.06999271196152883,0.0,2.6205186713923467e-06,1.9356564021333846e-22
6,0,0.08079155010184014,0.0,2.6205186713923467e-06,2.6238578985417263e-22
6,0,0.08406015297983215,0.0,2.8488293537520804e-06,3.8851992805535558e-22
6,0,0.08657349201337287,0.0,3.23822200698487e-06,5.943507271359724e-22
6,0,0.09531626885288688,0.0,3.647414814622607e-06,8.845434473806277e-22
6,0,0.09915207258587205,0.0,2.3736158709652955e-06,1.2673933714153913e-21
6,0,0.09729410066534559,0.0,2.3736158709652955e-06,1.6020924374858146e-21
6,0,0.09728671512228737,0.0,1.611679635971086e-06,1.9433740113848918e-21
6,0,0.09964464181958382,0.0,1.611679635971086e-06,2.436198971107644e-21
6,0,0.10022642562835371,0.0,1.7448727476221393e-06,3.1437643395447456e-21
6,0,0.09959673688998469,0.0,1.7448727476221393e-06,4.0155402057030034e-21
6,0,0.09794286173359339,0.0,1.7448727476221393e-06,4.986794839888741e-21
6,0,0.09473325343426288,0.0,1.7448727476221393e-06,6.0680685345118666e-21
6,0,0.08988068884780834,0.0,2.129553422491881e-06,6.976369392644777e-21
6,0,0.08379784210296869,0.0,2.129553422491881e-06,7.372591329438378e-21
6,0,0.07673069973022452,0.0,2.3009563392406562e-06,7.357083308540143e-21
6,0,0.0694534289995986,0.0,2.3009563392406562e-06,7.188849796907202e-21
6,0,0.06235622317544333,0.0,2.3009563392406562e-06,5.815137867384605e-21
6,0,0.056573592972929784,0.0,2.3009563392406562e-06,6.147072764843134e-21
6,0,0.05612434723724136,0.0,2.3009563392406562e-06,4.250504332211029e-21
6,0,0.05721419230756667,0.0,2.3009563392406562e-06,2.518100555015156e-21
6,0,0.049810089530952874,0.0,2.129553422491881e-06,1.5135013131020287e-21
6,0,0.039606585728137675,0.0,1.9410383629292483e-06,1.0117692176133428e-21
6,0,0.03833792658005959,0.0,1.7928712168213679e-06,7.165081985812745e-22
6,0,0.04063279742438674,0.0,1.7928712168213679e-06,5.39176104107034e-22
6,0,0.03412717692326809,0.0,1.7928712168213679e-06,4.896629022920389e-22
6,0,0.027587972220252988,0.0,1.7928712168213679e-06,4.789132903740967e-22
6,0,0.03232140092808758,0.0,1.7928712168213679e-06,5.138773727419196e-22
6,0,0.032997331231009085,0.0,1.7928712168213679e-06,4.452296112969816e-22
6,0,0.03400372556527749,0.0,1.7928712168213679e-06,5.164931597729856e-22
6,0,0.035626349362734906,0.0,1.7928712168213679e-06,6.324201194364308e-22
6,0,0.037405601272282825,0.0,1.7928712168213679e-06,7.26149820647954e-22
6,0,0.0403151387426473,0.0,1.7928712168213679e-06,1.1300329221175719e-21
6,0,0.045244653745470355,0.0,1.7928712168213679e-06,1.2869394513805954e-21
6,0,0.047536178116119175,0.0,1.7928712168213679e-06,1.1714275966363648e-21
6,0,0.045730669840236784,0.0,1.7928712168213679e-06,1.253990460552618e-21
6,0,0.044229280403081155,0.0,1.7928712168213679e-06,1.2920404658074696e-21
6,0,0.05493490348314521,0.0,1.7928712168213679e-06,1.4091194400715761e-21
6,0,0.05684641092131698,0.0,1.7928712168213679e-06,1.948094756990126e-21
6,0,0.05793091552430274,0.0,1.7928712168213679e-06,3.029851714114677e-21
6,0,0.06035140247961615,0.0,1.7928712168213679e-06,4.8869846745504214e-21
6,0,0.0642037085468782,0.0,1.7928712168213679e-06,8.321956373547005e-21
6,0,0.06841089164641588,0.0,2.8785591439373093e-06,1.4821349514304125e-20
6,0,0.07156092913893129,0.0,3.1164497613644926e-06,2.5439868653234475e-20
6,0,0.07449711610465001,0.0,3.1164497613644926e-06,3.729428771578568e-20
6,0,0.07683639868927844,0.0,3.1164497613644926e-06,4.728163088883399e-20
6,0,0.077575026657759,0.0,1.9410383629292483e-06,5.735062260445497e-20
6,0,0.07727062833420736,0.0,1.9410383629292483e-06,6.771489841171177e-20
6,0,0.07664061940627752,0.0,2.129553422491881e-06,8.749731050182956e-20
6,0,0.07560713914534595,0.0,2.129553422491881e-06,1.172550748772879e-19
6,0,0.07196777839708991,0.0,2.168719674955355e-06,1.4729598705383228e-19
6,0,0.06923434695418544,0.0,2.168719674955355e-06,1.8901707722053754e-19
6,0,0.05845736147298405,0.0,2.129553422491881e-06,1.8064021915721303e-19
6,0,0.04765616105283357,0.0,2.129553422491881e-06,1.4505994983703952e-19
6,0,0.04250437637769247,0.02,2.033569899140275e-06,9.66860527987234e-20
6,0,0.03233268206873568,0.0,1.8783395034915884e-06,6.993613038800953e-20
6,0,0.02607301129443442,0.0,1.8783395034915884e-06,4.2940525641844614e-20
6,0,0.026658302727911243,0.0,1.8783395034915884e-06,2.9003963730526726e-20
6,0,0.024473609244125085,0.0,1.8783395034915884e-06,2.706799920563465e-20
6,0,0.022080959070026548,0.0,1.805027864065778e-06,3.383825926187951e-20
6,0,0.022228875655572956,0.0,2.4195751393563114e-06,4.434553714870568e-20
6,0,0.023013459463704516,0.0,2.4195751393563114e-06,5.796426783434714e-20
6,0,0.02455225749629367,0.0,2.4124440187733853e-06,6.891151856534629e-20
6,0,0.027826586677651605,0.02,2.4124440187733853e-06,5.898317340325347e-20
6,0,0.029402166273618732,0.0,5.5543291637150105e-06,4.5200341070074004e-20
6,0,0.030209174436774063,0.02,7.010768513282528e-06,4.2129103466195575e-20
6,0,0.03159343498698644,0.02,7.761694178043399e-06,5.729027719382981e-20
6,0,0.03243371638773864,0.02,7.761694178043399e-06,9.981839190800565e-20
6,0,0.03527267264962231,0.02,7.761694178043399e-06,1.7651494019544037e-19
6,0,0.03918604615222275,0.02,7.882885256549343e-06,2.8226170970421943e-19
6,0,0.04151961248681159,0.02,7.882885256549343e-06,3.2254979993255606e-19
6,0,0.04292019703847134,0.02,7.882885256549343e-06,3.649227471960443e-19
6,0,0.044243457217731076,0.02,7.882885256549343e-06,3.6841817982014613e-19
6,0,0.043007605490081965,0.02,7.882885256549343e-06,3.428982362062074e-19
6,0,0.041081614549732685,0.02,1.2113192497054115e-05,3.2476227542658813e-19
6,0,0.0502275523943324,0.02,1.2113192497054115e-05,3.4256092746204477e-19
6,0,0.05319906853206343,0.02,1.233596140082227e-05,4.666543044633086e-19
6,0,0.05737964494526789,0.02,1.7766806195140816e-05,7.74045942122648e-19
6,0,0.06545187912227513,0.02,1.4075906619837042e-05,1.6796920804018433e-18
6,0,0.06903943917249702,0.0,1.4075906619837042e-05,3.0060829134731e-18
6,0,0.07081488131929524,0.0,1.5651306966901757e-05,3.934740182417755e-18
6,0,0.06303538043490245,0.02,1.5651306966901757e-05,2.9413126035586667e-18
6,0,0.05579969924844266,0.02,1.2503102880145889e-05,1.4101755437264468e-18
6,0,0.04463699171534913,0.04,4.90686852572253e-06,7.835885044642128e-19
6,0,0.03967348595213735,0.04,3.970865691371728e-06,6.147899961611558e-19
6,0,0.03753203536399606,0.04,3.292508608865319e-06,5.624976540882965e-19
6,0,0.03172770865721013,0.04,3.292508608865319e-06,6.07901029224661e-19
6,0,0.026560245608678732,0.02,5.151487130206078e-06,4.999064997988457e-19
6,0,0.02251473240557414,0.02,3.722615019796649e-06,3.024219882379091e-19
6,0,0.01758868593546583,0.02,3.638430825958494e-06,1.4849598055340237e-19
6,0,0.012187018060565363,0.04,2.8237175229151035e-06,5.55916488812551e-20
6,0,0.008415304697778389,0.02,2.89508034256869e-06,1.9494414296455823e-20
6,0,0.006617400049525792,0.02,3.355897888468462e-06,7.90432709943576e-21
6,0,0.005604158007950787,0.02,3.433544634390273e-06,3.8684599803109025e-21
6,0,0.004344433798738472,0.02,3.355897888468462e-06,1.6116301571049456e-21
6,0,0.00327919205832156,0.02,2.7634432626655325e-06,4.333343966398157e-22
6,0,0.0022062287489262315,0.02,1.2459171330192476e-06,1.4264581736280015e-22
6,0,0.0018769840273269109,0.02,1.2459171330192476e-06,9.284936399573277e-23
6,0,0.0018267031713502648,0.02,8.108006568363635e-07,8.399864756174062e-23
6,0,0.0016482917017516892,0.02,1.0160797501157504e-06,8.00069798268861e-23
6,0,0.0015449850831480785,0.02,1.6643025446683168e-06,6.743279574404008e-23
6,0,0.0014520751812548045,0.02,1.6643025446683168e-06,6.598211840466209e-23
6,0,0.0015316171998020261,0.02,1.6643025446683168e-06,9.010570576737409e-23
6,0,0.0019536592139226144,0.02,1.6643025446683168e-06,1.5817304860179947e-22
6,0,0.0023624926029622967,0.02,2.616623078210978e-06,3.2751248011498754e-22
6,0,0.0029025808451702893,0.02,2.616623078210978e-06,6.155635376652765e-22
6,0,0.003203322246910151,0.02,1.6723803355489508e-06,9.908192934029818e-22
6,0,0.0035657415719789706,0.02,3.7093359424034134e-06,1.3697254682697175e-21
6,0,0.0036613401968750804,0.02,3.7093359424034134e-06,1.737708759498401e-21
6,0,0.0037070685978512655,0.0,3.7093359424034134e-06,2.0367008255549005e-21
6,0,0.003645182696821421,0.0,5.803658041259041e-06,2.371001952319407e-21
6,0,0.0036577819939860577,0.0,6.857946118543623e-06,2.855558942936072e-21
6,0,0.003705566547524315,0.0,6.702859991492005e-06,3.5842705294203025e-21
6,0,0.0037368091109621425,0.0,8.139878445945214e-06,4.686197082169544e-21
6,0,0.003986659585021048,0.0,8.139878445945214e-06,6.362217676186131e-21
6,0,0.004218480243716487,0.02,8.328213880304247e-06,8.54449703889218e-21
6,0,0.004386574030263086,0.02,8.328213880304247e-06,1.1417934271000299e-20
6,0,0.004430076933196262,0.02,8.328213880304247e-06,1.5292470878418555e-20
6,0,0.0045826474205277155,0.02,8.328213880304247e-06,2.1378106499630803e-20
6,0,0.004691459964608558,0.02,9.550472896080464e-06,3.0719129193003965e-20
6,0,0.004755854552961137,0.02,9.334497917734552e-06,4.651806563526512e-20
6,0,0.004791109491411637,0.02,9.334497917734552e-06,7.490439686685323e-20
6,0,0.004848240297246816,0.02,8.287292075692676e-06,1.2852185643162835e-19
6,0,0.005083693853465339,0.02,7.832729352230672e-06,2.333666501059037e-19
6,0,0.005390489666585316,0.02,7.832729352230672e-06,4.275503232818416e-19
6,0,0.005650493558939748,0.02,8.611740668129642e-06,7.855338781685727e-19
6,0,0.0058530101015898525,0.02,6.294577360677067e-06,1.4886355893810563e-18
6,0,0.0061394240740212415,0.02,6.058981853129808e-06,2.844853624762786e-18
6,0,0.006751622781189596,0.02,6.058981853129808e-06,5.365856940724324e-18
6,0,0.0074338822451581995,0.02,6.058981853129808e-06,1.0118177477505816e-17
6,0,0.007935189697866562,0.02,6.058981853129808e-06,1.9235454833293893e-17
6,0,0.008415846335216737,0.02,8.149711902660783e-06,3.5901895133512446e-17
6,0,0.009254693667977794,0.02,2.1757488866569474e-05,6.570301561209109e-17
6,0,0.010979410602182252,0.04,1.9789345969911665e-05,1.085833041781214e-16
6,0,0.012753689235995186,0.04,3.8497018977068365e-05,1.533854112397982e-16
6,0,0.013379789518000746,0.04,4.124601400690153e-05,1.8201213377189857e-16
6,0,0.013104583288039741,0.04,2.1202491552685387e-05,1.9757003790037153e-16
6,0,0.012714847314864077,0.02,1.9789345969911665e-05,2.0011639099338537e-16
6,0,0.012213975379472376,0.02,8.149711902660783e-06,1.8878964142957425e-16
6,0,0.011591695066177524,0.02,7.089979135344038e-06,1.6642082478156826e-16
6,0,0.010986192708947603,0.02,6.824613137723645e-06,1.3676561896304397e-16
6,0,0.010311963546537167,0.02,6.824613137723645e-06,1.0210306538026257e-16
6,0,0.009757368425886995,0.02,4.166529379290296e-06,6.797821228286515e-17
6,0,0.009303138368801318,0.02,5.700319434254197e-06,4.205595014606201e-17
6,0,0.008710370038967765,0.02,5.921968750044471e-06,2.6769225600885982e-17
6,0,0.008015488878994314,0.02,6.265644060476916e-06,1.8699342534686025e-17
6,0,0.007245220529315491,0.02,5.6988569667737465e-06,1.5404850899732276e-17
6,0,0.00681753422942406,0.02,5.6988569667737465e-06,1.4477814697993072e-17
6,0,0.00699365723408451,0.02,5.6988569667737465e-06,1.4318534453601086e-17
6,0,0.007555485197632812,0.02,5.6988569667737465e-06,1.4430615772240797e-17
6,0,0.007921111968517367,0.02,5.6988569667737465e-06,1.262406489495356e-17
6,0,0.007210505258899618,0.02,4.390666163089918e-06,1.416219566346734e-17
6,0,0.007208394274955123,0.02,4.704206276073819e-06,1.5837143759658614e-17
6,0,0.006966594087984315,0.02,4.8130491450137924e-06,2.2263098002638035e-17
6,0,0.006461243731425594,0.02,4.8130491450137924e-06,3.707830147451801e-17
6,0,0.007321671201542784,0.02,2.8962758733541705e-06,6.323323297402006e-17
6,0,0.008502736434206353,0.02,2.8962758733541705e-06,1.0156891184534523e-16
6,0,0.00914520106007446,0.02,2.8962758733541705e-06,1.437310355861121e-16
6,0,0.00919042043531533,0.02,2.8962758733541705e-06,1.9456414296369263e-16
6,0,0.009651762726356844,0.02,4.8130491450137924e-06,2.6527197847608886e-16
6,0,0.010253178743431915,0.02,7.883583748480305e-06,3.7010625527265863e-16
6,0,0.010640710733644889,0.02,7.705304597038776e-06,5.28420392413852e-16
6,0,0.010690115475615072,0.02,7.705304597038776e-06,7.900337708929535e-16
6,0,0.010427581863807748,0.02,6.726751962560229e-06,1.057077107019988e-15
6,0,0.010515895035580695,0.02,6.726751962560229e-06,1.3892102664623054e-15
6,0,0.010793493839265159,0.02,6.726751962560229e-06,1.773948618852088e-15
6,0,0.011245657971918415,0.02,5.423578841146082e-06,2.2010295130004028e-15
6,0,0.01171266428876727,0.02,5.423578841146082e-06,2.6632056291314233e-15
6,0,0.012088425025234665,0.02,5.423578841146082e-06,3.056689490822488e-15
6,0,0.012165669880565328,0.02,5.423578841146082e-06,3.1057494273692204e-15
6,0,0.011986196480789437,0.02,5.423578841146082e-06,2.8895368560442718e-15
6,0,0.011845693274846242,0.02,5.423578841146082e-06,2.4242195182283587e-15
6,0,0.012038159908874737,0.04,4.363229436421534e-06,2.0384169748194694e-15
6,0,0.011949473165626529,0.04,4.363229436421534e-06,1.5469821172287988e-15
6,0,0.011008166686749532,0.04,5.4116235332912765e-06,1.0563555408280457e-15
6,0,0.010078985768922702,0.04,5.4116235332912765e-06,7.905824364845375e-16
6,0,0.00985866511649739,0.04,5.4116235332912765e-06,5.529439020609953e-16
6,0,0.010004049270024618,0.04,5.725681148760486e-06,4.061505247332037e-16
6,0,0.009640784480480261,0.02,6.295135790423956e-06,2.729273563742548e-16
6,0,0.008899341049195481,0.02,6.295135790423956e-06,2.1297241883879472e-16
6,0,0.008293032430819792,0.02,6.059519364498556e-06,1.7611502421866512e-16
6,0,0.0077865288864864095,0.02,5.950087142991833e-06,1.4583805651218677e-16
6,0,0.007694770052369952,0.0,5.950087142991833e-06,1.114006747270321e-16
6,0,0.007532753924219076,0.0,6.181448043207638e-06,8.903039562370313e-17
6,0,0.00732895426868743,0.0,6.181448043207638e-06,7.167780073356571e-17
6,0,0.006952644932598161,0.0,5.622277967631817e-06,6.751921968712682e-17
6,0,0.006427290351871022,0.0,5.622277967631817e-06,5.886794941867152e-17
6,0,0.005722252496943055,0.02,5.622277967631817e-06,5.80876467857931e-17
6,0,0.005894476109050371,0.02,5.247547960607335e-06,5.815593881716548e-17
6,0,0.006340098672940807,0.02,5.247547960607335e-06,6.367741572807124e-17
6,0,0.007979926484226133,0.02,5.368962320062565e-06,7.140898026937578e-17
6,0,0.008951389380484485,0.02,5.368962320062565e-06,8.757791940761922e-17
6,0,0.009052055273439726,0.02,5.467706614581402e-06,9.713943907446257e-17
6,0,0.009126798592353736,0.02,5.34405944563332e-06,1.071076404351064e-16
6,0,0.009523051914018216,0.04,5.34405944563332e-06,1.207753706894467e-16
6,0,0.00998328747394252,0.02,5.34405944563332e-06,1.3643420408754092e-16
6,0,0.010285590761759885,0.02,5.34405944563332e-06,1.4932898369028716e-16
6,0,0.010156823491067338,0.02,5.34405944563332e-06,1.6087842350988736e-16
6,0,0.010001960046302669,0.02,5.050933395978063e-06,1.6884049350940838e-16
6,0,0.00979886378608321,0.02,5.574052920565009e-06,1.668333562966607e-16
6,0,0.009357728553838368,0.02,6.7972678152727894e-06,1.634686370277012e-16
6,0,0.009212668152091985,0.02,5.462452918436611e-06,1.6597132821926205e-16
6,0,0.009598024107559873,0.02,5.462452918436611e-06,1.7006348997123538e-16
6,0,0.009969780669767832,0.02,5.258002147456864e-06,1.634811042938936e-16
6,0,0.009554264566087621,0.02,5.258002147456864e-06,1.4446762337797832e-16
6,0,0.009128174259719797,0.02,5.258002147456864e-06,1.264971576574883e-16
6,0,0.008807802635178972,0.02,4.66812298327568e-06,9.786808593244828e-17
6,0,0.008668548403390992,0.04,4.230023932905169e-06,7.32780114070516e-17
6,0,0.008680025608504222,0.04,4.230023932905169e-06,4.828805792121208e-17
6,0,0.008610895314916468,0.04,4.230023932905169e-06,3.186900914423466e-17
6,0,0.008390184487059636,0.04,6.200453299243236e-06,2.2986194478713515e-17
6,0,0.008077465984197937,0.02,6.200453299243236e-06,1.79451539937459e-17
6,0,0.0075455777430513985,0.02,6.200453299243236e-06,1.3364326195920128e-17
6,0,0.007026948370638592,0.02,6.123040748207131e-06,1.024150927965686e-17
6,0,0.0067790268906255885,0.02,6.123040748207131e-06,8.607846595018719e-18
6,0,0.006638757018563161,0.02,6.123040748207131e-06,7.69644493403738e-18
6,0,0.006651201436941655,0.02,6.123040748207131e-06,7.369115503579733e-18
6,0,0.006751521773048045,0.02,6.241395112738246e-06,7.838609157194418e-18
6,0,0.006817538297091329,0.0,7.030077085801167e-06,1.1867854724596357e-17
6,0,0.006979842438278958,0.0,7.030077085801167e-06,7.364591652809681e-18
6,0,0.007023279983413558,0.0,7.030077085801167e-06,7.965694704965228e-18
6,0,0.006882909138162799,0.0,7.030077085801167e-06,8.012078030633526e-18
6,0,0.006862407894963089,0.0,7.030077085801167e-06,7.939060316421633e-18
6,0,0.006894702986497612,0.02,7.6110559348308016e-06,8.142908225037364e-18
6,0,0.006991352058763071,0.02,7.6110559348308016e-06,8.882851061468099e-18
6,0,0.006893113097421965,0.02,7.6110559348308016e-06,1.041251646359301e-17
6,0,0.0069243286143669935,0.02,7.6110559348308016e-06,1.2687163059259717e-17
6,0,0.006989306590778329,0.02,7.6110559348308016e-06,1.6168366729259548e-17
6,0,0.007109423556502749,0.02,7.6110559348308016e-06,2.1488436741537224e-17
6,0,0.007228556194239505,0.02,7.6110559348308016e-06,2.846320877733333e-17
6,0,0.0074813960003443656,0.02,7.6110559348308016e-06,3.870416467316039e-17
6,0,0.007667780166675263,0.02,4.6813502194709145e-06,5.349285038896314e-17
6,0,0.007963689531998027,0.02,5.381069968279917e-06,8.196267330247444e-17
6,0,0.008322845721174676,0.02,2.7946960472036153e-05,1.2623155988896487e-16
6,0,0.008582783980462092,0.02,5.658123700413853e-05,2.0751183565586266e-16
6,0,0.008784732232075529,0.02,5.658123700413853e-05,3.591601808441893e-16
6,0,0.008813578940645635,0.0,5.658123700413853e-05,6.129971615927859e-16
6,0,0.00912062884379046,0.0,6.911194941494614e-05,9.979650069717153e-16
6,0,0.00979157437527893,0.0,9.839282574830577e-05,1.4186486847858918e-15
6,0,0.01033671184877968,0.0,0.00010793813271448016,1.630532917750371e-15
6,0,0.010256158283304008,0.0,0.00010793813271448016,1.5646324839045656e-15
6,0,0.010695655006675244,0.0,8.924783469410613e-05,1.443993604633635e-15
6,0,0.011198605457456408,0.0,5.2665633120341226e-05,1.2676920611130065e-15
6,0,0.011275706392761717,0.0,5.2665633120341226e-05,1.0357735931218318e-15
6,0,0.011123619485002166,0.0,2.4893030058592558e-05,7.260246027996893e-16
6,0,0.010787656442380313,0.02,2.6950196115649305e-05,4.669043069821532e-16
6,0,0.010555426128081063,0.02,2.80739495792659e-05,2.56863376529577e-16
6,0,0.009752462363712733,0.02,1.5393399735330604e-05,1.1713991851472103e-16
6,0,0.008331946019536976,0.02,6.100507107476005e-06,4.780383631679089e-17
6,0,0.006363637504820303,0.02,5.835074716742383e-06,1.838017489533244e-17
6,0,0.0045574370148782906,0.02,5.61667775400565e-06,8.17378108703968e-18
6,0,0.004169941453391373,0.02,7.2901539169833995e-06,4.18541064960705e-18
6,0,0.004108675974720567,0.02,7.2901539169833995e-06,2.6865579320948915e-18
6,0,0.004432792543926151,0.02,7.2901539169833995e-06,2.2142311848822123e-18
6,0,0.0052421226122877996,0.02,6.997822765697492e-06,1.9177196089161477e-18
6,0,0.006549612613538414,0.02,6.584113634744426e-06,1.5103141320796929e-18
6,0,0.006371865449667478,0.02,6.584113634744426e-06,1.2056075743874889e-18
6,0,0.00560369157399027,0.0,6.584113634744426e-06,9.05662785289023e-19
6,0,0.005033868652948799,0.0,6.584113634744426e-06,7.051640792747314e-19
6,0,0.00500729571037435,0.0,7.097799425537232e-06,6.445993106908824e-19
6,0,0.00525340690950244,0.0,8.387179150304291e-06,6.684667800854875e-19
6,0,0.0052511560020091575,0.02,8.387179150304291e-06,7.462834343198955e-19
6,0,0.005174705964260892,0.02,5.458105079014786e-06,9.209220962415184e-19
6,0,0.005154145859631297,0.02,5.458105079014786e-06,1.2242146920741395e-18
6,0,0.005034558575929354,0.02,5.458105079014786e-06,1.6742289660462368e-18
6,0,0.004896907100939764,0.02,5.458105079014786e-06,2.2421015880561146e-18
6,0,0.004810188550048789,0.02,5.458105079014786e-06,2.9017713023271006e-18
6,0,0.004681643222268021,0.02,6.273925009736558e-06,3.5693352147739864e-18
6,0,0.004375158626927373,0.04,6.273925009736558e-06,4.253495058645677e-18
6,0,0.004120903668494251,0.04,3.258394281147048e-05,4.873996736936511e-18
6,0,0.0039705162425021584,0.04,7.660983828827739e-05,5.298186949172586e-18
6,0,0.0038351012114848826,0.04,0.00012641488865483552,5.486486757404463e-18
6,0,0.003844652174157452,0.04,0.00012641488865483552,5.3150089076997705e-18
6,0,0.003927094983080885,0.02,0.00010409970855107531,4.8899939963929805e-18
6,0,0.0038210503678788145,0.06,0.0001604474091436714,4.305440346752782e-18
6,0,0.0036058801588054906,0.06,7.234507211251184e-05,3.585903228853117e-18
6,0,0.0033914949148425365,0.06,7.234507211251184e-05,2.725920562314146e-18
6,0,0.0031522995593448746,0.06,6.837714317953214e-05,1.943110124613616e-18
6,0,0.0028327794506461026,0.02,4.436226299731061e-05,1.408852778529398e-18
6,0,0.00255599001388862,0.02,4.436226299731061e-05,1.0526451287190299e-18
6,0,0.0023561166589375743,0.0,4.6936671424191445e-05,9.218605326464598e-19
6,0,0.002345162273476941,0.02,4.6936671424191445e-05,7.398490031299987e-19
6,0,0.0025109315344643292,0.02,4.540670124697499e-05,5.836702207459921e-19
6,0,0.0026704070501298023,0.02,2.2823642211733386e-05,4.4134779929680265e-19
6,0,0.0026004563770043072,0.02,4.394574716570787e-06,2.8240171002289403e-19
6,0,0.002352147378475568,0.02,4.831642399949487e-06,1.6219255345832905e-19
6,0,0.00233173169237272,0.02,4.203366643196205e-06,9.866337635424313e-20
6,0,0.002371725289553781,0.04,4.203366643196205e-06,6.307726507099347e-20
6,0,0.002200524203989187,0.04,4.203366643196205e-06,4.400614429714032e-20
6,0,0.0017317035974758147,0.02,4.203366643196205e-06,3.181976408383966e-20
6,0,0.0019531906077399812,0.04,3.823131919489242e-06,2.1333789328960994e-20
6,0,0.0021244920444825253,0.04,3.823131919489242e-06,1.1954942509609139e-20
6,0,0.0017604707512920768,0.02,3.823131919489242e-06,5.186079128441531e-21
6,0,0.0011379587108414845,0.02,4.1214102566300426e-06,2.0059049075054226e-21
6,0,0.0010715142293828191,0.0,4.1214102566300426e-06,1.0011114922136407e-21
6,0,0.0013111031089980255,0.0,3.7884528865106404e-06,7.503901909790749e-22
6,0,0.0013156710910706658,0.0,4.165238351561129e-06,7.003002245572801e-22
6,0,0.0013364417917980733,0.0,4.165238351561129e-06,1.0584176805173586e-21
6,0,0.0013763763449305987,0.0,4.165238351561129e-06,5.802483175313215e-22
6,0,0.0014302928496366552,0.0,2.710598437261069e-06,7.600614489722417e-22
6,0,0.001551899975790342,0.0,2.710598437261069e-06,1.3936752348651295e-21
6,0,0.001645477227047322,0.0,2.6091449853993254e-06,2.1564103795697677e-21
6,0,0.0016825183396957924,0.0,2.6091449853993254e-06,3.628831653747329e-21
6,0,0.00166567220616065,0.0,2.6091449853993254e-06,7.264384149971651e-21
6,0,0.0018378592264702855,0.0,2.9991335850354517e-06,1.8747596219116882e-20
6,0,0.0023575090698643164,0.0,2.9991335850354517e-06,6.256633887107419e-20
6,0,0.0025170327436888373,0.04,1.1096521120634861e-05,2.499974782128003e-19
6,0,0.0029401438567388375,0.02,3.623427983256988e-05,8.524970955856725e-19
6,0,0.003135671403430496,0.02,0.00013260966807138175,2.6825436245821717e-18
6,0,0.0034881056074394508,0.02,0.00011620332952588797,7.133760285431858e-18
6,0,0.0037455025714733187,0.02,0.00012641488865483552,1.8839174108515664e-17
6,0,0.004526959435203256,0.04,0.00019483933283481747,5.1080824809983014e-17
6,0,0.005808836298879645,0.06,0.00019483933283481747,9.905420999129012e-17
6,0,0.005559056908343726,0.06,0.00019483933283481747,1.7548731986519048e-16
6,0,0.005800034054645275,0.06,0.00022447457013186067,3.4615152824959657e-16
6,0,0.0065637649290784745,0.06,0.00022447457013186067,5.645212542631855e-16
6,0,0.0067876987987021496,0.06,0.00022447457013186067,9.372618614111438e-16
6,0,0.007282091578283032,0.06,0.00018415416707284749,1.3655351661909557e-15
6,0,0.007850730905478656,0.06,0.00018415416707284749,1.8181168342493084e-15
6,0,0.008623992559985841,0.04,0.00011948174505960196,2.713081681922835e-15
6,0,0.010114329121394377,0.04,0.00011083542631240562,4.307680920951837e-15
6,0,0.01268965187196696,0.04,0.00011083542631240562,6.553937334654409e-15
6,0,0.010438444557576795,0.06,2.3791571948095225e-05,2.2995781965234148e-15
6,0,0.00807111412246139,0.02,1.5019847523944918e-05,6.993253302088457e-16
6,0,0.008326537254439199,0.02,5.549960860662395e-06,4.691592675064218e-16
6,0,0.008831547298155922,0.0,1.828750328058959e-06,3.582611612497973e-16
6,0,0.00850433547381457,0.0,1.590950660101953e-06,2.4751358862976764e-16
6,0,0.008136835251981328,0.0,1.590950660101953e-06,1.6512131742180255e-16
6,0,0.00799151909405197,0.0,1.590950660101953e-06,1.130259853690253e-16
6,0,0.008020290724445264,0.0,1.590950660101953e-06,8.314326517737953e-17
6,0,0.008279714418949258,0.02,1.590950660101953e-06,6.750428411398657e-17
6,0,0.00724193293067857,0.02,1.590950660101953e-06,6.560509066245461e-17
6,0,0.006780532379633106,0.02,1.590950660101953e-06,7.77408361002324e-17
6,0,0.00682435977020998,0.02,1.590950660101953e-06,1.1564630826113608e-16
6,0,0.008442928791462795,0.02,1.590950660101953e-06,1.9935293637522342e-16
6,0,0.009603133616514596,0.02,1.4695070831294288e-06,3.8549316462490463e-16
6,0,0.01004135047224,0.04,1.5702831888120272e-06,8.141985091473754e-16
6,0,0.010743938902959532,0.04,1.5702831888120272e-06,1.8850692830156036e-15
6,0,0.012214093620318153,0.04,1.5702831888120272e-06,4.736606546980153e-15
6,0,0.01403642317385533,0.04,1.5162959243752994e-06,1.0201401389484197e-14
6,0,0.016162163420017958,0.04,1.4331257034427836e-06,2.2153635127536084e-14
6,0,0.018217122274701937,0.04,1.4331257034427836e-06,4.586011881661453e-14
6,0,0.020327411475160543,0.04,1.545391228319204e-06,9.32043003431908e-14
6,0,0.022493507419187125,0.04,3.292304427304771e-06,1.878373894143373e-13
6,0,0.024434451538314056,0.04,2.228665653092321e-05,3.564364244295487e-13
6,0,0.026331588207844387,0.06,2.228665653092321e-05,6.738286686437667e-13
6,0,0.029545123090227637,0.06,2.749363011389505e-05,1.4558431500263924e-12
6,0,0.03280804334691009,0.04,5.5716031056363136e-05,3.194126386996121e-12
6,0,0.03770906369771337,0.04,0.00010415789438411593,8.09349202240961e-12
6,0,0.043485601059760993,0.06,9.096246503759176e-05,2.0762795996387418e-11
6,0,0.05018414290122134,0.06,9.116140427067876e-05,5.1674234335941094e-11
6,0,0.05800544973491864,0.06,0.00011325425293762237,1.1628211588066151e-10
6,0,0.06916037193686386,0.08,0.0001230107736773789,2.7107813216353804e-10
6,0,0.07544546160957144,0.06,0.0002939498517662287,7.38551053647285e-10
6,0,0.0903673964100814,0.08,0.0002899329992942512,1.7685485298457593e-09
6,0,0.10288826712470495,0.08,0.00034305592998862267,3.596234865455017e-09
6,0,0.10109264373480785,0.1,0.0013939953641965985,7.074470786960774e-09
6,0,0.1052772002715382,0.1,0.0013939953641965985,1.0959037233249092e-08
6,0,0.10484234645256275,0.1,0.0013939953641965985,1.581792652416425e-08
6,0,0.10577898758680562,0.12,0.0013882562052458525,2.0645227749582773e-08
6,0,0.1119487750169963,0.12,0.001369767589494586,2.3331454102049065e-08
6,0,0.11786858100653957,0.12,0.0014763239305466413,2.324133596687261e-08
6,0,0.12276371641855471,0.12,0.00149162660818547,2.547580635336999e-08
6,0,0.11811142963819142,0.1,0.0026523100677877665,2.9523608446879734e-08
6,0,0.12203282639670973,0.1,0.004125866573303938,2.2611940764249994e-08
6,0,0.11887177738896174,0.06,0.003241257043555379,1.6157404303385192e-08
6,0,0.12331661185263915,0.06,0.0016574645414948463,1.1537006017192653e-08
6,0,0.12189851898844328,0.06,0.0011617899872362614,8.61954951858479e-09
6,0,0.1147956590553452,0.06,0.0011617899872362614,5.906997113669377e-09
6,0,0.1085060766249168,0.04,0.0008592820959165692,3.7913023831492865e-09
6,0,0.10543998925249085,0.04,0.0007449697004631162,2.3879722643727064e-09
6,0,0.106430681983387,0.04,0.00013472014688886702,1.5650848395054595e-09
6,0,0.10820183071600473,0.02,0.0001265987375518307,1.0635275993209348e-09
6,0,0.10949314505538472,0.02,0.0001273919187951833,7.838222293443664e-10
6,0,0.10960519817115161,0.02,0.00021414771617855877,6.631829529979427e-10
6,0,0.10707873800016957,0.02,7.182306580943987e-05,5.787552104230542e-10
6,0,0.10141897641223352,0.04,4.481946962187067e-05,4.949156084954609e-10
6,0,0.09859865178523447,0.04,1.4765895684831776e-05,4.379811513466336e-10
6,0,0.09663151411754087,0.04,1.2366410373942927e-05,3.808956483553061e-10
6,0,0.09507450267442488,0.04,1.1385476682335138e-05,3.3188363168790147e-10
6,0,0.09328652044655365,0.04,8.939193321566563e-06,3.0435962083963375e-10
6,0,0.09416685781210384,0.04,1.057761073752772e-05,2.8626642722962004e-10
6,0,0.08464849825372717,0.06,1.2281906492717098e-05,2.8420993336553124e-10
6,0,0.07917839351233556,0.06,2.0027348000439815e-05,2.8799373996690747e-10
6,0,0.07342923273488648,0.06,5.035638969275169e-05,3.278475546597548e-10
6,0,0.06780865762931518,0.06,8.309523400384933e-05,4.134740883010579e-10
6,0,0.07045052213956926,0.04,8.980889833765104e-05,5.271696412734173e-10
6,0,0.07194840427953964,0.04,0.0001055846078088507,7.956919567675413e-10
6,0,0.07590375107150774,0.04,0.0001265186001546681,1.1893284135311433e-09
6,0,0.08118918530245126,0.06,0.00018014769011642784,1.8719328309657612e-09
6,0,0.08715506172427266,0.06,0.00018014769011642784,3.100077083928454e-09
6,0,0.09543819464933954,0.06,0.0003591256681829691,4.836421485521214e-09
6,0,0.10441005487382517,0.06,0.00023356257588602602,7.483055064483324e-09
6,0,0.11317833063399607,0.06,0.00025368068600073457,1.2006407423825749e-08
6,0,0.12291834973764672,0.06,0.00034047153894789517,1.8977097226979822e-08
6,0,0.13436920618590467,0.06,0.000335819146130234,3.3401772014940434e-08
6,0,0.15316759118775877,0.08,0.000335819146130234,4.748146054112112e-08
6,0,0.16968900157788197,0.06,0.0013464443618431687,6.329457136189376e-08
6,0,0.1813884621068051,0.04,0.0011924805585294962,7.501893861672215e-08
6,0,0.18959000130095563,0.04,0.0011924805585294962,7.964687398498427e-08
6,0,0.19713474336272474,0.06,0.0013464443618431687,7.955168257467449e-08
6,0,0.20602838688801242,0.06,0.0012951393146067858,7.676633373421282e-08
6,0,0.21645394577343804,0.08,0.0012240875512361526,7.098911680714082e-08
6,0,0.21491732544198883,0.1,0.0013181982794776559,7.343153640704259e-08
6,0,0.2164707406957821,0.1,0.0018501871963962913,7.067986018682859e-08
6,0,0.2160187404471129,0.1,0.0018501871963962913,6.523528384150268e-08
6,0,0.21682098526697205,0.1,0.0016042657662183046,5.222064203280752e-08
6,0,0.21562925634225558,0.1,0.0004942055093124509,3.800470338433115e-08
6,0,0.2194959426439246,0.1,0.000541923800483346,2.2492574913712815e-08
6,0,0.2201413359900831,0.1,0.00046432853559963405,1.2806106397533767e-08
6,0,0.22222876449717366,0.08,0.00016767927445471287,7.0246000127838215e-09
6,0,0.22408544974970235,0.04,3.336552981636487e-05,3.440569162904694e-09
6,0,0.19051466353072583,0.04,3.283623664174229e-05,2.9787232680433817e-09
6,0,0.1603156879266705,0.04,3.048501275770832e-05,2.4914146301568962e-09
6,0,0.1369773868777602,0.06,4.38777387898881e-05,2.1815345085940407e-09
6,0,0.1196053748521155,0.02,4.6481043682433665e-05,1.921913961311361e-09
6,0,0.10158321175699624,0.02,2.194913395214826e-05,1.8017523029101312e-09
6,0,0.0969493980088248,0.02,2.002599103434477e-05,1.4945428228330115e-09
6,0,0.09369214056186168,0.02,2.002599103434477e-05,1.246474479188464e-09
6,0,0.09632710978046377,0.02,2.0296663933550008e-05,1.0519454196611377e-09
6,0,0.10080496670189001,0.02,2.0296663933550008e-05,1.0887567514217267e-09
6,0,0.10456447495592791,0.02,2.0296663933550008e-05,1.500008894872451e-09
6,0,0.09957469303209844,0.02,2.0577961549861357e-05,3.211860111207443e-09
6,0,0.11032486212896456,0.08,2.3709353627054952e-05,6.353185089125191e-09
6,0,0.12611651097323123,0.06,1.7615051547181793e-05,1.1221619189427656e-08
6,0,0.1238845357825026,0.04,1.7615051547181793e-05,1.9549940333263294e-08
6,0,0.1265863868530932,0.02,3.595187081373297e-05,3.138225324050836e-08
6,0,0.12828039287201606,0.04,0.00011578512203413993,4.3244408942655355e-08
6,0,0.13189900813457595,0.04,0.00022461009211838245,5.818948878300034e-08
6,0,0.1440321759321814,0.04,0.00022461009211838245,8.5017809681176e-08
6,0,0.14213888556795648,0.04,0.00022461009211838245,1.3173617219308653e-07
6,0,0.16302625739630103,0.06,0.0002364243846386671,1.8901295106843463e-07
6,0,0.17514601355363088,0.06,0.00022461009211838245,2.8625913728319574e-07
6,0,0.17931424863041723,0.06,0.0003773393982555717,4.4146094069219544e-07
6,0,0.18086608321114564,0.06,0.0003773393982555717,6.898898163854028e-07
6,0,0.18855250578931085,0.06,0.00041231888462789357,9.917617944665835e-07
6,0,0.1977206098748902,0.06,0.00035328007652424276,1.3810142718284624e-06
6,0,0.21005045227935984,0.06,0.00043750909389927983,1.8471758949090145e-06
6,0,0.22435170070852617,0.06,0.0006762319826520979,2.3462980607291684e-06
6,0,0.23085610456323824,0.06,0.0010366914793848991,2.9467237254721113e-06
6,0,0.2411461427179561,0.06,0.0008747164392843843,3.779831331485184e-06
6,0,0.2569709031678905,0.06,0.0009547548252157867,4.7508824536635075e-06
6,0,0.2616586271995046,0.04,0.001004935591481626,6.164681508380454e-06
6,0,0.2653521541825188,0.04,0.0009547548252157867,8.227122634707484e-06
6,0,0.2695368957805542,0.04,0.0004149267915636301,9.973969099519309e-06
6,0,0.27241124095825375,0.04,7.609058229718357e-05,1.0616155122988857e-05
6,0,0.2707465792817348,0.04,7.077061309246346e-05,1.0368742550781462e-05
6,0,0.2665528992932363,0.04,7.077061309246346e-05,8.959616934589576e-06
6,0,0.26406700055933396,0.0,7.449369149981067e-05,6.965922693780158e-06
6,0,0.25526785340846353,0.0,6.96302522555925e-05,5.083679297968047e-06
6,0,0.22476905281177698,0.0,5.930890256422572e-05,3.371488219272578e-06
6,0,0.22794671406097214,0.0,9.736353968037292e-05,1.9447516024229117e-06
6,0,0.25257948590686463,0.02,9.38872472033836e-05,8.615754722995916e-07
6,0,0.2374052211367222,0.02,6.90784800099209e-05,4.2542791334199137e-07
6,0,0.18309105713412147,0.04,7.110763544915244e-05,2.995327008648019e-07
6,0,0.1712587471409896,0.06,5.178098217584193e-05,1.979822599196268e-07
6,0,0.17585326802347453,0.06,6.845164898550138e-05,1.1147469791694675e-07
6,0,0.20332527020169802,0.06,7.24298442946747e-05,7.388560163690272e-08
6,0,0.1813663755133073,0.06,3.542655394994654e-05,6.075936909155644e-08
6,0,0.18221702843825993,0.02,3.542655394994654e-05,5.138456771192068e-08
6,0,0.1840480615077362,0.02,1.2257906746526714e-05,4.629723804328023e-08
6,0,0.18818848357596674,0.02,1.2257906746526714e-05,4.3869647470273776e-08
6,0,0.1945347941052281,0.02,1.6168434740393423e-05,4.309241319333523e-08
6,0,0.2121289311639495,0.02,1.916545443236828e-05,4.038602341438491e-08
6,0,0.2202497912390893,0.02,1.916545443236828e-05,3.934295378371644e-08
6,0,0.2269338012818375,0.04,3.205616303603165e-05,3.569666162661633e-08
6,0,0.22663173945829085,0.02,3.0008222893229686e-05,3.3575126678897504e-08
6,0,0.2294010915080206,0.02,1.7382211808580905e-05,3.168526419017326e-08
6,0,0.24023667542960497,0.02,1.6236885130638257e-05,2.9344127128183572e-08
6,0,0.24804375487490657,0.02,1.8383574570179917e-05,2.9128933931588108e-08
6,0,0.25047270643782726,0.02,1.8383574570179917e-05,2.9715407023900298e-08
6,0,0.24078554190480497,0.02,1.8383574570179917e-05,3.285283156628793e-08
6,0,0.23438950925891708,0.02,1.9765580873354338e-05,3.6948001991277124e-08
6,0,0.24102822777603813,0.02,2.1468500563059933e-05,3.9481346192360434e-08
6,0,0.2434334153006265,0.04,2.1468500563059933e-05,4.4192137949039534e-08
6,0,0.25272385489495414,0.06,6.632171425735578e-05,4.478253501360996e-08
6,0,0.23790587245191916,0.06,7.858155731810257e-05,4.499340988672884e-08
6,0,0.20694694545938294,0.04,7.758240826660767e-05,4.156038002633977e-08
6,0,0.20281126057642004,0.04,2.9576716769952327e-05,3.660659686488543e-08
6,0,0.20915420686159342,0.04,2.9576716769952327e-05,2.882688221461649e-08
6,0,0.23774044549573367,0.02,2.9576716769952327e-05,2.0713661896820668e-08
6,0,0.2478423377489986,0.04,2.9576716769952327e-05,1.619319256462859e-08
6,0,0.257697914325963,0.04,2.7508735001902096e-05,1.4172608864271297e-08
6,0,0.2729312319803266,0.04,2.3329408577410504e-05,1.1565735924534692e-08
6,0,0.28945530093971283,0.04,2.3329408577410504e-05,9.362056907491478e-09
6,0,0.2757465330860208,0.04,1.538707329018507e-05,8.375637960966742e-09
6,0,0.2477856137156691,0.04,1.438246363250073e-05,6.835840338226262e-09
6,0,0.2227678215407065,0.0,1.438246363250073e-05,4.949018084232648e-09
6,0,0.21271820285328322,0.0,1.2894945029984228e-05,3.1990574633766755e-09
6,0,0.20107792440666653,0.0,2.032903466897551e-05,2.279253452641683e-09
6,0,0.18976250737700553,0.02,2.032903466897551e-05,1.6601178209896261e-09
6,0,0.18588897166009444,0.02,2.032903466897551e-05,9.74299974032533e-10
6,0,0.17036480364875314,0.02,2.032903466897551e-05,6.563573573536985e-10
6,0,0.1534170283976331,0.02,1.2322535440034699e-05,3.639790413512145e-10
6,0,0.15433394262501723,0.02,1.3212865269451868e-05,2.021802864016209e-10
6,0,0.1433137917791254,0.02,1.079768844647333e-05,1.5138736098041505e-10
6,0,0.13901846401104265,0.02,1.094733761419775e-05,1.0857513499384908e-10
6,0,0.14008148440759582,0.0,1.024794255499728e-05,7.503887095028361e-11
6,0,0.14011206470790313,0.0,7.3133846854034346e-06,4.2346896822476054e-11
6,0,0.1322187272930586,0.0,6.319045041891513e-06,2.8167444071636183e-11
6,0,0.12269783777977904,0.0,5.1618440011225175e-06,1.891974771295324e-11
6,0,0.10503972333320102,0.0,5.1618440011225175e-06,1.1615946919618647e-11
6,0,0.07438056030637662,0.0,3.7512068047362845e-06,6.9495073758141235e-12
6,0,0.06588250583810341,0.0,3.7512068047362845e-06,3.5033009479490396e-12
6,0,0.0652224338171461,0.0,4.46548165200511e-06,1.659241645989018e-12
6,0,0.07406745447628425,0.02,3.930604179913644e-06,9.128262382085417e-13
6,0,0.07625423091687461,0.04,3.930604179913644e-06,6.489274178775317e-13
6,0,0.08088619094249834,0.04,4.305164111428894e-06,5.344104607625522e-13
6,0,0.0863075356606098,0.02,3.045819994440535e-06,4.840730138781779e-13
6,0,0.09732300038915691,0.02,3.045819994440535e-06,3.9693641711198435e-13
6,0,0.10266725334636706,0.02,3.045819994440535e-06,4.232028410437044e-13
6,0,0.11093511939386139,0.04,3.258568767705583e-06,4.4409688058043295e-13
6,0,0.11547781476150257,0.04,3.258568767705583e-06,5.71100241750222e-13
6,0,0.12109424425663819,0.04,3.503539574012393e-06,8.398705992826438e-13
6,0,0.12621358924034445,0.06,3.1987226520868717e-06,1.4888757544559428e-12
6,0,0.1390468821682393,0.08,3.1987226520868717e-06,2.7188308028558428e-12
6,0,0.155025785335888,0.08,3.1987226520868717e-06,5.153109709776782e-12
6,0,0.17053358437975583,0.1,3.1987226520868717e-06,1.0350944060211198e-11
6,0,0.18580450945617713,0.1,3.1987226520868717e-06,2.1596153684799724e-11
6,0,0.20249635926573092,0.1,5.095604592497693e-06,4.3901889068553857e-11
6,0,0.22451266136310277,0.1,5.095604592497693e-06,8.259062184157173e-11
6,0,0.24721705420316445,0.08,8.311535566463135e-06,1.456461201643222e-10
6,0,0.26222559256595335,0.08,8.311535566463135e-06,2.516903907512358e-10
6,0,0.27256814606906477,0.1,1.0632802514010109e-05,4.328380431850576e-10
6,0,0.28600139034593214,0.1,1.378974957333412e-05,7.497781284726557e-10
6,0,0.30175320932552024,0.1,2.127741572621744e-05,1.2354846035123046e-09
6,0,0.3079493465237581,0.06,2.098655932059046e-05,1.948730954381972e-09
6,0,0.3149142080435141,0.06,2.098655932059046e-05,2.641873164677122e-09
6,0,0.3328937450827653,0.06,2.098655932059046e-05,2.787050146224601e-09
6,0,0.3240751827106641,0.04,1.951918238773942e-05,2.9821567437693375e-09
6,0,0.3204110206229987,0.04,1.951918238773942e-05,3.3638056784468517e-09
6,0,0.3220838914980319,0.04,1.951918238773942e-05,3.3587408410085118e-09
6,0,0.3027586771349298,0.06,1.951918238773942e-05,3.491871902738808e-09
6,0,0.28342705919709305,0.06,1.8244792954646982e-05,4.0303427262244895e-09
6,0,0.28337826253383275,0.06,1.738489663694054e-05,4.017020049928988e-09
6,0,0.2838000145900144,0.06,1.738489663694054e-05,4.44162084889399e-09
6,0,0.2804437716120685,0.06,1.738489663694054e-05,5.47340528456175e-09
6,0,0.28929059079764713,0.06,1.9253900973126292e-05,6.097248927972032e-09
6,0,0.29735831308532323,0.06,1.8997134247911163e-05,7.173416083361417e-09
6,0,0.3073684239099104,0.06,1.8997134247911163e-05,8.169703136218232e-09
6,0,0.31517365210840914,0.06,2.3246304408530705e-05,8.632712322764746e-09
6,0,0.31775874969785683,0.06,2.098549884976819e-05,8.787627514550422e-09
6,0,0.3181614031157137,0.06,2.1276340703479946e-05,8.370975024263316e-09
6,0,0.31728183718328706,0.04,1.991706812987104e-05,7.1309358418147895e-09
6,0,0.31487513243046666,0.04,1.264614093088312e-05,5.394265478742e-09
6,0,0.3103082864753066,0.04,1.1141554750793148e-05,3.702022022267215e-09
6,0,0.3021824262878488,0.04,9.73694295680616e-06,2.3476252053455937e-09
6,0,0.2886872509597839,0.06,5.969491212454159e-06,1.4005617776646773e-09
6,0,0.2682913979754328,0.06,5.969491212454159e-06,8.17652667794988e-10
6,0,0.23958688294109076,0.04,5.969491212454159e-06,4.942194431478697e-10
6,0,0.23168969560347136,0.04,4.146139872318599e-06,3.497022671439254e-10
6,0,0.222925742211402,0.04,4.146139872318599e-06,2.929918807570431e-10
6,0,0.24080931700525043,0.04,4.146139872318599e-06,2.393241993470241e-10
6,0,0.2773577134778263,0.04,4.368513145891484e-06,2.0629814523331902e-10
6,0,0.2826617075607104,0.08,4.368513145891484e-06,2.1183828302628882e-10
6,0,0.28291149730927573,0.08,4.368513145891484e-06,2.66311528385188e-10
6,0,0.280245067138685,0.1,1.88170433830237e-05,3.7676337050207565e-10
6,0,0.290611170136043,0.1,0.00012623939255718142,5.065101671419825e-10
6,0,0.2985837030179896,0.12,0.00021188354003243148,7.39307892683172e-10
6,0,0.31743250415417856,0.12,0.00023352561402134597,1.034059393667519e-09
6,0,0.33846242974327573,0.12,0.00023352561402134597,1.50594292591677e-09
6,0,0.370813744270986,0.12,0.0002922026615124196,2.1997559329633987e-09
6,0,0.3915794694400236,0.16,0.0002922026615124196,3.784828450648092e-09
6,0,0.4093935255477325,0.14,0.0003195068275090307,6.811138320017562e-09
6,0,0.4256603450531942,0.14,0.0005210498929955065,1.2291412332388063e-08
6,0,0.43286926160809824,0.14,0.0005210498929955065,2.4143805177345712e-08
6,0,0.45398264636903773,0.12,0.0006704121478833258,4.3275598216041544e-08
6,0,0.4741581318965065,0.12,0.000728132261428982,7.82787736852697e-08
6,0,0.49585444712103266,0.18,0.0008659405284561217,1.28965112367041e-07
6,0,0.5004353437962613,0.18,0.0010337879648432136,2.200788031814227e-07
6,0,0.5093173136390913,0.16,0.0011042640544474125,3.646145501079445e-07
6,0,0.5310107285321758,0.16,0.0010635462822392583,5.435335310721712e-07
6,0,0.5439560381811828,0.16,0.0010635462822392583,7.277959639395704e-07
6,0,0.5540686139061322,0.16,0.0010635462822392583,8.446460242339526e-07
6,0,0.5594929364991336,0.16,0.0009267177083529532,8.864004712449969e-07
6,0,0.5677511408580629,0.16,0.0008475685608573258,8.394848123316478e-07
6,0,0.5674808803075855,0.14,0.0004899199120700359,7.825493071322853e-07
6,0,0.5616211714678487,0.1,0.0002334924356546253,7.49958985579724e-07
6,0,0.558920075185704,0.08,0.00010615813516778871,7.110077717698005e-07
6,0,0.5469846987188103,0.06,0.0001792703551473096,6.892730084473442e-07
6,0,0.523160390374104,0.08,0.0001792703551473096,7.148137797230447e-07
6,0,0.51624591771056,0.1,0.0016744477907195687,7.410747002722928e-07
6,0,0.5143505080883296,0.1,0.0016744477907195687,7.732723474873637e-07
6,0,0.5187772908928857,0.1,0.0016744477907195687,7.464070677087875e-07
6,0,0.5187702806267964,0.1,0.0015574479475617409,7.099541790012154e-07
6,0,0.510236273176362,0.1,0.0004520718939602375,6.449877218983602e-07
6,0,0.49736839657978477,0.12,0.0005270506953820586,5.206966875448416e-07
6,0,0.48087647399733513,0.1,0.0003347081074025482,3.758189563995984e-07
6,0,0.4630158831095559,0.1,0.00029489665757864714,2.232371230093122e-07
6,0,0.44242657500955385,0.1,0.0002771451836451888,1.190087317581856e-07
6,0,0.436949046225597,0.08,0.00019776496628765017,5.5942994237057064e-08
6,0,0.4079665345549771,0.1,0.00017205318727064878,3.0507827375458874e-08
6,0,0.37753466001850483,0.1,0.000124154074001126,1.739504007503001e-08
6,0,0.35572819360425223,0.1,0.0001230835187016055,1.1653112252929532e-08
6,0,0.3186383529443684,0.1,0.00014147826004773378,1.5483446746955565e-09
6,0,0.3162902118940836,0.1,0.00014147826004773378,1.5030532374282757e-09
6,0,0.3151204591127256,0.1,0.00014147826004773378,1.5372274564384725e-09
6,0,0.3226549726320183,0.12,0.00014147826004773378,1.5856068680264457e-09
6,0,0.3452443247857345,0.14,0.00014389661373570561,1.7331975854517623e-09
6,0,0.3592623518139994,0.14,0.00022403175535146147,2.1254624726907423e-09
6,0,0.36571621645511593,0.12,0.00022026692749932408,2.6124793439663563e-09
6,0,0.37410275343488797,0.14,0.00022026692749932408,3.2990457032866516e-09
6,0,0.39696808682184404,0.14,0.00031045181094668806,4.414391963081243e-09
6,0,0.4194522154818667,0.14,0.000339460646500811,6.6295560152696e-09
6,0,0.42893909529945806,0.12,0.0005366271361708641,9.976794501653785e-09
6,0,0.4340288727412603,0.14,0.0005366271361708641,1.941827143525643e-08
6,0,0.4390152158404666,0.14,0.0006863964372314513,3.501504153291535e-08
6,0,0.44989720608670136,0.14,0.0008648434304632246,5.4979537367216835e-08
6,0,0.46802447773980593,0.16,0.0010324788745492697,7.64203917924533e-08
6,0,0.4908391708523004,0.16,0.000626581662800163,9.229422914813767e-08
6,0,0.5080601964414605,0.16,0.0012521871831268072,1.0858460086637933e-07
6,0,0.5197188204955978,0.16,0.0012521871831268072,1.290145661414499e-07
6,0,0.5286359735675351,0.18,0.0011100813280791044,1.43468170676897e-07
6,0,0.5311760124223787,0.16,0.0011100813280791044,1.4573009821106098e-07
6,0,0.5275600178263995,0.18,0.0007866653031669557,1.3107612062412954e-07
6,0,0.5209022616009314,0.18,0.0008193228859454393,1.0843889697298437e-07
6,0,0.5132644264835573,0.18,0.0012483062455430627,8.686297547910726e-08
6,0,0.503312815512471,0.18,0.0006689346628263593,6.766455129536553e-08
6,0,0.4897115801171452,0.16,0.0006107707158662379,5.021473725719261e-08
6,0,0.4989385354051751,0.16,0.0005585906910710037,3.285019900545194e-08
6,0,0.5005598588224561,0.16,0.0004341168387327343,2.9701356041300642e-08
6,0,0.48789435076332754,0.16,0.0004341168387327343,2.5451328156123054e-08
6,0,0.48643644536989844,0.16,0.00047017456381581724,2.3481952382553573e-08
6,0,0.48864833831676247,0.16,0.0007684669108130038,2.2170061342308145e-08
6,0,0.47512802698425166,0.16,0.0007626499864272773,1.8880914609553656e-08
6,0,0.45872873490620036,0.14,0.0004525927361100912,1.540107419373271e-08
6,0,0.43707840185764235,0.14,0.0005689971148967743,1.1174992486928659e-08
6,0,0.41011667389799683,0.14,0.00041960226371884346,7.3907564512865065e-09
6,0,0.36694735284763336,0.12,0.00026216357946395874,4.262366459784062e-09
6,0,0.3289778038590062,0.12,0.00022173496836330742,2.447088087720317e-09
6,0,0.30303389511091006,0.12,0.0001371626422042027,1.5601641090157159e-09
6,0,0.2682282792925317,0.12,0.0001371626422042027,1.0206505640653063e-09
6,0,0.23603633003310945,0.12,0.00011382763477740809,7.235854693199428e-10
6,0,0.2151166863046526,0.14,0.00012067414354532957,5.738209907235614e-10
6,0,0.2212835782316231,0.14,0.0001426793896825984,6.111241512840593e-10
6,0,0.22736764870376402,0.14,0.00012067414354532957,7.362851439651763e-10
6,0,0.23299771107187994,0.14,0.0001426793896825984,9.070672546407366e-10
6,0,0.24108559215377842,0.14,0.0001426793896825984,1.0554384033412134e-09
6,0,0.2665009001803718,0.14,0.0001426793896825984,1.4046521723543037e-09
6,0,0.2792892585554563,0.12,0.0001664425217313692,1.891991008307059e-09
6,0,0.29311218055912364,0.12,0.0001664425217313692,2.7237399002899565e-09
6,0,0.3158637509193986,0.1,0.00028452338301576674,4.187042268455343e-09
6,0,0.34517397130490546,0.14,0.00028452338301576674,6.951943909427882e-09
6,0,0.3871703706836678,0.16,0.00045538382255472243,1.3238952156768846e-08
6,0,0.41802631994141703,0.16,0.0005824918043799698,2.426948064737644e-08
6,0,0.4446420445618042,0.14,0.0012222984805703163,3.964804662359711e-08
6,0,0.4747770478527067,0.16,0.0018421103013679385,6.253044659842999e-08
6,0,0.5047582048006405,0.18,0.0013781249290332198,9.352458363309779e-08
6,0,0.5295600109444022,0.18,0.001035486813634634,1.287063611243866e-07
6,0,0.542793078404381,0.22,0.001738638267852366,1.6204910480155377e-07
6,0,0.5411440558944796,0.18,0.001738638267852366,1.8398290535515116e-07
6,0,0.5291108473032593,0.18,0.002647683722898364,1.8960349734697957e-07
6,0,0.5146046177996119,0.18,0.002647683722898364,1.8243522958982794e-07
6,0,0.5066291271253364,0.16,0.004512053914368153,1.7487847969732684e-07
6,0,0.504125033697076,0.16,0.004512053914368153,1.6169219918538147e-07
6,0,0.5085792703158767,0.16,0.004512053914368153,1.8388624312137836e-07
6,0,0.5030590309618047,0.18,0.004512053914368153,1.4359436306676798e-07
6,0,0.4893230114972132,0.14,0.004127953667193651,1.4749039678463305e-07
6,0,0.4789800242174407,0.18,0.004180897958576679,1.4787447355502081e-07
6,0,0.4757185264781376,0.18,0.004180897958576679,1.452327182960289e-07
6,0,0.4692815245629672,0.14,0.006802684161812067,1.5775496819969703e-07
6,0,0.454917938560072,0.22,0.007494627498090267,1.5576635803427052e-07
6,0,0.435648443252788,0.24,0.007494627498090267,1.5423907484546362e-07
6,0,0.419223736754866,0.18,0.00247638369910419,1.2126086801345082e-07
6,0,0.3947145543805893,0.14,0.00247638369910419,8.56099546808764e-08
6,0,0.35732417732070226,0.12,0.002156276721507311,5.402463543191516e-08
6,0,0.3324659570560336,0.1,0.0016105981776490808,3.926888325622713e-08
6,0,0.3146669201306165,0.1,0.0011731028789654374,2.6015460008466107e-08
6,0,0.3017362275324707,0.12,0.0008135103853419423,1.7545486841186175e-08
6,0,0.2793120283487238,0.14,0.0006085580680519342,1.1022471824162494e-08
6,0,0.2560837305915511,0.14,0.0006085580680519342,7.57334284173794e-09
6,0,0.23413854518291108,0.12,0.0006085580680519342,5.641949574197724e-09
6,0,0.20743476314354067,0.12,0.00032731768442317843,3.5920395546895634e-09
6,0,0.18750298579711516,0.16,0.0002919078106060624,2.5483961607619676e-09
6,0,0.17380641281167256,0.14,0.0002809851721394807,1.8437128490589316e-09
6,0,0.1649998109656248,0.12,0.0002809851721394807,1.7035853838720527e-09
6,0,0.16243887089928705,0.12,0.0002809851721394807,1.7202477220479295e-09
6,0,0.16622593330441102,0.12,0.0005224363994784653,2.0999069150207106e-09
6,0,0.17936487409583513,0.12,0.0005427399883046746,2.7467470520292636e-09
6,0,0.18694780938353733,0.12,0.0005427399883046746,3.3581579739205836e-09
6,0,0.19390862215084162,0.12,0.0005427399883046746,4.506561346317994e-09
6,0,0.20123097963091863,0.12,0.000715763948392123,6.851386569195483e-09
6,0,0.21837887461314132,0.12,0.000715763948392123,7.939429558234679e-09
6,0,0.2514169341228246,0.14,0.0008025476709008217,1.3914559282568462e-08
6,0,0.2677650279278525,0.14,0.0007705788011662662,2.2222049977926872e-08
6,0,0.26925272031173425,0.16,0.001131718629039824,2.8781281358192246e-08
6,0,0.286093976548189,0.16,0.0010919017950072885,3.7170376998574284e-08
6,0,0.3116178267933652,0.16,0.0010919017950072885,5.0102613613489666e-08
6,0,0.31361449820465537,0.16,0.0011518164537847042,5.535919456178817e-08
6,0,0.29878208605212664,0.16,0.0010273032821714878,5.3740571104299306e-08
6,0,0.30231062096911804,0.16,0.0014231441309675574,6.690596165981333e-08
6,0,0.31013965456839715,0.16,0.0014231441309675574,8.043186028316995e-08
6,0,0.31940572239494436,0.18,0.002285212278366089,9.181471938290997e-08
6,0,0.3466676013928687,0.18,0.0026550728362053633,1.276634833402568e-07
6,0,0.35848581933954793,0.18,0.0035102369729429483,1.7311492683802499e-07
6,0,0.351853976256697,0.16,0.0035102369729429483,1.9483292135191732e-07
6,0,0.3439263750297314,0.18,0.0035102369729429483,2.2991810055827955e-07
6,0,0.339550231017463,0.18,0.007308788597583771,2.7528326995707175e-07
6,0,0.33604115543400315,0.18,0.007308788597583771,3.215187973637512e-07
6,0,0.3301500303548762,0.18,0.007308788597583771,3.4693064776547544e-07
6,0,0.31927834769978153,0.2,0.007308788597583771,3.2731719556977623e-07
6,0,0.29880544634171835,0.2,0.004796241410076618,2.618864698433754e-07
6,0,0.26439564891033074,0.18,0.0029576735105365515,1.7566543419889058e-07
6,0,0.21836867641557164,0.16,0.0016802168684080243,1.1195647431350153e-07
6,0,0.18222209896533306,0.16,0.001855512848123908,7.22303710176675e-08
6,0,0.19860462418142424,0.16,0.0016149099683389068,4.048296631253834e-08
6,0,0.19356842283812264,0.16,0.0016149099683389068,3.211084020904309e-08
6,0,0.17978122755772213,0.16,0.0016289365012198687,2.168211743480697e-08
6,0,0.18445530126155668,0.16,0.0016289365012198687,1.5320591018053165e-08
6,0,0.14961144699973666,0.22,0.0016289365012198687,1.0664614968902697e-08
6,0,0.12993630277462934,0.18,0.0015995671274140477,5.56969270704144e-09
6,0,0.14176044747754427,0.18,0.0015995671274140477,3.5645415508156475e-09
6,0,0.13001294004515968,0.18,0.000997913652099669,2.8943611951604e-09
6,0,0.1266522067766763,0.18,0.000997913652099669,2.109895591573263e-09
6,0,0.125474182993473,0.18,0.000997913652099669,1.5292555000101515e-09
6,0,0.11972184183123924,0.18,0.0009284335537813604,1.3118293118452584e-09
6,0,0.11986685737630987,0.18,0.000945492007303983,1.0853729026649717e-09
6,0,0.12482225652118643,0.16,0.0005712871206924319,8.622966229943074e-10
6,0,0.11735668176274283,0.14,0.0005110099446028471,6.08211203623199e-10
6,0,0.07707965319663941,0.12,0.0005110099446028471,5.044815676313874e-10
6,0,0.045985950265246274,0.1,0.0003830483474303037,4.716252943737231e-10
6,0,0.09132661739120548,0.12,0.00023336312733590603,1.0675190731390671e-09
6,0,0.1797380233511178,0.18,0.0009808358736336231,2.9419768843297334e-09
6,0,0.22892886067646165,0.2,0.0009808358736336231,3.334535758625634e-09
6,0,0.2414010311869962,0.2,0.001888431143015623,4.2170653635764666e-09
6,0,0.26160226378766016,0.18,0.0022965020034462214,5.406254555140322e-09
6,0,0.2695346850374596,0.16,0.0022965020034462214,6.240055139272727e-09
6,0,0.2588157130610364,0.16,0.0031798328272998333,7.3203980655023315e-09
6,0,0.258067758002781,0.18,0.0019159566145390272,9.426759817188213e-09
6,0,0.15941833611806508,0.16,0.001544623402878642,4.0416745505922336e-09
6,0,0.16622951914827658,0.14,0.0017388476990163326,4.9229766929670404e-09
6,0,0.17119428506729176,0.14,0.0016231385525316,6.135841168486422e-09
6,0,0.19226285079405006,0.14,0.003522258484736085,7.260743117853963e-09
6,0,0.2700906891318706,0.16,0.004990171175450087,1.512755076760186e-08
6,0,0.2658486439031305,0.16,0.005750469863414764,1.954565220785298e-08
6,0,0.2614961100800935,0.16,0.00883401744067669,2.1919673187653643e-08
6,0,0.2595716123219689,0.18,0.005476718302816153,2.317719172140187e-08
6,0,0.25517650470793096,0.14,0.0004737443814519793,2.1580456532888093e-08
6,0,0.24965728647728186,0.16,0.0003496803401503712,1.762111523362364e-08
6,0,0.24109809112217945,0.14,0.0001841634657466784,1.1915040509791197e-08
6,0,0.23289600845274344,0.16,8.812030137050897e-05,7.079168362622568e-09
6,0,0.22641898412778286,0.18,7.593965710839257e-05,4.253879026805407e-09
6,0,0.2134489879574503,0.18,7.593965710839257e-05,2.355088124517124e-09
6,0,0.20139761651339844,0.18,0.00018083160102833062,1.3630464534841735e-09
6,0,0.18954733844123556,0.2,0.00018083160102833062,8.43199177147369e-10
6,0,0.18482307974942438,0.2,0.00018083160102833062,5.839634331650245e-10
6,0,0.18705757156086902,0.2,0.00013137735368218273,4.3155207185563427e-10
6,0,0.18907721976287506,0.18,6.193391891429201e-05,3.256556968533886e-10
6,0,0.19026316209132813,0.12,6.193391891429201e-05,2.748710425937162e-10
6,0,0.1853437229027326,0.04,3.9956517866812646e-05,2.2046021952437656e-10
6,0,0.1757678562415141,0.06,3.9956517866812646e-05,1.799766169430228e-10
6,0,0.14054866904518773,0.1,1.511717800894985e-05,1.5707064815462246e-10
6,0,0.1160544627554361,0.08,1.4109613402979448e-05,1.338386068638897e-10
6,0,0.1067117464932718,0.08,1.4109613402979448e-05,1.1091844803745587e-10
6,0,0.1199214927504227,0.08,1.3137439964339137e-05,9.348164603517617e-11
6,0,0.15080675578049993,0.06,1.6503778169862926e-05,8.885560343063759e-11
6,0,0.16114787519371077,0.06,1.6503778169862926e-05,9.714695714535537e-11
6,0,0.15673641728812082,0.08,1.556574716232717e-05,1.1575831959653726e-10
6,0,0.14577073221248762,0.08,1.556574716232717e-05,1.3739692716896457e-10
6,0,0.16456071398493455,0.08,2.4201604901463725e-05,1.212530631455877e-10
6,0,0.19052440757747022,0.06,2.287415372848045e-05,8.528909523075612e-11
6,0,0.1527547253403308,0.1,5.515013981494121e-05,8.443350879572264e-11
6,0,0.12737601759212153,0.08,9.799412509892136e-05,7.421742387325736e-11
6,0,0.1348765505272234,0.06,0.00011819557403214276,6.466360780166269e-11
6,0,0.1755410643667078,0.06,0.000177949303179048,7.13460193701998e-11
6,0,0.19063321047248818,0.06,0.000177949303179048,9.125155492339942e-11
6,0,0.20039952579936526,0.04,0.00027342094108462334,1.192325821408602e-10
6,0,0.20126709070287216,0.04,0.00020156630489509553,1.516110292865136e-10
6,0,0.19756141207504552,0.04,0.00020156630489509553,1.8964085857220425e-10
6,0,0.19353784712277522,0.08,0.00020156630489509553,2.4162946643535577e-10
6,0,0.1897738511570613,0.08,0.0002322871732758358,3.093743872195631e-10
6,0,0.18394448983224185,0.08,0.00039275101153180003,3.8375566613346734e-10
6,0,0.17852134138042858,0.08,0.0002548411430325359,4.798122454907627e-10
6,0,0.18062407509739373,0.08,0.0002548411430325359,4.697534583542051e-10
6,0,0.18556295413810225,0.06,0.0002548411430325359,4.10477929424502e-10
6,0,0.19255297374603553,0.06,0.0002548411430325359,2.957774580814032e-10
6,0,0.19457141591790464,0.06,0.00034862171742133796,1.8942829249635196e-10
6,0,0.17035114748517108,0.06,0.0001373662962578237,1.2828364759354116e-10
6,0,0.1482700943135946,0.06,5.004159174859524e-05,9.666104028305256e-11
6,0,0.12100048690044393,0.06,4.6061151806497946e-05,5.782671910758985e-11
6,0,0.09296372444401296,0.06,2.5952949727070518e-05,3.34177789607093e-11
6,0,0.09132749210173502,0.06,2.5952949727070518e-05,2.0239627682161476e-11
6,0,0.09140132385674105,0.06,2.5952949727070518e-05,1.3996121969728215e-11
6,0,0.09682261643311368,0.04,1.9595297999330796e-05,9.711265645806488e-12
6,0,0.10619129136437583,0.04,1.9595297999330796e-05,6.955169946920581e-12
6,0,0.09619994429301351,0.04,2.9649745556525886e-05,5.5111089303228056e-12
6,0,0.08892537581630423,0.06,2.9649745556525886e-05,4.953647301381148e-12
6,0,0.08402459147853238,0.04,2.7386524379835464e-05,5.242993105641913e-12
6,0,0.08240921047949543,0.04,1.7057480363291688e-05,6.055146835326486e-12
6,0,0.0806354347459457,0.02,1.7057480363291688e-05,7.924712101814446e-12
6,0,0.07194994034647571,0.02,1.7870615920401178e-05,8.749765668947251e-12
6,0,0.06401000892430107,0.04,1.7870615920401178e-05,9.40071111232843e-12
6,0,0.05994802932401276,0.04,2.173552638851106e-05,9.97238402966616e-12
6,0,0.056295160376468784,0.04,2.173552638851106e-05,1.087450442194271e-11
6,0,0.050408272725811484,0.04,1.9121895093121566e-05,1.2485549920338013e-11
6,0,0.04450069298586896,0.02,3.3067895856220275e-05,1.464768063785815e-11
6,0,0.040793066792041366,0.02,7.020457996986806e-05,1.831548628039581e-11
6,0,0.03786920778527775,0.02,9.73144342424348e-05,2.2090588039369585e-11
6,0,0.03616309210794939,0.02,9.73144342424348e-05,2.569698620558114e-11
6,0,0.03599522671859476,0.02,9.73144342424348e-05,3.192970540744078e-11
6,0,0.036453019209980696,0.02,0.00025749034830369055,4.1262934041830235e-11
6,0,0.037600781971012916,0.02,0.00029702307074330747,5.633083235978553e-11
6,0,0.03911084643989193,0.04,0.0003240497608203441,7.794255518778215e-11
6,0,0.04003782094680122,0.04,0.0003240497608203441,1.070532273939051e-10
6,0,0.04156491085514263,0.04,0.0004527806886471808,1.5977832945601733e-10
6,0,0.043685969033584085,0.04,0.00048808925203047693,2.596937664911536e-10
6,0,0.045923940730996704,0.04,0.000390681903809309,4.387093743840609e-10
6,0,0.04609337145393613,0.04,0.0005711925914511085,7.319472805633609e-10
6,0,0.04485907995864914,0.04,0.0006801507552154362,1.2380158009861475e-09
6,0,0.04268851200080013,0.04,0.0005790973664261401,1.9891646108050054e-09
6,0,0.04109853113896758,0.04,0.0006801507552154362,3.079051458243498e-09
6,0,0.04872505043942485,0.04,0.00046522263437509537,4.407888276602989e-09
6,0,0.05923463543339725,0.04,0.0005812041345052421,5.727278651335155e-09
6,0,0.07318317605419372,0.04,0.0005812041345052421,6.600020530100892e-09
6,0,0.09069253193989092,0.04,0.0005812041345052421,6.348812142675797e-09
6,0,0.11277776934002207,0.04,0.0005812041345052421,5.017048998467999e-09
6,0,0.11600445004309753,0.04,0.0005812041345052421,4.054785396334637e-09
6,0,0.12248154620960613,0.04,0.0005358114140108228,3.3881197847307476e-09
6,0,0.134313214194839,0.06,0.0006644714158028364,3.521501756864609e-09
6,0,0.14002434181461923,0.12,0.001113603007979691,4.661371733050146e-09
6,0,0.11569612774710825,0.12,0.0012603902723640203,6.578102507148742e-09
6,0,0.09482842126892137,0.12,0.001351364771835506,6.606620139848474e-09
6,0,0.09145280395755387,0.12,0.0015444204909726977,5.89993698341118e-09
6,0,0.1250958112617342,0.08,0.0003733198391273618,6.667434160334551e-09
6,0,0.17262226330191038,0.08,0.0003733198391273618,8.271162421635836e-09
6,0,0.17559663675012685,0.08,0.0003733198391273618,1.0635201164177488e-08
6,0,0.17779588963175438,0.08,0.00038982770638540387,1.3593421499535907e-08
6,0,0.16166584702563483,0.08,0.000547169940546155,1.9294187580953803e-08
6,0,0.13845589298181332,0.14,0.0014689469244331121,2.7949031533580637e-08
6,0,0.15927378600672593,0.14,0.0015697687631472945,3.315625463073957e-08
6,0,0.15821109652621237,0.14,0.001371297286823392,3.9648121230584366e-08
6,0,0.1555948247710644,0.14,0.0011802157387137413,4.295143796184675e-08
6,0,0.15299575491303624,0.12,0.0026139437686651945,4.4931233844636154e-08
6,0,0.14922512060338863,0.12,0.0026139437686651945,4.430641453723183e-08
6,0,0.14392408553679067,0.12,0.0026139437686651945,3.862130881771009e-08
6,0,0.13958079834613252,0.12,0.002503489376977086,3.1478890605285414e-08
6,0,0.13702377482279043,0.12,0.002865355461835861,2.4813143539859084e-08
6,0,0.1381409345295619,0.12,0.002865355461835861,1.8881275209992054e-08
6,0,0.13581056659637153,0.12,0.002317732432857156,1.4188485941701856e-08
6,0,0.12926446942914777,0.12,0.0021908809430897236,1.1267430544137369e-08
6,0,0.12816841800578746,0.12,0.0019140307558700442,9.820919188996413e-09
6,0,0.12595551404592303,0.12,0.0019140307558700442,8.641212190241276e-09
6,0,0.12335795387121255,0.12,0.0021530615631490946,8.015629937574431e-09
6,0,0.1240471281773868,0.12,0.001574645284563303,7.702325000025212e-09
6,0,0.1258700619451292,0.12,0.0015627287793904543,7.94721710661861e-09
6,0,0.12927231736811823,0.12,0.0014447729336097836,8.550498087345204e-09
6,0,0.1253743322417854,0.1,0.0010710111819207668,9.472829631818058e-09
6,0,0.11095547725441893,0.1,0.0010757691925391555,1.0941910488782014e-08
6,0,0.10915267117791645,0.06,0.0010871232952922583,1.2539648430731631e-08
6,0,0.11761403490325216,0.06,0.0008943446446210146,1.578901986931669e-08
6,0,0.1142471857936629,0.06,0.0007694733212701976,1.9875805890023912e-08
6,0,0.11507199028395915,0.04,0.0008446692954748869,2.412088306869009e-08
6,0,0.11922604510117765,0.04,0.0004328135692048818,2.6090345883744703e-08
6,0,0.09850790299122186,0.04,0.0003997883468400687,2.366801865605339e-08
6,0,0.06897267373379377,0.04,0.0006936087738722563,2.441876212344596e-08
6,0,0.06768962363028384,0.04,0.0008783578523434699,2.055901404673932e-08
6,0,0.07761479139530844,0.04,0.0008783578523434699,1.9599186273921987e-08
6,0,0.09557279165981897,0.04,0.000827204086817801,1.976601993192162e-08
6,0,0.09181133180867126,0.04,0.0007818025769665837,3.511683743795402e-08
6,0,0.08995153317306702,0.04,0.0007818025769665837,3.240938539761373e-08
6,0,0.08773243655167384,0.04,0.0007818025769665837,3.949415017245883e-08
6,0,0.08535948961455259,0.04,0.0007818025769665837,4.205308457017054e-08
6,0,0.08284807483136995,0.04,0.0007818025769665837,4.163099021070593e-08
6,0,0.08034325755833462,0.04,0.0007818025769665837,4.0126192146772155e-08
6,0,0.07864462996510277,0.04,0.0007818025769665837,3.608473519989275e-08
6,0,0.07950861362023917,0.04,0.0007818025769665837,2.7290347759389988e-08
6,0,0.08133693050616106,0.04,0.0007818025769665837,2.1590750520772417e-08
6,0,0.07791562537191848,0.04,0.0007818025769665837,2.1148322204567194e-08
6,0,0.07000572295830369,0.04,0.000827204086817801,2.5038300321966744e-08
6,0,0.06876430718521051,0.04,0.0006324385176412761,2.6615236237148565e-08
6,0,0.07205910209788986,0.04,0.0006324385176412761,3.7144580744552513e-08
6,0,0.07506639272553615,0.04,0.0005662573967128992,3.660820269146825e-08
6,0,0.07598999642674463,0.04,0.0011977821122854948,4.266875208713827e-08
6,0,0.07550006630305452,0.04,0.0011977821122854948,5.2347591150692097e-08
6,0,0.07597057925915761,0.04,0.0011280456092208624,5.505425093588201e-08
6,0,0.07899546955164748,0.04,0.0011280456092208624,5.603077468663287e-08
6,0,0.08465516552983997,0.04,0.0011280456092208624,4.3161509921674224e-08
6,0,0.0878855531128461,0.04,0.0012690448202192783,4.220141391897414e-08
6,0,0.08504111116071252,0.04,0.0012690448202192783,4.273896436757241e-08
6,0,0.07914037907550567,0.04,0.0013474860461428761,4.9179949002109424e-08
6,0,0.06977963601913215,0.04,0.0013474860461428761,4.8935731911115e-08
6,0,0.061165309008550404,0.04,0.0013474860461428761,5.195973784566377e-08
6,0,0.0577124739670025,0.04,0.0013474860461428761,5.2573227549146395e-08
6,0,0.05734353665894163,0.04,0.001588674378581345,4.531326780465861e-08
6,0,0.055774168191873495,0.04,0.001588674378581345,2.9603397067035075e-08
6,0,0.0532340603175241,0.04,0.0017435885965824127,1.7265795904108927e-08
6,0,0.049511794927386964,0.04,0.0020673659164458513,1.0001543593318729e-08
6,0,0.04715090361178272,0.04,0.0020673659164458513,5.788669987794037e-09
6,0,0.045854482845181545,0.04,0.002215666463598609,2.8744238100841812e-09
6,0,0.04294080270745577,0.04,0.0008345449459739029,1.3693474132381311e-09
6,0,0.04119263979421057,0.04,0.0008345449459739029,6.65660471188545e-10
6,0,0.03889719563386944,0.04,0.0007887408137321472,3.2306105013368835e-10
6,0,0.03627081782214069,0.04,0.00094435183564201,1.5297975386463492e-10
6,0,0.03590360124441484,0.06,0.00094435183564201,7.852495043092489e-11
6,0,0.03141233290617101,0.06,0.0005697503802366555,3.8596136703317185e-11
6,0,0.026229540282613307,0.04,0.00043813034426420927,1.96676477187685e-11
6,0,0.02488782988195171,0.04,0.00043813034426420927,1.1961519448544511e-11
6,0,0.02255696732860562,0.04,0.00035760810715146363,7.1398668227695694e-12
6,0,0.01852523618832967,0.04,0.0002594311663415283,3.882833291002363e-12
6,0,0.016234283695675627,0.04,0.0002594311663415283,2.2755926917111813e-12
6,0,0.014980702852340972,0.04,0.0001509732537670061,1.3441769398936376e-12
6,0,0.013514686934699972,0.04,0.0001509732537670061,7.698314099906234e-13
6,0,0.012113057107551157,0.04,0.0001509732537670061,4.3999588586300653e-13
6,0,0.010733973405547072,0.04,0.0001509732537670061,2.5206713886311016e-13
6,0,0.0090704882743224,0.04,8.966155292000622e-05,1.4607991194719866e-13
6,0,0.007427235029215457,0.04,8.966155292000622e-05,8.918231008282068e-14
6,0,0.006309628965440532,0.02,8.598031126894057e-05,6.074447314510095e-14
6,0,0.0057471169558930375,0.02,8.598031126894057e-05,4.7965656376240326e-14
6,0,0.005592199810415359,0.02,8.598031126894057e-05,4.6220155253042655e-14
6,0,0.005758535726875721,0.0,9.023305756272748e-05,5.267263879292321e-14
6,0,0.006185505331336004,0.0,0.00012163928477093577,6.591134701829787e-14
6,0,0.0067131328472745996,0.0,0.00012163928477093577,8.49378212078658e-14
6,0,0.007024680108470981,0.0,0.00012163928477093577,9.954718120782843e-14
6,0,0.007108788501333128,0.0,0.00013694529479835182,1.0721960564405789e-13
6,0,0.007312428042850654,0.0,0.00018877279944717884,1.0881733339927757e-13
6,0,0.007846909005162935,0.0,0.00018877279944717884,9.82070598887913e-14
6,0,0.00853610437988238,0.0,0.00017407147970516235,7.666222122176478e-14
6,0,0.008948381094489933,0.0,0.000207374308956787,5.587202114810605e-14
6,0,0.008961966037262757,0.0,0.000207374308956787,4.090406466772563e-14
6,0,0.008809621198518995,0.0,0.000207374308956787,3.1963232109905385e-14
6,0,0.008700122319442493,0.0,0.000207374308956787,2.8093145350164064e-14
6,0,0.008920442175629465,0.0,0.000207374308956787,2.5727943064293886e-14
6,0,0.008276995905557707,0.0,0.000207374308956787,2.338091979953768e-14
6,0,0.0076344013394112845,0.0,0.000207374308956787,2.265763328367955e-14
6,0,0.007600421611422841,0.0,0.000207374308956787,2.220134849345492e-14
6,0,0.007642050753220299,0.0,0.0001556075585540384,1.817694927138281e-14
6,0,0.007412997038596343,0.0,0.0001556075585540384,1.3339540721481712e-14
6,0,0.0072330464608761375,0.0,0.00013061726349405944,9.724892840610923e-15
6,0,0.005335596662230754,0.0,0.00014164901222102344,6.200647092134692e-15
6,0,0.003961254638600351,0.0,0.00014164901222102344,4.137396805367621e-15
6,0,0.0038942745011864345,0.0,0.0001285367034142837,3.1451771169980136e-15
6,0,0.0038602362874588713,0.0,0.0001285367034142837,1.9695159267580156e-15
6,0,0.0037724850565967433,0.0,0.0001285367034142837,1.1946722094664103e-15
6,0,0.003657649663308705,0.0,0.0001285367034142837,8.375193908280953e-16
6,0,0.003043234525149985,0.0,0.00011417049972806126,5.886237355959842e-16
6,0,0.0030346619445335834,0.0,0.00011417049972806126,5.508932352956927e-16
6,0,0.0035080986860269612,0.0,0.00011417049972806126,6.634454380796272e-16
6,0,0.003786341416807957,0.0,7.622645352967083e-05,9.396711407504903e-16
6,0,0.004232382029692587,0.0,6.668567220913246e-05,1.4618622940515565e-15
6,0,0.004731721119527478,0.0,8.887279545888305e-05,1.7636924262893778e-15
6,0,0.0050030334443132785,0.0,8.887279545888305e-05,1.5481569519266406e-15
6,0,0.005119717279093332,0.0,8.049418102018535e-05,1.163104456192545e-15
6,0,0.005130607920514538,0.0,0.00011095957597717643,8.29544840327492e-16
6,0,0.005062576585776643,0.0,0.00011095957597717643,5.835864835982221e-16
6,0,0.004927155792047735,0.0,6.868410127935931e-05,4.020669788944907e-16
6,0,0.0046543728854850095,0.0,4.272631849744357e-05,2.6535294953189046e-16
6,0,0.004458207659659245,0.0,4.272631849744357e-05,1.766856464924287e-16
6,0,0.004315304916585728,0.0,4.272631849744357e-05,1.1868812268873448e-16
6,0,0.004139697842605465,0.0,4.272631849744357e-05,8.020431893075822e-17
6,0,0.003984557078854633,0.0,4.272631849744357e-05,5.599804297469634e-17
6,0,0.0038722298135831076,0.0,4.272631849744357e-05,4.031588308332811e-17
6,0,0.0038385846627526947,0.0,4.272631849744357e-05,2.972751794767368e-17
6,0,0.00387543785425052,0.0,4.272631849744357e-05,2.2081421015980563e-17
6,0,0.0038506834095274585,0.0,4.272631849744357e-05,1.5937809985845093e-17
6,0,0.003824986878966477,0.0,4.272631849744357e-05,1.139615084438493e-17
6,0,0.00408120052106735,0.0,4.272631849744357e-05,8.739398918097315e-18
6,0,0.004313893488224797,0.0,4.272631849744357e-05,7.167284261297407e-18
6,0,0.00426827259212207,0.0,4.272631849744357e-05,6.225476268179231e-18
6,0,0.003966000681336507,0.0,4.272631849744357e-05,4.940449945807184e-18
6,0,0.003707717342490775,0.0,4.272631849744357e-05,3.1261655501780357e-18
6,0,0.00356462605927778,0.0,3.682045644382015e-05,1.6627850256691422e-18
6,0,0.0034502101947514,0.0,3.986326919402927e-05,8.745363924289588e-19
6,0,0.0032441324142991165,0.0,3.420244320295751e-05,5.043272631850588e-19
6,0,0.002966652815293464,0.0,3.420244320295751e-05,3.0547133786729755e-19
6,0,0.002578030546853957,0.0,3.420244320295751e-05,1.8619456894944469e-19
6,0,0.0020766946356698466,0.0,3.420244320295751e-05,1.0538862615293774e-19
6,0,0.0016947237317068247,0.0,3.420244320295751e-05,5.887010815327513e-20
6,0,0.001551151817608132,0.0,3.420244320295751e-05,3.418975609225199e-20
6,0,0.0015954282759039836,0.0,3.0218752726796083e-05,2.4790808137780244e-20
6,0,0.0017272381256541606,0.0,3.0218752726796083e-05,2.5416200301722948e-20
6,0,0.0019108120020681404,0.0,2.115710776706692e-05,3.3929126344638164e-20
6,0,0.0020641852443597083,0.0,2.115710776706692e-05,4.6662024142417756e-20
6,0,0.0021780911484220087,0.0,2.115710776706692e-05,5.500290954261901e-20
6,0,0.0022585150398550056,0.0,1.954212893906515e-05,5.1252708521025135e-20
6,0,0.002251994797334628,0.0,1.954212893906515e-05,3.933280971193726e-20
6,0,0.0021344542894707287,0.0,2.1595113139483146e-05,2.750737105139382e-20
6,0,0.001981005307496362,0.0,2.1595113139483146e-05,1.9610172730186364e-20
6,0,0.0019018856187790253,0.0,2.1595113139483146e-05,1.537529718401183e-20
6,0,0.002022310639379308,0.0,2.1595113139483146e-05,1.47757350271658e-20
6,0,0.0023410299201473347,0.0,1.9946701286244206e-05,1.947895312758447e-20
6,0,0.0026446374158815007,0.0,1.9946701286244206e-05,3.6678577765536395e-20
6,0,0.0028960207050118653,0.0,1.929216887219809e-05,7.165718951235121e-20
6,0,0.0031187843787520587,0.0,1.929216887219809e-05,1.1714553806961e-19
6,0,0.003227159747116486,0.0,1.929216887219809e-05,1.425666077509545e-19
6,0,0.0032207992894329627,0.0,1.929216887219809e-05,1.3848582852119777e-19
6,0,0.0031106144645748767,0.0,1.929216887219809e-05,1.1888686958130775e-19
6,0,0.002934275453463725,0.0,1.929216887219809e-05,9.870741725951304e-20
6,0,0.002831270598069587,0.0,1.929216887219809e-05,8.533458862917285e-20
6,0,0.0027617607843025546,0.0,1.929216887219809e-05,7.742434444185921e-20
6,0,0.002844484352729096,0.0,1.929216887219809e-05,7.22357377273467e-20
6,0,0.0027346813690324635,0.0,1.929216887219809e-05,6.727077350860468e-20
6,0,0.0028029880198273327,0.0,1.929216887219809e-05,6.531856910184272e-20
6,0,0.003046749692852593,0.0,1.929216887219809e-05,6.234619896820998e-20
6,0,0.0031417974537074236,0.0,1.929216887219809e-05,5.55708659683647e-20
6,0,0.003102480507217454,0.0,1.929216887219809e-05,4.887900389337912e-20
6,0,0.0030437706456708127,0.0,1.929216887219809e-05,4.3687679761307404e-20
6,0,0.00297675862825661,0.0,1.929216887219809e-05,3.9565916317138094e-20
6,0,0.0029520372584264606,0.0,1.929216887219809e-05,3.5180721697264786e-20
6,0,0.0030075657458136385,0.0,1.539461845823098e-05,3.006309095671845e-20
6,0,0.003076341362917285,0.0,1.539461845823098e-05,2.5086958184119834e-20
6,0,0.003024098227808504,0.0,1.539461845823098e-05,2.1404382408776433e-20
6,0,0.0028387569178192876,0.0,1.539461845823098e-05,1.870687534540712e-20
6,0,0.0026196162523522298,0.0,1.539461845823098e-05,1.5951837224199887e-20
6,0,0.002478532642811309,0.0,1.539461845823098e-05,1.3267387336046693e-20
6,0,0.002503766344291411,0.0,1.539461845823098e-05,1.0477446878192412e-20
6,0,0.0025224466425650583,0.0,1.539461845823098e-05,7.168257523298607e-21
6,0,0.0023068135016753684,0.0,1.539461845823098e-05,4.313110757030069e-21
6,0,0.002061180706642798,0.0,1.539461845823098e-05,2.8336826814528154e-21
6,0,0.001964158630960459,0.0,1.539461845823098e-05,2.1076145994164168e-21
6,0,0.0019727156725330647,0.0,1.8476692275726236e-05,1.8306242047944424e-21
6,0,0.001987265481377728,0.0,1.8476692275726236e-05,1.741830122276961e-21
6,0,0.001986078962588172,0.0,1.8476692275726236e-05,1.7119560986357607e-21
6,0,0.001984201735066547,0.0,1.8476692275726236e-05,1.5325341412296343e-21
6,0,0.0020223065388419495,0.0,2.22064190893434e-05,1.2240074857540757e-21
6,0,0.002075863668992995,0.0,2.12500017369166e-05,9.19948130652122e-22
6,0,0.00207302231982183,0.0,1.8620325135998428e-05,7.039965364583327e-22
6,0,0.002027449820516292,0.0,1.8620325135998428e-05,6.001581570371412e-22
6,0,0.0019981462341992716,0.0,1.8620325135998428e-05,6.858441528316006e-22
6,0,0.001961498162524008,0.0,1.8620325135998428e-05,5.695617135116011e-22
6,0,0.0019344708844351512,0.0,1.8620325135998428e-05,6.561969677214183e-22
6,0,0.001947346205638794,0.0,7.818833182682283e-06,8.09013335232405e-22
6,0,0.0019597539613967338,0.0,8.92307889444055e-06,1.0417699638703579e-21
6,0,0.0020956736087224515,0.0,1.1810566320491489e-05,1.4831068684553231e-21
6,0,0.0024572825674122655,0.0,1.1810566320491489e-05,2.155571485950494e-21
6,0,0.0028619756790982586,0.0,1.1810566320491489e-05,2.668098530771067e-21
6,0,0.0030397341473339156,0.0,1.1810566320491489e-05,2.5741697084452915e-21
6,0,0.00283015232356202,0.0,1.1810566320491489e-05,2.0336574632914303e-21
6,0,0.002515894751617986,0.0,1.1810566320491489e-05,1.6876215193798947e-21
6,0,0.002411290805053549,0.0,1.1810566320491489e-05,1.766420772093549e-21
6,0,0.0025198607275312853,0.0,1.1810566320491489e-05,2.2529439322521616e-21
6,0,0.002854969634547865,0.0,9.324692655354738e-06,3.0839229921053626e-21
6,0,0.0033506090405272674,0.0,9.324692655354738e-06,3.9544160820793095e-21
6,0,0.003672795865825576,0.0,9.324692655354738e-06,4.369165976021175e-21
6,0,0.003819951097201594,0.0,8.92307889444055e-06,4.53910837494499e-21
6,0,0.003967738097133792,0.0,8.92307889444055e-06,4.699784977759148e-21
6,0,0.004362174533528275,0.0,8.92307889444055e-06,4.7002692500025325e-21
6,0,0.0049180495013948534,0.0,8.92307889444055e-06,4.374686437257686e-21
6,0,0.005343835455132349,0.0,8.92307889444055e-06,3.8073520125585475e-21
6,0,0.005540769886902213,0.0,8.92307889444055e-06,3.246083309753609e-21
6,0,0.005549144943633608,0.0,8.92307889444055e-06,2.558047562487785e-21
6,0,0.005417048150802283,0.0,7.818833182682283e-06,2.4738651734440004e-21
6,0,0.005030035772485705,0.0,7.818833182682283e-06,2.112782458760956e-21
6,0,0.00503120966885721,0.0,7.818833182682283e-06,1.6050408840051687e-21
6,0,0.004916187265499356,0.0,7.818833182682283e-06,1.0693223888001545e-21
6,0,0.004738342825174627,0.0,8.683083251526114e-06,7.09244720775685e-22
6,0,0.004812467451928793,0.0,8.683083251526114e-06,5.559965371160675e-22
6,0,0.005416847600569866,0.0,9.857215445663314e-06,5.570792834183632e-22
6,0,0.004952817937752653,0.0,9.857215445663314e-06,6.446868686472941e-22
6,0,0.0046589497253089465,0.0,1.2539319868665189e-05,6.701278726543869e-22
6,0,0.005141056836803318,0.0,9.40869540499989e-06,4.3474172449473e-22
6,0,0.004567189901077269,0.0,7.825420652807225e-06,1.5959371767234285e-22
6,0,0.0033239538296221177,0.0,4.161017841397552e-06,4.3466687106115537e-23
6,0,0.0024755043966601343,0.0,3.444403546382091e-06,1.3576089497296445e-23
6,0,0.0020428692304755407,0.0,3.444403546382091e-06,5.208831991095331e-24
6,0,0.001815917444502899,0.0,3.444403546382091e-06,2.624275766051831e-24
6,0,0.0017003229258904557,0.0,3.444403546382091e-06,1.8284509939747543e-24
6,0,0.001583426446240396,0.0,3.444403546382091e-06,1.5575270698759789e-24
6,0,0.001434767824895317,0.0,3.444403546382091e-06,1.4477541166860805e-24
6,0,0.0014368751802869256,0.0,4.6594768718932755e-06,1.8180114059702858e-24
6,0,0.0016073218990472955,0.0,5.637509730149759e-06,3.1248328595330774e-24
6,0,0.0017177060286158842,0.0,7.25726113159908e-06,6.129151438575541e-24
6,0,0.0017825523274381879,0.0,7.25726113159908e-06,1.3553630627324803e-23
6,0,0.002054254179654848,0.0,7.25726113159908e-06,3.72480208596114e-23
6,0,0.00253835532300404,0.0,1.0187995030719321e-05,1.114377352675624e-22
6,0,0.0025820292245144864,0.0,1.3340441000764258e-05,2.1317010850730344e-22
6,0,0.002550568419313932,0.0,1.2303699804760981e-05,3.883480447304388e-22
6,0,0.002588620258899497,0.0,1.2630002856894862e-05,7.332423491399385e-22
6,0,0.0027504522975716054,0.0,1.2630002856894862e-05,1.6895410388433509e-21
6,0,0.003107352487859988,0.0,1.3164353731554002e-05,4.546282793509824e-21
6,0,0.0038552308752778635,0.02,1.3164353731554002e-05,1.1523212390993279e-20
6,0,0.004571142258428467,0.0,1.3164353731554002e-05,2.825890664316373e-20
6,0,0.004903361481041701,0.0,1.8503265891922638e-05,6.358047522676127e-20
6,0,0.0053539481865036735,0.0,1.8503265891922638e-05,1.247878597489874e-19
6,0,0.006130454896511403,0.0,1.3435059372568503e-05,2.3748874959219684e-19
6,0,0.006929410625730202,0.0,1.1905806786671747e-05,4.2988242977196413e-19
6,0,0.007445465105473941,0.0,1.1905806786671747e-05,6.924885186643337e-19
6,0,0.007929533770984626,0.0,2.1777748770546168e-05,1.0698543111704659e-18
6,0,0.008461347743616981,0.0,2.6268633519066498e-05,1.6746633392654037e-18
6,0,0.00902394140277778,0.0,4.2438245145604014e-05,2.5545506596793915e-18
6,0,0.009479019094516416,0.0,3.757992453756742e-05,3.850210182030655e-18
6,0,0.009907243187995947,0.0,3.757992453756742e-05,5.630753673678612e-18
6,0,0.010428440502357987,0.0,3.757992453756742e-05,7.923720251961837e-18
6,0,0.01089732169515278,0.0,2.2773354430682957e-05,9.838647505925159e-18
6,0,0.011276823525603488,0.0,2.1726780687458813e-05,1.1309449081299572e-17
6,0,0.01129226622122324,0.02,5.018299361836398e-06,1.2087256110269922e-17
6,0,0.010850348223273245,0.02,5.018299361836398e-06,1.269103591888769e-17
6,0,0.010630817171848373,0.02,5.018299361836398e-06,1.3886473204246264e-17
6,0,0.010895527835747097,0.02,5.73631723455037e-06,1.467868062050055e-17
6,0,0.010749333374123444,0.0,5.73631723455037e-06,1.3429945606733347e-17
6,0,0.010145018884694643,0.0,5.73631723455037e-06,9.494855526916482e-18
6,0,0.0095079309862092,0.0,5.345975750969956e-06,6.093663796797987e-18
6,0,0.008836279999335235,0.0,4.744263151224004e-06,3.3429396034309792e-18
6,0,0.007865070156984613,0.0,5.039703410147922e-06,1.8403807031842773e-18
6,0,0.006840090080292938,0.0,4.225830707582645e-06,1.2633020779445672e-18
6,0,0.006726339439161605,0.0,4.225830707582645e-06,1.1977734502035757e-18
6,0,0.00734622291393713,0.0,4.181648364465218e-06,1.5808707771740879e-18
6,0,0.007605995897492865,0.0,4.181648364465218e-06,2.3842842159817826e-18
6,0,0.007792522275404371,0.0,4.181648364465218e-06,4.035355123406255e-18
6,0,0.008094804801729857,0.0,4.181648364465218e-06,7.396151901901029e-18
6,0,0.008856316578435603,0.0,4.181648364465218e-06,1.3931253453887434e-17
6,0,0.010860859894190543,0.0,4.181648364465218e-06,2.8064289346401054e-17
6,0,0.012423141659473023,0.0,4.181648364465218e-06,5.030673264914364e-17
6,0,0.012181526743200183,0.0,4.181648364465218e-06,7.988095748569899e-17
6,0,0.01201193475455518,0.0,6.203103112056851e-06,1.4143900413551136e-16
6,0,0.012688595655700597,0.0,7.231788003991824e-06,2.909200831793899e-16
6,0,0.01339857642944667,0.0,6.717532869515708e-06,6.127189112696129e-16
6,0,0.014390171732043803,0.0,6.717532869515708e-06,1.2364002288217093e-15
6,0,0.015636352418713424,0.0,6.717532869515708e-06,2.3520645931000275e-15
6,0,0.01657498167833402,0.0,6.717532869515708e-06,4.1847620407451346e-15
6,0,0.017234690586237927,0.0,6.788509836042067e-06,7.028773840489803e-15
6,0,0.017996168467284523,0.0,9.658341696194839e-06,1.1021302177372048e-14
6,0,0.019136798429994686,0.0,1.0093048331327736e-05,1.538625692511838e-14
6,0,0.02110813745115219,0.0,2.31805370276561e-05,1.7886132367404307e-14
6,0,0.023522744749275844,0.0,3.31756382365711e-05,2.2097634391261313e-14
6,0,0.025465202756641197,0.0,3.53524083038792e-05,2.458088596492443e-14
6,0,0.026506011418722334,0.0,3.53524083038792e-05,2.6704245097760454e-14
6,0,0.02713028064944251,0.0,2.9957785955048166e-05,2.6563984912024614e-14
6,0,0.029045394991636303,0.0,3.31756382365711e-05,2.4008904944434334e-14
6,0,0.029938686224525425,0.0,2.31805370276561e-05,2.0108612989793925e-14
6,0,0.030116707732294332,0.0,1.0093048331327736e-05,1.737333692707066e-14
6,0,0.031333005866528776,0.0,1.0093048331327736e-05,1.3421003268150947e-14
6,0,0.033716063765610454,0.0,1.1177046872035135e-05,1.1485242451373962e-14
6,0,0.032010700844673216,0.0,1.0695653145376127e-05,1.2125789941911345e-14
6,0,0.029547875145324424,0.0,6.184207450132817e-06,1.1267309344374903e-14
6,0,0.032263635406203965,0.0,7.517601261497475e-06,1.1298686832872992e-14
6,0,0.03700639786321079,0.0,7.439002729370259e-06,1.024425956254937e-14
6,0,0.03746754340302903,0.0,7.439002729370259e-06,7.20075583361679e-15
6,0,0.03828097870234089,0.0,7.439002729370259e-06,4.754201538876993e-15
6,0,0.040136825003214256,0.0,7.439002729370259e-06,2.98875300152972e-15
6,0,0.04043720069409674,0.0,7.439002729370259e-06,1.6693654608545996e-15
6,0,0.040016836125090494,0.0,7.439002729370259e-06,9.470880788740041e-16
6,0,0.042253225668150284,0.0,7.439002729370259e-06,5.120043645004716e-16
6,0,0.039918684715705005,0.0,7.439002729370259e-06,2.6652569311714364e-16
6,0,0.035521361677035304,0.0,7.439002729370259e-06,1.2839807164469435e-16
6,0,0.03170776059205841,0.0,7.439002729370259e-06,7.062794310011341e-17
6,0,0.029656529042723354,0.0,6.6115530898969155e-06,4.7391672069890415e-17
6,0,0.027401571316954042,0.0,5.451539891510038e-06,3.797960408740069e-17
6,0,0.025343425187828596,0.0,5.451539891510038e-06,3.1396239028213654e-17
6,0,0.025270951737195776,0.0,5.451539891510038e-06,2.3260431321554445e-17
6,0,0.026448669995769575,0.0,5.451539891510038e-06,1.8431852176921077e-17
6,0,0.027236618053151456,0.0,6.492151442216709e-06,1.5184372524901167e-17
6,0,0.026618708348668634,0.0,6.492151442216709e-06,1.338039417931897e-17
6,0,0.025507173361628062,0.0,6.492151442216709e-06,1.2128362850810745e-17
6,0,0.023481574971728512,0.0,6.492151442216709e-06,1.1183832606296657e-17
6,0,0.02123987409377456,0.0,6.492151442216709e-06,1.0455782145532596e-17
6,0,0.019653290673815545,0.0,6.492151442216709e-06,1.023721290355526e-17
6,0,0.01890152574821369,0.0,6.492151442216709e-06,1.2031500828261398e-17
6,0,0.018777671611658824,0.0,5.340640655049356e-06,1.1787588426676661e-17
6,0,0.018629014590890936,0.0,5.321098342392361e-06,1.1746157431335718e-17
6,0,0.01862365891390482,0.0,5.321098342392361e-06,1.0822306702135455e-17
6,0,0.018939996496787577,0.0,5.321098342392361e-06,8.834662000522597e-18
6,0,0.019580933633369303,0.0,5.321098342392361e-06,7.152643991635831e-18
6,0,0.02023201026950053,0.0,6.4683954406064e-06,6.429296466244441e-18
6,0,0.01944399536559194,0.0,6.4683954406064e-06,5.5059015135616955e-18
6,0,0.01738353370650101,0.0,5.321098342392361e-06,4.449792462630023e-18
6,0,0.015653909073549344,0.0,5.321098342392361e-06,3.990944209908589e-18
6,0,0.0146778728982248,0.0,5.321098342392361e-06,3.816256899427191e-18
6,0,0.01396790958593073,0.0,5.321098342392361e-06,3.7200826775571816e-18
6,0,0.013024160107112505,0.0,5.321098342392361e-06,3.7639195277097356e-18
6,0,0.012662082901415288,0.0,5.321098342392361e-06,3.780712948505787e-18
6,0,0.013168249283902568,0.0,5.321098342392361e-06,3.717784769815509e-18
6,0,0.014000284938147478,0.0,5.321098342392361e-06,3.663065117933901e-18
6,0,0.015116437531584053,0.0,5.321098342392361e-06,3.611257968989093e-18
6,0,0.016727746589146657,0.0,5.321098342392361e-06,3.7485732593953455e-18
6,0,0.018677318795054926,0.0,5.321098342392361e-06,4.186528170614609e-18
6,0,0.01999798787015811,0.0,5.321098342392361e-06,4.450845463549803e-18
6,0,0.020592098124395445,0.0,4.72922511107754e-06,4.690961933303534e-18
6,0,0.020577148796323105,0.0,4.72922511107754e-06,5.1603339913681736e-18
6,0,0.021088255867754344,0.0,4.72922511107754e-06,6.143776466257981e-18
6,0,0.022288131096083425,0.0,4.72922511107754e-06,7.26813660312171e-18
6,0,0.02296655094763297,0.0,4.72922511107754e-06,7.501770458414862e-18
6,0,0.02388870327349596,0.0,4.72922511107754e-06,6.6229671581936254e-18
6,0,0.024293493369432744,0.0,4.72922511107754e-06,5.512332429233989e-18
6,0,0.021765814753508174,0.0,4.72922511107754e-06,4.517539795569035e-18
6,0,0.022320897037790822,0.0,4.72922511107754e-06,4.214345013843848e-18
6,0,0.02865694553502575,0.0,5.7489073697070125e-06,4.198411033704239e-18
6,0,0.024757145056351102,0.0,5.7489073697070125e-06,2.8515682633851854e-18
6,0,0.016508899367063824,0.0,5.7489073697070125e-06,1.7435610736413236e-18
6,0,0.017908419397002384,0.0,5.7489073697070125e-06,1.5639498671661266e-18
6,0,0.02464179552242838,0.0,5.7489073697070125e-06,2.3237277709028474e-18
6,0,0.025733192786537764,0.0,5.7489073697070125e-06,2.890182708740386e-18
6,0,0.025673767117766644,0.0,5.7489073697070125e-06,3.4738405217771896e-18
6,0,0.024638257486474722,0.0,5.7489073697070125e-06,3.866179317346297e-18
6,0,0.02348480254136778,0.0,5.7489073697070125e-06,3.976461931744011e-18
6,0,0.02307517318444692,0.0,5.7489073697070125e-06,3.93140953968131e-18
6,0,0.02280935545309259,0.0,5.7489073697070125e-06,3.546777172289053e-18
6,0,0.021073561343775877,0.0,6.4683954406064e-06,2.805367744632261e-18
6,0,0.020012200294777877,0.0,6.4683954406064e-06,2.2407505953206624e-18
6,0,0.020296338275482523,0.0,6.4683954406064e-06,1.9301080861552013e-18
6,0,0.01918373694749415,0.0,6.4683954406064e-06,1.6512807011073313e-18
6,0,0.017566753332139137,0.0,6.4683954406064e-06,1.468287153107405e-18
6,0,0.017300195747771235,0.0,6.4683954406064e-06,1.4183055917745008e-18
6,0,0.017657804117627494,0.0,6.4683954406064e-06,1.3108680650936633e-18
6,0,0.01763445393478314,0.0,6.4683954406064e-06,9.995751851715824e-19
6,0,0.017137371618647895,0.0,6.4683954406064e-06,6.825409480153475e-19
6,0,0.016744114278178766,0.0,6.4683954406064e-06,4.677896615528259e-19
6,0,0.0167254625214379,0.0,6.963577561691636e-06,3.3283431743418685e-19
6,0,0.01701040775850887,0.0,5.827400855196174e-06,2.4627002142687736e-19
6,0,0.017258058598206536,0.0,5.827400855196174e-06,1.8598728265781773e-19
6,0,0.01716981300005377,0.0,2.811864078466897e-06,1.3987846463061322e-19
6,0,0.01735574342528066,0.0,2.811864078466897e-06,1.0365700755108894e-19
6,0,0.01756013472447973,0.0,2.811864078466897e-06,7.796018945773164e-20
6,0,0.017681996971914752,0.0,2.811864078466897e-06,6.093146162680288e-20
6,0,0.018311254832960353,0.0,2.811864078466897e-06,5.2734001590000076e-20
6,0,0.01952626503090537,0.0,2.811864078466897e-06,5.0042908407552315e-20
6,0,0.021725471648145783,0.0,2.9863501822546823e-06,5.3819440268254377e-20
6,0,0.02379281890348907,0.0,2.9863501822546823e-06,6.112445320346916e-20
6,0,0.025575978109730484,0.0,2.1554883460339624e-06,7.432375485093222e-20
6,0,0.026391993258706652,0.0,2.1554883460339624e-06,9.09356095025284e-20
6,0,0.025575261613161187,0.0,2.1554883460339624e-06,1.0803981756435262e-19
6,0,0.02439891627017073,0.0,2.1554883460339624e-06,1.289874686436162e-19
6,0,0.02447218897308262,0.0,2.1554883460339624e-06,1.581974132713657e-19
6,0,0.025542999550873892,0.0,2.1554883460339624e-06,1.9864362424367068e-19
6,0,0.02563763489960724,0.0,2.1554883460339624e-06,2.8908323557139697e-19
6,0,0.022977274742661195,0.0,2.1554883460339624e-06,2.5365263424330727e-19
6,0,0.019598729458813854,0.0,2.1554883460339624e-06,3.535536149655975e-19
6,0,0.01796720368051241,0.0,2.1554883460339624e-06,4.130733959418506e-19
6,0,0.016879169726288265,0.0,2.1554883460339624e-06,4.467564231295572e-19
6,0,0.015903270927383435,0.0,2.1554883460339624e-06,4.413040104231256e-19
6,0,0.01545053090663823,0.0,2.1554883460339624e-06,3.650104541903691e-19
6,0,0.014472216014344653,0.0,2.3205004708870547e-06,2.807133051457026e-19
6,0,0.013503652173376174,0.0,2.184918457714957e-06,2.2566446122969274e-19
6,0,0.013203044301956,0.0,2.184918457714957e-06,2.0111862618461177e-19
6,0,0.013611175091615005,0.0,2.184918457714957e-06,1.9677097780973012e-19
6,0,0.014067861925309346,0.0,2.184918457714957e-06,2.0056163636433094e-19
6,0,0.014138152502498717,0.0,2.811864078466897e-06,2.214702936325309e-19
6,0,0.014239194541513537,0.0,2.811864078466897e-06,2.5193613107468317e-19
6,0,0.0141692301550422,0.0,2.9863501822546823e-06,2.86075219123242e-19
6,0,0.01407048180675687,0.0,2.7739893084799405e-06,3.0219942495434405e-19
6,0,0.014559294876973744,0.0,2.7739893084799405e-06,2.922165181835654e-19
6,0,0.015424964418332564,0.0,2.7739893084799405e-06,2.7008602467774514e-19
6,0,0.016669245738400278,0.0,2.9863501822546823e-06,2.3384429521086477e-19
6,0,0.018585163154324104,0.0,2.811864078466897e-06,1.8196603458277068e-19
6,0,0.02050521213338077,0.0,2.811864078466897e-06,1.3555675612275335e-19
6,0,0.020703140904574494,0.0,2.811864078466897e-06,9.810042824861251e-20
6,0,0.019155766636503303,0.02,2.811864078466897e-06,7.847398494040071e-20
6,0,0.017942511455461316,0.0,2.811864078466897e-06,5.862694936492722e-20
6,0,0.018734014533292452,0.0,2.811864078466897e-06,4.8423566649160517e-20
6,0,0.02015619440880154,0.0,2.811864078466897e-06,3.8899935757630605e-20
6,0,0.020762381226287135,0.0,2.811864078466897e-06,2.884122563852972e-20
6,0,0.02084847056705041,0.0,2.811864078466897e-06,2.123927101927974e-20
6,0,0.02088641109379327,0.0,2.811864078466897e-06,1.6292976525456986e-20
6,0,0.021053719717717974,0.0,2.811864078466897e-06,1.3666678080601123e-20
6,0,0.021364033564308844,0.0,2.811864078466897e-06,1.2680322553474891e-20
6,0,0.021711559732075603,0.0,2.811864078466897e-06,1.3363031709960271e-20
6,0,0.021969215139741684,0.0,2.811864078466897e-06,1.5567757232511056e-20
6,0,0.02137356378255242,0.0,2.811864078466897e-06,1.9792648450198135e-20
6,0,0.020978472582134384,0.0,2.9863501822546823e-06,2.5852812724657432e-20
6,0,0.021111336158624774,0.0,2.9863501822546823e-06,3.2481534423276224e-20
6,0,0.021039369480101662,0.0,2.9863501822546823e-06,4.0691428018661467e-20
6,0,0.021211104422948893,0.0,2.9863501822546823e-06,1.440694172093786e-20
6,0,0.020247267492430304,0.0,2.9863501822546823e-06,4.311385552309142e-20
6,0,0.019371475559709042,0.0,2.9863501822546823e-06,4.9096898130127217e-20
6,0,0.01844264269276956,0.0,2.9863501822546823e-06,4.7898319884886415e-20
6,0,0.01733133161141177,0.0,2.9863501822546823e-06,6.61064263235568e-20
6,0,0.01649252073587562,0.0,2.9863501822546823e-06,5.98846064004802e-20
6,0,0.01569202540025388,0.0,2.9863501822546823e-06,5.449561518257673e-20
6,0,0.014876715627331127,0.0,3.1211609439196764e-06,4.756129871523361e-20
6,0,0.013983856024714528,0.0,3.1211609439196764e-06,3.9901341286702614e-20
6,0,0.013043527599190785,0.0,3.1211609439196764e-06,3.273379219836222e-20
6,0,0.011814697750048267,0.0,3.1211609439196764e-06,2.877353253761962e-20
6,0,0.011476600576841377,0.0,3.1211609439196764e-06,2.341306935732642e-20
6,0,0.010910271044648085,0.0,3.1211609439196764e-06,1.871130043856685e-20
6,0,0.009142404667001952,0.0,3.1211609439196764e-06,1.517299982545433e-20
6,0,0.008009256837631045,0.0,3.1211609439196764e-06,1.2837528875125447e-20
6,0,0.008650786565087118,0.0,3.1211609439196764e-06,1.1362578601238169e-20
6,0,0.01056554488306399,0.0,3.1211609439196764e-06,1.029170201761521e-20
6,0,0.010700797794497272,0.0,3.1211609439196764e-06,8.327767640467617e-21
6,0,0.010567583314896075,0.0,2.4252535695268307e-06,6.79277891751062e-21
6,0,0.01100810740345851,0.0,2.4252535695268307e-06,5.914334109612045e-21
6,0,0.01091461131791224,0.0,2.1554883460339624e-06,5.2909884906712e-21
6,0,0.011920329551970399,0.0,2.685987738004769e-06,5.016425515717899e-21
6,0,0.01265816377391916,0.0,2.685987738004769e-06,4.515172643762804e-21
6,0,0.01242322099058202,0.0,2.1554883460339624e-06,3.9181235327035454e-21
6,0,0.012255653211979347,0.0,2.1554883460339624e-06,3.70358123536149e-21
6,0,0.01340989825252803,0.0,2.685987738004769e-06,3.9172418260252235e-21
6,0,0.014994554613932612,0.0,2.685987738004769e-06,3.962449589102591e-21
6,0,0.015115734978223548,0.0,2.685987738004769e-06,3.2762885287572574e-21
6,0,0.015235646895223018,0.0,2.685987738004769e-06,2.8619493978441844e-21
6,0,0.01561737162288945,0.0,2.685987738004769e-06,2.8673040594510797e-21
6,0,0.01612900797582648,0.0,2.685987738004769e-06,3.3055639773653506e-21
6,0,0.017074068153186236,0.0,2.685987738004769e-06,4.317654191947359e-21
6,0,0.018992886557696605,0.0,2.685987738004769e-06,6.556868460838917e-21
6,0,0.020797405285693772,0.0,2.685987738004769e-06,9.27524729439099e-21
6,0,0.02042657889546206,0.0,2.685987738004769e-06,1.1036329358800592e-20
6,0,0.019870769171935036,0.0,2.685987738004769e-06,1.1902975533860348e-20
6,0,0.019454326768993356,0.0,2.685987738004769e-06,1.1200893064258895e-20
6,0,0.019907593565748016,0.0,2.685987738004769e-06,9.059592261410466e-21
6,0,0.018979843524669054,0.0,2.685987738004769e-06,6.5944946773937096e-21
6,0,0.016344950565455863,0.0,2.685987738004769e-06,4.851914316841447e-21
6,0,0.01297053903003244,0.0,2.685987738004769e-06,3.601828326494664e-21
6,0,0.011204344061195385,0.0,2.1554883460339624e-06,2.5381600887663503e-21
6,0,0.010903967405312997,0.0,2.1554883460339624e-06,1.898182202230472e-21
6,0,0.010868925749809103,0.0,2.1554883460339624e-06,1.4422385724195916e-21
6,0,0.01059614203672176,0.0,2.685987738004769e-06,1.151736315777502e-21
6,0,0.01041454054902558,0.0,2.685987738004769e-06,9.885503022476255e-22
6,0,0.010130737369257787,0.0,2.685987738004769e-06,9.139248179201868e-22
6,0,0.010078316666729335,0.0,2.1433370420709252e-06,9.098861530080428e-22
6,0,0.010756220144512153,0.0,2.1433370420709252e-06,9.611595370054139e-22
6,0,0.012014984152323266,0.0,2.1433370420709252e-06,1.045480361671734e-21
6,0,0.013295114838800574,0.0,2.1433370420709252e-06,1.1757386899289614e-21
6,0,0.014712827846956645,0.0,2.1433370420709252e-06,1.4851563417088618e-21
6,0,0.015973977562726675,0.0,2.1433370420709252e-06,1.7240936008759126e-21
6,0,0.016167851362544408,0.0,2.1433370420709252e-06,1.6775955895237405e-21
6,0,0.015969056255103104,0.0,2.1433370420709252e-06,1.6257209041899737e-21
6,0,0.01663625674187974,0.0,2.1433370420709252e-06,1.5142636682808343e-21
6,0,0.01724848588007994,0.0,2.1433370420709252e-06,1.5006809223752196e-21
6,0,0.018227138118602066,0.0,2.1433370420709252e-06,1.5769413808821576e-21
6,0,0.019589498256005314,0.0,2.1433370420709252e-06,1.7145115535847954e-21
6,0,0.020990897493157027,0.0,2.1433370420709252e-06,1.9415067965548954e-21
6,0,0.022533172446626386,0.0,2.1433370420709252e-06,2.2289227769002707e-21
6,0,0.023600220111926373,0.0,2.1433370420709252e-06,2.6957210317927962e-21
6,0,0.024029724165246933,0.0,2.1433370420709252e-06,3.4996521337987585e-21
6,0,0.024082202498582023,0.0,2.1433370420709252e-06,4.7710828574617474e-21
6,0,0.023511443673029764,0.0,2.1433370420709252e-06,6.898012608857418e-21
6,0,0.023395159812793574,0.0,2.1433370420709252e-06,1.0087215538491285e-20
6,0,0.023964800970466642,0.0,2.1433370420709252e-06,1.424730070947653e-20
6,0,0.023582524273623156,0.0,2.1433370420709252e-06,1.879170174787215e-20
6,0,0.022703997245287308,0.0,2.1433370420709252e-06,2.0860750262918633e-20
6,0,0.02175483345680823,0.0,2.1433370420709252e-06,1.9885583484488175e-20
6,0,0.020975827970412073,0.0,2.1433370420709252e-06,1.665951447204601e-20
6,0,0.020455438497280813,0.0,2.1433370420709252e-06,1.2247786256879218e-20
6,0,0.02015577484298815,0.0,2.1433370420709252e-06,8.054970098354877e-21
6,0,0.018949423161441496,0.0,2.1433370420709252e-06,5.278146996337454e-21
6,0,0.017511373583667382,0.0,2.4115813630487537e-06,3.3592717482509103e-21
6,0,0.016068228660870463,0.0,2.4115813630487537e-06,2.1366927444457833e-21
6,0,0.015172445633957634,0.0,2.4115813630487537e-06,1.3508376390873788e-21
6,0,0.014158689277824594,0.0,2.4115813630487537e-06,8.907331655873539e-22
6,0,0.013208056835712908,0.0,2.4115813630487537e-06,6.381319772612102e-22
6,0,0.012625168029830559,0.0,2.4115813630487537e-06,4.881094142886053e-22
6,0,0.012214351053979647,0.0,2.4115813630487537e-06,3.89355237090676e-22
6,0,0.011535376569033877,0.0,2.4115813630487537e-06,3.0938786439211924e-22
6,0,0.011186594292319803,0.0,2.4115813630487537e-06,2.273307802229703e-22
6,0,0.011437542630482814,0.0,2.4115813630487537e-06,1.5576357709644138e-22
6,0,0.011131798819982986,0.0,2.4115813630487537e-06,1.069693115560285e-22
6,0,0.010294131753572605,0.0,2.4115813630487537e-06,7.850112008946609e-23
6,0,0.010134914538849297,0.0,2.4115813630487537e-06,5.988977087718918e-23
6,0,0.010171746816421674,0.0,2.025033154495759e-06,4.3169576845660337e-23
6,0,0.009949105798483219,0.0,2.025033154495759e-06,3.4573331162474383e-23
6,0,0.009977594077121303,0.0,1.7997853092310834e-06,2.7336195000231986e-23
6,0,0.01074054626027038,0.0,1.7997853092310834e-06,2.0857057926876543e-23
6,0,0.012205484863348761,0.0,1.7997853092310834e-06,1.2606270211304975e-23
6,0,0.013883667069181538,0.0,1.6695294107194059e-06,1.2332955940055767e-23
6,0,0.01591027086144797,0.0,1.6695294107194059e-06,9.219250949666963e-24
6,0,0.01757487529345252,0.0,1.6695294107194059e-06,7.270971195328232e-24
6,0,0.018775885616306758,0.0,1.6695294107194059e-06,6.0865596550113005e-24
6,0,0.01922761325687272,0.0,1.6695294107194059e-06,5.43101782049445e-24
6,0,0.019860522360240034,0.0,1.7973394506043405e-06,4.961494120594146e-24
6,0,0.02056111800708972,0.0,1.6923246448641294e-06,4.794338044651887e-24
6,0,0.020442363264698483,0.0,1.6923246448641294e-06,4.935632499107833e-24
6,0,0.02032275618903151,0.0,1.6923246448641294e-06,5.2575413909795605e-24
6,0,0.020168192233804297,0.0,1.6923246448641294e-06,5.7236418289816584e-24
6,0,0.0199370753606489,0.0,1.6923246448641294e-06,6.370513687719677e-24
6,0,0.018804448557205318,0.0,1.6923246448641294e-06,6.89713395664852e-24
6,0,0.018212428778751108,0.0,1.6923246448641294e-06,8.681921499519292e-24
6,0,0.019846608231497857,0.0,1.6923246448641294e-06,1.1567015388435952e-23
6,0,0.022213231978827245,0.0,1.6923246448641294e-06,1.6843076472456933e-23
6,0,0.025061348393908264,0.0,1.7973394506043405e-06,2.4667947141247004e-23
6,0,0.02851840561352017,0.0,1.6695294107194059e-06,3.947314188230658e-23
6,0,0.035269429530274655,0.0,1.6695294107194059e-06,6.986429855675918e-23
6,0,0.044557954080136124,0.0,1.6695294107194059e-06,1.2719307983680266e-22
6,0,0.04959895874944833,0.0,1.8784755866363412e-06,2.382506093915975e-22
6,0,0.052338413223705325,0.0,2.638486193973222e-06,4.115957882290765e-22
6,0,0.05261866742718599,0.0,2.638486193973222e-06,7.139789464360676e-22
6,0,0.05202706422864992,0.0,2.638486193973222e-06,1.2387097325692821e-21
6,0,0.052047563842286135,0.0,2.638486193973222e-06,2.1695957920146407e-21
6,0,0.05252545954997229,0.0,2.7509324809216196e-06,3.756053889883189e-21
6,0,0.05350549724066742,0.0,2.7509324809216196e-06,6.334223186226823e-21
6,0,0.05620167977092851,0.0,2.3811228402337292e-06,1.0836377024967937e-20
6,0,0.054949195864974563,0.0,2.3811228402337292e-06,1.8260293134269383e-20
6,0,0.05024413964400712,0.0,2.3811228402337292e-06,2.8267960393462063e-20
6,0,0.049248554445244765,0.0,2.3811228402337292e-06,4.1026694660686866e-20
6,0,0.05135737045170953,0.0,2.7509324809216196e-06,6.179214305416431e-20
6,0,0.05280978819938201,0.0,3.4474139738449594e-06,1.0617630889124136e-19
6,0,0.05126964361080506,0.0,3.063952590309782e-06,1.8692259128606792e-19
6,0,0.050670900589189403,0.0,3.063952590309782e-06,3.1289678312982123e-19
6,0,0.05279057357116048,0.0,2.652063585628639e-06,4.920923313472104e-19
6,0,0.049475502285760635,0.0,3.1679878702561837e-06,7.062732250785884e-19
6,0,0.04633444734533548,0.0,3.1679878702561837e-06,9.041749975597698e-19
6,0,0.04648642079135752,0.0,3.1679878702561837e-06,1.186658314119971e-18
6,0,0.048794470044328284,0.0,3.50857544617611e-06,1.5884936601090703e-18
6,0,0.0525130237658102,0.0,4.515332420851337e-06,1.9982020077708728e-18
6,0,0.05654959610951619,0.0,4.515332420851337e-06,2.3882894245077643e-18
6,0,0.06088077789054444,0.0,4.515332420851337e-06,2.943770777544021e-18
6,0,0.06642070707277291,0.0,8.524978511559311e-06,3.917128266405582e-18
6,0,0.07603266768605459,0.0,8.524978511559311e-06,5.4791248499527414e-18
6,0,0.09084657470913406,0.0,7.229001766972942e-06,7.267914918717546e-18
6,0,0.10283972138708024,0.0,6.705820396746276e-06,8.603053910549587e-18
6,0,0.10957026541995739,0.0,6.705820396746276e-06,9.370286262569059e-18
6,0,0.11453855694451386,0.0,7.9650953921373e-06,9.95952258165692e-18
6,0,0.11942161478552486,0.0,8.906712537282147e-06,1.0880300334881548e-17
6,0,0.12730484276713733,0.0,8.906712537282147e-06,1.2070437874055494e-17
6,0,0.13484533586887484,0.0,8.906712537282147e-06,1.4500585325895432e-17
6,0,0.1543663382465692,0.0,8.006586540432181e-06,1.690788770357788e-17
6,0,0.18623805155673806,0.0,8.006586540432181e-06,1.6084211028099628e-17
6,0,0.17595519153054034,0.0,9.903763384500053e-06,1.7970705602867664e-17
6,0,0.15569312662267404,0.0,7.947719495859928e-06,2.6168275577143757e-17
6,0,0.18465568856042294,0.0,8.29928285384085e-06,2.6638833812206798e-17
6,0,0.1836060760466577,0.0,8.985415661300067e-06,2.952285361179336e-17
6,0,0.16482179688523807,0.0,8.985415661300067e-06,4.593726355989558e-17
6,0,0.18543461513775084,0.0,8.985415661300067e-06,5.3133691875715066e-17
6,0,0.20008956672915224,0.0,8.985415661300067e-06,5.544009972536197e-17
6,0,0.20365464774754605,0.0,8.985415661300067e-06,5.632454108863837e-17
6,0,0.2133501519473342,0.0,8.985415661300067e-06,5.652364015335743e-17
6,0,0.23243695244117885,0.0,8.985415661300067e-06,6.415114537360281e-17
6,0,0.2345559442192713,0.0,8.985415661300067e-06,4.5749268567719427e-17
6,0,0.25802484299862033,0.0,8.985415661300067e-06,3.160725611119838e-17
6,0,0.25373961374276816,0.0,8.985415661300067e-06,2.3063047829425817e-17
6,0,0.2558693124707491,0.0,7.977371751621831e-06,2.3620871964751977e-17
6,0,0.2573020945922185,0.0,7.977371751621831e-06,1.4148965736750166e-17
6,0,0.2459441813383325,0.0,7.977371751621831e-06,2.6192543401954838e-17
6,0,0.23684694681520554,0.0,7.977371751621831e-06,2.497451498688683e-17
6,0,0.2276741865784098,0.0,7.977371751621831e-06,2.4785171690312216e-17
6,0,0.22388449689563772,0.0,7.977371751621831e-06,2.5622127923344396e-17
6,0,0.224939101450792,0.0,7.977371751621831e-06,2.7645428245261352e-17
6,0,0.2317417963943076,0.0,7.977371751621831e-06,3.084599517602093e-17
6,0,0.2500173420958668,0.0,7.977371751621831e-06,3.6389170688755183e-17
6,0,0.28122848644762055,0.0,7.977371751621831e-06,4.6428251501727454e-17
6,0,0.3188882473302282,0.0,8.985415661300067e-06,5.258422557329814e-17
6,0,0.3461770780353945,0.0,8.985415661300067e-06,6.482345130570631e-17
6,0,0.34223635338949865,0.0,8.985415661300067e-06,7.981029640905226e-17
6,0,0.312939011702118,0.0,8.985415661300067e-06,9.192031983850209e-17
6,0,0.2896257850225721,0.0,6.3971965573728085e-06,1.0970159942673389e-16
6,0,0.2909614092043608,0.0,6.3971965573728085e-06,1.0994416186955894e-16
6,0,0.3060812704216462,0.0,9.421508366358466e-06,9.994389237092766e-17
6,0,0.32171326288149205,0.0,7.452948921127245e-06,8.031698754763284e-17
6,0,0.33168433815326076,0.0,6.616826794925146e-06,5.695500491663649e-17
6,0,0.32761372044028514,0.0,6.616826794925146e-06,3.785232415218593e-17
6,0,0.3086997266854378,0.0,4.185973466519499e-06,2.4224511979846224e-17
6,0,0.28381714708761363,0.0,3.4127072012779536e-06,1.5777087138464814e-17
6,0,0.26145860037892044,0.0,3.4127072012779536e-06,9.936791658423963e-18
6,0,0.2355839113773565,0.0,3.154295200147317e-06,6.00752617089039e-18
6,0,0.21221753177422448,0.0,3.154295200147317e-06,3.378747218172634e-18
6,0,0.1831342530116627,0.0,3.25234714182443e-06,1.915044093224845e-18
6,0,0.15673272019681844,0.0,3.25234714182443e-06,1.1605897171153623e-18
6,0,0.1316741575745847,0.0,3.25234714182443e-06,7.1427966132385405e-19
6,0,0.11938331426439688,0.0,4.568208623823011e-06,5.026064690170071e-19
6,0,0.115613513766566,0.0,4.568208623823011e-06,3.5949272006493997e-19
6,0,0.11758090445835438,0.0,4.568208623823011e-06,2.964561548650235e-19
6,0,0.11986454165326134,0.0,4.568208623823011e-06,2.610533416356368e-19
6,0,0.11803268026619267,0.0,4.568208623823011e-06,2.507299983440043e-19
6,0,0.11308610120302175,0.0,4.568208623823011e-06,2.5893883534540397e-19
6,0,0.10759341996096305,0.0,4.568208623823011e-06,2.804500032169693e-19
6,0,0.10137800987420723,0.0,4.568208623823011e-06,3.46256641191961e-19
6,0,0.09272017477198759,0.0,3.145541541016428e-06,4.1364735588938585e-19
6,0,0.08000036831407958,0.0,3.145541541016428e-06,5.109948042113308e-19
6,0,0.08909355231739487,0.0,2.5876163363136584e-06,7.770339769891309e-19
6,0,0.10953145433180618,0.0,2.5876163363136584e-06,1.212770958492198e-18
6,0,0.11091807344435219,0.0,3.2710916002542945e-06,1.4343017138576278e-18
6,0,0.10963577349948678,0.0,3.1450135793420486e-06,1.8119587773369553e-18
6,0,0.11497969954710702,0.0,3.1450135793420486e-06,2.389729339159066e-18
6,0,0.12011643779635157,0.0,2.5425476906093536e-06,2.8376461932904585e-18
6,0,0.12834306665530135,0.0,2.5425476906093536e-06,3.3022290824035694e-18
6,0,0.13803207461177885,0.0,2.5425476906093536e-06,3.870990199788906e-18
6,0,0.14965036929642847,0.0,2.7508431230671704e-06,4.697462332147282e-18
6,0,0.1710459067374328,0.0,3.2312102575815516e-06,6.3506125648365595e-18
6,0,0.19229367318250917,0.0,3.6353060295368778e-06,9.06019279453518e-18
6,0,0.2139873588327383,0.0,3.3134967907244572e-06,1.3725266456207642e-17
6,0,0.23327619197248917,0.0,3.4473084724595537e-06,1.994349993094336e-17
6,0,0.24692804152013045,0.0,3.4473084724595537e-06,2.733888503641655e-17
6,0,0.2553620779234753,0.0,3.4473084724595537e-06,3.427324929928944e-17
6,0,0.26265253793234256,0.0,3.4473084724595537e-06,3.799960200588977e-17
6,0,0.2674859827119624,0.0,4.065326265845215e-06,3.705567973912591e-17
6,0,0.2658820185979231,0.0,4.203362550470047e-06,3.201608516586904e-17
6,0,0.27068706425070344,0.0,4.203362550470047e-06,2.3342921080960684e-17
6,0,0.27544085238953153,0.0,2.151223043256323e-06,1.3994531116386516e-17
6,0,0.2577783367093648,0.0,2.151223043256323e-06,7.81052223949518e-18
6,0,0.23462729527521517,0.0,3.168232751704636e-06,3.900606574440754e-18
6,0,0.2276159433658269,0.0,2.4618298084533308e-06,1.7797615991739412e-18
6,1,0.9981584598313319,0.9,0.9998902082443237,0.9999666213989258
6,1,0.9983645355527507,0.9,0.999879002571106,0.9999706745147705
6,1,0.9985366815601977,0.9,0.9998830556869507,0.9999738931655884
6,1,0.9986484783165479,0.9,0.9999088048934937,0.9999759197235107
6,1,0.9988630250250095,0.82,0.998649537563324,0.999978244304657
6,1,0.999037262911264,0.82,0.998649537563324,0.9999803304672241
6,1,0.9991319600181353,0.82,0.9981014132499695,0.9999814033508301
6,1,0.9992106678606573,0.78,0.9978825449943542,0.999982476234436
6,1,0.9992503179642808,0.78,0.998012900352478,0.9999828338623047
6,1,0.9992989177114354,0.78,0.9981436729431152,0.9999832510948181
6,1,0.9993451096717492,0.78,0.9981436729431152,0.9999838471412659
6,1,0.9993428893024997,0.78,0.9981436729431152,0.9999837875366211
6,1,0.9992676018862213,0.8,0.9986889958381653,0.9999830722808838
6,1,0.9992084412210588,0.86,0.999896764755249,0.9999826550483704
6,1,0.9992149186352762,0.88,0.999896764755249,0.9999825954437256
6,1,0.9992167465168599,0.84,0.999896764755249,0.9999824166297913
6,1,0.9991727767621406,0.84,0.9998996257781982,0.9999825954437256
6,1,0.9991304271284859,0.86,0.999944806098938,0.9999828338623047
6,1,0.9991632959685933,0.86,0.999934196472168,0.999982476234436
6,1,0.999215336356387,0.88,0.9999285936355591,0.9999831318855286
6,1,0.999174057736038,0.88,0.9999362230300903,0.9999834895133972
6,1,0.999184656518733,0.88,0.9999362230300903,0.9999837279319763
6,1,0.9991561944064201,0.9,0.9999362230300903,0.9999840259552002
6,1,0.999213919770836,0.86,0.9989029169082642,0.999984085559845
6,1,0.99932301164649,0.84,0.9986761212348938,0.9999845027923584
6,1,0.9993015819002382,0.84,0.9986761212348938,0.9999839067459106
6,1,0.9992472625139162,0.84,0.998735249042511,0.999983012676239
6,1,0.9991987920443111,0.84,0.9986708164215088,0.9999815821647644
6,1,0.9991698026227094,0.84,0.9988994598388672,0.9999797344207764
6,1,0.9991329354812198,0.86,0.9988994598388672,0.9999774098396301
6,1,0.9990659368660572,0.84,0.9988994598388672,0.9999749064445496
6,1,0.9989796162881793,0.86,0.9988435506820679,0.9999728202819824
6,1,0.9989086288355683,0.86,0.9988435506820679,0.9999704957008362
6,1,0.9988658784806813,0.86,0.9988435506820679,0.9999677538871765
6,1,0.9988636125807583,0.86,0.9988435506820679,0.9999645352363586
6,1,0.9989009189728275,0.84,0.9988435506820679,0.9999609589576721
6,1,0.9987272235445557,0.84,0.9990416169166565,0.9999547004699707
6,1,0.9985061395439983,0.9,0.9999384880065918,0.9999504089355469
6,1,0.9984102081650299,0.88,0.9999384880065918,0.9999468326568604
6,1,0.9983622311400354,0.88,0.9999384880065918,0.999943733215332
6,1,0.9983076238104053,0.88,0.9999384880065918,0.9999406337738037
6,1,0.9981620182912707,0.88,0.9999384880065918,0.9999366998672485
6,1,0.99826112548765,0.88,0.9998781681060791,0.9999427795410156
6,1,0.9984204269307738,0.88,0.9998353719711304,0.9999471306800842
6,1,0.9986880140895136,0.88,0.9998410940170288,0.9999529123306274
6,1,0.9989900727496074,0.9,0.9998631477355957,0.9999626278877258
6,1,0.9990599877976638,0.9,0.9998911619186401,0.9999675750732422
6,1,0.9991229701841763,0.9,0.9999349117279053,0.9999755620956421
6,1,0.9992298411348635,0.94,0.9999605417251587,0.9999837875366211
6,1,0.9992038124903165,0.92,0.9999575614929199,0.9999860525131226
6,1,0.9992623821698186,0.92,0.9999575614929199,0.9999891519546509
6,1,0.999277641291064,0.92,0.9999579191207886,0.9999911189079285
6,1,0.9993672917846826,0.84,0.9996017813682556,0.9999924302101135
6,1,0.9994740436394893,0.82,0.9995307922363281,0.9999945163726807
6,1,0.9994166035403906,0.88,0.9995887875556946,0.9999943375587463
6,1,0.9994288878015989,0.88,0.9995703101158142,0.999995231628418
6,1,0.9994421934829373,0.88,0.9991826415061951,0.9999960660934448
6,1,0.9994753358366345,0.88,0.9993498921394348,0.9999967813491821
6,1,0.9995115921303853,0.86,0.9993498921394348,0.9999974370002747
6,1,0.9995920997923365,0.86,0.9993560910224915,0.9999983310699463
6,1,0.9995958602127876,0.82,0.9996938705444336,0.9999986886978149
6,1,0.9995966614276001,0.84,0.9996938705444336,0.9999989867210388
6,1,0.9995951045781799,0.84,0.9996938705444336,0.9999991655349731
6,1,0.9995764059281732,0.84,0.9998685121536255,0.9999992251396179
6,1,0.9995410690421521,0.86,0.9998685121536255,0.9999992847442627
6,1,0.9995477494853373,0.84,0.9998224377632141,0.999999463558197
6,1,0.9995763043683944,0.8,0.9998892545700073,0.9999995231628418
6,1,0.9996513471838057,0.82,0.999349057674408,0.9999995827674866
6,1,0.9997095631423543,0.82,0.999349057674408,0.9999996423721313
6,1,0.9996762521412655,0.82,0.9989042282104492,0.9999995231628418
6,1,0.999691521772106,0.82,0.9989042282104492,0.9999995231628418
6,1,0.9996588890717977,0.82,0.9998000264167786,0.999999463558197
6,1,0.9996501706461363,0.82,0.999778687953949,0.9999993443489075
6,1,0.9996414820026063,0.84,0.999778687953949,0.9999992847442627
6,1,0.9996558095118536,0.84,0.999778687953949,0.9999992251396179
6,1,0.9996099502114609,0.84,0.999778687953949,0.9999989867210388
6,1,0.9995994295513808,0.84,0.999778687953949,0.999998927116394
6,1,0.9996005235571,0.84,0.9997588992118835,0.9999988079071045
6,1,0.9995814752584297,0.84,0.9997588992118835,0.9999986290931702
6,1,0.9995396036108053,0.84,0.9997588992118835,0.9999983310699463
6,1,0.9995296129194471,0.84,0.9997588992118835,0.9999980330467224
6,1,0.9995843265263877,0.84,0.9997588992118835,0.999998152256012
6,1,0.9995363423183108,0.86,0.9997588992118835,0.9999976754188538
6,1,0.9995673441953243,0.86,0.9996979236602783,0.999997615814209
6,1,0.9995125151275186,0.86,0.9996979236602783,0.9999969005584717
6,1,0.9995026804452357,0.86,0.9997500777244568,0.9999966025352478
6,1,0.9994341231221517,0.86,0.9997500777244568,0.9999955892562866
6,1,0.999439926714091,0.86,0.9997648596763611,0.9999952912330627
6,1,0.9993846152787919,0.86,0.9997856020927429,0.9999944567680359
6,1,0.9994058567187795,0.88,0.9997856020927429,0.9999945759773254
6,1,0.9994242272764946,0.88,0.999745786190033,0.999994695186615
6,1,0.999357223175377,0.86,0.9997212290763855,0.9999944567680359
6,1,0.9992256257377957,0.86,0.9997894167900085,0.9999946355819702
6,1,0.9992749524443196,0.86,0.9997690320014954,0.9999958276748657
6,1,0.9992746104892405,0.84,0.9997114539146423,0.999996542930603
6,1,0.999293883772342,0.84,0.9996873140335083,0.9999974370002747
6,1,0.9993972481149149,0.84,0.9996886253356934,0.9999982714653015
6,1,0.9995022189514385,0.86,0.9996886253356934,0.9999987483024597
6,1,0.9995772922865642,0.88,0.9996886253356934,0.9999989867210388
6,1,0.9995959966497768,0.86,0.9996886253356934,0.9999992251396179
6,1,0.9996194121675614,0.86,0.9997397065162659,0.9999994039535522
6,1,0.9996461315932549,0.86,0.9997598528862,0.9999995231628418
6,1,0.9996682147094821,0.86,0.9997598528862,0.9999995827674866
6,1,0.9996873252295876,0.86,0.9996961355209351,0.9999996423721313
6,1,0.9997021771448121,0.84,0.9997228980064392,0.9999997019767761
6,1,0.999694317283634,0.82,0.9997782111167908,0.9999997615814209
6,1,0.9997538820784709,0.86,0.9997782111167908,0.9999998211860657
6,1,0.9997633343973952,0.86,0.9997782111167908,0.9999998807907104
6,1,0.9997289957791543,0.86,0.9997782111167908,0.9999998807907104
6,1,0.9996992226596485,0.88,0.9997782111167908,0.9999998807907104
6,1,0.999737359602821,0.88,0.9997782111167908,0.9999998807907104
6,1,0.9997618082860502,0.88,0.9997782111167908,0.9999998807907104
6,1,0.9997412929786611,0.88,0.9997782111167908,0.9999999403953552
6,1,0.999729229343397,0.86,0.9997782111167908,0.9999998807907104
6,1,0.9997379369122811,0.86,0.9998214840888977,0.9999998807907104
6,1,0.999701133876617,0.82,0.9998113512992859,0.9999998807907104
6,1,0.9996509192512698,0.82,0.9998113512992859,0.9999998807907104
6,1,0.9996366141831975,0.8,0.9998113512992859,0.9999998807907104
6,1,0.9996264563917834,0.82,0.9998113512992859,0.9999998807907104
6,1,0.9995986296140756,0.82,0.9998120665550232,0.9999998807907104
6,1,0.9995637685478719,0.86,0.9998487234115601,0.9999998211860657
6,1,0.9995456441984595,0.88,0.9998682737350464,0.9999998211860657
6,1,0.9995860986750186,0.9,0.999915361404419,0.9999997615814209
6,1,0.9996223081754739,0.9,0.999915361404419,0.9999997019767761
6,1,0.9996261204867434,0.9,0.9999063014984131,0.9999995827674866
6,1,0.9996064171324806,0.9,0.9999063014984131,0.9999995231628418
6,1,0.9995629315585984,0.9,0.9999063014984131,0.9999994039535522
6,1,0.9994849270910159,0.9,0.9998829364776611,0.9999992847442627
6,1,0.9992906960479154,0.92,0.9999468326568604,0.999998927116394
6,1,0.9990960880996038,0.92,0.9999107122421265,0.9999984502792358
6,1,0.9988535313185836,0.92,0.9999107122421265,0.9999983906745911
6,1,0.9988563119460012,0.92,0.9999150037765503,0.9999985694885254
6,1,0.9988110105440778,0.94,0.9999150037765503,0.9999986290931702
6,1,0.9988001560537755,0.94,0.9999107122421265,0.9999984502792358
6,1,0.9989342251674723,0.94,0.9999107122421265,0.9999980330467224
6,1,0.9990366837111994,0.94,0.9999107122421265,0.9999979138374329
6,1,0.9991265913699391,0.94,0.9998965263366699,0.999998152256012
6,1,0.999186531211156,0.94,0.9998965263366699,0.9999982118606567
6,1,0.9991389442028231,0.94,0.9998965263366699,0.9999983310699463
6,1,0.9991136124687473,0.94,0.9998965263366699,0.9999983310699463
6,1,0.9990786748900145,0.94,0.9998965263366699,0.9999983906745911
6,1,0.9990643740398001,0.94,0.999882698059082,0.9999986290931702
6,1,0.9990937933787052,0.92,0.999882698059082,0.9999988675117493
6,1,0.9991282985981461,0.92,0.999882698059082,0.9999990463256836
6,1,0.9992001770542609,0.92,0.9999146461486816,0.9999991059303284
6,1,0.9992375489626127,0.92,0.9999146461486816,0.9999991655349731
6,1,0.9992552796450332,0.92,0.9998719692230225,0.9999991655349731
6,1,0.9992515235531237,0.92,0.9998719692230225,0.9999992251396179
6,1,0.9992287603918876,0.92,0.9998719692230225,0.9999992251396179
6,1,0.9992459574558838,0.86,0.9998449087142944,0.9999992251396179
6,1,0.9992884434620002,0.86,0.9998719692230225,0.9999992251396179
6,1,0.9993407490889793,0.84,0.9998660087585449,0.9999992251396179
6,1,0.9993515007890549,0.84,0.9998660087585449,0.9999992251396179
6,1,0.9993509158253667,0.84,0.9998660087585449,0.9999991655349731
6,1,0.9993383066225808,0.84,0.9998660087585449,0.9999991059303284
6,1,0.9992464466669668,0.84,0.9998660087585449,0.9999991059303284
6,1,0.9991828074287818,0.84,0.9998660087585449,0.9999989867210388
6,1,0.999251181981579,0.78,0.9998660087585449,0.9999988079071045
6,1,0.9993294544659576,0.78,0.9998652935028076,0.9999985694885254
6,1,0.9992985374042492,0.8,0.9998652935028076,0.9999982714653015
6,1,0.9992079035590746,0.8,0.9998652935028076,0.9999979138374329
6,1,0.9992295304792738,0.84,0.9998561143875122,0.9999974370002747
6,1,0.9992066884508346,0.84,0.9998561143875122,0.9999970197677612
6,1,0.9991730490353099,0.84,0.9998561143875122,0.9999963641166687
6,1,0.9990054018297226,0.86,0.9998561143875122,0.9999958872795105
6,1,0.9988601657899004,0.88,0.9997829794883728,0.9999949336051941
6,1,0.9986921384684437,0.88,0.9997829794883728,0.9999940991401672
6,1,0.9982585204551992,0.88,0.999784529209137,0.9999944567680359
6,1,0.997741973341222,0.9,0.999784529209137,0.9999945163726807
6,1,0.9970483877567373,0.94,0.9998482465744019,0.9999957084655762
6,1,0.9962221637572952,0.94,0.9998482465744019,0.9999961256980896
6,1,0.9955129094097988,0.94,0.9998482465744019,0.9999960660934448
6,1,0.9950891716973067,0.94,0.9998482465744019,0.9999953508377075
6,1,0.9945478844947421,0.94,0.9998482465744019,0.9999946355819702
6,1,0.9939159503103104,0.94,0.9998482465744019,0.9999937415122986
6,1,0.9935092635575326,0.94,0.9998008608818054,0.9999927878379822
6,1,0.9925606085076953,0.94,0.9999270439147949,0.9999933838844299
6,1,0.9920342774298072,0.94,0.9999223947525024,0.9999932050704956
6,1,0.9916034997531974,0.94,0.9999223947525024,0.999992847442627
6,1,0.9911926443439424,0.94,0.9999148845672607,0.9999926090240479
6,1,0.9906724159331535,0.94,0.9998654127120972,0.9999927282333374
6,1,0.9940866691377797,0.94,0.9998880624771118,0.9999970197677612
6,1,0.9900910488179644,0.94,0.9998817443847656,0.9999943971633911
6,1,0.9904394247020134,0.94,0.9998922348022461,0.999994695186615
6,1,0.9905264550644775,0.94,0.9998843669891357,0.9999949932098389
6,1,0.9900008925144678,0.94,0.9998843669891357,0.9999954104423523
6,1,0.9902121209000712,0.94,0.9998843669891357,0.999995768070221
6,1,0.9911690585949297,0.94,0.9998843669891357,0.9999961853027344
6,1,0.9906880729338687,0.94,0.9998388290405273,0.9999962449073792
6,1,0.9901535560807421,0.94,0.9998388290405273,0.9999961853027344
6,1,0.9897286472559378,0.94,0.9998388290405273,0.9999963641166687
6,1,0.9895781993153172,0.9,0.9998502731323242,0.9999966621398926
6,1,0.9890453998753499,0.88,0.9998502731323242,0.9999968409538269
6,1,0.9895937759926595,0.88,0.9999179840087891,0.9999970197677612
6,1,0.9950946801755792,0.9,0.999936580657959,0.9999987483024597
6,1,0.994709846048431,0.88,0.999936580657959,0.9999988079071045
6,1,0.9948686374702659,0.88,0.999936580657959,0.9999989867210388
6,1,0.9952163835139197,0.86,0.9999321699142456,0.9999991059303284
6,1,0.9956340288287908,0.84,0.9999321699142456,0.9999991059303284
6,1,0.9907042121000688,0.86,0.9999223947525024,0.9999986886978149
6,1,0.9905970278709607,0.9,0.9999223947525024,0.9999988079071045
6,1,0.9911009053846165,0.9,0.9999223947525024,0.9999986886978149
6,1,0.9912945103002585,0.9,0.9999223947525024,0.9999986290931702
6,1,0.9913492912553238,0.9,0.9999223947525024,0.9999985098838806
6,1,0.9916258406428311,0.9,0.9999223947525024,0.9999984502792358
6,1,0.9921999014290602,0.9,0.9998897314071655,0.9999985694885254
6,1,0.9926389577712681,0.9,0.9998897314071655,0.9999985098838806
6,1,0.9926908487983599,0.9,0.9998897314071655,0.9999984502792358
6,1,0.9924293259571124,0.9,0.9998897314071655,0.9999984502792358
6,1,0.992025103054066,0.9,0.9998897314071655,0.9999983310699463
6,1,0.9916285812990875,0.9,0.9998897314071655,0.9999982714653015
6,1,0.9917392723296862,0.9,0.9998897314071655,0.9999982118606567
6,1,0.9920582385652114,0.9,0.9998897314071655,0.9999982118606567
6,1,0.9922755941232075,0.9,0.9998897314071655,0.9999983310699463
6,1,0.9922407789514296,0.9,0.9998897314071655,0.9999984502792358
6,1,0.9920920786663997,0.9,0.9998897314071655,0.9999986290931702
6,1,0.9918691931750523,0.9,0.9998816251754761,0.9999988079071045
6,1,0.991535126660435,0.9,0.9998816251754761,0.9999989867210388
6,1,0.9911215191055028,0.9,0.9998701810836792,0.9999991059303284
6,1,0.990671390317659,0.88,0.9998593330383301,0.9999992251396179
6,1,0.9904018749249419,0.88,0.9998593330383301,0.9999993443489075
6,1,0.9904942627994889,0.88,0.9998593330383301,0.9999994039535522
6,1,0.9902782832888181,0.88,0.9998593330383301,0.9999995231628418
6,1,0.9898072976780447,0.88,0.9998593330383301,0.9999996423721313
6,1,0.9890349749403906,0.88,0.9998593330383301,0.9999997615814209
6,1,0.9897206236929825,0.88,0.9998593330383301,0.9999997615814209
6,1,0.989985657828919,0.88,0.9998593330383301,0.9999997615814209
6,1,0.9897978354100658,0.88,0.9998593330383301,0.9999995827674866
6,1,0.9899912998776226,0.88,0.9998593330383301,0.9999998211860657
6,1,0.9900110389644167,0.88,0.9998593330383301,0.9999998211860657
6,1,0.9904903414640719,0.88,0.9998593330383301,0.9999998211860657
6,1,0.9904740976518248,0.88,0.9998351335525513,0.9999998211860657
6,1,0.990232920714165,0.88,0.9998351335525513,0.9999998807907104
6,1,0.989369616528109,0.88,0.9998351335525513,0.9999998807907104
6,1,0.9877558763826099,0.88,0.9998351335525513,0.9999998211860657
6,1,0.9878284795397028,0.88,0.9998593330383301,0.9999998807907104
6,1,0.9888190797209275,0.9,0.9998593330383301,0.9999998807907104
6,1,0.989955384001918,0.92,0.9998351335525513,0.9999998807907104
6,1,0.990939892837135,0.92,0.9998351335525513,0.9999998807907104
6,1,0.9901266886038541,0.92,0.9996981620788574,0.9999999403953552
6,1,0.9893420247829608,0.9,0.9996981620788574,0.9999999403953552
6,1,0.9894864976347808,0.9,0.9997132420539856,0.9999999403953552
6,1,0.9892237591160562,0.9,0.9997132420539856,0.9999999403953552
6,1,0.9896446980878727,0.9,0.9997132420539856,0.9999999403953552
6,1,0.9899274935853976,0.92,0.9997718930244446,0.9999999403953552
6,1,0.9897201410671277,0.92,0.9998488426208496,0.9999999403953552
6,1,0.9894026754093457,0.92,0.9998488426208496,0.9999999403953552
6,1,0.9894934962645409,0.9,0.9998488426208496,0.9999999403953552
6,1,0.9890778645314001,0.9,0.9998488426208496,0.9999999403953552
6,1,0.9895124553700451,0.9,0.9998488426208496,0.9999998807907104
6,1,0.9902002006219771,0.92,0.9998408555984497,0.9999998807907104
6,1,0.9908223204440108,0.92,0.9998408555984497,0.9999998807907104
6,1,0.9908707676746065,0.92,0.9998270869255066,0.9999998211860657
6,1,0.9902004780311927,0.92,0.9998270869255066,0.9999997615814209
6,1,0.9883585900525257,0.92,0.9998342990875244,0.9999997019767761
6,1,0.989351541175485,0.92,0.9998113512992859,0.9999995827674866
6,1,0.9907781987569012,0.92,0.9998113512992859,0.9999995231628418
6,1,0.9908648826388458,0.92,0.9998113512992859,0.9999994039535522
6,1,0.9911881590145454,0.9,0.9990938901901245,0.9999992251396179
6,1,0.9924099486261917,0.86,0.9989675283432007,0.9999983906745911
6,1,0.991245049655297,0.88,0.9989675283432007,0.9999984502792358
6,1,0.9883084210646299,0.88,0.999017596244812,0.9999991059303284
6,1,0.9868405422026609,0.9,0.9997954964637756,0.9999992251396179
6,1,0.9861810549864766,0.9,0.9997954964637756,0.9999993443489075
6,1,0.9859201086859736,0.88,0.9997954964637756,0.9999993443489075
6,1,0.9835799271214456,0.88,0.9997954964637756,0.9999993443489075
6,1,0.9783322942125925,0.88,0.9997954964637756,0.9999993443489075
6,1,0.9802791383643226,0.88,0.9997954964637756,0.9999993443489075
6,1,0.9840067280604586,0.88,0.9998204112052917,0.9999994039535522
6,1,0.9809160193419759,0.88,0.9998204112052917,0.9999994039535522
6,1,0.9774058607036855,0.88,0.9998204112052917,0.9999994039535522
6,1,0.9817331310429689,0.9,0.9998204112052917,0.999999463558197
6,1,0.9872856965474859,0.88,0.9998711347579956,0.9999995827674866
6,1,0.9874737528754425,0.88,0.9998711347579956,0.9999997019767761
6,1,0.9875925384983831,0.88,0.9998711347579956,0.9999997019767761
6,1,0.9882583054196896,0.88,0.9998711347579956,0.9999997615814209
6,1,0.9884139827500195,0.88,0.9998711347579956,0.9999997615814209
6,1,0.9880386383190256,0.9,0.9998736381530762,0.9999998211860657
6,1,0.9879087665154564,0.9,0.9998736381530762,0.9999998211860657
6,1,0.9885194593865934,0.9,0.9998736381530762,0.9999998211860657
6,1,0.9897625391319749,0.88,0.9998559951782227,0.9999998211860657
6,1,0.9898793313784487,0.88,0.9998559951782227,0.9999998211860657
6,1,0.9889142197269722,0.9,0.9998559951782227,0.9999998211860657
6,1,0.9907101356958837,0.88,0.9993085861206055,0.9999997615814209
6,1,0.9927134609232537,0.84,0.9993732571601868,0.9999995231628418
6,1,0.9925237935009182,0.84,0.9993732571601868,0.999999463558197
6,1,0.9943422408757656,0.82,0.9993732571601868,0.999998927116394
6,1,0.9945655560649734,0.82,0.9993732571601868,0.9999985098838806
6,1,0.9943043416878855,0.82,0.9997130036354065,0.9999980926513672
6,1,0.9940960179475263,0.82,0.9997130036354065,0.9999977946281433
6,1,0.9938538369927629,0.82,0.9997130036354065,0.9999977946281433
6,1,0.9932651298899717,0.84,0.9996607303619385,0.9999971389770508
6,1,0.9927010949875419,0.84,0.9995272159576416,0.9999960660934448
6,1,0.9921440781283511,0.9,0.9995272159576416,0.9999964833259583
6,1,0.9882180230650658,0.9,0.9995272159576416,0.9999977946281433
6,1,0.9847893331153689,0.92,0.9996607303619385,0.9999983906745911
6,1,0.9838158357470032,0.94,0.9998753070831299,0.9999982118606567
6,1,0.9857355314819147,0.94,0.99988853931427,0.9999977350234985
6,1,0.9864984068191273,0.94,0.99988853931427,0.9999973177909851
6,1,0.989064343907168,0.92,0.9996607303619385,0.9999966621398926
6,1,0.992048106072554,0.92,0.9996434450149536,0.9999939799308777
6,1,0.9943421750109062,0.92,0.9996434450149536,0.9999832510948181
6,1,0.9943602442587546,0.92,0.9996434450149536,0.9999816417694092
6,1,0.992186286335659,0.92,0.9996434450149536,0.999991774559021
6,1,0.9899783022646899,0.92,0.9996607303619385,0.9999949336051941
6,1,0.9891228503189694,0.94,0.99988853931427,0.9999958276748657
6,1,0.9886893853393028,0.94,0.99988853931427,0.9999961256980896
6,1,0.9886303618040345,0.94,0.99988853931427,0.9999962449073792
6,1,0.9888227940134715,0.94,0.99988853931427,0.9999964237213135
6,1,0.9895253689457997,0.94,0.99988853931427,0.9999963045120239
6,1,0.9900592182539778,0.92,0.9996607303619385,0.999995768070221
6,1,0.9907440931789204,0.92,0.9996434450149536,0.9999925494194031
6,1,0.9934659574958952,0.92,0.9995039701461792,0.9999868273735046
6,1,0.9953461955718953,0.88,0.9995279312133789,0.9999874830245972
6,1,0.99586320677728,0.86,0.998969316482544,0.9999893307685852
6,1,0.9960150888610475,0.86,0.998969316482544,0.9999911189079285
6,1,0.996084695792334,0.86,0.998969316482544,0.9999916553497314
6,1,0.996232106512455,0.86,0.9989027976989746,0.9999920725822449
6,1,0.9970041003156765,0.86,0.9996672868728638,0.9999942183494568
6,1,0.9974409962022124,0.82,0.9992733597755432,0.999993622303009
6,1,0.9976354874428356,0.8,0.9991195797920227,0.9999934434890747
6,1,0.9974917253911091,0.8,0.9991195797920227,0.9999921321868896
6,1,0.9970592165987561,0.84,0.9991195797920227,0.9999914765357971
6,1,0.9971883086423304,0.86,0.9991195797920227,0.9999922513961792
6,1,0.9971786958179336,0.84,0.9991195797920227,0.9999921321868896
6,1,0.9971145296194235,0.82,0.9991195797920227,0.9999918341636658
6,1,0.9972007391434154,0.82,0.9992658495903015,0.9999930262565613
6,1,0.9968060681434743,0.82,0.9992658495903015,0.9999948740005493
6,1,0.9956428030520469,0.82,0.9992658495903015,0.9999977350234985
6,1,0.9954894113999166,0.82,0.9992658495903015,0.9999976754188538
6,1,0.9949259343975322,0.82,0.9991195797920227,0.9999975562095642
6,1,0.9939290223162153,0.82,0.9991195797920227,0.9999973177909851
6,1,0.9940389901910964,0.82,0.9991195797920227,0.9999973177909851
6,1,0.9936103085324198,0.84,0.9991195797920227,0.9999967813491821
6,1,0.991455963899922,0.86,0.9991623163223267,0.9999983310699463
6,1,0.9899769358548156,0.88,0.999825656414032,0.9999983310699463
6,1,0.9893672225060333,0.88,0.999825656414032,0.9999978542327881
6,1,0.9877056026868145,0.88,0.999825656414032,0.9999971985816956
6,1,0.9881142001465191,0.9,0.999825656414032,0.9999954104423523
6,1,0.9854846861253436,0.88,0.999825656414032,0.999993622303009
6,1,0.9821719022127924,0.88,0.999822199344635,0.9999905228614807
6,1,0.9835253421020865,0.88,0.9997828602790833,0.9999868273735046
6,1,0.98640754619573,0.88,0.9997828602790833,0.99998539686203
6,1,0.9877994991273698,0.88,0.9997828602790833,0.9999864101409912
6,1,0.9795962172615548,0.88,0.9996929168701172,0.9999745488166809
6,1,0.9796723301472774,0.88,0.9997296929359436,0.9999722242355347
6,1,0.9745665135120118,0.84,0.9997851252555847,0.9999545216560364
6,1,0.9670663653006609,0.86,0.9997661709785461,0.9999387860298157
6,1,0.9543706614203182,0.88,0.999797523021698,0.9999131560325623
6,1,0.9414289686858418,0.84,0.9987731575965881,0.9998757839202881
6,1,0.9223181821210732,0.84,0.9983820915222168,0.9998770356178284
6,1,0.9098892530260319,0.82,0.9983820915222168,0.9998749494552612
6,1,0.9142292831837726,0.84,0.9980250597000122,0.9998688101768494
6,1,0.9163285525143139,0.88,0.9994909763336182,0.9998977184295654
6,1,0.9118942281760729,0.9,0.9994909763336182,0.999899685382843
6,1,0.9145390775103713,0.86,0.9994909763336182,0.9998814463615417
6,1,0.9156306192613463,0.84,0.9995181560516357,0.9998914003372192
6,1,0.9144893218923552,0.84,0.9994828701019287,0.9998922944068909
6,1,0.9229984253101045,0.88,0.9994927644729614,0.9998934864997864
6,1,0.9162595966638764,0.88,0.9995275735855103,0.9999203085899353
6,1,0.9136176085342467,0.86,0.9995545744895935,0.9999309778213501
6,1,0.9215592958024017,0.86,0.9995545744895935,0.999937891960144
6,1,0.9238787817405634,0.86,0.9994723200798035,0.9999482035636902
6,1,0.9244778689207228,0.86,0.9994723200798035,0.9999563694000244
6,1,0.9247306055400178,0.86,0.9994723200798035,0.9999653100967407
6,1,0.9286751976979997,0.84,0.9994402527809143,0.9999715089797974
6,1,0.9299956816240463,0.82,0.999108612537384,0.9999760985374451
6,1,0.9340466466846535,0.82,0.9994174242019653,0.999979555606842
6,1,0.9417610489125107,0.82,0.9994636178016663,0.9999809265136719
6,1,0.9439880706885322,0.84,0.9994853734970093,0.9999791383743286
6,1,0.9446400486942536,0.84,0.9995656609535217,0.9999718070030212
6,1,0.947025622799672,0.86,0.9996206760406494,0.9999614357948303
6,1,0.9466680567707654,0.88,0.9996341466903687,0.9999521970748901
6,1,0.9407929543178273,0.88,0.9997970461845398,0.9999430775642395
6,1,0.9319870582073746,0.88,0.9998086094856262,0.9999257326126099
6,1,0.9400990168334514,0.88,0.9998346567153931,0.9999088644981384
6,1,0.9410583119054764,0.88,0.9998346567153931,0.9999032020568848
6,1,0.9356736129449033,0.88,0.9998346567153931,0.9999158978462219
6,1,0.9362772828879545,0.88,0.9998102784156799,0.999928891658783
6,1,0.9395019926177468,0.88,0.9997841715812683,0.9999362230300903
6,1,0.9389573050893714,0.86,0.999786913394928,0.9999381899833679
6,1,0.9434113056418456,0.86,0.9997685551643372,0.999933123588562
6,1,0.9428937930069622,0.82,0.9993093013763428,0.9999138116836548
6,1,0.934846755967685,0.8,0.999241828918457,0.9998796582221985
6,1,0.9365371625321179,0.82,0.9994449019432068,0.9998748898506165
6,1,0.9492434947315083,0.82,0.9994449019432068,0.9998676180839539
6,1,0.9524998052063337,0.84,0.9993970394134521,0.9998865127563477
6,1,0.9379976077373687,0.82,0.9988000392913818,0.9999333620071411
6,1,0.9431255448786965,0.82,0.9988579750061035,0.9999672770500183
6,1,0.9422062641265471,0.82,0.9988579750061035,0.9999768137931824
6,1,0.9475057306551885,0.84,0.9988579750061035,0.9999786615371704
6,1,0.9506620561253761,0.84,0.9988579750061035,0.9999804496765137
6,1,0.9496178698958273,0.84,0.9988579750061035,0.9999825358390808
6,1,0.9504911929788419,0.84,0.998918890953064,0.9999845623970032
6,1,0.9533806927749827,0.88,0.9989198446273804,0.9999844431877136
6,1,0.9552020152767937,0.9,0.9995104074478149,0.9999809861183167
6,1,0.9656756247397489,0.9,0.9995582699775696,0.9999794960021973
6,1,0.9708581791858605,0.9,0.9995582699775696,0.9999759197235107
6,1,0.9714411344670311,0.88,0.9995880722999573,0.9999812841415405
6,1,0.9710809926256819,0.86,0.9995446801185608,0.9999857544898987
6,1,0.9705245503070141,0.86,0.9995446801185608,0.9999896287918091
6,1,0.9722495088309374,0.84,0.9995657801628113,0.9999908208847046
6,1,0.9739227313496811,0.86,0.9995657801628113,0.9999923706054688
6,1,0.9751557097409944,0.86,0.9995657801628113,0.9999940991401672
6,1,0.9761693176351983,0.86,0.9995657801628113,0.9999955892562866
6,1,0.9771303160150863,0.88,0.9995446801185608,0.9999967813491821
6,1,0.9796556731360777,0.9,0.9995446801185608,0.9999969601631165
6,1,0.9823914971256749,0.9,0.999586284160614,0.999997079372406
6,1,0.9849155107008699,0.9,0.9996331930160522,0.9999976754188538
6,1,0.9869205191741768,0.9,0.9996331930160522,0.999998152256012
6,1,0.9882528607405558,0.9,0.9996331930160522,0.9999985694885254
6,1,0.9881359530664119,0.92,0.9996125102043152,0.9999987483024597
6,1,0.9883616726717805,0.9,0.9996125102043152,0.9999988079071045
6,1,0.9893607943735026,0.92,0.9996125102043152,0.9999989867210388
6,1,0.9896263211125229,0.92,0.9996494054794312,0.9999991655349731
6,1,0.990420935216542,0.86,0.9996687173843384,0.9999992251396179
6,1,0.9906182263860328,0.86,0.9995866417884827,0.9999991655349731
6,1,0.9902235448110196,0.82,0.9991447925567627,0.9999992847442627
6,1,0.9905821992432012,0.78,0.9990587830543518,0.9999992847442627
6,1,0.9902993913673087,0.76,0.9990587830543518,0.9999994039535522
6,1,0.988477397106291,0.8,0.9990587830543518,0.999999463558197
6,1,0.9864260681502593,0.76,0.9989691972732544,0.9999993443489075
6,1,0.984953987866506,0.76,0.9989691972732544,0.9999992847442627
6,1,0.983006929256654,0.76,0.9989691972732544,0.9999992251396179
6,1,0.9823761253668188,0.76,0.9989691972732544,0.9999991059303284
6,1,0.982586905002736,0.8,0.999035120010376,0.9999991655349731
6,1,0.9822555921558517,0.78,0.999035120010376,0.9999991655349731
6,1,0.9825242697249172,0.78,0.9988848567008972,0.9999991059303284
6,1,0.9839652893061993,0.78,0.9988848567008972,0.9999988675117493
6,1,0.9843038186243049,0.78,0.9988848567008972,0.9999986290931702
6,1,0.9837499283797807,0.8,0.9988848567008972,0.9999983906745911
6,1,0.9835152231534069,0.82,0.9988848567008972,0.9999983310699463
6,1,0.9811620747700431,0.8,0.9988848567008972,0.999998152256012
6,1,0.9800696696559114,0.74,0.9988848567008972,0.9999975562095642
6,1,0.9815326381535214,0.74,0.9988848567008972,0.9999971389770508
6,1,0.9822189854737636,0.74,0.9989123344421387,0.9999964833259583
6,1,0.9815067075072065,0.74,0.9989123344421387,0.9999959468841553
6,1,0.9803230475826005,0.76,0.9989123344421387,0.9999948740005493
6,1,0.9779825103162881,0.78,0.9981818199157715,0.9999940395355225
6,1,0.9759077963788497,0.78,0.9981818199157715,0.9999936819076538
6,1,0.9743429672356282,0.8,0.9981818199157715,0.9999940395355225
6,1,0.9707353213288027,0.8,0.9977362155914307,0.9999929666519165
6,1,0.9671165502866863,0.8,0.9977362155914307,0.999991774559021
6,1,0.9682935360428774,0.8,0.9977362155914307,0.9999915957450867
6,1,0.9693001435971473,0.78,0.9977362155914307,0.9999921321868896
6,1,0.9713793226329679,0.78,0.9977362155914307,0.9999912977218628
6,1,0.9698559931261783,0.8,0.9977362155914307,0.9999914169311523
6,1,0.969047157686122,0.8,0.9977362155914307,0.9999896883964539
6,1,0.9758939827078433,0.78,0.9979196190834045,0.9999905824661255
6,1,0.9790128974742538,0.78,0.9979196190834045,0.9999912977218628
6,1,0.9778243535162889,0.8,0.9977362155914307,0.9999927878379822
6,1,0.9765589468437113,0.8,0.9977362155914307,0.9999940395355225
6,1,0.9746259566441561,0.8,0.9977362155914307,0.9999951720237732
6,1,0.9768233426191537,0.78,0.9977362155914307,0.9999964237213135
6,1,0.9783317765269482,0.8,0.9986718893051147,0.9999971985816956
6,1,0.9793949589547909,0.78,0.9963865280151367,0.9999976754188538
6,1,0.9810286606767696,0.76,0.9970970153808594,0.9999980926513672
6,1,0.9831538073273522,0.76,0.9973487854003906,0.9999983906745911
6,1,0.9849523483926383,0.74,0.9976397752761841,0.9999986886978149
6,1,0.9866849160788576,0.74,0.9974151849746704,0.9999987483024597
6,1,0.9886705177914503,0.66,0.9974151849746704,0.9999985098838806
6,1,0.9894556476891636,0.66,0.9951642751693726,0.9999985694885254
6,1,0.9897728821341766,0.7,0.9866644144058228,0.9999989867210388
6,1,0.9894471990539258,0.7,0.9878683090209961,0.9999989867210388
6,1,0.9892241606857677,0.7,0.989486813545227,0.9999989867210388
6,1,0.9884719308161427,0.68,0.9929015040397644,0.9999991059303284
6,1,0.9887886620051222,0.68,0.9929015040397644,0.9999991655349731
6,1,0.9891533329964827,0.68,0.9929015040397644,0.9999992251396179
6,1,0.9888440679354347,0.68,0.9911732077598572,0.9999992251396179
6,1,0.987632050322017,0.66,0.9911732077598572,0.9999992251396179
6,1,0.9877977360889486,0.68,0.9890853762626648,0.9999992847442627
6,1,0.9890103297444689,0.68,0.9890853762626648,0.9999992847442627
6,1,0.9909184154918473,0.68,0.9890853762626648,0.9999993443489075
6,1,0.991650534040558,0.68,0.9896624088287354,0.9999993443489075
6,1,0.9921606517851218,0.68,0.9917616844177246,0.9999994039535522
6,1,0.9907353094722234,0.66,0.9917616844177246,0.9999993443489075
6,1,0.9889273091027488,0.64,0.9921397566795349,0.9999992251396179
6,1,0.9891958412614253,0.62,0.9925410747528076,0.9999992847442627
6,1,0.98937625243805,0.52,0.9481381773948669,0.9999992847442627
6,1,0.9893317480789798,0.46,0.9417049884796143,0.9999992251396179
6,1,0.9879638804125495,0.44,0.9449588060379028,0.9999991655349731
6,1,0.9879861656148946,0.44,0.926598846912384,0.9999992251396179
6,1,0.9888586735258109,0.44,0.926598846912384,0.9999992847442627
6,1,0.9907486639521298,0.44,0.926598846912384,0.999999463558197
6,1,0.99069225112993,0.44,0.9358290433883667,0.999999463558197
6,1,0.9879482444485342,0.44,0.9558948278427124,0.9999995827674866
6,1,0.9856295968919698,0.46,0.9558948278427124,0.9999996423721313
6,1,0.9861586094194221,0.48,0.9558948278427124,0.9999997019767761
6,1,0.9867380873453585,0.58,0.9944931268692017,0.9999997019767761
6,1,0.9874100507368876,0.62,0.9936437606811523,0.9999997615814209
6,1,0.9868481912307219,0.62,0.9936437606811523,0.9999997615814209
6,1,0.9867400767451656,0.64,0.9936437606811523,0.9999998211860657
6,1,0.9880233738474535,0.66,0.9936437606811523,0.9999998807907104
6,1,0.9913255108741669,0.66,0.9926907420158386,0.9999998807907104
6,1,0.9918529208408503,0.66,0.9930582046508789,0.9999998807907104
6,1,0.9926113723958296,0.66,0.9977843165397644,0.9999999403953552
6,1,0.9927052565405508,0.66,0.9977843165397644,0.9999999403953552
6,1,0.9930261874943425,0.64,0.993861198425293,0.9999999403953552
6,1,0.9935709433622,0.64,0.9929786324501038,0.9999999403953552
6,1,0.9936765507309643,0.64,0.9926006197929382,0.9999999403953552
6,1,0.9936379228641552,0.66,0.9910129904747009,0.9999999403953552
6,1,0.9940679358461764,0.66,0.9910129904747009,0.9999999403953552
6,1,0.9941904728410097,0.64,0.9910129904747009,0.9999999403953552
6,1,0.9938778403844623,0.6,0.9923851490020752,1.0
6,1,0.9938960313165596,0.6,0.9886599779129028,1.0
6,1,0.993799486299174,0.58,0.9875460267066956,1.0
6,1,0.9939793799824783,0.52,0.941222071647644,1.0
6,1,0.9942936209978246,0.48,0.941222071647644,1.0
6,1,0.9940721911122912,0.44,0.941222071647644,1.0
6,1,0.9940975345388066,0.44,0.941222071647644,1.0
6,1,0.9945976490555444,0.44,0.9455174207687378,1.0
6,1,0.9951584035442447,0.44,0.9455174207687378,1.0
6,1,0.995232552937083,0.44,0.9362420439720154,1.0
6,1,0.9952370858147712,0.44,0.9362420439720154,1.0
6,1,0.9955016709948892,0.46,0.9362420439720154,1.0
6,1,0.9955370293113609,0.42,0.9390110373497009,1.0
6,1,0.9955723618514467,0.42,0.9253326654434204,1.0
6,1,0.9955873048443129,0.42,0.9341542720794678,1.0
6,1,0.9957112999678199,0.42,0.9341542720794678,1.0
6,1,0.9959387643693833,0.44,0.9290302395820618,1.0
6,1,0.9958620509994032,0.5,0.9204258322715759,1.0
6,1,0.9958726539244908,0.6,0.9847273826599121,1.0
6,1,0.9959429038086527,0.6,0.9860056638717651,1.0
6,1,0.9962193357921936,0.6,0.9905946254730225,1.0
6,1,0.9961809562930815,0.62,0.9905946254730225,1.0
6,1,0.9959340394970286,0.62,0.9905946254730225,1.0
6,1,0.9953833308070511,0.62,0.9881398677825928,1.0
6,1,0.9954585372667993,0.66,0.9881398677825928,1.0
6,1,0.9957817632530553,0.64,0.9881398677825928,1.0
6,1,0.9964538681061791,0.62,0.9914382696151733,1.0
6,1,0.9967001570038416,0.62,0.9905946254730225,1.0
6,1,0.9967017738410557,0.58,0.9860056638717651,1.0
6,1,0.996607920979274,0.56,0.9860056638717651,1.0
6,1,0.9965579442875033,0.48,0.9204258322715759,1.0
6,1,0.9966102829451233,0.42,0.9204258322715759,1.0
6,1,0.9966184324011322,0.4,0.9290302395820618,1.0
6,1,0.9967864518683786,0.4,0.9290302395820618,1.0
6,1,0.9968232087137443,0.4,0.9195812940597534,1.0
6,1,0.9972236547320612,0.4,0.9342384338378906,1.0
6,1,0.9971275081825643,0.44,0.9414316415786743,1.0
6,1,0.9970407421346644,0.42,0.9312686324119568,1.0
6,1,0.9969525285810293,0.42,0.9312686324119568,1.0
6,1,0.9970363457535261,0.48,0.9362420439720154,1.0
6,1,0.997207561347544,0.56,0.9909466505050659,1.0
6,1,0.997219063449393,0.58,0.9909466505050659,1.0
6,1,0.9971256508571403,0.64,0.9931321740150452,1.0
6,1,0.9971590689497761,0.64,0.9937344193458557,1.0
6,1,0.9972666326880475,0.66,0.9937344193458557,1.0
6,1,0.9973341248822976,0.64,0.9944583177566528,1.0
6,1,0.9973693795504239,0.64,0.9980005621910095,1.0
6,1,0.9974863071850488,0.64,0.9980005621910095,1.0
6,1,0.9972405631283363,0.64,0.9980005621910095,1.0
6,1,0.9969862351714782,0.64,0.9980005621910095,1.0
6,1,0.9967203721203902,0.64,0.9977715611457825,1.0
6,1,0.9963318940830316,0.64,0.9977715611457825,1.0
6,1,0.9964136167130746,0.64,0.9977715611457825,1.0
6,1,0.996405035355033,0.64,0.9977715611457825,1.0
6,1,0.9964424436650753,0.62,0.99787437915802,1.0
6,1,0.9964320178829336,0.6,0.9973606467247009,1.0
6,1,0.9962853073514357,0.6,0.9976935982704163,1.0
6,1,0.9961298436562585,0.6,0.9936111569404602,1.0
6,1,0.9961411444722031,0.6,0.9927756786346436,1.0
6,1,0.9962889661752232,0.6,0.9927756786346436,1.0
6,1,0.996503953831215,0.62,0.9928348064422607,1.0
6,1,0.9965533102224714,0.62,0.9896582961082458,1.0
6,1,0.996600984039478,0.62,0.9905503988265991,1.0
6,1,0.9966696669381412,0.62,0.9905503988265991,1.0
6,1,0.9967706778471133,0.6,0.9910354614257812,1.0
6,1,0.9967385989780355,0.6,0.9910354614257812,1.0
6,1,0.9967649191227386,0.6,0.9910354614257812,1.0
6,1,0.9968929822931683,0.58,0.9910354614257812,1.0
6,1,0.9970132308583279,0.6,0.984619677066803,1.0
6,1,0.997151454071802,0.6,0.984619677066803,1.0
6,1,0.9973905178659329,0.6,0.984619677066803,1.0
6,1,0.9972953339225459,0.6,0.984619677066803,1.0
6,1,0.9972117341343064,0.6,0.9877349734306335,1.0
6,1,0.9974249820230326,0.58,0.9927756786346436,1.0
6,1,0.9974982188940196,0.58,0.9895732998847961,1.0
6,1,0.9975079559557103,0.58,0.9907756447792053,1.0
6,1,0.9974640454487128,0.58,0.9907756447792053,1.0
6,1,0.9974370282077767,0.6,0.9907756447792053,1.0
6,1,0.9974330797037853,0.6,0.9888268709182739,1.0
6,1,0.9975929377278886,0.58,0.9912210702896118,1.0
6,1,0.9978705346328176,0.6,0.9912210702896118,1.0
6,1,0.9978572890020755,0.58,0.9907993674278259,1.0
6,1,0.9976004567129669,0.48,0.9507846236228943,1.0
6,1,0.9971866876446455,0.4,0.9507846236228943,1.0
6,1,0.9971659269384745,0.38,0.9507846236228943,1.0
6,1,0.9970348738403704,0.36,0.9479780793190002,1.0
6,1,0.9967678934409493,0.36,0.9479780793190002,1.0
6,1,0.9967222880834191,0.36,0.9065768122673035,1.0
6,1,0.9970498965481984,0.34,0.9065768122673035,1.0
6,1,0.9972342579976845,0.34,0.9114082455635071,1.0
6,1,0.9968980337022936,0.38,0.9114082455635071,1.0
6,1,0.9962445774174903,0.32,0.9065768122673035,1.0
6,1,0.9957280684676121,0.24,0.9105110168457031,1.0
6,1,0.9956951914595373,0.2,0.7437452077865601,1.0
6,1,0.9966307437493657,0.2,0.7686566710472107,0.9999999403953552
6,1,0.9966361075157821,0.18,0.7686566710472107,0.9999999403953552
6,1,0.9962688007798147,0.18,0.6732155084609985,0.9999999403953552
6,1,0.9960108504283743,0.16,0.6750328540802002,0.9999999403953552
6,1,0.9960007432597447,0.18,0.5799185037612915,0.9999999403953552
6,1,0.9959906739965053,0.16,0.614611804485321,0.9999999403953552
6,1,0.9958862101399972,0.16,0.6283525824546814,0.9999999403953552
6,1,0.995615302665507,0.16,0.6283525824546814,0.9999999403953552
6,1,0.9953741956682038,0.16,0.40542685985565186,0.9999999403953552
6,1,0.9951917118481497,0.16,0.08964714407920837,0.9999999403953552
6,1,0.9951185361708963,0.2,0.0977189913392067,0.9999999403953552
6,1,0.995282746967661,0.18,0.09123905748128891,0.9999999403953552
6,1,0.9952372293258909,0.16,0.09123905748128891,0.9999999403953552
6,1,0.9951599348590137,0.12,0.09123905748128891,0.9999999403953552
6,1,0.995180781987857,0.12,0.09123905748128891,0.9999999403953552
6,1,0.9952568044623286,0.1,0.09123905748128891,0.9999999403953552
6,1,0.9955580893044998,0.12,0.09123905748128891,0.9999999403953552
6,1,0.9959566242901373,0.14,0.11664946377277374,0.9999999403953552
6,1,0.9957215633763578,0.14,0.11664946377277374,0.9999999403953552
6,1,0.9954749466148692,0.14,0.11664946377277374,0.9999999403953552
6,1,0.9959140237146087,0.14,0.11664946377277374,0.9999999403953552
6,1,0.9963917430721909,0.14,0.1134396493434906,0.9999999403953552
6,1,0.9967765946762436,0.14,0.10565579682588577,0.9999999403953552
6,1,0.9972206711480159,0.16,0.11931239068508148,0.9999999403953552
6,1,0.9972304648545641,0.16,0.11931239068508148,0.9999999403953552
6,1,0.9972562125421577,0.16,0.11931239068508148,0.9999999403953552
6,1,0.9968643363786979,0.14,0.10565579682588577,0.9999999403953552
6,1,0.9960161936139764,0.14,0.10565579682588577,0.9999999403953552
6,1,0.995575511724702,0.14,0.10565579682588577,0.9999998807907104
6,1,0.9957255249997878,0.12,0.10565579682588577,0.9999998807907104
6,1,0.9955503402803174,0.12,0.08474097400903702,0.9999998807907104
6,1,0.9955059815550218,0.12,0.10565579682588577,0.9999998807907104
6,1,0.995221052980914,0.12,0.10565579682588577,0.9999998807907104
6,1,0.9948060205478848,0.12,0.10565579682588577,0.9999998807907104
6,1,0.9947213422082657,0.12,0.10565579682588577,0.9999998807907104
6,1,0.9947311591746312,0.12,0.10565579682588577,0.9999998807907104
6,1,0.9949952429665925,0.12,0.10565579682588577,0.9999998807907104
6,1,0.9952529912421959,0.12,0.10565579682588577,0.9999998807907104
6,1,0.9955847416807827,0.1,0.10565579682588577,0.9999998807907104
6,1,0.9952380199828297,0.1,0.10565579682588577,0.9999998807907104
6,1,0.9949509974518456,0.1,0.10565579682588577,0.9999998211860657
6,1,0.9950562443157495,0.12,0.0765511766076088,0.9999998211860657
6,1,0.994998601513061,0.12,0.0765511766076088,0.9999998211860657
6,1,0.9949677080257079,0.12,0.0765511766076088,0.9999998211860657
6,1,0.9949011389344974,0.12,0.0765511766076088,0.9999998807907104
6,1,0.9942299732199124,0.12,0.0869002416729927,0.9999998211860657
6,1,0.9946552560300239,0.12,0.0869002416729927,0.9999998211860657
6,1,0.9945686850910138,0.12,0.0869002416729927,0.9999998211860657
6,1,0.994185770408877,0.12,0.0869002416729927,0.9999998211860657
6,1,0.9944772686955348,0.12,0.0869002416729927,0.9999997615814209
6,1,0.9944155842152707,0.12,0.0869002416729927,0.9999998211860657
6,1,0.9944976274804397,0.12,0.0869002416729927,0.9999997615814209
6,1,0.9940905600855566,0.12,0.0869002416729927,0.9999997615814209
6,1,0.9938304285552345,0.12,0.0869002416729927,0.9999997615814209
6,1,0.9937285232355542,0.12,0.0869002416729927,0.9999997615814209
6,1,0.994861744475009,0.12,0.0869002416729927,0.9999997615814209
6,1,0.9953025067442118,0.14,0.09608202427625656,0.9999998211860657
6,1,0.9954652751264649,0.14,0.09608202427625656,0.9999998211860657
6,1,0.9953076707866835,0.14,0.15124091506004333,0.9999998211860657
6,1,0.9950568973507632,0.14,0.15124091506004333,0.9999998211860657
6,1,0.9955069827861767,0.14,0.15124091506004333,0.9999997615814209
6,1,0.9952738144797941,0.14,0.15124091506004333,0.9999997615814209
6,1,0.9952567589866398,0.16,0.15124091506004333,0.9999997615814209
6,1,0.9965646474225273,0.16,0.08713632076978683,0.9999996423721313
6,1,0.9963222628667531,0.18,0.08713632076978683,0.9999996423721313
6,1,0.9960400215326639,0.18,0.08713632076978683,0.9999995231628418
6,1,0.9962115906561567,0.18,0.04759514704346657,0.9999993443489075
6,1,0.9960722228136228,0.18,0.04759514704346657,0.9999992251396179
6,1,0.9956624536554871,0.16,0.04759514704346657,0.9999990463256836
6,1,0.995403266309799,0.16,0.04759514704346657,0.9999988079071045
6,1,0.9951634217924665,0.16,0.04759514704346657,0.9999986290931702
6,1,0.9949740938810664,0.16,0.052904870361089706,0.999998152256012
6,1,0.9943989331471773,0.16,0.052904870361089706,0.9999977946281433
6,1,0.9937101563219451,0.16,0.052904870361089706,0.9999971389770508
6,1,0.9934751092387722,0.14,0.052904870361089706,0.9999962449073792
6,1,0.9935100963935722,0.14,0.057878751307725906,0.9999954700469971
6,1,0.9935557561822841,0.14,0.057878751307725906,0.9999949336051941
6,1,0.9934637242393239,0.14,0.057878751307725906,0.9999945759773254
6,1,0.9932334971345652,0.16,0.04337722435593605,0.9999945759773254
6,1,0.9929740840073903,0.14,0.043944112956523895,0.9999946355819702
6,1,0.9923207480537128,0.14,0.043944112956523895,0.9999945759773254
6,1,0.9917293646706558,0.14,0.043944112956523895,0.9999939799308777
6,1,0.9908836527195599,0.14,0.043944112956523895,0.9999932646751404
6,1,0.9896398062386458,0.12,0.043944112956523895,0.9999923706054688
6,1,0.9888216813123779,0.12,0.043944112956523895,0.999991774559021
6,1,0.9867447636374905,0.12,0.04305073618888855,0.999993622303009
6,1,0.9809768973430473,0.12,0.07913018018007278,0.9999959468841553
6,1,0.9755582989446766,0.12,0.07913018018007278,0.9999960660934448
6,1,0.9754119002255545,0.12,0.09432889521121979,0.9999963045120239
6,1,0.9744118558794888,0.12,0.07122506946325302,0.9999974966049194
6,1,0.9731577388807158,0.12,0.07122506946325302,0.9999976754188538
6,1,0.9720779933522192,0.12,0.07122506946325302,0.9999974966049194
6,1,0.9684632548715935,0.12,0.07122506946325302,0.9999972581863403
6,1,0.971005933466334,0.1,0.07122506946325302,0.999997615814209
6,1,0.9744368325107858,0.1,0.07122506946325302,0.9999979138374329
6,1,0.974317411050729,0.14,0.07122506946325302,0.9999980330467224
6,1,0.9735900389416247,0.14,0.0726587250828743,0.9999980926513672
6,1,0.9742307650979941,0.12,0.0726587250828743,0.9999980330467224
6,1,0.9746498431372432,0.1,0.0726587250828743,0.9999976754188538
6,1,0.9736911636757845,0.1,0.09617943316698074,0.9999975562095642
6,1,0.9707415051490107,0.1,0.09617943316698074,0.9999974966049194
6,1,0.9696146425674942,0.1,0.09617943316698074,0.9999974966049194
6,1,0.968035436129142,0.12,0.07392724603414536,0.9999977350234985
6,1,0.9712644133651812,0.14,0.07392724603414536,0.9999982118606567
6,1,0.9750494840980583,0.14,0.07392724603414536,0.9999984502792358
6,1,0.9747257581353715,0.16,0.07392724603414536,0.9999987483024597
6,1,0.9760542981510444,0.14,0.07392724603414536,0.9999989867210388
6,1,0.9771526882145295,0.14,0.07392724603414536,0.9999990463256836
6,1,0.9766388950709675,0.14,0.16523072123527527,0.9999991655349731
6,1,0.9752198846402723,0.14,0.16523072123527527,0.9999992251396179
6,1,0.9744621055286139,0.12,0.16523072123527527,0.9999993443489075
6,1,0.974267112733632,0.12,0.16523072123527527,0.9999994039535522
6,1,0.9721463120881217,0.12,0.16523072123527527,0.9999995231628418
6,1,0.9755366748448938,0.12,0.16523072123527527,0.9999997019767761
6,1,0.97063077943453,0.14,0.09624540060758591,0.9999998211860657
6,1,0.9634175526705464,0.16,0.09624540060758591,0.9999998807907104
6,1,0.9660988675697043,0.18,0.09624540060758591,0.9999998807907104
6,1,0.9646691306053333,0.18,0.09624540060758591,0.9999998807907104
6,1,0.9666672724195872,0.18,0.11432334780693054,0.9999998807907104
6,1,0.9675679361322864,0.16,0.11432334780693054,0.9999999403953552
6,1,0.9667328151981817,0.16,0.0727098286151886,0.9999999403953552
6,1,0.9652206833661674,0.16,0.13585220277309418,0.9999999403953552
6,1,0.9651279399890705,0.16,0.13585220277309418,0.9999999403953552
6,1,0.9658937115009938,0.18,0.13585220277309418,0.9999999403953552
6,1,0.9650178473059042,0.18,0.13585220277309418,0.9999999403953552
6,1,0.9623087166645561,0.16,0.12720006704330444,0.9999998807907104
6,1,0.9647858304221428,0.16,0.11846397072076797,0.9999998807907104
6,1,0.9689321388201754,0.14,0.05141133815050125,0.9999998807907104
6,1,0.9675693178436043,0.14,0.05141133815050125,0.9999998807907104
6,1,0.9672521821871374,0.16,0.05141133815050125,0.9999998807907104
6,1,0.9683984604869217,0.12,0.05141133815050125,0.9999998807907104
6,1,0.966003539580481,0.16,0.05141133815050125,0.9999998807907104
6,1,0.9647646677480315,0.16,0.05551404878497124,0.9999998211860657
6,1,0.9626725503862498,0.16,0.05551404878497124,0.9999998211860657
6,1,0.9594202591821659,0.16,0.05551404878497124,0.9999998211860657
6,1,0.9633331251803954,0.16,0.06071753427386284,0.9999997615814209
6,1,0.9606399608454805,0.18,0.06071753427386284,0.9999997615814209
6,1,0.9580063900980209,0.18,0.06071753427386284,0.9999997615814209
6,1,0.961296562911513,0.18,0.06071753427386284,0.9999997615814209
6,1,0.9606700000038807,0.18,0.06071753427386284,0.9999998211860657
6,1,0.9603831898480929,0.18,0.06071753427386284,0.9999998807907104
6,1,0.9618946076523587,0.2,0.06071753427386284,0.9999999403953552
6,1,0.9532065774402393,0.2,0.11108246445655823,0.9999999403953552
6,1,0.9243363164735529,0.22,0.11108246445655823,0.9999999403953552
6,1,0.9103693512794043,0.2,0.11108246445655823,1.0
6,1,0.8879822710646987,0.22,0.11108246445655823,1.0
6,1,0.9245862726992321,0.22,0.11108246445655823,1.0
6,1,0.9276359811013235,0.22,0.11108246445655823,1.0
6,1,0.9262143671726738,0.22,0.11108246445655823,1.0
6,1,0.9233868847098464,0.22,0.11108246445655823,1.0
6,1,0.91990120135383,0.22,0.11108246445655823,1.0
6,1,0.9073120692578223,0.22,0.11108246445655823,1.0
6,1,0.9059711813994582,0.22,0.11108246445655823,1.0
6,1,0.9090662211560998,0.22,0.11108246445655823,1.0
6,1,0.9098665423749087,0.22,0.11108246445655823,1.0
6,1,0.9025437388632,0.22,0.11108246445655823,1.0
6,1,0.9116831530792177,0.22,0.11108246445655823,1.0
6,1,0.9238961208654994,0.22,0.11108246445655823,1.0
6,1,0.929576095350707,0.22,0.11108246445655823,1.0
6,1,0.9364345246807514,0.2,0.11108246445655823,1.0
6,1,0.941568395516356,0.2,0.1315416544675827,1.0
6,1,0.9476215209817065,0.18,0.09206735342741013,1.0
6,1,0.9522665854683119,0.18,0.09206735342741013,1.0
6,1,0.9532685367905458,0.18,0.09206735342741013,1.0
6,1,0.955678391394074,0.18,0.11511124670505524,1.0
6,1,0.9586318592486739,0.16,0.24388360977172852,1.0
6,1,0.958055943600717,0.16,0.24388360977172852,1.0
6,1,0.9568945809475405,0.28,0.1889062523841858,1.0
6,1,0.9552754974516544,0.24,0.16118091344833374,1.0
6,1,0.9542907123983597,0.22,0.670805811882019,1.0
6,1,0.952053014413812,0.24,0.8060014843940735,1.0
6,1,0.9497107712184498,0.3,0.8377060890197754,1.0
6,1,0.9511407168323106,0.3,0.8184739947319031,1.0
6,1,0.9538770714841412,0.3,0.8184739947319031,1.0
6,1,0.9566240729537139,0.3,0.7756478190422058,1.0
6,1,0.958699780482186,0.26,0.22072003781795502,1.0
6,1,0.9597211972070447,0.28,0.22072003781795502,1.0
6,1,0.9591186811068582,0.26,0.22072003781795502,1.0
6,1,0.9581650495182285,0.26,0.22072003781795502,1.0
6,1,0.9599047383577732,0.26,0.22072003781795502,1.0
6,1,0.9582895718876777,0.26,0.22072003781795502,1.0
6,1,0.9575684520148354,0.24,0.22072003781795502,1.0
6,1,0.9640013291344902,0.22,0.22072003781795502,1.0
6,1,0.9638886073173452,0.24,0.25556665658950806,1.0
6,1,0.9664937375695046,0.24,0.25556665658950806,1.0
6,1,0.9554335672764611,0.24,0.25556665658950806,1.0
6,1,0.9578982341250578,0.26,0.25556665658950806,1.0
6,1,0.9516033846312743,0.28,0.2206224650144577,1.0
6,1,0.9125335295559145,0.26,0.775549054145813,1.0
6,1,0.8824580264603519,0.26,0.7982075810432434,1.0
6,1,0.8840557165053725,0.22,0.6279988288879395,0.9999999403953552
6,1,0.9264698546629594,0.2,0.4864058494567871,0.9999998807907104
6,1,0.9326835036756194,0.18,0.45334094762802124,0.9999998807907104
6,1,0.9244046433451587,0.18,0.45334094762802124,0.9999998211860657
6,1,0.9223140569802878,0.16,0.48928162455558777,0.9999997615814209
6,1,0.9189455697086925,0.1,0.45629581809043884,0.9999997615814209
6,1,0.9132965536731152,0.1,0.6519041061401367,0.9999997019767761
6,1,0.8994367166899775,0.1,0.6519041061401367,0.9999997615814209
6,1,0.8832404265780043,0.1,0.6519041061401367,0.9999997615814209
6,1,0.8837882542810453,0.1,0.6519041061401367,0.9999997615814209
6,1,0.8853505264679512,0.1,0.6519041061401367,0.9999998211860657
6,1,0.889698898240671,0.1,0.48295801877975464,0.9999998211860657
6,1,0.8804039364964606,0.16,0.47998282313346863,0.9999998807907104
6,1,0.8882780876780946,0.16,0.47998282313346863,0.9999998807907104
6,1,0.8902194971617826,0.16,0.44503116607666016,0.9999999403953552
6,1,0.906827277393102,0.18,0.5034146308898926,0.9999999403953552
6,1,0.9238850761325867,0.18,0.09519755095243454,0.9999999403953552
6,1,0.9305256179698855,0.22,0.08417108654975891,1.0
6,1,0.932791389487626,0.22,0.08417108654975891,1.0
6,1,0.9342520507809957,0.18,0.06583267450332642,1.0
6,1,0.929110896066476,0.22,0.06583267450332642,1.0
6,1,0.9365552213091757,0.2,0.08478101342916489,1.0
6,1,0.9390981969894783,0.18,0.08061759173870087,1.0
6,1,0.9488643265995017,0.18,0.14811241626739502,1.0
6,1,0.9600060376040624,0.18,0.1266118735074997,1.0
6,1,0.9620760698850005,0.18,0.1266118735074997,1.0
6,1,0.9620463425518434,0.18,0.1266118735074997,1.0
6,1,0.9639080538575061,0.2,0.1266118735074997,1.0
6,1,0.9704834390226734,0.2,0.1266118735074997,1.0
6,1,0.9716320370813339,0.22,0.10744195431470871,1.0
6,1,0.9718251027505959,0.22,0.10744195431470871,1.0
6,1,0.9747687425628282,0.22,0.10744195431470871,1.0
6,1,0.9764826986814622,0.2,0.1494503766298294,1.0
6,1,0.9757767130564551,0.18,0.1494503766298294,1.0
6,1,0.9709824852063542,0.2,0.1494503766298294,1.0
6,1,0.9686080366445384,0.18,0.17405621707439423,1.0
6,1,0.9706571157543918,0.18,0.6379411220550537,0.9999999403953552
6,1,0.9670164797955197,0.16,0.6505215167999268,0.9999998807907104
6,1,0.961601613652861,0.16,0.516522228717804,0.9999998211860657
6,1,0.9534913370752962,0.2,0.6647719144821167,0.9999997019767761
6,1,0.9451954536243026,0.18,0.5145527124404907,0.9999995827674866
6,1,0.9352196752416211,0.14,0.5247800946235657,0.9999992847442627
6,1,0.9196431422142346,0.16,0.4699617326259613,0.9999986886978149
6,1,0.8950899513276086,0.16,0.4571114182472229,0.9999978542327881
6,1,0.8905796674686965,0.1,0.4600701928138733,0.9999968409538269
6,1,0.8851200510986885,0.08,0.6307775378227234,0.9999958276748657
6,1,0.8728158344180298,0.1,0.6307775378227234,0.9999945759773254
6,1,0.8625175577124575,0.12,0.4079357385635376,0.9999934434890747
6,1,0.8639567782294232,0.12,0.3488796353340149,0.9999924898147583
6,1,0.8711845027464261,0.12,0.3488796353340149,0.9999920725822449
6,1,0.864558696231316,0.12,0.3705807328224182,0.999991774559021
6,1,0.8599031558962082,0.12,0.3705807328224182,0.9999926090240479
6,1,0.8517743145919547,0.12,0.3705807328224182,0.9999931454658508
6,1,0.8632218558139186,0.12,0.3705807328224182,0.9999938607215881
6,1,0.8803598333943459,0.12,0.3705807328224182,0.9999945759773254
6,1,0.8840741371783783,0.12,0.3705807328224182,0.9999942183494568
6,1,0.8872136733919072,0.12,0.3705807328224182,0.9999945759773254
6,1,0.9005295990686533,0.12,0.3705807328224182,0.9999953508377075
6,1,0.9041882197296902,0.12,0.5934709906578064,0.9999961256980896
6,1,0.9060658154275221,0.12,0.5934709906578064,0.9999964237213135
6,1,0.8967895250161312,0.12,0.4213385581970215,0.9999967217445374
6,1,0.8779857663746353,0.18,0.41843581199645996,0.9999969601631165
6,1,0.8930394528667784,0.18,0.41843581199645996,0.9999978542327881
6,1,0.9088489667470486,0.18,0.38465073704719543,0.9999985694885254
6,1,0.9243184197901786,0.18,0.5002768039703369,0.9999991059303284
6,1,0.9272620130859356,0.2,0.5628087520599365,0.9999993443489075
6,1,0.9306952758111883,0.2,0.5293048024177551,0.9999995231628418
6,1,0.9318920154819018,0.2,0.4630156457424164,0.9999997019767761
6,1,0.9329747275273983,0.14,0.4630156457424164,0.9999997615814209
6,1,0.9358497195649099,0.14,0.4630156457424164,0.9999998211860657
6,1,0.9381738401001533,0.14,0.4630156457424164,0.9999998807907104
6,1,0.9408253839652391,0.14,0.4630156457424164,0.9999998807907104
6,1,0.9448158387722896,0.14,0.4630156457424164,0.9999998807907104
6,1,0.9435037542353694,0.14,0.4630156457424164,0.9999998807907104
6,1,0.9325824025212194,0.14,0.4630156457424164,0.9999998807907104
6,1,0.9291257772734554,0.14,0.4630156457424164,0.9999998807907104
6,1,0.9306333495119397,0.12,0.4630156457424164,0.9999999403953552
6,1,0.9364576489836732,0.14,0.4630156457424164,0.9999999403953552
6,1,0.9319696762181494,0.14,0.4630156457424164,0.9999998807907104
6,1,0.9266954674646051,0.14,0.4630156457424164,0.9999998807907104
6,1,0.921015934814113,0.18,0.6598547697067261,0.9999998211860657
6,1,0.916305017551216,0.18,0.5768094658851624,0.9999997019767761
6,1,0.9101421947157637,0.18,0.6094271540641785,0.9999996423721313
6,1,0.901348448211,0.14,0.5899901390075684,0.9999995231628418
6,1,0.8834657365801045,0.14,0.5318043231964111,0.9999994039535522
6,1,0.8676450166122299,0.14,0.47326624393463135,0.9999991655349731
6,1,0.8493255060773308,0.12,0.5084040760993958,0.999998927116394
6,1,0.8586709690426904,0.12,0.5084040760993958,0.9999986886978149
6,1,0.8728840707802487,0.06,0.48782622814178467,0.9999983906745911
6,1,0.8681063329670089,0.08,0.6563135981559753,0.9999980330467224
6,1,0.855931382225063,0.08,0.6772473454475403,0.9999976754188538
6,1,0.8490091053327411,0.08,0.6772473454475403,0.9999973773956299
6,1,0.8463047544098924,0.08,0.6772473454475403,0.999997079372406
6,1,0.8459515002648818,0.08,0.6772473454475403,0.9999967217445374
6,1,0.8469100474478588,0.1,0.6772473454475403,0.9999956488609314
6,1,0.8268874506386525,0.1,0.6772473454475403,0.9999940991401672
6,1,0.7841545312076018,0.1,0.7177820205688477,0.9999932050704956
6,1,0.8169330163836914,0.1,0.5591891407966614,0.9999889731407166
6,1,0.8809614593884499,0.14,0.532880961894989,0.9999839067459106
6,1,0.8975151819376608,0.14,0.48797842860221863,0.999984085559845
6,1,0.8971350114753601,0.16,0.554741382598877,0.9999850988388062
6,1,0.8948072524968231,0.16,0.6116546988487244,0.9999870657920837
6,1,0.8927626935995752,0.18,0.6661466956138611,0.9999886751174927
6,1,0.8927283169646968,0.2,0.6661466956138611,0.9999905228614807
6,1,0.8933031988850507,0.22,0.6354321241378784,0.9999921321868896
6,1,0.8931890968638269,0.22,0.71270352602005,0.9999929070472717
6,1,0.8840364936500801,0.16,0.6193154454231262,0.999993622303009
6,1,0.8623485008917091,0.16,0.6193154454231262,0.9999942183494568
6,1,0.8559973658443942,0.16,0.6193154454231262,0.9999952912330627
6,1,0.8535734944797294,0.16,0.5730504393577576,0.9999961256980896
6,1,0.8619908032702206,0.16,0.5730504393577576,0.9999967813491821
6,1,0.8759157587868442,0.16,0.5552905201911926,0.9999969005584717
6,1,0.8874524099119162,0.16,0.5730504393577576,0.9999971389770508
6,1,0.8805137177691826,0.16,0.5730504393577576,0.9999967217445374
6,1,0.8762257606183919,0.16,0.5730504393577576,0.9999960660934448
6,1,0.8695947413240522,0.16,0.5730504393577576,0.9999951720237732
6,1,0.862479167197821,0.16,0.5730504393577576,0.9999937415122986
6,1,0.8553561511326081,0.16,0.5730504393577576,0.9999915957450867
6,1,0.8572719147845708,0.18,0.5730504393577576,0.9999875426292419
6,1,0.8620509375751543,0.22,0.6717730164527893,0.9999811053276062
6,1,0.8621625985264597,0.2,0.5898286700248718,0.9999738335609436
6,1,0.8534104382702689,0.2,0.622100293636322,0.9999687671661377
6,1,0.8492394530548811,0.16,0.622100293636322,0.99996417760849
6,1,0.8544402595609937,0.16,0.5651124715805054,0.9999604225158691
6,1,0.8638397926712504,0.16,0.5068772435188293,0.9999563097953796
6,1,0.8693726011454628,0.14,0.5419430136680603,0.9999529719352722
6,1,0.8706196379679062,0.14,0.5419430136680603,0.9999503493309021
6,1,0.8713458395167607,0.14,0.5419430136680603,0.999945878982544
6,1,0.872622352835249,0.12,0.577487587928772,0.9999421834945679
6,1,0.8705122343176126,0.08,0.5448997616767883,0.9999399781227112
6,1,0.8682709144931181,0.08,0.5448997616767883,0.9999450445175171
6,1,0.8597278745420074,0.08,0.7059299945831299,0.9999586939811707
6,1,0.8655857112724761,0.08,0.7059299945831299,0.999955952167511
6,1,0.8478967789546515,0.08,0.7059299945831299,0.9999566674232483
6,1,0.8294718929581187,0.08,0.5448997616767883,0.9999772906303406
6,1,0.8072895334695891,0.06,0.5448997616767883,0.9999834895133972
6,1,0.7927470269152022,0.08,0.577487587928772,0.9999847412109375
6,1,0.7800067246833625,0.12,0.5419430136680603,0.9999886751174927
6,1,0.7796760147406947,0.12,0.5419430136680603,0.9999909996986389
6,1,0.784586966023573,0.12,0.5419430136680603,0.9999919533729553
6,1,0.7903210045084811,0.14,0.5068772435188293,0.9999927878379822
6,1,0.7976544310250901,0.14,0.5651124715805054,0.9999935030937195
6,1,0.8057779319895968,0.14,0.5651124715805054,0.9999943971633911
6,1,0.8162457893609745,0.14,0.622100293636322,0.9999954104423523
6,1,0.8278832447178894,0.18,0.622100293636322,0.9999963045120239
6,1,0.8372215372658921,0.18,0.5898286700248718,0.9999969601631165
6,1,0.8550150122571502,0.18,0.5898286700248718,0.9999969601631165
6,1,0.8605678142993738,0.18,0.6717730164527893,0.9999969601631165
6,1,0.8372604675639013,0.14,0.5244044661521912,0.999997079372406
6,1,0.822931618640216,0.14,0.5244044661521912,0.9999976754188538
6,1,0.8290067215939931,0.14,0.5720037817955017,0.9999979734420776
6,1,0.8510234754901049,0.14,0.5720037817955017,0.999998152256012
6,1,0.8468404057714768,0.14,0.5720037817955017,0.9999980926513672
6,1,0.8331024729499511,0.14,0.5720037817955017,0.9999980330467224
6,1,0.8202449452185258,0.14,0.5720037817955017,0.9999977946281433
6,1,0.8002878865399013,0.14,0.5720037817955017,0.9999971985816956
6,1,0.7965015352964707,0.14,0.5720037817955017,0.9999966621398926
6,1,0.7911536330064807,0.14,0.5244044661521912,0.9999960660934448
6,1,0.7955896559632955,0.14,0.5244044661521912,0.9999957084655762
6,1,0.7851796752025926,0.14,0.5244044661521912,0.9999954104423523
6,1,0.7641222942365412,0.14,0.5244044661521912,0.9999948143959045
6,1,0.7293353021058779,0.14,0.5244044661521912,0.9999943375587463
6,1,0.681171755636777,0.14,0.5244044661521912,0.9999940991401672
6,1,0.6900964831165618,0.14,0.5244044661521912,0.9999936819076538
6,1,0.7143591178705528,0.14,0.5244044661521912,0.9999934434890747
6,1,0.7512768177308873,0.14,0.5244044661521912,0.9999935030937195
6,1,0.7881148518021694,0.14,0.5244044661521912,0.999993622303009
6,1,0.7929772068122877,0.14,0.5244044661521912,0.9999929666519165
6,1,0.79497473205258,0.14,0.5244044661521912,0.9999922513961792
6,1,0.8083254814336465,0.18,0.5244044661521912,0.9999900460243225
6,1,0.8170426835555559,0.18,0.6717730164527893,0.9999870657920837
6,1,0.8214381665149287,0.18,0.6390812397003174,0.9999849200248718
6,1,0.821072048657784,0.18,0.5793039798736572,0.9999845623970032
6,1,0.820666328749216,0.18,0.5793039798736572,0.9999840259552002
6,1,0.8197413669754317,0.18,0.5793039798736572,0.9999839067459106
6,1,0.8201724445177606,0.18,0.5793039798736572,0.9999833703041077
6,1,0.8221263399890902,0.18,0.5793039798736572,0.9999827146530151
6,1,0.826669696309775,0.18,0.5793039798736572,0.9999819993972778
6,1,0.8313319504295119,0.18,0.42589911818504333,0.9999828338623047
6,1,0.8396395523972533,0.14,0.42589911818504333,0.9999842643737793
6,1,0.8511205819793297,0.14,0.42589911818504333,0.999984085559845
6,1,0.8621473086801255,0.14,0.42589911818504333,0.9999840259552002
6,1,0.8747802651599915,0.14,0.42589911818504333,0.9999807476997375
6,1,0.884046363339845,0.14,0.33021751046180725,0.9999752044677734
6,1,0.8795810240912091,0.14,0.3740537166595459,0.9999754428863525
6,1,0.8627862211082981,0.14,0.3740537166595459,0.9999803900718689
6,1,0.8679404569168486,0.14,0.3740537166595459,0.9999853372573853
6,1,0.8811299715988155,0.14,0.3740537166595459,0.9999885559082031
6,1,0.8787904714287146,0.14,0.39533939957618713,0.9999898076057434
6,1,0.8776436403382611,0.14,0.49591895937919617,0.9999905228614807
6,1,0.8796912758761032,0.14,0.49591895937919617,0.999990701675415
6,1,0.8695692569055185,0.14,0.5895353555679321,0.9999906420707703
6,1,0.8719245516018244,0.14,0.5895353555679321,0.9999926090240479
6,1,0.8742158066426365,0.14,0.4480234384536743,0.9999927282333374
6,1,0.8531298360196915,0.14,0.4480234384536743,0.9999927878379822
6,1,0.8395630578362151,0.14,0.4480234384536743,0.9999938607215881
6,1,0.8381436827079366,0.14,0.4471525251865387,0.9999939799308777
6,1,0.8386176095246954,0.14,0.4471525251865387,0.999993622303009
6,1,0.8352409607720248,0.14,0.4471525251865387,0.9999927282333374
6,1,0.8285737045968882,0.14,0.4471525251865387,0.9999912977218628
6,1,0.8239237645741628,0.14,0.4471525251865387,0.9999892711639404
6,1,0.8225039573641115,0.14,0.4471525251865387,0.9999873042106628
6,1,0.8269080897929983,0.14,0.4471525251865387,0.9999830722808838
6,1,0.8256173445440665,0.14,0.40745243430137634,0.9999808669090271
6,1,0.8242307159300774,0.14,0.3136509656906128,0.9999762773513794
6,1,0.8066745402135775,0.18,0.45894622802734375,0.999968945980072
6,1,0.8098083741918843,0.18,0.45894622802734375,0.999961793422699
6,1,0.8214712509829187,0.18,0.37342679500579834,0.999953031539917
6,1,0.8415310944350148,0.18,0.37342679500579834,0.9999450445175171
6,1,0.8356297480594189,0.18,0.47279059886932373,0.9999438524246216
6,1,0.8124036334631421,0.18,0.47279059886932373,0.999936580657959
6,1,0.7894249319675442,0.18,0.05293591693043709,0.9999275803565979
6,1,0.7890825471777995,0.16,0.05293591693043709,0.999926745891571
6,1,0.7845374429040551,0.16,0.060344140976667404,0.999926745891571
6,1,0.7792783061615968,0.16,0.060344140976667404,0.9999278783798218
6,1,0.7747801271182151,0.16,0.05711564049124718,0.9999317526817322
6,1,0.7869094869804086,0.16,0.05096949264407158,0.9999195337295532
6,1,0.8065597029218444,0.14,0.04584459960460663,0.999910295009613
6,1,0.831087205718282,0.14,0.05373295396566391,0.9998973608016968
6,1,0.8411870279699294,0.12,0.031413447111845016,0.9999139904975891
6,1,0.8455896612149377,0.12,0.031413447111845016,0.9999215602874756
6,1,0.8482128427196357,0.12,0.03335351496934891,0.9999260306358337
6,1,0.8520326299509866,0.12,0.05469224229454994,0.999932050704956
6,1,0.8591207366672612,0.12,0.05469224229454994,0.9999425411224365
6,1,0.8699089777618478,0.12,0.05469224229454994,0.9999547600746155
6,1,0.857421417825515,0.12,0.05192258954048157,0.9999624490737915
6,1,0.8606335616233103,0.12,0.048118311911821365,0.9999673366546631
6,1,0.8829231733629666,0.12,0.051716651767492294,0.9999756217002869
6,1,0.904954850416235,0.12,0.04112832248210907,0.9999816417694092
6,1,0.9036998357278436,0.12,0.04112832248210907,0.9999900460243225
6,1,0.9021090807832478,0.12,0.06353060156106949,0.9999939799308777
6,1,0.9011331354358919,0.12,0.07271193712949753,0.9999961853027344
6,1,0.9020491302409471,0.12,0.0767502710223198,0.9999973773956299
6,1,0.9062680063492747,0.12,0.0767502710223198,0.9999979138374329
6,1,0.9072584127683376,0.12,0.0767502710223198,0.9999982714653015
6,1,0.8998813888122096,0.12,0.0767502710223198,0.9999985098838806
6,1,0.896507865007741,0.12,0.0782812088727951,0.9999988675117493
6,1,0.8961872960461692,0.12,0.0782812088727951,0.9999990463256836
6,1,0.9113125206344128,0.12,0.07271193712949753,0.9999990463256836
6,1,0.9300231298402521,0.12,0.07271193712949753,0.9999991059303284
6,1,0.9324180255745755,0.12,0.08596034348011017,0.9999990463256836
6,1,0.932701495895433,0.12,0.08596034348011017,0.9999989867210388
6,1,0.9302841890503256,0.12,0.060519739985466,0.999998927116394
6,1,0.929138431949593,0.12,0.06371715664863586,0.9999986886978149
6,1,0.9275377477540193,0.12,0.06371715664863586,0.9999984502792358
6,1,0.9255684420138023,0.12,0.06371715664863586,0.999998152256012
6,1,0.9232013423910794,0.12,0.06371715664863586,0.9999976754188538
6,1,0.9063548123653434,0.16,0.09656260162591934,0.9999968409538269
6,1,0.9080952636073002,0.16,0.08928179740905762,0.9999961853027344
6,1,0.9124403916796524,0.12,0.10090401023626328,0.9999948143959045
6,1,0.9116152211652836,0.12,0.053039487451314926,0.9999934434890747
6,1,0.9023685363829451,0.12,0.035059861838817596,0.999993085861206
6,1,0.8857779510006346,0.1,0.04014236852526665,0.999991774559021
6,1,0.8778536961412896,0.1,0.04014236852526665,0.9999893307685852
6,1,0.8909787436981046,0.12,0.0353408008813858,0.9999895691871643
6,1,0.8824497230730881,0.06,0.037168435752391815,0.9999886751174927
6,1,0.8839445495328915,0.06,0.03309344872832298,0.999986469745636
6,1,0.8792011805883928,0.06,0.053556229919195175,0.999984085559845
6,1,0.8664174878467972,0.06,0.053556229919195175,0.9999839067459106
6,1,0.8532849539595831,0.06,0.03309344872832298,0.9999836683273315
6,1,0.8377141786650895,0.06,0.03309344872832298,0.9999810457229614
6,1,0.848409898225822,0.12,0.03309344872832298,0.9999811053276062
6,1,0.8640180975342652,0.12,0.03271424397826195,0.9999817609786987
6,1,0.8809229104271452,0.12,0.03271424397826195,0.9999828934669495
6,1,0.8799178939836869,0.14,0.03271424397826195,0.9999828338623047
6,1,0.8809387218754238,0.14,0.03037475422024727,0.9999836087226868
6,1,0.8819896358175857,0.14,0.060036174952983856,0.9999853372573853
6,1,0.8833869993250927,0.14,0.07351753860712051,0.999986469745636
6,1,0.88628571111282,0.16,0.06983280926942825,0.9999868273735046
6,1,0.893596851660784,0.16,0.06983280926942825,0.999985933303833
6,1,0.905028844400189,0.12,0.04904145747423172,0.999984085559845
6,1,0.8976337737232883,0.12,0.04476064443588257,0.9999897480010986
6,1,0.9009417093345318,0.12,0.04476064443588257,0.9999908208847046
6,1,0.9030376549203223,0.12,0.047644179314374924,0.9999918937683105
6,1,0.9017775026988174,0.12,0.06806442886590958,0.9999927878379822
6,1,0.9017735305342188,0.12,0.06806442886590958,0.9999933838844299
6,1,0.9084555852717888,0.12,0.05740097537636757,0.9999937415122986
6,1,0.9051841410591849,0.12,0.05740097537636757,0.999993085861206
6,1,0.9152471139822488,0.12,0.05740097537636757,0.9999927282333374
6,1,0.9191191650424495,0.12,0.05740097537636757,0.9999922513961792
6,1,0.9179975812747653,0.12,0.05740097537636757,0.9999920725822449
6,1,0.9152382605773103,0.12,0.05740097537636757,0.9999920129776001
6,1,0.9195371969327285,0.12,0.05740097537636757,0.9999895095825195
6,1,0.9231293276017138,0.12,0.05122579261660576,0.999986469745636
6,1,0.9237707255375737,0.12,0.05122579261660576,0.9999844431877136
6,1,0.9241019585164175,0.12,0.05122579261660576,0.9999887943267822
6,1,0.91483147580467,0.12,0.05122579261660576,0.9999735951423645
6,1,0.9095752778596693,0.12,0.061422333121299744,0.9999532103538513
6,1,0.9022799497646695,0.12,0.06980777531862259,0.9999325275421143
6,1,0.8868714564857326,0.12,0.08380035310983658,0.9999179244041443
6,1,0.8647664186169903,0.12,0.0589577853679657,0.9998868703842163
6,1,0.8620450476269648,0.12,0.0589577853679657,0.9998237490653992
6,1,0.8556070625057756,0.12,0.06207812577486038,0.9997471570968628
6,1,0.8335098609662251,0.12,0.06752605736255646,0.9995719790458679
6,1,0.7732417941458356,0.14,0.11252307891845703,0.9995204210281372
6,1,0.788170355218189,0.14,0.07165258377790451,0.9995092153549194
6,1,0.7925255998405837,0.12,0.0811844915151596,0.9843908548355103
6,1,0.8740191653977698,0.1,0.04223465546965599,0.9996166825294495
6,1,0.8852221158953756,0.1,0.031681448221206665,0.9994403719902039
6,1,0.8875213111529058,0.08,0.02145116962492466,0.9992589354515076
6,1,0.8889565065702698,0.04,0.034362222999334335,0.9992716908454895
6,1,0.891222175307475,0.04,0.053445685654878616,0.9989754557609558
6,1,0.8922078096470004,0.04,0.027206871658563614,0.9996318817138672
6,1,0.9033050545501755,0.04,0.028796393424272537,0.9997264742851257
6,1,0.9082452653257093,0.04,0.028796393424272537,0.999731183052063
6,1,0.9137598097881852,0.04,0.027206871658563614,0.9997580051422119
6,1,0.9184152664496898,0.04,0.029840901494026184,0.9997856616973877
6,1,0.9271923774904448,0.04,0.029840901494026184,0.9998096823692322
6,1,0.9292002685810171,0.04,0.04034723713994026,0.9998252987861633
6,1,0.935516993314681,0.04,0.04034723713994026,0.999840497970581
6,1,0.9332974695962687,0.04,0.04034723713994026,0.9998603463172913
6,1,0.9389140819470231,0.06,0.036932505667209625,0.9998989105224609
6,1,0.9364750545551069,0.06,0.036932505667209625,0.9999213814735413
6,1,0.9418156435052336,0.06,0.036932505667209625,0.9999493956565857
6,1,0.9537023942791808,0.06,0.04144354164600372,0.9999552369117737
6,1,0.9583241993991178,0.06,0.03946583345532417,0.9999502301216125
6,1,0.9579449191516617,0.06,0.017046021297574043,0.9999576210975647
6,1,0.9558668425232942,0.06,0.017046021297574043,0.9999651312828064
6,1,0.9625092026322632,0.04,0.017478715628385544,0.9999675154685974
6,1,0.963739576739442,0.04,0.017478715628385544,0.999968945980072
6,1,0.960473369065497,0.04,0.024733420461416245,0.9999641180038452
6,1,0.9483948537697615,0.04,0.020485764369368553,0.9999611377716064
6,1,0.9248738531885589,0.04,0.04927031695842743,0.9999490976333618
6,1,0.9330031363936172,0.04,0.06986422836780548,0.9999675154685974
6,1,0.9545184129784021,0.04,0.07049378007650375,0.9999833106994629
6,1,0.9595317184267562,0.04,0.07049378007650375,0.9999809265136719
6,1,0.9659583434345065,0.04,0.07049378007650375,0.9999802708625793
6,1,0.9645965630048863,0.04,0.0645100474357605,0.999980092048645
6,1,0.9643843244602939,0.04,0.0645100474357605,0.9999805688858032
6,1,0.9620786375453004,0.04,0.0645100474357605,0.999981701374054
6,1,0.9595119645512118,0.04,0.05910686403512955,0.9999821186065674
6,1,0.9583284998947704,0.04,0.06370564550161362,0.9999815225601196
6,1,0.9544358421565501,0.04,0.1443529725074768,0.9999817609786987
6,1,0.952799778976279,0.04,0.1443529725074768,0.9999806880950928
6,1,0.9501940138582166,0.04,0.1443529725074768,0.9999799728393555
6,1,0.9492881952359987,0.04,0.09973939508199692,0.9999790191650391
6,1,0.9498158363428472,0.04,0.08944164961576462,0.9999776482582092
6,1,0.948720720200325,0.04,0.08944164961576462,0.9999778270721436
6,1,0.9487384542621582,0.04,0.06949181854724884,0.9999775886535645
6,1,0.9379351410830357,0.04,0.06949181854724884,0.9999743103981018
6,1,0.9340130738947783,0.04,0.08300614356994629,0.9999744892120361
6,1,0.9317076248949034,0.04,0.10639208555221558,0.9999738335609436
6,1,0.9454114525156418,0.04,0.11007370799779892,0.9999710917472839
6,1,0.9583895433239195,0.04,0.023131856694817543,0.999958872795105
6,1,0.9584865749472747,0.04,0.01924227923154831,0.9999377131462097
6,1,0.9587270336820085,0.04,0.016546137630939484,0.9999445080757141
6,1,0.961651415455845,0.04,0.016546137630939484,0.9999477863311768
6,1,0.9621155006565264,0.04,0.02100769616663456,0.9999389052391052
6,1,0.9567179479895513,0.04,0.018543314188718796,0.9999361634254456
6,1,0.9291836124761275,0.04,0.08787118643522263,0.9999212622642517
6,1,0.8831071118178428,0.04,0.09054755419492722,0.999880313873291
6,1,0.907061561682622,0.04,0.10859736800193787,0.999901533126831
6,1,0.9538005818212726,0.04,0.0522661954164505,0.9999475479125977
6,1,0.9468848465727142,0.04,0.0522661954164505,0.9999448657035828
6,1,0.944642657568563,0.04,0.055236637592315674,0.9999390244483948
6,1,0.9502899051152703,0.04,0.03186076134443283,0.9999223947525024
6,1,0.9441126212847533,0.04,0.037577591836452484,0.9999148845672607
6,1,0.9361794522453334,0.04,0.037577591836452484,0.9999052286148071
6,1,0.9295814426948289,0.06,0.037577591836452484,0.9998902678489685
6,1,0.9345745871316177,0.06,0.04111986979842186,0.9998809099197388
6,1,0.9459760660992836,0.06,0.020337479189038277,0.9998749494552612
6,1,0.9467416912132055,0.06,0.017196564003825188,0.999867856502533
6,1,0.9512961998423297,0.06,0.026745496317744255,0.9998660087585449
6,1,0.9567817439027164,0.06,0.025295859202742577,0.9998714923858643
6,1,0.9598495534429708,0.06,0.025295859202742577,0.9998809099197388
6,1,0.9616945438031417,0.06,0.025295859202742577,0.999887228012085
6,1,0.9617419764871202,0.06,0.025295859202742577,0.9998924732208252
6,1,0.9615983834142648,0.06,0.02816939912736416,0.9998950958251953
6,1,0.9615621328381527,0.06,0.02816939912736416,0.9998930096626282
6,1,0.9619268787128795,0.06,0.02816939912736416,0.9998936057090759
6,1,0.9625325848045941,0.06,0.02816939912736416,0.9998984932899475
6,1,0.9636365285357624,0.06,0.02816939912736416,0.9999027252197266
6,1,0.965214272801452,0.06,0.02816939912736416,0.9999041557312012
6,1,0.9650745241496157,0.06,0.025679003447294235,0.999911904335022
6,1,0.9653811113402004,0.06,0.030596720054745674,0.9999187588691711
6,1,0.9665621929715111,0.06,0.030596720054745674,0.999925434589386
6,1,0.9689274257162692,0.06,0.02794915996491909,0.999932050704956
6,1,0.9664932547253091,0.06,0.03141127899289131,0.9999321699142456
6,1,0.9689449797824253,0.06,0.03141127899289131,0.999936044216156
6,1,0.9695840288647805,0.06,0.03141127899289131,0.9999390244483948
6,1,0.9723499681665851,0.06,0.03640386089682579,0.9999351501464844
6,1,0.9737927706466127,0.06,0.022242117673158646,0.9999357461929321
6,1,0.9757637810529,0.04,0.010907480493187904,0.9999405145645142
6,1,0.9793029573076081,0.04,0.007685316726565361,0.9999349117279053
6,1,0.9811617385709842,0.04,0.005653101485222578,0.9999389052391052
6,1,0.9806285471677673,0.04,0.006843794137239456,0.9999476075172424
6,1,0.9765159321816712,0.04,0.006843794137239456,0.9999504089355469
6,1,0.9723647549224237,0.04,0.006843794137239456,0.9999467730522156
6,1,0.9735077894015259,0.06,0.002377591095864773,0.9999147057533264
6,1,0.9796075598585775,0.06,0.002377591095864773,0.9998812675476074
6,1,0.9775560708691599,0.06,0.002377591095864773,0.9998322129249573
6,1,0.9684766912639184,0.06,0.002074212534353137,0.9997032284736633
6,1,0.9578649350234646,0.06,0.0024599721655249596,0.999343752861023
6,1,0.9446629756129564,0.06,0.00157259707339108,0.9987854957580566
6,1,0.9661078084516374,0.06,0.0010570387821644545,0.9995474219322205
6,1,0.9681453338085337,0.06,0.0010570387821644545,0.9994671940803528
6,1,0.9719655163856616,0.06,0.0011904507409781218,0.999447762966156
6,1,0.9706361209951924,0.06,0.0011904507409781218,0.9994470477104187
6,1,0.9689273692415113,0.08,0.0011904507409781218,0.9994815587997437
6,1,0.9675221619455239,0.06,0.0011904507409781218,0.9994889497756958
6,1,0.9666170919200702,0.06,0.0011904507409781218,0.9994619488716125
6,1,0.9654379346131859,0.06,0.0011904507409781218,0.9994708895683289
6,1,0.9645682432322016,0.06,0.0010556102497503161,0.9994721412658691
6,1,0.9630760900294264,0.06,0.0016517461044713855,0.9995322227478027
6,1,0.9623305536602976,0.06,0.0013925511157140136,0.9994723200798035
6,1,0.9609531743521057,0.06,0.0013925511157140136,0.9996724724769592
6,1,0.9605361791340226,0.06,0.0013925511157140136,0.9996776580810547
6,1,0.9601938998659486,0.06,0.0013925511157140136,0.9996693730354309
6,1,0.9594410459898655,0.06,0.0013925511157140136,0.999657154083252
6,1,0.9566186193748757,0.06,0.001555073307827115,0.999649167060852
6,1,0.9511399018772998,0.06,0.001555073307827115,0.9996429085731506
6,1,0.9561323258698406,0.06,0.001555073307827115,0.9996466040611267
6,1,0.9576955591452425,0.06,0.001884246477857232,0.9996406435966492
6,1,0.9580748955399914,0.06,0.001884246477857232,0.9996514320373535
6,1,0.9568028793757418,0.06,0.02252420410513878,0.9996591210365295
6,1,0.956297139370945,0.06,0.018656643107533455,0.9996613264083862
6,1,0.9569005966445134,0.06,0.018656643107533455,0.9996709823608398
6,1,0.9576270004919054,0.06,0.018656643107533455,0.9996964335441589
6,1,0.9597245609218887,0.06,0.018656643107533455,0.9997127056121826
6,1,0.9589053462549061,0.06,0.018656643107533455,0.9997278451919556
6,1,0.9541345394275518,0.06,0.018656643107533455,0.999739408493042
6,1,0.9511469601739448,0.06,0.02021455578505993,0.9997454881668091
6,1,0.9516333803803122,0.06,0.02021455578505993,0.9997768998146057
6,1,0.9531031070470242,0.06,0.02021455578505993,0.9997575879096985
6,1,0.9525144740117859,0.06,0.02021455578505993,0.999710202217102
6,1,0.9512578189864305,0.06,0.025844622403383255,0.9995911717414856
6,1,0.9496025097636246,0.06,0.030515994876623154,0.9994103908538818
6,1,0.9475334158871167,0.06,0.019708000123500824,0.9991474151611328
6,1,0.9451982163473036,0.06,0.022172588855028152,0.9988196492195129
6,1,0.9435639810764979,0.06,0.022172588855028152,0.9984548091888428
6,1,0.943256312093315,0.06,0.018364276736974716,0.9981189370155334
6,1,0.9437697715822476,0.06,0.018364276736974716,0.997890830039978
6,1,0.9440175811970879,0.06,0.018364276736974716,0.9977876543998718
6,1,0.944117707381574,0.06,0.018364276736974716,0.9978312849998474
6,1,0.944640130155247,0.06,0.018364276736974716,0.9979655742645264
6,1,0.9446084205060551,0.06,0.01631595753133297,0.9983206987380981
6,1,0.9453959254603076,0.06,0.019467445090413094,0.9986004829406738
6,1,0.9467098476526898,0.06,0.019467445090413094,0.9988251328468323
6,1,0.9467779444627241,0.06,0.019467445090413094,0.999078631401062
6,1,0.9460009088466149,0.06,0.019467445090413094,0.999308705329895
6,1,0.9463500135842171,0.06,0.019919654354453087,0.9994723200798035
6,1,0.947967543317714,0.06,0.019919654354453087,0.9995660781860352
6,1,0.9491284991880234,0.06,0.026120400056242943,0.9996398687362671
6,1,0.9525085018507199,0.06,0.026120400056242943,0.99964439868927
6,1,0.9520396067289548,0.06,0.026120400056242943,0.999636709690094
6,1,0.9403197809916123,0.06,0.026120400056242943,0.9996247887611389
6,1,0.9297827521760461,0.06,0.031485527753829956,0.9996098875999451
6,1,0.9221982241438775,0.1,0.03580526262521744,0.999567449092865
6,1,0.9222723009912364,0.08,0.03580526262521744,0.9995137453079224
6,1,0.9322384667206094,0.08,0.02805193141102791,0.9994667172431946
6,1,0.9318879036936975,0.1,0.03971455618739128,0.9994638562202454
6,1,0.9306472422348531,0.08,0.024723736569285393,0.9995056390762329
6,1,0.9308318875974562,0.08,0.020361043512821198,0.999543309211731
6,1,0.9323488916636178,0.1,0.025843147188425064,0.9995571970939636
6,1,0.9341055366524245,0.12,0.0269479863345623,0.9995291829109192
6,1,0.8940132436373821,0.12,0.015240604057908058,0.9992589950561523
6,1,0.8633554143625666,0.1,0.011979963630437851,0.9990972876548767
6,1,0.8507603615753532,0.14,0.01720009371638298,0.9985862970352173
6,1,0.8493292791409632,0.12,0.014410238713026047,0.9974584579467773
6,1,0.8575880793300227,0.18,0.014772411435842514,0.995718240737915
6,1,0.8715328061574832,0.18,0.009485856629908085,0.9936254620552063
6,1,0.8670586595612447,0.18,0.009167478419840336,0.9917787313461304
6,1,0.8649817634765123,0.2,0.009167478419840336,0.9924559593200684
6,1,0.8648281760733703,0.2,0.009167478419840336,0.9828079342842102
6,1,0.8656990092067148,0.16,0.009167478419840336,0.9726172089576721
6,1,0.8655228259541864,0.16,0.00956296268850565,0.9554718732833862
6,1,0.865921946858819,0.16,0.007612667512148619,0.9328461289405823
6,1,0.8681555894886367,0.16,0.0007193115307018161,0.9067693948745728
6,1,0.8641720690543983,0.16,0.0009532188414596021,0.9237823486328125
6,1,0.8612094140995106,0.18,0.0012452625669538975,0.9380937814712524
6,1,0.8622826002729913,0.18,0.001434277044609189,0.9441155195236206
6,1,0.8627613654226123,0.18,0.001434277044609189,0.9459430575370789
6,1,0.8629383414437413,0.16,0.0008630813099443913,0.942000687122345
6,1,0.867760529240283,0.16,0.0008630813099443913,0.9243274927139282
6,1,0.873892345602711,0.16,0.0005773277371190488,0.8953824639320374
6,1,0.8743627933546312,0.16,0.0005773277371190488,0.9126467108726501
6,1,0.8760450140843545,0.16,0.0005773277371190488,0.931695818901062
6,1,0.8775394002629215,0.16,0.00044186136801727116,0.9496017694473267
6,1,0.8809831047734895,0.16,0.0004984681727364659,0.9576309323310852
6,1,0.8835624774596934,0.18,0.005470968782901764,0.966835618019104
6,1,0.8864807111995591,0.18,0.006876375060528517,0.9724107384681702
6,1,0.8410421991948818,0.18,0.0004188685561530292,0.8126065731048584
6,1,0.8430857645286045,0.18,0.0005773277371190488,0.8025490045547485
6,1,0.8919618178926777,0.2,0.006591257639229298,0.9901179075241089
6,1,0.8912807251728571,0.2,0.006591257639229298,0.9929813146591187
6,1,0.8876919052120386,0.2,0.006591257639229298,0.9954156279563904
6,1,0.8863716286565141,0.2,0.006591257639229298,0.9958171844482422
6,1,0.8859620476016333,0.2,0.010281370021402836,0.9972767233848572
6,1,0.8870814439281499,0.2,0.010281370021402836,0.9977162480354309
6,1,0.8890229764396037,0.2,0.008288097567856312,0.9979685544967651
6,1,0.8547635928624036,0.18,0.0005510725895874202,0.8681851029396057
6,1,0.8568397858590778,0.18,0.0022725900635123253,0.8871955871582031
6,1,0.8572012374092801,0.18,0.0022725900635123253,0.9005761742591858
6,1,0.8597545558613533,0.18,0.0022725900635123253,0.9034302830696106
6,1,0.8629234167879162,0.18,0.0022725900635123253,0.9034850597381592
6,1,0.8641298995549196,0.18,0.0022725900635123253,0.9020792245864868
6,1,0.8641808259040875,0.18,0.0022725900635123253,0.9018296599388123
6,1,0.862762318246253,0.18,0.0022725900635123253,0.920734703540802
6,1,0.8640493157075356,0.18,0.0022725900635123253,0.9356828927993774
6,1,0.8593916091054769,0.18,0.0033945790491998196,0.9633204936981201
6,1,0.8496682387027223,0.2,0.004137277137488127,0.9808576703071594
6,1,0.8466758824438283,0.18,0.003624133300036192,0.9850555658340454
6,1,0.8460824741629244,0.16,0.003347008256241679,0.9870752692222595
6,1,0.8369699390361414,0.2,0.003485586727038026,0.9920632839202881
6,1,0.8244014315204177,0.2,0.0094127943739295,0.9954065084457397
6,1,0.8357245579711362,0.2,0.003485586727038026,0.9932773113250732
6,1,0.8443151060627696,0.2,0.003898435039445758,0.9910004734992981
6,1,0.8420479422124533,0.2,0.003898435039445758,0.9916507005691528
6,1,0.8423157276699093,0.18,0.003921262454241514,0.9931401014328003
6,1,0.8487264816254276,0.18,0.003921262454241514,0.9945878982543945
6,1,0.8485716106529079,0.2,0.003921262454241514,0.9956700205802917
6,1,0.8429058914834513,0.2,0.003921262454241514,0.9966951608657837
6,1,0.8474173869581736,0.22,0.003251163987442851,0.997231125831604
6,1,0.8607310255778085,0.24,0.003251163987442851,0.9966962933540344
6,1,0.8680403488632665,0.22,0.002199450507760048,0.9960333704948425
6,1,0.867452418377438,0.22,0.0029816620517522097,0.9968042969703674
6,1,0.8668657260068316,0.22,0.002999468008056283,0.997393786907196
6,1,0.866471346187867,0.22,0.002999468008056283,0.9979027509689331
6,1,0.8676605636458916,0.22,0.002803431823849678,0.998063862323761
6,1,0.8680273461124716,0.2,0.002803431823849678,0.9981080293655396
6,1,0.8625456906799598,0.2,0.002803431823849678,0.998472273349762
6,1,0.8564627872974292,0.16,0.0024184633512049913,0.9988105297088623
6,1,0.8414802959162067,0.16,0.0024184633512049913,0.9990531206130981
6,1,0.8427904972823776,0.16,0.002803431823849678,0.9991531372070312
6,1,0.8506214735808398,0.16,0.002803431823849678,0.9991387724876404
6,1,0.8412519071712514,0.16,0.002803431823849678,0.9989879727363586
6,1,0.8457318933764107,0.16,0.002803431823849678,0.9987824559211731
6,1,0.8606583520065898,0.16,0.0031162747181952,0.9982871413230896
6,1,0.8695233565947014,0.16,0.0031162747181952,0.9984592199325562
6,1,0.8408024661211149,0.16,0.0031162747181952,0.998189389705658
6,1,0.8235941050628447,0.2,0.0031162747181952,0.9977506995201111
6,1,0.8605085715907991,0.24,0.0031162747181952,0.997920036315918
6,1,0.9013425602954651,0.28,0.00960407592356205,0.997377872467041
6,1,0.8865337688893806,0.28,0.00960407592356205,0.9957959055900574
6,1,0.8895713656866359,0.3,0.00960407592356205,0.9962959885597229
6,1,0.9111235003253364,0.32,0.011968070641160011,0.9963926076889038
6,1,0.9114508548387997,0.32,0.011968070641160011,0.9960334300994873
6,1,0.9129718722437576,0.34,0.011968070641160011,0.9953773021697998
6,1,0.9145177105349438,0.34,0.011968070641160011,0.9944030046463013
6,1,0.912427135784545,0.32,0.011968070641160011,0.9927852153778076
6,1,0.904520068603698,0.3,0.011968070641160011,0.9940205812454224
6,1,0.8943990644503939,0.3,0.006164730992168188,0.9948152899742126
6,1,0.8812948990042581,0.3,0.006164730992168188,0.9954796433448792
6,1,0.8743513329190948,0.32,0.006164730992168188,0.995855987071991
6,1,0.8743920361722382,0.32,0.006164730992168188,0.9960259795188904
6,1,0.8740541367754888,0.32,0.006164730992168188,0.9967595338821411
6,1,0.8775613766569799,0.32,0.006164730992168188,0.9970077872276306
6,1,0.8784051958299809,0.32,0.006164730992168188,0.9975360035896301
6,1,0.8723955401702572,0.3,0.009190588258206844,0.9984360933303833
6,1,0.8640715583287985,0.28,0.01008968148380518,0.999069333076477
6,1,0.8638378038231624,0.22,0.01008968148380518,0.9992383718490601
6,1,0.8659834856652162,0.22,0.008712904527783394,0.999299943447113
6,1,0.8649699499582697,0.26,0.008712904527783394,0.9993257522583008
6,1,0.8585762665544013,0.26,0.007852035574615002,0.9991710782051086
6,1,0.8417149600133597,0.26,0.007398940157145262,0.998981237411499
6,1,0.8327018435429779,0.26,0.007398940157145262,0.9990649223327637
6,1,0.8457254934407393,0.26,0.007398940157145262,0.9989027976989746
6,1,0.8313503131591868,0.26,0.007398940157145262,0.9986855387687683
6,1,0.8384062883643872,0.24,0.005843389313668013,0.99837726354599
6,1,0.8422800703366535,0.28,0.00676983455196023,0.9978875517845154
6,1,0.8431433857570342,0.32,0.006164730992168188,0.9979180097579956
6,1,0.8418344410334861,0.32,0.006164730992168188,0.9983952641487122
6,1,0.8362685272245374,0.32,0.0053206500597298145,0.9987377524375916
6,1,0.8293153482697001,0.32,0.0053206500597298145,0.9988839626312256
6,1,0.8232958854799858,0.34,0.0053206500597298145,0.9989967942237854
6,1,0.8222591696326683,0.32,0.0053206500597298145,0.9991253614425659
6,1,0.8212800024568676,0.32,0.007935511879622936,0.9993221759796143
6,1,0.8017105503960728,0.32,0.0068115852773189545,0.9993954300880432
6,1,0.8057013180949072,0.3,0.0068115852773189545,0.9994914531707764
6,1,0.8179666775215454,0.28,0.006791954860091209,0.9995783567428589
6,1,0.8122308276218067,0.24,0.00970396213233471,0.9996097087860107
6,1,0.8058472519365404,0.22,0.025930382311344147,0.9995864033699036
6,1,0.7846167227919001,0.22,0.029770052060484886,0.9995152354240417
6,1,0.7580244187088934,0.22,0.029770052060484886,0.9993873238563538
6,1,0.7352108109834061,0.22,0.025663021951913834,0.999197781085968
6,1,0.7202105885821528,0.24,0.04355372488498688,0.9989544749259949
6,1,0.7052620759786188,0.22,0.03346299007534981,0.9988546967506409
6,1,0.702401617933756,0.22,0.030231310054659843,0.9989259243011475
6,1,0.7150857827382251,0.22,0.03938724845647812,0.999032199382782
6,1,0.7345484300792574,0.22,0.03938724845647812,0.9991177916526794
6,1,0.7551117110961064,0.22,0.034614719450473785,0.9991578459739685
6,1,0.7736691647374596,0.2,0.034614719450473785,0.999161422252655
6,1,0.7896793478538308,0.18,0.031080419197678566,0.999140202999115
6,1,0.803421107938323,0.18,0.031080419197678566,0.9990922212600708
6,1,0.8198489775117739,0.18,0.018189687281847,0.9990221858024597
6,1,0.8357953194658975,0.18,0.015318763442337513,0.9989288449287415
6,1,0.8457761340311206,0.18,0.016757851466536522,0.998828649520874
6,1,0.8574371008399452,0.18,0.006234593689441681,0.9986871480941772
6,1,0.8647672755989723,0.14,0.006234593689441681,0.9984065294265747
6,1,0.8449955827041917,0.2,0.006234593689441681,0.9979233145713806
6,1,0.8086073224572272,0.18,0.005171220749616623,0.9972381591796875
6,1,0.7959395965069442,0.3,0.006009070202708244,0.9953766465187073
6,1,0.8368465506354668,0.32,0.00807405449450016,0.9891802072525024
6,1,0.8644283798421385,0.26,0.00807405449450016,0.9807513952255249
6,1,0.8495671320364392,0.28,0.007513748947530985,0.9673473834991455
6,1,0.8299626686258602,0.28,0.008391385897994041,0.9423734545707703
6,1,0.8087951067034789,0.3,0.009556957520544529,0.8931970596313477
6,1,0.7812818904082691,0.3,0.007647545542567968,0.8722498416900635
6,1,0.7560522917878261,0.26,0.013319186866283417,0.8708754777908325
6,1,0.7264053415118581,0.28,0.013319186866283417,0.8163343667984009
6,1,0.7232734089910332,0.32,0.012874959968030453,0.8205732107162476
6,1,0.7320277883644772,0.28,0.013118325732648373,0.8651860952377319
6,1,0.7025603546056958,0.26,0.013118325732648373,0.9092552065849304
6,1,0.6793219718195895,0.26,0.030612464994192123,0.9377899765968323
6,1,0.6542777914261758,0.26,0.031913284212350845,0.9526523947715759
6,1,0.6343039752079715,0.26,0.031913284212350845,0.9679160118103027
6,1,0.6307513138106473,0.3,0.03490040451288223,0.9720252752304077
6,1,0.6191395792591752,0.3,0.03490040451288223,0.9705919623374939
6,1,0.5748139988274457,0.32,0.03490040451288223,0.9660927057266235
6,1,0.5875801506504905,0.32,0.04716134071350098,0.9592950940132141
6,1,0.638864514551667,0.34,0.04288250207901001,0.9549127221107483
6,1,0.6689266232788413,0.34,0.043831195682287216,0.9496208429336548
6,1,0.707279025016179,0.32,0.016593847423791885,0.9419860243797302
6,1,0.7352745676146528,0.32,0.016593847423791885,0.9243422150611877
6,1,0.738226983096016,0.28,0.01691948063671589,0.9193543791770935
6,1,0.724019609451929,0.28,0.013763430528342724,0.9125776886940002
6,1,0.6860059791052748,0.3,0.013763430528342724,0.9341745376586914
6,1,0.6576418471977845,0.32,0.036527473479509354,0.9466556906700134
6,1,0.6436547235563673,0.32,0.035730961710214615,0.958709180355072
6,1,0.6448582379238541,0.32,0.03505617752671242,0.9658958911895752
6,1,0.649244322467848,0.32,0.03505617752671242,0.9712967872619629
6,1,0.6446319625946985,0.32,0.03505617752671242,0.976842999458313
6,1,0.6116668114558075,0.3,0.04211989417672157,0.984446108341217
6,1,0.5954655444534873,0.34,0.03630095720291138,0.9895586967468262
6,1,0.6552252306207127,0.34,0.03630095720291138,0.9913881421089172
6,1,0.6708115577694509,0.34,0.047843944281339645,0.9925968050956726
6,1,0.6684956842655075,0.34,0.047843944281339645,0.9931320548057556
6,1,0.7024626366813482,0.32,0.047843944281339645,0.9941194653511047
6,1,0.7263345320993567,0.34,0.047843944281339645,0.9944812655448914
6,1,0.7379268651376346,0.34,0.047843944281339645,0.9945498704910278
6,1,0.7465076554386969,0.32,0.047843944281339645,0.9948673844337463
6,1,0.7583654349472903,0.32,0.047843944281339645,0.9954720735549927
6,1,0.7717342037668765,0.32,0.031672488898038864,0.9961186051368713
6,1,0.7826836838529071,0.32,0.031672488898038864,0.9966230988502502
6,1,0.7838348505727929,0.32,0.05125800520181656,0.9969091415405273
6,1,0.7699622642712959,0.32,0.06887778639793396,0.9969972372055054
6,1,0.7553680398248481,0.32,0.04471801966428757,0.9969886541366577
6,1,0.7543770695452766,0.32,0.06750824302434921,0.9971511363983154
6,1,0.7686486754739921,0.34,0.06750824302434921,0.9974048733711243
6,1,0.7719616009341057,0.34,0.06750824302434921,0.9975203275680542
6,1,0.7729093626996435,0.28,0.083389051258564,0.9979020953178406
6,1,0.7867821299650766,0.28,0.07783113420009613,0.9980331659317017
6,1,0.7902694725909499,0.28,0.07783113420009613,0.9981098175048828
6,1,0.7673601935858538,0.32,0.06293611228466034,0.9982428550720215
6,1,0.74529688977756,0.3,0.06293611228466034,0.9982805848121643
6,1,0.7008075099156308,0.26,0.06293611228466034,0.9983593225479126
6,1,0.691854241688992,0.3,0.07407967746257782,0.9984893798828125
6,1,0.7248643566134031,0.32,0.12107960134744644,0.998397946357727
6,1,0.7927098305836541,0.34,0.17877517640590668,0.9980190992355347
6,1,0.8097407453126515,0.34,0.28701746463775635,0.997379720211029
6,1,0.7591893717122971,0.32,0.3359334468841553,0.9963414669036865
6,1,0.7473041942088499,0.3,0.34761565923690796,0.9935346841812134
6,1,0.7956280466038749,0.3,0.35507655143737793,0.9890316128730774
6,1,0.8009306403494036,0.3,0.4535491466522217,0.99004727602005
6,1,0.7758410176152579,0.3,0.45255938172340393,0.9933819770812988
6,1,0.787017108550455,0.34,0.39680880308151245,0.9952238202095032
6,1,0.8011630694752908,0.34,0.39445018768310547,0.996555507183075
6,1,0.7860063913240916,0.36,0.39445018768310547,0.9972946643829346
6,1,0.7834507107084054,0.36,0.6755840182304382,0.9974843859672546
6,1,0.7701636515924456,0.36,0.6755840182304382,0.9976961016654968
6,1,0.751658399506213,0.36,0.6899558901786804,0.9978758096694946
6,1,0.7412256904094734,0.38,0.6899558901786804,0.9980422258377075
6,1,0.7428832636965912,0.38,0.754954993724823,0.9982631802558899
6,1,0.7508986483734246,0.38,0.754954993724823,0.998445451259613
6,1,0.7505546391075602,0.4,0.7910265326499939,0.9985663294792175
6,1,0.7397027478058694,0.38,0.7910265326499939,0.9986470341682434
6,1,0.7289627743378758,0.38,0.7910265326499939,0.9986789226531982
6,1,0.7218168836845826,0.38,0.7910265326499939,0.9986832141876221
6,1,0.7283182923149635,0.36,0.8441766500473022,0.9986172318458557
6,1,0.7391936341245099,0.36,0.8441766500473022,0.9984914660453796
6,1,0.7406131699581936,0.36,0.8471618890762329,0.9983485341072083
6,1,0.7392468855390568,0.38,0.873477578163147,0.9981706738471985
6,1,0.7471947727543051,0.38,0.7763063311576843,0.9977867007255554
6,1,0.7523189918900836,0.42,0.7763063311576843,0.9971990585327148
6,1,0.7393453688374669,0.42,0.7763063311576843,0.9967422485351562
6,1,0.71998151704742,0.46,0.7763063311576843,0.9962578415870667
6,1,0.7585603710443367,0.42,0.7763063311576843,0.9950137138366699
6,1,0.7748057655315931,0.42,0.7609608173370361,0.9934767484664917
6,1,0.7860609824875241,0.42,0.7609608173370361,0.992709219455719
6,1,0.7974606976958765,0.42,0.7543777227401733,0.9921045303344727
6,1,0.8078220607011172,0.46,0.7543777227401733,0.9915652275085449
6,1,0.816488988542354,0.44,0.6723512411117554,0.9910757541656494
6,1,0.8219517018303016,0.44,0.7388211488723755,0.9904112815856934
6,1,0.8153305860687483,0.42,0.5140828490257263,0.9897873997688293
6,1,0.7980620804772929,0.4,0.5509338974952698,0.9890409708023071
6,1,0.8067553981214802,0.4,0.42314332723617554,0.988351583480835
6,1,0.8084615391984817,0.4,0.3926447629928589,0.9889694452285767
6,1,0.8159739541665767,0.42,0.3387274444103241,0.9905554056167603
6,1,0.8393936382420597,0.4,0.3387274444103241,0.9894711375236511
6,1,0.8696075198179256,0.38,0.3409405052661896,0.9890555143356323
6,1,0.8747067369534441,0.38,0.3387274444103241,0.9905473589897156
6,1,0.8665445943785052,0.38,0.4677259027957916,0.9925141334533691
6,1,0.871466543269877,0.38,0.4677259027957916,0.9928447008132935
6,1,0.8891753194550875,0.36,0.4784526526927948,0.992928147315979
6,1,0.8972972059278901,0.36,0.687872588634491,0.9927564263343811
6,1,0.9006647978549308,0.36,0.7205609679222107,0.9926660656929016
6,1,0.9003523990385687,0.36,0.7159321308135986,0.9927724003791809
6,1,0.896389367009025,0.36,0.7835363745689392,0.9931833148002625
6,1,0.9087402942137092,0.36,0.7835363745689392,0.9906541705131531
6,1,0.9089383807632295,0.36,0.7873907685279846,0.987515389919281
6,1,0.8615029594540574,0.38,0.7543660402297974,0.9806532859802246
6,1,0.838085013071375,0.38,0.5777779817581177,0.963852047920227
6,1,0.8592657122424797,0.38,0.5884138345718384,0.9421300888061523
6,1,0.8792213365210555,0.38,0.6096386313438416,0.9446590542793274
6,1,0.8667275178664487,0.4,0.6149080991744995,0.9501741528511047
6,1,0.8589764877744344,0.38,0.5840241312980652,0.9477579593658447
6,1,0.8269715774511613,0.38,0.5840241312980652,0.9382544755935669
6,1,0.8445816556209894,0.4,0.5720946788787842,0.918681800365448
6,1,0.8406284687041302,0.4,0.6194779276847839,0.9153113961219788
6,1,0.8077152371801418,0.44,0.714363157749176,0.9248023629188538
6,1,0.7629359853182888,0.42,0.5117367506027222,0.935276985168457
6,1,0.7542578493559999,0.42,0.5486094951629639,0.9405016303062439
6,1,0.7136682676836081,0.42,0.5486094951629639,0.9571552872657776
6,1,0.691814852945053,0.42,0.6758463978767395,0.9703253507614136
6,1,0.6875144779654732,0.4,0.6758463978767395,0.9736204743385315
6,1,0.7100455219170101,0.4,0.6708152890205383,0.975085437297821
6,1,0.7299118269223805,0.4,0.6708152890205383,0.9779731035232544
6,1,0.7303090054351472,0.42,0.6362671852111816,0.9780125617980957
6,1,0.738792510707405,0.42,0.6362671852111816,0.9749257564544678
6,1,0.746056853119552,0.4,0.7737542390823364,0.9688383936882019
6,1,0.7581923405298104,0.38,0.779150664806366,0.9551578760147095
6,1,0.7832734195619928,0.38,0.779150664806366,0.9338870644569397
6,1,0.784955788537569,0.4,0.7830613851547241,0.9237553477287292
6,1,0.782356220674847,0.4,0.8438102602958679,0.9189704060554504
6,1,0.7705088723545059,0.38,0.7308744192123413,0.9139037132263184
6,1,0.7801832255073968,0.38,0.6386998891830444,0.9157516956329346
6,1,0.7816607343999566,0.38,0.481117844581604,0.9255548715591431
6,1,0.7848042555237276,0.38,0.43683603405952454,0.9350692629814148
6,1,0.7919955157749751,0.4,0.46333014965057373,0.9454026222229004
6,1,0.8006296191953762,0.38,0.46333014965057373,0.9528024196624756
6,1,0.8078234240782566,0.36,0.4214082658290863,0.956935465335846
6,1,0.8189314643213826,0.36,0.3339115083217621,0.9589362740516663
6,1,0.8355026325276143,0.34,0.3339115083217621,0.9600969552993774
6,1,0.8463458348813875,0.32,0.3339115083217621,0.9620190262794495
6,1,0.8493258234873038,0.36,0.3579970598220825,0.9677637815475464
6,1,0.8376732468351404,0.34,0.40681010484695435,0.9758726358413696
6,1,0.8341916342150515,0.34,0.4425415098667145,0.9804671406745911
6,1,0.8247243026857933,0.34,0.4425415098667145,0.98306804895401
6,1,0.8229114121391736,0.34,0.6122878193855286,0.9840630888938904
6,1,0.8431522327763951,0.34,0.6122878193855286,0.9806028604507446
6,1,0.8649140365416387,0.34,0.6143624782562256,0.9776920676231384
6,1,0.8653701435750688,0.34,0.6089292168617249,0.9788568019866943
6,1,0.8647454167295879,0.34,0.6997426748275757,0.9828513860702515
6,1,0.8634339583683398,0.34,0.6997426748275757,0.984540581703186
6,1,0.863801838340986,0.34,0.6304742097854614,0.9852331280708313
6,1,0.8673917135561269,0.36,0.6602020859718323,0.9869018197059631
6,1,0.8541148124600186,0.36,0.6172804236412048,0.9883368611335754
6,1,0.8458700110338595,0.38,0.4115270674228668,0.988772451877594
6,1,0.8291659698769692,0.4,0.44300374388694763,0.9890708923339844
6,1,0.7944016747899786,0.4,0.47816744446754456,0.9893771409988403
6,1,0.7849443753481354,0.4,0.4418394863605499,0.9885042905807495
6,1,0.807821083162995,0.38,0.4418394863605499,0.9866617918014526
6,1,0.8391238988497446,0.36,0.4840933680534363,0.9811880588531494
6,1,0.8472617514151937,0.36,0.4520666301250458,0.9709807634353638
6,1,0.8510087259041565,0.38,0.5137112140655518,0.9585332274436951
6,1,0.8566012002143092,0.38,0.6468547582626343,0.9456416368484497
6,1,0.8641043876559752,0.44,0.6468547582626343,0.9344884753227234
6,1,0.8722971331831374,0.42,0.5503249168395996,0.9230157136917114
6,1,0.8813304989895065,0.42,0.5801935791969299,0.9088705778121948
6,1,0.8903202622098726,0.42,0.5383039116859436,0.8986449241638184
6,1,0.8925821377291223,0.42,0.3036476969718933,0.900296151638031
6,1,0.8852613069776251,0.38,0.2169715315103531,0.9315053224563599
6,1,0.8704940990163281,0.4,0.19314271211624146,0.9611257314682007
6,1,0.8826356220833073,0.44,0.25548508763313293,0.9787051677703857
6,1,0.9032937188705245,0.46,0.19754785299301147,0.9892240762710571
6,1,0.9171990397889624,0.46,0.0976681336760521,0.9929065704345703
6,1,0.9159879165467564,0.38,0.06373848021030426,0.9943767189979553
6,1,0.9160542282150316,0.36,0.348302960395813,0.9954407215118408
6,1,0.9176294412778755,0.32,0.3761535584926605,0.9957597255706787
6,1,0.9241968099951154,0.32,0.5322471857070923,0.9955093860626221
6,1,0.9313426454534528,0.32,0.33071544766426086,0.9949480891227722
6,1,0.9406653763938929,0.3,0.08959129452705383,0.9941902756690979
6,1,0.9474530965946036,0.3,0.10226371884346008,0.9929913878440857
6,1,0.9489014879845363,0.28,0.10226371884346008,0.9914853572845459
6,1,0.9503204918629788,0.26,0.10226371884346008,0.9894759654998779
6,1,0.9443573222836539,0.26,0.0946488082408905,0.986701250076294
6,1,0.9588240646713568,0.28,0.0946488082408905,0.9828847646713257
6,1,0.9638917873946454,0.26,0.10226371884346008,0.9792842864990234
6,1,0.9658027467534859,0.26,0.10226371884346008,0.9780319333076477
6,1,0.9659471729068009,0.26,0.10226371884346008,0.9763683080673218
6,1,0.9646610261292671,0.28,0.21368159353733063,0.9751999378204346
6,1,0.9624560824896576,0.28,0.21368159353733063,0.9732155799865723
6,1,0.9592451009876891,0.3,0.38491055369377136,0.9712085723876953
6,1,0.9556770538331968,0.34,0.23525874316692352,0.9759696125984192
6,1,0.954579311646213,0.2,0.16392426192760468,0.9866514801979065
6,1,0.936907157795046,0.22,0.031777624040842056,0.9163700342178345
6,1,0.9491766719835173,0.24,0.031777624040842056,0.9412316083908081
6,1,0.9456750187461104,0.18,0.031777624040842056,0.9485558867454529
6,1,0.9425473116622574,0.18,0.031777624040842056,0.9526657462120056
6,1,0.9385268237192919,0.16,0.09370600432157516,0.9533075094223022
6,1,0.9357458736964459,0.16,0.10910605639219284,0.9486144185066223
6,1,0.9336984592223241,0.16,0.10910605639219284,0.9420843720436096
6,1,0.9349251536481873,0.16,0.06398319453001022,0.9307896494865417
6,1,0.937659572952747,0.16,0.044178277254104614,0.9162512421607971
6,1,0.9438540367798443,0.16,0.01445950847119093,0.8971688151359558
6,1,0.9524374129708737,0.16,0.01445950847119093,0.8778036832809448
6,1,0.9531427341316181,0.16,0.01445950847119093,0.8790353536605835
6,1,0.9574180491122324,0.14,0.01445950847119093,0.9004863500595093
6,1,0.9617449758852133,0.12,0.01445950847119093,0.9282627105712891
6,1,0.9637058953074983,0.1,0.017989590764045715,0.951650083065033
6,1,0.9618998467456953,0.1,0.012850730679929256,0.9682944416999817
6,1,0.9647764991475755,0.1,0.012850730679929256,0.9779322147369385
6,1,0.9670822183939821,0.08,0.011987579055130482,0.9830403923988342
6,1,0.9699489285650327,0.08,0.025181353092193604,0.9874255657196045
6,1,0.9726160732063166,0.08,0.010635117068886757,0.9909713864326477
6,1,0.9749718384059494,0.08,0.010635117068886757,0.9936843514442444
6,1,0.9772115094230566,0.08,0.011662229895591736,0.9951921701431274
6,1,0.9794524633117903,0.08,0.013134114444255829,0.9962827563285828
6,1,0.9794097504741202,0.08,0.02041199430823326,0.9973159432411194
6,1,0.9810657462136431,0.08,0.01903284154832363,0.9978522658348083
6,1,0.9824553347702596,0.08,0.019028255715966225,0.998090922832489
6,1,0.9848424843073019,0.08,0.022875549271702766,0.9982947707176208
6,1,0.9854550109794243,0.08,0.022875549271702766,0.9984329342842102
6,1,0.9858006409331722,0.12,0.07855015993118286,0.9985331892967224
6,1,0.9863859236466247,0.12,0.09734461456537247,0.9986137747764587
6,1,0.9868121629704153,0.12,0.07577874511480331,0.9986746311187744
6,1,0.9869321936867609,0.1,0.06086725369095802,0.9987505674362183
6,1,0.9878106915124966,0.08,0.020158618688583374,0.9988146424293518
6,1,0.989877686195944,0.08,0.020158618688583374,0.998788595199585
6,1,0.9908565323989512,0.08,0.020158618688583374,0.9988822340965271
6,1,0.9898846501140889,0.08,0.022222070023417473,0.9988484382629395
6,1,0.9887000621948786,0.08,0.022222070023417473,0.9987940192222595
6,1,0.9893413859800839,0.1,0.022222070023417473,0.9988085031509399
6,1,0.9895947736940366,0.1,0.022222070023417473,0.9987704157829285
6,1,0.9894834645625524,0.1,0.022222070023417473,0.9986951351165771
6,1,0.9891349608994487,0.1,0.022222070023417473,0.9985804557800293
6,1,0.9876669933793965,0.1,0.022222070023417473,0.9984465837478638
6,1,0.9865634627190141,0.12,0.05125752091407776,0.9982603192329407
6,1,0.9858668464860514,0.12,0.32123541831970215,0.9979164600372314
6,1,0.9850932356024558,0.1,0.32123541831970215,0.9975243806838989
6,1,0.9836610206233913,0.08,0.32123541831970215,0.997130274772644
6,1,0.9820521053542054,0.08,0.3595898747444153,0.9969645738601685
6,1,0.9815649470337706,0.08,0.2639661431312561,0.9968734383583069
6,1,0.9812033147309113,0.08,0.2639661431312561,0.9968985319137573
6,1,0.980890397389443,0.08,0.2884306311607361,0.996958315372467
6,1,0.9797628774838162,0.08,0.2884306311607361,0.9971442222595215
6,1,0.9796326972480082,0.08,0.2884306311607361,0.9976497292518616
6,1,0.9784774044049631,0.08,0.2884306311607361,0.9978999495506287
6,1,0.9774300216719561,0.12,0.2639661431312561,0.9980250597000122
6,1,0.9771565015990739,0.12,0.2639661431312561,0.9983815550804138
6,1,0.9778429788999682,0.16,0.22087354958057404,0.9986320734024048
6,1,0.9792927528148577,0.16,0.09029989689588547,0.9987619519233704
6,1,0.9800468915000163,0.26,0.0759948343038559,0.9988512992858887
6,1,0.982090468435108,0.24,0.0759948343038559,0.9989685416221619
6,1,0.9843763545622396,0.22,0.11407849937677383,0.9990472197532654
6,1,0.9853927441609553,0.24,0.09790725260972977,0.9992567896842957
6,1,0.9865095099364519,0.24,0.09790725260972977,0.9994192123413086
6,1,0.9873367981270813,0.24,0.1064559742808342,0.999571681022644
6,1,0.9876318048861144,0.26,0.1064559742808342,0.9996232390403748
6,1,0.9881601288872975,0.26,0.1064559742808342,0.9997527599334717
6,1,0.9887714569271979,0.26,0.1064559742808342,0.9997906684875488
6,1,0.9893983349026114,0.24,0.11581875383853912,0.9998177886009216
6,1,0.9890393891051819,0.24,0.11581875383853912,0.9998406171798706
6,1,0.9887545183296991,0.24,0.11581875383853912,0.9998545050621033
6,1,0.9889060701431053,0.24,0.13651259243488312,0.9998657703399658
6,1,0.9868387559976678,0.26,0.33246344327926636,0.9998669624328613
6,1,0.9850484559768751,0.26,0.5221839547157288,0.9998576641082764
6,1,0.9851379130872007,0.44,0.7131615281105042,0.9998667240142822
6,1,0.9845677918082348,0.44,0.8235981464385986,0.9998865723609924
6,1,0.98506534839573,0.44,0.836341142654419,0.9998903870582581
6,1,0.9861957436672352,0.48,0.6193811893463135,0.9998853206634521
6,1,0.9856472109756624,0.46,0.37473711371421814,0.9998809695243835
6,1,0.9865027245108517,0.42,0.3492141366004944,0.9998653531074524
6,1,0.9873642706547788,0.44,0.307769238948822,0.9998630881309509
6,1,0.9866868468746275,0.46,0.32376182079315186,0.9998689889907837
6,1,0.986574543468998,0.46,0.32376182079315186,0.9998685121536255
6,1,0.9855693213112509,0.48,0.32376182079315186,0.9998612999916077
6,1,0.9854922958569315,0.46,0.32376182079315186,0.9998582601547241
6,1,0.9859649472489028,0.46,0.32376182079315186,0.9998300671577454
6,1,0.9858800410015478,0.46,0.32376182079315186,0.9998065829277039
6,1,0.984758455929494,0.48,0.2921086251735687,0.9997990131378174
6,1,0.9840466238926848,0.5,0.2921086251735687,0.9997828006744385
6,1,0.982892362881304,0.46,0.2618025243282318,0.999753475189209
6,1,0.9823607588315972,0.42,0.2618025243282318,0.9997400045394897
6,1,0.9830891126469476,0.42,0.2618025243282318,0.9997426271438599
6,1,0.9841313165057297,0.42,0.29615700244903564,0.9997346997261047
6,1,0.9843487399102271,0.42,0.18305356800556183,0.9997394680976868
6,1,0.9836008944562395,0.28,0.18305356800556183,0.9997650384902954
6,1,0.9831908241613594,0.28,0.10442475974559784,0.9997883439064026
6,1,0.9807525889062495,0.24,0.10442475974559784,0.9997931122779846
6,1,0.9792197288320736,0.26,0.10442475974559784,0.9998079538345337
6,1,0.9779578133348231,0.3,0.10603655874729156,0.9998171925544739
6,1,0.9753380221707086,0.34,0.17171728610992432,0.99983149766922
6,1,0.9744362451555301,0.44,0.5342661142349243,0.9998693466186523
6,1,0.9746780061184236,0.46,0.7727168798446655,0.9998958706855774
6,1,0.9768752531975095,0.44,0.29940277338027954,0.9999052882194519
6,1,0.9772221019690905,0.44,0.42580029368400574,0.9999211430549622
6,1,0.9780920642569778,0.44,0.42580029368400574,0.999932587146759
6,1,0.9802016629398371,0.44,0.45591479539871216,0.9999406337738037
6,1,0.9806374377548195,0.44,0.453981876373291,0.99996018409729
6,1,0.9846668363502799,0.44,0.453981876373291,0.9999807476997375
6,1,0.9865645143912511,0.44,0.453981876373291,0.9999848008155823
6,1,0.9863306769069966,0.44,0.43059512972831726,0.9999891519546509
6,1,0.9873380148665192,0.44,0.5124441385269165,0.999991774559021
6,1,0.9888950905501185,0.42,0.5399980545043945,0.9999924302101135
6,1,0.9893711134606678,0.4,0.5155531764030457,0.9999933242797852
6,1,0.9896624417204539,0.4,0.5155531764030457,0.9999939203262329
6,1,0.9899869579645895,0.42,0.3833100199699402,0.9999942779541016
6,1,0.9904737906235013,0.26,0.3833100199699402,0.9999945163726807
6,1,0.9912528245591045,0.26,0.3833100199699402,0.9999946355819702
6,1,0.990753740838099,0.26,0.3833100199699402,0.9999939203262329
6,1,0.9901913290239966,0.24,0.2623289227485657,0.9999930262565613
6,1,0.9908383772661652,0.24,0.2623289227485657,0.9999924302101135
6,1,0.9905125668764571,0.24,0.2623289227485657,0.9999918937683105
6,1,0.9899865301018401,0.24,0.2623289227485657,0.9999914169311523
6,1,0.9905430455265518,0.24,0.2623289227485657,0.9999897480010986
6,1,0.9905325933927028,0.24,0.22484013438224792,0.9999887347221375
6,1,0.9897543363009738,0.28,0.3364168107509613,0.9999881982803345
6,1,0.9904162579323497,0.28,0.3364168107509613,0.9999865889549255
6,1,0.9907255898461241,0.28,0.3364168107509613,0.9999868273735046
6,1,0.9893281635812619,0.24,0.22484013438224792,0.9999856352806091
6,1,0.9881032233183619,0.24,0.22484013438224792,0.9999845027923584
6,1,0.9867625614726875,0.22,0.22484013438224792,0.9999839663505554
6,1,0.9871460396757147,0.22,0.22484013438224792,0.9999847412109375
6,1,0.9870032311848683,0.22,0.22484013438224792,0.9999848008155823
6,1,0.9866983443357432,0.22,0.22484013438224792,0.9999841451644897
6,1,0.9855399889364128,0.2,0.22484013438224792,0.999984085559845
6,1,0.9844828350081347,0.2,0.25930067896842957,0.999984622001648
6,1,0.9854581212056933,0.2,0.25930067896842957,0.9999847412109375
6,1,0.983782576085044,0.2,0.25930067896842957,0.9999838471412659
6,1,0.9809139017363648,0.2,0.28109055757522583,0.9999834895133972
6,1,0.9807792483524072,0.2,0.28109055757522583,0.9999836683273315
6,1,0.9851418115112961,0.2,0.28109055757522583,0.9999838471412659
6,1,0.983908873726399,0.2,0.28109055757522583,0.9999867081642151
6,1,0.9831986104759851,0.18,0.30030927062034607,0.9999874830245972
6,1,0.9830746084130327,0.18,0.30030927062034607,0.9999881386756897
6,1,0.9832626050978842,0.16,0.30030927062034607,0.9999895095825195
6,1,0.9835730418386665,0.16,0.30030927062034607,0.9999911785125732
6,1,0.9840935089101682,0.14,0.30030927062034607,0.9999932646751404
6,1,0.9826203907511998,0.16,0.3909553289413452,0.9999947547912598
6,1,0.9815763183202248,0.16,0.3909553289413452,0.9999958276748657
6,1,0.9825623362754973,0.2,0.3909553289413452,0.999997079372406
6,1,0.9841006566454786,0.2,0.3909553289413452,0.999997615814209
6,1,0.9835196439567094,0.22,0.45016178488731384,0.9999980926513672
6,1,0.9822907526276629,0.16,0.81927490234375,0.9999984502792358
6,1,0.9817305654571613,0.16,0.8886383175849915,0.9999984502792358
6,1,0.98105202701602,0.12,0.894544780254364,0.9999985098838806
6,1,0.9811805323022542,0.12,0.5505716800689697,0.9999985694885254
6,1,0.9814938523525026,0.12,0.5505716800689697,0.9999986290931702
6,1,0.9814655063775635,0.14,0.5864466428756714,0.9999986886978149
6,1,0.981557715976218,0.14,0.5397106409072876,0.9999986886978149
6,1,0.9816966927696142,0.14,0.5397106409072876,0.9999986290931702
6,1,0.9817665805500567,0.12,0.32106491923332214,0.9999986290931702
6,1,0.9814978463779095,0.14,0.32106491923332214,0.9999985694885254
6,1,0.9808994809275057,0.12,0.32106491923332214,0.9999984502792358
6,1,0.9810894151363847,0.12,0.32106491923332214,0.9999982118606567
6,1,0.9817952640145898,0.12,0.278464138507843,0.9999979138374329
6,1,0.9819607081520857,0.08,0.1798214316368103,0.999997615814209
6,1,0.9833045198731758,0.08,0.058366551995277405,0.9999972581863403
6,1,0.9854871381768967,0.08,0.04884866252541542,0.9999966025352478
6,1,0.985111356163589,0.08,0.04884866252541542,0.9999958276748657
6,1,0.9810035175489338,0.08,0.05344855412840843,0.9999948143959045
6,1,0.9747908665683331,0.06,0.16647887229919434,0.9999931454658508
6,1,0.9727370797210552,0.08,0.17390131950378418,0.9999912977218628
6,1,0.9728915303624041,0.08,0.17390131950378418,0.9999890923500061
6,1,0.9737287601825074,0.1,0.18285775184631348,0.9999876618385315
6,1,0.976709511616614,0.1,0.18285775184631348,0.9999868273735046
6,1,0.9745354403470212,0.08,0.18285775184631348,0.9999852776527405
6,1,0.9747066161042006,0.08,0.18285775184631348,0.9999842643737793
6,1,0.9733698821211761,0.08,0.18285775184631348,0.9999833106994629
6,1,0.9736233424938714,0.06,0.18285775184631348,0.9999844431877136
6,1,0.9741741417556019,0.06,0.18285775184631348,0.9999849200248718
6,1,0.97580540390398,0.08,0.25415411591529846,0.9999852180480957
6,1,0.9783521469084253,0.08,0.2720583379268646,0.9999858736991882
6,1,0.9779150091081577,0.08,0.739635705947876,0.9999868869781494
6,1,0.9743142520474601,0.1,0.739635705947876,0.9999903440475464
6,1,0.9731277284446698,0.1,0.7541148662567139,0.9999930262565613
6,1,0.9724906052422948,0.1,0.7426062822341919,0.9999945759773254
6,1,0.9706138300054532,0.1,0.6028825044631958,0.9999956488609314
6,1,0.9732615769101116,0.1,0.30030927062034607,0.9999960660934448
6,1,0.9727683443279457,0.1,0.3107343912124634,0.9999963045120239
6,1,0.9711630510959416,0.12,0.0694657415151596,0.9999966621398926
6,1,0.9737600313010629,0.18,0.0694657415151596,0.9999971985816956
6,1,0.9753946632280388,0.18,0.050503481179475784,0.9999973773956299
6,1,0.974750361932574,0.18,0.050503481179475784,0.9999975562095642
6,1,0.971905642702407,0.18,0.06043938919901848,0.9999977350234985
6,1,0.969686672544323,0.14,0.05312187597155571,0.9999977350234985
6,1,0.9643732494975672,0.14,0.05710963159799576,0.9999974966049194
6,1,0.9587428195618193,0.16,0.06812184303998947,0.9999974370002747
6,1,0.9526922563252255,0.14,0.16616889834403992,0.9999973773956299
6,1,0.9553241230847587,0.16,0.22484014928340912,0.9999970197677612
6,1,0.9559484729024036,0.16,0.23567159473896027,0.9999972581863403
6,1,0.9576418757791606,0.14,0.2630368173122406,0.9999971985816956
6,1,0.9608702539835723,0.14,0.2630368173122406,0.999997079372406
6,1,0.9617826049456181,0.12,0.23801958560943604,0.999997079372406
6,1,0.9627312003838254,0.1,0.23801958560943604,0.9999973773956299
6,1,0.9656504551184768,0.08,0.33905020356178284,0.9999977946281433
6,1,0.9695708111759926,0.08,0.2880772650241852,0.9999980926513672
6,1,0.9711759381288,0.1,0.1976926475763321,0.999998152256012
6,1,0.9704580767787154,0.1,0.2880772650241852,0.9999979734420776
6,1,0.9693610484017762,0.1,0.2880772650241852,0.999997615814209
6,1,0.9691377349654505,0.1,0.2880772650241852,0.9999972581863403
6,1,0.9677288243551599,0.1,0.2880772650241852,0.9999970197677612
6,1,0.966762378193794,0.1,0.24814660847187042,0.9999967813491821
6,1,0.9678370573330173,0.1,0.16734537482261658,0.999996542930603
6,1,0.9690977325356488,0.12,0.11659419536590576,0.9999962449073792
6,1,0.9676756840435036,0.12,0.11659419536590576,0.9999959468841553
6,1,0.964131985128497,0.12,0.11659419536590576,0.9999956488609314
6,1,0.9631344678386582,0.12,0.11659419536590576,0.9999955892562866
6,1,0.9610706295064307,0.1,0.11659419536590576,0.9999953508377075
6,1,0.9640007159549587,0.1,0.14226049184799194,0.9999956488609314
6,1,0.9692152091148807,0.1,0.14226049184799194,0.9999961256980896
6,1,0.9703451581769142,0.12,0.14226049184799194,0.9999963045120239
6,1,0.9717883169097358,0.1,0.13496418297290802,0.999996542930603
6,1,0.9725616255450048,0.12,0.11891971528530121,0.9999967217445374
6,1,0.9739033022462071,0.14,0.107309989631176,0.9999969005584717
6,1,0.9768158803540354,0.14,0.04020288586616516,0.9999971985816956
6,1,0.9775309148904369,0.14,0.04020288586616516,0.9999974370002747
6,1,0.9767234139941849,0.14,0.04020288586616516,0.9999976754188538
6,1,0.9739280358032274,0.14,0.04469217732548714,0.9999977350234985
6,1,0.9705466353352626,0.14,0.03234825283288956,0.9999977946281433
6,1,0.9679654173528067,0.14,0.04065606743097305,0.9999979138374329
6,1,0.9667730021077142,0.14,0.03777117654681206,0.9999980926513672
6,1,0.9660993626391559,0.2,0.03279862552881241,0.9999983310699463
6,1,0.9641303731308063,0.22,0.0358588844537735,0.9999986290931702
6,1,0.9617086975162411,0.22,0.043044235557317734,0.9999988675117493
6,1,0.9604149237052786,0.22,0.05045338347554207,0.9999990463256836
6,1,0.9548370001063738,0.22,0.09441259503364563,0.9999991655349731
6,1,0.9499257142583222,0.2,0.09643615037202835,0.9999992251396179
6,1,0.9469791140808402,0.22,0.11183340847492218,0.9999992847442627
6,1,0.9473140209682115,0.24,0.10083630681037903,0.9999992847442627
6,1,0.9445562954508006,0.24,0.10083630681037903,0.9999992847442627
6,1,0.9426736266401126,0.24,0.107997365295887,0.9999992847442627
6,1,0.9446007179548743,0.24,0.107997365295887,0.9999992847442627
6,1,0.9485411917372643,0.24,0.10083630681037903,0.9999992251396179
6,1,0.9478894143104454,0.22,0.11967149376869202,0.9999991655349731
6,1,0.9467385190018311,0.2,0.18282932043075562,0.9999991059303284
6,1,0.9473483990796013,0.2,0.18282932043075562,0.9999989867210388
6,1,0.9496840433415278,0.2,0.1127694696187973,0.999998927116394
6,1,0.9527712529215204,0.22,0.101690873503685,0.9999988079071045
6,1,0.9577524938788867,0.22,0.04656614735722542,0.9999986290931702
6,1,0.9608025719630557,0.22,0.03889305889606476,0.9999985098838806
6,1,0.964516853416106,0.22,0.0323772206902504,0.9999983310699463
6,1,0.9695877611252616,0.18,0.021467575803399086,0.9999980330467224
6,1,0.9724779066890068,0.14,0.021467575803399086,0.9999977946281433
6,1,0.9741976945920586,0.14,0.024766290560364723,0.999997079372406
6,1,0.9741436734489025,0.16,0.012008335441350937,0.999995768070221
6,1,0.974594790907785,0.16,0.008802413940429688,0.9999948143959045
6,1,0.9736817890992718,0.14,0.007685542106628418,0.9999951720237732
6,1,0.971857125885665,0.14,0.010191102512180805,0.9999953508377075
6,1,0.9724437077473529,0.14,0.010191102512180805,0.9999949932098389
6,1,0.9744805984496924,0.14,0.010191102512180805,0.9999947547912598
6,1,0.9758392961238521,0.14,0.008422987535595894,0.9999943375587463
6,1,0.9732666166877761,0.14,0.012543284334242344,0.9999940395355225
6,1,0.9690955329187055,0.14,0.012543284334242344,0.9999935626983643
6,1,0.966349032854574,0.14,0.012543284334242344,0.9999924898147583
6,1,0.9653273512018732,0.14,0.012543284334242344,0.999992847442627
6,1,0.9649353095296264,0.14,0.012543284334242344,0.9999933242797852
6,1,0.9653853862032623,0.14,0.012543284334242344,0.9999959468841553
6,1,0.9645291549453887,0.14,0.018391916528344154,0.9999948740005493
6,1,0.9649193260135103,0.16,0.01592838764190674,0.9999954700469971
6,1,0.9660459536762313,0.18,0.01592838764190674,0.9999956488609314
6,1,0.9626115458041926,0.22,0.012949738651514053,0.9999954700469971
6,1,0.9611488084089416,0.22,0.015618960373103619,0.9999951124191284
6,1,0.9644410593894269,0.18,0.020971165969967842,0.9999945163726807
6,1,0.9629623690078831,0.18,0.017183030024170876,0.9999942183494568
6,1,0.9602384354538818,0.2,0.017183030024170876,0.9999938607215881
6,1,0.9572361334682449,0.2,0.026942582800984383,0.9999935626983643
6,1,0.953760398613824,0.2,0.026942582800984383,0.9999932050704956
6,1,0.9496306305590337,0.2,0.017324553802609444,0.9999924302101135
6,1,0.9412427711772445,0.22,0.00734849413856864,0.9999913573265076
6,1,0.9267345950283745,0.24,0.00734849413856864,0.9999904632568359
6,1,0.9126091061199033,0.24,0.004294938407838345,0.9999896287918091
6,1,0.9062911837805512,0.24,0.006408956833183765,0.9999889135360718
6,1,0.9078624917745476,0.2,0.01331709511578083,0.9999881982803345
6,1,0.9025849920760417,0.2,0.01331709511578083,0.9999865889549255
6,1,0.911048312183016,0.2,0.01331709511578083,0.9999852776527405
6,1,0.9074634391534602,0.2,0.01773378998041153,0.9999856352806091
6,1,0.9080599213794428,0.2,0.01773378998041153,0.9999855756759644
6,1,0.9115560717949354,0.22,0.01773378998041153,0.9999851584434509
6,1,0.9146620597535788,0.2,0.01773378998041153,0.9999844431877136
6,1,0.9170572325148669,0.2,0.01660013571381569,0.9999834299087524
6,1,0.9195338894874885,0.18,0.014855029061436653,0.9999818205833435
6,1,0.9221335951598031,0.14,0.01546834409236908,0.9999796152114868
6,1,0.924587532022369,0.14,0.014849035069346428,0.9999764561653137
6,1,0.9267385365900147,0.14,0.014849035069346428,0.9999732375144958
6,1,0.9287930245129772,0.1,0.014849035069346428,0.9999703764915466
6,1,0.9306379304917666,0.1,0.014849035069346428,0.9999677538871765
6,1,0.9314834569630206,0.1,0.011750142090022564,0.9999649524688721
6,1,0.9311980464777022,0.12,0.010533364489674568,0.9999619126319885
6,1,0.9308605832577521,0.12,0.010533364489674568,0.999958872795105
6,1,0.9343540957630584,0.12,0.008231054991483688,0.9999555349349976
6,1,0.9331168471207653,0.12,0.014240888878703117,0.9999539256095886
6,1,0.9317358736014084,0.12,0.014240888878703117,0.9999517202377319
6,1,0.931477041876581,0.12,0.014240888878703117,0.9999508261680603
6,1,0.932759433156061,0.12,0.014240888878703117,0.9999581575393677
6,1,0.9032689212104404,0.14,0.01999981515109539,0.9999391436576843
6,1,0.897685163711336,0.14,0.01999981515109539,0.9999237656593323
6,1,0.9043837091613143,0.14,0.021557781845331192,0.9999457001686096
6,1,0.8878608915824514,0.16,0.040384866297245026,0.9999580979347229
6,1,0.888744209102339,0.16,0.040384866297245026,0.9999643564224243
6,1,0.8962957398969625,0.16,0.040384866297245026,0.9999695420265198
6,1,0.8913169996606249,0.16,0.03508073464035988,0.999972939491272
6,1,0.891414147296497,0.16,0.029899243265390396,0.999972403049469
6,1,0.8961853638742706,0.16,0.029899243265390396,0.9999706745147705
6,1,0.905307112361787,0.18,0.029899243265390396,0.9999691843986511
6,1,0.9077223638076164,0.22,0.029899243265390396,0.9999735355377197
6,1,0.9056933069460494,0.2,0.026205724105238914,0.9999747276306152
6,1,0.8983569202622019,0.2,0.026205724105238914,0.9999738931655884
6,1,0.9041493659667893,0.2,0.027285568416118622,0.9999744892120361
6,1,0.8926506224663675,0.2,0.027285568416118622,0.9999727010726929
6,1,0.8974674145268049,0.2,0.03419666737318039,0.9999727010726929
6,1,0.9039037290085803,0.2,0.03812605142593384,0.9999727606773376
6,1,0.9129004249168844,0.2,0.042393673211336136,0.9999727606773376
6,1,0.9021585611910873,0.2,0.042393673211336136,0.9999809265136719
6,1,0.8948736872801405,0.2,0.042393673211336136,0.9999804496765137
6,1,0.887261672940379,0.2,0.03790688514709473,0.9999800324440002
6,1,0.8834984072830059,0.2,0.03705580160021782,0.9999797344207764
6,1,0.8697675197484308,0.2,0.03705580160021782,0.9999783635139465
6,1,0.8592009106121004,0.2,0.05934771150350571,0.9999776482582092
6,1,0.8522223798102642,0.2,0.05934771150350571,0.9999799728393555
6,1,0.850034709821239,0.2,0.05934771150350571,0.9999845623970032
6,1,0.8658475002301318,0.22,0.050339967012405396,0.999983549118042
6,1,0.8856007391506387,0.22,0.050339967012405396,0.9999860525131226
6,1,0.8911264184976861,0.22,0.05147984251379967,0.9999865889549255
6,1,0.8948120688762489,0.22,0.05747714266180992,0.9999868869781494
6,1,0.9021310309438851,0.22,0.05747714266180992,0.9999874234199524
6,1,0.901124519158299,0.2,0.05747714266180992,0.9999886155128479
6,1,0.9035127913094966,0.2,0.07514191418886185,0.9999895095825195
6,1,0.8950965285873058,0.2,0.07514191418886185,0.9999883770942688
6,1,0.8744969841952317,0.2,0.07514191418886185,0.9999869465827942
6,1,0.8883123806994403,0.2,0.07514191418886185,0.9999867081642151
6,1,0.9047922619226887,0.2,0.07514191418886185,0.9999872446060181
6,1,0.9202297644287902,0.2,0.07514191418886185,0.9999883770942688
6,1,0.9200472786873157,0.2,0.07514191418886185,0.999988853931427
6,1,0.9184312938051172,0.2,0.07514191418886185,0.9999896883964539
6,1,0.91630967329531,0.2,0.05747714266180992,0.9999896287918091
6,1,0.91954909089484,0.18,0.05747714266180992,0.9999884963035583
6,1,0.9231420052452604,0.18,0.05747714266180992,0.99998539686203
6,1,0.9179629169994508,0.18,0.05747714266180992,0.9999895095825195
6,1,0.9116964599309686,0.2,0.05747714266180992,0.9999921321868896
6,1,0.9112024906576236,0.18,0.05747714266180992,0.9999920725822449
6,1,0.9086601480777724,0.18,0.05747714266180992,0.999991774559021
6,1,0.8906430403958084,0.18,0.05147984251379967,0.9999922513961792
6,1,0.8854315242828241,0.18,0.05147984251379967,0.9999931454658508
6,1,0.8954688768474762,0.18,0.03126947581768036,0.9999935626983643
6,1,0.895089714385974,0.18,0.03126947581768036,0.9999932646751404
6,1,0.8920263870078678,0.18,0.03126947581768036,0.999992847442627
6,1,0.8909488216900755,0.18,0.03126947581768036,0.9999922513961792
6,1,0.8879131416274877,0.18,0.031992074102163315,0.9999925494194031
6,1,0.8936494177065225,0.16,0.031992074102163315,0.9999913573265076
6,1,0.8906392681851104,0.16,0.03580481931567192,0.999987781047821
6,1,0.8973126526424302,0.16,0.03325223550200462,0.9999871253967285
6,1,0.8948125980951371,0.16,0.03400078043341637,0.9999838471412659
6,1,0.8864357737252448,0.16,0.03400078043341637,0.9999766945838928
6,1,0.8899521217005708,0.18,0.03660864755511284,0.9999769926071167
6,1,0.8955113453243378,0.2,0.03660864755511284,0.9999766945838928
6,1,0.910444916059915,0.2,0.03881755471229553,0.9999717473983765
6,1,0.9234482201231999,0.2,0.03881755471229553,0.9999616146087646
6,1,0.9353118847797413,0.22,0.0481877364218235,0.9999503493309021
6,1,0.9332956408686841,0.22,0.04336325451731682,0.9999483823776245
6,1,0.9294234636462329,0.22,0.04336325451731682,0.9999513030052185
6,1,0.9247104396384819,0.22,0.04336325451731682,0.9999515414237976
6,1,0.9284828772557246,0.2,0.045960281044244766,0.9999362230300903
6,1,0.9282193638029835,0.16,0.04035647213459015,0.9999285340309143
6,1,0.928475370568509,0.14,0.03684886544942856,0.9999187588691711
6,1,0.9293191142057964,0.16,0.027836762368679047,0.999923586845398
6,1,0.9302420451434223,0.14,0.027836762368679047,0.999933123588562
6,1,0.9301280929353223,0.12,0.027836762368679047,0.9999375939369202
6,1,0.9292800342415922,0.12,0.027682162821292877,0.9999478459358215
6,1,0.9209000064674547,0.1,0.026573358103632927,0.9999626278877258
6,1,0.9167940812620143,0.1,0.03386611118912697,0.9999624490737915
6,1,0.8976868951324588,0.1,0.03386611118912697,0.999798595905304
6,1,0.9006014212628796,0.1,0.03386611118912697,0.9999470710754395
6,1,0.9120882801330519,0.1,0.03386611118912697,0.9999499320983887
6,1,0.9256364469356049,0.1,0.03386611118912697,0.9999521970748901
6,1,0.9275403689944931,0.1,0.031447235494852066,0.9999632239341736
6,1,0.924012251473421,0.1,0.035227637737989426,0.9999724626541138
6,1,0.9313132388096377,0.1,0.035227637737989426,0.9999775886535645
6,1,0.9369515641833653,0.08,0.035227637737989426,0.9999829530715942
6,1,0.9412584536163169,0.08,0.032714806497097015,0.9999878406524658
6,1,0.943507575870359,0.08,0.032714806497097015,0.9999890327453613
6,1,0.938929399263802,0.08,0.04136953875422478,0.9999885559082031
6,1,0.9355177656496312,0.08,0.04451654851436615,0.9999892115592957
6,1,0.9502427200396241,0.08,0.04451654851436615,0.9999918937683105
6,1,0.9507181382363642,0.08,0.04451654851436615,0.9999935030937195
6,1,0.9513457727085209,0.08,0.04451654851436615,0.9999948143959045
6,1,0.9517850474658597,0.08,0.049462709575891495,0.9999955892562866
6,1,0.9523011132085479,0.08,0.049462709575891495,0.9999964833259583
6,1,0.9520176165498246,0.1,0.049462709575891495,0.9999970197677612
6,1,0.9498187875833374,0.12,0.04598286747932434,0.9999971985816956
6,1,0.9491382075640032,0.12,0.04598286747932434,0.9999969005584717
6,1,0.930638553013639,0.12,0.04598286747932434,0.9999958872795105
6,1,0.9057021656912475,0.12,0.052994273602962494,0.9999955296516418
6,1,0.93650851017682,0.14,0.052994273602962494,0.9999970197677612
6,1,0.9420497521818035,0.14,0.055080972611904144,0.999997079372406
6,1,0.9491337010202878,0.16,0.05237140133976936,0.9999971985816956
6,1,0.9493540180975809,0.16,0.05237140133976936,0.9999966025352478
6,1,0.9501476342868378,0.16,0.04151473194360733,0.9999958276748657
6,1,0.9535832685935453,0.14,0.04151473194360733,0.9999939203262329
6,1,0.9504965750379236,0.12,0.04151473194360733,0.9999946355819702
6,1,0.9495995995977561,0.12,0.04151473194360733,0.9999942779541016
6,1,0.9486872161283207,0.08,0.03639964759349823,0.9999940395355225
6,1,0.9372505699191609,0.08,0.04189453646540642,0.9999931454658508
6,1,0.9255792527588607,0.06,0.04189453646540642,0.9999910593032837
6,1,0.927730845448938,0.06,0.03334240987896919,0.9999887943267822
6,1,0.925236436594618,0.06,0.039966002106666565,0.9999860525131226
6,1,0.9286089867678811,0.06,0.039966002106666565,0.9999847412109375
6,1,0.9389237178937542,0.06,0.039966002106666565,0.9999849796295166
6,1,0.9528497365140755,0.06,0.039966002106666565,0.9999876022338867
6,1,0.9593823854753283,0.06,0.039966002106666565,0.9999887347221375
6,1,0.9616505699500651,0.06,0.03334240987896919,0.9999904632568359
6,1,0.9621857129557432,0.08,0.03334240987896919,0.9999920725822449
6,1,0.9635982140622312,0.08,0.03590165823698044,0.9999932050704956
6,1,0.9651390799172799,0.08,0.04215596243739128,0.9999940991401672
6,1,0.9655061152956379,0.08,0.04215596243739128,0.9999948740005493
6,1,0.962649201695158,0.1,0.04215596243739128,0.9999954104423523
6,1,0.9646251186468257,0.1,0.04215596243739128,0.9999960660934448
6,1,0.968116192840805,0.1,0.04215596243739128,0.9999963641166687
6,1,0.9726565696338252,0.12,0.02994789555668831,0.9999969601631165
6,1,0.9742217866802304,0.12,0.023478366434574127,0.9999973177909851
6,1,0.9751810687664062,0.14,0.023478366434574127,0.9999977350234985
6,1,0.9766077558921428,0.14,0.016958007588982582,0.9999980926513672
6,1,0.9791014400786386,0.16,0.016958007588982582,0.9999982714653015
6,1,0.9804147194372079,0.14,0.02530030347406864,0.9999984502792358
6,1,0.9801333343814351,0.14,0.02530030347406864,0.9999983310699463
6,1,0.9790371990170883,0.16,0.03225528448820114,0.9999980926513672
6,1,0.976916361713774,0.16,0.03225528448820114,0.9999980330467224
6,1,0.9744390879270015,0.16,0.03225528448820114,0.9999979734420776
6,1,0.9764690529843189,0.16,0.028614822775125504,0.9999983310699463
6,1,0.9801642735541449,0.16,0.02242661640048027,0.9999986290931702
6,1,0.9820863470794459,0.16,0.02242661640048027,0.9999985694885254
6,1,0.9832161990732637,0.18,0.020395444706082344,0.9999987483024597
6,1,0.9824853034828867,0.18,0.020395444706082344,0.999998927116394
6,1,0.9823402503246434,0.18,0.020395444706082344,0.999998927116394
6,1,0.9815792007087242,0.2,0.020395444706082344,0.999998927116394
6,1,0.9807543959622081,0.2,0.020395444706082344,0.9999988079071045
6,1,0.9803307510864576,0.2,0.020395444706082344,0.9999987483024597
6,1,0.9826184343808231,0.18,0.1130155473947525,0.9999986886978149
6,1,0.9853415601407037,0.18,0.18568624556064606,0.9999987483024597
6,1,0.9847774871805821,0.2,0.18199726939201355,0.9999987483024597
6,1,0.9834842833786059,0.2,0.18199726939201355,0.9999985694885254
6,1,0.9844918896458871,0.22,0.1193171963095665,0.9999984502792358
6,1,0.9853098583845742,0.2,0.1360948532819748,0.999998152256012
6,1,0.9847618611773082,0.18,0.1069614589214325,0.9999978542327881
6,1,0.98243603798837,0.16,0.1069614589214325,0.9999973773956299
6,1,0.9836302657539533,0.16,0.09986140578985214,0.9999968409538269
6,1,0.9865123028471187,0.16,0.11024730652570724,0.9999963045120239
6,1,0.9860006246884377,0.16,0.11024730652570724,0.9999960660934448
6,1,0.9850756240079659,0.14,0.11024730652570724,0.999995768070221
6,1,0.9838668529792756,0.12,0.11024730652570724,0.9999954700469971
6,1,0.983095223603087,0.12,0.12563477456569672,0.9999950528144836
6,1,0.9826310294411672,0.12,0.12563477456569672,0.9999945163726807
6,1,0.9808039444040085,0.1,0.1477893590927124,0.9999945163726807
6,1,0.9780352884579808,0.12,0.1477893590927124,0.9999942779541016
6,1,0.9771084165270931,0.12,0.32024502754211426,0.9999939799308777
6,1,0.9787314912600681,0.12,0.3734327554702759,0.9999945163726807
6,1,0.981406254573804,0.14,0.39152321219444275,0.9999955296516418
6,1,0.9843599272325169,0.12,0.45838063955307007,0.9999961256980896
6,1,0.9851180123917336,0.12,0.5212722420692444,0.999997079372406
6,1,0.9856332368910186,0.12,0.4625733196735382,0.9999976754188538
6,1,0.9861174192436949,0.28,0.4625733196735382,0.9999979138374329
6,1,0.9850492890027807,0.32,0.5882242321968079,0.9999983310699463
6,1,0.9834058097882272,0.36,0.49300816655158997,0.9999982714653015
6,1,0.983253336741683,0.42,0.7188988327980042,0.9999988079071045
6,1,0.9877809622008431,0.42,0.4849061667919159,0.9999993443489075
6,1,0.988108352858458,0.42,0.38485488295555115,0.999999463558197
6,1,0.9887216237231506,0.42,0.38485488295555115,0.9999995827674866
6,1,0.9893015314867739,0.42,0.3883654475212097,0.9999996423721313
6,1,0.9910781421692593,0.42,0.3883654475212097,0.9999997019767761
6,1,0.9908959441081839,0.44,0.35382071137428284,0.9999997615814209
6,1,0.9908188430480489,0.42,0.3883654475212097,0.9999997615814209
6,1,0.9893007028196519,0.42,0.3883654475212097,0.9999997615814209
6,1,0.9887099392943938,0.44,0.32485610246658325,0.9999997615814209
6,1,0.9885635886921662,0.44,0.32485610246658325,0.9999997615814209
6,1,0.990660323122423,0.44,0.319487065076828,0.9999997615814209
6,1,0.9904884875382056,0.42,0.3400891423225403,0.9999997019767761
6,1,0.9905380703305752,0.42,0.2961343824863434,0.9999995827674866
6,1,0.9899554004529718,0.4,0.3876560926437378,0.9999995231628418
6,1,0.9897252894779623,0.4,0.35877442359924316,0.999999463558197
6,1,0.9901323654350153,0.4,0.3876560926437378,0.9999993443489075
6,1,0.9909159632345734,0.38,0.3657696545124054,0.9999992251396179
6,1,0.9908243255195849,0.4,0.41039448976516724,0.9999991655349731
6,1,0.9899569238550348,0.4,0.41039448976516724,0.9999990463256836
6,1,0.9893877158581423,0.42,0.7782015204429626,0.9999988675117493
6,1,0.9895698797841976,0.38,0.8459948301315308,0.9999986290931702
6,1,0.9892938656336319,0.38,0.8223822116851807,0.9999984502792358
6,1,0.9884463456785176,0.38,0.8223822116851807,0.9999982118606567
6,1,0.9889714816303882,0.38,0.8002305030822754,0.999998152256012
6,1,0.989343396890277,0.38,0.8002305030822754,0.9999979734420776
6,1,0.9900743267167309,0.38,0.8002305030822754,0.9999900460243225
6,1,0.9925713186299073,0.38,0.8002305030822754,0.9999977350234985
6,1,0.9925000694213664,0.38,0.8522091507911682,0.9999979734420776
6,1,0.9925314630856145,0.38,0.8597427606582642,0.9999979138374329
6,1,0.9926043129687909,0.38,0.8597427606582642,0.9999980330467224
6,1,0.9929253597914974,0.38,0.8960461020469666,0.9999979734420776
6,1,0.9935335920385675,0.38,0.9166805744171143,0.9999976754188538
6,1,0.992778944463232,0.38,0.8948156833648682,0.9999973773956299
6,1,0.9916736415804818,0.38,0.8855207562446594,0.9999969005584717
6,1,0.9913991372349773,0.38,0.8248769044876099,0.9999960660934448
6,1,0.9926178744335774,0.4,0.8821424245834351,0.9999959468841553
6,1,0.9940279848643668,0.44,0.8821424245834351,0.999996542930603
6,1,0.994141802226221,0.46,0.8653203248977661,0.9999969601631165
6,1,0.9943650336117161,0.52,0.972836971282959,0.9999973177909851
6,1,0.9945713352498537,0.54,0.972836971282959,0.9999977350234985
6,1,0.9948011607515732,0.54,0.972836971282959,0.9999980330467224
6,1,0.9950368177464222,0.64,0.9802675247192383,0.9999983310699463
6,1,0.995020278755727,0.7,0.9870285987854004,0.9999985098838806
6,1,0.9945888671529335,0.72,0.9870285987854004,0.9999986886978149
6,1,0.995194932734197,0.74,0.9954155683517456,0.9999989867210388
6,1,0.9960841973310637,0.76,0.995079517364502,0.9999991655349731
6,1,0.9962002595764333,0.76,0.9947710633277893,0.9999992847442627
6,1,0.9961435889409032,0.74,0.9947710633277893,0.9999993443489075
6,1,0.9960921698442983,0.74,0.9941633343696594,0.9999994039535522
6,1,0.9961120431264171,0.74,0.9941633343696594,0.999999463558197
6,1,0.9961898453758086,0.76,0.9941633343696594,0.9999994039535522
6,1,0.9958800051081524,0.76,0.9945074915885925,0.9999994039535522
6,1,0.9953841950422847,0.76,0.9945074915885925,0.9999994039535522
6,1,0.9947139270527192,0.76,0.9945074915885925,0.9999993443489075
6,1,0.9951693455404871,0.78,0.9981561303138733,0.9999993443489075
6,1,0.9951938530457168,0.78,0.9981561303138733,0.9999993443489075
6,1,0.9956164608988443,0.76,0.998445451259613,0.9999993443489075
6,1,0.9954119321382378,0.74,0.9980937838554382,0.9999992251396179
6,1,0.9950361067493257,0.74,0.9980937838554382,0.9999991655349731
6,1,0.9944093693282651,0.74,0.9980937838554382,0.999998927116394
6,1,0.9944338421248248,0.74,0.9976065158843994,0.9999988675117493
6,1,0.9941450862234579,0.72,0.9845635890960693,0.9999986290931702
6,1,0.9931876668665857,0.72,0.9845635890960693,0.9999982714653015
6,1,0.9930847445175984,0.7,0.9707684516906738,0.9999980330467224
6,1,0.9931347485796477,0.7,0.9126578569412231,0.9999976754188538
6,1,0.9939812009491509,0.68,0.942396342754364,0.9999972581863403
6,1,0.9941874980608628,0.66,0.9323828816413879,0.9999968409538269
6,1,0.993265419850101,0.72,0.98902428150177,0.9999966025352478
6,1,0.9934329343766207,0.7,0.9920637011528015,0.9999966025352478
6,1,0.994215345724513,0.7,0.9925307631492615,0.9999969005584717
6,1,0.9940228853149352,0.68,0.9925307631492615,0.9999963045120239
6,1,0.9938140452640255,0.66,0.991309404373169,0.9999961853027344
6,1,0.9924169354893184,0.68,0.9922119379043579,0.9999958872795105
6,1,0.9925276160187616,0.68,0.9910790324211121,0.9999960064888
6,1,0.9939087602335476,0.72,0.9969983100891113,0.9999959468841553
6,1,0.9943055052771433,0.74,0.9969983100891113,0.9999958276748657
6,1,0.9947957691479103,0.76,0.9973815083503723,0.9999958276748657
6,1,0.9952446206036053,0.76,0.9973815083503723,0.9999962449073792
6,1,0.9958576648162589,0.76,0.9977514147758484,0.9999970197677612
6,1,0.995987381451435,0.76,0.9977514147758484,0.9999973177909851
6,1,0.9960516301002622,0.76,0.9977514147758484,0.999997615814209
6,1,0.9960154975036013,0.76,0.9971768856048584,0.9999977946281433
6,1,0.9965676958893539,0.74,0.9842459559440613,0.999998152256012
6,1,0.997103497946835,0.74,0.9842459559440613,0.9999983906745911
6,1,0.99744618430499,0.74,0.9810478687286377,0.9999986886978149
6,1,0.9975916825975185,0.76,0.9788626432418823,0.999998927116394
6,1,0.9977545967835435,0.76,0.9788626432418823,0.9999990463256836
6,1,0.9978439837381232,0.76,0.9788626432418823,0.9999991655349731
6,1,0.9979240269774258,0.76,0.987021267414093,0.9999993443489075
6,1,0.9980864930112022,0.76,0.987021267414093,0.9999993443489075
6,1,0.9981072220809768,0.76,0.989222526550293,0.999999463558197
6,1,0.9979592073119132,0.76,0.9879778623580933,0.9999995231628418
6,1,0.9977909139605073,0.76,0.9981414079666138,0.9999995827674866
6,1,0.9977492799922445,0.76,0.9981414079666138,0.9999995827674866
6,1,0.997882364467931,0.78,0.9879778623580933,0.9999995827674866
6,1,0.9980649745009806,0.78,0.9879778623580933,0.9999995827674866
6,1,0.9981449954617704,0.78,0.9855262041091919,0.9999995827674866
6,1,0.9981184726137331,0.78,0.9866217970848083,0.9999995827674866
6,1,0.9980895839444622,0.78,0.9887003302574158,0.9999995827674866
6,1,0.9980394685713528,0.78,0.9829572439193726,0.9999995827674866
6,1,0.9977323032614329,0.78,0.9723153710365295,0.9999995231628418
6,1,0.9976487863932396,0.78,0.9723153710365295,0.9999995231628418
6,1,0.9978547948482898,0.78,0.9723153710365295,0.9999995231628418
6,1,0.9982513769676811,0.78,0.9723153710365295,0.999999463558197
6,1,0.9982023530504646,0.78,0.9723153710365295,0.9999994039535522
6,1,0.9980934616829968,0.78,0.9723153710365295,0.9999994039535522
6,1,0.9979924699569738,0.78,0.9723153710365295,0.9999992847442627
6,1,0.9981661489208791,0.78,0.982138991355896,0.9999991059303284
6,1,0.9980386486489617,0.78,0.9788793325424194,0.9999990463256836
6,1,0.9977086370908782,0.76,0.9788793325424194,0.9999989867210388
6,1,0.9977919938006645,0.7,0.9788793325424194,0.9999988079071045
6,1,0.997903367250805,0.68,0.9858633875846863,0.9999986886978149
6,1,0.9980667879469006,0.68,0.9858633875846863,0.999998927116394
6,1,0.9983367075234584,0.7,0.9850619435310364,0.9999991059303284
6,1,0.9985704739983159,0.72,0.9850619435310364,0.9999992847442627
6,1,0.9988050881550365,0.76,0.9968833327293396,0.9999994039535522
6,1,0.9988267427247565,0.78,0.998054027557373,0.9999994039535522
6,1,0.9988543161082822,0.78,0.998054027557373,0.9999994039535522
6,1,0.9989113242803739,0.78,0.998054027557373,0.9999994039535522
6,1,0.9989356615044022,0.78,0.9975565671920776,0.9999994039535522
6,1,0.9989278514009975,0.78,0.9866043925285339,0.999999463558197
6,1,0.9991120889623422,0.76,0.9866043925285339,0.999999463558197
6,1,0.9992618258201963,0.76,0.9838772416114807,0.999999463558197
6,1,0.9993956066895732,0.76,0.9863002896308899,0.9999995827674866
6,1,0.9994362837325875,0.76,0.9863002896308899,0.9999996423721313
6,1,0.9994733209552981,0.76,0.9863002896308899,0.9999997019767761
6,1,0.9994159915793438,0.76,0.9863002896308899,0.9999997615814209
6,1,0.9993985901270923,0.76,0.9892348647117615,0.9999997615814209
6,1,0.9993507742788659,0.76,0.9892348647117615,0.9999997615814209
6,1,0.9993192416384511,0.76,0.9873241186141968,0.9999997019767761
6,1,0.9992422047978223,0.72,0.9607962369918823,0.9999996423721313
6,1,0.9991975477012948,0.7,0.9607962369918823,0.9999995231628418
6,1,0.9991767958150813,0.7,0.9607962369918823,0.9999994039535522
6,1,0.9991823774202663,0.66,0.9607962369918823,0.9999992847442627
6,1,0.9991631683273365,0.66,0.9607962369918823,0.9999992251396179
6,1,0.9991626024640099,0.62,0.9607962369918823,0.9999991655349731
6,1,0.9991574873536673,0.62,0.8670923113822937,0.9999990463256836
6,1,0.9991545886702583,0.62,0.8538275361061096,0.9999989867210388
6,1,0.9991137671856719,0.62,0.8538275361061096,0.9999990463256836
6,1,0.9991510024703739,0.62,0.7951648831367493,0.9999989867210388
6,1,0.9990739663595377,0.62,0.7975655794143677,0.999998927116394
6,1,0.9990647021068327,0.62,0.7764788269996643,0.999998927116394
6,1,0.9990959143378407,0.62,0.7738990187644958,0.9999988079071045
6,1,0.9990359380464797,0.62,0.7738990187644958,0.9999988079071045
6,1,0.9989847587640777,0.62,0.8074206709861755,0.9999988079071045
6,1,0.9988687385138226,0.64,0.96478670835495,0.9999988675117493
6,1,0.9988136549967491,0.66,0.971766471862793,0.9999988675117493
6,1,0.9988244235778049,0.66,0.9746463894844055,0.9999988675117493
6,1,0.998841093290517,0.66,0.9746463894844055,0.9999988079071045
6,1,0.9988554334068988,0.66,0.9746463894844055,0.9999988079071045
6,1,0.998880724970055,0.66,0.9746463894844055,0.9999988675117493
6,1,0.9989520279762144,0.66,0.9746463894844055,0.9999988675117493
6,1,0.9988636325182663,0.66,0.9746463894844055,0.9999988079071045
6,1,0.9987627544407247,0.66,0.9746463894844055,0.9999988079071045
6,1,0.9986268228433103,0.66,0.9721866846084595,0.9999988675117493
6,1,0.9986832608202637,0.66,0.9721866846084595,0.9999988675117493
6,1,0.9987089354589838,0.66,0.988593339920044,0.9999989867210388
6,1,0.9987931144441486,0.66,0.9857123494148254,0.9999989867210388
6,1,0.9987945482176561,0.66,0.9852614998817444,0.9999990463256836
6,1,0.9987849013750717,0.66,0.9852614998817444,0.9999991059303284
6,1,0.9987904506246781,0.66,0.9840562343597412,0.9999992251396179
6,1,0.998836424515874,0.66,0.9840562343597412,0.9999992847442627
6,1,0.9988251349209208,0.66,0.9872668385505676,0.9999994039535522
6,1,0.9988458038835487,0.66,0.9880127906799316,0.9999995231628418
6,1,0.9989511938950338,0.66,0.9880127906799316,0.9999995827674866
6,1,0.9990415926484445,0.66,0.9880127906799316,0.9999996423721313
6,1,0.9990472171584274,0.66,0.9880127906799316,0.9999996423721313
6,1,0.999026776848054,0.64,0.9872668385505676,0.9999997019767761
6,1,0.999087121211595,0.64,0.9850568175315857,0.9999997615814209
6,1,0.999174024965657,0.64,0.9606767296791077,0.9999998211860657
6,1,0.9991895716779529,0.56,0.9396020174026489,0.9999998211860657
6,1,0.999145883516662,0.54,0.9719234108924866,0.9999998211860657
6,1,0.9991028645107924,0.56,0.9781562089920044,0.9999998807907104
6,1,0.9990734430846737,0.58,0.9794247150421143,0.9999998807907104
6,1,0.9990177437316239,0.58,0.9794247150421143,0.9999998807907104
6,1,0.9989408912522857,0.58,0.9742799401283264,0.9999998807907104
6,1,0.9988825279874752,0.6,0.9742799401283264,0.9999998807907104
6,1,0.998856045336306,0.6,0.9742799401283264,0.9999998807907104
6,1,0.9988979087569514,0.6,0.9713597297668457,0.9999998807907104
6,1,0.9987755719281582,0.6,0.9713597297668457,0.9999998807907104
6,1,0.998864717984297,0.6,0.9770747423171997,0.9999998807907104
6,1,0.9988857316084889,0.58,0.9770747423171997,0.9999998807907104
6,1,0.9988500844234489,0.58,0.9640562534332275,0.9999998807907104
6,1,0.9988215258493887,0.56,0.9569453597068787,0.9999998807907104
6,1,0.9987578713161287,0.48,0.7764414548873901,0.9999998211860657
6,1,0.9987465843056398,0.46,0.7764414548873901,0.9999998211860657
6,1,0.9987841926600367,0.42,0.7764414548873901,0.9999998211860657
6,1,0.9986440030547566,0.42,0.7764414548873901,0.9999997615814209
6,1,0.9984292227299173,0.42,0.8073631525039673,0.9999997615814209
6,1,0.9984532093213798,0.4,0.8510306477546692,0.9999997615814209
6,1,0.9983794916936238,0.4,0.8510306477546692,0.9999997019767761
6,1,0.9982556152667607,0.4,0.830620527267456,0.9999997019767761
6,1,0.9980259580373485,0.38,0.830620527267456,0.9999996423721313
6,1,0.9976333883970063,0.38,0.8104727864265442,0.9999995827674866
6,1,0.9973797668974566,0.38,0.8104727864265442,0.9999995827674866
6,1,0.997307143267991,0.38,0.8104727864265442,0.9999995231628418
6,1,0.9969098400179834,0.4,0.8104727864265442,0.9999995231628418
6,1,0.9967750574091422,0.38,0.8104727864265442,0.9999995827674866
6,1,0.9966376305095533,0.38,0.8104727864265442,0.9999995827674866
6,1,0.9962061870894092,0.38,0.7954286932945251,0.9999995827674866
6,1,0.996218859487218,0.38,0.7954286932945251,0.9999995827674866
6,1,0.9962371635014401,0.4,0.6743301153182983,0.9999995231628418
6,1,0.9961472507522482,0.24,0.6743301153182983,0.9999995231628418
6,1,0.9959387730727518,0.2,0.5151900053024292,0.9999995231628418
6,1,0.9960324542413882,0.2,0.48068660497665405,0.9999995231628418
6,1,0.9960667747585549,0.2,0.48068660497665405,0.9999995231628418
6,1,0.9959900046786156,0.2,0.4846259653568268,0.9999995231628418
6,1,0.9957201061098268,0.18,0.4846259653568268,0.9999995827674866
6,1,0.9952798453750117,0.18,0.4846259653568268,0.9999995827674866
6,1,0.9959040232761007,0.2,0.4846259653568268,0.9999995827674866
6,1,0.9960995268743043,0.2,0.45708996057510376,0.9999995827674866
6,1,0.9957504993439308,0.18,0.43835708498954773,0.9999995231628418
6,1,0.9951805686854424,0.16,0.43835708498954773,0.999999463558197
6,1,0.9947476180891078,0.18,0.43835708498954773,0.999999463558197
6,1,0.9945937265548614,0.18,0.43835708498954773,0.999999463558197
6,1,0.9944429464034658,0.18,0.43835708498954773,0.999999463558197
6,1,0.9942978495245381,0.16,0.43835708498954773,0.999999463558197
6,1,0.9935663753325727,0.16,0.4768531620502472,0.999999463558197
6,1,0.9925977229450432,0.16,0.4768531620502472,0.999999463558197
6,1,0.992099986034706,0.16,0.3679632544517517,0.999999463558197
6,1,0.9920899953221877,0.16,0.3679632544517517,0.9999995231628418
6,1,0.992342599999778,0.16,0.3679632544517517,0.9999995231628418
6,1,0.9924433087515019,0.18,0.3716399669647217,0.9999995827674866
6,1,0.9924323802263635,0.18,0.3716399669647217,0.9999995827674866
6,1,0.9926234638971632,0.18,0.3716399669647217,0.9999996423721313
6,1,0.9929665295444937,0.18,0.48079025745391846,0.9999997019767761
6,1,0.9923326451561206,0.18,0.48079025745391846,0.9999997019767761
6,1,0.992147626066948,0.18,0.43447673320770264,0.9999995827674866
6,1,0.9914510069064447,0.18,0.43447673320770264,0.9999992251396179
6,1,0.9872240638938862,0.18,0.43835708498954773,0.9999989867210388
6,1,0.9893825740275308,0.18,0.5725229978561401,0.9999991059303284
6,1,0.9948867103944765,0.14,0.6841314435005188,0.9999993443489075
6,1,0.9962692543313615,0.14,0.706800103187561,0.9999993443489075
6,1,0.9963963869049742,0.14,0.706800103187561,0.9999992251396179
6,1,0.9968384093926004,0.12,0.6969499588012695,0.999998927116394
6,1,0.9971261002867617,0.1,0.7197785973548889,0.9999980926513672
6,1,0.9971138668880106,0.08,0.27057945728302,0.9999962449073792
6,1,0.9968884092561267,0.08,0.23968999087810516,0.999992847442627
6,1,0.9965187751450484,0.06,0.23968999087810516,0.9999855756759644
6,1,0.9961826710362262,0.04,0.23968999087810516,0.9999722838401794
6,1,0.9954846385492313,0.04,0.21012595295906067,0.9999551177024841
6,1,0.9945523332377618,0.04,0.22687099874019623,0.9999271035194397
6,1,0.9936917623369974,0.04,0.21812497079372406,0.9998857975006104
6,1,0.9930658421905249,0.04,0.21479123830795288,0.9998376369476318
6,1,0.9940005473160096,0.04,0.17653724551200867,0.9998008012771606
6,1,0.9940434135034897,0.06,0.17653724551200867,0.9997345805168152
6,1,0.9940868948020903,0.06,0.16103674471378326,0.9996691942214966
6,1,0.9942904144805972,0.06,0.19299112260341644,0.9996182918548584
6,1,0.9945794108003442,0.06,0.2202460616827011,0.9995827674865723
6,1,0.9938293621897409,0.06,0.2202460616827011,0.9994726181030273
6,1,0.9925452884608938,0.06,0.2171701341867447,0.9992958307266235
6,1,0.9914470002713409,0.06,0.24763254821300507,0.9991360306739807
6,1,0.9916568437825827,0.06,0.16007211804389954,0.9988991022109985
6,1,0.9920078346461829,0.06,0.07139761745929718,0.9983498454093933
6,1,0.9926429607805277,0.06,0.11805213242769241,0.9984580874443054
6,1,0.9933451003490436,0.06,0.11064109951257706,0.9984863996505737
6,1,0.9937756517118541,0.06,0.16344822943210602,0.9988393187522888
6,1,0.9931970545814034,0.06,0.17630451917648315,0.9993675947189331
6,1,0.9935157403303008,0.06,0.17630451917648315,0.9992433786392212
6,1,0.9933234439949824,0.06,0.17630451917648315,0.999213695526123
6,1,0.9926097376321232,0.06,0.17630451917648315,0.9993375539779663
6,1,0.9924609308768397,0.06,0.17630451917648315,0.9993391633033752
6,1,0.9926311886381941,0.06,0.17630451917648315,0.9997298717498779
6,1,0.990021980675694,0.06,0.13219228386878967,0.99969482421875
6,1,0.9897109456252157,0.06,0.0948326587677002,0.9995558261871338
6,1,0.98528543528242,0.06,0.06986407190561295,0.9993271231651306
6,1,0.9844531280838981,0.06,0.06375191360712051,0.9994545578956604
6,1,0.9849508870752982,0.06,0.07415124028921127,0.9995036125183105
6,1,0.9851107260763385,0.06,0.09558703750371933,0.9994802474975586
6,1,0.984947549848432,0.06,0.21992522478103638,0.999451756477356
6,1,0.9852286598186231,0.06,0.21992522478103638,0.9994260668754578
6,1,0.9846361289021538,0.06,0.27073371410369873,0.999405026435852
6,1,0.9850867085204689,0.06,0.27073371410369873,0.9994036555290222
6,1,0.984906672860714,0.04,0.27073371410369873,0.9994176626205444
6,1,0.9845479645581152,0.04,0.2931041717529297,0.9994262456893921
6,1,0.9844950809399019,0.04,0.2931041717529297,0.9994401931762695
6,1,0.9850262624850284,0.04,0.1470600962638855,0.9994787573814392
6,1,0.9834904783147216,0.04,0.1470600962638855,0.9994375109672546
6,1,0.9817866911200104,0.04,0.10945948213338852,0.9993818402290344
6,1,0.9823466693183716,0.04,0.10945948213338852,0.9994086027145386
6,1,0.9826624976719399,0.04,0.09054610878229141,0.9994057416915894
6,1,0.9816819630231044,0.04,0.09054610878229141,0.9993703365325928
6,1,0.9809460011688413,0.04,0.08301228284835815,0.9993531107902527
6,1,0.9799616962079544,0.04,0.08301228284835815,0.9993544220924377
6,1,0.9794456810917694,0.04,0.08301228284835815,0.9994465112686157
6,1,0.9822761955100429,0.04,0.08301228284835815,0.9996553063392639
6,1,0.9759533385549719,0.04,0.07944576442241669,0.9996439218521118
6,1,0.9695922961386326,0.04,0.10798657685518265,0.9996219277381897
6,1,0.9565769661087105,0.04,0.10798657685518265,0.9995720982551575
6,1,0.9538279384844571,0.04,0.09940546005964279,0.9996374249458313
6,1,0.9577862945198975,0.04,0.07357291132211685,0.999697744846344
6,1,0.9594757406899205,0.04,0.1618826985359192,0.9997234344482422
6,1,0.9627069676936726,0.06,0.1618826985359192,0.9997557997703552
6,1,0.9664392676041541,0.06,0.1618826985359192,0.9997942447662354
6,1,0.970453545647777,0.06,0.1618826985359192,0.9998357892036438
6,1,0.9722582889842183,0.08,0.2122337818145752,0.9998741745948792
6,1,0.9753220907370443,0.08,0.22808796167373657,0.999907374382019
6,1,0.9778780884044459,0.08,0.22808796167373657,0.9999276399612427
6,1,0.9805980282049894,0.06,0.21502317488193512,0.99994295835495
6,1,0.9816179092273924,0.06,0.21502317488193512,0.9999541640281677
6,1,0.9823164416290602,0.06,0.21502317488193512,0.9999569654464722
6,1,0.9834502004960078,0.06,0.21502317488193512,0.9999566674232483
6,1,0.9828602799749803,0.08,0.21502317488193512,0.9999588131904602
6,1,0.9825977892040099,0.08,0.09531497955322266,0.9999603033065796
6,1,0.982806497018738,0.08,0.09531497955322266,0.9999579191207886
6,1,0.9824158090894459,0.1,0.09531497955322266,0.9999549984931946
6,1,0.982635874226532,0.08,0.1038389578461647,0.9999533295631409
6,1,0.982139573420266,0.08,0.2315131276845932,0.9999499320983887
6,1,0.9795422060491844,0.08,0.2315131276845932,0.9999446868896484
6,1,0.9797898572368996,0.08,0.2315131276845932,0.9999487996101379
6,1,0.981394112527203,0.04,0.2315131276845932,0.9999527931213379
6,1,0.9839429770264366,0.04,0.2315131276845932,0.9999565482139587
6,1,0.9831288714324594,0.04,0.12314882129430771,0.9999518990516663
6,1,0.9825713734353125,0.04,0.12314882129430771,0.9999447464942932
6,1,0.98258669956586,0.04,0.11351615935564041,0.9999277591705322
6,1,0.9823762571249467,0.04,0.11351615935564041,0.9998924136161804
6,1,0.9812226350332789,0.04,0.11351615935564041,0.9998449087142944
6,1,0.9784522099988364,0.04,0.11351615935564041,0.9997835755348206
6,1,0.9743742017029047,0.04,0.11351615935564041,0.9997016787528992
6,1,0.9739561162614334,0.04,0.15108607709407806,0.9996434450149536
6,1,0.972743504330316,0.04,0.15108607709407806,0.9995781779289246
6,1,0.9703203336045955,0.04,0.1633194535970688,0.999505877494812
6,1,0.9685753359704034,0.04,0.08377920836210251,0.9994242191314697
6,1,0.9700586826934101,0.04,0.07873663306236267,0.9993444681167603
6,1,0.9730293993725991,0.04,0.07873663306236267,0.9992720484733582
6,1,0.9722374162529523,0.04,0.07873663306236267,0.9992296695709229
6,1,0.9743707750809014,0.04,0.07873663306236267,0.9993320107460022
6,1,0.9768748360981647,0.04,0.07873663306236267,0.9994138479232788
6,1,0.9778477125607588,0.04,0.07873663306236267,0.9994595050811768
6,1,0.9781801964820623,0.04,0.07873663306236267,0.9995129704475403
6,1,0.9737331640349886,0.04,0.07873663306236267,0.997582733631134
6,1,0.9767268389527939,0.06,0.07873663306236267,0.9995737671852112
6,1,0.9776746685069733,0.06,0.07873663306236267,0.9995952248573303
6,1,0.9779313645246038,0.06,0.07873663306236267,0.9996034502983093
6,1,0.9785592020066474,0.06,0.07873663306236267,0.9995981454849243
6,1,0.9777176580188038,0.06,0.13083066046237946,0.9995753765106201
6,1,0.9747179646876254,0.06,0.1206798404455185,0.9995350241661072
6,1,0.9749651755307737,0.06,0.1206798404455185,0.9995479583740234
6,1,0.973087192270863,0.06,0.1206798404455185,0.9995397925376892
6,1,0.9741638785481646,0.06,0.1426229625940323,0.9994469881057739
6,1,0.9794880334815536,0.06,0.1426229625940323,0.9991564750671387
6,1,0.9792079758921696,0.04,0.08629976958036423,0.9989138245582581
6,1,0.9771228356988134,0.04,0.08629976958036423,0.9986986517906189
6,1,0.9753166777001879,0.04,0.08629976958036423,0.9982540607452393
6,1,0.9741446899203605,0.04,0.08629976958036423,0.9978340864181519
6,1,0.9726523045432128,0.06,0.08629976958036423,0.9974368214607239
6,1,0.9708565857830866,0.06,0.08629976958036423,0.9969610571861267
6,1,0.9690088258029962,0.06,0.07797215133905411,0.9962892532348633
6,1,0.9672788992323123,0.06,0.08532341569662094,0.9952976703643799
6,1,0.9624170378669724,0.06,0.08532341569662094,0.9941080808639526
6,1,0.959450532208694,0.06,0.08532341569662094,0.9927793145179749
6,1,0.9569593690168903,0.06,0.08532341569662094,0.990271806716919
6,1,0.9566556731330945,0.06,0.08532341569662094,0.9883109927177429
6,1,0.9520958725496922,0.06,0.08532341569662094,0.9853598475456238
6,1,0.9502393238263012,0.06,0.04656292870640755,0.9775408506393433
6,1,0.9434420269455698,0.06,0.03873134031891823,0.9690514802932739
6,1,0.9339743373469015,0.06,0.04993439093232155,0.9592100381851196
6,1,0.9323576353125202,0.06,0.036312878131866455,0.9491572380065918
6,1,0.9365268442812376,0.06,0.02350161224603653,0.9399745464324951
6,1,0.9407678153225666,0.06,0.02142093889415264,0.9402292966842651
6,1,0.9453560263093584,0.06,0.02142093889415264,0.9404337406158447
6,1,0.9466785658021117,0.06,0.02142093889415264,0.9424705505371094
6,1,0.9456394594092148,0.06,0.02142093889415264,0.9440617561340332
6,1,0.9447427117338777,0.06,0.02142093889415264,0.9430310130119324
6,1,0.9404599942637575,0.06,0.03313646838068962,0.9458677172660828
6,1,0.9377020923897748,0.06,0.03313646838068962,0.9468693733215332
6,1,0.9427957214553175,0.06,0.030133381485939026,0.9512872099876404
6,1,0.950634524539748,0.06,0.028075573965907097,0.9613511562347412
6,1,0.9503103092299671,0.06,0.033828359097242355,0.9668228030204773
6,1,0.9553460317957525,0.06,0.033828359097242355,0.9726044535636902
6,1,0.9610353016916937,0.06,0.03610757738351822,0.9731771349906921
6,1,0.962948310425129,0.06,0.039339106529951096,0.974219560623169
6,1,0.9574995536473415,0.06,0.04965604469180107,0.9783172607421875
6,1,0.9553497318378645,0.06,0.04965604469180107,0.9832072257995605
6,1,0.9613139505556403,0.06,0.04965604469180107,0.987992525100708
6,1,0.9679360417067275,0.06,0.05514029040932655,0.9913345575332642
6,1,0.9692943984541754,0.06,0.05514029040932655,0.9928372502326965
6,1,0.9708888866817212,0.06,0.05024667829275131,0.9943047165870667
6,1,0.9725281603527153,0.06,0.05024667829275131,0.9955406785011292
6,1,0.9734993114015782,0.06,0.05484260991215706,0.9962465763092041
6,1,0.974602732871747,0.06,0.05241157114505768,0.9966546297073364
6,1,0.9739327100006401,0.06,0.043641310185194016,0.9966452717781067
6,1,0.9746938931147077,0.06,0.043641310185194016,0.9967234134674072
6,1,0.9748111242167499,0.06,0.043641310185194016,0.9966970682144165
6,1,0.9746844146238204,0.06,0.043641310185194016,0.9965800046920776
6,1,0.9748640163704618,0.06,0.043641310185194016,0.9965081810951233
6,1,0.9761802298802539,0.06,0.041100434958934784,0.9966886639595032
6,1,0.9724240383323248,0.06,0.041100434958934784,0.9960475564002991
6,1,0.9746153906215123,0.06,0.044758062809705734,0.9950600266456604
6,1,0.9719395090510843,0.06,0.044758062809705734,0.9924782514572144
6,1,0.961238278704732,0.08,0.041100434958934784,0.9909652471542358
6,1,0.9582963273100706,0.08,0.047185178846120834,0.9808967709541321
6,1,0.9634856331176394,0.08,0.05040609464049339,0.9674398303031921
6,1,0.9594021974410104,0.08,0.05924690514802933,0.9580073356628418
6,1,0.9586213803832675,0.08,0.050902966409921646,0.8943158984184265
6,1,0.9500952376953125,0.08,0.03469023108482361,0.8589786887168884
6,1,0.9521274619535821,0.1,0.014291194267570972,0.6565864086151123
6,1,0.9648179247844669,0.1,0.01105937547981739,0.38759762048721313
6,1,0.9593411562294991,0.1,0.00914200209081173,0.316673219203949
6,1,0.9510029768078654,0.08,0.00914200209081173,0.22082045674324036
6,1,0.9557275986859765,0.08,0.00914200209081173,0.20531153678894043
6,1,0.9538391810781112,0.08,0.00914200209081173,0.18738344311714172
6,1,0.9527589488989547,0.08,0.00914200209081173,0.1723857820034027
6,1,0.9429168551463991,0.08,0.00657120905816555,0.16424699127674103
6,1,0.9464149293995838,0.08,0.008502752520143986,0.17656730115413666
6,1,0.9272779082869258,0.08,0.00657120905816555,0.13829436898231506
6,1,0.9052710061101331,0.08,0.00657120905816555,0.12323658913373947
6,1,0.9162038216775342,0.08,0.00657120905816555,0.13775329291820526
6,1,0.9236665835243959,0.08,0.010250203311443329,0.13215024769306183
6,1,0.9285240354657229,0.08,0.010469397529959679,0.10724601149559021
6,1,0.930745453018437,0.08,0.010469397529959679,0.07925540208816528
6,1,0.9326022843445849,0.08,0.010469397529959679,0.06086735799908638
6,1,0.9324856942497937,0.08,0.011002372950315475,0.04842682555317879
6,1,0.9299942740794962,0.08,0.007787275593727827,0.04239651560783386
6,1,0.9275302194847338,0.06,0.007787275593727827,0.03907526284456253
6,1,0.9271542516384371,0.06,0.007954958826303482,0.035643070936203
6,1,0.9298438192247851,0.06,0.007302556652575731,0.0340898297727108
6,1,0.9336806035373143,0.06,0.007872839458286762,0.03447740525007248
6,1,0.9378407827985583,0.06,0.00685916980728507,0.03443090617656708
6,1,0.9318575710415775,0.06,0.006222212221473455,0.030891044065356255
6,1,0.9259490773090542,0.06,0.006222212221473455,0.027523618191480637
6,1,0.9210064944018002,0.06,0.006222212221473455,0.02387910895049572
6,1,0.9170632632834909,0.06,0.005083093885332346,0.021890580654144287
6,1,0.9116601619253889,0.06,0.005083093885332346,0.019841022789478302
6,1,0.9158843694263682,0.06,0.0060030012391507626,0.018164943903684616
6,1,0.9144763867082152,0.06,0.0060030012391507626,0.016925254836678505
6,1,0.9106894340989409,0.06,0.0060030012391507626,0.015403487719595432
6,1,0.9070811642878669,0.06,0.0060030012391507626,0.013330570422112942
6,1,0.9032263005328365,0.06,0.0060030012391507626,0.011199560947716236
6,1,0.8985252212850919,0.06,0.007114227395504713,0.009134639985859394
6,1,0.8935299830384625,0.06,0.004555614199489355,0.007193178404122591
6,1,0.8882367973914514,0.06,0.005022827535867691,0.005549862049520016
6,1,0.8823017223815881,0.06,0.003993393387645483,0.004230148624628782
6,1,0.8758844052570676,0.06,0.0048362077213823795,0.003076494438573718
6,1,0.8692080136102216,0.06,0.004688088316470385,0.0020655642729252577
6,1,0.8622917718825602,0.06,0.005841768812388182,0.0013827853836119175
6,1,0.8637300352744169,0.08,0.0025255591608583927,0.0010712750954553485
6,1,0.8648565804391343,0.08,0.0062967282719910145,0.0009253218886442482
6,1,0.8602027851328973,0.08,0.010003001429140568,0.0007729413919150829
6,1,0.8511114813572463,0.08,0.010003001429140568,0.0006759708048775792
6,1,0.8397753224286345,0.08,0.006198636256158352,0.0005779804196208715
6,1,0.891849140160143,0.08,0.004487468395382166,0.003928572405129671
6,1,0.8919221131722667,0.04,0.0039542182348668575,0.0034017344005405903
6,1,0.8931869304262916,0.04,0.0016613582847639918,0.003095401683822274
6,1,0.8982650418006839,0.04,0.0016613582847639918,0.002936194185167551
6,1,0.9091633076752896,0.04,0.0016613582847639918,0.003703832160681486
6,1,0.9096979111448115,0.04,0.0012316385982558131,0.004137526731938124
6,1,0.910697506238764,0.06,0.0016249098116531968,0.004364950582385063
6,1,0.9145228875306446,0.06,0.0016249098116531968,0.004586545284837484
6,1,0.9220488873105721,0.08,0.0016128340503200889,0.0048299189656972885
6,1,0.9275016373109903,0.1,0.0018886548932641745,0.0046590776182711124
6,1,0.9282709381964124,0.1,0.0018886548932641745,0.004138479940593243
6,1,0.9226946929526718,0.1,0.041266847401857376,0.003294987604022026
6,1,0.9120469527735656,0.1,0.041266847401857376,0.002558029955253005
6,1,0.9090966111563724,0.1,0.0905657410621643,0.0018637462053447962
6,1,0.9045707276630554,0.1,0.07592253386974335,0.0012878464767709374
6,1,0.9010500643307628,0.1,0.07592253386974335,0.0008797682821750641
6,1,0.9048345332055798,0.1,0.07592253386974335,0.0006056391284801066
6,1,0.9176356131550519,0.1,0.07592253386974335,0.00047080355579964817
6,1,0.91704503561269,0.1,0.07592253386974335,0.00043326476588845253
6,1,0.9159872360359507,0.1,0.04985985904932022,0.0004334454715717584
6,1,0.9199823453840907,0.1,0.022178586572408676,0.000475898792501539
6,1,0.9186166172208022,0.1,0.0018547349609434605,0.0004914351156912744
6,1,0.9230157654953248,0.1,0.0018547349609434605,0.0005263970233500004
6,1,0.9234183182808315,0.08,0.0020455215126276016,0.0005021564429625869
6,1,0.910330962339389,0.08,0.0020455215126276016,0.0004482953227125108
6,1,0.8952680065113605,0.08,0.0020455215126276016,0.00041656155372038484
6,1,0.8806343065855592,0.08,0.0018547349609434605,0.0003255019837524742
6,1,0.8818155008258689,0.08,0.001652733189985156,0.0002409815351711586
6,1,0.8904132565516498,0.08,0.004700154531747103,0.0001783425541361794
6,1,0.8859804623593346,0.06,0.0013949900167062879,0.00014336110325530171
6,1,0.8852728019380388,0.04,0.00042302050860598683,0.00011893032205989584
6,1,0.8795947486218134,0.04,0.0003238104109186679,8.644389890832826e-05
6,1,0.8750761927687041,0.04,0.0003238104109186679,5.9882393543375656e-05
6,1,0.8711502361852811,0.04,0.0003238104109186679,3.820331039605662e-05
6,1,0.8641990262953327,0.04,0.0003258055367041379,2.2442822228185833e-05
6,1,0.84369125209458,0.04,0.00026760983746498823,1.3187410331738647e-05
6,1,0.8122846858485852,0.04,0.00026420786161907017,7.775445737934206e-06
6,1,0.8114496888850857,0.04,0.00026420786161907017,4.6998789002827834e-06
6,1,0.8215979010462798,0.04,0.0002003178815357387,3.2425698464066954e-06
6,1,0.8389788607196057,0.04,0.0002003178815357387,2.545940333220642e-06
6,1,0.8371718975600936,0.04,0.0002003178815357387,2.4302526071551256e-06
6,1,0.8405320267094661,0.04,0.0002003178815357387,2.5986535092670238e-06
6,1,0.8489057601399784,0.04,0.00018160275067202747,2.9483539947250392e-06
6,1,0.8600861265841659,0.04,0.00018160275067202747,3.354157342982944e-06
6,1,0.8750082414112711,0.04,0.00018160275067202747,4.650335995393107e-06
6,1,0.878457305835859,0.04,0.00018160275067202747,6.286520147114061e-06
6,1,0.8776069160042292,0.02,0.00018160275067202747,8.538996553397737e-06
6,1,0.8767614890421813,0.02,0.00023952513583935797,1.1109896149719134e-05
6,1,0.8824394490133658,0.02,0.00023952513583935797,1.4276120055001229e-05
6,1,0.8918452555117433,0.02,0.00011564829765120521,1.616514964553062e-05
6,1,0.8949116938171332,0.02,0.00011023895058315247,1.581406468176283e-05
6,1,0.8907406382995833,0.02,0.00011165862088091671,1.4418388673220761e-05
6,1,0.8812541848737785,0.02,0.0001116638450184837,1.087662712961901e-05
6,1,0.8723904218566411,0.02,0.00010949062561849132,7.447897587553598e-06
6,1,0.8657612959765905,0.02,0.00010935581667581573,5.74291925659054e-06
6,1,0.8586073689818057,0.02,0.00010935581667581573,4.543864179140655e-06
6,1,0.8529743089291209,0.02,0.00010796541027957574,3.6775156786461594e-06
6,1,0.8401587838606717,0.02,0.00010796541027957574,2.7391365620133e-06
6,1,0.8245639723394884,0.02,0.00010796541027957574,2.050933062491822e-06
6,1,0.8083697206241723,0.02,0.00010796541027957574,1.6360780819013598e-06
6,1,0.7863820308761703,0.02,9.022358426591381e-05,1.254158519259363e-06
6,1,0.7954142702959364,0.02,9.022358426591381e-05,1.282918333345151e-06
6,1,0.7940740493673367,0.02,0.00010935581667581573,1.2121987538193935e-06
6,1,0.781486769883187,0.02,0.00010935581667581573,1.154624897026224e-06
6,1,0.7790650718480338,0.02,0.00010796541027957574,8.729876981306006e-07
6,1,0.777559911657105,0.02,0.00010796541027957574,4.842622161049803e-07
6,1,0.7553901147577987,0.02,0.00010796541027957574,3.121781730897055e-07
6,1,0.7360265211113884,0.02,0.0001101083544199355,1.59589120585224e-07
6,1,0.7360932356603918,0.04,7.64315773267299e-05,6.944922148477417e-08
6,1,0.7178931066649369,0.04,7.794867269694805e-05,4.05382927226583e-08
6,1,0.6802988313142574,0.04,7.794867269694805e-05,2.6492971372249485e-08
6,1,0.6469420133751109,0.04,6.300601671682671e-05,1.6821980253212132e-08
6,1,0.6243048372238824,0.04,6.425663741538301e-05,1.0959392504616972e-08
6,1,0.61022788066776,0.04,6.425663741538301e-05,7.239254085078528e-09
6,1,0.6048845091421308,0.04,6.85656486894004e-05,4.7580259732171726e-09
6,1,0.5880081876536891,0.04,6.85656486894004e-05,2.894488204674417e-09
6,1,0.5857751744649967,0.04,6.85656486894004e-05,2.144593613806478e-09
6,1,0.5739192645807927,0.04,6.85656486894004e-05,1.7078440883722124e-09
6,1,0.5576592729178299,0.04,6.85656486894004e-05,1.3837774259783941e-09
6,1,0.5468340928308468,0.04,6.85656486894004e-05,1.1599264881922977e-09
6,1,0.5422166791465224,0.04,6.85656486894004e-05,9.997531691396944e-10
6,1,0.5363709122199892,0.04,6.85656486894004e-05,8.62392046663274e-10
6,1,0.5198227305553689,0.02,6.73322138027288e-05,7.648534583459821e-10
6,1,0.48975181453936145,0.02,5.555176903726533e-05,7.399313939338015e-10
6,1,0.5107725615450178,0.02,5.555176903726533e-05,7.284459702106005e-10
6,1,0.5510206689207628,0.02,5.555176903726533e-05,7.695888926129157e-10
6,1,0.6051488218626212,0.02,5.555176903726533e-05,8.599610468174035e-10
6,1,0.6119093782036384,0.02,5.555176903726533e-05,1.0892676760576592e-09
6,1,0.5968481239038151,0.02,4.80617891298607e-05,1.4173711093690144e-09
6,1,0.5763640929926834,0.0,4.80617891298607e-05,2.532102083563359e-09
6,1,0.5082955327305212,0.0,4.80617891298607e-05,1.3913891150352242e-09
6,1,0.5307777302847011,0.0,4.80617891298607e-05,1.5934227270975043e-09
6,1,0.4985124440838319,0.0,4.80617891298607e-05,3.114989821639824e-09
6,1,0.48046171908897034,0.02,4.8942234570859e-05,4.470245507093296e-09
6,1,0.4881906202315204,0.02,4.8942234570859e-05,4.7157699967215194e-09
6,1,0.4805408721477716,0.02,4.8942234570859e-05,7.517044764426828e-09
6,1,0.4707803198177336,0.02,4.8942234570859e-05,9.511719412103048e-09
6,1,0.4531290980105048,0.02,4.8942234570859e-05,1.0465525335234815e-08
6,1,0.4238019170616438,0.02,4.552029349724762e-05,1.728971987802197e-08
6,1,0.41021589028569483,0.02,3.960133471991867e-05,1.9728767952642556e-08
6,1,0.41293047749674044,0.02,3.960133471991867e-05,2.2893454243444467e-08
6,1,0.43116393314054313,0.02,3.671942977234721e-05,2.722660497056495e-08
6,1,0.42603499918487175,0.02,3.500178354443051e-05,2.7972017591082476e-08
6,1,0.41004475511947963,0.02,3.4320524719078094e-05,2.9479100049911722e-08
6,1,0.39602691926673167,0.02,3.4320524719078094e-05,2.8438591925805667e-08
6,1,0.37433343347778897,0.02,3.077095971093513e-05,2.5387135949017647e-08
6,1,0.35707171961991163,0.02,5.89856572332792e-05,2.280616051564266e-08
6,1,0.316001721727657,0.02,5.884716665605083e-05,1.7413928077303353e-08
6,1,0.270061687088486,0.02,6.28948982921429e-05,1.7421735165612517e-08
6,1,0.23791903518927182,0.02,6.28948982921429e-05,1.5986596935135822e-08
6,1,0.24552016273259522,0.02,6.304292037384585e-05,1.3862559100630278e-08
6,1,0.2611370303632885,0.02,0.00010171651229029521,1.2616851563507225e-08
6,1,0.2755046052782231,0.02,5.107438119011931e-05,9.375959564295044e-09
6,1,0.27996526242281694,0.02,3.683748946059495e-05,8.308239429766218e-09
6,1,0.29070874268652996,0.02,4.7536817874060944e-05,7.619911812639657e-09
6,1,0.3158154938718587,0.02,5.040342512074858e-05,8.44142533651393e-09
6,1,0.33686419803740825,0.02,3.470209412625991e-05,9.582006299524437e-09
6,1,0.3496532806421868,0.02,3.474487675703131e-05,9.840551484785465e-09
6,1,0.3706047516681596,0.02,7.73780484450981e-05,1.0969242403291446e-08
6,1,0.39920205814290083,0.02,7.737442501820624e-05,1.213630884677741e-08
6,1,0.42858429019086774,0.02,8.569219062337652e-05,1.5177144874201076e-08
6,1,0.43265509537749475,0.02,8.569219062337652e-05,1.558918683031152e-08
6,1,0.43247697516496564,0.02,7.50844192225486e-05,1.8229290077442784e-08
6,1,0.4499717019182404,0.02,7.50844192225486e-05,1.7589147915941794e-08
6,1,0.4803626951257698,0.02,9.45258725550957e-05,1.2237585167440557e-08
6,1,0.45956840142766403,0.02,0.0001333122927462682,1.4401864589785873e-08
6,1,0.4628213505210188,0.02,9.620529453968629e-05,1.5518994089802618e-08
6,1,0.4723583398145371,0.02,8.966565656010062e-05,1.0821366025481893e-08
6,1,0.4723392898231671,0.02,0.0012075301492586732,2.0909393327883663e-08
6,1,0.4802240786346135,0.02,0.0014758417382836342,2.1991366949691837e-08
6,1,0.4606583859397726,0.02,0.0014143296284601092,2.3170384721993287e-08
6,1,0.46683662978133866,0.02,0.0012238601921126246,2.754775429991696e-08
6,1,0.478068552769006,0.02,0.0012238601921126246,2.7212484710048557e-08
6,1,0.4695015882208001,0.02,0.0012238601921126246,3.0259677430422016e-08
6,1,0.4560388027718135,0.02,0.0012238601921126246,2.9747958762982307e-08
6,1,0.43141437061942617,0.02,0.0010619360255077481,2.9907255338912364e-08
6,1,0.3946627712345807,0.02,0.0010619360255077481,2.5589910634948865e-08
6,1,0.40569507749074735,0.04,0.002259151777252555,2.2446460690161985e-08
6,1,0.3812279724258054,0.04,0.004671366419643164,2.085896433356993e-08
6,1,0.37156793193668325,0.04,0.0069504366256296635,2.2629112805816476e-08
6,1,0.36823847920310887,0.04,0.0038365491200238466,2.2338234373364685e-08
6,1,0.3759507557210613,0.06,0.004214473068714142,2.35327508590899e-08
6,1,0.3779452404258325,0.06,0.004214473068714142,2.7062998952942507e-08
6,1,0.36737269316348997,0.06,0.004996286239475012,3.16996526805724e-08
6,1,0.3409513400134728,0.04,0.005908617749810219,3.2531083604681044e-08
6,1,0.3610797991663689,0.04,0.005595971364527941,3.6342303388892105e-08
6,1,0.39061617360191797,0.08,0.003487758571282029,4.351729288032402e-08
6,1,0.3869802367801132,0.08,0.003487758571282029,5.002497971418052e-08
6,1,0.3929466668556782,0.08,0.004010478034615517,6.554846976314366e-08
6,1,0.39876858532579895,0.1,0.004010478034615517,8.419142716320493e-08
6,1,0.41055457002206863,0.1,0.004010478034615517,1.1362868690412142e-07
6,1,0.4333862293974652,0.12,0.004010478034615517,1.4783964275011385e-07
6,1,0.4541291495763925,0.12,0.004010478034615517,1.6634554356187436e-07
6,1,0.65844759455238,0.12,0.011932892724871635,9.530637726129498e-06
6,1,0.6556927113153567,0.1,0.011932892724871635,1.4355482562677935e-05
6,1,0.6707225736128457,0.08,0.008248341269791126,1.978100772248581e-05
6,1,0.7070956344675626,0.08,0.009526155889034271,3.2556828955421224e-05
6,1,0.7543963260841323,0.08,0.01521963533014059,5.3794574341736734e-05
6,1,0.7614341185071786,0.08,0.03254472836852074,8.494232315570116e-05
6,1,0.766272117789605,0.06,0.005198723170906305,0.00011563671432668343
6,1,0.773884548470566,0.08,0.0055758096277713776,0.0002591046504676342
6,1,0.7759498909161685,0.12,0.007329832296818495,0.0008612899691797793
6,1,0.7788539462923869,0.12,0.007329832296818495,0.0012017006520181894
6,1,0.7624331466398728,0.14,0.007466839160770178,0.0062524424865841866
6,1,0.7833196362034224,0.14,0.007925750687718391,0.01993064396083355
6,1,0.7924049561649964,0.14,0.007925750687718391,0.031843483448028564
6,1,0.781648318903949,0.12,0.007925750687718391,0.07733161747455597
6,1,0.7825508812479686,0.12,0.007925750687718391,0.10552837699651718
6,1,0.7787620454203759,0.12,0.013870932161808014,0.1356775313615799
6,1,0.7769756076518788,0.12,0.013870932161808014,0.17860056459903717
6,1,0.7864853909406007,0.12,0.013870932161808014,0.24188803136348724
6,1,0.7988044123045522,0.12,0.013870932161808014,0.2935018837451935
6,1,0.7954000331803363,0.12,0.013870932161808014,0.3548436164855957
6,1,0.7968370440688698,0.12,0.015599170699715614,0.4462088346481323
6,1,0.804339657562882,0.12,0.015599170699715614,0.4689481556415558
6,1,0.8018469426824045,0.12,0.015599170699715614,0.4913218915462494
6,1,0.7973946678756713,0.12,0.015599170699715614,0.481715589761734
6,1,0.7916708684006287,0.12,0.05106901004910469,0.4545302093029022
6,1,0.7852856597755693,0.12,0.03798920661211014,0.42281049489974976
6,1,0.7943916817109067,0.12,0.037833184003829956,0.445582777261734
6,1,0.8067652295308126,0.12,0.02947365865111351,0.4500105082988739
6,0,0.011658579051244884,0.16,0.002735277870669961,1.1896624093829522e-12
6,0,0.011199642461762686,0.16,0.002735277870669961,7.330093563379103e-13
6,0,0.012154951348922027,0.16,0.0020732947159558535,5.021413515028661e-13
6,0,0.013295092104197897,0.12,0.0018113479018211365,3.6184789431285835e-13
6,0,0.014736759830324155,0.16,0.002126973122358322,2.471634550672841e-13
6,0,0.016572316994185866,0.18,0.0020359880290925503,1.9243271255978134e-13
6,0,0.019447394732592303,0.18,0.0023427633568644524,1.6046432032516128e-13
6,0,0.022024587877945184,0.16,0.004543197341263294,1.2960588006462326e-13
6,0,0.02493578485390574,0.16,0.004543197341263294,1.0110864917664206e-13
6,0,0.02890426164747778,0.14,0.0038801373448222876,8.522554813565272e-14
6,0,0.03352756414033866,0.14,0.004519172478467226,7.705348268076048e-14
6,0,0.03878108923185378,0.12,0.004251949489116669,7.707450265037954e-14
6,0,0.04502059051927204,0.12,0.003608741331845522,8.586187316694804e-14
6,0,0.05351019991031309,0.1,0.001860050717368722,1.0416548943932916e-13
6,0,0.06593033094385199,0.16,0.001860050717368722,1.3938696930611977e-13
6,0,0.08294425963739514,0.12,0.0016297890106216073,2.0862493319267345e-13
6,0,0.09867575031969646,0.1,0.001148073934018612,3.2284247432519397e-13
6,0,0.11646422372474013,0.14,0.0014289607061073184,5.283848987687467e-13
6,0,0.13003693913746636,0.14,0.0009104155469685793,8.809276008311939e-13
6,0,0.13954554836804017,0.14,0.0015749234007671475,1.4148677889014305e-12
6,0,0.15246024176789624,0.14,0.0015749234007671475,2.119589009516587e-12
6,0,0.16914095556426947,0.14,0.0009104155469685793,2.801115025694023e-12
6,0,0.18205518813069616,0.14,0.0009410231723450124,3.1383266211465477e-12
6,0,0.18878692175894513,0.08,0.0009722714894451201,3.209283316527034e-12
6,0,0.19638124090834339,0.1,0.0009722714894451201,3.15336298739588e-12
6,0,0.20303843688689158,0.14,0.0009722714894451201,2.959323107745715e-12
6,0,0.19761198201907482,0.12,0.0007501535001210868,2.5317118193535215e-12
6,0,0.18263568590927765,0.12,0.0007501535001210868,2.0863697054729347e-12
6,0,0.16465396451715028,0.1,0.00039508732152171433,1.64832763323991e-12
6,0,0.1509547870038842,0.1,0.00039508732152171433,1.1869131979341807e-12
6,0,0.14052303496241583,0.1,0.00039508732152171433,7.89299940510968e-13
6,0,0.1299574410581953,0.12,0.00039508732152171433,5.179228899053478e-13
6,0,0.12108685894116292,0.14,0.00039508732152171433,3.3904728525581407e-13
6,0,0.11155347649634637,0.1,0.0007175980717875063,2.152827205783095e-13
6,0,0.10287770860301534,0.08,0.0010033174185082316,1.2842740651324014e-13
6,0,0.0989341917035756,0.04,0.0010033174185082316,7.890226422528276e-14
6,0,0.0940573726662478,0.06,0.0010033174185082316,5.2555023185999264e-14
6,0,0.09095382197507615,0.06,0.0009852851508185267,3.488880598269059e-14
6,0,0.09123432634008816,0.06,0.0009852851508185267,2.0875780894517512e-14
6,0,0.08311426224020789,0.06,0.0009852851508185267,1.2076443496470204e-14
6,0,0.0691161141841695,0.06,0.001079075736925006,6.5409993299015735e-15
6,0,0.08420667393777713,0.08,0.001079075736925006,3.41542551991834e-15
6,0,0.08832241451386147,0.06,0.0011129190679639578,2.483611562665699e-15
6,0,0.06612226428222637,0.04,0.0007384074269793928,1.9567102709031883e-15
6,0,0.06487723914677848,0.04,0.0007384074269793928,1.5248586754377006e-15
6,0,0.08500823073642295,0.04,0.0007384074269793928,1.4800480914291063e-15
6,0,0.08464393899363125,0.04,0.0007384074269793928,1.4298789652379446e-15
6,0,0.08576294821138084,0.04,0.0007384074269793928,1.4927320921768843e-15
6,0,0.0973931994733731,0.04,0.0007384074269793928,1.8418022047951435e-15
6,0,0.11176043544451687,0.0,0.0007384074269793928,2.4334570477928773e-15
6,0,0.12652533206723665,0.0,0.0007384074269793928,3.673733934655933e-15
6,0,0.1421707072380658,0.0,0.0007384074269793928,6.071050204171837e-15
6,0,0.15544596927135415,0.02,0.0006036892300471663,9.833673046862057e-15
6,0,0.170093202130665,0.02,0.0006036892300471663,1.773266185582309e-14
6,0,0.1901292077601474,0.04,0.0006890728836879134,3.091236237796023e-14
6,0,0.20870083870894635,0.04,0.0006890728836879134,5.112466575302524e-14
6,0,0.22179409129814825,0.02,0.0007914508460089564,7.525203333733077e-14
6,0,0.22969930371570166,0.02,0.000505649542901665,1.0006249572414722e-13
6,0,0.22947097826242394,0.04,0.000505649542901665,1.2085413236568449e-13
6,0,0.2330601657759681,0.02,0.000505649542901665,1.3273102506417694e-13
6,0,0.22973372446819487,0.02,0.000505649542901665,1.4126396721218099e-13
6,0,0.2211876955003412,0.02,0.000505649542901665,1.3567794077910117e-13
6,0,0.21666335527103434,0.02,0.000505649542901665,1.1239412314257083e-13
6,0,0.2148240635397284,0.02,4.65835073555354e-05,8.110528850087395e-14
6,0,0.17468937000583248,0.0,4.2149022192461416e-05,4.708648022270362e-14
6,0,0.1486437343292716,0.0,4.2149022192461416e-05,2.2180779145363795e-14
6,0,0.11945396681582998,0.02,4.598263694788329e-05,1.2097006915330697e-14
6,0,0.10245231840765694,0.02,4.598263694788329e-05,6.7209379270185936e-15
6,0,0.08698403175855932,0.02,4.79853551951237e-05,3.39645621706458e-15
6,0,0.07686853082265839,0.02,4.3883723265025765e-05,1.6513146593530184e-15
6,0,0.06773655764441985,0.02,4.205218647257425e-05,8.375034030812158e-16
6,0,0.06332100828357591,0.02,4.205218647257425e-05,4.701769246529886e-16
6,0,0.05771270563630708,0.02,3.9193881093524396e-05,2.588335486951109e-16
6,0,0.05009861311547175,0.02,3.9193881093524396e-05,1.2937006842144827e-16
6,0,0.04328949085192951,0.0,3.9193881093524396e-05,6.381748718427852e-17
6,0,0.03901013587956035,0.02,4.331746822572313e-05,3.769180809995879e-17
6,0,0.03623165226398639,0.02,4.7445151722058654e-05,2.3572354513103292e-17
6,0,0.03485367700175571,0.02,4.7445151722058654e-05,1.5500699626031246e-17
6,0,0.035480453125345056,0.02,2.0661553207901306e-05,1.092288441999639e-17
6,0,0.03539641296226862,0.02,7.678669135202654e-06,8.33779280453547e-18
6,0,0.035295260151044346,0.02,7.930993888294324e-06,6.667964129155285e-18
6,0,0.03787319070275278,0.02,5.5242971939151175e-06,5.8445244409225284e-18
6,0,0.039999941288659135,0.02,7.848229870432988e-06,6.073496719873638e-18
6,0,0.039955500601386515,0.02,7.848229870432988e-06,7.454217499360414e-18
6,0,0.04329535513763858,0.02,7.848229870432988e-06,1.0247996857201113e-17
6,0,0.053400179656062925,0.02,7.848229870432988e-06,1.472331859507636e-17
6,0,0.06034642576637342,0.02,8.190063454094343e-06,2.2647875953818102e-17
6,0,0.062085995532963595,0.02,6.616990503971465e-06,3.449307420143663e-17
6,0,0.08042506185127296,0.02,4.757030183100142e-06,5.758593858322253e-17
6,0,0.11206231745312793,0.02,4.757030183100142e-06,1.0126405939367249e-16
6,0,0.1253496124876903,0.02,4.216579782223562e-06,1.5270118067198414e-16
6,0,0.13048792711957227,0.02,4.216579782223562e-06,2.098178034454237e-16
6,0,0.1274975778094837,0.02,4.216579782223562e-06,2.749221454348183e-16
6,0,0.12489754770526287,0.02,4.216579782223562e-06,3.4899819422708146e-16
6,0,0.12573679021864537,0.02,4.216579782223562e-06,4.1163156905576787e-16
6,0,0.1266449852398681,0.02,4.216579782223562e-06,4.511482236138023e-16
6,0,0.12455887164662062,0.02,2.8578717774507822e-06,4.3901106204281587e-16
6,0,0.1186548077267413,0.02,2.8578717774507822e-06,3.890728052693401e-16
6,0,0.11786776327983244,0.0,2.998570380441379e-06,3.230120174987076e-16
6,0,0.11660124377800374,0.0,2.998570380441379e-06,2.696591856263925e-16
6,0,0.11002014307762908,0.0,2.998570380441379e-06,1.902224373645243e-16
6,0,0.09955664086477853,0.0,3.850336270261323e-06,1.3522846592201423e-16
6,0,0.08656751575341512,0.0,3.850336270261323e-06,9.409583793674106e-17
6,0,0.07587052752438278,0.0,3.850336270261323e-06,5.4220117509687113e-17
6,0,0.07370877089274708,0.02,3.850336270261323e-06,3.0962591246443954e-17
6,0,0.06229025317872518,0.02,3.850336270261323e-06,1.7501991980570617e-17
6,0,0.04800751577863033,0.0,3.850336270261323e-06,9.640258162171666e-18
6,0,0.05257508560338743,0.0,3.850336270261323e-06,5.38710514270928e-18
6,0,0.053623386673822576,0.0,3.850336270261323e-06,3.677303791408083e-18
6,0,0.04782932913630813,0.02,3.6696717415907187e-06,2.574242521341829e-18
6,0,0.044392711303873254,0.02,3.6696717415907187e-06,1.983135946888985e-18
6,0,0.04359602236157025,0.02,3.6696717415907187e-06,1.5708617883646197e-18
6,0,0.04367648488545322,0.02,3.6696717415907187e-06,1.3053441529630342e-18
6,0,0.04312674053709344,0.02,3.6696717415907187e-06,1.1599170124822036e-18
6,0,0.042674647843669894,0.02,3.6696717415907187e-06,1.1039668260418465e-18
6,0,0.04367343959506427,0.02,3.200028913852293e-06,1.1537960827444643e-18
6,0,0.045934343823371776,0.02,3.200028913852293e-06,1.4740283035464058e-18
6,0,0.05106761091820548,0.0,2.3378931928164093e-06,2.295656983225554e-18
6,0,0.05661864098225783,0.0,2.1744253899669275e-06,3.76269943630622e-18
6,0,0.06156099568167816,0.0,2.1744253899669275e-06,6.118446955130689e-18
6,0,0.06762093293227193,0.0,1.6120640111694229e-06,1.0961494729448528e-17
6,0,0.07330554583367616,0.0,1.4813645066169556e-06,2.0486428197798664e-17
6,0,0.07852285347979376,0.0,2.3354039058176568e-06,3.880069665064533e-17
6,0,0.0827750908690721,0.0,2.3354039058176568e-06,7.101318427243651e-17
6,0,0.08551563724166153,0.0,1.415605538568343e-06,1.173890785501118e-16
6,0,0.08652002869496432,0.0,1.415605538568343e-06,1.6629137432442616e-16
6,0,0.08255875141651137,0.0,1.415605538568343e-06,2.056606848543078e-16
6,0,0.07300894550950265,0.0,1.7346986851407564e-06,2.1417738938071297e-16
6,0,0.06732457695821331,0.0,1.7346986851407564e-06,2.2099887657719687e-16
6,0,0.06795335888133551,0.0,1.53909479649883e-06,2.2283928064823345e-16
6,0,0.0672699631640566,0.0,1.53909479649883e-06,2.0283786814824403e-16
6,0,0.0630198124289155,0.0,1.53909479649883e-06,1.6387445845366462e-16
6,0,0.06127374496975627,0.0,1.53909479649883e-06,1.2797655363942713e-16
6,0,0.06329565395408872,0.0,1.53909479649883e-06,9.123804803437855e-17
6,0,0.06412726739123735,0.0,1.53909479649883e-06,6.210251678132948e-17
6,0,0.06210862029224663,0.0,1.2772258060067543e-06,4.520558260342302e-17
6,0,0.05874130102140607,0.0,1.2772258060067543e-06,3.0218241191709536e-17
6,0,0.052611740211156846,0.0,1.2772258060067543e-06,1.770114233048766e-17
6,0,0.04914974282240819,0.0,1.2071687933712383e-06,1.0277750543834646e-17
6,0,0.04629252987533831,0.0,1.2071687933712383e-06,5.671388507679973e-18
6,0,0.04378471087758778,0.0,9.851132745097857e-07,3.1212442391236515e-18
6,0,0.040960462342221185,0.0,9.851132745097857e-07,1.7227946009656033e-18
6,0,0.03796400629674496,0.0,9.851132745097857e-07,9.504162549578623e-19
6,0,0.03507321918822785,0.0,9.851132745097857e-07,5.640791717207096e-19
6,0,0.03246356147265678,0.0,7.860903110668005e-07,3.568993020494331e-19
6,0,0.030230669731410788,0.0,7.860903110668005e-07,2.315258630502435e-19
6,0,0.02833444487683849,0.0,7.860903110668005e-07,1.6000481583449114e-19
6,0,0.028074339624453836,0.0,7.860903110668005e-07,1.4473108092006434e-19
6,0,0.027066116494980145,0.0,7.860903110668005e-07,1.2663264053604259e-19
6,0,0.026471459617349678,0.0,7.860903110668005e-07,1.2512916222454503e-19
6,0,0.02640769877153249,0.0,7.860903110668005e-07,1.411741267379039e-19
6,0,0.027047860847104626,0.0,7.860903110668005e-07,1.6489446138105108e-19
6,0,0.026472207585991173,0.0,7.860903110668005e-07,1.6793645685780606e-19
6,0,0.01929504911495514,0.0,7.860903110668005e-07,1.719792891769619e-19
6,0,0.014906192834284094,0.0,1.148716023635643e-06,1.7837572175746962e-19
6,0,0.01684795481056837,0.0,6.685104949610832e-07,1.6346402053270255e-19
6,0,0.022431943872196006,0.0,7.205917995634081e-07,2.2015794574132137e-19
6,0,0.021142847058613485,0.0,7.205917995634081e-07,2.546959157908898e-19
6,0,0.021268369095548502,0.0,7.205917995634081e-07,2.4784388763862435e-19
6,0,0.02047758137498331,0.0,7.205917995634081e-07,2.5177759674040856e-19
6,0,0.018355290711088913,0.0,7.205917995634081e-07,2.350570453864441e-19
6,0,0.018133174148620975,0.0,7.205917995634081e-07,2.1906133689362334e-19
6,0,0.017295227612793285,0.0,7.205917995634081e-07,2.261858693589367e-19
6,0,0.016656136835262667,0.0,6.928178777343419e-07,2.1454176419830138e-19
6,0,0.017158967588330958,0.0,5.879763307348185e-07,2.1243251825977651e-19
6,0,0.01697845366584494,0.0,5.430936766970262e-07,2.244744843703528e-19
6,0,0.016613766496012528,0.0,5.430936766970262e-07,2.250446444569491e-19
6,0,0.01699072172177257,0.0,5.50088543604943e-07,2.182872250872444e-19
6,0,0.017893827196843393,0.0,5.50088543604943e-07,2.0101277291559912e-19
6,0,0.019320244455464333,0.0,5.50088543604943e-07,1.7041325533164003e-19
6,0,0.019496555582888923,0.0,5.50088543604943e-07,1.4243506018416442e-19
6,0,0.024019370541858365,0.02,5.945838665866177e-07,1.4834697495204346e-20
6,0,0.023976328565153637,0.02,6.660687290604983e-07,5.587395011468296e-21
6,0,0.020348939221896487,0.02,6.660687290604983e-07,2.0806377274030693e-21
6,0,0.01764932959071705,0.02,6.660687290604983e-07,7.6545013888314475e-22
6,0,0.017223118974134078,0.02,6.660687290604983e-07,3.0926513025704134e-22
6,0,0.016017755272783086,0.02,6.660687290604983e-07,1.257107533979072e-22
6,0,0.014330707479277068,0.02,6.29534213203442e-07,4.96049305610542e-23
6,0,0.01269393467406141,0.02,6.649377155554248e-07,2.1445786398164795e-23
6,0,0.01143939221656283,0.02,6.649377155554248e-07,9.138996185474304e-24
6,0,0.010148771091258163,0.02,6.237886509552482e-07,3.7442746440899775e-24
6,0,0.007445842088261394,0.02,6.237886509552482e-07,1.5198749360850063e-24
6,0,0.006997777900084215,0.02,6.237886509552482e-07,5.928010643190682e-25
6,0,0.006851277590964214,0.02,6.649377155554248e-07,3.0957039240887586e-25
6,0,0.005568423784273214,0.02,6.649377155554248e-07,1.8738823809749508e-25
6,0,0.00485988942666522,0.02,6.649377155554248e-07,1.2955765864855121e-25
6,0,0.004553267960546133,0.02,7.03526836787205e-07,1.0024623749014189e-25
6,0,0.004279227762726987,0.02,7.03526836787205e-07,8.387780511511344e-26
6,0,0.004119270166399973,0.02,7.03526836787205e-07,7.899575451387855e-26
6,0,0.0038510263459794166,0.0,7.03526836787205e-07,7.811356150280857e-26
6,0,0.0035259521406358174,0.0,7.03526836787205e-07,6.946238896321008e-26
6,0,0.00320054857252107,0.0,7.03526836787205e-07,6.000790950306372e-26
6,0,0.0028677936411118377,0.0,7.03526836787205e-07,5.060580609294096e-26
6,0,0.0025416972783191246,0.0,7.03526836787205e-07,4.08438650134968e-26
6,0,0.002210052610030699,0.0,6.280218372012314e-07,3.1617847067073433e-26
6,0,0.0018001815634661074,0.0,6.038159199306392e-07,2.477163912317115e-26
6,0,0.0015755321634699333,0.0,6.038159199306392e-07,2.041580804952525e-26
6,0,0.0014150561495127913,0.0,6.038159199306392e-07,1.7721669331896655e-26
6,0,0.0013935893021587216,0.0,6.115927817518241e-07,1.5507372208052252e-26
6,0,0.0013559966258770307,0.0,6.621363581871265e-07,1.3367120157221738e-26
6,0,0.0013513009888703534,0.0,6.621363581871265e-07,9.799125394066434e-27
6,0,0.0013503554462257798,0.0,6.621363581871265e-07,7.06685403391095e-27
6,0,0.0013976390199621608,0.0,6.621363581871265e-07,5.064672285979546e-27
6,0,0.0013861954874636252,0.0,6.621363581871265e-07,3.604194927575995e-27
6,0,0.0012872575530841672,0.0,6.621363581871265e-07,2.6000181360604014e-27
6,0,0.0012509272831073698,0.0,6.621363581871265e-07,1.824351584295392e-27
6,0,0.0012756382866984293,0.0,6.621363581871265e-07,1.2071300372006568e-27
6,0,0.001297656049290473,0.0,6.344553753478976e-07,7.633833557656964e-28
6,0,0.0013010850808055933,0.0,6.120379794083419e-07,4.691886011863047e-28
6,0,0.0012743785169167874,0.0,5.728438736696262e-07,2.787560427368218e-28
6,0,0.0012639209133871031,0.0,5.728438736696262e-07,1.6432165489489358e-28
6,0,0.0012708457963255511,0.02,5.728438736696262e-07,1.0029581111950341e-28
6,0,0.0012337526738940084,0.02,5.172361738914333e-07,6.510161407554519e-29
6,0,0.001211671478213146,0.02,4.0775816501081863e-07,4.356366566429876e-29
6,0,0.001118679913450223,0.02,3.1060335459187627e-07,3.0219673470148437e-29
6,0,0.0010054002388281318,0.02,4.5332066633818613e-07,2.1084503252168142e-29
6,0,0.0010149949051619026,0.02,4.5332066633818613e-07,1.611703791067798e-29
6,0,0.0009777337976372782,0.0,3.395399801320309e-07,1.3601343078336301e-29
6,0,0.0009579047381215289,0.0,3.395399801320309e-07,1.2543536588810996e-29
6,0,0.0009730069122035488,0.0,3.395399801320309e-07,1.2241939721101877e-29
6,0,0.0009334105187968925,0.0,4.244791966812045e-07,1.1993440591496238e-29
6,0,0.0008649652703994939,0.02,4.915739850730461e-07,1.1424244033494743e-29
6,0,0.0008242479477007402,0.02,4.915739850730461e-07,1.1123644737311506e-29
6,0,0.0008291235156200491,0.02,4.915739850730461e-07,1.1631450021386504e-29
6,0,0.0008429344872607202,0.0,4.1414622842239623e-07,1.347080866245715e-29
6,0,0.0008615982998705301,0.0,3.7813094877492404e-07,1.6829538702869577e-29
6,0,0.0009031940537784758,0.0,2.9606931661874114e-07,1.9819152232378037e-29
6,0,0.000908327730459,0.0,2.9606931661874114e-07,2.145709546476862e-29
6,0,0.0009357250036991044,0.02,3.0587014521188394e-07,2.048903580601899e-29
6,0,0.0009651476230704113,0.02,7.262123062901082e-07,2.100294312828888e-29
6,0,0.000896492107343128,0.02,3.787271509736456e-07,2.5567005891966676e-29
6,0,0.0008374518563859501,0.02,4.983256758350763e-07,2.4913656727824842e-29
6,0,0.0007300363560997921,0.02,7.585061325698916e-07,1.565170765735695e-29
6,0,0.0005631186247595121,0.0,9.55761151999468e-07,7.344654965858633e-30
6,0,0.0003848296887281907,0.0,8.33553428947198e-07,2.422675801451506e-30
6,0,0.00019284424242989052,0.0,8.33553428947198e-07,5.534588515535902e-31
6,0,8.051788686485139e-05,0.0,1.0060346085083438e-06,8.517665567647294e-32
6,0,3.21056632998932e-05,0.0,1.3680629535883782e-06,1.0278219913794745e-32
6,0,2.787005604622454e-05,0.0,1.3680629535883782e-06,3.326834153187328e-33
6,0,1.9508093076305534e-05,0.0,1.0027912367149838e-06,5.969602501389577e-34
6,0,1.55592602973942e-05,0.0,1.7644930494498112e-06,1.700301494969701e-34
6,0,1.0230684522944563e-05,0.0,1.8436786604070221e-06,5.132334035525474e-35
6,0,7.0599785824482284e-06,0.0,1.758785970196186e-06,1.7923783462910324e-35
6,0,5.011498869959465e-06,0.0,1.758785970196186e-06,6.942361729248444e-36
6,0,3.666996251624589e-06,0.0,1.758785970196186e-06,2.984369688434679e-36
6,0,2.744905425573579e-06,0.0,1.758785970196186e-06,1.457776218264761e-36
6,0,2.088084232517551e-06,0.0,1.758785970196186e-06,7.87203649192705e-37
6,0,1.6050799364187915e-06,0.0,1.758785970196186e-06,4.642159222859561e-37
6,0,1.2641216861842602e-06,0.0,1.758785970196186e-06,3.0650742561061928e-37
6,0,1.0625705984441486e-06,0.0,1.758785970196186e-06,2.283860227386296e-37
6,0,8.684172070061457e-07,0.0,1.9226390577387065e-06,1.7067649381738096e-37
6,0,6.837232681621931e-07,0.0,1.9226390577387065e-06,1.2630586892610167e-37
6,0,5.241681420608806e-07,0.0,1.9226390577387065e-06,1.3711314230887096e-37
6,0,3.4336208764044804e-07,0.0,1.197489041260269e-06,6.620046154768287e-38
6,0,2.1940562277165184e-07,0.0,1.197489041260269e-06,4.5886869066035744e-38
6,0,1.5838028203157e-07,0.0,1.197489041260269e-06,3.1287592355701785e-38
6,0,1.102899241454172e-07,0.0,1.1201601637367276e-06,0.0
6,0,7.101417937189176e-08,0.0,1.1201601637367276e-06,0.0
6,0,4.149295915615971e-08,0.0,1.1201601637367276e-06,0.0
6,0,2.3480022830516545e-08,0.0,1.1742278047677246e-06,0.0
6,0,1.447092475091513e-08,0.0,1.3400640455074608e-06,0.0
6,0,9.486418076617822e-09,0.0,1.400378664584423e-06,0.0
6,0,6.2887627337085345e-09,0.0,1.1667800663417438e-06,0.0
6,0,4.299178205365676e-09,0.0,9.896104984363774e-07,0.0
6,0,3.029239274955545e-09,0.0,1.233730472449679e-06,0.0
6,0,2.2571173149929395e-09,0.0,1.4546046713803662e-06,0.0
6,0,1.8168552470869271e-09,0.0,1.6528745163668646e-06,0.0
6,0,1.5074183224023113e-09,0.0,1.1310912668704987e-06,0.0
6,0,1.2729387519643819e-09,0.0,8.646028391012806e-07,0.0
6,0,1.023981084444247e-09,0.0,8.646028391012806e-07,0.0
6,0,8.313218952332267e-10,0.0,1.0521766853344161e-06,0.0
6,0,1.0155079513919306e-09,0.0,1.0521766853344161e-06,0.0
6,0,1.1193834516650095e-09,0.0,1.0521766853344161e-06,0.0
6,0,1.161916912295043e-09,0.0,1.0521766853344161e-06,0.0
6,0,1.8786117713377395e-09,0.0,1.0521766853344161e-06,0.0
6,0,3.6685334909572e-09,0.0,7.895404223745572e-07,0.0
6,0,2.180965444896526e-09,0.0,1.267653829017945e-06,0.0
6,0,2.1426103294355286e-09,0.0,1.38557606987888e-06,0.0
6,0,4.632802372791882e-09,0.0,1.193305138258438e-06,0.0
6,0,3.890944372945597e-08,0.0,1.231091914632998e-06,0.0
6,0,1.1950246249361537e-07,0.0,7.926811917968735e-07,0.0
6,0,8.913810830358875e-08,0.0,4.1915114934454323e-07,0.0
6,0,6.400607463932198e-08,0.0,4.1915114934454323e-07,0.0
6,0,2.4338425625271385e-07,0.0,1.371035637021123e-06,0.0
6,0,6.021389755636049e-07,0.0,1.2796544979210012e-06,0.0
6,0,8.628056818756542e-07,0.0,1.2796544979210012e-06,0.0
6,0,9.604634502796623e-07,0.0,1.371035637021123e-06,0.0
6,0,1.1431551141294268e-06,0.0,1.371035637021123e-06,0.0
6,0,1.4514939723890604e-06,0.0,7.581300565107085e-07,0.0
6,0,1.8828477336904376e-06,0.0,5.840981884830398e-07,0.0
6,0,2.161861837279145e-06,0.0,8.61755438563705e-07,0.0
6,0,1.943462694424801e-06,0.0,8.61755438563705e-07,0.0
6,0,1.620657538268814e-06,0.0,8.61755438563705e-07,0.0
6,0,1.352275090766088e-06,0.0,8.61755438563705e-07,0.0
6,0,1.3539325265971952e-06,0.0,9.706501487016794e-07,0.0
6,0,1.4266026770089437e-06,0.0,1.050867012963863e-06,0.0
6,0,1.427705579797979e-06,0.0,1.6872290871106088e-06,0.0
6,0,1.3870264223047707e-06,0.0,1.6872290871106088e-06,0.0
6,0,1.4512917329468315e-06,0.0,1.7650401105129276e-06,2.7047417345485964e-38
6,0,1.5655789301368753e-06,0.0,1.7650401105129276e-06,3.767501904175645e-38
6,0,1.67909522804302e-06,0.0,1.7650401105129276e-06,5.401475328633269e-38
6,0,1.857640922747708e-06,0.0,1.907103978737723e-06,7.857421285255773e-38
6,0,2.0483981115009986e-06,0.0,1.907103978737723e-06,1.2121258621340183e-37
6,0,2.3175959913388797e-06,0.0,1.6507303826074349e-06,1.4451129194607997e-37
6,0,2.7345558571583095e-06,0.0,1.6507303826074349e-06,1.998350709954586e-37
6,0,3.332642598986714e-06,0.0,1.527764197817305e-06,2.753790039448832e-37
6,0,3.8945852719589535e-06,0.0,1.527764197817305e-06,3.8968814372053355e-37
6,0,4.367379020548853e-06,0.0,1.527764197817305e-06,5.733526340116415e-37
6,0,4.895490313556261e-06,0.0,1.527764197817305e-06,8.944446395143009e-37
6,0,5.700992116292389e-06,0.0,1.6507303826074349e-06,1.5977835575802976e-36
6,0,6.885158382907515e-06,0.0,1.9612739379226696e-06,3.146308133444039e-36
6,0,8.523007571795173e-06,0.0,2.0495485841820482e-06,6.309866273404692e-36
6,0,1.034714051493574e-05,0.0,1.7730282024785993e-06,1.238497805975552e-35
6,0,1.017714177950817e-05,0.0,1.7066664668163867e-06,2.0103415738301853e-35
6,0,8.362389749982873e-06,0.0,1.7066664668163867e-06,3.037352563647201e-35
6,0,7.497930449199156e-06,0.0,1.7066664668163867e-06,4.795994279466819e-35
6,0,7.2817680800411155e-06,0.0,1.922327328429674e-06,7.38016564625133e-35
6,0,7.146177905807416e-06,0.0,2.138443051080685e-06,1.1008920151070837e-34
6,0,6.968317164551757e-06,0.0,2.138443051080685e-06,1.4449332680651027e-34
6,0,6.72099125582498e-06,0.0,2.138443051080685e-06,1.631064762911898e-34
6,0,6.241949024075949e-06,0.0,2.138443051080685e-06,1.5686873388565057e-34
6,0,5.033315773506305e-06,0.0,2.138443051080685e-06,1.4334589967920126e-34
6,0,3.718461283526727e-06,0.0,2.138443051080685e-06,1.2096933156196724e-34
6,0,2.8334762964264214e-06,0.0,2.2320614334603306e-06,1.0662156205240474e-34
6,0,2.0248530753196245e-06,0.0,2.2320614334603306e-06,9.723421799119402e-35
6,0,1.944668273904095e-06,0.0,2.2320614334603306e-06,9.23493329781507e-35
6,0,1.6011649929876462e-06,0.0,2.2320614334603306e-06,6.74704656999148e-35
6,0,1.0116289620390965e-06,0.0,1.9404146769375075e-06,4.837815303459392e-35
6,0,8.459920591942816e-07,0.0,1.9404146769375075e-06,3.836030376493274e-35
6,0,8.234234319417238e-07,0.0,1.9404146769375075e-06,3.430838966091644e-35
6,0,8.700966688231426e-07,0.0,1.9404146769375075e-06,3.231592960613192e-35
6,0,9.486901947545836e-07,0.0,1.9404146769375075e-06,3.110306968781035e-35
6,0,1.1489651514172493e-06,0.0,2.015865447901888e-06,2.9577484076337524e-35
6,0,1.3372643563407251e-06,0.0,2.015865447901888e-06,2.753834289091219e-35
6,0,1.547783547016331e-06,0.0,3.0968042210588465e-06,2.4244725958109446e-35
6,0,1.747529926648889e-06,0.0,2.9634238671860658e-06,2.64002514157595e-35
6,0,2.115614616289879e-06,0.0,2.4942028176155873e-06,2.8064353654031127e-35
6,0,2.8183748025749412e-06,0.0,2.4942028176155873e-06,3.375948316066162e-35
6,0,3.855356605644492e-06,0.0,1.5534799331362592e-06,4.583462834539486e-35
6,0,5.160178571140591e-06,0.0,1.5534799331362592e-06,6.958035178583359e-35
6,0,6.8452784697975875e-06,0.0,2.4942028176155873e-06,1.2153362624754704e-34
6,0,9.755275880026157e-06,0.0,2.9634238671860658e-06,2.4660473284822587e-34
6,0,1.5244481014303916e-05,0.0,3.0968042210588465e-06,4.687811318829299e-34
6,0,2.2123141623646212e-05,0.0,3.043874130526092e-06,1.0312266638298374e-33
6,0,2.6679742091271472e-05,0.0,1.981410605367273e-06,2.035888808370022e-33
6,0,2.948570757201674e-05,0.0,2.015865447901888e-06,3.9886319625705065e-33
6,0,3.281824754232825e-05,0.0,1.9404146769375075e-06,7.948516476107685e-33
6,0,5.214386525868131e-05,0.0,1.9404146769375075e-06,1.548380113749524e-32
6,0,7.702155779525293e-05,0.0,1.9404146769375075e-06,2.8382108327828615e-32
6,0,8.838347688438976e-05,0.0,2.392839405729319e-06,6.366601418707521e-32
6,0,9.745829849838729e-05,0.0,2.392839405729319e-06,1.8041944563722939e-31
6,0,0.00013762400167729145,0.0,2.485882077962742e-06,4.132458383677337e-31
6,0,0.00018010890430415812,0.0,2.318852466487442e-06,8.572269043484515e-31
6,0,0.00022293757420791883,0.0,2.6789912226377055e-06,1.3558081312723215e-30
6,0,0.0002894348529790794,0.0,4.474647084862227e-06,1.6866098269892015e-30
6,0,0.00033364031333808704,0.0,4.474647084862227e-06,1.7522586474148285e-30
6,0,0.0003400398266846816,0.0,4.474647084862227e-06,1.6709074794113693e-30
6,0,0.00039241178271405124,0.0,4.213339707348496e-06,1.4394015782598612e-30
6,0,0.00044629302663194747,0.0,3.266789462941233e-06,1.2182072075933142e-30
6,0,0.0005237574920304279,0.0,2.2012677618477028e-06,9.55328584732484e-31
6,0,0.0006455418006710102,0.0,2.2608503513765754e-06,1.0120117686850674e-30
6,0,0.0008253481930228334,0.0,2.2808237645222107e-06,9.691889796823518e-31
6,0,0.0011245587343001217,0.0,2.2421354515245184e-06,9.936271310777549e-31
6,0,0.0012450130820461304,0.0,2.079447085634456e-06,1.0983020818320376e-30
6,0,0.0013737564668082315,0.0,2.162810460504261e-06,1.1997508178108275e-30
6,0,0.0016508824850542585,0.0,2.250153329441673e-06,1.4918385944986302e-30
6,0,0.0019607269652295307,0.0,1.93060759556829e-06,1.9794888524344296e-30
6,0,0.0023290671991428053,0.0,1.93060759556829e-06,3.0314453297536593e-30
6,0,0.0028729316478441217,0.0,1.7057358263627975e-06,4.2858328428720626e-30
6,0,0.0034973765431625396,0.0,1.7057358263627975e-06,5.5203163214050544e-30
6,0,0.004137350237755531,0.0,1.7057358263627975e-06,7.095368160998394e-30
6,0,0.004943717459034197,0.0,1.7057358263627975e-06,8.847997512311698e-30
6,0,0.00582594946002597,0.0,1.7057358263627975e-06,1.1853894177646846e-29
6,0,0.00676046298385269,0.0,1.7057358263627975e-06,1.696826584417622e-29
6,0,0.007659140929017888,0.0,1.7057358263627975e-06,2.5069625456032058e-29
6,0,0.008398366621031814,0.0,1.7057358263627975e-06,3.7346796905737684e-29
6,0,0.008959214149033763,0.0,1.7057358263627975e-06,5.47800740210879e-29
6,0,0.009381037685333127,0.0,1.7057358263627975e-06,8.013134867589336e-29
6,0,0.009712218908880231,0.0,1.7057358263627975e-06,1.225077417240537e-28
6,0,0.010157595162744299,0.0,1.7057358263627975e-06,1.9551010422898971e-28
6,0,0.01086412033982459,0.0,1.7057358263627975e-06,3.2180965293873945e-28
6,0,0.011520647445612393,0.0,1.7057358263627975e-06,5.478993357869694e-28
6,0,0.011702148313059005,0.0,1.8467018207957153e-06,8.663079408886668e-28
6,0,0.011418653341684567,0.0,1.8427787153996178e-06,1.2849193106194295e-27
6,0,0.011241835550142269,0.0,1.8427787153996178e-06,1.7296944386446927e-27
6,0,0.011627192148197312,0.0,3.3835153772088233e-06,2.0261403164395814e-27
6,0,0.011457476252761166,0.0,3.3835153772088233e-06,2.4412246343666904e-27
6,0,0.010665848688355146,0.0,3.829572506219847e-06,2.733061184025677e-27
6,0,0.00928696871753458,0.0,3.829572506219847e-06,3.2138168241614744e-27
6,0,0.008261456878646505,0.0,3.7113391044840682e-06,3.879605991111281e-27
6,0,0.0065553653120743625,0.0,3.985981493315194e-06,4.760633814564899e-27
6,0,0.005666770635009983,0.0,3.985981493315194e-06,5.0332588278426345e-27
6,0,0.005229898824491364,0.0,3.521706048559281e-06,4.387910133171593e-27
6,0,0.004749697925755717,0.0,3.521706048559281e-06,3.268040418780725e-27
6,0,0.0038543753064113834,0.0,3.226222133889678e-06,2.444514122711704e-27
6,0,0.002717482098369611,0.0,3.226222133889678e-06,1.9999241728505935e-27
6,0,0.0021614612706920685,0.0,3.226222133889678e-06,1.5636982478484652e-27
6,0,0.0016662980821678774,0.0,1.898536993394373e-06,1.5488742687700194e-27
6,0,0.001396554106395804,0.0,1.898536993394373e-06,1.4582499241263697e-27
6,0,0.001288628342907441,0.0,1.898536993394373e-06,1.375313121448736e-27
6,0,0.0012396626517296532,0.0,2.138443051080685e-06,1.4987656160699467e-27
6,0,0.0012812944750762083,0.0,2.138443051080685e-06,1.7294238454875063e-27
6,0,0.0014920488949102056,0.0,2.138443051080685e-06,1.7074378144283705e-27
6,0,0.0018147905223985649,0.0,2.138443051080685e-06,1.4722796496957502e-27
6,0,0.00207118246061374,0.0,2.645155063873972e-06,1.3213195791613427e-27
6,0,0.002300190525601308,0.0,2.645155063873972e-06,1.1209703833540856e-27
6,0,0.002489764959377563,0.0,2.645155063873972e-06,9.635649956677918e-28
6,0,0.0027092658064876204,0.0,2.645155063873972e-06,8.312725788983409e-28
6,0,0.002959672268637158,0.0,2.3778300146659603e-06,7.620711233980881e-28
6,0,0.003201802599822993,0.0,2.3778300146659603e-06,7.3427860614961925e-28
6,0,0.0033382813402461032,0.0,2.111067715304671e-06,6.659922081141935e-28
6,0,0.003232462038999262,0.0,1.7066664668163867e-06,7.674711420726583e-28
6,0,0.0029992808118247402,0.0,1.7066664668163867e-06,7.610340101230356e-28
6,0,0.002735710146809495,0.0,1.7066664668163867e-06,7.389148973047426e-28
6,0,0.0025312035834308614,0.0,1.7066664668163867e-06,6.94233659632699e-28
6,0,0.0024201988286051573,0.0,2.111067715304671e-06,6.327391016944035e-28
6,0,0.0024039948799153992,0.0,1.7066664668163867e-06,5.584009502912269e-28
6,0,0.0024254159442254667,0.0,1.7066664668163867e-06,4.740659706222168e-28
6,0,0.0023192765316131787,0.0,1.7066664668163867e-06,4.205795738374292e-28
6,0,0.002129667941936986,0.0,1.7066664668163867e-06,4.048224817009278e-28
6,0,0.0018362656020610285,0.0,1.7066664668163867e-06,4.36368684559256e-28
6,0,0.0015909753394881558,0.0,1.7066664668163867e-06,5.74213220320635e-28
6,0,0.001412433601869211,0.0,1.7066664668163867e-06,7.7671931322086e-28
6,0,0.0012103256797716907,0.0,3.587379524105927e-06,1.0941221495573498e-27
6,0,0.0010740104131278757,0.0,3.587379524105927e-06,1.3480228867297633e-27
6,0,0.0009537622529943862,0.0,3.587379524105927e-06,1.5691957185782213e-27
6,0,0.000849565330432094,0.0,3.0061953566473676e-06,1.6870628237677146e-27
6,0,0.0007632185543239518,0.0,3.0061953566473676e-06,1.6653801266748198e-27
6,0,0.0006834314791579644,0.0,3.2547302453167504e-06,1.5542306651313492e-27
6,0,0.000615742543095653,0.0,3.2547302453167504e-06,1.3951178442528589e-27
6,0,0.00059335051699433,0.0,1.915313305289601e-06,1.0945896690513498e-27
6,0,0.0004956165452840107,0.0,1.7690574622974964e-06,7.92047789648238e-28
6,0,0.0004980317733404276,0.0,1.7690574622974964e-06,5.723062607862e-28
6,0,0.00048700156471024496,0.0,1.7690574622974964e-06,4.905252086681931e-28
6,0,0.0004916662530623689,0.0,2.111067715304671e-06,4.888197495541896e-28
6,0,0.0005449081795269551,0.0,2.111067715304671e-06,5.212300208820672e-28
6,0,0.0006410261637300683,0.0,2.111067715304671e-06,6.149608423777649e-28
6,0,0.0008395329661304789,0.0,2.111067715304671e-06,6.396483272216441e-28
6,0,0.0011202324976962836,0.0,2.3778300146659603e-06,6.739969988902988e-28
6,0,0.0013819089824836333,0.0,2.645155063873972e-06,6.908837452356805e-28
6,0,0.0016038080626337098,0.0,2.645155063873972e-06,7.828112222279512e-28
6,0,0.0017602331243978598,0.0,2.645155063873972e-06,9.900871695249428e-28
6,0,0.0024175516032290388,0.0,3.0576914014091017e-06,1.2583375292304996e-27
6,0,0.003669271005575331,0.0,2.5623203327995725e-06,1.5906209188375516e-27
6,0,0.004611360301935712,0.0,2.3033669549477054e-06,2.253891162013094e-27
6,0,0.005305829241860172,0.0,2.3033669549477054e-06,2.91842115596526e-27
6,0,0.0058232772097960486,0.0,2.3033669549477054e-06,3.268027707643092e-27
6,0,0.006236045697105869,0.0,1.7690574622974964e-06,3.246990004488572e-27
6,0,0.006434910022511576,0.0,1.7690574622974964e-06,3.0282598295885807e-27
6,0,0.006595669201774434,0.0,1.7690574622974964e-06,2.4880915617843705e-27
6,0,0.00654184634233453,0.0,1.7690574622974964e-06,1.921797476505564e-27
6,0,0.006080934151977862,0.0,1.7690574622974964e-06,1.4785833147002268e-27
6,0,0.0053542555742150935,0.0,1.7690574622974964e-06,1.1050025944816682e-27
6,0,0.004731889914973363,0.0,2.111067715304671e-06,7.778341859174171e-28
6,0,0.004365484382055368,0.0,2.111067715304671e-06,6.073652635665933e-28
6,0,0.00418407270940639,0.0,2.111067715304671e-06,4.705239447132456e-28
6,0,0.00406895710256471,0.0,1.7066664668163867e-06,3.762278627788702e-28
6,0,0.0037754614757976677,0.0,1.7066664668163867e-06,3.3291656315039355e-28
6,0,0.0032219599828587834,0.0,1.7066664668163867e-06,3.234601026787064e-28
6,0,0.002686472328028833,0.0,1.7066664668163867e-06,2.9085394020136036e-28
6,0,0.0022603964093398394,0.0,1.7066664668163867e-06,2.4337565039695887e-28
6,0,0.0018050773472670662,0.0,1.7066664668163867e-06,1.8703231709560508e-28
6,0,0.0014015689069011479,0.0,1.7066664668163867e-06,1.5440773791316584e-28
6,0,0.0013749161136285485,0.0,1.7066664668163867e-06,1.185023731816494e-28
6,0,0.001452295357323209,0.0,1.7066664668163867e-06,9.198887202777916e-29
6,0,0.001628251963437992,0.0,1.7066664668163867e-06,7.291145861156095e-29
6,0,0.0015473037477338942,0.0,1.7066664668163867e-06,6.711898356257328e-29
6,0,0.0015207469080747993,0.0,1.7066664668163867e-06,6.07429758145606e-29
6,0,0.0015458697163080687,0.0,1.7066664668163867e-06,5.602440532109434e-29
6,0,0.0016309595508706674,0.0,1.7066664668163867e-06,5.333501869115877e-29
6,0,0.0017861102918293069,0.0,1.7066664668163867e-06,5.349925838569747e-29
6,0,0.002015690300144561,0.0,1.7066664668163867e-06,5.593215929528926e-29
6,0,0.0025640164032059453,0.0,1.972837026187335e-06,4.73312269975543e-29
6,0,0.006042640753118387,0.0,1.887866346805822e-06,0.0
6,0,0.003873997086292161,0.0,1.5889461337792454e-06,3.5339005910917377e-29
6,0,0.004417734741943502,0.0,1.5889461337792454e-06,3.5767573471792146e-29
6,0,0.004923253209533234,0.0,1.5889461337792454e-06,4.0691706894166364e-29
6,0,0.005465727781783047,0.0,1.5889461337792454e-06,5.071743313696239e-29
6,0,0.005991787134655285,0.0,1.5889461337792454e-06,6.917141701165138e-29
6,0,0.006579266508812202,0.0,1.5889461337792454e-06,9.326939877367793e-29
6,0,0.0072011879871704985,0.0,1.5889461337792454e-06,1.1414272982597508e-28
6,0,0.007785218307807474,0.0,1.5889461337792454e-06,1.218942728514556e-28
6,0,0.008268352447655104,0.0,1.5889461337792454e-06,1.0974655398666817e-28
6,0,0.008393422636119374,0.0,1.5889461337792454e-06,9.249486799094937e-29
6,0,0.008151714707486043,0.0,1.5889461337792454e-06,7.868045537082031e-29
6,0,0.007592482268180589,0.0,1.5889461337792454e-06,7.045179931280432e-29
6,0,0.0068197526820986095,0.0,1.5889461337792454e-06,7.973981915526158e-29
6,0,0.005711773297062342,0.0,1.972837026187335e-06,7.393149731395026e-29
6,0,0.004753811077888881,0.0,1.972837026187335e-06,8.091277067670417e-29
6,0,0.0043412978703993845,0.0,1.7066664668163867e-06,7.73755776481872e-29
6,0,0.003974462939577176,0.0,1.7066664668163867e-06,7.482352787887967e-29
6,0,0.003630148951900389,0.0,1.7066664668163867e-06,7.434554215933814e-29
6,0,0.003294315849315532,0.0,1.7066664668163867e-06,7.066551133278947e-29
6,0,0.0029576854754630954,0.0,1.7066664668163867e-06,6.527867324127621e-29
6,0,0.0026512584445073737,0.0,1.7066664668163867e-06,5.695183688581401e-29
6,0,0.002364926136288055,0.0,1.7066664668163867e-06,4.7099600819820813e-29
6,0,0.002104682887874059,0.0,1.7066664668163867e-06,3.703863908683911e-29
6,0,0.0018952539755083583,0.0,1.7066664668163867e-06,2.723483714968172e-29
6,0,0.00173471918483398,0.0,1.7066664668163867e-06,1.9131864571497455e-29
6,0,0.0015798161776232852,0.0,1.7066664668163867e-06,1.3824389840020648e-29
6,0,0.0014246021593182102,0.0,1.7066664668163867e-06,1.1484279633296323e-29
6,0,0.0012918419332899871,0.0,1.972837026187335e-06,1.1327040242715642e-29
6,0,0.0013142549106406284,0.0,1.972837026187335e-06,1.1125341963074997e-29
6,0,0.0014357619335976476,0.0,1.887866346805822e-06,1.1933474204802034e-29
6,0,0.0016197584899985157,0.0,1.5889461337792454e-06,1.4430252793971184e-29
6,0,0.0018328420634485397,0.0,1.5889461337792454e-06,1.8176810958403515e-29
6,0,0.002033787895198188,0.0,1.5889461337792454e-06,2.3970748510442694e-29
6,0,0.002204692743945569,0.0,1.5889461337792454e-06,2.9974893792747895e-29
6,0,0.0024403206237982407,0.0,1.5889461337792454e-06,3.236265872853365e-29
6,0,0.002964031376821279,0.0,1.5889461337792454e-06,3.02699763528834e-29
6,0,0.0037512158008262274,0.0,1.5889461337792454e-06,2.4856509270623458e-29
6,0,0.004469909490523835,0.0,1.5889461337792454e-06,2.464802584951077e-29
6,0,0.005245760268806177,0.0,1.5889461337792454e-06,2.4930198660487805e-29
6,0,0.005863048349847215,0.0,1.5889461337792454e-06,2.633555425480548e-29
6,0,0.006279638895225401,0.0,1.5889461337792454e-06,2.727247102450126e-29
6,0,0.006479684874688707,0.0,1.5889461337792454e-06,2.8211921595780124e-29
6,0,0.006571207890715172,0.0,1.5889461337792454e-06,2.782268212622285e-29
6,0,0.0066121256400684435,0.0,1.5889461337792454e-06,2.707923404723738e-29
6,0,0.006586806185244038,0.0,1.5889461337792454e-06,2.7626390744437795e-29
6,0,0.006496462260165527,0.0,1.5889461337792454e-06,2.912768021947749e-29
6,0,0.006313097417496302,0.0,1.5889461337792454e-06,3.159706245518773e-29
6,0,0.006024621930163819,0.0,1.5889461337792454e-06,3.5348713801543304e-29
6,0,0.005653171725197546,0.0,1.972837026187335e-06,3.916329791809727e-29
6,0,0.005125558998841361,0.0,1.7066664668163867e-06,4.4779836257399616e-29
6,0,0.004552714391616245,0.0,1.7066664668163867e-06,5.2153207891972e-29
6,0,0.0037352022027576626,0.0,1.7066664668163867e-06,6.736574935522898e-29
6,0,0.003099485990842679,0.0,1.7066664668163867e-06,8.70149352607493e-29
6,0,0.002723124449654062,0.0,1.7066664668163867e-06,7.047760075552803e-29
6,0,0.002449502570267238,0.0,1.7066664668163867e-06,6.739710590213603e-29
6,0,0.002156067332592658,0.0,1.7066664668163867e-06,3.543944315751717e-29
6,0,0.001813869421869199,0.0,1.7066664668163867e-06,4.5577418014150056e-29
6,0,0.0015656088428542252,0.0,1.7066664668163867e-06,3.245934342100743e-29
6,0,0.0013950880377153624,0.0,1.7066664668163867e-06,2.3686600116639893e-29
6,0,0.0013024716418296787,0.0,1.7066664668163867e-06,1.7780144621498197e-29
6,0,0.0012832814185483197,0.0,1.7066664668163867e-06,1.4527128574806631e-29
6,0,0.001204641902503171,0.0,1.7066664668163867e-06,1.431107534623284e-29
6,0,0.00116868524672469,0.0,1.7066664668163867e-06,1.7972036457066542e-29
6,0,0.0011560841960717347,0.0,1.7066664668163867e-06,2.6077235891749e-29
6,0,0.0012110458590542264,0.0,1.972837026187335e-06,4.192194279439232e-29
6,0,0.0013180307541905136,0.0,2.440308435325278e-06,7.235289077944004e-29
6,0,0.00140139897359663,0.0,2.3352035896095913e-06,1.344755907690975e-28
6,0,0.0015631105521296347,0.0,1.965453066077316e-06,2.206134214219864e-28
6,0,0.001766209734958135,0.0,1.6470335140184034e-06,3.3361579609082764e-28
6,0,0.002064934954675358,0.0,1.6470335140184034e-06,4.5404944367246e-28
6,0,0.0021106866827553836,0.0,1.783201128091605e-06,5.725748798651934e-28
6,0,0.0023165166895670213,0.0,1.783201128091605e-06,6.394190452617648e-28
6,0,0.002543087617186515,0.0,1.783201128091605e-06,6.906545114240498e-28
6,0,0.002418051255424192,0.0,1.783201128091605e-06,3.236515641893028e-27
6,0,0.0026943480638704927,0.0,1.783201128091605e-06,1.0991756934349246e-27
6,0,0.002725679864311747,0.0,1.783201128091605e-06,1.4108040621674068e-27
6,0,0.0027491316198215037,0.0,1.783201128091605e-06,1.6955663822511676e-27
6,0,0.002796692384198456,0.0,1.783201128091605e-06,1.6343279729954755e-27
6,0,0.002699815780399658,0.0,1.783201128091605e-06,1.6969316739887437e-27
6,0,0.0026539242405099707,0.0,1.783201128091605e-06,1.624085877551224e-27
6,0,0.0026790097486939415,0.0,1.783201128091605e-06,1.3989069188254463e-27
6,0,0.0025228074452168948,0.0,1.783201128091605e-06,1.768768668321393e-27
6,0,0.002349268436689793,0.0,1.6470335140184034e-06,1.1628578189005525e-27
6,0,0.00206289035418492,0.0,1.6470335140184034e-06,1.1010556899501382e-27
6,0,0.0018132093484453484,0.0,1.9568815332604572e-06,1.0704987891559931e-27
6,0,0.0016008290951469444,0.0,1.7690574622974964e-06,1.0709480123155215e-27
6,0,0.0014091688822643698,0.0,1.915313305289601e-06,1.0585680383365031e-27
6,0,0.0012280550715270773,0.0,1.915313305289601e-06,9.817752410709564e-28
6,0,0.0010588044921012749,0.0,1.7690574622974964e-06,8.197721771249242e-28
6,0,0.0009112553574249487,0.0,1.7690574622974964e-06,6.167839758113705e-28
6,0,0.0008469414993186002,0.0,1.7690574622974964e-06,3.7745696719525384e-28
6,0,0.0007397894183222677,0.0,1.7690574622974964e-06,2.3699355189549705e-28
6,0,0.0006348507238509131,0.0,2.111067715304671e-06,1.447486335001427e-28
6,0,0.0005414518443632958,0.0,2.111067715304671e-06,9.082010940396561e-29
6,0,0.0004418018995571543,0.0,2.111067715304671e-06,6.949780195191426e-29
6,0,0.0003897203268870124,0.0,2.111067715304671e-06,5.683637136711692e-29
6,0,0.00035968663230284746,0.0,2.111067715304671e-06,5.660182921107701e-29
6,0,0.0003411945564984762,0.0,2.111067715304671e-06,5.738625445889485e-29
6,0,0.0003464418655629556,0.0,2.440308435325278e-06,6.892435631097296e-29
6,0,0.00034653036999999115,0.0,2.440308435325278e-06,9.584322358841918e-29
6,0,0.00036863807171388653,0.0,2.3352035896095913e-06,1.392618276074536e-28
6,0,0.0004179520408929726,0.0,1.965453066077316e-06,1.9791963518241258e-28
6,0,0.0005055695401695862,0.0,1.965453066077316e-06,2.590295608366897e-28
6,0,0.0006177230421217238,0.0,1.965453066077316e-06,3.22593819389721e-28
6,0,0.000702872964524436,0.0,1.965453066077316e-06,4.280347042074063e-28
6,0,0.0007838308817349298,0.0,1.965453066077316e-06,5.773849861977977e-28
6,0,0.0009031149107673542,0.0,1.965453066077316e-06,7.49910079505498e-28
6,0,0.0010775976774019514,0.0,1.6470335140184034e-06,9.249349817327643e-28
6,0,0.0012784610098978042,0.0,1.6470335140184034e-06,1.071299398233875e-27
6,0,0.0014337137515332743,0.0,1.6470335140184034e-06,1.2784801564433652e-27
6,0,0.0015916632686302867,0.0,1.6470335140184034e-06,1.3886613567072951e-27
6,0,0.0017656606931964341,0.0,1.6470335140184034e-06,1.3502358765323615e-27
6,0,0.001940497680398718,0.0,1.965453066077316e-06,1.222440602479552e-27
6,0,0.002073079172645988,0.0,1.965453066077316e-06,9.576432425712871e-28
6,0,0.0021041772291602685,0.0,1.965453066077316e-06,9.756449097614746e-28
6,0,0.002114641971377999,0.0,1.965453066077316e-06,8.88294164540797e-28
6,0,0.0021712828562526227,0.0,1.965453066077316e-06,7.385964447884382e-28
6,0,0.002158122827385398,0.0,1.965453066077316e-06,6.262555548331211e-28
6,0,0.0021037392252185325,0.0,1.6470335140184034e-06,5.337840507798095e-28
6,0,0.0020955561771489393,0.0,1.6470335140184034e-06,4.2382327319801475e-28
6,0,0.001977947288527418,0.0,1.965453066077316e-06,3.7049956934527926e-28
6,0,0.0017819195879461383,0.0,1.965453066077316e-06,3.2959575436965956e-28
6,0,0.0015036389579239308,0.0,1.965453066077316e-06,3.0258682579318892e-28
6,0,0.0012272441729642872,0.0,1.6470335140184034e-06,2.737755879006364e-28
6,0,0.0010015136444870031,0.0,2.0449583644222002e-06,2.3790658713388243e-28
6,0,0.000782986810300941,0.0,2.0449583644222002e-06,2.2079527735698516e-28
6,0,0.000635466360247677,0.0,2.0449583644222002e-06,1.7306505184173351e-28
6,0,0.0005320842417547068,0.0,1.9568815332604572e-06,1.3339651629538163e-28
6,0,0.00046113255911962414,0.0,1.6470335140184034e-06,9.658314179892845e-29
6,0,0.0004285984363312275,0.0,1.6470335140184034e-06,6.855096664300488e-29
6,0,0.00040679816503746215,0.0,1.965453066077316e-06,5.579449743398311e-29
6,0,0.0004007101400065652,0.0,1.965453066077316e-06,5.16026567432446e-29
6,0,0.00040230118133896276,0.0,1.6470335140184034e-06,5.613993102510219e-29
6,0,0.0004086495271770371,0.0,1.6470335140184034e-06,7.248880726673409e-29
6,0,0.000422737025256218,0.0,1.6470335140184034e-06,1.088634188106694e-28
6,0,0.0004494048740507504,0.0,1.783201128091605e-06,1.7820556349335964e-28
6,0,0.000491737759804195,0.0,1.783201128091605e-06,2.911192370511997e-28
6,0,0.0005546902151096176,0.0,1.783201128091605e-06,4.66928185358826e-28
6,0,0.0006314751206013922,0.0,1.783201128091605e-06,6.9180414715610315e-28
6,0,0.000755081216122945,0.0,1.783201128091605e-06,8.804606370849964e-28
6,0,0.0009279901139012119,0.0,1.783201128091605e-06,1.065426660054455e-27
6,0,0.001221348988407992,0.0,1.783201128091605e-06,1.0379073359685974e-27
6,0,0.0014198627842258928,0.0,1.783201128091605e-06,1.2923716002427387e-27
6,0,0.0015934361206443148,0.0,2.4420519366685767e-06,1.4517837106345867e-27
6,0,0.0017021580143431337,0.0,2.4420519366685767e-06,1.6196868609652493e-27
6,0,0.001669743052540927,0.0,2.4420519366685767e-06,1.9577736552737233e-27
6,0,0.0018195465725085473,0.0,2.4420519366685767e-06,2.360166287460315e-27
6,0,0.0018466826474988131,0.0,2.4420519366685767e-06,2.9914841973005064e-27
6,0,0.0017696472491375978,0.0,2.4420519366685767e-06,3.954208428251076e-27
6,0,0.001775528981063241,0.0,2.4420519366685767e-06,4.78313291336122e-27
6,0,0.0017714029492450637,0.0,2.4420519366685767e-06,5.5750082841311866e-27
6,0,0.0016897775474786743,0.0,2.4420519366685767e-06,6.545003285807807e-27
6,0,0.0016426219723782618,0.0,2.4420519366685767e-06,6.012405463428994e-27
6,0,0.001566666413129363,0.0,2.4420519366685767e-06,7.861122950415801e-27
6,0,0.0014565037641504155,0.0,2.4420519366685767e-06,9.010003332744963e-27
6,0,0.0013913457905343684,0.0,2.4420519366685767e-06,1.0061243689125559e-26
6,0,0.0013202639306477708,0.0,2.901462494264706e-06,1.1452623303356362e-26
6,0,0.0012257178920884763,0.0,2.6229763534502126e-06,1.3453574382053303e-26
6,0,0.001038941011359335,0.0,2.6229763534502126e-06,1.6956579024421248e-26
6,0,0.0009079236024163987,0.0,2.6229763534502126e-06,1.9811774789207192e-26
6,0,0.0007988321065232271,0.0,2.6229763534502126e-06,2.108598236636543e-26
6,0,0.0007346831035736505,0.0,2.6229763534502126e-06,1.9819560168414383e-26
6,0,0.0006489330128693119,0.0,2.6229763534502126e-06,1.7677309772673573e-26
6,0,0.0005525666992550772,0.0,2.6229763534502126e-06,1.4896066636264188e-26
6,0,0.0004781522955801189,0.0,2.6229763534502126e-06,1.300428265941896e-26
6,0,0.00041407402094997955,0.0,2.6229763534502126e-06,1.0569785490941009e-26
6,0,0.0003623355678118681,0.0,2.6229763534502126e-06,8.806459500642454e-27
6,0,0.0003284914207431727,0.0,2.6229763534502126e-06,7.327987023210527e-27
6,0,0.0003071195070770037,0.0,2.6229763534502126e-06,6.011258764740106e-27
6,0,0.0002987851268558231,0.0,2.6229763534502126e-06,5.214012745727221e-27
6,0,0.0002966095741254302,0.0,2.6229763534502126e-06,4.7312683903308494e-27
6,0,0.0002940504278026905,0.0,2.6229763534502126e-06,4.379883242349376e-27
6,0,0.00029757845256366683,0.0,2.6229763534502126e-06,3.731848645777892e-27
6,0,0.0003012252398831785,0.0,2.917861820606049e-06,2.899036478482008e-27
6,0,0.00030189552156408933,0.0,2.917861820606049e-06,2.1802670972850476e-27
6,0,0.0002979790393783015,0.0,2.917861820606049e-06,1.730671270312486e-27
6,0,0.00029412573035674997,0.0,3.2865732464415487e-06,1.5348171949954286e-27
6,0,0.0002995430232865723,0.0,3.2865732464415487e-06,1.5063948023586479e-27
6,0,0.00038372274345632626,0.0,3.2865732464415487e-06,1.5309286461412136e-27
6,0,0.00045583790493629946,0.0,3.2865732464415487e-06,1.918823262892447e-27
6,0,0.00047224419286974353,0.0,3.2865732464415487e-06,2.3242667607039424e-27
6,0,0.0004906779107880617,0.0,3.035606823686976e-06,2.5166906584935488e-27
6,0,0.0005149189476892931,0.0,3.035606823686976e-06,2.3880601086238586e-27
6,0,0.0005256310644341742,0.0,2.728821755226818e-06,2.246911784487629e-27
6,0,0.0005155681240516372,0.0,3.154406613248284e-06,2.140194080339188e-27
6,0,0.0005114931270015008,0.0,3.6021174310008064e-06,1.8844251911207187e-27
6,0,0.000495672701479391,0.0,3.031767619177117e-06,1.702605271011914e-27
6,0,0.0005002184578235646,0.0,2.6916420665656915e-06,1.5347527726387889e-27
6,0,0.0005233719376412929,0.0,2.2555739178642398e-06,1.5492524251145998e-27
6,0,0.0005663863527414911,0.0,2.2555739178642398e-06,1.664979918432376e-27
6,0,0.0005780158396847767,0.0,2.4420519366685767e-06,1.8804970644061465e-27
6,0,0.0005309264558282302,0.0,2.4420519366685767e-06,2.3047805867126212e-27
6,0,0.0004769857886168317,0.0,2.4420519366685767e-06,2.8154647929982072e-27
6,0,0.0004510141868328202,0.0,2.4420519366685767e-06,3.116340502258181e-27
6,0,0.0004256792095178911,0.0,2.4420519366685767e-06,3.23438055595668e-27
6,0,0.0004067724418756285,0.0,2.4420519366685767e-06,3.114581550439972e-27
6,0,0.0003797097276508342,0.0,2.4420519366685767e-06,3.0207833695444694e-27
6,0,0.0003040584892204703,0.0,2.4420519366685767e-06,2.9481292031364165e-27
6,0,0.000272231701611166,0.0,2.4420519366685767e-06,2.3580335126399005e-27
6,0,0.00024528972244148835,0.0,2.4420519366685767e-06,1.75989802759054e-27
6,0,0.00020840450588559183,0.0,2.8355261747492477e-06,1.2294695727010849e-27
6,0,0.00018160593467379205,0.0,3.1938336633174913e-06,9.526806025870873e-28
6,0,0.00014902215886683013,0.0,2.750638714132947e-06,7.645257211122097e-28
6,0,0.00014618095150273642,0.0,3.799143996729981e-06,6.339422301306622e-28
6,0,0.00016840462247905572,0.0,2.857141680578934e-06,5.820866626745331e-28
6,0,0.0002544057606795835,0.0,2.857141680578934e-06,5.4514116336536385e-28
6,0,0.0003065005050116832,0.0,2.857141680578934e-06,7.736321438165044e-28
6,0,0.00033697570855901674,0.0,2.857141680578934e-06,1.3894667806100378e-27
6,0,0.000351963179906988,0.0,3.0800540571362944e-06,2.571972936803229e-27
6,0,0.0003625860815869691,0.0,3.0800540571362944e-06,4.4391591289917374e-27
6,0,0.0003514813455473441,0.0,3.2705145258660195e-06,7.35142173877383e-27
6,0,0.0003880709272531741,0.0,3.2705145258660195e-06,1.0800275394081429e-26
6,0,0.00035400238642334077,0.0,2.3881498236733023e-06,2.0357791335880528e-26
6,0,0.00033318821325131775,0.0,3.025211071872036e-06,3.4233244524111744e-26
6,0,0.0003889413173165612,0.0,3.870001819450408e-06,7.67603753904909e-26
6,0,0.0005686009188754715,0.0,4.45166688223253e-06,1.1660304649276998e-25
6,0,0.0009253989485505416,0.0,4.45166688223253e-06,1.213650546509432e-25
6,0,0.0010709470254244196,0.0,4.45166688223253e-06,1.1333589277213565e-25
6,0,0.0010697482407667556,0.0,4.396330950839911e-06,1.050170833556439e-25
6,0,0.0010636004627341113,0.0,4.396330950839911e-06,8.420802352263412e-26
6,0,0.001118809916990103,0.0,4.396330950839911e-06,5.718813236032704e-26
6,0,0.0011430354781952192,0.0,2.414678874629317e-06,3.760474975136484e-26
6,0,0.0010569809733985234,0.0,2.414678874629317e-06,2.668997782208959e-26
6,0,0.000976580445524886,0.0,2.2399215140467277e-06,1.7409822755301474e-26
6,0,0.0008851816702743331,0.0,2.3998759388632607e-06,1.1560954551612211e-26
6,0,0.0008228421091581278,0.0,2.3998759388632607e-06,7.074028508139781e-27
6,0,0.0007278987853265724,0.0,2.3998759388632607e-06,4.663481819264241e-27
6,0,0.0006028070979751265,0.0,2.3998759388632607e-06,3.2860166636956464e-27
6,0,0.00047072496587411284,0.0,2.3998759388632607e-06,2.269628320774671e-27
6,0,0.00037071757292982577,0.0,2.2399215140467277e-06,1.3950220292381256e-27
6,0,0.0002814836436397599,0.0,2.2399215140467277e-06,8.234109328653522e-28
6,0,0.00021633069230558846,0.0,2.2399215140467277e-06,4.0595136553783035e-28
6,0,0.00016529013815137178,0.0,2.589257746876683e-06,1.758185899944104e-28
6,0,0.0001266384549811812,0.0,2.589257746876683e-06,5.593514448670306e-29
6,0,8.633099198953859e-05,0.0,2.477737780282041e-06,1.638733916910719e-29
6,0,5.386563133928051e-05,0.0,2.085418827846297e-06,3.869239525731605e-30
6,0,3.251741768777809e-05,0.0,2.085418827846297e-06,7.335943800402655e-31
6,0,1.9300701105005366e-05,0.0,2.085418827846297e-06,1.4277037167573142e-31
6,0,1.1593218998087587e-05,0.0,2.477737780282041e-06,2.9651072111956537e-32
6,0,6.332039734600171e-06,0.0,2.477737780282041e-06,6.392320647356337e-33
6,0,3.1816898640696393e-06,0.0,2.589257746876683e-06,1.3476537636948657e-33
6,0,1.523679131834439e-06,0.0,2.791270162560977e-06,2.950886861141123e-34
6,0,7.526763024436688e-07,0.0,1.9388755845284322e-06,6.97813050705828e-35
6,0,4.238383080378003e-07,0.0,2.3137165499065304e-06,1.856172447669032e-35
6,0,2.8533074471899283e-07,0.0,2.3137165499065304e-06,6.156319476222972e-36
6,0,2.2369876302445375e-07,0.0,2.3137165499065304e-06,2.6556900889528216e-36
6,0,1.8912133439671562e-07,0.0,2.3137165499065304e-06,1.4579096667201156e-36
6,0,1.636567794555087e-07,0.0,1.8704955664361478e-06,9.367551538760439e-37
6,0,1.3379068703463212e-07,0.0,1.8704955664361478e-06,6.345708125005806e-37
6,0,1.5795614026969385e-07,0.0,1.8704955664361478e-06,4.89621934280449e-37
6,0,3.175591401041895e-07,0.0,1.8704955664361478e-06,5.114036727683631e-37
6,0,6.131138296213112e-07,0.0,1.8704955664361478e-06,8.780685051408154e-37
6,0,9.09053470131797e-07,0.0,1.8704955664361478e-06,2.1931450076934e-36
6,0,1.1047882134855704e-06,0.0,1.9388755845284322e-06,7.868288097007695e-36
6,0,1.3459841118483174e-06,0.0,2.0991708424844546e-06,2.5113770997971027e-35
6,0,1.7635409180227891e-06,0.0,2.0991708424844546e-06,5.179221222060787e-35
6,0,2.1942946975351656e-06,0.0,2.0991708424844546e-06,8.547631278822005e-35
6,0,2.657616388558096e-06,0.0,2.0991708424844546e-06,1.234832938309812e-34
6,0,3.1649991488917348e-06,0.0,2.0991708424844546e-06,1.5651726796241692e-34
6,0,3.692084203886021e-06,0.0,2.0991708424844546e-06,1.7745611694898653e-34
6,0,4.179695667468006e-06,0.0,2.2302911020233296e-06,1.9005319195697818e-34
6,0,4.6079474288045755e-06,0.0,2.2302911020233296e-06,1.9125758005077918e-34
6,0,5.001742513311865e-06,0.0,2.6614709440764273e-06,1.7347367065809524e-34
6,0,5.462151482884446e-06,0.0,2.6614709440764273e-06,1.3393761712486652e-34
6,0,5.446665678673362e-06,0.0,2.6614709440764273e-06,8.861520412915211e-35
6,0,4.300051400115673e-06,0.0,2.6614709440764273e-06,5.631178136965321e-35
6,0,3.140225659928507e-06,0.0,2.151633452740498e-06,3.1579377358493025e-35
6,0,2.5481037508958712e-06,0.0,2.151633452740498e-06,1.4497412580692692e-35
6,0,1.9322018235374346e-06,0.0,2.151633452740498e-06,6.034482471413867e-36
6,0,1.3447296216009807e-06,0.0,2.151633452740498e-06,2.318491312272683e-36
6,0,9.197369250578981e-07,0.0,2.151633452740498e-06,8.849080075270428e-37
6,0,5.988304747548665e-07,0.0,2.151633452740498e-06,3.30476803998711e-37
6,0,4.2746502189318845e-07,0.0,2.151633452740498e-06,1.1628386078196458e-37
6,0,3.396826907253816e-07,0.0,3.764922439586371e-06,4.2524949460544717e-38
6,0,1.9177942554262404e-07,0.0,3.764922439586371e-06,0.0
6,0,8.273117055008638e-08,0.0,3.764922439586371e-06,0.0
6,0,4.823053716830066e-08,0.0,3.5055115858995123e-06,0.0
6,0,3.685109231644682e-08,0.0,3.5055115858995123e-06,0.0
6,0,3.062092844101686e-08,0.0,2.659618985489942e-06,0.0
6,0,2.4904360145994577e-08,0.0,2.0033812688780017e-06,0.0
6,0,2.3872672740469426e-08,0.0,2.154296453227289e-06,0.0
6,0,2.52079298794525e-08,0.0,2.154296453227289e-06,0.0
6,0,3.160750620006979e-08,0.0,2.5655187982920324e-06,0.0
6,0,4.112788599887102e-08,0.0,2.5655187982920324e-06,0.0
6,0,4.579742138441958e-08,0.0,2.5655187982920324e-06,0.0
6,0,6.006985798120276e-08,0.0,2.5655187982920324e-06,5.010395908535028e-38
6,0,1.0273130510635456e-07,0.0,2.5655187982920324e-06,1.6749794532633455e-37
6,0,1.8667922231808749e-07,0.0,2.5655187982920324e-06,6.838822139900904e-37
6,0,3.539806217649324e-07,0.0,2.1498838123079622e-06,3.1828131018992474e-36
6,0,6.798199349997436e-07,0.0,2.327624088138691e-06,1.491840514916608e-35
6,0,1.2612960385929135e-06,0.0,2.327624088138691e-06,7.334250768031589e-35
6,0,2.0740351057248173e-06,0.0,2.327624088138691e-06,2.872299783247624e-34
6,0,3.8289304158204766e-06,0.0,2.327624088138691e-06,9.389926016185205e-34
6,0,6.39763978091987e-06,0.0,2.5747299332579132e-06,3.507462451844604e-33
6,0,9.700717200157197e-06,0.0,2.6544546471996e-06,1.1594265185408977e-32
6,0,1.5905495793918413e-05,0.0,2.6544546471996e-06,3.869855825664798e-32
6,0,2.3947044345371985e-05,0.0,2.6544546471996e-06,1.3374840551339633e-31
6,0,3.5009956671284546e-05,0.0,2.6544546471996e-06,3.952918548707885e-31
6,0,5.0393339157617826e-05,0.0,2.6544546471996e-06,9.106632788645156e-31
6,0,6.993168170321079e-05,0.0,2.6544546471996e-06,1.6621471312717532e-30
6,0,9.297028171606608e-05,0.0,2.6544546471996e-06,2.4662779902285907e-30
6,0,0.00011962850784625181,0.0,2.6544546471996e-06,3.18836385739634e-30
6,0,0.00014904879727455374,0.0,2.6544546471996e-06,3.855125318041508e-30
6,0,0.00017444331691359715,0.0,2.451757382004871e-06,4.53334267643205e-30
6,0,0.00019580020703502813,0.0,2.451757382004871e-06,5.2884618156488665e-30
6,0,0.00021902834715836338,0.0,2.925753051385982e-06,6.228859929414042e-30
6,0,0.00024751493224434677,0.0,2.925753051385982e-06,7.724841812360903e-30
6,0,0.0002785200506940621,0.0,2.962579173981794e-06,1.0384843716633256e-29
6,0,0.0003094364537049377,0.0,3.0576184144592844e-06,1.5350848812021052e-29
6,0,0.00034059475739493605,0.0,3.0576184144592844e-06,2.4956841192929419e-29
6,0,0.00038000891066173334,0.0,2.947369921457721e-06,4.3526456095920094e-29
6,0,0.00043380320441077305,0.0,3.191041741956724e-06,7.934354703214176e-29
6,0,0.000486143451059011,0.0,3.772531499635079e-06,1.4324792481335185e-28
6,0,0.0005047168659128162,0.0,5.683996278094128e-06,2.3893159112440963e-28
6,0,0.0004659073499828807,0.0,5.683996278094128e-06,3.318514998170231e-28
6,0,0.000444475073149123,0.0,8.655353667563759e-06,3.5647723453206036e-28
6,0,0.0003772668020034066,0.0,8.058984349190723e-06,3.345869703394092e-28
6,0,0.0003572685756146558,0.0,3.444223011683789e-06,3.540756961879067e-28
6,0,0.0004343084429092292,0.0,3.3371672998327995e-06,3.905440945016026e-28
6,0,0.0006497303795542013,0.0,3.3371672998327995e-06,3.8412862926385427e-28
6,0,0.0009123095790678213,0.0,3.3371672998327995e-06,3.273778052974546e-28
6,0,0.0009201234148428575,0.0,3.3371672998327995e-06,2.6949099562748243e-28
6,0,0.0008639030929759174,0.0,3.3371672998327995e-06,2.3026437674393236e-28
6,0,0.0008278263610720512,0.0,3.3371672998327995e-06,1.9721420315497e-28
6,0,0.0008120623303591569,0.0,3.3371672998327995e-06,1.7242848384686492e-28
6,0,0.0007843017060049297,0.0,3.3371672998327995e-06,1.6584435529423689e-28
6,0,0.0007295563937223534,0.0,3.444223011683789e-06,1.8053744335883724e-28
6,0,0.0006119018469562558,0.0,3.444223011683789e-06,2.508456104275078e-28
6,0,0.0005133057922418575,0.0,3.7807831176905893e-06,3.6828725361816164e-28
6,0,0.0004667370679029895,0.0,3.7807831176905893e-06,4.721313258448312e-28
6,0,0.00043737528543040353,0.0,3.7807831176905893e-06,6.032413179249255e-28
6,0,0.00042057008217963993,0.0,3.7807831176905893e-06,7.25917807223294e-28
6,0,0.00039352969712256713,0.0,3.7807831176905893e-06,7.725292118856025e-28
6,0,0.0003395744781706128,0.0,3.7807831176905893e-06,7.700518400498886e-28
6,0,0.0002866347072242241,0.0,3.7807831176905893e-06,7.235291726097677e-28
6,0,0.0002557325681422077,0.0,3.663265715658781e-06,6.137679695184601e-28
6,0,0.0002575590322468021,0.0,3.663265715658781e-06,4.343160765727767e-28
6,0,0.0002678845581678331,0.0,3.663265715658781e-06,3.0816427076388575e-28
6,0,0.00026527996251821123,0.0,3.663265715658781e-06,2.70064224601305e-28
6,0,0.00022670853731350063,0.0,3.663265715658781e-06,2.5611042881998198e-28
6,0,0.00022548861584510623,0.0,3.444223011683789e-06,1.9001388535369742e-28
6,0,0.00023785413067360756,0.0,8.058984349190723e-06,1.0831167599278892e-28
6,0,0.0002185707567118861,0.0,8.058984349190723e-06,1.0004666800707262e-28
6,0,0.00017795747825585968,0.0,8.058984349190723e-06,1.2495068756201168e-28
6,0,0.00013496818331400795,0.0,9.768099516804796e-06,2.0901130647338172e-28
6,0,0.00013402001967614718,0.0,9.768099516804796e-06,2.9823448893424112e-28
6,0,0.00014284199113063736,0.0,6.483192919404246e-06,4.1594140490061e-28
6,0,0.00013516035588772652,0.0,7.116710548871197e-06,6.728152964246714e-28
6,0,0.0001324313793648603,0.0,1.0722605111368466e-05,1.1824956598749941e-27
6,0,0.0001252423897859633,0.0,1.1516081031004433e-05,2.0512442354856857e-27
6,0,0.00015316960174261972,0.0,1.1963866199948825e-05,2.7461139816307672e-27
6,0,0.0001646388870212376,0.0,1.1050297871406656e-05,4.0466210951445864e-27
6,0,0.00017077403975776072,0.0,1.3593724361271597e-05,6.526379543245582e-27
6,0,0.00017170758610722458,0.0,7.29398607290932e-06,1.0005707573249209e-26
6,0,0.00016454510381852983,0.0,4.696751148003386e-06,1.314046901764647e-26
6,0,0.0001704598301237966,0.0,3.874961748806527e-06,1.3848955473684358e-26
6,0,0.00023156729797496183,0.0,3.368920033608447e-06,1.2587750234766666e-26
6,0,0.0002770334151898356,0.0,3.26420490637247e-06,1.2552314664533897e-26
6,0,0.0003360207675649048,0.0,2.9736297619820107e-06,1.1731058847276314e-26
6,0,0.0003943481770685444,0.0,3.6782416827918496e-06,1.0222999463666732e-26
6,0,0.0004327752920257309,0.0,3.6782416827918496e-06,9.054173380461518e-27
6,0,0.0004610758062048443,0.0,3.6782416827918496e-06,8.319837092710064e-27
6,0,0.00045371088347389237,0.0,3.0886635613569524e-06,7.617343360287131e-27
6,0,0.00042927542530343837,0.0,3.0886635613569524e-06,9.001724145100031e-27
6,0,0.00043362316592471007,0.0,3.0886635613569524e-06,8.952445760798984e-27
6,0,0.0004143981086793603,0.0,3.0886635613569524e-06,9.507026532749022e-27
6,0,0.0003921378069268319,0.0,2.496992237865925e-06,9.318806169656035e-27
6,0,0.00038746052718849615,0.0,2.496992237865925e-06,7.776001469105752e-27
6,0,0.00038355994803899535,0.0,2.496992237865925e-06,5.646192965991672e-27
6,0,0.0003715881762739586,0.0,2.5770955289772246e-06,3.6199028122024174e-27
6,0,0.0003543614558526298,0.0,2.5770955289772246e-06,2.095447024011295e-27
6,0,0.00033820870548758675,0.0,2.5770955289772246e-06,1.1458778575458624e-27
6,0,0.00032716061605223115,0.0,2.2231408820516663e-06,6.244734918555796e-28
6,0,0.0003202956208101486,0.0,2.2231408820516663e-06,3.7000662757601334e-28
6,0,0.00031971911943722275,0.0,2.2231408820516663e-06,2.537192423492794e-28
6,0,0.0003366097056132871,0.0,2.2231408820516663e-06,2.0837124773048893e-28
6,0,0.000310280632753099,0.0,2.387655740676564e-06,2.239098431147996e-28
6,0,0.00029129780452444466,0.0,2.435054511806811e-06,2.8948359289768023e-28
6,0,0.0003243456429691911,0.0,2.435054511806811e-06,3.9234794456164e-28
6,0,0.000346184307480673,0.0,2.387655740676564e-06,5.310786969869288e-28
6,0,0.00035365410102396324,0.0,2.387655740676564e-06,5.993625431651782e-28
6,0,0.00034467499081341124,0.0,2.387655740676564e-06,4.961218647900852e-28
6,0,0.0003214979437861984,0.0,2.1411080979305552e-06,2.8335540418526157e-28
6,0,0.00028674560167320234,0.0,1.2507614428614033e-06,1.1669453885403956e-28
6,0,0.0002404263443181974,0.0,1.3729381862503942e-06,3.995279076908128e-29
6,0,0.0001825416718255658,0.0,1.6440596937172813e-06,1.625559502848172e-29
6,0,0.00013868568303490586,0.0,1.6813147567518172e-06,1.540705135984347e-29
6,0,0.00012437858292730107,0.0,1.6440596937172813e-06,2.957666865629384e-29
6,0,0.00010039362569110934,0.0,8.640225246381306e-07,8.5845460945636e-30
6,0,9.798164031270139e-05,0.0,8.811747989057039e-07,1.5241785129598087e-30
6,0,8.75366661266396e-05,0.0,9.238445954906638e-07,3.744118778555504e-31
6,0,6.574574263369269e-05,0.0,8.807269864519185e-07,1.2580807047797037e-31
6,0,4.0535174385629544e-05,0.0,1.4321295793706668e-06,3.808696911706628e-32
6,0,3.088146738361452e-05,0.0,1.4551333151757717e-06,2.3907609652574717e-32
6,0,1.7659795545395915e-05,0.0,1.2989634115001536e-06,1.0825197271699526e-32
6,0,1.1249927944710618e-05,0.0,1.2989634115001536e-06,6.471718678598659e-33
6,0,8.428345548974677e-06,0.0,7.293925818885327e-07,5.822850205048572e-33
6,0,7.588139775352514e-06,0.0,6.817385838076007e-07,6.871471246534702e-33
6,0,7.805372797352285e-06,0.0,6.817385838076007e-07,9.78512501287975e-33
6,0,8.484129827977965e-06,0.0,5.449718400996062e-07,1.4238248792731884e-32
6,0,8.734918474386732e-06,0.0,5.449718400996062e-07,1.6847306993523922e-32
6,0,8.850522813476627e-06,0.0,5.449718400996062e-07,1.618361259747409e-32
6,0,9.245253716318094e-06,0.0,5.449718400996062e-07,1.2326974324163525e-32
6,0,9.882325962593558e-06,0.0,4.992465960640402e-07,7.479768267250128e-33
6,0,1.0286871782066739e-05,0.0,4.70172977884431e-07,4.245196461606933e-33
6,0,1.0211152207916502e-05,0.0,4.70172977884431e-07,2.340149174362055e-33
6,0,1.026518481336537e-05,0.0,4.70172977884431e-07,1.3362586316605899e-33
6,0,1.0274042073002861e-05,0.0,4.288484660719405e-07,8.530729644520348e-34
6,0,9.748143493349761e-06,0.0,4.288484660719405e-07,6.067496844406591e-34
6,0,9.476087139759804e-06,0.0,7.287890753104875e-07,5.095875458345121e-34
6,0,9.411232397792237e-06,0.0,7.287890753104875e-07,4.585755909481366e-34
6,0,9.456568502068965e-06,0.0,7.287890753104875e-07,4.166817988042957e-34
6,0,9.52793250418707e-06,0.0,4.545830734059564e-07,3.8407620282412593e-34
6,0,8.92405331349501e-06,0.0,4.075058370744955e-07,3.3409108357916693e-34
6,0,8.28268171781498e-06,0.0,4.075058370744955e-07,3.0648335897090737e-34
6,0,7.955751524985591e-06,0.0,5.188214800000424e-07,3.0747637619086373e-34
6,0,7.6065075479671646e-06,0.0,5.188214800000424e-07,3.0373887812709985e-34
6,0,7.3817954993607235e-06,0.0,5.188214800000424e-07,3.0189987231653607e-34
6,0,7.342474342537019e-06,0.0,5.188214800000424e-07,3.11457054648454e-34
6,0,7.46378823919705e-06,0.0,5.188214800000424e-07,3.29559552856747e-34
6,0,7.4756619474507736e-06,0.0,5.188214800000424e-07,3.4635442839412044e-34
6,0,7.605237848808954e-06,0.0,5.188214800000424e-07,3.4036608823727227e-34
6,0,6.835804141716507e-06,0.0,5.188214800000424e-07,4.063467698199196e-34
6,0,6.4426009639003615e-06,0.0,5.188214800000424e-07,4.831270761620063e-34
6,0,7.2357939027264345e-06,0.0,5.188214800000424e-07,5.290025799127692e-34
6,0,7.640117227330353e-06,0.0,5.188214800000424e-07,5.921339274738706e-34
6,0,7.705239646035514e-06,0.0,4.075058370744955e-07,6.640698195581271e-34
6,0,7.751021349387043e-06,0.0,4.075058370744955e-07,7.547320713349519e-34
6,0,8.031727406164262e-06,0.0,4.075058370744955e-07,8.5765408634238e-34
6,0,8.549033327718024e-06,0.0,4.545830734059564e-07,9.485040039556037e-34
6,0,9.194552109862376e-06,0.0,4.545830734059564e-07,1.001399688539172e-33
6,0,9.884259687308145e-06,0.0,4.545830734059564e-07,9.980361216568893e-34
6,0,1.0221314619700224e-05,0.0,4.545830734059564e-07,9.566801181785496e-34
6,0,1.0527897291970124e-05,0.0,4.545830734059564e-07,8.928948559670553e-34
6,0,1.1209802007101661e-05,0.0,5.10028769440396e-07,8.0267290947656e-34
6,0,1.1984034248971115e-05,0.0,4.899765713162196e-07,6.733036950258208e-34
6,0,1.2123717371798268e-05,0.0,4.899765713162196e-07,5.472249923201705e-34
6,0,1.105013273676657e-05,0.0,5.067899451205449e-07,4.437517806648021e-34
6,0,1.0443833721206638e-05,0.0,5.195979042582621e-07,3.440473370596394e-34
6,0,9.726484589986975e-06,0.0,5.195979042582621e-07,2.536014267528888e-34
6,0,8.883255245107564e-06,0.0,5.563276204156864e-07,1.763157611548817e-34
6,0,8.021373736986239e-06,0.0,5.563276204156864e-07,1.217210624952055e-34
6,0,7.228867582189045e-06,0.0,5.563276204156864e-07,8.93749764080227e-35
6,0,6.565711362646054e-06,0.0,5.563276204156864e-07,7.342480950402898e-35
6,0,6.084805033362123e-06,0.0,5.563276204156864e-07,6.973766599075222e-35
6,0,5.272454653565316e-06,0.0,5.563276204156864e-07,8.832968183187841e-35
6,0,6.181726643141403e-06,0.0,5.563276204156864e-07,1.147255968903037e-34
6,0,5.420487466802627e-06,0.0,5.803889848721155e-07,5.35562687868697e-35
6,0,4.644213175543437e-06,0.0,8.786464036347752e-07,3.160516591375789e-35
6,0,4.944151502891311e-06,0.0,8.786464036347752e-07,5.237394417102066e-35
6,0,4.619653887342995e-06,0.0,8.786464036347752e-07,8.560487674312273e-35
6,0,5.082662520861494e-06,0.0,9.745681381900795e-07,1.4082560076095241e-34
6,0,5.628177429887282e-06,0.0,9.745681381900795e-07,2.2337427828771484e-34
6,0,6.136643518355302e-06,0.0,1.0917372037511086e-06,3.100392982587669e-34
6,0,6.3823777253479345e-06,0.0,9.842831332207425e-07,3.442521302160717e-34
6,0,6.471344681123257e-06,0.0,8.823495249998814e-07,3.153929633016672e-34
6,0,6.45214976882963e-06,0.0,9.126270015258342e-07,2.5665736768191614e-34
6,0,6.466739849070112e-06,0.0,9.126270015258342e-07,2.030419683149577e-34
6,0,6.470774525286299e-06,0.0,9.126270015258342e-07,1.6093341886335134e-34
6,0,6.462984989675429e-06,0.0,9.356915597891202e-07,1.3259351280309816e-34
6,0,6.710025608202601e-06,0.0,1.0018344482887187e-06,1.1973343241354704e-34
6,0,7.43470792101966e-06,0.0,1.0018344482887187e-06,1.2132240460638366e-34
6,0,8.126666850418394e-06,0.0,1.0018344482887187e-06,1.1454629956349224e-34
6,0,8.669114952862643e-06,0.0,1.0018344482887187e-06,9.714449471144766e-35
6,0,9.682602547253611e-06,0.0,1.0018344482887187e-06,8.27043846104983e-35
6,0,1.0486426622893004e-05,0.0,1.1175714007549686e-06,6.329227778868126e-35
6,0,1.0838951269628661e-05,0.0,1.1175714007549686e-06,4.3783448100395066e-35
6,0,1.032183712628114e-05,0.0,1.1175714007549686e-06,2.867754213173729e-35
6,0,8.840803546929042e-06,0.0,1.1175714007549686e-06,1.8182860007149782e-35
6,0,8.336420763850322e-06,0.0,1.1175714007549686e-06,1.0263433888078361e-35
6,0,8.337714632666762e-06,0.0,1.1175714007549686e-06,6.174665051510158e-36
6,0,9.10091301684256e-06,0.0,6.961267331462295e-07,3.7190986786156705e-36
6,0,9.9680496577356e-06,0.0,6.232130544958636e-07,2.063037427243973e-36
6,0,8.389578822216481e-06,0.0,5.58672297756857e-07,1.1376583954545003e-36
6,0,7.1189745217106955e-06,0.0,5.58672297756857e-07,7.161940490245303e-37
6,0,6.190015672997599e-06,0.0,5.58672297756857e-07,5.041670087661829e-37
6,0,5.797322889114901e-06,0.0,5.58672297756857e-07,4.361703124001838e-37
6,0,5.6712116961501045e-06,0.0,5.58672297756857e-07,4.498888674204957e-37
6,0,6.087764728382644e-06,0.0,5.69418432405655e-07,6.363209782305838e-37
6,0,5.843635108236738e-06,0.0,6.24034953489172e-07,8.838486707295641e-37
6,0,6.182720769070705e-06,0.0,1.0018344482887187e-06,1.508348878055265e-36
6,0,7.205350942119925e-06,0.0,1.0018344482887187e-06,2.8217313564995212e-36
6,0,8.23624468152509e-06,0.0,1.0018344482887187e-06,5.365296582460556e-36
6,0,8.818380339698612e-06,0.0,1.0211048220298835e-06,9.620148478900859e-36
6,0,8.792728480301033e-06,0.0,9.484933798376005e-07,1.5847519213092753e-35
6,0,9.823805177824448e-06,0.0,9.484933798376005e-07,2.2893056687345073e-35
6,0,1.0318875129466344e-05,0.0,9.484933798376005e-07,2.6957945425052943e-35
6,0,1.019225168248746e-05,0.0,9.484933798376005e-07,2.708865890453757e-35
6,0,9.211565633485839e-06,0.0,9.484933798376005e-07,2.2931164113461757e-35
6,0,7.824614695985305e-06,0.0,9.484933798376005e-07,1.728520103558685e-35
6,0,6.303219509538396e-06,0.0,9.484933798376005e-07,1.250384619516539e-35
6,0,5.037931458283191e-06,0.0,9.484933798376005e-07,9.235809752831528e-36
6,0,4.2772546180737385e-06,0.0,9.484933798376005e-07,6.983478920258744e-36
6,0,3.7058723642994216e-06,0.0,9.484933798376005e-07,5.550410755249365e-36
6,0,3.213472320172792e-06,0.0,9.484933798376005e-07,4.756001427566123e-36
6,0,2.841395098533465e-06,0.0,9.484933798376005e-07,4.071253009338101e-36
6,0,2.498664726990678e-06,0.0,1.050465243679355e-06,3.489453975965221e-36
6,0,2.3299600471391037e-06,0.0,1.205729404318845e-06,3.310283640425794e-36
6,0,2.244706566954295e-06,0.0,1.205729404318845e-06,3.3249134654426504e-36
6,0,2.139106594313343e-06,0.0,1.4549973457178567e-06,3.360797109369165e-36
6,0,1.9988844409440838e-06,0.0,1.4549973457178567e-06,3.352704465002649e-36
6,0,1.9247558846654713e-06,0.0,1.4549973457178567e-06,3.503966854217439e-36
6,0,1.9505914980019845e-06,0.0,1.4549973457178567e-06,3.8037814093131376e-36
6,0,1.9906699826235137e-06,0.0,1.4549973457178567e-06,3.85949900928293e-36
6,0,2.025497525865389e-06,0.0,1.623086177460209e-06,4.373418696628407e-36
6,0,2.0397869739061974e-06,0.0,1.623086177460209e-06,6.016645937412025e-36
6,0,1.8229805659963298e-06,0.0,1.573473127791658e-06,4.279545959131817e-36
6,0,1.7896594472080698e-06,0.0,1.3039081068200176e-06,2.6630347762510197e-36
6,0,1.5340339500803144e-06,0.0,1.3039081068200176e-06,1.4196027853852136e-36
6,0,1.0720639138462926e-06,0.0,1.3039081068200176e-06,7.210791772581455e-37
6,0,1.0103402428554958e-06,0.0,1.3039081068200176e-06,6.744414532385675e-37
6,0,8.526431111341093e-07,0.0,1.3039081068200176e-06,5.897232528743715e-37
6,0,7.820035461856656e-07,0.0,1.3039081068200176e-06,4.5622461982437994e-37
6,0,6.663652510774804e-07,0.0,1.163968249784375e-06,3.009370063760107e-37
6,0,5.549473388232867e-07,0.0,1.163968249784375e-06,1.8397174459758967e-37
6,0,4.669406365471805e-07,0.0,1.0434262094349833e-06,1.1491420924215807e-37
6,0,4.126604590958911e-07,0.0,1.0434262094349833e-06,7.976896552843493e-38
6,0,3.8932226544999626e-07,0.0,1.0434262094349833e-06,6.357069516642921e-38
6,0,3.8063378219277114e-07,0.0,1.0434262094349833e-06,5.639618155373872e-38
6,0,3.686754568538706e-07,0.0,1.0434262094349833e-06,5.294496280231013e-38
6,0,3.5375092792572535e-07,0.0,1.0434262094349833e-06,5.02912342173165e-38
6,0,3.491236434140921e-07,0.0,1.0434262094349833e-06,4.648908829146705e-38
6,0,3.364910120879121e-07,0.0,1.0434262094349833e-06,3.8856125873188053e-38
6,0,3.1996840651351527e-07,0.0,1.0434262094349833e-06,2.777303491368571e-38
6,0,2.7529142337691007e-07,0.0,1.0434262094349833e-06,0.0
6,0,2.1054334410204819e-07,0.0,1.0434262094349833e-06,0.0
6,0,1.5618128166253464e-07,0.0,1.0434262094349833e-06,0.0
6,0,1.1908473673383462e-07,0.0,1.0434262094349833e-06,0.0
6,0,9.65111080750451e-08,0.0,1.0434262094349833e-06,0.0
6,0,8.36576259620454e-08,0.0,1.0434262094349833e-06,0.0
6,0,7.716794763497362e-08,0.0,1.0434262094349833e-06,0.0
6,0,7.538844100330914e-08,0.0,1.0434262094349833e-06,0.0
6,0,7.715937123442351e-08,0.0,1.0434262094349833e-06,0.0
6,0,8.169100802686544e-08,0.0,1.0434262094349833e-06,0.0
6,0,8.862798774812275e-08,0.0,1.0434262094349833e-06,0.0
6,0,9.514150298393017e-08,0.0,1.0434262094349833e-06,0.0
6,0,1.0231176499876867e-07,0.0,1.0434262094349833e-06,0.0
6,0,1.0983621314381448e-07,0.0,1.0434262094349833e-06,0.0
6,0,1.1433026777081938e-07,0.0,1.0434262094349833e-06,0.0
6,0,1.1608574556898161e-07,0.0,1.0434262094349833e-06,0.0
6,0,1.125248459218716e-07,0.0,1.0434262094349833e-06,0.0
6,0,1.2288771070731567e-07,0.0,1.0434262094349833e-06,0.0
6,0,1.345915399570601e-07,0.0,1.2591402764883242e-06,0.0
6,0,1.5856333651080016e-07,0.0,1.2591402764883242e-06,0.0
6,0,1.9806953621003046e-07,0.0,1.2591402764883242e-06,0.0
6,0,2.0209104338776557e-07,0.0,1.2591402764883242e-06,0.0
6,0,1.9027711040303284e-07,0.0,1.2591402764883242e-06,0.0
6,0,1.704060235081714e-07,0.0,1.2591402764883242e-06,0.0
6,0,1.362198813586092e-07,0.0,1.2591402764883242e-06,0.0
6,0,1.2512771971185313e-07,0.0,1.2591402764883242e-06,0.0
6,0,1.180769543391979e-07,0.0,1.0434262094349833e-06,0.0
6,0,1.0459165428259718e-07,0.0,1.0434262094349833e-06,0.0
6,0,8.748262226892708e-08,0.0,1.0434262094349833e-06,0.0
6,0,7.016399514352235e-08,0.0,1.379675381940615e-06,0.0
6,0,6.740119833579364e-08,0.0,1.4974748410168104e-06,0.0
6,0,6.982502934502826e-08,0.0,1.4974748410168104e-06,0.0
6,0,8.032547501778816e-08,0.0,1.516994416306261e-06,0.0
6,0,8.670261627733565e-08,0.0,1.516994416306261e-06,0.0
6,0,9.808858655661451e-08,0.0,1.516994416306261e-06,0.0
6,0,1.094232274544788e-07,0.0,1.516994416306261e-06,0.0
6,0,1.1152055827529832e-07,0.0,1.516994416306261e-06,0.0
6,0,1.0492646825306859e-07,0.0,1.516994416306261e-06,0.0
6,0,9.463993473951257e-08,0.0,1.516994416306261e-06,0.0
6,0,8.22543083700211e-08,0.0,1.516994416306261e-06,0.0
6,0,7.114655973125663e-08,0.0,1.516994416306261e-06,0.0
6,0,6.284540998079015e-08,0.0,1.516994416306261e-06,0.0
6,0,5.7195774260042866e-08,0.0,1.516994416306261e-06,0.0
6,0,5.7282345545846226e-08,0.0,1.516994416306261e-06,0.0
6,0,6.048377758321366e-08,0.0,1.516994416306261e-06,0.0
6,0,6.48672214211975e-08,0.0,1.516994416306261e-06,0.0
6,0,6.495694379062905e-08,0.0,1.516994416306261e-06,0.0
6,0,6.369466032099764e-08,0.0,1.516994416306261e-06,0.0
6,0,6.504877008559064e-08,0.0,1.516994416306261e-06,0.0
6,0,6.675613295998576e-08,0.0,1.516994416306261e-06,0.0
6,0,6.958137961415143e-08,0.0,1.8764523019854096e-06,0.0
6,0,7.25539622299412e-08,0.0,1.8764523019854096e-06,0.0
6,0,7.751306045600892e-08,0.0,1.8764523019854096e-06,0.0
6,0,7.7680197790049e-08,0.0,1.8764523019854096e-06,0.0
6,0,8.621302196679118e-08,0.0,1.8764523019854096e-06,3.00215668373321e-38
6,0,9.301560042673488e-08,0.0,1.65059191203909e-06,5.437073914820977e-38
6,0,1.0715609055829209e-07,0.0,1.991828867176082e-06,1.1840378994034602e-37
6,0,1.1298961401960023e-07,0.0,1.991828867176082e-06,1.8872862599574984e-37
6,0,1.1678001065753376e-07,0.0,1.991828867176082e-06,2.8085108565845935e-37
6,0,1.1623943044804839e-07,0.0,1.991828867176082e-06,3.775661721185347e-37
6,0,1.1039686048399455e-07,0.0,1.991828867176082e-06,4.193328929930179e-37
6,0,9.696764973680575e-08,0.0,1.991828867176082e-06,4.0006923179355695e-37
6,0,7.952292711856662e-08,0.0,2.1816370008309605e-06,3.6242652108919397e-37
6,0,6.362701039675107e-08,0.0,1.9007036371476715e-06,2.9888911516908326e-37
6,0,5.28231049716558e-08,0.0,1.9007036371476715e-06,2.172518208189395e-37
6,0,4.788967581630194e-08,0.0,1.9007036371476715e-06,1.6131732226764494e-37
6,0,4.652103222543538e-08,0.0,1.9007036371476715e-06,1.1859274102527558e-37
6,0,3.9264639865001086e-08,0.0,1.9007036371476715e-06,8.971472622053118e-38
6,0,3.4801232364648944e-08,0.0,1.8762465288091335e-06,6.710664202820473e-38
6,0,3.748129488766691e-08,0.0,2.1535652194870636e-06,5.502297632102668e-38
6,0,3.8890320746697873e-08,0.0,2.1535652194870636e-06,4.6265466279933166e-38
6,0,3.579293446958095e-08,0.0,2.1535652194870636e-06,3.992655534931035e-38
6,0,3.795385404753111e-08,0.0,2.1535652194870636e-06,3.33308845010693e-38
6,0,4.2185692108022395e-08,0.0,2.1535652194870636e-06,3.344653366333003e-38
6,0,5.156727221481439e-08,0.0,1.9841543235088466e-06,3.092591161686569e-38
6,0,6.392633792000413e-08,0.0,1.5005840623416589e-06,2.879073072599854e-38
6,0,6.174756505584881e-08,0.0,1.5005840623416589e-06,0.0
6,0,5.525045393318316e-08,0.0,1.3700291674467735e-06,0.0
6,0,4.7456884086990895e-08,0.0,1.8115275679519982e-06,0.0
6,0,4.264463015443141e-08,0.0,1.578253659317852e-06,0.0
6,0,3.942507062158743e-08,0.0,1.578253659317852e-06,0.0
6,0,3.4446698032341565e-08,0.0,1.578253659317852e-06,0.0
6,0,3.036894548484078e-08,0.0,1.7130080323113361e-06,0.0
6,0,2.9970396583899505e-08,0.0,1.7130080323113361e-06,0.0
6,0,3.0439657808638896e-08,0.0,1.7130080323113361e-06,0.0
6,0,3.381838272954046e-08,0.0,1.7130080323113361e-06,0.0
6,0,3.5588501866533775e-08,0.0,1.7130080323113361e-06,0.0
6,0,3.807451797972723e-08,0.0,1.7130080323113361e-06,0.0
6,0,4.187148113725749e-08,0.0,1.7353372641082387e-06,0.0
6,0,4.7974107146503276e-08,0.0,1.7353372641082387e-06,3.85199319508211e-38
6,0,5.558500749664414e-08,0.0,1.7353372641082387e-06,6.359688823732437e-38
6,0,6.237194452797515e-08,0.0,1.7353372641082387e-06,1.0638777892302557e-37
6,0,6.662472319770607e-08,0.0,1.7353372641082387e-06,1.8388193818160802e-37
6,0,7.451976694561568e-08,0.0,1.9007036371476715e-06,3.824133644001237e-37
6,0,8.139213776128383e-08,0.0,1.9007036371476715e-06,7.252281417513184e-37
6,0,9.68858342201629e-08,0.0,1.9007036371476715e-06,1.2700406084127704e-36
6,0,1.0990472165881353e-07,0.0,1.9007036371476715e-06,2.1236101116083055e-36
6,0,1.0631556174881944e-07,0.0,1.9007036371476715e-06,3.481423392305093e-36
6,0,1.0320514092913565e-07,0.0,1.9007036371476715e-06,5.015219671106293e-36
6,0,1.002512470707844e-07,0.0,1.9007036371476715e-06,5.841151174113359e-36
6,0,8.795713307534268e-08,0.0,1.9007036371476715e-06,6.226180460065909e-36
6,0,7.801495913300426e-08,0.0,1.9007036371476715e-06,6.02348947553783e-36
6,0,6.940812152196567e-08,0.0,1.9007036371476715e-06,5.137443748182408e-36
6,0,5.853533345704089e-08,0.0,1.9007036371476715e-06,4.429801745212938e-36
6,0,5.219579810439858e-08,0.0,1.9007036371476715e-06,4.3003621245050974e-36
6,0,5.0768496331376317e-08,0.0,1.9007036371476715e-06,4.4373448115321335e-36
6,0,5.0862300589618025e-08,0.0,1.8789663727147854e-06,4.826623641576432e-36
6,0,5.178286441476484e-08,0.0,1.8789663727147854e-06,5.706406977305174e-36
6,0,5.2006094750861627e-08,0.0,1.8789663727147854e-06,6.42529057770864e-36
6,0,5.376035411019902e-08,0.0,1.8789663727147854e-06,8.044684713577225e-36
6,0,5.9228886406156994e-08,0.0,1.8789663727147854e-06,9.89641332768295e-36
6,0,6.880266318360631e-08,0.0,1.8789663727147854e-06,1.1720584118293139e-35
6,0,8.066941508818792e-08,0.0,1.8789663727147854e-06,1.338114064545529e-35
6,0,9.412762721284268e-08,0.0,1.8789663727147854e-06,1.513069294304267e-35
6,0,1.0981356934133988e-07,0.0,1.8789663727147854e-06,1.613913852635357e-35
6,0,1.0814577686250857e-07,0.0,1.8789663727147854e-06,1.4481935429730815e-35
6,0,1.0693032135239623e-07,0.0,1.8789663727147854e-06,1.1450912053684453e-35
6,0,1.0117667928232477e-07,0.0,2.2784997781855054e-06,7.911689695984924e-36
6,0,9.043788829740164e-08,0.0,2.2784997781855054e-06,5.2537404896998565e-36
6,0,8.911264146291663e-08,0.0,2.2784997781855054e-06,3.403994948339294e-36
6,0,8.730472420590751e-08,0.0,2.2784997781855054e-06,2.3266601872756584e-36
6,0,8.61383014682347e-08,0.0,2.2784997781855054e-06,1.6922114334765143e-36
6,0,8.876620709731716e-08,0.0,2.2784997781855054e-06,1.3393032266010528e-36
6,0,9.739394476280624e-08,0.0,2.2784997781855054e-06,1.258927078448026e-36
6,0,1.0997372580062052e-07,0.0,2.2784997781855054e-06,1.263083262430887e-36
6,0,1.2844862876995103e-07,0.0,2.2784997781855054e-06,1.4061180342110773e-36
6,0,1.5290527101529216e-07,0.0,2.2784997781855054e-06,1.681349913027594e-36
6,0,1.8369959880613595e-07,0.0,2.2784997781855054e-06,2.0609451204809203e-36
6,0,2.208529102810154e-07,0.0,2.2784997781855054e-06,2.559120939320015e-36
6,0,2.5918703722275747e-07,0.0,2.2784997781855054e-06,3.013196886551913e-36
6,0,3.0522290489633246e-07,0.0,2.369841013205587e-06,3.6317261723315136e-36
6,0,3.5769347512346816e-07,0.0,2.369841013205587e-06,4.587641493107637e-36
6,0,4.160918958461736e-07,0.0,2.369841013205587e-06,6.256226451535474e-36
6,0,4.91434040050022e-07,0.0,2.369841013205587e-06,8.881179092304494e-36
6,0,5.396188936609386e-07,0.0,2.369841013205587e-06,1.1899527017486612e-35
6,0,5.682501765033975e-07,0.0,2.369841013205587e-06,1.3516785978069524e-35
6,0,6.055986909871661e-07,0.0,2.369841013205587e-06,1.72761035817487e-35
6,0,6.123943663451392e-07,0.0,2.369841013205587e-06,2.10431382369644e-35
6,0,5.822750293805629e-07,0.0,2.369841013205587e-06,2.285152408420762e-35
6,0,5.219690955621084e-07,0.0,2.369841013205587e-06,2.1737306968196753e-35
6,0,4.546733712386681e-07,0.0,2.369841013205587e-06,1.973956493745352e-35
6,0,3.95993921789202e-07,0.0,2.369841013205587e-06,1.8454268336607706e-35
6,0,3.373545488106687e-07,0.0,2.2784997781855054e-06,1.7151993648409684e-35
6,0,2.836816884755307e-07,0.0,2.2784997781855054e-06,1.6444777102074758e-35
6,0,2.3321599546440058e-07,0.0,2.2784997781855054e-06,1.795361995465428e-35
6,0,1.885235754086359e-07,0.0,2.2784997781855054e-06,2.4114486005401885e-35
6,0,1.566345874646384e-07,0.0,2.6388208880234743e-06,3.83205217759408e-35
6,0,1.1774546529083349e-07,0.0,2.4068895072559826e-06,4.66015494436695e-35
6,0,8.820977586252307e-08,0.0,2.4068895072559826e-06,4.8049304472148426e-35
6,0,1.777866039936309e-08,0.0,2.579121428425424e-06,1.375695194348098e-36
6,0,6.020254202887175e-08,0.0,2.579121428425424e-06,5.583350210566239e-35
6,0,5.243232835728078e-08,0.0,2.579121428425424e-06,5.29795877887456e-35
6,0,4.333924792967671e-08,0.0,2.579121428425424e-06,4.086923804053204e-35
6,0,3.484684891338882e-08,0.0,2.579121428425424e-06,2.4864400317731767e-35
6,0,2.8397017513993213e-08,0.0,2.579121428425424e-06,1.349813332784206e-35
6,0,2.392006840484851e-08,0.0,2.0707259409391554e-06,8.779116852691534e-36
6,0,2.0413816582286372e-08,0.0,2.0707259409391554e-06,5.509570505657167e-36
6,0,1.9364904473736462e-08,0.0,2.0707259409391554e-06,3.3544443171759544e-36
6,0,2.177013072597466e-08,0.0,2.118657448590966e-06,2.86153522816828e-36
6,0,2.559358119017121e-08,0.0,2.118657448590966e-06,2.4979706957806262e-36
6,0,3.2309456308237514e-08,0.0,2.118657448590966e-06,2.5288625782655842e-36
6,0,4.233062514476534e-08,0.0,2.118657448590966e-06,2.635606455154364e-36
6,0,5.821713208962225e-08,0.0,2.118657448590966e-06,3.1638802816620196e-36
6,0,7.739820279936218e-08,0.0,1.955650304807932e-06,3.2250516904134135e-36
6,0,9.808691792439932e-08,0.0,1.955650304807932e-06,3.119275852924565e-36
6,0,1.1248254241154953e-07,0.0,1.8293625316800899e-06,3.5770040547907774e-36
6,0,1.466095915907513e-07,0.0,1.8293625316800899e-06,4.33825897469895e-36
6,0,2.0457442025294074e-07,0.0,1.8293625316800899e-06,5.859451190384873e-36
6,0,3.0357908483842067e-07,0.0,1.9026986137760105e-06,8.860333869606257e-36
6,0,4.3919519906749266e-07,0.0,1.9026986137760105e-06,1.2340647343844504e-35
6,0,4.922754036831639e-07,0.0,1.9026986137760105e-06,1.471313559609744e-35
6,0,5.113066836105363e-07,0.0,1.9026986137760105e-06,1.5948555478022072e-35
6,0,4.900338998997218e-07,0.0,1.9026986137760105e-06,1.6210094361502267e-35
6,0,4.419458526023496e-07,0.0,1.9026986137760105e-06,1.5654288719598574e-35
6,0,3.2705491801679217e-07,0.0,1.9026986137760105e-06,1.3899329607174892e-35
6,0,2.3998444563877776e-07,0.0,1.9026986137760105e-06,1.2299946999890984e-35
6,0,1.99615595260859e-07,0.0,1.9026986137760105e-06,1.1301110422830426e-35
6,0,1.527765288171618e-07,0.0,1.9026986137760105e-06,1.0186515920327534e-35
6,0,1.1828116565484726e-07,0.0,1.9026986137760105e-06,9.231442544510327e-36
6,0,9.710615310997218e-08,0.0,1.9026986137760105e-06,9.267149333360256e-36
6,0,8.235503494612045e-08,0.0,1.9026986137760105e-06,9.26092891342518e-36
6,0,7.042898686013286e-08,0.0,2.0340487481007585e-06,8.163394289263262e-36
6,0,6.125962042207601e-08,0.0,1.955650304807932e-06,7.099299982604687e-36
6,0,4.781860565962136e-08,0.0,2.118657448590966e-06,6.644188374914163e-36
6,0,4.23103959640664e-08,0.0,2.0707259409391554e-06,5.431192138277983e-36
6,0,2.599549650749331e-08,0.0,2.0707259409391554e-06,3.402125593767109e-36
6,0,2.1142073325167728e-08,0.0,2.0707259409391554e-06,2.369130696290864e-36
6,0,1.3791863748210612e-08,0.0,2.0707259409391554e-06,1.419624488695829e-36
6,0,9.516170391500093e-09,0.0,2.0707259409391554e-06,8.460553148350923e-37
6,0,7.200568058002452e-09,0.0,2.0707259409391554e-06,4.467761911676603e-37
6,0,6.341536254434122e-09,0.0,2.0707259409391554e-06,2.688090441208656e-37
6,0,6.210443772415071e-09,0.0,2.0707259409391554e-06,1.9484434090957193e-37
6,0,6.5042333889104385e-09,0.0,2.0707259409391554e-06,1.5741219491765225e-37
6,0,7.812474126810771e-09,0.0,2.0707259409391554e-06,1.8131169895911887e-37
6,0,1.0444468132156075e-08,0.0,2.0707259409391554e-06,2.4348879159238933e-37
6,0,1.5051170114390607e-08,0.0,2.0707259409391554e-06,3.942425206750172e-37
6,0,2.3027564153592424e-08,0.0,2.0707259409391554e-06,7.677019690412876e-37
6,0,3.4515004350207866e-08,0.0,2.0707259409391554e-06,1.457687252627858e-36
6,0,4.9626244498724855e-08,0.0,2.0707259409391554e-06,2.5755939314433546e-36
6,0,6.916931968273428e-08,0.0,2.0707259409391554e-06,4.439579714426916e-36
6,0,9.548278974931434e-08,0.0,2.0707259409391554e-06,7.709393317104399e-36
6,0,1.3060471071467662e-07,0.0,2.0707259409391554e-06,1.3978557811625944e-35
6,0,1.7329383680686263e-07,0.0,2.0707259409391554e-06,2.4566661029609795e-35
6,0,2.1609639791394383e-07,0.0,2.153737796106725e-06,3.9068874884835996e-35
6,0,2.4213477083209717e-07,0.0,2.153737796106725e-06,5.35080781102608e-35
6,0,2.4337398690708054e-07,0.0,2.153737796106725e-06,6.31620378359737e-35
6,0,2.259869470571529e-07,0.0,2.153737796106725e-06,6.377555060777567e-35
6,0,1.975096789499782e-07,0.0,2.153737796106725e-06,5.647053624391783e-35
6,0,1.6173651038337893e-07,0.0,2.153737796106725e-06,4.3562204910713445e-35
6,0,1.2684482372344413e-07,0.0,2.153737796106725e-06,2.934081826301987e-35
6,0,1.0113678761586661e-07,0.0,2.153737796106725e-06,1.832169518832588e-35
6,0,8.31374225692756e-08,0.0,2.153737796106725e-06,1.4642139582919176e-35
6,0,7.019996037579177e-08,0.0,2.153737796106725e-06,1.2109530403396271e-35
6,0,5.610580449864176e-08,0.0,2.153737796106725e-06,9.774477312729549e-36
6,0,5.033620050445354e-08,0.0,2.153737796106725e-06,8.507906543522201e-36
6,0,5.019645668389185e-08,0.0,2.153737796106725e-06,8.900307421703464e-36
6,0,5.9145966633580044e-08,0.0,2.0707259409391554e-06,9.705665979909106e-36
6,0,7.171004209028893e-08,0.0,2.0707259409391554e-06,1.212108445675665e-35
6,0,5.921769860845742e-08,0.0,2.0707259409391554e-06,8.83764978459042e-36
6,0,5.4150292754228794e-08,0.0,2.0707259409391554e-06,1.2182924183982036e-35
6,0,5.055356891560758e-08,0.0,2.0707259409391554e-06,1.0921535663124291e-35
6,0,4.0986291409891986e-08,0.0,2.0707259409391554e-06,8.038365283497853e-36
6,0,3.2285811501155704e-08,0.0,2.0707259409391554e-06,5.4730379148066297e-36
6,0,2.619219412172345e-08,0.0,2.0707259409391554e-06,3.528028830408053e-36
6,0,2.820307796638198e-08,0.0,2.0707259409391554e-06,2.1848114745156728e-36
6,0,2.7483761291343034e-08,0.0,2.118657448590966e-06,1.3039137365649979e-36
6,0,2.6040974130208704e-08,0.0,2.118657448590966e-06,8.152714108046013e-37
6,0,2.4181154954157213e-08,0.0,2.118657448590966e-06,6.123922711291206e-37
6,0,2.728983368835656e-08,0.0,2.0707259409391554e-06,5.514551594809619e-37
6,0,3.359369880865642e-08,0.0,2.0707259409391554e-06,6.393477829135254e-37
6,0,4.5095718224131904e-08,0.0,2.0707259409391554e-06,7.926638254745282e-37
6,0,6.33715321613311e-08,0.0,2.0707259409391554e-06,1.0508623721481788e-36
6,0,9.159766630159908e-08,0.0,2.0707259409391554e-06,1.582956609105868e-36
6,0,1.2867955954698571e-07,0.0,2.0707259409391554e-06,2.429127615142175e-36
6,0,1.8064210345552367e-07,0.0,2.0707259409391554e-06,4.1352081815667837e-36
6,0,2.560453268684836e-07,0.0,2.0707259409391554e-06,7.722108945998212e-36
6,0,3.654671865230905e-07,0.0,2.0707259409391554e-06,1.5673050424477726e-35
6,0,5.020346033897977e-07,0.0,2.0707259409391554e-06,3.082360853328307e-35
6,0,6.549786509819604e-07,0.0,2.153737796106725e-06,5.846615601374203e-35
6,0,7.824140402837123e-07,0.0,2.153737796106725e-06,9.710003485187018e-35
6,0,8.215363473069131e-07,0.0,2.153737796106725e-06,1.2932253905981687e-34
6,0,7.805934990209854e-07,0.0,2.153737796106725e-06,1.4714547853836795e-34
6,0,6.610636613399474e-07,0.0,2.153737796106725e-06,1.2743224312464886e-34
6,0,5.261566145006026e-07,0.0,2.153737796106725e-06,9.833086008912765e-35
6,0,4.144152050816088e-07,0.0,2.153737796106725e-06,7.706779736280928e-35
6,0,3.2893890484434306e-07,0.0,2.0707259409391554e-06,6.042893885397125e-35
6,0,2.7226551903020635e-07,0.0,2.0707259409391554e-06,5.113651251775832e-35
6,0,2.3444240693711034e-07,0.0,2.0707259409391554e-06,4.5051446624581745e-35
6,0,2.0443882844653738e-07,0.0,2.0707259409391554e-06,3.972895399290858e-35
6,0,1.7298402563275788e-07,0.0,2.0707259409391554e-06,3.3824451034474887e-35
6,0,1.4159409294972318e-07,0.0,2.0707259409391554e-06,2.752385010167476e-35
6,0,1.3747778970860186e-07,0.0,2.0707259409391554e-06,2.070046269262862e-35
6,0,1.3615027426780424e-07,0.0,2.0707259409391554e-06,1.508620008008375e-35
6,0,1.1715880631937911e-07,0.0,2.0707259409391554e-06,1.0284832993612801e-35
6,0,8.75812523692528e-08,0.0,2.0707259409391554e-06,6.484435507093641e-36
6,0,7.960232274400358e-08,0.0,2.0707259409391554e-06,4.064518167131577e-36
6,0,7.177676355108373e-08,0.0,2.0707259409391554e-06,2.4956466478827374e-36
6,0,6.50135287874443e-08,0.0,2.0707259409391554e-06,1.554626793470755e-36
6,0,6.358299594610231e-08,0.0,2.0707259409391554e-06,1.0113450379894053e-36
6,0,7.276756891982505e-08,0.0,1.955650304807932e-06,6.26914700631671e-37
6,0,8.969943992210854e-08,0.0,2.168463197449455e-06,4.01408379868392e-37
6,0,7.786785549884032e-08,0.0,2.168463197449455e-06,2.6806559362840886e-37
6,0,6.110883455655896e-08,0.0,2.168463197449455e-06,1.8460726147713026e-37
6,0,6.321716671274008e-08,0.0,2.168463197449455e-06,1.519418620245596e-37
6,0,8.502790522075189e-08,0.0,2.168463197449455e-06,1.8285925935195606e-37
6,0,1.4925326787344853e-07,0.0,2.168463197449455e-06,2.8451959535496e-37
6,0,3.1325186587245115e-07,0.0,2.168463197449455e-06,4.62078146190333e-37
6,0,7.334071779224285e-07,0.0,1.8293625316800899e-06,8.927538439976343e-37
6,0,1.1771992771726553e-06,0.0,1.8293625316800899e-06,1.9021111457205887e-36
6,0,2.2609025934577673e-06,0.0,1.8293625316800899e-06,5.571837124446726e-36
6,0,3.3960417803679394e-06,0.0,1.8293625316800899e-06,1.9995269397068426e-35
6,0,4.672435400527004e-06,0.0,1.8293625316800899e-06,7.690568475321638e-35
6,0,6.186332742327083e-06,0.0,2.0997515548515366e-06,2.643523786993644e-34
6,0,7.730155119510275e-06,0.0,2.1839268811163493e-06,7.110419309685126e-34
6,0,8.692670816692883e-06,0.0,2.1839268811163493e-06,1.4331260701595659e-33
6,0,8.562009056648942e-06,0.0,2.1839268811163493e-06,2.2253665591080742e-33
6,0,7.792726640741897e-06,0.0,2.1839268811163493e-06,2.895325605363821e-33
6,0,6.550766482301109e-06,0.0,2.1839268811163493e-06,3.141935136616721e-33
6,0,5.122668732428708e-06,0.0,2.1839268811163493e-06,2.9024250402298106e-33
6,0,3.7922122666963815e-06,0.0,2.0997515548515366e-06,2.4507341727576463e-33
6,0,2.7433454568828453e-06,0.0,2.0997515548515366e-06,1.956103231333913e-33
6,0,1.9895370325847986e-06,0.0,2.0997515548515366e-06,1.5346837311183228e-33
6,0,1.4434941935695365e-06,0.0,2.0997515548515366e-06,1.1942831586522432e-33
6,0,1.0626244556541831e-06,0.0,2.0997515548515366e-06,9.760776116770405e-34
6,0,7.823065365402707e-07,0.0,2.0997515548515366e-06,7.928313585307888e-34
6,0,5.835090273092344e-07,0.0,2.0997515548515366e-06,6.4062068172238985e-34
6,0,4.506839346731563e-07,0.0,2.0997515548515366e-06,5.297739980804963e-34
6,0,3.676303497442003e-07,0.0,2.0997515548515366e-06,4.457163255986139e-34
6,0,3.202060365719031e-07,0.0,2.0997515548515366e-06,3.839531432592742e-34
6,0,2.997013387236903e-07,0.0,2.0997515548515366e-06,3.482994582849986e-34
6,0,2.8838615352734183e-07,0.0,2.0997515548515366e-06,2.7872860573329887e-34
6,0,2.5388298421130096e-07,0.0,2.0997515548515366e-06,2.5249903345700825e-34
6,0,2.6136450836092773e-07,0.0,2.0997515548515366e-06,3.2487872057644824e-34
6,0,3.3355092917486646e-07,0.0,2.0997515548515366e-06,4.869237392441699e-34
6,0,4.1958357708363387e-07,0.0,2.0997515548515366e-06,7.63815061082458e-34
6,0,5.199539200751346e-07,0.0,2.0997515548515366e-06,1.2043756960090142e-33
6,0,6.524638968437519e-07,0.0,1.8293625316800899e-06,1.929806504351057e-33
6,0,1.0160781210140487e-06,0.0,1.8293625316800899e-06,3.366512230315365e-33
6,0,1.7325743720893539e-06,0.0,1.8293625316800899e-06,6.976912355119492e-33
6,0,2.423122013449141e-06,0.0,1.8293625316800899e-06,1.4479692393654905e-32
6,0,3.3417907148651683e-06,0.0,1.8293625316800899e-06,2.743112752054163e-32
6,0,4.951229095011295e-06,0.0,1.8293625316800899e-06,5.255274365760745e-32
6,0,6.570565465201253e-06,0.0,1.8293625316800899e-06,1.0440682049286017e-31
6,0,9.209366860902586e-06,0.0,1.8293625316800899e-06,2.125941718772869e-31
6,0,1.3351343710899387e-05,0.0,1.8293625316800899e-06,4.778107589623545e-31
6,0,1.8668354016360197e-05,0.0,1.8293625316800899e-06,1.124510527719779e-30
6,0,2.339392496192943e-05,0.0,1.8293625316800899e-06,2.5433044674956007e-30
6,0,3.0864109934832337e-05,0.0,2.0997515548515366e-06,4.994806023536615e-30
6,0,3.4953679440047494e-05,0.0,2.0997515548515366e-06,7.390297248591457e-30
6,0,3.4970921296172685e-05,0.0,2.0997515548515366e-06,7.765911516108576e-30
6,0,3.233065932782702e-05,0.0,2.0997515548515366e-06,6.195115530302501e-30
6,0,2.7117137287119662e-05,0.0,2.0997515548515366e-06,3.956405535150164e-30
6,0,2.0587488344754132e-05,0.0,2.0997515548515366e-06,2.024066983641341e-30
6,0,1.4460980752326423e-05,0.0,2.0997515548515366e-06,8.5682149985674e-31
6,0,9.52664521553479e-06,0.0,2.0997515548515366e-06,3.428726121066039e-31
6,0,6.192984036940572e-06,0.0,2.0997515548515366e-06,1.3644984434585156e-31
6,0,4.1674388298359735e-06,0.0,2.0997515548515366e-06,5.032324817459211e-32
6,0,3.0057937551365108e-06,0.0,2.0997515548515366e-06,1.77265503193161e-32
6,0,2.2645196961149347e-06,0.0,2.0997515548515366e-06,7.084836695520394e-33
6,0,1.4737164702400758e-06,0.0,2.0997515548515366e-06,3.0072418511117185e-33
6,0,8.705048823928603e-07,0.0,2.0997515548515366e-06,1.373416375432067e-33
6,0,5.067304003021634e-07,0.0,2.0997515548515366e-06,7.342960102104103e-34
6,0,5.816419189246585e-07,0.0,2.0997515548515366e-06,6.433046659331033e-34
6,0,8.827076303250547e-07,0.0,2.0997515548515366e-06,9.578925303988274e-34
6,0,1.0260090482226877e-06,0.0,2.0997515548515366e-06,1.2435929426173304e-33
6,0,1.3607463425195553e-06,0.0,2.0997515548515366e-06,1.8743466808792615e-33
6,0,1.6382242887935657e-06,0.0,2.0997515548515366e-06,3.148485946228663e-33
6,0,2.1185957638711466e-06,0.0,2.0997515548515366e-06,6.267582329634861e-33
6,0,2.9338642857640545e-06,0.0,2.0997515548515366e-06,1.4690556978409222e-32
6,0,4.1636174911451445e-06,0.0,2.0997515548515366e-06,3.958605355278293e-32
6,0,6.118764217583637e-06,0.0,2.0997515548515366e-06,1.1791912805556236e-31
6,0,9.607410955473034e-06,0.0,2.0997515548515366e-06,3.2761342589903173e-31
6,0,1.588040920704453e-05,0.0,2.0997515548515366e-06,9.715284015195843e-31
6,0,2.640042326295441e-05,0.0,2.0997515548515366e-06,3.1080491932916616e-30
6,0,4.32222555554775e-05,0.0,2.0997515548515366e-06,1.1001181923921936e-29
6,0,6.901210376777109e-05,0.0,2.0997515548515366e-06,3.700502559077848e-29
6,0,0.0001015586292892024,0.0,2.0997515548515366e-06,1.0903631917142677e-28
6,0,0.0001395262258408067,0.0,2.0997515548515366e-06,3.01242791507374e-28
6,0,0.0001859679766562948,0.0,2.0997515548515366e-06,7.977941386750576e-28
6,0,0.0002446073700852129,0.0,2.0997515548515366e-06,1.875933188216932e-27
6,0,0.00031824572347785736,0.0,2.0997515548515366e-06,3.85794081998088e-27
6,0,0.00040691382694394074,0.0,2.0997515548515366e-06,6.666000990121902e-27
6,0,0.0004231641299777716,0.0,2.0997515548515366e-06,9.546785430520952e-27
6,0,0.0004223172641761385,0.0,2.0997515548515366e-06,1.1442230215004471e-26
6,0,0.00039365452892381074,0.0,1.740025368235365e-06,1.197046811717518e-26
6,0,0.00033952580623005816,0.0,1.740025368235365e-06,1.0630723455125376e-26
6,0,0.0002667567146321895,0.0,1.740025368235365e-06,8.496724513638299e-27
6,0,0.00023409894623579035,0.0,1.740025368235365e-06,6.63196287465678e-27
6,0,0.00019039146028693288,0.0,1.740025368235365e-06,5.044638377512041e-27
6,0,0.0001450568044649948,0.0,1.740025368235365e-06,3.780940985246312e-27
6,0,0.00010814118978791182,0.0,1.740025368235365e-06,2.9183098372144745e-27
6,0,8.403150867010908e-05,0.0,1.740025368235365e-06,2.312618928993283e-27
6,0,5.717611715006474e-05,0.0,1.740025368235365e-06,1.8100369173907395e-27
6,0,3.692232782918037e-05,0.0,1.740025368235365e-06,1.4998637813242363e-27
6,0,2.5986139292182563e-05,0.0,1.740025368235365e-06,1.2882222804740536e-27
6,0,2.0956090664962196e-05,0.0,1.740025368235365e-06,1.1072346509907158e-27
6,0,1.7604045739420412e-05,0.0,1.5159590702751302e-06,1.017432485840325e-27
6,0,1.3465099274433366e-05,0.0,1.5159590702751302e-06,1.0003030723219505e-27
6,0,1.11292165145859e-05,0.0,1.5159590702751302e-06,1.0786314135321571e-27
6,0,1.131083434085843e-05,0.0,1.5159590702751302e-06,1.2467270605607612e-27
6,0,9.417239721864422e-06,0.0,1.5159590702751302e-06,1.4730885402723928e-27
6,0,8.084438159464803e-06,0.0,1.5159590702751302e-06,1.73053260335649e-27
6,0,7.417325102025153e-06,0.0,1.740025368235365e-06,1.9426196680993068e-27
6,0,7.388232220788811e-06,0.0,1.740025368235365e-06,2.483587389423432e-27
6,0,8.08118914717341e-06,0.0,1.740025368235365e-06,3.475149917582273e-27
6,0,9.081359963545955e-06,0.0,1.740025368235365e-06,5.0604429438216715e-27
6,0,1.0182972513789593e-05,0.0,1.740025368235365e-06,7.328490076112e-27
6,0,1.1162217488894327e-05,0.0,1.740025368235365e-06,1.0709279826440998e-26
6,0,1.1965392178610384e-05,0.0,1.740025368235365e-06,1.869276789143141e-26
6,0,1.4838146791764129e-05,0.0,1.740025368235365e-06,3.4850558997326296e-26
6,0,2.0636657000646294e-05,0.0,1.740025368235365e-06,5.96150136314329e-26
6,0,3.0154971196546422e-05,0.0,1.740025368235365e-06,1.12787289316361e-25
6,0,4.562858703050203e-05,0.0,1.740025368235365e-06,2.045643407799534e-25
6,0,7.147594452329168e-05,0.0,1.740025368235365e-06,3.94776170902219e-25
6,0,0.00011438734804482922,0.0,1.740025368235365e-06,9.462567996134237e-25
6,0,0.00017600774501270238,0.0,1.740025368235365e-06,2.2737915711798298e-24
6,0,0.0002529879095320146,0.0,1.740025368235365e-06,5.631939509762884e-24
6,0,0.0003589388032818703,0.0,1.740025368235365e-06,1.3926693993456493e-23
6,0,0.0005522100813767194,0.0,1.740025368235365e-06,3.041417248022333e-23
6,0,0.0005687217447962042,0.0,1.740025368235365e-06,5.768294196116426e-23
6,0,0.000485292644536762,0.0,1.824012656470586e-06,1.3595064757510631e-22
6,0,0.0006548794620500026,0.0,2.2259880552155664e-06,5.6533851825650785e-22
6,0,0.001074139328933698,0.0,2.3613763460161863e-06,1.9128216430958482e-21
6,0,0.0020760917177539526,0.0,2.0802106064365944e-06,6.183526872932287e-21
6,0,0.0043936279118986,0.0,3.268699856562307e-06,1.8278552500056638e-20
6,0,0.005665402689242623,0.0,2.847783662218717e-06,1.7226087955205086e-20
6,0,0.007274182299764511,0.0,2.847783662218717e-06,1.3252313908087475e-20
6,0,0.007385875612534583,0.0,2.847783662218717e-06,8.871256806864067e-21
6,0,0.0072010898132944005,0.0,2.847783662218717e-06,5.5497962598947796e-21
6,0,0.006321728890308142,0.0,2.434524958516704e-06,2.9368457959391377e-21
6,0,0.005485614620626908,0.0,2.278988858961384e-06,1.403973896024324e-21
6,0,0.0046955396314479975,0.0,2.0243921881046845e-06,5.633364523879293e-22
6,0,0.0038029015037127673,0.0,1.6588214748480823e-06,2.2044249728567836e-22
6,0,0.0029059178031695114,0.0,1.5824406318643014e-06,8.662703743462841e-23
6,0,0.0020818694770694717,0.0,1.5824406318643014e-06,3.1976442083253884e-23
6,0,0.0034843381834206892,0.0,1.5824406318643014e-06,6.892876632115224e-23
6,0,0.0025433413964543426,0.0,1.5824406318643014e-06,3.2704163112876646e-23
6,0,0.0018522306447303646,0.0,1.5824406318643014e-06,1.6262526911034013e-23
6,0,0.0014031540357014012,0.0,1.5824406318643014e-06,9.258617475420207e-24
6,0,0.0011024407200255675,0.0,1.311339246967691e-06,6.1205997919324924e-24
6,0,0.0008912531929077102,0.0,1.311339246967691e-06,4.720296348948748e-24
6,0,0.0007532915074032724,0.0,1.311339246967691e-06,4.249022955560663e-24
6,0,0.0006781506028288002,0.0,1.311339246967691e-06,4.573218755196627e-24
6,0,0.0006638018375445768,0.0,1.311339246967691e-06,6.01594753209361e-24
6,0,0.0007110233000930006,0.0,1.311339246967691e-06,9.992983080447647e-24
6,0,0.0008137425718621909,0.0,1.311339246967691e-06,1.9713498337397387e-23
6,0,0.0009379031231780759,0.0,1.311339246967691e-06,4.37631725887338e-23
6,0,0.00105689373298825,0.0,1.5824406318643014e-06,1.0509940197717985e-22
6,0,0.0012491736852208628,0.0,1.5824406318643014e-06,2.5921121162317154e-22
6,0,0.001574020997072432,0.0,1.5824406318643014e-06,7.098889361453246e-22
6,0,0.0020534875025043993,0.0,1.5824406318643014e-06,1.9871237070739208e-21
6,0,0.0027185417551218133,0.0,1.6588214748480823e-06,5.5723462212128695e-21
6,0,0.003749246440141593,0.0,1.937200977408793e-06,1.5032657002307344e-20
6,0,0.005266620009868326,0.0,2.098212235068786e-06,3.9034611101111895e-20
6,0,0.006440182567219713,0.0,2.434524958516704e-06,8.705517600207143e-20
6,0,0.008393568694073554,0.0,2.017446149693569e-06,1.7036516253383832e-19
6,0,0.010518059504630162,0.0,2.4464250145683764e-06,2.9989345220169935e-19
6,0,0.012054082253979024,0.0,2.4464250145683764e-06,4.497162304576368e-19
6,0,0.01504085030408058,0.0,2.4464250145683764e-06,5.435902698392891e-19
6,0,0.017563418386467904,0.0,2.4464250145683764e-06,5.113789779070734e-19
6,0,0.0196112952206002,0.0,2.4464250145683764e-06,3.588159053781126e-19
6,0,0.011631040222042742,0.0,1.6669298474880634e-06,2.455504066056989e-20
6,0,0.009501196141315092,0.0,1.3746347349297139e-06,1.6299939706004063e-20
6,0,0.008011085650537647,0.0,1.3746347349297139e-06,9.836119370554558e-21
6,0,0.006303181874448808,0.0,1.6053227227530442e-06,6.327919973023941e-21
6,0,0.00518882103327,0.0,1.6053227227530442e-06,4.168832767521705e-21
6,0,0.004762223521961522,0.0,1.937200977408793e-06,2.6386344623650918e-21
6,0,0.004641450819549295,0.0,1.937200977408793e-06,1.5974666076246965e-21
6,0,0.004736052794999019,0.0,1.937200977408793e-06,8.869019016735234e-22
6,0,0.004121884543409574,0.0,1.6588214748480823e-06,4.763278965759871e-22
6,0,0.0033982587177324598,0.0,1.6588214748480823e-06,2.5001140215051375e-22
6,0,0.0026751857024577917,0.0,1.6588214748480823e-06,1.3207888038695814e-22
6,0,0.0019671542722305875,0.0,1.9709545995283406e-06,7.056471237728682e-23
6,0,0.0014318464318261912,0.0,1.9709545995283406e-06,4.326552757528418e-23
6,0,0.0007028542962415754,0.0,1.9006092770723626e-06,5.216408211229074e-24
6,0,0.0005005582714054242,0.0,1.9006092770723626e-06,4.128597027491434e-24
6,0,0.00037959903474990325,0.0,1.575000055709097e-06,3.882365534409821e-24
6,0,0.000304106428786456,0.0,1.575000055709097e-06,4.066558244891685e-24
6,0,0.00023962562651329926,0.0,1.575000055709097e-06,4.6579767318667405e-24
6,0,0.00017981955748413227,0.0,1.575000055709097e-06,5.8951117907841184e-24
6,0,0.00013613143942713213,0.0,1.9006092770723626e-06,7.374577031176339e-24
6,0,0.00010073602209864227,0.0,1.9006092770723626e-06,8.867319589464334e-24
6,0,7.664148706282029e-05,0.0,1.5996164393072831e-06,1.1719536911295003e-23
6,0,6.233928783177205e-05,0.0,1.5996164393072831e-06,1.6280774841493585e-23
6,0,5.467887528878425e-05,0.0,1.868060280685313e-06,2.537276280562577e-23
6,0,5.260234423225927e-05,0.0,2.098212235068786e-06,4.5039170880146893e-23
6,0,5.3482357972052114e-05,0.0,2.434524958516704e-06,7.84633936055348e-23
6,0,5.5416655704722546e-05,0.0,2.847783662218717e-06,1.3805363715245518e-22
6,0,5.0719774111337443e-05,0.0,2.847783662218717e-06,2.3653995505229487e-22
6,0,4.7453601134540455e-05,0.0,3.5469586237013573e-06,4.1267116341507377e-22
6,0,5.250510677583942e-05,0.0,2.5127608296315884e-06,7.106692647309948e-22
6,0,5.6088921096070485e-05,0.0,2.5127608296315884e-06,1.271301072795494e-21
6,0,6.018004573758484e-05,0.0,2.5127608296315884e-06,2.390655569803211e-21
6,0,7.505466132541768e-05,0.0,2.5127608296315884e-06,3.9575701120614514e-21
6,0,8.598429135361899e-05,0.0,2.5127608296315884e-06,5.6407202920999065e-21
6,0,0.00011224415420436398,0.0,2.5127608296315884e-06,6.919359361657541e-21
6,0,0.00013606518025794422,0.0,2.5127608296315884e-06,7.319404585403499e-21
6,0,0.0001598229834447382,0.0,2.5127608296315884e-06,6.644644117616871e-21
6,0,0.0001793843803306397,0.0,2.5127608296315884e-06,5.358934834864539e-21
6,0,0.011071248740329756,0.0,2.5127608296315884e-06,8.279561590007815e-20
6,0,0.010493345521393634,0.0,2.5127608296315884e-06,4.5087198271913235e-20
6,0,0.009907185392430498,0.0,2.5127608296315884e-06,2.379039296362131e-20
6,0,0.008894905204876501,0.0,2.5127608296315884e-06,1.2605663848637012e-20
6,0,0.0072959954577019835,0.0,2.5127608296315884e-06,6.99323531452905e-21
6,0,0.004975337938009457,0.0,2.5127608296315884e-06,4.28827231653682e-21
6,0,0.004003062542327189,0.0,2.724206524362671e-06,3.07630913384011e-21
6,0,0.0027836900647145854,0.0,2.797466095216805e-06,6.433013007315894e-22
6,0,0.0018486076376549563,0.0,2.676978510862682e-06,1.391916163398908e-22
6,0,0.0013289368111105337,0.0,2.2404319679480977e-06,8.390833876531092e-23
6,0,0.0008822873744022011,0.0,2.2404319679480977e-06,6.074292079074209e-23
6,0,0.0005793006598026381,0.0,2.160468739020871e-06,3.668285881900572e-23
6,0,0.00041889895027531185,0.0,2.160468739020871e-06,2.249300240528931e-23
6,0,0.0003148098754940407,0.0,2.160468739020871e-06,1.4988828938020546e-23
6,0,0.00022358527816943342,0.0,2.160468739020871e-06,1.1522798945837409e-23
6,0,0.00016457941369709523,0.0,2.160468739020871e-06,9.698360887287514e-24
6,0,0.00012589748343334525,0.0,2.523033344914438e-06,8.711015478564748e-24
6,0,9.575689284634022e-05,0.0,2.6365921712567797e-06,8.985613226506751e-24
6,0,6.909087519641751e-05,0.0,2.3177847197075607e-06,1.038028144161405e-23
6,0,5.1774554603313486e-05,0.0,2.8419287900760537e-06,1.2753847154010101e-23
6,0,4.1309294345481454e-05,0.0,2.8419287900760537e-06,1.782006019318962e-23
6,0,3.408524430120296e-05,0.0,2.8419287900760537e-06,2.952681755782004e-23
6,0,2.849415862505972e-05,0.0,2.8419287900760537e-06,5.317652039754768e-23
6,0,2.5082836799532815e-05,0.0,2.8419287900760537e-06,9.77066456464427e-23
6,0,2.390083146874839e-05,0.0,2.8419287900760537e-06,1.8300996186033576e-22
6,0,2.3124496547645616e-05,0.0,2.8419287900760537e-06,3.460989518097574e-22
6,0,2.4392703931845068e-05,0.02,3.04553532259888e-06,6.997714731806158e-22
6,0,2.2446476030715905e-05,0.02,3.04553532259888e-06,1.479354970259445e-21
6,0,2.303892378707561e-05,0.02,3.324470526422374e-06,3.5346966421135905e-21
6,0,2.885477840479376e-05,0.02,3.324470526422374e-06,9.832593351634838e-21
6,0,3.982646353860467e-05,0.02,3.324470526422374e-06,2.220055990423006e-20
6,0,4.420570212912473e-05,0.02,3.324470526422374e-06,4.444664382271895e-20
6,0,4.455742143279075e-05,0.02,3.324470526422374e-06,7.71533910924598e-20
6,0,4.443849823176245e-05,0.02,3.324470526422374e-06,1.0093801317883885e-19
6,0,4.5386367619883545e-05,0.02,3.324470526422374e-06,1.0262146789705205e-19
6,0,5.111910843002744e-05,0.02,3.324470526422374e-06,8.45082028854897e-20
6,0,5.651661799756951e-05,0.02,3.324470526422374e-06,6.749723358833668e-20
6,0,5.998220219975528e-05,0.02,3.324470526422374e-06,4.9820623004974296e-20
6,0,6.278357075807147e-05,0.02,3.324470526422374e-06,3.179816691503378e-20
6,0,6.538674205232691e-05,0.02,3.04553532259888e-06,1.9018724051926744e-20
6,0,6.392343533592548e-05,0.02,3.04553532259888e-06,1.076518052335799e-20
6,0,6.421610466877637e-05,0.02,2.947946541098645e-06,5.1761969858402936e-21
6,0,6.631211093951307e-05,0.0,2.8419287900760537e-06,2.3863457891751605e-21
6,0,5.96386866420897e-05,0.0,2.8419287900760537e-06,1.0456159700167851e-21
6,0,5.1254117436118746e-05,0.0,2.8419287900760537e-06,4.294113976690388e-22
6,0,4.367982661199225e-05,0.0,2.8419287900760537e-06,1.457497389002424e-22
6,0,3.4865562112085976e-05,0.0,2.8419287900760537e-06,8.406468468583849e-23
6,0,3.578060202682102e-05,0.0,2.8419287900760537e-06,3.8296353893777707e-23
6,0,2.533049615342578e-05,0.0,2.8419287900760537e-06,6.743378655333704e-24
6,0,1.8615005415115558e-05,0.0,3.1366478197014658e-06,1.24941890511064e-24
6,0,1.2760252315934312e-05,0.0,2.8959500468772603e-06,2.6849297526362707e-25
6,0,7.701198385242837e-06,0.0,2.479796876286855e-06,9.82394493029695e-26
6,0,6.308237074986695e-06,0.0,2.479796876286855e-06,7.171877150819924e-26
6,0,5.540310327224746e-06,0.0,2.479796876286855e-06,6.586131904956185e-26
6,0,4.874983563558877e-06,0.0,2.479796876286855e-06,6.375636698349602e-26
6,0,5.577599051559783e-06,0.0,2.479796876286855e-06,6.348116546113869e-26
6,0,6.71901248925773e-06,0.0,2.479796876286855e-06,6.798802642027948e-26
6,0,8.332444470761476e-06,0.0,2.479796876286855e-06,7.594281966984248e-26
6,0,1.06288623388479e-05,0.0,2.479796876286855e-06,9.497714584430712e-26
6,0,1.1572853644961393e-05,0.0,2.8959500468772603e-06,1.1803784889389891e-25
6,0,1.2665902285158613e-05,0.0,2.8959500468772603e-06,1.4979842431803495e-25
6,0,1.3986372152241662e-05,0.0,3.0262931431934703e-06,1.8439652009229932e-25
6,0,1.5551400051433197e-05,0.0,3.0262931431934703e-06,2.228696978482356e-25
6,0,1.7292003493213243e-05,0.0,3.1366478197014658e-06,2.7549098500574595e-25
6,0,1.9152351353125026e-05,0.0,2.660364771145396e-06,3.56231712167925e-25
6,0,2.1229543900341662e-05,0.0,2.8419287900760537e-06,4.767798397217536e-25
6,0,2.2653895495403387e-05,0.0,2.8419287900760537e-06,6.368761529041568e-25
6,0,2.4009435514408964e-05,0.0,2.8419287900760537e-06,8.241097742642286e-25
6,0,2.5306171994241174e-05,0.0,2.8419287900760537e-06,9.647028327678198e-25
6,0,2.4686147476486427e-05,0.0,2.8419287900760537e-06,9.177349419394791e-25
6,0,2.3894387353157184e-05,0.0,2.8419287900760537e-06,7.190865032808593e-25
6,0,2.1813834099707996e-05,0.0,2.8419287900760537e-06,4.234958354481478e-25
6,0,1.959207751056046e-05,0.0,2.660364771145396e-06,2.05994237452328e-25
6,0,1.5764685479576537e-05,0.0,3.0262931431934703e-06,1.0592718232123607e-25
6,0,1.214176560619682e-05,0.0,2.479796876286855e-06,5.272579890150048e-26
6,0,9.086682189759908e-06,0.0,2.479796876286855e-06,2.533877464724266e-26
6,0,6.727160634002521e-06,0.0,2.365613909205422e-06,1.209181402962322e-26
6,0,4.985946120566015e-06,0.0,2.365613909205422e-06,5.91142934163076e-27
6,0,3.743092943485282e-06,0.0,2.365613909205422e-06,3.024853822481932e-27
6,0,3.0037340708342684e-06,0.0,2.365613909205422e-06,1.822334365271641e-27
6,0,2.431217156512747e-06,0.0,2.365613909205422e-06,1.191679167925313e-27
6,0,2.026770806304175e-06,0.0,2.365613909205422e-06,8.627790594515661e-28
6,0,1.7704691687357985e-06,0.0,2.365613909205422e-06,6.148459125083336e-28
6,0,1.727224714300618e-06,0.0,2.365613909205422e-06,4.109795352883879e-28
6,0,1.7424604797134617e-06,0.0,2.365613909205422e-06,2.7911142495980986e-28
6,0,1.3203588112040645e-06,0.0,2.365613909205422e-06,2.1816467372007094e-28
6,0,1.0095923714390165e-06,0.0,2.3929808321554447e-06,1.7397652226203908e-28
6,0,1.2905654109738447e-06,0.0,2.3929808321554447e-06,3.2569745549510105e-28
6,0,1.9709870041386493e-06,0.0,2.3929808321554447e-06,6.2868501916146834e-28
6,0,2.2574583062126457e-06,0.0,2.479796876286855e-06,8.194782802154107e-28
6,0,2.7620677186185862e-06,0.0,2.479796876286855e-06,1.0787465841428315e-27
6,0,2.895510983069282e-06,0.0,2.479796876286855e-06,1.399958572871579e-27
6,0,3.0676939665681306e-06,0.0,2.479796876286855e-06,1.802828931980876e-27
6,0,3.2560247753895462e-06,0.0,2.479796876286855e-06,2.298494158781147e-27
6,0,3.45691986098649e-06,0.0,2.479796876286855e-06,2.824554797149726e-27
6,0,3.6909948611486913e-06,0.0,2.365613909205422e-06,3.295946758488907e-27
6,0,3.962203735708983e-06,0.0,2.365613909205422e-06,3.761519907687111e-27
6,0,4.217545603532364e-06,0.0,2.365613909205422e-06,4.235649193256249e-27
6,0,4.613565698744498e-06,0.0,2.365613909205422e-06,4.988396986090056e-27
6,0,5.128231678568485e-06,0.0,2.365613909205422e-06,5.9762988992036e-27
6,0,5.558720978240607e-06,0.0,2.365613909205422e-06,7.805066063082489e-27
6,0,6.0690851713060725e-06,0.0,2.365613909205422e-06,1.0761739847010173e-26
6,0,6.842709511204127e-06,0.0,2.365613909205422e-06,1.42275963822388e-26
6,0,7.674398488912355e-06,0.0,2.365613909205422e-06,1.974304528283981e-26
6,0,8.529842744838028e-06,0.0,2.365613909205422e-06,2.934934503013024e-26
6,0,9.2630870759295e-06,0.0,2.365613909205422e-06,4.3676547427604837e-26
6,0,9.539386611175892e-06,0.0,2.365613909205422e-06,5.671170967738012e-26
6,0,9.394232239173744e-06,0.0,2.365613909205422e-06,6.044765015391786e-26
6,0,9.098021927871958e-06,0.0,2.365613909205422e-06,6.465893479263366e-26
6,0,7.597006668308087e-06,0.0,2.4531700546504e-06,6.822965205035835e-26
6,0,6.921838064912743e-06,0.0,2.4531700546504e-06,6.505677337087375e-26
6,0,7.019137468159014e-06,0.0,2.4531700546504e-06,5.062260328354393e-26
6,0,6.765745385926527e-06,0.0,2.4531700546504e-06,3.728933789325661e-26
6,0,5.2309428386009105e-06,0.0,2.4531700546504e-06,2.322114071767903e-26
6,0,4.190372630226562e-06,0.0,2.4531700546504e-06,1.314046901764647e-26
6,0,4.207626994540244e-06,0.0,2.4531700546504e-06,6.862716245013592e-27
6,0,3.711381873847504e-06,0.0,2.4531700546504e-06,3.59928996919363e-27
6,0,3.1240256318245993e-06,0.0,2.4531700546504e-06,1.9781783052555227e-27
6,0,2.608601216618634e-06,0.0,2.4531700546504e-06,1.1702806417957125e-27
6,0,2.246797679533857e-06,0.0,2.4531700546504e-06,6.822827346970415e-28
6,0,1.983347819054673e-06,0.0,2.4531700546504e-06,4.133568550634909e-28
6,0,1.851504140845041e-06,0.0,2.4531700546504e-06,2.9825497601402454e-28
6,0,1.6683567357651302e-06,0.0,2.365613909205422e-06,2.577383451795996e-28
6,0,1.5477396441834523e-06,0.0,2.365613909205422e-06,2.6447120367218293e-28
6,0,1.4819636020977102e-06,0.0,2.365613909205422e-06,2.63876620950102e-28
6,0,2.6980157077906216e-06,0.0,2.365613909205422e-06,6.016509812733478e-28
6,0,3.706573021347102e-06,0.0,2.365613909205422e-06,4.971600373266072e-28
6,0,5.0825900282166245e-06,0.0,2.365613909205422e-06,5.147607259023732e-28
6,0,5.557755654692877e-06,0.0,2.365613909205422e-06,5.530165797974549e-28
6,0,5.763395076865865e-06,0.0,2.365613909205422e-06,5.7581886811527065e-28
6,0,6.329605516961958e-06,0.0,2.365613909205422e-06,6.1329048333699785e-28
6,0,7.032378443804964e-06,0.0,2.365613909205422e-06,6.435079389784447e-28
6,0,7.627836834338479e-06,0.0,2.365613909205422e-06,6.6579407807116465e-28
6,0,8.080695358725504e-06,0.0,2.365613909205422e-06,6.912502015558488e-28
6,0,8.655750247599598e-06,0.0,2.365613909205422e-06,7.546335671388535e-28
6,0,9.734588878650717e-06,0.0,2.365613909205422e-06,8.888873509636684e-28
6,0,9.846115688160356e-06,0.0,2.365613909205422e-06,1.1580061124811493e-27
6,0,1.0633282918697494e-05,0.0,2.365613909205422e-06,1.8555283456421382e-27
6,0,1.1936325065705535e-05,0.0,2.365613909205422e-06,2.913715723925133e-27
6,0,1.3176303914462551e-05,0.0,2.365613909205422e-06,4.4811497943832235e-27
6,0,1.3949005620678715e-05,0.0,2.365613909205422e-06,6.583616640448815e-27
6,0,1.3731247112498383e-05,0.0,2.365613909205422e-06,9.570632295092355e-27
6,0,1.4397102521748204e-05,0.0,2.365613909205422e-06,1.2962878247102545e-26
6,0,1.3020816084320036e-05,0.0,2.365613909205422e-06,1.4840143793655005e-26
6,0,1.1579977694425487e-05,0.0,2.4531700546504e-06,1.6407003359210684e-26
6,0,1.0821878210491223e-05,0.0,2.4531700546504e-06,1.7051411814882876e-26
6,0,9.36559259670166e-06,0.0,2.4531700546504e-06,1.8482742919880048e-26
6,0,8.64138600097548e-06,0.0,2.4531700546504e-06,2.0501263872273645e-26
6,0,8.369271631090676e-06,0.0,2.4531700546504e-06,1.8435634673440336e-26
6,0,6.367993605220034e-06,0.0,2.4531700546504e-06,1.9273710022088242e-26
6,0,5.124650636352716e-06,0.0,2.4531700546504e-06,2.159335089165876e-26
6,0,5.0009892453037036e-06,0.0,1.9696017261594534e-06,1.954379781525724e-26
6,0,4.5606195330393045e-06,0.0,1.9696017261594534e-06,1.4915740395832092e-26
6,0,3.777768850016354e-06,0.0,1.9696017261594534e-06,1.0315212989403993e-26
6,0,3.1237986229209704e-06,0.0,1.9696017261594534e-06,6.849717758632933e-27
6,0,2.6881204868276996e-06,0.0,1.9696017261594534e-06,4.113640375721351e-27
6,0,2.4691808642491074e-06,0.0,1.9696017261594534e-06,2.598491258800491e-27
6,0,2.3594659906026005e-06,0.0,1.9696017261594534e-06,1.6118528520269625e-27
6,0,2.2148908075281445e-06,0.0,1.9696017261594534e-06,1.1136903681643018e-27
6,0,2.0489789651650224e-06,0.0,1.9696017261594534e-06,7.587960795276576e-28
6,0,1.8210913874393683e-06,0.0,1.9696017261594534e-06,6.378841753925854e-28
6,0,1.8848603027185697e-06,0.0,1.9696017261594534e-06,5.840239074573436e-28
6,0,1.92616624814391e-06,0.0,1.9696017261594534e-06,5.811636607486855e-28
6,0,2.0158703654544065e-06,0.0,1.9696017261594534e-06,6.118183506357569e-28
6,0,2.1891366739726863e-06,0.0,1.9696017261594534e-06,6.938418291855135e-28
6,0,4.458358489953172e-06,0.0,2.5856797947199084e-06,5.048697756352323e-28
6,0,5.741498864881055e-06,0.0,2.5856797947199084e-06,4.811256594263626e-28
6,0,7.898783272011278e-06,0.0,2.5856797947199084e-06,5.605907326379952e-28
6,0,8.788506284496453e-06,0.0,2.5856797947199084e-06,8.209770388981328e-28
6,0,1.1107239288332452e-05,0.0,1.9696017261594534e-06,1.0439389633684293e-27
6,0,1.3049447414155991e-05,0.0,1.9696017261594534e-06,1.6072540202092575e-27
6,0,1.2028706174789765e-05,0.0,1.9696017261594534e-06,4.087688854906722e-27
6,0,8.793453576783551e-06,0.0,1.9091473859589314e-06,9.311059309047732e-27
6,0,9.982493177344715e-06,0.0,1.9696017261594534e-06,1.3290750101578984e-26
6,0,1.160732282748112e-05,0.0,1.9856820472341496e-06,2.9089415361859916e-26
6,0,1.099896046283704e-05,0.0,1.8421656022837851e-06,1.0007811767269248e-25
6,0,1.3476958839003861e-05,0.0,1.8421656022837851e-06,1.9586571948950104e-25
6,0,1.729904369851109e-05,0.0,1.8421656022837851e-06,3.63571076814875e-25
6,0,2.1174807430539385e-05,0.0,1.776416638676892e-06,8.471261716806357e-25
6,0,2.6434733504213556e-05,0.0,1.776416638676892e-06,1.8149210433740825e-24
6,0,3.3686155637011846e-05,0.0,1.5476640555789345e-06,3.601712884589794e-24
6,0,4.273581871750456e-05,0.0,1.5476640555789345e-06,6.178165733199638e-24
6,0,5.210597892791175e-05,0.0,1.5476640555789345e-06,9.329454029265433e-24
6,0,6.13236448176652e-05,0.0,1.5476640555789345e-06,1.3221592761430037e-23
6,0,7.089104470198125e-05,0.0,1.5476640555789345e-06,1.7690018050685747e-23
6,0,8.251993365406632e-05,0.0,1.5476640555789345e-06,2.3120323529782783e-23
6,0,9.97478222788886e-05,0.0,1.5476640555789345e-06,3.209939078849801e-23
6,0,0.00012113054734676001,0.0,1.8331190858589252e-06,4.298848278081418e-23
6,0,0.00012869188887760995,0.0,1.8331190858589252e-06,5.766951870400102e-23
6,0,0.00013338199203252082,0.0,1.8331190858589252e-06,8.883370226758504e-23
6,0,0.0001525404360915865,0.0,1.4959218788135331e-06,1.071391880188024e-22
6,0,0.000156559471576978,0.0,1.5512889603996882e-06,1.371884649987067e-22
6,0,0.0001603575716632007,0.0,1.5512889603996882e-06,1.7430853577493488e-22
6,0,0.00016782321919301058,0.0,1.5512889603996882e-06,1.9001590497936323e-22
6,0,0.000192122008167796,0.0,1.513556640020397e-06,2.3671777061121893e-22
6,0,0.00020546255855315165,0.0,2.496999513823539e-06,2.522473242567232e-22
6,0,0.0002342343358335641,0.0,2.496999513823539e-06,2.403694266741487e-22
6,0,0.00026135009440440404,0.0,2.496999513823539e-06,2.277743598654197e-22
6,0,0.00028461693158936556,0.0,6.986986591073219e-06,2.0757692060621818e-22
6,0,0.0002996943700743404,0.0,6.986986591073219e-06,1.8031361004274138e-22
6,0,0.00031525857118534686,0.0,7.475029633496888e-06,1.540416893778484e-22
6,0,0.000318483778448418,0.0,7.475029633496888e-06,1.2964584402863928e-22
6,0,0.0002931691180318743,0.0,1.2110328498238232e-05,1.109838057700365e-22
6,0,0.00030218667524775866,0.0,1.0550872502790298e-05,1.0251763062834701e-22
6,0,0.0003082773123752772,0.0,1.0550872502790298e-05,1.0512827428631094e-22
6,0,0.00032524246233883616,0.0,1.0550872502790298e-05,1.2204632409920008e-22
6,0,0.0003627225899886027,0.0,1.0550872502790298e-05,1.4607089995197598e-22
6,0,0.00042401011849023065,0.0,1.0550872502790298e-05,1.7805048801251989e-22
6,0,0.0005120837041455753,0.0,1.0550872502790298e-05,2.0943174085367176e-22
6,0,0.0005188156849215188,0.0,1.0550872502790298e-05,2.1408117343307405e-22
6,0,0.0005058868514848932,0.0,1.0550872502790298e-05,2.12740362329688e-22
6,0,0.0004692188801024229,0.0,1.0550872502790298e-05,2.125602748513569e-22
6,0,0.0004443005777667475,0.0,1.0550872502790298e-05,2.1148941826062473e-22
6,0,0.0004380982020323488,0.0,1.1903196536877658e-05,2.1739274840431944e-22
6,0,0.0004352845660083212,0.0,1.1903196536877658e-05,2.575071710936983e-22
6,0,0.00042411373805989304,0.0,1.517677719675703e-05,3.1523616359906574e-22
6,0,0.12004452029496039,0.04,0.0005774669698439538,4.820154830831314e-10
6,0,0.10623862547126868,0.04,0.0006114370771683753,4.3533349147750755e-10
6,0,0.08741983036919847,0.04,0.00041821339982561767,3.7491748594575824e-10
6,0,0.08589729607685032,0.04,0.0001742146268952638,2.93784829796806e-10
6,0,0.08902297473647228,0.04,0.00015734456246718764,2.3651389180479043e-10
6,0,0.09827345549409237,0.02,9.50534813455306e-05,2.0445742321406613e-10
6,0,0.11249487435718644,0.04,9.50534813455306e-05,1.89809126749374e-10
6,0,0.10984985579307453,0.04,9.50534813455306e-05,1.944927413566333e-10
6,0,0.10864036874331257,0.04,9.50534813455306e-05,1.903101148892361e-10
6,0,0.10798441335981494,0.04,0.00015256307960953563,1.7734289037285578e-10
6,0,0.1074897426387331,0.04,0.00015256307960953563,1.5985363033266253e-10
6,0,0.10723337456472404,0.04,0.00015256307960953563,1.4219166122320104e-10
6,0,0.10754868811165687,0.04,0.00015256307960953563,1.2958481510061404e-10
6,0,0.10935539781677632,0.04,0.00015256307960953563,1.2690741513221582e-10
6,0,0.11798698964774937,0.04,7.121505768736824e-05,1.368615359931269e-10
6,0,0.12616449227447474,0.04,5.811598020954989e-05,1.5623313753820867e-10
6,0,0.1208542747138568,0.04,4.4368523958837613e-05,1.8837909010471776e-10
6,0,0.1067073102586838,0.04,6.838685658294708e-05,2.3763666034959385e-10
6,0,0.1158855687051423,0.04,0.00014998106053099036,2.755066730308897e-10
6,0,0.14138071666524873,0.04,0.00017250097880605608,2.989513636642016e-10
6,0,0.15318695994414488,0.04,0.00018595694564282894,3.3732747151127285e-10
6,0,0.1589815242430061,0.04,0.00023094758216757327,3.7642292061157434e-10
6,0,0.16371248425418608,0.04,0.00018484817701391876,4.1887576740506915e-10
6,0,0.1676827413018719,0.04,0.00027028119075112045,4.4256787123941876e-10
6,0,0.17002285978073936,0.08,0.00027028119075112045,4.395536434831371e-10
6,0,0.1680747268260532,0.1,0.0003681866219267249,4.388683860767628e-10
6,0,0.1559711355918035,0.1,0.0003681866219267249,4.69126681945653e-10
6,0,0.14062970905590305,0.1,0.0003681866219267249,5.000499458951424e-10
6,0,0.13672533578573834,0.1,0.0004866437229793519,4.755664195776887e-10
6,0,0.14029463788457397,0.1,0.0004866437229793519,4.4838896484655777e-10
6,0,0.13365225298758482,0.1,0.0004325368208810687,4.080424609309574e-10
6,0,0.12911853977430734,0.1,0.0005664884229190648,3.1790750587568084e-10
6,0,0.12799336009420792,0.1,0.00038746377686038613,2.3495144718665983e-10
6,0,0.11429714432889386,0.08,0.0004840690817218274,1.6501411348457395e-10
6,0,0.09969602674189709,0.08,0.0004840690817218274,1.01813217578961e-10
6,0,0.09760991588388163,0.08,0.0004840690817218274,5.209611214640475e-11
6,0,0.10041046545787065,0.08,0.0003102488408330828,2.4887378616278433e-11
6,0,0.0989519761664252,0.08,0.00026895577320829034,1.2846551079859214e-11
6,0,0.091547276489429,0.08,8.317569881910458e-05,6.773919532937489e-12
6,0,0.07860553042826268,0.08,6.61268932162784e-05,3.5716206468056066e-12
6,0,0.06508217791349909,0.06,4.440264092409052e-05,1.8475154132252536e-12
6,0,0.06604868752927512,0.04,4.440264092409052e-05,9.751611410729888e-13
6,0,0.06591256878411178,0.04,4.440264092409052e-05,5.878078514383323e-13
6,0,0.068234822795326,0.02,2.364870124438312e-05,3.9446766166018055e-13
6,0,0.07277690098675733,0.02,3.321641270304099e-05,2.965079353919875e-13
6,0,0.07765779004834666,0.02,3.321641270304099e-05,2.647557737281425e-13
6,0,0.08687724922315934,0.02,4.362456820672378e-05,2.8803012492445434e-13
6,0,0.10866974572550163,0.02,4.362456820672378e-05,3.698301972825113e-13
6,0,0.1189826849576464,0.02,4.362456820672378e-05,4.8330729609386e-13
6,0,0.12410422813928634,0.02,4.362456820672378e-05,6.510821612751294e-13
6,0,0.12413705520524414,0.02,3.560022378223948e-05,9.031659968516959e-13
6,0,0.1286781034636342,0.02,0.00011719593749148771,1.1771959275430621e-12
6,0,0.14047615245540004,0.02,0.00013519216736312956,1.4549826187620907e-12
6,0,0.13843705179917895,0.02,0.0001457382895750925,1.9120169857111957e-12
6,0,0.1393776180286171,0.02,0.0002542126167099923,2.373936117128217e-12
6,0,0.14684070853057546,0.02,0.00019754351524170488,2.682311404239579e-12
6,0,0.15552863289310664,0.02,0.00019754351524170488,3.030558876765399e-12
6,0,0.1578740004774865,0.02,0.00015308111323975027,3.803421119719097e-12
6,0,0.15552974513765602,0.02,0.00015308111323975027,5.477146080429263e-12
6,0,0.15825521434519096,0.02,0.00010899102198891342,8.35281236538643e-12
6,0,0.16927207166250263,0.02,0.00010899102198891342,1.2763072716748258e-11
6,0,0.18251772304123906,0.02,0.00010899102198891342,1.9900470160649775e-11
6,0,0.19236142328475095,0.02,0.00014064926654100418,3.1466895061837974e-11
6,0,0.1966650853614998,0.02,0.00014064926654100418,4.871782838256067e-11
6,0,0.19873947373483603,0.02,0.0003489259397611022,7.184965816753319e-11
6,0,0.2000058130736492,0.02,0.00039726292015984654,9.697312397527469e-11
6,0,0.20153024641828296,0.02,0.00039726292015984654,1.2255513270886809e-10
6,0,0.2031813850430316,0.02,0.0005603154422715306,1.4791601277153177e-10
6,0,0.20531911054690555,0.02,0.0007803645567037165,1.8138680835111387e-10
6,0,0.20210568436191045,0.02,0.0007803645567037165,2.1989118859089274e-10
6,0,0.19913365324734286,0.02,0.0008858458022587001,2.5148502724725574e-10
6,0,0.20004075106798233,0.02,0.0008858458022587001,2.5685240045980606e-10
6,0,0.20128436849483702,0.02,0.0008858458022587001,2.459585035641254e-10
6,0,0.1942001914062919,0.02,0.0007680030539631844,2.358233330834736e-10
6,0,0.1728698521671033,0.02,0.00020622811280190945,2.419444367074419e-10
6,0,0.1543814465219023,0.02,0.00020622811280190945,2.525762377025842e-10
6,0,0.14864458733407704,0.02,0.00020622811280190945,2.520752218071465e-10
6,0,0.15182643225706632,0.0,0.00020622811280190945,2.638055052184285e-10
6,0,0.149894133693566,0.02,0.00020622811280190945,3.062878006776515e-10
6,0,0.14503053344781017,0.02,0.00020622811280190945,3.633485456955299e-10
6,0,0.1412349986850344,0.02,0.00023447023704648018,4.148644483503716e-10
6,0,0.13983105044759472,0.02,0.00023447023704648018,4.5164808004649615e-10
6,0,0.14034886106145678,0.02,0.00023447023704648018,4.6374609707910963e-10
6,0,0.14332597134053388,0.02,0.00018710875883698463,4.2729300653299163e-10
6,0,0.14502269018479405,0.04,0.00018710875883698463,3.8093925236459825e-10
6,0,0.14335031801615492,0.04,0.00018710875883698463,3.426350592139471e-10
6,0,0.137698222758129,0.04,0.00018710875883698463,2.9751220931295563e-10
6,0,0.13752691094234493,0.04,0.00018710875883698463,2.390782849470696e-10
6,0,0.13839583437211642,0.04,0.00018710875883698463,1.9809437423745635e-10
6,0,0.14055978594251448,0.04,0.00023237821005750448,1.8080444086354674e-10
6,0,0.14377605954949907,0.04,0.00023237821005750448,1.8402512846904528e-10
6,0,0.14227341713950908,0.04,0.0006968393572606146,2.1119600512875536e-10
6,0,0.14440127264676586,0.04,0.0006968393572606146,2.501388540743221e-10
6,0,0.145643733867467,0.04,0.0008037722436711192,3.1022703850247524e-10
6,0,0.14668452648475017,0.04,0.0008037722436711192,3.76531333889929e-10
6,0,0.1467484218482396,0.04,0.0007909784908406436,4.2843634195932623e-10
6,0,0.14593460717760665,0.04,0.0007909784908406436,4.4970965840107624e-10
6,0,0.14335453387353791,0.04,0.0011106451274827123,4.300803879697668e-10
6,0,0.14266974634915405,0.04,0.000978497788310051,3.7289493715064737e-10
6,0,0.13499178943164522,0.04,0.000978497788310051,3.200777698442181e-10
6,0,0.12263750193647542,0.04,0.00023237821005750448,2.7872237851056525e-10
6,0,0.10931817813288949,0.04,0.00023237821005750448,2.424872802553324e-10
6,0,0.10073532406202415,0.04,0.00018710875883698463,2.015434624746959e-10
6,0,0.09596254657392587,0.02,0.00018710875883698463,1.5694846811076246e-10
6,0,0.09158877744657586,0.02,6.936489080544561e-05,1.1601383742565474e-10
6,0,0.08698641389121603,0.02,1.2954194971825927e-05,8.580470362007375e-11
6,0,0.08168893545154028,0.02,8.79589788382873e-06,6.698976096064513e-11
6,0,0.07541925059881135,0.02,8.79589788382873e-06,5.560186686071056e-11
6,0,0.06956040720951118,0.02,8.79589788382873e-06,5.0365833031973395e-11
6,0,0.06215426124164022,0.02,8.79589788382873e-06,5.214571829892378e-11
6,0,0.05526235680033645,0.02,7.65214008424664e-06,5.60666096882656e-11
6,0,0.05118128775542846,0.02,7.65214008424664e-06,5.6892206223846387e-11
6,0,0.04682352164052788,0.0,9.86932991509093e-06,5.831339577877515e-11
6,0,0.042440880356162704,0.02,1.3003383173781913e-05,5.60655410986044e-11
6,0,0.04011152549176529,0.02,1.3003383173781913e-05,4.561627117705136e-11
6,0,0.03551332476360945,0.02,1.3003383173781913e-05,3.719046251515756e-11
6,0,0.02814451093877962,0.02,1.3003383173781913e-05,3.0546443846590776e-11
6,0,0.025777828954960648,0.02,1.3003383173781913e-05,1.994466397592376e-11
6,0,0.0262628913171951,0.02,1.3003383173781913e-05,1.3326108445899099e-11
6,0,0.06984515426576388,0.02,0.00016194910858757794,4.3899044122053255e-11
6,0,0.07370149615095381,0.02,0.00013800831220578402,2.9062795572909472e-11
6,0,0.07638513595868344,0.02,0.0001714000100037083,2.158779405236899e-11
6,0,0.0683822339629587,0.02,0.0001714000100037083,1.8141576782482183e-11
6,0,0.06612175987435873,0.04,0.0001714000100037083,1.4288458437261564e-11
6,0,0.06844422987365803,0.06,0.0001714000100037083,1.2320709556756793e-11
6,0,0.06801333766894514,0.06,0.0006401711725629866,1.1665370058810964e-11
6,0,0.06906708413735557,0.06,0.0005860874080099165,1.0654596128978344e-11
6,0,0.07050089118398661,0.04,0.0006760364631190896,9.490430143144213e-12
6,0,0.07103425905100934,0.04,0.0006760364631190896,7.88623159830859e-12
6,0,0.07164708644313185,0.04,0.0005519255064427853,6.090800173247368e-12
6,0,0.06864638570309714,0.06,0.0005519255064427853,4.436348424036174e-12
6,0,0.06552104152669451,0.04,0.00018701386579778045,2.9290721324098934e-12
6,0,0.06209556464272094,0.04,0.00018284977704752237,1.899121485071653e-12
6,0,0.05842857409019351,0.04,0.0001563440600875765,1.2573225880579963e-12
6,0,0.05748301696640297,0.04,0.00014722735795658082,7.867612811240932e-13
6,0,0.056962678925229944,0.04,0.00012203208461869508,4.659060138557936e-13
6,0,0.052187481632618805,0.04,3.705943890963681e-05,2.6028446975870367e-13
6,0,0.04561429909953648,0.0,6.318694886431331e-06,1.3473280108776409e-13
6,0,0.0418647978093353,0.0,6.318694886431331e-06,6.581876292903119e-14
6,0,0.03917659995999742,0.0,6.318694886431331e-06,3.402202361523811e-14
6,0,0.03541359838802362,0.0,6.318694886431331e-06,1.7456010730854468e-14
6,0,0.03161213236650565,0.0,4.086393801117083e-06,7.487486650657738e-15
6,0,0.028049107366385426,0.0,3.913290584023343e-06,3.3566302101923403e-15
6,0,0.024228722056618673,0.0,2.6221837288176175e-06,1.6472125846685843e-15
6,0,0.02023632133080583,0.02,2.6221837288176175e-06,8.590338688696769e-16
6,0,0.01691889426913081,0.0,2.6221837288176175e-06,3.779678327539218e-16
6,0,0.014539318206432998,0.0,2.6221837288176175e-06,1.5904719121748276e-16
6,0,0.012774304253138176,0.0,2.6221837288176175e-06,6.718239174169523e-17
6,0,0.011639461120952224,0.0,2.883595470848377e-06,2.827339729653201e-17
6,0,0.011299619623299863,0.0,2.6634793357516173e-06,1.1567226684311922e-17
6,0,0.010974025582415678,0.0,3.255254796385998e-06,5.0488585825271585e-18
6,0,0.010030732780756042,0.0,4.458481726032915e-06,2.5078565208959262e-18
6,0,0.008865416416300462,0.0,4.458481726032915e-06,1.3386871830695873e-18
6,0,0.00804639801901962,0.0,4.657313183997758e-06,6.90865848796446e-19
6,0,0.007404457033303702,0.0,4.657313183997758e-06,3.375499190099868e-19
6,0,0.006701470905607772,0.0,5.240186510491185e-06,1.6263057144207002e-19
6,0,0.006060338469742067,0.0,4.798680947715184e-06,8.314725813329268e-20
6,0,0.005499386268269749,0.0,4.798680947715184e-06,4.6111535444763716e-20
6,0,0.004848510363396106,0.0,4.859081400354626e-06,2.720194107255715e-20
6,0,0.0044035772244260555,0.0,3.8060920815041754e-06,1.5796152785629458e-20
6,0,0.004176396507792158,0.0,3.8060920815041754e-06,9.256196290908129e-21
6,0,0.003814758055537171,0.0,3.8060920815041754e-06,5.497120849187777e-21
6,0,0.0033734295994906644,0.0,2.63747983808571e-06,3.416692138370155e-21
6,0,0.0030337313533936377,0.0,2.63747983808571e-06,2.109625399552938e-21
6,0,0.002696154670483167,0.0,2.63747983808571e-06,1.1706949278711445e-21
6,0,0.0023287822851130765,0.0,1.7310019302385626e-06,6.255865392697505e-22
6,0,0.0020104112680797274,0.0,1.7310019302385626e-06,3.2870904957957574e-22
6,0,0.0017520480097731224,0.0,2.0066011074959533e-06,1.6801885311429913e-22
6,0,0.0015326115416850331,0.0,2.0066011074959533e-06,8.341239769141658e-23
6,0,0.0013527486484514516,0.0,1.7310019302385626e-06,3.9134597491665554e-23
6,0,0.0011993840361746678,0.0,1.7310019302385626e-06,1.63684567311089e-23
6,0,0.0010674336181412827,0.0,1.7310019302385626e-06,6.353258933139778e-24
6,0,0.0009617879232647958,0.0,1.4667474488305743e-06,2.242625254536358e-24
6,0,0.000881939639735213,0.0,1.4402598935703281e-06,6.881020190760411e-25
6,0,0.0007325112533130865,0.0,1.4402598935703281e-06,1.859604738147549e-25
6,0,0.0005872435470962753,0.0,1.212302663589071e-06,5.253766790155691e-26
6,0,0.0005983518861373665,0.0,7.897738782958186e-07,1.5948504150698215e-26
6,0,0.0005205949352946421,0.0,7.897738782958186e-07,5.845724700834034e-27
6,0,0.00045072220619445536,0.0,5.862036687176442e-07,2.1300051405614017e-27
6,0,0.0005240520396611651,0.0,6.170447477416019e-07,9.09994483892683e-28
6,0,0.0005257623384838987,0.0,6.170447477416019e-07,3.9900720845622343e-28
6,0,0.00045725950580993496,0.0,6.170447477416019e-07,1.6989645171191687e-28
6,0,0.0004325490723890611,0.0,6.170447477416019e-07,8.673126383553429e-29
6,0,0.00041513464106959113,0.0,6.170447477416019e-07,5.1711038450865e-29
6,0,0.0004072387602996602,0.0,6.170447477416019e-07,3.444697835525351e-29
6,0,0.00041256364409414967,0.0,6.912299568284652e-07,2.3252573748079e-29
6,0,0.0004215800567369464,0.0,6.912299568284652e-07,1.4756235997284722e-29
6,0,0.00042977980055536547,0.0,6.912299568284652e-07,9.136668079901886e-30
6,0,0.0004381012817758497,0.0,7.431461312989995e-07,5.820349499508935e-30
6,0,0.0004486939236856538,0.0,7.431461312989995e-07,4.146498958401299e-30
6,0,0.0004543565352061247,0.0,7.431461312989995e-07,3.222380595039079e-30
6,0,0.00044462725525401173,0.0,7.160930408645072e-07,2.6610525141033444e-30
6,0,0.00041531561269101915,0.0,6.914825121384638e-07,2.2028946571132916e-30
6,0,0.00036870654381274825,0.0,6.914825121384638e-07,1.68828335478658e-30
6,0,0.0003225429259332488,0.0,6.914825121384638e-07,1.1502645745112667e-30
6,0,0.0002915812306887343,0.0,6.986320499891008e-07,7.049312198293629e-31
6,0,0.00027362284585676804,0.0,6.986320499891008e-07,4.151893537076093e-31
6,0,0.00025909473093089087,0.0,7.496435046050465e-07,2.4905081261436723e-31
6,0,0.0002452278413423078,0.0,7.496435046050465e-07,1.509809058426374e-31
6,0,0.00022903863236555265,0.0,7.496435046050465e-07,9.248167715758173e-32
6,0,0.00021429089169068015,0.0,7.496435046050465e-07,5.750559506524909e-32
6,0,0.00021824969294571633,0.0,5.919789600739023e-07,3.832482158274754e-32
6,0,0.0002452877335890359,0.0,5.919789600739023e-07,2.7227834588774547e-32
6,0,0.0002539928735300226,0.0,5.919789600739023e-07,1.9850975709151126e-32
6,0,0.00024264414757010992,0.0,5.284456960907846e-07,1.5152607073519e-32
6,0,0.0002407063537077328,0.0,4.6485931193274155e-07,1.1397195761545528e-32
6,0,0.00024525193909154735,0.0,5.984089170851803e-07,7.749475895154701e-33
6,0,0.0002455455893971436,0.0,5.468502877192805e-07,4.4071042780433946e-33
6,0,0.0002482738783348299,0.0,4.585378690080688e-07,2.2548992016335533e-33
6,0,0.0002512947422736361,0.0,4.964325626133359e-07,1.0983129529507308e-33
6,0,0.00024444946319433173,0.0,4.964325626133359e-07,5.12339763818871e-34
6,0,0.0002325197954040281,0.0,4.964325626133359e-07,2.4121582593367494e-34
6,0,0.00021476479957166131,0.0,4.964325626133359e-07,1.1583377582244218e-34
6,0,0.00018997666548129644,0.0,4.964325626133359e-07,5.302609672783111e-35
6,0,0.00016791379243024455,0.0,5.585625899584556e-07,2.5582731828961064e-35
6,0,0.00014597608453861051,0.0,4.886466058451333e-07,1.33198232326143e-35
6,0,0.00013156409510796258,0.0,5.352115408641112e-07,8.002202187026389e-36
6,0,0.0001084969566940502,0.0,5.352115408641112e-07,7.030415468373242e-36
6,0,0.00013687087376892894,0.0,4.886466058451333e-07,9.275141891385256e-36
6,0,0.00019818137880305302,0.0,5.576582111643802e-07,1.628894230960204e-35
6,0,0.0002378837495986813,0.0,5.452988602883124e-07,3.9062612851941723e-35
6,0,0.00015092387811700917,0.0,4.041950489863666e-07,7.90942910784981e-35
6,0,9.943970013118352e-05,0.0,5.8902361388391e-07,8.342175184901794e-35
6,0,0.00018187725339381978,0.0,1.792098487385374e-06,2.0510491498290274e-34
6,0,0.00026536599345791065,0.0,1.792098487385374e-06,1.7501842405953179e-34
6,0,0.00036959118950552445,0.0,2.0485128970904043e-06,1.2182326392299233e-34
6,0,0.0003452711602231285,0.0,2.9265565899549983e-06,5.736069196845873e-35
6,0,0.0002718743314146751,0.0,2.674406459846068e-06,2.0004883425572465e-35
6,0,0.00018663163622041862,0.0,2.1461944470502203e-06,1.0066072949651515e-35
6,0,0.00017322916164090542,0.0,2.0537572709145024e-06,9.386049037221933e-36
6,0,0.0001852327239668583,0.0,2.0537572709145024e-06,1.2383465643928167e-35
6,0,0.00017665689128556943,0.0,1.7995998859987594e-06,1.722884991418653e-35
6,0,0.00017104399468648572,0.0,1.7995998859987594e-06,2.2513212160868974e-35
6,0,0.00016906538731281114,0.0,1.7995998859987594e-06,2.890952146489163e-35
6,0,0.00016745865897327717,0.0,1.7995998859987594e-06,3.515738012430452e-35
6,0,0.00014968704723220997,0.0,1.7995998859987594e-06,3.9535737848710674e-35
6,0,0.00016876320095545502,0.0,1.6622293514956255e-06,3.846346085585146e-35
6,0,0.000220314961663686,0.0,1.6622293514956255e-06,3.766142702959266e-35
6,0,0.00024940688598590533,0.0,1.6622293514956255e-06,3.8687131946462757e-35
6,0,0.00027679963982564797,0.0,1.7995998859987594e-06,3.9234953639919214e-35
6,0,0.0002977789168852331,0.0,1.7995998859987594e-06,4.175933636788784e-35
6,0,0.00031277393285352535,0.0,1.7995998859987594e-06,4.697063343286921e-35
6,0,0.00032937166392196863,0.0,1.7995998859987594e-06,5.659474949219002e-35
6,0,0.0003652265788780941,0.0,1.7405018297722563e-06,7.400802230181733e-35
6,0,0.00044586264571204714,0.0,1.7405018297722563e-06,1.0162729522371875e-34
6,0,0.0005711410283617302,0.0,1.7405018297722563e-06,1.3607589185853515e-34
6,0,0.0006865347370555241,0.0,1.7405018297722563e-06,1.7850167555218228e-34
6,0,0.0007425482111814456,0.0,1.7405018297722563e-06,2.490780005130048e-34
6,0,0.0007997266803202776,0.0,1.7405018297722563e-06,3.8744013704839314e-34
6,0,0.0009250309566305775,0.0,1.7405018297722563e-06,7.019970988696601e-34
6,0,0.0011240029464105552,0.0,1.349956164631294e-06,1.4400529461282747e-33
6,0,0.0013781520962765413,0.0,1.349956164631294e-06,3.217720359440188e-33
6,0,0.001669894769443581,0.0,1.349956164631294e-06,7.473151703422937e-33
6,0,0.002017338936730563,0.0,1.349956164631294e-06,1.7591956216146948e-32
6,0,0.002460805962678914,0.0,1.349956164631294e-06,4.068155551303176e-32
6,0,0.0029834320110774283,0.0,1.349956164631294e-06,8.948052253049735e-32
6,0,0.003527740440048817,0.0,1.349956164631294e-06,1.8081907845167844e-31
6,0,0.0041430866146182025,0.0,1.349956164631294e-06,3.2277304579087677e-31
6,0,0.004805513694924328,0.0,1.349956164631294e-06,5.044147351892606e-31
6,0,0.005465847133800171,0.0,1.349956164631294e-06,5.667654005851245e-31
6,0,0.005868523402314322,0.0,1.349956164631294e-06,9.985059968709558e-31
6,0,0.006117374418942871,0.0,1.349956164631294e-06,1.2241793771723279e-30
6,0,0.006215427188475949,0.0,1.349956164631294e-06,1.4378648780049182e-30
6,0,0.006304609601163093,0.0,1.349956164631294e-06,1.6086254628855935e-30
6,0,0.006408699349400526,0.0,1.349956164631294e-06,1.6883864221312603e-30
6,0,0.00657526185518523,0.0,1.349956164631294e-06,1.5827077872804714e-30
6,0,0.006422964594911632,0.0,1.349956164631294e-06,1.3247242050151095e-30
6,0,0.0061148872194874675,0.0,1.349956164631294e-06,1.0119345622161054e-30
6,0,0.005791756180343943,0.0,1.349956164631294e-06,7.565116768445747e-31
6,0,0.005517703800825277,0.0,1.349956164631294e-06,5.743438596846498e-31
6,0,0.0052475915590670195,0.0,1.349956164631294e-06,4.4057297871926575e-31
6,0,0.0049399661589105415,0.0,1.349956164631294e-06,3.316472523133135e-31
6,0,0.004661554656327776,0.0,1.349956164631294e-06,2.372817631739345e-31
6,0,0.004229906697384305,0.0,1.349956164631294e-06,1.6488526428122584e-31
6,0,0.0037890165721871792,0.0,1.349956164631294e-06,1.1250205041889398e-31
6,0,0.0034251586945034315,0.0,1.349956164631294e-06,7.50375055605881e-32
6,0,0.003206062775182124,0.0,1.349956164631294e-06,5.093237171477296e-32
6,0,0.003091894074472838,0.0,1.607642388989916e-06,3.831692813818177e-32
6,0,0.0028804237123229016,0.0,1.607642388989916e-06,2.5384944504065274e-32
6,0,0.0025115843196715612,0.0,1.607642388989916e-06,1.991711783753602e-32
6,0,0.0021840153302931237,0.0,1.607642388989916e-06,1.4504902339376227e-32
6,0,0.001971670028331852,0.0,1.607642388989916e-06,1.0056838328020415e-32
6,0,0.0018432725326487434,0.0,1.607642388989916e-06,7.06572756547984e-33
6,0,0.0017403110043108891,0.0,1.607642388989916e-06,5.2923488698385045e-33
6,0,0.001663953167649132,0.0,1.607642388989916e-06,4.384533317139668e-33
6,0,0.0016116997090556444,0.0,1.607642388989916e-06,3.860108185697398e-33
6,0,0.0016643795619346933,0.0,1.607642388989916e-06,4.220813402693017e-33
6,0,0.0017084647589093616,0.0,1.607642388989916e-06,4.8402937827885777e-33
6,0,0.0017102439136089662,0.0,1.6622293514956255e-06,6.675930700011292e-33
6,0,0.0017773423334342179,0.0,1.6622293514956255e-06,1.1818793422623665e-32
6,0,0.0020097739921542583,0.0,1.6622293514956255e-06,2.4909912543218603e-32
6,0,0.002371165217138695,0.0,1.6622293514956255e-06,5.308183366491256e-32
6,0,0.0026859791922809405,0.0,1.6622293514956255e-06,1.0391728587046022e-31
6,0,0.0029711066962538773,0.0,1.6622293514956255e-06,2.0204324021283727e-31
6,0,0.003380939120946183,0.0,1.6622293514956255e-06,3.999270171751769e-31
6,0,0.0039045053216076792,0.0,1.6622293514956255e-06,7.881856072263514e-31
6,0,0.004391268386675928,0.0,1.6622293514956255e-06,1.4715138269751725e-30
6,0,0.0048714170167802676,0.0,1.6622293514956255e-06,2.5641710908950134e-30
6,0,0.005332463068866632,0.0,1.6622293514956255e-06,4.184507862938527e-30
6,0,0.005581340562623054,0.0,1.6622293514956255e-06,6.420312412213824e-30
6,0,0.005714295037515291,0.0,1.6622293514956255e-06,9.152365161265027e-30
6,0,0.00586253637700081,0.0,1.6622293514956255e-06,2.06423308017956e-29
6,0,0.006181219773505903,0.0,1.6622293514956255e-06,2.1239173482295666e-29
6,0,0.006381246350479498,0.0,1.6622293514956255e-06,2.696419885351224e-29
6,0,0.0065089098948472495,0.0,1.6622293514956255e-06,2.4805548863368418e-29
6,0,0.006211717875849276,0.0,1.6622293514956255e-06,2.1670474960911804e-29
6,0,0.005011274523489379,0.0,1.6622293514956255e-06,1.820429006666472e-29
6,0,0.003974412277596256,0.0,1.6622293514956255e-06,1.4790950884532302e-29
6,0,0.00457487721771107,0.0,1.6622293514956255e-06,1.0411816515967676e-29
6,0,0.004346333284025887,0.0,1.6622293514956255e-06,6.888724905762258e-30
6,0,0.0037744478200756357,0.0,1.6622293514956255e-06,3.733352378776549e-30
6,0,0.0033175524985008965,0.0,1.6622293514956255e-06,1.9609848786406217e-30
6,0,0.0028416973315184865,0.0,1.6622293514956255e-06,1.0550349559647112e-30
6,0,0.00253318333102924,0.0,1.6622293514956255e-06,6.231399467409559e-31
6,0,0.002543135811232435,0.0,1.6622293514956255e-06,4.3313078292488775e-31
6,0,0.0026266816285797985,0.0,1.6622293514956255e-06,3.5519802302328084e-31
6,0,0.0025507653361298253,0.0,1.607642388989916e-06,2.964781070288018e-31
6,0,0.002513630035080667,0.0,1.607642388989916e-06,2.682751293463591e-31
6,0,0.002526703907368443,0.0,1.607642388989916e-06,2.4214085715215455e-31
6,0,0.002511984972454917,0.0,1.607642388989916e-06,2.218502965143058e-31
6,0,0.00222097156712165,0.0,1.607642388989916e-06,1.3975706243705954e-31
6,0,0.00147490409099879,0.0,1.607642388989916e-06,8.604273052680003e-32
6,0,0.0011922759639957732,0.0,1.607642388989916e-06,5.823541248790062e-32
6,0,0.0011880932766814394,0.0,1.684280505287461e-06,5.809163777385154e-32
6,0,0.001603465538601002,0.0,1.684280505287461e-06,9.336003592387492e-32
6,0,0.0025404796204965617,0.0,1.607642388989916e-06,2.6392253237402137e-31
6,0,0.0031194351865107862,0.0,1.607642388989916e-06,5.0283552905859195e-31
6,0,0.0039008723275140217,0.0,1.9617023099272046e-06,8.973522629544482e-31
6,0,0.004794031573642313,0.0,1.9617023099272046e-06,1.5563405085960469e-30
6,0,0.005649184099369828,0.0,1.9617023099272046e-06,2.770964997487151e-30
6,0,0.006631858976215261,0.0,1.9617023099272046e-06,5.001746518342062e-30
6,0,0.007672584892508168,0.0,1.9617023099272046e-06,8.898499758888562e-30
6,0,0.008878079335330205,0.0,1.9617023099272046e-06,1.5566083520368478e-29
6,0,0.009826523407489383,0.0,1.9617023099272046e-06,2.6576960545537804e-29
6,0,0.011379473526625276,0.0,1.9617023099272046e-06,4.1263819430474283e-29
6,0,0.011216683143157918,0.0,1.9617023099272046e-06,4.9681478429142037e-29
6,0,0.011213905428799256,0.0,1.9617023099272046e-06,5.825527617951991e-29
6,0,0.010161755359364815,0.0,1.9617023099272046e-06,7.126105100131153e-29
6,0,0.010628305418842013,0.0,1.9617023099272046e-06,1.0640165904456718e-28
6,0,0.011157815357500885,0.0,1.9617023099272046e-06,1.270995800086482e-28
6,0,0.011470240292439954,0.0,1.9617023099272046e-06,1.3667041664490765e-28
6,0,0.011686900957644582,0.0,1.9617023099272046e-06,1.2645733052044366e-28
6,0,0.011673618750211433,0.0,1.9617023099272046e-06,1.022692874593927e-28
6,0,0.011371979857244289,0.0,1.9617023099272046e-06,7.649805174315146e-29
6,0,0.010881197442508338,0.0,1.9617023099272046e-06,5.60397947050562e-29
6,0,0.010467804657007562,0.0,1.9617023099272046e-06,4.1457570992145177e-29
6,0,0.010234105017307439,0.0,1.9617023099272046e-06,3.253148755301796e-29
6,0,0.009951770313326865,0.0,1.9617023099272046e-06,2.084267716889325e-29
6,0,0.00902690075992117,0.0,1.9617023099272046e-06,1.5804822097201274e-29
6,0,0.008091371080154687,0.0,1.9617023099272046e-06,1.1178603706150303e-29
6,0,0.007441711933404445,0.0,1.9617023099272046e-06,6.584058587204273e-30
6,0,0.007022276805144914,0.0,1.9617023099272046e-06,4.334864310917177e-30
6,0,0.006639699420686039,0.0,1.9617023099272046e-06,2.3633249976389406e-30
6,0,0.006206465567282822,0.0,1.9617023099272046e-06,1.3093306833131253e-30
6,0,0.006031710099481843,0.0,1.647264411985816e-06,7.532116880436243e-31
6,0,0.0055182525929301,0.0,1.5931689176795771e-06,4.347463823606579e-31
6,0,0.00514850774020023,0.0,1.5931689176795771e-06,2.661488246349307e-31
6,0,0.004910275951790615,0.0,1.5931689176795771e-06,1.678540810587191e-31
6,0,0.004771102147096221,0.0,1.5931689176795771e-06,1.1335759871730946e-31
6,0,0.0047071418365570656,0.0,1.4778664763070992e-06,8.587025611817563e-32
6,0,0.004738947923713987,0.0,1.4778664763070992e-06,7.04250890718881e-32
6,0,0.0052521182390899285,0.0,1.4778664763070992e-06,6.485339866325606e-32
6,0,0.005542883085236868,0.0,1.4778664763070992e-06,6.334140729956739e-32
6,0,0.005920332062725099,0.0,1.4778664763070992e-06,6.789062921196718e-32
6,0,0.005877336115946848,0.0,1.4778664763070992e-06,7.8100508822941e-32
6,0,0.005682442614467517,0.0,1.4778664763070992e-06,1.035943187975718e-31
6,0,0.005664450707395242,0.0,1.4778664763070992e-06,1.3649461892567438e-31
6,0,0.005974813534561346,0.0,1.4778664763070992e-06,2.423589583740061e-31
6,0,0.0069602579458379,0.0,1.4778664763070992e-06,4.019336330518046e-31
6,0,0.008310278601780303,0.0,1.4778664763070992e-06,6.200053735050532e-31
6,0,0.008776553327873563,0.0,1.5931689176795771e-06,8.199335467324559e-31
6,0,0.009045587571641145,0.0,1.5931689176795771e-06,1.3717062691892266e-30
6,0,0.010009955887711232,0.0,1.5931689176795771e-06,2.1873698562022076e-30
6,0,0.011357479908004984,0.0,1.5931689176795771e-06,3.443369019095362e-30
6,0,0.011603895077154227,0.0,1.5931689176795771e-06,4.339728788659524e-30
6,0,0.010674224960871833,0.0,1.5931689176795771e-06,4.584786070805956e-30
6,0,0.009683672058221234,0.0,1.5931689176795771e-06,4.4691241975325034e-30
6,0,0.009256668078487327,0.0,1.5931689176795771e-06,4.4352929058785496e-30
6,0,0.008740289780522973,0.0,1.5931689176795771e-06,3.774306601959197e-30
6,0,0.008068118677640812,0.0,1.5931689176795771e-06,3.716415103853517e-30
6,0,0.007335987309096016,0.0,1.5931689176795771e-06,5.118328098395598e-30
6,0,0.007191826102178591,0.0,1.8972807538375491e-06,3.1466778184506433e-30
6,0,0.006875178837759928,0.0,1.8972807538375491e-06,2.6521749926868383e-30
6,0,0.006116113764423809,0.0,1.8972807538375491e-06,2.2964049506025603e-30
6,0,0.005123751753228357,0.0,1.8972807538375491e-06,1.842174749377023e-30
6,0,0.004608777096936874,0.0,1.8972807538375491e-06,1.13708041795154e-30
6,0,0.0035139420782671336,0.0,1.8972807538375491e-06,6.7488097628449e-31
6,0,0.003552425799219044,0.0,1.5931689176795771e-06,4.365411741552674e-31
6,0,0.0034482887422032913,0.0,1.5931689176795771e-06,2.9065720006285193e-31
6,0,0.003004830449755658,0.0,1.5931689176795771e-06,2.002477666315043e-31
6,0,0.0025304054773865768,0.0,1.5931689176795771e-06,1.5303475308228111e-31
6,0,0.0023382143237736,0.0,1.5931689176795771e-06,1.3824692835444516e-31
6,0,0.0024766769937332725,0.0,1.5931689176795771e-06,1.4541310632030658e-31
6,0,0.002709786197256901,0.0,1.5931689176795771e-06,1.6501488604329101e-31
6,0,0.0029631335141109263,0.0,1.5931689176795771e-06,1.9560156643516166e-31
6,0,0.0033615613246328795,0.0,1.5931689176795771e-06,2.65384400658591e-31
6,0,0.003909903226804761,0.0,1.5931689176795771e-06,4.135675476616668e-31
6,0,0.004506889040494729,0.0,1.5931689176795771e-06,7.242792455868353e-31
6,0,0.005114533373546035,0.0,1.4778664763070992e-06,1.4127784179651496e-30
6,0,0.00577294145095078,0.0,1.4778664763070992e-06,2.8650169587732786e-30
6,0,0.006656450287517949,0.0,1.4778664763070992e-06,5.739520250997241e-30
6,0,0.007595663836869063,0.0,1.4778664763070992e-06,1.2225326318382384e-29
6,0,0.008393852443534517,0.0,1.4579601383957197e-06,2.636752168261677e-29
6,0,0.009437413318634678,0.0,1.5717093901912449e-06,5.289574416349942e-29
6,0,0.010509685278777912,0.0,1.5717093901912449e-06,1.007590574564393e-28
6,0,0.0118097548164262,0.0,1.5717093901912449e-06,1.7466344128789124e-28
6,0,0.013394319242222138,0.0,1.5717093901912449e-06,2.893411703782928e-28
6,0,0.014779064021708558,0.0,1.5717093901912449e-06,4.366417814253701e-28
6,0,0.01539743404203626,0.0,1.5717093901912449e-06,6.120541326091985e-28
6,0,0.015431705627885567,0.0,1.5717093901912449e-06,7.912837732392996e-28
6,0,0.015326197835000846,0.0,1.5717093901912449e-06,8.762655764801322e-28
6,0,0.014838399146115419,0.0,1.5717093901912449e-06,8.95616357596363e-28
6,0,0.01429057246872288,0.0,1.5717093901912449e-06,8.22704501761751e-28
6,0,0.013562644263643366,0.0,1.5717093901912449e-06,7.161918128558898e-28
6,0,0.012737432490632795,0.0,1.5717093901912449e-06,5.89793463939993e-28
6,0,0.011842114919531892,0.0,1.5717093901912449e-06,4.581730522763875e-28
6,0,0.010891867699641834,0.0,1.5717093901912449e-06,3.3584908038021478e-28
6,0,0.009891020709998947,0.0,1.5717093901912449e-06,2.33067567777988e-28
6,0,0.00885607740865293,0.0,1.5717093901912449e-06,1.4911005834101557e-28
6,0,0.00791397785463489,0.0,1.5931689176795771e-06,8.400063221213346e-29
6,0,0.007088499499713388,0.0,1.5931689176795771e-06,4.5391415311239783e-29
6,0,0.006298832961522999,0.0,1.5931689176795771e-06,2.2896093143169538e-29
6,0,0.005609216970444168,0.0,1.5931689176795771e-06,1.1350224376737588e-29
6,0,0.005099122617295348,0.0,1.4778664763070992e-06,5.8705211030347994e-30
6,0,0.0046386505160785595,0.0,1.4778664763070992e-06,3.2309968745910586e-30
6,0,0.004309014135085547,0.0,1.4778664763070992e-06,1.8676619119311e-30
6,0,0.004122091767019773,0.0,1.4778664763070992e-06,1.161774262878134e-30
6,0,0.004188904350176751,0.0,1.4778664763070992e-06,7.898048742044961e-31
6,0,0.0037213894887494427,0.0,1.4778664763070992e-06,6.098624089099999e-31
6,0,0.0035769793089602295,0.0,1.4778664763070992e-06,6.045673240770599e-31
6,0,0.004231133998560862,0.0,1.4778664763070992e-06,7.7675961405726265e-31
6,0,0.004660741533620322,0.0,1.5280470506695565e-06,1.1801506250052167e-30
6,0,0.005149955635075715,0.0,1.5280470506695565e-06,1.9922913965081053e-30
6,0,0.0056999420831395885,0.0,1.5280470506695565e-06,3.63842095963691e-30
6,0,0.006388415971604298,0.0,1.5280470506695565e-06,7.29528646007325e-30
6,0,0.00707515873107804,0.0,1.5280470506695565e-06,1.5399412339274992e-29
6,0,0.007716345529206398,0.0,1.6228677850449458e-06,3.4193516946775535e-29
6,0,0.00896498107479308,0.0,1.5074647308210842e-06,8.179849382106571e-29
6,0,0.011549052878236685,0.0,1.5074647308210842e-06,1.9301795088095263e-28
6,0,0.014405555900667773,0.0,1.5074647308210842e-06,4.2050739961276325e-28
6,0,0.014645351120997126,0.0,1.5074647308210842e-06,8.473446568772468e-28
6,0,0.013852090547187756,0.0,1.5074647308210842e-06,1.6843620922067004e-27
6,0,0.014191295899023015,0.0,1.5074647308210842e-06,3.4472905705647336e-27
6,0,0.015689839991081037,0.0,1.5074647308210842e-06,6.90818205839673e-27
6,0,0.01798387524727802,0.0,1.5074647308210842e-06,1.3230351397779045e-26
6,0,0.01941534242185346,0.0,1.5074647308210842e-06,2.3208477343108695e-26
6,0,0.020265259910186836,0.0,1.5074647308210842e-06,3.544626299582087e-26
6,0,0.01840082771304874,0.0,1.5074647308210842e-06,4.508671949586099e-26
6,0,0.018608396420622716,0.0,1.5074647308210842e-06,4.4935276690986025e-26
6,0,0.017953316092948323,0.0,1.5074647308210842e-06,3.7242141824411433e-26
6,0,0.015013611674752196,0.0,1.5074647308210842e-06,2.846003686347372e-26
6,0,0.01437645504809111,0.0,1.5074647308210842e-06,1.9992997093254253e-26
6,0,0.013016539020080315,0.0,1.5074647308210842e-06,1.3728817504497438e-26
6,0,0.011487917760603011,0.0,1.4579601383957197e-06,9.304810051564184e-27
6,0,0.010403596489880462,0.0,1.4579601383957197e-06,6.035430726286121e-27
6,0,0.01006358436730237,0.0,1.4579601383957197e-06,5.077032904362623e-27
6,0,0.009747082013850246,0.0,1.4579601383957197e-06,3.636206194367644e-27
6,0,0.008984760822176004,0.0,1.4579601383957197e-06,2.6471150195134413e-27
6,0,0.008168712548315535,0.0,1.4579601383957197e-06,1.6754864440579918e-27
6,0,0.007849312193914625,0.0,1.4579601383957197e-06,1.2178466817832052e-27
6,0,0.007929556466922895,0.0,1.4579601383957197e-06,8.79373064445401e-28
6,0,0.008036909652457933,0.0,1.3106152891850797e-06,6.4054691798544655e-28
6,0,0.007875297932799372,0.0,1.3106152891850797e-06,4.924732386586922e-28
6,0,0.0076881649508510645,0.0,1.3106152891850797e-06,4.02967425978494e-28
6,0,0.007697097861205145,0.0,1.146564272858086e-06,3.5836426069157098e-28
6,0,0.007919636864213866,0.0,1.146564272858086e-06,3.4619825752937403e-28
6,0,0.008411110743821953,0.0,1.146564272858086e-06,3.7281617417888544e-28
6,0,0.009572671297950178,0.0,1.146564272858086e-06,4.5348341286180455e-28
6,0,0.00931776835839564,0.0,1.146564272858086e-06,6.93516347024912e-28
6,0,0.009847274468245229,0.0,1.146564272858086e-06,1.3169466589261142e-27
6,0,0.011066554208420848,0.0,1.146564272858086e-06,3.0456139991314652e-27
6,0,0.013653681152983998,0.0,1.146564272858086e-06,7.266468198554932e-27
6,0,0.013832064485055544,0.0,1.146564272858086e-06,1.9356084356925617e-26
6,0,0.014856680479139562,0.0,1.146564272858086e-06,4.931787356862704e-26
6,0,0.017221516959558335,0.0,1.146564272858086e-06,1.1293797407520987e-25
6,0,0.019448748745190404,0.0,1.146564272858086e-06,2.373956346455556e-25
6,0,0.021642982041431644,0.0,1.146564272858086e-06,4.653623107138439e-25
6,0,0.023880173705252677,0.0,1.146564272858086e-06,8.262093275634743e-25
6,0,0.025977120413731385,0.0,1.146564272858086e-06,1.3345835395773952e-24
6,0,0.028368087924655852,0.0,1.146564272858086e-06,1.8524475510658986e-24
6,0,0.030008989584329192,0.0,1.146564272858086e-06,2.313954846447347e-24
6,0,0.030332926640621084,0.0,1.146564272858086e-06,2.530547652028449e-24
6,0,0.02966421618874268,0.0,7.615140589223302e-07,2.379978757125046e-24
6,0,0.02837939046646763,0.0,7.615140589223302e-07,2.2194084864500247e-24
6,0,0.027201789710754095,0.0,7.615140589223302e-07,1.903654090145605e-24
6,0,0.025643630392933877,0.0,7.615140589223302e-07,1.5390642734273468e-24
6,0,0.024098842944487817,0.0,7.615140589223302e-07,1.1964865355855364e-24
6,0,0.022876982575304093,0.0,7.615140589223302e-07,8.744203645708301e-25
6,0,0.021528551247354113,0.0,7.615140589223302e-07,6.101831213275474e-25
6,0,0.020134080606524767,0.0,7.615140589223302e-07,4.1017042168905773e-25
6,0,0.018445986403199048,0.0,7.615140589223302e-07,2.7911397662439318e-25
6,0,0.016624418107692777,0.0,7.615140589223302e-07,1.8553532709064736e-25
6,0,0.015050522724339729,0.0,7.615140589223302e-07,1.1890963880178128e-25
6,0,0.013573592595773008,0.0,7.615140589223302e-07,7.499280310985096e-26
6,0,0.012294137182722764,0.0,7.615140589223302e-07,4.8250097948115915e-26
6,0,0.011406472170123364,0.0,7.615140589223302e-07,3.1872636813508176e-26
6,0,0.010603509984490427,0.0,7.615140589223302e-07,2.2155992065612047e-26
6,0,0.01020149795952926,0.0,7.615140589223302e-07,1.6029380882410835e-26
6,0,0.010123541796209407,0.0,7.615140589223302e-07,1.2069048767308585e-26
6,0,0.010004769654487407,0.0,7.615140589223302e-07,9.826301806325693e-27
6,0,0.00992450619697573,0.0,7.615140589223302e-07,8.624801936427961e-27
6,0,0.0096598757402837,0.0,7.615140589223302e-07,8.35058340871424e-27
6,0,0.009574436234928187,0.0,6.760817541362485e-07,8.80575383991083e-27
6,0,0.009868289226699647,0.0,6.760817541362485e-07,1.007165064417305e-26
6,0,0.010793924192055568,0.0,6.760817541362485e-07,1.2262242651889957e-26
6,0,0.011831323593259018,0.0,6.760817541362485e-07,1.61696517528644e-26
6,0,0.012620255116749558,0.0,6.760817541362485e-07,2.399933043026418e-26
6,0,0.013025012533200273,0.0,6.760817541362485e-07,3.8684361366942193e-26
6,0,0.013516612508802634,0.0,7.726819148956565e-07,6.45413883547799e-26
6,0,0.014589750360461222,0.0,7.726819148956565e-07,9.770016426663779e-26
6,0,0.015822289265443792,0.0,9.20538639093138e-07,1.361933716939957e-25
6,0,0.01695531373586445,0.0,9.20538639093138e-07,1.8118625063850242e-25
6,0,0.01804174307217289,0.0,9.20538639093138e-07,2.272602018238563e-25
6,0,0.019052780304232464,0.0,9.20538639093138e-07,2.803111716556792e-25
6,0,0.020415659169495923,0.0,8.597631904194714e-07,3.117342625238004e-25
6,0,0.02260041794945029,0.0,8.47336707465729e-07,1.0969188540593527e-25
6,0,0.023156491543113607,0.0,8.264501047960948e-07,3.5927230257138954e-25
6,0,0.02281869255533034,0.0,8.47336707465729e-07,3.6249087971659456e-25
6,0,0.021337499370523236,0.0,1.0280461992806522e-06,3.4944952983909395e-25
6,0,0.020612425845730566,0.0,1.0280461992806522e-06,2.978335966014812e-25
6,0,0.020417579893636184,0.0,1.0280461992806522e-06,2.33815044300564e-25
6,0,0.01956503991317943,0.0,8.629215813016344e-07,1.7239387815984519e-25
6,0,0.01802841744461533,0.0,9.239203677680052e-07,1.3260422713856312e-25
6,0,0.016744581021886563,0.0,9.239203677680052e-07,1.0136988973094354e-25
6,0,0.015310104279484598,0.0,9.239203677680052e-07,7.89815919954395e-26
6,0,0.013550601670452227,0.0,9.239203677680052e-07,6.592893922028126e-26
6,0,0.01226077060045216,0.0,1.1508552688610507e-06,4.820300048688389e-26
6,0,0.011388772719224857,0.0,1.1508552688610507e-06,3.647168972797085e-26
6,0,0.010425779989229089,0.0,9.239203677680052e-07,2.5409725906393886e-26
6,0,0.009246989019033992,0.0,1.1508552688610507e-06,1.670815255052276e-26
6,0,0.00853770457128187,0.0,1.1508552688610507e-06,1.0334867489672453e-26
6,0,0.00789010789684665,0.0,1.1508552688610507e-06,6.4491393524539544e-27
6,0,0.007229447572310681,0.0,1.1508552688610507e-06,3.9098997135785254e-27
6,0,0.00677805876053366,0.0,1.1508552688610507e-06,3.969412104418058e-27
6,0,0.006774641223762248,0.0,1.1508552688610507e-06,3.854278086412644e-27
6,0,0.007151454776064343,0.0,1.1508552688610507e-06,4.2656956263186345e-27
6,0,0.0073578727157022185,0.0,1.1508552688610507e-06,3.5896939847271214e-26
6,0,0.008312854862317327,0.0,1.0217438557447167e-06,6.192856625126323e-27
6,0,0.009239998845938669,0.0,9.54286520027381e-07,8.898989649262572e-27
6,0,0.01045241807668047,0.0,1.4664047967016813e-06,1.4049829966883947e-26
6,0,0.012038789769434668,0.0,1.4664047967016813e-06,2.3621667894121488e-26
6,0,0.013635633160482444,0.0,1.4664047967016813e-06,4.5234874353134903e-26
6,0,0.01582906556045012,0.0,1.4664047967016813e-06,1.019282615033961e-25
6,0,0.01989122114126651,0.0,1.4302584077086067e-06,2.2688167184886666e-25
6,0,0.021795787378964024,0.0,1.6109912621686817e-06,5.658835525111168e-25
6,0,0.02450693722157173,0.0,2.372602011746494e-06,1.295008951760399e-24
6,0,0.02414899945319938,0.0,1.5672745803385624e-06,2.419607579129276e-24
6,0,0.024154374224544577,0.0,3.0312558010336943e-06,3.404847123665554e-24
6,0,0.021805456803101975,0.0,2.7430785394244594e-06,4.61496330214866e-24
6,0,0.021165049834559496,0.0,2.2478757273347583e-06,7.265509122420482e-24
6,0,0.023394548654333155,0.0,2.7788348688773112e-06,1.1638674724205323e-23
6,0,0.023295196028623302,0.0,2.7788348688773112e-06,1.7907284543479908e-23
6,0,0.020788985893415365,0.0,2.7788348688773112e-06,2.748236777052582e-23
6,0,0.017477191242566678,0.0,3.6090941648581065e-06,3.049665577647324e-23
6,0,0.0138173353569542,0.0,3.2240657219517743e-06,2.782945394704858e-23
6,0,0.011387673051485216,0.0,2.866830982384272e-06,4.285160594742747e-23
6,0,0.013447155443773682,0.0,2.9331620226002997e-06,5.220671057788707e-23
6,0,0.013763433123314467,0.0,2.098574441333767e-06,5.474264279723933e-23
6,0,0.012949209004210512,0.0,1.3656814417117857e-06,9.88855383158667e-23
6,0,0.012662237725223326,0.0,1.6882623867786606e-06,1.3573506766692752e-22
6,0,0.013113742637026672,0.0,1.6882623867786606e-06,1.7055411322416014e-22
6,0,0.013220868250438665,0.0,1.6882623867786606e-06,2.1021855703142644e-22
6,0,0.013435748818527396,0.0,1.6882623867786606e-06,2.4389776800037436e-22
6,0,0.01353767704923184,0.0,1.6882623867786606e-06,2.8226344383505927e-22
6,0,0.013457629960841159,0.0,1.1463258715593838e-06,3.569518603300729e-22
6,0,0.012962308223649563,0.0,1.7935534515345353e-06,5.330490403888442e-22
6,0,0.013907622127956758,0.0,1.3825044788973173e-06,5.574789392856099e-22
6,0,0.01431966488183112,0.0,1.5029544329081546e-06,6.791194733351643e-22
6,0,0.013394766753123745,0.0,1.7083862076106016e-06,7.1676245160647085e-22
6,0,0.012270424658423902,0.0,1.7083862076106016e-06,7.33357005339347e-22
6,0,0.01250120500561562,0.0,1.7083862076106016e-06,6.721991058471352e-22
6,0,0.011890780024403472,0.0,1.7083862076106016e-06,6.439101751326752e-22
6,0,0.01154020397106415,0.0,1.7083862076106016e-06,6.570084973336118e-22
6,0,0.011858153307260137,0.0,2.5160413770208834e-06,7.169128526712167e-22
6,0,0.012478973401196206,0.0,2.5160413770208834e-06,8.372357744388857e-22
6,0,0.01306306677198539,0.0,2.5160413770208834e-06,8.2935251701905665e-22
6,0,0.17532130700147602,0.0,1.7768725228961557e-06,0.0
6,0,0.011443988396152164,0.0,1.7768725228961557e-06,1.4158924862078334e-21
6,0,0.011364219834980328,0.0,1.7542780597068486e-06,1.9367505080327155e-21
6,0,0.012028637005884874,0.02,1.7865423842522432e-06,2.6627299347251417e-21
6,0,0.01270344855567778,0.02,1.688548877609719e-06,3.721255354709492e-21
6,0,0.012816207340421644,0.02,1.3614252338811639e-06,5.443595235751564e-21
6,0,0.012767297217420998,0.02,1.3181111171434168e-06,3.598326541381952e-21
6,0,0.01236575678374062,0.02,1.3181111171434168e-06,8.045725708774743e-21
6,0,0.012085228461239226,0.02,2.17455999518279e-06,1.1793372487109938e-20
6,0,0.011932730630980234,0.02,2.17455999518279e-06,1.7520202361755972e-20
6,0,0.01194516137125177,0.02,1.8000317140831612e-05,2.6348940146430252e-20
6,0,0.012124611105972698,0.02,3.229090725653805e-05,3.9361780420422224e-20
6,0,0.01240099767561382,0.02,3.950812606490217e-05,5.72745413751457e-20
6,0,0.012642624330528396,0.02,3.950812606490217e-05,8.36843891565237e-20
6,0,0.012949677425064157,0.02,3.950812606490217e-05,1.1364101938346716e-19
6,0,0.013273041049394762,0.02,0.0001274288515560329,1.4723530560108328e-19
6,0,0.013371219469658979,0.02,0.0001274288515560329,1.796321444844523e-19
6,0,0.013251136928721062,0.02,0.0001807281660148874,2.0094760659296643e-19
6,0,0.0131048931962666,0.02,0.00016809340741019696,2.072765593300657e-19
6,0,0.013100015762960708,0.02,0.00016809340741019696,2.0172485910073364e-19
6,0,0.013263070238443746,0.02,5.603508907370269e-05,1.8599791968350727e-19
6,0,0.013497890417278278,0.02,4.579891901812516e-05,1.6087267046872705e-19
6,0,0.013666357535342259,0.02,3.6578410799847916e-05,1.3106722042342473e-19
6,0,0.013472047771686714,0.02,1.9400782548473217e-05,1.0296025651902933e-19
6,0,0.012551922383162833,0.02,1.4475026546278968e-05,7.977517881803784e-20
6,0,0.011533279961037165,0.02,1.4432849866352626e-06,5.4031938443975274e-20
6,0,0.011206026380938296,0.02,1.4432849866352626e-06,4.828853910768404e-20
6,0,0.011636433336061626,0.02,1.4432849866352626e-06,3.4312052807113396e-20
6,0,0.01219133934508935,0.02,1.84890109267144e-06,2.3668461371452166e-20
6,0,0.012203823794573939,0.02,2.7277940262138145e-06,1.785240585057551e-20
6,0,0.012005853705580556,0.02,2.8860990823886823e-06,1.4284087628515264e-20
6,0,0.011816792630150513,0.02,2.5623157853260636e-06,1.2369395539415151e-20
6,0,0.011784804783957112,0.02,2.5623157853260636e-06,1.125808080983086e-20
6,0,0.011715762118783822,0.02,2.5623157853260636e-06,1.2077513066489738e-20
6,0,0.011818772421820558,0.02,2.5623157853260636e-06,1.3693553372573427e-20
6,0,0.011917131383568305,0.02,2.5623157853260636e-06,1.4235511770160514e-20
6,0,0.01162743925299748,0.02,2.421770432192716e-06,1.4235566700123066e-20
6,0,0.010924308087798975,0.02,2.421770432192716e-06,1.5511145443752325e-20
6,0,0.009922266663880318,0.02,1.9525996322045103e-06,1.8345473350316738e-20
6,0,0.008995857390428966,0.02,2.5792419364734087e-06,2.1778306819741615e-20
6,0,0.010053093707661947,0.02,2.5792419364734087e-06,2.5222643269559807e-20
6,0,0.010118573327226845,0.02,4.255113253748277e-06,2.3396819781933727e-20
6,0,0.010664830190406477,0.02,5.0328351790085435e-05,1.907176054635817e-20
6,0,0.01105972488108658,0.02,4.4055097532691434e-05,1.5054118461793973e-20
6,0,0.01094553740263903,0.02,0.00010491088323760778,1.285448446209565e-20
6,0,0.010072495810039835,0.02,0.000128356899949722,1.2806617038699113e-20
6,0,0.008992155916117166,0.02,0.0003371001221239567,1.151631302613799e-20
6,0,0.00761703262816679,0.02,0.00033339697984047234,8.901800289423874e-21
6,0,0.006189033785134033,0.06,0.0002764571690931916,6.217872235914927e-21
6,0,0.0059145380767257755,0.06,0.0002764571690931916,3.9170326074913844e-21
6,0,0.006187632699645528,0.08,7.731896039331332e-05,1.5604137225540442e-21
6,0,0.005265149423418381,0.06,6.232423766050488e-05,1.1255628954406786e-21
6,0,0.004063120869683092,0.04,7.019922486506402e-05,7.714860229024656e-22
6,0,0.004560517382719135,0.04,0.0001386641524732113,4.919677392869285e-22
6,0,0.0056794758351919735,0.04,2.3308750314754434e-05,3.4274208991166507e-22
6,0,0.005909908267473313,0.04,2.3308750314754434e-05,2.086279736327857e-22
6,0,0.005706695298156118,0.04,9.358886018162593e-06,1.2584222180092772e-22
6,0,0.0052369078604290855,0.04,6.131285317678703e-06,7.453459492938276e-23
6,0,0.005101594024349551,0.04,6.0050920183130074e-06,3.741906168108142e-23
6,0,0.004832574618530538,0.04,3.4391650842735544e-06,1.8218308732581396e-23
6,0,0.004504852483809821,0.04,3.4391650842735544e-06,8.713574543341285e-24
6,0,0.004198631352177055,0.04,2.5444276161579182e-06,4.106794489792936e-24
6,0,0.003993001644021006,0.04,2.5444276161579182e-06,1.7993757503757972e-24
6,0,0.003861399367989591,0.04,2.5444276161579182e-06,8.284121230336908e-25
6,0,0.0037414780748603834,0.04,3.357376726853545e-06,4.205000375529578e-25
6,0,0.00339879926384432,0.04,1.409778747074597e-06,2.376085531342554e-25
6,0,0.002731491410181407,0.04,1.409778747074597e-06,1.4874612084832505e-25
6,0,0.002072170321233174,0.04,1.068416850102949e-06,1.1543157572256513e-25
6,0,0.002037419721300582,0.04,1.409778747074597e-06,6.333962578803776e-27
6,0,0.0019990494771386226,0.04,1.409778747074597e-06,9.245196510883973e-26
6,0,0.0022643170616562093,0.04,1.4415984423976624e-06,7.5866959600449e-26
6,0,0.002397740596835717,0.04,1.3942568557467894e-06,7.176748983207246e-26
6,0,0.0024952060640856927,0.04,3.320411678942037e-06,7.047394899976048e-26
6,0,0.0025636753241601597,0.04,3.138284455417306e-06,7.121442438180266e-26
6,0,0.002622040998201635,0.04,3.138284455417306e-06,7.328745223311033e-26
6,0,0.0026765275080645676,0.04,2.8504084639280336e-06,8.018620724961527e-26
6,0,0.00274418697269169,0.04,2.8504084639280336e-06,9.904621365295354e-26
6,0,0.002816978371983717,0.04,9.064770893019158e-06,1.3562669839311085e-25
6,0,0.002879952393014462,0.04,2.6641662770998664e-05,2.0240180186780644e-25
6,0,0.0029177685212632247,0.04,2.6641662770998664e-05,3.1176280942780807e-25
6,0,0.0029624292854073986,0.04,7.481747161364183e-05,4.537471227453697e-25
6,0,0.0030740067406951,0.04,0.000177831927430816,6.639765818345063e-25
6,0,0.0032662688194980824,0.06,0.000177831927430816,9.242062637678466e-25
6,0,0.003465696906385034,0.06,0.000177831927430816,1.179330487226403e-24
6,0,0.003665459498517808,0.06,0.000177831927430816,1.2795750853649762e-24
6,0,0.0037630053858024124,0.04,0.000177831927430816,1.2646193672857305e-24
6,0,0.003952833113728181,0.04,8.925455040298402e-05,1.1401199587171663e-24
6,0,0.004316503173752856,0.04,0.00011264377826591954,9.384095071511246e-25
6,0,0.0038918193203708387,0.04,2.5112512958003208e-05,7.219064344979916e-25
6,0,0.003528447446269669,0.04,1.9347939087310806e-05,5.077773894353146e-25
6,0,0.0036673693467483303,0.04,4.922264906781493e-06,3.5998291833557395e-25
6,0,0.0035245604326976806,0.04,8.500311423631501e-07,2.7930783919185124e-25
6,0,0.0032788728441249105,0.04,8.500311423631501e-07,5.179603511265535e-25
6,0,0.002980346279570556,0.04,9.358798251923872e-07,1.8628850436585877e-25
6,0,0.002793929291904508,0.04,7.27285225821106e-07,1.788937468922203e-25
6,0,0.0026043248096670217,0.04,9.022776907841035e-07,1.3763958792634705e-25
6,0,0.0026038174482468333,0.04,9.022776907841035e-07,1.1908804462587767e-25
6,0,0.0029355146374831203,0.04,9.57220663622138e-07,1.1480491201502854e-25
6,0,0.0028686095442463574,0.0,9.399335567650269e-07,1.2859013307424929e-25
6,0,0.0028102726523548983,0.0,9.399335567650269e-07,1.481294781394751e-25
6,0,0.0029359730078315108,0.0,9.399335567650269e-07,1.772525834086662e-25
6,0,0.0032417729066182748,0.0,9.399335567650269e-07,2.3077036168115364e-25
6,0,0.003506306310455249,0.0,9.399335567650269e-07,3.310731383114869e-25
6,0,0.0035933565187091236,0.0,9.399335567650269e-07,5.094770395594199e-25
6,0,0.0036700179525546725,0.0,9.399335567650269e-07,7.745102927598772e-25
6,0,0.003906986020131991,0.0,8.205897188418021e-07,1.1723510403674601e-24
6,0,0.004161731691117584,0.0,8.250554515143449e-07,1.7628773256587103e-24
6,0,0.004314128116875289,0.04,8.250554515143449e-07,2.8351272419647343e-24
6,0,0.004525673304799404,0.04,7.798003593961766e-07,4.543727190254939e-24
6,0,0.004726666569972185,0.04,1.1172623999300413e-06,6.920299645991241e-24
6,0,0.004792175314448318,0.04,1.1172623999300413e-06,9.994431429069632e-24
6,0,0.004970536724733411,0.04,1.1172623999300413e-06,1.3009760731411944e-23
6,0,0.00544081244116645,0.02,1.0817163911269745e-06,1.8201360844893628e-23
6,0,0.005948746131652261,0.02,1.3080131111564697e-06,2.4170532475181705e-23
6,0,0.004281560013695373,0.02,4.799307475877868e-07,8.067627624014638e-24
6,0,0.0031923704813755912,0.02,5.063696448814881e-07,3.6332310331969944e-24
6,0,0.0019413888164237624,0.0,6.4652658693376e-07,2.1542448285894694e-24
6,0,0.0015503140615628155,0.02,6.4652658693376e-07,3.0059363355438454e-24
6,0,0.0013649858721319524,0.02,1.6582250736973947e-06,4.454501105417654e-24
6,0,0.0011581062576962078,0.02,5.816573775518918e-06,5.429174252558949e-24
6,0,0.001030208978681914,0.02,5.816573775518918e-06,5.4292775933375326e-24
6,0,0.0010066478830270266,0.02,5.816573775518918e-06,4.695405026375857e-24
6,0,0.0009080148668803923,0.02,5.816573775518918e-06,3.9233973455339866e-24
6,0,0.0008790780190359619,0.02,1.6582250736973947e-06,2.987246445762123e-24
6,0,0.0008868154478517034,0.02,1.4721498473591055e-06,2.3890839869083333e-24
6,0,0.0010214058726855236,0.02,7.131767461032723e-07,1.5133489856389523e-24
6,0,0.0011501129929315798,0.02,6.366361162690737e-07,1.0119375557973515e-24
6,0,0.0012066241981404109,0.02,5.707906893803738e-07,8.723214029172633e-25
6,0,0.0013001012043446364,0.02,8.99864744496881e-07,7.415958603504357e-25
6,0,0.0012763025199111855,0.02,8.99864744496881e-07,8.520881067744759e-25
6,0,0.0012847841349668727,0.02,5.454533607007761e-07,9.7568357935327e-25
6,0,0.0014227893285941881,0.02,5.454533607007761e-07,9.212847174053605e-25
6,0,0.0015711293582715024,0.02,5.454533607007761e-07,9.059779562232915e-25
6,0,0.0016571867227283964,0.02,5.633773412228038e-07,9.22564841439308e-25
6,0,0.0016908441881595272,0.02,5.633773412228038e-07,8.90531369445772e-25
6,0,0.0018383357220307175,0.02,6.311103106781957e-07,6.595738998186613e-25
6,0,0.00179520831301766,0.02,7.71331599480618e-07,6.3330029572459655e-25
6,0,0.0018014157075041748,0.02,7.71331599480618e-07,5.996035598162087e-25
6,0,0.0018447202703768713,0.02,7.71331599480618e-07,5.55832429198663e-25
6,0,0.0018933564219839156,0.04,7.71331599480618e-07,5.168057545841494e-25
6,0,0.0019144354400538143,0.04,7.71331599480618e-07,4.882986387483711e-25
6,0,0.001934086698975853,0.02,7.71331599480618e-07,4.977319853644237e-25
6,0,0.001976525403621778,0.02,7.71331599480618e-07,5.215709181859435e-25
6,0,0.0022784787120693002,0.02,1.2725084843623335e-06,4.457693724108696e-25
6,0,0.002310535680009063,0.02,1.2725084843623335e-06,4.52739106419917e-25
6,0,0.002305097679043895,0.02,1.3699246892429073e-06,4.410098294430252e-25
6,0,0.002260181913667194,0.02,7.210509807009657e-07,4.1482018973156e-25
6,0,0.0021734276980218768,0.02,8.042301828936615e-07,3.7898112947172144e-25
6,0,0.0020398972184535787,0.02,7.51133484300226e-07,3.395920718788719e-25
6,0,0.0018700942507668072,0.02,8.536698032912682e-07,2.963986832667875e-25
6,0,0.0017117161151307622,0.02,8.536698032912682e-07,2.652222346910643e-25
6,0,0.001433220723536978,0.02,7.352093689405592e-07,3.0820825149268877e-25
6,0,0.0012362845240891274,0.02,1.5329746929637622e-06,3.053586393839976e-25
6,0,0.001167089386642231,0.02,2.0049581053172005e-06,2.54417453391285e-25
6,0,0.0010629182026750744,0.02,7.032806479401188e-06,1.9057458287915083e-25
6,0,0.0009200623205727777,0.02,6.6412162595952395e-06,1.170419982827189e-25
6,0,0.0007087742897489703,0.02,1.8933205865323544e-06,6.123045285390581e-26
6,0,0.0005118193027257463,0.02,1.2912058764413814e-06,2.6824302961618845e-26
6,0,0.00048105980028239156,0.02,7.621360396115051e-07,1.4038043275624297e-26
6,0,0.0005205761915854578,0.02,7.621360396115051e-07,8.584166355345346e-27
6,0,0.0006098558876535737,0.02,7.621360396115051e-07,6.0206449769170715e-27
6,0,0.0005929770016060387,0.02,6.705939767925884e-07,4.230998457626543e-27
6,0,0.0005917793392845013,0.02,5.486859322445525e-07,2.4456706436433084e-27
6,0,0.000582942878051453,0.02,4.919369871458912e-07,2.360643532900534e-27
6,0,0.0006385667697804212,0.02,7.755500064376974e-07,1.9831726267873077e-27
6,0,0.0006351662055449679,0.02,7.755500064376974e-07,1.6397485028239534e-27
6,0,0.0006527613526847146,0.02,4.70099877247776e-07,1.4147706111843695e-27
6,0,0.0006907650592265324,0.02,4.855477868659364e-07,1.3318199418111363e-27
6,0,0.0007300590362493936,0.02,4.855477868659364e-07,1.3819816538811768e-27
6,0,0.0007666976555452442,0.02,4.855477868659364e-07,1.5706210030335651e-27
6,0,0.0009407237794520161,0.02,5.934276714469888e-07,1.9912230139548464e-27
6,0,0.0010663019516804454,0.02,5.934276714469888e-07,2.447555936465869e-27
6,0,0.0012031548111942967,0.02,5.934276714469888e-07,3.067160147791303e-27
6,0,0.0013378582588408306,0.04,5.934276714469888e-07,4.021046671413068e-27
6,0,0.001483488727898226,0.02,5.934276714469888e-07,5.482967706902932e-27
6,0,0.0016550118467458827,0.02,5.934276714469888e-07,7.664065650365988e-27
6,0,0.0016304384578163795,0.02,5.934276714469888e-07,1.2242284625062261e-26
6,0,0.0017844453130626077,0.02,9.79010678747727e-07,1.5653282201382984e-26
6,0,0.0019201983819066815,0.02,9.79010678747727e-07,1.8804840066011236e-26
6,0,0.002028364090527937,0.02,9.81314769887831e-07,2.1529279054268886e-26
6,0,0.002114410024500746,0.02,6.926302376086824e-07,2.41022706154197e-26
6,0,0.002199256412057985,0.02,6.926302376086824e-07,2.7751279236499665e-26
6,0,0.0023047027478161355,0.02,7.871803973102942e-07,3.4183919147120054e-26
6,0,0.0024303137422745564,0.02,7.871803973102942e-07,4.4605662255095905e-26
6,0,0.0025565418833438185,0.02,7.871803973102942e-07,5.892407624904827e-26
6,0,0.0026454583037091002,0.02,8.463587164442288e-07,7.337473229670205e-26
6,0,0.0026478043902301296,0.02,8.463587164442288e-07,8.132786770576892e-26
6,0,0.0025333022211268003,0.02,8.463587164442288e-07,7.465399967701018e-26
6,0,0.002343300208589028,0.02,8.463587164442288e-07,5.6284331956025e-26
6,0,0.002166806754022413,0.02,8.194315341825131e-07,3.739860437309345e-26
6,0,0.00154241043690553,0.02,8.849348773765087e-07,3.40080678765019e-26
6,0,0.0012638298768460681,0.02,8.849348773765087e-07,2.602569839162319e-26
6,0,0.0010670143068274884,0.02,8.849348773765087e-07,2.357485701126519e-26
6,0,0.001064491969880073,0.02,7.786433116052649e-07,2.2591600441177508e-26
6,0,0.001010688665388991,0.02,7.786433116052649e-07,2.3921091452203394e-26
6,0,0.0009525824181695648,0.02,6.981105684644717e-07,2.4947646008928812e-26
6,0,0.0009318116758767412,0.02,1.1005872693203855e-06,2.2610050850044738e-26
6,0,0.0009474881775989416,0.02,9.005102583614644e-07,1.8203829745333888e-26
6,0,0.0009603253452381563,0.02,9.301016916651861e-07,1.440211799082335e-26
6,0,0.0009667187207683594,0.02,5.637814979309042e-07,1.2771354528968946e-26
6,0,0.0010135770163607497,0.02,5.637814979309042e-07,1.2596973128084348e-26
6,0,0.0010923238147920857,0.02,5.637814979309042e-07,1.3197032809741146e-26
6,0,0.0011252017830512904,0.02,6.89043588408822e-07,1.3778974883225104e-26
6,0,0.001125150846242329,0.02,6.89043588408822e-07,1.443644114392024e-26
6,0,0.001155396744709143,0.0,6.89043588408822e-07,1.543454586350717e-26
6,0,0.001226888954096831,0.0,6.89043588408822e-07,1.6313079607682808e-26
6,0,0.0012517446408462512,0.02,6.89043588408822e-07,1.6383738125482486e-26
6,0,0.0011806557945792445,0.02,6.89043588408822e-07,1.6490960038090368e-26
6,0,0.0011141851633455074,0.0,6.89043588408822e-07,1.7280797774979173e-26
6,0,0.0013608660189948312,0.0,6.89043588408822e-07,2.0079442073622086e-26
6,0,0.0014364994048558996,0.02,5.934276714469888e-07,2.4459609198045264e-26
6,0,0.001501767454588686,0.02,9.79010678747727e-07,2.9142062582819686e-26
6,0,0.0015433816002420105,0.02,9.79010678747727e-07,3.345018297913927e-26
6,0,0.0015945918210610787,0.02,9.79010678747727e-07,3.488660316142149e-26
6,0,0.0016061147443691408,0.02,9.81314769887831e-07,3.569525338200707e-26
6,0,0.001609779226006697,0.02,6.926302376086824e-07,3.60122861027565e-26
6,0,0.0017528950214359346,0.02,6.926302376086824e-07,2.975824306848298e-26
6,0,0.0018821616442735824,0.02,7.871803973102942e-07,3.65209750456197e-26
6,0,0.0019034264908585803,0.02,7.871803973102942e-07,3.8753189480922726e-26
6,0,0.0020232049290082902,0.02,7.871803973102942e-07,4.091996852043525e-26
6,0,0.002147652006631961,0.02,2.2023889414413134e-06,4.1139090044299944e-26
6,0,0.002131065463232566,0.02,2.2023889414413134e-06,3.806050797638046e-26
6,0,0.0019434146535999342,0.02,2.2023889414413134e-06,3.287234544755279e-26
6,0,0.0018003705730941818,0.02,2.2023889414413134e-06,2.4904381918658097e-26
6,0,0.001648157356480986,0.02,2.2023889414413134e-06,1.681031465998075e-26
6,0,0.001399944138754066,0.02,9.140145493802265e-07,1.1096621316112204e-26
6,0,0.0012435230056335935,0.02,9.140145493802265e-07,7.391182177289716e-27
6,0,0.001103995321857035,0.02,9.140145493802265e-07,5.106654092093288e-27
6,0,0.0009978035891790324,0.02,8.042301828936615e-07,3.714719810038501e-27
6,0,0.0009370907627464797,0.02,8.042301828936615e-07,2.986262230849295e-27
6,0,0.0009199793922893347,0.02,6.209935463630245e-07,2.5767161170702658e-27
6,0,0.000874210927092506,0.02,9.79010678747727e-07,2.3849557021465008e-27
6,0,0.00079541423216485,0.02,9.79010678747727e-07,2.3152846086293092e-27
6,0,0.0008290701590017574,0.02,5.934276714469888e-07,2.086688472403205e-27
6,0,0.0008092281494163639,0.02,6.89043588408822e-07,2.0230665322483394e-27
6,0,0.0008764794802903921,0.0,6.89043588408822e-07,2.24755485249606e-27
6,0,0.0009337359771414438,0.0,6.845784810138866e-07,2.677940491238331e-27
6,0,0.000977324112693085,0.0,6.845784810138866e-07,3.387792046420801e-27
6,0,0.0010294278471970168,0.0,6.845784810138866e-07,4.2620845076729085e-27
6,0,0.0010902823989285004,0.0,7.297377351278556e-07,5.164701620617119e-27
6,0,0.0011475260822017008,0.02,7.297377351278556e-07,6.359189949959315e-27
6,0,0.0012020579512326008,0.02,7.297377351278556e-07,7.838544118119783e-27
6,0,0.001233891817167086,0.02,7.297377351278556e-07,9.972479889104685e-27
6,0,0.0011898948621454335,0.02,7.297377351278556e-07,1.337482233625533e-26
6,0,0.001162002534246104,0.02,1.1299398465780541e-06,1.9960458121657842e-26
6,0,0.0012134154694276255,0.02,1.1373097095201956e-06,2.961261503129611e-26
6,0,0.0013130246714418712,0.02,1.1373097095201956e-06,4.198602467069203e-26
6,0,0.001382046368853081,0.0,1.1373097095201956e-06,5.7441529274226e-26
6,0,0.0013982826979525922,0.0,1.1373097095201956e-06,7.217601501038797e-26
6,0,0.0013267449445957247,0.02,1.1373097095201956e-06,8.169820708589107e-26
6,0,0.0012021939339930336,0.02,1.1373097095201956e-06,9.404983985021982e-26
6,0,0.001441196325074758,0.02,1.1373097095201956e-06,1.253528574604002e-25
6,0,0.001980366836441124,0.02,1.8762823401630158e-06,1.7838334156059065e-25
6,0,0.0022391531701888806,0.02,1.8762823401630158e-06,2.675237610339499e-25
6,0,0.0023150507990575037,0.02,1.8762823401630158e-06,3.8832079885527903e-25
6,0,0.0025367260664475393,0.02,1.8762823401630158e-06,4.382042949374133e-25
6,0,0.00285451848349926,0.02,1.1367534398232237e-06,4.262787888103478e-25
6,0,0.002880966180633915,0.02,1.1367534398232237e-06,5.199776656764299e-25
6,0,0.0028356070001815405,0.02,1.1367534398232237e-06,5.701869366605172e-25
6,0,0.0025175771443204293,0.02,1.1367534398232237e-06,5.630283690722825e-25
6,0,0.0022759777504149843,0.02,1.1367534398232237e-06,3.88682417624613e-25
6,0,0.0021006664780849767,0.02,1.179825744657137e-06,3.0009397891777887e-25
6,0,0.002031018126787949,0.02,1.179825744657137e-06,1.8835000745237922e-25
6,0,0.0018076767038838829,0.02,1.179825744657137e-06,1.3354896202827514e-25
6,0,0.0015706382865342053,0.02,1.179825744657137e-06,1.1868215103823817e-25
6,0,0.0014624611026614089,0.02,9.79010678747727e-07,6.935727324758938e-26
6,0,0.0013861868429143032,0.02,9.79010678747727e-07,7.418926199622185e-26
6,0,0.0013933979509612399,0.02,4.855477868659364e-07,5.825292201905239e-26
6,0,0.0013322858964846108,0.02,4.855477868659364e-07,4.430211720693301e-26
6,0,0.0010402069314663224,0.02,4.855477868659364e-07,2.9382390906488014e-26
6,0,0.000907592552222038,0.02,2.652862747254403e-07,2.4251123429705457e-26
6,0,0.000857908300673159,0.02,2.635671876305423e-07,2.5326598147762266e-26
6,0,0.0010337968146340618,0.0,2.2274163313795725e-07,2.7491026011998684e-26
6,0,0.0013449986006008254,0.0,2.2274163313795725e-07,3.476637274759724e-26
6,0,0.0014760970512162444,0.0,2.2274163313795725e-07,4.455974192224589e-26
6,0,0.0015906294259850436,0.0,2.3743511690099695e-07,5.474965853169992e-26
6,0,0.0016527293487897958,0.0,2.3743511690099695e-07,6.748416000599702e-26
6,0,0.0015661328591450422,0.0,3.919016648978868e-07,1.015270086365506e-25
6,0,0.001562510022280925,0.0,3.919016648978868e-07,1.3936301481117373e-25
6,0,0.0015847822859194006,0.0,4.30878941415358e-07,1.799951569532802e-25
6,0,0.0016133264707463113,0.0,5.266124389891047e-07,2.131608415610346e-25
6,0,0.001647371142854176,0.0,4.789751528733177e-07,2.263241197521984e-25
6,0,0.001603813714038745,0.0,4.789751528733177e-07,2.690035408326281e-25
6,0,0.001617734960175141,0.0,4.789751528733177e-07,3.371910997581219e-25
6,0,0.0017031348779123195,0.02,4.4933415210834937e-07,4.400317898319709e-25
6,0,0.0017881417299699296,0.02,4.5226491351968434e-07,5.765120727023858e-25
6,0,0.001960300219406735,0.02,4.5226491351968434e-07,6.409756658133641e-25
6,0,0.0021910119015403563,0.04,2.740063962392014e-07,5.648504898519233e-25
6,0,0.0023559882166559387,0.02,2.740063962392014e-07,4.414811245300882e-25
6,0,0.0022621424294839553,0.02,2.740063962392014e-07,4.1321083952919924e-25
6,0,0.0020221095462959835,0.02,4.520437073551875e-07,2.7231259046290063e-25
6,0,0.001940229951618906,0.02,4.520437073551875e-07,1.9797052364414714e-25
6,0,0.0019461401756911269,0.02,4.520437073551875e-07,1.4596761715466856e-25
6,0,0.002372034061295161,0.02,4.531076172042958e-07,1.2003212624015256e-25
6,0,0.0025710127977195798,0.02,3.198117326519423e-07,9.805673555877351e-26
6,0,0.002341308208342159,0.02,3.198117326519423e-07,7.436663860335596e-26
6,0,0.0019753459051816387,0.02,3.198117326519423e-07,5.1673452290959827e-26
6,0,0.001605120739998368,0.04,3.096368175192765e-07,3.731068336001624e-26
6,0,0.0013503519682282648,0.02,3.519049585065659e-07,2.4382380948019292e-26
6,0,0.001133061373426267,0.02,3.519049585065659e-07,1.5656328252183027e-26
6,0,0.0009024189316847681,0.02,3.519049585065659e-07,1.0331832224080099e-26
6,0,0.0007259575437755954,0.02,3.519049585065659e-07,6.78804408920981e-27
6,0,0.0006332958112792689,0.02,2.87931754883175e-07,4.7763139658001225e-27
6,0,0.0005937543347684603,0.02,2.533475651489425e-07,3.677735792130444e-27
6,0,0.0005658456847803163,0.02,2.533475651489425e-07,3.1947728436853845e-27
6,0,0.0005572330570110705,0.02,2.533475651489425e-07,3.034087501007302e-27
6,0,0.0005847061476650235,0.02,2.533475651489425e-07,2.981947955180873e-27
6,0,0.0006101658218664888,0.02,2.533475651489425e-07,3.2108863291580948e-28
6,0,0.0005600295234902124,0.02,3.58941520062217e-07,3.503234213217316e-27
6,0,0.0005636411554448393,0.02,3.580987026907678e-07,3.675463579982056e-27
6,0,0.0005918711728157905,0.02,3.580987026907678e-07,4.1011996386525874e-27
6,0,0.0006420217828253431,0.02,3.580987026907678e-07,5.01619971076723e-27
6,0,0.0006448993153275397,0.02,3.580987026907678e-07,7.922597093496686e-27
6,0,0.0007110039029324076,0.02,3.580987026907678e-07,1.0170876095651836e-26
6,0,0.0007820354623962524,0.02,3.580987026907678e-07,1.2667617779188427e-26
6,0,0.0008514691457497426,0.02,3.6986611462452856e-07,1.5846864353441145e-26
6,0,0.0009161620154823543,0.02,4.520437073551875e-07,1.9864143135511014e-26
6,0,0.0009735903247960637,0.02,4.520437073551875e-07,2.4819500793405107e-26
6,0,0.0011269692721091375,0.02,4.520437073551875e-07,2.4741512956609068e-26
6,0,0.0012217930294213045,0.02,4.520437073551875e-07,2.859137912270511e-26
6,0,0.0011200824633360333,0.02,4.520437073551875e-07,2.947219779016677e-26
6,0,0.001033192557079816,0.02,4.520437073551875e-07,3.715303135700057e-26
6,0,0.0009402576172077055,0.02,4.520437073551875e-07,4.075981434923583e-26
6,0,0.0010405231290238146,0.02,2.867345472168381e-07,3.89283196833697e-26
6,0,0.001115544160507221,0.02,3.198117326519423e-07,3.334673126699052e-26
6,0,0.0011265635660740296,0.02,3.198117326519423e-07,2.979822845561637e-26
6,0,0.0010626265919239696,0.02,3.634688425790955e-07,3.0353158206072333e-26
6,0,0.0010375577481015036,0.02,3.519049585065659e-07,3.2883632937770856e-26
6,0,0.0010597462025034934,0.02,3.519049585065659e-07,3.8609025150493587e-26
6,0,0.0010893786326177648,0.02,3.519049585065659e-07,4.8490339990122735e-26
6,0,0.001028156288475614,0.02,3.7836036881344626e-07,6.553276464551312e-26
6,0,0.0009904456603982384,0.02,3.7836036881344626e-07,7.078811285526475e-26
6,0,0.0009413655377778697,0.02,3.7836036881344626e-07,7.053823500056017e-26
6,0,0.0008878192905386914,0.02,6.46582122953987e-07,6.428093483356471e-26
6,0,0.0008289138532528662,0.02,6.46582122953987e-07,5.677621754530941e-26
6,0,0.0007672540007572751,0.02,5.290391982271103e-07,5.0846331631835596e-26
6,0,0.0007021867377256328,0.02,5.290391982271103e-07,4.8045305343037465e-26
6,0,0.0006239887052280937,0.02,5.290391982271103e-07,5.746607640692518e-26
6,0,0.0006104988923144259,0.02,4.920481728731829e-07,7.483334843640734e-26
6,0,0.000614278235107497,0.02,4.920481728731829e-07,1.2130627218755258e-25
6,0,0.0006165828667287127,0.02,4.1556182850399637e-07,2.124529375062119e-25
6,0,0.000679280505095496,0.02,3.963904759984871e-07,2.2106616460367407e-25
6,0,0.0007988047950071873,0.02,2.533475651489425e-07,2.168333588533877e-25
6,0,0.0010065548619703779,0.02,3.58941520062217e-07,2.082468051152833e-25
6,0,0.0012290897959663723,0.02,3.580987026907678e-07,2.3492723956931247e-25
6,0,0.0013271505717662286,0.02,3.580987026907678e-07,3.5082929686613207e-25
6,0,0.0013680403691093055,0.02,2.2419443723720178e-07,5.640516202739673e-25
6,0,0.0015701924094827693,0.02,2.2419443723720178e-07,6.3081686298734765e-25
6,0,0.0017002331031297226,0.02,2.7753549147746526e-07,6.608230610620787e-25
6,0,0.0017450078094787757,0.02,3.3887005201904685e-07,6.180779919631927e-25
6,0,0.0017738495655434234,0.02,3.3887005201904685e-07,5.577652863278742e-25
6,0,0.0020282019493589347,0.0,3.585360843771923e-07,3.917996261434971e-25
6,0,0.0020201904152024027,0.0,3.5621275173980393e-07,3.301046143351018e-25
6,0,0.001990052750339192,0.02,3.5621275173980393e-07,2.7627609882166716e-25
6,0,0.001976201611164505,0.02,3.5621275173980393e-07,2.3430702233448574e-25
6,0,0.0019485621979291518,0.02,3.5621275173980393e-07,1.9614686212055082e-25
6,0,0.001965833060065612,0.02,3.5621275173980393e-07,1.3894790141170446e-25
6,0,0.0018135153704339159,0.02,3.74773463818201e-07,1.0392553405589927e-25
6,0,0.0016682113522682794,0.02,3.74773463818201e-07,7.819823462762757e-26
6,0,0.0015533737494372122,0.02,3.4812308058462804e-07,6.492487952530629e-26
6,0,0.0014594501781560155,0.02,3.347052768276626e-07,6.261199481798068e-26
6,0,0.001387121093813486,0.02,3.347052768276626e-07,6.653022995635852e-26
6,0,0.0014190896637573105,0.02,3.347052768276626e-07,6.826037448483121e-26
6,0,0.0014809661653818085,0.0,3.347052768276626e-07,6.606287301084582e-26
6,0,0.0015012180030382638,0.0,3.347052768276626e-07,5.468099065509076e-26
6,0,0.0014046728191189903,0.0,3.347052768276626e-07,3.7424578234695437e-26
6,0,0.0011964855349898486,0.0,3.347052768276626e-07,2.0899714125864075e-26
6,0,0.0012107728415735694,0.0,3.595201576445106e-07,1.02629717544765e-26
6,0,0.001181154054964002,0.0,3.21165430250403e-07,5.903226805997615e-27
6,0,0.0013111618677370321,0.02,3.21165430250403e-07,3.6882729400421754e-27
6,0,0.0013986851675978726,0.0,3.21165430250403e-07,2.6884626168964964e-27
6,0,0.0013810342626113905,0.0,2.4464270609314553e-07,2.7178091670170913e-27
6,0,0.0013460560942563907,0.0,2.4464270609314553e-07,2.76468687964246e-27
6,0,0.0014643786718424897,0.0,2.7385880230212933e-07,2.3288818666296775e-27
6,0,0.001371781510444789,0.0,3.512401178795699e-07,1.658956957717294e-27
6,0,0.0011528285832761284,0.0,3.512401178795699e-07,1.0090950388145754e-27
6,0,0.0018736561787454284,0.0,3.860628225993423e-07,7.382218514142549e-28
6,0,0.0019491397788421842,0.0,4.772529678120918e-07,1.0059396914901886e-27
6,0,0.0016598696121755793,0.0,4.260324999449949e-07,1.785540436649095e-27
6,0,0.002221037302669174,0.0,4.4802607135352446e-07,2.7048495844213096e-27
6,0,0.0031789255088151384,0.0,4.581383450386056e-07,3.099860127131065e-27
6,0,0.003428141849501348,0.0,4.581383450386056e-07,2.623500999872315e-27
6,0,0.00361641847916507,0.0,4.581383450386056e-07,2.1319805669053597e-27
6,0,0.0034628642709467637,0.0,3.110747002210701e-07,1.9326928473869516e-27
6,0,0.003354176071412206,0.0,3.8018987424948136e-07,1.6139078192776237e-27
6,0,0.003353007996119338,0.0,3.8018987424948136e-07,1.25077132085098e-27
6,0,0.0034212452528705533,0.0,3.8018987424948136e-07,8.60196002210154e-28
6,0,0.003393328895340303,0.0,3.8018987424948136e-07,5.884069388247801e-28
6,0,0.0034398371161317182,0.0,3.8018987424948136e-07,4.136391963933381e-28
6,0,0.0031595445199180928,0.02,3.550890710357635e-07,2.922965580262036e-28
6,0,0.002590713437835442,0.02,3.550890710357635e-07,1.984730631889944e-28
6,0,0.002704792263412318,0.02,3.550890710357635e-07,1.2578089577572625e-28
6,0,0.003140534180473181,0.02,3.3142194411084347e-07,8.566066947210481e-29
6,0,0.0030562198982683852,0.02,3.3142194411084347e-07,6.463097096391663e-29
6,0,0.002994796646527864,0.02,3.3142194411084347e-07,5.404776925239003e-29
6,0,0.0029911503116821195,0.02,3.3142194411084347e-07,5.114954561264105e-29
6,0,0.0029865475826641934,0.02,3.3142194411084347e-07,5.294742528985084e-29
6,0,0.0030378211444587445,0.02,3.3142194411084347e-07,5.825350071285243e-29
6,0,0.0032033908259486003,0.0,3.3142194411084347e-07,6.244255482370265e-29
6,0,0.003429143617414605,0.0,3.3142194411084347e-07,5.648190997938352e-29
6,0,0.003307506799106404,0.0,3.3142194411084347e-07,4.394387733724172e-29
6,0,0.002982571229018382,0.0,3.712677028033795e-07,3.117276504211153e-29
6,0,0.0028580825825044306,0.0,3.712677028033795e-07,2.1390407131178673e-29
6,0,0.0028664547254402387,0.0,3.037744704670331e-07,1.5644065627522933e-29
6,0,0.0027662239355154008,0.0,3.037744704670331e-07,1.2574389836056802e-29
6,0,0.002665945767355656,0.0,2.962865437439177e-07,1.0892027587374636e-29
6,0,0.00261574292804673,0.0,2.962865437439177e-07,1.0124871762163591e-29
6,0,0.002492800342778086,0.0,2.962865437439177e-07,1.0184759907953805e-29
6,0,0.002305924693272296,0.0,2.962865437439177e-07,1.0467410439835014e-29
6,0,0.0022607936682330102,0.0,4.363589596323436e-07,1.0153415398108902e-29
6,0,0.002253792481787519,0.0,4.363589596323436e-07,9.542256136811301e-30
6,0,0.0022475080865730097,0.0,4.2188219140371075e-07,9.091401203044941e-30
6,0,0.002221429842247395,0.0,4.2188219140371075e-07,9.384001871427894e-30
6,0,0.0021662616245666116,0.0,4.2188219140371075e-07,1.122105983495511e-31
6,0,0.001861407350466757,0.0,7.006003102105751e-07,1.3750127185071292e-29
6,0,0.0017983317803711013,0.0,6.064179842724116e-07,1.8561640349314697e-29
6,0,0.001739830535017632,0.0,6.667302727692004e-07,2.5133014129959472e-29
6,0,0.00170558723107575,0.0,7.843664775464276e-07,3.4367440457815855e-29
6,0,0.0016885860907853002,0.0,7.843664775464276e-07,5.073407437538811e-29
6,0,0.0018004456676295954,0.0,5.325827032720554e-07,7.819692056562651e-29
6,0,0.0017469704376853706,0.0,5.51684081528947e-07,1.2226217361908216e-28
6,0,0.0017179857465123407,0.0,5.51684081528947e-07,1.9785169800362432e-28
6,0,0.0019291965188559666,0.02,5.706149295292562e-07,2.9784111774310003e-28
6,0,0.00201764742844732,0.02,5.706149295292562e-07,4.113214360017653e-28
6,0,0.001959929161605502,0.02,6.158155656521558e-07,5.3662195670111275e-28
6,0,0.0018914396808625768,0.02,6.593467674065323e-07,6.115780427269459e-28
6,0,0.0017496716192970487,0.02,6.593467674065323e-07,6.386121769115637e-28
6,0,0.0015897687753149902,0.02,6.26391340574628e-07,8.201069037492587e-28
6,0,0.0016644606715686394,0.02,6.918241979292361e-07,1.7763891879253445e-27
6,0,0.0019526559042366749,0.02,5.80875166633632e-07,1.0679576208908714e-27
6,0,0.0023836998434525235,0.02,7.099534400367702e-07,4.145885835594238e-28
6,0,0.00186893447551614,0.02,6.004457304698008e-07,1.9102556431642188e-28
6,0,0.0014684096585903476,0.02,6.004457304698008e-07,2.7247012036195783e-28
6,0,0.0013156939257802512,0.02,5.704342811441165e-07,4.966463918104391e-28
6,0,0.0012408947310677935,0.02,5.704342811441165e-07,7.8452717766015165e-28
6,0,0.0012557100869913266,0.02,1.313351731369039e-06,1.0648212439764368e-27
6,0,0.0013124921511013976,0.02,1.313351731369039e-06,1.115182578685213e-27
6,0,0.0012185685549667212,0.0,1.313351731369039e-06,9.58005625549623e-27
6,0,0.0013369901395411804,0.02,1.313351731369039e-06,1.3391048681222783e-27
6,0,0.001230160937308624,0.02,1.1723983561751083e-06,1.3846993336257017e-27
6,0,0.0013662997510035884,0.02,1.1723983561751083e-06,1.6616740596828354e-27
6,0,0.0014924818825546389,0.02,1.4846613112240448e-06,2.282783000073819e-27
6,0,0.001633627478545526,0.02,1.4846613112240448e-06,3.3522081795823136e-27
6,0,0.0017953479973308363,0.02,1.4846613112240448e-06,5.179202717540388e-27
6,0,0.0019860781511835375,0.02,1.1264054364801268e-06,8.155898083983934e-27
6,0,0.0022426749006478662,0.04,1.1264054364801268e-06,1.2813322083201099e-26
6,0,0.002569772731240329,0.04,1.4846613112240448e-06,1.9926908422026616e-26
6,0,0.002819626536401708,0.04,1.4943433370717685e-06,3.2343451188457035e-26
6,0,0.0030546840154661308,0.04,1.4943433370717685e-06,1.968078381959766e-26
6,0,0.0032618519192658085,0.02,1.4943433370717685e-06,7.016359386331423e-26
6,0,0.003658210855854182,0.02,1.4943433370717685e-06,4.867009858741206e-26
6,0,0.0038414209648741596,0.02,1.4943433370717685e-06,1.4215128065853233e-25
6,0,0.00378631502963849,0.02,1.1337523346810485e-06,1.6295174314027037e-25
6,0,0.0038083476801683337,0.02,1.1337523346810485e-06,1.8216968901637685e-25
6,0,0.004091185866864682,0.02,6.490459441010898e-07,2.116650380252191e-25
6,0,0.004394276223465646,0.02,6.134451382422412e-07,2.606296837160939e-25
6,0,0.004534476585217687,0.0,6.134451382422412e-07,3.2224625316822627e-25
6,0,0.004702186584749221,0.0,6.134451382422412e-07,3.9786332875099486e-25
6,0,0.0049208944473875735,0.0,7.847712595321354e-07,4.918656705465542e-25
6,0,0.005104714324468651,0.0,6.656076720901183e-07,5.847380677029976e-25
6,0,0.005000633124746603,0.0,7.081756052684796e-07,6.949713212310925e-25
6,0,0.004779530885259161,0.0,7.081756052684796e-07,7.759149582092364e-25
6,0,0.004480762633007762,0.0,7.081756052684796e-07,8.098272503599759e-25
6,0,0.004196435500894506,0.0,7.081756052684796e-07,8.274046490501104e-25
6,0,0.004201514149918205,0.0,7.081756052684796e-07,7.699619179955991e-25
6,0,0.004255502970062918,0.0,7.081756052684796e-07,7.162666213675337e-25
6,0,0.004050098551434056,0.0,7.081756052684796e-07,7.046295425089396e-25
6,0,0.00374067220390789,0.0,7.081756052684796e-07,6.70697134405117e-25
6,0,0.003407680059867541,0.0,7.081756052684796e-07,5.816013595286126e-25
6,0,0.003090778605811705,0.0,7.081756052684796e-07,4.6803275278943675e-25
6,0,0.0027817321845369394,0.0,7.081756052684796e-07,3.4723837737366274e-25
6,0,0.0024148324690098123,0.0,7.081756052684796e-07,2.7051519554225784e-25
6,0,0.0021101595940547263,0.0,7.042357310638181e-07,2.2482856273541582e-25
6,0,0.0019071923142295112,0.0,7.945528750497033e-07,1.7544299812184742e-25
6,0,0.0017449036892180356,0.0,6.490459441010898e-07,1.7740952975095025e-25
6,0,0.0016375342114856794,0.0,6.490459441010898e-07,1.7605308342442272e-25
6,0,0.0015646724885184538,0.0,6.490459441010898e-07,1.851846167885184e-25
6,0,0.0015071139003000106,0.02,6.490459441010898e-07,2.0598952893879996e-25
6,0,0.0014387663482688204,0.02,7.270785431501281e-07,2.432804137389879e-25
6,0,0.0013067615648171024,0.02,7.769402827761951e-07,3.2530062398562887e-25
6,0,0.0012188691158476754,0.04,7.769402827761951e-07,4.46339423022505e-25
6,0,0.001242721227615278,0.04,7.769402827761951e-07,5.32109656145437e-25
6,0,0.0012626135898224345,0.04,1.7888029333334998e-06,6.343205886978868e-25
6,0,0.0012589780779665091,0.04,1.7888029333334998e-06,7.674371686684393e-25
6,0,0.0012259593929386634,0.04,2.1898247268836712e-06,9.49619713652381e-25
6,0,0.0011391323032066366,0.06,2.2883862129674526e-06,1.126553523299628e-24
6,0,0.0010427068399757728,0.06,2.0427889921847964e-06,1.2729246921111236e-24
6,0,0.0011902473382327083,0.04,1.7326037777820602e-06,1.41358046505668e-24
6,0,0.0014458942111036704,0.04,1.5146439409363666e-06,1.6897189569541926e-24
6,0,0.0015707090889782367,0.02,1.5146439409363666e-06,2.1635675867673713e-24
6,0,0.0016216411537128476,0.02,1.5146439409363666e-06,2.0671934360526518e-24
6,0,0.0016896726133332853,0.02,1.516517045274668e-06,1.1057801532596036e-24
6,0,0.0014240863610242667,0.02,1.516517045274668e-06,1.7545850170382534e-24
6,0,0.001221893910496023,0.02,1.516517045274668e-06,1.5747088548221451e-24
6,0,0.0012608721079878096,0.02,1.3419003153103404e-06,1.260179263680694e-24
6,0,0.0014233631841434513,0.02,1.3419003153103404e-06,9.637759212041851e-25
6,0,0.001404426536647704,0.02,1.417438738826604e-06,6.6726982959477115e-25
6,0,0.001346821294443078,0.02,1.5878524664003635e-06,4.139491886845828e-25
6,0,0.001275044281411416,0.02,1.5878524664003635e-06,2.587504444765344e-25
6,0,0.0012215378781959582,0.02,1.5878524664003635e-06,1.5904223477565655e-25
6,0,0.0011508710574943874,0.02,2.1749169718532357e-06,1.0057257938587051e-25
6,0,0.0011540341840135596,0.04,2.6246380002703518e-06,6.594478423111973e-26
6,0,0.0010997151909728103,0.04,2.7534415494301356e-06,4.4985871640997055e-26
6,0,0.0010273599525244745,0.06,2.4545201995351817e-06,2.9065900527610926e-26
6,0,0.0009693540626135803,0.06,2.348803263885202e-06,1.7494639169308332e-26
6,0,0.0009590163616051215,0.06,1.7281201962759951e-06,9.777991009228706e-27
6,0,0.000862173898671101,0.06,1.7281201962759951e-06,5.08356373280404e-27
6,0,0.0007937861741817306,0.04,1.7281201962759951e-06,2.7361280348691194e-27
6,0,0.000791024960672579,0.04,1.415839165019861e-06,1.639460768890262e-27
6,0,0.0007777308959914407,0.04,1.362846319352684e-06,1.1640783770028079e-27
6,0,0.0006862894334766142,0.04,1.362846319352684e-06,8.48166065998528e-28
6,0,0.00042674195963918394,0.04,1.362846319352684e-06,4.9493284379066915e-28
6,0,0.0002375201734732465,0.04,1.1517468010424636e-06,2.2248287347075447e-28
6,0,0.00026284176520547384,0.04,1.1517468010424636e-06,4.137417521628767e-28
6,0,0.0004876877155817669,0.04,1.3794754067930626e-06,1.6069903603998709e-27
6,0,0.0012950954970504635,0.04,1.4470101632468868e-06,6.52087985769639e-27
6,0,0.0017831129485413452,0.04,1.5716809684818145e-06,5.197668919033162e-27
6,0,0.0015830525672262462,0.06,1.3739650057686958e-06,3.734768355573583e-27
6,0,0.0017628134908918229,0.06,1.4273899751060526e-06,2.5644587285322076e-27
6,0,0.002276363487560507,0.06,1.0829550092239515e-06,2.574397490010218e-27
6,0,0.0026327505530801404,0.04,7.419528742502735e-07,2.3866302982331455e-27
6,0,0.0026999627968741363,0.04,8.534695439266216e-07,2.9698691003486596e-27
6,0,0.0027767886588104915,0.04,7.917013249425509e-07,2.7146903160651506e-27
6,0,0.002932482490348723,0.04,7.917013249425509e-07,3.414440753875298e-27
6,0,0.0030951509630166856,0.04,9.368094993078557e-07,4.14479729998967e-27
6,0,0.003396173082087048,0.04,9.573091119818855e-07,5.315268127367391e-27
6,0,0.0034182165351541245,0.04,9.573091119818855e-07,6.453298205575864e-27
6,0,0.003352540247642721,0.04,9.573091119818855e-07,8.40876190047429e-27
6,0,0.0035463098789750127,0.04,6.12769781582756e-07,1.1714200026915126e-26
6,0,0.003952008827701516,0.04,5.077124569652369e-07,1.689234078668418e-26
6,0,0.004356180622187272,0.04,5.077124569652369e-07,2.2122126513469942e-26
6,0,0.004549160075526917,0.04,5.077124569652369e-07,2.3852113886059176e-26
6,0,0.004354216257029803,0.04,5.077124569652369e-07,2.304175035819507e-26
6,0,0.003936770461637521,0.04,5.943655878581922e-07,2.1259064920095534e-26
6,0,0.00396244764116083,0.04,6.114091206654848e-07,2.072204785886633e-26
6,0,0.003854249213702237,0.04,6.114091206654848e-07,1.9436734599276777e-26
6,0,0.0036347898177007216,0.06,6.114091206654848e-07,1.7337581893459486e-26
6,0,0.003409525069560493,0.06,5.16704176334315e-07,1.3798910569265445e-26
6,0,0.0034304265933480303,0.06,5.16704176334315e-07,1.0869629672122769e-26
6,0,0.003406636935625781,0.06,4.924636414216366e-07,7.979923553849339e-27
6,0,0.003458742962304556,0.06,4.924636414216366e-07,5.7392662268561074e-27
6,0,0.0033271206174936624,0.06,4.284265742171556e-07,4.1049871724812194e-27
6,0,0.0031943279559696744,0.04,4.284265742171556e-07,3.1140944827570366e-27
6,0,0.0028925852141902797,0.04,4.284265742171556e-07,2.534204872814812e-27
6,0,0.002679232019974948,0.04,4.4951502786716446e-07,2.2950419293558327e-27
6,0,0.002419348608198598,0.04,5.16704176334315e-07,2.0625823776612878e-27
6,0,0.00225999855372931,0.04,8.084410865194513e-07,2.2817730424109824e-27
6,0,0.00228865820085524,0.06,8.084410865194513e-07,2.412258840596101e-27
6,0,0.0023628008031929167,0.06,8.084410865194513e-07,2.5974506788515387e-27
6,0,0.0024332679404427677,0.06,8.084410865194513e-07,2.8549186234669464e-27
6,0,0.0026588488498474876,0.06,5.16704176334315e-07,2.7584399332748455e-27
6,0,0.0029911064362731043,0.06,5.16704176334315e-07,3.1894272325317433e-27
6,0,0.0033008140620730967,0.1,4.924636414216366e-07,3.6672148220302454e-27
6,0,0.0037015595880681576,0.08,5.19216939665057e-07,4.210791215464043e-27
6,0,0.003878296464726181,0.08,5.42372163181426e-07,4.6805020325547685e-27
6,0,0.003773086618138022,0.08,5.42372163181426e-07,5.2157830605321016e-27
6,0,0.0036470477280765197,0.08,5.762321961810812e-07,6.28555856669748e-27
6,0,0.003343638643620302,0.06,5.762321961810812e-07,9.838228705285295e-27
6,0,0.0030858310030240734,0.06,1.0370879408583278e-06,1.6821862535927294e-26
6,0,0.003012762995549213,0.08,1.0370879408583278e-06,2.587177498897985e-26
6,0,0.002988997499755474,0.08,1.0370879408583278e-06,3.379288141269958e-26
6,0,0.0030044591665289964,0.1,1.0370879408583278e-06,4.7131844474134377e-26
6,0,0.003020125377020055,0.1,1.0451232128616539e-06,5.688656562740302e-26
6,0,0.0029845127962097105,0.1,1.0451232128616539e-06,6.046263851111706e-26
6,0,0.0028107484647182626,0.1,2.4069972823781427e-06,5.91614679147374e-26
6,0,0.0026094046111065135,0.1,2.4069972823781427e-06,5.716784384392089e-26
6,0,0.0025011641151010985,0.06,3.749003781194915e-06,5.382769583765033e-26
6,0,0.00246330630890899,0.04,4.42411919721053e-06,4.861146403544118e-26
6,0,0.0023182345374320574,0.04,4.42411919721053e-06,4.157958874118019e-26
6,0,0.002109091567982156,0.04,4.42411919721053e-06,3.333197710287256e-26
6,0,0.001929709224356438,0.04,4.369125235825777e-06,2.599137061629443e-26
6,0,0.001817070780138632,0.04,4.369125235825777e-06,1.9948127547781897e-26
6,0,0.0017217858026284316,0.04,4.591111974150408e-06,1.531776363465535e-26
6,0,0.0015162796128099186,0.06,1.6729702110751532e-05,1.2675447839970328e-26
6,0,0.0014251002654733626,0.06,1.889256418508012e-05,8.52006062158845e-27
6,0,0.0013446034293808334,0.06,1.6561956726945937e-05,5.938868835920423e-27
6,0,0.001266350244153788,0.06,1.6561956726945937e-05,4.6252663617497426e-27
6,0,0.0011858463109721807,0.06,1.6561956726945937e-05,4.129630216491632e-27
6,0,0.0011931941568284726,0.04,7.420417205139529e-06,3.479394667179702e-27
6,0,0.0011540743239189194,0.04,7.420417205139529e-06,3.400973496146176e-27
6,0,0.0011318237871027013,0.04,9.06908553588437e-06,3.260195720931247e-27
6,0,0.0011146893249257474,0.04,6.4603564169374295e-06,3.0102003845000616e-27
6,0,0.0011003804922563,0.04,6.317206498351879e-06,2.7715822866223496e-27
6,0,0.00103747305444444,0.06,9.401869647263084e-06,3.01279673065809e-27
6,0,0.0010617994050241449,0.1,5.601133125310298e-06,2.9029318643875257e-27
6,0,0.0011260761590625617,0.1,5.601133125310298e-06,2.810914590911598e-27
6,0,0.0012030871674614532,0.08,2.879209887396428e-06,2.924037552869082e-27
6,0,0.0012455073773296947,0.1,9.169892223326315e-07,3.226370805910968e-27
6,0,0.001193950743278569,0.08,9.169892223326315e-07,3.728831869113004e-27
6,0,0.0014605140770386582,0.06,8.692376241015154e-07,3.740485671206491e-27
6,0,0.0017201073320054462,0.06,8.113018452604592e-07,4.7388369098263024e-27
6,0,0.0021508920211262303,0.04,9.332417221230571e-07,6.2261135834060015e-27
6,0,0.0022265664612173613,0.04,9.332417221230571e-07,1.0109257122639133e-26
6,0,0.0024366761936103765,0.06,5.964688511994609e-07,8.966424160335347e-27
6,0,0.0024661195217550473,0.06,5.964688511994609e-07,9.676284189609572e-27
6,0,0.0023162848701607382,0.06,9.332417221230571e-07,1.1801348356898648e-26
6,0,0.0023001452404648936,0.06,9.332417221230571e-07,1.0014184746492424e-26
6,0,0.0022622808477703836,0.06,9.332417221230571e-07,1.054196042547648e-26
6,0,0.0022208787873291293,0.06,9.543884971208172e-07,1.115765942865368e-26
6,0,0.0020264874081274264,0.06,8.752643338993948e-07,1.3872749182589296e-26
6,0,0.0020176358416444237,0.06,8.752643338993948e-07,1.569334154422624e-26
6,0,0.002022397156216489,0.08,2.336742909392342e-06,1.8033596027177523e-26
6,0,0.0020246809026296646,0.06,2.782791398203699e-06,2.0735963858272495e-26
6,0,0.0021657833548793435,0.04,2.63788001575449e-06,2.0272777706647365e-26
6,0,0.0021141193118951367,0.04,3.4071626942022704e-06,2.2308477954144896e-26
6,0,0.002044343388264923,0.04,3.4071626942022704e-06,2.4099696032270044e-26
6,0,0.002087665818890806,0.0,2.5697941055113915e-06,2.2311542493872405e-26
6,0,0.0021333578238369234,0.0,2.5697941055113915e-06,8.883458179819056e-26
6,0,0.0021944731655065292,0.0,3.6730502870341297e-06,2.41669926467588e-26
6,0,0.0021922541553098082,0.0,3.6730502870341297e-06,2.336811844657093e-26
6,0,0.002189982939211493,0.0,3.3938665637833765e-06,2.095999419237944e-26
6,0,0.0021111398405803407,0.0,3.3938665637833765e-06,1.7180296587505225e-26
6,0,0.0020494063046121165,0.0,3.3938665637833765e-06,1.31226364471054e-26
6,0,0.001989868862211868,0.0,3.3186674954777118e-06,1.06864267417209e-26
6,0,0.0019299694362243775,0.0,2.9063642159599112e-06,9.406236455783416e-27
6,0,0.0018677971958620545,0.0,2.825120873239939e-06,8.57526393677041e-27
6,0,0.0017880678463315855,0.0,2.825120873239939e-06,7.757218259544132e-27
6,0,0.0017379121061654036,0.0,3.216719505871879e-06,6.98772065398399e-27
6,0,0.001781568167466717,0.0,3.2572079362580553e-06,6.642900615996943e-27
6,0,0.001847291063808814,0.0,2.4800640403555008e-06,6.0929158832661914e-27
6,0,0.0019533206402774367,0.0,1.6068729564722162e-06,5.790373089046356e-27
6,0,0.001985855853240985,0.02,6.018789804329572e-07,5.2682943108377974e-27
6,0,0.0020473424513540958,0.02,6.018789804329572e-07,4.7642853777394575e-27
6,0,0.00217522242872887,0.02,6.018789804329572e-07,4.19821643367115e-27
6,0,0.002132298271819755,0.02,6.018789804329572e-07,3.5821545852924276e-27
6,0,0.001973064903793712,0.02,6.315053155958594e-07,3.0782369412734517e-27
6,0,0.0018972715146585843,0.02,7.320497275031812e-07,2.9900580461766877e-27
6,0,0.0018654684852417822,0.02,7.320497275031812e-07,2.951414839621541e-27
6,0,0.001843175228571307,0.02,6.144680355646415e-07,2.791306890740786e-27
6,0,0.001869005842678261,0.02,5.939717766523245e-07,2.706903781299993e-27
6,0,0.0017567853541129988,0.02,5.939717766523245e-07,2.407680712525298e-27
6,0,0.001574831084669241,0.02,5.939717766523245e-07,2.0287699811856477e-27
6,0,0.0013750961216222413,0.02,5.939717766523245e-07,1.6695719131987786e-27
6,0,0.0012346265302803933,0.02,5.939717766523245e-07,1.351065374559409e-27
6,0,0.001162721908589233,0.02,5.939717766523245e-07,1.0391393533540219e-27
6,0,0.0010374442971588,0.02,6.232088480828679e-07,7.240123402845659e-28
6,0,0.0008585456513730176,0.02,6.232088480828679e-07,5.475044238518728e-28
6,0,0.0007568930959466302,0.02,7.317768222492305e-07,2.77383432465457e-28
6,0,0.0007128133823402713,0.02,7.317768222492305e-07,3.748068394435284e-28
6,0,0.0006851286347569384,0.02,7.317768222492305e-07,3.618368809001713e-28
6,0,0.0006497096301731711,0.0,8.032842515603988e-07,3.603189832886268e-28
6,0,0.0006078033647105867,0.0,8.032842515603988e-07,3.3758826734236937e-28
6,0,0.0005548216582705672,0.0,8.032842515603988e-07,2.8216460170064694e-28
6,0,0.0005343369554364768,0.0,5.134082812219276e-07,2.079170653013538e-28
6,0,0.0005479300101845322,0.0,4.200751959615445e-07,1.5545026786618696e-28
6,0,0.0005441890143956854,0.0,4.003678668595967e-07,1.0653081672146265e-28
6,0,0.0005279836359106456,0.0,4.003678668595967e-07,6.667800579061937e-29
6,0,0.0005052071521138596,0.0,4.003678668595967e-07,4.0462310582196616e-29
6,0,0.0004542576311276656,0.0,4.003678668595967e-07,2.212555264654451e-29
6,0,0.0003673528643786505,0.0,3.9475247604059405e-07,1.1473070119166882e-29
6,0,0.00029374415533010547,0.0,4.003678668595967e-07,5.566542401652271e-30
6,0,0.00027098750366016385,0.0,3.7771320648971596e-07,2.785718297945903e-30
6,0,0.0002679703714483324,0.0,5.131204829922353e-07,1.4926242008831717e-30
6,0,0.000264088010646294,0.0,5.131204829922353e-07,8.593354590951825e-31
6,0,0.0002752144832531877,0.0,3.989610206645011e-07,6.076145815925835e-31
6,0,0.00028132752499911764,0.02,3.989610206645011e-07,4.96965909606744e-31
6,0,0.0002801612465490627,0.02,3.989610206645011e-07,4.110698572650396e-31
6,0,0.00030012685984954986,0.02,5.20507001056103e-07,4.183595679322289e-31
6,0,0.0003098795260237039,0.02,5.20507001056103e-07,4.651851973181386e-31
6,0,0.00032147330296201384,0.06,6.511339734061039e-07,5.7540965690265335e-31
6,0,0.00032442511104608626,0.04,7.548036364823929e-07,5.583616974315479e-31
6,0,0.0003126995580433335,0.04,5.782089829153847e-07,4.703312294673944e-31
6,0,0.0002940882379838614,0.04,5.782089829153847e-07,3.5849770619570005e-31
6,0,0.00027797434274332754,0.04,6.245427925932745e-07,2.533532865075859e-31
6,0,0.00025119894251885295,0.04,6.245427925932745e-07,1.742545655143419e-31
6,0,0.0002160474516716359,0.04,5.912596066082187e-07,1.1016624910426203e-31
6,0,0.0001896029650072883,0.04,5.912596066082187e-07,6.101622657639512e-32
6,0,0.00016905683825185034,0.04,6.245427925932745e-07,3.112934735892775e-32
6,0,0.00014771254939591658,0.04,6.245427925932745e-07,1.4877451763982335e-32
6,0,0.00012822259919076693,0.06,6.245427925932745e-07,6.752871948060395e-33
6,0,0.00010425926654611113,0.04,6.761565600754693e-07,2.3171952594393497e-33
6,0,8.102012960680606e-05,0.04,6.761565600754693e-07,6.932259824671065e-34
6,0,6.278770813388006e-05,0.04,5.832888518852997e-07,2.1062824610495493e-34
6,0,5.111908036579244e-05,0.02,3.540654915923369e-07,6.763796790518846e-35
6,0,4.3836752454165604e-05,0.0,3.5177143331566185e-07,2.542977981010993e-35
6,0,3.8310401696861345e-05,0.0,4.263743278443144e-07,1.1002828013844457e-35
6,0,3.452567822627847e-05,0.0,4.5749263222205627e-07,5.178566678911217e-36
6,0,3.214995926733153e-05,0.0,3.743244860743289e-07,2.5085893543900974e-36
6,0,3.090645448913348e-05,0.0,3.743244860743289e-07,1.3312958708642694e-36
6,0,3.0294738190872942e-05,0.0,4.970963232153736e-07,8.106630446228841e-37
6,0,2.931504023326072e-05,0.0,4.970963232153736e-07,5.159812328046406e-37
6,0,2.875444366829369e-05,0.0,4.970963232153736e-07,3.897743291812834e-37
6,0,2.8745478542125587e-05,0.0,4.970963232153736e-07,3.3850749976271623e-37
6,0,2.941160073395771e-05,0.0,2.9251120281514886e-07,3.0247693249481424e-37
6,0,2.8703434396775972e-05,0.0,2.9251120281514886e-07,2.2395496004900653e-37
6,0,2.7209721206213632e-05,0.0,2.41257453126309e-07,1.6077670132010842e-37
6,0,2.5836616911525216e-05,0.0,2.967836678635649e-07,1.2180589598319695e-37
6,0,2.5225446808708132e-05,0.02,2.967836678635649e-07,1.0300527984828747e-37
6,0,2.4396504747320453e-05,0.02,2.967836678635649e-07,8.643395020391534e-38
6,0,2.3965117262703625e-05,0.02,3.7593792967527406e-07,8.229733395281005e-38
6,0,2.4472069389463002e-05,0.02,3.7593792967527406e-07,9.85060355805842e-38
6,0,2.503078859780876e-05,0.04,3.1016023172014684e-07,1.3766869549284332e-37
6,0,2.591002896498015e-05,0.04,3.595420992041909e-07,2.3599020809164523e-37
6,0,2.8013143939145214e-05,0.04,3.595420992041909e-07,4.892896135470375e-37
6,0,3.1238132396187724e-05,0.04,3.946756805817131e-07,1.0819479701328451e-36
6,0,3.272464566084289e-05,0.04,4.783771032634831e-07,2.0539128891091035e-36
6,0,3.118550645714877e-05,0.04,4.783771032634831e-07,3.1804583823805714e-36
6,0,3.0388196950245407e-05,0.04,4.783771032634831e-07,4.064394045718801e-36
6,0,3.182045913081048e-05,0.04,4.783771032634831e-07,4.098491202259117e-36
6,0,3.0171023136818775e-05,0.04,4.783771032634831e-07,2.9523024192186208e-36
6,0,2.591757265827905e-05,0.04,3.5196606518184126e-07,1.629035966134157e-36
6,0,2.4099955688037307e-05,0.04,3.5196606518184126e-07,9.375345000299627e-37
6,0,2.360328042432822e-05,0.04,3.5196606518184126e-07,5.9003830961070254e-37
6,0,2.2376847399907993e-05,0.02,4.783771032634831e-07,4.1531482098680066e-37
6,0,2.0250860380450364e-05,0.02,4.783771032634831e-07,2.793722113111495e-37
6,0,1.877265087873181e-05,0.02,4.12673699656807e-07,1.6348060199531873e-37
6,0,1.8016024020317522e-05,0.02,4.12673699656807e-07,7.697571245794541e-38
6,0,1.4552650759317312e-05,0.0,2.767687306004518e-07,3.2061829375419747e-38
6,0,1.393892339878419e-05,0.02,1.948507559745849e-07,0.0
6,0,1.5920827776444175e-05,0.02,1.948507559745849e-07,0.0
6,0,1.874676691004377e-05,0.02,3.621240125539771e-07,0.0
6,0,1.905886784944337e-05,0.02,3.2988810971801286e-07,2.887652382317836e-38
6,0,1.9943597288971987e-05,0.02,3.2988810971801286e-07,2.8688769447137337e-38
6,0,1.919523650935134e-05,0.02,3.2988810971801286e-07,2.653358361939348e-38
6,0,2.024277192443047e-05,0.02,3.2988810971801286e-07,2.84320880022331e-38
6,0,2.115676906749814e-05,0.02,3.2988810971801286e-07,2.67788472844104e-38
6,0,2.0073110237451782e-05,0.02,3.2988810971801286e-07,0.0
6,0,1.7556471355598012e-05,0.02,3.2988810971801286e-07,0.0
6,0,1.2738044780827188e-05,0.02,3.461262281234667e-07,0.0
6,0,9.576042749132814e-06,0.02,3.2882616096685524e-07,0.0
6,0,8.667741459655469e-06,0.02,4.2925515231218014e-07,0.0
6,0,1.0559676892050137e-05,0.02,2.998216643845808e-07,0.0
6,0,1.3198963340994149e-05,0.02,2.998216643845808e-07,0.0
6,0,1.851788822299513e-05,0.02,2.998216643845808e-07,0.0
6,0,2.707322844040708e-05,0.02,2.517637085475144e-07,0.0
6,0,3.7063648381419695e-05,0.02,2.3995252718123083e-07,0.0
6,0,4.75614563448872e-05,0.04,2.3995252718123083e-07,0.0
6,0,5.950705029142029e-05,0.04,2.525767968108994e-07,0.0
6,0,7.124305087720907e-05,0.04,2.525767968108994e-07,4.512757549314134e-38
6,0,7.858555361881393e-05,0.04,2.525767968108994e-07,7.974583849857971e-38
6,0,8.506472158640011e-05,0.04,2.525767968108994e-07,1.301383865948669e-37
6,0,9.082568571056703e-05,0.04,2.3995252718123083e-07,1.9478786297626578e-37
6,0,9.642007888009453e-05,0.04,2.3995252718123083e-07,2.578473252265523e-37
6,0,0.00010324949288042415,0.04,2.525767968108994e-07,2.9155579520402777e-37
6,0,0.00010801105524331159,0.02,2.525767968108994e-07,2.813336031664711e-37
6,0,0.0001087126165395219,0.02,2.525767968108994e-07,2.4965504293402883e-37
6,0,0.00010428397754775237,0.02,2.4700179324099736e-07,2.0398334044459323e-37
6,0,9.783951722230158e-05,0.02,2.3465615583972976e-07,1.4150227814844143e-37
6,0,9.43840009444262e-05,0.02,2.176733602254899e-07,9.478294250630117e-38
6,0,9.104822490825418e-05,0.02,2.612533478441037e-07,6.321617786534274e-38
6,0,8.282338888706086e-05,0.04,1.764219064170902e-07,3.87933280838078e-38
6,0,7.82613254967348e-05,0.02,1.4747112686563923e-07,2.6145746243422303e-38
6,0,7.525837538251998e-05,0.02,1.923991419516824e-07,0.0
6,0,7.477986179510472e-05,0.02,2.025215621870302e-07,0.0
6,0,6.91153359818169e-05,0.02,2.025215621870302e-07,0.0
6,0,6.336112542219052e-05,0.02,1.923991419516824e-07,0.0
6,0,6.119220666661642e-05,0.02,1.923991419516824e-07,0.0
6,0,6.385843016580891e-05,0.02,1.9674172335726325e-07,0.0
6,0,6.898337252921258e-05,0.02,2.0709261150386737e-07,0.0
6,0,7.193846776637849e-05,0.02,2.0709261150386737e-07,0.0
6,0,7.50020482533833e-05,0.02,2.0709261150386737e-07,0.0
6,0,7.6693076297355e-05,0.02,1.9674172335726325e-07,0.0
6,0,8.19997255312698e-05,0.02,1.923991419516824e-07,0.0
6,0,8.890824399136129e-05,0.02,1.9674172335726325e-07,0.0
6,0,9.680427140531394e-05,0.02,2.0709261150386737e-07,0.0
6,0,0.00010648358038697974,0.02,2.0709261150386737e-07,2.705009943074668e-38
6,0,0.0001116570667920938,0.02,2.0709261150386737e-07,3.1906632767898844e-38
6,0,0.00011813303649293065,0.02,2.0709261150386737e-07,4.075941148638795e-38
6,0,0.00013005708946697012,0.02,2.0709261150386737e-07,5.178877946536501e-38
6,0,0.0001411793091306474,0.02,2.0709261150386737e-07,6.46264894813901e-38
6,0,0.0001496756488327078,0.04,2.0709261150386737e-07,8.134102622362237e-38
6,0,0.00015690954729631834,0.02,2.0709261150386737e-07,1.0801616621128501e-37
6,0,0.00016465026561544407,0.02,2.0709261150386737e-07,1.5476851644524477e-37
6,0,0.00017347341174204494,0.02,2.0709261150386737e-07,2.3495721570529583e-37
6,0,0.00018177084199742511,0.02,2.0709261150386737e-07,3.3765113824519805e-37
6,0,0.00018594971471932314,0.02,2.0709261150386737e-07,4.256765375098532e-37
6,0,0.0001876172820720681,0.02,2.0709261150386737e-07,4.913433117348011e-37
6,0,0.000182044948567136,0.02,2.0709261150386737e-07,5.149744503047679e-37
6,0,0.00017161766944125787,0.02,2.0709261150386737e-07,5.163317143661498e-37
6,0,0.00016273629691247193,0.02,2.0709261150386737e-07,5.091962129027061e-37
6,0,0.0001582495694291835,0.02,2.0709261150386737e-07,4.837847750805593e-37
6,0,0.00015438862317211063,0.02,2.0709261150386737e-07,4.270948757635042e-37
6,0,0.0001422682013532328,0.02,2.0709261150386737e-07,3.041801939626195e-37
6,0,0.00013131487975028756,0.02,2.0709261150386737e-07,2.0402069345645828e-37
6,0,0.00012518301443945556,0.04,2.0709261150386737e-07,1.4133181299285325e-37
6,0,0.00011675669958121935,0.02,2.0709261150386737e-07,9.18674737889471e-38
6,0,0.00010571401897348943,0.02,2.0709261150386737e-07,5.633812295576481e-38
6,0,9.27447971287836e-05,0.02,2.0709261150386737e-07,3.2897611423690854e-38
6,0,7.887261727534583e-05,0.02,2.0709261150386737e-07,0.0
6,0,6.655446783843618e-05,0.02,2.0709261150386737e-07,0.0
6,0,5.942236910259196e-05,0.0,2.0709261150386737e-07,0.0
6,0,5.483221614518322e-05,0.0,2.0709261150386737e-07,0.0
6,0,4.843375298984465e-05,0.0,2.0709261150386737e-07,0.0
6,0,4.14745698476946e-05,0.0,1.6944498781867878e-07,0.0
6,0,3.55266266320507e-05,0.0,1.6944498781867878e-07,0.0
6,0,3.078340751855709e-05,0.0,1.6944498781867878e-07,0.0
6,0,2.6801002981953426e-05,0.0,1.6944498781867878e-07,0.0
6,0,2.318447548027859e-05,0.0,1.6944498781867878e-07,0.0
6,0,1.963394269140825e-05,0.0,1.6944498781867878e-07,0.0
6,0,1.6925061661634218e-05,0.0,1.6944498781867878e-07,0.0
6,0,1.4503288282362361e-05,0.0,1.7519845130209433e-07,0.0
6,0,1.2471474995630685e-05,0.0,1.7519845130209433e-07,0.0
6,0,1.0860389159188486e-05,0.0,1.7519845130209433e-07,0.0
6,0,9.595474713868128e-06,0.0,1.7519845130209433e-07,0.0
6,0,8.59104049769262e-06,0.0,1.7519845130209433e-07,0.0
6,0,7.763904756963827e-06,0.02,1.7519845130209433e-07,0.0
6,0,6.8095749468679855e-06,0.02,1.7519845130209433e-07,0.0
6,0,5.975015980931012e-06,0.02,1.7519845130209433e-07,0.0
6,0,5.274578275166678e-06,0.02,1.7519845130209433e-07,0.0
6,0,4.862788964988907e-06,0.02,1.888673608618774e-07,0.0
6,0,4.427172990905203e-06,0.0,1.888673608618774e-07,0.0
6,0,3.958007224390926e-06,0.0,2.2491936135793367e-07,0.0
6,0,3.4963964328497755e-06,0.0,2.2491936135793367e-07,0.0
6,0,3.102150204080031e-06,0.0,2.2491936135793367e-07,0.0
6,0,2.8027397840274673e-06,0.0,2.2491936135793367e-07,0.0
6,0,2.6364044468821057e-06,0.0,2.2491936135793367e-07,0.0
6,0,2.6144105772033904e-06,0.0,2.2491936135793367e-07,0.0
6,0,2.590340545440791e-06,0.0,2.2491936135793367e-07,0.0
6,0,2.675102776752706e-06,0.0,2.2491936135793367e-07,0.0
6,0,2.975651362318976e-06,0.0,1.888673608618774e-07,0.0
6,0,3.4547788409322854e-06,0.0,1.888673608618774e-07,0.0
6,0,4.079985417982092e-06,0.0,1.888673608618774e-07,0.0
6,0,4.741316414720761e-06,0.0,1.888673608618774e-07,0.0
6,0,5.597686531690377e-06,0.0,1.7519845130209433e-07,0.0
6,0,6.5803094953396515e-06,0.0,1.7519845130209433e-07,0.0
6,0,7.74113371949242e-06,0.0,1.7519845130209433e-07,0.0
6,0,8.99104189277262e-06,0.0,1.7519845130209433e-07,0.0
6,0,9.652130559117506e-06,0.0,1.7519845130209433e-07,0.0
6,0,9.064494401254267e-06,0.0,1.7519845130209433e-07,0.0
6,0,1.0333567764717237e-05,0.0,1.7519845130209433e-07,0.0
6,0,1.228573688034424e-05,0.0,1.7519845130209433e-07,0.0
6,0,1.2403138579173698e-05,0.0,1.6644169420487742e-07,0.0
6,0,1.2644036329164814e-05,0.0,1.6644169420487742e-07,0.0
6,0,1.3181853205787186e-05,0.0,1.6644169420487742e-07,0.0
6,0,1.5365734743867123e-05,0.0,1.7519845130209433e-07,0.0
6,0,2.0972378501556993e-05,0.0,1.7519845130209433e-07,0.0
6,0,1.4457368237912773e-05,0.0,1.583539557259428e-07,0.0
6,0,4.02806460743414e-06,0.0,1.4779945445297926e-07,0.0
6,0,2.196142641124265e-06,0.0,1.4041215479210223e-07,0.0
6,0,3.925810162473444e-06,0.0,1.4523034508329147e-07,0.0
6,0,1.8924376905479554e-05,0.0,3.6721499441227934e-07,0.0
6,0,2.7621268273570373e-05,0.0,3.6721499441227934e-07,0.0
6,0,1.745532456951266e-05,0.0,3.6721499441227934e-07,0.0
6,0,1.6746812920947597e-05,0.0,3.6721499441227934e-07,0.0
6,0,2.560063716236016e-05,0.0,4.5759256295241357e-07,0.0
6,0,2.60668623192956e-05,0.0,4.5759256295241357e-07,0.0
6,0,2.0921189477570154e-05,0.0,4.5759256295241357e-07,0.0
6,0,1.6862728432588502e-05,0.0,4.5759256295241357e-07,0.0
6,0,1.944962399944383e-05,0.0,4.5759256295241357e-07,0.0
6,0,1.8299952360947288e-05,0.0,4.5759256295241357e-07,0.0
6,0,1.673223518734525e-05,0.0,4.5759256295241357e-07,0.0
6,0,1.575224159170796e-05,0.0,4.5759256295241357e-07,0.0
6,0,1.5158778338704094e-05,0.0,4.5759256295241357e-07,0.0
6,0,1.5310499419342003e-05,0.0,4.5759256295241357e-07,0.0
6,0,1.7063005708946986e-05,0.0,4.5759256295241357e-07,0.0
6,0,2.165649058797778e-05,0.0,4.5759256295241357e-07,0.0
6,0,2.9242677824131562e-05,0.0,4.5759256295241357e-07,0.0
6,0,3.668752102107954e-05,0.0,4.5759256295241357e-07,0.0
6,0,4.4321258831236105e-05,0.0,4.5759256295241357e-07,0.0
6,0,5.2510035603881046e-05,0.0,4.5759256295241357e-07,0.0
6,0,5.8826737367259234e-05,0.0,4.5759256295241357e-07,0.0
6,0,6.138145286044294e-05,0.0,4.5759256295241357e-07,0.0
6,0,6.460575734660891e-05,0.0,6.889687256261823e-07,0.0
6,0,7.062799539596276e-05,0.0,6.889687256261823e-07,0.0
6,0,7.480448425939585e-05,0.0,6.889687256261823e-07,0.0
6,0,7.202053955993992e-05,0.0,6.889687256261823e-07,0.0
6,0,6.521281975194388e-05,0.0,7.875467531448521e-07,0.0
6,0,5.603494373038351e-05,0.0,7.875467531448521e-07,0.0
6,0,4.714233127074628e-05,0.0,7.875467531448521e-07,0.0
6,0,3.973747407031395e-05,0.0,6.999464972068381e-07,0.0
6,0,3.682122322653405e-05,0.0,6.999464972068381e-07,0.0
6,0,3.522105172509327e-05,0.0,6.999464972068381e-07,0.0
6,0,3.2827500136221645e-05,0.0,6.999464972068381e-07,0.0
6,0,3.0266068206422238e-05,0.0,6.999464972068381e-07,0.0
6,0,2.7883630624396094e-05,0.0,6.999464972068381e-07,0.0
6,0,2.5875496552397516e-05,0.0,9.831376246438595e-07,0.0
6,0,2.442384153731499e-05,0.0,9.831376246438595e-07,0.0
6,0,2.356558937441741e-05,0.0,9.831376246438595e-07,0.0
6,0,2.197289017560775e-05,0.0,9.831376246438595e-07,0.0
6,0,2.0909507605492764e-05,0.0,9.831376246438595e-07,0.0
6,0,2.1285981435455207e-05,0.0,9.831376246438595e-07,0.0
6,0,2.300288641164563e-05,0.0,9.831376246438595e-07,0.0
6,0,2.8560501618531286e-05,0.0,9.831376246438595e-07,0.0
6,0,3.4511962913717304e-05,0.0,9.831376246438595e-07,0.0
6,0,3.654114674186047e-05,0.0,9.831376246438595e-07,0.0
6,0,3.660551655816236e-05,0.0,9.831376246438595e-07,0.0
6,0,4.296337024596652e-05,0.0,9.831376246438595e-07,0.0
6,0,4.4626660991868684e-05,0.0,9.831376246438595e-07,0.0
6,0,4.130323286097746e-05,0.0,6.716705343023932e-07,0.0
6,0,4.220017354809377e-05,0.0,6.716705343023932e-07,0.0
6,0,4.7058756664001694e-05,0.0,4.781969664691132e-07,0.0
6,0,5.055121346422689e-05,0.0,4.781969664691132e-07,0.0
6,0,5.418758174857084e-05,0.0,4.781969664691132e-07,0.0
6,0,6.055333211829503e-05,0.0,5.296075755722995e-07,0.0
6,0,6.514744525434055e-05,0.0,5.296075755722995e-07,0.0
6,0,6.146612378120048e-05,0.0,5.296075755722995e-07,0.0
6,0,6.669872339039798e-05,0.0,5.296075755722995e-07,0.0
6,0,6.869108873235286e-05,0.0,5.296075755722995e-07,0.0
6,0,5.6295946790101264e-05,0.0,1.0428869927636697e-06,0.0
6,0,6.201119055732995e-05,0.0,1.464828187636158e-06,0.0
6,0,8.827183894857194e-05,0.0,1.464828187636158e-06,0.0
6,0,0.00014336011614500503,0.0,1.464828187636158e-06,0.0
6,0,0.0001670053918671167,0.0,1.464828187636158e-06,3.0117000867946477e-38
6,0,0.00019877577348506974,0.0,1.464828187636158e-06,1.0170664611465295e-37
6,0,0.000231598681353711,0.0,1.464828187636158e-06,3.4310185295979015e-37
6,0,0.00027683524276462596,0.0,1.464828187636158e-06,1.1286070387306317e-36
6,0,0.000343865890980253,0.0,1.464828187636158e-06,3.797663228114018e-36
6,0,0.00041687386582050097,0.0,1.464828187636158e-06,1.3433102317125182e-35
6,0,0.00047338493817692133,0.0,1.464828187636158e-06,4.933948126865726e-35
6,0,0.0005663393965027811,0.0,1.464828187636158e-06,1.774737149259378e-34
6,0,0.0006493982935829559,0.0,1.3530119531424134e-06,6.306503314932571e-34
6,0,0.0008140555328523434,0.0,1.3530119531424134e-06,2.5788520367377367e-33
6,0,0.0011472168915872857,0.0,1.3530119531424134e-06,1.1166440343007359e-32
6,0,0.0015272391953223333,0.0,1.3530119531424134e-06,4.823983137455346e-32
6,0,0.002130129393390833,0.0,1.3530119531424134e-06,1.7638126989384958e-31
6,0,0.002818460235425936,0.0,1.3530119531424134e-06,6.610908288770275e-31
6,0,0.003560034257605009,0.0,9.632792625779985e-07,2.3114514663721817e-30
6,0,0.0043208821669026825,0.0,1.0219367823083303e-06,8.009005252491394e-30
6,0,0.005515771493889869,0.0,1.2003931715298677e-06,2.8443821616677576e-29
6,0,0.00822716855014181,0.0,1.4958291103539523e-06,8.913554662985871e-29
6,0,0.01307386262118328,0.0,1.4958291103539523e-06,2.3737989344234113e-28
6,0,0.015332495286468524,0.0,1.4958291103539523e-06,4.809990295325192e-28
6,0,0.020435652011718052,0.0,1.4958291103539523e-06,8.932688415871493e-28
6,0,0.021804738915822457,0.0,1.4958291103539523e-06,1.5137220028320691e-27
6,0,0.01954492860971936,0.0,1.4958291103539523e-06,2.8728024237445374e-27
6,0,0.021091446118139706,0.0,1.0219367823083303e-06,5.650480856419856e-27
6,0,0.028071370379945518,0.0,1.008171579996997e-06,1.1020604090835262e-26
6,0,0.03512421744640772,0.0,1.008171579996997e-06,2.373493568601079e-26
6,0,0.03881577391574467,0.0,1.4160673345031682e-06,5.305729304501632e-26
6,0,0.04071799270266176,0.0,1.4160673345031682e-06,1.1094511421339529e-25
6,0,0.04328826617515811,0.0,1.4160673345031682e-06,1.9823122984737104e-25
6,0,0.04680773762425508,0.0,1.4160673345031682e-06,3.44038387763537e-25
6,0,0.05116922498799228,0.0,1.4160673345031682e-06,5.235483952601063e-25
6,0,0.055394169877606377,0.0,1.4160673345031682e-06,6.965372594317628e-25
6,0,0.05781144699748217,0.0,1.2900526371595333e-06,8.092682931048202e-25
6,0,0.05747513690214347,0.0,1.2900526371595333e-06,9.034723367730833e-25
6,0,0.05270458473002854,0.0,1.2900526371595333e-06,9.63503862799497e-25
6,0,0.049813910377686454,0.0,1.0939361345663201e-06,1.0614445926643723e-24
6,0,0.04895778022598765,0.0,1.0939361345663201e-06,1.2611507458854737e-24
6,0,0.05077135481662405,0.0,1.0939361345663201e-06,1.598415111100168e-24
6,0,0.056164066562505756,0.0,1.1843417269119527e-06,1.8781987320254807e-24
6,0,0.05777987321518955,0.0,1.2993660902793636e-06,1.962285190850025e-24
6,0,0.0548315599166164,0.0,9.250859420717461e-07,2.0900853906612603e-24
6,0,0.03525548018275593,0.0,9.250859420717461e-07,3.5923253905138575e-25
6,0,0.03383036307421977,0.0,9.995439995691413e-07,4.0894085870875435e-25
6,0,0.03312049465050034,0.0,9.995439995691413e-07,4.952338600928151e-25
6,0,0.03262178452355484,0.0,9.995439995691413e-07,6.208214036725185e-25
6,0,0.032358684700285856,0.0,9.995439995691413e-07,7.717409472482923e-25
6,0,0.03190102195556829,0.0,9.995439995691413e-07,9.82170086754063e-25
6,0,0.03150753650119604,0.0,9.995439995691413e-07,1.2805565269386843e-24
6,0,0.03198114288591958,0.0,9.995439995691413e-07,1.7545716064028646e-24
6,0,0.26384487795016587,0.0,0.0006854354869574308,9.66263614260443e-12
6,0,0.276108457362285,0.0,0.0006854354869574308,1.0855128428077787e-11
6,0,0.29207503822656355,0.02,0.0008609223878011107,1.7466760676709825e-11
6,0,0.3095357645056659,0.02,0.0017150938510894775,3.1100119007865246e-11
6,0,0.3294734114926147,0.02,0.0018700645305216312,5.874407904560286e-11
6,0,0.3528267344975255,0.02,0.0027424476575106382,1.1127061771976088e-10
6,0,0.38235632142437653,0.02,0.001980764791369438,1.9148545249425553e-10
6,0,0.4011642080441393,0.02,0.001706388546153903,2.9375457621938494e-10
6,0,0.39568908701026523,0.02,0.001609718892723322,4.3803963234445575e-10
6,0,0.42140710095027806,0.02,0.0019186455756425858,6.415064590648001e-10
6,0,0.4431315728687997,0.02,0.00214161304756999,9.157765656908623e-10
6,0,0.48890950003641526,0.02,0.0017670727102085948,1.2607610511139455e-09
6,0,0.570591023160675,0.04,0.002416467061266303,1.5920830209736891e-09
6,0,0.6054586858237543,0.04,0.002340792678296566,1.9012664775885924e-09
6,0,0.6144015523515565,0.02,0.002908258233219385,2.0555943613942418e-09
6,0,0.6228318355268072,0.02,0.004809884820133448,1.8478988339509783e-09
6,0,0.6406908870911532,0.02,0.004712883848696947,1.3690131250854165e-09
6,0,0.6544026816045907,0.02,0.004712883848696947,9.107389842277769e-10
6,0,0.6632729651933618,0.0,0.002998665440827608,5.466567754019991e-10
6,0,0.6608248764722546,0.0,0.002998665440827608,2.978290114530324e-10
6,0,0.6389966632444943,0.02,0.0025445616338402033,1.6013193548936044e-10
6,0,0.6133291164748544,0.02,0.0017887077992781997,9.45303765820249e-11
6,0,0.6062927388422942,0.02,0.0016211098991334438,5.3874626981809115e-11
6,0,0.608874739189428,0.02,0.0013188625453040004,3.652724303582211e-11
6,0,0.5996540563010381,0.02,0.006707471329718828,2.851040237228375e-11
6,0,0.5877965639386362,0.02,0.006707471329718828,2.4587956670707456e-11
6,0,0.5783395974401684,0.02,0.006707471329718828,2.236339412264865e-11
6,0,0.5616941500749282,0.02,0.010375753045082092,2.1404399086488723e-11
6,0,0.533938758700702,0.02,0.011671565473079681,2.136609812686263e-11
6,0,0.4980914613149189,0.06,0.018399717286229134,2.1294088020651358e-11
6,0,0.4642994581508653,0.04,0.015497643500566483,2.0773015252384397e-11
6,0,0.4461870318878565,0.02,0.009410486556589603,1.9871417011874115e-11
6,0,0.4319130464161056,0.04,0.015570076182484627,1.9544990625952607e-11
6,0,0.42069759895745945,0.04,0.018812447786331177,1.9989489230543e-11
6,0,0.40840580056100434,0.04,0.015339680016040802,2.208405854020601e-11
6,0,0.4064845513503715,0.02,0.014026682823896408,2.573612850609308e-11
6,0,0.40439511612447987,0.04,0.005335709545761347,3.2082444340053584e-11
6,0,0.39023227699873425,0.04,0.009427820332348347,4.300359027209488e-11
6,0,0.372208402872553,0.04,0.0034940685145556927,5.82294837347952e-11
6,0,0.34867398684538553,0.04,0.003970108460634947,7.689298503477104e-11
6,0,0.3199957141479195,0.04,0.0042785294353961945,9.525397831611215e-11
6,0,0.3446806012260787,0.04,0.00292984489351511,1.0125277005723632e-10
6,0,0.35059499147243167,0.04,0.003932193852961063,1.1405194150215792e-10
6,0,0.3541689459976399,0.04,0.0034104830119758844,1.0895872398775097e-10
6,0,0.3473042242686343,0.04,0.0007952569867484272,9.130988326555567e-11
6,0,0.3519913795973671,0.04,0.0006404042360372841,8.923689565065729e-11
6,0,0.36219788150086646,0.04,0.0004341561289038509,8.083268082659245e-11
6,0,0.36485971856513216,0.04,0.0004341561289038509,7.104726529316707e-11
6,0,0.3609254727433465,0.04,0.0003993760037701577,6.128326318632915e-11
6,0,0.36043011442918116,0.04,0.0003993760037701577,5.23054967394021e-11
6,0,0.3756497917934617,0.04,0.0003993760037701577,5.259441146487909e-11
6,0,0.3881672528441129,0.04,0.0003196673933416605,4.009774803859223e-11
6,0,0.40332076418327295,0.04,0.0003196673933416605,3.185968502905645e-11
6,0,0.42992221339757875,0.0,0.0005080814589746296,2.5343458234794447e-11
6,0,0.43050669293721905,0.0,0.0005080814589746296,1.9878923160354667e-11
6,0,0.42486692387273717,0.0,0.0007494217716157436,1.449778144757552e-11
6,0,0.4333021138719605,0.0,0.0005297477473504841,9.341477244517726e-12
6,0,0.4308556932533454,0.0,0.0004800548776984215,6.659772993494739e-12
6,0,0.41323184738018603,0.0,0.0004800548776984215,4.604326035023698e-12
6,0,0.42724081610536313,0.0,0.0012925483752042055,3.071661631645628e-12
6,0,0.44456585004001836,0.0,0.0012022015871480107,2.336485388845788e-12
6,0,0.3870758651723825,0.0,0.001038489630445838,2.206901328349886e-12
6,0,0.3870389865427158,0.04,0.0015399041585624218,2.158271608307394e-12
6,0,0.46648969585956823,0.04,0.0017733856802806258,1.917539044216099e-12
6,0,0.47635792759290535,0.04,0.00295423180796206,1.8665249467558764e-12
6,0,0.4394754867566758,0.04,0.0006039298023097217,1.7434932620893906e-12
6,0,0.4115158467951843,0.04,0.0005111521459184587,1.675492643932186e-12
6,0,0.4091269221889037,0.04,0.0005706471274606884,1.7146239940021846e-12
6,0,0.4069953327865832,0.0,0.0004972582682967186,1.8715016515680194e-12
6,0,0.40596760211332283,0.0,0.00024945600307546556,2.2343639525385095e-12
6,0,0.40617032458617686,0.0,0.0001706041512079537,2.977468965825736e-12
6,0,0.41183239949141087,0.0,0.00042490666965022683,4.351752899006689e-12
6,0,0.42629513794886537,0.0,0.0003617051988840103,6.5210033553531055e-12
6,0,0.4339657460288759,0.0,0.0003617051988840103,9.457813004987159e-12
6,0,0.42811541788721563,0.02,0.00042349399882368743,1.3767808941522741e-11
6,0,0.4260815002608432,0.02,0.0005973068764433265,1.8744391455660647e-11
6,0,0.4403790508907894,0.02,0.000743450946174562,2.0950201642944144e-11
6,0,0.4191930262574895,0.0,0.000743450946174562,2.110799382504247e-11
6,0,0.400005699627581,0.0,0.000869541778229177,1.9863952496756987e-11
6,0,0.39302152567773235,0.04,0.000869541778229177,1.705078959968187e-11
6,0,0.4270632403695158,0.04,0.0009920066222548485,1.466515277270819e-11
6,0,0.423093538272014,0.02,0.000925948959775269,1.1949615776052358e-11
6,0,0.4186578070127323,0.02,0.00045761463115923107,8.690273327338627e-12
6,0,0.412240481896331,0.04,0.0003597529139369726,5.833872881305657e-12
6,0,0.41232307432227067,0.04,6.720115925418213e-05,3.764519945770317e-12
6,0,0.4162706568803639,0.06,5.950815466349013e-05,2.3516507751536464e-12
6,0,0.4215179344633888,0.06,5.950815466349013e-05,1.3248249068967266e-12
6,0,0.4319147274458261,0.08,0.0001518247154308483,7.389430321975976e-13
6,0,0.43670341082702646,0.08,0.0001518247154308483,4.051004865758545e-13
6,0,0.42681927989107166,0.06,0.00012115517165511847,2.292328382235559e-13
6,0,0.39897748216409645,0.06,5.087711906526238e-05,1.444441354719883e-13
6,0,0.3733406771250395,0.04,4.5567674533231184e-05,9.515722628264389e-14
6,0,0.32037228466381884,0.06,4.3051062675658613e-05,6.696909465777473e-14
6,0,0.28714810207518865,0.06,2.9109078241162933e-05,5.1364033875787515e-14
6,0,0.2987158134311777,0.04,2.660111931618303e-05,4.131737608840426e-14
6,0,0.29963442216017244,0.06,2.660111931618303e-05,3.8693301899128327e-14
6,0,0.29313506325721034,0.06,2.55971299338853e-05,3.740938968647099e-14
6,0,0.2837525742231676,0.06,2.55971299338853e-05,3.534297827274477e-14
6,0,0.2751361827281816,0.06,2.078806392091792e-05,3.173537008269861e-14
6,0,0.2722147561365922,0.04,9.186846000375226e-06,2.5136654774804076e-14
6,0,0.2745146665313091,0.04,9.186846000375226e-06,1.612684324189123e-14
6,0,0.27743380430652,0.08,9.186846000375226e-06,1.0094288991106207e-14
6,0,0.277965795718113,0.06,2.314781886525452e-05,6.23449283464108e-15
6,0,0.27639785013910234,0.06,2.314781886525452e-05,4.638440510591063e-15
6,0,0.27916610077171883,0.04,1.5689714928157628e-05,3.584500284212113e-15
6,0,0.2808281373216191,0.04,1.4432324860536028e-05,3.0654003776520514e-15
6,0,0.27853025896803685,0.06,1.4432324860536028e-05,2.949451519810068e-15
6,0,0.28231842396153917,0.06,1.4432324860536028e-05,2.746958552890034e-15
6,0,0.27851717928626724,0.06,3.251791713410057e-05,3.0503761307501282e-15
6,0,0.27060809789921786,0.04,2.8176433261251077e-05,3.830979672083063e-15
6,0,0.24193020786322858,0.04,3.3489312045276165e-05,4.068361079067554e-15
6,0,0.2470992646939125,0.06,5.374186730477959e-05,3.870390421052911e-15
6,0,0.23199576899121313,0.06,5.1064205763395876e-05,3.8390993299154425e-15
6,0,0.21827971265188242,0.06,4.46727208327502e-05,3.1795698310300904e-15
6,0,0.21405107714960897,0.06,4.46727208327502e-05,2.382823959304857e-15
6,0,0.20967479376653014,0.06,4.46727208327502e-05,1.7003762899656452e-15
6,0,0.19693395614218262,0.04,4.46727208327502e-05,1.1620268185254007e-15
6,0,0.17882551141528366,0.04,4.680222991737537e-05,7.639792491936481e-16
6,0,0.16055777811574443,0.02,3.8727710489183664e-05,5.008310999536809e-16
6,0,0.14922871706659613,0.02,1.62623000505846e-05,3.4635362501685553e-16
6,0,0.1438042675707603,0.02,1.4147676665743347e-05,2.679508525206786e-16
6,0,0.14315897426525126,0.02,1.3503936315828469e-05,1.8105924817601708e-16
6,0,0.13535200837674063,0.02,1.3503936315828469e-05,1.225945062925733e-16
6,0,0.12263771677660845,0.02,1.0923726222245023e-05,8.360251585346897e-17
6,0,0.11168813331727083,0.04,1.0923726222245023e-05,5.614477158047345e-17
6,0,0.11345198865839623,0.04,1.0923726222245023e-05,3.6372656855006175e-17
6,0,0.11851573614913731,0.04,1.1759978406189475e-05,2.6033362419236358e-17
6,0,0.09688998865769337,0.04,7.021908459137194e-06,1.7496317521568503e-17
6,0,0.08103643459086894,0.04,7.021908459137194e-06,1.0896540371847802e-17
6,0,0.0799596135375068,0.04,9.572812814440113e-06,1.3429074585548329e-17
6,0,0.10176487853452021,0.04,9.788876923266798e-06,7.475945052510344e-18
6,0,0.10938615880863213,0.04,9.788876923266798e-06,7.742470917681055e-18
6,0,0.11133858323407617,0.04,9.788876923266798e-06,9.309716789395476e-18
6,0,0.1140681336565423,0.04,9.788876923266798e-06,8.552270811203119e-18
6,0,0.12007586539055598,0.04,9.788876923266798e-06,7.278069387917247e-18
6,0,0.1256131880635031,0.04,9.788876923266798e-06,5.788985466644187e-18
6,0,0.12691930215680927,0.04,2.331184077775106e-05,4.678720073828055e-18
6,0,0.12282319559267653,0.06,2.331184077775106e-05,4.007451012622391e-18
6,0,0.12432150910446287,0.04,2.6796176825882867e-05,3.692062347897254e-18
6,0,0.15016811796915983,0.06,2.6796176825882867e-05,3.604665339507045e-18
6,0,0.15133995829524124,0.08,2.6796176825882867e-05,3.319215649872652e-18
6,0,0.1462780192109257,0.06,2.1494088286999613e-05,3.1995803110839546e-18
6,0,0.14542998511753738,0.06,2.1494088286999613e-05,3.3756423957434163e-18
6,0,0.1495767811860038,0.08,2.1494088286999613e-05,3.4251929959771803e-18
6,0,0.14625874103862488,0.08,2.1494088286999613e-05,3.5737221671526614e-18
6,0,0.14425155745752702,0.08,2.1494088286999613e-05,3.4944948080823324e-18
6,0,0.14331506908865485,0.08,2.4569402739871293e-05,2.9651165868412583e-18
6,0,0.1365381827138007,0.08,2.4569402739871293e-05,2.3492452588243426e-18
6,0,0.13037498795055613,0.1,2.4569402739871293e-05,1.6708665802537853e-18
6,0,0.12486958451523579,0.08,2.4569402739871293e-05,1.1687824240948172e-18
6,0,0.12311341161614812,0.06,2.4569402739871293e-05,7.930490725275584e-19
6,0,0.12192536655628478,0.04,2.4569402739871293e-05,5.15041888755823e-19
6,0,0.12105854672626423,0.04,2.1374609787017107e-05,3.083867359362407e-19
6,0,0.11825419635462929,0.04,2.1374609787017107e-05,1.7406361629953361e-19
6,0,0.11637916378070308,0.06,1.8699174688663334e-05,9.692313051709934e-20
6,0,0.11430368084089453,0.04,1.8699174688663334e-05,5.2593374423517526e-20
6,0,0.11119934746824424,0.04,1.8699174688663334e-05,2.8836824779177e-20
6,0,0.1059409765261764,0.04,1.8699174688663334e-05,1.6614011460419925e-20
6,0,0.09759235605698455,0.04,1.734587931423448e-05,9.703592757961346e-21
6,0,0.0858172670170571,0.04,1.734587931423448e-05,5.634376285321894e-21
6,0,0.07237167429500489,0.04,1.4697896403959021e-05,3.2876816492254683e-21
6,0,0.060718917187148926,0.04,1.4697896403959021e-05,1.965194737060421e-21
6,0,0.05368184919355152,0.04,1.4697896403959021e-05,1.2174276032545145e-21
6,0,0.05289365188024101,0.04,1.4697896403959021e-05,7.762240350951933e-22
6,0,0.055872419944472354,0.04,1.4697896403959021e-05,5.216273947103005e-22
6,0,0.0595566915600982,0.04,1.4697896403959021e-05,3.715536883074883e-22
6,0,0.0671310875845037,0.04,9.097680958802812e-06,2.647243017433843e-22
6,0,0.07850825130379424,0.04,8.624899237474892e-06,1.7195212620950558e-22
6,0,0.10065259021001531,0.04,7.2565894697618205e-06,1.0702277739274076e-22
6,0,0.1199490519646886,0.04,6.944047527213115e-06,7.337512717088892e-23
6,0,0.11470413563288949,0.04,5.804537977383006e-06,5.300012478825302e-23
6,0,0.1175799812353017,0.06,5.804537977383006e-06,4.069804091972308e-23
6,0,0.12531431447818095,0.04,6.497732556454139e-06,3.802413692804766e-23
6,0,0.14567041530125188,0.06,6.497732556454139e-06,3.6592572110681365e-23
6,0,0.14334316709551273,0.06,6.064652552595362e-06,4.3299208780493495e-23
6,0,0.14319167952982192,0.06,6.064652552595362e-06,5.308936704473886e-23
6,0,0.141083720432002,0.06,6.064652552595362e-06,5.708403245103323e-23
6,0,0.13564964123475357,0.06,9.044943908520509e-06,5.923268760846353e-23
6,0,0.13978685454032622,0.06,8.44367878016783e-06,5.630696659406708e-23
6,0,0.14564340089468844,0.04,9.886682164506055e-06,4.923054348632355e-23
6,0,0.14126403918369737,0.04,1.184730717795901e-05,4.209915570614784e-23
6,0,0.1348357547090398,0.06,1.4429571820073761e-05,3.446456617630613e-23
6,0,0.12897864357426556,0.04,1.157440146926092e-05,2.748341537780795e-23
6,0,0.12200099940799733,0.04,1.0021125490311533e-05,2.13779916919701e-23
6,0,0.11442385170912675,0.04,1.0021125490311533e-05,1.659796003426485e-23
6,0,0.10826611457782429,0.04,1.0021125490311533e-05,1.2540798700476157e-23
6,0,0.10239803827009729,0.04,1.0021125490311533e-05,9.489539939344649e-24
6,0,0.09750333059417456,0.04,1.0021125490311533e-05,7.304637412180349e-24
6,0,0.09378057785866285,0.04,1.0021125490311533e-05,5.890660643126409e-24
6,0,0.09103511904734005,0.02,1.0021125490311533e-05,5.103663027363529e-24
6,0,0.09009249521283696,0.02,1.0021125490311533e-05,4.6061339764669735e-24
6,0,0.0892122151164197,0.02,1.0021125490311533e-05,4.2293586253457664e-24
6,0,0.08744243762236062,0.02,1.0736735930549912e-05,4.0138343318607864e-24
6,0,0.08560547530287804,0.02,1.0736735930549912e-05,3.738194893093439e-24
6,0,0.08441577622393469,0.02,9.012216651171912e-06,3.411841953312149e-24
6,0,0.08759515347453156,0.02,9.012216651171912e-06,2.967733182410576e-24
6,0,0.09138378101288287,0.02,9.012216651171912e-06,2.5219900889286115e-24
6,0,0.09131355884377075,0.02,9.012216651171912e-06,2.1128842596830528e-24
6,0,0.09279033819791398,0.02,9.012216651171912e-06,1.6071093443518351e-24
6,0,0.0858871797022366,0.02,9.012216651171912e-06,1.2395208701176057e-24
6,0,0.08122078773120035,0.02,9.012216651171912e-06,8.901509412742292e-25
6,0,0.0738226628180995,0.02,9.012216651171912e-06,6.524917531306199e-25
6,0,0.06705282601247664,0.02,9.012216651171912e-06,4.750804854204878e-25
6,0,0.0650766474977526,0.02,9.012216651171912e-06,3.2787948424050623e-25
6,0,0.06317933094429995,0.02,9.012216651171912e-06,2.3024892462280255e-25
6,0,0.05973522126977487,0.04,9.012216651171912e-06,1.6706821655893992e-25
6,0,0.056601051127059855,0.04,7.6364221968106e-06,1.2733853129240629e-25
6,0,0.053494302803055706,0.04,8.232208529079799e-06,1.0687695852517053e-25
6,0,0.05203512172115057,0.04,8.232208529079799e-06,9.289245147976833e-26
6,0,0.05035630176677673,0.06,3.456756758168922e-06,8.578996697151424e-26
6,0,0.04640373436575704,0.06,4.3075174289697316e-06,8.497602275469753e-26
6,0,0.04343712455514765,0.04,4.3075174289697316e-06,9.76740763899831e-26
6,0,0.04145582760950167,0.04,4.3075174289697316e-06,8.805017672448888e-26
6,0,0.03770043604911336,0.04,4.3075174289697316e-06,9.079114789538915e-26
6,0,0.03461273271717396,0.02,4.3075174289697316e-06,9.712159025944057e-26
6,0,0.03191371005524974,0.02,4.056302714161575e-06,1.1171506710879428e-25
6,0,0.03126115323850532,0.02,4.056302714161575e-06,1.045881155865267e-25
6,0,0.03166693002705871,0.02,4.3075174289697316e-06,8.027220541423601e-26
6,0,0.031208829167676817,0.02,4.229729711369146e-06,6.501236296710014e-26
6,0,0.031097610862766148,0.04,4.229729711369146e-06,4.669678460341708e-26
6,0,0.029422759290751374,0.02,4.229729711369146e-06,3.1345237076049264e-26
6,0,0.02753232670592939,0.02,3.983051556133432e-06,1.8968095754793097e-26
6,0,0.025710231867301488,0.02,3.6947865282854764e-06,1.596189475641555e-26
6,0,0.024335590044311305,0.02,2.8928614028700395e-06,1.1239123183813349e-26
6,0,0.022449219860526098,0.02,2.8928614028700395e-06,8.22306450560845e-27
6,0,0.02092304191786958,0.02,3.414048478589393e-06,6.2998894114136656e-27
6,0,0.01964275116821846,0.02,1.6265105386992218e-06,5.006010770989444e-27
6,0,0.018017221532022572,0.02,1.3406033758656122e-06,3.781200600602815e-27
6,0,0.015353038391535056,0.0,1.3406033758656122e-06,2.670248904819432e-27
6,0,0.012976243067552407,0.0,1.3406033758656122e-06,1.9545128632848813e-27
6,0,0.011213036055899147,0.0,1.3406033758656122e-06,1.5242621359352144e-27
6,0,0.009942610472135896,0.0,1.4451966308115516e-06,1.1638164505303712e-27
6,0,0.008207014247791328,0.0,1.4451966308115516e-06,8.138613055326053e-28
6,0,0.006437062090752005,0.0,1.4451966308115516e-06,5.2972914972664805e-28
6,0,0.005004635834941091,0.0,1.4451966308115516e-06,3.340347580761048e-28
6,0,0.003917055855637276,0.0,1.4451966308115516e-06,2.069595892295017e-28
6,0,0.0030181055247729253,0.0,1.4451966308115516e-06,1.2016664146896733e-28
6,0,0.0022209368567228877,0.0,1.4451966308115516e-06,6.663325199353667e-29
6,0,0.0015055216528794123,0.0,1.4451966308115516e-06,3.5269512941845917e-29
6,0,0.001321253909144954,0.0,1.3488726153809694e-06,1.7765093779909365e-29
6,0,0.0011464202279288596,0.0,1.3488726153809694e-06,8.369834246103419e-30
6,0,0.0008767646367715178,0.0,1.3488726153809694e-06,3.656285840662063e-30
6,0,0.0005326278229067047,0.0,1.3488726153809694e-06,1.5716615258064723e-30
6,0,0.00030982890537388676,0.0,1.3488726153809694e-06,6.789195046761751e-31
6,0,0.000242835175213771,0.0,1.3488726153809694e-06,2.9668403012917885e-31
6,0,0.00021714142963001964,0.0,1.3488726153809694e-06,1.7386812174650907e-31
6,0,0.00016116190870991192,0.0,1.3488726153809694e-06,1.1101081828544083e-31
6,0,0.00011440110924747298,0.0,1.4855734207230853e-06,7.997944838065411e-32
6,0,8.04701437836232e-05,0.0,1.4855734207230853e-06,5.782808606292543e-32
6,0,5.8765979230817497e-05,0.0,1.4855734207230853e-06,4.092311960212574e-32
6,0,4.372334691369541e-05,0.0,1.4855734207230853e-06,2.886515422141202e-32
6,0,3.242632309408526e-05,0.0,1.4855734207230853e-06,1.92324482141637e-32
6,0,2.285972385806924e-05,0.0,1.4855734207230853e-06,1.190294926725094e-32
6,0,1.59567576385235e-05,0.0,1.4855734207230853e-06,7.061093179001723e-33
6,0,1.2196542272800074e-05,0.0,1.3488726153809694e-06,4.023443860428124e-33
6,0,1.0046830156219756e-05,0.0,1.3488726153809694e-06,2.2364127162569497e-33
6,0,7.73727031596559e-06,0.0,1.3488726153809694e-06,1.2441718735851104e-33
6,0,6.435847467136721e-06,0.0,1.3488726153809694e-06,6.529668162371298e-34
6,0,6.4203443637859045e-06,0.0,1.3488726153809694e-06,3.895177773957235e-34
6,0,6.1864412229659585e-06,0.0,1.3488726153809694e-06,2.3385323645344455e-34
6,0,4.476205153213616e-06,0.0,1.3488726153809694e-06,1.4029476863428518e-34
6,0,4.5116112677840895e-06,0.0,1.3488726153809694e-06,9.308358072880788e-35
6,0,6.531802129710968e-06,0.0,1.3488726153809694e-06,7.657080087675776e-35
6,0,6.823943861298991e-06,0.0,1.3488726153809694e-06,5.91115758807404e-35
6,0,6.910056030244557e-06,0.0,1.3488726153809694e-06,4.3471899049538336e-35
6,0,8.339912210529105e-06,0.0,1.3488726153809694e-06,3.270135170406999e-35
6,0,1.0067358615027428e-05,0.0,1.3488726153809694e-06,2.5533398948368693e-35
6,0,1.0411765963750755e-05,0.0,1.3488726153809694e-06,1.8301857286226127e-35
6,0,9.760112467807138e-06,0.0,1.3488726153809694e-06,1.1805572847733664e-35
6,0,1.106876480777994e-05,0.0,1.3488726153809694e-06,7.116653304054478e-36
6,0,1.5529595423015014e-05,0.0,1.4169088444759836e-06,4.784534285743522e-36
6,0,2.4090124701324653e-05,0.0,1.0857233974093106e-06,4.002725075119082e-36
6,0,3.55504586736445e-05,0.0,1.1201035476915422e-06,4.583653106208088e-36
6,0,5.0171117969221656e-05,0.0,1.1201035476915422e-06,6.599830395340226e-36
6,0,7.592164159403663e-05,0.0,1.1201035476915422e-06,9.662886422925384e-36
6,0,0.00010443809827863645,0.0,1.1201035476915422e-06,1.344807437285819e-35
6,0,0.00013321031686929633,0.0,1.2074934829797712e-06,1.8265031252266772e-35
6,0,0.0001734549513960901,0.0,1.2074934829797712e-06,2.5749568226887585e-35
6,0,0.00020906603978933176,0.0,1.2074934829797712e-06,3.89067622752431e-35
6,0,0.00024393283262111228,0.0,1.1912288755411282e-06,6.419047485885449e-35
6,0,0.0003020114900493097,0.0,1.5439093203895027e-06,1.1201155951347255e-34
6,0,0.0003629833714252569,0.0,1.5439093203895027e-06,1.7699233621395165e-34
6,0,0.0004436370760860269,0.0,1.3026328815612942e-06,2.633900804528729e-34
6,0,0.000547777584009225,0.0,1.3026328815612942e-06,3.384085687189166e-34
6,0,0.0005608238050129582,0.0,1.3026328815612942e-06,3.8170418379386117e-34
6,0,0.0005391275108634548,0.0,1.2465280860851635e-06,3.5882417348668904e-34
6,0,0.0005856386203144453,0.0,1.0491556849956396e-06,2.5034491710025237e-34
6,0,0.0006121232968457007,0.0,1.0491556849956396e-06,1.5141613905451408e-34
6,0,0.0005965828630333308,0.0,1.0491556849956396e-06,8.694102007531789e-35
6,0,0.0006320114927245723,0.0,1.0491556849956396e-06,4.555468505451275e-35
6,0,0.0006611164214484205,0.0,1.0491556849956396e-06,2.32285676280509e-35
6,0,0.0005450549048483721,0.0,1.0491556849956396e-06,1.2587885718657345e-35
6,0,0.0004099339526543288,0.0,1.0491556849956396e-06,7.152906083627659e-36
6,0,0.00040729453777654437,0.0,1.0491556849956396e-06,4.2043994120060996e-36
6,0,0.00045744628859377504,0.0,1.0491556849956396e-06,3.117467841593954e-36
6,0,0.00041995443601615536,0.0,1.0491556849956396e-06,2.496008429515063e-36
6,0,0.00041198185732066174,0.0,1.0491556849956396e-06,2.131254878564848e-36
6,0,0.00039128704738603415,0.0,1.0491556849956396e-06,1.837747377280484e-36
6,0,0.00035449868558465157,0.0,1.0491556849956396e-06,1.6024470788695706e-36
6,0,0.00033331615513146096,0.0,1.0491556849956396e-06,1.3253369668537991e-36
6,0,0.0003496861663206737,0.0,1.0491556849956396e-06,1.0905835559971547e-36
6,0,0.00037624314955844057,0.0,1.0491556849956396e-06,8.92903704460603e-37
6,0,0.00038084236411416286,0.0,1.0491556849956396e-06,7.2900039237572995e-37
6,0,0.0004093849719709447,0.0,1.0491556849956396e-06,6.549940313636888e-37
6,0,0.00047345153940760333,0.0,1.6844812762428774e-06,5.577938265856519e-37
6,0,0.00053482405859647,0.0,1.5625703326804796e-06,5.568498670985319e-37
6,0,0.0005498390909840332,0.0,1.5625703326804796e-06,4.6782109329186926e-37
6,0,0.0005326047429311079,0.0,9.73225155576074e-07,5.771445700768799e-37
6,0,0.0005182601790719956,0.0,9.591587968316162e-07,5.3441523563011954e-37
6,0,0.0005219723834793081,0.0,9.591587968316162e-07,4.849118226198342e-37
6,0,0.0005702664330720723,0.0,9.591587968316162e-07,5.041246783421726e-37
6,0,0.0006760586487212615,0.0,9.591587968316162e-07,6.188928162324094e-37
6,0,0.0008997149518452598,0.0,1.033991907206655e-06,9.476382879524778e-37
6,0,0.0012352678181923413,0.0,1.033991907206655e-06,1.8138719419414407e-36
6,0,0.0015496116687713625,0.0,1.033991907206655e-06,4.4857134194148455e-36
6,0,0.0016305461439227568,0.0,1.0707324236136628e-06,1.1177376441053807e-35
6,0,0.0014872599781133862,0.0,9.766233688424109e-07,2.1702342037964225e-35
6,0,0.0016003504274374018,0.0,1.0573339750408195e-06,2.9797639589361523e-35
6,0,0.0017664621666792603,0.0,1.0573339750408195e-06,3.4513429625244686e-35
6,0,0.0021460971374524726,0.0,9.766233688424109e-07,3.7499719070154715e-35
6,0,0.002789286830478147,0.0,9.766233688424109e-07,4.84642315930865e-35
6,0,0.0030075940291568568,0.0,7.285701713044546e-07,5.155881804684084e-35
6,0,0.0030766061754818074,0.0,7.285701713044546e-07,5.45534358233087e-35
6,0,0.0029440529302556923,0.0,7.285701713044546e-07,5.19905596731536e-35
6,0,0.0027158841306430676,0.0,7.285701713044546e-07,5.023858521435505e-35
6,0,0.002496088452225206,0.0,7.285701713044546e-07,5.066313497337494e-35
6,0,0.0022973456700147036,0.0,7.285701713044546e-07,5.278311148443408e-35
6,0,0.002118220236824264,0.0,8.676432798893075e-07,5.732175945780625e-35
6,0,0.0019513217467468681,0.0,9.39347501116572e-07,6.500265076772024e-35
6,0,0.001817380724382995,0.0,9.39347501116572e-07,7.58382520827795e-35
6,0,0.0018012580666408179,0.0,9.39347501116572e-07,9.301117417980582e-35
6,0,0.0019345917564052935,0.0,9.39347501116572e-07,1.1236591825483517e-34
6,0,0.0018849082449708327,0.0,1.1160622079842142e-06,1.235059083219101e-34
6,0,0.0016122303056398484,0.0,1.1662949646051857e-06,1.2830047886420054e-34
6,0,0.001342693437559905,0.0,1.019576075123041e-06,1.3640435298998122e-34
6,0,0.0011869644115732982,0.0,8.77110153396643e-07,1.581135410771981e-34
6,0,0.0011865528808749322,0.0,8.77110153396643e-07,1.9678601952230515e-34
6,0,0.0013316612153624694,0.0,9.622958714317065e-07,2.46983209886767e-34
6,0,0.0016447885031110581,0.0,1.118598333960108e-06,3.0264475002587354e-34
6,0,0.001992287519947428,0.0,1.3825559790348052e-06,3.423140568640275e-34
6,0,0.0020196814327115733,0.0,1.3825559790348052e-06,3.411382181300946e-34
6,0,0.0018791611101845569,0.0,1.3825559790348052e-06,3.439659708100434e-34
6,0,0.0026122798354957255,0.0,1.3825559790348052e-06,4.546425521541783e-34
6,0,0.004068735284747452,0.0,1.3825559790348052e-06,6.281293552882241e-34
6,0,0.004779580766671168,0.0,1.2795666179954424e-06,6.200114647698423e-34
6,0,0.005616608564673118,0.0,1.2795666179954424e-06,6.341047695989881e-34
6,0,0.0064924620350907325,0.0,1.2795666179954424e-06,6.7645484640548994e-34
6,0,0.007571241860164451,0.0,9.909704203892034e-07,8.191351568468491e-34
6,0,0.009216536782212964,0.0,9.909704203892034e-07,1.18795826436085e-33
6,0,0.010666094676471704,0.0,9.909704203892034e-07,1.689575866661291e-33
6,0,0.011796513186111314,0.0,9.909704203892034e-07,2.61836407528872e-33
6,0,0.012483376279745021,0.0,1.2257848993613152e-06,3.7353268889637196e-33
6,0,0.012084728463873233,0.0,1.2257848993613152e-06,4.1525237930659655e-33
6,0,0.011443225711075264,0.0,1.0271975270370604e-06,4.1214033148119147e-33
6,0,0.010653482812028991,0.0,1.112120571633568e-06,3.3564588148799576e-33
6,0,0.00994137927755097,0.0,1.112120571633568e-06,2.2823846472786785e-33
6,0,0.00962260289635599,0.0,1.551578975522716e-06,1.4584069128839223e-33
6,0,0.00938994388014656,0.0,1.2496598174038809e-06,8.866224915794645e-34
6,0,0.009314438691518245,0.0,1.2496598174038809e-06,5.5720558220712485e-34
6,0,0.009638724523981358,0.0,1.0493538411537884e-06,4.1720347034022115e-34
6,0,0.009584797515160294,0.0,1.0493538411537884e-06,3.496199838431284e-34
6,0,0.009510626576905962,0.0,1.0493538411537884e-06,2.0843659198914447e-34
6,0,0.00968404834397134,0.0,1.0493538411537884e-06,3.028064264168597e-34
6,0,0.010042076366929928,0.0,1.0493538411537884e-06,3.388193488932313e-34
6,0,0.009356625390885696,0.0,1.0493538411537884e-06,3.6486991082863596e-34
6,0,0.008142445081485533,0.0,1.0493538411537884e-06,4.0174751041908315e-34
6,0,0.0071988332796800334,0.0,1.2496598174038809e-06,4.895759942909608e-34
6,0,0.00657594591186564,0.0,1.2496598174038809e-06,6.12255406106323e-34
6,0,0.006258641991024604,0.0,1.2496598174038809e-06,7.4058609884875955e-34
6,0,0.006079366798458594,0.0,2.0064021555299405e-06,7.386900631950817e-34
6,0,0.006011397808890738,0.0,2.0317670532676857e-06,5.8549440477264015e-34
6,0,0.00591041158491843,0.0,1.645928136895236e-06,2.832346291466609e-34
6,0,0.005203313498399931,0.0,1.3264907465782017e-06,7.57387942404404e-35
6,0,0.003586573935406921,0.0,1.5238325659083785e-06,1.556639497512724e-35
6,0,0.002258027397027448,0.0,1.631550276215421e-06,4.535439470725143e-36
6,0,0.0017248876677450095,0.0,1.6538267573196208e-06,2.4829410634963165e-36
6,0,0.00142779258899795,0.0,1.6538267573196208e-06,1.737847935348526e-36
6,0,0.001572108316384377,0.0,1.5446385077666491e-06,1.4732955202844444e-36
6,0,0.0020778279917756976,0.0,1.682801780589216e-06,1.3287387365850186e-36
6,0,0.0024131898870670943,0.0,1.682801780589216e-06,1.0273184055530807e-36
6,0,0.0022444217168504296,0.0,1.682801780589216e-06,7.492604776768153e-37
6,0,0.002174313163503678,0.0,1.682801780589216e-06,7.092935621291355e-37
6,0,0.0020318225070138536,0.0,1.048109652401763e-06,7.343089145325501e-37
6,0,0.0019143769830534548,0.0,1.048109652401763e-06,7.736641016434197e-37
6,0,0.0018557154966323392,0.0,1.048109652401763e-06,8.371750734692994e-37
6,0,0.0018299371790437722,0.0,1.048109652401763e-06,9.253896143954753e-37
6,0,0.0018241045236701836,0.0,1.048109652401763e-06,1.0838233334728449e-36
6,0,0.0018484822433971655,0.0,1.048109652401763e-06,1.3044808925002548e-36
6,0,0.001890475979699755,0.0,1.048109652401763e-06,1.633142555361769e-36
6,0,0.0019051327855317182,0.0,1.048109652401763e-06,2.0416953601622254e-36
6,0,0.0018110564503981711,0.0,1.048109652401763e-06,2.4047139018266273e-36
6,0,0.001577861254284161,0.0,1.048109652401763e-06,2.53554683920274e-36
6,0,0.0013109193156135806,0.0,1.048109652401763e-06,2.3439604163292338e-36
6,0,0.0011103462672119202,0.0,1.048109652401763e-06,1.8561076605963518e-36
6,0,0.0009276621966867835,0.0,1.048109652401763e-06,1.313508931617677e-36
6,0,0.0007463517182984182,0.0,1.0634804539222387e-06,8.952570787327533e-37
6,0,0.0005657338603544243,0.0,1.0634804539222387e-06,5.948203022773434e-37
6,0,0.0004012017874904985,0.0,1.0634804539222387e-06,4.220707835637789e-37
6,0,0.00026316584354017813,0.0,1.0634804539222387e-06,3.1105169079538437e-37
6,0,0.00016038084377640368,0.0,1.0634804539222387e-06,2.268993459614704e-37
6,0,9.539525559637958e-05,0.0,1.268301957679796e-06,1.6721959139938107e-37
6,0,5.743538004087487e-05,0.0,9.538243830320425e-07,1.2177987667331137e-37
6,0,3.543325844334532e-05,0.0,9.538243830320425e-07,8.377337767722196e-38
6,0,2.1923691488541835e-05,0.0,9.538243830320425e-07,5.255619216156171e-38
6,0,1.3589650426601393e-05,0.0,9.538243830320425e-07,2.949282890077306e-38
6,0,8.665463019412339e-06,0.0,9.538243830320425e-07,0.0
6,0,5.796401926038744e-06,0.0,1.0971855317620793e-06,0.0
6,0,4.1232036903199085e-06,0.0,1.0971855317620793e-06,0.0
6,0,3.196445450896089e-06,0.0,1.0971855317620793e-06,0.0
6,0,2.760277779545837e-06,0.0,1.0971855317620793e-06,0.0
6,0,2.6766151292525357e-06,0.0,1.0177789135923376e-06,0.0
6,0,2.8696496698323116e-06,0.0,1.0177789135923376e-06,0.0
6,0,3.3144023859157024e-06,0.0,2.343304004170932e-06,0.0
6,0,4.021526029023176e-06,0.0,2.343304004170932e-06,0.0
6,0,5.006318349580537e-06,0.0,2.343304004170932e-06,0.0
6,0,6.3117602638159306e-06,0.0,2.343304004170932e-06,0.0
6,0,7.955082034496884e-06,0.0,2.343304004170932e-06,0.0
6,0,9.851937272672363e-06,0.0,1.919855776577606e-06,0.0
6,0,1.2068910239197232e-05,0.0,1.919855776577606e-06,2.674760673644674e-38
6,0,1.4751074960095624e-05,0.0,1.5907035049167462e-06,5.078980500053556e-38
6,0,1.8664413021270992e-05,0.0,9.090768458008824e-07,8.353722525482008e-38
6,0,2.518096837939081e-05,0.0,9.090768458008824e-07,1.4320958656621165e-37
6,0,3.640006768555092e-05,0.0,9.090768458008824e-07,2.062382875126093e-37
6,0,4.421662932969087e-05,0.0,9.090768458008824e-07,2.1619030920624415e-37
6,0,4.9523640278221704e-05,0.0,9.090768458008824e-07,1.8834599304227516e-37
6,0,5.421278611399203e-05,0.0,9.090768458008824e-07,1.3752801633741282e-37
6,0,5.957794287420285e-05,0.0,1.2068591104252846e-06,1.0709383156206642e-37
6,0,5.9065374509109466e-05,0.0,1.5907035049167462e-06,6.895323390813498e-38
6,0,5.682155673533234e-05,0.0,1.5907035049167462e-06,4.0087104916964975e-38
6,0,5.059313464459147e-05,0.0,1.5907035049167462e-06,0.0
6,0,3.9988885753944994e-05,0.0,2.2192750748217804e-06,0.0
6,0,2.9750562741248546e-05,0.0,2.2192750748217804e-06,0.0
6,0,2.189880390839542e-05,0.0,1.8490757156541804e-06,0.0
6,0,1.5365004863658676e-05,0.0,1.2068591104252846e-06,0.0
6,0,9.763897103150688e-06,0.0,9.090768458008824e-07,0.0
6,0,5.956477124756603e-06,0.0,9.090768458008824e-07,0.0
6,0,3.5125250745691248e-06,0.0,9.090768458008824e-07,0.0
6,0,1.9691852827160028e-06,0.0,9.090768458008824e-07,0.0
6,0,1.0920955255856863e-06,0.0,1.2068591104252846e-06,0.0
6,0,6.585332601898869e-07,0.0,1.5907035049167462e-06,0.0
6,0,4.3515494424237426e-07,0.0,1.5907035049167462e-06,0.0
6,0,3.1237271063197093e-07,0.0,1.5907035049167462e-06,0.0
6,0,2.4050383963071383e-07,0.0,1.5907035049167462e-06,0.0
6,0,2.0076268815722688e-07,0.0,1.5907035049167462e-06,0.0
6,0,1.8158046932879857e-07,0.0,1.5907035049167462e-06,0.0
6,0,1.865506227428232e-07,0.0,1.9415529095567763e-06,0.0
6,0,2.2809936804034073e-07,0.0,1.4730471775692422e-06,0.0
6,0,2.910240740637358e-07,0.0,8.432841696048854e-07,0.0
6,0,3.685745315203058e-07,0.0,8.432841696048854e-07,0.0
6,0,4.752416243122532e-07,0.0,1.051308117894223e-06,0.0
6,0,6.860287741043002e-07,0.0,1.051308117894223e-06,0.0
6,0,1.0940831172148354e-06,0.0,1.051308117894223e-06,0.0
6,0,1.7472898470676283e-06,0.0,1.051308117894223e-06,0.0
6,0,2.675162399200668e-06,0.0,1.133330670199939e-06,0.0
6,0,4.1162888173178214e-06,0.0,1.133330670199939e-06,0.0
6,0,6.034823137589381e-06,0.0,1.133330670199939e-06,0.0
6,0,9.258101242532917e-06,0.0,1.133330670199939e-06,0.0
6,0,1.3538493303320476e-05,0.0,1.133330670199939e-06,0.0
6,0,1.8653574071361885e-05,0.0,1.133330670199939e-06,0.0
6,0,2.4743930791069932e-05,0.0,1.133330670199939e-06,0.0
6,0,2.4909415317119916e-05,0.0,1.133330670199939e-06,0.0
6,0,2.6295295555611775e-05,0.0,1.5130689234865713e-06,0.0
6,0,2.6459620485169445e-05,0.0,1.0634804539222387e-06,0.0
6,0,2.420494577829377e-05,0.0,1.0634804539222387e-06,0.0
6,0,2.14837706057157e-05,0.0,9.86513100542652e-07,0.0
6,0,1.774109401389816e-05,0.0,9.86513100542652e-07,0.0
6,0,1.3686619553852241e-05,0.0,9.86513100542652e-07,0.0
6,0,9.869889758686162e-06,0.0,1.7232389382115798e-06,0.0
6,0,6.903264769939555e-06,0.0,1.7232389382115798e-06,0.0
6,0,4.357594910631075e-06,0.0,1.41183988944249e-06,0.0
6,0,2.5224234970815127e-06,0.0,1.41183988944249e-06,0.0
6,0,1.4596094993528506e-06,0.0,1.0634804539222387e-06,0.0
6,0,8.640396718276435e-07,0.0,1.268301957679796e-06,0.0
6,0,4.98461833718798e-07,0.0,9.090768458008824e-07,0.0
6,0,2.4476829387123643e-07,0.0,9.090768458008824e-07,0.0
6,0,9.906877555243848e-08,0.0,9.090768458008824e-07,0.0
6,0,4.220060817535035e-08,0.0,9.090768458008824e-07,0.0
6,0,2.0421557496747902e-08,0.0,8.432841696048854e-07,0.0
6,0,1.0671327682184957e-08,0.0,9.802560043681297e-07,0.0
6,0,6.1596615574606065e-09,0.0,1.1765110912165255e-06,0.0
6,0,3.8888547994463235e-09,0.0,1.1258383665335714e-06,0.0
6,0,2.878020792052836e-09,0.0,9.86513100542652e-07,0.0
6,0,2.4470365684969682e-09,0.0,9.86513100542652e-07,0.0
6,0,2.3197095375744046e-09,0.0,9.86513100542652e-07,0.0
6,0,2.4578036845344447e-09,0.0,9.86513100542652e-07,0.0
6,0,2.9898967672289347e-09,0.0,9.86513100542652e-07,0.0
6,0,3.9519242299867806e-09,0.0,1.1258383665335714e-06,0.0
6,0,5.514789787924942e-09,0.0,1.1258383665335714e-06,0.0
6,0,7.887899103427134e-09,0.0,1.1765110912165255e-06,0.0
6,0,1.0590909889551483e-08,0.0,1.1765110912165255e-06,0.0
6,0,1.3865134319174978e-08,0.0,1.268301957679796e-06,0.0
6,0,2.5137015944385137e-08,0.0,1.268301957679796e-06,0.0
6,0,5.1229967553537714e-08,0.0,1.2136757732150727e-06,0.0
6,0,8.417478020808763e-08,0.0,1.0634804539222387e-06,0.0
6,0,1.2652742623449751e-07,0.0,1.0634804539222387e-06,0.0
6,0,1.758662291983362e-07,0.0,1.0634804539222387e-06,0.0
6,0,2.215085838924931e-07,0.0,1.0634804539222387e-06,0.0
6,0,2.5944042195741547e-07,0.0,1.0634804539222387e-06,0.0
6,0,2.8537095497883126e-07,0.0,1.0634804539222387e-06,0.0
6,0,2.9738206677957584e-07,0.0,1.0634804539222387e-06,0.0
6,0,2.94966161570285e-07,0.0,1.0634804539222387e-06,0.0
6,0,2.7703518767119575e-07,0.0,1.0634804539222387e-06,0.0
6,0,2.4510591688991723e-07,0.0,1.0634804539222387e-06,0.0
6,0,2.0658364778946463e-07,0.0,1.0634804539222387e-06,0.0
6,0,1.7058318586106235e-07,0.0,1.2136757732150727e-06,0.0
6,0,1.4582221262503776e-07,0.0,9.090768458008824e-07,0.0
6,0,1.2475291723636245e-07,0.0,9.090768458008824e-07,0.0
6,0,8.219698316806683e-08,0.0,9.090768458008824e-07,0.0
6,0,4.94028935511329e-08,0.0,9.090768458008824e-07,0.0
6,0,5.229959453720791e-08,0.0,9.090768458008824e-07,0.0
6,0,5.609227420393742e-08,0.0,9.090768458008824e-07,0.0
6,0,4.404784010440905e-08,0.0,9.090768458008824e-07,0.0
6,0,2.987508198221472e-08,0.0,1.0971855317620793e-06,0.0
6,0,2.4122909626357718e-08,0.0,1.0971855317620793e-06,0.0
6,0,2.2936989601983737e-08,0.0,1.0971855317620793e-06,0.0
6,0,2.2957320304764878e-08,0.0,1.0971855317620793e-06,0.0
6,0,2.3500581126438956e-08,0.0,1.0971855317620793e-06,0.0
6,0,2.4514669236089707e-08,0.0,1.0971855317620793e-06,0.0
6,0,2.6564471181811152e-08,0.0,1.0971855317620793e-06,0.0
6,0,3.036142930793439e-08,0.0,1.0971855317620793e-06,0.0
6,0,3.6562167047569017e-08,0.0,9.090768458008824e-07,0.0
6,0,4.4073046979625415e-08,0.0,9.87164412435959e-07,0.0
6,0,5.2458071399818906e-08,0.0,9.87164412435959e-07,0.0
6,0,6.675310204167484e-08,0.0,9.87164412435959e-07,0.0
6,0,9.537245421963363e-08,0.0,9.87164412435959e-07,0.0
6,0,1.524829753007586e-07,0.0,1.3601314776678919e-06,0.0
6,0,2.419631872086779e-07,0.0,1.61975992796215e-06,0.0
6,0,3.3301206829127676e-07,0.0,1.0826059906321461e-06,0.0
6,0,3.7316915358227363e-07,0.0,1.0826059906321461e-06,0.0
6,0,3.654243650407277e-07,0.0,1.0826059906321461e-06,0.0
6,0,3.20673779224313e-07,0.0,1.0826059906321461e-06,0.0
6,0,3.043992398713994e-07,0.0,9.090768458008824e-07,0.0
6,0,3.11768302072363e-07,0.0,9.090768458008824e-07,0.0
6,0,2.4884076180838967e-07,0.0,9.090768458008824e-07,0.0
6,0,2.2131680574610948e-07,0.0,9.090768458008824e-07,0.0
6,0,2.0579124548723922e-07,0.0,9.090768458008824e-07,0.0
6,0,1.8599420741630312e-07,0.0,9.090768458008824e-07,0.0
6,0,1.5924731680684576e-07,0.0,1.0826059906321461e-06,0.0
6,0,1.311638512614381e-07,0.0,1.0826059906321461e-06,0.0
6,0,1.0029805911381389e-07,0.0,1.1358951041984255e-06,0.0
6,0,7.581676021347024e-08,0.0,1.1358951041984255e-06,0.0
6,0,5.4947287793779706e-08,0.0,1.1358951041984255e-06,0.0
6,0,3.8918134981894656e-08,0.0,1.1358951041984255e-06,0.0
6,0,2.7831922222608278e-08,0.0,1.1358951041984255e-06,0.0
6,0,1.9943915875450994e-08,0.0,1.531421276013134e-06,0.0
6,0,1.5543200884816983e-08,0.0,1.7615959677641513e-06,0.0
6,0,1.379838802353562e-08,0.0,1.7615959677641513e-06,0.0
6,0,1.3380374102313108e-08,0.0,1.7615959677641513e-06,0.0
6,0,1.3691907770728273e-08,0.0,3.082437160628615e-06,0.0
6,0,1.4363131019981143e-08,0.0,3.082437160628615e-06,0.0
6,0,1.5330432866736013e-08,0.0,3.082437160628615e-06,0.0
6,0,1.672903064849475e-08,0.0,1.7615959677641513e-06,0.0
6,0,1.8905306857892788e-08,0.0,1.7615959677641513e-06,0.0
6,0,2.3227231976510835e-08,0.0,1.0971855317620793e-06,0.0
6,0,3.059556302589573e-08,0.0,1.130041141550464e-06,0.0
6,0,4.2468710299348294e-08,0.0,1.1650309943433967e-06,0.0
6,0,6.297376741607654e-08,0.0,1.1650309943433967e-06,0.0
6,0,1.0261690495247422e-07,0.0,1.2034112160108634e-06,0.0
6,0,1.7745077754203619e-07,0.0,1.2034112160108634e-06,0.0
6,0,2.969494115699944e-07,0.0,1.2034112160108634e-06,0.0
6,0,4.899312724764857e-07,0.0,1.2034112160108634e-06,0.0
6,0,8.016945491844877e-07,0.0,9.652904964241316e-07,0.0
6,0,1.3088726928070163e-06,0.0,9.652904964241316e-07,0.0
6,0,2.084609921777486e-06,0.0,9.362994433104177e-07,0.0
6,0,3.1685467223721987e-06,0.0,9.090768458008824e-07,0.0
6,0,4.5628953355408726e-06,0.0,1.133330670199939e-06,0.0
6,0,6.097668914168594e-06,0.0,1.133330670199939e-06,0.0
6,0,7.463554676149644e-06,0.0,1.133330670199939e-06,0.0
6,0,8.324179951395836e-06,0.0,1.133330670199939e-06,0.0
6,0,9.229986752570566e-06,0.0,1.1891165740962606e-06,0.0
6,0,1.031184602413851e-05,0.0,1.5811702951396e-06,0.0
6,0,1.0660762399370023e-05,0.0,1.5811702951396e-06,0.0
6,0,1.01096338024398e-05,0.0,1.5811702951396e-06,0.0
6,0,8.73742530913414e-06,0.0,1.5811702951396e-06,0.0
6,0,6.927283979549521e-06,0.0,1.1087507800766616e-06,0.0
6,0,5.124762384349832e-06,0.0,9.538243830320425e-07,0.0
6,0,3.629474549936393e-06,0.0,9.538243830320425e-07,0.0
6,0,2.5002348729887052e-06,0.0,9.538243830320425e-07,0.0
6,0,1.6836691459667202e-06,0.0,9.538243830320425e-07,0.0
6,0,1.1169480380950943e-06,0.0,1.0971855317620793e-06,0.0
6,0,7.601227431214891e-07,0.0,1.367842514810036e-06,0.0
6,0,5.478315983429204e-07,0.0,1.367842514810036e-06,0.0
6,0,3.9497493835575084e-07,0.0,1.367842514810036e-06,0.0
6,0,2.880919557956007e-07,0.0,1.367842514810036e-06,0.0
6,0,2.2229153566077262e-07,0.0,1.367842514810036e-06,0.0
6,0,1.7616198149721937e-07,0.0,1.367842514810036e-06,0.0
6,0,1.445634926605857e-07,0.0,1.367842514810036e-06,0.0
6,0,1.3145129324423714e-07,0.0,1.367842514810036e-06,0.0
6,0,1.3446441230106594e-07,0.0,1.367842514810036e-06,0.0
6,0,1.5180978661263148e-07,0.0,1.367842514810036e-06,0.0
6,0,1.8809638559765394e-07,0.0,1.367842514810036e-06,0.0
6,0,2.501947161244086e-07,0.0,1.4524242715197033e-06,0.0
6,0,3.487434692507821e-07,0.0,1.4524242715197033e-06,0.0
6,0,5.045885427202362e-07,0.0,1.5425524679812952e-06,0.0
6,0,7.683216198320489e-07,0.0,1.4508959793602116e-06,0.0
6,0,1.2147778090972314e-06,0.0,1.4508959793602116e-06,0.0
6,0,1.962248704814545e-06,0.0,2.3005416096566478e-06,0.0
6,0,3.200249111231074e-06,0.0,2.3005416096566478e-06,0.0
6,0,4.969953647391805e-06,0.0,2.3005416096566478e-06,0.0
6,0,7.645999075270451e-06,0.0,1.3494180848283577e-06,0.0
6,0,1.0914974296428001e-05,0.0,1.1730995765901753e-06,0.0
6,0,1.48720230882031e-05,0.0,1.1730995765901753e-06,2.680766919122463e-38
6,0,1.9234783624907377e-05,0.0,1.1730995765901753e-06,3.341541642963123e-38
6,0,2.3512238410286262e-05,0.0,1.1730995765901753e-06,4.1773772208355684e-38
6,0,2.6685935453663285e-05,0.0,1.397026608174201e-06,5.048037027364335e-38
6,0,2.756017076586389e-05,0.0,1.397026608174201e-06,5.734945126785575e-38
6,0,2.6202517100887616e-05,0.0,1.397026608174201e-06,6.089699527572203e-38
6,0,2.341886792741422e-05,0.0,1.397026608174201e-06,6.083940751403213e-38
6,0,1.984838460833385e-05,0.0,1.397026608174201e-06,6.321617786534274e-38
6,0,1.6230997232959603e-05,0.0,1.397026608174201e-06,6.171880637830381e-38
6,0,1.27078138420223e-05,0.0,1.4834129160590237e-06,6.106122185054704e-38
6,0,9.46048168870695e-06,0.0,1.4834129160590237e-06,4.6422453746891475e-38
6,0,6.4959336539187105e-06,0.0,1.7063720179066877e-06,3.9065384575462607e-38
6,0,4.054977896933794e-06,0.0,2.774163931462681e-06,2.7385875766171266e-38
6,0,2.517463551912397e-06,0.0,1.9453414097370114e-06,0.0
6,0,1.5093013413088454e-06,0.0,1.9453414097370114e-06,0.0
6,0,8.597072513460432e-07,0.0,1.9453414097370114e-06,0.0
6,0,4.917826204370805e-07,0.0,1.9453414097370114e-06,0.0
6,0,2.58995242172713e-07,0.0,1.721982243907405e-06,0.0
6,0,1.2703615760516988e-07,0.0,1.721982243907405e-06,0.0
6,0,6.887034283040884e-08,0.0,1.7464775510234176e-06,0.0
6,0,3.6057978660279954e-08,0.0,2.136455577783636e-06,0.0
6,0,2.1556007727150475e-08,0.0,2.080305876006605e-06,0.0
6,0,1.386615598350877e-08,0.0,2.080305876006605e-06,0.0
6,0,9.288052516838253e-09,0.0,1.6628969206067268e-06,0.0
6,0,6.361720897661228e-09,0.0,1.6628969206067268e-06,0.0
6,0,5.443031943673878e-09,0.0,1.6838276906128158e-06,0.0
6,0,4.935479556495271e-09,0.0,1.6838276906128158e-06,0.0
6,0,5.588434554376526e-09,0.0,1.9453414097370114e-06,0.0
6,0,7.271311812101408e-09,0.0,1.9211599919799482e-06,0.0
6,0,1.1028365384342601e-08,0.0,1.9211599919799482e-06,0.0
6,0,1.8988593132502024e-08,0.0,1.9211599919799482e-06,0.0
6,0,3.4324340761962695e-08,0.0,1.8092797517965664e-06,0.0
6,0,6.350699054386379e-08,0.0,1.5728745665910537e-06,0.0
6,0,1.2278757611783297e-07,0.0,1.5728745665910537e-06,0.0
6,0,2.1599968067640886e-07,0.0,1.5728745665910537e-06,0.0
6,0,3.810745149424099e-07,0.0,1.5728745665910537e-06,0.0
6,0,6.440938325322123e-07,0.0,1.5728745665910537e-06,0.0
6,0,1.022736833641607e-06,0.0,1.5728745665910537e-06,0.0
6,0,1.4950729464121904e-06,0.0,1.5728745665910537e-06,0.0
6,0,1.9759686512550104e-06,0.0,1.5728745665910537e-06,0.0
6,0,2.3273046810089816e-06,0.0,1.5728745665910537e-06,0.0
6,0,2.373805963341126e-06,0.0,1.5728745665910537e-06,0.0
6,0,2.1486682153629857e-06,0.0,1.5728745665910537e-06,0.0
6,0,1.9329551561665257e-06,0.0,1.5728745665910537e-06,0.0
6,0,1.8417302645338798e-06,0.0,1.5728745665910537e-06,0.0
6,0,1.666183036936463e-06,0.0,1.8092797517965664e-06,0.0
6,0,1.361022605158841e-06,0.0,1.8092797517965664e-06,0.0
6,0,1.1117928828488993e-06,0.0,1.8092797517965664e-06,0.0
6,0,9.236973535017908e-07,0.0,2.4019366264838027e-06,0.0
6,0,6.372530718278515e-07,0.0,3.1658737498219125e-06,0.0
6,0,4.545052262541437e-07,0.0,3.1658737498219125e-06,0.0
6,0,3.570330428815371e-07,0.0,2.4019366264838027e-06,0.0
6,0,2.0693974152385617e-07,0.0,1.8092797517965664e-06,0.0
6,0,1.0000323957759454e-07,0.0,1.8753163431028952e-06,0.0
6,0,5.259463601713026e-08,0.0,1.8753163431028952e-06,0.0
6,0,3.4432479118554904e-08,0.0,1.8753163431028952e-06,0.0
6,0,2.3744773408211007e-08,0.0,1.8753163431028952e-06,0.0
6,0,1.981949466653139e-08,0.0,1.8753163431028952e-06,0.0
6,0,1.8777788984741254e-08,0.0,1.8753163431028952e-06,0.0
6,0,1.8525756550610447e-08,0.0,3.5157529509888263e-06,0.0
6,0,1.7147675004706894e-08,0.0,3.4886563753389055e-06,0.0
6,0,1.422744761180085e-08,0.0,3.4886563753389055e-06,0.0
6,0,1.3307349998717e-08,0.0,3.4886563753389055e-06,0.0
6,0,1.3882856248579978e-08,0.0,3.4886563753389055e-06,0.0
6,0,1.749898433575864e-08,0.0,3.056376272070338e-06,0.0
6,0,2.4431196293714678e-08,0.0,3.098107072219136e-06,0.0
6,0,3.8145143344376846e-08,0.0,3.098107072219136e-06,0.0
6,0,5.8086970397845505e-08,0.0,3.098107072219136e-06,0.0
6,0,8.200705057613112e-08,0.0,3.125491957689519e-06,0.0
6,0,1.1052134738943674e-07,0.0,2.6028003503597574e-06,0.0
6,0,1.3937804997487228e-07,0.0,1.829413122322876e-06,0.0
6,0,1.7124614770719678e-07,0.0,1.829413122322876e-06,0.0
6,0,1.945375495531545e-07,0.0,2.4144278540916275e-06,0.0
6,0,1.9710834988260994e-07,0.0,2.523098373785615e-06,0.0
6,0,1.7550198964475906e-07,0.0,1.8974924387293868e-06,0.0
6,0,1.376397292339615e-07,0.0,1.8974924387293868e-06,0.0
6,0,9.669290881302528e-08,0.0,2.182687921958859e-06,0.0
6,0,5.934891330094049e-08,0.0,2.182687921958859e-06,0.0
6,0,3.2997379043361674e-08,0.0,1.8892676507675787e-06,0.0
6,0,1.698512390169597e-08,0.0,2.006503564189188e-06,0.0
6,0,8.035835892637819e-09,0.0,2.006503564189188e-06,0.0
6,0,3.491188924356396e-09,0.0,1.6354339322788292e-06,0.0
6,0,1.4301901293084685e-09,0.0,1.6354339322788292e-06,0.0
6,0,5.777989636997257e-10,0.0,1.574222096678568e-06,0.0
6,0,2.4974820984875595e-10,0.0,1.574222096678568e-06,0.0
6,0,1.1446626728782347e-10,0.0,1.574222096678568e-06,0.0
6,0,5.231697563407097e-11,0.0,1.574222096678568e-06,0.0
6,0,2.4511767230888227e-11,0.0,1.574222096678568e-06,0.0
6,0,1.2436622193954959e-11,0.0,1.574222096678568e-06,0.0
6,0,7.178827768605064e-12,0.0,1.574222096678568e-06,0.0
6,0,4.735836385195384e-12,0.0,1.574222096678568e-06,0.0
6,0,3.703319720846441e-12,0.0,1.574222096678568e-06,0.0
6,0,3.2118183973738868e-12,0.0,1.574222096678568e-06,0.0
6,0,3.057539036028496e-12,0.0,1.574222096678568e-06,0.0
6,0,3.1711892539858165e-12,0.0,1.3146161563781789e-06,0.0
6,0,3.695494364722307e-12,0.0,1.3146161563781789e-06,0.0
6,0,4.896967195608857e-12,0.0,1.3146161563781789e-06,0.0
6,0,7.354140603155849e-12,0.0,1.4541914197252481e-06,0.0
6,0,1.543945187598713e-11,0.0,1.2239380566825275e-06,0.0
6,0,3.726573929983446e-11,0.0,9.429780902792118e-07,0.0
6,0,8.96374381888522e-11,0.0,9.429780902792118e-07,0.0
6,0,2.1932001061202e-10,0.0,9.429780902792118e-07,0.0
6,0,6.863365101357994e-10,0.0,9.796447102417005e-07,0.0
6,0,2.1029290987244275e-09,0.0,9.796447102417005e-07,0.0
6,0,5.513875385957695e-09,0.0,9.796447102417005e-07,0.0
6,0,1.2619790855261443e-08,0.0,9.796447102417005e-07,0.0
6,0,2.548513530114724e-08,0.0,9.796447102417005e-07,0.0
6,0,4.380348722218856e-08,0.0,9.796447102417005e-07,0.0
6,0,6.102099856355961e-08,0.0,9.796447102417005e-07,0.0
6,0,6.863445022539383e-08,0.0,9.796447102417005e-07,0.0
6,0,6.138943372437412e-08,0.0,9.796447102417005e-07,0.0
6,0,4.6065878449875104e-08,0.0,9.429780902792118e-07,0.0
6,0,3.119122439917571e-08,0.0,9.429780902792118e-07,0.0
6,0,1.9612912612752485e-08,0.0,8.590631637162005e-07,0.0
6,0,1.1157919954213838e-08,0.0,1.0666138905435218e-06,0.0
6,0,5.841925955409079e-09,0.0,9.227087502949871e-07,0.0
6,0,2.8994406436699944e-09,0.0,9.227087502949871e-07,0.0
6,0,1.4303541687285271e-09,0.0,9.227087502949871e-07,0.0
6,0,7.222251369403097e-10,0.0,9.227087502949871e-07,0.0
6,0,3.8893733639930414e-10,0.0,9.227087502949871e-07,0.0
6,0,2.240935604263013e-10,0.0,9.227087502949871e-07,0.0
6,0,1.400594966398829e-10,0.0,9.227087502949871e-07,0.0
6,0,9.096339971695203e-11,0.0,9.227087502949871e-07,0.0
6,0,6.266463187145311e-11,0.0,9.227087502949871e-07,0.0
6,0,4.7869521819685555e-11,0.0,9.227087502949871e-07,0.0
6,0,4.103136263425668e-11,0.0,1.3613279179480742e-06,0.0
6,0,3.8367814750667915e-11,0.0,1.3613279179480742e-06,0.0
6,0,3.806684591940117e-11,0.0,1.3613279179480742e-06,0.0
6,0,3.7686773459528834e-11,0.0,1.3613279179480742e-06,0.0
6,0,3.9238638681692384e-11,0.0,1.3613279179480742e-06,0.0
6,0,3.941425233932839e-11,0.0,1.3613279179480742e-06,0.0
6,0,6.538976050996022e-11,0.0,1.5806712099220022e-06,0.0
6,0,1.300718459789247e-10,0.0,1.5806712099220022e-06,0.0
6,0,2.349371182584249e-10,0.0,1.602106408427062e-06,0.0
6,0,4.4739673284600365e-10,0.0,1.5747236830065958e-06,0.0
6,0,9.570312972713733e-10,0.0,1.602106408427062e-06,0.0
6,0,2.2921052418734857e-09,0.0,1.772204996086657e-06,0.0
6,0,5.755513967183118e-09,0.0,1.4915982546881423e-06,0.0
6,0,1.4354314051976431e-08,0.0,1.6800822777440771e-06,0.0
6,0,3.551329168207204e-08,0.0,1.6800822777440771e-06,0.0
6,0,8.375983032173937e-08,0.0,1.6800822777440771e-06,0.0
6,0,1.789797149572939e-07,0.0,1.6800822777440771e-06,0.0
6,0,3.351131943481719e-07,0.0,1.6800822777440771e-06,0.0
6,0,5.356630848197091e-07,0.0,2.478725718901842e-06,0.0
6,0,7.512667635024646e-07,0.0,2.478725718901842e-06,5.949992873275947e-38
6,0,9.142307004197397e-07,0.0,2.478725718901842e-06,1.527927865040362e-37
6,0,1.0590677486578084e-06,0.0,2.478725718901842e-06,2.7627126112386355e-37
6,0,1.2126329320378269e-06,0.0,2.478725718901842e-06,5.06669570878039e-37
6,0,1.3207293542151075e-06,0.0,2.2006443032296374e-06,7.543365860755364e-37
6,0,1.3671957738694165e-06,0.0,2.2006443032296374e-06,1.0062345361211758e-36
6,0,1.3698876660825022e-06,0.0,2.7323217182129156e-06,1.225137983362107e-36
6,0,1.3398033651819582e-06,0.0,1.8623309188114945e-06,1.3751285765114514e-36
6,0,1.300614621160359e-06,0.0,1.602106408427062e-06,1.4420683126821673e-36
6,0,1.2642314595256923e-06,0.0,1.602106408427062e-06,1.4021543101645004e-36
6,0,1.226618030212267e-06,0.0,1.602106408427062e-06,1.3191430034337291e-36
6,0,1.1805412627941164e-06,0.0,1.602106408427062e-06,1.227785966623397e-36
6,0,1.1447825193235548e-06,0.0,1.602106408427062e-06,1.1471587057855631e-36
6,0,1.1593710385882521e-06,0.0,1.602106408427062e-06,1.117971788747343e-36
6,0,1.2783079145077817e-06,0.0,1.602106408427062e-06,1.5651591769363747e-36
6,0,1.542486035353088e-06,0.0,1.602106408427062e-06,2.161203474185949e-36
6,0,1.8993486910256205e-06,0.0,1.602106408427062e-06,3.0717829108470154e-36
6,0,2.251119677128037e-06,0.0,1.602106408427062e-06,4.335281136989546e-36
6,0,2.6092904952062763e-06,0.0,2.7476078230392886e-06,5.7607362828603904e-36
6,0,3.002386132970512e-06,0.0,2.7323217182129156e-06,7.01562708363255e-36
6,0,3.4509790389312925e-06,0.0,2.614639925013762e-06,7.814326850901924e-36
6,0,3.931536328523899e-06,0.0,2.2006443032296374e-06,8.022007803209525e-36
6,0,4.405573558683938e-06,0.0,2.2006443032296374e-06,7.571940690624367e-36
6,0,4.858048161422682e-06,0.0,1.4915982546881423e-06,6.290831214431507e-36
6,0,5.215225501587881e-06,0.0,1.4915982546881423e-06,3.857938523313058e-36
6,0,5.313196694877669e-06,0.0,1.637300329093705e-06,1.727036099337957e-36
6,0,5.397608711979083e-06,0.0,1.637300329093705e-06,7.073804422033129e-37
6,0,6.0791439849075884e-06,0.0,1.637300329093705e-06,3.2494889455431617e-37
6,0,6.391185539829522e-06,0.0,1.637300329093705e-06,1.6471754496535982e-37
6,0,5.412706524387282e-06,0.0,1.637300329093705e-06,7.773704351880694e-38
6,0,4.467310307953214e-06,0.0,9.429780902792118e-07,3.4029535481621583e-38
6,0,2.6317074879985005e-06,0.0,9.429780902792118e-07,0.0
6,0,1.4264107973376088e-06,0.0,6.125518439148436e-07,0.0
6,0,2.2195777273933944e-06,0.0,6.209153866620909e-07,0.0
6,0,3.535200211433993e-06,0.0,6.209153866620909e-07,0.0
6,0,2.4567292059038787e-06,0.0,2.010115849770955e-06,0.0
6,0,1.4814509103670926e-06,0.0,2.010115849770955e-06,0.0
6,0,1.1139407437442448e-06,0.0,8.730634704079421e-07,0.0
6,0,1.0760593482036448e-06,0.0,8.730634704079421e-07,0.0
6,0,1.1781899262076799e-06,0.0,8.730634704079421e-07,0.0
6,0,1.2775575583679368e-06,0.0,8.730634704079421e-07,0.0
6,0,1.4146699770843402e-06,0.0,8.730634704079421e-07,5.135714030199596e-38
6,0,1.8740857978120433e-06,0.0,5.964688511994609e-07,1.491645557305941e-37
6,0,2.9031235006278813e-06,0.0,5.964688511994609e-07,4.8342321765598806e-37
6,0,4.661544240276195e-06,0.0,5.964688511994609e-07,1.4005292523613922e-36
6,0,7.044275399511937e-06,0.0,5.964688511994609e-07,3.24405338727276e-36
6,0,9.905224109403789e-06,0.0,5.964688511994609e-07,5.9082014895484916e-36
6,0,1.3345989898619692e-05,0.0,5.964688511994609e-07,9.064362926011951e-36
6,0,1.889958704705307e-05,0.0,5.964688511994609e-07,1.4900887528273944e-35
6,0,2.880651529114038e-05,0.0,5.964688511994609e-07,2.6236807191472317e-35
6,0,4.398741823109657e-05,0.0,5.964688511994609e-07,4.4600359277031457e-35
6,0,6.548514783049284e-05,0.0,5.964688511994609e-07,6.490106922953248e-35
6,0,9.441586518008207e-05,0.0,5.964688511994609e-07,8.873292001607113e-35
6,0,0.0001085370957681008,0.0,5.964688511994609e-07,1.1564392889300957e-34
6,0,0.0001260493719012822,0.0,5.964688511994609e-07,1.3336456362884065e-34
6,0,0.00014832975330057122,0.0,5.964688511994609e-07,1.8293000613579465e-34
6,0,0.0001703823739165219,0.0,5.964688511994609e-07,2.7094357297074172e-34
6,0,0.00019133851878929973,0.0,5.964688511994609e-07,4.617951138546954e-34
6,0,0.0002486898762201498,0.0,5.964688511994609e-07,8.12363850208632e-34
6,0,0.0002900128198414878,0.0,5.964688511994609e-07,1.3579542166149383e-33
6,0,0.0003345600526202995,0.0,5.324537255546602e-07,2.272706104338588e-33
6,0,0.0003708357711708036,0.0,5.324537255546602e-07,3.2660735848772934e-33
6,0,0.00040540870639757363,0.0,5.324537255546602e-07,4.361179550466691e-33
6,0,0.00042681183038198467,0.0,5.324537255546602e-07,5.5077504954450115e-33
6,0,0.00041353745671555395,0.0,5.324537255546602e-07,5.897694297707412e-33
6,0,0.00039295884897053135,0.0,5.324537255546602e-07,5.9428623007957736e-33
6,0,0.00036564146675366875,0.0,5.324537255546602e-07,5.738614279868647e-33
6,0,0.0003479677286474106,0.0,5.324537255546602e-07,5.5380044139573155e-33
6,0,0.0003278205441384823,0.0,5.324537255546602e-07,5.115880351815201e-33
6,0,0.0003017318454610722,0.0,5.324537255546602e-07,4.476198733958775e-33
6,0,0.00026246832066083845,0.0,5.324537255546602e-07,3.52942031897598e-33
6,0,0.00021911686386071315,0.0,5.324537255546602e-07,2.5705427610453617e-33
6,0,0.0001755649606655191,0.0,5.324537255546602e-07,1.7360020160470172e-33
6,0,0.0001367015859968506,0.0,5.324537255546602e-07,1.0941479376934774e-33
6,0,0.00010459401549155804,0.0,5.324537255546602e-07,6.513447717862393e-34
6,0,7.788934707707064e-05,0.0,5.657894917021622e-07,3.80677554782311e-34
6,0,5.5049077251953045e-05,0.0,5.657894917021622e-07,2.2125411810566338e-34
6,0,4.0490052252191235e-05,0.0,5.657894917021622e-07,1.4132501366849659e-34
6,0,3.157372793041786e-05,0.0,5.657894917021622e-07,1.0061356909937876e-34
6,0,2.5005758812345893e-05,0.0,5.657894917021622e-07,7.528942019886531e-35
6,0,2.0465334550030065e-05,0.0,5.657894917021622e-07,6.090149561860772e-35
6,0,1.751574832689216e-05,0.0,5.657894917021622e-07,5.484305053987995e-35
6,0,1.5127748824266594e-05,0.0,5.657894917021622e-07,5.157573299728944e-35
6,0,1.3152236193857831e-05,0.0,5.657894917021622e-07,4.79401866835572e-35
6,0,1.2326376042590018e-05,0.0,5.657894917021622e-07,5.092627236846013e-35
6,0,1.2802469777370342e-05,0.0,7.238710395540693e-07,6.385637158411321e-35
6,0,1.3867575389835165e-05,0.0,7.238710395540693e-07,7.973288068046971e-35
6,0,1.5332461576745716e-05,0.0,7.238710395540693e-07,1.1508678589669308e-34
6,0,1.5192702427355584e-05,0.0,8.085613671937608e-07,1.9847625182909298e-34
6,0,1.979151519683769e-05,0.0,1.2550102610475733e-06,4.183158277874348e-34
6,0,2.194015641106277e-05,0.0,1.8406043409413542e-06,4.569376589564107e-34
6,0,2.413415320728996e-05,0.0,1.8406043409413542e-06,5.011439148112579e-34
6,0,3.242464817596343e-05,0.0,1.997758545257966e-06,8.69148676218995e-34
6,0,3.5155376998137906e-05,0.0,2.0237996523064794e-06,1.6488258856220978e-33
6,0,4.718873183524684e-05,0.0,2.0237996523064794e-06,3.1561340063487004e-33
6,0,6.183791778075001e-05,0.0,1.7257882518606493e-06,5.6106422506564555e-33
6,0,8.031464463179109e-05,0.0,1.7257882518606493e-06,8.862273785407943e-33
6,0,9.813668294944675e-05,0.0,1.7257882518606493e-06,1.1454467315685528e-32
6,0,0.00011175967591921025,0.0,1.7257882518606493e-06,1.1611970334384268e-32
6,0,0.00012033837540732607,0.0,1.7257882518606493e-06,8.842551928937022e-33
6,0,0.00012109018239297501,0.0,1.7257882518606493e-06,5.4761579827407086e-33
6,0,0.0001130695476808274,0.0,1.7257882518606493e-06,2.9638732727350764e-33
6,0,0.00010079889014484253,0.0,1.7257882518606493e-06,1.5047591346952414e-33
6,0,8.79430168989733e-05,0.0,1.7257882518606493e-06,8.50875892041951e-34
6,0,7.607854194066106e-05,0.0,1.7257882518606493e-06,5.550628764107666e-34
6,0,6.539002210473336e-05,0.0,1.7257882518606493e-06,3.944522363575366e-34
6,0,5.540115901124015e-05,0.0,1.7257882518606493e-06,2.829883952225873e-34
6,0,4.5811583629933064e-05,0.0,1.7257882518606493e-06,1.9496581702957972e-34
6,0,3.675120058357044e-05,0.0,1.7257882518606493e-06,1.2598028949207996e-34
6,0,2.877791963686056e-05,0.0,1.7257882518606493e-06,7.798933786816217e-35
6,0,2.2430012027941523e-05,0.0,1.7257882518606493e-06,4.87910798636313e-35
6,0,1.6631204564151575e-05,0.0,1.7257882518606493e-06,3.0221199246938453e-35
6,0,1.2599627137532278e-05,0.0,1.7257882518606493e-06,2.0582508607391445e-35
6,0,1.0209940372934144e-05,0.0,1.4559120700141648e-06,1.4854123171714742e-35
6,0,8.65129874232299e-06,0.0,1.4559120700141648e-06,1.1197519983164212e-35
6,0,7.4503236556213465e-06,0.0,1.4559120700141648e-06,8.492601584115621e-36
6,0,6.627008356841657e-06,0.0,1.4559120700141648e-06,6.631527273346194e-36
6,0,6.237299074166443e-06,0.0,1.4559120700141648e-06,5.537637011705639e-36
6,0,6.346078631679551e-06,0.0,1.4559120700141648e-06,4.947496373675878e-36
6,0,6.982384190382828e-06,0.0,1.4559120700141648e-06,5.250053796754483e-36
6,0,7.933844676561992e-06,0.0,1.4559120700141648e-06,1.0864441248176942e-35
6,0,9.778399621828081e-06,0.0,1.4559120700141648e-06,8.697051074902163e-36
6,0,1.2733287054858848e-05,0.0,1.4559120700141648e-06,1.435115881334258e-35
6,0,1.661716871435852e-05,0.0,1.4559120700141648e-06,2.486231393005343e-35
6,0,2.090604404475997e-05,0.0,1.5946510529829538e-06,4.333612887804651e-35
6,0,2.519359882869077e-05,0.0,1.5946510529829538e-06,7.35969895798882e-35
6,0,2.9909773811795047e-05,0.0,1.5946510529829538e-06,1.2541831365277815e-34
6,0,3.488439541953142e-05,0.0,1.5946510529829538e-06,2.1156398093418274e-34
6,0,4.064666911753886e-05,0.0,1.5946510529829538e-06,3.521524624440552e-34
6,0,4.638456915714145e-05,0.0,1.5946510529829538e-06,5.534643877646406e-34
6,0,4.9666274957394494e-05,0.0,1.5946510529829538e-06,7.817256001449068e-34
6,0,5.342303527363515e-05,0.0,1.4700257224831148e-06,1.019912622538669e-33
6,0,5.563763402086389e-05,0.0,1.4700257224831148e-06,1.1935544439902296e-33
6,0,5.582787066004439e-05,0.0,1.4700257224831148e-06,1.2666218871403968e-33
6,0,5.3508502910772234e-05,0.0,1.5071772168084863e-06,1.2396239043088782e-33
6,0,4.955687601252204e-05,0.0,1.5071772168084863e-06,1.064830190229008e-33
6,0,4.377661228654292e-05,0.0,1.9128451640426647e-06,9.158073530809933e-34
6,0,3.6942164691573204e-05,0.0,1.9128451640426647e-06,7.795993329023608e-34
6,0,3.276112256859444e-05,0.0,1.9128451640426647e-06,6.085298696159337e-34
6,0,2.931244101106259e-05,0.0,1.9128451640426647e-06,4.966790107413006e-34
6,0,2.7418144114559364e-05,0.0,1.9128451640426647e-06,4.231208905351613e-34
6,0,2.527204620682171e-05,0.0,1.9128451640426647e-06,3.860238959443927e-34
6,0,2.292563262085224e-05,0.0,1.9128451640426647e-06,3.5673055376302724e-34
6,0,2.026597350079582e-05,0.0,1.9128451640426647e-06,3.2718705169012743e-34
6,0,1.753688426145503e-05,0.0,1.5357856000264292e-06,2.929174194784489e-34
6,0,1.4868538281299656e-05,0.0,1.5357856000264292e-06,2.540681347443637e-34
6,0,1.2416281846688452e-05,0.0,1.5357856000264292e-06,2.1453194345789074e-34
6,0,1.0428914804546184e-05,0.0,1.5357856000264292e-06,1.804501607536034e-34
6,0,9.205296498822474e-06,0.0,1.5357856000264292e-06,1.6034636045416138e-34
6,0,7.6235366470932935e-06,0.0,1.5357856000264292e-06,1.5238033140811385e-34
6,0,7.468310559684167e-06,0.0,1.5357856000264292e-06,1.598699638178418e-34
6,0,4.819492714859262e-06,0.0,1.5357856000264292e-06,9.12581149142089e-35
6,0,4.472501630676547e-06,0.0,1.5357856000264292e-06,9.3789313557908e-35
6,0,3.482553852834929e-06,0.0,1.5357856000264292e-06,8.763627791813749e-35
6,0,2.975053873730672e-06,0.0,1.2956218142790021e-06,7.805719856010441e-35
6,0,2.6637837757236507e-06,0.0,1.2956218142790021e-06,6.436162178538193e-35
6,0,2.4514168583557813e-06,0.0,1.2956218142790021e-06,5.239232848940779e-35
6,0,2.331392338516407e-06,0.0,1.2956218142790021e-06,4.2428926189531284e-35
6,0,2.3907129688964385e-06,0.0,1.2956218142790021e-06,3.3078746805672e-35
6,0,2.5144376968090778e-06,0.0,1.2956218142790021e-06,2.7303407602725267e-35
6,0,2.7290606925000023e-06,0.0,1.2956218142790021e-06,2.3942712014627245e-35
6,0,2.9803227877341627e-06,0.0,1.2956218142790021e-06,2.2067999415213542e-35
6,0,3.2714992619509466e-06,0.0,1.4349130879054428e-06,2.057921257403715e-35
6,0,3.563713883924372e-06,0.0,1.4349130879054428e-06,1.954206696324725e-35
6,0,3.866141983675576e-06,0.0,1.4349130879054428e-06,1.8839648821586578e-35
6,0,4.175162869043724e-06,0.0,1.4349130879054428e-06,1.7809012051586875e-35
6,0,4.534386813182206e-06,0.0,1.4349130879054428e-06,1.433616666859479e-35
6,0,4.491568593194706e-06,0.0,1.4349130879054428e-06,1.0861043334819097e-35
6,0,4.23145059054135e-06,0.0,1.4349130879054428e-06,7.271204551975426e-36
6,0,3.859073638815184e-06,0.0,1.4349130879054428e-06,3.826806290115499e-36
6,0,3.2273259409687843e-06,0.0,1.7008966324283392e-06,1.9144865169264883e-36
6,0,2.6554179121091955e-06,0.0,1.7008966324283392e-06,9.629653990851821e-37
6,0,2.188369469232549e-06,0.0,1.7008966324283392e-06,5.284591566373533e-37
6,0,1.8350839591651477e-06,0.0,1.7008966324283392e-06,3.6066666958420543e-37
6,0,1.5733634612876267e-06,0.0,1.7008966324283392e-06,2.8949001221830784e-37
6,0,1.3744464457777382e-06,0.0,1.7008966324283392e-06,2.597546830130895e-37
6,0,1.188324568329268e-06,0.0,1.7008966324283392e-06,2.502786543818165e-37
6,0,1.017086349116038e-06,0.0,1.7008966324283392e-06,2.1570920420708444e-37
6,0,8.470447351020766e-07,0.0,1.7008966324283392e-06,2.1345001961251225e-37
6,0,7.005614806562828e-07,0.0,1.7008966324283392e-06,2.0050549702234247e-37
6,0,6.141301642785128e-07,0.0,1.7008966324283392e-06,1.896379453848318e-37
6,0,5.846628015133842e-07,0.0,1.7008966324283392e-06,1.8479891426549904e-37
6,0,5.365978482753182e-07,0.0,1.7008966324283392e-06,1.8604380540042978e-37
6,0,4.665937126496488e-07,0.0,1.4349130879054428e-06,2.0269416827818983e-37
6,0,5.009113657886264e-07,0.0,1.4349130879054428e-06,2.2881331787675925e-37
6,0,5.821695441959726e-07,0.0,1.4349130879054428e-06,2.792550179179811e-37
6,0,5.791525380743235e-07,0.0,1.4349130879054428e-06,2.8083180379159024e-37
6,0,5.257225478991075e-07,0.0,1.4349130879054428e-06,2.8119412352252606e-37
6,0,4.623942982873454e-07,0.0,1.4349130879054428e-06,2.8303870313786153e-37
6,0,4.2793416929098756e-07,0.0,1.4349130879054428e-06,2.7805173974224694e-37
6,0,4.1767820282574125e-07,0.0,1.4349130879054428e-06,2.6248394158531024e-37
6,0,4.162534092984368e-07,0.0,1.4349130879054428e-06,2.4611850192170443e-37
6,0,4.129313507476451e-07,0.0,1.4349130879054428e-06,2.3976871411240153e-37
6,0,4.083418565208958e-07,0.0,1.4349130879054428e-06,2.530917218125916e-37
6,0,3.955584328148952e-07,0.0,1.4349130879054428e-06,2.5964174956725265e-37
6,0,4.088365064762024e-07,0.0,1.4349130879054428e-06,2.5906593921268e-37
6,0,4.1861625100320685e-07,0.0,1.4349130879054428e-06,2.5583880490127853e-37
6,0,4.525280119046395e-07,0.0,1.4349130879054428e-06,2.5294502267895835e-37
6,0,4.758621024897312e-07,0.0,1.4349130879054428e-06,2.4820784914240045e-37
6,0,5.179171251012332e-07,0.0,1.4349130879054428e-06,2.385935515890556e-37
6,0,5.622341200458809e-07,0.0,1.4349130879054428e-06,2.3374855654345868e-37
6,0,6.314455855559629e-07,0.0,1.4349130879054428e-06,2.295371950322663e-37
6,0,7.439866895188814e-07,0.0,1.4349130879054428e-06,2.431917387387279e-37
6,0,7.660108978620481e-07,0.0,1.7008966324283392e-06,2.7010830563621214e-37
6,0,8.395612145693427e-07,0.0,1.7008966324283392e-06,2.613887988094711e-37
6,0,9.172282391701937e-07,0.0,1.7008966324283392e-06,2.3168898411253264e-37
6,0,8.639377007024291e-07,0.0,1.7008966324283392e-06,1.5970088525268926e-37
6,0,8.023354661768922e-07,0.0,1.7008966324283392e-06,1.2127548769886844e-37
6,0,6.873346524265317e-07,0.0,1.7008966324283392e-06,8.794659584421541e-38
6,0,5.774802425495891e-07,0.0,1.7008966324283392e-06,6.32682837474402e-38
6,0,4.883149217280524e-07,0.0,1.7008966324283392e-06,4.720893811518764e-38
6,0,4.049654871459864e-07,0.0,1.7008966324283392e-06,3.8733587927676706e-38
6,0,3.7121196418676847e-07,0.0,1.7008966324283392e-06,3.912683151312325e-38
6,0,3.39428519505666e-07,0.0,1.7008966324283392e-06,4.0568921775744563e-38
6,0,3.0534499222495587e-07,0.0,1.7008966324283392e-06,4.005041892316895e-38
6,0,2.678530062653869e-07,0.0,1.7008966324283392e-06,3.6099547586106846e-38
6,0,2.2964120886991922e-07,0.0,1.7008966324283392e-06,2.846160215048871e-38
6,0,1.8092144613463696e-07,0.0,1.7008966324283392e-06,2.611823314937375e-38
6,0,1.5278055756308665e-07,0.0,1.7008966324283392e-06,2.475089655463031e-38
6,0,1.4405130009519282e-07,0.0,1.7008966324283392e-06,2.6025739042937526e-38
6,0,1.4752335974540233e-07,0.0,1.7008966324283392e-06,3.0717098527502794e-38
6,0,1.573723188228889e-07,0.0,1.7008966324283392e-06,3.739666231220604e-38
6,0,1.6229961910242522e-07,0.0,1.4349130879054428e-06,4.723127481270897e-38
6,0,1.6583544384787704e-07,0.0,1.4349130879054428e-06,5.948676773758253e-38
6,0,1.7463538740414428e-07,0.0,1.4349130879054428e-06,6.977561674049021e-38
6,0,1.8352031394422057e-07,0.0,1.4349130879054428e-06,7.834255579562941e-38
6,0,1.9495799724475963e-07,0.0,1.4349130879054428e-06,9.054538231901978e-38
6,0,2.0718410031571181e-07,0.0,1.4349130879054428e-06,1.0103996435726577e-37
6,0,2.1943200467154015e-07,0.0,1.4349130879054428e-06,1.0118884951650336e-37
6,0,2.389416532120816e-07,0.0,1.4349130879054428e-06,9.906677917406843e-38
6,0,2.8249226959891154e-07,0.0,1.4349130879054428e-06,1.0262327467652481e-37
6,0,3.366008344250053e-07,0.0,1.4349130879054428e-06,1.1783694789594506e-37
6,0,3.7451195319709713e-07,0.0,1.4349130879054428e-06,1.0731139155644363e-37
6,0,4.127327041799329e-07,0.0,1.4349130879054428e-06,1.0897469920243405e-37
6,0,4.607894976145896e-07,0.0,1.4349130879054428e-06,1.1312571519655874e-37
6,0,5.204804970613305e-07,0.0,1.4349130879054428e-06,1.2076304966604643e-37
6,0,5.945140154012448e-07,0.0,1.4349130879054428e-06,1.3334451263969122e-37
6,0,6.921424657205097e-07,0.0,1.4349130879054428e-06,1.5099656850130151e-37
6,0,8.106432735531953e-07,0.0,1.4349130879054428e-06,1.5985447877476697e-37
6,0,9.075305527680706e-07,0.0,1.4349130879054428e-06,1.6261976753310242e-37
6,0,9.498041237604638e-07,0.0,1.4349130879054428e-06,1.6600564093454262e-37
6,0,9.441100177742022e-07,0.0,1.4349130879054428e-06,1.6797656161942162e-37
6,0,9.071448832035847e-07,0.0,1.4349130879054428e-06,1.6583474978422128e-37
6,0,8.0627657177747e-07,0.0,1.7008966324283392e-06,1.380694556432525e-37
6,0,7.070722939940973e-07,0.0,1.7008966324283392e-06,1.3726385476130602e-37
6,0,6.643849642986773e-07,0.0,1.7008966324283392e-06,1.4826142447553062e-37
6,0,6.687082490821866e-07,0.0,1.7008966324283392e-06,1.7197576654311521e-37
6,0,6.796884164749184e-07,0.0,1.7008966324283392e-06,2.168477536041545e-37
6,0,6.718836785003974e-07,0.0,1.7008966324283392e-06,2.9096249664462036e-37
6,0,6.040188093757572e-07,0.0,1.7008966324283392e-06,3.90048042007723e-37
6,0,5.202729682075833e-07,0.0,1.7008966324283392e-06,5.4643366809118634e-37
6,0,4.710740887772795e-07,0.0,1.7008966324283392e-06,6.991178932005944e-37
6,0,4.3326967173458666e-07,0.0,1.7008966324283392e-06,7.89609667445563e-37
6,0,3.953113273566285e-07,0.0,1.7008966324283392e-06,8.99220533730025e-37
6,0,3.549974758226029e-07,0.0,1.7008966324283392e-06,1.0421754875496873e-36
6,0,3.2217496526870505e-07,0.0,1.7008966324283392e-06,1.1975157673995397e-36
6,0,3.1027848181775006e-07,0.0,1.7008966324283392e-06,1.39127449436283e-36
6,0,3.1638029462786173e-07,0.0,1.7008966324283392e-06,1.5877584217379882e-36
6,0,3.2190350718786683e-07,0.0,1.7008966324283392e-06,1.8463481661013275e-36
6,0,3.1938005724537373e-07,0.0,1.7008966324283392e-06,2.1471677100348646e-36
6,0,3.174975094223931e-07,0.0,1.7008966324283392e-06,2.2765639241214742e-36
6,0,3.266277829636025e-07,0.0,1.4349130879054428e-06,2.2244890723772142e-36
6,0,3.518887703602009e-07,0.0,1.4349130879054428e-06,2.1797833017348193e-36
6,0,3.8590253049684867e-07,0.0,1.4349130879054428e-06,2.1401516216213568e-36
6,0,3.8860763633295694e-07,0.0,1.4349130879054428e-06,2.1623580544374508e-36
6,0,4.104122368906703e-07,0.0,1.2501365063144476e-06,2.22213130363308e-36
6,0,4.393548905717967e-07,0.0,1.2501365063144476e-06,2.3438531553395805e-36
6,0,4.6746458582959597e-07,0.0,1.2501365063144476e-06,2.500106050432503e-36
6,0,5.019741961244722e-07,0.0,1.2501365063144476e-06,2.6737024018340282e-36
6,0,5.325785256832159e-07,0.0,1.2501365063144476e-06,2.9780466710312386e-36
6,0,5.889475053183049e-07,0.0,1.2501365063144476e-06,3.537759088211918e-36
6,0,7.093428929067861e-07,0.0,1.4349130879054428e-06,3.854114077123447e-36
6,0,7.021209484936391e-07,0.0,1.4349130879054428e-06,3.684811035167308e-36
6,0,6.676960935708513e-07,0.0,1.4349130879054428e-06,4.456377718110877e-36
6,0,6.419285522120992e-07,0.0,1.4349130879054428e-06,4.9877457909939655e-36
6,0,7.257377315433339e-07,0.0,1.4349130879054428e-06,5.72502734161602e-36
6,0,7.983922947954817e-07,0.0,1.4349130879054428e-06,7.230820610004763e-36
6,0,9.282051725526517e-07,0.0,1.7315614968538284e-06,9.470930146940398e-36
6,0,9.864493062075554e-07,0.0,1.7315614968538284e-06,1.4738414751344555e-35
6,0,9.482817258383833e-07,0.0,1.6242333913396578e-06,2.0490225413189684e-35
6,0,1.12463086722804e-06,0.0,1.925310471051489e-06,1.5732592829369536e-35
6,0,1.0456426993231915e-06,0.0,1.925310471051489e-06,1.0579378845848842e-35
6,0,8.810391956020652e-07,0.0,1.925310471051489e-06,1.0126695139087995e-35
6,0,6.12744627583201e-07,0.0,1.925310471051489e-06,1.5784411008076683e-35
6,0,4.1799973677711287e-07,0.0,1.8662157117432798e-06,2.9303234586217213e-35
6,0,2.8314185665690384e-07,0.0,1.8662157117432798e-06,2.4627461867784895e-35
6,0,3.1812681548783305e-07,0.0,2.334698137929081e-06,3.798548866680092e-35
6,0,3.2779221041895025e-07,0.0,1.971622168639442e-06,6.09293791711287e-35
6,0,3.3355886084362726e-07,0.0,1.971622168639442e-06,8.12099972389859e-35
6,0,3.4972433665889527e-07,0.0,1.971622168639442e-06,9.533026152597251e-35
6,0,3.607044733394711e-07,0.0,1.971622168639442e-06,1.211965784972102e-34
6,0,3.471337687532092e-07,0.0,1.971622168639442e-06,1.8502279933999103e-34
6,0,3.452341889861604e-07,0.0,1.971622168639442e-06,2.8159279414634834e-34
6,0,3.368952719359424e-07,0.0,1.971622168639442e-06,4.182775323855369e-34
6,0,3.69474380764955e-07,0.0,1.971622168639442e-06,7.803907712082504e-34
6,0,4.77926885583763e-07,0.0,1.971622168639442e-06,1.1871247653977201e-33
6,0,5.894410739661072e-07,0.0,1.971622168639442e-06,1.615233195811474e-33
6,0,6.544765019884466e-07,0.0,1.971622168639442e-06,2.3604292069786242e-33
6,0,7.552553139028304e-07,0.0,1.971622168639442e-06,3.444243630973412e-33
6,0,9.237816640603404e-07,0.0,1.971622168639442e-06,4.6987172431755413e-33
6,0,1.0734929461037594e-06,0.0,1.971622168639442e-06,6.0560998756623923e-33
6,0,1.1631152362528937e-06,0.0,1.971622168639442e-06,7.039791751996884e-33
6,0,1.1996571727851042e-06,0.0,2.050661123575992e-06,6.98564774751404e-33
6,0,1.188741445479837e-06,0.0,1.7299818182436866e-06,6.531540320795975e-33
6,0,1.4256882341979229e-06,0.0,1.7299818182436866e-06,6.219329755901544e-33
6,0,1.8169125355981768e-06,0.0,1.7299818182436866e-06,6.550603900430435e-33
6,0,2.0842871512575397e-06,0.0,1.7299818182436866e-06,6.392613051576104e-33
6,0,2.526390612537096e-06,0.0,1.7299818182436866e-06,6.842801674002116e-33
6,0,3.1990281237566044e-06,0.0,1.7299818182436866e-06,7.771916082311898e-33
6,0,3.4355090569205734e-06,0.0,1.7299818182436866e-06,8.97885637638662e-33
6,0,3.731444616753546e-06,0.0,1.6350908254025853e-06,1.0720896392635033e-32
6,0,4.633944942537519e-06,0.0,1.3343202454052516e-06,1.2966150846791082e-32
6,0,5.1588746006892875e-06,0.0,1.3343202454052516e-06,1.6875222045620075e-32
6,0,5.272433590508234e-06,0.0,1.3343202454052516e-06,2.4688170227615364e-32
6,0,6.406968081315385e-06,0.0,1.3343202454052516e-06,4.0927803947113766e-32
6,0,8.472855758762106e-06,0.0,2.2013034595147474e-06,6.234891978675287e-32
6,0,1.166383975772086e-05,0.0,2.2013034595147474e-06,8.6230680318553e-32
6,0,1.2937307829840851e-05,0.0,2.2013034595147474e-06,9.816198324422975e-32
6,0,1.3110924717511851e-05,0.0,4.380578047857853e-06,9.784495241781298e-32
6,0,1.3028745754823578e-05,0.0,5.371287443267647e-06,9.09777496851397e-32
6,0,1.2924435514493906e-05,0.0,5.371287443267647e-06,8.622673065753424e-32
6,0,1.2965070248683513e-05,0.0,5.371287443267647e-06,8.832745661188875e-32
6,0,1.2946990237436211e-05,0.0,5.371287443267647e-06,9.670797901686713e-32
6,0,1.2473319679972044e-05,0.0,5.371287443267647e-06,1.0584567259804068e-31
6,0,1.15541639449293e-05,0.0,5.371287443267647e-06,1.092847458905804e-31
6,0,1.0785590524771493e-05,0.0,5.371287443267647e-06,1.0313062154100293e-31
6,0,9.92724635267981e-06,0.0,5.371287443267647e-06,8.896047207475006e-32
6,0,9.16286573122809e-06,0.0,5.371287443267647e-06,7.25963505647637e-32
6,0,8.857891928563203e-06,0.0,5.371287443267647e-06,6.004459821083594e-32
6,0,8.585084047125332e-06,0.0,6.366935394908069e-06,5.155358521435201e-32
6,0,8.283458288671254e-06,0.0,6.366935394908069e-06,4.763128088786864e-32
6,0,8.081259536364088e-06,0.0,6.366935394908069e-06,4.720475570140865e-32
6,0,7.985832446556134e-06,0.0,5.708425305783749e-06,4.881256160963285e-32
6,0,8.031701215489159e-06,0.0,5.708425305783749e-06,5.067693679233928e-32
6,0,7.905788144520767e-06,0.0,4.380578047857853e-06,5.051789240667302e-32
6,0,7.656539095119503e-06,0.0,4.380578047857853e-06,4.7876841657755415e-32
6,0,7.253663479934412e-06,0.0,2.055969616776565e-06,4.2556233903723143e-32
6,0,6.669626848194211e-06,0.0,2.055969616776565e-06,3.688587837675484e-32
6,0,6.014019793385639e-06,0.0,2.055969616776565e-06,3.1503498394586855e-32
6,0,5.424625328008708e-06,0.0,1.6954567172433599e-06,2.6925406340930866e-32
6,0,4.982965472214433e-06,0.0,1.6954567172433599e-06,2.4008324539185232e-32
6,0,4.662371749862911e-06,0.0,1.6954567172433599e-06,2.3100737105858852e-32
6,0,4.412722868062146e-06,0.0,1.815306404751027e-06,2.3123837039220449e-32
6,0,4.222318459387007e-06,0.0,1.815306404751027e-06,2.352331263130008e-32
6,0,4.160516977610611e-06,0.0,1.815306404751027e-06,2.4867189201037967e-32
6,0,4.231474143672053e-06,0.0,1.815306404751027e-06,2.759632855787032e-32
6,0,4.438940608561932e-06,0.0,1.815306404751027e-06,3.6461710056468247e-32
6,0,4.791813823983646e-06,0.0,3.612447926570894e-06,4.492331806176635e-32
6,0,5.320838105928253e-06,0.0,3.612447926570894e-06,5.601556193603378e-32
6,0,5.901328213311789e-06,0.0,3.971316345996456e-06,6.779797674723537e-32
6,0,5.599230728251061e-06,0.0,3.971316345996456e-06,8.140769752679021e-32
6,0,5.441887808729802e-06,0.0,5.0166672735940665e-06,8.675330510692859e-32
6,0,5.985976352683459e-06,0.0,4.893008735962212e-06,8.271555254151508e-32
6,0,5.843060724140999e-06,0.0,4.893008735962212e-06,7.617325056993733e-32
6,0,6.251516549691943e-06,0.0,3.837996700895019e-06,7.456498034144456e-32
6,0,6.782233092380156e-06,0.0,3.837996700895019e-06,7.450584122065469e-32
6,0,7.80471199183559e-06,0.0,4.1092985156865325e-06,7.847680219705447e-32
6,0,7.952055726485824e-06,0.0,4.1092985156865325e-06,8.093394979352181e-32
6,0,8.349360431490707e-06,0.0,4.1092985156865325e-06,9.319777656115916e-32
6,0,8.77572833093508e-06,0.0,4.1092985156865325e-06,1.0405136275611501e-31
6,0,8.940508022776266e-06,0.0,4.1092985156865325e-06,1.0707700293052702e-31
6,0,8.705028158208304e-06,0.0,4.1092985156865325e-06,1.001652842267881e-31
6,0,8.19371688788669e-06,0.0,4.1092985156865325e-06,8.846300874295382e-32
6,0,7.604792737463395e-06,0.0,4.871018973062746e-06,7.720180224943508e-32
6,0,7.165152156532508e-06,0.0,4.367225756141124e-06,7.00890034820445e-32
6,0,6.9229336384461285e-06,0.0,3.972581453126622e-06,6.719343175755098e-32
6,0,6.714573226963937e-06,0.0,3.972581453126622e-06,6.634729916888558e-32
6,0,6.465032922083769e-06,0.0,1.9962787973781815e-06,6.545886641600585e-32
6,0,6.142609884626857e-06,0.0,1.9962787973781815e-06,6.201493245432549e-32
6,0,5.765452400268483e-06,0.0,1.9962787973781815e-06,5.525746211930147e-32
6,0,5.393037305622277e-06,0.0,1.9962787973781815e-06,4.694329930916288e-32
6,0,5.014168106049336e-06,0.0,1.5729166307210107e-06,4.0343418685545974e-32
6,0,4.631966115488094e-06,0.0,1.5729166307210107e-06,3.237038727475189e-32
6,0,4.238019836290257e-06,0.0,1.5729166307210107e-06,2.623554397126379e-32
6,0,3.904159306193565e-06,0.0,1.5729166307210107e-06,2.1657963257650408e-32
6,0,3.7072089975184686e-06,0.0,1.5729166307210107e-06,1.9260640976800234e-32
6,0,3.688460424445374e-06,0.0,1.5729166307210107e-06,1.8585914566267934e-32
6,0,3.8558828723394725e-06,0.0,1.5729166307210107e-06,2.0204698122360876e-32
6,0,4.16546887936915e-06,0.0,1.5729166307210107e-06,2.440910933809809e-32
6,0,4.553374379219828e-06,0.0,3.1300946830015164e-06,3.1819941473828215e-32
6,0,4.945803498484121e-06,0.0,3.1300946830015164e-06,4.3087777755485596e-32
6,0,5.4420887736261265e-06,0.0,3.6842873214482097e-06,5.899834946388656e-32
6,0,6.25044516789517e-06,0.0,4.1092985156865325e-06,7.76987424862452e-32
6,0,7.501281137055594e-06,0.0,5.371287443267647e-06,9.743226573859804e-32
6,0,6.853652832092429e-06,0.0,5.0166672735940665e-06,1.1821458856064154e-31
6,0,6.988600645006038e-06,0.0,4.137000360060483e-06,1.460735930861466e-31
6,0,7.454821380196425e-06,0.0,4.137000360060483e-06,1.6858177083659564e-31
6,0,8.739368331165858e-06,0.0,4.429438376973849e-06,1.887363973077153e-31
6,0,1.0384076350106414e-05,0.0,5.371287443267647e-06,2.0599360652821065e-31
6,0,1.1520919317210022e-05,0.0,5.371287443267647e-06,2.0481827674659747e-31
6,0,1.2080119034369167e-05,0.0,5.0166672735940665e-06,2.2776724136871785e-31
6,0,1.2700443779262675e-05,0.0,5.371287443267647e-06,2.536743610345695e-31
6,0,1.3602410382199756e-05,0.0,5.371287443267647e-06,3.1101231885044785e-31
6,0,1.4571518247277859e-05,0.0,5.371287443267647e-06,3.7367846342018537e-31
6,0,1.5352441162968903e-05,0.0,5.371287443267647e-06,4.662120151434689e-31
6,0,1.576437548615979e-05,0.0,5.371287443267647e-06,5.187972847297636e-31
6,0,1.558225732172278e-05,0.0,5.371287443267647e-06,5.201566734168285e-31
6,0,1.4931135632775674e-05,0.0,5.0166672735940665e-06,4.876289579781626e-31
6,0,1.4233232143732e-05,0.0,5.0166672735940665e-06,4.538028855191264e-31
6,0,1.3754763749325213e-05,0.0,4.091365553904325e-06,4.402134655270103e-31
6,0,1.3585995832529146e-05,0.0,2.437075636407826e-06,4.544091584855065e-31
6,0,1.3578508338411622e-05,0.0,2.437075636407826e-06,4.916259679093766e-31
6,0,1.3767367151131575e-05,0.0,2.437075636407826e-06,5.576379690696336e-31
6,0,1.4039630760922906e-05,0.0,2.437075636407826e-06,6.411032871729337e-31
6,0,1.4246767770308132e-05,0.0,1.4408204833671334e-06,7.211253472238051e-31
6,0,1.4246583254700317e-05,0.0,1.2155071544839302e-06,7.795142675189796e-31
6,0,1.3951918084409529e-05,0.0,1.2155071544839302e-06,8.067414908506917e-31
6,0,1.3471906014726349e-05,0.0,1.2155071544839302e-06,8.103006996658855e-31
6,0,1.3041383666481336e-05,0.0,1.2155071544839302e-06,8.193144843875388e-31
6,0,1.2890216360812531e-05,0.0,1.2155071544839302e-06,8.967636694231045e-31
6,0,1.3135705402619924e-05,0.0,1.2155071544839302e-06,1.1175058979425511e-30
6,0,1.351252737939992e-05,0.0,1.2155071544839302e-06,1.4338773190482848e-30
6,0,1.357263610231449e-05,0.0,1.2155071544839302e-06,1.7877597052842383e-30
6,0,1.3304191303607851e-05,0.0,1.2155071544839302e-06,2.2644621611528636e-30
6,0,1.34393280907761e-05,0.0,1.2155071544839302e-06,2.8786891805874666e-30
6,0,1.4876765951991663e-05,0.0,1.0023685490523349e-06,3.155717464048015e-30
6,0,1.6352120370987326e-05,0.0,1.0277011597281671e-06,4.811784750458219e-30
6,0,1.806867083122877e-05,0.0,1.0277011597281671e-06,5.7354054565320746e-30
6,0,1.9790590743808778e-05,0.0,1.0277011597281671e-06,6.356318123596866e-30
6,0,2.1411930664563642e-05,0.0,1.0023685490523349e-06,6.475062237097723e-30
6,0,2.257159105915752e-05,0.0,1.0023685490523349e-06,5.9689767482777516e-30
6,0,2.1937193021639227e-05,0.0,1.0023685490523349e-06,4.767969091907025e-30
6,0,2.1058359543078104e-05,0.0,1.0023685490523349e-06,3.559156905363223e-30
6,0,2.1276680097950268e-05,0.0,1.0023685490523349e-06,2.49394122792491e-30
6,0,2.466649223613948e-05,0.0,1.0023685490523349e-06,2.0269722414392855e-30
6,0,2.6076107958548828e-05,0.0,1.0749117791419849e-06,1.664456742572249e-30
6,0,2.8265732694650087e-05,0.0,1.0749117791419849e-06,1.5175066891431856e-30
6,0,3.155407361496394e-05,0.0,1.2741636510327226e-06,1.5534104243574132e-30
6,0,3.792137766663809e-05,0.0,1.2741636510327226e-06,1.3746396448120426e-30
6,0,4.1526630591930095e-05,0.0,1.2741636510327226e-06,9.5217778967454e-31
6,0,2.8165533736095277e-05,0.0,1.2741636510327226e-06,7.485428125612543e-31
6,0,2.0422790356258496e-05,0.0,1.2741636510327226e-06,7.884743086389134e-31
6,0,1.9085720855161964e-05,0.0,1.218201759911608e-06,1.1735154766123392e-30
6,0,3.202504338515004e-05,0.0,1.3043148783253855e-06,1.61599383763474e-30
6,0,6.926577303191351e-05,0.02,1.3043148783253855e-06,3.16280390823206e-30
6,0,9.78504686203352e-05,0.02,1.3043148783253855e-06,4.524013953263924e-30
6,0,0.00010590655798380479,0.02,1.1777010513469577e-06,7.00334783010868e-30
6,0,0.00011554897508538146,0.02,1.1777010513469577e-06,1.0781323479075212e-29
6,0,0.0001331588834412042,0.02,1.1777010513469577e-06,1.5984172818639566e-29
6,0,0.00014762689917000263,0.0,1.1777010513469577e-06,2.358633590280854e-29
6,0,0.0001571223293217476,0.0,1.1777010513469577e-06,3.299793273922086e-29
6,0,0.0001557160610431676,0.0,1.1777010513469577e-06,4.335676060296081e-29
6,0,0.00015070973278062108,0.0,1.1777010513469577e-06,5.274422162512476e-29
6,0,0.0001417007203306163,0.0,9.93533944892988e-07,5.802639144269164e-29
6,0,0.00012696074364786835,0.0,9.93533944892988e-07,5.979804838000238e-29
6,0,0.00011523735256915705,0.0,9.93533944892988e-07,6.281716625347919e-29
6,0,0.00010921769450200305,0.0,8.898959436010045e-07,6.852848141090416e-29
6,0,0.00010525232242470163,0.0,8.898959436010045e-07,7.077611989690805e-29
6,0,0.00010200109739365715,0.0,8.898959436010045e-07,7.069948594071467e-29
6,0,9.412539951735972e-05,0.0,8.31143552204594e-07,7.108999832959456e-29
6,0,8.843262032755955e-05,0.0,8.31143552204594e-07,7.226517068900427e-29
6,0,8.04848688789782e-05,0.0,8.31143552204594e-07,7.208455457140721e-29
6,0,8.838187737093969e-05,0.0,8.898959436010045e-07,7.724699173174397e-29
6,0,9.494089384555246e-05,0.0,8.898959436010045e-07,7.775608723841843e-29
6,0,0.00010873960292155954,0.0,8.898959436010045e-07,7.877716112815285e-29
6,0,0.00013268049617110188,0.0,8.898959436010045e-07,8.638785848938789e-29
6,0,0.00018987061939559316,0.0,8.898959436010045e-07,9.525130707560499e-29
6,0,0.00023551557257625212,0.0,8.898959436010045e-07,1.0753439474135853e-28
6,0,0.0002625649637220423,0.0,8.898959436010045e-07,1.1937804537911367e-28
6,0,0.00028628291681274704,0.0,8.898959436010045e-07,1.3764043533552258e-28
6,0,0.0003110934907447826,0.0,8.898959436010045e-07,1.5588852526209443e-28
6,0,0.00033577903814659116,0.0,8.898959436010045e-07,1.7221812414868923e-28
6,0,0.00037671880010301087,0.0,1.0548523050601943e-06,1.9553472002109141e-28
6,0,0.00042565470802560535,0.0,1.0548523050601943e-06,2.277310807174583e-28
6,0,0.0004633769298801686,0.0,1.0548523050601943e-06,2.5356444572999927e-28
6,0,0.00047937574257759385,0.0,1.0548523050601943e-06,2.6173125536267612e-28
6,0,0.0004902845478260689,0.02,1.0548523050601943e-06,2.623359973652137e-28
6,0,0.0004794389700088216,0.02,1.0548523050601943e-06,2.6567447655318747e-28
6,0,0.000484228034754237,0.02,1.0548523050601943e-06,2.843884730074309e-28
6,0,0.00047391276430445176,0.02,9.85209112513985e-07,3.241147262668036e-28
6,0,0.00046445855017192126,0.02,9.85209112513985e-07,3.919694752534436e-28
6,0,0.0004932695449912376,0.02,9.85209112513985e-07,4.655000601568143e-28
6,0,0.0005235965217853976,0.02,9.85209112513985e-07,5.942469843433941e-28
6,0,0.0005433364177233108,0.02,9.85209112513985e-07,7.918967485923494e-28
6,0,0.0005482961157316537,0.02,9.85209112513985e-07,1.0732751134673246e-27
6,0,0.0005989562011198269,0.02,9.85209112513985e-07,1.3435974849035504e-27
6,0,0.0006376392822147062,0.02,1.0548523050601943e-06,1.6270995727282013e-27
6,0,0.0006687484614866753,0.02,1.0548523050601943e-06,1.869546419335355e-27
6,0,0.0007086871149345372,0.02,1.0548523050601943e-06,2.051048561003336e-27
6,0,0.0008121013980656016,0.02,1.0548523050601943e-06,1.961728359821528e-27
6,0,0.0008982622467984515,0.02,9.85209112513985e-07,1.758160068408725e-27
6,0,0.0009062333218231724,0.0,9.85209112513985e-07,1.5493883957686736e-27
6,0,0.0008524864536227544,0.0,1.3478875189321116e-06,1.4480723473352553e-27
6,0,0.0008428250580135456,0.0,1.3478875189321116e-06,1.492740247942434e-27
6,0,0.0008512164558322136,0.0,1.3146625406079693e-06,1.4108578919093524e-27
6,0,0.0007920362191822108,0.0,1.3146625406079693e-06,1.2663311014646788e-27
6,0,0.0007056910435351848,0.0,1.3146625406079693e-06,1.3087983382209035e-27
6,0,0.0005188112877400044,0.0,1.1090775160482735e-06,1.3252317206573765e-27
6,0,0.0003586222545712296,0.0,1.1090775160482735e-06,1.3764468201104996e-27
6,0,0.0004413925897604331,0.0,1.217487465510203e-06,2.8307570619426307e-27
6,0,0.0008274139468106533,0.0,1.217487465510203e-06,7.633109022811885e-27
6,0,0.0011305988974737446,0.0,1.217487465510203e-06,1.1264662555619879e-26
6,0,0.0015486266776907277,0.0,1.0716559017964755e-06,1.7306394154312057e-26
6,0,0.0017188227585281132,0.0,1.0716559017964755e-06,2.7431211250157883e-26
6,0,0.002102667220925371,0.0,7.833035056137305e-07,4.5175555710847776e-26
6,0,0.0024785308543895505,0.0,7.833035056137305e-07,7.681456643689409e-26
6,0,0.0029724287573324945,0.0,7.833035056137305e-07,1.2704159911730044e-25
6,0,0.0033797533598794497,0.0,7.833035056137305e-07,2.0247053137417382e-25
6,0,0.0036957435755304627,0.0,9.285012083637412e-07,3.0919035866778564e-25
6,0,0.0039865370545720405,0.0,9.285012083637412e-07,4.576113085857883e-25
6,0,0.004139192078347564,0.0,9.285012083637412e-07,6.705231412717092e-25
6,0,0.004272274851082457,0.0,9.285012083637412e-07,9.5105534189227e-25
6,0,0.004098599645402906,0.02,8.671999012221931e-07,1.3050910871671893e-24
6,0,0.0038393805793679333,0.02,8.671999012221931e-07,1.7510278460013855e-24
6,0,0.003829747046502726,0.02,8.458237061859109e-07,2.0918242373115938e-24
6,0,0.0035997970772723444,0.02,8.458237061859109e-07,2.2471811234792357e-24
6,0,0.003359360756389994,0.02,8.458237061859109e-07,2.3237558515490393e-24
6,0,0.0032898760917764816,0.02,1.1297296396151069e-06,2.4069404451436898e-24
6,0,0.003190287860285263,0.02,1.1297296396151069e-06,2.4472796363930714e-24
6,0,0.0031136682704954095,0.02,1.1297296396151069e-06,2.4692886584335114e-24
6,0,0.003007389379439449,0.02,1.1297296396151069e-06,2.5457486072416053e-24
6,0,0.0030395192478053614,0.02,1.1297296396151069e-06,2.7611391888031504e-24
6,0,0.0030581894855957535,0.02,1.1297296396151069e-06,3.0432610920591513e-24
6,0,0.0030918277837099573,0.02,1.1297296396151069e-06,3.4038989128574784e-24
6,0,0.00314704275800625,0.02,1.1297296396151069e-06,3.929253454463895e-24
6,0,0.0032092181365363658,0.04,1.1297296396151069e-06,4.837307692589728e-24
6,0,0.0032717932306248433,0.04,1.1297296396151069e-06,6.046662620299295e-24
6,0,0.003313865629015418,0.04,1.1297296396151069e-06,7.522093231591763e-24
6,0,0.0034767788800731353,0.02,1.1297296396151069e-06,1.0398750253127084e-23
6,0,0.003506298403857901,0.02,1.1297296396151069e-06,1.5489659371805452e-23
6,0,0.0035772697737082785,0.0,1.1297296396151069e-06,2.2469074676312145e-23
6,0,0.003242711961294927,0.0,1.2834640301662148e-06,2.873652092575153e-23
6,0,0.003306590728090436,0.0,1.2834640301662148e-06,3.6210157587379186e-23
6,0,0.003357392886672757,0.0,1.0827577625605045e-06,4.913223564031491e-23
6,0,0.004154845337251656,0.0,1.0827577625605045e-06,7.827027414504945e-23
6,0,0.005023130389224233,0.0,1.0827577625605045e-06,1.2406619929157486e-22
6,0,0.005475896258064353,0.0,1.0827577625605045e-06,1.8469739213458868e-22
6,0,0.006242568572904685,0.0,1.0827577625605045e-06,3.0065470716566675e-22
6,0,0.007224852956242835,0.0,1.0827577625605045e-06,5.18851008220706e-22
6,0,0.008024269650248656,0.0,1.0827577625605045e-06,8.945878555146258e-22
6,0,0.008947201433912592,0.0,1.0827577625605045e-06,1.535219953865535e-21
6,0,0.00997078873374235,0.0,1.0827577625605045e-06,2.594438460730325e-21
6,0,0.011125749613367403,0.0,1.0827577625605045e-06,4.496814727160382e-21
6,0,0.012080022424920773,0.0,1.0827577625605045e-06,7.438781126520392e-21
6,0,0.012784119757428084,0.0,1.2918352467750083e-06,1.193075070786623e-20
6,0,0.013496078514860056,0.0,1.2918352467750083e-06,1.7321107096897847e-20
6,0,0.014000800997808543,0.0,1.2918352467750083e-06,2.252996196495943e-20
6,0,0.014351261092062396,0.02,1.2918352467750083e-06,2.6491955150696696e-20
6,0,0.014117405632161519,0.04,1.2918352467750083e-06,2.940311068782624e-20
6,0,0.013797296911561896,0.04,1.3067799500277033e-06,2.9723617325796396e-20
6,0,0.013937543345331546,0.04,1.3067799500277033e-06,2.598262676645284e-20
6,0,0.012567997961111582,0.06,1.3067799500277033e-06,2.3953488100374906e-20
6,0,0.010969163509700855,0.06,1.3067799500277033e-06,2.097757821533181e-20
6,0,0.009860684204746898,0.06,1.3067799500277033e-06,1.625988283860633e-20
6,0,0.00926621963853792,0.06,1.3067799500277033e-06,1.1096400927406554e-20
6,0,0.008769369204447094,0.06,1.3067799500277033e-06,7.263635325335092e-21
6,0,0.008209615139592775,0.06,1.3067799500277033e-06,4.532429537733478e-21
6,0,0.005745423589401052,0.06,1.3067799500277033e-06,3.010048654820988e-21
6,0,0.0043265820349945305,0.06,1.3067799500277033e-06,2.2065212476501072e-21
6,0,0.0034679487604273207,0.06,1.3067799500277033e-06,2.0029229375530403e-21
6,0,0.005474933976315328,0.06,1.3067799500277033e-06,6.101726061272252e-21
6,0,0.007363141679001132,0.04,1.3067799500277033e-06,7.538909562524089e-21
6,0,0.010065362672253586,0.04,1.3067799500277033e-06,1.1424469320956895e-20
6,0,0.01104840484193732,0.04,1.3067799500277033e-06,2.0602227240927402e-20
6,0,0.012781985150045909,0.04,1.3067799500277033e-06,3.987775694572205e-20
6,0,0.015852743511769733,0.04,1.3067799500277033e-06,7.955576269820961e-20
6,0,0.017576771860434225,0.04,1.3698554539587349e-06,2.0046601945539864e-19
6,0,0.0193669602820194,0.0,1.4258308738135383e-06,5.354669426337121e-19
6,0,0.021187366560042102,0.0,1.2028616538373171e-06,1.4238838910304052e-18
6,0,0.021182826725266637,0.0,1.2028616538373171e-06,3.741972771697479e-18
6,0,0.02234332171612609,0.0,1.2028616538373171e-06,1.001422982582934e-17
6,0,0.02281621812888368,0.02,3.446224127401365e-06,2.9036110760865104e-17
6,0,0.023188003745820168,0.02,3.6981462017138256e-06,8.442745315220075e-17
6,0,0.02444169515912122,0.04,3.6981462017138256e-06,2.3770211483414546e-16
6,0,0.02493320540154543,0.04,4.788276328326901e-06,5.989684431016826e-16
6,0,0.02642691342330937,0.06,5.550633431994356e-06,1.3692490880273106e-15
6,0,0.027714208812752186,0.06,5.550633431994356e-06,2.7894186204699975e-15
6,0,0.028540349781983373,0.06,6.119001227489207e-06,5.023659236541057e-15
6,0,0.02860215624195566,0.06,6.315297468972858e-06,7.897478549216078e-15
6,0,0.02785722992084728,0.06,7.259239737322787e-06,1.0499204621211653e-14
6,0,0.027749296670465176,0.06,6.584960829059128e-06,1.211876126251503e-14
6,0,0.0268372252750977,0.06,5.680544290953549e-06,1.2245673903068036e-14
6,0,0.02726334142796707,0.06,4.549661298369756e-06,1.1377186458292731e-14
6,0,0.027699467387042084,0.06,5.393009359977441e-06,1.0129932137526668e-14
6,0,0.026652128698255378,0.06,5.500057795870816e-06,8.82598420753498e-15
6,0,0.02585920477761206,0.06,6.423642844310962e-06,7.255875655626416e-15
6,0,0.024312544516321137,0.06,6.534308795380639e-06,5.987630164361497e-15
6,0,0.022772461058318403,0.08,5.757565759267891e-06,5.008944156664882e-15
6,0,0.024519107327845884,0.08,5.297958068695152e-06,1.934887949324839e-15
6,0,0.025116012484140197,0.08,8.740316843613982e-06,1.2281879267607237e-15
6,0,0.02409797645672534,0.08,9.169243639917113e-06,7.138749210229512e-16
6,0,0.024296940107605754,0.08,9.169243639917113e-06,3.9255088136944387e-16
6,0,0.024840602899247402,0.08,9.169243639917113e-06,2.1175160613378486e-16
6,0,0.024564234732270412,0.08,8.740316843613982e-06,1.256612684874463e-16
6,0,0.023648696707537917,0.08,5.297958068695152e-06,3.0113085360030365e-16
6,0,0.02304027174788676,0.08,5.208230959397042e-06,2.2228063594973964e-16
6,0,0.022317334800506152,0.08,4.5309861889109015e-06,1.8600671468137024e-16
6,0,0.02153248555168915,0.08,4.6090458454273175e-06,1.6812901230349437e-16
6,0,0.02104365678918525,0.08,4.835233539779438e-06,1.6040228511441203e-16
6,0,0.02101975237955639,0.08,4.835233539779438e-06,1.6337263113708585e-16
6,0,0.021180430456837,0.06,4.835233539779438e-06,1.688173192173671e-16
6,0,0.02129247567221973,0.04,4.835233539779438e-06,1.837113877432091e-16
6,0,0.021034431589086487,0.04,4.835233539779438e-06,2.0239035681940794e-16
6,0,0.020755119192864397,0.06,5.963601324765477e-06,2.1173544633333802e-16
6,0,0.021454469092382737,0.06,5.963601324765477e-06,2.1027612767922707e-16
6,0,0.022225559319900452,0.04,5.0348753575235605e-06,2.327580099908017e-16
6,0,0.022228371866419887,0.04,5.0348753575235605e-06,2.951510392207047e-16
6,0,0.022050501181236422,0.04,5.0348753575235605e-06,3.8232838483616654e-16
6,0,0.02211406437570966,0.06,6.519040198327275e-06,4.999568560729961e-16
6,0,0.022112177141930818,0.06,7.556955551990541e-06,6.353841894491579e-16
6,0,0.021691057545912464,0.06,8.330763193953317e-06,7.419868328115782e-16
6,0,0.019436702302767207,0.06,6.873142865515547e-06,8.185209712167733e-16
6,0,0.01845993289212995,0.06,6.196658432600088e-06,8.588503803574779e-16
6,0,0.01828769393203916,0.06,6.269689947657753e-06,6.031114930049402e-16
6,0,0.020344607514396217,0.08,5.612993845716119e-06,9.258654566223108e-16
6,0,0.025555692978926684,0.06,5.612993845716119e-06,9.2925877648813e-16
6,0,0.026218226618791654,0.06,5.612993845716119e-06,9.172981418773072e-16
6,0,0.025947026039873852,0.06,5.612993845716119e-06,7.956683399372075e-16
6,0,0.025360665790128474,0.06,6.035435035300907e-06,6.415583714203721e-16
6,0,0.025185970503214562,0.06,3.807177336057066e-06,4.956897158429657e-16
6,0,0.024542623312346707,0.06,3.807177336057066e-06,4.047183508380743e-16
6,0,0.023856900729688036,0.06,3.807177336057066e-06,3.201122002037825e-16
6,0,0.023085650754263012,0.06,4.446490493137389e-06,2.3932712107367323e-16
6,0,0.022238082897385467,0.08,4.446490493137389e-06,1.6703648538532413e-16
6,0,0.021363797410526627,0.06,3.6051724237040617e-06,1.0887239387604133e-16
6,0,0.020894902918043395,0.06,3.6051724237040617e-06,6.435040987444438e-17
6,0,0.019787199837654177,0.06,3.6051724237040617e-06,4.3062801005106457e-17
6,0,0.0185052751295191,0.06,3.6051724237040617e-06,2.0967289794571665e-17
6,0,0.016759266816528378,0.06,3.6051724237040617e-06,1.1905853747575818e-17
6,0,0.015831648154146047,0.06,3.6051724237040617e-06,7.279235712580947e-18
6,0,0.015633933068096833,0.06,3.136378609269741e-06,5.20435943870039e-18
6,0,0.015640456413921096,0.06,3.136378609269741e-06,4.343481142353177e-18
6,0,0.01576151595002186,0.06,3.136378609269741e-06,4.054596998815464e-18
6,0,0.015921173718472244,0.06,3.136378609269741e-06,4.147187874271893e-18
6,0,0.016060910210034248,0.04,3.136378609269741e-06,4.614132570828996e-18
6,0,0.016508921372417957,0.02,3.136378609269741e-06,5.233166417122855e-18
6,0,0.01669393431454274,0.02,3.136378609269741e-06,6.4353324031742405e-18
6,0,0.016618916953547256,0.04,3.4084657727362355e-06,7.848752873046156e-18
6,0,0.016773559204640066,0.04,3.868297426379286e-06,3.7590267543864844e-18
6,0,0.016158111180582385,0.04,3.498261321510654e-06,1.180234615598522e-17
6,0,0.016499874971732414,0.04,2.95120912596758e-06,1.5865504474140607e-17
6,0,0.017035218082908886,0.04,2.95120912596758e-06,2.32324097511236e-17
6,0,0.017684645890966355,0.04,3.8211637729546055e-06,3.717702051754254e-17
6,0,0.018501530236845077,0.06,4.4295438783592544e-06,6.414918660991228e-17
6,0,0.019306595955308554,0.06,6.68069606035715e-06,1.1659601748346537e-16
6,0,0.0201213709260207,0.06,6.68069606035715e-06,2.163774118774182e-16
6,0,0.021124780540262896,0.06,7.679253940295894e-06,3.969630759916915e-16
6,0,0.022164009321727327,0.06,7.679253940295894e-06,7.715442592642538e-16
6,0,0.02369111347895715,0.06,7.679253940295894e-06,1.1737481663286241e-15
6,0,0.024953813065498716,0.06,5.612993845716119e-06,1.7898612974365626e-15
6,0,0.025876347790133834,0.06,5.612993845716119e-06,2.4529544756892504e-15
6,0,0.026591506268528294,0.06,5.612993845716119e-06,2.946538997020934e-15
6,0,0.02711999301037021,0.06,5.612993845716119e-06,3.2219500657547752e-15
6,0,0.02707040529575338,0.06,6.299411779764341e-06,3.5555880851070084e-15
6,0,0.026250474006531375,0.06,6.299411779764341e-06,4.13465157158557e-15
6,0,0.02553579903902142,0.06,7.635358997504227e-06,4.585660193581753e-15
6,0,0.024740837709012687,0.06,7.635358997504227e-06,4.6805304247730765e-15
6,0,0.02369109330273112,0.06,5.695374511560658e-06,3.949935285129562e-15
6,0,0.0223687257203356,0.08,4.817894023290137e-06,2.940756091331792e-15
6,0,0.020840217793660642,0.08,6.463166300818557e-06,2.0131628992553193e-15
6,0,0.019277118090685583,0.08,6.227725407370599e-06,1.253707017758246e-15
6,0,0.017833997269128012,0.08,6.227725407370599e-06,6.806465596559939e-16
6,0,0.016665949946351174,0.06,5.049383162258891e-06,3.46176621600659e-16
6,0,0.015955174528640093,0.04,5.049383162258891e-06,1.814478377754598e-16
6,0,0.013389038040791649,0.04,5.4484680731548e-06,1.0692801651072928e-16
6,0,0.012040397488635229,0.06,5.554371455218643e-06,7.004489988227174e-17
6,0,0.011030195554993917,0.06,6.310210210358491e-06,5.734415038145083e-17
6,0,0.010068450423168456,0.06,5.485705059982138e-06,4.092374833699128e-17
6,0,0.008716625721232728,0.04,5.485705059982138e-06,4.1650582015074274e-17
6,0,0.008425427242844693,0.02,6.310210210358491e-06,3.495616299556832e-17
6,0,0.007607837235001375,0.02,6.999090601311764e-06,2.9131302705757707e-17
6,0,0.006708853035856615,0.02,6.39015388514963e-06,2.2990667871466202e-17
6,0,0.005984074275723203,0.0,5.761206921306439e-06,1.5503421050246545e-17
6,0,0.0052080517144986495,0.0,5.761206921306439e-06,1.0041198395340406e-17
6,0,0.004451761796026486,0.0,5.18807974003721e-06,6.453893508939318e-18
6,0,0.0037814232855947353,0.0,4.945386535837315e-06,4.42499400145599e-18
6,0,0.0029054872054428875,0.0,5.754458470619284e-06,3.4007425710458785e-18
6,0,0.0025956113449847776,0.0,5.754458470619284e-06,2.0746332895756194e-18
6,0,0.0013779386014760265,0.0,5.754458470619284e-06,2.8103686201218153e-19
6,0,0.0007194066538147917,0.0,5.754458470619284e-06,2.7812620084471496e-20
6,0,0.000592471332560839,0.0,5.754458470619284e-06,8.320273739547056e-21
6,0,0.00038975729868576624,0.0,5.754458470619284e-06,4.306435958786392e-21
6,0,0.00027407734301389416,0.0,5.491195679496741e-06,2.0900166146120995e-21
6,0,0.00018522328273860256,0.0,5.491195679496741e-06,8.618146607616551e-22
6,0,0.00012235622374648616,0.0,5.491195679496741e-06,2.8023355957551904e-22
6,0,7.767305401538582e-05,0.0,4.773703949467745e-06,1.082265160252356e-22
6,0,4.8267648970120167e-05,0.0,4.773703949467745e-06,2.5480330300939896e-23
6,0,2.0339227633852627e-05,0.0,4.773703949467745e-06,4.955554786838737e-24
6,0,1.1548884906680386e-05,0.0,4.303854893805692e-06,4.351810348219603e-24
6,0,1.1910407488113867e-05,0.0,4.303854893805692e-06,4.808294571787057e-24
6,0,2.904958707852718e-05,0.0,6.08837717663846e-06,6.303336265183319e-24
6,0,5.047985759409885e-05,0.0,5.8261502999812365e-06,3.3668358609474796e-24
6,0,4.3384538928665024e-05,0.0,5.146905550645897e-06,2.3579559300187647e-24
6,0,3.641871521301965e-05,0.0,4.988928594684694e-06,1.8189686886787715e-24
6,0,7.766509061694957e-05,0.0,1.8799810277414508e-06,4.341894366640975e-24
6,0,0.00012662570848285095,0.0,1.4668216863356065e-06,5.285714769348624e-24
6,0,0.00016459138852657206,0.0,1.4668216863356065e-06,8.568638706946839e-24
6,0,0.00023509495786368297,0.0,1.712980292722932e-06,1.2324302924786398e-23
6,0,0.00027325958769363695,0.0,1.7900796365211136e-06,1.786232420504774e-23
6,0,0.00024407361039962094,0.0,1.346226440546161e-06,3.8764779499297943e-23
6,0,0.0003806624974994337,0.0,1.5485662743230932e-06,4.987950148772543e-23
6,0,0.000871016262082639,0.0,1.5485662743230932e-06,3.750194256322756e-23
6,0,0.0011573522421711965,0.0,1.5485662743230932e-06,6.296153844413463e-23
6,0,0.0012760717689006312,0.0,1.5485662743230932e-06,1.1705022186183298e-22
6,0,0.0017611350838113416,0.0,1.5485662743230932e-06,1.2041617143755345e-22
6,0,0.002295945061609667,0.0,1.7774520983948605e-06,1.5037001518058773e-22
6,0,0.002297133426801047,0.0,1.7774520983948605e-06,2.5564558557512154e-22
6,0,0.002122966733047932,0.0,1.7774520983948605e-06,4.913506859759774e-22
6,0,0.0018962031018399164,0.0,1.7774520983948605e-06,1.0626210343429638e-21
6,0,0.0021055509680722824,0.0,1.88736248674104e-06,1.9589525122718432e-21
6,0,0.0026896111108013787,0.02,1.88736248674104e-06,2.200519341447696e-21
6,0,0.0031574911620742864,0.02,1.88736248674104e-06,2.062580511955943e-21
6,0,0.0031032607598044356,0.02,2.4833725547068752e-06,1.9527226063351615e-21
6,0,0.0025965023767030946,0.02,2.4833725547068752e-06,2.1190460900790576e-21
6,0,0.002498617872099831,0.02,2.4833725547068752e-06,1.820394509011026e-21
6,0,0.0022484786928631375,0.02,2.4833725547068752e-06,1.3476054550776348e-21
6,0,0.001810873250829076,0.02,2.4833725547068752e-06,8.493082997839964e-22
6,0,0.0012232891300651737,0.02,2.4833725547068752e-06,4.9445690467637565e-22
6,0,0.0008327742033472425,0.02,2.4833725547068752e-06,2.4808095223035483e-22
6,0,0.0005731248920253255,0.02,1.88736248674104e-06,1.3355118513691367e-22
6,0,0.0004889387626192698,0.0,1.88736248674104e-06,5.741116991298476e-23
6,0,0.0005118562219831012,0.0,1.7774520983948605e-06,1.4863336945217988e-23
6,0,0.0005311570853519195,0.0,1.7774520983948605e-06,9.074035067651164e-24
6,0,0.00042423731422119935,0.0,1.7774520983948605e-06,4.7444145878345225e-24
6,0,0.00033544306592658656,0.0,1.7774520983948605e-06,2.4413121008603008e-24
6,0,0.0002775460365689888,0.0,1.7774520983948605e-06,1.2536010511996692e-24
6,0,0.0002457238172790295,0.0,1.7774520983948605e-06,6.669466431426634e-25
6,0,0.0002352030110180737,0.0,1.7774520983948605e-06,3.7914018355173662e-25
6,0,0.00020424784900070309,0.0,1.7774520983948605e-06,2.715843239359619e-25
6,0,0.00020304458737366364,0.0,1.6228091226366814e-06,2.2487488366169427e-25
6,0,0.00021549392078204756,0.0,1.6228091226366814e-06,2.2707735865716805e-25
6,0,0.00022631482090950072,0.0,1.6228091226366814e-06,2.842425092806547e-25
6,0,0.00027446671537123703,0.0,3.10484460896987e-06,4.072393596919025e-25
6,0,0.00033565916329315496,0.0,1.7774520983948605e-06,6.211175223348159e-25
6,0,0.00041541524585986554,0.0,1.6228091226366814e-06,9.44997777608691e-25
6,0,0.0005049626608589068,0.0,1.6228091226366814e-06,1.4682715999699738e-24
6,0,0.0005726905783999843,0.0,1.6228091226366814e-06,2.027155984099517e-24
6,0,0.0005744850686808836,0.02,2.0343011328805005e-06,3.0318821679317908e-24
6,0,0.0005808453650421601,0.02,1.7463011090512737e-06,4.8726624662094706e-24
6,0,0.000629585283828003,0.02,2.1846456093044253e-06,8.013215943077019e-24
6,0,0.0006816370800893926,0.02,2.3847339889471186e-06,1.4391650188715567e-23
6,0,0.0007291540236993846,0.02,3.0506716939271428e-06,2.653499946589694e-23
6,0,0.0007789217377550425,0.02,3.0506716939271428e-06,4.576030334348925e-23
6,0,0.0008137793644217086,0.02,3.949945494241547e-06,7.459887762682741e-23
6,0,0.0008359244974732224,0.02,4.309049927542219e-06,1.129670147075366e-22
6,0,0.0008436473343531043,0.02,4.309049927542219e-06,1.9702530646459918e-22
6,0,0.0009006179798130661,0.02,4.750284460897092e-06,3.6737908688415664e-22
6,0,0.001022062252160444,0.02,5.411277925304603e-06,5.076173764948692e-22
6,0,0.0010308032312446936,0.02,4.908647042611847e-06,6.422077501903358e-22
6,0,0.0009368217132739672,0.02,4.908647042611847e-06,7.0160778990667655e-22
6,0,0.0008740166328766511,0.02,4.6377758735616226e-06,6.418453033142666e-22
6,0,0.0008537454809560787,0.02,3.581906412364333e-06,4.0262907768758064e-22
6,0,0.0007658997591404746,0.02,3.443845344008878e-06,2.9823988402792764e-22
6,0,0.000684581801802848,0.02,3.443845344008878e-06,2.016776294303582e-22
6,0,0.0006649686787801095,0.02,3.281371164121083e-06,8.959158933822345e-23
6,0,0.0005672855495091754,0.02,3.281371164121083e-06,4.796114322752173e-23
6,0,0.0005310959665937085,0.0,1.763068325999484e-06,2.0895761020608497e-23
6,0,0.0005544674770798003,0.0,1.763068325999484e-06,7.380065136493961e-24
6,0,0.00037854555116265896,0.0,1.763068325999484e-06,3.523517441790214e-24
6,0,0.00024002092978850386,0.0,1.763068325999484e-06,1.7383027307392654e-24
6,0,0.00019766041107155703,0.0,1.763068325999484e-06,1.24983364873156e-24
6,0,0.00019827385776202583,0.0,1.9291960597911384e-06,7.706142566604103e-25
6,0,0.00023128448706000865,0.0,1.7687420950096566e-06,5.665660651055527e-25
6,0,0.000263744097533386,0.0,1.7687420950096566e-06,4.861797583569475e-25
6,0,0.0002961500825036742,0.0,1.7687420950096566e-06,4.6304611648850185e-25
6,0,0.0003292319045293427,0.0,1.7687420950096566e-06,4.94688214865435e-25
6,0,0.00036877321831061213,0.0,1.2083885394531535e-06,5.75692347614248e-25
6,0,0.0004207024337363503,0.0,1.2083885394531535e-06,7.199922635114728e-25
6,0,0.0004964436016614499,0.0,1.2083885394531535e-06,9.492358342143777e-25
6,0,0.0006005898292047902,0.0,1.2083885394531535e-06,1.3426312027096205e-24
6,0,0.0007337885427112592,0.0,1.2083885394531535e-06,2.049018278011586e-24
6,0,0.000904143656469222,0.0,1.2083885394531535e-06,3.320054042685158e-24
6,0,0.0011000725859376854,0.0,1.2083885394531535e-06,5.74979335685064e-24
6,0,0.0013043109179891371,0.0,1.2083885394531535e-06,1.0768737850589316e-23
6,0,0.002185574656998747,0.0,1.2083885394531535e-06,3.5206041784672327e-23
6,0,0.002648613309211546,0.0,1.2083885394531535e-06,6.91879923254951e-23
6,0,0.0032596342603300873,0.0,1.2083885394531535e-06,1.437075736541297e-22
6,0,0.003990915696328163,0.0,1.2083885394531535e-06,3.2543766233828593e-22
6,0,0.0047810993429226074,0.0,1.4111776636127615e-06,8.029135345470996e-22
6,0,0.005553960702444095,0.0,1.2683879049291136e-06,2.701960025407106e-21
6,0,0.006405306071590586,0.0,1.8565641539680655e-06,9.1962240809109e-21
6,0,0.007252810489113711,0.0,1.8565641539680655e-06,3.251798206901684e-20
6,0,0.00786975824428965,0.0,1.8565641539680655e-06,1.458339453211448e-19
6,0,0.00907774130203451,0.0,2.2964841264183633e-06,5.906089219168166e-19
6,0,0.010421187656277975,0.02,3.2921975616773125e-06,2.0161801579992534e-18
6,0,0.010328879868609963,0.02,3.0115124900476076e-06,8.053937505531772e-18
6,0,0.010576852498548527,0.02,3.0115124900476076e-06,2.78473794287325e-17
6,0,0.011361389073380124,0.02,3.0115124900476076e-06,6.672826958540362e-17
6,0,0.011890789011675805,0.02,3.7118697946425527e-06,1.2627346155007435e-16
6,0,0.012585844676482076,0.02,3.7118697946425527e-06,2.1119256438859702e-16
6,0,0.013255082934091802,0.02,4.302849447412882e-06,2.572546263418697e-16
6,0,0.011640053313859745,0.02,4.302849447412882e-06,3.338852206239334e-16
6,0,0.008874590474337913,0.02,4.302849447412882e-06,4.737597152011967e-16
6,0,0.008112182557941034,0.02,3.7118697946425527e-06,4.865734708085821e-16
6,0,0.007399914231475186,0.0,4.399921181175159e-06,4.489267208909503e-16
6,0,0.007043981424171152,0.0,4.40015219282941e-06,3.668256437283835e-16
6,0,0.00713277082022929,0.0,4.40015219282941e-06,2.4315719230292036e-16
6,0,0.007584028774043998,0.0,4.585003807733301e-06,1.3634731703599835e-16
6,0,0.006710695297608381,0.0,4.6805689635220915e-06,9.36675171981162e-17
6,0,0.006191880296421008,0.0,4.6805689635220915e-06,6.761536454408509e-17
6,0,0.00610421301345758,0.0,2.7073019737144932e-06,6.053284561605905e-17
6,0,0.006311596003807357,0.0,2.5981528324336978e-06,4.0433858891012874e-17
6,0,0.004982034414286773,0.0,2.3721065645077033e-06,3.810207975761774e-17
6,0,0.003927107462726363,0.0,5.53525069335592e-06,4.278444480281501e-17
6,0,0.0038595820296830415,0.0,6.062721240596147e-06,2.5596726861094117e-17
6,0,0.0032231118634108553,0.0,4.310402346163755e-06,2.2527933110636688e-17
6,0,0.002858567185370466,0.0,3.407754093132098e-06,2.629887085225363e-17
6,0,0.0030965960086824624,0.0,2.968011585835484e-06,1.844380824549492e-17
6,0,0.0029883804405540083,0.0,3.71945293409226e-06,1.3872282920837916e-17
6,0,0.002889656135555475,0.0,3.71945293409226e-06,1.0412556168262413e-17
6,0,0.0029555372413772566,0.0,2.7163716822542483e-06,7.914627882668654e-18
6,0,0.0030938642619177973,0.0,2.7163716822542483e-06,6.510221613522035e-18
6,0,0.003223441718710693,0.0,2.7163716822542483e-06,6.550153344002726e-18
6,0,0.003511240857728671,0.0,3.1854381177254254e-06,7.564589035673977e-18
6,0,0.003973041962949815,0.0,3.1854381177254254e-06,8.514087326947059e-18
6,0,0.004067277678785348,0.0,3.0632193102064775e-06,1.1940193323525344e-17
6,0,0.004422296697972899,0.0,3.3925430216186214e-06,2.0702944377495644e-17
6,0,0.005545630099717329,0.0,3.3925430216186214e-06,2.8880134275839655e-17
6,0,0.005385465766160223,0.0,6.886001756356563e-06,8.263104185486219e-17
6,0,0.0056505242758567425,0.0,6.886001756356563e-06,2.6937439726765786e-16
6,0,0.006685379213153317,0.0,9.543070518702734e-06,4.890260017677978e-16
6,0,0.006930713553726392,0.0,1.038178197632078e-05,2.0942847269215213e-15
6,0,0.009099429518485903,0.0,1.1407648344174959e-05,4.9348448674061286e-15
6,0,0.010348049486131453,0.0,1.3349884284252767e-05,1.696457237925289e-14
6,0,0.011340577944652293,0.0,1.7807125914259814e-05,6.580168674481454e-14
