Subject_ID,True_Label,Logistic Regression_Prob,Random Forest_Prob,XGBoost_Prob,Deep Learning_Prob
9,0,0.009301992527233939,0.06,0.00022655400971416384,0.004264000803232193
9,0,0.013444802138326467,0.06,0.00022655400971416384,0.006509846076369286
9,0,0.014523108878850945,0.08,0.0003855731338262558,0.009173773229122162
9,0,0.01948272408627887,0.1,0.0003855731338262558,0.012214056216180325
9,0,0.023830326685479474,0.08,0.0004965104162693024,0.01553385891020298
9,0,0.026690770807376474,0.06,0.0004965104162693024,0.018852176144719124
9,0,0.02814084743304781,0.06,0.0004965104162693024,0.02175792306661606
9,0,0.028226954317882153,0.04,0.0004965104162693024,0.0242997407913208
9,0,0.027341512230965887,0.04,0.0004965104162693024,0.027003522962331772
9,0,0.02569752957380647,0.04,0.0003855731338262558,0.02942400425672531
9,0,0.023261040643394067,0.04,0.0003285908605903387,0.03013879805803299
9,0,0.020307459585330936,0.04,0.00033070117933675647,0.03021816350519657
9,0,0.017181230446667656,0.04,0.00033070117933675647,0.02983742766082287
9,0,0.013969374044801822,0.04,0.00033070117933675647,0.028066808357834816
9,0,0.011223261325986309,0.04,0.0008101900457404554,0.025921175256371498
9,0,0.00905999172128826,0.04,0.0017778007313609123,0.02332416921854019
9,0,0.010382631092189468,0.04,0.0015511357923969626,0.02691619284451008
9,0,0.008335713008063824,0.04,0.0016497838078066707,0.026005322113633156
9,0,0.00662847792298515,0.04,0.0016497838078066707,0.023720594123005867
9,0,0.005062042361534459,0.06,0.0016497838078066707,0.020662495866417885
9,0,0.0036923789178658203,0.06,0.0015092582907527685,0.015726817771792412
9,0,0.002648089374322641,0.06,0.0010233280481770635,0.010432344861328602
9,0,0.0019152757289803072,0.06,0.0004177514056209475,0.007211726624518633
9,0,0.001402699662787961,0.06,0.0001352647814201191,0.00455499766394496
9,0,0.0010794808635129975,0.06,0.0001352647814201191,0.002925609238445759
9,0,0.0008614411618507662,0.06,0.0001352647814201191,0.002047430258244276
9,0,0.0006823101578596958,0.06,0.0001352647814201191,0.001537043834105134
9,0,0.0005764209573740557,0.06,0.00011039579112548381,0.001246366766281426
9,0,0.0005755810870099936,0.04,0.00039805995766073465,0.001070172875188291
9,0,0.0006549334044572184,0.04,0.0005017234943807125,0.0009976598666980863
9,0,0.0007837657791451089,0.04,0.0005017234943807125,0.0009792300406843424
9,0,0.000981760647875715,0.06,0.0006608807016164064,0.001064528594724834
9,0,0.0012910238099180797,0.06,0.0008260406902991235,0.001240172772668302
9,0,0.0017596975479889708,0.08,0.0008260406902991235,0.001548760337755084
9,0,0.0024799298374698054,0.06,0.0010882128262892365,0.002198530826717615
9,0,0.003511029714179853,0.06,0.0010482700308784842,0.0031622580718249083
9,0,0.004917919137954722,0.08,0.0010482700308784842,0.004452040884643793
9,0,0.006703451351311468,0.08,0.001734103076159954,0.004940392449498177
9,0,0.009226908652101552,0.08,0.0028083832003176212,0.006543159019201994
9,0,0.01213737963742731,0.08,0.0028083832003176212,0.008365854620933533
9,0,0.01542734225773493,0.1,0.0028083832003176212,0.010594340041279793
9,0,0.019791025380603997,0.1,0.003069494152441621,0.01353390421718359
9,0,0.025350081052565403,0.1,0.003385206451639533,0.017375566065311432
9,0,0.03149743587357782,0.1,0.003385206451639533,0.021455183625221252
9,0,0.037728923537064,0.08,0.003385206451639533,0.025284811854362488
9,0,0.044269635629749664,0.08,0.0060121952556073666,0.03372121974825859
9,0,0.04747544424489057,0.08,0.006800996605306864,0.03876025974750519
9,0,0.04547874013805422,0.06,0.006800996605306864,0.0467318594455719
9,0,0.041242437721017426,0.06,0.006800996605306864,0.051070380955934525
9,0,0.03690182641154774,0.06,0.006800996605306864,0.04888850077986717
9,0,0.032239738178069535,0.06,0.003973513375967741,0.044978078454732895
9,0,0.027535801741474596,0.06,0.004407158121466637,0.04079890251159668
9,0,0.02325115960055987,0.04,0.004407158121466637,0.035567328333854675
9,0,0.019466454427518064,0.04,0.004407158121466637,0.030300332233309746
9,0,0.01580587996252158,0.04,0.004407158121466637,0.022185485810041428
9,0,0.012394943565192901,0.06,0.004407158121466637,0.013937748968601227
9,0,0.009555377328775226,0.06,0.010733718983829021,0.010681415908038616
9,0,0.0073129282184188835,0.06,0.012317946180701256,0.008423050865530968
9,0,0.005533317970089645,0.06,0.01317061111330986,0.006002961192280054
9,0,0.0038193919506617716,0.06,0.004963281098753214,0.00426889443770051
9,0,0.0026966563620206365,0.06,0.005414911545813084,0.003400177927687764
9,0,0.0022732703746688463,0.06,0.005492719821631908,0.0021636320743709803
9,0,0.001535760407493188,0.06,0.0025726330932229757,0.0008901507826521993
9,0,0.0013570430470761271,0.06,0.0025726330932229757,0.0003275143972132355
9,0,0.0011874015193740592,0.06,0.00280040898360312,0.000155808447743766
9,0,0.0010676237017105336,0.06,0.00280040898360312,7.214699871838093e-05
9,0,0.0010032772184832208,0.06,0.00280040898360312,3.826120882877149e-05
9,0,0.0009696504350489096,0.06,0.004475727211683989,2.6223930035484955e-05
9,0,0.0010330586366862082,0.06,0.004475727211683989,2.3298131054616533e-05
9,0,0.0012036013795530002,0.1,0.004475727211683989,2.005655551329255e-05
9,0,0.0014778304439631272,0.12,0.004475727211683989,1.8376807929598726e-05
9,0,0.0019260946456055917,0.14,0.004475727211683989,2.3547025193693116e-05
9,0,0.002622882197444912,0.1,0.004011295270174742,3.313067645649426e-05
9,0,0.0037335419438553007,0.12,0.004011295270174742,4.690276182373054e-05
9,0,0.004286936370335794,0.06,0.008052262477576733,5.8279703807784244e-05
9,0,0.005449906306029426,0.06,0.008052262477576733,7.10470339981839e-05
9,0,0.0067398446955862674,0.06,0.021643199026584625,8.017198706511408e-05
9,0,0.009404156650345417,0.08,0.021643199026584625,0.00010201675468124449
9,0,0.011562611339468034,0.14,0.021643199026584625,0.00014324796211440116
9,0,0.013891886610894764,0.14,0.021643199026584625,0.00024152574769686908
9,0,0.015839771650324203,0.14,0.03218972682952881,0.0003645461401902139
9,0,0.016424451500254435,0.14,0.03296705335378647,0.00041472606244497
9,0,0.016203068361974042,0.14,0.06557056307792664,0.000470647617476061
9,0,0.01593974798827839,0.14,0.06557056307792664,0.0005849726148881018
9,0,0.015474899712166316,0.14,0.06557056307792664,0.000774756190367043
9,0,0.014580060770582574,0.14,0.06557056307792664,0.0009535994613543153
9,0,0.013193864573602497,0.14,0.06557056307792664,0.0016699598636478186
9,0,0.01216144923795076,0.14,0.062259528785943985,0.0025081010535359383
9,0,0.011205363277068052,0.16,0.062259528785943985,0.0030671749264001846
9,0,0.009871621593350869,0.16,0.062259528785943985,0.0038488481659442186
9,0,0.008199830653966077,0.16,0.05767480656504631,0.004001661669462919
9,0,0.006979332410834763,0.16,0.05705951526761055,0.0027244591619819403
9,0,0.005849962219104049,0.16,0.12844523787498474,0.0015625152736902237
9,0,0.004698573731360338,0.16,0.15664947032928467,0.0007318963762372732
9,0,0.0035983454228556023,0.14,0.15664947032928467,0.0002814887266140431
9,0,0.002711784102334978,0.14,0.15664947032928467,0.00015901877486612648
9,0,0.0019984742446826744,0.12,0.2669955790042877,8.335324673680589e-05
9,0,0.0014570404710835165,0.12,0.19365821778774261,4.490323772188276e-05
9,0,0.0010846361808213318,0.1,0.19365821778774261,2.7067389964940958e-05
9,0,0.0008445072955385078,0.14,0.1398153305053711,1.633839201531373e-05
9,0,0.000674522142634223,0.14,0.03911895677447319,9.734036211739294e-06
9,0,0.0005342152421346512,0.14,0.03911895677447319,5.664294349116972e-06
9,0,0.00040870201857672544,0.12,0.03911895677447319,3.3743508538464084e-06
9,0,0.0003084374997333562,0.1,0.03911895677447319,2.211841547250515e-06
9,0,0.00025404412686744237,0.1,0.03911895677447319,1.6650899397063768e-06
9,0,0.00024133898171085837,0.1,0.03911895677447319,1.3266628684505122e-06
9,0,0.00025558273962300094,0.1,0.035018716007471085,1.2135648148614564e-06
9,0,0.0002854516145834054,0.1,0.035018716007471085,1.3094498854115955e-06
9,0,0.0003386290738934263,0.1,0.035018716007471085,1.761076987349952e-06
9,0,0.0004224611560811984,0.1,0.035018716007471085,2.1115045001351973e-06
9,0,0.000543143780918971,0.1,0.068105548620224,2.8533052045531804e-06
9,0,0.0007043080984644065,0.1,0.10637864470481873,3.022653345396975e-06
9,0,0.000937537313637034,0.1,0.11529234051704407,4.079494374309434e-06
9,0,0.00126890057530559,0.1,0.11529234051704407,7.605998234794242e-06
9,0,0.0017384840667238998,0.12,0.11529234051704407,1.1588541383389384e-05
9,0,0.0024431118285658474,0.14,0.09550754725933075,1.9833294572890736e-05
9,0,0.003406813778068354,0.14,0.09550754725933075,3.592804932850413e-05
9,0,0.004542558088763466,0.14,0.13707013428211212,6.645617395406589e-05
9,0,0.0057794778828758955,0.16,0.3172662556171417,0.00019389194494578987
9,0,0.007071770033255795,0.16,0.3047337830066681,0.0004815948777832091
9,0,0.008501982688457428,0.16,0.3047337830066681,0.0008608841453678906
9,0,0.009985262898326751,0.16,0.3047337830066681,0.0016677892999723554
9,0,0.010816479607791219,0.16,0.3047337830066681,0.0020323172211647034
9,0,0.010829654062392386,0.16,0.3047337830066681,0.001642805291339755
9,0,0.010846052086105852,0.14,0.3047337830066681,0.0013831350952386856
9,0,0.010813864797461006,0.14,0.3047337830066681,0.0007931710570119321
9,0,0.010398290072671982,0.12,0.3229057490825653,0.0003910080995410681
9,0,0.00986726991155378,0.12,0.5542458295822144,0.00029651858494617045
9,0,0.00921013453179712,0.12,0.4771854281425476,0.0002386932319495827
9,0,0.008808213877975389,0.14,0.4771854281425476,0.00022752293443772942
9,0,0.006804299374773653,0.12,0.47963714599609375,0.0002182761818403378
9,0,0.0051890692045262156,0.08,0.35108786821365356,0.00014291098341345787
9,0,0.00342483489236564,0.06,0.3166715204715729,8.257240551756695e-05
9,0,0.0024712207571779567,0.1,0.27861347794532776,5.7609831856098026e-05
9,0,0.0015743891131114614,0.1,0.12547989189624786,3.641534931375645e-05
9,0,0.000990803751834041,0.1,0.08095714449882507,2.005403075600043e-05
9,0,0.0006444361118869424,0.1,0.06402001529932022,1.0137955541722476e-05
9,0,0.00042920903003374367,0.1,0.06402001529932022,5.135967057867674e-06
9,0,0.00029544874641682475,0.1,0.04987548291683197,2.662946144482703e-06
9,0,0.00021068433572690476,0.1,0.04987548291683197,1.4686219174109283e-06
9,0,0.00015504664768700848,0.1,0.034869879484176636,8.67622645728261e-07
9,0,0.00012194038888092327,0.1,0.030812304466962814,5.523557433662063e-07
9,0,0.00010332843210486233,0.1,0.029341667890548706,4.2606131955835735e-07
9,0,9.495636822343796e-05,0.08,0.03500180318951607,3.7913551409474167e-07
9,0,9.523577280964094e-05,0.08,0.04426698759198189,5.281011112856504e-07
9,0,0.00010401501009422558,0.08,0.03529657796025276,8.752826943236869e-07
9,0,0.0001244182203675356,0.06,0.03992035239934921,1.187513134937035e-06
9,0,0.0001574163002020891,0.06,0.03992035239934921,2.064902673737379e-06
9,0,0.0002055388380505541,0.06,0.03992035239934921,4.308519692131085e-06
9,0,0.00028002910009148593,0.06,0.03992035239934921,1.3819159903505351e-05
9,0,0.00038517575410483047,0.06,0.03992035239934921,3.842264413833618e-05
9,0,0.0005349623450765895,0.06,0.03992035239934921,8.307796815643087e-05
9,0,0.000755260745817452,0.06,0.04527979716658592,0.00020337654859758914
9,0,0.0010685567258019934,0.06,0.12126718461513519,0.0004505998222157359
9,0,0.001558558969782627,0.06,0.16199587285518646,0.001012179534882307
9,0,0.002376247075592791,0.06,0.2391538918018341,0.0021011349745094776
9,0,0.003464107557750974,0.04,0.3723994195461273,0.0036194096319377422
9,0,0.0044325480756171485,0.04,0.40918099880218506,0.005649441387504339
9,0,0.005329252526256432,0.04,0.529369056224823,0.008672574535012245
9,0,0.006311884499430165,0.04,0.529369056224823,0.012737766839563847
9,0,0.007306596115520416,0.04,0.5602468848228455,0.01779896952211857
9,0,0.008184832544889822,0.04,0.680330216884613,0.025761626660823822
9,0,0.008698623648126317,0.04,0.680330216884613,0.027604877948760986
9,0,0.008784921744790702,0.04,0.6236720085144043,0.029131902381777763
9,0,0.00877244590254696,0.04,0.5940203666687012,0.030030664056539536
9,0,0.008985921899348333,0.04,0.5940203666687012,0.02957957237958908
9,0,0.009469239186829593,0.04,0.5940203666687012,0.03237298130989075
9,0,0.009337709072798597,0.04,0.6135872602462769,0.033876799046993256
9,0,0.008120159632510332,0.04,0.6141920685768127,0.03376219421625137
9,0,0.006506872377314354,0.04,0.6141920685768127,0.034112464636564255
9,0,0.0053761862212346025,0.04,0.5925402641296387,0.030066289007663727
9,0,0.004089794001682269,0.04,0.5925402641296387,0.026011312380433083
9,0,0.002912483427932283,0.04,0.30151602625846863,0.023241162300109863
9,0,0.0019526885147234459,0.06,0.28390294313430786,0.016657764092087746
9,0,0.0013724102895510092,0.08,0.37191042304039,0.010049702599644661
9,0,0.0010202089583196663,0.08,0.35799282789230347,0.005921453703194857
9,0,0.000669778603915546,0.08,0.3498418629169464,0.004227913916110992
9,0,0.0004838448091921351,0.08,0.3498418629169464,0.0028180854860693216
9,0,0.00038977209366105074,0.08,0.3498418629169464,0.0019067989196628332
9,0,0.000330911762061348,0.08,0.2149285078048706,0.001253920141607523
9,0,0.000295462386051848,0.06,0.20517167448997498,0.0010816395515576005
9,0,0.00028032661453996147,0.06,0.12547709047794342,0.0009054171969182789
9,0,0.0002811098636200525,0.06,0.12547709047794342,0.0006795251974835992
9,0,0.00030181037057657915,0.06,0.0937744751572609,0.00042907934403046966
9,0,0.0003483786869382816,0.06,0.11252086609601974,0.0002669394016265869
9,0,0.0004289041559425531,0.06,0.13302478194236755,0.0002507331082597375
9,0,0.0005749075670954687,0.06,0.13166412711143494,0.0002445194113533944
9,0,0.0007903556921308282,0.06,0.13166412711143494,0.00018108215590473264
9,0,0.0010925565041548806,0.06,0.13166412711143494,0.0001476699544582516
9,0,0.0015266171590314359,0.06,0.16337348520755768,9.69567263382487e-05
9,0,0.002147381187279621,0.04,0.16337348520755768,0.0001055709071806632
9,0,0.003048085989868045,0.04,0.17743104696273804,0.00010177704825764522
9,0,0.004056926523638314,0.04,0.25985604524612427,5.684862844645977e-05
9,0,0.005291418875878424,0.04,0.2696705758571625,5.4724794608773664e-05
9,0,0.0024365715426285088,0.04,0.2344318926334381,5.998269898555009e-06
9,0,0.003374739150959732,0.04,0.21642151474952698,1.2753336704918183e-05
9,0,0.004807669749008375,0.04,0.21076548099517822,3.344188371556811e-05
9,0,0.006903487888389734,0.04,0.22779066860675812,6.930756353540346e-05
9,0,0.009595152219421003,0.04,0.19302412867546082,9.809996117837727e-05
9,0,0.012877518781177745,0.04,0.2195286601781845,0.00016317320114467293
9,0,0.01588087521598798,0.08,0.24903616309165955,0.0002888150920625776
9,0,0.01787702828889742,0.08,0.2921648621559143,0.00045576185220852494
9,0,0.018877624354429138,0.08,0.2921648621559143,0.0005623479373753071
9,0,0.01972762100368985,0.1,0.2921648621559143,0.0006212391890585423
9,0,0.020202927915395467,0.1,0.34935086965560913,0.000633437477517873
9,0,0.020349215019202418,0.1,0.41554826498031616,0.0006127558299340308
9,0,0.02010363505624399,0.1,0.2881736159324646,0.0004676767566706985
9,0,0.019133506174392467,0.1,0.1835334300994873,0.0003886996128130704
9,0,0.0177819676147669,0.06,0.18188533186912537,0.0002701613702811301
9,0,0.016981034262293686,0.06,0.19268132746219635,0.00016696199600119144
9,0,0.016629673039997104,0.04,0.19268132746219635,9.664950630394742e-05
9,0,0.01604843884582051,0.04,0.3398835062980652,4.597163569997065e-05
9,0,0.015004435383836744,0.04,0.3398835062980652,2.904585562646389e-05
9,0,0.012849035592435777,0.04,0.27390867471694946,1.8046775949187577e-05
9,0,0.010259530180025577,0.04,0.27340149879455566,1.13057894850499e-05
9,0,0.008458572222659803,0.04,0.2532781958580017,9.669668543210719e-06
9,0,0.007096394405784492,0.04,0.15188485383987427,7.250211638165638e-06
9,0,0.0058510897981776016,0.04,0.06950363516807556,5.5563800742675085e-06
9,0,0.0046654958506515765,0.04,0.07545492053031921,4.3410823309386615e-06
9,0,0.003730516217235544,0.04,0.0631779357790947,3.117115738859866e-06
9,0,0.0030083141186767865,0.04,0.05181250721216202,2.0205038708809298e-06
9,0,0.002537233915906528,0.04,0.06984467804431915,1.3607801747639314e-06
9,0,0.002269328764373025,0.04,0.06984467804431915,9.67246023719781e-07
9,0,0.0021625635241381887,0.04,0.06984467804431915,7.37093728275795e-07
9,0,0.0021791602404189494,0.04,0.06613540649414062,6.035430715201073e-07
9,0,0.0022928009031379284,0.04,0.0601823665201664,4.92605977342464e-07
9,0,0.002496947684195605,0.04,0.0601823665201664,3.7779105355184583e-07
9,0,0.002830656501749191,0.04,0.05627638101577759,3.0022479791114165e-07
9,0,0.0033747901170064075,0.04,0.05627638101577759,2.4459814085275866e-07
9,0,0.004221417536868819,0.06,0.05627638101577759,2.813694095493702e-07
9,0,0.005376201141460514,0.06,0.05627638101577759,3.4560051176413253e-07
9,0,0.006937648119513219,0.06,0.06111767888069153,4.33245702424756e-07
9,0,0.009281015789514822,0.06,0.06111767888069153,5.449738864626852e-07
9,0,0.012109135209682282,0.08,0.051044683903455734,5.225890618021367e-07
9,0,0.011638278098623339,0.1,0.054861001670360565,5.795853326162614e-07
9,0,0.010410905907882611,0.1,0.04428119212388992,6.144687176856678e-07
9,0,0.01565299370819791,0.1,0.05080413818359375,5.501424880094419e-07
9,0,0.029283528767867946,0.12,0.05634908378124237,6.121227329458634e-07
9,0,0.037432364683238545,0.12,0.06541315466165543,7.704126687713142e-07
9,0,0.055383892261378125,0.14,0.10067956894636154,1.2062344012520043e-06
9,0,0.06301803668433044,0.12,0.1471237987279892,1.5312357390939724e-06
9,0,0.06915220138539405,0.12,0.1471237987279892,2.044905841103173e-06
9,0,0.07358469467638978,0.12,0.1471237987279892,2.664988869582885e-06
9,0,0.07732182313180067,0.16,0.2094161957502365,3.802337232627906e-06
9,0,0.07989751272623648,0.24,0.21215176582336426,5.927613528911024e-06
9,0,0.08113848163458023,0.2,0.21215176582336426,1.0329224096494727e-05
9,0,0.08063058817605251,0.22,0.21215176582336426,1.7541993656777777e-05
9,0,0.08013844052698615,0.24,0.21153025329113007,3.0110531952232122e-05
9,0,0.0805310225612271,0.24,0.20923075079917908,4.8267418605973944e-05
9,0,0.08085209767624657,0.22,0.20604641735553741,7.515992183471099e-05
9,0,0.08144605757480718,0.26,0.20923075079917908,0.00011859715596074238
9,0,0.08010510722653114,0.26,0.21996283531188965,0.00016781412705313414
9,0,0.07403617688479686,0.26,0.21996283531188965,0.00022988009732216597
9,0,0.06433200557454367,0.28,0.20267567038536072,0.00029382153297774494
9,0,0.05314329887279492,0.28,0.26215243339538574,0.0002701489720493555
9,0,0.04203126296005593,0.2,0.22716519236564636,0.00021303759422153234
9,0,0.03321023669591462,0.16,0.21146108210086823,0.00015878771955613047
9,0,0.026639857429491164,0.16,0.16840702295303345,0.00010152376489713788
9,0,0.0226051845677707,0.1,0.25650861859321594,5.56037703063339e-05
9,0,0.020665898585173436,0.1,0.28535890579223633,3.6364268453326076e-05
9,0,0.019624074426466985,0.1,0.18513645231723785,2.9662984161404893e-05
9,0,0.019687215171864336,0.1,0.18513645231723785,2.4882490833988413e-05
9,0,0.019801064304693736,0.1,0.11047051846981049,1.9340524886501953e-05
9,0,0.01995305909363832,0.1,0.11047051846981049,1.3562593267124612e-05
9,0,0.02119620396265971,0.12,0.15391694009304047,6.795413810323225e-06
9,0,0.02231898750689084,0.12,0.15391694009304047,6.5914700826397166e-06
9,0,0.02192671589773356,0.12,0.1646023839712143,7.126354375941446e-06
9,0,0.020250711043054002,0.12,0.12610584497451782,1.0375220881542191e-05
9,0,0.017223367945513674,0.12,0.18508237600326538,1.163263095804723e-05
9,0,0.017180632098716585,0.12,0.16587547957897186,1.2424096894392278e-05
9,0,0.014426513975377553,0.16,0.16587547957897186,1.1387161066522822e-05
9,0,0.01082383683386687,0.16,0.05497188866138458,1.0579084118944593e-05
9,0,0.016545740647863513,0.18,0.06148069351911545,1.6763971871114336e-05
9,0,0.031612356673703386,0.26,0.2169974148273468,2.607801252452191e-05
9,0,0.03705555985624183,0.34,0.22737491130828857,3.086180004174821e-05
9,0,0.04890072698656596,0.34,0.24443504214286804,5.405436968430877e-05
9,0,0.05223059766268615,0.34,0.2604902684688568,7.351039675995708e-05
9,0,0.05635875870255907,0.28,0.2604902684688568,8.70936710271053e-05
9,0,0.05984498621867778,0.3,0.318081259727478,0.00012004945165244862
9,0,0.060553440112111605,0.3,0.29991599917411804,0.00012877692643087357
9,0,0.06048455403989657,0.32,0.29991599917411804,0.00015739095397293568
9,0,0.06136931813870902,0.36,0.3825208246707916,0.0001879728224594146
9,0,0.06411333381267324,0.4,0.45918357372283936,0.0002453643537592143
9,0,0.06781898277937104,0.4,0.560835063457489,0.00025291898055002093
9,0,0.07230522495754477,0.34,0.560835063457489,0.000234222476137802
9,0,0.07568432661027436,0.34,0.498788446187973,0.0002462929696775973
9,0,0.07447842485466911,0.32,0.3670000433921814,0.0002239286113763228
9,0,0.06984880043926586,0.32,0.3217141926288605,0.00016656685329508036
9,0,0.06419035772593898,0.34,0.29755380749702454,0.00010747318447101861
9,0,0.059343399357157434,0.32,0.2763288617134094,9.780246182344854e-05
9,0,0.05549547073154894,0.3,0.29950064420700073,0.00011956950766034424
9,0,0.05118179602410608,0.28,0.29950064420700073,6.924302579136565e-05
9,0,0.0473964807927004,0.28,0.29950064420700073,3.4432541724527255e-05
9,0,0.041320322799839326,0.28,0.28924229741096497,2.525064155634027e-05
9,0,0.03399640321067088,0.28,0.2858733832836151,2.0418647181941196e-05
9,0,0.037981875990395875,0.26,0.2067868709564209,1.9511981008690782e-05
9,0,0.03291396668455373,0.24,0.12481009215116501,1.5633362636435777e-05
9,0,0.029017798945598923,0.24,0.11297404021024704,8.189797881641425e-06
9,0,0.02605327813457067,0.24,0.11297404021024704,6.425578703783685e-06
9,0,0.023129205799676884,0.24,0.1068098172545433,5.10984864376951e-06
9,0,0.02047171505389337,0.24,0.11165469139814377,4.2749825297505595e-06
9,0,0.018264101134006974,0.24,0.11165469139814377,3.569609589249012e-06
9,0,0.016502305299005395,0.24,0.11165469139814377,3.183791704941541e-06
9,0,0.015189238609235635,0.24,0.11165469139814377,2.99003227155481e-06
9,0,0.01413840555387309,0.24,0.11165469139814377,2.859562528101378e-06
9,0,0.013199381141881924,0.2,0.11165469139814377,2.781595185297192e-06
9,0,0.012233196273919205,0.2,0.11165469139814377,2.7130629405291984e-06
9,0,0.011583655311489399,0.2,0.08891666680574417,2.599325171104283e-06
9,0,0.011464709418906491,0.2,0.08891666680574417,2.410404249530984e-06
9,0,0.011618685929343875,0.2,0.08891666680574417,2.3174397938419133e-06
9,0,0.011603047289443493,0.2,0.08891666680574417,2.368688456044765e-06
9,0,0.011666850151347665,0.2,0.11165469139814377,2.400739049335243e-06
9,0,0.012443350336911936,0.24,0.11165469139814377,2.422930492684827e-06
9,0,0.013918013117658279,0.24,0.11165469139814377,2.6987279397872044e-06
9,0,0.015907504746396208,0.24,0.12337173521518707,4.638417522073723e-06
9,0,0.017496581736520193,0.24,0.12337173521518707,6.106356977397809e-06
9,0,0.019527702353265244,0.24,0.16267544031143188,7.799285413057078e-06
9,0,0.021885179045425494,0.24,0.16267544031143188,1.0011240192397963e-05
9,0,0.02417463064369404,0.24,0.142680823802948,1.3057437172392383e-05
9,0,0.02710980482177548,0.24,0.142680823802948,2.3469034204026684e-05
9,0,0.03030345699702326,0.24,0.142680823802948,2.963386032206472e-05
9,0,0.03311621276141346,0.24,0.1805860996246338,3.668295903480612e-05
9,0,0.03419880437719048,0.26,0.1805860996246338,3.261552410549484e-05
9,0,0.0352814596776974,0.26,0.2181498110294342,3.193527300027199e-05
9,0,0.03586834065832204,0.26,0.22096757590770721,2.8409365768311545e-05
9,0,0.035552437195671666,0.26,0.22096757590770721,2.3539867470390163e-05
9,0,0.03393338812051038,0.26,0.1645405888557434,2.1330301024136133e-05
9,0,0.032399133214277114,0.28,0.07744155079126358,2.0419971406226978e-05
9,0,0.03265905685095807,0.28,0.07409927248954773,1.731046722852625e-05
9,0,0.03360582461971549,0.26,0.10334732383489609,1.90720493264962e-05
9,0,0.03370082472676354,0.26,0.1078551635146141,2.4006334570003673e-05
9,0,0.03321262893438499,0.26,0.22096757590770721,2.6616800823831e-05
9,0,0.03208673424421224,0.22,0.23804770410060883,2.7639531253953464e-05
9,0,0.029963284228672022,0.22,0.1805860996246338,3.514624040690251e-05
9,0,0.026721708831887233,0.22,0.06623580306768417,3.4340264392085373e-05
9,0,0.023899741742135903,0.22,0.06623580306768417,3.0421009796555154e-05
9,0,0.02090459020451611,0.22,0.06623580306768417,2.4391134502366185e-05
9,0,0.018069881410949028,0.22,0.062442243099212646,1.750956835167017e-05
9,0,0.015866552076285737,0.22,0.05970542132854462,1.2462091035558842e-05
9,0,0.013463162136733774,0.22,0.046024564653635025,7.4419476732145995e-06
9,0,0.011221224603542404,0.18,0.03237317129969597,5.386409156926675e-06
9,0,0.009238940999256796,0.18,0.07278241962194443,3.620988536567893e-06
9,0,0.007561527253309048,0.18,0.07278241962194443,2.4490746000083163e-06
9,0,0.006484229032476199,0.2,0.0516858734190464,1.5563196029688697e-06
9,0,0.005948568645156624,0.16,0.04068375006318092,9.375369813824364e-07
9,0,0.005530384875025402,0.16,0.057864345610141754,7.642066179869289e-07
9,0,0.004937089270610832,0.16,0.0623370036482811,7.978566145538935e-07
9,0,0.004356120612294688,0.16,0.07815942913293839,8.988945978671836e-07
9,0,0.0040507664127501725,0.16,0.07815942913293839,1.1738762850654894e-06
9,0,0.004065746969319158,0.16,0.08504460006952286,1.8673622435017023e-06
9,0,0.00435150410501503,0.16,0.11873036623001099,2.966356305478257e-06
9,0,0.004958967422696543,0.16,0.11873036623001099,5.11536336489371e-06
9,0,0.005886871049376604,0.16,0.11873036623001099,8.511257874488365e-06
9,0,0.007045275333810812,0.16,0.20567786693572998,1.3286202374729328e-05
9,0,0.00862263998051811,0.18,0.20567786693572998,2.1341798856155947e-05
9,0,0.010918856365765988,0.18,0.21141915023326874,3.583579382393509e-05
9,0,0.014048746248219644,0.18,0.21141915023326874,4.887777322437614e-05
9,0,0.01715173527136461,0.22,0.21141915023326874,6.612083234358579e-05
9,0,0.019123796126964705,0.22,0.21141915023326874,8.307401003548875e-05
9,0,0.021941536873474235,0.22,0.21141915023326874,7.640585681656376e-05
9,0,0.026170515215544875,0.22,0.3055956959724426,7.94399602455087e-05
9,0,0.030588574970529036,0.24,0.3055956959724426,0.00011934430949622765
9,0,0.03575775168541433,0.28,0.3190338909626007,0.00018825227743946016
9,0,0.041458097093517526,0.28,0.3265906274318695,0.0002960632264148444
9,0,0.04675615265495128,0.34,0.5970056653022766,0.000437224778579548
9,0,0.0525449112847193,0.36,0.5970056653022766,0.0006275959312915802
9,0,0.0592824560074895,0.38,0.5970056653022766,0.0008865829440765083
9,0,0.06711020801235072,0.36,0.8202958106994629,0.0012710674200206995
9,0,0.07412938617223948,0.42,0.8289791345596313,0.0019198688678443432
9,0,0.0752091217256359,0.42,0.8289791345596313,0.0030801352113485336
9,0,0.07140164669890423,0.42,0.8289791345596313,0.0047555044293403625
9,0,0.06744684460718087,0.44,0.8289791345596313,0.006123620085418224
9,0,0.06614309267883148,0.44,0.6738404035568237,0.0069009773433208466
9,0,0.0691999181694236,0.42,0.659940779209137,0.006699028424918652
9,0,0.07522560003822627,0.44,0.8199240565299988,0.005447497125715017
9,0,0.08021248733286934,0.46,0.8199240565299988,0.004530393984168768
9,0,0.06334657525355801,0.44,0.8199240565299988,0.0025491926353424788
9,0,0.05234544283677524,0.44,0.7690209150314331,0.0009439938585273921
9,0,0.04346900616396098,0.42,0.7678815126419067,0.0004413900605868548
9,0,0.034901955051331604,0.4,0.8066152930259705,0.0002663714112713933
9,0,0.027559159441240023,0.34,0.8018218278884888,0.00016538621275685728
9,0,0.021575870710770856,0.3,0.8341342806816101,0.00010705045860959217
9,0,0.01687540355139523,0.26,0.8318465948104858,6.437132833525538e-05
9,0,0.016993305936368785,0.26,0.8318182826042175,4.4201166019774973e-05
9,0,0.014464162410332524,0.26,0.7934468984603882,3.5399363696342334e-05
9,0,0.01001442756773447,0.24,0.8223188519477844,3.2998370443237945e-05
9,0,0.008021147826853165,0.24,0.7509056329727173,4.06106082664337e-05
9,0,0.0063559825049215824,0.26,0.6863894462585449,5.552555376198143e-05
9,0,0.005626271101224373,0.26,0.6991703510284424,8.020013046916574e-05
9,0,0.005751087916277751,0.24,0.4976370334625244,9.806198795558885e-05
9,0,0.007029946606877931,0.22,0.4857074022293091,0.00010892369755310938
9,0,0.010084876216123759,0.22,0.4857074022293091,0.00013040979683864862
9,0,0.011882506146068023,0.26,0.4857074022293091,0.00013281175051815808
9,0,0.014618854957067492,0.26,0.4857074022293091,0.0001478584745200351
9,0,0.017854312124275896,0.3,0.3868151903152466,0.00016857012815307826
9,0,0.02122249997698775,0.3,0.4401504695415497,0.0001867180981207639
9,0,0.02432413978339091,0.32,0.3948764204978943,0.0001953441824298352
9,0,0.026754565272669086,0.32,0.45657944679260254,0.00018905724573414773
9,0,0.02795671988424475,0.28,0.44017311930656433,0.00016831619723234326
9,0,0.027049236373882804,0.28,0.22162042558193207,0.0001439262559870258
9,0,0.024411688299140488,0.28,0.18596933782100677,0.00011574814561754465
9,0,0.028991872198540724,0.28,0.25970083475112915,0.00010152560571441427
9,0,0.026826795517297927,0.24,0.12305915355682373,6.39331919956021e-05
9,0,0.025630824655491796,0.26,0.12493351846933365,4.577346771839075e-05
9,0,0.02486179258078348,0.2,0.12296544015407562,3.572670539142564e-05
9,0,0.024182372456928548,0.2,0.12296544015407562,2.908718670369126e-05
9,0,0.023299127564344844,0.2,0.1212029829621315,2.425102320557926e-05
9,0,0.022370462385534307,0.18,0.1212029829621315,2.078894067381043e-05
9,0,0.021719260270682345,0.18,0.08241488039493561,1.8914737665909342e-05
9,0,0.022207045975805893,0.18,0.05190090462565422,1.9887271264451556e-05
9,0,0.023988727233587887,0.2,0.05190090462565422,2.1025944079156034e-05
9,0,0.024810241629982438,0.2,0.05625143274664879,2.1819698304170743e-05
9,0,0.022060242019156014,0.24,0.04487339034676552,2.7729638532036915e-05
9,0,0.018851186819506115,0.24,0.04224797710776329,2.9518219889723696e-05
9,0,0.01641930479870596,0.22,0.04224797710776329,2.370361289649736e-05
9,0,0.013980915783145625,0.22,0.07687061280012131,2.2127653210191056e-05
9,0,0.01195388549324443,0.22,0.06825349479913712,1.9607299691415392e-05
9,0,0.009883672269217948,0.18,0.06825349479913712,1.6211250112974085e-05
9,0,0.008335570179586216,0.14,0.06825349479913712,1.6225338185904548e-05
9,0,0.007900792458394687,0.14,0.0810978040099144,1.5994983186828904e-05
9,0,0.008034339449076123,0.14,0.1501852422952652,1.4124746485322248e-05
9,0,0.007876211708042508,0.14,0.13497117161750793,1.029244958772324e-05
9,0,0.007003052185661764,0.14,0.066306471824646,7.4623226282710675e-06
9,0,0.0058376718233430205,0.14,0.066306471824646,5.659818270942196e-06
9,0,0.005084128103573568,0.14,0.10865069180727005,5.3121034397918265e-06
9,0,0.004623969842425803,0.14,0.17153456807136536,5.30326633452205e-06
9,0,0.003999130280544558,0.14,0.18996497988700867,5.581798632192658e-06
9,0,0.0033194069380107784,0.14,0.18996497988700867,5.644197699439246e-06
9,0,0.0030998392309831914,0.14,0.18996497988700867,5.280848199618049e-06
9,0,0.0031565503071141767,0.16,0.09626851975917816,4.746566446556244e-06
9,0,0.0032898684852574072,0.16,0.09626851975917816,4.334975983510958e-06
9,0,0.0035387545307254955,0.16,0.09626851975917816,3.984298018622212e-06
9,0,0.003970200077125388,0.16,0.09626851975917816,3.7023951335868333e-06
9,0,0.004679488955366024,0.16,0.09626851975917816,3.5526966257748427e-06
9,0,0.0058052378524519116,0.16,0.13871410489082336,3.5107677831547335e-06
9,0,0.007403481365994449,0.18,0.13871410489082336,3.563307018339401e-06
9,0,0.009276376169743888,0.2,0.1244918555021286,3.3220617297047284e-06
9,0,0.011352026492990518,0.2,0.07004809379577637,3.2433988508273615e-06
9,0,0.013563538337698883,0.2,0.07004809379577637,3.2533832836634247e-06
9,0,0.015728587549895888,0.2,0.06470368057489395,3.486840114419465e-06
9,0,0.017634987804308253,0.24,0.0815807580947876,3.6762182844540803e-06
9,0,0.01911599339479786,0.22,0.0815807580947876,3.9423207454092335e-06
9,0,0.020205748343807322,0.22,0.0343131460249424,4.263806204107823e-06
9,0,0.02164843882107899,0.2,0.043758440762758255,4.784948941960465e-06
9,0,0.024919868854468702,0.2,0.038670483976602554,5.545548901864095e-06
9,0,0.02989615972454281,0.2,0.09137256443500519,6.379370006470708e-06
9,0,0.03377306274083149,0.22,0.09137256443500519,7.490850293834228e-06
9,0,0.03467097944159794,0.22,0.09137256443500519,8.790094398136716e-06
9,0,0.03525043922927253,0.22,0.09868735074996948,9.234454410034232e-06
9,0,0.03580686751186645,0.22,0.09868735074996948,9.09128812054405e-06
9,0,0.036109125381878764,0.22,0.11666233837604523,9.323794984084088e-06
9,0,0.03632512077235665,0.22,0.13012297451496124,9.182675967167597e-06
9,0,0.036472269961382,0.22,0.18239377439022064,1.1676422218442895e-05
9,0,0.035603211523572424,0.22,0.18239377439022064,1.0773968824651092e-05
9,0,0.034464518372988195,0.22,0.10434465110301971,7.12987548467936e-06
9,0,0.03298804018786124,0.22,0.09326472878456116,5.950109880359378e-06
9,0,0.03210332873423577,0.22,0.05836610868573189,4.343231466918951e-06
9,0,0.0330338583413381,0.24,0.05836610868573189,3.17041758535197e-06
9,0,0.031107577451106806,0.22,0.1047530472278595,2.966746706078993e-06
9,0,0.026048224419363285,0.22,0.11702165007591248,2.8747763280989602e-06
9,0,0.021212812034023552,0.2,0.08417057245969772,3.4060481084452476e-06
9,0,0.024051172234585885,0.18,0.1018417701125145,4.822744358534692e-06
9,0,0.021289450822041093,0.18,0.1018417701125145,5.700645942852134e-06
9,0,0.01987922735899682,0.18,0.1018417701125145,7.405225460388465e-06
9,0,0.017812345043725517,0.18,0.1018417701125145,8.999531928566284e-06
9,0,0.014668713134826513,0.16,0.1018417701125145,1.1069126230722759e-05
9,0,0.012362927824514288,0.16,0.1018417701125145,1.0742337508418132e-05
9,0,0.011026032499192337,0.16,0.007038695737719536,8.034474376472645e-06
9,0,0.010042628817886826,0.16,0.007038695737719536,6.086885605327552e-06
9,0,0.009636203211406758,0.16,0.007038695737719536,4.7434123189304955e-06
9,0,0.009503301443790468,0.16,0.007038695737719536,3.7250119930831715e-06
9,0,0.0096578049378538,0.18,0.007038695737719536,2.972183892779867e-06
9,0,0.00948469559574867,0.18,0.0057187690399587154,2.023274646489881e-06
9,0,0.010978335868438058,0.18,0.0057187690399587154,1.2075879567419179e-06
9,0,0.011270318519416544,0.18,0.0038340913597494364,6.154123184387572e-07
9,0,0.012545214049696883,0.18,0.0020714791025966406,3.190334325609001e-07
9,0,0.011886470124872758,0.18,0.0029261503368616104,2.6978381129083573e-07
9,0,0.012244043635735277,0.18,0.0029261503368616104,2.9699609171984775e-07
9,0,0.013372597250299503,0.18,0.0029261503368616104,3.53220713122937e-07
9,0,0.014738503668837154,0.18,0.0029261503368616104,4.178021981715574e-07
9,0,0.01589726306000241,0.18,0.0029261503368616104,4.857464546148549e-07
9,0,0.016920388128208553,0.18,0.0029261503368616104,5.521113735085237e-07
9,0,0.01792751229800215,0.18,0.0029261503368616104,6.110873869147326e-07
9,0,0.019053116520814265,0.18,0.0037653136532753706,6.656077289335371e-07
9,0,0.020228903151892828,0.18,0.0037653136532753706,7.060157827254443e-07
9,0,0.020867032488713595,0.18,0.0025182084646075964,7.249944928844343e-07
9,0,0.02108605634414627,0.18,0.00222396245226264,6.221246167115169e-07
9,0,0.022352774674936248,0.18,0.001179333426989615,5.073432021163171e-07
9,0,0.023803318270397503,0.2,0.0015137640293687582,4.869551730735111e-07
9,0,0.024514996404113452,0.18,0.0015137640293687582,5.007505592402595e-07
9,0,0.025282167781176427,0.18,0.0015137640293687582,4.793050720763858e-07
9,0,0.02523310237693206,0.18,0.0010970121948048472,4.501323189742834e-07
9,0,0.02368974579762957,0.16,0.0011683033080771565,4.741815757824952e-07
9,0,0.023069320607722963,0.16,0.0022031834814697504,6.681847821710107e-07
9,0,0.025903045406841747,0.16,0.0017658157739788294,1.0568852530923323e-06
9,0,0.031273182251724436,0.16,0.002180019859224558,1.9758986127271783e-06
9,0,0.03504278812723465,0.14,0.002025105757638812,3.459579829723225e-06
9,0,0.03542149722184934,0.16,0.002516597043722868,4.827479187952122e-06
9,0,0.03382612030320407,0.16,0.003932998515665531,5.578754553425824e-06
9,0,0.0474155599811182,0.2,0.010305882431566715,2.3550641344627365e-05
9,0,0.044790472797367316,0.22,0.013662816025316715,1.8618691683514044e-05
9,0,0.04291575928461281,0.2,0.009145548567175865,1.3370856322580948e-05
9,0,0.039429245798570996,0.2,0.00830693170428276,9.537511687085498e-06
9,0,0.03469838015056741,0.22,0.00830693170428276,6.61823969494435e-06
9,0,0.030317165985992208,0.24,0.011704102158546448,4.4125690692453645e-06
9,0,0.026686672675814125,0.24,0.010996983386576176,3.404086555747199e-06
9,0,0.023967588594527443,0.24,0.013674715533852577,3.888180344802095e-06
9,0,0.024823285098478844,0.24,0.010820005089044571,7.966736120579299e-06
9,0,0.024776501594249652,0.22,0.008717398159205914,2.0002078599645756e-05
9,0,0.018774042227396096,0.22,0.05580959469079971,6.139277502370533e-06
9,0,0.018855563654813022,0.26,0.09320615231990814,1.7671790146778221e-06
9,0,0.015682599545164523,0.28,0.1345716416835785,8.431708238276769e-07
9,0,0.014244943009169998,0.22,0.1345716416835785,1.1312768037896603e-06
9,0,0.011273584008063187,0.22,0.19271910190582275,1.3935364222561475e-06
9,0,0.008861315191646341,0.24,0.21470490097999573,1.3808378298563184e-06
9,0,0.007541880609808084,0.24,0.24778024852275848,1.3281946849019732e-06
9,0,0.0066337454979727714,0.22,0.22685961425304413,1.3002760397284874e-06
9,0,0.0058341351707382185,0.22,0.23787349462509155,1.3611098665933241e-06
9,0,0.005030421075082476,0.22,0.2394191175699234,1.3866309700460988e-06
9,0,0.004352069653875308,0.22,0.16203977167606354,1.26846043713158e-06
9,0,0.004017036791688377,0.22,0.1888844072818756,1.3711455721931998e-06
9,0,0.0038779625842188456,0.2,0.1851222664117813,1.6862122720340267e-06
9,0,0.0036113165270816776,0.18,0.18384245038032532,1.9124604477838147e-06
9,0,0.003203076829268217,0.18,0.15477202832698822,2.0410423076100415e-06
9,0,0.002834532118341986,0.18,0.15477202832698822,2.128122105204966e-06
9,0,0.002516573804446309,0.18,0.2136024832725525,2.200912831540336e-06
9,0,0.0022149346451284546,0.16,0.15356895327568054,2.2417998479795642e-06
9,0,0.0018787213853858128,0.14,0.15356895327568054,2.2831850401416887e-06
9,0,0.0014625680377022433,0.14,0.15356895327568054,2.001757820835337e-06
9,0,0.001467303769677548,0.14,0.09925220161676407,1.744707901707443e-06
9,0,0.0015259318883388056,0.12,0.06789174675941467,1.2212518640808412e-06
9,0,0.0017549116588121837,0.12,0.06493261456489563,8.046934567573771e-07
9,0,0.0015975345928053157,0.12,0.0975673645734787,5.21805247899465e-07
9,0,0.0014986696573109793,0.14,0.08829990029335022,3.5838638723362237e-07
9,0,0.0013949862197753864,0.14,0.09512194246053696,2.501835467683122e-07
9,0,0.001266691344513367,0.14,0.09842990338802338,1.69175677910971e-07
9,0,0.001134431635610197,0.14,0.08254571259021759,1.1060466675871794e-07
9,0,0.001009949483071839,0.14,0.08254571259021759,7.386066158687754e-08
9,0,0.0009158867413789806,0.14,0.08254571259021759,5.395173019451249e-08
9,0,0.0008537552554739533,0.14,0.08254571259021759,4.2732605010087354e-08
9,0,0.0008155721815410711,0.16,0.07637499272823334,3.6222651544903783e-08
9,0,0.0007922934185217943,0.16,0.08450692147016525,3.19871773513114e-08
9,0,0.0007781784243135589,0.16,0.08450692147016525,2.8864899803693334e-08
9,0,0.0007641980965052572,0.16,0.08450692147016525,2.6421968613021818e-08
9,0,0.0007461482745850466,0.16,0.08450692147016525,2.4707262014089793e-08
9,0,0.0007343034099747128,0.18,0.08450692147016525,2.3848052421726607e-08
9,0,0.0007319274694555392,0.18,0.087155781686306,2.3399195470119594e-08
9,0,0.0007361313257354272,0.18,0.087155781686306,2.3112299629701738e-08
9,0,0.0007401072346611058,0.18,0.08151496946811676,2.2350294059947373e-08
9,0,0.0007427759966149854,0.18,0.06341220438480377,2.0976822057150457e-08
9,0,0.0007479919475507275,0.18,0.06341220438480377,1.9038365550727576e-08
9,0,0.0007518770206698265,0.18,0.05150362849235535,1.629714674322713e-08
9,0,0.0007211142319805496,0.18,0.039125941693782806,1.313477326903012e-08
9,0,0.0006505017362767578,0.18,0.034737855195999146,9.946697687723827e-09
9,0,0.0005960329115766037,0.18,0.021907459944486618,7.70179653386549e-09
9,0,0.0005869172411578172,0.18,0.021907459944486618,6.091668947050266e-09
9,0,0.0006116818489038981,0.18,0.021907459944486618,5.125846858078376e-09
9,0,0.0006323725888983952,0.18,0.018435057252645493,4.0520946598121554e-09
9,0,0.0006436195347671506,0.18,0.007888535037636757,2.982919022898045e-09
9,0,0.0006621692717921996,0.18,0.007888535037636757,2.3912538615888934e-09
9,0,0.0006906235991210886,0.2,0.01004069298505783,1.8122816580756762e-09
9,0,0.0007240186180485994,0.18,0.01004069298505783,1.581520248095103e-09
9,0,0.0007325144506309876,0.18,0.014559539034962654,1.4144868609733408e-09
9,0,0.0007009220678223818,0.18,0.007544216699898243,1.2781894431768137e-09
9,0,0.0006381629699362457,0.18,0.007544216699898243,1.1528222820800238e-09
9,0,0.0006011754237566463,0.18,0.007544216699898243,1.002153027229724e-09
9,0,0.0006254003518036564,0.18,0.014146866276860237,9.788224675233437e-10
9,0,0.000618053085763617,0.18,0.009494077414274216,1.019687445591444e-09
9,0,0.0006275679417617667,0.18,0.009494077414274216,1.07148667716217e-09
9,0,0.0007783755444003479,0.18,0.009494077414274216,8.829794673204105e-10
9,0,0.0008910107567473107,0.18,0.009494077414274216,9.217768215386002e-10
9,0,0.0008190420891405297,0.18,0.05877048894762993,1.3124249464979698e-09
9,0,0.001002851193908766,0.18,0.03158627822995186,1.5467035430205556e-09
9,0,0.001345720750300196,0.18,0.03158627822995186,1.4016279248352248e-09
9,0,0.0012620837516261916,0.16,0.033840034157037735,1.4427977701458872e-09
9,0,0.0011722050668781475,0.16,0.03496139869093895,1.4119476698937206e-09
9,0,0.0010639295448563735,0.16,0.03496139869093895,1.347798761486274e-09
9,0,0.0009750996772710125,0.16,0.03496139869093895,1.4279972759823067e-09
9,0,0.0009198036786277709,0.16,0.03322932869195938,1.283140815822037e-09
9,0,0.0008599441689399386,0.16,0.013379900716245174,1.5967936972671737e-09
9,0,0.0008289079717584108,0.18,0.012471204623579979,3.787514746278475e-09
9,0,0.0007698584879581073,0.18,0.04693421721458435,5.1678625823115e-09
9,0,0.0008160676809800561,0.16,0.04582558944821358,7.715087235737883e-09
9,0,0.0006313330081290464,0.16,0.09270795434713364,1.0726017407591826e-08
9,0,0.0005980532181417104,0.16,0.09217073768377304,1.9963799502420443e-08
9,0,0.0006251782530247082,0.12,0.1005505844950676,2.722369707441885e-08
9,0,0.0005857273110138292,0.14,0.0959162637591362,2.8066022395023538e-08
9,0,0.0005260380434175993,0.14,0.09956375509500504,2.5226881916751154e-08
9,0,0.0004726709243354453,0.14,0.07352586835622787,2.2196209314984117e-08
9,0,0.0004421914401738117,0.14,0.05584664270281792,2.225938011690687e-08
9,0,0.00044826859833974693,0.14,0.06558209657669067,2.9328964146202452e-08
9,0,0.00048483764144457726,0.12,0.07005038857460022,4.022174593387717e-08
9,0,0.0005373506012659974,0.12,0.06874746829271317,4.8517325268448985e-08
9,0,0.0006082227617714186,0.12,0.06874746829271317,5.8374688194362534e-08
9,0,0.0006639534353539106,0.12,0.07280799746513367,6.999017898579041e-08
9,0,0.0006879379977484452,0.12,0.07642922550439835,8.279737073735305e-08
9,0,0.0006964648154679663,0.12,0.07642922550439835,9.80989440790836e-08
9,0,0.0007098526170357894,0.14,0.09037777036428452,1.1001428390500223e-07
9,0,0.0007425235033426656,0.14,0.09037777036428452,1.0730808952530424e-07
9,0,0.0008244888074711995,0.14,0.09988928586244583,1.152972828322163e-07
9,0,0.000923132113021189,0.14,0.129411980509758,1.456864708870853e-07
9,0,0.001006866302865281,0.14,0.1282285749912262,1.8274343460689124e-07
9,0,0.001078854731545612,0.14,0.15926223993301392,2.2188085324614804e-07
9,0,0.001146590013117123,0.14,0.13447323441505432,2.9880004603910493e-07
9,0,0.0012302890490109263,0.14,0.11636742949485779,4.648637457194127e-07
9,0,0.001286211405805448,0.14,0.10765145719051361,5.448605975288956e-07
9,0,0.001237656348298445,0.12,0.08587215095758438,5.61592628400831e-07
9,0,0.0011087789547334457,0.12,0.10763528943061829,5.416453632278717e-07
9,0,0.0009527970380556021,0.14,0.10682091861963272,4.943256044498412e-07
9,0,0.0008202679376565992,0.14,0.11350052803754807,4.75053354875854e-07
9,0,0.0007710532268793843,0.14,0.14527463912963867,5.178245032766426e-07
9,0,0.0006394811932945503,0.12,0.13439498841762543,5.370485496314359e-07
9,0,0.0005866107741284565,0.12,0.0870237722992897,4.997267524231574e-07
9,0,0.0005004317272051111,0.1,0.0870237722992897,4.825789687856741e-07
9,0,0.0005025023655564602,0.1,0.0870237722992897,5.01680233355728e-07
9,0,0.0004857296698570351,0.1,0.0870237722992897,4.864168090534804e-07
9,0,0.0004728827117028826,0.1,0.0870237722992897,4.6243536644396954e-07
9,0,0.00046563829833127233,0.1,0.0870237722992897,4.4593650727620116e-07
9,0,0.0004543476460938809,0.1,0.0870237722992897,4.346154582890449e-07
9,0,0.0004375991432101942,0.1,0.0870237722992897,4.251346865657979e-07
9,0,0.0004107340337103095,0.1,0.0870237722992897,3.948721882807149e-07
9,0,0.0003765759935046174,0.1,0.06910540908575058,3.551351710484596e-07
9,0,0.0003426889189167589,0.1,0.08021196722984314,3.0966873509896686e-07
9,0,0.0003111827747665786,0.1,0.12605135142803192,2.605146676160075e-07
9,0,0.00028249942316162707,0.1,0.1363619565963745,2.1094143676236854e-07
9,0,0.00025789865708279947,0.1,0.08219083398580551,1.6984964190669416e-07
9,0,0.00023845847441518394,0.1,0.07700081169605255,1.369243847193502e-07
9,0,0.0002237735007408495,0.1,0.030036451295018196,1.1904096908210704e-07
9,0,0.00021353293913467636,0.1,0.02348031848669052,1.0836074437747811e-07
9,0,0.0001595062073188259,0.12,0.030036451295018196,1.789010894981402e-08
9,0,0.00016162132553954237,0.12,0.030036451295018196,1.588198728086354e-08
9,0,0.0001579889175801774,0.12,0.025576725602149963,1.4418245264380403e-08
9,0,0.00015171231232635177,0.12,0.025576725602149963,1.3342125626536472e-08
9,0,0.00014693356480087008,0.12,0.025576725602149963,1.1824956125394692e-08
9,0,0.00013912449737741098,0.12,0.025576725602149963,1.0635606173536871e-08
9,0,0.00012983511403907624,0.12,0.025576725602149963,1.0018746721129901e-08
9,0,0.00012154667835031622,0.16,0.025576725602149963,9.499608211172017e-09
9,0,0.0001171887165078565,0.16,0.025576725602149963,1.0711113773709258e-08
9,0,0.00012791578154958144,0.16,0.025576725602149963,1.514579750505618e-08
9,0,0.00011559581491535179,0.14,0.025576725602149963,1.5763983896022182e-08
9,0,0.00010864562174487385,0.14,0.028048178181052208,1.73274212755814e-08
9,0,9.982061854103213e-05,0.14,0.028048178181052208,1.8578196758767263e-08
9,0,0.00011848517263611878,0.12,0.027874138206243515,2.5822510352213612e-08
9,0,0.0001335773071807631,0.12,0.0381057970225811,3.466021425424515e-08
9,0,0.0001422022437314093,0.12,0.039947208017110825,4.478706117083675e-08
9,0,0.00014435119506179246,0.12,0.08854933828115463,5.491644472499502e-08
9,0,0.00014283170932101967,0.12,0.08854933828115463,6.32346015549956e-08
9,0,0.00014089125525900353,0.08,0.07750343531370163,6.849651157381231e-08
9,0,0.0001372482877939119,0.08,0.07750343531370163,5.676070813365186e-08
9,0,0.00022930724912610944,0.1,0.0732017233967781,3.760114566375705e-07
9,0,0.00021771026473783086,0.1,0.08251915127038956,3.0455797173090104e-07
9,0,0.00019664263369069426,0.1,0.07862008363008499,2.356851354079481e-07
9,0,0.00017783866206157458,0.1,0.07862008363008499,1.6854987450187764e-07
9,0,0.00016278576597990625,0.08,0.04977773129940033,1.1333798966006725e-07
9,0,0.00014950022791886954,0.08,0.04977773129940033,7.944159818862317e-08
9,0,0.00013523124886533332,0.08,0.030701331794261932,5.4416172901028403e-08
9,0,0.00012284947647024316,0.08,0.030701331794261932,3.8055187445706906e-08
9,0,0.00011263515177336317,0.08,0.030701331794261932,2.8172484789479313e-08
9,0,0.00010317222372403263,0.08,0.030701331794261932,2.2270590704920323e-08
9,0,9.405103994474067e-05,0.08,0.030701331794261932,1.8205350116318186e-08
9,0,8.501743155004288e-05,0.08,0.030701331794261932,1.5118839513661442e-08
9,0,7.76629369863882e-05,0.08,0.04906107485294342,1.109913672081575e-08
9,0,7.487822060019538e-05,0.08,0.023617969825863838,1.0230114533271717e-08
9,0,7.569369659062068e-05,0.08,0.02276076190173626,1.037653873936506e-08
9,0,8.124967463773223e-05,0.08,0.0458584688603878,1.2257207693266992e-08
9,0,9.395475850650457e-05,0.08,0.0458584688603878,1.571328134275518e-08
9,0,0.00010409806796161586,0.08,0.0458584688603878,1.7951668596083437e-08
9,0,0.00010666094575662675,0.1,0.0458584688603878,2.3811782767779732e-08
9,0,0.00010956586111435141,0.1,0.07363734394311905,2.374248531111789e-08
9,0,0.00011294901063504892,0.12,0.07363734394311905,2.43165114710564e-08
9,0,0.00011097650733520137,0.12,0.07984578609466553,2.5940888548348084e-08
9,0,0.00010788324567090217,0.12,0.06312522292137146,2.631720263934767e-08
9,0,0.00010745838138396133,0.12,0.028048178181052208,2.8669347784671118e-08
9,0,0.00011126392136754704,0.12,0.028048178181052208,3.802587400514312e-08
9,0,0.0001232016078285037,0.12,0.028048178181052208,4.57019488919741e-08
9,0,0.0001445079649637807,0.12,0.08234408497810364,5.778204226203343e-08
9,0,0.00017645602368511357,0.12,0.08234408497810364,6.982670441857408e-08
9,0,0.00016388518374747745,0.12,0.08234408497810364,6.965258592117607e-08
9,0,0.00019614978054066312,0.1,0.05423323065042496,8.183353372714919e-08
9,0,0.00021796395224868838,0.1,0.0782896876335144,9.72882006067266e-08
9,0,0.00022407765307806763,0.1,0.0782896876335144,1.1574545766279698e-07
9,0,0.00021532399648694164,0.1,0.051463160663843155,1.3606226900719776e-07
9,0,0.0002028750295686932,0.1,0.0391443632543087,1.6166583804988477e-07
9,0,0.00019903227477474018,0.1,0.04985088109970093,1.912655989144696e-07
9,0,0.00020524365715360375,0.1,0.0458584688603878,2.1227475599516765e-07
9,0,0.00021115089318984165,0.1,0.0458584688603878,2.4519135877199005e-07
9,0,0.00020316405579771135,0.1,0.0458584688603878,2.2548246647602355e-07
9,0,0.00019215736061550047,0.08,0.0458584688603878,5.238849780653254e-07
9,0,0.00018183993302927804,0.08,0.0458584688603878,2.1273297079460463e-07
9,0,0.00016724955800112668,0.08,0.0458584688603878,1.6046236339661846e-07
9,0,0.0001494913259866409,0.08,0.05157626420259476,1.1972453251019033e-07
9,0,0.00013066105472796103,0.08,0.04906107485294342,9.310684845331707e-08
9,0,0.00011374920408191952,0.08,0.04906107485294342,7.005188251696381e-08
9,0,0.00010238427175644485,0.08,0.030701331794261932,4.618258486743798e-08
9,0,9.563204790603008e-05,0.08,0.030701331794261932,3.203101073268044e-08
9,0,8.941241566880689e-05,0.08,0.030701331794261932,2.4221664673973464e-08
9,0,8.372174175185671e-05,0.08,0.030701331794261932,1.862787257778109e-08
9,0,7.964859303358455e-05,0.08,0.043125033378601074,1.5152124888118124e-08
9,0,7.69050204419739e-05,0.08,0.043125033378601074,1.3325315073586808e-08
9,0,7.547458516387514e-05,0.08,0.043125033378601074,1.207813848935757e-08
9,0,7.548092600009875e-05,0.08,0.043125033378601074,1.0873960398782856e-08
9,0,7.478197115456441e-05,0.08,0.043125033378601074,9.26206134010954e-09
9,0,7.2803560016261e-05,0.08,0.06839006394147873,7.3511805531722985e-09
9,0,6.976215627614082e-05,0.08,0.06839006394147873,7.021706771581648e-09
9,0,6.848707902964672e-05,0.08,0.07438559830188751,7.255925638105509e-09
9,0,7.004292325604955e-05,0.08,0.07182133197784424,8.09115796585047e-09
9,0,7.340130918803154e-05,0.08,0.06401064246892929,9.820844582009158e-09
9,0,7.784851640918061e-05,0.08,0.06401064246892929,1.2437295637823809e-08
9,0,8.1371094581884e-05,0.08,0.06401064246892929,1.434752316953336e-08
9,0,8.334579826491154e-05,0.1,0.0458584688603878,1.4754141020034695e-08
9,0,8.428780510697537e-05,0.1,0.0458584688603878,1.50301104895334e-08
9,0,8.587806546997366e-05,0.1,0.0458584688603878,1.5286643062495386e-08
9,0,9.01208046764494e-05,0.12,0.06401064246892929,1.5075359627303442e-08
9,0,9.571745371403854e-05,0.12,0.06401064246892929,1.708437835645782e-08
9,0,9.832893302212347e-05,0.12,0.06946831196546555,1.9763493952495992e-08
9,0,0.00010245241748016228,0.12,0.05479151010513306,2.614559235780689e-08
9,0,0.00011134588492504725,0.12,0.05479151010513306,3.5128223885294574e-08
9,0,0.00012106611655392193,0.12,0.05479151010513306,4.30275299834193e-08
9,0,0.00013013951114398156,0.12,0.05479151010513306,5.526888458007306e-08
9,0,0.00013682119089206268,0.12,0.05479151010513306,6.235893579287222e-08
9,0,0.00014599078358782384,0.12,0.05479151010513306,8.126750827841533e-08
9,0,0.00015620887526304324,0.12,0.06946831196546555,1.0480430745474223e-07
9,0,0.00016610839462912152,0.12,0.06946831196546555,1.310403803245208e-07
9,0,0.00017588714598132076,0.12,0.06401064246892929,1.5693491661750159e-07
9,0,0.00018524523527188648,0.12,0.06401064246892929,1.7652291717240587e-07
9,0,0.00019708161933702987,0.12,0.06401064246892929,1.8667839185582125e-07
9,0,0.0002036867135821434,0.12,0.06401064246892929,1.6763789290052955e-07
9,0,0.00020344623300473189,0.12,0.06401064246892929,1.7300483534654632e-07
9,0,0.0001989766278174277,0.12,0.06401064246892929,1.578264487989145e-07
9,0,0.00018811214370859325,0.1,0.06401064246892929,1.342606594789686e-07
9,0,0.00017715007154546497,0.12,0.04664512351155281,1.0152984231126538e-07
9,0,0.00017106275258224903,0.1,0.04636118933558464,7.134611479386876e-08
9,0,0.00016354293095985047,0.08,0.04636118933558464,5.360073629390172e-08
9,0,0.00015485832436496787,0.08,0.049899712204933167,4.212830972960546e-08
9,0,0.00014853686382859408,0.08,0.0524555929005146,3.280837290731142e-08
9,0,0.00014446075920704604,0.1,0.0524555929005146,2.5158842120731606e-08
9,0,0.00014027777335518502,0.08,0.07182133197784424,1.952732020527037e-08
9,0,0.00013379451615418766,0.08,0.07182133197784424,1.580812458712444e-08
9,0,0.00012300993013590256,0.08,0.07182133197784424,1.2263334348006083e-08
9,0,0.00010965853305458456,0.08,0.07182133197784424,9.285233026901096e-09
9,0,9.521921472252729e-05,0.08,0.06838996708393097,6.4405063504580085e-09
9,0,8.226236764197019e-05,0.08,0.028456538915634155,6.570754162993353e-09
9,0,7.446740100874916e-05,0.08,0.028456538915634155,5.741573883000228e-09
9,0,6.912194355395096e-05,0.08,0.028456538915634155,5.026148386377827e-09
9,0,6.58953786973378e-05,0.1,0.02016955055296421,4.4214703009970435e-09
9,0,6.56404910307776e-05,0.1,0.02016955055296421,3.850448404563167e-09
9,0,6.788131897898802e-05,0.1,0.02016955055296421,4.380231288791947e-09
9,0,7.00253369735127e-05,0.1,0.02016955055296421,4.619286730900285e-09
9,0,7.242566864910997e-05,0.1,0.02016955055296421,5.170899264328455e-09
9,0,7.478184808916191e-05,0.1,0.0219770148396492,6.0259033318743604e-09
9,0,7.800868166336798e-05,0.12,0.0219770148396492,7.199335794183526e-09
9,0,8.202347711336234e-05,0.12,0.0219770148396492,8.98989682696083e-09
9,0,8.541493842611331e-05,0.12,0.0219770148396492,1.2520003700444704e-08
9,0,8.984774592525393e-05,0.12,0.0219770148396492,1.7132379070972092e-08
9,0,9.809316835511552e-05,0.12,0.0219770148396492,2.2815035194412303e-08
9,0,0.00010591194929470316,0.12,0.0219770148396492,2.9276035817815682e-08
9,0,0.00011309470179399493,0.12,0.0219770148396492,3.711426899144499e-08
9,0,0.00012341083111145989,0.12,0.0219770148396492,4.716626378353794e-08
9,0,0.00013690562988612884,0.12,0.0219770148396492,6.297137389310592e-08
9,0,0.00015434837539193526,0.12,0.03583293780684471,9.247819576785332e-08
9,0,0.00017603924083257978,0.12,0.03583293780684471,1.294641975846389e-07
9,0,0.00020106392023394321,0.12,0.03583293780684471,1.819282573478631e-07
9,0,0.00022693121656399066,0.12,0.050811346620321274,2.731173083247995e-07
9,0,0.00025171498809536795,0.12,0.07937449961900711,3.038350371298293e-07
9,0,0.0002732103427748549,0.12,0.07937449961900711,3.589028665373917e-07
9,0,0.0002851145156374711,0.12,0.07937449961900711,3.9956378827810113e-07
9,0,0.0002834729667998423,0.12,0.04954712837934494,3.891315714099619e-07
9,0,0.0002811949818254673,0.12,0.04954712837934494,3.941175066302094e-07
9,0,0.00029221429661292796,0.12,0.04954712837934494,4.0559018543717684e-07
9,0,0.00032134828786158505,0.12,0.04954712837934494,3.9268545037884905e-07
9,0,0.00033747120693446614,0.12,0.04954712837934494,3.942099624509865e-07
9,0,0.00031869588584124473,0.12,0.04954712837934494,3.6784663848266064e-07
9,0,0.00029017722893439555,0.12,0.04954712837934494,3.069987712933653e-07
9,0,0.0002499528154752712,0.12,0.04954712837934494,2.082001770986608e-07
9,0,0.0002038869267831432,0.14,0.0287961196154356,1.7240267879969906e-07
9,0,0.0002197574493751577,0.14,0.030210020020604134,1.4300113093668188e-07
9,0,0.00024043707882067476,0.16,0.030210020020604134,1.2653391934236424e-07
9,0,0.00027571151363141197,0.16,0.019291777163743973,1.2452659348127781e-07
9,0,0.0003406211723875026,0.16,0.012651010416448116,1.256230035551198e-07
9,0,0.00043396939088699826,0.16,0.0074702538549900055,1.2590822962010861e-07
9,0,0.0005640902620528522,0.16,0.010724756866693497,1.240252487377802e-07
9,0,0.0007350836525181749,0.18,0.010724756866693497,1.1854069015271307e-07
9,0,0.0007053734260153666,0.18,0.010724756866693497,9.740963946569536e-08
9,0,0.0006766573453051867,0.18,0.031428903341293335,7.872601770486654e-08
9,0,0.0006603034160208509,0.18,0.050933584570884705,6.567173471694332e-08
9,0,0.0006657635305459607,0.2,0.050933584570884705,5.931884317078584e-08
9,0,0.0006803220423721013,0.2,0.050933584570884705,5.5459384640244025e-08
9,0,0.0002799678855865108,0.2,0.044701553881168365,2.2844078628736497e-08
9,0,0.00027730452298829045,0.2,0.044701553881168365,1.9616576807379715e-08
9,0,0.00026106683980583827,0.2,0.03902432322502136,1.5859102475701548e-08
9,0,0.0002341861873347782,0.22,0.03902432322502136,1.2187132192309491e-08
9,0,0.0002080831608417859,0.22,0.03902432322502136,9.139673906588541e-09
9,0,0.00018757462988645571,0.22,0.03902432322502136,7.2093531144901135e-09
9,0,0.00017161558128318252,0.18,0.03902432322502136,6.216486436727564e-09
9,0,0.00016090835811078825,0.18,0.037108711898326874,5.7820379595341365e-09
9,0,0.00015443229318033407,0.18,0.037108711898326874,5.643790323972553e-09
9,0,0.00014874057377269203,0.18,0.037108711898326874,5.729212659844052e-09
9,0,0.00014302213529241857,0.18,0.037108711898326874,5.644963607664977e-09
9,0,0.00014089980399722968,0.18,0.040128204971551895,4.778580198205873e-09
9,0,0.00014142925330412926,0.18,0.040128204971551895,6.619460535262078e-09
9,0,0.0001416820263257443,0.18,0.07252096384763718,7.445313698895006e-09
9,0,0.00014178253114431605,0.18,0.07252096384763718,8.499084991342443e-09
9,0,0.00014314996947637556,0.18,0.07252096384763718,1.0148258233755314e-08
9,0,0.00014507277332549373,0.18,0.07252096384763718,1.2043035013675762e-08
9,0,0.00014751444671495914,0.18,0.07252096384763718,1.4054085006875994e-08
9,0,0.00015261726146562416,0.18,0.07252096384763718,1.6112441159066293e-08
9,0,0.0001565952816370563,0.18,0.06684069335460663,1.8070979379558594e-08
9,0,0.00015444571643324312,0.18,0.06684069335460663,1.8637077658922863e-08
9,0,0.0001379694326392431,0.18,0.06684069335460663,1.6704987615412392e-08
9,0,0.0001180813242714962,0.18,0.07139886915683746,1.3398331333291935e-08
9,0,0.00010496759513395296,0.18,0.07021068781614304,1.0135955186285628e-08
9,0,9.720550886799164e-05,0.18,0.0727219507098198,8.305118370799391e-09
9,0,9.013874282268193e-05,0.18,0.0727219507098198,6.406556174454181e-09
9,0,8.160681284629456e-05,0.18,0.0727219507098198,4.733116121258263e-09
9,0,7.489489623340599e-05,0.18,0.06742217391729355,3.395825176610856e-09
9,0,7.207176705993985e-05,0.18,0.06742217391729355,2.3727717568533535e-09
9,0,6.816951064688512e-05,0.18,0.06742217391729355,1.6757444321058301e-09
9,0,6.048092557978603e-05,0.18,0.06742217391729355,1.1389004184181317e-09
9,0,5.114878917525352e-05,0.18,0.06742217391729355,7.511766209056248e-10
9,0,4.380085164825822e-05,0.18,0.06742217391729355,5.030748595480361e-10
9,0,4.009703467124032e-05,0.18,0.06742217391729355,3.5349592697464516e-10
9,0,3.9428229432222504e-05,0.18,0.04295940324664116,2.6847038481214724e-10
9,0,9.790806008401004e-05,0.18,0.040389250963926315,8.769138748476735e-10
9,0,9.630662538735498e-05,0.18,0.03586476668715477,8.021774355881917e-10
9,0,0.0001001863835865884,0.18,0.03902271389961243,7.035914628694684e-10
9,0,0.00010633553728641464,0.18,0.02124973200261593,6.808641983546693e-10
9,0,0.00011126837520075189,0.18,0.02124973200261593,6.863037360638202e-10
9,0,0.00011383874987477648,0.18,0.02124973200261593,7.427480852584267e-10
9,0,0.0001141555207383888,0.18,0.022771144285798073,8.909730730977117e-10
9,0,0.00011433710732199866,0.2,0.024653874337673187,1.1249192688467247e-09
9,0,0.00011941232471210763,0.2,0.024653874337673187,9.898695196852714e-10
9,0,0.00012166866930740067,0.18,0.024653874337673187,1.1912490993637448e-09
9,0,0.00011838880198441172,0.18,0.024653874337673187,1.29302446527646e-09
9,0,0.00011383108664050627,0.16,0.024653874337673187,1.3988984415291839e-09
9,0,0.00010931125478341564,0.16,0.01924930512905121,1.465297660985243e-09
9,0,0.00010484937442838261,0.16,0.01924930512905121,1.4832262085207049e-09
9,0,0.0001008396581325123,0.16,0.01836852915585041,1.487441836367509e-09
9,0,9.734150172833119e-05,0.16,0.03381495922803879,1.4864349751064765e-09
9,0,9.470419353370612e-05,0.16,0.03381495922803879,1.497110657666667e-09
9,0,9.212728979946967e-05,0.16,0.033938948065042496,1.4733998465743525e-09
9,0,8.760630866490662e-05,0.16,0.033938948065042496,1.422402973183523e-09
9,0,8.003795227341585e-05,0.16,0.03240823373198509,1.4385220792334508e-09
9,0,4.606795280067771e-05,0.16,0.028765670955181122,4.825582156087194e-10
9,0,4.6757018707356905e-05,0.16,0.028765670955181122,5.326415974948873e-10
9,0,5.023011917945877e-05,0.14,0.05248778685927391,5.877885400629168e-10
9,0,5.4035042348323734e-05,0.16,0.05248778685927391,6.802463037303141e-10
9,0,5.873882518062879e-05,0.16,0.05248778685927391,7.887683284302227e-10
9,0,6.36189678004656e-05,0.16,0.05248778685927391,8.894279757143408e-10
9,0,6.789149994314956e-05,0.16,0.05248778685927391,9.677879608815942e-10
9,0,7.190091530264098e-05,0.16,0.05248778685927391,1.0175968956360748e-09
9,0,7.626388622526792e-05,0.16,0.05248778685927391,1.0402630978845195e-09
9,0,8.021131246836491e-05,0.16,0.05248778685927391,1.051558284892451e-09
9,0,8.243259716301321e-05,0.16,0.05248778685927391,1.0204851408346371e-09
9,0,8.506491880155299e-05,0.16,0.05248778685927391,9.714312687592042e-10
9,0,8.953486716460797e-05,0.2,0.048377979546785355,9.173796722272698e-10
9,0,9.457992186179116e-05,0.18,0.048377979546785355,8.22335366468252e-10
9,0,9.637170109342363e-05,0.18,0.048377979546785355,8.260106487689711e-10
9,0,9.525772123883341e-05,0.18,0.04088529944419861,6.976249022905279e-10
9,0,9.739401516624829e-05,0.2,0.04088529944419861,6.432929189337244e-10
9,0,0.00010051191594115825,0.2,0.04088529944419861,5.755265153339906e-10
9,0,9.928782441101096e-05,0.2,0.04088529944419861,5.055160734457331e-10
9,0,9.54219283487197e-05,0.22,0.05999031662940979,4.303519762771657e-10
9,0,9.54276692679124e-05,0.22,0.05999031662940979,3.2551533690750034e-10
9,0,9.745419919690191e-05,0.22,0.05999031662940979,2.667105702958139e-10
9,0,9.766860022179382e-05,0.22,0.05999031662940979,2.348456984435643e-10
9,0,9.85494277634284e-05,0.22,0.05999031662940979,2.1079074596919156e-10
9,0,0.00010159554196840447,0.24,0.05999031662940979,2.0482276985589465e-10
9,0,0.00010864497366975752,0.24,0.05999031662940979,2.1415025308613167e-10
9,0,2.4796014463020487e-05,0.14,0.013653533533215523,6.304507610410681e-11
9,0,2.6778968722976073e-05,0.14,0.013653533533215523,6.344290370829953e-11
9,0,2.826520739204545e-05,0.14,0.014793828129768372,6.607054486851283e-11
9,0,3.0335710594735015e-05,0.14,0.014793828129768372,7.056324274890002e-11
9,0,3.338445032299117e-05,0.14,0.014793828129768372,8.15820327959571e-11
9,0,3.6732001080646206e-05,0.14,0.014793828129768372,1.0153976964799583e-10
9,0,4.1248588342879625e-05,0.14,0.014793828129768372,1.2728970655295768e-10
9,0,4.698380972633241e-05,0.14,0.014793828129768372,1.5783284401660325e-10
9,0,5.399187586225851e-05,0.14,0.025126660242676735,1.9853201027597578e-10
9,0,6.238938418049941e-05,0.14,0.025126660242676735,2.4500335094046477e-10
9,0,7.051976374883615e-05,0.14,0.025126660242676735,2.98288949096559e-10
9,0,7.620657078107171e-05,0.14,0.025126660242676735,3.657145974944598e-10
9,0,8.123990485479786e-05,0.14,0.025126660242676735,4.2645517672745825e-10
9,0,8.801595700390287e-05,0.16,0.021156413480639458,4.682944032552427e-10
9,0,9.434881680315307e-05,0.16,0.014179263263940811,5.098347299892225e-10
9,0,0.00010225826044519373,0.2,0.014179263263940811,6.034631128137846e-10
9,0,0.00011276443953796094,0.2,0.038854457437992096,7.602037332965494e-10
9,0,0.00012255520103409017,0.2,0.04598988592624664,9.173096726655672e-10
9,0,0.00012797388835942408,0.2,0.04598988592624664,9.758920338498456e-10
9,0,0.00012871201402769758,0.2,0.04598988592624664,1.0057856769662976e-09
9,0,0.00012747882523119286,0.2,0.04598988592624664,9.502737485789226e-10
9,0,0.00013353736621958534,0.2,0.04598988592624664,9.901489628205695e-10
9,0,0.00015540923979391914,0.2,0.04598988592624664,1.111376768392347e-09
9,0,0.00017660967580906536,0.2,0.04598988592624664,1.2524347114961643e-09
9,0,0.00018580277813177415,0.22,0.04598988592624664,1.373349323152695e-09
9,0,0.00018227990224686937,0.2,0.04598988592624664,1.3806243925884587e-09
9,0,0.0001675948004895134,0.2,0.04598988592624664,1.3178229618659998e-09
9,0,0.0001508825216141053,0.22,0.04598988592624664,1.1783770625939383e-09
9,0,0.00014028300731273418,0.22,0.019466465339064598,1.067026467183041e-09
9,0,0.0001338631756849584,0.22,0.019466465339064598,8.396524031617503e-10
9,0,0.00012944227922226124,0.22,0.019466465339064598,6.870267132974561e-10
9,0,0.0001273302268886019,0.22,0.01637556031346321,5.808563630083086e-10
9,0,0.0001304162486036072,0.22,0.010957427322864532,5.357655985527288e-10
9,0,0.0001430010817668683,0.22,0.020947551354765892,5.366635469350456e-10
9,0,0.00016529169787676178,0.2,0.026644045487046242,5.313833262299283e-10
9,0,0.00015105115217393456,0.2,0.026644045487046242,4.774177164712512e-10
9,0,0.00019186412223820624,0.22,0.026644045487046242,4.726762314888333e-10
9,0,0.00021917869781006689,0.24,0.02680409513413906,3.946865057002924e-10
9,0,0.00018121351162796607,0.28,0.02983945608139038,2.6208826775508953e-10
9,0,0.00011568825968172279,0.28,0.03706430271267891,1.505660873757364e-10
9,0,0.00010133945248627073,0.2,0.020226841792464256,1.070013730397612e-10
9,0,0.00010992470157640933,0.22,0.000337639037752524,8.567714593343823e-11
9,0,0.00019942519991733956,0.2,0.0004916480393148959,1.2298716212111316e-10
9,0,0.0002616047600703274,0.18,0.00039795335032977164,1.259851528656597e-10
9,0,0.00027004280722141017,0.18,0.0005776010220870376,1.4377724011360726e-10
9,0,0.0002651521619675688,0.18,0.0005776010220870376,1.4400530767844089e-10
9,0,0.00025358270948681725,0.18,0.0008618519059382379,1.39435032964208e-10
9,0,0.00023239601019126672,0.16,0.0008618519059382379,1.377367248034389e-10
9,0,0.00021222893276292727,0.16,0.0008170997025445104,1.4234850798100496e-10
9,0,0.00019190897254066778,0.14,0.0008170997025445104,1.3100408258193141e-10
9,0,0.00017080003931227908,0.14,0.0009962179465219378,1.0726865229404581e-10
9,0,0.0001504793876495438,0.14,0.0006631725700572133,8.538317275430529e-11
9,0,0.0001340835341394815,0.14,0.0006631725700572133,7.311739408377704e-11
9,0,0.00012118101675709597,0.14,0.0006631725700572133,6.550663483873009e-11
9,0,0.00011127311331958171,0.14,0.0006631725700572133,6.188843881815842e-11
9,0,0.00010472921270488854,0.14,0.0006631725700572133,6.092732568463433e-11
9,0,9.971587321131886e-05,0.14,0.000443067227024585,6.106448680043286e-11
9,0,9.580833945633656e-05,0.14,0.0008545360760763288,6.487980985792063e-11
9,0,9.136914997168154e-05,0.12,0.0008545360760763288,6.510641331614053e-11
9,0,0.00015814917514000835,0.16,0.0009858068078756332,1.858937864751553e-10
9,0,0.00015333116622858755,0.16,0.0009858068078756332,2.070814769661311e-10
9,0,0.00015078541360639305,0.16,0.0009819859405979514,2.37828007287888e-10
9,0,0.00015166412943186226,0.18,0.00113096262793988,2.822295730453561e-10
9,0,0.0001552317140999252,0.16,0.00113096262793988,3.4559580197601747e-10
9,0,0.00016053442995199137,0.16,0.0018542654579505324,4.216621218855465e-10
9,0,0.00016461197289708389,0.18,0.0018542654579505324,4.944429310427267e-10
9,0,0.00016532279448165847,0.18,0.0018542654579505324,5.618031595489015e-10
9,0,0.00016867774508606527,0.18,0.0014684853376820683,6.306171140835204e-10
9,0,0.00017359766078035702,0.18,0.0009777112863957882,7.061579654354944e-10
9,0,0.00018071325976890811,0.16,0.0009777112863957882,7.772894550228671e-10
9,0,0.00018797232602226442,0.16,0.0009777112863957882,8.308013721425311e-10
9,0,0.00019369085229191773,0.16,0.0004051029391121119,8.735234757750732e-10
9,0,0.0001998727265986263,0.16,0.0004051029391121119,9.190241900824958e-10
9,0,0.0002107889014049076,0.18,0.0004051029391121119,9.795041444604635e-10
9,0,0.00022561412252360778,0.2,0.0004051029391121119,1.0752845280848078e-09
9,0,0.00024353224808669016,0.18,0.0004051029391121119,1.1797983701100634e-09
9,0,0.0002575026058339712,0.18,0.0005692981649190187,1.29683053184948e-09
9,0,0.00026757594920154916,0.18,0.0005692981649190187,1.4769477862941471e-09
9,0,0.0002757086044726858,0.18,0.0008771376451477408,1.7931128803994056e-09
9,0,0.00029259546868282404,0.16,0.000834107690025121,2.3883413025060918e-09
9,0,0.0003203396820515504,0.16,0.000834107690025121,3.5023308697645916e-09
9,0,0.0003544281899681447,0.16,0.0008634214173071086,5.067540165271112e-09
9,0,0.0003674727451872602,0.16,0.0011401110095903277,7.291691694888414e-09
9,0,0.000383580630201822,0.16,0.0011401110095903277,1.0326409949357185e-08
9,0,0.00042233593265127866,0.16,0.0011401110095903277,1.3720459435262455e-08
9,0,0.0004475246431036706,0.16,0.0011401110095903277,1.9357514702278422e-08
9,0,0.0004548091355866172,0.16,0.0011792138684540987,2.972016943658673e-08
9,0,0.0004598732426261069,0.16,0.0021468838676810265,5.10873867654027e-08
9,0,0.0004759437366293361,0.16,0.0021468838676810265,8.584296296021421e-08
9,0,0.0005191392189859536,0.16,0.0021468838676810265,1.3806912591007858e-07
9,0,0.0006200930931363565,0.18,0.0024362169206142426,2.0928590060975694e-07
9,0,0.0005867737288518501,0.2,0.0020175904501229525,2.1465207566961908e-07
9,0,0.0005974889616282942,0.2,0.0020175904501229525,2.2244698527629225e-07
9,0,0.0005972023072619069,0.2,0.003611653810366988,2.6700206490204437e-07
9,0,0.0007357664681653638,0.22,0.006750812754034996,4.827318207389908e-07
9,0,0.0008332879189429219,0.24,0.00686197355389595,8.076403332779591e-07
9,0,0.0009280724847243829,0.24,0.0048633357509970665,1.1905088967978372e-06
9,0,0.0010319106140142854,0.24,0.0048633357509970665,1.479973775531107e-06
9,0,0.00110610086993783,0.26,0.0048633357509970665,1.6250637600023765e-06
9,0,0.0010922466524762935,0.28,0.006132218986749649,1.6212001128224074e-06
9,0,0.0010347239908735128,0.28,0.00812617689371109,1.5173271776802721e-06
9,0,0.0009629578711830481,0.3,0.009757809340953827,1.3112843362250715e-06
9,0,0.0009230608596435755,0.3,0.005899866111576557,1.0896172852881136e-06
9,0,0.0009885272327329242,0.3,0.0060144755989313126,8.153219255291333e-07
9,0,0.0010734603512837547,0.3,0.00449293153360486,7.637825660822273e-07
9,0,0.0011707502695534372,0.34,0.006291565019637346,7.428989192703739e-07
9,0,0.0012859194924830627,0.34,0.005406138487160206,6.608185572076763e-07
9,0,0.0013796621143706456,0.32,0.0054406761191785336,5.796306368210935e-07
9,0,0.0017037654470564397,0.32,0.0054406761191785336,2.769126012935885e-07
9,0,0.002271321052108141,0.32,0.006635682191699743,1.0374819936487256e-07
9,0,0.0016236720886107277,0.32,0.0054406761191785336,7.851637917610788e-08
9,0,0.00094032722344192,0.3,0.0040944949723780155,7.242018540409845e-08
9,0,0.000977789746177668,0.2,0.006191898602992296,1.4364449896220322e-07
9,0,0.0013566012568711117,0.16,0.0025463667698204517,3.614994739109534e-07
9,0,0.0024805411364497887,0.16,0.006584916729480028,1.4093150184635306e-06
9,0,0.002705961458660395,0.12,0.004976023454219103,1.1482208037705277e-06
9,0,0.0023898856677446534,0.12,0.004976023454219103,9.50056858073367e-07
9,0,0.002409676135752362,0.1,0.005121318157762289,1.3883869769415469e-06
9,0,0.002838236825021665,0.12,0.005674859508872032,2.477976750014932e-06
9,0,0.003311361652730577,0.12,0.004937193356454372,5.33755473952624e-06
9,0,0.003537410785258203,0.12,0.004193971399217844,1.3503588888852391e-05
9,0,0.0039448008965839694,0.1,0.004866232629865408,2.6368552425992675e-05
9,0,0.004453142953088409,0.1,0.003772286931052804,4.459666524780914e-05
9,0,0.00486762558988032,0.1,0.008484244346618652,6.600491906283423e-05
9,0,0.005148803199058864,0.08,0.007581018377095461,8.310110570164397e-05
9,0,0.005687950610401217,0.06,0.0035382879432290792,0.00010309149365639314
9,0,0.0052036812906670555,0.06,0.003284371690824628,7.683804142288864e-05
9,0,0.005038000158955304,0.12,0.003032730193808675,4.61496201751288e-05
9,0,0.00470423981421546,0.1,0.0016159859951585531,2.4713877792237327e-05
9,0,0.004182611706990474,0.1,0.001129883574321866,1.2928733667649794e-05
9,0,0.004904413959278578,0.1,0.001129883574321866,9.894294635159895e-06
9,0,0.005642313324655545,0.1,0.001129883574321866,8.876821084413677e-06
9,0,0.006253187998736777,0.1,0.0008797126356512308,9.903678801492788e-06
9,0,0.006366846303237915,0.1,0.0003764909051824361,1.3721129107580055e-05
9,0,0.006194594834493547,0.1,0.0003764909051824361,2.9216320399427786e-05
9,0,0.006312687090726256,0.08,0.0003764909051824361,8.805847755866125e-05
9,0,0.005481689917987346,0.08,0.000569452065974474,0.00015783941489644349
9,0,0.004820640159326007,0.12,0.0016431254334747791,0.00022575467301066965
9,0,0.0050016971193475165,0.14,0.0016431254334747791,0.0003688355500344187
9,0,0.004955181066717677,0.16,0.0017432044260203838,0.0004537472268566489
9,0,0.004597779004162559,0.14,0.001363864983431995,0.0003686806885525584
9,0,0.0037214597640935717,0.14,0.0004725834005512297,0.00025620957603678107
9,0,0.0037034673075624007,0.12,0.0004725834005512297,0.00014160956197883934
9,0,0.003855013557904973,0.1,0.0003124370414298028,6.861823203507811e-05
9,0,0.004477715858598968,0.1,0.0003124370414298028,5.7691468100529164e-05
9,0,0.004275771696562814,0.1,0.0003124370414298028,5.403210161603056e-05
9,0,0.0043606509491977904,0.1,0.0003868907515425235,5.8240813814336434e-05
9,0,0.004352355064394839,0.1,0.0003868907515425235,6.670665607089177e-05
9,0,0.004240695927363614,0.1,0.0003868907515425235,7.821471808711067e-05
9,0,0.004106895897110852,0.1,0.0003868907515425235,9.078734001377597e-05
9,0,0.003969320993257255,0.1,0.0003868907515425235,0.00010030741395894438
9,0,0.0038268849242739282,0.1,0.0005535178352147341,0.00010754495451692492
9,0,0.003668285197221945,0.1,0.0005535178352147341,0.00011128297046525404
9,0,0.003491898888104514,0.12,0.0005535178352147341,0.00011082136916229501
9,0,0.003325134635158397,0.14,0.0007081442163325846,0.00010952382581308484
9,0,0.0032055694980193112,0.16,0.0007081442163325846,0.00011299373727524653
9,0,0.0032130354859837493,0.16,0.0007081442163325846,0.00012595849693752825
9,0,0.0033557794105556786,0.16,0.0006668948917649686,9.095857240026817e-05
9,0,0.0035526795753047925,0.16,0.0006668948917649686,6.428563210647553e-05
9,0,0.003755240708823286,0.14,0.0006668948917649686,5.2182549552526325e-05
9,0,0.003939207290074287,0.14,0.0006668948917649686,3.484591798041947e-05
9,0,0.004055421106687726,0.14,0.0007717726402916014,2.5947823814931326e-05
9,0,0.0038776077556139676,0.14,0.0007717726402916014,2.916178709710948e-05
9,0,0.0035820978037070152,0.16,0.0007717726402916014,3.284910781076178e-05
9,0,0.003406029319286939,0.16,0.0007717726402916014,3.5449498682282865e-05
9,0,0.00331271715755562,0.16,0.0007717726402916014,3.5065058909822255e-05
9,0,0.0033321041160554246,0.16,0.0007255866657942533,2.4574745111749507e-05
9,0,0.0033132749804168624,0.16,0.0006668948917649686,1.8131684555555694e-05
9,0,0.00295311899176219,0.14,0.0007081442163325846,1.591983345861081e-05
9,0,0.0023886489110656523,0.14,0.0007081442163325846,9.798834071261808e-06
9,0,0.002626400579338996,0.14,0.0007081442163325846,7.101861683622701e-06
9,0,0.00305936314603638,0.14,0.0009052696987055242,5.5612781579839066e-06
9,0,0.0038455789798750484,0.18,0.0009052696987055242,6.065398792998167e-06
9,0,0.0037678448037323986,0.18,0.0009052696987055242,5.252339633443626e-06
9,0,0.003943261150451829,0.16,0.0009052696987055242,6.53277538731345e-06
9,0,0.00425392527429885,0.14,0.0007081442163325846,9.51697802520357e-06
9,0,0.004613850872724415,0.16,0.0007099521462805569,1.3427769772533793e-05
9,0,0.004949336112037261,0.14,0.0007099521462805569,1.8151962649426423e-05
9,0,0.005066970453884547,0.12,0.000554931175429374,2.1875932361581363e-05
9,0,0.004982305465327965,0.1,0.000554931175429374,2.1861504137632437e-05
9,0,0.0049791322698512445,0.1,0.000554931175429374,1.8858201656257734e-05
9,0,0.005198868230866567,0.08,0.000554931175429374,1.8411172277410515e-05
9,0,0.005638113603125802,0.1,0.000554931175429374,2.3597180188517086e-05
9,0,0.006355620205357844,0.1,0.000554931175429374,3.4370736102573574e-05
9,0,0.0068658036816657666,0.1,0.000554931175429374,5.0049988203682005e-05
9,0,0.006625087329014513,0.1,0.000554931175429374,7.786547212162986e-05
9,0,0.006403051097096986,0.1,0.0005535178352147341,9.703284013085067e-05
9,0,0.006411733117796607,0.12,0.0005535178352147341,9.609288827050477e-05
9,0,0.006149495740493544,0.14,0.0006668948917649686,6.639986531808972e-05
9,0,0.005804184657848732,0.16,0.0006668948917649686,4.7011664719320834e-05
9,0,0.00556469339731884,0.16,0.0006668948917649686,4.28218518209178e-05
9,0,0.005274714039111658,0.16,0.0006668948917649686,3.256670242990367e-05
9,0,0.005088288660515655,0.16,0.0006668948917649686,2.2070204067858867e-05
9,0,0.005041050880453162,0.12,0.0006668948917649686,1.2712681382254232e-05
9,0,0.004755696490239749,0.14,0.0006668948917649686,7.3066157710854895e-06
9,0,0.004492864007531931,0.14,0.0006668948917649686,4.430976332514547e-06
9,0,0.0044205610224925555,0.14,0.0006668948917649686,2.0783209038199857e-06
9,0,0.004164563135976759,0.14,0.000828241347335279,1.3264869949125568e-06
9,0,0.0037022389210956187,0.12,0.000828241347335279,1.1931913377338788e-06
9,0,0.0033471569961413057,0.14,0.000828241347335279,1.056079213412886e-06
9,0,0.003076060507736968,0.14,0.000828241347335279,1.040357801684877e-06
9,0,0.0028691173838474035,0.14,0.0006876683328300714,9.399810778631945e-07
9,0,0.00276992470386686,0.14,0.0005515639204531908,8.933985782277887e-07
9,0,0.0026236839727585824,0.14,0.0005551049252972007,8.349863378498412e-07
9,0,0.00238248670752722,0.14,0.0005551049252972007,7.36117272026604e-07
9,0,0.00207008235651432,0.14,0.0006938494043424726,5.975318799755769e-07
9,0,0.0017519523119828712,0.16,0.0006938494043424726,4.429018929386075e-07
9,0,0.0015059793488462524,0.16,0.0006938494043424726,2.961633924769558e-07
9,0,0.0019307254069556943,0.16,0.0008356848848052323,2.8568152288244164e-07
9,0,0.0019272627623158447,0.14,0.0008356848848052323,2.0902240294162766e-07
9,0,0.0020625911682595564,0.14,0.0008356848848052323,1.5249084128754475e-07
9,0,0.0023058991127940906,0.14,0.0008073120261542499,1.132995208763532e-07
9,0,0.0026052215626302284,0.14,0.0008073120261542499,9.01510830431107e-08
9,0,0.002800483336893495,0.16,0.0008073120261542499,8.964867248550945e-08
9,0,0.002941281467213123,0.12,0.0008356848848052323,1.1092071616758403e-07
9,0,0.003283367822524587,0.14,0.0008356848848052323,1.369661788430676e-07
9,0,0.003850581451741881,0.14,0.0008356848848052323,1.7761260551196756e-07
9,0,0.004452117920480864,0.14,0.0008356848848052323,2.7387656587052334e-07
9,0,0.00500381435840531,0.14,0.0008356848848052323,4.247468439189106e-07
9,0,0.005521762722479131,0.14,0.0008356848848052323,5.53769268663018e-07
9,0,0.005911141177535493,0.14,0.0008356848848052323,6.791551641072147e-07
9,0,0.006124222613553379,0.14,0.0008356848848052323,7.132271662158018e-07
9,0,0.0062551813812215355,0.14,0.0008356848848052323,7.129116283977055e-07
9,0,0.0063027855217827515,0.16,0.0008356848848052323,6.921040380802879e-07
9,0,0.006236144280493806,0.16,0.0008356848848052323,6.46279488591972e-07
9,0,0.006046552047730343,0.14,0.0008356848848052323,5.720784201912466e-07
9,0,0.005763244608455681,0.12,0.0006685975240543485,4.7534564373563626e-07
9,0,0.005429575643586332,0.12,0.0006685975240543485,3.665774954697554e-07
9,0,0.005015218429131506,0.12,0.0006685975240543485,2.083487373738535e-07
9,0,0.0045349880099879265,0.12,0.0006685975240543485,1.3147035815563868e-07
9,0,0.003929229846196637,0.1,0.0006685975240543485,8.827463204852393e-08
9,0,0.0033768254381188706,0.1,0.0006685975240543485,3.5531201092453557e-07
9,0,0.002910338828127454,0.1,0.00020220289297867566,4.2101238051373e-08
9,0,0.002549002540494953,0.12,0.00016389186203014106,3.373007473328471e-08
9,0,0.0023273944695164964,0.12,0.0005235610296949744,3.2533687743807604e-08
9,0,0.0022166115781300636,0.12,0.0005235610296949744,3.12990415807235e-08
9,0,0.0020107345439754586,0.14,0.0005235610296949744,3.311188834231871e-08
9,0,0.001660515317948459,0.14,0.0004346773202996701,4.068391490363865e-08
9,0,0.0014415013061013014,0.14,0.0004346773202996701,4.3406210181728966e-08
9,0,0.001333941534542123,0.14,0.0004499598580878228,4.132230557729599e-08
9,0,0.0012367070386062242,0.14,0.0004499598580878228,3.990074759485651e-08
9,0,0.0011264212500647264,0.12,0.0004499598580878228,3.876640519706598e-08
9,0,0.00103245111552739,0.12,0.0004499598580878228,3.6269593550741774e-08
9,0,0.0009878718240467455,0.12,0.0005551049252972007,3.284243277335008e-08
9,0,0.0010054248706396105,0.12,0.0005551049252972007,2.8231061932615376e-08
9,0,0.0010362114299949728,0.12,0.0005551049252972007,2.4045963442631546e-08
9,0,0.0010683223100489932,0.12,0.0005624388577416539,2.072923344087485e-08
9,0,0.00112083581390995,0.14,0.0005624388577416539,1.7208719782502158e-08
9,0,0.0011783977182541145,0.12,0.0006287972209975123,1.4627489441920716e-08
9,0,0.0012563272841713785,0.12,0.0003203282249160111,1.3646624275054364e-08
9,0,0.0014029444217203636,0.12,0.0005911624175496399,1.5286731880337356e-08
9,0,0.0016572966756442122,0.16,0.0006702888058498502,1.9884868862618532e-08
9,0,0.0020383967768777198,0.18,0.0006702888058498502,2.989094483041299e-08
9,0,0.0025053582748666035,0.18,0.0006702888058498502,4.8657632589765853e-08
9,0,0.0030178346444844784,0.2,0.0008869991288520396,8.773933046768434e-08
9,0,0.003617874399823742,0.16,0.0008869991288520396,1.6897138266358525e-07
9,0,0.0043038371833325475,0.16,0.0006933456752449274,3.504090955175343e-07
9,0,0.004946262842478203,0.12,0.0005837417556904256,6.830655365774874e-07
9,0,0.0054013525783448,0.12,0.0005837417556904256,1.3567940868597361e-06
9,0,0.00585516083913444,0.12,0.0005837417556904256,2.3417042029905133e-06
9,0,0.006290263989384485,0.1,0.0005837417556904256,3.832188667729497e-06
9,0,0.006722265499530922,0.1,0.00045659809256903827,4.798328973265598e-06
9,0,0.007211328074896607,0.1,0.00045659809256903827,5.371974111767486e-06
9,0,0.0075893354633364525,0.1,0.00045659809256903827,4.384660769574111e-06
9,0,0.007654854350719958,0.1,0.00045659809256903827,3.3078606520575704e-06
9,0,0.007373488013015548,0.1,0.0006532272673211992,2.2873869056638796e-06
9,0,0.006953276466920468,0.1,0.0005423423717729747,1.7485439229858457e-06
9,0,0.006560686421246929,0.08,0.0005423423717729747,1.1597388720474555e-06
9,0,0.006233062064070981,0.12,0.0008356848848052323,1.0527869562793057e-06
9,0,0.005937478504374917,0.14,0.0008356848848052323,9.319965670329111e-07
9,0,0.005578572270653272,0.12,0.0006685975240543485,7.017759457994543e-07
9,0,0.005031614566941743,0.12,0.0006685975240543485,5.352370635591797e-07
9,0,0.004399467182592151,0.1,0.0006685975240543485,4.1397882455385115e-07
9,0,0.0038562562451214064,0.14,0.0006685975240543485,3.0312941134980065e-07
9,0,0.0034133542471009443,0.14,0.0005551049252972007,2.0834437464145594e-07
9,0,0.0030028625010209784,0.14,0.0005551049252972007,1.6232969812790543e-07
9,0,0.0025917661799583665,0.14,0.0005551049252972007,1.418017063770094e-07
9,0,0.00222479029425695,0.16,0.0005551049252972007,1.2854431474806916e-07
9,0,0.0018873898772350628,0.18,0.0005551049252972007,1.1556060286466163e-07
9,0,0.0015698078013203218,0.18,0.0005551049252972007,1.037759105315672e-07
9,0,0.0012994406587563876,0.14,0.000836688035633415,9.088899588505228e-08
9,0,0.0011190570326018966,0.14,0.000215048436075449,7.219276909609107e-08
9,0,0.001005705941768027,0.14,0.000215048436075449,5.102983280380613e-08
9,0,0.0008883045326824732,0.12,0.000215048436075449,3.639085832674027e-08
9,0,0.0007712653426491611,0.1,0.000215048436075449,2.410092392324259e-08
9,0,0.0006797727026180045,0.1,0.00018902063311543316,1.5913643736098493e-08
9,0,0.0006363136469372835,0.08,0.00018902063311543316,1.0988759235885937e-08
9,0,0.0006471364587389791,0.08,0.00018902063311543316,7.22882287362836e-09
9,0,0.0006653960293910849,0.08,0.0004879396874457598,5.054074492250038e-09
9,0,0.0006553041303968167,0.06,0.0004879396874457598,4.1277457007993235e-09
9,0,0.0006749314861967002,0.04,0.0004879396874457598,3.163597162014753e-09
9,0,0.0007231243881861565,0.02,0.0004879396874457598,2.6104371997348608e-09
9,0,0.0007971244559209871,0.02,0.0004879396874457598,2.52753729057531e-09
9,0,0.0009019047737529328,0.08,0.0004598934028763324,2.8593480916327962e-09
9,0,0.001051007526293978,0.08,0.0004598934028763324,3.6859295615698784e-09
9,0,0.00126854501793967,0.1,0.0004598934028763324,5.3785771392256265e-09
9,0,0.0015882136229387917,0.1,0.0003594539884943515,7.435621007800819e-09
9,0,0.00199590730740115,0.08,0.0003594539884943515,8.707591092615985e-09
9,0,0.0023149959910469253,0.08,0.00014868898142594844,1.1249156273152039e-08
9,0,0.002585321453494973,0.08,0.00014868898142594844,1.4501178036141482e-08
9,0,0.003014833629193778,0.08,0.00014868898142594844,1.3216396865800561e-08
9,0,0.00333876689571024,0.1,0.00014868898142594844,1.1333082028386343e-08
9,0,0.0036255401365712396,0.1,0.00014868898142594844,1.934614601850626e-08
9,0,0.0038500790959864555,0.1,0.00014013976033311337,2.2716942993383782e-08
9,0,0.003963452432679351,0.1,0.00014013976033311337,2.098874851697019e-08
9,0,0.004028640033461632,0.1,0.00025123279192484915,1.702981933249248e-08
9,0,0.004032102543168911,0.08,0.00025123279192484915,1.2159409479295391e-08
9,0,0.003742747713928578,0.08,0.00025123279192484915,8.415703689479415e-09
9,0,0.003222098148665903,0.06,0.00025123279192484915,5.695904192748458e-09
9,0,0.002632925669199734,0.06,0.0002582419547252357,3.891499122943287e-09
9,0,0.0021159862361209395,0.06,0.0002582419547252357,2.9712274862703225e-09
9,0,0.0017242837063284743,0.06,0.0002582419547252357,2.0721038218596277e-09
9,0,0.0014627920965688298,0.06,0.00011564740998437628,1.5533317965221727e-09
9,0,0.0012912922306519898,0.06,0.00014797189214732498,1.2053715803261866e-09
9,0,0.0011505921034295086,0.06,0.00014797189214732498,9.570129133606997e-10
9,0,0.0010069417829804638,0.06,0.00014797189214732498,7.324654216489535e-10
9,0,0.0008609738216849574,0.06,0.00014797189214732498,5.786690571163433e-10
9,0,0.0007180701319835508,0.06,0.00014797189214732498,5.03180441757678e-10
9,0,0.0005981999614239165,0.06,0.00014797189214732498,4.6347906068611167e-10
9,0,0.0005101340352178668,0.06,0.00014797189214732498,4.4153247724665334e-10
9,0,0.00044073900359446673,0.06,0.00014797189214732498,4.64312560621849e-10
9,0,0.0003833462855051222,0.06,0.00014797189214732498,5.230791355614883e-10
9,0,0.00034623352890801265,0.06,0.00014797189214732498,5.325562768554448e-10
9,0,0.00032040215561957453,0.06,0.00014797189214732498,4.606605652490714e-10
9,0,0.0002884437547468708,0.06,0.00014797189214732498,3.824914829309023e-10
9,0,0.0002577396675271449,0.06,0.00014797189214732498,3.0179125865004153e-10
9,0,0.0002427306859785325,0.04,0.00014797189214732498,2.0264744049480754e-10
9,0,0.00023671748535259192,0.04,0.00014797189214732498,1.434942442646303e-10
9,0,0.00023551377287099037,0.04,0.00014797189214732498,1.2914708191757995e-10
9,0,0.00024106142518926473,0.04,0.00014797189214732498,8.396696532519954e-11
9,0,0.00025861190406319877,0.04,0.00014797189214732498,7.466282453405526e-11
9,0,0.000287403950094134,0.04,0.00014797189214732498,7.448701377921196e-11
9,0,0.00033064954787890194,0.08,5.731004785047844e-05,8.946782203977932e-11
9,0,0.00038705944385728657,0.08,5.731004785047844e-05,1.2369409663204323e-10
9,0,0.00044865027313140143,0.08,5.731004785047844e-05,1.7161079501892829e-10
9,0,0.0005021695568001873,0.04,4.478977280086838e-05,2.0513554743750717e-10
9,0,0.0005364752847589021,0.04,2.5588196876924485e-05,2.619753025623339e-10
9,0,0.0005698218135445466,0.04,2.5424860723433085e-05,3.3195390880536024e-10
9,0,0.0006536259824511924,0.04,2.9615242965519428e-05,3.2784694403709125e-10
9,0,0.0007688308508143355,0.04,2.980749195558019e-05,3.1354463470023575e-10
9,0,0.0008582581168336616,0.04,4.4792763219447806e-05,3.6919856061246037e-10
9,0,0.0009355278722067274,0.04,4.5080523705109954e-05,4.6143971976775333e-10
9,0,0.0010083341139705381,0.04,5.310849519446492e-05,4.6483533688856937e-10
9,0,0.0010556846096802994,0.06,5.310849519446492e-05,4.00694727398232e-10
9,0,0.0010492150864914048,0.06,9.52155896811746e-05,3.339613585673362e-10
9,0,0.0009632538454914733,0.06,9.52155896811746e-05,2.6889984683364787e-10
9,0,0.0008506592293058564,0.06,9.52155896811746e-05,2.042364333210145e-10
9,0,0.0007286867015498143,0.06,9.52155896811746e-05,1.51993209684953e-10
9,0,0.0006104531949913593,0.06,9.52155896811746e-05,1.165287866200515e-10
9,0,0.0005243452076237208,0.06,0.0001362402836093679,9.700734660000876e-11
9,0,0.00046210742164800667,0.06,0.00014936224033590406,7.661643541823082e-11
9,0,0.0004158404768386042,0.06,0.00014936224033590406,6.318182782516502e-11
9,0,0.00038234362913443893,0.06,0.00014936224033590406,5.427491095444381e-11
9,0,0.0003522704402589115,0.08,0.00019110868743155152,4.446236781530111e-11
9,0,0.00031811224950782283,0.08,6.751577893737704e-05,3.859532832217738e-11
9,0,0.0002744138338368073,0.08,6.751577893737704e-05,3.697727540830087e-11
9,0,0.00022930678872542121,0.08,7.401904440484941e-05,3.7427286964097917e-11
9,0,0.00019927055159713655,0.06,7.401904440484941e-05,4.23991883269359e-11
9,0,0.00018360386223614648,0.06,7.401904440484941e-05,4.976158721192725e-11
9,0,0.00017360845141405003,0.06,7.401904440484941e-05,6.37476044174079e-11
9,0,0.0001594919677769835,0.06,7.401904440484941e-05,7.096654514038292e-11
9,0,0.0001413616822217647,0.06,0.00019110868743155152,7.719953148965786e-11
9,0,0.00012787600446880168,0.06,0.00019110868743155152,7.442169103200058e-11
9,0,0.00012027834518959235,0.06,7.401904440484941e-05,6.099371702150691e-11
9,0,0.00011477543278572135,0.06,7.401904440484941e-05,4.571800923947045e-11
9,0,0.00011001808789050672,0.06,7.401904440484941e-05,3.175055357518275e-11
9,0,0.00010913035446297633,0.06,7.401904440484941e-05,2.3650156485977014e-11
9,0,0.00011097202636304039,0.06,7.401904440484941e-05,1.9006265311594106e-11
9,0,0.00011649771637946536,0.08,7.401904440484941e-05,1.795051260411462e-11
9,0,0.00013068572972557146,0.08,7.401904440484941e-05,1.952617234568521e-11
9,0,0.00015918530029634647,0.08,7.401904440484941e-05,2.3746796196100206e-11
9,0,0.0001975436149126131,0.08,5.7848643336910754e-05,2.8109159097566838e-11
9,0,0.00023133510682248203,0.06,5.397385757532902e-05,4.1511596243770654e-11
9,0,0.0002664200405166623,0.06,3.304885467514396e-05,6.55382484393563e-11
9,0,0.00032185988872493395,0.06,2.426670653221663e-05,9.622012908661048e-11
9,0,0.00039665362801054565,0.06,2.346113251405768e-05,1.5045958923209923e-10
9,0,0.0004911799743860767,0.06,2.9997694582561962e-05,2.3083683575730873e-10
9,0,0.0006075883672031876,0.02,2.851127828762401e-05,3.293479933219601e-10
9,0,0.0007382377192482897,0.02,2.851127828762401e-05,4.740829395721846e-10
9,0,0.0008769803721077703,0.04,2.851127828762401e-05,6.596543311587766e-10
9,0,0.0010197011341498907,0.04,2.851127828762401e-05,7.779880628611124e-10
9,0,0.001157461991624617,0.04,2.851127828762401e-05,7.707023352843123e-10
9,0,0.001276208881495095,0.04,3.507201836328022e-05,6.578475542085016e-10
9,0,0.0013581978675349714,0.04,5.72778626519721e-05,5.369051869763553e-10
9,0,0.0013692851710389708,0.04,2.8848147849203087e-05,4.826244959232895e-10
9,0,0.0013782415856414688,0.04,2.8848147849203087e-05,4.349616777865606e-10
9,0,0.001445317372709935,0.04,6.138983007986099e-05,3.2049682352486286e-10
9,0,0.0014797012435882537,0.04,6.138983007986099e-05,2.333962190181893e-10
9,0,0.0014441290950195933,0.04,6.138983007986099e-05,1.816880396132703e-10
9,0,0.0013864163482943802,0.04,6.138983007986099e-05,1.4190365549282546e-10
9,0,0.0013249550626381846,0.04,6.138983007986099e-05,1.2018401551738833e-10
9,0,0.0012555549955793597,0.04,6.138983007986099e-05,1.1400713706422039e-10
9,0,0.0012002782971796187,0.04,6.138983007986099e-05,1.20518012236559e-10
9,0,0.001183061176114821,0.04,0.00011006207205355167,1.1080515394112922e-09
9,0,0.0011900701090554542,0.04,0.0001218526522279717,2.0968800307219482e-10
9,0,0.001210407804446936,0.04,0.0001218526522279717,3.570030659982848e-10
9,0,0.001174215496129022,0.06,0.00012903689639642835,7.129300483299517e-10
9,0,0.0010571193697414022,0.06,0.00018463116430211812,1.5015488852299086e-09
9,0,0.0009522619993547668,0.06,0.00018463116430211812,2.493834694305974e-09
9,0,0.0008377707768973916,0.06,0.00018463116430211812,4.212451276686124e-09
9,0,0.0007157238979039758,0.06,0.00018463116430211812,9.388576138746885e-09
9,0,0.0006756292571577808,0.08,0.00022239642567001283,1.644405678291605e-08
9,0,0.0006684832131977307,0.08,0.00023596250684931874,2.3517271685591368e-08
9,0,0.0006237068773953385,0.08,0.00023596250684931874,3.25647917520655e-08
9,0,0.0006118447742172225,0.08,0.00024406288866885006,3.054683972436578e-08
9,0,0.0006303671459130173,0.1,0.00020261916506569833,2.3867483989192806e-08
9,0,0.0006389056848276395,0.1,0.00020261916506569833,1.603295096685997e-08
9,0,0.0006118007428812819,0.1,0.00020261916506569833,1.1801927435328707e-08
9,0,0.0005623795310448854,0.1,0.00020261916506569833,1.0467680944259428e-08
9,0,0.0005414368718418295,0.1,0.00020261916506569833,1.2667803694910162e-08
9,0,0.0005625711040999106,0.08,0.00020261916506569833,1.6052871032457006e-08
9,0,0.0005628316562946313,0.08,0.00017199479043483734,2.3708320640025704e-08
9,0,0.0005736816447655625,0.08,0.00017199479043483734,4.456678226461008e-08
9,0,0.0006743408492798627,0.08,0.00017199479043483734,6.056210111182736e-08
9,0,0.000825817429894418,0.08,0.00017199479043483734,6.685596076749789e-08
9,0,0.0009616154652439075,0.04,0.0001624192373128608,8.46865120252005e-08
9,0,0.0010979551150411425,0.04,0.0001913391606649384,1.1127374222041908e-07
9,0,0.0012663794496920561,0.04,9.324350685346872e-05,1.5065319303175784e-07
9,0,0.001487752747602698,0.06,9.324350685346872e-05,2.0993597615870385e-07
9,0,0.001706586766201399,0.06,9.324350685346872e-05,2.7401503643886826e-07
9,0,0.001837636984529647,0.06,9.324350685346872e-05,3.296230488558649e-07
9,0,0.0018616307689860946,0.06,9.264834807254374e-05,5.068707196187461e-07
9,0,0.001810462337780415,0.06,5.071329360362142e-05,6.73935517170321e-07
9,0,0.0018557241006065285,0.02,4.879254993284121e-05,5.947392764937831e-07
9,0,0.002022168253781712,0.02,4.879254993284121e-05,4.034106382277969e-07
9,0,0.0021325777547311063,0.04,4.717283445643261e-05,3.279455427218636e-07
9,0,0.002226841481067341,0.04,4.5970751671120524e-05,3.7194564583842293e-07
9,0,0.002281297909417277,0.04,4.5970751671120524e-05,4.041322370085254e-07
9,0,0.0024022321932563383,0.04,4.376649667392485e-05,4.966788651472598e-07
9,0,0.0028254932637709024,0.04,7.395540160359815e-05,6.77210323374311e-07
9,0,0.0024168198628304275,0.04,7.395540160359815e-05,8.427238640251744e-07
9,0,0.002464942601187536,0.04,0.00011355801689205691,1.558241365273716e-06
9,0,0.002169608781725323,0.06,0.00016517801850568503,2.9702289339184063e-06
9,0,0.0017960813979749186,0.08,0.00016517801850568503,5.79615243623266e-06
9,0,0.0021036299454095637,0.08,0.0005317414761520922,1.6654325008857995e-05
9,0,0.0019061235137003115,0.08,0.000564166868571192,3.512546754791401e-05
9,0,0.0018980622764958137,0.08,7.303011079784483e-05,7.739428110653535e-05
9,0,0.0020062283518690895,0.04,7.168416050262749e-05,0.00017376933828927577
9,0,0.0021547213946804863,0.06,9.867376502370462e-05,0.0003601093194447458
9,0,0.0022576487938174026,0.06,0.00010206162551185116,0.0006033990066498518
9,0,0.002257971786102962,0.04,0.00010206162551185116,0.0009674555622041225
9,0,0.0021832381243060833,0.04,0.00012211763532832265,0.0016414803685620427
9,0,0.002138157121383013,0.04,0.00015265664842445403,0.003019720548763871
9,0,0.0022241282652518844,0.04,0.00013341466546989977,0.00504709966480732
9,0,0.0023704376172781457,0.06,0.00013341466546989977,0.00763738015666604
9,0,0.0023811059360904344,0.06,0.00015905455802567303,0.010174527764320374
9,0,0.002349495566624478,0.06,0.0001848665124271065,0.01245992910116911
9,0,0.0023370509104684335,0.06,0.0001848665124271065,0.01594896987080574
9,0,0.0023231403508762395,0.06,0.0001848665124271065,0.022420650348067284
9,0,0.0023133714213678354,0.06,0.00025784558965824544,0.0305493026971817
9,0,0.0022792710461079103,0.06,0.00025784558965824544,0.034391891211271286
9,0,0.0022360729359104914,0.06,0.00023052342294249684,0.03322993963956833
9,0,0.002243075516331585,0.06,0.0002631961542647332,0.03448523208498955
9,0,0.002362235021209712,0.06,0.0002631961542647332,0.0432586707174778
9,0,0.0026223872675435744,0.06,0.0004157711227890104,0.056012071669101715
9,0,0.002980875654220438,0.06,0.0004157711227890104,0.06497123837471008
9,0,0.003356490604451554,0.06,0.0006664827815257013,0.07189358025789261
9,0,0.0036620385612275365,0.08,0.0006664827815257013,0.07529570907354355
9,0,0.0038179358570668187,0.08,0.0003395328240003437,0.07955247163772583
9,0,0.003789562144108446,0.08,0.00029213164816610515,0.08386620879173279
9,0,0.003665690901835165,0.08,0.00013363965263124555,0.09044048935174942
9,0,0.0035118516714793117,0.08,0.00013363965263124555,0.09512487798929214
9,0,0.0034512779254234653,0.06,0.00013363965263124555,0.09364128112792969
9,0,0.003539808920660332,0.06,0.00013363965263124555,0.08573909103870392
9,0,0.0036223787425255305,0.06,0.00013942613441031426,0.07730895280838013
9,0,0.0037128643918683257,0.06,8.170509681804106e-05,0.061575256288051605
9,0,0.0039887873936061136,0.04,8.442751277470961e-05,0.049439918249845505
9,0,0.004288516856808342,0.04,8.442751277470961e-05,0.02887815423309803
9,0,0.004700844669479871,0.04,7.87650715210475e-05,0.01728690043091774
9,0,0.005255718086374647,0.04,4.218710455461405e-05,0.009164977818727493
9,0,0.006150043311342006,0.04,3.154038859065622e-05,0.004453946836292744
9,0,0.005529530139783977,0.04,0.0003764393914025277,0.0018021229188889265
9,0,0.00506510524302789,0.04,0.0002187165810028091,0.0007346153142862022
9,0,0.004440952999061866,0.04,0.00011648422514554113,0.00033310125581920147
9,0,0.005050487024405373,0.04,0.00011648422514554113,0.0001901074720080942
9,0,0.005624162972568468,0.06,9.427921031601727e-05,0.00011237942089792341
9,0,0.00609056494975177,0.04,5.566467370954342e-05,5.2959145250497386e-05
9,0,0.006332205587290208,0.02,5.406199852586724e-05,3.002236371685285e-05
9,0,0.006169997143260633,0.02,9.305866115028039e-05,1.914552558446303e-05
9,0,0.006223510743620839,0.02,6.399625999620184e-05,1.0895439118030481e-05
9,0,0.006591153456056279,0.02,5.831411908729933e-05,6.098977337387623e-06
9,0,0.006705635160338361,0.02,5.831411908729933e-05,4.6792033572273795e-06
9,0,0.006936162954987746,0.0,8.877759682945907e-05,3.6232233924238244e-06
9,0,0.007303152005077752,0.02,0.00010639923857524991,2.5812721560214413e-06
9,0,0.007378072646627358,0.02,0.00017790094716474414,1.871946437859151e-06
9,0,0.0071081013211838516,0.02,0.00017790094716474414,1.3228487887317897e-06
9,0,0.006638838781334005,0.02,0.00014550224295817316,7.071640197864326e-07
9,0,0.005909065267547789,0.02,8.18755870568566e-05,3.244743425057095e-07
9,0,0.004893671959641229,0.02,0.0001467872061766684,1.583808710847734e-07
9,0,0.0036467480299934344,0.02,4.5937227696413174e-05,9.075699125560277e-08
9,0,0.003572327195417692,0.0,4.5937227696413174e-05,6.601710111908687e-08
9,0,0.0037332864420905514,0.0,4.5937227696413174e-05,4.72194621181643e-08
9,0,0.004406474819129688,0.0,4.5937227696413174e-05,2.936137200038047e-08
9,0,0.00403565648321968,0.0,6.9924590206937864e-06,1.3980774760113945e-08
9,0,0.0038109256717656307,0.0,5.965684067632537e-06,6.626901249973116e-09
9,0,0.0036141838505811077,0.0,5.965684067632537e-06,3.180822938375627e-09
9,0,0.0034160274676045556,0.0,5.092816081742058e-06,1.5950282206134148e-09
9,0,0.003213479001186149,0.0,5.092816081742058e-06,8.223243752603082e-10
9,0,0.0030153708600269397,0.0,5.092816081742058e-06,4.4577616598040493e-10
9,0,0.002839398351488495,0.0,4.438521500560455e-06,2.464280723923906e-10
9,0,0.002676633803048158,0.0,4.287705451133661e-06,1.3895104511441048e-10
9,0,0.0025108385626075773,0.0,4.287705451133661e-06,8.071775192686204e-11
9,0,0.002327659231651134,0.0,4.287705451133661e-06,4.804786429835062e-11
9,0,0.0020944916702661525,0.0,4.287705451133661e-06,2.9513766430788735e-11
9,0,0.0018310447580260965,0.0,4.287705451133661e-06,1.8731167658603276e-11
9,0,0.0016047132956170391,0.0,2.613291371744708e-06,1.1995767226768983e-11
9,0,0.0014488465540029214,0.0,2.613291371744708e-06,7.901529257281492e-12
9,0,0.0013284217967268713,0.0,2.613291371744708e-06,5.227963895126919e-12
9,0,0.0012340955723813554,0.0,2.613291371744708e-06,3.6655435631249844e-12
9,0,0.001141736667827335,0.0,2.613291371744708e-06,2.5034004817042765e-12
9,0,0.001053288841540015,0.0,2.613291371744708e-06,1.7383032947099197e-12
9,0,0.001005929208430818,0.0,2.455334879414295e-06,1.2869745416935197e-12
9,0,0.0010409182849482202,0.0,2.455334879414295e-06,1.0185040744820073e-12
9,0,0.0011296574192833052,0.0,3.3300332233920926e-06,8.186252240319214e-13
9,0,0.0012295784902784214,0.0,4.00524731958285e-06,6.668948162799615e-13
9,0,0.0011775361648284188,0.0,4.00524731958285e-06,7.12008956568061e-13
9,0,0.0010462333381701463,0.0,5.7661704886413645e-06,7.725025588829759e-13
9,0,0.001006890132515178,0.0,5.0433668548066635e-06,7.470775300472132e-13
9,0,0.001003593135345244,0.0,5.0433668548066635e-06,1.000274299153836e-12
9,0,0.001036852649642859,0.0,9.84271082415944e-06,1.4503665195925164e-12
9,0,0.0010773025807847474,0.0,8.437705218966585e-06,1.9463098667460432e-12
9,0,0.0010999038083678839,0.0,7.844705578463618e-06,2.3766544288150726e-12
9,0,0.0009079103975630412,0.0,7.844705578463618e-06,2.4677026914943223e-12
9,0,0.0008337561549730195,0.0,6.135298008302925e-06,2.552381049569785e-12
9,0,0.0006469427837166979,0.0,6.135298008302925e-06,2.765024754297629e-12
9,0,0.0006350389185571292,0.0,4.3792206270154566e-06,3.2458998596579525e-12
9,0,0.0006377663970062661,0.0,4.856398845731746e-06,3.784396841038928e-12
9,0,0.0006961462942904165,0.0,4.856398845731746e-06,5.2289114878256715e-12
9,0,0.000829120337527013,0.0,4.856398845731746e-06,9.098785960781619e-12
9,0,0.0007398111710960283,0.0,4.856398845731746e-06,1.1880461024682543e-11
9,0,0.0007189616674080824,0.0,2.8771510187652893e-06,1.3273901942889577e-11
9,0,0.0007701939616172267,0.0,2.8688657494058134e-06,1.1808980009131442e-11
9,0,0.0008538549915498365,0.0,2.6035970677185105e-06,8.758081065929346e-12
9,0,0.0008261164198857533,0.0,2.6111165425390936e-06,3.5127822959474253e-12
9,0,0.0006985921969241283,0.0,2.6111165425390936e-06,2.0205133139522546e-12
9,0,0.0009230998471768105,0.0,2.6035970677185105e-06,1.6058932612514343e-12
9,0,0.001411793699131849,0.0,2.6035970677185105e-06,1.6362209981010678e-12
9,0,0.0014653842225680128,0.0,2.6035970677185105e-06,1.2581646878853658e-12
9,0,0.0014437322546581879,0.0,2.6035970677185105e-06,1.0956526484695583e-12
9,0,0.0013711649083182897,0.0,2.6035970677185105e-06,9.024461950293827e-13
9,0,0.0013207905770366043,0.0,2.6035970677185105e-06,6.86085465783498e-13
9,0,0.0013165308437611781,0.0,2.6035970677185105e-06,4.286326881538377e-13
9,0,0.001281391960257544,0.0,2.6035970677185105e-06,2.4733839108781464e-13
9,0,0.001168250589522506,0.0,2.2691017420584103e-06,1.365427004318756e-13
9,0,0.001047163764258279,0.0,2.2691017420584103e-06,7.258509928092377e-14
9,0,0.0009513512484141004,0.0,2.1920020571997156e-06,3.872903991323888e-14
9,0,0.0008673590520736569,0.0,2.1920020571997156e-06,2.2985177536250997e-14
9,0,0.0007979079765515401,0.0,2.1920020571997156e-06,1.5960650295442254e-14
9,0,0.0007988903355064891,0.0,2.1920020571997156e-06,1.3432655900406324e-14
9,0,0.0008899466502892059,0.0,2.1983328224450815e-06,1.2480960174057493e-14
9,0,0.0009598517716660691,0.0,2.1983328224450815e-06,1.3598748896967525e-14
9,0,0.0009545850581416779,0.0,2.1983328224450815e-06,1.819213996025887e-14
9,0,0.0009776999402159323,0.0,2.1983328224450815e-06,2.1614376683864317e-14
9,0,0.0010168024897537547,0.0,2.1983328224450815e-06,3.209855409355873e-14
9,0,0.0009860386315788745,0.0,2.1983328224450815e-06,4.4707632236053174e-14
9,0,0.0008830177614407179,0.0,2.275655106132035e-06,6.937898470787615e-14
9,0,0.0007632220577542107,0.0,2.2691017420584103e-06,1.1816989173209919e-13
9,0,0.0006824014258540471,0.0,2.6035970677185105e-06,2.067654315991707e-13
9,0,0.0006636536043347753,0.0,2.6035970677185105e-06,3.3977947408794784e-13
9,0,0.0007089380176736344,0.0,2.6035970677185105e-06,4.819595785833519e-13
9,0,0.0008061339045241728,0.0,2.6035970677185105e-06,5.841998976588436e-13
9,0,0.000904932097602034,0.0,2.6035970677185105e-06,6.325001286611176e-13
9,0,0.0009805399077238014,0.0,2.6035970677185105e-06,6.385804428646336e-13
9,0,0.001013387364345528,0.0,2.6035970677185105e-06,6.069089458424215e-13
9,0,0.0010021286273712519,0.0,2.6035970677185105e-06,6.073003428266888e-13
9,0,0.0009837741723628794,0.0,2.6035970677185105e-06,7.567984325156096e-13
9,0,0.0009983565516638,0.0,2.6035970677185105e-06,1.0329736198355643e-12
9,0,0.0010759055628414996,0.0,2.6035970677185105e-06,1.3782227312533757e-12
9,0,0.001152898703201843,0.0,2.6035970677185105e-06,1.9073982844564075e-12
9,0,0.0011629607064428398,0.0,2.6035970677185105e-06,2.7710275480458124e-12
9,0,0.0011579860950618021,0.0,2.6035970677185105e-06,3.3684168735531594e-12
9,0,0.0011653790119218656,0.0,2.1814373667439213e-06,3.1737459882386077e-12
9,0,0.001182106732154986,0.0,1.3355437431528117e-06,2.4586400623749505e-12
9,0,0.0012001133177615925,0.0,1.3355437431528117e-06,1.6577548795498886e-12
9,0,0.0011914757744683792,0.0,1.3355437431528117e-06,9.970209336948588e-13
9,0,0.001166205182151741,0.0,1.2589637208293425e-06,5.931439692706542e-13
9,0,0.001136304718662239,0.0,1.2589637208293425e-06,3.7184746384463785e-13
9,0,0.0010833478094014943,0.0,1.0972190693792072e-06,2.392877833812951e-13
9,0,0.0010009549241693954,0.0,8.327684213327302e-07,1.6698259799625276e-13
9,0,0.0009134614957419486,0.0,8.327684213327302e-07,1.1792335771060314e-13
9,0,0.0008018390430869987,0.0,8.327684213327302e-07,7.963007559114513e-14
9,0,0.0006896083069754678,0.0,8.327684213327302e-07,4.943966311105226e-14
9,0,0.0006462312114640031,0.0,8.327684213327302e-07,2.602411829869672e-14
9,0,0.0006213379671729793,0.0,8.327684213327302e-07,1.425147502722053e-14
9,0,0.000556750782723954,0.0,1.0599366078167805e-06,9.007136602865416e-15
9,0,0.0004911565271298685,0.0,9.381200811731105e-07,5.737046054828153e-15
9,0,0.0004442023318434891,0.0,9.381200811731105e-07,3.4875615985635947e-15
9,0,0.00040821018511651,0.0,8.903254524739168e-07,2.261224756429977e-15
9,0,0.00038192968220955885,0.0,8.903254524739168e-07,1.5927313196220693e-15
9,0,0.00036377402966270207,0.0,9.44482053455431e-07,1.207091194780816e-15
9,0,0.0003442253787443009,0.0,9.472097417528857e-07,9.951784803334854e-16
9,0,0.00031391159005822884,0.0,9.472097417528857e-07,8.5262849984342145e-16
9,0,0.0002731839702569531,0.0,9.44482053455431e-07,8.398485196748078e-16
9,0,0.00023466648018803505,0.0,9.44482053455431e-07,9.296133656556743e-16
9,0,0.00021345478266392902,0.0,9.199129635817371e-07,1.3006042674324012e-15
9,0,0.00021321257193110169,0.0,9.199129635817371e-07,2.1568198988678854e-15
9,0,0.0002240030818842301,0.0,1.502558916399721e-06,4.266632010261999e-15
9,0,0.00024093278782567212,0.0,1.7320653569186106e-06,9.274921833975127e-15
9,0,0.00026420155026544913,0.0,1.987394625757588e-06,1.8588527662651358e-14
9,0,0.0002923271841205543,0.0,1.987394625757588e-06,3.691014169109573e-14
9,0,0.00031166421020560007,0.0,1.987394625757588e-06,7.71456872992668e-14
9,0,0.00032111179391567627,0.0,1.987394625757588e-06,1.3801633447219075e-13
9,0,0.00033810963191596266,0.0,1.987394625757588e-06,2.1221123003376668e-13
9,0,0.0003527820211635641,0.0,1.987394625757588e-06,3.1757306203153424e-13
9,0,0.00036637225837465626,0.0,1.987394625757588e-06,5.348111818855028e-13
9,0,0.0003803918381248868,0.0,1.987394625757588e-06,7.669061783191489e-13
9,0,0.0003865776767950164,0.0,1.987394625757588e-06,1.01529602867384e-12
9,0,0.0003862825705465804,0.0,1.987394625757588e-06,1.1853860991742349e-12
9,0,0.0004018975444500832,0.0,1.987394625757588e-06,1.1025264902431164e-12
9,0,0.0006011533610632237,0.0,1.9931342194468016e-06,1.5344066891642e-13
9,0,0.0006345289390803172,0.0,1.9931342194468016e-06,1.3942765399264229e-13
9,0,0.0006545182324937753,0.0,1.8748673937807325e-06,1.1506934456933376e-13
9,0,0.0006479843410170481,0.0,1.8748673937807325e-06,7.80753025707466e-14
9,0,0.0006014312920531518,0.0,1.683646246419812e-06,4.5815531002271065e-14
9,0,0.0005507717461444787,0.0,1.4673406667498057e-06,2.7509448169947548e-14
9,0,0.0005111103234605944,0.0,1.417483304066991e-06,1.609509983515993e-14
9,0,0.00048062685109615883,0.0,1.417483304066991e-06,1.1172805031416794e-14
9,0,0.0004544392315177783,0.0,1.417483304066991e-06,7.125829840201516e-15
9,0,0.00043138241947954166,0.0,1.417483304066991e-06,5.029872223209168e-15
9,0,0.0004096785903069305,0.0,1.4553428400176927e-06,3.753329620709419e-15
9,0,0.00038158391919814805,0.0,8.910050155463978e-07,2.596911960239855e-15
9,0,0.0003600689800593244,0.0,8.910050155463978e-07,1.896443664947808e-15
9,0,0.00034593000605517984,0.0,8.910050155463978e-07,1.3671457993401598e-15
9,0,0.0003366823415679323,0.0,8.910050155463978e-07,1.0030220054250603e-15
9,0,0.0003308982091960646,0.0,8.910050155463978e-07,7.169013697434909e-16
9,0,0.00032635059886871156,0.0,8.399148327953299e-07,5.184825254206317e-16
9,0,0.00032475953899787827,0.0,6.599022412956401e-07,4.240425340269543e-16
9,0,0.0003215838024941016,0.0,6.599022412956401e-07,3.5293835326969205e-16
9,0,0.00034965188841505065,0.0,6.427353582694195e-07,2.2841645262239915e-15
9,0,0.00036469683794653857,0.0,6.832792109889851e-07,2.417146157844075e-15
9,0,0.0003869210758429549,0.0,6.832792109889851e-07,2.6537639646266164e-15
9,0,0.00041744985907172404,0.0,6.832792109889851e-07,2.9618990924864435e-15
9,0,0.00043246550517522006,0.0,6.427353582694195e-07,3.579102990272209e-15
9,0,0.0004550381296804061,0.0,6.427353582694195e-07,4.533982289953295e-15
9,0,0.0005359656365442323,0.0,6.427353582694195e-07,5.3745104476891556e-15
9,0,0.0006151456048635203,0.0,6.653430659753212e-07,7.325320498840007e-15
9,0,0.0006201430586349751,0.0,7.634235430487024e-07,1.3905550159693664e-14
9,0,0.0005758539144010835,0.0,7.634235430487024e-07,2.3857260635887396e-14
9,0,0.0005514266821918131,0.0,7.634235430487024e-07,3.042997711449891e-14
9,0,0.0005399953996041833,0.0,7.634235430487024e-07,4.044425113824274e-14
9,0,0.0005320197858683016,0.0,9.71675376604253e-07,5.5243952993980563e-14
9,0,0.0005183836056495959,0.0,9.71675376604253e-07,7.293440211584429e-14
9,0,0.0004947382862999885,0.0,1.0329688393539982e-06,1.0156732090571205e-13
9,0,0.0004811846031004435,0.0,1.0329688393539982e-06,1.4223946456434766e-13
9,0,0.00048092998544388367,0.0,1.1382135198800825e-06,1.7712524155721887e-13
9,0,0.0004548024097746432,0.0,1.1382135198800825e-06,2.2572799207067062e-13
9,0,0.0004204884534612265,0.0,1.2074485766788712e-06,3.6113083010103075e-13
9,0,0.00043990816441191223,0.0,1.2074485766788712e-06,4.424085338523842e-13
9,0,0.00045698890847666377,0.0,1.1358019946783315e-06,4.2880277236964637e-13
9,0,0.00040828036672378444,0.0,1.030780367727857e-06,4.560682886033118e-13
9,0,0.0003155189691005819,0.0,8.983513453131309e-07,2.2261774129846146e-14
9,0,0.00029273628543247343,0.0,7.763610483380035e-07,1.5669775793223338e-14
9,0,0.00027442745913456874,0.0,6.099693905525783e-07,1.146934957218463e-14
9,0,0.00026332074228543174,0.0,6.099693905525783e-07,8.54413145323727e-15
9,0,0.00025555358968362306,0.0,6.832792109889851e-07,6.162657664450337e-15
9,0,0.00024016748911618582,0.0,7.015289611445041e-07,4.102100095422587e-15
9,0,0.00022403279702647082,0.0,7.015289611445041e-07,2.350817760601669e-15
9,0,0.0002127133224930796,0.0,7.015289611445041e-07,2.5079269139660545e-15
9,0,0.00020331687491515691,0.0,7.015289611445041e-07,9.439645390018855e-16
9,0,0.00019041164964767607,0.0,7.015289611445041e-07,6.782620030907954e-16
9,0,0.00017839593415400746,0.0,7.015289611445041e-07,5.277133316611315e-16
9,0,0.00016694490381435464,0.0,7.015289611445041e-07,4.2230235777637954e-16
9,0,0.00015924595825030503,0.0,7.015289611445041e-07,4.057107558149011e-16
9,0,0.0001549471855935698,0.0,7.015289611445041e-07,3.4193478647992785e-16
9,0,0.00015595961246927238,0.0,8.928968213695043e-07,2.9089342811133097e-16
9,0,0.00015880738624832107,0.0,8.928968213695043e-07,2.5308566252438204e-16
9,0,0.00016200106356027802,0.0,8.928968213695043e-07,2.3137787568236923e-16
9,0,0.0001644024749456432,0.0,7.257539778038335e-07,2.231208132240771e-16
9,0,0.00016656196128350334,0.0,7.257539778038335e-07,2.2437550724697713e-16
9,0,0.00017365364588157352,0.0,5.685664632437692e-07,2.210148907938559e-16
9,0,0.00018354100475797378,0.0,5.685664632437692e-07,2.1315528531117304e-16
9,0,0.00019212815839845103,0.0,5.685664632437692e-07,2.329187609623228e-16
9,0,0.00020010173227998605,0.0,5.685664632437692e-07,2.7536718183926163e-16
9,0,0.0002131895059796419,0.0,5.685664632437692e-07,3.686113215300936e-16
9,0,0.0002317793900152631,0.0,6.995086891947722e-07,5.651138067493491e-16
9,0,0.0002493628019875498,0.0,6.995086891947722e-07,8.606870654244805e-16
9,0,0.00026874331572530397,0.0,6.995086891947722e-07,1.3859073673636057e-15
9,0,0.00029248861355329225,0.0,6.995086891947722e-07,2.763754792717613e-15
9,0,0.00031712361292598096,0.0,6.995086891947722e-07,5.559221228431006e-15
9,0,0.0003413005990135265,0.0,9.810369192564394e-07,1.045165134451985e-14
9,0,0.00036966247673879177,0.0,9.810369192564394e-07,1.878473606861924e-14
9,0,0.0004038490022975634,0.0,1.0407111403765157e-06,3.2286876622787675e-14
9,0,0.0004528079104848584,0.0,1.1881010095748934e-06,5.2029798384197606e-14
9,0,0.0004865829930315449,0.0,1.1462406064310926e-06,6.972908714189888e-14
9,0,0.0004898222468925003,0.0,1.0805142665049061e-06,9.178835941097904e-14
9,0,0.0004972010919083634,0.0,1.0805142665049061e-06,1.1179547413676938e-13
9,0,0.0005429576571092818,0.0,8.489358265251212e-07,1.2291803317375505e-13
9,0,0.0005679096520911864,0.0,8.489358265251212e-07,1.2330830529826836e-13
9,0,0.0005750008797145904,0.0,8.489358265251212e-07,1.2191449564290247e-13
9,0,0.0005804549526551643,0.0,8.489358265251212e-07,1.1690683685873504e-13
9,0,0.0006017462995699411,0.0,8.489358265251212e-07,1.1194910558461058e-13
9,0,0.0006327979276431661,0.0,8.799386250757379e-07,9.837391182687324e-14
9,0,0.0006635802180600948,0.0,8.799386250757379e-07,7.687409465505918e-14
9,0,0.0006817216919572916,0.0,7.507274517593032e-07,5.470927869261934e-14
9,0,0.0006719147959512232,0.0,7.507274517593032e-07,3.9100003074686585e-14
9,0,0.0006443220139513104,0.0,6.995086891947722e-07,3.674338800883567e-14
9,0,0.0006247065170856128,0.0,8.903254524739168e-07,3.529790934368726e-14
9,0,0.0005187770496445515,0.0,8.399148327953299e-07,2.627544483260833e-14
9,0,0.0005271618810446007,0.0,8.910050155463978e-07,2.3962058940253488e-14
9,0,0.000604651961993615,0.0,8.910050155463978e-07,3.999159334309825e-14
9,0,0.0005215067836090949,0.0,8.596131237936788e-07,7.094681558818955e-14
9,0,0.0004989771256364107,0.0,9.057590659722337e-07,7.184790956626941e-14
9,0,0.0004902159762581768,0.0,9.057590659722337e-07,8.289383583845109e-14
9,0,0.0005058107850404663,0.0,1.0507067145226756e-06,1.3888830406941222e-13
9,0,0.0005847352194695598,0.0,1.8853800156648504e-06,2.0843798963308263e-13
9,0,0.0006401535196237278,0.0,1.8853800156648504e-06,2.6115820118445543e-13
9,0,0.0006435765163797882,0.0,1.8853800156648504e-06,3.1925108173389005e-13
9,0,0.0006387333299309551,0.0,1.8853800156648504e-06,3.418062003140293e-13
9,0,0.0006347622383405573,0.0,1.8853800156648504e-06,3.4506046023979886e-13
9,0,0.0006355395037508879,0.0,1.8853800156648504e-06,3.93785075077438e-13
9,0,0.0006244308110019694,0.02,2.638566911628004e-06,3.9223114231372314e-13
9,0,0.0006014627679247035,0.02,2.630968310768367e-06,3.6022549418195104e-13
9,0,0.0005690508978975588,0.02,2.630968310768367e-06,3.6739545867386925e-13
9,0,0.000543571880736414,0.02,2.630968310768367e-06,4.772030752324408e-13
9,0,0.0005791613435877026,0.02,2.55954114436463e-06,7.091451991597664e-13
9,0,0.0006248228165006749,0.02,2.8377689886838198e-06,1.1955653481110495e-12
9,0,0.0006586281955924982,0.02,2.8377689886838198e-06,2.2169167543384383e-12
9,0,0.0007204019689087262,0.02,3.953924988309154e-06,4.551612992759191e-12
9,0,0.0008482275170120157,0.0,3.3562146199983545e-06,1.5333635403069756e-11
9,0,0.0009358355157804294,0.0,2.792335180856753e-06,3.3224319129221414e-11
9,0,0.0010848476149397331,0.0,2.339572574783233e-06,5.025145230486139e-11
9,0,0.0009538611487756612,0.0,2.1826485863130074e-06,6.359713450310167e-11
9,0,0.001011736817811167,0.0,2.2671226815873524e-06,1.0385715204508372e-10
9,0,0.0010711681878566796,0.0,2.2671226815873524e-06,1.4043459450885365e-10
9,0,0.0011318699529607723,0.0,2.657324330357369e-06,1.7542628460986975e-10
9,0,0.001189257371166014,0.0,2.657324330357369e-06,2.1313154019431124e-10
9,0,0.0012422419771881432,0.0,2.657324330357369e-06,2.516049590894909e-10
9,0,0.001268976332959546,0.0,3.4222728118038503e-06,3.3136748900375324e-10
9,0,0.0012655349837143765,0.0,3.4222728118038503e-06,4.263868702558682e-10
9,0,0.0012575209896754055,0.0,3.368373882040032e-06,5.466286312483248e-10
9,0,0.0012436139927520992,0.0,3.5470936836645706e-06,6.829530274643503e-10
9,0,0.0012297886377085688,0.0,3.4817160212696763e-06,7.565787996099971e-10
9,0,0.001214482830496607,0.0,9.43530994845787e-06,7.824435543923869e-10
9,0,0.0011986578665846713,0.0,9.188221156364307e-06,7.58403562173271e-10
9,0,0.0012049194019189712,0.0,9.188221156364307e-06,6.750027758961608e-10
9,0,0.0012172972454474284,0.0,9.43530994845787e-06,5.529329216713563e-10
9,0,0.001235218652361139,0.0,9.43530994845787e-06,4.207695303293235e-10
9,0,0.0012344629305430723,0.0,6.4831065174075775e-06,3.1078078999158265e-10
9,0,0.001210825850083049,0.0,6.604841928492533e-06,2.324610087756085e-10
9,0,0.001167495909332191,0.0,6.653578566329088e-06,1.7971317489706706e-10
9,0,0.0011134669164443018,0.0,4.333021024649497e-06,1.487466677607685e-10
9,0,0.0010882340494295449,0.0,3.7378474644356174e-06,1.3685579058897446e-10
9,0,0.001111587187182304,0.0,3.7378474644356174e-06,1.369398622275142e-10
9,0,0.001150966247407502,0.0,7.954506145324558e-06,1.630195006763202e-10
9,0,0.0011768986769131562,0.0,7.954506145324558e-06,1.967069285235823e-10
9,0,0.001208255418838972,0.0,7.954506145324558e-06,2.371345342311315e-10
9,0,0.0012311094496202405,0.0,7.954506145324558e-06,2.7559496351692303e-10
9,0,0.001244025331946537,0.0,7.954506145324558e-06,3.374960866331378e-10
9,0,0.0012731149448621565,0.0,6.78817286825506e-06,4.2348527462543473e-10
9,0,0.0013034325687319038,0.0,8.10388519312255e-06,5.813307613067309e-10
9,0,0.0013519141340898758,0.0,8.10388519312255e-06,8.643153970311346e-10
9,0,0.0014484364769824145,0.0,8.10388519312255e-06,1.3915588681356894e-09
9,0,0.0015921005392060073,0.02,6.29250644124113e-06,2.3005630733763383e-09
9,0,0.0016795938785950282,0.02,5.710673576686531e-06,3.52443141338199e-09
9,0,0.0016366871587985884,0.02,5.710673576686531e-06,5.56379964322673e-09
9,0,0.0016319825099572575,0.02,5.710673576686531e-06,8.571889864583682e-09
9,0,0.0016162169889005625,0.04,6.047407168807695e-06,1.3299415790868352e-08
9,0,0.0015549015810566989,0.04,7.268606623256346e-06,2.2309151859190024e-08
9,0,0.0015513190201087506,0.02,7.042202469165204e-06,3.952271043772271e-08
9,0,0.0016283202558610027,0.02,8.679093298269436e-06,8.768361681177339e-08
9,0,0.001862445989529625,0.02,8.679093298269436e-06,2.2835719448721647e-07
9,0,0.002331592977434299,0.02,8.679093298269436e-06,5.571186534325534e-07
9,0,0.003031001763386027,0.02,1.716958468023222e-05,1.1336840088915778e-06
9,0,0.0028224188718556243,0.02,1.4284945791587234e-05,1.2588101299115806e-06
9,0,0.002641141088229455,0.0,0.00019615254132077098,1.2600893342096242e-06
9,0,0.002474932851342703,0.0,0.00019615254132077098,1.157161364062631e-06
9,0,0.0022546035884473364,0.0,8.788792911218479e-05,8.020915061024425e-07
9,0,0.0026635137844905213,0.0,0.00014882754476275295,1.5510299817833584e-06
9,0,0.002917036224775661,0.0,0.00014882754476275295,2.183120841436903e-06
9,0,0.0030221830707516345,0.0,0.00014882754476275295,3.00317242363235e-06
9,0,0.003110972684522934,0.0,0.00014882754476275295,3.816418484348105e-06
9,0,0.003284253088334575,0.0,0.00015952601097524166,5.0964849833690096e-06
9,0,0.003524498888633456,0.0,0.00015952601097524166,8.635335689177737e-06
9,0,0.0036771253918310124,0.0,9.420615242561325e-05,6.6836209953180514e-06
9,0,0.0037800041286053772,0.0,4.130060551688075e-05,5.7608513088780455e-06
9,0,0.0038167408707313485,0.0,4.130060551688075e-05,5.1191796046623494e-06
9,0,0.003723261842224481,0.0,4.130060551688075e-05,2.705422730286955e-06
9,0,0.003655055169865104,0.0,4.130060551688075e-05,1.7325277212876244e-06
9,0,0.0036426736022836474,0.0,4.130060551688075e-05,1.2233080042278743e-06
9,0,0.003618290501785357,0.0,4.4269840145716444e-05,8.040897228056565e-07
9,0,0.003580943231776501,0.0,4.4269840145716444e-05,5.327509029484645e-07
9,0,0.0035172682875738493,0.0,2.2378340872819535e-05,3.296727015822398e-07
9,0,0.0033990981910058016,0.0,2.2378340872819535e-05,1.664036233250954e-07
9,0,0.003260397793127438,0.0,4.762225580634549e-05,9.413215451559154e-08
9,0,0.0030786598511379475,0.02,4.762225580634549e-05,5.7685138443730466e-08
9,0,0.0028902353343137903,0.02,4.2694304283941165e-05,4.412332543779485e-08
9,0,0.0027396225331328713,0.04,4.2694304283941165e-05,4.085935501052518e-08
9,0,0.0028315199898984846,0.06,4.2694304283941165e-05,4.270327380595518e-08
9,0,0.002351912560434669,0.06,0.00013642590784002095,2.6856694645971402e-08
9,0,0.0019015943931383476,0.08,0.00014446937711909413,1.6060864638234307e-08
9,0,0.0018248621793371406,0.08,0.00013478055188897997,1.3292035916379064e-08
9,0,0.0016206479763512512,0.08,0.00013478055188897997,1.056520471109934e-08
9,0,0.0013968653245725413,0.08,0.000118736905278638,7.816966629548006e-09
9,0,0.0012099996457374342,0.08,0.00012727256398648024,5.7293765287624865e-09
9,0,0.0010781454146013033,0.08,0.00012727256398648024,3.703858331149945e-09
9,0,0.0009812889465212647,0.08,0.00011874821939272806,2.528820042257962e-09
9,0,0.000928466609453051,0.06,0.00011874821939272806,1.972766616731292e-09
9,0,0.0009207243955088196,0.02,3.661589289549738e-05,1.2521385039931943e-09
9,0,0.0008963946806181865,0.02,3.429608477745205e-05,9.36021260500297e-10
9,0,0.0008349801175683626,0.02,3.9948514313437045e-05,7.630481246856391e-10
9,0,0.0008131210287826451,0.02,2.1852683858014643e-05,6.126518736770947e-10
9,0,0.0008133883542640199,0.02,3.9948514313437045e-05,6.14813977506401e-10
9,0,0.0008049926648545612,0.02,3.918068978236988e-05,7.089948073080166e-10
9,0,0.0008094296179195741,0.02,4.156386785325594e-05,9.246682308727827e-10
9,0,0.0008833114153635644,0.04,0.00012575340224429965,1.5421934840276208e-09
9,0,0.0008148219756423884,0.04,0.0002280698245158419,2.3621600231393813e-09
9,0,0.0008428801194807636,0.08,0.0002145394973922521,4.109191653611788e-09
9,0,0.0010738671584353302,0.08,0.0002145394973922521,1.1147849754422623e-08
9,0,0.0012005574718464067,0.08,0.0002145394973922521,3.07819583156288e-08
9,0,0.001354707633856032,0.08,0.0002280698245158419,8.031658182972023e-08
9,0,0.0014449641142125298,0.08,0.0002280698245158419,1.7279180042351072e-07
9,0,0.0014402768891896081,0.08,0.00044978767982684076,3.406460109545151e-07
9,0,0.0014286436032510147,0.08,0.00044978767982684076,5.815974191136775e-07
9,0,0.0014850017297255392,0.06,0.0005116952233947814,9.719971103550051e-07
9,0,0.0016229890129632926,0.08,0.0005116952233947814,1.6325898286595475e-06
9,0,0.001830034583492864,0.08,0.0005116952233947814,2.5638532861194108e-06
9,0,0.00208287916991042,0.08,0.0005116952233947814,3.620076995503041e-06
9,0,0.0023590916699218895,0.08,0.0005116952233947814,4.539389919955283e-06
9,0,0.002600865890980981,0.08,0.0005116952233947814,5.135791070642881e-06
9,0,0.0026918857307283795,0.08,0.0004247529723215848,4.542187525657937e-06
9,0,0.0026325030493201396,0.06,0.0004247529723215848,4.4378143684298266e-06
9,0,0.002588237039790605,0.06,0.0004247529723215848,4.7121670831984375e-06
9,0,0.0025834460827039735,0.04,0.0004247529723215848,4.543408977042418e-06
9,0,0.002559574612796215,0.04,0.0004247529723215848,4.556196472549345e-06
9,0,0.0025390845467029464,0.04,0.0004247529723215848,4.287402589397971e-06
9,0,0.002546817665011649,0.04,0.0004247529723215848,3.205306484233006e-06
9,0,0.0023920392856486674,0.04,0.0004247529723215848,2.258858785353368e-06
9,0,0.0019813587187732704,0.04,0.00039631198160350323,1.3036459449722315e-06
9,0,0.0015651529546329502,0.0,0.00013101256627123803,6.730530230925069e-07
9,0,0.001762118947984451,0.02,0.0002722999488469213,5.210801532484766e-07
9,0,0.0015595147827619114,0.02,0.0002918716345448047,3.126313288248639e-07
9,0,0.0014192679257359912,0.02,0.0002918716345448047,2.0339777506706014e-07
9,0,0.001295751534120646,0.02,0.0002918716345448047,1.5271146480699826e-07
9,0,0.001180642698332162,0.02,0.0002918716345448047,1.2468332499793178e-07
9,0,0.0010808583341129737,0.02,0.0002722999488469213,1.0814229511879603e-07
9,0,0.0010190017264459525,0.02,0.00014603542513214052,1.061947472180691e-07
9,0,0.0009948981362846196,0.04,0.000441741751274094,1.1398511645666076e-07
9,0,0.0009644640480536727,0.04,0.0006057119462639093,1.1671023258941204e-07
9,0,0.0009051746276506488,0.04,0.00072419986827299,1.136720442218575e-07
9,0,0.0008557353830309931,0.04,0.0006757217925041914,8.652927618868489e-08
9,0,0.0007897744341353713,0.02,0.00024388468591496348,5.486242216079518e-08
9,0,0.0006862064995182361,0.02,0.00022990311845205724,3.653001456882521e-08
9,0,0.0006046314467468175,0.02,0.00022990311845205724,2.4208178572848738e-08
9,0,0.0005577390060978208,0.02,0.00022990311845205724,1.6291863857986755e-08
9,0,0.0005298336999114723,0.02,0.00010793360706884414,1.2433050144977642e-08
9,0,0.0005216520594048626,0.02,0.0001072446902981028,1.0322747101554341e-08
9,0,0.000523218743194304,0.02,0.00012491847155615687,8.76444428143941e-09
9,0,0.0005228329105362118,0.02,6.309782475000247e-05,6.668731344916523e-09
9,0,0.0005250816535359274,0.02,3.252334499848075e-05,4.813432763484116e-09
9,0,0.0005428091933218809,0.02,3.167730028508231e-05,4.299755662628968e-09
9,0,0.00055663713060322,0.02,3.167730028508231e-05,3.81326925591452e-09
9,0,0.0005499864684916671,0.02,4.304104732000269e-05,3.3274580868436487e-09
9,0,0.0005314469320851195,0.02,3.7938280001981184e-05,3.356403377452466e-09
9,0,0.0004966458630823536,0.02,5.0615406507859007e-05,2.952646571685591e-09
9,0,0.0004684933173402922,0.02,4.570603050524369e-05,2.274502364230102e-09
9,0,0.0004592665548648433,0.02,4.570603050524369e-05,1.6692908166859866e-09
9,0,0.00045898077591680016,0.02,0.00010049258708022535,1.3026687506467738e-09
9,0,0.00046424342604641866,0.02,3.36464581778273e-05,1.0781616710531239e-09
9,0,0.0004789417973530565,0.02,3.36464581778273e-05,8.19662282491862e-10
9,0,0.0004910228993207733,0.02,1.530250665382482e-05,6.429126675477903e-10
9,0,0.0004952267596877308,0.02,1.530250665382482e-05,5.64060131935662e-10
9,0,0.0005045559849510483,0.02,1.530250665382482e-05,4.774814987840159e-10
9,0,0.0005177917024906009,0.02,1.530250665382482e-05,3.991736940989199e-10
9,0,0.0005135615491212116,0.0,1.4423299035115633e-05,3.5967681610848956e-10
9,0,0.0004927952767175265,0.02,1.8628121324582025e-05,3.2935554283852753e-10
9,0,0.0004670121107393296,0.02,1.8143551642424427e-05,2.9759678055185645e-10
9,0,0.00044140186917664885,0.02,1.8143551642424427e-05,2.6037474953888307e-10
9,0,0.0004069576134448412,0.02,1.8143551642424427e-05,2.1864114685410385e-10
9,0,0.0003484307305344756,0.02,3.9968101191334426e-05,2.0989528171089233e-10
9,0,0.00027805028061026236,0.02,4.232475839671679e-05,2.7087551646154395e-10
9,0,0.0003086837928822082,0.02,2.79778669209918e-05,4.6301340539400826e-10
9,0,0.00035243400736954843,0.02,2.9679647923330776e-05,8.120761285645983e-10
9,0,0.0003989297243626116,0.02,2.9679647923330776e-05,1.5909841222239152e-09
9,0,0.0003461250590605302,0.02,5.787640475318767e-06,1.7053376488718186e-09
9,0,0.0003145259547846015,0.02,5.787640475318767e-06,1.4938531522901144e-09
9,0,0.00028641754666629493,0.02,5.787640475318767e-06,1.158843021542566e-09
9,0,0.0002650363782164167,0.02,7.55542123442865e-06,8.42013125890162e-10
9,0,0.00024734201041537874,0.02,7.55542123442865e-06,5.510809031328279e-10
9,0,0.0002295596558205747,0.02,7.122189344954677e-06,3.223470379509763e-10
9,0,0.00021042716162895226,0.02,7.88525358075276e-06,1.8533655166130814e-10
9,0,0.00018740556574247468,0.02,7.88525358075276e-06,1.0354266749557084e-10
9,0,0.0001686945810665885,0.02,7.94206698628841e-06,5.753978196687548e-11
9,0,0.0001599541247855677,0.02,7.94206698628841e-06,3.449238811237265e-11
9,0,0.00015362707431362352,0.02,4.862808509642491e-06,2.6785341306068133e-11
9,0,0.00014273263438385926,0.02,4.862808509642491e-06,2.669486333373161e-11
9,0,0.0001368722657446085,0.02,5.6371068239968736e-06,3.787800281762621e-11
9,0,0.00014036127771126534,0.02,6.211444087966811e-06,5.425648819112894e-11
9,0,0.00014565952671460216,0.02,5.354563199944096e-06,7.878359076229913e-11
9,0,0.00014660411008278788,0.02,5.54290454601869e-06,1.2522237413659099e-10
9,0,0.00014962426127181175,0.02,5.50715958524961e-06,2.055969700043292e-10
9,0,0.00015585133348025498,0.04,4.23620076617226e-06,3.2567804009175916e-10
9,0,0.0001654501006303086,0.02,4.306441041990183e-06,4.770381312191319e-10
9,0,0.00017432349904613394,0.02,4.306441041990183e-06,6.482022696374656e-10
9,0,0.00018431702051429597,0.02,4.0870409065973945e-06,8.008123053571126e-10
9,0,0.00019450489717860286,0.02,4.113568593311356e-06,9.02263430635486e-10
9,0,0.00020440406809643872,0.02,4.113568593311356e-06,9.429884650913323e-10
9,0,0.00021415856277560115,0.02,4.113568593311356e-06,9.308120385576046e-10
9,0,0.00022272043978304763,0.02,4.113568593311356e-06,8.911736348871102e-10
9,0,0.00022980851153697718,0.02,4.113568593311356e-06,8.541578555565366e-10
9,0,0.0002359045949186676,0.02,4.113568593311356e-06,8.436287224355965e-10
9,0,0.0002433087299221325,0.02,3.7154929941607406e-06,8.863356160127012e-10
9,0,0.0002539067455481626,0.0,3.502016397760599e-06,1.001213001394774e-09
9,0,0.00026756154486639683,0.0,3.502016397760599e-06,1.1943886990550823e-09
9,0,0.00027951028423399144,0.0,3.35410913976375e-06,1.449787956353532e-09
9,0,0.00028924018350287746,0.0,3.2922887385211652e-06,1.7052075307333325e-09
9,0,0.0002978902232577453,0.0,3.2922887385211652e-06,1.909581603953825e-09
9,0,0.00030519493661422753,0.0,6.170811047923053e-06,2.1133270688977746e-09
9,0,0.0003121048658972302,0.0,6.170811047923053e-06,2.113867303421557e-09
9,0,0.00031826947726687206,0.0,6.170811047923053e-06,1.9918411364727717e-09
9,0,0.0003072945425096364,0.0,6.0092052081017755e-06,1.8049304273404232e-09
9,0,0.00028127977529236015,0.0,6.0092052081017755e-06,1.6690202553348854e-09
9,0,0.0002544852109774511,0.0,6.0092052081017755e-06,1.5558284660599497e-09
9,0,0.00023453164252327095,0.02,7.058581104502082e-06,1.4678179782734446e-09
9,0,0.00022116181206171498,0.02,7.058581104502082e-06,1.3510262908411619e-09
9,0,0.00021199074798580094,0.02,7.24840720067732e-06,1.1673885191854083e-09
9,0,0.00020324253660204957,0.02,7.24840720067732e-06,9.411718071561381e-10
9,0,0.00018725397270237963,0.02,7.24840720067732e-06,7.412295222053444e-10
9,0,0.00016747052275654941,0.02,7.24840720067732e-06,5.536673897132971e-10
9,0,0.00015351107568278434,0.02,4.948330115439603e-06,3.815442406462921e-10
9,0,0.00014695659792698972,0.02,5.04124636790948e-06,2.6209026615653386e-10
9,0,0.00014283646517433094,0.02,5.04124636790948e-06,1.7756560111159558e-10
9,0,0.00013802729267658822,0.02,5.162651177670341e-06,1.1916233277897703e-10
9,0,0.00013105948938177642,0.02,5.162651177670341e-06,7.83567863371637e-11
9,0,0.000122947925557261,0.02,6.5586068558332045e-06,5.4695064449772346e-11
9,0,0.00011516629971553824,0.02,6.5586068558332045e-06,4.175084236668347e-11
9,0,0.0001085232372738244,0.02,5.648736078001093e-06,3.364289749563376e-11
9,0,0.00010291355776584012,0.02,5.15241117682308e-06,2.927532175012182e-11
9,0,9.81979369097807e-05,0.02,4.0007425923249684e-06,2.6605349867647732e-11
9,0,9.519547955635517e-05,0.02,4.0007425923249684e-06,2.494350212489671e-11
9,0,9.366906386929942e-05,0.02,4.0007425923249684e-06,2.305889680587203e-11
9,0,9.291982315980982e-05,0.02,3.149209533148678e-06,2.199817064618692e-11
9,0,9.180309117018607e-05,0.02,3.149209533148678e-06,2.1246823744824894e-11
9,0,8.91786611437697e-05,0.02,3.149209533148678e-06,1.9057885478068748e-11
9,0,8.444641719808917e-05,0.02,3.149209533148678e-06,1.7329974261182102e-11
9,0,8.053866288428801e-05,0.02,3.1696499718236737e-06,1.4896122529917122e-11
9,0,8.134123160768895e-05,0.02,3.1696499718236737e-06,1.4152409279211131e-11
9,0,8.578266199963932e-05,0.02,3.095112560913549e-06,1.494507122223876e-11
9,0,9.151940390525474e-05,0.02,3.095112560913549e-06,1.5304358474965696e-11
9,0,9.706021807787441e-05,0.0,2.634970769577194e-06,1.568409291330397e-11
9,0,0.00010264797024903854,0.0,2.634970769577194e-06,1.5779601583720826e-11
9,0,0.00010824105051730783,0.0,2.634970769577194e-06,1.593749437978076e-11
9,0,0.00011280551355220223,0.0,2.586404889370897e-06,1.7016643302780743e-11
9,0,0.0001152094693822561,0.0,2.586404889370897e-06,1.9036668075234076e-11
9,0,0.00011779976472253928,0.0,3.2919401746767107e-06,2.0445771811705704e-11
9,0,0.000120990745396456,0.0,3.2919401746767107e-06,2.0637399775202958e-11
9,0,0.00012179905122839454,0.0,3.2919401746767107e-06,1.850891835630808e-11
9,0,0.00011116879447283363,0.0,3.2919401746767107e-06,1.514898102794593e-11
9,0,9.666590524967247e-05,0.0,3.2919401746767107e-06,1.1463703250558233e-11
9,0,8.64654400089268e-05,0.0,2.8355507311061956e-06,8.430857574570627e-12
9,0,7.904422469506557e-05,0.02,3.393261067685671e-06,6.112061811530678e-12
9,0,7.0826771717501e-05,0.02,3.393261067685671e-06,4.193013991571348e-12
9,0,6.240648759684038e-05,0.02,3.4749789392662933e-06,2.7652936364364056e-12
9,0,5.4784425712026384e-05,0.02,3.4749789392662933e-06,1.8491616658039556e-12
9,0,4.8670125473919225e-05,0.02,3.4749789392662933e-06,1.1807421360088277e-12
9,0,4.340706849243203e-05,0.02,3.0138137390167685e-06,7.507485843931405e-13
9,0,3.745150223910422e-05,0.02,3.0138137390167685e-06,4.486979906549726e-13
9,0,3.1186390996123014e-05,0.02,3.0138137390167685e-06,2.746720223229665e-13
9,0,2.6286709850971994e-05,0.02,3.828736225841567e-06,1.750329617572835e-13
9,0,2.237973484348231e-05,0.04,3.903566266671987e-06,1.0708451405336619e-13
9,0,1.9636934085341617e-05,0.06,5.298624728311552e-06,7.173753778511038e-14
9,0,1.769176636447686e-05,0.06,5.809034519188572e-06,5.3847531089005335e-14
9,0,1.6598328459036793e-05,0.06,5.809034519188572e-06,4.224019137938351e-14
9,0,1.6373958267066498e-05,0.06,5.809034519188572e-06,3.485402003361275e-14
9,0,1.639624142448101e-05,0.06,5.475946636579465e-06,2.7520102150358113e-14
9,0,1.5967230713465312e-05,0.06,5.475946636579465e-06,2.855062784497611e-14
9,0,1.535133162090619e-05,0.06,4.310426902520703e-06,3.063181151330245e-14
9,0,1.549092242253918e-05,0.06,4.310426902520703e-06,3.716360444210032e-14
9,0,1.5980701986672367e-05,0.06,4.310426902520703e-06,4.608459271203229e-14
9,0,1.687606797583327e-05,0.06,4.310426902520703e-06,6.488886983074468e-14
9,0,1.7921342746217225e-05,0.04,3.3687078939692583e-06,9.35915841354662e-14
9,0,1.9109893328005956e-05,0.02,3.3687078939692583e-06,1.35536208450103e-13
9,0,2.021645647897032e-05,0.02,3.3687078939692583e-06,1.9468656558847136e-13
9,0,2.140328790194972e-05,0.02,3.3687078939692583e-06,2.519109324351093e-13
9,0,2.2432818962561095e-05,0.02,3.3687078939692583e-06,3.0439398831377806e-13
9,0,2.409755364455557e-05,0.02,4.2795923036464956e-06,3.3789944041580366e-13
9,0,2.6532966939178967e-05,0.02,4.3073696360806935e-06,3.521159058772483e-13
9,0,2.966266566832693e-05,0.02,4.569380962493597e-06,3.517051016740935e-13
9,0,3.209841868812513e-05,0.0,4.314947091188515e-06,3.5538423332620583e-13
9,0,3.362964150120095e-05,0.0,4.314947091188515e-06,3.5710741004904567e-13
9,0,3.439053169516851e-05,0.0,3.822672624664847e-06,3.666443234087713e-13
9,0,3.4739115791619525e-05,0.0,3.6034778077009832e-06,3.8213066066473955e-13
9,0,3.548686226788409e-05,0.0,3.5187385947210714e-06,4.0653941259412296e-13
9,0,3.647465967433955e-05,0.0,2.7136402422911488e-06,4.516387806276223e-13
9,0,3.72884528919063e-05,0.0,2.7136402422911488e-06,4.98997327832984e-13
9,0,3.787126334048726e-05,0.0,3.949361598643009e-06,5.426698587024381e-13
9,0,3.831785072519981e-05,0.0,3.949361598643009e-06,5.67115473505686e-13
9,0,3.809491849575851e-05,0.0,3.949361598643009e-06,5.883889295926759e-13
9,0,3.762805525663749e-05,0.0,3.949361598643009e-06,5.954018745049638e-13
9,0,3.765259599503581e-05,0.0,2.7136402422911488e-06,5.559290007506323e-13
9,0,3.741181757064337e-05,0.0,3.0043784136069007e-06,5.543481255629312e-13
9,0,3.5760278040227706e-05,0.0,3.0607923235947965e-06,5.486123708098312e-13
9,0,3.360458622731302e-05,0.0,3.134503685942036e-06,5.839715104712095e-13
9,0,3.262966087214826e-05,0.02,3.3255773814744316e-06,6.626117840177748e-13
9,0,3.1593916652802566e-05,0.02,3.3255773814744316e-06,6.239639339065961e-13
9,0,2.9377307524863393e-05,0.02,3.3041312690329505e-06,5.72820653757522e-13
9,0,2.597086112710664e-05,0.02,3.3687078939692583e-06,5.014168334011027e-13
9,0,2.2309488004445054e-05,0.02,3.3687078939692583e-06,3.6211992063793497e-13
9,0,1.9579058611836884e-05,0.02,3.3687078939692583e-06,2.5505593188694664e-13
9,0,1.7598945884891185e-05,0.02,3.3687078939692583e-06,1.7556861184059996e-13
9,0,1.5585576797959402e-05,0.02,3.3687078939692583e-06,1.2432639824328656e-13
9,0,1.3443627129978163e-05,0.02,3.3137621358036995e-06,7.99295390074492e-14
9,0,1.1831765699505439e-05,0.04,3.3667872685327893e-06,5.251093681516057e-14
9,0,1.061561676136557e-05,0.04,3.3667872685327893e-06,3.641574888857413e-14
9,0,9.886858239523538e-06,0.04,4.307969447836513e-06,3.0952894598552244e-14
9,0,9.48678183568593e-06,0.04,4.307969447836513e-06,3.0264778584730007e-14
9,0,8.979821003123359e-06,0.04,4.307969447836513e-06,3.190829016481468e-14
9,0,8.354673627662928e-06,0.04,4.307969447836513e-06,3.5585002690829634e-14
9,0,7.803346142709439e-06,0.04,3.3667872685327893e-06,4.288385849226563e-14
9,0,7.494361936172294e-06,0.02,2.9592245027743047e-06,5.6017246640978693e-14
9,0,7.555042476426891e-06,0.02,3.092168071816559e-06,7.836353771830187e-14
9,0,8.047460665403324e-06,0.02,3.092168071816559e-06,1.1274624490313981e-13
9,0,9.03834236543411e-06,0.02,3.092168071816559e-06,1.4966282065650288e-13
9,0,1.0206044936447377e-05,0.02,3.092168071816559e-06,1.659076386472877e-13
9,0,1.1264793411573485e-05,0.02,3.092168071816559e-06,1.653305042783465e-13
9,0,1.1839590278277954e-05,0.02,2.9592245027743047e-06,1.671218366602542e-13
9,0,1.237758640856032e-05,0.02,3.3667872685327893e-06,1.5222915430383038e-13
9,0,1.3628263750945152e-05,0.02,3.3667872685327893e-06,1.5066756436227235e-13
9,0,1.5203179453958975e-05,0.02,3.3886401524796383e-06,1.8976721507125288e-13
9,0,1.6873293216085644e-05,0.0,3.193943257429055e-06,1.49134516042905e-13
9,0,1.8496243613453287e-05,0.0,3.193943257429055e-06,2.114411618882317e-13
9,0,1.9908306371005053e-05,0.0,3.193943257429055e-06,2.558398913728166e-13
9,0,2.1039926019436075e-05,0.0,3.193943257429055e-06,3.1312222237810106e-13
9,0,2.2045596606253526e-05,0.0,3.1436402423423715e-06,3.783477979697747e-13
9,0,2.31082041590416e-05,0.0,3.1957652026903816e-06,4.441841317502637e-13
9,0,2.4346151036519914e-05,0.0,3.1957652026903816e-06,5.005682825708069e-13
9,0,2.5564958008904615e-05,0.0,3.1957652026903816e-06,5.27205069964648e-13
9,0,2.6313551557722618e-05,0.0,3.1957652026903816e-06,5.058364751370226e-13
9,0,2.6159640539963147e-05,0.0,3.1957652026903816e-06,4.3152674901285326e-13
9,0,2.5185518504060058e-05,0.0,3.1957652026903816e-06,3.814650689510507e-13
9,0,2.364682594390154e-05,0.02,3.3905732834682567e-06,2.8496782299332335e-13
9,0,2.158976467845001e-05,0.02,3.3687078939692583e-06,2.0984533826307744e-13
9,0,1.9090899451771925e-05,0.02,3.3687078939692583e-06,1.55959893979353e-13
9,0,1.6680106195223265e-05,0.02,3.3687078939692583e-06,1.2142183417572505e-13
9,0,1.5079575891260832e-05,0.02,3.3687078939692583e-06,1.0034669221860998e-13
9,0,1.4154065655135966e-05,0.02,3.3687078939692583e-06,8.786399477997767e-14
9,0,1.3013378133189429e-05,0.02,3.3687078939692583e-06,7.62912817772396e-14
9,0,1.1739706272459611e-05,0.02,2.9609127523144707e-06,6.217562001278182e-14
9,0,1.061730750630871e-05,0.02,2.9609127523144707e-06,5.0366239228317317e-14
9,0,9.516653779105541e-06,0.04,2.9609127523144707e-06,4.116547936403904e-14
9,0,8.599224026705756e-06,0.04,3.726838031070656e-06,3.455179528990063e-14
9,0,7.837377423482138e-06,0.04,3.786473143918556e-06,2.987341209364884e-14
9,0,6.958510693965516e-06,0.04,3.786473143918556e-06,2.724262770936476e-14
9,0,6.436465302982136e-06,0.04,3.786473143918556e-06,2.8735887503067783e-14
9,0,6.490129536250289e-06,0.04,3.956580712838331e-06,3.655695266901321e-14
9,0,6.092745120273645e-06,0.04,3.092168071816559e-06,5.0295776251501126e-14
9,0,5.3912859203192485e-06,0.02,3.092168071816559e-06,6.731486705937109e-14
9,0,5.1237020280238015e-06,0.02,3.092168071816559e-06,8.520555138183394e-14
9,0,5.040208795517038e-06,0.02,2.638113755892846e-06,1.082158519153005e-13
9,0,4.820072605918926e-06,0.02,2.638113755892846e-06,1.3253421526481651e-13
9,0,4.646809229269135e-06,0.02,2.638113755892846e-06,1.4475828305146599e-13
9,0,4.624762606918824e-06,0.02,2.638113755892846e-06,1.5496062549455458e-13
9,0,4.534516481066407e-06,0.02,2.638113755892846e-06,1.6065173822320256e-13
9,0,4.555396852047898e-06,0.0,2.4865389605110977e-06,1.5967754191364286e-13
9,0,4.711571764337363e-06,0.0,2.4865389605110977e-06,1.6317356537134953e-13
9,0,4.816208308636185e-06,0.0,2.4865389605110977e-06,1.7505266713176842e-13
9,0,4.95158244649239e-06,0.0,2.4865389605110977e-06,1.9873440729439168e-13
9,0,5.2333975790756565e-06,0.0,2.4865389605110977e-06,2.498628474262299e-13
9,0,5.6256584474722835e-06,0.0,1.7136354699687217e-06,3.6367106158105567e-13
9,0,6.030745851607723e-06,0.0,1.3899010582463234e-06,6.028271957135567e-13
9,0,6.480798852665156e-06,0.0,1.3809365100314608e-06,1.0748707696475734e-12
9,0,6.811927997400673e-06,0.0,1.3809365100314608e-06,1.8067153675915826e-12
9,0,6.96714464569012e-06,0.0,1.3809365100314608e-06,2.8957647911498352e-12
9,0,7.118892104909682e-06,0.0,1.3809365100314608e-06,4.384713512411986e-12
9,0,7.082014624253509e-06,0.0,1.3809365100314608e-06,5.798882641433467e-12
9,0,6.904346610670666e-06,0.0,1.3809365100314608e-06,6.4769734714476e-12
9,0,6.6448694807496885e-06,0.0,1.3809365100314608e-06,6.187459832690534e-12
9,0,6.2021932540055235e-06,0.0,1.3809365100314608e-06,5.4439530140781844e-12
9,0,5.765507329662276e-06,0.0,1.3809365100314608e-06,4.664228638734391e-12
9,0,5.296143594483138e-06,0.0,1.3809365100314608e-06,3.7123537750816116e-12
9,0,4.808474037303338e-06,0.0,1.3809365100314608e-06,2.7846919648660817e-12
9,0,4.313880475493239e-06,0.0,1.3809365100314608e-06,2.078528972201954e-12
9,0,3.806800449475357e-06,0.0,1.3809365100314608e-06,1.5470493809621733e-12
9,0,3.317253474447501e-06,0.0,2.0037823560414836e-06,1.1164317083658948e-12
9,0,2.904082908960103e-06,0.0,2.0037823560414836e-06,7.920506698427809e-13
9,0,2.6574953573226556e-06,0.02,2.0037823560414836e-06,5.762769818631885e-13
9,0,2.5596919291072188e-06,0.02,2.4865389605110977e-06,4.550204614137132e-13
9,0,2.512947578686226e-06,0.02,2.4865389605110977e-06,4.028505773325669e-13
9,0,2.4636804495405827e-06,0.02,2.4865389605110977e-06,4.0417048505735076e-13
9,0,2.4408960207631214e-06,0.02,2.620108944029198e-06,4.3348099632370407e-13
9,0,2.4704003166473267e-06,0.02,2.620108944029198e-06,4.997268874748495e-13
9,0,2.5520254454247237e-06,0.02,2.620108944029198e-06,6.139318112045877e-13
9,0,2.6390145445060834e-06,0.02,3.334838083901559e-06,8.194016212076383e-13
9,0,2.673686800878963e-06,0.02,3.5376885989535367e-06,1.1924202944491036e-12
9,0,2.658551241869846e-06,0.02,3.5376885989535367e-06,1.8679246517605552e-12
9,0,2.7161644050230324e-06,0.02,4.766180154547328e-06,3.154000715113736e-12
9,0,2.850676960885443e-06,0.02,5.5289033298322465e-06,5.5730524362029854e-12
9,0,3.0517966731837158e-06,0.02,5.5289033298322465e-06,1.0376898992858763e-11
9,0,3.3380210557311935e-06,0.02,5.5289033298322465e-06,1.9620662733421668e-11
9,0,3.7551935706718875e-06,0.02,5.5289033298322465e-06,3.4579734908835036e-11
9,0,4.357718216860617e-06,0.02,5.5289033298322465e-06,4.9328308798779474e-11
9,0,4.9149414372789724e-06,0.02,5.5289033298322465e-06,6.40674527319085e-11
9,0,5.251553373884607e-06,0.02,5.5289033298322465e-06,8.382630700687344e-11
9,0,6.055019706440664e-06,0.02,4.455480848264415e-06,9.57468826445762e-11
9,0,7.716030856297586e-06,0.02,3.0705664357810747e-06,7.677442709352889e-11
9,0,9.274746231230698e-06,0.02,3.0705664357810747e-06,5.025030391792029e-11
9,0,8.124245772175935e-06,0.02,3.5161388041160535e-06,4.343148757302018e-11
9,0,9.743751271484384e-06,0.04,5.088349553261651e-06,4.645054133001203e-11
9,0,1.6274400650829405e-05,0.04,3.0395751764444867e-06,3.981007190567709e-11
9,0,1.9283776512840442e-05,0.02,2.7844826036016457e-06,1.8361465681238087e-09
9,0,2.251535492349412e-05,0.02,2.889654524551588e-06,5.49709618102856e-11
9,0,2.7561150452095822e-05,0.02,2.7239598239248153e-06,4.483271739963435e-11
9,0,2.8452201894206087e-05,0.02,2.1401547201094218e-06,5.3429174279306935e-11
9,0,2.7030948360277204e-05,0.02,2.1401547201094218e-06,6.693522819345432e-11
9,0,2.6726879963569247e-05,0.02,2.1401547201094218e-06,8.089159897473053e-11
9,0,2.7661494260136093e-05,0.02,2.1401547201094218e-06,1.0982503101386598e-10
9,0,2.9928447807757878e-05,0.02,1.9094259187113494e-06,1.581954151008702e-10
9,0,3.334883636092879e-05,0.0,1.6128805100379395e-06,2.359812623087265e-10
9,0,3.696326593047385e-05,0.0,1.6128805100379395e-06,3.554546101902645e-10
9,0,3.902000472356457e-05,0.0,1.7606403162062634e-06,5.433003491539523e-10
9,0,4.022795802163416e-05,0.0,1.7606403162062634e-06,7.950426983427406e-10
9,0,4.399394883274756e-05,0.0,1.7606403162062634e-06,1.034706542668573e-09
9,0,4.632303849464725e-05,0.0,1.956944970515906e-06,1.8887460484506846e-09
9,0,4.727926718455994e-05,0.0,1.936737362484564e-06,4.019564237012219e-09
9,0,4.783418968375031e-05,0.0,1.936737362484564e-06,7.546724134499527e-09
9,0,4.625946449592809e-05,0.0,2.3115419480745913e-06,1.2026186269054051e-08
9,0,5.2021725716944515e-05,0.0,2.3115419480745913e-06,8.241792137653192e-09
9,0,4.7837697974508495e-05,0.0,2.3115419480745913e-06,8.972578235955098e-09
9,0,3.0378562158372478e-05,0.0,2.3115419480745913e-06,1.8494969111770843e-08
9,0,3.0505874320365002e-05,0.0,2.4777330054348568e-06,3.056117492405974e-08
9,0,3.911563703267867e-05,0.0,2.904186430896516e-06,3.956336058763554e-08
9,0,5.389254148855721e-05,0.0,2.904186430896516e-06,7.067473717370376e-08
9,0,5.3693622350107676e-05,0.0,2.904186430896516e-06,8.89213467303307e-08
9,0,5.379538440893273e-05,0.0,3.0704140954185277e-06,1.0435928032848096e-07
9,0,5.167072095080942e-05,0.0,5.325133770384127e-06,1.202437971414838e-07
9,0,4.664566325848039e-05,0.0,5.413424787548138e-06,1.466682988393586e-07
9,0,3.9996786654120914e-05,0.0,6.158993528515566e-06,1.8235260768051376e-07
9,0,3.619298886358939e-05,0.02,6.803824817325221e-06,2.1605912081668066e-07
9,0,3.549459363514463e-05,0.02,7.068975264701294e-06,2.4831641098899127e-07
9,0,3.5613338040523605e-05,0.02,6.933473287062952e-06,2.8584858569047356e-07
9,0,3.54315471728458e-05,0.04,8.026035175134894e-06,3.405881727758242e-07
9,0,3.5998104501522836e-05,0.04,8.893513950170018e-06,4.138801443787088e-07
9,0,3.761009477100463e-05,0.04,8.893513950170018e-06,5.304163437358511e-07
9,0,3.945839958443091e-05,0.04,8.893513950170018e-06,7.11024711108621e-07
9,0,3.9882808322632646e-05,0.04,8.893513950170018e-06,9.293259495279926e-07
9,0,3.8300330140099065e-05,0.04,8.615240403742064e-06,1.2669855777858174e-06
9,0,3.765605172088101e-05,0.04,8.391275514441077e-06,1.729287419038883e-06
9,0,3.889703956350792e-05,0.04,4.239923327986617e-06,2.2148981315694982e-06
9,0,4.0126227757040734e-05,0.02,4.239923327986617e-06,2.8533977456390858e-06
9,0,4.171827252953299e-05,0.02,4.554228326014709e-06,3.3330798032693565e-06
9,0,4.3769188353350305e-05,0.02,3.511688419166603e-06,3.960287813242758e-06
9,0,4.677626700664205e-05,0.02,3.511688419166603e-06,4.27840450356598e-06
9,0,5.343923153351902e-05,0.02,3.511688419166603e-06,4.121716301597189e-06
9,0,6.284742584120052e-05,0.02,3.511688419166603e-06,3.5676255265570944e-06
9,0,7.139035016518524e-05,0.02,3.511688419166603e-06,3.1082784062164137e-06
9,0,7.789663555571084e-05,0.02,3.7324796267057536e-06,2.861401071641012e-06
9,0,8.312704718965346e-05,0.02,3.8076386772445403e-06,2.5554222702339757e-06
9,0,8.701575870433354e-05,0.02,4.706557319877902e-06,2.1706794086640002e-06
9,0,8.933723981718888e-05,0.02,5.660881015501218e-06,1.8394024436929612e-06
9,0,8.960155390909274e-05,0.0,5.768029950559139e-06,1.5358090195149998e-06
9,0,8.43162604128752e-05,0.0,5.19957575306762e-06,1.2939376574649941e-06
9,0,7.652465593703735e-05,0.0,5.168538336874917e-06,1.0396754532848718e-06
9,0,7.699032977052533e-05,0.0,3.8102796224848134e-06,5.871481221220165e-07
9,0,7.968402928527481e-05,0.0,4.70245231554145e-06,3.665285532861162e-07
9,0,7.994077939684685e-05,0.0,4.190210802335059e-06,2.817883171246649e-07
9,0,8.117240013125489e-05,0.0,4.040342446387513e-06,2.1053104148904822e-07
9,0,8.080121074976015e-05,0.0,3.4996658087038668e-06,1.5139738707148354e-07
9,0,8.500014414133424e-05,0.0,4.375509433884872e-06,9.176762461038379e-08
9,0,8.844494431636544e-05,0.0,3.4996658087038668e-06,5.5622102479446767e-08
9,0,7.722501676322268e-05,0.0,2.8356912480376195e-06,4.248926899208527e-08
9,0,5.732498467425548e-05,0.0,2.8680342438747175e-06,3.6059898178564254e-08
9,0,3.9421263235338753e-05,0.0,3.276927600381896e-06,3.2349664280673096e-08
9,0,2.6609955903682316e-05,0.0,2.3540126221632818e-06,3.006465121302426e-08
9,0,2.5777516247337255e-05,0.0,3.0167007025738712e-06,3.898395561918733e-08
9,0,2.633998597758039e-05,0.0,3.849767381325364e-06,5.683545722945382e-08
9,0,2.944229055924185e-05,0.0,4.860809895035345e-06,9.36677508889261e-08
9,0,3.763258273042786e-05,0.0,4.860809895035345e-06,1.450179070161539e-07
9,0,3.764043862108593e-05,0.0,4.860809895035345e-06,1.5454401136594242e-07
9,0,4.253848393964628e-05,0.0,4.860809895035345e-06,1.575608621351421e-07
9,0,5.0284216890280145e-05,0.0,5.027716724725906e-06,1.6016790027606476e-07
9,0,5.5945096923294966e-05,0.0,5.027716724725906e-06,1.8345868113556207e-07
9,0,5.73279460925097e-05,0.0,5.027716724725906e-06,2.2899421026068012e-07
9,0,5.901213443873494e-05,0.0,5.027716724725906e-06,2.848577480563108e-07
9,0,6.258567330131844e-05,0.0,4.267687018000288e-06,3.6005647530146234e-07
9,0,6.807238884493246e-05,0.0,3.873077730531804e-06,4.74426286700691e-07
9,0,7.349403036667715e-05,0.0,3.3051837817765772e-06,6.539912078551424e-07
9,0,7.746869941608711e-05,0.0,2.6177062864007894e-06,9.519669106339279e-07
9,0,8.217686259703144e-05,0.0,1.9297885955893435e-06,1.4080159189688857e-06
9,0,9.426360310282922e-05,0.0,1.9297885955893435e-06,1.9318160866532708e-06
9,0,0.0001176629112916193,0.0,1.3746478089160519e-06,2.310891886736499e-06
9,0,0.0001522363130769655,0.0,1.3746478089160519e-06,2.3689144654781558e-06
9,0,0.00018099765663381534,0.0,1.1972389302172814e-06,2.341547997275484e-06
9,0,0.00018578659034310403,0.0,9.914439260683139e-07,2.562983354437165e-06
9,0,0.00019243290966327567,0.0,1.2618967275557225e-06,2.7225598842051113e-06
9,0,0.0002220790679655079,0.0,1.2618967275557225e-06,2.5178969735861756e-06
9,0,0.0002609730380966126,0.0,1.0765984370664228e-06,1.4727705774930655e-06
9,0,0.0002508138677509964,0.0,1.0765984370664228e-06,6.059572683625447e-07
9,0,0.0002074023455203577,0.0,1.2248746088516782e-06,2.3773125690240704e-07
9,0,0.00027088642275824103,0.0,9.62356466516212e-07,2.2039091618353268e-07
9,0,0.0004284132626773549,0.02,9.62356466516212e-07,2.627994035719894e-07
9,0,0.0004760920673839173,0.02,9.62356466516212e-07,1.8604158924517833e-07
9,0,0.0004949308170591873,0.02,9.686028761279886e-07,6.53580869425241e-08
9,0,0.0004885829328211671,0.02,9.686028761279886e-07,3.728889197418539e-08
9,0,0.00047963859594640513,0.02,9.686028761279886e-07,2.2200866922617024e-08
9,0,0.00045813798167414487,0.0,9.686028761279886e-07,1.4170203677110749e-08
9,0,0.0004066519733332911,0.0,9.686028761279886e-07,1.0812659212433573e-08
9,0,0.0003463555066825188,0.0,9.62356466516212e-07,9.916218957073397e-09
9,0,0.0003006074392377423,0.0,9.62356466516212e-07,1.0313418563612231e-08
9,0,0.0002738160366214853,0.0,8.4585917647928e-07,1.1684940126599486e-08
9,0,0.00025679600816291316,0.0,8.4585917647928e-07,1.3739628990094843e-08
9,0,0.00023787563126856194,0.0,8.4585917647928e-07,1.5921719054290406e-08
9,0,0.00021044577390668464,0.0,8.4585917647928e-07,1.7830561915843646e-08
9,0,0.0001742165720951161,0.0,9.815955763770035e-07,1.9972940634715997e-08
9,0,0.00013129371895850362,0.0,1.2240793694218155e-06,2.2547339995071525e-08
9,0,9.132204557973767e-05,0.0,1.2240793694218155e-06,2.5866480513059287e-08
9,0,0.00010142020204120186,0.0,2.4935345663834596e-06,5.778380796073179e-08
9,0,0.00014333698700911968,0.0,2.999136768266908e-06,1.0263028826784648e-07
9,0,0.0001403978160179432,0.0,2.999136768266908e-06,6.250326123335981e-08
9,0,0.00013214842504014095,0.0,3.55897691406426e-06,4.5077332089249467e-08
9,0,0.00012288198832198952,0.0,3.0026424155948916e-06,3.1955831758523345e-08
9,0,0.00011371159576036432,0.0,2.90494267574104e-06,2.5738621900472936e-08
9,0,0.00010566774400692615,0.0,3.533541303113452e-06,2.1429553243024202e-08
9,0,0.00010003563732811755,0.0,3.2965333502943395e-06,1.756078837900077e-08
9,0,9.24178367027385e-05,0.0,3.2965333502943395e-06,1.4617448584886006e-08
9,0,8.082132350023158e-05,0.0,3.2965333502943395e-06,1.2518833969465959e-08
9,0,6.99368875565391e-05,0.0,1.9546005205484107e-06,1.0830554231233691e-08
9,0,6.344441071066625e-05,0.02,2.2577130494028097e-06,9.450812576972112e-09
9,0,6.291455194450058e-05,0.02,2.0659761048591463e-06,8.31015700697435e-09
9,0,7.033349903911622e-05,0.02,2.191644625781919e-06,7.167835658350441e-09
9,0,8.165684271882818e-05,0.02,2.191644625781919e-06,6.747314706956331e-09
9,0,9.24290915112297e-05,0.02,2.191644625781919e-06,6.716857292587974e-09
9,0,0.00010533219181730367,0.0,2.191644625781919e-06,6.889086634487285e-09
9,0,0.00012186603486690576,0.0,2.3492154923587805e-06,7.327773943188731e-09
9,0,0.00014135959145321084,0.0,2.3492154923587805e-06,7.987884131921419e-09
9,0,0.00016273920055374436,0.0,2.3492154923587805e-06,8.76989503240111e-09
9,0,0.0001824893474747295,0.0,2.3492154923587805e-06,9.113719556808064e-09
9,0,0.00019983724393693973,0.0,2.392727537881001e-06,9.29561672080581e-09
9,0,0.00021681325778807393,0.0,2.392727537881001e-06,8.782416571762042e-09
9,0,0.00023482572822442683,0.0,2.40826034314523e-06,7.776280064319963e-09
9,0,0.0002515304302784499,0.0,2.40826034314523e-06,6.7342518228485915e-09
9,0,0.00026999702676780386,0.0,2.042650748990127e-06,5.746504161407984e-09
9,0,0.0002846914450409472,0.0,1.918250745802652e-06,4.8345305536656724e-09
9,0,0.00029460821076549004,0.0,1.918250745802652e-06,3.9193954748384385e-09
9,0,0.00030478994540311514,0.0,1.4207068943505874e-06,2.8126458939681243e-09
9,0,0.00029964655042105074,0.0,1.4207068943505874e-06,1.830691265247708e-09
9,0,0.0002750354061994446,0.0,1.4207068943505874e-06,1.2231676782548107e-09
9,0,0.0002440721096703892,0.0,1.4207068943505874e-06,8.097854053978892e-10
9,0,0.00020177346895729537,0.0,1.4207068943505874e-06,7.006292213063148e-10
9,0,0.00016785312496831348,0.0,1.4207068943505874e-06,7.998643414275364e-10
9,0,0.00016284169890898786,0.0,1.4207068943505874e-06,8.463492684462892e-10
9,0,0.00014686677077704175,0.0,1.4207068943505874e-06,9.72610325611356e-10
9,0,0.00011454693594758399,0.0,1.8484339534552419e-06,1.5113007512113086e-09
9,0,0.00010010795580587121,0.0,2.017773340412532e-06,1.8426089543055468e-09
9,0,9.399508222657685e-05,0.0,2.017773340412532e-06,1.846007013917017e-09
9,0,8.635122064117112e-05,0.0,2.017773340412532e-06,1.7541096353212993e-09
9,0,7.842906043499329e-05,0.0,2.0047591533511877e-06,1.6367759370083945e-09
9,0,7.211267914871879e-05,0.0,2.0047591533511877e-06,1.526967552401004e-09
9,0,6.798849658971516e-05,0.0,2.0047591533511877e-06,1.4418899407786512e-09
9,0,6.575061907353469e-05,0.0,2.0047591533511877e-06,1.411236794091053e-09
9,0,6.483497940170731e-05,0.0,2.0047591533511877e-06,1.5580170487083933e-09
9,0,6.576513224905548e-05,0.0,2.0047591533511877e-06,1.4669446768422745e-09
9,0,6.801007681619919e-05,0.0,1.4847787497274112e-06,1.778982294808884e-09
9,0,7.143117557029643e-05,0.0,1.4847787497274112e-06,2.326199011193353e-09
9,0,7.367002521882566e-05,0.0,1.4847787497274112e-06,3.350755228836988e-09
9,0,7.832031370014637e-05,0.0,1.4847787497274112e-06,4.929902264194652e-09
9,0,8.896605003302863e-05,0.0,1.4847787497274112e-06,7.077386232623439e-09
9,0,0.00010495917478659414,0.0,1.4847787497274112e-06,1.0226915314603957e-08
9,0,0.00013128885507711113,0.0,1.3851889661964378e-06,1.4211425813925871e-08
9,0,0.00016800394715745363,0.0,1.8702921806834638e-06,1.9511050552978304e-08
9,0,0.0001969281887435539,0.0,1.8702921806834638e-06,2.8317671763034014e-08
9,0,0.00022875945422159947,0.0,1.8702921806834638e-06,3.867069509055909e-08
9,0,0.00027179497012818905,0.0,1.3851889661964378e-06,4.719965218669131e-08
9,0,0.0003380025198174949,0.0,1.8702921806834638e-06,5.505845379616403e-08
9,0,0.00042102899011389245,0.0,2.23223810280615e-06,6.459984547291242e-08
9,0,0.0005189167796220136,0.0,2.23223810280615e-06,7.719182804066804e-08
9,0,0.0006183955914579196,0.0,2.246729081889498e-06,9.488112340250154e-08
9,0,0.0007574436400526218,0.0,2.40826034314523e-06,1.1185935733237784e-07
9,0,0.0009451472166682441,0.0,2.40826034314523e-06,1.19331602377315e-07
9,0,0.0010811096979907256,0.0,1.7114454067268525e-06,1.1365600016688404e-07
9,0,0.0011766538318695265,0.0,1.4207068943505874e-06,9.139294832039013e-08
9,0,0.001395854536615371,0.0,1.4207068943505874e-06,6.272300367982098e-08
9,0,0.0016242909849869577,0.0,1.4207068943505874e-06,3.9806259621855133e-08
9,0,0.0017195474250553504,0.0,1.4207068943505874e-06,2.486255468170384e-08
9,0,0.001729036057890189,0.0,1.4207068943505874e-06,1.6218816512036938e-08
9,0,0.0017298378495859352,0.0,1.4207068943505874e-06,1.2066050381065452e-08
9,0,0.0017964377095852704,0.0,1.918250745802652e-06,1.0823987039998428e-08
9,0,0.0018623817330811583,0.0,2.28947760660958e-06,1.0201043565416512e-08
9,0,0.0018139918647724013,0.0,2.28947760660958e-06,1.1163510116318776e-08
9,0,0.0016796248663865456,0.0,2.28947760660958e-06,1.2886277822588e-08
9,0,0.001536807155887275,0.0,2.28947760660958e-06,1.4974940398815306e-08
9,0,0.0013359157688604022,0.0,2.28947760660958e-06,1.8876377794185828e-08
9,0,0.0011753586212819133,0.0,4.104852905584266e-06,2.5090601596389206e-08
9,0,0.0011101742707013069,0.0,4.104852905584266e-06,3.0284734719998596e-08
9,0,0.001112396604101489,0.0,4.104852905584266e-06,3.1500331232336976e-08
9,0,0.0010204236772612685,0.0,4.104852905584266e-06,3.215355803831699e-08
9,0,0.0008841472679622183,0.0,2.2061497020331444e-06,3.030045192531361e-08
9,0,0.0008086225677066462,0.0,2.7399412374506937e-06,2.668334708744169e-08
9,0,0.0007548214086992944,0.0,2.295673994012759e-06,2.5157785188412163e-08
9,0,0.0006842994644940734,0.0,1.689272153271304e-06,2.8287981734820278e-08
9,0,0.0006162141436044273,0.0,1.689272153271304e-06,2.483421290833121e-08
9,0,0.0005501456059049329,0.0,1.689272153271304e-06,2.780446095584921e-08
9,0,0.0005016656470650432,0.0,1.689272153271304e-06,3.0734614853145104e-08
9,0,0.00047550740050941433,0.0,1.689272153271304e-06,3.477802223983417e-08
9,0,0.0004687447690909439,0.0,1.689272153271304e-06,4.532925856892689e-08
9,0,0.00046853135785656,0.0,1.689272153271304e-06,5.9504117189135286e-08
9,0,0.00046651051298338754,0.0,1.689272153271304e-06,8.286388464284755e-08
9,0,0.0004643886220799281,0.0,1.689272153271304e-06,1.16494724977656e-07
9,0,0.00047177251818767855,0.0,1.689272153271304e-06,1.5678561737786367e-07
9,0,0.0004949335861956856,0.0,1.689272153271304e-06,1.8608116647556017e-07
9,0,0.0005234162188779167,0.02,1.689272153271304e-06,2.2584617909160443e-07
9,0,0.0005632647210962866,0.0,1.689272153271304e-06,2.4851374291756656e-07
9,0,0.000624518049127311,0.0,1.689272153271304e-06,2.539450463245885e-07
9,0,0.0007029964684355605,0.0,1.689272153271304e-06,2.432106498417852e-07
9,0,0.0008109865926520392,0.0,1.4847787497274112e-06,2.237975280650062e-07
9,0,0.0009124081673961876,0.0,1.4847787497274112e-06,2.0663630095896224e-07
9,0,0.0010084126854494142,0.0,1.4847787497274112e-06,2.0008631906875962e-07
9,0,0.001095418492905755,0.0,1.4847787497274112e-06,2.0849225279562233e-07
9,0,0.0012886906737882584,0.02,1.4944160966479103e-06,2.1190298582496325e-07
9,0,0.0016503586878625154,0.0,1.3941797760708141e-06,2.146166622196688e-07
9,0,0.0021714180987113764,0.0,1.1825223964478937e-06,2.255170983289645e-07
9,0,0.0027938421334117343,0.0,1.3254145869723288e-06,2.5520802182654734e-07
9,0,0.0033847553426345025,0.02,2.036059413512703e-06,3.05675939671346e-07
9,0,0.003722775587397592,0.02,2.4300852601299994e-06,3.7530926988438296e-07
9,0,0.004031593026198566,0.02,2.5783542696444783e-06,4.3478169686750334e-07
9,0,0.004519306121038741,0.02,2.5783542696444783e-06,4.7667938929407683e-07
9,0,0.00499697192859218,0.02,2.5783542696444783e-06,5.078863409835321e-07
9,0,0.005277744878840321,0.02,2.5783542696444783e-06,5.483385621118941e-07
9,0,0.005076492414919413,0.02,2.5783542696444783e-06,6.420144131880079e-07
9,0,0.004950617334840972,0.02,2.5783542696444783e-06,7.890238862273691e-07
9,0,0.005101268856598079,0.02,2.1602872948278673e-06,8.941400437834091e-07
9,0,0.005110657767931738,0.02,1.5999657989596017e-06,9.814664281293517e-07
9,0,0.004885964777553116,0.02,1.5999657989596017e-06,1.1201248071301961e-06
9,0,0.004570983536701391,0.02,1.5999657989596017e-06,1.2281720955797937e-06
9,0,0.004133096549392279,0.04,1.5999657989596017e-06,1.307949673901021e-06
9,0,0.0037312103064151675,0.04,1.5999657989596017e-06,1.3469403938870528e-06
9,0,0.003385671714298248,0.02,1.5999657989596017e-06,1.381675588163489e-06
9,0,0.0030542963588454427,0.02,1.4274744444264797e-06,1.4693644061480882e-06
9,0,0.0028255723823467803,0.02,1.6829752667035791e-06,1.6339652120223036e-06
9,0,0.0027065634589428303,0.04,2.272367282785126e-06,1.8415087197354296e-06
9,0,0.00249502773199341,0.04,3.390463234609342e-06,2.203975327574881e-06
9,0,0.0021830571708186947,0.04,3.3685987546050455e-06,2.8023341656080447e-06
9,0,0.0019925449889179416,0.06,3.3685987546050455e-06,3.3962462566705653e-06
9,0,0.0018822909052375037,0.08,4.162073309998959e-06,3.912630290869856e-06
9,0,0.0017801428048905778,0.08,4.162073309998959e-06,4.395148152980255e-06
9,0,0.0016999800561384572,0.08,8.8572878667037e-06,4.937079211231321e-06
9,0,0.0016257629531323033,0.08,8.8572878667037e-06,5.624472578347195e-06
9,0,0.0015456276979995789,0.08,6.278533419390442e-06,6.671635674138088e-06
9,0,0.0014828414698298577,0.08,4.650057235267013e-06,8.199066542147193e-06
9,0,0.001464494564283629,0.08,4.650057235267013e-06,9.965583558368962e-06
9,0,0.0014682590384283638,0.08,4.650057235267013e-06,1.1776082828873768e-05
9,0,0.0014662921792024963,0.08,4.650057235267013e-06,1.2490147128119133e-05
9,0,0.0014668542797638651,0.08,4.650057235267013e-06,1.2748047083732672e-05
9,0,0.0015144345066739067,0.08,4.650057235267013e-06,1.5153263120737392e-05
9,0,0.0016254638244439766,0.08,4.650057235267013e-06,1.7184916941914707e-05
9,0,0.001794944198398563,0.08,4.650057235267013e-06,1.8887574697146192e-05
9,0,0.00198940262707329,0.08,4.650057235267013e-06,2.037828198808711e-05
9,0,0.0021896687838397475,0.08,4.650057235267013e-06,2.1350713723222725e-05
9,0,0.0024185176255061168,0.08,3.204658696631668e-06,2.1802268747705966e-05
9,0,0.002685575724324718,0.08,3.204658696631668e-06,2.2056676243664697e-05
9,0,0.002974610808697802,0.02,3.204658696631668e-06,2.2036638256395236e-05
9,0,0.0033112628993091434,0.02,3.204658696631668e-06,2.142863377230242e-05
9,0,0.003722511813783092,0.02,3.204658696631668e-06,2.0324057913967408e-05
9,0,0.004137425698090321,0.02,3.225462023692671e-06,1.7757354726199992e-05
9,0,0.004492001654303115,0.0,3.225462023692671e-06,1.3599351404991467e-05
9,0,0.004898889521474515,0.0,2.954768888230319e-06,6.5888430071936455e-06
9,0,0.005442795525774875,0.0,3.066372983084875e-06,7.79616220825119e-06
9,0,0.005891757426978193,0.0,3.066372983084875e-06,6.4016262513177935e-06
9,0,0.0060771584030733595,0.0,3.066372983084875e-06,5.239827260083985e-06
9,0,0.006141431946894892,0.0,3.066372983084875e-06,4.588328010868281e-06
9,0,0.00618518358568992,0.0,3.066372983084875e-06,4.271563284419244e-06
9,0,0.006176257695667866,0.0,3.066372983084875e-06,3.969574663642561e-06
9,0,0.006107013775584482,0.0,3.066372983084875e-06,3.829291472356999e-06
9,0,0.005967194440697993,0.0,3.066372983084875e-06,4.645668923330959e-06
9,0,0.005610805965967871,0.02,3.066372983084875e-06,5.717246494896244e-06
9,0,0.005156569140189647,0.02,3.066372983084875e-06,6.731590474373661e-06
9,0,0.004847311592211364,0.02,3.066372983084875e-06,8.8800643425202e-06
9,0,0.004532474542123119,0.02,3.066372983084875e-06,1.1279942555120215e-05
9,0,0.004189010488910243,0.02,3.066372983084875e-06,1.2501158380473498e-05
9,0,0.00389471280193631,0.02,3.6666388041339815e-06,1.3347974345379043e-05
9,0,0.0036533728477153964,0.06,4.002547484560637e-06,1.4165753782435786e-05
9,0,0.0034391371451019904,0.06,5.094384960102616e-06,1.4803415069764014e-05
9,0,0.003180894903404641,0.06,3.2096656923386035e-06,1.3838348422723357e-05
9,0,0.0029162229563907643,0.06,3.2096656923386035e-06,1.2801248885807581e-05
9,0,0.00262621787822329,0.06,2.093411239911802e-06,1.1959588846366387e-05
9,0,0.0023475990192852133,0.08,2.0799111553060357e-06,1.1295809599687345e-05
9,0,0.002145410979484199,0.08,2.0799111553060357e-06,1.1438206456659827e-05
9,0,0.002055945369076915,0.08,2.0799111553060357e-06,1.2707190762739629e-05
9,0,0.0020663811507417246,0.06,1.6762588757046615e-06,1.557333416712936e-05
9,0,0.0021574724254049675,0.06,2.0799111553060357e-06,2.1079407815705054e-05
9,0,0.002380188052858493,0.06,2.0799111553060357e-06,2.9826684112777002e-05
9,0,0.0027139315486303787,0.06,1.8217474462289829e-06,4.314760735724121e-05
9,0,0.003008312083486386,0.06,2.250861598440679e-06,6.26437904429622e-05
9,0,0.00317799949012797,0.06,2.864865791707416e-06,9.066561324289069e-05
9,0,0.0034721420964208766,0.06,3.5178327379981056e-06,0.00013675399532075971
9,0,0.003773794969770283,0.06,3.5178327379981056e-06,0.00017726093938108534
9,0,0.004085462015741223,0.06,3.5178327379981056e-06,0.0002182944881496951
9,0,0.004440352299900612,0.04,4.386840828374261e-06,0.0002571566728875041
9,0,0.004840926163802175,0.04,4.386840828374261e-06,0.00029036038904450834
9,0,0.005447405820564595,0.02,4.386840828374261e-06,0.0003134454891551286
9,0,0.0065715213154728365,0.02,4.386840828374261e-06,0.00031709953327663243
9,0,0.00807704286822872,0.02,3.337644557177555e-06,0.0002736470487434417
9,0,0.01015163692158908,0.02,2.2596971120947273e-06,0.0002562797162681818
9,0,0.013018452931281822,0.02,2.2596971120947273e-06,0.00024345790734514594
9,0,0.016171329876677354,0.02,2.532751295802882e-06,0.00021289016876835376
9,0,0.017902475708388644,0.02,2.532751295802882e-06,0.00020514651259873062
9,0,0.01877646220821131,0.02,2.532751295802882e-06,0.00019992156012449414
9,0,0.019580226035002247,0.02,2.532751295802882e-06,0.00019353914831299335
9,0,0.020463141802173786,0.02,2.532751295802882e-06,0.0001724350149743259
9,0,0.02220008537600004,0.02,2.532751295802882e-06,0.00014844701217953116
9,0,0.02493290002453642,0.02,2.532751295802882e-06,0.00012422110012266785
9,0,0.02713131539169809,0.02,2.532751295802882e-06,0.00012324276030994952
9,0,0.028003014205221284,0.02,3.223650992367766e-06,0.00012173200229881331
9,0,0.02809356411556832,0.02,3.4197412333014654e-06,0.00014166344772092998
9,0,0.027205238301713036,0.02,3.0690878247696673e-06,0.00016953115118667483
9,0,0.02531638443423642,0.02,3.289429741926142e-06,0.0001860555785242468
9,0,0.023202343157685632,0.02,3.289429741926142e-06,0.00020171646610833704
9,0,0.021246559436498242,0.02,3.289429741926142e-06,0.00020980344561394304
9,0,0.019682041750644128,0.02,3.289429741926142e-06,0.0002059588732663542
9,0,0.01817768733344849,0.02,3.289429741926142e-06,0.00018697929044719785
9,0,0.01643048948743265,0.02,3.0690878247696673e-06,0.00016392518591601402
9,0,0.014053337915034114,0.02,3.39790813086438e-06,0.0001491901493864134
9,0,0.011760169352040505,0.02,3.39790813086438e-06,0.00013932671572547406
9,0,0.010391297240148738,0.04,3.39790813086438e-06,0.00013217751984484494
9,0,0.009736899742324615,0.04,7.231077233882388e-06,0.00013357236457522959
9,0,0.008975552800897861,0.04,7.70024325902341e-06,0.00013283138105180115
9,0,0.008079873724209753,0.04,7.70024325902341e-06,0.0001293558452744037
9,0,0.007385718394752377,0.04,7.70024325902341e-06,0.0001261526340385899
9,0,0.006936020472567164,0.04,7.70024325902341e-06,0.00010981036757584661
9,0,0.006652171570421928,0.04,1.6092642908915877e-05,9.07201028894633e-05
9,0,0.006402326587235826,0.04,1.6092642908915877e-05,9.08534275367856e-05
9,0,0.0061679442900047935,0.04,1.6092642908915877e-05,9.496785787632689e-05
9,0,0.005966330751279989,0.04,1.6092642908915877e-05,9.156199666904286e-05
9,0,0.005801847324967043,0.06,1.7041546016116627e-05,7.57594098104164e-05
9,0,0.005615226885406212,0.06,2.0527999367914163e-05,6.922651664353907e-05
9,0,0.005401105649267696,0.06,2.0527999367914163e-05,7.487114635296166e-05
9,0,0.005393785700973824,0.06,1.5796400475664996e-05,7.635027577634901e-05
9,0,0.005555149154360818,0.06,1.5796400475664996e-05,7.389266102109104e-05
9,0,0.0056168335235899465,0.06,2.1334511984605342e-05,8.111919305520132e-05
9,0,0.00565386838314993,0.06,2.3715234419796616e-05,8.86939960764721e-05
9,0,0.0057722338327387225,0.06,2.3715234419796616e-05,8.809963765088469e-05
9,0,0.006062389991691367,0.08,2.3715234419796616e-05,8.120712300296873e-05
9,0,0.0065169060797412,0.06,2.3715234419796616e-05,7.287455082405359e-05
9,0,0.00689913234648512,0.06,1.3143318028596696e-05,7.249257760122418e-05
9,0,0.007186738808602557,0.06,1.0637639206834137e-05,7.678999099880457e-05
9,0,0.007574062028831593,0.04,1.0045313501905184e-05,7.824083149898797e-05
9,0,0.00802558019945748,0.04,8.03552393335849e-06,8.170705405063927e-05
9,0,0.008607632002015466,0.04,8.03552393335849e-06,8.732294372748584e-05
9,0,0.009361148578536808,0.04,8.03552393335849e-06,9.185995440930128e-05
9,0,0.010121108221548585,0.04,8.03552393335849e-06,8.998379053082317e-05
9,0,0.01058580576095137,0.04,8.03552393335849e-06,9.747501462697983e-05
9,0,0.011064063632371402,0.04,8.03552393335849e-06,0.00010109657159773633
9,0,0.011568868411035872,0.04,8.03552393335849e-06,0.00010050072887679562
9,0,0.012259204141768539,0.04,8.03552393335849e-06,9.510715608485043e-05
9,0,0.013013375363733572,0.04,8.03552393335849e-06,8.585962495999411e-05
9,0,0.01324270122037505,0.04,8.03552393335849e-06,9.206437243847176e-05
9,0,0.013410231264808574,0.04,7.573441052954877e-06,8.377222548006102e-05
9,0,0.013575160717328717,0.04,3.5587868296715897e-06,7.829448441043496e-05
9,0,0.013453389464403361,0.04,2.981748593811062e-06,9.105385834118351e-05
9,0,0.013056539895427648,0.04,2.810772912198445e-06,0.0001222459104610607
9,0,0.012738857821992253,0.04,2.208362047895207e-06,0.00013126076373737305
9,0,0.012451308819813423,0.02,2.208362047895207e-06,0.00013471553393173963
9,0,0.012193998353757273,0.02,2.810772912198445e-06,0.00013485163799487054
9,0,0.01203394580117663,0.02,2.981748593811062e-06,0.00013909467088524252
9,0,0.01177162532954385,0.04,3.5587868296715897e-06,9.064772166311741e-05
9,0,0.011302818685658305,0.04,3.5587868296715897e-06,8.469643216812983e-05
9,0,0.010961081587578287,0.04,3.5587868296715897e-06,7.490477582905442e-05
9,0,0.010788857677513527,0.02,2.904975872297655e-06,5.266939479042776e-05
9,0,0.010186292354579374,0.0,1.4998277947597671e-05,3.6550649383571e-05
9,0,0.009117087595724337,0.0,1.4998277947597671e-05,2.9204647944425233e-05
9,0,0.008380952631157424,0.0,1.4998277947597671e-05,2.1905076209804974e-05
9,0,0.00786764173894167,0.0,1.4998277947597671e-05,1.4513149835693184e-05
9,0,0.00734421312373494,0.0,1.4998277947597671e-05,1.161769796453882e-05
9,0,0.007092781989974043,0.0,1.4998277947597671e-05,9.466423762205523e-06
9,0,0.006851313595286064,0.0,1.7041335013345815e-05,7.828077286831103e-06
9,0,0.006578608707171559,0.0,1.7041335013345815e-05,6.4883015511441045e-06
9,0,0.006422580231969475,0.0,1.7041335013345815e-05,5.907309059693944e-06
9,0,0.006244494527131529,0.0,1.7041335013345815e-05,4.689147772296565e-06
9,0,0.005981857454354652,0.0,1.9572120436350815e-05,4.009542408311972e-06
9,0,0.006016716707742671,0.02,1.9572120436350815e-05,3.860713150061201e-06
9,0,0.00665851983771427,0.02,1.965432420547586e-05,4.408001586853061e-06
9,0,0.008009869486996104,0.02,1.965432420547586e-05,5.72536509935162e-06
9,0,0.0092312941461481,0.02,1.965432420547586e-05,7.164036560425302e-06
9,0,0.008980620737789954,0.02,1.965432420547586e-05,8.760269338381477e-06
9,0,0.00856716826330686,0.0,1.965432420547586e-05,1.0193311027251184e-05
9,0,0.008947524191998249,0.0,1.7112908608396538e-05,1.1767618161684368e-05
9,0,0.009493280367732167,0.0,7.053708941384684e-06,1.7136506357928738e-05
9,0,0.010242974418325489,0.02,7.053708941384684e-06,2.665169995452743e-05
9,0,0.011552552968186006,0.02,3.3145588531624526e-06,3.575928712962195e-05
9,0,0.013869019842839008,0.02,3.3145588531624526e-06,2.714110814849846e-05
9,0,0.016932887483638075,0.02,2.7771231998485746e-06,5.7207391364499927e-05
9,0,0.01941983590089339,0.02,2.61788090938353e-06,6.86194107402116e-05
9,0,0.020924382330959224,0.02,2.0568111267493805e-06,7.09763407940045e-05
9,0,0.02193307207364424,0.0,2.0701631910924334e-06,6.952110561542213e-05
9,0,0.0228484141267112,0.0,2.0701631910924334e-06,6.856166146462783e-05
9,0,0.024122422338537414,0.0,2.634875272633508e-06,6.538409070344642e-05
9,0,0.02585898423454815,0.0,3.1329047942563193e-06,5.347020851331763e-05
9,0,0.026861866503902928,0.02,3.1329047942563193e-06,4.933948002872057e-05
9,0,0.02587811501722504,0.02,3.1329047942563193e-06,4.8289199185092e-05
9,0,0.024517711762068822,0.02,3.1329047942563193e-06,4.887665272690356e-05
9,0,0.025349820391997492,0.02,3.1329047942563193e-06,5.4870535677764565e-05
9,0,0.027671860346681745,0.02,3.1329047942563193e-06,6.550416583195329e-05
9,0,0.029035032960116742,0.02,3.1329047942563193e-06,9.728186705615371e-05
9,0,0.029985896468759904,0.02,2.9532645839935867e-06,0.00012484108447097242
9,0,0.03086107423587238,0.02,2.6649074698070763e-06,0.00014870782615616918
9,0,0.03169621415625803,0.02,2.6649074698070763e-06,0.00016146973939612508
9,0,0.03205335968452587,0.02,2.6649074698070763e-06,0.00017778496840037405
9,0,0.03185134930999164,0.02,2.6649074698070763e-06,0.00019085303938481957
9,0,0.031119438861780417,0.02,2.6649074698070763e-06,0.0001939886569743976
9,0,0.03010237210234515,0.0,2.6537609301158227e-06,0.0001859527110354975
9,0,0.028847947410232083,0.0,2.6537609301158227e-06,0.00017182021110784262
9,0,0.02774270071440106,0.0,3.0135263386910083e-06,0.00015057745622470975
9,0,0.02695185879274697,0.0,3.320560608699452e-06,0.00013114216562826186
9,0,0.0258060935023319,0.0,3.320560608699452e-06,0.00010702390864025801
9,0,0.02374240504580836,0.0,3.320560608699452e-06,8.360073843505234e-05
9,0,0.02095942861811352,0.0,3.2991438274621032e-06,6.242898962227628e-05
9,0,0.017942323722925903,0.0,3.2991438274621032e-06,4.4471973524196073e-05
9,0,0.015389797021225072,0.0,3.2991438274621032e-06,3.031165942957159e-05
9,0,0.013549683588268838,0.0,2.0040060917381197e-06,1.985982817132026e-05
9,0,0.012211765833269855,0.0,2.3483330551243853e-06,1.3246727576188277e-05
9,0,0.01124496062245975,0.0,2.3483330551243853e-06,9.218721970682964e-06
9,0,0.010593912258732574,0.0,2.3483330551243853e-06,6.877194209664594e-06
9,0,0.010230680228249942,0.0,2.0667919216066366e-06,5.629527549899649e-06
9,0,0.010221909435232839,0.0,2.0667919216066366e-06,5.162642537470674e-06
9,0,0.010898146834027391,0.0,1.7637460132391425e-06,5.663192496285774e-06
9,0,0.013239093257800528,0.0,1.8710308040681412e-06,7.597559942951193e-06
9,0,0.017803282731906442,0.0,1.8710308040681412e-06,1.251867251994554e-05
9,0,0.021461829629527078,0.0,3.4839415548049146e-06,1.835958937590476e-05
9,0,0.019529244487678024,0.02,3.4839415548049146e-06,1.8104385162587278e-05
9,0,0.0142107390590265,0.02,3.4839415548049146e-06,9.334720743936487e-06
9,0,0.009514533627563342,0.02,4.082549367012689e-06,3.1534470963379135e-06
9,0,0.006623097504914775,0.0,9.904661055770703e-06,1.324968593507947e-06
9,0,0.00494313141193395,0.0,7.966364137246273e-06,8.151765200636873e-07
9,0,0.003942633966003758,0.0,8.590397555963136e-06,5.903671080886852e-07
9,0,0.0035363238351513687,0.0,8.590397555963136e-06,4.59555280940549e-07
9,0,0.003399915610524081,0.0,8.612349120085128e-06,3.5464577763377747e-07
9,0,0.0031442795001265333,0.0,1.0550681508902926e-05,3.9458572587136587e-07
9,0,0.003176905523085213,0.0,1.059499572875211e-05,5.216987233325199e-07
9,0,0.003939444404087372,0.0,1.059499572875211e-05,8.889027753866685e-07
9,0,0.003583839574622008,0.0,4.3670966078934725e-06,1.0024499488281435e-06
9,0,0.003946802553357652,0.0,3.1501706416747766e-06,1.0812883601829526e-06
9,0,0.004831918647168573,0.0,2.5750271106517175e-06,8.623522944617434e-07
9,0,0.0059451787245851625,0.0,4.620611889549764e-06,6.465853061854432e-07
9,0,0.006529605029309129,0.0,3.0782041449128883e-06,6.632765234826365e-07
9,0,0.005587848316488514,0.0,3.702356025314657e-06,7.942959427964524e-07
9,0,0.005790097198136037,0.02,3.6868707411485957e-06,1.0175681381952018e-06
9,0,0.005993557093438571,0.02,3.304121719338582e-06,1.2574087122629862e-06
9,0,0.00654190799677156,0.02,3.304121719338582e-06,1.5538903426204342e-06
9,0,0.007355046393179869,0.0,5.158635303814663e-06,1.9525439256540267e-06
9,0,0.008286417173385725,0.0,3.7651559523510514e-06,2.425894535917905e-06
9,0,0.008584538811302124,0.0,3.539669478413998e-06,2.9083912522764876e-06
9,0,0.008003196098503012,0.0,3.2531631859455956e-06,3.3749784051906317e-06
9,0,0.0072808486698544665,0.0,3.2531631859455956e-06,4.245356649335008e-06
9,0,0.00681627284557993,0.0,3.6434762478165794e-06,5.295988557918463e-06
9,0,0.0064275871282907,0.0,3.6434762478165794e-06,6.430832399928477e-06
9,0,0.005953718473781539,0.0,4.065535449626623e-06,6.342173492157599e-06
9,0,0.0054660045643696795,0.0,4.948424248141237e-06,5.586266524915118e-06
9,0,0.004974134642426381,0.0,4.948424248141237e-06,4.498444468481466e-06
9,0,0.004480545634665305,0.0,4.948424248141237e-06,3.3218780117749702e-06
9,0,0.00402364215336606,0.0,4.948424248141237e-06,2.257041614939226e-06
9,0,0.0035775631258436135,0.0,4.948424248141237e-06,1.444031340724905e-06
9,0,0.0031148282734778506,0.0,4.948424248141237e-06,8.729127785045421e-07
9,0,0.002656661547728328,0.0,6.198703431437025e-06,5.249487458058866e-07
9,0,0.002279693172749163,0.0,5.882702225790126e-06,2.740260072187084e-07
9,0,0.0019653285292968725,0.0,7.2999710027943365e-06,1.4018336003118748e-07
9,0,0.0017178151567898386,0.0,7.2999710027943365e-06,7.119875533589948e-08
9,0,0.001541026196789919,0.02,6.73082058710861e-06,3.469897436048086e-08
9,0,0.0014184671601273672,0.04,6.73082058710861e-06,1.6990139073413957e-08
9,0,0.0013326803303036444,0.04,1.6329560821759515e-05,8.658701311503592e-09
9,0,0.0012923418686579425,0.04,1.9572511519072577e-05,4.103771544805568e-09
9,0,0.0012877264792758557,0.04,1.9572511519072577e-05,1.88345783413979e-09
9,0,0.0012667829952375685,0.04,1.9572511519072577e-05,9.04926189537747e-10
9,0,0.001179359912268045,0.04,1.9572511519072577e-05,4.927041552527101e-10
9,0,0.0010471520995836098,0.04,1.9572511519072577e-05,2.948784272316374e-10
9,0,0.000914722957183434,0.04,1.9572511519072577e-05,1.8112612798493188e-10
9,0,0.000791253898301314,0.04,1.8731032469077036e-05,1.1402475491584241e-10
9,0,0.0006684114904956754,0.04,1.8731032469077036e-05,7.431459614348768e-11
9,0,0.0005476296223738484,0.04,1.309026720264228e-05,5.312493153719622e-11
9,0,0.00046960189119903877,0.04,1.309026720264228e-05,4.244903387129462e-11
9,0,0.0004518948290349021,0.04,7.770804586471058e-06,3.59202216582144e-11
9,0,0.00043129081206111727,0.04,7.770804586471058e-06,3.819576946395564e-11
9,0,0.0003867935606835944,0.04,6.4832547650439665e-06,5.189657037441009e-11
9,0,0.0003966893106533673,0.04,5.855862582393456e-06,8.222470621044309e-11
9,0,0.0004993617201309176,0.04,5.855862582393456e-06,1.1011448697306747e-10
9,0,0.0006168449332269618,0.02,5.529795089387335e-06,1.4143321236392836e-10
9,0,0.0007102181234464993,0.02,5.529795089387335e-06,1.7727795620370301e-10
9,0,0.0008171043689494356,0.02,5.529795089387335e-06,1.8479436036944463e-10
9,0,0.0008935814578081878,0.02,9.315200259152334e-06,2.0234347530845298e-10
9,0,0.0009071242576149086,0.02,9.315200259152334e-06,2.2706522773141558e-10
9,0,0.0008998405906441127,0.02,6.405883596016793e-06,2.447870794952678e-10
9,0,0.0009608567670710544,0.02,3.0101427910267375e-06,2.4252289065884725e-10
9,0,0.0010790213457159703,0.0,3.0101427910267375e-06,2.6880497827619365e-10
9,0,0.001212255489631492,0.0,3.0384971978492104e-06,3.602961540227767e-10
9,0,0.001431020615714209,0.0,3.0384971978492104e-06,4.708765599659159e-10
9,0,0.0017619227141319846,0.0,3.4524050533946138e-06,5.320080487258849e-10
9,0,0.002184366497771264,0.0,2.0494487671385286e-06,5.122071100593928e-10
9,0,0.0026163770113538393,0.0,2.0494487671385286e-06,4.3507950020504893e-10
9,0,0.0024240968792490418,0.0,2.0494487671385286e-06,1.2638582360041082e-30
9,0,0.0025896907937404743,0.0,2.104187615259434e-06,2.8202293278489776e-10
9,0,0.0022279886808243368,0.0,2.104187615259434e-06,2.1728047139291107e-10
9,0,0.001960439814407329,0.0,4.477921265788609e-06,1.692224138594156e-10
9,0,0.0017455002589065456,0.0,4.477921265788609e-06,1.3099833717777898e-10
9,0,0.0015509890369771217,0.02,4.477921265788609e-06,9.733910899534237e-11
9,0,0.001366628962268597,0.02,4.387129138194723e-06,7.41620931332676e-11
9,0,0.0012033355965589147,0.02,4.387129138194723e-06,5.607944317254088e-11
9,0,0.0010984674518034192,0.04,4.645819444704102e-06,4.36947145132649e-11
9,0,0.0010382289544414631,0.04,6.755791218893137e-06,3.407552365275457e-11
9,0,0.0009735528095229781,0.04,6.755791218893137e-06,2.6822202445209165e-11
9,0,0.0008865598656813348,0.04,8.097465979517438e-06,2.407391820613558e-11
9,0,0.0007993680072573263,0.04,8.097465979517438e-06,2.1021250712349726e-11
9,0,0.0007298801017815303,0.04,8.097465979517438e-06,2.0708809667091543e-11
9,0,0.0006650041285656706,0.04,1.0361090062360745e-05,1.8105730456574598e-11
9,0,0.000621647480819193,0.04,1.0361090062360745e-05,1.6239995459521595e-11
9,0,0.0006020865809160766,0.04,1.0361090062360745e-05,1.3456498935970895e-11
9,0,0.0005937612777210166,0.04,1.0361090062360745e-05,1.0967677287199162e-11
9,0,0.0006003565875916702,0.04,9.91563229035819e-06,9.060806792360321e-12
9,0,0.0006316093337653854,0.06,8.093975338852033e-06,7.810889088299966e-12
9,0,0.0006770911458174776,0.06,8.093975338852033e-06,7.29579851393991e-12
9,0,0.0007399176149515388,0.06,7.256381650222465e-06,7.351169152569614e-12
9,0,0.0008348552157122116,0.06,7.286859727173578e-06,7.901558747580584e-12
9,0,0.0009579555041624899,0.06,7.286859727173578e-06,9.193599007084607e-12
9,0,0.0010842654223919537,0.06,7.286859727173578e-06,1.136442936283677e-11
9,0,0.0012042672493865851,0.08,5.236145170783857e-06,1.4835953646152866e-11
9,0,0.0013359916912110735,0.08,4.092181370651815e-06,2.092755829741222e-11
9,0,0.0015196566941643658,0.08,5.013185273128329e-06,3.0740958389952056e-11
9,0,0.0017585048431173868,0.06,5.013185273128329e-06,4.640989328952294e-11
9,0,0.0020576915292839612,0.08,4.182545580988517e-06,7.482363340027831e-11
9,0,0.002388424307635419,0.08,4.6653326535306405e-06,1.2860187914576215e-10
9,0,0.002741215852617202,0.08,4.990061370335752e-06,2.2411356104257152e-10
9,0,0.0031579753472391965,0.06,4.990061370335752e-06,3.7350283976778087e-10
9,0,0.00372652666064428,0.06,5.25811310581048e-06,6.255115314601767e-10
9,0,0.004494369930507823,0.04,4.96532902616309e-06,9.801712774759608e-10
9,0,0.005277362949664422,0.04,4.96532902616309e-06,1.345227929050452e-09
9,0,0.005830890558045734,0.04,3.887354068865534e-06,1.662817772363212e-09
9,0,0.006191273833352715,0.04,3.887354068865534e-06,1.857032305707662e-09
9,0,0.006449897092476845,0.04,3.664453743112972e-06,2.054731940148713e-09
9,0,0.006652216943797178,0.04,3.887354068865534e-06,2.4260400355302636e-09
9,0,0.006915319699236175,0.04,3.887354068865534e-06,2.5588631213935287e-09
9,0,0.00717310796661703,0.04,6.348763690766646e-06,2.8645392724513385e-09
9,0,0.0073052740103230224,0.04,6.348763690766646e-06,3.1613713868949844e-09
9,0,0.00717039771054144,0.04,6.348763690766646e-06,3.3925753317731733e-09
9,0,0.006527275441583534,0.04,6.348763690766646e-06,3.6872795927678226e-09
9,0,0.005758674286751534,0.04,6.348763690766646e-06,3.891944544420767e-09
9,0,0.005188627078091023,0.04,6.348763690766646e-06,3.738194642721737e-09
9,0,0.004749291234538043,0.04,6.348763690766646e-06,3.3662703735615196e-09
9,0,0.004506765292021873,0.06,6.723122169205453e-06,2.7323669993251087e-09
9,0,0.004359609844714539,0.06,6.723122169205453e-06,1.9046746402295867e-09
9,0,0.003681151945643925,0.08,6.723122169205453e-06,1.4047164542674295e-09
9,0,0.0030029986149558677,0.04,4.116574473300716e-06,9.150135649171887e-10
9,0,0.0027881212763105744,0.04,4.163681296631694e-06,5.280663128992558e-10
9,0,0.0025513125812830456,0.06,3.924936663679546e-06,3.507008572434245e-10
9,0,0.002164978268935583,0.06,5.492866421263898e-06,2.4076457494359715e-10
9,0,0.0017748972123233287,0.06,9.090889761864673e-06,1.64420324577641e-10
9,0,0.0014590805652466338,0.06,8.00863290351117e-06,1.0939393835229794e-10
9,0,0.0012178956205384627,0.08,8.00863290351117e-06,9.035856091132999e-11
9,0,0.0010310071761815106,0.08,8.00863290351117e-06,7.562264703331323e-11
9,0,0.0008802178232303158,0.08,8.00863290351117e-06,6.540962216305957e-11
9,0,0.0007672828040421211,0.08,8.00863290351117e-06,5.7819658783042627e-11
9,0,0.0006910657396447321,0.08,8.00863290351117e-06,5.171761630062832e-11
9,0,0.0006411924793968831,0.08,8.068427632679231e-06,4.644894538441413e-11
9,0,0.0006101854187955091,0.08,8.068427632679231e-06,4.171733097857455e-11
9,0,0.0005882939517186748,0.08,8.906890798243694e-06,3.727938097108918e-11
9,0,0.000573135870588553,0.08,8.182092642528005e-06,3.304968798634178e-11
9,0,0.0005731083118153772,0.08,8.182092642528005e-06,2.8484365907632814e-11
9,0,0.0005832333894265845,0.08,8.182092642528005e-06,2.381188128619538e-11
9,0,0.0005736826243887444,0.08,8.182092642528005e-06,1.994858271625599e-11
9,0,0.0005613440367578097,0.08,6.3257734836952295e-06,1.7187045189825945e-11
9,0,0.0005991713904640508,0.08,4.367275778349722e-06,1.7428256754437044e-11
9,0,0.0006882065347691177,0.06,3.437728992139455e-06,1.5828494764891232e-11
9,0,0.0007935805374037433,0.06,3.437728992139455e-06,1.8514283856019276e-11
9,0,0.0009322560316165131,0.04,4.754145720653469e-06,2.417888458894346e-11
9,0,0.0011147918679045973,0.04,4.754145720653469e-06,3.6373386941290775e-11
9,0,0.0013882183046874147,0.04,3.7154857182031265e-06,4.964365377113644e-11
9,0,0.001804845140863304,0.02,3.099862396993558e-06,8.169196569207671e-11
9,0,0.0023606966177507167,0.04,3.5187688354199054e-06,1.369670349360419e-10
9,0,0.002956779921194854,0.04,3.4732129279291257e-06,2.247029506907694e-10
9,0,0.0035096082382590843,0.02,3.684480361698661e-06,3.8964284576614716e-10
9,0,0.004012977293445636,0.02,3.684480361698661e-06,6.32499885799831e-10
9,0,0.004675443706101319,0.02,3.47931973010418e-06,9.306025394728579e-10
9,0,0.005477100385979215,0.02,3.47931973010418e-06,1.276101890823611e-09
9,0,0.006360275298501991,0.02,3.47931973010418e-06,1.7505801253037134e-09
9,0,0.007346309631373361,0.0,3.88093440051307e-06,2.29621877068098e-09
9,0,0.008472284441757977,0.0,3.6584026474884013e-06,2.9135309720373925e-09
9,0,0.009861314786576491,0.0,3.6584026474884013e-06,3.5011487042879708e-09
9,0,0.011474350543167464,0.0,3.6584026474884013e-06,3.958311456386809e-09
9,0,0.013390913124598842,0.02,2.874326355595258e-06,4.035111800249069e-09
9,0,0.015356737621396204,0.02,2.874326355595258e-06,4.18859169570851e-09
9,0,0.016952087518423635,0.02,3.028625997103518e-06,4.400596775866461e-09
9,0,0.018437053963594702,0.02,3.028625997103518e-06,4.4710897206812206e-09
9,0,0.019820510805834118,0.02,9.149843208433595e-06,4.337738168658234e-09
9,0,0.0199467054007609,0.04,9.149843208433595e-06,4.145656262721786e-09
9,0,0.018203587491335844,0.04,9.645629688748159e-06,3.957971728141274e-09
9,0,0.015712996372190063,0.04,8.647465620015282e-06,4.270243270099172e-09
9,0,0.013599355089286929,0.06,8.70302119437838e-06,4.7387889168248876e-09
9,0,0.012595518682212967,0.06,8.70302119437838e-06,4.8226591609079605e-09
9,0,0.011702037816905632,0.04,1.9167611753800884e-05,4.621921512182325e-09
9,0,0.010305389583484838,0.02,1.6885756849660538e-05,4.3014867223689635e-09
9,0,0.008947174172503835,0.0,1.6885756849660538e-05,3.732615994067601e-09
9,0,0.007907678173028532,0.02,2.292031240358483e-05,3.438404228006675e-09
9,0,0.006956671926764209,0.04,2.4886030587367713e-05,2.9463007589214385e-09
9,0,0.006083026677623448,0.04,2.4886030587367713e-05,2.464522141920611e-09
9,0,0.005332861643528451,0.06,2.4886030587367713e-05,2.0573671655199632e-09
9,0,0.004750970135123621,0.06,2.4886030587367713e-05,1.7006667185626156e-09
9,0,0.004344182021102482,0.08,2.517080065445043e-05,1.5569356914824084e-09
9,0,0.004100216888457942,0.08,2.517080065445043e-05,1.3116091546194752e-09
9,0,0.003932118186975278,0.08,2.3122556740418077e-05,1.1521957832272278e-09
9,0,0.0038352853761068092,0.08,2.3122556740418077e-05,1.0328767841016884e-09
9,0,0.0037686660557625686,0.08,5.142921509104781e-05,1.0174920905825502e-09
9,0,0.0037479609781216196,0.08,5.512133066076785e-05,1.0103058389887565e-09
9,0,0.003829255991756812,0.08,5.512133066076785e-05,1.1124159371433961e-09
9,0,0.003998648993729232,0.08,5.512133066076785e-05,1.3423905320664176e-09
9,0,0.004268926667227023,0.06,5.512133066076785e-05,1.7580519262594407e-09
9,0,0.004754708002557908,0.06,6.000385474180803e-05,2.440883495324897e-09
9,0,0.0055038224482252965,0.06,6.000385474180803e-05,3.2666114258006473e-09
9,0,0.006454556077817003,0.06,5.526438690139912e-05,4.349386184543391e-09
9,0,0.0071279420293493545,0.06,4.31910011684522e-05,4.862542368755385e-09
9,0,0.007478711172404976,0.06,4.31910011684522e-05,5.123520718797181e-09
9,0,0.007411814253622674,0.06,4.31910011684522e-05,5.306027617280051e-09
9,0,0.007104880725406666,0.06,4.31910011684522e-05,5.475723430237167e-09
9,0,0.006694173600004646,0.06,4.902743603452109e-05,5.409080738871808e-09
9,0,0.006754384524451109,0.02,4.902743603452109e-05,5.459954710573811e-09
9,0,0.00727925677554497,0.02,9.720279194880277e-06,5.3320707849024984e-09
9,0,0.007883711420888177,0.02,8.452234396827407e-06,4.2648871101391705e-09
9,0,0.008283360526769541,0.02,5.188597060623579e-05,4.602471292969312e-09
9,0,0.008619078021001954,0.02,4.263185473973863e-05,4.0477998730636955e-09
9,0,0.00928647248697866,0.02,3.977627056883648e-05,3.4583595986958926e-09
9,0,0.010140539785268179,0.02,3.977627056883648e-05,2.911814345196717e-09
9,0,0.00990990700433593,0.02,3.977627056883648e-05,2.5163680028583713e-09
9,0,0.008931738865459041,0.02,4.0297964005731046e-05,2.186625103206552e-09
9,0,0.007873911739850184,0.02,4.0297964005731046e-05,1.9474528656360235e-09
9,0,0.006810821468893682,0.04,4.0297964005731046e-05,1.838266650011633e-09
9,0,0.0059328107872295924,0.06,4.31910011684522e-05,1.8941936907879153e-09
9,0,0.005501549014372565,0.06,4.31910011684522e-05,2.03311900648373e-09
9,0,0.005814720603300745,0.06,4.31910011684522e-05,2.2465977966845685e-09
9,0,0.005965159459123116,0.06,5.0767492211889476e-05,2.26987384444044e-09
9,0,0.0053636035817181075,0.06,5.512133066076785e-05,2.280675426291623e-09
9,0,0.004744780836405036,0.06,5.512133066076785e-05,2.1541950445680413e-09
9,0,0.004324832982547627,0.06,5.512133066076785e-05,1.9914916382646197e-09
9,0,0.0041481463858762755,0.08,5.512133066076785e-05,1.9344881252436608e-09
9,0,0.003962620141758717,0.08,4.5521552237914875e-05,2.004555632595384e-09
9,0,0.003668406159739129,0.08,5.540295023820363e-05,2.237565910334638e-09
9,0,0.0034086656896577185,0.08,5.540295023820363e-05,2.363656381731971e-09
9,0,0.0032132188197465665,0.06,5.1824154070345685e-05,2.6425384103134775e-09
9,0,0.002983245572938067,0.06,5.1824154070345685e-05,3.2898088697663752e-09
9,0,0.0030518220260652273,0.04,5.1824154070345685e-05,4.3500252289163654e-09
9,0,0.0031494339223400144,0.04,5.581015284406021e-05,5.6947526694273165e-09
9,0,0.002950900324987359,0.04,5.581015284406021e-05,7.247142441713095e-09
9,0,0.002824664638160895,0.04,5.581015284406021e-05,8.583751487378777e-09
9,0,0.0028343224160651908,0.04,5.581015284406021e-05,9.802279876680586e-09
9,0,0.002945926106087814,0.06,5.581015284406021e-05,1.0907736935905632e-08
9,0,0.0031491960008635292,0.06,5.581015284406021e-05,1.1949201628169703e-08
9,0,0.0033249935763819427,0.06,5.581015284406021e-05,1.2525593007239877e-08
9,0,0.003407051155603691,0.08,5.1824154070345685e-05,1.2715855923772779e-08
9,0,0.003454327969938279,0.08,5.1824154070345685e-05,1.4090964839397202e-08
9,0,0.003612715471354994,0.06,5.1824154070345685e-05,1.895014989372612e-08
9,0,0.004046026955749961,0.06,5.1824154070345685e-05,2.723418823791235e-08
9,0,0.0046909864775878905,0.06,5.1824154070345685e-05,4.388044416714365e-08
9,0,0.005314784970566207,0.06,5.581015284406021e-05,7.604234752989214e-08
9,0,0.005952614543900998,0.06,5.7671113609103486e-05,1.2508003521816136e-07
9,0,0.0066768573072522016,0.06,5.7671113609103486e-05,1.9428054542913742e-07
9,0,0.007563076476363476,0.06,6.405639578588307e-05,3.0066777867432393e-07
9,0,0.008570446640786157,0.06,6.97303912602365e-05,4.341717954048363e-07
9,0,0.009541212410972234,0.04,6.422270234907046e-05,5.988193834127742e-07
9,0,0.010344418172185161,0.04,6.403776933439076e-05,8.231518791035342e-07
9,0,0.011129906148254853,0.04,6.403776933439076e-05,1.0500655207579257e-06
9,0,0.012398883819528923,0.04,6.403776933439076e-05,1.2133298241678858e-06
9,0,0.014310121112049897,0.04,6.403776933439076e-05,1.2174306220913422e-06
9,0,0.015726965023236433,0.02,5.004779450246133e-05,1.1424426702433266e-06
9,0,0.016073676246913013,0.02,5.8491055824561045e-05,1.0619551176205277e-06
9,0,0.016474252444193718,0.02,5.8491055824561045e-05,9.686158364274888e-07
9,0,0.016754449500275527,0.02,5.8491055824561045e-05,8.835309586174844e-07
9,0,0.0168155605906607,0.02,5.8491055824561045e-05,7.69658470289869e-07
9,0,0.01722734348251374,0.02,5.8491055824561045e-05,6.992933663241274e-07
9,0,0.017806706412675503,0.02,6.854021921753883e-05,7.106315251803608e-07
9,0,0.018707606733559798,0.04,6.854021921753883e-05,7.674098583265732e-07
9,0,0.019582030522259875,0.06,6.854021921753883e-05,7.59736849431647e-07
9,0,0.02008072969830374,0.06,5.497046367963776e-05,7.309392344723165e-07
9,0,0.020053112340019306,0.06,5.0497485062805936e-05,6.716705343023932e-07
9,0,0.01978166182750221,0.06,5.0497485062805936e-05,5.682309165422339e-07
9,0,0.019795330287362658,0.06,5.0497485062805936e-05,5.05015464113967e-07
9,0,0.019713956911319584,0.06,5.0497485062805936e-05,4.421890480443835e-07
9,0,0.01953401771334469,0.06,5.0497485062805936e-05,3.794006318003085e-07
9,0,0.019342941048448713,0.06,4.550918310997076e-05,3.218270876459428e-07
9,0,0.019267250256240716,0.06,4.550918310997076e-05,2.696099272725405e-07
9,0,0.019392368105702686,0.06,3.7583402445307e-05,2.2406597111057636e-07
9,0,0.019677755993272338,0.06,5.0325910706305876e-05,1.907344397977795e-07
9,0,0.020158711020248975,0.04,4.733984678750858e-05,1.7375701588662196e-07
9,0,0.020554634846467277,0.04,4.733984678750858e-05,1.463985910277188e-07
9,0,0.020244905164048647,0.04,4.733984678750858e-05,1.270638136929847e-07
9,0,0.01987545959732379,0.06,2.7045047318097204e-05,1.0126739624638503e-07
9,0,0.020345597059356266,0.06,2.9881261070840992e-05,8.393153194674596e-08
9,0,0.0210814413503246,0.06,3.1784722523298115e-05,7.795158296630689e-08
9,0,0.021486715213325527,0.06,3.1693194614490494e-05,7.550183056537207e-08
9,0,0.021506449644271345,0.06,3.951705730287358e-05,7.489955322625974e-08
9,0,0.021430151031304943,0.06,3.951705730287358e-05,7.719742711742583e-08
9,0,0.02181957951613163,0.06,3.951705730287358e-05,8.426372488656853e-08
9,0,0.023123406041146315,0.06,3.9663471397943795e-05,9.960881186543702e-08
9,0,0.02424016893478251,0.06,6.942656909814104e-05,1.227826089689188e-07
9,0,0.024182013793585626,0.06,8.28979245852679e-05,1.5715193057985744e-07
9,0,0.02302854293697993,0.06,6.797516834922135e-05,1.9748159729715553e-07
9,0,0.020933462662202588,0.06,6.797516834922135e-05,2.497582727301051e-07
9,0,0.018900982377413163,0.06,7.286197796929628e-05,3.1853699056227924e-07
9,0,0.018061351343027568,0.06,7.286197796929628e-05,4.2269405753359024e-07
9,0,0.018581179269892324,0.06,7.529148570029065e-05,5.788881480839336e-07
9,0,0.019644950932145036,0.06,5.8843121223617345e-05,6.723050205437175e-07
9,0,0.020342840572039698,0.04,5.8843121223617345e-05,6.508230399049353e-07
9,0,0.020171759766760656,0.04,5.8843121223617345e-05,5.645309784085839e-07
9,0,0.018968733959797944,0.04,5.8843121223617345e-05,4.5263379888638156e-07
9,0,0.017264583516615493,0.04,7.777744031045586e-06,3.5675063259077433e-07
9,0,0.01572401284864334,0.04,7.777744031045586e-06,3.069484080242546e-07
9,0,0.014601507058099575,0.04,7.777744031045586e-06,2.686653886030399e-07
9,0,0.01388046579183122,0.04,7.777744031045586e-06,2.4859906488927663e-07
9,0,0.01349172145236373,0.04,7.777744031045586e-06,2.4039320578594925e-07
9,0,0.013374479745326247,0.04,7.777744031045586e-06,2.4185524694075866e-07
9,0,0.013582148117727136,0.04,7.777744031045586e-06,2.533705298901623e-07
9,0,0.014261942273491453,0.04,7.777744031045586e-06,2.803737686463137e-07
9,0,0.014418261032113622,0.04,7.777744031045586e-06,3.3810499644459924e-07
9,0,0.013409623810336996,0.04,7.777744031045586e-06,3.552622160896135e-07
9,0,0.012760934395350846,0.06,7.526762146881083e-06,3.24861076705929e-07
9,0,0.012158268239644414,0.04,9.630849490349647e-06,2.5505838152639626e-07
9,0,0.011516473144183503,0.02,9.630849490349647e-06,2.165858177249902e-07
9,0,0.011134436930774531,0.02,4.1281862650066614e-05,1.8283478198100056e-07
9,0,0.010675577778853565,0.02,4.1281862650066614e-05,1.6058544360930682e-07
9,0,0.009999656888467592,0.02,4.1281862650066614e-05,1.3591144920610532e-07
9,0,0.009795795525771827,0.02,4.1281862650066614e-05,1.0225200952618252e-07
9,0,0.009769863589542713,0.02,4.1281862650066614e-05,7.182591588161813e-08
9,0,0.009687562624530728,0.02,7.20998941687867e-05,4.999073865974424e-08
9,0,0.009635375847930791,0.02,7.20998941687867e-05,4.1205037604186145e-08
9,0,0.009439209022549718,0.02,7.286197796929628e-05,3.2714890352281145e-08
9,0,0.009117470382616455,0.02,3.056483546970412e-05,2.5860659391696572e-08
9,0,0.008823811584664852,0.02,2.8812297387048602e-05,2.20572342612968e-08
9,0,0.008677709533956144,0.02,2.8812297387048602e-05,2.1661449522980547e-08
9,0,0.008651845738743953,0.02,2.8812297387048602e-05,2.1926071624989163e-08
9,0,0.008989140453312821,0.02,3.056483546970412e-05,2.389394815338619e-08
9,0,0.00924452419238259,0.02,7.286197796929628e-05,2.6896987748159518e-08
9,0,0.008940023103564572,0.02,7.286197796929628e-05,3.082437771695368e-08
9,0,0.008766065837923293,0.02,5.912081178394146e-05,3.178089613697921e-08
9,0,0.00917445141592481,0.02,5.2543582569342107e-05,3.276065996260513e-08
9,0,0.009466128871115663,0.04,5.2543582569342107e-05,3.672863968517959e-08
9,0,0.00949064189666596,0.06,5.2543582569342107e-05,4.8888619375020426e-08
9,0,0.009702092603831378,0.06,5.2543582569342107e-05,6.655785256270974e-08
9,0,0.010324921954022336,0.06,5.2543582569342107e-05,1.1396924293194388e-07
9,0,0.010906685388707567,0.06,5.2543582569342107e-05,1.589590539197161e-07
9,0,0.011671377246873666,0.06,6.475613918155432e-05,2.1872065758543613e-07
9,0,0.012364671118203057,0.06,6.691538146696985e-05,2.968779995171644e-07
9,0,0.012815317246598372,0.06,5.2296782087069005e-05,3.9432276821571577e-07
9,0,0.013617796179625078,0.06,5.2296782087069005e-05,4.87263150716899e-07
9,0,0.015071172595455836,0.06,5.2296782087069005e-05,6.034487114447984e-07
9,0,0.016787009464446313,0.06,5.2296782087069005e-05,7.741452918708092e-07
9,0,0.01730176840051844,0.06,5.2296782087069005e-05,8.781597671259078e-07
9,0,0.016554735434997962,0.04,5.2296782087069005e-05,1.0018068223871524e-06
9,0,0.01552935311482761,0.04,5.2296782087069005e-05,1.1786752338593942e-06
9,0,0.015375666434270864,0.02,5.2296782087069005e-05,1.2754280760418624e-06
9,0,0.01522932349670541,0.02,5.2296782087069005e-05,1.3476252433974878e-06
9,0,0.014568309100186033,0.0,5.2296782087069005e-05,1.469731614633929e-06
9,0,0.013963915520066619,0.0,5.2296782087069005e-05,1.5808159332664218e-06
9,0,0.013561712143030922,0.0,5.2296782087069005e-05,1.6413524690506165e-06
9,0,0.013367718231633264,0.0,4.2433879571035504e-05,1.6203438235606882e-06
9,0,0.013341039922618583,0.0,4.7745666961418465e-05,1.4782895050302614e-06
9,0,0.01357331717044998,0.0,4.7745666961418465e-05,1.2493894701037789e-06
9,0,0.014060075081974393,0.0,4.454331792658195e-05,9.73092483036453e-07
9,0,0.014724968933641483,0.0,4.597531369654462e-05,7.075809662637766e-07
9,0,0.014995803180963399,0.02,4.597531369654462e-05,4.47709140871666e-07
9,0,0.014926929083148029,0.04,4.597531369654462e-05,2.883612637560873e-07
9,0,0.014670515835091257,0.04,4.4491735025076196e-05,2.1603645450340991e-07
9,0,0.01430745243409755,0.06,4.3105948861921206e-05,1.606966719691627e-07
9,0,0.014298264229597974,0.06,5.515555676538497e-05,1.1618849526939812e-07
9,0,0.014720162397915766,0.06,5.515555676538497e-05,1.0527431726359282e-07
9,0,0.015423836543107874,0.06,5.515555676538497e-05,1.0039522635452158e-07
9,0,0.01655972202479439,0.06,5.515555676538497e-05,9.616063323392154e-08
9,0,0.017672187812535708,0.06,4.901944339508191e-05,9.287627023013556e-08
9,0,0.018751344156670725,0.06,4.901944339508191e-05,9.094726038938461e-08
9,0,0.01993360070624331,0.06,4.901944339508191e-05,9.059960603963191e-08
9,0,0.020663362681731086,0.06,4.901944339508191e-05,9.433364311917103e-08
9,0,0.02173585135435465,0.06,4.901944339508191e-05,1.1291830759319055e-07
9,0,0.023039854664968627,0.06,4.901944339508191e-05,1.1399522747979063e-07
9,0,0.02426658744616426,0.06,4.901944339508191e-05,1.1421209933359933e-07
9,0,0.02465371061958923,0.06,4.901944339508191e-05,1.1304997826755425e-07
9,0,0.023361837010197214,0.06,4.901944339508191e-05,1.109249438968618e-07
9,0,0.02106276217827511,0.06,5.2543582569342107e-05,9.379915866247757e-08
9,0,0.02105849823698743,0.06,2.2041218471713364e-05,8.153206465522089e-08
9,0,0.022484647348616382,0.06,2.2041218471713364e-05,7.774607979627035e-08
9,0,0.023255202796671457,0.06,2.2041218471713364e-05,9.868107753163713e-08
9,0,0.023486182531827344,0.06,5.2543582569342107e-05,1.323643203932079e-07
9,0,0.024085861207991267,0.06,5.065399091108702e-05,1.956182273943341e-07
9,0,0.02538824338038738,0.08,5.2282422984717414e-05,2.620625991767156e-07
9,0,0.0252116510170616,0.08,5.2282422984717414e-05,3.330721085603727e-07
9,0,0.021424165987051564,0.1,5.691355909220874e-05,5.277305490380968e-07
9,0,0.0176705751989831,0.1,5.691355909220874e-05,5.661840418724751e-07
9,0,0.01651721944410532,0.1,9.271250746678561e-06,5.488606689141307e-07
9,0,0.016208683958822297,0.1,9.271250746678561e-06,5.268746576803096e-07
9,0,0.01601575265525189,0.1,9.271250746678561e-06,5.001224963052664e-07
9,0,0.015954164466980475,0.1,7.245725555549143e-06,5.089006549496844e-07
9,0,0.01585187841734129,0.08,4.4479900680016726e-05,3.8119299006211804e-07
9,0,0.01684639294496701,0.08,4.4479900680016726e-05,3.7852748846489703e-07
9,0,0.018426603029553026,0.06,4.4479900680016726e-05,4.1338230971632584e-07
9,0,0.019949396612176033,0.04,4.891787830274552e-05,5.077701530353806e-07
9,0,0.021105632243323014,0.04,4.891787830274552e-05,6.699413575006474e-07
9,0,0.022174204245955034,0.06,4.891787830274552e-05,9.093474204746599e-07
9,0,0.023351033395508872,0.02,4.828459714190103e-05,1.2477260042942362e-06
9,0,0.024791434116056936,0.04,4.828459714190103e-05,1.749871898937272e-06
9,0,0.026336714018049927,0.0,5.240901737124659e-05,2.4662454052304383e-06
9,0,0.028122543311443107,0.02,5.845821215189062e-05,3.773733396883472e-06
9,0,0.03187758999588203,0.02,6.249504804145545e-05,7.435690804413753e-06
9,0,0.04011366232602495,0.02,5.901536496821791e-05,1.4697267943120096e-05
9,0,0.053142042613669324,0.02,5.505718581844121e-05,2.5140114303212613e-05
9,0,0.06582123860314629,0.02,5.505718581844121e-05,4.2252173443557695e-05
9,0,0.07356510104181097,0.02,5.505718581844121e-05,7.855324656702578e-05
9,0,0.08351893976608857,0.02,5.505718581844121e-05,0.00013165108975954354
9,0,0.09544408452300825,0.02,5.505718581844121e-05,0.00021678594930563122
9,0,0.10799579190305286,0.02,5.1500770496204495e-05,0.00039342569652944803
9,0,0.12391846736042969,0.02,5.1500770496204495e-05,0.0007054435554891825
9,0,0.1429436933316239,0.02,5.1500770496204495e-05,0.001133199199102819
9,0,0.1628730584694317,0.02,5.256653457763605e-05,0.0017108715837821364
9,0,0.1832752610682279,0.02,7.893560541560873e-05,0.0024619342293590307
9,0,0.20497029331729485,0.02,7.964293035911396e-05,0.003500990103930235
9,0,0.22867089423386577,0.02,7.964293035911396e-05,0.005003744270652533
9,0,0.255082059619495,0.02,7.964293035911396e-05,0.007258120458573103
9,0,0.2841580780218996,0.02,7.964293035911396e-05,0.010888319462537766
9,0,0.3138207649402531,0.02,0.00016947345284279436,0.016781987622380257
9,0,0.3433265445217853,0.02,0.00016947345284279436,0.02599729783833027
9,0,0.37293196233817366,0.02,0.0003104239876847714,0.037465211004018784
9,0,0.3956508034412795,0.04,0.0003104239876847714,0.04435205087065697
9,0,0.38526036056513446,0.04,0.0003104239876847714,0.057208914309740067
9,0,0.33704542067064025,0.04,0.000400849268771708,0.08343760669231415
9,0,0.28884440385166343,0.04,0.0009701687376946211,0.08269378542900085
9,0,0.2551712839782443,0.04,0.0009701687376946211,0.06024304777383804
9,0,0.24007772036056127,0.04,0.00036511110374704003,0.04494992271065712
9,0,0.24666408427785194,0.04,0.00034546488313935697,0.043652839958667755
9,0,0.21601311197423048,0.04,0.0011700529139488935,0.03180469572544098
9,0,0.2205922676122126,0.06,0.0015267303679138422,0.018198315054178238
9,0,0.23745959196552888,0.06,0.0019213174236938357,0.00783418770879507
9,0,0.2584161778901001,0.02,0.000649086432531476,0.003054431639611721
9,0,0.2809335090254101,0.04,0.0008900570683181286,0.001293668756261468
9,0,0.3037297048207369,0.02,0.0011948369210585952,0.0006024324684403837
9,0,0.3074394802101981,0.04,0.0012565510114654899,0.00031487419619224966
9,0,0.2561214074755951,0.1,0.0015405128942802548,0.000156105263158679
9,0,0.15368786121858802,0.04,0.001885956502519548,6.801159906899557e-05
9,0,0.1107295201658949,0.04,0.001760578714311123,5.328523548087105e-05
9,0,0.06657333808578521,0.02,0.0007676680106669664,5.605727346846834e-05
9,0,0.04572018396724554,0.04,0.000883332802914083,7.30911415303126e-05
9,0,0.041864112811962326,0.06,0.0011462211841717362,7.875658047851175e-05
9,0,0.048616403817024686,0.06,0.0010331051889806986,8.084921864792705e-05
9,0,0.0605116506745999,0.06,0.0011747226817533374,9.463825699640438e-05
9,0,0.05618979971767262,0.06,0.0011747226817533374,7.384588388958946e-05
9,0,0.052292918340636034,0.06,0.0014523447025567293,5.723637150367722e-05
9,0,0.04884370458231946,0.06,0.0014523447025567293,4.416707452037372e-05
9,0,0.04656349923516499,0.06,0.0013070156564936042,3.301631295471452e-05
9,0,0.045736429334359,0.04,0.0013070156564936042,2.4397904780926183e-05
9,0,0.04613929177160655,0.04,0.0010016169399023056,1.9801827875198796e-05
9,0,0.0447271248285679,0.04,0.0011258127633482218,1.6009829778340645e-05
9,0,0.04134572901904252,0.04,0.001103011891245842,1.3348241736821365e-05
9,0,0.038543995151628686,0.06,0.0007504934328608215,1.0759644283098169e-05
9,0,0.036644502096625176,0.06,0.0007504934328608215,9.54144252318656e-06
9,0,0.036045948622481706,0.06,0.0006244810065254569,8.580285793868825e-06
9,0,0.0347128101788535,0.06,0.0007753954268991947,7.2607431320648175e-06
9,0,0.03034620883978348,0.06,0.0006237481720745564,6.010237484588288e-06
9,0,0.024854231898523472,0.06,0.0006476780981756747,4.843660917686066e-06
9,0,0.020522171746140936,0.06,0.0012219534255564213,3.3718160921125673e-06
9,0,0.017146904702735777,0.06,0.0011531173950061202,2.2699780402035685e-06
9,0,0.014364818210117983,0.06,0.001128148753196001,1.5707923921581823e-06
9,0,0.012005321064268286,0.06,0.001128148753196001,1.067098196472216e-06
9,0,0.00984208556290635,0.06,0.0007903542718850076,7.244063340294815e-07
9,0,0.008112109799260803,0.06,0.0006135057774372399,4.581139023684955e-07
9,0,0.006588606673419026,0.06,0.0006877938285470009,2.741726632393693e-07
9,0,0.005119561868267685,0.06,0.00046792443026788533,1.6181391515601717e-07
9,0,0.003923427521383815,0.06,0.0004607883747667074,9.579450477303908e-08
9,0,0.0029927146572619407,0.06,0.00044515327317640185,5.715844508813461e-08
9,0,0.0022928320164849786,0.08,0.00033728996641002595,3.5583070712164044e-08
9,0,0.001818718764722799,0.08,0.0003063485200982541,2.396994958075993e-08
9,0,0.001520356555423889,0.08,0.0003063485200982541,1.8195525086639464e-08
9,0,0.0013282481256616243,0.08,0.0003063485200982541,1.573043384439643e-08
9,0,0.0012612960090838696,0.08,0.00025265771546401083,1.399651683442471e-08
9,0,0.0012420365241714107,0.08,0.00019678402168210596,1.139324812271525e-08
9,0,0.0012332082251972347,0.08,0.00019705627346411347,9.347140839111034e-09
9,0,0.001296901108701367,0.08,0.0001810235989978537,8.492327729925364e-09
9,0,0.001346603431135086,0.08,0.0001810235989978537,8.311457300180791e-09
9,0,0.001443078128646723,0.08,0.0001810235989978537,8.167116760660065e-09
9,0,0.0018960482567142957,0.06,0.00022865597566124052,6.8537526765055645e-09
9,0,0.002673471047953941,0.06,0.00030482973670586944,5.376064482476295e-09
9,0,0.003129625204587781,0.06,0.0002768652339000255,4.770930317476996e-09
9,0,0.003423282536459447,0.06,0.0002768652339000255,4.374194784162455e-09
9,0,0.004034653235431789,0.06,0.0003163096262142062,4.203446035688785e-09
9,0,0.004679367407160728,0.06,0.00017635912809055299,4.460970259856367e-09
9,0,0.005534663237454555,0.06,0.0001820295728975907,4.529690844634615e-09
9,0,0.006709479677120577,0.06,0.0001820295728975907,4.850444490500649e-09
9,0,0.008061698502817623,0.06,0.00014226626080926508,5.001647096491979e-09
9,0,0.009859093818347592,0.04,0.00011689448001561686,5.00060748365172e-09
9,0,0.012381027015918639,0.06,0.00012496612907852978,4.836826938969807e-09
9,0,0.016331326099987917,0.06,0.00011916167568415403,4.938993658498703e-09
9,0,0.02065019487059796,0.06,0.00011950578482355922,5.177343886941799e-09
9,0,0.022696531462718553,0.06,8.641324529889971e-05,5.081225662451061e-09
9,0,0.021607701038550822,0.06,8.69683499331586e-05,5.102621436492427e-09
9,0,0.018393848933598498,0.06,8.69683499331586e-05,5.298230298933504e-09
9,0,0.016145198232081416,0.04,8.5850952018518e-05,5.27413313022862e-09
9,0,0.015302538032398763,0.02,8.5850952018518e-05,5.048005125019017e-09
9,0,0.014731435456224573,0.02,8.56037440826185e-05,5.269045200151368e-09
9,0,0.014231518753789599,0.04,9.318617958342656e-05,6.537252073002264e-09
9,0,0.013791405997449655,0.06,9.318617958342656e-05,6.20118578709139e-09
9,0,0.013188393381188194,0.06,9.318617958342656e-05,7.348488928471397e-09
9,0,0.012310671986038258,0.06,9.895352559396997e-05,8.133492102047057e-09
9,0,0.011319077278775515,0.06,0.00010025129449786618,8.461737088794052e-09
9,0,0.010003703705809884,0.06,0.00010025129449786618,8.86902551400226e-09
9,0,0.008370397951001772,0.06,0.00018923269817605615,9.413644086464501e-09
9,0,0.006897882013728988,0.06,0.00024212038260884583,9.689816948821317e-09
9,0,0.0057245044787537416,0.06,0.00023687294742558151,9.122728350519083e-09
9,0,0.004902128494227474,0.04,0.0006377504905685782,8.373162607711038e-09
9,0,0.004351725721679743,0.06,0.0007643098360858858,7.731350670781012e-09
9,0,0.003992838032716086,0.06,0.0007314730319194496,7.327564333081682e-09
9,0,0.003634832984465513,0.06,0.000512391678057611,6.754885983895065e-09
9,0,0.0029761083408882455,0.06,0.000512391678057611,6.309132771775694e-09
9,0,0.002228531024616584,0.06,0.00047930795699357986,5.84378234691485e-09
9,0,0.0018158766130362811,0.06,0.0007204043213278055,5.09233455403546e-09
9,0,0.00154831463047373,0.06,0.0004710978246293962,4.2952965628728634e-09
9,0,0.0013259845852656629,0.06,0.0004815312859136611,3.731441378107547e-09
9,0,0.0011744847891610878,0.06,0.0004815312859136611,3.1320404048074124e-09
9,0,0.0011303488856483333,0.06,0.0002290576958330348,2.9808828738708826e-09
9,0,0.0011646192539826294,0.06,0.0002290576958330348,2.7518336498388862e-09
9,0,0.00124320233735569,0.06,0.0002290576958330348,2.359012762909174e-09
9,0,0.0012516177688681163,0.06,0.00046807079343125224,2.0843045067664434e-09
9,0,0.0012044346902721536,0.06,0.0003846177423838526,1.9672317108643256e-09
9,0,0.0012141172967387078,0.06,0.0003846177423838526,1.928468496004143e-09
9,0,0.0012906720392703163,0.06,0.0005193256656639278,1.8835475401601798e-09
9,0,0.0014098270118805027,0.06,0.0003637608315329999,1.7869876689502462e-09
9,0,0.0015728802807752596,0.06,0.0003637608315329999,1.672602278901536e-09
9,0,0.0018205853748798698,0.06,0.00036849407479166985,1.569580909688284e-09
9,0,0.002202593844259166,0.06,0.0003063914191443473,1.5205300352150175e-09
9,0,0.0027078410719997563,0.06,0.0001247155450982973,1.5547753084987903e-09
9,0,0.003041095113346725,0.06,0.00011456790525699034,1.5720137414021451e-09
9,0,0.0029838831293415072,0.04,0.00011456790525699034,1.4468211073648263e-09
9,0,0.0030263504003593096,0.04,0.00011327185347909108,1.264173099535526e-09
9,0,0.0033352481877672218,0.06,7.183169509517029e-05,1.0837035713251453e-09
9,0,0.003722939580731586,0.06,7.183169509517029e-05,9.748427620692723e-10
9,0,0.0042332303447024135,0.06,0.00013559187937062234,8.891056779702922e-10
9,0,0.004689050921889886,0.06,0.00013559187937062234,8.197576506496773e-10
9,0,0.004942636291345095,0.06,7.183169509517029e-05,7.523724421254485e-10
9,0,0.005063322780619179,0.06,7.183169509517029e-05,6.756326609291818e-10
9,0,0.005118337497285433,0.06,7.183169509517029e-05,5.98787464056727e-10
9,0,0.005185008680353558,0.06,6.764499266864732e-05,5.115822765411338e-10
9,0,0.005289684944279361,0.06,6.764499266864732e-05,4.449394463978962e-10
9,0,0.004988791244049537,0.06,6.764499266864732e-05,4.1610623280341485e-10
9,0,0.004548781656289946,0.06,7.183169509517029e-05,4.0329553585571887e-10
9,0,0.004198870558676356,0.06,7.183169509517029e-05,3.8296890658706673e-10
9,0,0.003944431610441934,0.06,7.183169509517029e-05,3.71426278622522e-10
9,0,0.0036656218751653594,0.06,0.00013559187937062234,3.70519892545218e-10
9,0,0.0033291964275755617,0.06,0.00018885561439674348,3.7159705867928494e-10
9,0,0.0028872775471908657,0.04,0.00018885561439674348,3.6828004534861236e-10
9,0,0.002471637316547357,0.04,0.00022635364439338446,3.6040062600939393e-10
9,0,0.002143886680465246,0.04,0.00042566339834593236,3.484006971810061e-10
9,0,0.0018989074408028168,0.04,0.00042566339834593236,3.3455047065977794e-10
9,0,0.0017099966708116366,0.02,0.00042566339834593236,3.2148866901948736e-10
9,0,0.0015659603150611448,0.04,0.00042566339834593236,3.131065962058699e-10
9,0,0.0014698502093387098,0.04,0.00042566339834593236,3.1206739969924513e-10
9,0,0.0014284733622447602,0.04,0.0003500619495753199,3.2250324633054106e-10
9,0,0.0014230934399904077,0.04,0.00027714675525203347,3.485887967169532e-10
9,0,0.00141551410492499,0.04,0.0003558291937224567,3.9237166293837333e-10
9,0,0.0013771722163673332,0.04,0.0003558291937224567,4.586721280563921e-10
9,0,0.0013476173934696726,0.06,0.00039440602995455265,5.503172917364907e-10
9,0,0.0013888048730466963,0.06,0.0004138678777962923,6.693156584525184e-10
9,0,0.0014984069423274369,0.06,0.0004138678777962923,8.002671858520216e-10
9,0,0.0016315562050612338,0.06,0.0004138678777962923,9.133048206599881e-10
9,0,0.0017979456057690972,0.06,0.0004138678777962923,1.0236588243728306e-09
9,0,0.002027054705372569,0.06,0.0004138678777962923,1.135845972832783e-09
9,0,0.0023345339245664427,0.06,0.0005227355286478996,1.301211027815441e-09
9,0,0.002720251766251048,0.06,0.0005227355286478996,1.4716415863702537e-09
9,0,0.00318422701544683,0.04,0.0005227355286478996,1.6727872420574386e-09
9,0,0.003711008092691119,0.04,0.0005933348438702524,1.8414038072123162e-09
9,0,0.004356033944566544,0.06,0.0006146845989860594,1.9514461158109953e-09
9,0,0.005180412394868356,0.06,0.0006146845989860594,2.0311539117301436e-09
9,0,0.006040148503976517,0.06,0.0005128884222358465,2.0284320889629726e-09
9,0,0.006857384102207356,0.06,0.00045983705786056817,1.978535779656454e-09
9,0,0.007686053899227495,0.06,0.00035940977977588773,1.940481997309007e-09
9,0,0.008918382308113334,0.04,0.00024718669010326266,2.04544114978944e-09
9,0,0.010994451066898305,0.04,0.00024718669010326266,2.2286257284065414e-09
9,0,0.01284417079347864,0.04,0.00024718669010326266,2.3783992553205735e-09
9,0,0.01291101097116782,0.04,0.00024718669010326266,2.487307693144203e-09
9,0,0.01327452181679415,0.04,0.00024718669010326266,2.430036838418914e-09
9,0,0.01406466321540882,0.04,0.00024718669010326266,2.2741815097759854e-09
9,0,0.014551355144749874,0.04,0.00024718669010326266,2.141895549812034e-09
9,0,0.014817291541356617,0.04,0.00024718669010326266,2.0512391785132422e-09
9,0,0.014503472521058543,0.04,0.00024718669010326266,1.5753995885603445e-09
9,0,0.013187505869182471,0.04,0.00024718669010326266,1.7288426246153676e-09
9,0,0.01140832286620562,0.04,0.00024718669010326266,1.597881382764399e-09
9,0,0.010009008270045538,0.04,0.00024718669010326266,1.554197215369868e-09
9,0,0.009858036757091725,0.04,0.00024718669010326266,1.6996289931014985e-09
9,0,0.00736911384588663,0.04,0.00024718669010326266,1.5885794901748795e-09
9,0,0.006599115981398958,0.04,0.00027427496388554573,1.6787867762602104e-09
9,0,0.0048649367254510745,0.04,0.00027427496388554573,1.6272321268218093e-09
9,0,0.0038199311709202883,0.04,0.0003509213565848768,1.428855478380342e-09
9,0,0.003322451494743146,0.04,0.00045983705786056817,1.1215877115944295e-09
9,0,0.002886798037725645,0.06,0.0004495035100262612,7.823569569964661e-10
9,0,0.0022946190632223114,0.06,0.0005387260462157428,5.142922754330925e-10
9,0,0.001757096312988289,0.06,0.0005387260462157428,3.4151151351302644e-10
9,0,0.0013793748018346957,0.06,0.0005387260462157428,2.3176284502657296e-10
9,0,0.0011479116487235264,0.06,0.0004517716297414154,1.962441181779795e-10
9,0,0.00102978569528881,0.06,0.0004517716297414154,1.8000545498608744e-10
9,0,0.0009798319244571395,0.06,0.0004517716297414154,1.852082653908127e-10
9,0,0.0009759607173973216,0.06,0.0004517716297414154,2.0538806766445816e-10
9,0,0.0010093726584841489,0.06,0.00038841954665258527,2.3955801231601015e-10
9,0,0.0010702658597314164,0.06,0.0004986779531463981,2.8912477967324435e-10
9,0,0.0011671853393465873,0.06,0.0004986779531463981,3.590065189573721e-10
9,0,0.0013515908802531251,0.06,0.0005800030194222927,4.4674053345516995e-10
9,0,0.001592978775553858,0.06,0.0005800030194222927,5.679107739631206e-10
9,0,0.0018470710394625773,0.06,0.0005800030194222927,6.096712024117323e-10
9,0,0.0021111757365170707,0.06,0.000658331555314362,7.309748917272429e-10
9,0,0.0024245056618416643,0.04,0.0005719488253816962,8.131362805308129e-10
9,0,0.002799651396110533,0.04,0.0005719488253816962,8.671886542188645e-10
9,0,0.0032421924608163877,0.04,0.0005719488253816962,6.192130697080245e-10
9,0,0.0037329617171711284,0.04,0.0005719488253816962,1.031116969585355e-09
9,0,0.004118072148105936,0.04,0.00041030647116713226,9.957891178302702e-10
9,0,0.004331156315175011,0.04,0.00041030647116713226,9.233816489206959e-10
9,0,0.0045834982804577535,0.04,0.0001699067506706342,8.256215711099912e-10
9,0,0.0049240833761822755,0.04,0.0001699067506706342,7.368513021965839e-10
9,0,0.005244182843335339,0.04,0.00011684744822559878,6.346303482729354e-10
9,0,0.00556082705537034,0.04,0.00010475682938704267,5.354948706681739e-10
9,0,0.0057784586834037,0.04,0.00010475682938704267,4.498898475979729e-10
9,0,0.0061190844539553615,0.04,0.00010475682938704267,3.916987012519968e-10
9,0,0.006691935557789865,0.04,0.00010475682938704267,3.5643291096398855e-10
9,0,0.006898525089999984,0.04,0.00010475682938704267,3.219501054640972e-10
9,0,0.006710443617951658,0.04,0.000197736662812531,2.9008204172065177e-10
9,0,0.006790845388888888,0.06,0.000197736662812531,1.962605530880572e-18
9,0,0.00624951740463034,0.06,0.00022999498469289392,2.5708127293633254e-10
9,0,0.006012499209036797,0.06,0.00022999498469289392,2.685953681691444e-10
9,0,0.00558177999623746,0.04,0.00022999498469289392,2.824891431885135e-10
9,0,0.005014455550946748,0.04,0.00022999498469289392,2.933150944350871e-10
9,0,0.004499983030658663,0.04,0.00022999498469289392,3.052339769826773e-10
9,0,0.004175308660109445,0.04,0.00022999498469289392,3.234667256268864e-10
9,0,0.004037766606171905,0.04,0.00033441660343669355,3.4517880220796826e-10
9,0,0.004025659482586533,0.04,0.00047722659655846655,3.45924899836092e-10
9,0,0.0038642198692539933,0.04,0.00043010254739783704,3.2940516980772827e-10
9,0,0.0031736083055165574,0.04,0.00044319478911347687,2.76230704976399e-10
9,0,0.002376707262868385,0.04,0.00044319478911347687,2.2364385343642823e-10
9,0,0.0019172744764966365,0.04,0.00044319478911347687,1.7148646391795808e-10
9,0,0.00163216497827002,0.04,0.0001243722072103992,1.5189235980095361e-10
9,0,0.0014250252578349803,0.04,0.00010956739424727857,1.3805971643687798e-10
9,0,0.0012305825076032182,0.04,0.00010956739424727857,1.2204520727365775e-10
9,0,0.0010305377460253606,0.04,7.452786667272449e-05,1.0726784044345905e-10
9,0,0.0009305840329717961,0.04,7.452786667272449e-05,9.583019100478651e-11
9,0,0.0008784659343331868,0.06,7.452786667272449e-05,8.613034591098412e-11
9,0,0.0008372290052841867,0.06,7.452786667272449e-05,7.526620993125732e-11
9,0,0.0008378397405606779,0.08,9.128153760684654e-05,6.646958677913872e-11
9,0,0.0008066874613337077,0.08,9.948885417543352e-05,6.211218345208991e-11
9,0,0.0007610167687892084,0.08,0.00013582764950115234,5.6663486402985797e-11
9,0,0.0007950044016028868,0.08,0.00013582764950115234,4.793582197848423e-11
9,0,0.0008671132797997342,0.08,0.00013582764950115234,4.518486279581069e-11
9,0,0.0009608450059439475,0.06,0.0001195452205138281,4.2850726439391806e-11
9,0,0.0010681645584693772,0.04,0.0001195452205138281,4.2501207414558095e-11
9,0,0.001192855931391336,0.04,0.0001195452205138281,4.3854857245673173e-11
9,0,0.001334601722477119,0.04,0.00010784954793052748,4.621379320890462e-11
9,0,0.0015137845158573711,0.06,0.00010784954793052748,4.9721834288751765e-11
9,0,0.001793747029093144,0.06,9.369138570036739e-05,5.16383671933518e-11
9,0,0.0021927600560344676,0.06,9.746451542014256e-05,5.146658793586667e-11
9,0,0.002598269420079288,0.06,0.00020236278942320496,5.522612575581398e-11
9,0,0.0030856480464903848,0.06,0.00020236278942320496,5.468421895860054e-11
9,0,0.003529312968511587,0.06,0.00019024600624106824,5.039187470079476e-11
9,0,0.003555211901697811,0.06,0.00017373371520079672,4.537780567970273e-11
9,0,0.0034695977318175975,0.06,0.00019024600624106824,3.8846877103981825e-11
9,0,0.0034879183260145847,0.06,0.00013231510820332915,3.0187456701025184e-11
9,0,0.0033525640411036063,0.06,0.00012083039473509416,2.2745522479383773e-11
9,0,0.0032179687910017097,0.06,0.00012160657934146002,1.7119581793845207e-11
9,0,0.0031490734392485933,0.06,0.000129132647998631,1.2992480355467073e-11
9,0,0.0029490565511221915,0.06,0.00011187636118847877,9.674567570672199e-12
9,0,0.002666800459347033,0.06,0.00011187636118847877,7.119319456877493e-12
9,0,0.002337397153224022,0.06,0.00011187636118847877,5.087656858304701e-12
9,0,0.002016215207618927,0.06,0.00011187636118847877,3.5707897142606138e-12
9,0,0.0017624165419715715,0.06,0.00010204731370322406,2.7113788644839154e-12
9,0,0.0015510032688388433,0.06,0.00014838700008112937,2.2320554692728534e-12
9,0,0.001371607766085143,0.06,0.00014838700008112937,1.9850872248067253e-12
9,0,0.0012257609393111894,0.06,0.0001615644432604313,1.8514309009509677e-12
9,0,0.0010814614561620384,0.06,0.0003901651070918888,1.7168000961825802e-12
9,0,0.0009571256253406668,0.06,0.00065886095399037,1.554224522519465e-12
9,0,0.000850037190307623,0.06,0.00065886095399037,1.4706263550684495e-12
9,0,0.0007319203763368321,0.04,0.00065886095399037,1.3262104088529458e-12
9,0,0.0006100544572340437,0.04,0.00065886095399037,1.1486131056698268e-12
9,0,0.0004976987672950376,0.04,0.00065886095399037,9.38121759094801e-13
9,0,0.0004208261666621103,0.04,0.00046662407112307847,7.741648576538307e-13
9,0,0.000367980200684361,0.06,0.00046662407112307847,6.373514454920126e-13
9,0,0.0003163578775714235,0.06,0.00046662407112307847,5.231441907276035e-13
9,0,0.0002734409584908524,0.06,0.00036498025292530656,4.345215322536927e-13
9,0,0.0002421857864595738,0.06,0.00036498025292530656,3.744795272486723e-13
9,0,0.0002220417656731018,0.06,0.00036498025292530656,3.370440049017126e-13
9,0,0.00021107185033117877,0.06,0.00036498025292530656,3.1806772927273075e-13
9,0,0.000207312551420821,0.06,0.00036498025292530656,3.1195383190692205e-13
9,0,0.00020784211491904012,0.06,0.00036498025292530656,3.145048783036175e-13
9,0,0.0002100049473587144,0.06,0.00036498025292530656,3.213410169466274e-13
9,0,0.00021078157877390383,0.08,0.00037789487396366894,3.320060155617699e-13
9,0,0.00021615923818630583,0.04,0.0006381460116244853,4.897697915631771e-13
9,0,0.00023943264568202465,0.04,0.0006381460116244853,4.202075157017787e-13
9,0,0.0002868681551400614,0.04,0.0006381460116244853,4.914625564150787e-13
9,0,0.0003401653675243434,0.04,0.0006381460116244853,5.84759508610172e-13
9,0,0.00038436336097509945,0.06,0.000614551012404263,6.422693323362982e-13
9,0,0.0004307073188549082,0.06,0.000614551012404263,6.453121999434874e-13
9,0,0.00047910099102587697,0.06,0.000614551012404263,6.042604025653653e-13
9,0,0.0005137389295913216,0.06,0.000402815145207569,5.277422921411146e-13
9,0,0.0005416012740304757,0.06,0.000402815145207569,4.488015590674993e-13
9,0,0.0005917962345013307,0.06,0.000402815145207569,4.0567652319009606e-13
9,0,0.0006513286042520874,0.06,0.000402815145207569,3.7796624012022273e-13
9,0,0.0007149583881218176,0.06,0.0002770423889160156,3.993048296527246e-13
9,0,0.0007924026410084764,0.06,0.00022220225946512073,4.3005104143588324e-13
9,0,0.000915132857248929,0.06,0.00022220225946512073,4.748931282938518e-13
9,0,0.001028630268875594,0.06,0.0001315603731200099,4.676751065406382e-13
9,0,0.0010952550497308397,0.06,6.969588866923004e-05,4.562144932662715e-13
9,0,0.001108994882462991,0.06,6.40109064988792e-05,4.367075548839666e-13
9,0,0.0010949954967150724,0.06,6.40109064988792e-05,4.392110590153986e-13
9,0,0.0010546346584220962,0.06,6.40109064988792e-05,4.374419934356083e-13
9,0,0.0010043746059107727,0.06,6.40109064988792e-05,4.4996981401340674e-13
9,0,0.0009510063118538219,0.06,6.40109064988792e-05,4.622212443523843e-13
9,0,0.000912724592560524,0.06,7.981224189279601e-05,4.943110807828499e-13
9,0,0.0009136575336115296,0.06,9.307986329076812e-05,5.662648084811539e-13
9,0,0.0009472074832434764,0.06,9.307986329076812e-05,7.296713146892619e-13
9,0,0.0008935019036866354,0.06,9.307986329076812e-05,8.65115650557774e-13
9,0,0.0007010636745524979,0.06,0.00011909726890735328,8.713887901176665e-13
9,0,0.0005547257828450826,0.06,0.00011909726890735328,7.986405048572565e-13
9,0,0.000452231032126976,0.06,0.0001121560053434223,6.180817034399932e-13
9,0,0.00036841273821116714,0.04,0.0001121560053434223,6.368520077612572e-13
9,0,0.0003206383305402091,0.04,0.0001121560053434223,5.717432820587232e-13
9,0,0.00028896196547655793,0.04,0.00011909726890735328,6.420207247781473e-13
9,0,0.0002503229300108007,0.04,0.00013240787666290998,6.506042449574978e-13
9,0,0.0002207186205093847,0.06,0.00013240787666290998,6.485995009304635e-13
9,0,0.00019980519738445812,0.06,0.0001246909232577309,6.535905714213919e-13
9,0,0.00019236093231155454,0.06,0.0001246909232577309,7.16533332233843e-13
9,0,0.00019298751647462572,0.06,0.00013240787666290998,8.800308030042225e-13
9,0,0.00020191489838380515,0.06,0.00016929319826886058,1.2235765785989505e-12
9,0,0.00023434228956136554,0.06,0.00021107817883603275,1.9188305458439636e-12
9,0,0.00025822538772247734,0.06,0.00024723971728235483,2.822072220007299e-12
9,0,0.00023281122447404892,0.08,0.0004906894755549729,3.753242074772123e-12
9,0,0.00025115542148037656,0.08,0.0004906894755549729,5.001219924305467e-12
9,0,0.0002856153348939148,0.08,0.0005080499686300755,6.804272423277524e-12
9,0,0.0003227895495813911,0.08,0.0006317848456092179,1.0084682221245256e-11
9,0,0.00040009148195833277,0.08,0.0006317848456092179,1.3747629770688441e-11
9,0,0.0004272087522452114,0.08,0.0007374900742433965,1.7200359192504067e-11
9,0,0.0005209102579232247,0.08,0.0003908067010343075,2.4461004402565045e-11
9,0,0.0006932943863535307,0.04,0.0003908067010343075,3.362865541589599e-11
9,0,0.0008265026775384476,0.04,0.00035258260322734714,4.7336076031134766e-11
9,0,0.0010118798070864903,0.04,0.00035258260322734714,6.655014039846918e-11
9,0,0.0012156456356623067,0.04,0.0002847285068128258,8.981593246915054e-11
9,0,0.0014970940439793204,0.06,0.0002847285068128258,1.1948392275584752e-10
9,0,0.0018442075281275016,0.06,0.0002847285068128258,1.5460600855110584e-10
9,0,0.002146229963022464,0.06,0.0002375623444095254,2.1610625788870408e-10
9,0,0.0026222962954724387,0.06,0.0002375623444095254,3.3007307997934277e-10
9,0,0.003110762504420343,0.06,0.000350441609043628,5.076049580665654e-10
9,0,0.0034318028111985045,0.06,0.00039816033677197993,9.520172428167939e-10
9,0,0.004251791445709095,0.06,0.00013006877270527184,1.3887297978243396e-09
9,0,0.005110045475034831,0.06,0.00013006877270527184,1.6982615314020677e-09
9,0,0.005542595988423126,0.06,0.00013006877270527184,1.8502194221170498e-09
9,0,0.005683102247654293,0.06,0.0001224881416419521,1.7866673696076418e-09
9,0,0.005642412059920873,0.06,0.0001224881416419521,1.6159799054449309e-09
9,0,0.005788918695881216,0.06,0.0001224881416419521,1.4633844136469065e-09
9,0,0.006105032356317709,0.06,0.0001224881416419521,1.1785343811965276e-09
9,0,0.006234044073755174,0.06,0.0001224881416419521,1.0051202092853373e-09
9,0,0.006072379038106472,0.06,0.0001224881416419521,8.285241936967225e-10
9,0,0.0058571873536329795,0.06,0.00010790756641654298,6.54171439240514e-10
9,0,0.005624345921655243,0.06,0.0001389659446431324,5.180293971562833e-10
9,0,0.005349917392752993,0.06,0.0001389659446431324,4.222939498088607e-10
9,0,0.005080251662169042,0.06,0.0001389659446431324,3.522171998504575e-10
9,0,0.004802666976696431,0.06,0.0001389659446431324,3.2282143624939863e-10
9,0,0.004729536242951867,0.06,0.00017780701455194503,3.118460489837105e-10
9,0,0.004720684243221,0.06,0.0001888105907710269,3.3372893337713094e-10
9,0,0.004491217895068092,0.06,0.0001888105907710269,3.613629118159878e-10
9,0,0.004183829406382703,0.06,0.0001888105907710269,4.0977937709740786e-10
9,0,0.0039200242052680485,0.06,0.00042711140122264624,4.5242490309682637e-10
9,0,0.00372983567089866,0.04,0.00039401667891070247,5.079477949365696e-10
9,0,0.003629754223561596,0.04,0.0006662795785814524,5.79877812434404e-10
9,0,0.0036071507123137878,0.04,0.0006662795785814524,6.763056781267096e-10
9,0,0.0036261683482644454,0.04,0.0006662795785814524,7.945863966796196e-10
9,0,0.003634786413201046,0.04,0.0007252579089254141,9.261826861006739e-10
9,0,0.0036870793436231545,0.04,0.0007252579089254141,1.1099404728653894e-09
9,0,0.0038090122240114536,0.04,0.0007252579089254141,1.3823476807672819e-09
9,0,0.003902026721408288,0.04,0.0007252579089254141,1.8247510169544512e-09
9,0,0.0039023697817387286,0.04,0.0009140460751950741,2.6243405226722416e-09
9,0,0.004149192046331812,0.04,0.0009140460751950741,3.989121033498577e-09
9,0,0.004669432945481355,0.04,0.0009342804551124573,6.3407159522910206e-09
9,0,0.005246697721170542,0.04,0.0009342804551124573,1.0525741167555225e-08
9,0,0.005783207182075242,0.02,0.000495134387165308,1.84063573271942e-08
9,0,0.006326529247952204,0.02,0.000495134387165308,3.27222551277373e-08
9,0,0.007098944232819305,0.02,0.0006006612093187869,5.7386973395523455e-08
9,0,0.008155687440931826,0.02,0.0006006612093187869,9.812065115966107e-08
9,0,0.00916624719579173,0.04,0.0006006612093187869,1.7892794801355194e-07
9,0,0.010341050460485947,0.04,0.0006006612093187869,3.410770545997366e-07
9,0,0.01175250351362083,0.04,0.0006006612093187869,6.189054602145916e-07
9,0,0.013135736951262312,0.04,0.0006006612093187869,1.1211999435545295e-06
9,0,0.014900985045158167,0.04,0.00046949315583333373,1.9274159512860933e-06
9,0,0.016404826514620843,0.04,0.00046949315583333373,3.2290320177708054e-06
9,0,0.017472554341068557,0.04,0.00043646025005728006,5.222381787461927e-06
9,0,0.019112435807785978,0.04,0.0006727653089910746,7.693870429648086e-06
9,0,0.021378181757972643,0.04,0.0007029685075394809,1.1940875083382707e-05
9,0,0.02390228846948028,0.06,0.000542670430149883,2.0428931748028845e-05
9,0,0.02531691047315631,0.06,0.0003587258397601545,3.6416458897292614e-05
9,0,0.02667692296454217,0.04,0.0005397727945819497,6.361875421134755e-05
9,0,0.028377865768028858,0.04,0.0005298293544910848,0.00010954555182252079
9,0,0.029696228598012565,0.04,0.0005159613792784512,0.00019106095714960247
9,0,0.03062958866886978,0.04,0.00024251708236988634,0.0003741485998034477
9,0,0.03185674219711917,0.04,0.00037390986108221114,0.0007941539515741169
9,0,0.03276753000976837,0.04,0.00037390986108221114,0.0015080237062647939
9,0,0.0326481627846287,0.0,0.00048281982890330255,0.002287558512762189
9,0,0.031983277564709194,0.0,0.00048281982890330255,0.0031305679585784674
9,0,0.031758793833132244,0.0,0.00048281982890330255,0.00385046424344182
9,0,0.03330284844890498,0.0,0.00045164459152147174,0.00457886653020978
9,0,0.03714173691029702,0.0,0.00045164459152147174,0.005493896082043648
9,0,0.04328792503771188,0.0,0.0001928458223119378,0.00656879972666502
9,0,0.05116094185453614,0.0,0.00018455617828294635,0.0073880357667803764
9,0,0.057628065445492066,0.0,0.00018749790615402162,0.00699138967320323
9,0,0.05727330917867664,0.02,0.00010967965499730781,0.005823937244713306
9,0,0.05321096882878294,0.02,0.00010967965499730781,0.005318634212017059
9,0,0.0517746788486867,0.02,0.00010967965499730781,0.004180929157882929
9,0,0.05264781410151844,0.02,0.00010967965499730781,0.004634490702301264
9,0,0.05443733845338324,0.02,0.0003320529649499804,0.00575075950473547
9,0,0.05678050750858888,0.02,0.0003320529649499804,0.007048646919429302
9,0,0.05859144041345407,0.02,0.0003654154425021261,0.008256192319095135
9,0,0.059380815912568816,0.02,0.0003818258992396295,0.009454987943172455
9,0,0.060045252349062626,0.02,0.0004408351960591972,0.010683627799153328
9,0,0.061735136431471195,0.02,0.0004408351960591972,0.012327811680734158
9,0,0.06513643784380341,0.02,0.0003810484486166388,0.015271594747900963
9,0,0.06936235172997181,0.02,0.0004159423697274178,0.018500616773962975
9,0,0.0692848504004413,0.02,0.0004159423697274178,0.019989069551229477
9,0,0.061653745099479774,0.02,0.0006474442197941244,0.01994895562529564
9,0,0.05371119826767618,0.02,0.0010046263923868537,0.018643900752067566
9,0,0.04940337691109519,0.02,0.0009982207557186484,0.014709105715155602
9,0,0.047279296718590644,0.02,0.0010773111134767532,0.010800954885780811
9,0,0.04618426499162255,0.04,0.0011516239028424025,0.007909872569143772
9,0,0.045252053645849305,0.04,0.0012499606236815453,0.005719330627471209
9,0,0.04640834857742151,0.04,0.00022952114522922784,0.004719186574220657
9,0,0.05115855289965929,0.04,0.00022952114522922784,0.004473777022212744
9,0,0.057961196219888704,0.04,0.00014761745114810765,0.004702659789472818
9,0,0.06602891063738504,0.04,0.00019462560885585845,0.0051718661561608315
9,0,0.07442304170443821,0.04,0.00017186561308335513,0.005537304095923901
9,0,0.07511500643298531,0.04,0.0001406785158906132,0.005600197706371546
9,0,0.06095766054475842,0.04,0.0002225875505246222,0.004222386982291937
9,0,0.056631374508232094,0.04,0.0002976710966322571,0.004008311312645674
9,0,0.04972843166174565,0.04,0.0003507975779939443,0.004216939210891724
9,0,0.046360443646092424,0.04,0.002106115920469165,0.004448550287634134
9,0,0.04572257234414086,0.06,0.002349438611418009,0.006211262661963701
9,0,0.046856569411038856,0.04,0.0008373484597541392,0.011191901750862598
9,0,0.05000088100172763,0.02,0.001681725261732936,0.012021607719361782
9,0,0.05618253662225208,0.02,0.0002411378372926265,0.012705008499324322
9,0,0.06921535556307332,0.0,0.0002540689310990274,0.01320561021566391
9,0,0.09873012488002135,0.0,0.0003337926173117012,0.014300264418125153
9,0,0.10147057642062342,0.0,0.00027706933906301856,0.013366090133786201
9,0,0.11134310042890219,0.0,0.0002879028907045722,0.015290429815649986
9,0,0.12353491186965723,0.02,0.0006274762563407421,0.02002168446779251
9,0,0.13282872652453467,0.02,0.0006274762563407421,0.027530327439308167
9,0,0.13782916741946818,0.02,0.0005093769286759198,0.03304893523454666
9,0,0.13998970378001507,0.02,0.00043472147081047297,0.0367569774389267
9,0,0.13835553617805446,0.02,0.00043472147081047297,0.039613429456949234
9,0,0.13357332515303857,0.02,0.00014912216283846647,0.042691513895988464
9,0,0.12923164155453945,0.02,0.00014912216283846647,0.04329818859696388
9,0,0.12272304379182584,0.02,0.00014912216283846647,0.04228256270289421
9,0,0.11691682585385436,0.02,0.00014912216283846647,0.039830535650253296
9,0,0.11402383180198199,0.02,0.00014912216283846647,0.03693131357431412
9,0,0.11448028304776166,0.02,0.00014912216283846647,0.033947642892599106
9,0,0.11675214189772888,0.02,0.00014912216283846647,0.030668113380670547
9,0,0.11346948236919246,0.02,0.00014635242405347526,0.02684444934129715
9,0,0.10107413321103849,0.04,0.00019314319069962949,0.023071924224495888
9,0,0.08905306992632032,0.04,0.00019314319069962949,0.02000536397099495
9,0,0.08367479788032547,0.04,7.073350570863113e-05,0.017961548641324043
9,0,0.08297945572140698,0.04,7.073350570863113e-05,0.015104268677532673
9,0,0.08258430600216098,0.04,6.667791603831574e-05,0.013569837436079979
9,0,0.08187178012955144,0.04,6.667791603831574e-05,0.012188717722892761
9,0,0.08141484596823004,0.04,5.24865863553714e-05,0.010432841256260872
9,0,0.08268428591545116,0.02,3.976986408815719e-05,0.007752088829874992
9,0,0.08844837807801105,0.02,3.976986408815719e-05,0.008324013091623783
9,0,0.0932823005380103,0.02,4.052255826536566e-05,0.008850273676216602
9,0,0.09554319612521675,0.02,4.052255826536566e-05,0.009263289161026478
9,0,0.095509644696271,0.02,4.052255826536566e-05,0.006916625425219536
9,0,0.09636105460638002,0.02,4.052255826536566e-05,0.006968934554606676
9,0,0.09607619050361872,0.02,4.052255826536566e-05,0.006716658361256123
9,0,0.09511104824646067,0.02,5.0112746976083145e-05,0.006365437526255846
9,0,0.09460815024222008,0.02,5.0112746976083145e-05,0.00607329560443759
9,0,0.09454515931557046,0.02,3.4510849218349904e-05,0.005095579195767641
9,0,0.09564053929415471,0.02,3.451311931712553e-05,0.005058404989540577
9,0,0.09802548050275858,0.02,3.7793837691424415e-05,0.005328049883246422
9,0,0.1042806891647118,0.02,4.020131746074185e-05,0.006164024118334055
9,0,0.11499666762548058,0.04,8.460086246486753e-05,0.007619825191795826
9,0,0.12681694770431465,0.04,8.228133810916916e-05,0.009590402245521545
9,0,0.13533808499683442,0.04,8.175076072802767e-05,0.011498525738716125
9,0,0.1340782754794702,0.04,9.29692541831173e-05,0.012545906007289886
9,0,0.12578800028312923,0.02,6.847240729257464e-05,0.01270096655935049
9,0,0.11941345212649535,0.02,9.26081629586406e-05,0.015044006519019604
9,0,0.11934447643480002,0.0,0.00010826593643287197,0.022693665698170662
9,0,0.12802469660539292,0.0,8.406832057517022e-05,0.039071112871170044
9,0,0.09630115469875938,0.0,9.45549036259763e-05,0.0660567581653595
9,0,0.07564639726461184,0.0,5.185342160984874e-05,0.07860574871301651
9,0,0.08298562508569497,0.0,5.5007432820275426e-05,0.09505090117454529
9,0,0.0823242615276818,0.0,5.5007432820275426e-05,0.09507423639297485
9,0,0.08058930138014832,0.0,5.5007432820275426e-05,0.0915384590625763
9,0,0.07908957167794035,0.0,5.5007432820275426e-05,0.08611800521612167
9,0,0.07728580931964457,0.0,5.5007432820275426e-05,0.0801163986325264
9,0,0.07503828270285565,0.0,5.5007432820275426e-05,0.07426734268665314
9,0,0.07114715810840921,0.0,4.463333243620582e-05,0.06769289821386337
9,0,0.06709127216962125,0.0,4.434547008713707e-05,0.06196090206503868
9,0,0.06611622755770334,0.0,4.434547008713707e-05,0.05953536182641983
9,0,0.06675373354052133,0.02,5.0385981012368575e-05,0.06003262475132942
9,0,0.06912655182753022,0.02,5.0385981012368575e-05,0.06858110427856445
9,0,0.07582264033345011,0.02,0.0001375877036480233,0.08970220386981964
9,0,0.08481324155220789,0.02,0.0001375877036480233,0.10287433117628098
9,0,0.09258582460473683,0.02,0.0001410789554938674,0.11903270334005356
9,0,0.0976483539549443,0.04,0.0001410789554938674,0.13530468940734863
9,0,0.09953523542314253,0.04,0.00016956347099039704,0.1500806361436844
9,0,0.10013048690055269,0.04,0.00016956347099039704,0.16195674240589142
9,0,0.09957796362831531,0.04,0.00016956347099039704,0.1649213582277298
9,0,0.09833231815881568,0.06,6.575845327461138e-05,0.13974080979824066
9,0,0.09697604883969752,0.04,4.277226253179833e-05,0.10832581669092178
9,0,0.09638892541529784,0.04,4.277226253179833e-05,0.09539344906806946
9,0,0.09688363639796839,0.04,2.318632868991699e-05,0.08028539270162582
9,0,0.09875051515007292,0.04,2.193827458540909e-05,0.061042141169309616
9,0,0.09772861078716602,0.04,2.730643427639734e-05,0.043707214295864105
9,0,0.08970655505624328,0.04,2.804076939355582e-05,0.03312927484512329
9,0,0.0821836394360182,0.04,2.8567290428327397e-05,0.02495354786515236
9,0,0.07993485428448659,0.04,1.5202853319351561e-05,0.016441775485873222
9,0,0.07721375680484982,0.02,1.4017300600244198e-05,0.01152934692800045
9,0,0.07119679401307244,0.04,1.2660838365263771e-05,0.007985354401171207
9,0,0.06511055495714109,0.02,1.2660838365263771e-05,0.005613913293927908
9,0,0.059927117504930794,0.02,1.2660838365263771e-05,0.004125490784645081
9,0,0.054910561268225216,0.02,1.2660838365263771e-05,0.0029646381735801697
9,0,0.048023459809161444,0.02,1.2230641914356966e-05,0.0020177930127829313
9,0,0.03925435064209635,0.02,9.923929610522464e-06,0.0013107950799167156
9,0,0.03285493762728934,0.02,8.73415956448298e-06,0.0008784005767665803
9,0,0.030415294141033954,0.02,1.2046755728079006e-05,0.0005938208196312189
9,0,0.03018818060577236,0.02,1.2046755728079006e-05,0.0005156059633009136
9,0,0.03046847760010073,0.02,1.2046755728079006e-05,0.0004951334558427334
9,0,0.0304644915741194,0.02,1.2046755728079006e-05,0.00042490888154134154
9,0,0.030430786037975305,0.02,1.2046755728079006e-05,0.00039893173379823565
9,0,0.030747150288787006,0.02,1.2046755728079006e-05,0.0003895229019690305
9,0,0.031184459432572333,0.02,9.774725185707211e-06,0.00037615204928442836
9,0,0.02980233983051014,0.02,9.248573405784555e-06,0.0003645826654974371
9,0,0.027365400474581792,0.02,1.1910883586097043e-05,0.00037970772245898843
9,0,0.027025431167129393,0.02,1.1910883586097043e-05,0.00036237758467905223
9,0,0.02774844008325163,0.02,9.248573405784555e-06,0.00028522434877231717
9,0,0.02807254642240835,0.02,9.248573405784555e-06,0.00029877826455049217
9,0,0.028041627626336166,0.02,9.248573405784555e-06,0.0003039005969185382
9,0,0.02855807492450152,0.02,9.248573405784555e-06,0.0004349423688836396
9,0,0.02896967792723645,0.0,1.074341435014503e-05,0.00048243108903989196
9,0,0.029192638579339063,0.0,1.074341435014503e-05,0.0005369323189370334
9,0,0.02928582288736827,0.0,1.074341435014503e-05,0.0005777722108177841
9,0,0.029226988978622814,0.0,1.074341435014503e-05,0.000605634821113199
9,0,0.0290021401058989,0.0,1.074341435014503e-05,0.0006397470133379102
9,0,0.02849255422089813,0.0,1.074341435014503e-05,0.0006823272560723126
9,0,0.027945205652805394,0.0,1.074341435014503e-05,0.0007200036197900772
9,0,0.02772966031147786,0.0,1.0871264748857357e-05,0.000745314871892333
9,0,0.02699869063832234,0.0,1.1253649972786661e-05,0.0005586561164818704
9,0,0.025817112432071826,0.0,1.1253649972786661e-05,0.0005663351039402187
9,0,0.024322864874527776,0.0,1.1253649972786661e-05,0.0005411443416960537
9,0,0.02280869040690805,0.0,1.0871264748857357e-05,0.0004860297485720366
9,0,0.02127324783949499,0.0,1.0871264748857357e-05,0.0004136444185860455
9,0,0.019791433018345298,0.0,1.0871264748857357e-05,0.00033059308771044016
9,0,0.018492245895356304,0.0,9.866064829111565e-06,0.00033676769817247987
9,0,0.016840747604939428,0.0,8.590315701439977e-06,0.00022719452681485564
9,0,0.015215941245102631,0.0,8.590315701439977e-06,0.0001479174243286252
9,0,0.013866425701547825,0.02,9.11396273295395e-06,9.960342140402645e-05
9,0,0.012676454061962552,0.02,9.0659204943222e-06,7.124608964659274e-05
9,0,0.011672916648935687,0.02,9.0659204943222e-06,5.5802218412281945e-05
9,0,0.010946293225125686,0.02,9.0659204943222e-06,4.9810201744548976e-05
9,0,0.010571509149848604,0.02,9.0659204943222e-06,5.076733941677958e-05
9,0,0.01054906869308027,0.02,9.0659204943222e-06,5.8331916079623625e-05
9,0,0.010777427923743204,0.04,9.11396273295395e-06,7.239586557261646e-05
9,0,0.010957187880798122,0.04,9.11396273295395e-06,6.633037992287427e-05
9,0,0.011226550624702457,0.04,9.11396273295395e-06,8.108703332254663e-05
9,0,0.011554131667652259,0.04,9.670036888564937e-06,9.459529974265024e-05
9,0,0.012038732277684918,0.04,9.670036888564937e-06,0.00010708496120059863
9,0,0.01267680856896836,0.04,9.670036888564937e-06,0.00011928332241950557
9,0,0.013366759335413708,0.04,9.670036888564937e-06,0.00013110654253978282
9,0,0.014024138805158435,0.04,1.660823545535095e-05,0.00014275067951530218
9,0,0.014723047313714243,0.02,1.5654009985155426e-05,0.00015385729784611613
9,0,0.015493278033567842,0.02,1.5654009985155426e-05,0.00016547834093216807
9,0,0.016355063275209178,0.02,1.5654009985155426e-05,0.00017987462342716753
9,0,0.017329293900400597,0.02,1.7978769392357208e-05,0.00019902345957234502
9,0,0.018249153895298294,0.02,2.0034529370605014e-05,0.00022491677373182029
9,0,0.018734320300981086,0.02,2.0739214960485697e-05,0.00026202236767858267
9,0,0.018926790846523066,0.02,2.0739214960485697e-05,0.0002001710672629997
9,0,0.01901872160372708,0.02,2.0739214960485697e-05,0.00018688249110709876
9,0,0.017919997345794497,0.02,2.0739214960485697e-05,0.00022045137302484363
9,0,0.016830507085351994,0.02,2.0739214960485697e-05,0.00024155132996384054
9,0,0.017358428222099896,0.02,2.0739214960485697e-05,0.00023270767997018993
9,0,0.01780615187003133,0.02,2.0739214960485697e-05,0.0002156785922124982
9,0,0.017068761889305135,0.02,2.0739214960485697e-05,0.00025833697873167694
9,0,0.016078394877503163,0.02,3.482369356788695e-05,0.00023905650596134365
9,0,0.015340267268338887,0.02,3.482369356788695e-05,0.00022376638662535697
9,0,0.01464296786049779,0.02,3.482369356788695e-05,0.0002058071258943528
9,0,0.013959248045954628,0.02,2.0275983843021095e-05,0.00018414943770039827
9,0,0.01322677100801968,0.02,2.0275983843021095e-05,0.00015988954692147672
9,0,0.012698794109716057,0.02,2.0275983843021095e-05,0.00013398900046013296
9,0,0.011905627271148802,0.02,2.0275983843021095e-05,0.00010498212941456586
9,0,0.00991035300424203,0.02,2.0275983843021095e-05,7.219503459054977e-05
9,0,0.00809936024387389,0.02,3.482369356788695e-05,4.405513755045831e-05
9,0,0.011353323236300667,0.02,1.761276689649094e-05,3.2726100471336395e-05
9,0,0.010958898721466919,0.04,1.5335333955590613e-05,2.39252440223936e-05
9,0,0.010441003447412027,0.04,1.5335333955590613e-05,1.973138023458887e-05
9,0,0.00996925062956256,0.04,2.327112633793149e-05,1.695850551186595e-05
9,0,0.009725258720383222,0.04,2.327112633793149e-05,1.5262048691511154e-05
9,0,0.009654087463796725,0.04,2.4689659767318517e-05,2.3551225240225904e-05
9,0,0.009566677584370758,0.04,2.4689659767318517e-05,3.540716352290474e-05
9,0,0.009519138927189535,0.06,2.4689659767318517e-05,4.741448719869368e-05
9,0,0.00961083135486344,0.06,2.4689659767318517e-05,6.835869135102257e-05
9,0,0.009813593623455937,0.06,2.4689659767318517e-05,9.590585978003219e-05
9,0,0.010128688777244915,0.06,2.4689659767318517e-05,0.00013574813783634454
9,0,0.01055003374548582,0.06,2.8356256734696217e-05,0.00018496454868
9,0,0.011074040500618764,0.08,2.8356256734696217e-05,0.00021243719675112516
9,0,0.011722084603162644,0.08,2.8356256734696217e-05,0.00023712217807769775
9,0,0.012172237122710523,0.06,2.9450093279592693e-05,0.00025986763648688793
9,0,0.012300786905947646,0.06,2.9450093279592693e-05,0.0002734269364736974
9,0,0.012440890003923483,0.06,2.9450093279592693e-05,0.00027450150810182095
9,0,0.012891322725782237,0.06,3.681575253722258e-05,0.00027036131359636784
9,0,0.01360167652895261,0.04,4.568080112221651e-05,0.00026855632313527167
9,0,0.014318563496986483,0.04,5.5035452533047646e-05,0.00027112901443615556
9,0,0.015182477595660876,0.04,5.4388237913371995e-05,0.00028177525382488966
9,0,0.016180836594543162,0.04,5.529000554815866e-05,0.00030181300826370716
9,0,0.017062983034485675,0.04,5.529000554815866e-05,0.00033182170591317117
9,0,0.01761770784704439,0.04,5.529000554815866e-05,0.00037506927037611604
9,0,0.01798985088860585,0.04,5.529000554815866e-05,0.00043524347711354494
9,0,0.018314563135869523,0.04,5.529000554815866e-05,0.0005097579560242593
9,0,0.01854706119119284,0.04,4.4709078792948276e-05,0.000643882027361542
9,0,0.01875968282331012,0.04,4.4709078792948276e-05,0.0008966407040134072
9,0,0.018809175053976897,0.04,4.4709078792948276e-05,0.0009336953517049551
9,0,0.018582731559499115,0.04,4.4709078792948276e-05,0.0009733782499097288
9,0,0.017693340539837208,0.04,4.4709078792948276e-05,0.0010087658884003758
9,0,0.016302061392575454,0.04,4.4709078792948276e-05,0.000784047064371407
9,0,0.015167759273581044,0.04,4.4709078792948276e-05,0.0006230833241716027
9,0,0.014663024586005217,0.04,3.603259756346233e-05,0.0005278040189296007
9,0,0.014592201614469356,0.04,2.3924194465507753e-05,0.0004864744551014155
9,0,0.014326750912111361,0.04,2.7307371055940166e-05,0.00042331733857281506
9,0,0.013591101434547843,0.04,3.3235042792512104e-05,0.0003384306619409472
9,0,0.012666941653837327,0.02,4.11006149079185e-05,0.00025205715792253613
9,0,0.011687314126425818,0.02,4.951737355440855e-05,0.00019445661746431142
9,0,0.010619725646491962,0.02,4.4938959035789594e-05,0.00013839587336406112
9,0,0.009472132509820288,0.02,3.912823012797162e-05,9.174860315397382e-05
9,0,0.008258088267952598,0.02,3.849569475278258e-05,5.9030004194937646e-05
9,0,0.007206408560210811,0.04,3.200618812115863e-05,4.085205728188157e-05
9,0,0.006551565935431313,0.04,2.7654034056467935e-05,2.9488512154784985e-05
9,0,0.006309968784139188,0.04,2.7654034056467935e-05,2.3526377844973467e-05
9,0,0.006185812630543175,0.04,2.7654034056467935e-05,2.173189932364039e-05
9,0,0.005953648718308525,0.04,2.7654034056467935e-05,2.3179343770607375e-05
9,0,0.005723070411525613,0.04,2.7654034056467935e-05,2.70964465016732e-05
9,0,0.00568716369598925,0.04,2.7654034056467935e-05,3.1351821235148236e-05
9,0,0.005874391222505731,0.04,2.7654034056467935e-05,3.259155710111372e-05
9,0,0.005989547638161371,0.04,2.7654034056467935e-05,3.3156597055494785e-05
9,0,0.005961156846787471,0.04,2.7654034056467935e-05,3.092110273428261e-05
9,0,0.005950821071486731,0.04,2.7654034056467935e-05,2.7697793484549038e-05
9,0,0.006149429006693164,0.04,2.7654034056467935e-05,2.568934542068746e-05
9,0,0.00664952867546153,0.04,3.457053389865905e-05,2.466090336383786e-05
9,0,0.007323215496760714,0.04,4.289496791898273e-05,2.3046608475851826e-05
9,0,0.007916174148392529,0.04,5.027740917284973e-05,2.1039122657384723e-05
9,0,0.008552538946671157,0.04,5.539967605727725e-05,1.946833981492091e-05
9,0,0.009197414548016472,0.04,5.539967605727725e-05,1.9720246200449765e-05
9,0,0.00988225600736647,0.04,5.539967605727725e-05,2.0031398889841512e-05
9,0,0.010712974992578941,0.04,5.539967605727725e-05,2.085349115077406e-05
9,0,0.011878747793997235,0.04,5.539967605727725e-05,2.5375928089488298e-05
9,0,0.013593378097649678,0.04,5.855121708009392e-05,3.695412669912912e-05
9,0,0.016180790654978093,0.04,5.762911678175442e-05,5.892151239095256e-05
9,0,0.019416392817439124,0.04,7.126512355171144e-05,7.360292511293665e-05
9,0,0.02202468084882527,0.04,5.858265649294481e-05,8.735518349567428e-05
9,0,0.021277881651699238,0.04,5.858265649294481e-05,9.820731793297455e-05
9,0,0.019182156378935056,0.02,5.858265649294481e-05,0.0001068070632754825
9,0,0.018461915589370454,0.02,3.264838960603811e-05,9.160339686786756e-05
9,0,0.018832204061647602,0.02,3.264838960603811e-05,8.682590851094574e-05
9,0,0.01867120141228675,0.02,3.211592047591694e-05,9.747501462697983e-05
9,0,0.018443967279508793,0.02,3.211592047591694e-05,0.000121888100693468
9,0,0.018238587330386236,0.02,3.2629806810291484e-05,0.00012980808969587088
9,0,0.01769483653490062,0.02,3.2629806810291484e-05,0.0001433693105354905
9,0,0.017018230733600103,0.02,3.2629806810291484e-05,0.0001601519761607051
9,0,0.016229417612553445,0.02,3.2629806810291484e-05,0.00015273659664671868
9,0,0.01526512660605539,0.02,3.087345612584613e-05,0.00012940580199938267
9,0,0.01431496692283394,0.02,3.087345612584613e-05,0.00015104755584616214
9,0,0.013231302809079476,0.02,2.3904603949631564e-05,0.00014658689906354994
9,0,0.01207596296086096,0.02,2.3904603949631564e-05,0.00013353442773222923
9,0,0.0108798193036495,0.04,2.3904603949631564e-05,0.00010493058653082699
9,0,0.009763840507072498,0.04,2.3904603949631564e-05,9.554884309181944e-05
9,0,0.008765452459065105,0.04,2.3904603949631564e-05,9.311086614616215e-05
9,0,0.00778915092497755,0.04,6.223865057108924e-05,9.287029388360679e-05
9,0,0.006809771397595519,0.02,6.223865057108924e-05,7.91824422776699e-05
9,0,0.005929323762840784,0.02,6.223865057108924e-05,8.108563633868471e-05
9,0,0.005170499896535504,0.02,6.771966582164168e-05,8.847917342791334e-05
9,0,0.004532831009383363,0.02,7.203329732874408e-05,8.464064740110189e-05
9,0,0.003917283563670724,0.02,8.61332009662874e-05,0.00010507246042834595
9,0,0.0033669601206738013,0.04,0.00013150670565664768,0.000163014410645701
9,0,0.0029768335818586428,0.04,0.00012086359492968768,0.00020649036741815507
9,0,0.0027579686940841022,0.04,0.00012086359492968768,0.0002825642586685717
9,0,0.002655107015726067,0.06,0.00018816361261997372,0.00039870745968073606
9,0,0.002607114224609561,0.06,0.00018816361261997372,0.0004396976437419653
9,0,0.002580349652644009,0.06,0.00018816361261997372,0.0004394994757603854
9,0,0.002592417545013934,0.06,0.00018816361261997372,0.0004146481805946678
9,0,0.0026666460827886973,0.06,0.00018816361261997372,0.0004409232933539897
9,0,0.0027942882338556096,0.06,0.00018816361261997372,0.0004838629101868719
9,0,0.0030612061270924042,0.06,0.00019886622612830251,0.0006715789786539972
9,0,0.0035766261392290717,0.06,0.00019886622612830251,0.0008134681265801191
9,0,0.004201233166869595,0.06,0.00019886622612830251,0.0008550838101655245
9,0,0.004632985502320876,0.04,0.00019886622612830251,0.0010260756826028228
9,0,0.004870744057585413,0.04,0.00019886622612830251,0.0012225424870848656
9,0,0.005055684240122386,0.04,0.00019886622612830251,0.0013674977235496044
9,0,0.00522067303126342,0.04,0.00019886622612830251,0.0015465366886928678
9,0,0.0053884812077822945,0.04,0.0001277387054869905,0.0014150767819955945
9,0,0.005707565602945876,0.04,0.0001277387054869905,0.0016169053269550204
9,0,0.006054306499528447,0.04,0.00012086359492968768,0.0010495800524950027
9,0,0.0062695541232043175,0.04,0.00012086359492968768,0.0009843675652518868
9,0,0.006411152694474229,0.04,0.00012086359492968768,0.0008548063924536109
9,0,0.006568350960458951,0.04,7.442148489644751e-05,0.0007277518743649125
9,0,0.006764274408339237,0.04,6.890643271617591e-05,0.0005948684411123395
9,0,0.006950834149324263,0.04,6.223865057108924e-05,0.00046968538663350046
9,0,0.006959701597238721,0.04,6.223865057108924e-05,0.0003777119272854179
9,0,0.006718492507886541,0.04,6.223865057108924e-05,0.0003007292980328202
9,0,0.006438585277609181,0.06,6.223865057108924e-05,0.0002373753086430952
9,0,0.006165211779172939,0.06,6.223865057108924e-05,0.00017357095202896744
9,0,0.005774101677920293,0.06,6.223865057108924e-05,0.00011381146032363176
9,0,0.005203832617383813,0.06,6.223865057108924e-05,5.7947199820773676e-05
9,0,0.004529338031776879,0.06,6.223865057108924e-05,2.9435997930704616e-05
9,0,0.0037819871135387328,0.06,6.223865057108924e-05,1.675588464422617e-05
9,0,0.0029755372485213956,0.04,6.223865057108924e-05,1.036766389006516e-05
9,0,0.00214643476435573,0.04,7.203329732874408e-05,7.639045179530513e-06
9,0,0.0015177323877510137,0.04,8.663791959406808e-05,6.124903848103713e-06
9,0,0.0012187078736989319,0.02,8.663791959406808e-05,4.231016646372154e-06
9,0,0.0010430054862444955,0.02,8.663791959406808e-05,4.021827862743521e-06
9,0,0.0008780711053715355,0.02,0.00014787822146899998,5.188421255297726e-06
9,0,0.0007868576146244673,0.02,0.00014787822146899998,5.5677151067357045e-06
9,0,0.0007118864797476655,0.04,0.00014787822146899998,5.47433319297852e-06
9,0,0.0006245996564414311,0.04,0.00023664023319724947,5.426088137028273e-06
9,0,0.0005652861296415837,0.02,0.00023664023319724947,4.239861937094247e-06
9,0,0.0005373011675301331,0.04,0.00025106180692091584,3.3256753795285476e-06
9,0,0.0005391665971272623,0.04,0.00025106180692091584,3.0123742362775374e-06
9,0,0.0005615212260250733,0.04,0.00025106180692091584,2.231226972071454e-06
9,0,0.0005977064019497598,0.04,0.00025106180692091584,1.5465029719052836e-06
9,0,0.0006266925951460335,0.04,0.00025106180692091584,1.0304980833097943e-06
9,0,0.0005903687514728018,0.04,0.00025106180692091584,7.634206440343405e-07
9,0,0.0005175013215586621,0.04,0.00025106180692091584,5.375845262278744e-07
9,0,0.0005736838033739099,0.04,0.00017268909141421318,2.0994318106204446e-07
9,0,0.0006682412389903528,0.06,0.00016484633670188487,1.613896358776401e-07
9,0,0.0008034135385846182,0.06,0.0002957605174742639,1.6038953276620305e-07
9,0,0.0010767617053164225,0.06,0.0002957605174742639,9.929317457135767e-08
9,0,0.0011554698921901181,0.06,0.00024591261171735823,9.220660501796374e-08
9,0,0.0013898578508044937,0.06,0.0002218074951088056,4.1532409511546575e-08
9,0,0.0016233051483547259,0.08,0.00017619003483559936,2.8444613775491234e-08
9,0,0.0015511574790672675,0.08,0.00015223496302496642,2.632905271582331e-08
9,0,0.0016628186568070841,0.08,0.00015223496302496642,1.6373638445088545e-08
9,0,0.001743550397636286,0.06,0.00014348940749187022,1.3076979499260233e-08
9,0,0.0017727332807558538,0.06,7.144619303289801e-05,9.253091626248988e-09
9,0,0.001855242090695206,0.06,7.773799734422937e-05,6.903265958868587e-09
9,0,0.0019329931347344665,0.06,4.458317926037125e-05,5.639227751430553e-09
9,0,0.002351735981690738,0.06,3.533693598001264e-05,3.4599629827880563e-09
9,0,0.0018971620906210497,0.06,3.533693598001264e-05,1.1257584864310388e-09
9,0,0.0022504906307651115,0.06,5.452439654618502e-05,7.832513526651042e-10
9,0,0.002744106663722207,0.06,5.452439654618502e-05,4.387896990198925e-10
9,0,0.002469782505820305,0.06,3.118968379567377e-05,5.125080915213687e-10
9,0,0.0020858828218972875,0.02,2.0213679817970842e-05,6.092352733411133e-10
9,0,0.0019303965315407088,0.02,2.0951823898940347e-05,5.440179418059188e-10
9,0,0.002192306797264191,0.04,1.805495412554592e-05,5.406434328003584e-11
9,0,0.0017932115533881015,0.04,1.805495412554592e-05,3.740608864322148e-11
9,0,0.0014860083963390324,0.04,1.805495412554592e-05,2.722293050705371e-11
9,0,0.0012208124446602825,0.04,2.189047881984152e-05,2.2015968909050443e-11
9,0,0.0010129572110048242,0.04,2.063168358290568e-05,2.0131441652582183e-11
9,0,0.0008636704852727794,0.04,3.5434561141300946e-05,2.0417908683234565e-11
9,0,0.0007557248468552899,0.04,3.5434561141300946e-05,2.2594445411860953e-11
9,0,0.0006806290381416537,0.06,2.3822971343179233e-05,2.6674199307685775e-11
9,0,0.0006315795488175591,0.06,2.3822971343179233e-05,3.1951028628407485e-11
9,0,0.0006107106006991031,0.06,2.3822971343179233e-05,3.662435285600729e-11
9,0,0.0006245092084841977,0.06,2.848638359864708e-05,3.8006674196733314e-11
9,0,0.0006476617253449056,0.06,4.621395783033222e-05,3.744985224707342e-11
9,0,0.0006264382620760699,0.06,4.621395783033222e-05,3.4523651298856706e-11
9,0,0.0005981383150807879,0.08,4.9030943046091124e-05,3.190657113516515e-11
9,0,0.0005894705863413414,0.06,4.9030943046091124e-05,2.9703010884229997e-11
9,0,0.0006200741516844424,0.06,6.0634574765572324e-05,2.796285425432643e-11
9,0,0.0007118883840403318,0.06,5.734514707000926e-05,2.4520049185516868e-11
9,0,0.0008244325164118224,0.04,5.734514707000926e-05,1.9671363496454042e-11
9,0,0.0009147901071107344,0.04,5.734514707000926e-05,1.558529694190014e-11
9,0,0.0009799194250392459,0.04,4.2624578782124445e-05,1.2434975792119385e-11
9,0,0.0010098656118728842,0.04,4.2624578782124445e-05,9.929793098883977e-12
9,0,0.0010177927688148106,0.02,2.4818127712933347e-05,7.621513663236268e-12
9,0,0.0010126760074000206,0.02,2.4818127712933347e-05,5.436959042703915e-12
9,0,0.0009944970618036594,0.02,3.00439860438928e-05,3.3806653223361627e-12
9,0,0.001047087724825927,0.04,2.4377741283387877e-05,2.0439015063766774e-12
9,0,0.0011161041348752953,0.04,1.8631515558809042e-05,1.4379410205947463e-12
9,0,0.0011349423937221609,0.02,1.091771810024511e-05,1.1689932875869058e-12
9,0,0.001135501677545635,0.02,9.60019497142639e-06,9.634950172768275e-13
9,0,0.0011430396496247956,0.02,8.794513632892631e-06,7.45507496881237e-13
9,0,0.0011429104731196283,0.02,6.932197265996365e-06,5.438283287237389e-13
9,0,0.001104728583203947,0.02,6.932197265996365e-06,4.0662086328233094e-13
9,0,0.0010283696044756584,0.02,6.6144730226369575e-06,3.3729288351040665e-13
9,0,0.0009916793824107477,0.02,5.348602371668676e-06,3.1364762675088753e-13
9,0,0.0010004981806872734,0.02,5.210988547332818e-06,3.319680142756243e-13
9,0,0.0010567510816689263,0.0,3.88825492336764e-06,3.9532179613166463e-13
9,0,0.0011474588459055792,0.0,3.6575374906533398e-06,4.5281703733857093e-13
9,0,0.0011748973849341037,0.0,3.6575374906533398e-06,5.14712458852401e-13
9,0,0.0010978774008992163,0.0,2.520647740311688e-06,5.925774194254219e-13
9,0,0.0010488554485462793,0.0,2.520647740311688e-06,5.954438873391477e-13
9,0,0.0010413173310315276,0.0,2.520647740311688e-06,5.493422015022398e-13
9,0,0.0010491579113222798,0.0,2.520647740311688e-06,4.906355812080154e-13
9,0,0.0010684241741763041,0.0,2.520647740311688e-06,4.3904439003643325e-13
9,0,0.0010966883987699105,0.0,2.520647740311688e-06,3.956152083445935e-13
9,0,0.0011775680031806829,0.0,2.1450014173751697e-06,3.58344430517743e-13
9,0,0.001346333734375646,0.0,2.2816439013695344e-06,3.540824588827568e-13
9,0,0.0016394156952541396,0.0,2.7442820282885805e-06,3.5365048563218426e-13
9,0,0.0021280488225445056,0.0,2.7442820282885805e-06,3.183056303344284e-13
9,0,0.0025955100750713234,0.0,5.927732217969606e-06,3.217083446426655e-13
9,0,0.00289971589644639,0.0,7.411230399156921e-06,3.497050468214552e-13
9,0,0.0032776738844651457,0.0,7.411230399156921e-06,3.5524732569687523e-13
9,0,0.00399659851815106,0.0,1.598828748683445e-05,4.1015644656680617e-13
9,0,0.005282613617386405,0.0,1.598828748683445e-05,6.096981643513577e-13
9,0,0.0071729811743242895,0.0,7.392341103695799e-06,1.3348616916680767e-12
9,0,0.00901393249254204,0.0,6.30843487670063e-06,3.650848720559985e-12
9,0,0.010293261809013701,0.02,4.088389687240124e-06,9.842545181659723e-12
9,0,0.010789347573896033,0.02,4.088389687240124e-06,1.7012424455287167e-11
9,0,0.010011846088751919,0.02,2.93693528874428e-06,2.0258475452727964e-11
9,0,0.00792803555421034,0.02,2.93693528874428e-06,2.355777378726387e-11
9,0,0.006248162853933308,0.02,1.530596364318626e-06,2.4194939454713627e-11
9,0,0.005641698710714401,0.02,1.530596364318626e-06,2.1016679715990527e-11
9,0,0.005349911166319365,0.02,1.530596364318626e-06,1.8481050023666512e-11
9,0,0.005092374719069763,0.02,1.530596364318626e-06,1.9159205472130125e-11
9,0,0.0052758340429846905,0.02,1.530596364318626e-06,1.853703995857714e-11
9,0,0.005728832316718525,0.02,1.530596364318626e-06,1.744598389363805e-11
9,0,0.00586281662033437,0.02,1.530596364318626e-06,1.5891477370133522e-11
9,0,0.005815601733192124,0.02,1.530596364318626e-06,1.4364752443096762e-11
9,0,0.0056663236613910305,0.02,1.530596364318626e-06,1.2820115628808804e-11
9,0,0.005389047570748568,0.02,1.530596364318626e-06,1.2230146582969947e-11
9,0,0.00490679672925277,0.02,1.530596364318626e-06,1.3493354870941499e-11
9,0,0.004461959942745364,0.02,1.530596364318626e-06,1.557459890222379e-11
9,0,0.004619943846653295,0.02,1.530596364318626e-06,1.5025185956529796e-11
9,0,0.005162981254168027,0.02,1.530596364318626e-06,1.3738298693111162e-11
9,0,0.005062874581468057,0.02,1.530596364318626e-06,1.7898751925038425e-11
9,0,0.004210933617534798,0.02,1.6945838297033333e-06,2.8984517910779495e-11
9,0,0.0034397727039106193,0.02,1.6945838297033333e-06,4.05311131879138e-11
9,0,0.0029387648407386896,0.02,1.6945838297033333e-06,4.743015702413089e-11
9,0,0.002526372085393279,0.02,1.6945838297033333e-06,5.094786745263313e-11
9,0,0.002181217927130637,0.02,1.6945838297033333e-06,5.251402090955537e-11
9,0,0.0019420761825384304,0.02,1.8578216440801043e-06,5.2179646020666937e-11
9,0,0.0017827628712635414,0.02,1.8578216440801043e-06,4.9676616986626954e-11
9,0,0.0016745967991262712,0.02,1.8578216440801043e-06,4.36516482682503e-11
9,0,0.0016079661119798,0.02,1.6780375062808162e-06,3.466003178909105e-11
9,0,0.0015961513950377335,0.02,1.6780375062808162e-06,2.5271632009271627e-11
9,0,0.0016214127198112473,0.02,1.6780375062808162e-06,1.728669291045648e-11
9,0,0.0016433214359172627,0.02,1.6780375062808162e-06,1.2221425260694474e-11
9,0,0.0015896427219748014,0.02,1.530596364318626e-06,1.0988826168456534e-11
9,0,0.0015503385641479784,0.02,1.530596364318626e-06,1.2544940780623293e-11
9,0,0.0016703587445764,0.02,1.530596364318626e-06,1.2057381135188727e-11
9,0,0.0018017269314849413,0.02,1.530596364318626e-06,1.1278615194565411e-11
9,0,0.0017949147345441149,0.02,1.530596364318626e-06,1.2111455068020138e-11
9,0,0.0018504373232576471,0.02,1.530596364318626e-06,1.2322871889569598e-11
9,0,0.002037140744528604,0.02,1.530596364318626e-06,1.1717238290742671e-11
9,0,0.002297527689631506,0.02,1.530596364318626e-06,1.1300170001116161e-11
9,0,0.0025746506716796598,0.02,1.530596364318626e-06,1.0864428280632499e-11
9,0,0.0028747250583519477,0.02,1.530596364318626e-06,1.080342846432325e-11
9,0,0.0031780198846720893,0.02,1.530596364318626e-06,1.094502440068812e-11
9,0,0.0034964602693148806,0.02,1.530596364318626e-06,1.142221213445982e-11
9,0,0.003825467435744795,0.02,1.530596364318626e-06,1.2344467462122033e-11
9,0,0.004164622155983538,0.02,1.530596364318626e-06,1.3720464868416382e-11
9,0,0.004528569576800577,0.02,1.530596364318626e-06,1.50290561246047e-11
9,0,0.004862332018421884,0.02,1.530596364318626e-06,1.5545396567229197e-11
9,0,0.005159808200063653,0.02,1.530596364318626e-06,1.5615887055675515e-11
9,0,0.005297428501396311,0.02,1.530596364318626e-06,1.4503506902407981e-11
9,0,0.005268088457729133,0.02,1.530596364318626e-06,1.4087772615134497e-11
9,0,0.005152203963425749,0.02,1.530596364318626e-06,1.4406623463636414e-11
9,0,0.004992333244585196,0.02,1.530596364318626e-06,1.525158471737953e-11
9,0,0.004689645682385776,0.02,1.530596364318626e-06,1.641344872516104e-11
9,0,0.004364732138216194,0.02,1.530596364318626e-06,1.870860237562777e-11
9,0,0.004326159412676186,0.02,1.530596364318626e-06,1.807526177344254e-11
9,0,0.0044334789975750515,0.02,1.530596364318626e-06,1.85644971617549e-11
9,0,0.004229295338647043,0.02,1.530596364318626e-06,2.352939371119689e-11
9,0,0.0038973668600370283,0.02,1.530596364318626e-06,4.020925606362802e-11
9,0,0.0037853926810676613,0.02,1.530596364318626e-06,8.462634065731223e-11
9,0,0.0037019597471976183,0.02,1.530596364318626e-06,1.4880001397710174e-10
9,0,0.003518265357671527,0.02,1.530596364318626e-06,2.778380858714513e-10
9,0,0.003236335613686211,0.02,1.530596364318626e-06,5.032207428534718e-10
9,0,0.002922851698658266,0.02,1.530596364318626e-06,8.227275527517008e-10
9,0,0.0027201983710717186,0.02,1.6945838297033333e-06,1.1599973204212688e-09
9,0,0.0026435094115073166,0.02,1.4971292330301367e-06,1.557740714197564e-09
9,0,0.002545782553959328,0.02,1.4971292330301367e-06,2.2054822412798103e-09
9,0,0.002422549017381559,0.02,1.4971292330301367e-06,3.2749274403442996e-09
9,0,0.0023868461152112773,0.02,1.4971292330301367e-06,4.63615457135802e-09
9,0,0.0023923647295017716,0.02,1.4971292330301367e-06,6.63781829501886e-09
9,0,0.0023370110717361972,0.02,1.4971292330301367e-06,1.0635484493093372e-08
9,0,0.002378587156097959,0.02,1.4971292330301367e-06,1.6245783385215873e-08
9,0,0.00254269513642511,0.02,1.3655837847181829e-06,2.195377390989961e-08
9,0,0.002680688728095369,0.02,1.3567758969657007e-06,2.9084631592013466e-08
9,0,0.0027379716072620723,0.02,1.3567758969657007e-06,4.019275579025816e-08
9,0,0.0027573426837264776,0.02,1.3567758969657007e-06,5.6612368126707224e-08
9,0,0.0028090630920124225,0.02,1.4874731277814135e-06,7.644721478072825e-08
9,0,0.0029613482834823417,0.02,1.4874731277814135e-06,9.114071275462265e-08
9,0,0.0032633686669115733,0.02,1.4874731277814135e-06,9.213452756284823e-08
9,0,0.0036829737910955428,0.02,1.4874731277814135e-06,8.31439450621474e-08
9,0,0.0040955372822890045,0.02,1.3567758969657007e-06,6.772187788328665e-08
9,0,0.004400631354288224,0.02,1.3567758969657007e-06,5.225452071044856e-08
9,0,0.004316750537526193,0.02,1.6006205214580405e-06,3.802333736757646e-08
9,0,0.003829819184288858,0.02,9.779384981811745e-07,3.193706632487192e-08
9,0,0.00541768312333832,0.02,9.779384981811745e-07,7.08804748228431e-08
9,0,0.009238648616311277,0.02,1.1066517799918074e-06,1.727377565430288e-07
9,0,0.01023801235031168,0.02,1.1066517799918074e-06,1.6964889937298722e-07
9,0,0.010645954491222466,0.02,1.2194036571600009e-06,1.8249873789955018e-07
9,0,0.010848629943497438,0.02,1.2194036571600009e-06,1.745357565141603e-07
9,0,0.010940373773186723,0.02,1.2194036571600009e-06,1.4595862296573614e-07
9,0,0.011026425422473254,0.02,1.2194036571600009e-06,1.215196050452505e-07
9,0,0.01134200119318603,0.02,1.2194036571600009e-06,1.014081050243476e-07
9,0,0.011751999239693035,0.02,1.2194036571600009e-06,8.760572001165201e-08
9,0,0.012022981203900432,0.02,1.2194036571600009e-06,7.548714364702391e-08
9,0,0.012323676446786773,0.02,1.2194036571600009e-06,5.975523720280762e-08
9,0,0.012113000285177653,0.02,1.2194036571600009e-06,4.8570843347306436e-08
9,0,0.011004147748531923,0.02,1.2194036571600009e-06,4.480927628947029e-08
9,0,0.00960574942534253,0.02,1.2194036571600009e-06,4.775502304710244e-08
9,0,0.00868047089370634,0.02,1.1066517799918074e-06,5.8404424407854094e-08
9,0,0.008730610586182684,0.02,1.1066517799918074e-06,8.07344946451849e-08
9,0,0.009946782302642692,0.02,1.099515088753833e-06,1.0650713733184602e-07
9,0,0.01035796827874611,0.02,1.099515088753833e-06,1.3257074726880091e-07
9,0,0.00814649720159522,0.02,1.099515088753833e-06,3.29613612848334e-07
9,0,0.006942703201150135,0.02,1.099515088753833e-06,6.756060315638024e-07
9,0,0.0073753785271377555,0.02,1.099515088753833e-06,8.615064075456758e-07
9,0,0.007449611704605305,0.02,1.002905946734245e-06,1.0251266076011234e-06
9,0,0.007003005877043278,0.02,1.002905946734245e-06,1.150561161011865e-06
9,0,0.006290057050307009,0.02,8.556389730074443e-07,1.8322732557862764e-06
9,0,0.005966758037103064,0.02,8.556389730074443e-07,1.4375677892530803e-06
9,0,0.004477970685854321,0.02,1.3567758969657007e-06,3.958494971811888e-07
9,0,0.003944872704585945,0.02,1.3567758969657007e-06,8.379908678080028e-08
9,0,0.0033751576081188857,0.02,1.3567758969657007e-06,2.273259092078206e-08
9,0,0.0027037227793772507,0.02,1.3655837847181829e-06,8.477875290680004e-09
9,0,0.0030490217857886918,0.02,1.3568666190622025e-06,7.190264827983128e-09
9,0,0.003360286041867282,0.02,1.5805039765837137e-06,6.9890107035064375e-09
9,0,0.0036716134233277927,0.02,1.5805039765837137e-06,7.21250259516637e-09
9,0,0.003946714018249455,0.02,1.888714564302063e-06,7.884950470327112e-09
9,0,0.004190439257195776,0.02,1.888714564302063e-06,9.676168311045785e-09
9,0,0.004472610261104832,0.02,1.5703101325925672e-06,1.4048027630053639e-08
9,0,0.004996685179263093,0.02,1.4858511576676392e-06,2.31677343975889e-08
9,0,0.005993314358946429,0.02,1.3655837847181829e-06,3.145944305060766e-08
9,0,0.007259900043420099,0.04,1.6006205214580405e-06,3.5424342570422596e-08
9,0,0.0083512454390225,0.06,1.9862463886965998e-06,3.616776922399367e-08
9,0,0.009276306039806176,0.06,2.1074349660921143e-06,3.4551700167639865e-08
9,0,0.010233522415208125,0.06,2.3221521132654743e-06,2.757766814909246e-08
9,0,0.010911477391835556,0.1,2.3221521132654743e-06,2.4470748982707846e-08
9,0,0.011287979367578454,0.08,2.3221521132654743e-06,2.104013319126352e-08
9,0,0.012028270614281284,0.08,3.369514615769731e-06,1.4562015593355682e-08
9,0,0.01270761307929482,0.08,3.3164465094159823e-06,1.0033548214494203e-08
9,0,0.013050393127928498,0.08,3.3164465094159823e-06,8.23629164869999e-09
9,0,0.013393922389034654,0.08,4.291112873033853e-06,6.3721410370476406e-09
9,0,0.013919615163623025,0.1,4.5521305764850695e-06,5.285048843006734e-09
9,0,0.014315842573936111,0.1,2.0304911231505685e-05,5.472862607547313e-09
9,0,0.014223304945085233,0.1,2.0304911231505685e-05,3.8111171996035864e-09
9,0,0.014178056811679274,0.1,2.0304911231505685e-05,3.5605527415327742e-09
9,0,0.014326766798764408,0.1,2.0304911231505685e-05,3.008924442937655e-09
9,0,0.015313405180199538,0.1,2.0304911231505685e-05,3.810179283192383e-09
9,0,0.0175786113620922,0.1,0.00014179643767420202,7.433777593490731e-09
9,0,0.01966307181728248,0.1,0.00015015622193459421,1.3454516611943745e-08
9,0,0.02019211115602074,0.1,0.00014918802480679005,2.289266909372145e-08
9,0,0.018703618614497992,0.1,0.00014918802480679005,3.330564624093313e-08
9,0,0.016290008946073888,0.1,0.0003851403889711946,5.400042368819413e-08
9,0,0.014596825310615628,0.1,0.0003851403889711946,6.282405706770078e-08
9,0,0.013732115758589881,0.1,0.00037886123755015433,5.688946913551263e-08
9,0,0.012789947349506756,0.1,9.557628072798252e-05,4.0993150207668805e-08
9,0,0.011944120083068896,0.1,9.557628072798252e-05,2.885460581580901e-08
9,0,0.011242827250067752,0.08,8.67396011017263e-05,1.9071366708089954e-08
9,0,0.010860578826260606,0.08,8.67396011017263e-05,1.1666856813974391e-08
9,0,0.011243525329239425,0.1,8.67396011017263e-05,9.303031234253467e-09
9,0,0.01218530093931492,0.1,7.400365575449541e-05,6.940470420602196e-09
9,0,0.013482345245346994,0.12,7.400365575449541e-05,4.95105734188428e-09
9,0,0.01463972470249283,0.12,0.00023799082555342466,3.1610276618465605e-09
9,0,0.015013951639531462,0.12,0.00023799082555342466,2.31224284164e-09
9,0,0.014249856343928056,0.12,0.00023799082555342466,1.896268475576335e-09
9,0,0.013040042135355865,0.12,0.00023799082555342466,1.7176968736265508e-09
9,0,0.012188060563948458,0.12,0.00023799082555342466,1.5818129028843941e-09
9,0,0.011859020229729931,0.12,0.00023799082555342466,1.466094357027714e-09
9,0,0.012079410453070774,0.12,0.00023799082555342466,1.3786455310693668e-09
9,0,0.012830735243405054,0.12,0.00023799082555342466,1.2949964434127992e-09
9,0,0.014066939059185981,0.12,0.0002149649808416143,1.183361408862993e-09
9,0,0.015382580206027549,0.1,4.058873309986666e-05,6.53610221501566e-10
9,0,0.017034000822095687,0.1,4.783074837177992e-05,4.3737258259568534e-10
9,0,0.019089031302815643,0.1,2.5441231628064997e-05,3.5356875760506057e-10
9,0,0.02167175112326632,0.1,2.5441231628064997e-05,3.069106080388906e-10
9,0,0.02478497446114237,0.08,3.1433730327989906e-05,3.072725962560696e-10
9,0,0.02818824023756448,0.08,1.7741662304615602e-05,3.231651890533982e-10
9,0,0.0315525966155585,0.1,1.7741662304615602e-05,3.2187152942952935e-10
9,0,0.034612939644623524,0.1,1.4437885511142667e-05,3.457646113869117e-10
9,0,0.03715335824734572,0.08,1.3947308616479859e-05,3.749818511256109e-10
9,0,0.03973864641168708,0.08,1.4797499716223683e-05,3.7527303486939445e-10
9,0,0.04284766991067503,0.08,1.892031286843121e-05,3.4847114083191855e-10
9,0,0.04726773268079243,0.08,1.892031286843121e-05,4.085961846644892e-10
9,0,0.054295323812806086,0.06,1.892031286843121e-05,3.8909475641446534e-10
9,0,0.060876338873857336,0.08,1.5232590158120729e-05,2.9971297665909447e-10
9,0,0.05938537262702016,0.08,1.5232590158120729e-05,2.994935410782773e-10
9,0,0.053488534393928484,0.08,1.5232590158120729e-05,3.385250413323604e-10
9,0,0.05107584620842352,0.08,1.5232590158120729e-05,2.6834751087889686e-10
9,0,0.049088081912379775,0.04,1.5232590158120729e-05,2.1158226559681026e-10
9,0,0.046344868181362804,0.04,1.5232590158120729e-05,2.5816032644954134e-10
9,0,0.04359273425158048,0.04,1.5232590158120729e-05,2.8484378744586536e-10
9,0,0.04077017417382899,0.04,1.911822982947342e-05,2.859188164006099e-10
9,0,0.037830217260155445,0.06,1.911822982947342e-05,3.5942512854880704e-10
9,0,0.035045422912893705,0.04,1.911822982947342e-05,2.2483499784176075e-10
9,0,0.031557915245214875,0.04,4.2036066588480026e-05,1.819675660152953e-10
9,0,0.02722980635470036,0.04,5.7058161473833025e-05,1.6111935396967425e-10
9,0,0.02356653148366839,0.06,0.0001832330453908071,1.662702892035739e-10
9,0,0.021496671917870285,0.06,0.0001832330453908071,1.6087799148412074e-10
9,0,0.02071063077584288,0.08,0.0001832330453908071,1.7647401595599632e-10
9,0,0.020872945770338696,0.08,0.0001832330453908071,2.1626749002745527e-10
9,0,0.019808842306612548,0.08,0.0001832330453908071,2.6444177403384117e-10
9,0,0.017388263678509246,0.08,0.00014320688205771148,3.739347997910869e-10
9,0,0.0170634546800821,0.08,0.00014320688205771148,4.729991398555455e-10
9,0,0.01793400074722739,0.1,0.00014320688205771148,4.412521459329355e-10
9,0,0.017838826050824014,0.08,4.459291812963784e-05,3.4808453341916845e-10
9,0,0.01776792480216458,0.08,4.2036066588480026e-05,2.9987881622339785e-10
9,0,0.018518191845608625,0.08,1.911822982947342e-05,2.63581184656303e-10
9,0,0.019843564724668326,0.08,1.911822982947342e-05,2.470917082053603e-10
9,0,0.022441548345067446,0.08,1.911822982947342e-05,2.3806764892775334e-10
9,0,0.025438412044085288,0.08,1.2381207852740772e-05,2.111005537042132e-10
9,0,0.026539522893570644,0.08,8.514310138707515e-06,2.081058103620137e-10
9,0,0.027425491060346367,0.08,8.514310138707515e-06,2.8161334375553793e-10
9,0,0.03264857799943948,0.08,8.514310138707515e-06,3.494115830005029e-10
9,0,0.04319927868288445,0.08,8.514310138707515e-06,4.127098385264816e-10
9,0,0.05773054360226114,0.08,8.514310138707515e-06,5.052442353381537e-10
9,0,0.07524143037233905,0.08,8.514310138707515e-06,6.477857694697775e-10
9,0,0.09420617229708335,0.12,8.025115675991401e-06,7.710301841434841e-10
9,0,0.11133432167295303,0.14,8.025115675991401e-06,8.138174023564204e-10
9,0,0.12225560815669456,0.14,8.025115675991401e-06,7.630800991087483e-10
9,0,0.12435832983868639,0.14,8.025115675991401e-06,6.479377590018487e-10
9,0,0.12163035583688862,0.14,7.633218956470955e-06,5.187867913036825e-10
9,0,0.1186434520792611,0.14,7.633218956470955e-06,3.350153210401885e-10
9,0,0.11827757827088894,0.14,7.633218956470955e-06,2.560917033989085e-10
9,0,0.12236445691805632,0.14,7.633218956470955e-06,2.53122162119368e-10
9,0,0.135839854068819,0.14,7.633218956470955e-06,3.2358707380275575e-10
9,0,0.12151530395745692,0.14,7.633218956470955e-06,3.3795988230167495e-10
9,0,0.11610141848252636,0.14,2.204863994847983e-05,3.273907811518484e-10
9,0,0.13421435787553598,0.14,2.204863994847983e-05,4.18799883661336e-10
9,0,0.12914303946407557,0.14,2.204863994847983e-05,6.43712638748184e-10
9,0,0.12682871612428057,0.14,2.204863994847983e-05,9.056703720311532e-10
9,0,0.12782699024951316,0.14,2.4593642592662945e-05,1.2055441089842134e-09
9,0,0.12357329325427083,0.14,4.605724461725913e-05,2.0811981027435422e-09
9,0,0.12476576496807426,0.14,4.605724461725913e-05,3.958152916538893e-09
9,0,0.09903360804127387,0.14,4.605724461725913e-05,5.0007602503399085e-09
9,0,0.108094611418604,0.18,5.89317933190614e-05,7.1899770581751454e-09
9,0,0.11010740288192634,0.22,7.648706377949566e-05,9.251450272529382e-09
9,0,0.10671203196578218,0.2,5.939170659985393e-05,9.682723067783172e-09
9,0,0.1001239226216735,0.2,5.939170659985393e-05,8.246384020083042e-09
9,0,0.09271583138915168,0.2,5.939170659985393e-05,6.162041543689156e-09
9,0,0.08673423949918978,0.2,5.939170659985393e-05,4.785356999548185e-09
9,0,0.08202389207800916,0.18,5.939170659985393e-05,3.5842375734063125e-09
9,0,0.0767090328334491,0.18,5.939170659985393e-05,3.1729940896951803e-09
9,0,0.07186978165926647,0.18,5.324591984390281e-05,2.9329731976446283e-09
9,0,0.07034031036002471,0.18,5.324591984390281e-05,2.638328000514889e-09
9,0,0.07262102220374549,0.18,5.142563531990163e-05,2.4554429600698313e-09
9,0,0.07893172158598395,0.2,5.142563531990163e-05,3.0794917726950644e-09
9,0,0.08980973399371749,0.22,6.865568138891831e-05,4.781625317917815e-09
9,0,0.10204756826579427,0.24,6.865568138891831e-05,6.217197867641744e-09
9,0,0.10720687831331491,0.24,6.865568138891831e-05,6.799274920865628e-09
9,0,0.10599655223109133,0.24,6.865568138891831e-05,7.874775498351028e-09
9,0,0.10845646881704538,0.24,6.865568138891831e-05,7.840259996783061e-09
9,0,0.11304816108529248,0.26,6.865568138891831e-05,7.330961615537035e-09
9,0,0.11619480029438467,0.26,6.865568138891831e-05,6.639540472974659e-09
9,0,0.11993807968493318,0.24,6.865568138891831e-05,6.8385528351200264e-09
9,0,0.12636916197372683,0.3,6.865568138891831e-05,7.839572546686213e-09
9,0,0.13513893354023998,0.32,0.0001060103386407718,9.797195943406223e-09
9,0,0.14535843555438624,0.32,0.0001060103386407718,9.38968636177151e-09
9,0,0.1573040875136297,0.32,7.290339999599382e-05,8.907967696814012e-09
9,0,0.16717934548850885,0.34,9.388769103679806e-05,8.258582262499203e-09
9,0,0.17403877664449535,0.34,9.388769103679806e-05,7.465406959283882e-09
9,0,0.17656577031960874,0.32,9.388769103679806e-05,6.673986696625889e-09
9,0,0.17407377617141453,0.32,9.388769103679806e-05,6.100738580983034e-09
9,0,0.17316935043746312,0.32,9.86812956398353e-05,5.400112357278886e-09
9,0,0.1824496660076022,0.32,0.00012161619815742597,4.190205959986315e-09
9,0,0.1989142883219873,0.32,0.00012161619815742597,3.0057409894368448e-09
9,0,0.20713371545678225,0.32,0.00022665641154162586,2.948363997390402e-09
9,0,0.1963823740045694,0.28,0.00035536341601982713,3.12723513751223e-09
9,0,0.17565471206521008,0.28,0.0009213576558977365,3.2571174646278678e-09
9,0,0.1528091531263572,0.2,0.0008989088819362223,2.188636161193358e-09
9,0,0.1292449751171167,0.2,0.0009301498648710549,1.1279486233917169e-09
9,0,0.10748053124129704,0.22,0.0009301498648710549,6.488380388525172e-10
9,0,0.09180539658234135,0.22,0.0009301498648710549,4.114200646831989e-10
9,0,0.09287687320942192,0.18,0.00028700014809146523,5.581876627580584e-10
9,0,0.11435201595108249,0.14,0.0002705361694097519,2.7738502605956228e-09
9,0,0.17350129772376743,0.16,0.0017951637273654342,5.936929170502481e-09
9,0,0.35869606164786894,0.14,0.004425610415637493,7.402056301231141e-09
9,0,0.4806250179390744,0.12,0.013812260702252388,9.769168585194166e-09
9,0,0.36619836530440547,0.12,0.008657039143145084,1.4016499960689544e-08
9,0,0.25310912728961305,0.12,0.0070688300766050816,2.671385068708787e-08
9,0,0.21942611947091298,0.1,0.0070688300766050816,3.87392020684274e-08
9,0,0.21232168363285245,0.1,0.03157728537917137,6.67544028942757e-08
9,0,0.2097846259583918,0.1,0.03479872643947601,1.0814022743943497e-07
9,0,0.20258309317808731,0.1,0.04148615896701813,1.755328042918336e-07
9,0,0.19645334390586514,0.1,0.03190501034259796,2.521231579066807e-07
9,0,0.1929845720544574,0.1,0.032103389501571655,3.409079454286257e-07
9,0,0.19035752987245774,0.1,0.032103389501571655,4.253589622749132e-07
9,0,0.18722599223417952,0.1,0.033214617520570755,4.979461323273426e-07
9,0,0.1815996851793913,0.1,0.026199307292699814,4.989386752640712e-07
9,0,0.1736267544900491,0.08,0.02545279636979103,4.16549028159352e-07
9,0,0.16618926256782304,0.08,0.03254131227731705,3.8551795000785205e-07
9,0,0.15867176118990442,0.08,0.021973591297864914,3.4337111287641164e-07
9,0,0.15162894620053477,0.08,0.023741956800222397,3.1663887511967914e-07
9,0,0.14464802504496999,0.06,0.023741956800222397,2.9040404569968814e-07
9,0,0.13683286080732557,0.06,0.0180619228631258,2.5501435629848856e-07
9,0,0.12732944570852997,0.06,0.0180619228631258,2.104967080640563e-07
9,0,0.11548018417139987,0.06,0.0180619228631258,1.431434384357999e-07
9,0,0.10125161943464459,0.06,0.016785001382231712,8.786626892742788e-08
9,0,0.08552496396039368,0.06,0.016785001382231712,5.176723760769164e-08
9,0,0.06977031355450185,0.06,0.010098353028297424,2.8115314520960055e-08
9,0,0.05597682906985177,0.06,0.010840893723070621,1.3908588947231237e-08
9,0,0.04512806468021699,0.06,0.0128337312489748,6.7449086316173634e-09
9,0,0.038362375512778824,0.06,0.011242195963859558,3.637640855203017e-09
9,0,0.034672753352711444,0.06,0.009307852946221828,2.196888004846187e-09
9,0,0.032217022746505425,0.06,0.00950582791119814,2.04801775538499e-09
9,0,0.02977996154125072,0.06,0.011070886626839638,1.9009400720193526e-09
9,0,0.02817029616481623,0.08,0.008291605859994888,3.1147877610493424e-09
9,0,0.027181475172767477,0.08,0.008923693560063839,6.503375171718062e-09
9,0,0.026043381023078533,0.08,0.0094015346840024,8.476290780379259e-09
9,0,0.025511898637887213,0.1,0.008175496943295002,9.834490555249431e-09
9,0,0.019913046521496232,0.1,0.007135890889912844,9.8806109960492e-09
9,0,0.01732392874452095,0.08,0.008044054731726646,7.692767312050819e-09
9,0,0.01555752663909101,0.08,0.010741260834038258,4.1620169533018725e-09
9,0,0.013119013751693803,0.08,0.011746637523174286,3.2505140801220023e-09
9,0,0.013999420993202411,0.08,0.011815965175628662,5.05643704684644e-09
9,0,0.014526766845554,0.08,0.011249847710132599,8.113318905600408e-09
9,0,0.015128101257950208,0.06,0.021774614229798317,1.872991006734992e-08
9,0,0.015267474526745518,0.06,0.03799007833003998,3.407557258583438e-08
9,0,0.014878910756748027,0.08,0.03799007833003998,4.119945629099675e-08
9,0,0.014633150938196612,0.06,0.03799007833003998,4.8493365767399155e-08
9,0,0.014635666612640104,0.06,0.03799007833003998,5.229290422903432e-08
9,0,0.01432136036232698,0.06,0.02372243069112301,3.387591362979947e-08
9,0,0.013787156429328857,0.06,0.011683706194162369,1.4060573150231903e-08
9,0,0.01354534716015821,0.06,0.014609717763960361,7.568259796641996e-09
9,0,0.013333364862725279,0.06,0.014609717763960361,4.075269899317391e-09
9,0,0.01333541753318831,0.06,0.014609717763960361,3.775117107807091e-09
9,0,0.013458966876731067,0.06,0.014609717763960361,3.5736023029642183e-09
9,0,0.013735632457149496,0.06,0.014609717763960361,3.461619879630007e-09
9,0,0.013947045053249355,0.06,0.014609717763960361,3.314662766484844e-09
9,0,0.013580347621994521,0.06,0.014609717763960361,1.9163062248139795e-09
9,0,0.013054892023680112,0.06,0.014161637052893639,1.7045896916201286e-09
9,0,0.012676576048943447,0.06,0.014161637052893639,1.4471219778044997e-09
9,0,0.012407918313632865,0.06,0.014161637052893639,1.113504954908251e-09
9,0,0.01129330973689152,0.04,0.014161637052893639,1.0371428160738105e-09
9,0,0.010090160930575,0.04,0.014161637052893639,1.1198519889177305e-09
9,0,0.009581263087815244,0.04,0.014161637052893639,1.0236315128864248e-09
9,0,0.00895755096573724,0.04,0.014161637052893639,7.756219000398801e-10
9,0,0.007797189651663143,0.04,0.010671291500329971,4.000715869700855e-10
9,0,0.006608215105109642,0.04,0.010671291500329971,3.150036620436225e-10
9,0,0.005599494484343697,0.04,0.009784347377717495,2.441440660749805e-10
9,0,0.005047015690855388,0.04,0.01027463749051094,1.802438892584135e-10
9,0,0.004921288857653155,0.04,0.01027463749051094,1.2828756112970296e-10
9,0,0.004926994923442052,0.04,0.010214258916676044,9.173267007112074e-11
9,0,0.004837142384003843,0.04,0.011385348625481129,7.072844393496425e-11
9,0,0.004699055434827506,0.04,0.011385348625481129,9.000182543683621e-11
9,0,0.004480852190676129,0.04,0.011385348625481129,1.0116706083973526e-10
9,0,0.004342867771256706,0.04,0.011973857879638672,1.0620938850625095e-10
9,0,0.004272869278788558,0.04,0.010949249379336834,1.111815153831408e-10
9,0,0.004186457464410581,0.04,0.008200248703360558,1.0901318736600274e-10
9,0,0.004025845452039126,0.04,0.008200248703360558,1.038224922700337e-10
9,0,0.0036325468859384614,0.04,0.008200248703360558,8.370057424933464e-11
9,0,0.0031560618315385415,0.04,0.009499885141849518,9.223496966193068e-11
9,0,0.0037288285342517748,0.04,0.010267933830618858,1.1489363627159577e-10
9,0,0.0036577913876536918,0.04,0.010267933830618858,1.4644195578394914e-10
9,0,0.004137647917775867,0.04,0.0067399535328149796,3.046639607262591e-10
9,0,0.004919636513143238,0.04,0.005853289272636175,4.886554494376583e-10
9,0,0.005863636296633762,0.04,0.005853289272636175,1.1256146015270474e-09
9,0,0.00683539058065207,0.04,0.005853289272636175,2.2753268158481887e-09
9,0,0.0077279664021908745,0.04,0.005853289272636175,4.568553979567014e-09
9,0,0.008529960533610168,0.04,0.0067399535328149796,8.113674176968289e-09
9,0,0.009353895018870797,0.04,0.012294253334403038,1.3265492704306325e-08
9,0,0.010329838056318453,0.04,0.013522216118872166,2.1099207714314616e-08
9,0,0.011477628963127233,0.04,0.013522216118872166,3.262565684281071e-08
9,0,0.012404597736897503,0.04,0.013522216118872166,4.5237101176098804e-08
9,0,0.012902362780234,0.04,0.012246528640389442,5.700221450410936e-08
9,0,0.013570929266788974,0.04,0.012246528640389442,7.389194678353306e-08
9,0,0.01535649173209167,0.04,0.012246528640389442,7.992841233317449e-08
9,0,0.018832817316422088,0.04,0.012246528640389442,1.2058117704327742e-07
9,0,0.02381616500114121,0.04,0.021894486621022224,2.0889088148123847e-07
9,0,0.028918215597065325,0.04,0.02150253765285015,4.205765833376063e-07
9,0,0.03148596604034171,0.04,0.022728536278009415,5.110922529638628e-07
9,0,0.032852780772139316,0.04,0.030585534870624542,3.0222881264307944e-07
9,0,0.03395667864519456,0.04,0.030585534870624542,2.0390507415868342e-07
9,0,0.03347798334102961,0.04,0.030585534870624542,1.6814144032650802e-07
9,0,0.032896284920846064,0.06,0.03402167186141014,2.3226053258440515e-07
9,0,0.02158475225653107,0.04,0.03402167186141014,7.285022007863518e-08
9,0,0.021345284503650773,0.06,0.03568272665143013,8.693026387618374e-08
9,0,0.021373072564168642,0.06,0.03747955337166786,9.200913808626865e-08
9,0,0.021421293413451968,0.06,0.028243880718946457,6.148695774754742e-08
9,0,0.021229438779196797,0.06,0.028243880718946457,3.740029441701154e-08
9,0,0.020753832183773375,0.06,0.03141648694872856,3.3414771394291165e-08
9,0,0.019719123374284563,0.06,0.03141648694872856,2.704385515528429e-08
9,0,0.018404330003079124,0.06,0.028855595737695694,1.962844109471007e-08
9,0,0.016927281466891594,0.06,0.03189222887158394,1.2873257126955195e-08
9,0,0.015192491724272712,0.08,0.03189222887158394,7.985796912635124e-09
9,0,0.013437043367778744,0.08,0.028059322386980057,4.486132798575682e-09
9,0,0.012064608426316178,0.08,0.0403997078537941,4.499097538968044e-09
9,0,0.011074625874734794,0.06,0.0403997078537941,4.8246646677796434e-09
9,0,0.010447264536882498,0.04,0.03703385964035988,3.047134766731574e-09
9,0,0.01017197380082225,0.08,0.027920735999941826,2.2547153033514178e-09
9,0,0.009892244412193572,0.08,0.028609199449419975,2.0354393726051967e-09
9,0,0.009329767635627397,0.08,0.028609199449419975,2.342624538798077e-09
9,0,0.00855769144612308,0.08,0.017540771514177322,1.7483577918753213e-09
9,0,0.00823638778675397,0.06,0.019050899893045425,1.4093539668635913e-09
9,0,0.008277518712140969,0.06,0.019050899893045425,5.4630966417335e-10
9,0,0.008323263731574016,0.06,0.019050899893045425,6.102016669728982e-10
9,0,0.00813825442265686,0.06,0.02006005309522152,6.135897345771468e-10
9,0,0.008134090661833114,0.06,0.017694195732474327,6.594254031710989e-10
9,0,0.008548346130592641,0.08,0.017694195732474327,9.52945500287683e-10
9,0,0.009881317116427625,0.08,0.017694195732474327,1.7486045944536954e-09
9,0,0.009011775662467447,0.08,0.016289828345179558,2.3603135002048248e-09
9,0,0.00832598811847802,0.06,0.017540771514177322,3.125750325239096e-09
9,0,0.007439975771875254,0.06,0.017540771514177322,3.807585802206859e-09
9,0,0.006450203040656697,0.04,0.017540771514177322,6.752773451523808e-09
9,0,0.007311221467979852,0.06,0.02069372497498989,9.652003640781004e-09
9,0,0.00806797364177973,0.06,0.02069372497498989,1.5331961478182166e-08
9,0,0.008652248442071086,0.06,0.014283081516623497,2.2251398945627443e-08
9,0,0.009059759568079527,0.06,0.02165938913822174,2.8524642203819894e-08
9,0,0.00943039065803014,0.06,0.023662250488996506,4.653086094208447e-08
9,0,0.009904427380530831,0.06,0.023662250488996506,3.37689556317855e-08
9,0,0.010508343029064438,0.06,0.020066268742084503,3.7206479674978254e-08
9,0,0.010722725284609179,0.06,0.020066268742084503,5.5927205977468475e-08
9,0,0.010362825594113537,0.06,0.020066268742084503,6.611765712705164e-08
9,0,0.01004653606991895,0.06,0.020066268742084503,8.02083448547819e-08
9,0,0.01020871092304763,0.06,0.020066268742084503,8.288680675150317e-08
9,0,0.010451103255482175,0.08,0.020066268742084503,7.734008988791174e-08
9,0,0.010459712243976795,0.08,0.020066268742084503,6.090556325943908e-08
9,0,0.0101369939510748,0.08,0.020066268742084503,4.0083126151557735e-08
9,0,0.008993979868997774,0.08,0.015782710164785385,8.941842821741375e-09
9,0,0.007664930837882212,0.08,0.015782710164785385,5.5214708361006615e-09
9,0,0.006316273209153764,0.08,0.015782710164785385,3.0709281784169207e-09
9,0,0.005172488067706185,0.08,0.01790994592010975,1.5033773115291638e-09
9,0,0.0042293697506169394,0.08,0.01790994592010975,6.555241349737173e-10
9,0,0.0034394980808340717,0.08,0.01573016867041588,2.624744588342054e-10
9,0,0.002766533972289875,0.06,0.020845921710133553,1.0275236911327923e-10
9,0,0.00219781493087349,0.06,0.015651507303118706,4.091559382968235e-11
9,0,0.0017529943482347912,0.04,0.015651507303118706,1.7039996150214343e-11
9,0,0.0014359984613730972,0.06,0.015651507303118706,7.963151839318616e-12
9,0,0.00125750417883298,0.06,0.015651507303118706,4.141737734025819e-12
9,0,0.0012024959193789797,0.06,0.015403847210109234,2.1054301965056643e-12
9,0,0.0012643698670064697,0.06,0.010102314874529839,2.7314040786097227e-12
9,0,0.001332285490612153,0.06,0.010102314874529839,3.2229874151468163e-12
9,0,0.0013198446768696633,0.06,0.010890809819102287,2.1321995818252004e-12
9,0,0.0012451183472281734,0.06,0.010890809819102287,1.917579159696481e-12
9,0,0.0011625493823169627,0.06,0.010890809819102287,1.7185004504496892e-12
9,0,0.0011103000306004638,0.06,0.011164172552525997,1.6077995055110983e-12
9,0,0.001106285364996769,0.06,0.010356088168919086,1.809874624301988e-12
9,0,0.0011417454338320536,0.06,0.010356088168919086,2.3443642860332403e-12
9,0,0.0011971281141522675,0.06,0.010356088168919086,3.3336278616041826e-12
9,0,0.0012666718216112404,0.06,0.009528486989438534,5.058184340128724e-12
9,0,0.0013794892847922196,0.06,0.009528486989438534,8.651045158014625e-12
9,0,0.001603003998258746,0.04,0.009528486989438534,1.838864477354818e-11
9,0,0.0020033785265969185,0.06,0.016289828345179558,4.1291511876373477e-11
9,0,0.0024814084939640507,0.06,0.014174864627420902,9.809095202761853e-11
9,0,0.0028949121075020063,0.06,0.011080960743129253,2.2683407929768862e-10
9,0,0.0031714868950634754,0.06,0.012624752707779408,2.1603660527169666e-10
9,0,0.003369065629249002,0.06,0.00991366058588028,1.141241823265915e-10
9,0,0.0035641376071340507,0.04,0.008275733329355717,9.338452233720318e-11
9,0,0.0038697937297785118,0.06,0.012906135059893131,2.2451616954466402e-10
9,0,0.0043532196465309175,0.06,0.01610950194299221,8.586252819853257e-10
9,0,0.0050365561988401295,0.06,0.01480927225202322,2.68543276504829e-09
9,0,0.005876982658785122,0.04,0.01480927225202322,4.455221969124068e-09
9,0,0.006832067635328024,0.04,0.014896402135491371,7.552023895129878e-09
9,0,0.007657169598985556,0.04,0.014896402135491371,1.0207739542522631e-08
9,0,0.008167127205711259,0.04,0.014086786657571793,1.3424934941497213e-08
9,0,0.008296937853482924,0.04,0.014086786657571793,1.51973935658134e-08
9,0,0.008302752936254924,0.04,0.014086786657571793,1.601302379583558e-08
9,0,0.008073924222324013,0.04,0.014086786657571793,1.4773204881635138e-08
9,0,0.007545695362869598,0.04,0.014086786657571793,1.2024810480681936e-08
9,0,0.006931671710089079,0.04,0.014086786657571793,9.22971832295616e-09
9,0,0.006274380113297335,0.04,0.014086786657571793,5.993567420148338e-09
9,0,0.005583345028439839,0.04,0.01264864020049572,4.100047412691765e-09
9,0,0.004838067785158466,0.04,0.014094862155616283,2.1602846178581103e-09
9,0,0.004112733732893825,0.04,0.01289112027734518,9.932700217873958e-10
9,0,0.0034305071640007415,0.04,0.009659340605139732,5.098502731115673e-10
9,0,0.002844807411341195,0.04,0.009659340605139732,3.2973582198003726e-10
9,0,0.0025515432917689357,0.04,0.009659340605139732,1.8106326160616248e-10
9,0,0.0025170623791976924,0.04,0.009659340605139732,8.277514090826443e-11
9,0,0.0025566920731293903,0.04,0.009659340605139732,4.011488363708793e-11
9,0,0.0025393231295862046,0.04,0.008509485051035881,2.628159842532618e-11
9,0,0.002441451507142118,0.04,0.005531307775527239,1.9571363626957883e-11
9,0,0.0022849709968778644,0.04,0.004850664176046848,1.9614676202706072e-11
9,0,0.002151754044781723,0.04,0.004850664176046848,1.7374190627861275e-11
9,0,0.002061306449796173,0.04,0.004850664176046848,1.531104409924211e-11
9,0,0.0019976258542625234,0.04,0.004850664176046848,1.4359410362152492e-11
9,0,0.0019986658496488363,0.04,0.004850664176046848,1.5737461681042397e-11
9,0,0.0021140149396788738,0.04,0.004850664176046848,2.1902797284201192e-11
9,0,0.0023085756894259727,0.04,0.005531307775527239,3.496000017255696e-11
9,0,0.002588037509242268,0.04,0.005531307775527239,5.0721371547268745e-11
9,0,0.002987346494470088,0.04,0.005531307775527239,1.0430282332274388e-10
9,0,0.00350185226714011,0.04,0.005531307775527239,2.1489002244301503e-10
9,0,0.0040244789371636025,0.04,0.008965346030890942,4.067758352377382e-10
9,0,0.004437272270043096,0.04,0.008509485051035881,6.971168087233082e-10
9,0,0.004777763982681369,0.04,0.009659340605139732,1.516914927002233e-09
9,0,0.005205531738872561,0.04,0.009659340605139732,2.616887817552538e-09
9,0,0.006007841495684392,0.04,0.007133103907108307,3.3693920986621606e-09
9,0,0.007140837631230845,0.04,0.007133103907108307,3.842935303310924e-09
9,0,0.008337746117652926,0.04,0.01288373302668333,4.426786492928159e-09
9,0,0.009349660061960552,0.02,0.016629397869110107,5.738683750422524e-09
9,0,0.01021342910413656,0.02,0.016629397869110107,1.0580329501408414e-08
9,0,0.011198620883167162,0.02,0.015929987654089928,1.7528929419086126e-08
9,0,0.012737354433934485,0.02,0.01557597704231739,3.252401015174655e-08
9,0,0.015110268096834021,0.02,0.015965038910508156,5.2135650463469574e-08
9,0,0.01817044662351106,0.02,0.01778876967728138,9.848796622691225e-08
9,0,0.020767987808838595,0.02,0.018192149698734283,1.8489861020043463e-07
9,0,0.022977724250339795,0.02,0.018192149698734283,3.211553405435552e-07
9,0,0.024864700967659713,0.02,0.018192149698734283,4.703954630258522e-07
9,0,0.026309915323247852,0.04,0.01699267514050007,5.917492558182857e-07
9,0,0.02688387669940587,0.04,0.01699267514050007,4.5406358140098746e-07
9,0,0.026785741135399867,0.04,0.01699267514050007,3.134780115487956e-07
9,0,0.025472601864905357,0.04,0.01875336468219757,1.0988552645585514e-07
9,0,0.022438863568948416,0.02,0.010831760242581367,1.6895905119440613e-08
9,0,0.018913992677475202,0.0,0.0026695469859987497,5.639636313503615e-09
9,0,0.01602400619117335,0.0,0.0023789089173078537,3.0606424061829784e-09
9,0,0.014010196161833808,0.0,0.0019962547812610865,1.355988210605119e-09
9,0,0.009847034980956695,0.0,0.0023100993130356073,4.0282349678122387e-10
9,0,0.00723778064291487,0.0,0.0021830310579389334,1.2075132560518398e-10
9,0,0.006992379488616981,0.0,0.0021830310579389334,5.699299712724759e-11
9,0,0.006555496554844551,0.0,0.0019214337226003408,3.675542509240515e-11
9,0,0.005722907979400499,0.0,0.002025087596848607,3.474468629471872e-11
9,0,0.004707672182819929,0.0,0.002225459087640047,2.2395791818285993e-11
9,0,0.004222626682989906,0.0,0.0017943342681974173,1.3015199161470203e-11
9,0,0.004040741337828802,0.02,0.0009535517310723662,6.896307309933736e-12
9,0,0.003714760148731314,0.02,0.0008419613586738706,5.340714849533246e-12
9,0,0.0034241345933463674,0.04,0.00016126999980770051,4.096632755246077e-12
9,0,0.003304884657912436,0.04,0.00016126999980770051,4.305140879207192e-12
9,0,0.003428119874375267,0.04,0.00016126999980770051,6.071962811021736e-12
9,0,0.0038419270464052895,0.04,0.00016024071373976767,8.033572071464157e-12
9,0,0.004933597826936758,0.04,0.0007420180481858552,4.2417305778919e-11
9,0,0.004361488050215105,0.04,0.00054666813230142,3.920738039786542e-11
9,0,0.004826099738411037,0.04,0.0010867365635931492,6.985311634677416e-11
9,0,0.005539439244220325,0.04,0.0012421989813446999,1.1980202940797824e-10
9,0,0.00703998931770041,0.04,0.0012421989813446999,3.0052238475519744e-10
9,0,0.009903465093056578,0.04,0.004248190205544233,7.49763806595638e-10
9,0,0.010834283973860765,0.04,0.0064945342019200325,3.5190308445010032e-09
9,0,0.01098073267538795,0.04,0.0064945342019200325,1.2707951135837448e-08
9,0,0.01075759431916302,0.02,0.007677443325519562,2.1538923533626075e-08
9,0,0.009117990252910544,0.0,0.007677443325519562,1.032514962417963e-08
9,0,0.010190879360233536,0.02,0.007677443325519562,6.906216043489621e-09
9,0,0.010879841766864552,0.02,0.004413374233990908,2.8596316425932855e-09
9,0,0.011345534949984451,0.02,0.0011675250716507435,3.3876157434775678e-09
9,0,0.011780870385579656,0.02,0.0011675250716507435,4.1587795429620655e-09
9,0,0.01256985505378435,0.04,0.001829044776968658,4.767182648635071e-09
9,0,0.013725999491302628,0.04,0.0008732553105801344,5.871221286923856e-09
9,0,0.014838952069600104,0.04,0.0008732553105801344,5.644414269312392e-09
9,0,0.015463287659354038,0.04,0.0003473737742751837,5.554023907450301e-09
9,0,0.015203469697480421,0.04,0.0002560974971856922,4.095483063792926e-09
9,0,0.014384860814009115,0.04,0.00026609704946167767,3.407003346111992e-09
9,0,0.013387228266378991,0.02,0.00026609704946167767,2.4883801685859908e-09
9,0,0.012553070131315907,0.02,0.00026609704946167767,1.7036438926254505e-09
9,0,0.012058542865457973,0.0,0.00026609704946167767,1.0716277865086e-09
9,0,0.011811252205699741,0.0,0.0002941873390227556,6.004400865400328e-10
9,0,0.01149103466882908,0.0,0.0002999161370098591,2.7953428460847363e-10
9,0,0.010792414067260985,0.0,0.0002999161370098591,1.4031062423036644e-10
9,0,0.009755171288854399,0.0,0.0002981360594276339,7.397391726948754e-11
9,0,0.008367441700655025,0.0,0.0002981360594276339,4.844059875441786e-11
9,0,0.006819631230769952,0.0,7.813554111635312e-05,4.268888020853012e-11
9,0,0.005395018929824225,0.0,7.813554111635312e-05,2.5893839156188037e-11
9,0,0.004390679236541555,0.0,0.00010607475996948779,1.1998078745800722e-11
9,0,0.003811916504103491,0.0,0.00010607475996948779,8.645370877524705e-12
9,0,0.0034460719172248445,0.0,0.00010783176549011841,5.847285329541041e-12
9,0,0.003083546714130243,0.02,0.00012560228060465306,2.042179142805467e-12
9,0,0.0027255744081814827,0.02,9.252015297533944e-05,1.6647511277487204e-12
9,0,0.0024249011360216424,0.0,9.252015297533944e-05,1.3331086451753849e-12
9,0,0.0022311125445866145,0.0,9.18146688491106e-05,1.223539282044217e-12
9,0,0.008483847810141996,0.0,0.0004648046160582453,5.4877307559264565e-11
9,0,0.009044308215607637,0.02,0.00029397537582553923,1.024640927660414e-10
9,0,0.009540232016259493,0.02,0.0002958631666842848,1.8049881034265525e-10
9,0,0.009864199379906999,0.02,0.0002958631666842848,4.2104250641550323e-10
9,0,0.010161516147014452,0.0,0.00029762968188151717,6.759200976702573e-10
9,0,0.010581917281378765,0.0,0.0003945923817809671,6.580131994837757e-10
9,0,0.01119142391510001,0.0,0.0006232380401343107,5.885614773326608e-10
9,0,0.012013218719720966,0.02,0.0005828550201840699,6.425865395343067e-10
9,0,0.012889474305292284,0.02,0.001079451059922576,8.387208150217873e-10
9,0,0.013400995521751129,0.0,0.0010551080340519547,1.6903989319416723e-09
9,0,0.01366535185493253,0.0,0.0011411980958655477,2.536539422948181e-09
9,0,0.014335538147449318,0.0,0.0011411980958655477,4.169462108905009e-09
9,0,0.004185018897713374,0.0,0.0011411980958655477,1.7641418326164171e-09
9,0,0.00466473090017142,0.0,0.0011411980958655477,3.4423546235728963e-09
9,0,0.005360440111918232,0.0,0.0008194626425392926,7.257143330718918e-09
9,0,0.006497939803762248,0.0,0.0014118306571617723,1.6095640376079245e-08
9,0,0.0062329981366874634,0.0,0.001328167738392949,2.8445372279861658e-08
9,0,0.006163602025090606,0.0,0.0014537782408297062,4.822127408488086e-08
9,0,0.00591504784806138,0.0,0.0014537782408297062,7.23690973813973e-08
9,0,0.007001647565343305,0.0,0.0014537782408297062,1.2321604003773245e-07
9,0,0.007619200472465871,0.0,0.0014537782408297062,1.6483600973060675e-07
9,0,0.0076689568481431965,0.0,0.001328167738392949,1.9991333033431147e-07
9,0,0.007280648026712421,0.0,0.001328167738392949,1.7593384882275132e-07
9,0,0.006628670587899084,0.0,0.0008158132550306618,8.248244398600946e-08
9,0,0.006030534274696362,0.0,0.0010504103265702724,6.108869143872653e-08
9,0,0.0053962887334547075,0.0,0.0010504103265702724,4.2827174695503345e-08
9,0,0.004651427238965656,0.0,0.0010504103265702724,2.8960082332218917e-08
9,0,0.00388266746163297,0.0,0.0010861067567020655,1.829938156561184e-08
9,0,0.003242884881127421,0.0,0.0010861067567020655,9.80905046077396e-09
9,0,0.0027639085838483592,0.0,0.0010861067567020655,5.202268837933843e-09
9,0,0.00239470855143863,0.0,0.0001302838936680928,3.450986385544752e-09
9,0,0.0021765368683089857,0.0,0.0001302838936680928,2.5968698302847315e-09
9,0,0.0020696381938831907,0.0,0.00020713637059088796,2.119018294166608e-09
9,0,0.0019823238380419525,0.0,0.00013177168148104101,1.2280745309567465e-09
9,0,0.0018952975920760104,0.0,0.00013177168148104101,7.425384196402263e-10
9,0,0.0018145738330191418,0.0,8.5340318037197e-05,4.806365860865469e-10
9,0,0.0017558805531241964,0.0,8.5340318037197e-05,4.2997458371552e-10
9,0,0.0017248402410324545,0.0,8.5340318037197e-05,3.921180324883977e-10
9,0,0.0017410415851475732,0.0,8.5340318037197e-05,3.985194674260839e-10
9,0,0.0022436602905574923,0.0,8.5340318037197e-05,4.446187862328088e-10
9,0,0.0022895261496779715,0.0,8.5340318037197e-05,6.49699960497685e-10
9,0,0.0023284431762813458,0.0,0.00010552018648013473,1.0738252509412405e-09
9,0,0.002308990502431558,0.0,0.00010552018648013473,1.9536658957264308e-09
9,0,0.002297880504936792,0.0,0.00010552018648013473,3.2991465115372876e-09
9,0,0.0024311146204702015,0.0,0.00010552018648013473,3.9840641896660145e-09
9,0,0.0026437557648669196,0.0,0.000842937792185694,5.428863580902998e-09
9,0,0.0028124811898409255,0.0,0.000823924143332988,6.917078909651764e-09
9,0,0.0030479307529857,0.0,0.0017656047130003572,8.09077249641632e-09
9,0,0.0033410273115605437,0.0,0.000863010180182755,1.2153033246420364e-08
9,0,0.003525606397732407,0.0,0.0007674989756196737,2.611369609439862e-08
9,0,0.0035902442990716804,0.0,0.002917215460911393,7.536917223660566e-08
9,0,0.003668302645900827,0.0,0.002917215460911393,1.0563798724660955e-07
9,0,0.003735749426694199,0.0,0.002917215460911393,1.3212218163971556e-07
9,0,0.0038627077511315454,0.0,0.002917215460911393,1.4846867202322755e-07
9,0,0.004308613658995659,0.02,0.005197120830416679,3.280187286236469e-07
9,0,0.004698475379625269,0.04,0.004394677001982927,4.431266518167831e-07
9,0,0.0047107324026260024,0.04,0.0028725373558700085,3.7044398482066754e-07
9,0,0.004466129013446984,0.04,0.0007590443128719926,3.476082497400057e-07
9,0,0.00417190907809779,0.04,0.0008383734966628253,3.4568486739772197e-07
9,0,0.0037711259678810207,0.04,0.0008383734966628253,3.0818679874755617e-07
9,0,0.0034215327835714253,0.04,0.0004000639892183244,2.4216660676756874e-07
9,0,0.003060459615442284,0.04,0.00046299866517074406,1.4962043337618525e-07
9,0,0.002709872700886833,0.02,0.0003246035485062748,9.12614339654283e-08
9,0,0.002462269612347885,0.02,0.0003246035485062748,6.513258909990327e-08
9,0,0.0022968970040953413,0.02,0.0003246035485062748,4.229440619951674e-08
9,0,0.002144499323628143,0.04,0.00048231842811219394,3.443380691692255e-08
9,0,0.0019326175456972113,0.04,0.000660998746752739,2.1317241305496282e-08
9,0,0.0017460547817945097,0.04,0.000639329431578517,1.1745136418994662e-08
9,0,0.0015232930163570605,0.04,0.000639329431578517,5.340213160565099e-09
9,0,0.0012212382500532521,0.04,0.0003572196583263576,2.4489323902088245e-09
9,0,0.0013121013306638502,0.04,0.00028896794538013637,1.619077427683635e-09
9,0,0.0015641754861394088,0.04,0.00045938295079395175,1.1845063818682888e-09
9,0,0.001533503325207159,0.04,0.00010312355880159885,9.518719146228705e-10
9,0,0.0015743358956572461,0.04,0.00010312355880159885,9.798423183937643e-10
9,0,0.0016606238811280158,0.04,0.00010312355880159885,9.197852479658764e-10
9,0,0.0017209519747223266,0.04,0.00010312355880159885,7.491062770093038e-10
9,0,0.0016710475334811821,0.04,0.0001601834228495136,5.937708102976558e-10
9,0,0.0015781167299654105,0.04,0.00015634628653060645,4.919847862439042e-10
9,0,0.0020331841364810903,0.04,0.00017082375416066498,6.247937167636053e-10
9,0,0.0020466514357568755,0.04,0.00017082375416066498,9.89103243753675e-10
9,0,0.0021414166844372913,0.04,0.00021717262279707938,1.719581699255457e-09
9,0,0.002331374420427778,0.04,0.0018093021353706717,2.8366744508900865e-09
9,0,0.0026110371384365292,0.04,0.0018093021353706717,5.601429542423375e-09
9,0,0.0028947588725834004,0.04,0.0016561931697651744,5.59190738158577e-09
9,0,0.003155290480866459,0.04,0.0016561931697651744,5.783141077131404e-09
9,0,0.0033414430811496477,0.04,0.0015439337585121393,6.226109849905015e-09
9,0,0.0034263046258426718,0.04,0.0016644131392240524,7.80202658035023e-09
9,0,0.003423812342074527,0.04,0.0005152266239747405,1.1946740485768714e-08
9,0,0.00335045491640459,0.04,0.0005152266239747405,1.1748788608656469e-08
9,0,0.0032783315098990676,0.04,0.0005629169754683971,1.481075706522006e-08
9,0,0.0032199761314723034,0.04,0.00047881412319839,2.46109834733943e-08
9,0,0.0032962367774177896,0.04,0.00047881412319839,3.489037325721256e-08
9,0,0.003665465896951803,0.04,0.0003101358888670802,4.500903116877453e-08
9,0,0.004189775445317572,0.04,0.00022864200582262129,3.820792215947222e-08
9,0,0.0049032066721152665,0.04,0.00022864200582262129,6.01916312348294e-08
9,0,0.005707201502972132,0.06,0.00022864200582262129,1.244602145789031e-07
9,0,0.0065072611421741105,0.04,0.000338543119141832,2.2588301362702623e-07
9,0,0.007277238069407071,0.04,0.000338543119141832,2.849832867468649e-07
9,0,0.00818396000471901,0.04,0.00043182962690480053,3.545744107213977e-07
9,0,0.009253090814018218,0.04,0.0003929032536689192,4.744986767946102e-07
9,0,0.010822556948661041,0.04,0.0003929032536689192,7.043855703159352e-07
9,0,0.013018075543086038,0.04,0.0003929032536689192,1.0396506695542485e-06
9,0,0.015009831299985309,0.04,0.0003929032536689192,1.4665253047496662e-06
9,0,0.01551144390585165,0.04,0.0003929032536689192,2.1620310235448414e-06
9,0,0.01527469188927832,0.04,0.00028966719401068985,2.3845041141612455e-06
9,0,0.014902468313281207,0.04,0.00031995828612707555,2.2161955257615773e-06
9,0,0.014041071732506861,0.04,0.00031995828612707555,2.6266363875038223e-06
9,0,0.012881034974111936,0.04,0.00031995828612707555,3.04079003399238e-06
9,0,0.011506222839320594,0.04,0.00031995828612707555,3.287061872470076e-06
9,0,0.009987743314509875,0.04,0.0007788849761709571,2.9936588816781295e-06
9,0,0.009015529285407305,0.04,0.0010296988766640425,2.6481209260964533e-06
9,0,0.008453850390381767,0.04,0.0008749356493353844,2.21540949496557e-06
9,0,0.007782607641629657,0.04,0.000657112046610564,1.297026301472215e-06
9,0,0.007317799784384703,0.04,0.000463940785266459,1.2392753205858753e-06
9,0,0.00724028145710741,0.04,0.0004364238411653787,1.0873978908421122e-06
9,0,0.008052725609751411,0.04,0.0004364238411653787,1.2551768122648355e-06
9,0,0.009032208381914706,0.04,0.000348391622537747,6.167230708342686e-07
9,0,0.006202427671253178,0.04,0.00037435817648656666,2.495285116310697e-07
9,0,0.0020106131355764048,0.06,0.0003901712188962847,8.713178800690002e-08
9,0,0.0008503327640325182,0.08,0.0011618663556873798,2.8288088316230642e-08
9,0,0.0005282472406318597,0.12,0.0006076717982068658,8.686557251280647e-09
9,0,0.0006919330308404269,0.1,0.00021142401965335011,6.0773945875780555e-09
9,0,0.001595407545392595,0.1,0.0005083864089101553,1.3599386505802613e-08
9,0,0.0024429135156955038,0.1,0.00044444348895922303,2.0028293690188548e-08
9,0,0.003057558770636004,0.1,0.00044444348895922303,2.6956564980196163e-08
9,0,0.0031884166283530323,0.1,0.00045435098581947386,3.435377138316653e-08
9,0,0.003573219538532721,0.08,0.0006129154935479164,3.518844593486392e-08
9,0,0.0041086677137804175,0.08,0.000977868214249611,6.090916571110938e-08
9,0,0.0044667676752738516,0.08,0.0008492436027154326,1.0059130772788194e-07
9,0,0.006092526858188206,0.1,0.001990231452509761,1.8401712509330537e-07
9,0,0.007849664912703723,0.1,0.002211360028013587,3.6495757171906007e-07
9,0,0.009891152840100087,0.12,0.0024134917184710503,7.096826948327362e-07
9,0,0.012778917580930547,0.12,0.0024134917184710503,1.3271006764625781e-06
9,0,0.017766083142633997,0.14,0.0020088120363652706,2.289427357027307e-06
9,0,0.025234451879786977,0.14,0.0020088120363652706,3.312867647764506e-06
9,0,0.033257104539164625,0.14,0.0031125261448323727,4.298956355341943e-06
9,0,0.039140499345297654,0.14,0.0024167809169739485,5.226347639109008e-06
9,0,0.04443595054117919,0.18,0.0024167809169739485,5.7608676797826774e-06
9,0,0.049969073907839175,0.18,0.0024167809169739485,5.8441419241717085e-06
9,0,0.05509951922120285,0.18,0.0024167809169739485,5.6199041864601895e-06
9,0,0.05934540211187704,0.18,0.0024167809169739485,5.306675120664295e-06
9,0,0.062349390314396354,0.18,0.002093162154778838,4.71798557555303e-06
9,0,0.06323019260642718,0.18,0.002093162154778838,3.8061430132074747e-06
9,0,0.061894318169706725,0.18,0.002322410000488162,3.146729795844294e-06
9,0,0.05946012097318719,0.16,0.002322410000488162,2.6699442514654947e-06
9,0,0.056207678649754296,0.14,0.002322410000488162,2.3147958927438594e-06
9,0,0.05214828689987439,0.14,0.002322410000488162,2.028760036409949e-06
9,0,0.048011000723613244,0.14,0.0024354325141757727,1.7235250879821251e-06
9,0,0.04436571199022285,0.14,0.0024354325141757727,1.3891683465772076e-06
9,0,0.04080077700282369,0.14,0.0027058920823037624,1.0898864957198384e-06
9,0,0.037435339443784084,0.16,0.0031330452766269445,8.250711402979505e-07
9,0,0.03519262582588619,0.16,0.0031330452766269445,5.914152438890596e-07
9,0,0.03307974404042235,0.16,0.0028708239551633596,4.007372353953542e-07
9,0,0.027588754049823097,0.14,0.0028708239551633596,3.3932894893951016e-07
9,0,0.02618002150905127,0.12,0.002230567391961813,4.165911491327279e-07
9,0,0.02235897584629051,0.14,0.0033044773153960705,5.388636168390804e-07
9,0,0.019360450025414637,0.12,0.0014111060881987214,5.827300242344791e-07
9,0,0.018543097395758257,0.12,0.0016248070169240236,2.7665154789247026e-07
9,0,0.014272991341730988,0.12,0.0016248070169240236,1.733662173819539e-07
9,0,0.01162971382705568,0.14,0.0016248070169240236,1.2323201303843234e-07
9,0,0.009866000777859787,0.14,0.0016078011831268668,6.434652277675923e-08
9,0,0.00883649715499329,0.12,0.001535907038487494,3.290224626084637e-08
9,0,0.008439710125750491,0.1,0.0009292198228649795,3.11870103075762e-08
9,0,0.006387780799195924,0.1,0.0008370472933165729,3.088022282327074e-08
9,0,0.0050948107664931935,0.1,0.002368120476603508,2.966540435522802e-08
9,0,0.004132999586446358,0.1,0.0027636648155748844,2.895201767216804e-08
9,0,0.0033225503269846152,0.1,0.002792862243950367,3.047496832664365e-08
9,0,0.0035413019853599093,0.1,0.002792862243950367,3.781612178954674e-08
9,0,0.0037160609875680436,0.1,0.0034445582423359156,4.707261780367844e-08
9,0,0.003841530167447566,0.1,0.0034809457138180733,5.655516588376486e-08
9,0,0.003926667898533966,0.1,0.0034445582423359156,6.601256785643272e-08
9,0,0.004170379556267126,0.1,0.003047984093427658,1.2023610906908289e-07
9,0,0.004771485580979572,0.1,0.0026894877664744854,1.8961000591843913e-07
9,0,0.005747034421905919,0.1,0.0026894877664744854,1.9303521980873484e-07
9,0,0.00679243497021818,0.1,0.002420663833618164,2.0092289787498885e-07
9,0,0.008228155806286592,0.1,0.002420663833618164,1.7414519959402242e-07
9,0,0.010219724533447338,0.1,0.0023083253763616085,1.2966188478458207e-07
9,0,0.011136919300350682,0.1,0.0021329070441424847,1.2500551349603484e-07
9,0,0.011218426197058694,0.12,0.001559142372570932,1.3210467386670643e-07
9,0,0.011554326818586947,0.12,0.0015691418666392565,1.743387940678076e-07
9,0,0.011991297837792526,0.12,0.0015691418666392565,2.0068122807970212e-07
9,0,0.011986559306366187,0.12,0.0015691418666392565,1.5134600062083337e-07
9,0,0.011293534051457393,0.12,0.0012710043229162693,1.1811616218437848e-07
9,0,0.00963334525450443,0.12,0.0012710043229162693,9.901724240535259e-08
9,0,0.007516047583466444,0.12,0.0012710043229162693,8.240617432875297e-08
9,0,0.005783120463633627,0.12,0.0015423856675624847,6.388170703530704e-08
9,0,0.004579301616628827,0.12,0.00190405931789428,4.449102419812334e-08
9,0,0.003800151239651967,0.12,0.0023387479595839977,3.170098139548827e-08
9,0,0.0032166611471912635,0.12,0.002650616690516472,2.5030518102653332e-08
9,0,0.0027226999325721123,0.12,0.0020991095807403326,2.408043187074327e-08
9,0,0.0022872978487587605,0.12,0.0020991095807403326,2.166235901768232e-08
9,0,0.0019427506024460109,0.12,0.0020991095807403326,2.0783589960160498e-08
9,0,0.0016818454887132827,0.12,0.0017088846070691943,1.7640719107703262e-08
9,0,0.0014916362367937014,0.12,0.0017088846070691943,1.533070559389671e-08
9,0,0.0012410832314096423,0.12,0.0016910004196688533,1.2898966339491835e-08
9,0,0.0009019322463890185,0.12,0.001615392160601914,1.349383804694071e-08
9,0,0.0006846669823909456,0.14,0.001615392160601914,1.4800138892212544e-08
9,0,0.0005542242998786511,0.14,0.001615392160601914,1.244973191205645e-08
9,0,0.00040536239906313875,0.14,0.001615392160601914,1.0192544586118402e-08
9,0,0.00029063903095610067,0.14,0.001615392160601914,7.981715732796602e-09
9,0,0.00022277472391651055,0.14,0.001615392160601914,6.32069596662177e-09
9,0,0.00019488636691365684,0.14,0.0013706921599805355,6.002216057510168e-09
9,0,0.00015527839511444107,0.14,0.0021792317274957895,4.779637574614526e-09
9,0,0.00014012584091885658,0.12,0.0021792317274957895,3.655237001964906e-09
9,0,0.00012338198119806503,0.12,0.0020821590442210436,2.860575332164217e-09
9,0,0.00010071924406130764,0.12,0.0024245060048997402,2.4697359712888556e-09
9,0,0.00011052979936662916,0.1,0.0024245060048997402,2.8066171608998047e-09
9,0,0.0001266123967560857,0.1,0.0026238432619720697,3.2177465136840055e-09
9,0,0.0001457811090581652,0.1,0.0026238432619720697,3.4944904747646888e-09
9,0,0.00017410998257000413,0.12,0.002746522193774581,4.646317108836229e-09
9,0,0.00021333485443606856,0.12,0.0022886067163199186,5.744093201087708e-09
9,0,0.00026443512623854976,0.14,0.0022886067163199186,6.300474364451247e-09
9,0,0.00035108165186129383,0.14,0.003113395068794489,5.722070373082033e-09
9,0,0.0004997747273485886,0.14,0.003113395068794489,5.255014201566155e-09
9,0,0.0007086972888965718,0.14,0.003113395068794489,5.557149851398435e-09
9,0,0.0010118319958095073,0.12,0.002718485426157713,6.879160352468716e-09
9,0,0.0013902348651806259,0.08,0.002592363627627492,6.00967364761118e-09
9,0,0.0018509586519621839,0.08,0.002044621156528592,4.931002273167451e-09
9,0,0.002366955460130188,0.08,0.0016562924720346928,2.902692530781792e-09
9,0,0.0029430622315624495,0.08,0.0016562924720346928,2.744024119039068e-09
9,0,0.0034511168804615693,0.08,0.0016562924720346928,2.630253570501395e-09
9,0,0.0038707142759297954,0.08,0.0015464628813788295,4.095748629140417e-09
9,0,0.004069970728583365,0.08,0.0015464628813788295,4.762093386290189e-09
9,0,0.004140317336347217,0.08,0.001752867130562663,5.265107017038417e-09
9,0,0.004057585012282097,0.08,0.001838223310187459,5.207679176777447e-09
9,0,0.0038199054723316666,0.08,0.002491983352228999,5.221504117969289e-09
9,0,0.0034760789175459403,0.1,0.0038427754770964384,5.775105282879167e-09
9,0,0.0030918678003671114,0.1,0.01234721951186657,7.54446460859981e-09
9,0,0.0027015136182193702,0.1,0.0770237073302269,9.116153165678043e-09
9,0,0.002398950013003645,0.1,0.07967282086610794,7.801237877913536e-09
9,0,0.0017760239722102392,0.08,0.08690530806779861,5.410236703085047e-09
9,0,0.0014354667403202394,0.08,0.11271107196807861,2.5780571011324582e-09
9,0,0.0011048686315020468,0.08,0.11271107196807861,1.2384905323514772e-09
9,0,0.0010190943855311033,0.08,0.11271107196807861,1.0011137474563725e-09
9,0,0.0009149648456953254,0.08,0.11271107196807861,7.607636187678679e-10
9,0,0.0008282672009447352,0.08,0.1290542185306549,1.0586480581054047e-09
9,0,0.0006912819282556703,0.08,0.08338410407304764,8.753881508560823e-10
9,0,0.0005578168365664482,0.08,0.08338410407304764,7.823167114118235e-10
9,0,0.000451917763319187,0.08,0.08338410407304764,6.71216693337584e-10
9,0,0.0003676161979295116,0.08,0.08338410407304764,7.131748525068815e-10
9,0,0.0003084356405452776,0.08,0.08338410407304764,7.419919678675058e-10
9,0,0.00026790533537434784,0.08,0.08338410407304764,7.232101584264683e-10
9,0,0.00021727376172391173,0.08,0.08338410407304764,6.362338433874015e-10
9,0,0.00015520451398124901,0.08,0.08338410407304764,5.582057593933598e-10
9,0,0.00014868295791454507,0.08,0.08338410407304764,8.369757109605303e-10
9,0,0.00014680069594908565,0.08,0.06381005048751831,1.0739070743781554e-09
9,0,0.0001546851688233777,0.08,0.09172064810991287,1.8244725730198752e-09
9,0,0.00019712577992312194,0.08,0.09172064810991287,3.0512465887255757e-09
9,0,0.00020591844491496287,0.08,0.09954295307397842,3.2857201404112857e-09
9,0,0.00021522713233676477,0.08,0.09954295307397842,3.3134679444657422e-09
9,0,0.00023758411553559446,0.08,0.09954295307397842,3.0754006008493207e-09
9,0,0.0002782244539994394,0.08,0.09954295307397842,2.7860032059123796e-09
9,0,0.00033435921090547836,0.08,0.09954295307397842,2.3840585061662978e-09
9,0,0.00041065062343034455,0.08,0.09047143161296844,2.268999432786245e-09
9,0,0.0004991737245546408,0.08,0.09431308507919312,2.062652049161784e-09
9,0,0.0006003949091686658,0.08,0.0777660682797432,1.576689223625749e-09
9,0,0.0007282398671605893,0.08,0.06723801791667938,6.796355145333166e-10
9,0,0.0009108654968309565,0.08,0.008280306123197079,3.0975463860549723e-10
9,0,0.0011759160783704587,0.08,0.008280306123197079,2.8535004914509443e-10
9,0,0.0015269844383065671,0.08,0.01059094537049532,2.6636842731520005e-10
9,0,0.0019370723964037236,0.12,0.0093535752967,2.4772120466032277e-10
9,0,0.0023691622661452505,0.12,0.005022836849093437,2.3269701443506818e-10
9,0,0.0027551355000791458,0.12,0.0031781920697540045,1.795507631463522e-10
9,0,0.0031026102110693443,0.1,0.0031781920697540045,1.4497594791329504e-10
9,0,0.0034176929393273537,0.1,0.0031781920697540045,1.4033123274526105e-10
9,0,0.003671538015427205,0.1,0.0031781920697540045,1.350618367146339e-10
9,0,0.003879227177327507,0.1,0.0031781920697540045,1.3105781737632327e-10
9,0,0.0039402362360151065,0.12,0.0036015950608998537,1.2946721472673062e-10
9,0,0.003846953711165038,0.12,0.006715192459523678,1.3360446082799626e-10
9,0,0.003647118672694123,0.12,0.006715192459523678,1.4336648535007157e-10
9,0,0.0033959851519076416,0.12,0.006715192459523678,1.5771067785053106e-10
9,0,0.0030730435621512424,0.12,0.006715192459523678,1.707237684556162e-10
9,0,0.0026801107665181158,0.12,0.006155013106763363,1.8444082372504056e-10
9,0,0.0022492858652959965,0.12,0.00588098494336009,2.0598084349288115e-10
9,0,0.0018950599457543715,0.12,0.00588098494336009,2.253403158514189e-10
9,0,0.0016496249484292081,0.12,0.00588098494336009,2.2795915155526814e-10
9,0,0.0014194625131472105,0.14,0.00588098494336009,2.3497384593618165e-10
9,0,0.001190727099954007,0.14,0.00588098494336009,2.699965528929482e-10
9,0,0.0010376030843643755,0.14,0.00588098494336009,2.9643032473103403e-10
9,0,0.0009283892552117038,0.14,0.007252625655382872,3.0652391735941364e-10
9,0,0.0008325191279013325,0.14,0.007252625655382872,3.1038033254660036e-10
9,0,0.0007532959334347393,0.12,0.007252625655382872,3.142277549272876e-10
9,0,0.0006925602713133489,0.12,0.007252625655382872,8.524700390033502e-10
9,0,0.0006482462973918544,0.12,0.0066293044947087765,5.430227378866448e-10
9,0,0.0005873006632056229,0.12,0.0066293044947087765,3.968007589172373e-10
9,0,0.000496112227460007,0.12,0.0066293044947087765,4.1052097832228185e-10
9,0,0.00040694242492093067,0.12,0.007252625655382872,4.0923184285723835e-10
9,0,0.0003515370563203494,0.12,0.008053724654018879,4.771209538567689e-10
9,0,0.0003324445414172045,0.12,0.011434993706643581,5.94674143261642e-10
9,0,0.00035766280214364417,0.14,0.07397567480802536,1.2034121477100257e-09
9,0,0.00041198628881722213,0.14,0.09256784617900848,2.2802317811709827e-09
9,0,0.0004557049402465234,0.14,0.09256784617900848,2.508030672032646e-09
9,0,0.0004944258885567558,0.16,0.09256784617900848,3.2091045376603233e-09
9,0,0.0005224806091298561,0.16,0.07397567480802536,2.171173463239029e-09
9,0,0.0005727020267057676,0.16,0.07151567935943604,2.708715696186914e-09
9,0,0.0006486462162983445,0.16,0.07151567935943604,3.2206202149609453e-09
9,0,0.000772920449651136,0.16,0.07756021618843079,3.2900724367124212e-09
9,0,0.0009329779011235436,0.16,0.06713090091943741,3.2854570175544495e-09
9,0,0.0011430723532645031,0.16,0.08415913581848145,6.321310586088202e-09
9,0,0.0013654419124340463,0.16,0.07497803121805191,7.049310024598299e-09
9,0,0.0016046175854197706,0.16,0.06238241121172905,6.967076693342733e-09
9,0,0.0019639544494481037,0.16,0.05526380613446236,6.693861909212728e-09
9,0,0.0023725277376789944,0.16,0.05526380613446236,7.2488153257666e-09
9,0,0.0026318181381748008,0.16,0.05926268920302391,1.0911107573008394e-08
9,0,0.0028762696431169034,0.14,0.05926268920302391,1.1589452952875945e-08
9,0,0.003142175834582676,0.14,0.05926268920302391,1.2934245674500744e-08
9,0,0.00353778384823952,0.14,0.05926268920302391,2.4683286525828407e-08
9,0,0.003914603362616766,0.14,0.05926268920302391,2.43950672995652e-08
9,0,0.003953831701349085,0.14,0.05926268920302391,1.5828007349227846e-08
9,0,0.003900274486245448,0.14,0.07765840739011765,2.0761719454753802e-08
9,0,0.00369693644352437,0.14,0.04484087601304054,2.6007175080167144e-08
9,0,0.0034345431363571044,0.14,0.04484087601304054,3.409214954785966e-08
9,0,0.003273194539614374,0.14,0.04484087601304054,4.6831896582943955e-08
9,0,0.0032469094337832347,0.14,0.04484087601304054,5.6526264557987815e-08
9,0,0.003188045315784141,0.14,0.04484087601304054,5.417115644945625e-08
9,0,0.003053888168824668,0.14,0.04484087601304054,5.7869396385967775e-08
9,0,0.0028638659318517396,0.14,0.04484087601304054,6.002241548230813e-08
9,0,0.0026851476594584663,0.14,0.08071797341108322,6.405361574479684e-08
9,0,0.00253006808519914,0.14,0.08071797341108322,7.140847202435907e-08
9,0,0.0023877783632363305,0.14,0.07444719225168228,8.019213026955185e-08
9,0,0.0022316883280622344,0.14,0.08356916904449463,8.945463747522808e-08
9,0,0.002045390490167094,0.14,0.08356916904449463,9.845378201589483e-08
9,0,0.0018895999749902576,0.14,0.08356916904449463,1.2429285334292217e-07
9,0,0.0018160818324474914,0.14,0.08356916904449463,1.2741911348257418e-07
9,0,0.0017868847249398816,0.14,0.08356916904449463,1.2754313161167374e-07
9,0,0.0017625849589081193,0.14,0.09515365958213806,1.6329452989793936e-07
9,0,0.0018152645424739861,0.14,0.09515365958213806,1.8158539205614943e-07
9,0,0.0018367207422072317,0.14,0.09515365958213806,2.408301043033134e-07
9,0,0.001794528521503244,0.14,0.10254260897636414,3.639763406226848e-07
9,0,0.0017677757885861285,0.14,0.12365467846393585,5.368401048144733e-07
9,0,0.0016654731257244135,0.16,0.12365467846393585,9.645708587413537e-07
9,0,0.0016285270246367818,0.16,0.12365467846393585,1.5715221479695174e-06
9,0,0.0018902034792365738,0.16,0.12365467846393585,2.0781346847797977e-06
9,0,0.0023927288158577674,0.16,0.12365467846393585,2.5497065507806838e-06
9,0,0.003085684639687779,0.16,0.09155647456645966,2.88022920358344e-06
9,0,0.0030159481637445245,0.16,0.08139774948358536,2.3809866434021387e-06
9,0,0.0030420656914269583,0.16,0.11077125370502472,2.024573632297688e-06
9,0,0.0031074743665377644,0.16,0.10912438482046127,1.5107733588592964e-06
9,0,0.003071633845429629,0.16,0.10912438482046127,1.055670395544439e-06
9,0,0.002861598309561905,0.16,0.10912438482046127,7.130734616112022e-07
9,0,0.0033115879598746957,0.14,0.06146558001637459,5.926748940510151e-07
9,0,0.0036210597186184168,0.14,0.06146558001637459,4.800511987923528e-07
9,0,0.003817901322532779,0.14,0.05881892144680023,3.847092102660099e-07
9,0,0.004074290084075691,0.14,0.09687762707471848,2.5265245540140313e-07
9,0,0.004701211498998796,0.14,0.06742668896913528,2.2239946417812462e-07
9,0,0.005814355151450791,0.16,0.06742668896913528,1.5460209112916345e-07
9,0,0.006614970816961601,0.16,0.0704316794872284,1.0265750205462609e-07
9,0,0.006431409810810273,0.16,0.10187675803899765,9.577002657579214e-08
9,0,0.005651536125211512,0.18,0.10187675803899765,1.0324403376671398e-07
9,0,0.006307158017565181,0.18,0.07024309784173965,1.4271121528963704e-07
9,0,0.0071331559250061224,0.18,0.07024309784173965,1.5590592283842852e-07
9,0,0.006495120871238376,0.18,0.05578760430216789,1.37005628175757e-07
9,0,0.006206539533108925,0.16,0.05578760430216789,1.1655907172780644e-07
9,0,0.00578617668596763,0.16,0.049373187124729156,1.314351294467997e-07
9,0,0.005285756061260111,0.16,0.04496200755238533,1.8806107959790097e-07
9,0,0.00472009221649472,0.16,0.047612518072128296,2.768708782241447e-07
9,0,0.004090428409788284,0.16,0.047612518072128296,3.0043074161767436e-07
9,0,0.003557836265080314,0.16,0.0516231432557106,3.168267426190141e-07
9,0,0.003116933029693921,0.16,0.0516231432557106,3.0086081892477523e-07
9,0,0.002857972246953356,0.16,0.116134412586689,3.108205532953434e-07
9,0,0.002798275401503682,0.16,0.06285548955202103,2.8959675546502694e-07
9,0,0.0027197600311643167,0.16,0.060316067188978195,2.485746506408759e-07
9,0,0.0024417849778746526,0.14,0.30265793204307556,2.979473094910645e-07
9,0,0.002219786654602247,0.14,0.30265793204307556,3.381678652658593e-07
9,0,0.0020695221820664317,0.14,0.30265793204307556,3.931084791020112e-07
9,0,0.0019040676845828732,0.14,0.30265793204307556,5.025105451750278e-07
9,0,0.0016811974901018325,0.14,0.30265793204307556,6.958646281418623e-07
9,0,0.0013792935173216217,0.14,0.30265793204307556,1.195115942209668e-06
9,0,0.0013579062530605366,0.14,0.25340932607650757,1.7391909068464884e-06
9,0,0.0036349670383163564,0.14,0.06541816890239716,1.1115755569335306e-06
9,0,0.0034203063714662264,0.14,0.06541816890239716,1.2950906693731667e-06
9,0,0.0031598895629997154,0.14,0.05190018191933632,1.29144495986111e-06
9,0,0.003042128867274148,0.14,0.07665809988975525,1.3817546005157055e-06
9,0,0.0031737382618453286,0.14,0.0907338336110115,1.9502101622492773e-06
9,0,0.0036829607139973225,0.14,0.0907338336110115,2.6023412829090375e-06
9,0,0.004224003288037241,0.16,0.07665809988975525,3.1630968351237243e-06
9,0,0.004550581234713948,0.16,0.09823086112737656,3.599864612624515e-06
9,0,0.004945882229367785,0.14,0.09823086112737656,3.833270511677256e-06
9,0,0.005514835248749892,0.2,0.09823086112737656,3.70225757251319e-06
9,0,0.006288973026891278,0.2,0.09823086112737656,3.4529482491052477e-06
9,0,0.007309600386035808,0.2,0.06213608384132385,3.088339553869446e-06
9,0,0.008666898015378705,0.22,0.05321233719587326,2.7087737635156373e-06
9,0,0.010138885396643916,0.22,0.058383457362651825,2.433466761431191e-06
9,0,0.011188734722020014,0.24,0.06588732451200485,2.2725189410266466e-06
9,0,0.011505729775236636,0.28,0.0674469918012619,2.2024582904123235e-06
9,0,0.011227677280159632,0.3,0.11883831024169922,1.5374121176137123e-06
9,0,0.01163014871449819,0.34,0.07515069842338562,1.049823254106741e-06
9,0,0.012966267796462518,0.34,0.07515069842338562,8.448240578218247e-07
9,0,0.014308929507984458,0.36,0.06944604963064194,6.018233875693113e-07
9,0,0.015949752678262704,0.4,0.06944604963064194,5.084044119030295e-07
9,0,0.017163848479398627,0.4,0.1107383593916893,4.4467861926023033e-07
9,0,0.017507232341622825,0.38,0.1107383593916893,3.983063834311906e-07
9,0,0.01709578536318944,0.38,0.08133367449045181,4.142007696827932e-07
9,0,0.016229781845751582,0.38,0.08133367449045181,4.085140403731202e-07
9,0,0.016612895897301527,0.38,0.14319828152656555,4.367527992599207e-07
9,0,0.016909085425661545,0.38,0.09864562004804611,4.932030037707591e-07
9,0,0.01554650994310882,0.38,0.09864562004804611,6.099136271586758e-07
9,0,0.01442385665994059,0.36,0.09864562004804611,7.596129876219493e-07
9,0,0.013837021150260633,0.36,0.09864562004804611,9.295413292420562e-07
9,0,0.012743672184132908,0.36,0.09864562004804611,1.0150249636353692e-06
9,0,0.011674119764654397,0.32,0.11425470560789108,9.709362984722247e-07
9,0,0.010515050767414671,0.3,0.06396085023880005,9.762444506122847e-07
9,0,0.009087535498433068,0.28,0.051635969430208206,1.4797620906392694e-06
9,0,0.0075558842581628476,0.26,0.04762439802289009,1.8798142491505132e-06
9,0,0.006108136858265156,0.26,0.04762439802289009,2.2709675704390975e-06
9,0,0.004969255048166934,0.26,0.04762439802289009,1.9888429960701615e-06
9,0,0.004237171218448307,0.24,0.02697431854903698,3.6380977235239698e-06
9,0,0.0036845166499607277,0.24,0.025442011654376984,2.6779771360452287e-06
9,0,0.003506686027242288,0.24,0.024766266345977783,5.422022695711348e-06
9,0,0.0032855061064383895,0.24,0.024766266345977783,7.2929219641082454e-06
9,0,0.0031302781586325526,0.24,0.026138413697481155,7.853335773688741e-06
9,0,0.0030350164274716178,0.24,0.04380207881331444,1.016312489809934e-05
9,0,0.002869067032463878,0.22,0.047507744282484055,1.2605551091837697e-05
9,0,0.0024992562967471,0.2,0.03674817830324173,1.4375003047462087e-05
9,0,0.002034492097992832,0.18,0.17820271849632263,2.0079636669834144e-05
9,0,0.002153925448640831,0.18,0.29840952157974243,3.2187297620112076e-05
9,0,0.0023724407237151125,0.18,0.2370825707912445,4.442081262823194e-05
9,0,0.0028356371065960035,0.18,0.2370825707912445,6.142250640550628e-05
9,0,0.0027419874266996504,0.16,0.2370825707912445,6.719314842484891e-05
9,0,0.002827760258607459,0.16,0.2370825707912445,7.625655416632071e-05
9,0,0.0030766185031849734,0.16,0.2370825707912445,9.242149099009112e-05
9,0,0.0035605961989282403,0.18,0.2370825707912445,0.00012219032214488834
9,0,0.004512512805700963,0.18,0.14008547365665436,0.00016656098887324333
9,0,0.005990907181671013,0.24,0.125743106007576,0.00015371417975984514
9,0,0.00783754711353805,0.24,0.07079645246267319,0.00013464924995787442
9,0,0.009388676156717516,0.24,0.0509878471493721,0.00010761070006992668
9,0,0.01083796881569632,0.24,0.0509878471493721,7.95926753198728e-05
9,0,0.012684401945557484,0.26,0.0509878471493721,6.167754327179864e-05
9,0,0.014856761413121668,0.26,0.06316833198070526,4.5591503294417635e-05
9,0,0.01723732871656132,0.28,0.06316833198070526,3.445822949288413e-05
9,0,0.01961144992904713,0.28,0.03909460827708244,2.578999010438565e-05
9,0,0.0219902314143512,0.28,0.026125147938728333,1.9359900761628523e-05
9,0,0.024450206389483125,0.32,0.026125147938728333,1.5978501323843375e-05
9,0,0.027213790574140688,0.32,0.026125147938728333,1.3954997484688647e-05
9,0,0.031294200856498304,0.34,0.05450631305575371,1.592868829902727e-05
9,0,0.03592195413056187,0.32,0.05450631305575371,1.476881152484566e-05
9,0,0.03883780607813445,0.32,0.05118405073881149,1.5126075595617294e-05
9,0,0.03745339689303365,0.32,0.05118405073881149,1.8241784346173517e-05
9,0,0.036137939086586586,0.32,0.05118405073881149,1.724528192426078e-05
9,0,0.03523138228775056,0.32,0.03131641447544098,1.8755039491225034e-05
9,0,0.032901510848750634,0.32,0.03131641447544098,2.1377016309997998e-05
9,0,0.030652161483210254,0.3,0.03181461617350578,2.582449269539211e-05
9,0,0.028249644472609567,0.3,0.03181461617350578,3.223758903914131e-05
9,0,0.025125898837234133,0.3,0.020503364503383636,4.145643470110372e-05
9,0,0.02150163528957204,0.28,0.020503364503383636,5.2493996918201447e-05
9,0,0.017477610171145897,0.28,0.019331352785229683,4.342773900134489e-05
9,0,0.01438194274879825,0.26,0.015464228577911854,2.213140942330938e-05
9,0,0.013008811141140164,0.22,0.015464228577911854,1.3354951988731045e-05
9,0,0.012054555386152393,0.22,0.023267686367034912,1.2402716492943e-05
9,0,0.01101139048631354,0.22,0.023267686367034912,1.590500869497191e-05
9,0,0.01001796289625823,0.22,0.03961939364671707,1.9277473256806843e-05
9,0,0.009153886025856615,0.22,0.036414984613657,2.9432882001856342e-05
9,0,0.008769362812392061,0.22,0.07295412570238113,6.870061042718589e-05
9,0,0.009127227569769733,0.24,0.07295412570238113,0.0002006927679758519
9,0,0.00890272793584835,0.24,0.07712151855230331,0.0003939883317798376
9,0,0.0077659328999639355,0.24,0.08654054254293442,0.0005482191918417811
9,0,0.007091969782623809,0.24,0.08654054254293442,0.0006712049362249672
9,0,0.0064158754778091175,0.24,0.08654054254293442,0.0007415788131766021
9,0,0.00561272368989027,0.22,0.08654054254293442,0.000768704223446548
9,0,0.005116311566565041,0.18,0.08654054254293442,0.0007420700276270509
9,0,0.004893644823024391,0.18,0.1161108911037445,0.0007649926701560616
9,0,0.0047919278158505465,0.18,0.08190935105085373,0.0005630491650663316
9,0,0.0048389891116016265,0.16,0.08190935105085373,0.0002893958589993417
9,0,0.005013239279164648,0.16,0.06262076646089554,0.00019406451610848308
9,0,0.005254275352368274,0.18,0.06262076646089554,0.00020364548254292458
9,0,0.005496327778523676,0.18,0.06262076646089554,0.00020379116176627576
9,0,0.005781492141310229,0.2,0.06262076646089554,0.00019651888578664511
9,0,0.006178651098022785,0.2,0.06796853989362717,0.0001819385215640068
9,0,0.006639863109164287,0.26,0.03383529558777809,0.00016162609972525388
9,0,0.007089747685365938,0.2,0.03383529558777809,0.00014181873120833188
9,0,0.007809060899141352,0.2,0.03383529558777809,0.0002189811784774065
9,0,0.009184588846015798,0.22,0.024983664974570274,0.0004809462116099894
9,0,0.01090349957096456,0.22,0.033020734786987305,0.0006834206287749112
9,0,0.012489957641635444,0.24,0.033020734786987305,0.0006848573102615774
9,0,0.014296265889155575,0.24,0.033020734786987305,0.0008362156804651022
9,0,0.01630524827658042,0.22,0.033020734786987305,0.0008419941295869648
9,0,0.018650285583311058,0.24,0.031181074678897858,0.0008929863688535988
9,0,0.021182498034183022,0.22,0.033990249037742615,0.0009636685717850924
9,0,0.023326199683584556,0.22,0.033990249037742615,0.001015275833196938
9,0,0.024292906750762677,0.2,0.05545705929398537,0.001074489438906312
9,0,0.023856960344460547,0.2,0.05545705929398537,0.0011109921615570784
9,0,0.022532989020890987,0.18,0.05545705929398537,0.0011281471233814955
9,0,0.020769721217481746,0.18,0.0586070641875267,0.0011448010336607695
9,0,0.01933771734406722,0.18,0.0024016108363866806,0.0011912271147593856
9,0,0.018525164808347386,0.14,0.0024016108363866806,0.0012377204839140177
9,0,0.018263029281581935,0.14,0.0024016108363866806,0.0013849660754203796
9,0,0.019036770078512632,0.12,0.0366814099252224,0.0020365382079035044
9,0,0.020523689879586603,0.12,0.06706156581640244,0.003069234313443303
9,0,0.022016924430312574,0.14,0.06706156581640244,0.004290735349059105
9,0,0.0224609218147874,0.12,0.09721239656209946,0.005577050149440765
9,0,0.021218756400805176,0.12,0.09721239656209946,0.008878177963197231
9,0,0.019508006282103155,0.12,0.08892691880464554,0.012946275062859058
9,0,0.019129001313939985,0.12,0.15158610045909882,0.017082706093788147
9,0,0.018726714516186717,0.12,0.16247466206550598,0.0217655710875988
9,0,0.01815815998070814,0.12,0.16247466206550598,0.02780161425471306
9,0,0.017537032261670235,0.1,0.16247466206550598,0.029471470043063164
9,0,0.017290450674241273,0.1,0.1429399996995926,0.033873602747917175
9,0,0.01736334888272068,0.1,0.19148294627666473,0.03601871058344841
9,0,0.017131213295164878,0.1,0.1842435598373413,0.03775307163596153
9,0,0.016708703591125324,0.1,0.1842435598373413,0.037887878715991974
9,0,0.017168847933553267,0.1,0.26015955209732056,0.03196176141500473
9,0,0.018330415538669036,0.1,0.19191569089889526,0.028345860540866852
9,0,0.01903359282366241,0.1,0.19191569089889526,0.02914118580520153
9,0,0.019439757326094716,0.1,0.1556975394487381,0.029743656516075134
9,0,0.01930204843970808,0.1,0.14796492457389832,0.025131119415163994
9,0,0.019274560299469355,0.1,0.14796492457389832,0.025897538289427757
9,0,0.019957956570742542,0.1,0.14796492457389832,0.024615725502371788
9,0,0.02132947920164624,0.1,0.14231747388839722,0.027956297621130943
9,0,0.02192754421959197,0.1,0.14231747388839722,0.029510557651519775
9,0,0.02274867699456676,0.1,0.08439269661903381,0.03150784596800804
9,0,0.024236890600009643,0.1,0.062321990728378296,0.0318414606153965
9,0,0.025825838570739907,0.1,0.057683076709508896,0.022694021463394165
9,0,0.027765841428228372,0.1,0.07134274393320084,0.01582750305533409
9,0,0.029169891950516922,0.1,0.03477555885910988,0.012083781883120537
9,0,0.030097000625123698,0.12,0.03281504288315773,0.006858526729047298
9,0,0.03405305380824245,0.12,0.03281504288315773,0.0019581583328545094
9,0,0.03956963116235143,0.14,0.03281504288315773,0.0011819195933640003
9,0,0.040620060010147334,0.14,0.03281504288315773,0.001014852779917419
9,0,0.039272539816926175,0.12,0.03281504288315773,0.0008686705841682851
9,0,0.03850779551886928,0.12,0.053580790758132935,0.0007325191400013864
9,0,0.03848254828299165,0.12,0.002236703410744667,0.0006492977845482528
9,0,0.03821284809420065,0.12,0.002236703410744667,0.0005725135561078787
9,0,0.03568223948588865,0.12,0.001903626136481762,0.0004896429018117487
9,0,0.03004797125068212,0.12,0.001903626136481762,0.0003991883422713727
9,0,0.03210112684584618,0.14,0.001903626136481762,0.0007173044723458588
9,0,0.03288327614685828,0.14,0.00233941781334579,0.0008358031045645475
9,0,0.03403977525336318,0.14,0.0021439949050545692,0.0006437515839934349
9,0,0.03784848103395137,0.14,0.0013233419740572572,0.0005154855316504836
9,0,0.035300203767445186,0.14,0.0006156340823508799,0.00048478113603778183
9,0,0.03717131757196999,0.12,0.0006156340823508799,0.0005366760306060314
9,0,0.04082269365454374,0.08,0.0006156340823508799,0.0005890908068977296
9,0,0.04209518760669469,0.1,0.0006182188517414033,0.0007247010944411159
9,0,0.03803292785762246,0.1,0.0006182188517414033,0.00085495226085186
9,0,0.03246743576775744,0.1,0.0006182188517414033,0.0007204085122793913
9,0,0.02920390327338944,0.08,0.0006182188517414033,0.0006087688961997628
9,0,0.027051951474658966,0.08,0.0006324053392745554,0.0006168005056679249
9,0,0.0250510460068864,0.04,0.001736859092488885,0.0006388322217389941
9,0,0.02322420471679414,0.04,0.0016357852146029472,0.0005168478237465024
9,0,0.021265031128088977,0.04,0.0014829850988462567,0.0003204201639164239
9,0,0.020158352147482583,0.04,0.0012341340770944953,0.00027153929113410413
9,0,0.01976980249396234,0.04,0.0010850261896848679,0.00029883350362069905
9,0,0.018915166895815128,0.02,0.0015040625585243106,0.0003062953765038401
9,0,0.017925771957647826,0.02,0.0018193471478298306,0.0003237521159462631
9,0,0.01729559639423265,0.02,0.0018193471478298306,0.00035858500632457435
9,0,0.017094273027137178,0.02,0.0018193471478298306,0.0003633037267718464
9,0,0.017402655079272092,0.02,0.00211630342528224,0.0003667837881948799
9,0,0.017471401669196553,0.02,0.0015888209454715252,0.0003609675623010844
9,0,0.016498281374268845,0.02,0.0015888209454715252,0.00030163436895236373
9,0,0.015257995489622552,0.02,0.0016992228338494897,0.00031296833185479045
9,0,0.01471548396506192,0.02,0.002378880511969328,0.00030477222753688693
9,0,0.01451468958465409,0.02,0.0018078379798680544,0.0002830652520060539
9,0,0.014308505358226548,0.02,0.0018078379798680544,0.0002498944813851267
9,0,0.014360594788078287,0.04,0.0014945447910577059,0.00020547302847262472
9,0,0.015100314362857319,0.04,0.0015449608908966184,0.00015690068539697677
9,0,0.015948159409141346,0.04,0.0015449608908966184,0.00012999919999856502
9,0,0.01677213542610084,0.04,0.0015449608908966184,0.00011331084533594549
9,0,0.017746524973724396,0.04,0.0015449608908966184,9.933519322657958e-05
9,0,0.018759532927516434,0.04,0.0005274577997624874,8.832878665998578e-05
9,0,0.019808295382476113,0.04,0.0006557101150974631,7.842854392947629e-05
9,0,0.02061529100744733,0.04,0.00043941798503510654,0.0001306238555116579
9,0,0.020102820037834628,0.04,0.0003434492682572454,5.692940248991363e-05
9,0,0.01811494741088219,0.02,0.0003434492682572454,5.355747998692095e-05
9,0,0.021002451811077176,0.02,0.0002270528784720227,6.807447789469734e-05
9,0,0.024173462085208194,0.02,0.00021949918300379068,8.174211689038202e-05
9,0,0.02835414895063106,0.02,0.00016346828488167375,9.467110794503242e-05
9,0,0.03367668881804871,0.02,0.00013266302994452417,0.00010791868407977745
9,0,0.030063152786226177,0.02,0.00014441317762248218,0.00011391080624889582
9,0,0.02880964425512125,0.02,0.00014441317762248218,0.00014003153773956
9,0,0.03141762215379808,0.02,0.00012015309039270505,0.0001948919234564528
9,0,0.029348697739979505,0.02,0.0001397050655214116,0.000261075037997216
9,0,0.030705183101357173,0.02,0.00017419268260709941,0.0004066273686476052
9,0,0.030169148391884032,0.02,0.00022002238256391138,0.0006467248313128948
9,0,0.03170950955187741,0.02,0.0002633322146721184,0.0013739941641688347
9,0,0.028402145737197123,0.02,0.00039937489782460034,0.002243197523057461
9,0,0.025529469183892508,0.02,0.0005403359537012875,0.002440288895741105
9,0,0.023254022933062345,0.04,0.0005403359537012875,0.0024036394897848368
9,0,0.021442443451362325,0.04,0.0005403359537012875,0.002437562681734562
9,0,0.019969104982589244,0.06,0.00043360318522900343,0.0024727783165872097
9,0,0.01827872647938179,0.04,0.0004707741318270564,0.0025001897010952234
9,0,0.016334053752856608,0.04,0.0005211392999626696,0.002551963785663247
9,0,0.015203805490138087,0.04,0.0006548578967340291,0.002864410635083914
9,0,0.015653092814745317,0.04,0.0006548578967340291,0.00322097260504961
9,0,0.01565663760533328,0.02,0.0007574640330858529,0.0031613337341696024
9,0,0.014028179415451635,0.02,0.0007574640330858529,0.0037570088170468807
9,0,0.012933772794137547,0.02,0.00017222126189153641,0.004494628868997097
9,0,0.012411103156659798,0.04,0.00017222126189153641,0.004792687017470598
9,0,0.011652197981986698,0.04,0.00017222126189153641,0.004687645472586155
9,0,0.01078147063002099,0.04,0.00017222126189153641,0.004646196961402893
9,0,0.010302445775196034,0.04,9.839451377047226e-05,0.004783716052770615
9,0,0.01054834206994506,0.04,9.839451377047226e-05,0.004771214909851551
9,0,0.010893229997169887,0.04,9.839451377047226e-05,0.004507547244429588
9,0,0.01058214933536172,0.04,9.839451377047226e-05,0.004133184440433979
9,0,0.011073057215088576,0.04,9.839451377047226e-05,0.003307702951133251
9,0,0.012348253777129881,0.02,9.839451377047226e-05,0.002617075340822339
9,0,0.012423319521569767,0.02,0.00015163864009082317,0.002906958106905222
9,0,0.01208503385795934,0.02,0.00015163864009082317,0.003153412602841854
9,0,0.012332282169960967,0.04,8.826571138342842e-05,0.0036502196453511715
9,0,0.013459126203417425,0.04,9.72578491200693e-05,0.004406211897730827
9,0,0.015453249753625208,0.02,9.277937351725996e-05,0.004935664124786854
9,0,0.016001404944880223,0.02,0.0003486385103315115,0.005964124109596014
9,0,0.014160246748927002,0.02,0.0002981332072522491,0.008244709111750126
9,0,0.01545641288755913,0.02,0.00019259130931459367,0.013406085781753063
9,0,0.017070172179733757,0.02,0.00020473753102123737,0.01907128468155861
9,0,0.020285556141486347,0.02,0.00033138791332021356,0.0258485097438097
9,0,0.02718914778585562,0.02,0.00018918525893241167,0.0341276191174984
9,0,0.030656892420599793,0.02,0.00014907198783475906,0.03629130497574806
9,0,0.03657716689143762,0.02,0.00023347865499090403,0.039481524378061295
9,0,0.04070474869651973,0.02,0.00011281621118541807,0.04838810861110687
9,0,0.043425724412551825,0.02,0.00011281621118541807,0.06195348873734474
9,0,0.04587776856795575,0.02,9.627605322748423e-05,0.07117822021245956
9,0,0.04820229179013018,0.02,9.627605322748423e-05,0.07651723921298981
9,0,0.05526560334560438,0.02,0.00011982367868768051,0.08028443157672882
9,0,0.05035537867981804,0.02,0.00011982367868768051,0.07349143922328949
9,0,0.06028485737598086,0.02,0.00013192858023103327,0.07548189908266068
9,0,0.06497356347124796,0.04,0.00016449273971375078,0.06687315553426743
9,0,0.06245580711365244,0.06,0.0001810230896808207,0.05665849149227142
9,0,0.060089834549403164,0.06,0.0001810230896808207,0.04263291135430336
9,0,0.05940721151641648,0.06,0.00026051458553411067,0.033174946904182434
9,0,0.058318918795353426,0.08,0.0002139972784789279,0.027283985167741776
9,0,0.05734059911977164,0.08,0.0003654335450846702,0.019425105303525925
9,0,0.05525642623796708,0.1,0.0003654335450846702,0.013971290551126003
9,0,0.05311312075354304,0.12,0.0003654335450846702,0.01034555397927761
9,0,0.050652959128625066,0.12,0.0002139972784789279,0.008527054451406002
9,0,0.0471578290221294,0.1,0.0002139972784789279,0.00602810038253665
9,0,0.04390696377934809,0.1,0.0002535252133384347,0.003813242306932807
9,0,0.04029269695001094,0.12,0.0002843565889634192,0.0018695135368034244
9,0,0.03751410237506911,0.14,0.0002843565889634192,0.0011139201233163476
9,0,0.03324019942713389,0.16,0.000333198084263131,0.0007300128345377743
9,0,0.025336510427972695,0.1,0.00028708775062114,0.0003759903775062412
9,0,0.02363272859820814,0.08,0.00028708775062114,0.00018783772247843444
9,0,0.022998399845517024,0.08,0.00028708775062114,0.00011462329712230712
9,0,0.025212381593397892,0.08,0.00028708775062114,9.052782115759328e-05
9,0,0.021197509199951572,0.06,0.0003339928516652435,6.284573464654386e-05
9,0,0.018381947236645234,0.06,0.0009406780591234565,4.396083750179969e-05
9,0,0.016120806799098896,0.04,0.0007940994692035019,3.156506136292592e-05
9,0,0.014365708252223506,0.04,0.0010487774852663279,2.3845701434765942e-05
9,0,0.01293458630445745,0.02,0.0009020461002364755,1.6187117580557242e-05
9,0,0.0118358665920756,0.02,0.0009020461002364755,1.00330607892829e-05
9,0,0.011135722436560533,0.02,0.001061546616256237,7.885336344770622e-06
9,0,0.010926909277574401,0.04,0.0012519456213340163,7.340250704146456e-06
9,0,0.012703485989647104,0.04,0.0012519456213340163,1.0864072464755736e-05
9,0,0.012773585172076385,0.06,0.0011720909969881177,2.4249242414953187e-05
9,0,0.01378590134042998,0.06,0.0014591715298593044,5.254317511571571e-05
9,0,0.01427702179823255,0.06,0.0013517173938453197,9.59099706960842e-05
9,0,0.016032966940571877,0.06,0.0017221547896042466,9.475339174969122e-05
9,0,0.014947694805556723,0.04,0.0017221547896042466,6.0572278016479686e-05
9,0,0.013282642418246433,0.04,0.0017221547896042466,3.4547825634945184e-05
9,0,0.012137314935086796,0.02,0.0011556717799976468,1.909530874399934e-05
9,0,0.011953859601023914,0.02,0.0008192955865524709,1.0996212040481623e-05
9,0,0.012595248320940892,0.02,0.0008192955865524709,7.536811608588323e-06
9,0,0.013952950326213265,0.06,0.0007539884536527097,5.000299097446259e-06
9,0,0.015388174910899452,0.02,0.0004891676944680512,3.6043511499883607e-06
9,0,0.016045085449714263,0.02,0.0001816690928535536,3.0661767596029676e-06
9,0,0.016901347010236913,0.0,0.00018938884022645652,3.166833721479634e-06
9,0,0.01815131721794846,0.0,0.00020300244796089828,3.244079380237963e-06
9,0,0.01997762427791577,0.0,0.00011677605652948841,3.383999455763842e-06
9,0,0.023789261018857626,0.0,0.00012087903451174498,4.538783741736552e-06
9,0,0.030016091988469315,0.0,0.00018635667220223695,6.782116088288603e-06
9,1,0.9788565321957916,0.76,0.9997534155845642,0.9995458722114563
9,1,0.9780727643933937,0.76,0.9999220371246338,0.9993408918380737
9,1,0.9775819293935835,0.76,0.9999220371246338,0.9992722272872925
9,1,0.9791672200404915,0.76,0.9999220371246338,0.9991242289543152
9,1,0.9760818567166006,0.78,0.9999691247940063,0.9989500045776367
9,1,0.9725885014397802,0.78,0.9999691247940063,0.9988335967063904
9,1,0.9744880944396556,0.8,0.9999691247940063,0.9987769722938538
9,1,0.9749685832486946,0.8,0.9999691247940063,0.9986284375190735
9,1,0.9759370251726182,0.82,0.9999771118164062,0.9983753561973572
9,1,0.9779101096308614,0.82,0.9999758005142212,0.9982231259346008
9,1,0.9787319505437573,0.82,0.9999773502349854,0.9980230927467346
9,1,0.9788967760122098,0.8,0.9999780654907227,0.9978237748146057
9,1,0.9802719894938418,0.8,0.9999865293502808,0.9978896975517273
9,1,0.9816676022616455,0.78,0.999985933303833,0.9980327486991882
9,1,0.982106520543195,0.78,0.999985933303833,0.9980555772781372
9,1,0.9819721410106463,0.8,0.9999876022338867,0.9981811046600342
9,1,0.9817730628930268,0.8,0.9999895095825195,0.9984129667282104
9,1,0.9821696198699056,0.82,0.9999902248382568,0.9985752105712891
9,1,0.9829955027789788,0.82,0.9999902248382568,0.9986785650253296
9,1,0.9834877696279791,0.82,0.9999890327453613,0.9989859461784363
9,1,0.9834535551072361,0.78,0.9999890327453613,0.9992705583572388
9,1,0.9834449764737632,0.76,0.9999855756759644,0.9993856549263
9,1,0.9833841824523246,0.78,0.9999855756759644,0.9994410276412964
9,1,0.983248503776232,0.78,0.9999865293502808,0.999483048915863
9,1,0.9828374061674793,0.8,0.9999879598617554,0.9995264410972595
9,1,0.982048214009968,0.8,0.9999858140945435,0.999567985534668
9,1,0.981524022569637,0.8,0.9999847412109375,0.9996540546417236
9,1,0.9762953727074983,0.82,0.9999836683273315,0.9997217655181885
9,1,0.9699448643742757,0.84,0.9999867677688599,0.9997716546058655
9,1,0.9610573832611994,0.86,0.9999867677688599,0.999800443649292
9,1,0.9609606459795346,0.86,0.9999799728393555,0.9998409152030945
9,1,0.9604660950108089,0.84,0.9999799728393555,0.9998666644096375
9,1,0.9596645039831037,0.84,0.9999799728393555,0.9998817443847656
9,1,0.9589535342662493,0.84,0.9999799728393555,0.9998884797096252
9,1,0.9584065385497653,0.86,0.9999799728393555,0.999891459941864
9,1,0.9572790584543813,0.86,0.9999799728393555,0.9999020099639893
9,1,0.9566178740375202,0.86,0.9999799728393555,0.9999153017997742
9,1,0.9574832100221262,0.88,0.9999799728393555,0.9999176263809204
9,1,0.9594530606195933,0.88,0.9999814033508301,0.9999185800552368
9,1,0.9621133380226956,0.88,0.9999778270721436,0.9999198317527771
9,1,0.9649253728072462,0.88,0.9999778270721436,0.9999206066131592
9,1,0.967219913665424,0.88,0.9999778270721436,0.9999213218688965
9,1,0.9683754920090663,0.88,0.9999778270721436,0.9999156594276428
9,1,0.9667001593622997,0.88,0.9999762773513794,0.9999085068702698
9,1,0.9688009000873414,0.86,0.9999799728393555,0.9999135732650757
9,1,0.9672892672086385,0.86,0.9999799728393555,0.9999284744262695
9,1,0.9654997556243344,0.86,0.9999845027923584,0.9999398589134216
9,1,0.9670031425881882,0.84,0.9999845027923584,0.9999469518661499
9,1,0.9718118199802632,0.84,0.9999845027923584,0.9999526143074036
9,1,0.9710905485731943,0.84,0.9999858140945435,0.9999499917030334
9,1,0.9723645435952448,0.82,0.9999831914901733,0.9999505877494812
9,1,0.9742187636589845,0.82,0.9999831914901733,0.999951183795929
9,1,0.9757593390193258,0.82,0.9999843835830688,0.9999482035636902
9,1,0.9767660292438521,0.82,0.9999876022338867,0.9999459385871887
9,1,0.9781103578491221,0.8,0.9999847412109375,0.9999433159828186
9,1,0.9797215456819168,0.82,0.9999949932098389,0.9999403357505798
9,1,0.9811804929180521,0.82,0.9999949932098389,0.9999377727508545
9,1,0.9823855918334811,0.8,0.9999949932098389,0.9999359250068665
9,1,0.9834146976289744,0.82,0.9999949932098389,0.9999366998672485
9,1,0.9843028701583644,0.82,0.9999949932098389,0.9999393224716187
9,1,0.9850370314765128,0.82,0.9999957084655762,0.9999422430992126
9,1,0.9858803501594023,0.82,0.9999957084655762,0.9999452829360962
9,1,0.9866503602311019,0.82,0.9999955892562866,0.9999484419822693
9,1,0.9871797549638809,0.84,0.9999964237213135,0.9999561905860901
9,1,0.9879910929338481,0.84,0.9999958276748657,0.9999682903289795
9,1,0.9888304790581975,0.88,0.9999958276748657,0.9999777674674988
9,1,0.98931768795488,0.88,0.9999958276748657,0.9999826550483704
9,1,0.9895823469064019,0.88,0.9999958276748657,0.9999864101409912
9,1,0.9899423393260379,0.88,0.9999948740005493,0.9999887943267822
9,1,0.9902856020912862,0.88,0.9999948740005493,0.9999907612800598
9,1,0.9904430019040805,0.88,0.9999953508377075,0.9999933242797852
9,1,0.9906291344278795,0.88,0.9999927282333374,0.9999949336051941
9,1,0.9907803066986259,0.88,0.9999927282333374,0.9999960064888
9,1,0.9907028052395057,0.88,0.9999921321868896,0.9999970197677612
9,1,0.9904978228033873,0.88,0.999991774559021,0.999997615814209
9,1,0.9902402279518899,0.88,0.9999933242797852,0.9999978542327881
9,1,0.9898065520001765,0.88,0.9999926090240479,0.9999980926513672
9,1,0.989546729092318,0.88,0.9999929666519165,0.9999983906745911
9,1,0.9899605196745584,0.88,0.9999929666519165,0.9999988079071045
9,1,0.9908290229777041,0.88,0.9999912977218628,0.9999991655349731
9,1,0.9912937422701468,0.88,0.999990701675415,0.9999993443489075
9,1,0.9911165701882414,0.88,0.9999912977218628,0.9999993443489075
9,1,0.9908252808053489,0.88,0.9999912977218628,0.9999992847442627
9,1,0.9907793402351383,0.88,0.9999912977218628,0.9999992251396179
9,1,0.9910304309811923,0.88,0.999990701675415,0.9999991655349731
9,1,0.9914178932852193,0.88,0.999990701675415,0.9999991655349731
9,1,0.9917775552018284,0.88,0.999990701675415,0.9999991655349731
9,1,0.9920927922691608,0.88,0.999990701675415,0.9999991655349731
9,1,0.9923864972869058,0.88,0.999990701675415,0.9999991655349731
9,1,0.9926449369673346,0.88,0.999990701675415,0.9999991059303284
9,1,0.9928198868441807,0.88,0.999990701675415,0.999998927116394
9,1,0.9927824740220751,0.88,0.999990701675415,0.9999988079071045
9,1,0.9926796433543091,0.86,0.9999897480010986,0.9999985694885254
9,1,0.9924393919964968,0.86,0.9999914169311523,0.9999979734420776
9,1,0.9920898913721667,0.86,0.9999914169311523,0.9999970197677612
9,1,0.9924057621035968,0.84,0.9999914169311523,0.9999969601631165
9,1,0.9912052784102522,0.84,0.9999914169311523,0.9999968409538269
9,1,0.9917146046697544,0.84,0.9999938011169434,0.9999970197677612
9,1,0.9917071635730396,0.84,0.9999938011169434,0.9999964833259583
9,1,0.9915502917739698,0.84,0.9999935626983643,0.9999956488609314
9,1,0.9914957479527226,0.84,0.9999935626983643,0.9999943971633911
9,1,0.9914527891944135,0.84,0.9999935626983643,0.9999935626983643
9,1,0.9912150997549111,0.84,0.9999949932098389,0.9999901652336121
9,1,0.9902393851844421,0.84,0.9999955892562866,0.9999889135360718
9,1,0.9890170204735118,0.84,0.999995231628418,0.9999864101409912
9,1,0.9916360434532088,0.84,0.9999961853027344,0.9999856352806091
9,1,0.9906505034902705,0.84,0.9999951124191284,0.9999793171882629
9,1,0.9889977849025857,0.84,0.9999957084655762,0.9999562501907349
9,1,0.991506318791232,0.86,0.9999961853027344,0.9999470114707947
9,1,0.9917274665683132,0.84,0.9999957084655762,0.999944269657135
9,1,0.9914741520749026,0.84,0.9999957084655762,0.9999403357505798
9,1,0.9910123417501342,0.84,0.9999957084655762,0.999942421913147
9,1,0.9913919892968173,0.84,0.9999949932098389,0.9999479651451111
9,1,0.9917658875788362,0.84,0.9999949932098389,0.999946653842926
9,1,0.9916834303014886,0.82,0.9999949932098389,0.9999532103538513
9,1,0.990193343745499,0.82,0.9999955892562866,0.9999606013298035
9,1,0.9901226001521302,0.8,0.9999960660934448,0.9999727606773376
9,1,0.9909679561471426,0.8,0.9999957084655762,0.9999841451644897
9,1,0.9932646461489102,0.82,0.9999970197677612,0.9999923706054688
9,1,0.9939205045677567,0.82,0.9999946355819702,0.9999943375587463
9,1,0.9940962762529072,0.84,0.9999946355819702,0.9999962449073792
9,1,0.9941989076310861,0.84,0.9999946355819702,0.9999966621398926
9,1,0.9941652126849444,0.84,0.999994158744812,0.9999973177909851
9,1,0.9941181176572668,0.84,0.999994158744812,0.9999978542327881
9,1,0.9941490844398819,0.84,0.999994158744812,0.9999982714653015
9,1,0.9942976616664192,0.84,0.999994158744812,0.9999986290931702
9,1,0.9947798065318488,0.84,0.999993085861206,0.999998927116394
9,1,0.995068859020185,0.84,0.999993085861206,0.9999991655349731
9,1,0.9951359820992903,0.84,0.9999924898147583,0.9999993443489075
9,1,0.9950566372514025,0.84,0.9999924898147583,0.9999995231628418
9,1,0.9950832934240209,0.86,0.999993085861206,0.9999995231628418
9,1,0.995139446039962,0.86,0.999993085861206,0.9999995231628418
9,1,0.9952188989359069,0.86,0.999993085861206,0.9999995231628418
9,1,0.9953138346412844,0.86,0.9999932050704956,0.9999995231628418
9,1,0.9954260180034252,0.86,0.9999942779541016,0.999999463558197
9,1,0.995607495097246,0.86,0.9999942779541016,0.9999994039535522
9,1,0.9958152441054492,0.86,0.9999955892562866,0.999999463558197
9,1,0.996032602088489,0.86,0.9999936819076538,0.9999993443489075
9,1,0.9959990672164124,0.86,0.999994158744812,0.9999992847442627
9,1,0.9962130900120271,0.86,0.9999936819076538,0.9999992847442627
9,1,0.9961571324785562,0.86,0.9999954700469971,0.9999992847442627
9,1,0.9959572868767183,0.88,0.9999954700469971,0.9999991655349731
9,1,0.9958931477206413,0.88,0.9999954700469971,0.9999990463256836
9,1,0.9951830925742504,0.88,0.9999954700469971,0.9999986886978149
9,1,0.9952923028834341,0.88,0.9999958276748657,0.9999980926513672
9,1,0.9955329282862945,0.88,0.9999958276748657,0.9999974966049194
9,1,0.9960753398440051,0.88,0.9999958276748657,0.999997079372406
9,1,0.995601993108177,0.88,0.9999942779541016,0.9999954700469971
9,1,0.9951896611779519,0.88,0.9999951124191284,0.9999932646751404
9,1,0.9948919487823288,0.88,0.9999948740005493,0.9999907612800598
9,1,0.9947129554550681,0.88,0.9999948740005493,0.9999889135360718
9,1,0.9945972148237414,0.88,0.9999948740005493,0.9999873042106628
9,1,0.994603786936858,0.86,0.9999948740005493,0.9999863505363464
9,1,0.9947741823605036,0.8,0.999992847442627,0.9999873042106628
9,1,0.9948410157820734,0.78,0.999992847442627,0.9999870657920837
9,1,0.9946245044452113,0.82,0.9999957084655762,0.9999869465827942
9,1,0.9943448275861275,0.82,0.9999959468841553,0.9999914765357971
9,1,0.9936503358788589,0.82,0.9999948740005493,0.9999948143959045
9,1,0.992604071796684,0.82,0.9999961853027344,0.9999959468841553
9,1,0.9928150485660905,0.82,0.9999948740005493,0.9999966025352478
9,1,0.9932870642430208,0.82,0.9999959468841553,0.9999963045120239
9,1,0.9930911352288176,0.82,0.9999959468841553,0.9999969005584717
9,1,0.9930112524080251,0.82,0.9999946355819702,0.9999979734420776
9,1,0.9925438255337237,0.82,0.9999939203262329,0.9999986886978149
9,1,0.9923543016366868,0.8,0.9999939203262329,0.999998927116394
9,1,0.992556511098608,0.8,0.9999938011169434,0.9999988675117493
9,1,0.9927881510547648,0.76,0.9999912977218628,0.9999989867210388
9,1,0.9932478960034846,0.76,0.9999912977218628,0.9999991059303284
9,1,0.9932495984042333,0.74,0.9999910593032837,0.9999992847442627
9,1,0.9928976405330482,0.74,0.9999924898147583,0.9999994039535522
9,1,0.9926429545667601,0.76,0.9999915361404419,0.9999994039535522
9,1,0.992451670198523,0.78,0.9999915361404419,0.999999463558197
9,1,0.9922822458354712,0.78,0.9999915361404419,0.999999463558197
9,1,0.9920181580579043,0.78,0.9999923706054688,0.999999463558197
9,1,0.9916198287303835,0.78,0.9999923706054688,0.9999994039535522
9,1,0.9912595583555502,0.78,0.9999901056289673,0.9999992847442627
9,1,0.9914474857999317,0.76,0.9999901056289673,0.9999992251396179
9,1,0.9899804383284148,0.76,0.999993085861206,0.9999989867210388
9,1,0.9882773755022356,0.76,0.999993085861206,0.9999986886978149
9,1,0.9888689403808891,0.76,0.999993085861206,0.9999986886978149
9,1,0.9887032821854264,0.76,0.9999926090240479,0.9999985098838806
9,1,0.9883250539411342,0.78,0.9999916553497314,0.999998152256012
9,1,0.9880757883719532,0.78,0.9999881982803345,0.9999978542327881
9,1,0.9880274223879331,0.78,0.9999881982803345,0.9999975562095642
9,1,0.9879843210655006,0.78,0.9999884366989136,0.9999971389770508
9,1,0.9879567826535038,0.78,0.9999867677688599,0.9999963641166687
9,1,0.9884926542005589,0.78,0.9999852180480957,0.9999950528144836
9,1,0.9875212296135536,0.76,0.9999864101409912,0.9999901652336121
9,1,0.9874152115219118,0.76,0.9999897480010986,0.9999809861183167
9,1,0.9862742805709254,0.74,0.9999855756759644,0.9999675750732422
9,1,0.9868363977476486,0.76,0.9999804496765137,0.9999557137489319
9,1,0.9864116282505827,0.72,0.9999781847000122,0.9999359846115112
9,1,0.9857536453033967,0.72,0.9999803304672241,0.9999003410339355
9,1,0.9853559999143173,0.72,0.9999803304672241,0.9998334050178528
9,1,0.9849879146894748,0.72,0.9999803304672241,0.9997215867042542
9,1,0.9845002958644,0.72,0.9999803304672241,0.99956214427948
9,1,0.9848750572144334,0.72,0.9999803304672241,0.9994392991065979
9,1,0.985608907771217,0.74,0.9999812841415405,0.9992988705635071
9,1,0.9861673376987472,0.74,0.9999861717224121,0.998925507068634
9,1,0.9858212103512016,0.74,0.9999877214431763,0.9985759258270264
9,1,0.9851033348098027,0.74,0.9999877214431763,0.998136579990387
9,1,0.9846724320648755,0.76,0.9999878406524658,0.9971297383308411
9,1,0.9839298196360864,0.74,0.9999878406524658,0.9965761303901672
9,1,0.9830467138668115,0.74,0.9999829530715942,0.996656060218811
9,1,0.9820185216808556,0.74,0.9999767541885376,0.9970033168792725
9,1,0.981083233345862,0.72,0.9999767541885376,0.9973592758178711
9,1,0.9803336660566558,0.74,0.9999767541885376,0.9973978996276855
9,1,0.9802664317880259,0.76,0.999974250793457,0.9976343512535095
9,1,0.9813449216464436,0.76,0.999974250793457,0.9980710744857788
9,1,0.9818651917600009,0.76,0.9999709129333496,0.9985407590866089
9,1,0.9820997433050593,0.78,0.999976396560669,0.9983307719230652
9,1,0.982382980110079,0.78,0.999976396560669,0.9983533024787903
9,1,0.9821742818790731,0.78,0.9998294115066528,0.9984000325202942
9,1,0.9818548617607216,0.8,0.9998742341995239,0.9980681538581848
9,1,0.980393647409585,0.8,0.999910831451416,0.9981043934822083
9,1,0.9758154900470348,0.8,0.9999154806137085,0.9984859228134155
9,1,0.9625729898963192,0.8,0.9999324083328247,0.9986079335212708
9,1,0.9455475529701624,0.8,0.9999324083328247,0.998997151851654
9,1,0.9606918107968955,0.74,0.9999085664749146,0.9992941617965698
9,1,0.963939790395545,0.74,0.9999085664749146,0.9995995163917542
9,1,0.9627934887320116,0.74,0.9998939037322998,0.9996942281723022
9,1,0.961590672346329,0.74,0.9998939037322998,0.9997336268424988
9,1,0.9599711182835812,0.74,0.9998502731323242,0.9997984766960144
9,1,0.9582942407770156,0.74,0.9998502731323242,0.9998086094856262
9,1,0.9579799936156063,0.74,0.9998939037322998,0.9998045563697815
9,1,0.9585916841126435,0.74,0.9998939037322998,0.9998346567153931
9,1,0.9575769339215982,0.74,0.9999085664749146,0.9998469948768616
9,1,0.9553581400937345,0.74,0.9999085664749146,0.9998305439949036
9,1,0.9524551781794611,0.76,0.999903678894043,0.9997825622558594
9,1,0.9472922999064826,0.76,0.999903678894043,0.9996485114097595
9,1,0.9302055588869255,0.76,0.999903678894043,0.99866783618927
9,1,0.8883499375132076,0.76,0.9998908042907715,0.992140531539917
9,1,0.9038033415152223,0.76,0.9998941421508789,0.9776290655136108
9,1,0.9109337814245329,0.76,0.9998667240142822,0.9725667238235474
9,1,0.9009340569727723,0.76,0.9998193383216858,0.9561377763748169
9,1,0.8938814361880123,0.74,0.9998395442962646,0.9134142398834229
9,1,0.8833937013858382,0.74,0.9998395442962646,0.8418493866920471
9,1,0.8700683429137052,0.74,0.9996894598007202,0.7220734357833862
9,1,0.8682797612816362,0.74,0.9996894598007202,0.5144041776657104
9,1,0.8382998890785952,0.7,0.9996949434280396,0.22338473796844482
9,1,0.8292428063416782,0.68,0.9996949434280396,0.084476038813591
9,1,0.8096212558140491,0.66,0.9996949434280396,0.03711727261543274
9,1,0.7854296601755519,0.68,0.9993871450424194,0.023970071226358414
9,1,0.7249729616598455,0.7,0.9987027645111084,0.013650309294462204
9,1,0.6429380112626846,0.7,0.9976615905761719,0.007300393655896187
9,1,0.5253352242090462,0.7,0.9934788942337036,0.003932667896151543
9,1,0.6269357074295588,0.62,0.9690883159637451,0.003697689389809966
9,1,0.6511647650688309,0.6,0.9549863934516907,0.0030241222120821476
9,1,0.6496898662786535,0.6,0.9585919976234436,0.0025787227787077427
9,1,0.6610448091216141,0.6,0.9663099050521851,0.002292657271027565
9,1,0.6754923315018863,0.6,0.9663099050521851,0.0021368572488427162
9,1,0.6878063139001426,0.62,0.9616724252700806,0.0018617840250954032
9,1,0.7007582067912629,0.62,0.9616724252700806,0.0017386581748723984
9,1,0.7110918290470007,0.62,0.9616724252700806,0.0015800182009115815
9,1,0.7215384287199202,0.62,0.9599828124046326,0.0014648163923993707
9,1,0.7317284280037354,0.62,0.9629022479057312,0.0011657553259283304
9,1,0.7449682226534942,0.6,0.9691590070724487,0.0009854119271039963
9,1,0.7545784360096359,0.62,0.9691590070724487,0.0010090619325637817
9,1,0.7632624942919569,0.62,0.9691590070724487,0.0011042876867577434
9,1,0.7449989651715473,0.62,0.9691590070724487,0.0013630391331389546
9,1,0.7385052376629436,0.62,0.967986524105072,0.001953575760126114
9,1,0.7031095288881564,0.6,0.9755479693412781,0.0025438019074499607
9,1,0.6969322969374303,0.6,0.9828597903251648,0.00259009120054543
9,1,0.6765113899413965,0.62,0.9836702346801758,0.002288555260747671
9,1,0.6502861096829579,0.6,0.9834950566291809,0.002087515313178301
9,1,0.6371315813746862,0.6,0.9858901500701904,0.0021095541305840015
9,1,0.6254659238976524,0.6,0.9858901500701904,0.002210029400885105
9,1,0.6081585654099162,0.6,0.9871467351913452,0.002084951149299741
9,1,0.5918263322001079,0.58,0.9877041578292847,0.0017896302742883563
9,1,0.5735448932088698,0.6,0.9855535626411438,0.0014040239620953798
9,1,0.5492906136929269,0.6,0.9855535626411438,0.001063954085111618
9,1,0.5260794264670603,0.6,0.9855535626411438,0.0008008551667444408
9,1,0.5092379862445172,0.62,0.9855535626411438,0.000583913701120764
9,1,0.4981705686712351,0.62,0.9842570424079895,0.00044125900603830814
9,1,0.4883404411621719,0.6,0.9775275588035583,0.0003492191608529538
9,1,0.47867434550734045,0.6,0.9705599546432495,0.00029350206023082137
9,1,0.4671573078903873,0.6,0.9705599546432495,0.00026348690153099597
9,1,0.4555515554789376,0.6,0.9705599546432495,0.0002516854146961123
9,1,0.4322912833309084,0.62,0.9705599546432495,0.0002579552819952369
9,1,0.3718734578474674,0.62,0.9658418893814087,0.000250940938713029
9,1,0.2462369221602302,0.62,0.9568731188774109,0.00014876427303534
9,1,0.27380562814935866,0.64,0.9629970788955688,0.00017070455942302942
9,1,0.3775731827724772,0.56,0.9791908860206604,0.0005080945556983352
9,1,0.42721862116342585,0.54,0.9706177711486816,0.0004463964141905308
9,1,0.4253346973076548,0.5,0.9706177711486816,0.0002686797524802387
9,1,0.4178022019682468,0.5,0.9706177711486816,0.00020842648518737406
9,1,0.4202021130660961,0.5,0.9814939498901367,0.00018340050883125514
9,1,0.42502717872513834,0.48,0.9814939498901367,0.00016587154823355377
9,1,0.43549151593526736,0.44,0.9814939498901367,0.00014948277384974062
9,1,0.464339894549466,0.5,0.9814939498901367,0.00014284423377830535
9,1,0.4574795837318195,0.52,0.9814939498901367,0.00016065762611106038
9,1,0.47482634906531246,0.54,0.9814939498901367,0.0002009978488786146
9,1,0.48373899811399423,0.52,0.9771601557731628,0.0002325402310816571
9,1,0.5246696718817576,0.52,0.9798731803894043,0.00024427613243460655
9,1,0.5251634022045658,0.54,0.9830890893936157,0.00021817648666910827
9,1,0.5614832697511908,0.54,0.9830890893936157,0.00019213258929084986
9,1,0.5739666057097551,0.52,0.9811853766441345,0.0001606043369974941
9,1,0.5862758761552416,0.52,0.9872668385505676,0.00013790976663585752
9,1,0.6321103568481986,0.52,0.978741466999054,0.00010675645171431825
9,1,0.6437211300110198,0.52,0.978741466999054,0.00011873712355736643
9,1,0.6625294549147848,0.54,0.9768444895744324,0.00014253563131205738
9,1,0.6823125931833985,0.52,0.9791260957717896,0.00019129301654174924
9,1,0.7147495446285618,0.58,0.9827823042869568,0.00031738626421429217
9,1,0.7371387303400686,0.6,0.9827823042869568,0.00042618607403710485
9,1,0.7578142715356031,0.64,0.9827823042869568,0.0005365509423427284
9,1,0.7714212918393796,0.64,0.9502726793289185,0.0006608158582821488
9,1,0.756669977119313,0.64,0.9502726793289185,0.0008125911117531359
9,1,0.6730958700893989,0.64,0.9661291837692261,0.0006031009834259748
9,1,0.596467900959349,0.66,0.9265020489692688,0.0005017392686568201
9,1,0.592883983720591,0.6,0.9097931981086731,0.0007205448346212506
9,1,0.5692237998316357,0.6,0.9185501933097839,0.0007185610011219978
9,1,0.5747019447782011,0.6,0.9185501933097839,0.0007766181952320039
9,1,0.6113997567058708,0.54,0.8397562503814697,0.000932428112719208
9,1,0.6034552063391271,0.54,0.7543738484382629,0.0009360460680909455
9,1,0.6048254856410588,0.54,0.8276047706604004,0.0009727385477162898
9,1,0.6119462950689705,0.56,0.879361629486084,0.0009998064488172531
9,1,0.6044506472720296,0.58,0.879361629486084,0.0009409590857103467
9,1,0.5891535092043192,0.58,0.879361629486084,0.0008281840127892792
9,1,0.5764091059122276,0.58,0.870618462562561,0.000765862874686718
9,1,0.5713416815108487,0.58,0.9014003276824951,0.0007027448154985905
9,1,0.581014137736549,0.6,0.9355274438858032,0.0006848383345641196
9,1,0.5903172595809163,0.6,0.9355274438858032,0.0006271181628108025
9,1,0.5824898340043478,0.6,0.9355274438858032,0.0005545964231714606
9,1,0.5605920719000881,0.6,0.9315952658653259,0.00046440400183200836
9,1,0.5429064283419646,0.58,0.9387128949165344,0.0004143775440752506
9,1,0.5304102755213869,0.58,0.9387128949165344,0.0003913870023097843
9,1,0.5179349486485897,0.58,0.9387128949165344,0.0003457055427134037
9,1,0.5031681450919492,0.58,0.9379780888557434,0.000295042060315609
9,1,0.48778245793221714,0.58,0.9379780888557434,0.0002542157890275121
9,1,0.47701671016135644,0.58,0.9428866505622864,0.0002210883394582197
9,1,0.4675510586017468,0.6,0.9428866505622864,0.0001967018615687266
9,1,0.4586689777468439,0.62,0.9428866505622864,0.00017928062879946083
9,1,0.4450111163497465,0.62,0.9428866505622864,0.00013025295629631728
9,1,0.42949421949688965,0.6,0.9428866505622864,8.721692574908957e-05
9,1,0.4339166492522732,0.58,0.9428866505622864,9.356041846331209e-05
9,1,0.4618910550650918,0.58,0.9362208247184753,0.00011424281547078863
9,1,0.5059753398534266,0.58,0.9414306282997131,0.0001545604463899508
9,1,0.5609166076588243,0.58,0.9122105836868286,0.0002225438365712762
9,1,0.6131964809991105,0.58,0.9163333773612976,0.00031301009585149586
9,1,0.6498043916798257,0.6,0.9033898711204529,0.0003494745760690421
9,1,0.6700330055296151,0.6,0.8743417859077454,0.00035622873110696673
9,1,0.6884074645139879,0.64,0.9056755900382996,0.0006532130646519363
9,1,0.7036495375589003,0.64,0.9056755900382996,0.0009930217638611794
9,1,0.7103608790886109,0.64,0.9056755900382996,0.0010575634660199285
9,1,0.708370797213389,0.64,0.9056755900382996,0.0012449293863028288
9,1,0.675130730471251,0.66,0.8830157518386841,0.0011920484248548746
9,1,0.6828883830982431,0.66,0.831146240234375,0.0013318718411028385
9,1,0.7125955107046716,0.58,0.8137624859809875,0.0015375643270090222
9,1,0.7072087216168577,0.56,0.8137624859809875,0.0015763095580041409
9,1,0.7057308939465042,0.56,0.8137624859809875,0.0014577211113646626
9,1,0.7049456051192486,0.54,0.8137624859809875,0.0013357590651139617
9,1,0.7100873195079497,0.54,0.8411333560943604,0.0012988108210265636
9,1,0.7162439107893704,0.52,0.7691700458526611,0.0012631287099793553
9,1,0.7131857501048383,0.52,0.7691700458526611,0.0012313207844272256
9,1,0.7067054820333852,0.54,0.6748481392860413,0.0013059022603556514
9,1,0.7098437602134335,0.54,0.6313834190368652,0.0013068976113572717
9,1,0.7134153666768214,0.52,0.7450711131095886,0.001300727715715766
9,1,0.7054349512409339,0.52,0.7450711131095886,0.0012428760528564453
9,1,0.6928246030275956,0.52,0.6495237350463867,0.0011817100457847118
9,1,0.6830669525157386,0.52,0.6748481392860413,0.0010455482406541705
9,1,0.6760618354479742,0.52,0.6748481392860413,0.000980091281235218
9,1,0.6657128423835388,0.52,0.6495237350463867,0.0009018454002216458
9,1,0.6607158074868401,0.5,0.7464939951896667,0.0008789330022409558
9,1,0.6574106632324758,0.48,0.8491036295890808,0.0006147088715806603
9,1,0.6497073210305985,0.44,0.8491036295890808,0.0003600537311285734
9,1,0.6467479981252758,0.46,0.8491036295890808,0.00034327918547205627
9,1,0.6346406322146594,0.48,0.8491036295890808,0.0003078419831581414
9,1,0.6223188577915,0.5,0.7673216462135315,0.00035134918289259076
9,1,0.6150767453349946,0.5,0.7673216462135315,0.0003158459148835391
9,1,0.6096882915305931,0.48,0.5967544913291931,0.0002455187786836177
9,1,0.6078128858421306,0.48,0.5736508369445801,0.00023917140788398683
9,1,0.5983732893519275,0.5,0.7104531526565552,0.00026476942002773285
9,1,0.5922014606604968,0.48,0.6885214447975159,0.0002547039184719324
9,1,0.570407545989653,0.54,0.8424132466316223,0.00024395213404204696
9,1,0.575263474869682,0.54,0.8424132466316223,0.00025000792811624706
9,1,0.5429036909882364,0.54,0.8458912372589111,0.00022935097513254732
9,1,0.5496318433627434,0.56,0.8458912372589111,0.00033525394974276423
9,1,0.5433732385760972,0.56,0.8424132466316223,0.0005699738976545632
9,1,0.522159305873756,0.56,0.8424132466316223,0.0005052273045293987
9,1,0.5052710710164501,0.56,0.8424132466316223,0.0005688949022442102
9,1,0.4913451763577826,0.56,0.8424132466316223,0.0005124121671542525
9,1,0.48077656737844504,0.56,0.8424132466316223,0.0004588928131852299
9,1,0.47141557621929187,0.56,0.7456359267234802,0.00042352848686277866
9,1,0.46574960283950617,0.56,0.6710013747215271,0.00042286887764930725
9,1,0.46065134997912394,0.56,0.7554564476013184,0.0003693173930514604
9,1,0.4489837462735566,0.56,0.7726132273674011,0.000412080145906657
9,1,0.42068601504243563,0.56,0.7726132273674011,0.0003788251196965575
9,1,0.46599298426488445,0.56,0.7726132273674011,0.00039064185693860054
9,1,0.46337124575262695,0.56,0.7056576013565063,0.00039633482811041176
9,1,0.4742408515397285,0.56,0.7750657796859741,0.0004164799756836146
9,1,0.4842629718591498,0.56,0.7750657796859741,0.0004362763720564544
9,1,0.4885521232919903,0.56,0.684404194355011,0.0003562035853974521
9,1,0.5095465001630267,0.56,0.7545125484466553,0.00027995192795060575
9,1,0.5311094956862381,0.56,0.7545125484466553,0.00025593419559299946
9,1,0.5241861059975025,0.58,0.7545125484466553,0.00024321429373230785
9,1,0.5108514223928605,0.56,0.7688121795654297,0.00020320732437539846
9,1,0.5070294428990537,0.56,0.7883260846138,0.00020129741460550576
9,1,0.5149311285182311,0.56,0.7766250371932983,0.00020705442875623703
9,1,0.4810641242663421,0.54,0.7766250371932983,0.00016254055663011968
9,1,0.45307684557653877,0.54,0.7651067972183228,0.00014392762386705726
9,1,0.47269483654222794,0.54,0.7651067972183228,0.000158013790496625
9,1,0.4548633607371188,0.52,0.7651067972183228,0.00014412456948775798
9,1,0.414704099839047,0.52,0.761048436164856,0.00014122632273938507
9,1,0.44239079098365636,0.54,0.6733008623123169,0.00017774362640921026
9,1,0.4876456139838122,0.52,0.7516470551490784,0.00023985534789972007
9,1,0.4843035840782975,0.52,0.7716501951217651,0.00027052429504692554
9,1,0.49076703141445843,0.54,0.789834201335907,0.00027187218074686825
9,1,0.4871298180472112,0.54,0.7752099633216858,0.0002671262773219496
9,1,0.48151804830271056,0.56,0.7014052271842957,0.0002858297957573086
9,1,0.4843704899724931,0.56,0.6079699397087097,0.00031848804792389274
9,1,0.47373644208569016,0.54,0.6113346219062805,0.00030165049247443676
9,1,0.4571241436853733,0.52,0.37403571605682373,0.0002916785888373852
9,1,0.4556639374591474,0.52,0.45710837841033936,0.0003092648694291711
9,1,0.47204946566861405,0.52,0.45710837841033936,0.00031530673732049763
9,1,0.45005211843970283,0.54,0.7710601091384888,0.00028318160912021995
9,1,0.44098409460847066,0.56,0.8080734610557556,0.00031852145912125707
9,1,0.4689198321686606,0.58,0.8080734610557556,0.0004024727095384151
9,1,0.4657099717562749,0.58,0.8080734610557556,0.0005052826600149274
9,1,0.45963341168634875,0.58,0.8080734610557556,0.000499885412864387
9,1,0.4479748295603111,0.58,0.8080734610557556,0.0003144691581837833
9,1,0.4467682061411476,0.58,0.7928645014762878,0.00043091081897728145
9,1,0.44817527581102684,0.56,0.8134767413139343,0.0004470875719562173
9,1,0.44908451138366157,0.56,0.8048315644264221,0.0005389812868088484
9,1,0.44286543663894223,0.56,0.8193620443344116,0.00040707821608521044
9,1,0.4327311848005942,0.56,0.7766045928001404,0.00040836434345692396
9,1,0.4058899380264263,0.56,0.8319765329360962,0.0003887394559569657
9,1,0.43311955017345394,0.58,0.8319765329360962,0.0003266366256866604
9,1,0.4573731886740249,0.54,0.725225031375885,0.00027573114493861794
9,1,0.492269200490639,0.52,0.6291179060935974,0.0002591644006315619
9,1,0.47232824262157963,0.52,0.49852392077445984,0.00024234790180344135
9,1,0.4613658774341334,0.52,0.49852392077445984,0.0002335654862690717
9,1,0.4503125778966232,0.5,0.5137555599212646,0.00019731346401385963
9,1,0.45290412088533555,0.5,0.6167054772377014,0.0001795201242202893
9,1,0.4538054095533358,0.5,0.5031335353851318,0.00015031393559183925
9,1,0.4512259037253522,0.5,0.5031335353851318,0.00014829634164925665
9,1,0.45086881023440933,0.5,0.5031335353851318,0.00017751718405634165
9,1,0.44953169633783246,0.5,0.4748425781726837,0.00019728545157704502
9,1,0.44612189749411063,0.5,0.45524388551712036,0.0002284626680193469
9,1,0.43602598876448057,0.48,0.4336009621620178,0.00024202991335187107
9,1,0.4240317421697676,0.46,0.4336009621620178,0.0002289672993356362
9,1,0.4288317309739427,0.46,0.4380715787410736,0.00023173393856268376
9,1,0.4492089937845666,0.46,0.5708564519882202,0.0002508237084839493
9,1,0.46944209824078315,0.46,0.5708564519882202,0.00026427890406921506
9,1,0.4809664262625102,0.46,0.5708564519882202,0.00026765806251205504
9,1,0.48719607816308813,0.46,0.5708564519882202,0.00026915769558399916
9,1,0.4883786730726822,0.48,0.5663965940475464,0.00026422980590723455
9,1,0.48819348532782036,0.48,0.5663965940475464,0.000259023392572999
9,1,0.49066401398492737,0.48,0.5148133039474487,0.0002583322930149734
9,1,0.4960349656347229,0.48,0.5148133039474487,0.0002559527347330004
9,1,0.5103674762290381,0.5,0.5148133039474487,0.0002605555928312242
9,1,0.526182482213866,0.52,0.6119336485862732,0.00027501018485054374
9,1,0.5267939882498882,0.54,0.7147365808486938,0.0002741607022471726
9,1,0.5229492670276564,0.56,0.7147365808486938,0.0002567172050476074
9,1,0.5243922949718761,0.58,0.7147365808486938,0.00024664265220053494
9,1,0.52059115748657,0.58,0.8638049960136414,0.00023446847626473755
9,1,0.5140458584984998,0.58,0.8638049960136414,0.0002211633836850524
9,1,0.5069776269519026,0.58,0.8262723684310913,0.00021117540018167347
9,1,0.4922514133486604,0.58,0.8262723684310913,0.0001705202303128317
9,1,0.5105472622270875,0.56,0.8384994268417358,0.00013947876868769526
9,1,0.4916890560865517,0.56,0.8384994268417358,0.0001259096316061914
9,1,0.45612823842249245,0.54,0.8628474473953247,0.00011693295527948067
9,1,0.45223483490801025,0.56,0.8628474473953247,9.904981561703607e-05
9,1,0.44028692856223695,0.52,0.8628474473953247,8.993498340714723e-05
9,1,0.42700016436524074,0.52,0.8628474473953247,8.380195504287258e-05
9,1,0.41463883413258984,0.52,0.7674456238746643,8.055093348957598e-05
9,1,0.40839688346372205,0.5,0.7674456238746643,7.578563963761553e-05
9,1,0.40094225287761703,0.5,0.7674456238746643,6.960741302464157e-05
9,1,0.39362095842500444,0.48,0.7674456238746643,7.378232839982957e-05
9,1,0.4027665313505894,0.52,0.7314329147338867,8.8976084953174e-05
9,1,0.42254226130617667,0.52,0.7314329147338867,0.00010905777162406594
9,1,0.43654848141576347,0.52,0.7314329147338867,0.00015330316091421992
9,1,0.43867588998058094,0.5,0.8484765887260437,0.00022489146795123816
9,1,0.435741958850302,0.48,0.8313624858856201,0.0002735710877459496
9,1,0.4325070769602845,0.48,0.8313624858856201,0.0003612161090131849
9,1,0.4306737529311742,0.46,0.8313624858856201,0.0004492912266869098
9,1,0.43042722004693573,0.46,0.8313624858856201,0.0004628020687960088
9,1,0.4242187095754741,0.44,0.7562558650970459,0.0004723762394860387
9,1,0.40428327737782366,0.44,0.7197126150131226,0.0003550687979441136
9,1,0.3844319410024304,0.44,0.7302019596099854,0.00024359281815122813
9,1,0.3788175406745372,0.44,0.7658225893974304,0.00019260140834376216
9,1,0.38552112495508434,0.44,0.7658225893974304,0.00019842621986754239
9,1,0.39522598299535083,0.46,0.7658225893974304,0.0002574996615294367
9,1,0.40429114195367716,0.5,0.7690675854682922,0.0003444660978857428
9,1,0.45934931197855644,0.58,0.8737939596176147,0.0004699881828855723
9,1,0.4866754159047179,0.58,0.8737939596176147,0.0005164258182048798
9,1,0.5185255857476141,0.58,0.8737939596176147,0.000449378858320415
9,1,0.5493545514169939,0.58,0.8737939596176147,0.0004146491701249033
9,1,0.5751048250982884,0.58,0.9050256013870239,0.0003502108156681061
9,1,0.6009034053117372,0.56,0.8795645833015442,0.00039623474003747106
9,1,0.6213606442910229,0.54,0.8282252550125122,0.0004380918981041759
9,1,0.6288859659247759,0.54,0.8125746846199036,0.00045963816228322685
9,1,0.6193211584160422,0.54,0.8113736510276794,0.0004791784449480474
9,1,0.5898602597635101,0.58,0.8343853950500488,0.00044204649748280644
9,1,0.5335178317473454,0.6,0.8560488820075989,0.00045148836215958
9,1,0.44698164134460777,0.56,0.8547124862670898,0.0004730796499643475
9,1,0.43984787007520215,0.5,0.8547124862670898,0.0005255356663838029
9,1,0.39378689612941514,0.56,0.8611047863960266,0.0005656731082126498
9,1,0.3615265606405335,0.54,0.8940410017967224,0.0006242023082450032
9,1,0.33950768859009367,0.48,0.900031328201294,0.0006679154466837645
9,1,0.3259871110367763,0.5,0.900031328201294,0.0006938084261491895
9,1,0.32010827795651176,0.5,0.900031328201294,0.0007102066301740706
9,1,0.3197605021839215,0.48,0.8654434084892273,0.0007237132522277534
9,1,0.3186301159004439,0.48,0.8819177150726318,0.0007870409754104912
9,1,0.30543255141574344,0.46,0.8722561001777649,0.0009089035447686911
9,1,0.2756888873700346,0.46,0.847527027130127,0.000943460559938103
9,1,0.30464253022317084,0.4,0.6469824910163879,0.000988053041510284
9,1,0.3578183694888391,0.34,0.49780917167663574,0.0012030234793201089
9,1,0.36584942079759475,0.34,0.49780917167663574,0.0015035915421321988
9,1,0.3770992872896845,0.3,0.37671416997909546,0.0014755799202248454
9,1,0.3895057254775108,0.32,0.37671416997909546,0.0021864736918359995
9,1,0.3997145725980045,0.28,0.4779374897480011,0.0035417983308434486
9,1,0.40510021581386,0.26,0.5755524039268494,0.00459449365735054
9,1,0.40659554757060673,0.24,0.429907888174057,0.004761269316077232
9,1,0.40755220921140006,0.2,0.3813779652118683,0.005331816617399454
9,1,0.40814600655686223,0.2,0.4260849952697754,0.005461051128804684
9,1,0.4050650817949114,0.2,0.1278151571750641,0.00531308026984334
9,1,0.388880498538962,0.2,0.12489677220582962,0.004360836930572987
9,1,0.3664973985274754,0.2,0.12267743051052094,0.003124013775959611
9,1,0.3602975536835428,0.22,0.11614076793193817,0.0026030095759779215
9,1,0.3670665773615387,0.24,0.11614076793193817,0.001968952128663659
9,1,0.3801033363199307,0.24,0.18829339742660522,0.002398023148998618
9,1,0.39185964436214665,0.26,0.18829339742660522,0.002402438083663583
9,1,0.4095336880317854,0.26,0.18829339742660522,0.002425743732601404
9,1,0.3744490716535373,0.26,0.23641592264175415,0.0025959790218621492
9,1,0.34820495628707315,0.26,0.2412218600511551,0.002975928131490946
9,1,0.3021204908850742,0.26,0.22662441432476044,0.0031386527698487043
9,1,0.2997961501292961,0.22,0.22662441432476044,0.003069925820454955
9,1,0.2969960974658914,0.24,0.2421284019947052,0.0032139290124177933
9,1,0.2969514519408436,0.3,0.3242461681365967,0.003745822934433818
9,1,0.2980671940601939,0.3,0.38177695870399475,0.004680242855101824
9,1,0.2907168099633449,0.34,0.3551732003688812,0.008939361199736595
9,1,0.2733832557429261,0.32,0.3399442732334137,0.007727124262601137
9,1,0.2610627394731246,0.32,0.35985618829727173,0.007328985724598169
9,1,0.24152505470488242,0.34,0.26204460859298706,0.006451273337006569
9,1,0.22416499209969062,0.34,0.2516368329524994,0.01017250120639801
9,1,0.2076231711675088,0.36,0.31477245688438416,0.009165654890239239
9,1,0.19732665138550998,0.34,0.2442058026790619,0.012169258669018745
9,1,0.24441580330908147,0.36,0.5523635149002075,0.014450622722506523
9,1,0.25467996995359277,0.34,0.7010251879692078,0.009446007199585438
9,1,0.2320298441289378,0.36,0.7158287167549133,0.006755232810974121
9,1,0.2589705079758322,0.38,0.33502256870269775,0.005389862228184938
9,1,0.25834758749241143,0.34,0.36518430709838867,0.006196815054863691
9,1,0.2570509254391832,0.32,0.2963097393512726,0.01696089282631874
9,1,0.2530287809278269,0.24,0.37241706252098083,0.007385036442428827
9,1,0.2760735643305041,0.22,0.3407820463180542,0.011264491826295853
9,1,0.30362624166621704,0.22,0.25652238726615906,0.019650865346193314
9,1,0.31139798296963367,0.2,0.1352209895849228,0.026762591674923897
9,1,0.30898548894154215,0.22,0.1185041218996048,0.03284738212823868
9,1,0.3107691654533068,0.22,0.24626585841178894,0.03932537883520126
9,1,0.31849543530070423,0.24,0.25102129578590393,0.09584179520606995
9,1,0.31952906360595323,0.24,0.1580461710691452,0.21608281135559082
9,1,0.3062647397281689,0.28,0.07590260356664658,0.23284900188446045
9,1,0.2946106123203282,0.3,0.12682262063026428,0.3058919906616211
9,1,0.2904336592721032,0.32,0.1413966566324234,0.33904215693473816
9,1,0.2803576966189414,0.32,0.1413966566324234,0.3425557613372803
9,1,0.2583702068548132,0.32,0.16780990362167358,0.37501341104507446
9,1,0.24149010148852856,0.32,0.18153713643550873,0.3794022500514984
9,1,0.2210937114807143,0.36,0.498542457818985,0.42218017578125
9,1,0.19452214530648343,0.38,0.7159152030944824,0.44231337308883667
9,1,0.18060163920576847,0.38,0.6416929364204407,0.5015562772750854
9,1,0.17340362964844122,0.36,0.6416929364204407,0.49663954973220825
9,1,0.16812728394450555,0.34,0.47977325320243835,0.5117081999778748
9,1,0.1659481718888035,0.42,0.8815982341766357,0.6233174800872803
9,1,0.15846919391805037,0.42,0.9032326340675354,0.6648696064949036
9,1,0.14662077862648565,0.42,0.8967999219894409,0.6480650901794434
9,1,0.14256594404493472,0.42,0.9186975359916687,0.5827964544296265
9,1,0.14813478111841719,0.42,0.9008287191390991,0.506993293762207
9,1,0.15316771612162164,0.44,0.912075936794281,0.49368101358413696
9,1,0.15400111490664173,0.4,0.9113781452178955,0.4457980990409851
9,1,0.15517415087355668,0.42,0.8615419268608093,0.4587182104587555
9,1,0.15441818439321167,0.42,0.8615419268608093,0.45748284459114075
9,1,0.1546114508162228,0.42,0.856685221195221,0.46491166949272156
9,1,0.15543911163562488,0.42,0.873287558555603,0.4786933958530426
9,1,0.154286495932872,0.4,0.8620147109031677,0.4910571575164795
9,1,0.1467364761109428,0.4,0.6090612411499023,0.49092578887939453
9,1,0.126673885243967,0.32,0.05779237672686577,0.4344635009765625
9,1,0.13084190987986527,0.3,0.09076196700334549,0.3954164683818817
9,1,0.14080885950849342,0.24,0.05930633097887039,0.3185651898384094
9,1,0.12847622773706194,0.24,0.048833079636096954,0.1990271806716919
9,1,0.12481597497447686,0.26,0.043848466128110886,0.15342067182064056
9,1,0.12369235892980425,0.26,0.043848466128110886,0.17934256792068481
9,1,0.12028291282918648,0.26,0.043848466128110886,0.18813912570476532
9,1,0.11614626183284385,0.26,0.043848466128110886,0.18523536622524261
9,1,0.11291153295660707,0.26,0.05856639891862869,0.28913456201553345
9,1,0.10451558976776268,0.26,0.09835714101791382,0.41860684752464294
9,1,0.08289523706268637,0.24,0.2166164070367813,0.35161879658699036
9,1,0.07604944896376944,0.26,0.29376140236854553,0.20116153359413147
9,1,0.07312958911313332,0.26,0.5495178699493408,0.1655346155166626
9,1,0.082484286428431,0.26,0.4545919597148895,0.17887605726718903
9,1,0.08147753108348936,0.26,0.2990971803665161,0.18054386973381042
9,1,0.08366249495461311,0.26,0.27072611451148987,0.18369916081428528
9,1,0.0852615767193907,0.2,0.278721421957016,0.17566384375095367
9,1,0.08681395207708048,0.2,0.18222308158874512,0.17061860859394073
9,1,0.08660216171719164,0.26,0.19628682732582092,0.16598907113075256
9,1,0.08206454806072924,0.24,0.1924416869878769,0.1475842148065567
9,1,0.07414044617060361,0.26,0.11984136700630188,0.10342374444007874
9,1,0.06799723235125132,0.24,0.17432719469070435,0.06539305299520493
9,1,0.06636316161629488,0.2,0.17432719469070435,0.048423703759908676
9,1,0.0663533106566577,0.22,0.12454365193843842,0.028430262580513954
9,1,0.06638531816448165,0.24,0.2468993216753006,0.025093769654631615
9,1,0.06552623693102633,0.24,0.2468993216753006,0.021125443279743195
9,1,0.06432712825367788,0.28,0.2468993216753006,0.017531726509332657
9,1,0.06297050692102091,0.28,0.2468993216753006,0.014187316410243511
9,1,0.061664287615306984,0.3,0.2468993216753006,0.01191024575382471
9,1,0.061226950369497525,0.32,0.35738271474838257,0.011591756716370583
9,1,0.06058034010374863,0.32,0.43187204003334045,0.011132176034152508
9,1,0.05699854762708143,0.32,0.5154895186424255,0.009378987364470959
9,1,0.05416247567634207,0.32,0.5154895186424255,0.009645256213843822
9,1,0.054887618293411024,0.32,0.5154895186424255,0.010064106434583664
9,1,0.056045789954177166,0.34,0.47921332716941833,0.01533255074173212
9,1,0.0566598355264943,0.34,0.5121872425079346,0.01909760944545269
9,1,0.05836659826503998,0.34,0.47921332716941833,0.01834006793797016
9,1,0.06057779805504116,0.34,0.6236774921417236,0.011804986745119095
9,1,0.06578507897208084,0.34,0.6236774921417236,0.015674276277422905
9,1,0.0723645460617597,0.32,0.6738865375518799,0.021607115864753723
9,1,0.08187177188853713,0.34,0.6738865375518799,0.034392084926366806
9,1,0.07422096219656506,0.34,0.6738865375518799,0.06677562743425369
9,1,0.08512607929152899,0.32,0.2047203928232193,0.06445132941007614
9,1,0.09086985054792356,0.32,0.2410711795091629,0.04837018623948097
9,1,0.09311914637525463,0.32,0.3557521402835846,0.05264545977115631
9,1,0.09617698895860925,0.3,0.4384230971336365,0.09525405615568161
9,1,0.09917869390387951,0.34,0.7702244520187378,0.19375376403331757
9,1,0.09755382803665492,0.34,0.7702244520187378,0.2138807773590088
9,1,0.09209749583280039,0.3,0.5424210429191589,0.14451082050800323
9,1,0.09025958885011183,0.28,0.25308120250701904,0.10982149839401245
9,1,0.09253017079517392,0.28,0.25308120250701904,0.14056256413459778
9,1,0.09322367704948134,0.28,0.2772883474826813,0.15380893647670746
9,1,0.09584754997845958,0.28,0.37791261076927185,0.2956320643424988
9,1,0.09685804248924121,0.28,0.37791261076927185,0.3257239758968353
9,1,0.09751840191176953,0.28,0.3288806974887848,0.3780004680156708
9,1,0.09621198787364985,0.28,0.20265628397464752,0.38583990931510925
9,1,0.0910077887253571,0.26,0.3059009611606598,0.39219534397125244
9,1,0.09044584277473812,0.3,0.6307007074356079,0.6124494671821594
9,1,0.08721708407519722,0.26,0.6380401849746704,0.6388988494873047
9,1,0.07849581707350053,0.26,0.6637648940086365,0.6647376418113708
9,1,0.07633190985154976,0.26,0.585142970085144,0.747991681098938
9,1,0.0744242143310208,0.26,0.42764127254486084,0.791071891784668
9,1,0.06667784607614899,0.26,0.5572529435157776,0.7571703195571899
9,1,0.08183902260706573,0.28,0.5572529435157776,0.712141752243042
9,1,0.08427552225582723,0.32,0.5869295001029968,0.7076115608215332
9,1,0.0881723368602843,0.32,0.5694919228553772,0.7381306886672974
9,1,0.0891715788384671,0.3,0.5694919228553772,0.7666243314743042
9,1,0.08814337164406323,0.32,0.6144170761108398,0.8013427257537842
9,1,0.08616684635863855,0.32,0.6144170761108398,0.8168761730194092
9,1,0.08758089614546209,0.3,0.746436595916748,0.8027039766311646
9,1,0.09375293406462565,0.3,0.746436595916748,0.795905351638794
9,1,0.09617080774282141,0.3,0.746436595916748,0.7828596234321594
9,1,0.09583465335186417,0.34,0.746436595916748,0.742213785648346
9,1,0.1016250325285075,0.34,0.7500855922698975,0.7375997304916382
9,1,0.11307912016085063,0.34,0.7500855922698975,0.7659231424331665
9,1,0.13008310918134566,0.36,0.8521279096603394,0.8005337715148926
9,1,0.15107776530216865,0.36,0.8651793599128723,0.8277095556259155
9,1,0.17382578268354607,0.36,0.7764699459075928,0.856937050819397
9,1,0.1584830581293816,0.38,0.8956088423728943,0.8838649392127991
9,1,0.14610655796022154,0.4,0.9518027901649475,0.9123122692108154
9,1,0.13741577544183392,0.38,0.9518027901649475,0.9371345639228821
9,1,0.15792113939396724,0.42,0.9518027901649475,0.9551584720611572
9,1,0.15181987206251657,0.4,0.9425089955329895,0.9564375281333923
9,1,0.15569260345359878,0.38,0.9442567825317383,0.948649525642395
9,1,0.1719215599107335,0.36,0.8998998403549194,0.9530948996543884
9,1,0.21487945399480107,0.36,0.8998998403549194,0.960935115814209
9,1,0.2138923916537065,0.36,0.8998998403549194,0.9691575765609741
9,1,0.20270689919733786,0.36,0.9011691808700562,0.9722941517829895
9,1,0.18868933010704755,0.32,0.9011691808700562,0.9726780652999878
9,1,0.17747085450362798,0.32,0.9011691808700562,0.9770756363868713
9,1,0.17376658147195173,0.32,0.9011691808700562,0.9812490940093994
9,1,0.171149465110659,0.32,0.9262569546699524,0.9844669699668884
9,1,0.16803715123256205,0.34,0.8574856519699097,0.9870193600654602
9,1,0.16450929056098448,0.32,0.6704795360565186,0.988908588886261
9,1,0.16126489165053498,0.3,0.6704795360565186,0.9904489517211914
9,1,0.15794567761638367,0.28,0.9205154776573181,0.9913250803947449
9,1,0.15552467846991813,0.3,0.920635998249054,0.9921560883522034
9,1,0.1562811408339614,0.28,0.9209995865821838,0.9933207035064697
9,1,0.15655632445396533,0.3,0.9209995865821838,0.9937518239021301
9,1,0.1577888891896971,0.34,0.974030077457428,0.9940082430839539
9,1,0.1606178949140183,0.34,0.9768674373626709,0.9940745830535889
9,1,0.16310677699209183,0.36,0.9733896851539612,0.9940392374992371
9,1,0.16413780679871742,0.34,0.9782057404518127,0.9940653443336487
9,1,0.1548449303861338,0.34,0.9782057404518127,0.993051290512085
9,1,0.13495893460765745,0.34,0.9796140789985657,0.9909383654594421
9,1,0.12416168436425715,0.34,0.9776298999786377,0.99017333984375
9,1,0.12936108281433042,0.36,0.975896954536438,0.9893184900283813
9,1,0.1381051609770048,0.36,0.975896954536438,0.989035427570343
9,1,0.1393887450103649,0.32,0.965864896774292,0.9856140613555908
9,1,0.15492153628830466,0.32,0.9508018493652344,0.982087254524231
9,1,0.14382861263052021,0.36,0.9640586376190186,0.9830868244171143
9,1,0.15328624104229485,0.36,0.9667046666145325,0.9827307462692261
9,1,0.1419247313561883,0.4,0.9802187085151672,0.9791122674942017
9,1,0.11321526450795194,0.38,0.9776757955551147,0.9712825417518616
9,1,0.1048164994827042,0.32,0.9756498336791992,0.9547380208969116
9,1,0.10357049559071009,0.32,0.9516623616218567,0.935347855091095
9,1,0.1221155610679252,0.32,0.9064839482307434,0.924058735370636
9,1,0.12727021257289203,0.34,0.9334576725959778,0.9276862740516663
9,1,0.13678946194060773,0.32,0.9821802377700806,0.9345434904098511
9,1,0.14397778524442648,0.32,0.9735562801361084,0.9404051303863525
9,1,0.14906679042440818,0.32,0.9813714623451233,0.9436603784561157
9,1,0.1594514970647541,0.26,0.9813714623451233,0.9497690200805664
9,1,0.1828152918822928,0.28,0.9819968342781067,0.961982011795044
9,1,0.2045257072926928,0.3,0.9889758825302124,0.9700765013694763
9,1,0.21303111334209687,0.3,0.9889758825302124,0.9741443991661072
9,1,0.20721724525864857,0.3,0.9889758825302124,0.9745386838912964
9,1,0.19229570523352432,0.26,0.9889758825302124,0.9745074510574341
9,1,0.172621756431828,0.24,0.9819968342781067,0.9739934206008911
9,1,0.15681168149379227,0.2,0.9819968342781067,0.9742066264152527
9,1,0.14715560908567227,0.22,0.8878337740898132,0.9754841327667236
9,1,0.1395162110121582,0.22,0.9357141256332397,0.9773030281066895
9,1,0.13119173447005206,0.18,0.9357141256332397,0.9773865938186646
9,1,0.12879042258099044,0.18,0.9357141256332397,0.9794983863830566
9,1,0.1266041410906346,0.18,0.9558538794517517,0.9813776612281799
9,1,0.12333098433058728,0.14,0.9534206986427307,0.982501745223999
9,1,0.12065270719001688,0.12,0.946207582950592,0.984127402305603
9,1,0.11837140818888536,0.12,0.946207582950592,0.9856840372085571
9,1,0.11040914556866539,0.12,0.9359983205795288,0.9854303002357483
9,1,0.10140259479248077,0.1,0.8537125587463379,0.9851695895195007
9,1,0.09789997905408451,0.1,0.8411446809768677,0.9857353568077087
9,1,0.09775283300934555,0.1,0.8411446809768677,0.9862646460533142
9,1,0.09694786416165577,0.1,0.8298251032829285,0.9866535663604736
9,1,0.09452979320301698,0.1,0.8298251032829285,0.9873640537261963
9,1,0.08629212696229183,0.1,0.9711010456085205,0.9843997955322266
9,1,0.07799798720602405,0.14,0.9711010456085205,0.980980634689331
9,1,0.07393155814033846,0.16,0.9711010456085205,0.9781150221824646
9,1,0.07601183436989987,0.18,0.9727396368980408,0.9802975654602051
9,1,0.07792620012225383,0.18,0.9727396368980408,0.9757590889930725
9,1,0.0842843643233997,0.2,0.9597340226173401,0.9716365337371826
9,1,0.0761685532088903,0.22,0.9350895285606384,0.9704067707061768
9,1,0.07012204930042298,0.24,0.9696100950241089,0.9715014696121216
9,1,0.07370738613418241,0.24,0.9696100950241089,0.9679120779037476
9,1,0.07056340859093158,0.3,0.9728473424911499,0.9553975462913513
9,1,0.06773886706093084,0.28,0.9384017586708069,0.9446083903312683
9,1,0.06793495235434777,0.28,0.9363600611686707,0.9362502098083496
9,1,0.0753317180111618,0.3,0.9719131588935852,0.935612678527832
9,1,0.07977202982757792,0.28,0.9846858978271484,0.9346166849136353
9,1,0.0780313641692733,0.24,0.8955687284469604,0.9214614033699036
9,1,0.07755621057265868,0.24,0.8332263827323914,0.9016161561012268
9,1,0.08286709256312295,0.26,0.8332263827323914,0.904062807559967
9,1,0.08949384295608241,0.28,0.8915051817893982,0.9090234637260437
9,1,0.09882623875172031,0.28,0.8915051817893982,0.9169407486915588
9,1,0.09017920986907718,0.26,0.8944923281669617,0.9324706792831421
9,1,0.08580443658802109,0.26,0.9100619554519653,0.9430649876594543
9,1,0.09867742014681037,0.28,0.9100619554519653,0.9551616907119751
9,1,0.10101917724969399,0.28,0.9100619554519653,0.9593059420585632
9,1,0.10039235912027179,0.28,0.9100619554519653,0.9623054265975952
9,1,0.10314410829971071,0.26,0.9410030245780945,0.9665426015853882
9,1,0.10644553390749906,0.26,0.9429048895835876,0.9707062244415283
9,1,0.10755602198554393,0.26,0.9363315105438232,0.9738927483558655
9,1,0.1083311619785459,0.26,0.9412253499031067,0.9771711230278015
9,1,0.11031947387631898,0.26,0.9412253499031067,0.9784080982208252
9,1,0.11464393124185994,0.24,0.9371424913406372,0.9818646907806396
9,1,0.12310942823885668,0.2,0.9432815909385681,0.9787167310714722
9,1,0.11132180960859649,0.16,0.7070351243019104,0.9551711678504944
9,1,0.09825453077575151,0.22,0.7147030830383301,0.8914706707000732
9,1,0.09600299719268898,0.22,0.8373416066169739,0.8780035972595215
9,1,0.09311220545662155,0.28,0.853643000125885,0.9150428771972656
9,1,0.09176852132078459,0.3,0.8950217962265015,0.9488314986228943
9,1,0.08822333081577381,0.28,0.8851574659347534,0.9628020524978638
9,1,0.08476155755543824,0.24,0.8257077932357788,0.9694178104400635
9,1,0.08117830331324873,0.26,0.850917637348175,0.9751665592193604
9,1,0.08292025979451474,0.26,0.8615520000457764,0.9814962148666382
9,1,0.08889774362161004,0.26,0.8401620984077454,0.9866120219230652
9,1,0.0961340302979127,0.28,0.8401620984077454,0.9899613857269287
9,1,0.1046859445096313,0.24,0.8401620984077454,0.9924437999725342
9,1,0.11510645280656777,0.28,0.847956120967865,0.9934381246566772
9,1,0.12833777264190357,0.28,0.9341586232185364,0.9939152002334595
9,1,0.14502605412243477,0.32,0.9341586232185364,0.9941955208778381
9,1,0.16353527709140858,0.34,0.9341586232185364,0.9943975210189819
9,1,0.18185844733248918,0.34,0.9045524597167969,0.9944024085998535
9,1,0.19963516478854054,0.36,0.9045524597167969,0.9939894676208496
9,1,0.2171311460215523,0.36,0.9302433729171753,0.9932132363319397
9,1,0.22846200321217883,0.38,0.9302433729171753,0.9923309683799744
9,1,0.23826865840785308,0.36,0.9294746518135071,0.9914495944976807
9,1,0.2380460128317944,0.38,0.9467001557350159,0.9905185103416443
9,1,0.2081133977768433,0.38,0.9095125794410706,0.9864331483840942
9,1,0.1990525852871805,0.36,0.9456272125244141,0.9757163524627686
9,1,0.20286390180050332,0.42,0.8894781470298767,0.9678199291229248
9,1,0.23306338231533283,0.42,0.8499632477760315,0.9617258310317993
9,1,0.23082225230610373,0.4,0.8422529697418213,0.9513925909996033
9,1,0.23088865676662618,0.38,0.8408477306365967,0.9375087022781372
9,1,0.23087365793743425,0.38,0.8624331951141357,0.9257718920707703
9,1,0.22719745444657632,0.36,0.8516976833343506,0.9179168343544006
9,1,0.22389611944348828,0.34,0.8516976833343506,0.9036154747009277
9,1,0.222557441717514,0.32,0.8352214097976685,0.8766531944274902
9,1,0.22535008139377755,0.3,0.8352214097976685,0.8580077886581421
9,1,0.24166413846860416,0.28,0.8447231650352478,0.8346619009971619
9,1,0.26348993691692246,0.28,0.8447231650352478,0.8094875812530518
9,1,0.27349464824280934,0.3,0.8447231650352478,0.8218075037002563
9,1,0.2746924419383703,0.3,0.8447231650352478,0.8710981011390686
9,1,0.27607112012027823,0.32,0.856408953666687,0.9089756011962891
9,1,0.27620505439482734,0.32,0.856408953666687,0.9191914796829224
9,1,0.27552584339951497,0.32,0.8742796778678894,0.9320327639579773
9,1,0.2815098835692624,0.34,0.8742796778678894,0.9396362900733948
9,1,0.27967526474455506,0.32,0.923119068145752,0.9420657157897949
9,1,0.2588406782639656,0.3,0.923119068145752,0.9407734870910645
9,1,0.23089045526354243,0.3,0.923119068145752,0.9351251721382141
9,1,0.24105511168136765,0.28,0.9068209528923035,0.9319028854370117
9,1,0.22927254686917395,0.32,0.8980036973953247,0.9387433528900146
9,1,0.2367972101370114,0.3,0.9043000340461731,0.9337848424911499
9,1,0.2179858801128766,0.3,0.9125760197639465,0.9229130744934082
9,1,0.2612060219187704,0.32,0.9193220734596252,0.937188982963562
9,1,0.31346875681496483,0.34,0.9218647480010986,0.9521188735961914
9,1,0.31609533243411053,0.34,0.8950988054275513,0.9535412788391113
9,1,0.32060528809478966,0.36,0.8893135190010071,0.9555667638778687
9,1,0.34185440306386433,0.38,0.8893135190010071,0.9558080434799194
9,1,0.3260202142463443,0.38,0.9010220170021057,0.9595466256141663
9,1,0.32202323859460874,0.38,0.9072188138961792,0.9631699919700623
9,1,0.30128239217958674,0.38,0.9072188138961792,0.9669186472892761
9,1,0.32109870744195584,0.38,0.9162054657936096,0.9684327840805054
9,1,0.3329228555187259,0.38,0.9578782320022583,0.9695203900337219
9,1,0.34226283000627195,0.42,0.9578782320022583,0.9705731868743896
9,1,0.3511231830987663,0.44,0.9578782320022583,0.9713772535324097
9,1,0.3598584013741469,0.46,0.9662352204322815,0.9722630977630615
9,1,0.3664773002715316,0.48,0.9662352204322815,0.9742112755775452
9,1,0.368981637907482,0.46,0.9322457313537598,0.97353196144104
9,1,0.34451068932014794,0.44,0.9322457313537598,0.968528687953949
9,1,0.35974932519205255,0.42,0.9591509103775024,0.9615543484687805
9,1,0.3899934776312877,0.42,0.9598642587661743,0.9555341005325317
9,1,0.37994728970888714,0.46,0.9702820181846619,0.9498855471611023
9,1,0.37598877001490477,0.48,0.9836183190345764,0.9438738226890564
9,1,0.3818046982251073,0.5,0.9799917936325073,0.9364736080169678
9,1,0.3447569704874606,0.46,0.9679117798805237,0.9362438321113586
9,1,0.33070028695074344,0.5,0.9679117798805237,0.943107008934021
9,1,0.3124977890230556,0.52,0.9839171171188354,0.9542154669761658
9,1,0.3314707920339635,0.5,0.9622310400009155,0.9449338316917419
9,1,0.3392548666277104,0.46,0.9647183418273926,0.9279400706291199
9,1,0.34611547201526155,0.48,0.936693549156189,0.8983368873596191
9,1,0.3600217708910114,0.46,0.936693549156189,0.884880542755127
9,1,0.37887734660021377,0.44,0.936693549156189,0.8681514263153076
9,1,0.3866358941173299,0.44,0.9505751729011536,0.8751394748687744
9,1,0.3882219759583984,0.42,0.9505751729011536,0.9072266221046448
9,1,0.3961168218916025,0.42,0.9339592456817627,0.932583212852478
9,1,0.4074731905431989,0.38,0.9339592456817627,0.9383264780044556
9,1,0.41098662331407054,0.34,0.9300691485404968,0.9401482939720154
9,1,0.4131795943855613,0.3,0.9362736940383911,0.9424601197242737
9,1,0.42369098219455426,0.3,0.9187188744544983,0.946060299873352
9,1,0.43630895208023435,0.26,0.8532763123512268,0.9559765458106995
9,1,0.4567034711988267,0.28,0.844201385974884,0.964586615562439
9,1,0.4181118661741636,0.3,0.8013876080513,0.96638023853302
9,1,0.3867135004393264,0.3,0.8205199837684631,0.9704182147979736
9,1,0.36351938930959443,0.28,0.8372344970703125,0.9693509936332703
9,1,0.3257028673661299,0.3,0.8956413269042969,0.9608269929885864
9,1,0.33021670425212374,0.32,0.9012433290481567,0.9615946412086487
9,1,0.32646848614838164,0.34,0.9019500613212585,0.9665952324867249
9,1,0.3222936358163579,0.32,0.8665002584457397,0.9705952405929565
9,1,0.3275262664880259,0.36,0.8574193120002747,0.9698107242584229
9,1,0.3376404772671656,0.36,0.8475132584571838,0.9695067405700684
9,1,0.3536658527675647,0.36,0.8564280867576599,0.9677566289901733
9,1,0.37150046543582727,0.38,0.9498986601829529,0.9650688171386719
9,1,0.3855194723356981,0.4,0.9651871919631958,0.9722289443016052
9,1,0.3860733339397113,0.4,0.9830164313316345,0.9811937212944031
9,1,0.3788766896701426,0.44,0.9816800355911255,0.9866751432418823
9,1,0.38220045604625325,0.5,0.9807862639427185,0.9883736968040466
9,1,0.3909769388501346,0.46,0.969308614730835,0.9882489442825317
9,1,0.3932500082856304,0.44,0.9683199524879456,0.9875378012657166
9,1,0.40112084173012275,0.44,0.9264898896217346,0.9860695600509644
9,1,0.4113941928846122,0.44,0.9645563960075378,0.9845588803291321
9,1,0.426690280402613,0.46,0.956828773021698,0.9829955697059631
9,1,0.46415973349709705,0.48,0.9958166480064392,0.980995237827301
9,1,0.41592732172156416,0.52,0.9959844350814819,0.9717893600463867
9,1,0.38862419162302136,0.52,0.9985170960426331,0.959421694278717
9,1,0.41066500561411545,0.46,0.9971297383308411,0.9535366892814636
9,1,0.45426335276828594,0.48,0.9948822259902954,0.9530550241470337
9,1,0.4452265953895483,0.46,0.9958465695381165,0.9481143951416016
9,1,0.4353978596565877,0.46,0.9962853193283081,0.9422979354858398
9,1,0.4315241312671758,0.46,0.9962853193283081,0.9323866367340088
9,1,0.43654332289648023,0.46,0.9984649419784546,0.9167141318321228
9,1,0.4373132877506346,0.44,0.9983844757080078,0.9053841233253479
9,1,0.4384311743009483,0.44,0.9967948794364929,0.9033892154693604
9,1,0.43067524133943863,0.46,0.9958070516586304,0.9081949591636658
9,1,0.40629501412342317,0.46,0.995635449886322,0.9106318354606628
9,1,0.3897046685850184,0.46,0.9963931441307068,0.902357280254364
9,1,0.38905420916304906,0.46,0.9963931441307068,0.8988226652145386
9,1,0.40366047897112,0.46,0.9966385364532471,0.8897391557693481
9,1,0.41979598832155446,0.48,0.9974103569984436,0.8816309571266174
9,1,0.4293838553818443,0.44,0.9974103569984436,0.8848259449005127
9,1,0.43444235808449566,0.42,0.9972188472747803,0.8887253999710083
9,1,0.4378546434328374,0.42,0.9974836707115173,0.8927754163742065
9,1,0.443769634355413,0.42,0.9954745173454285,0.8899722099304199
9,1,0.44850926768649774,0.38,0.9954745173454285,0.8801558613777161
9,1,0.4511529512032215,0.38,0.9863761067390442,0.8723111152648926
9,1,0.4517281718782569,0.38,0.9863761067390442,0.8744150400161743
9,1,0.45211345653480317,0.36,0.9897896647453308,0.8780913949012756
9,1,0.4558069353440848,0.34,0.9897896647453308,0.87969970703125
9,1,0.4558859897271134,0.34,0.9944288730621338,0.8781498074531555
9,1,0.4427981757656425,0.36,0.9885329008102417,0.8764721155166626
9,1,0.41615239466792653,0.38,0.9883918166160583,0.8756829500198364
9,1,0.3911926048573743,0.4,0.9883918166160583,0.8779042959213257
9,1,0.3706953793186096,0.38,0.9883918166160583,0.8812320232391357
9,1,0.35196167823944763,0.4,0.9884828925132751,0.883755624294281
9,1,0.33539980966815797,0.44,0.9880055785179138,0.885657787322998
9,1,0.32925477595092933,0.46,0.9880055785179138,0.8915343284606934
9,1,0.3034466606909,0.42,0.9880055785179138,0.8804466724395752
9,1,0.32875381365142675,0.4,0.9981910586357117,0.8768289685249329
9,1,0.3727251294969032,0.42,0.9992094039916992,0.8726286292076111
9,1,0.39833662421635857,0.4,0.9992094039916992,0.8678101301193237
9,1,0.3906849862191343,0.4,0.9993226528167725,0.8548780679702759
9,1,0.41852660781427015,0.38,0.9988466501235962,0.8764539361000061
9,1,0.42531827932044836,0.38,0.9992377758026123,0.8963890671730042
9,1,0.4305982628782326,0.38,0.9992377758026123,0.9090229272842407
9,1,0.44128570386951166,0.4,0.9992296695709229,0.9175772666931152
9,1,0.4470858043993932,0.38,0.9992316961288452,0.9233999252319336
9,1,0.442450677837569,0.38,0.9992652535438538,0.9283477067947388
9,1,0.4364657694083811,0.38,0.9992440938949585,0.9333350658416748
9,1,0.43398717907781736,0.42,0.9992440938949585,0.9364904165267944
9,1,0.43032047664437584,0.42,0.9992440938949585,0.9447380304336548
9,1,0.420233186136517,0.42,0.9992440938949585,0.9524219632148743
9,1,0.4078718405821834,0.4,0.9987000226974487,0.9570796489715576
9,1,0.3907506113804588,0.4,0.9985357522964478,0.9611560702323914
9,1,0.3716056343299954,0.4,0.9985357522964478,0.9616889953613281
9,1,0.3540558193036633,0.4,0.9991400241851807,0.9562479853630066
9,1,0.3392902179353465,0.4,0.9988487958908081,0.9489186406135559
9,1,0.3297452435232041,0.42,0.998040497303009,0.9384409189224243
9,1,0.32978700180886156,0.42,0.998040497303009,0.9251218438148499
9,1,0.3315951687905417,0.42,0.9976160526275635,0.9127463698387146
9,1,0.32308934113225063,0.42,0.9974542260169983,0.891039252281189
9,1,0.3030543624024791,0.4,0.9974542260169983,0.8742995262145996
9,1,0.28721226547702794,0.4,0.9974542260169983,0.8573415875434875
9,1,0.26591254122081687,0.4,0.9969852566719055,0.8403521180152893
9,1,0.24702423690527073,0.4,0.9969852566719055,0.8267769813537598
9,1,0.23133968877868655,0.38,0.9977466464042664,0.8168278932571411
9,1,0.21996856242807047,0.38,0.9977466464042664,0.8138660788536072
9,1,0.20774111381673274,0.4,0.9977466464042664,0.8236134052276611
9,1,0.1996944514406277,0.42,0.9980106949806213,0.42648452520370483
9,1,0.17970997875581282,0.42,0.9984015822410583,0.8473597764968872
9,1,0.18848692233438746,0.42,0.9982470273971558,0.8925610780715942
9,1,0.20335353090852404,0.46,0.9990611672401428,0.9312474131584167
9,1,0.23556930854905817,0.46,0.9989702701568604,0.9563403725624084
9,1,0.2272927014277934,0.46,0.9989702701568604,0.9597532153129578
9,1,0.22177920341655177,0.46,0.9990125894546509,0.9589260220527649
9,1,0.2191248773366719,0.46,0.9990125894546509,0.9494375586509705
9,1,0.22434046246302816,0.46,0.9989493489265442,0.9471970796585083
9,1,0.23039743835081067,0.48,0.9983202815055847,0.9455434083938599
9,1,0.22914843473491625,0.48,0.9983202815055847,0.9486069083213806
9,1,0.23137312267542756,0.5,0.9983202815055847,0.9545819759368896
9,1,0.24551146766546175,0.56,0.9983510971069336,0.9600898623466492
9,1,0.2698737752741495,0.54,0.9969124794006348,0.969937264919281
9,1,0.2550776561047146,0.54,0.9969021081924438,0.972923755645752
9,1,0.22113712674375163,0.56,0.9973565340042114,0.9783512949943542
9,1,0.18145433969231287,0.58,0.9894134998321533,0.979559600353241
9,1,0.19568354689020181,0.56,0.9903606176376343,0.9727008938789368
9,1,0.2518297146891311,0.56,0.9903606176376343,0.965225100517273
9,1,0.2591203962163941,0.56,0.992567777633667,0.9634860754013062
9,1,0.2694537787111637,0.48,0.9890457987785339,0.9611221551895142
9,1,0.2738604410379766,0.48,0.9799220561981201,0.9582986831665039
9,1,0.2593503844934176,0.48,0.9799220561981201,0.9530457258224487
9,1,0.23716853879797212,0.48,0.9721222519874573,0.9378999471664429
9,1,0.23085474374140919,0.46,0.9721222519874573,0.911621630191803
9,1,0.23440945370997554,0.42,0.9790944457054138,0.8597076535224915
9,1,0.22002758364338537,0.42,0.9790944457054138,0.8855229616165161
9,1,0.21586665781945383,0.48,0.9918211698532104,0.898611843585968
9,1,0.22573023923108582,0.48,0.9904933571815491,0.9016662836074829
9,1,0.2225927629146559,0.48,0.9913865327835083,0.9383628964424133
9,1,0.2046878744487785,0.5,0.9894746541976929,0.9598890542984009
9,1,0.19159495817204372,0.52,0.9894746541976929,1.83244126253021e-13
9,1,0.1701192977121526,0.5,0.9909700155258179,0.9543318748474121
9,1,0.15923371291542757,0.52,0.9909700155258179,0.9499034881591797
9,1,0.15334423872218647,0.52,0.9909700155258179,0.9527103304862976
9,1,0.15002019051737764,0.52,0.9893194437026978,0.9393672943115234
9,1,0.14746135675974967,0.5,0.9893194437026978,0.9354450106620789
9,1,0.14725043607589428,0.46,0.9627999067306519,0.9327399730682373
9,1,0.15057665862930847,0.46,0.9601523280143738,0.935607373714447
9,1,0.15831439800438518,0.48,0.9601523280143738,0.9457418918609619
9,1,0.1647146033845721,0.5,0.9699362516403198,0.9527565836906433
9,1,0.16448130874286998,0.5,0.9699362516403198,0.9584289193153381
9,1,0.16533120898369877,0.52,0.9699362516403198,0.9660273790359497
9,1,0.16350645390582239,0.5,0.9743170738220215,0.9661617279052734
9,1,0.16153023105604353,0.5,0.9743170738220215,0.9677789211273193
9,1,0.1734753182102647,0.5,0.9724657535552979,0.974361777305603
9,1,0.18236492826328604,0.5,0.96929931640625,0.9786767959594727
9,1,0.1842921994917266,0.5,0.9633652567863464,0.9797680974006653
9,1,0.19119801462682953,0.5,0.9633652567863464,0.9803879261016846
9,1,0.19754442678746267,0.52,0.9633652567863464,0.9805982708930969
9,1,0.20242634688870131,0.52,0.9658070802688599,0.9811139702796936
9,1,0.20853062807858694,0.52,0.9658070802688599,0.9816953539848328
9,1,0.21512142076884516,0.54,0.9658070802688599,0.9822760224342346
9,1,0.2210625031319744,0.54,0.9658070802688599,0.9829776287078857
9,1,0.22448576490005198,0.54,0.9633652567863464,0.9828892350196838
9,1,0.23258143306802925,0.52,0.9689006209373474,0.9824962615966797
9,1,0.24509112482782183,0.52,0.9689006209373474,0.9827123284339905
9,1,0.25735867528631645,0.52,0.9689006209373474,0.9821006655693054
9,1,0.26797269242021476,0.54,0.9689006209373474,0.9802671670913696
9,1,0.2812972028392043,0.54,0.9660552144050598,0.979177713394165
9,1,0.30696408344654125,0.54,0.9681486487388611,0.9773973226547241
9,1,0.3440956472006758,0.52,0.9725104570388794,0.9779474139213562
9,1,0.38588982235596897,0.46,0.9587557911872864,0.9786604642868042
9,1,0.4261297977956252,0.46,0.9604889750480652,0.9785642027854919
9,1,0.4537021798541686,0.44,0.9631151556968689,0.9782124161720276
9,1,0.46793505059117724,0.46,0.9631151556968689,0.9785236120223999
9,1,0.46890114204043293,0.5,0.9631151556968689,0.9792967438697815
9,1,0.46534599598271087,0.5,0.9631151556968689,0.9829488396644592
9,1,0.4621926114860535,0.48,0.9631151556968689,0.9840323328971863
9,1,0.44862632505302213,0.48,0.9631151556968689,0.9839738011360168
9,1,0.4309174766389881,0.5,0.9589219689369202,0.9815587997436523
9,1,0.4182449105083297,0.5,0.9589219689369202,0.9803371429443359
9,1,0.4092272309208035,0.5,0.9636805653572083,0.9792398810386658
9,1,0.4096544573760394,0.5,0.9674044847488403,0.9813697338104248
9,1,0.41065541937449945,0.5,0.962263822555542,0.9817690849304199
9,1,0.40538172345887663,0.5,0.962263822555542,0.9804866909980774
9,1,0.40375732901876543,0.5,0.9634700417518616,0.9749926924705505
9,1,0.40282000255055705,0.46,0.9550667405128479,0.9719961285591125
9,1,0.3991790859234288,0.44,0.9550667405128479,0.9719148278236389
9,1,0.39390328707057404,0.44,0.9550667405128479,0.9698569774627686
9,1,0.3844979914514397,0.46,0.9492389559745789,0.9647459387779236
9,1,0.37594552839838524,0.48,0.9610469937324524,0.9587870240211487
9,1,0.3693748025049861,0.48,0.9610469937324524,0.9521627426147461
9,1,0.3629734228317264,0.5,0.9610469937324524,0.9483581185340881
9,1,0.35992833992721485,0.5,0.9610469937324524,0.94651198387146
9,1,0.3624668985387547,0.52,0.9541798233985901,0.9477617144584656
9,1,0.3662326344718602,0.54,0.9541798233985901,0.9522079825401306
9,1,0.36270637442487724,0.54,0.9541798233985901,0.9583598971366882
9,1,0.35674373507259594,0.58,0.9674875736236572,0.9649072289466858
9,1,0.3569056125594411,0.58,0.9674875736236572,0.9710278511047363
9,1,0.361038430675898,0.58,0.9674875736236572,0.9760438203811646
9,1,0.3559671014934234,0.56,0.9706313014030457,0.9795544147491455
9,1,0.34561916900648826,0.54,0.9668542146682739,0.9785386323928833
9,1,0.3325490128935078,0.56,0.9567273259162903,0.9773047566413879
9,1,0.30522626592438945,0.56,0.9747704267501831,0.9755146503448486
9,1,0.34758036768303874,0.58,0.9856643676757812,0.9811348915100098
9,1,0.36025164316007885,0.58,0.9848346710205078,0.9833707809448242
9,1,0.40193888377608217,0.56,0.9733273386955261,0.9870720505714417
9,1,0.46004181219299983,0.56,0.9733273386955261,0.9904400706291199
9,1,0.4700079711311961,0.54,0.9843176603317261,0.992163360118866
9,1,0.5068074112591505,0.5,0.9802772402763367,0.993457555770874
9,1,0.5078132070714241,0.54,0.9905474781990051,0.9925819039344788
9,1,0.5098027047367649,0.58,0.9989160299301147,0.9919469356536865
9,1,0.545989681494883,0.56,0.9995366334915161,0.9908756613731384
9,1,0.5564962475855835,0.54,0.9995660185813904,0.9892069697380066
9,1,0.587581816663639,0.54,0.9995760321617126,0.9891104698181152
9,1,0.6000662076383214,0.54,0.999452531337738,0.990729570388794
9,1,0.6256111279732289,0.54,0.9995168447494507,0.9923949241638184
9,1,0.6445047122432914,0.54,0.9995168447494507,0.9919914603233337
9,1,0.6638849175482665,0.52,0.9994039535522461,0.9895493984222412
9,1,0.6827290604321703,0.52,0.9994039535522461,0.9891214370727539
9,1,0.7063158570203207,0.52,0.9994602799415588,0.9895101189613342
9,1,0.7265899533332607,0.48,0.9993207454681396,0.9894990921020508
9,1,0.7345482784243784,0.48,0.9993398785591125,0.9884265661239624
9,1,0.7262821799751915,0.5,0.9993929862976074,0.9895456433296204
9,1,0.7254861352614607,0.52,0.9993929862976074,0.9876556992530823
9,1,0.7267320574982615,0.52,0.9993929862976074,0.9857600927352905
9,1,0.7287216859023535,0.52,0.999434769153595,0.9839718341827393
9,1,0.7268293747699875,0.52,0.999363362789154,0.9830132722854614
9,1,0.7222860971626988,0.52,0.999363362789154,0.9819138050079346
9,1,0.7126346830761139,0.56,0.999363362789154,0.9838039875030518
9,1,0.7004331009846843,0.54,0.9992190599441528,0.9841803312301636
9,1,0.6822428089392114,0.54,0.9992190599441528,0.9828736782073975
9,1,0.6480333325024563,0.52,0.9992190599441528,0.9776901006698608
9,1,0.6238136389915951,0.48,0.9993769526481628,0.9769357442855835
9,1,0.6179539040175137,0.48,0.9990799427032471,0.9796521663665771
9,1,0.6119415146818321,0.48,0.9990174770355225,0.9764008522033691
9,1,0.6003112179681955,0.46,0.9987983703613281,0.9724114537239075
9,1,0.5721049807938573,0.46,0.9987983703613281,0.9628105163574219
9,1,0.5308562573477874,0.46,0.9986553192138672,0.9578009247779846
9,1,0.4867101751197214,0.48,0.9986553192138672,0.9494425058364868
9,1,0.4434632411135698,0.46,0.9986553192138672,0.9326013326644897
9,1,0.47761226087381564,0.48,0.9975186586380005,0.9168992042541504
9,1,0.5270392794483173,0.46,0.995600700378418,0.8646271228790283
9,1,0.5922307455354054,0.42,0.9950183629989624,0.8551520109176636
9,1,0.5939155910812869,0.44,0.9950183629989624,0.8393424153327942
9,1,0.6049750953875493,0.42,0.9950183629989624,0.8486546277999878
9,1,0.6009808535120003,0.42,0.9940496683120728,0.8664621710777283
9,1,0.5899379976537781,0.38,0.995549201965332,0.8638150691986084
9,1,0.5849256046975553,0.44,0.9960696697235107,0.8598740100860596
9,1,0.601495844353001,0.44,0.9960655570030212,0.894774317741394
9,1,0.6148298995737166,0.4,0.9960655570030212,0.9064109921455383
9,1,0.6217976393621242,0.4,0.996404767036438,0.9080138206481934
9,1,0.6352416900769082,0.38,0.9961942434310913,0.9268498420715332
9,1,0.6588353051919908,0.36,0.9961942434310913,0.9502513408660889
9,1,0.6912987360372347,0.32,0.993921160697937,0.9637734889984131
9,1,0.7260512945450796,0.34,0.993921160697937,0.972149670124054
9,1,0.7586986749757756,0.36,0.9902675747871399,0.977965772151947
9,1,0.7868163747460046,0.38,0.9883391857147217,0.9821346402168274
9,1,0.8084747504819004,0.4,0.9949102997779846,0.9849619269371033
9,1,0.8233623853572106,0.38,0.9949102997779846,0.9865791201591492
9,1,0.8321044752482294,0.42,0.9949102997779846,0.98671555519104
9,1,0.8381942180464398,0.42,0.9955604076385498,0.9850279092788696
9,1,0.8420691982383215,0.38,0.9955604076385498,0.9837257266044617
9,1,0.8433093173214763,0.42,0.9961832165718079,0.9836531281471252
9,1,0.845620106087645,0.44,0.9962813258171082,0.9827530980110168
9,1,0.8508824432066948,0.44,0.9962813258171082,0.9824088215827942
9,1,0.8544991264856919,0.44,0.9962813258171082,0.9812904000282288
9,1,0.8548317423681496,0.44,0.9966630339622498,0.9788486361503601
9,1,0.851566796940688,0.44,0.9984814524650574,0.9785903692245483
9,1,0.8500182448131834,0.42,0.9984694123268127,0.9807027578353882
9,1,0.8528232959549772,0.5,0.9981166124343872,0.9842053651809692
9,1,0.8429870903825128,0.48,0.9981166124343872,0.9827109575271606
9,1,0.8205013749542654,0.46,0.9988250136375427,0.978000283241272
9,1,0.8393770008637566,0.46,0.9988325238227844,0.9786224961280823
9,1,0.8273695963426431,0.46,0.9988325238227844,0.9779415726661682
9,1,0.8212124898844344,0.48,0.9988325238227844,0.9776419401168823
9,1,0.8118382891879787,0.5,0.999344527721405,0.9774591326713562
9,1,0.7931844821037288,0.52,0.9992392063140869,0.9766616821289062
9,1,0.7627962899103964,0.5,0.998763918876648,0.975103497505188
9,1,0.7287716803597504,0.52,0.9986205101013184,0.9780753254890442
9,1,0.694203184578322,0.5,0.9987412095069885,0.9805434346199036
9,1,0.6612268556761008,0.5,0.9987412095069885,0.9789998531341553
9,1,0.6361019528491539,0.5,0.9971517324447632,0.9741120338439941
9,1,0.6022410527785036,0.48,0.9978424310684204,0.9666833281517029
9,1,0.5544083884521157,0.48,0.9959368705749512,0.9559176564216614
9,1,0.4991138509116502,0.48,0.9963573813438416,0.9736869931221008
9,1,0.4584823190863709,0.48,0.9920992851257324,0.9320197701454163
9,1,0.435562734615336,0.48,0.9930423498153687,0.9246155023574829
9,1,0.422653552629423,0.48,0.9930423498153687,0.9670907258987427
9,1,0.41648348991976103,0.48,0.9930423498153687,0.8991987705230713
9,1,0.41033575985772525,0.46,0.9930423498153687,0.9273911714553833
9,1,0.4056377096845646,0.44,0.9930423498153687,0.9143493175506592
9,1,0.4063653605391978,0.42,0.9944349527359009,0.8964871764183044
9,1,0.4185119420527671,0.38,0.9944208264350891,0.9091291427612305
9,1,0.442532533562813,0.38,0.9939703941345215,0.9122869372367859
9,1,0.4756884566226801,0.42,0.993532657623291,0.9183263778686523
9,1,0.5057972717143604,0.42,0.9896863102912903,0.9257185459136963
9,1,0.5276873275602797,0.4,0.9896863102912903,0.9280059933662415
9,1,0.5444518451548969,0.38,0.9870404601097107,0.9330733418464661
9,1,0.5606226492540213,0.38,0.9858700037002563,0.9413272142410278
9,1,0.5771308846079324,0.36,0.9898142218589783,0.9450581073760986
9,1,0.5807334530418216,0.34,0.9854227304458618,0.9614690542221069
9,1,0.6183746116382662,0.38,0.9935454726219177,0.972560703754425
9,1,0.6348169466768769,0.38,0.9928053021430969,0.9739739298820496
9,1,0.6524036458056867,0.38,0.9932122230529785,0.9737670421600342
9,1,0.6362756131234905,0.38,0.9936776757240295,0.9695334434509277
9,1,0.6567789179900426,0.38,0.9936776757240295,0.9712767004966736
9,1,0.6656005490528497,0.4,0.9936776757240295,0.9580212831497192
9,1,0.6692761609954443,0.38,0.9936776757240295,0.97913658618927
9,1,0.6741942977317431,0.38,0.9920570254325867,0.9803547263145447
9,1,0.6714311125459653,0.4,0.9920570254325867,0.9812315702438354
9,1,0.6572077394128484,0.42,0.996179461479187,0.981099545955658
9,1,0.7101278316341337,0.4,0.996469259262085,0.9845312833786011
9,1,0.7773174441393932,0.46,0.9968949556350708,0.9878700375556946
9,1,0.7867275928318588,0.46,0.9968949556350708,0.9906713366508484
9,1,0.792751077798966,0.48,0.9968949556350708,0.9911288022994995
9,1,0.7904620640159368,0.52,0.9942752718925476,0.9924082159996033
9,1,0.7773663591924439,0.52,0.9934926629066467,0.9915342330932617
9,1,0.7623546156892248,0.5,0.9923914074897766,0.9901813268661499
9,1,0.7535362852667629,0.46,0.9941701889038086,0.9890596270561218
9,1,0.7426776234884359,0.46,0.9951046705245972,0.9881803393363953
9,1,0.7193457101804097,0.46,0.9962833523750305,0.9850894212722778
9,1,0.6761915350839803,0.5,0.9962833523750305,0.9791699647903442
9,1,0.6213477792999297,0.5,0.991609513759613,0.9700639843940735
9,1,0.5503607873557349,0.5,0.9911361932754517,0.9549921751022339
9,1,0.5457628647980363,0.48,0.9876083731651306,0.9448390007019043
9,1,0.560991638820318,0.48,0.9864898920059204,0.9337553977966309
9,1,0.5380896154879786,0.48,0.9711668491363525,0.9170552492141724
9,1,0.5271114038721207,0.48,0.969794750213623,0.905308723449707
9,1,0.5166594742821286,0.46,0.9505507946014404,0.890132486820221
9,1,0.5042817551388502,0.44,0.9505507946014404,0.8740264773368835
9,1,0.493998984994529,0.42,0.9505507946014404,0.857200562953949
9,1,0.48669809984053164,0.42,0.9537625908851624,0.8422328233718872
9,1,0.4783675076434118,0.4,0.9537625908851624,0.8277415037155151
9,1,0.4729501595428448,0.4,0.9537625908851624,0.8138439655303955
9,1,0.4548056520742687,0.4,0.9280431270599365,0.797908365726471
9,1,0.40243454548374685,0.4,0.9280431270599365,0.7645474672317505
9,1,0.4163301387437076,0.4,0.8814525604248047,0.7559497952461243
9,1,0.46279715687330797,0.36,0.9035714268684387,0.7767679691314697
9,1,0.45554809635374144,0.32,0.9035714268684387,0.7744530439376831
9,1,0.4594285124137554,0.34,0.8177997469902039,0.791468620300293
9,1,0.45426442689549595,0.34,0.820483386516571,0.7952065467834473
9,1,0.45457315421038463,0.34,0.746640145778656,0.8006943464279175
9,1,0.4667955130785211,0.32,0.676520049571991,0.8167010545730591
9,1,0.4693473236003774,0.32,0.676520049571991,0.8308777809143066
9,1,0.4601083512463136,0.34,0.6643778085708618,0.8396555185317993
9,1,0.44809309912254897,0.34,0.6112987399101257,0.8420141935348511
9,1,0.4322661068490898,0.34,0.5515502691268921,0.8386822938919067
9,1,0.417114842588195,0.34,0.7112596035003662,0.8399366140365601
9,1,0.41125375380010465,0.36,0.8187902569770813,0.8571246862411499
9,1,0.4185507528932436,0.4,0.8207012414932251,0.8803300857543945
9,1,0.43236901981214504,0.42,0.8230438828468323,0.9077874422073364
9,1,0.44893072058538863,0.4,0.8123877048492432,0.9352810978889465
9,1,0.46314917356191826,0.36,0.8123877048492432,0.9533653855323792
9,1,0.47257013922026536,0.42,0.8123877048492432,0.9632796049118042
9,1,0.4792581609805663,0.46,0.7658300399780273,0.9654717445373535
9,1,0.48574455023032553,0.48,0.8944228887557983,0.9692495465278625
9,1,0.5021185657783422,0.48,0.8944228887557983,0.9720105528831482
9,1,0.5363997746719074,0.46,0.9154889583587646,0.9747466444969177
9,1,0.5268688165312038,0.42,0.9164841771125793,0.9746911525726318
9,1,0.5353338915146256,0.4,0.9233623147010803,0.9781402945518494
9,1,0.5553081923739431,0.42,0.9491140842437744,0.9780516624450684
9,1,0.567313894733722,0.4,0.9707024693489075,0.9784051179885864
9,1,0.5564983169840146,0.42,0.9722363948822021,0.9729623198509216
9,1,0.5220270912076487,0.42,0.9722363948822021,0.964860200881958
9,1,0.5335789697289914,0.4,0.975492000579834,0.9661227464675903
9,1,0.526752705296425,0.4,0.9775000214576721,0.9652702212333679
9,1,0.515493108842186,0.4,0.9865639209747314,0.9604710936546326
9,1,0.5032089309194023,0.4,0.9855454564094543,0.9418361186981201
9,1,0.490766640218641,0.38,0.9863914251327515,0.93097984790802
9,1,0.4775693329226241,0.4,0.9891581535339355,0.9173662662506104
9,1,0.4749078405091403,0.4,0.9891581535339355,0.9048548936843872
9,1,0.4825896192117844,0.42,0.9831497073173523,0.9156807065010071
9,1,0.4910327111045374,0.44,0.984262228012085,0.9272575378417969
9,1,0.5059232365447606,0.48,0.9828469753265381,0.932650625705719
9,1,0.46473430670707533,0.46,0.9807867407798767,0.9051879644393921
9,1,0.41980797538289644,0.46,0.9804255366325378,0.8041619062423706
9,1,0.4128362108414746,0.44,0.9786701798439026,0.7036533951759338
9,1,0.3907772011555755,0.36,0.9763463735580444,0.5582367777824402
9,1,0.39193927531950207,0.3,0.8281156420707703,0.39467358589172363
9,1,0.3668732554240068,0.3,0.7225519418716431,0.30319201946258545
9,1,0.3248307462098231,0.28,0.6904159784317017,0.22614921629428864
9,1,0.382475156080324,0.24,0.6216979622840881,0.1996377855539322
9,1,0.37986441793411957,0.24,0.5557500123977661,0.16160698235034943
9,1,0.35817785515517814,0.24,0.3591613471508026,0.13956572115421295
9,1,0.3353090838886893,0.22,0.3591613471508026,0.12734560668468475
9,1,0.3226589378499303,0.22,0.4843728244304657,0.122626893222332
9,1,0.31770008076717976,0.22,0.6154394149780273,0.11585494875907898
9,1,0.29777406518667354,0.2,0.6154394149780273,0.1094183623790741
9,1,0.25578026308512036,0.22,0.6154394149780273,0.1074427142739296
9,1,0.2623822234919631,0.24,0.6152079701423645,0.14626836776733398
9,1,0.2855893476688326,0.22,0.6359503269195557,0.21065376698970795
9,1,0.3326303243438665,0.2,0.6359503269195557,0.2963794767856598
9,1,0.3325651077971553,0.2,0.6061689257621765,0.3376315236091614
9,1,0.3349407499061038,0.2,0.5355796217918396,0.37944310903549194
9,1,0.3348777407749983,0.2,0.4667116403579712,0.41127675771713257
9,1,0.33122362847294556,0.2,0.5387537479400635,0.428372323513031
9,1,0.32403333697639325,0.2,0.5387537479400635,0.43289270997047424
9,1,0.31339017874352393,0.2,0.5700169801712036,0.43043503165245056
9,1,0.30341737009871056,0.22,0.5700169801712036,0.42779743671417236
9,1,0.3040174077298691,0.24,0.5925458073616028,0.430724561214447
9,1,0.3149809759451697,0.26,0.5583678483963013,0.4342111051082611
9,1,0.3232744653555072,0.26,0.5619266033172607,0.43833836913108826
9,1,0.3201474741992381,0.26,0.5619266033172607,0.4355989396572113
9,1,0.30961283155694796,0.22,0.5619266033172607,0.41310763359069824
9,1,0.2799571415162183,0.22,0.5792060494422913,0.3602451682090759
9,1,0.2828333728877048,0.2,0.6006292700767517,0.36349600553512573
9,1,0.28702032211509465,0.24,0.5092769265174866,0.3572850525379181
9,1,0.32237994746326815,0.28,0.2966592311859131,0.33197763562202454
9,1,0.33126992235296543,0.28,0.3395823538303375,0.29148727655410767
9,1,0.2985666905248174,0.26,0.5285639762878418,0.21725909411907196
9,1,0.2712640051141338,0.26,0.41759175062179565,0.15684141218662262
9,1,0.25191781865889346,0.26,0.4779430627822876,0.13876305520534515
9,1,0.23403980918602504,0.24,0.6526660323143005,0.13775785267353058
9,1,0.2641661954132929,0.26,0.6708106994628906,0.15613944828510284
9,1,0.28120722261447867,0.26,0.6708106994628906,0.1812496781349182
9,1,0.29095568221591317,0.26,0.6708106994628906,0.21586816012859344
9,1,0.3002193272814964,0.26,0.6859565377235413,0.25839173793792725
9,1,0.30864633628251203,0.26,0.7680962681770325,0.3030836284160614
9,1,0.31166325308345705,0.28,0.7834974527359009,0.33883342146873474
9,1,0.3109818908874969,0.28,0.7834974527359009,0.37549450993537903
9,1,0.2905680469364818,0.26,0.7834974527359009,0.3688613772392273
9,1,0.25747093576997115,0.24,0.8098663091659546,0.3393627107143402
9,1,0.27409849750455323,0.26,0.7600516676902771,0.35736143589019775
9,1,0.29726071289930245,0.28,0.7983798384666443,0.41703346371650696
9,1,0.32473568751369397,0.28,0.7290873527526855,0.4751325249671936
9,1,0.35668051755833907,0.28,0.7290873527526855,0.5229352116584778
9,1,0.33543959487625064,0.26,0.7290873527526855,0.5130831599235535
9,1,0.3251235050189829,0.26,0.6828197836875916,0.5063841342926025
9,1,0.3156373879001291,0.26,0.6828197836875916,0.49942997097969055
9,1,0.30359423041557904,0.26,0.6828197836875916,0.49233728647232056
9,1,0.2919537950554729,0.26,0.6828197836875916,0.49141237139701843
9,1,0.2856806975385827,0.26,0.6828197836875916,0.5078650712966919
9,1,0.28748644542257584,0.28,0.6828197836875916,0.5411421060562134
9,1,0.3051085971652547,0.28,0.6828197836875916,0.5700724720954895
9,1,0.33168126190732566,0.3,0.6417170763015747,0.6130063533782959
9,1,0.35648193938805867,0.3,0.6034469604492188,0.6672855615615845
9,1,0.3621862034517602,0.32,0.6034469604492188,0.7099244594573975
9,1,0.35306578410857037,0.34,0.6377292275428772,0.7463483810424805
9,1,0.36616371114222457,0.32,0.6864193677902222,0.7800894975662231
9,1,0.40412677603214475,0.34,0.6864193677902222,0.8047673106193542
9,1,0.43360119351355136,0.3,0.6864193677902222,0.8327155113220215
9,1,0.44662622734772633,0.32,0.800542950630188,0.8453453779220581
9,1,0.45276923774990857,0.32,0.8117160201072693,0.8343563675880432
9,1,0.546949784482303,0.32,0.8117160201072693,0.848079264163971
9,1,0.521435296124927,0.3,0.7795588374137878,0.822780966758728
9,1,0.5727977799770474,0.28,0.7501331567764282,0.8280364274978638
9,1,0.6136011547040529,0.26,0.7615951299667358,0.8347007036209106
9,1,0.6421584195271355,0.28,0.7828623652458191,0.8447219729423523
9,1,0.6590704142165501,0.3,0.7833440899848938,0.8656299114227295
9,1,0.6761475782884404,0.28,0.7833440899848938,0.8762591481208801
9,1,0.6964688403813842,0.26,0.7833440899848938,0.8864940404891968
9,1,0.7107573831905274,0.28,0.7833440899848938,0.9026238918304443
9,1,0.7241267625729167,0.3,0.809727132320404,0.9163727760314941
9,1,0.7426251860672977,0.3,0.8480418920516968,0.93003910779953
9,1,0.7599257999159479,0.3,0.8480418920516968,0.9442487359046936
9,1,0.7774913550278816,0.34,0.8678810000419617,0.9569281935691833
9,1,0.7920823527273565,0.34,0.900734007358551,0.9658745527267456
9,1,0.8007814016150314,0.34,0.953044056892395,0.97063809633255
9,1,0.8023283226991712,0.34,0.9571071863174438,0.9721174240112305
9,1,0.8005521121332911,0.32,0.9889190793037415,0.9709619283676147
9,1,0.7994532460621747,0.32,0.9889190793037415,0.9692064523696899
9,1,0.7627372124849013,0.3,0.9873716831207275,0.9646948575973511
9,1,0.739705180874273,0.3,0.9874512553215027,0.9601332545280457
9,1,0.7036218327607454,0.3,0.9772403836250305,0.9532469511032104
9,1,0.690704093956803,0.32,0.9772403836250305,0.9551650285720825
9,1,0.6717495607983962,0.32,0.9746782183647156,0.9525032043457031
9,1,0.6564626858912439,0.34,0.974880039691925,0.9445159435272217
9,1,0.6357837621721749,0.32,0.974880039691925,0.9357856512069702
9,1,0.6157702480361211,0.3,0.9768663048744202,0.9245970249176025
9,1,0.5981113495999418,0.26,0.9848509430885315,0.9065772891044617
9,1,0.5779146740191617,0.26,0.9848509430885315,0.8894760608673096
9,1,0.556074473796113,0.24,0.9837201833724976,0.8740411400794983
9,1,0.5320400141450456,0.24,0.9831189513206482,0.8568346500396729
9,1,0.5126125106631406,0.3,0.9832248687744141,0.840567409992218
9,1,0.49311951607062154,0.28,0.9871197938919067,0.8191580176353455
9,1,0.4248551760338442,0.26,0.9879863858222961,0.8011497259140015
9,1,0.3801304005095647,0.26,0.9892059564590454,0.8027839660644531
9,1,0.3305426719034062,0.26,0.9847366213798523,0.7865204811096191
9,1,0.3102306533738118,0.36,0.9744400978088379,0.7700085639953613
9,1,0.33043495592616146,0.34,0.9744400978088379,0.7750204205513
9,1,0.3874126568707469,0.32,0.9744400978088379,0.7953386306762695
9,1,0.40243551128409877,0.32,0.9744400978088379,0.7824999690055847
9,1,0.4171989520191095,0.32,0.9850786924362183,0.7807467579841614
9,1,0.42600960520207026,0.32,0.9860383868217468,0.7572873830795288
9,1,0.43287445148459824,0.34,0.9771257638931274,0.72164386510849
9,1,0.43428355722748085,0.3,0.9765934944152832,0.6789096593856812
9,1,0.451277610038155,0.3,0.9765934944152832,0.6582726240158081
9,1,0.46338466772979675,0.3,0.9829051494598389,0.6409206986427307
9,1,0.4708224871702055,0.28,0.9810861945152283,0.6274348497390747
9,1,0.49302551476795314,0.34,0.9696402549743652,0.6412507891654968
9,1,0.5121660696450273,0.34,0.9691373705863953,0.6582475900650024
9,1,0.5397663725079802,0.38,0.9542029500007629,0.6872598528862
9,1,0.5755323720388591,0.38,0.955184817314148,0.7228950262069702
9,1,0.5397507470518893,0.32,0.9643043279647827,0.720575749874115
9,1,0.5725885681200558,0.3,0.9782955050468445,0.7431780099868774
9,1,0.5920425164198541,0.36,0.9714043736457825,0.7564004063606262
9,1,0.5932707497273544,0.34,0.9697124361991882,0.7701835632324219
9,1,0.5818362063442225,0.32,0.9697124361991882,0.7669004201889038
9,1,0.5780229266082322,0.3,0.9697124361991882,0.7643179893493652
9,1,0.5966115967117335,0.3,0.9697124361991882,0.7844142913818359
9,1,0.6258518242585569,0.3,0.9697124361991882,0.8025546073913574
9,1,0.6477410173247405,0.34,0.972176194190979,0.792509913444519
9,1,0.6549091695616269,0.34,0.9673030972480774,0.7942214608192444
9,1,0.6609043998711274,0.34,0.9702896475791931,0.8048384189605713
9,1,0.6691156839861735,0.32,0.9702896475791931,0.8190890550613403
9,1,0.683414062652339,0.3,0.9768138527870178,0.828287661075592
9,1,0.693557607409705,0.3,0.9768138527870178,0.8441500663757324
9,1,0.6936998399572234,0.24,0.9768138527870178,0.8753958344459534
9,1,0.7031087025426013,0.24,0.9751572608947754,0.8892689943313599
9,1,0.7106866464339817,0.24,0.9751572608947754,0.8965023159980774
9,1,0.7093395487558124,0.24,0.9828256964683533,0.9029860496520996
9,1,0.7039956828919803,0.24,0.9864408373832703,0.9084579944610596
9,1,0.6942615373903931,0.24,0.9520527124404907,0.9132277965545654
9,1,0.6807962579141974,0.26,0.9008360505104065,0.9192894697189331
9,1,0.6701467914402568,0.28,0.9008360505104065,0.9198243021965027
9,1,0.6590331980218207,0.28,0.9390619993209839,0.9156591296195984
9,1,0.64946545258934,0.3,0.9234820604324341,0.9153817296028137
9,1,0.6438613284430438,0.3,0.9173216819763184,0.915820300579071
9,1,0.6299089869582513,0.24,0.8978853821754456,0.9186884164810181
9,1,0.6135085511305436,0.2,0.8583078384399414,0.9197657704353333
9,1,0.5983244058713808,0.16,0.8583078384399414,0.9242137670516968
9,1,0.5951068139541846,0.16,0.8421447277069092,0.9285464286804199
9,1,0.6126952601581125,0.16,0.8421447277069092,0.9299767017364502
9,1,0.5835400270319762,0.14,0.8300102949142456,0.922788143157959
9,1,0.5566635346298003,0.14,0.8490546345710754,0.9087918400764465
9,1,0.5176209568287032,0.14,0.8646239042282104,0.8791778087615967
9,1,0.5280001379506027,0.14,0.8646239042282104,0.8636269569396973
9,1,0.5227725753931959,0.18,0.8646239042282104,0.8470033407211304
9,1,0.5248889319802421,0.2,0.8646239042282104,0.8255428075790405
9,1,0.5323982594227047,0.22,0.8624030947685242,0.7895539402961731
9,1,0.538169415886966,0.24,0.747157633304596,0.7492908239364624
9,1,0.5510136592449715,0.26,0.7839184403419495,0.6957809329032898
9,1,0.5785853373865932,0.24,0.7234838604927063,0.659929633140564
9,1,0.5916938595068655,0.24,0.6612358093261719,0.6027604341506958
9,1,0.5852835001648145,0.26,0.6612358093261719,0.502591609954834
9,1,0.5938490695716961,0.26,0.6621177196502686,0.40212422609329224
9,1,0.6287209684375512,0.24,0.6829806566238403,0.31328755617141724
9,1,0.6494153583191768,0.26,0.5016180872917175,0.2370108813047409
9,1,0.6421979418527723,0.26,0.31753265857696533,0.2216249406337738
9,1,0.6356706262164827,0.18,0.31753265857696533,0.22223733365535736
9,1,0.628325108314185,0.18,0.19170881807804108,0.21268492937088013
9,1,0.6239375632942976,0.18,0.0882268026471138,0.23132579028606415
9,1,0.622492679255389,0.18,0.0882268026471138,0.2541380226612091
9,1,0.6184662101132684,0.2,0.0882268026471138,0.2757556140422821
9,1,0.6151125695699933,0.18,0.0882268026471138,0.29973188042640686
9,1,0.6061324176326104,0.18,0.09119588881731033,0.29425716400146484
9,1,0.6053993505028304,0.18,0.09119588881731033,0.22338983416557312
9,1,0.6115350254401886,0.18,0.14240264892578125,0.18885217607021332
9,1,0.6132004925119933,0.18,0.14240264892578125,0.22574670612812042
9,1,0.6283474590917797,0.18,0.14240264892578125,0.29102015495300293
9,1,0.6399188519279284,0.18,0.577841579914093,0.3554708659648895
9,1,0.6512509579171923,0.2,0.577841579914093,0.4382933974266052
9,1,0.6683308974266178,0.2,0.577841579914093,0.00028149140416644514
9,1,0.6910967754500873,0.2,0.5564505457878113,0.6444727182388306
9,1,0.6887789790690519,0.2,0.5564505457878113,0.7194109559059143
9,1,0.6900447359578923,0.2,0.5564505457878113,0.7742114663124084
9,1,0.6910509520548535,0.2,0.5564505457878113,0.8045821785926819
9,1,0.6887926151064084,0.22,0.5564505457878113,0.8302812576293945
9,1,0.6792396872412122,0.26,0.7840628027915955,0.8545680046081543
9,1,0.6688947234206524,0.28,0.775732159614563,0.8676677346229553
9,1,0.6620598139814439,0.2,0.793069064617157,0.8737169504165649
9,1,0.6401117581953698,0.16,0.7432075142860413,0.8742654323577881
9,1,0.611761365462036,0.16,0.7175484299659729,0.8651176691055298
9,1,0.5711775484011149,0.1,0.6256386637687683,0.8410978317260742
9,1,0.527896360937639,0.1,0.524145245552063,0.7787337899208069
9,1,0.48866100400356705,0.1,0.3593049943447113,0.7806932926177979
9,1,0.4298424093232197,0.12,0.3175472319126129,0.7928997278213501
9,1,0.3538454887815178,0.1,0.29586756229400635,0.8066455125808716
9,1,0.28406536681818517,0.08,0.44466400146484375,0.8487138748168945
9,1,0.21799126040427175,0.08,0.45836591720581055,0.8480488061904907
9,1,0.16826277278800394,0.06,0.45836591720581055,0.8350189328193665
9,1,0.13207298169160112,0.06,0.45836591720581055,0.8140309453010559
9,1,0.10650280048126667,0.06,0.45836591720581055,0.8154411315917969
9,1,0.08971171669938231,0.06,0.4110536277294159,0.8222072720527649
9,1,0.080943470967185,0.06,0.4145548641681671,0.821399450302124
9,1,0.07789636268190438,0.06,0.4145548641681671,0.808549165725708
9,1,0.07537655464222814,0.06,0.38460397720336914,0.7883946895599365
9,1,0.07095786122915797,0.08,0.38125523924827576,0.7660468816757202
9,1,0.0665730918833667,0.08,0.38125523924827576,0.7344460487365723
9,1,0.06038346716527108,0.1,0.40610989928245544,0.70769202709198
9,1,0.05501470766801694,0.08,0.4215274155139923,0.6845511198043823
9,1,0.05191773802141614,0.08,0.47034263610839844,0.6369962096214294
9,1,0.04933807848779785,0.06,0.41234466433525085,0.5566986799240112
9,1,0.049624294482783673,0.08,0.35649025440216064,0.4332926273345947
9,1,0.05397884553367443,0.08,0.3767232298851013,0.307513952255249
9,1,0.06022078126573693,0.08,0.27234947681427,0.21104398369789124
9,1,0.06474927466875735,0.08,0.13899590075016022,0.1401960402727127
9,1,0.06759578562335783,0.08,0.0396716445684433,0.08192718029022217
9,1,0.07143451788632246,0.1,0.013099640607833862,0.0480518601834774
9,1,0.07607507016492417,0.1,0.013922501355409622,0.037051159888505936
9,1,0.07874009032274873,0.1,0.012785022146999836,0.027656013146042824
9,1,0.07679378447733719,0.12,0.007016162388026714,0.01209939457476139
9,1,0.07398570080227646,0.12,0.007016162388026714,0.006609650328755379
9,1,0.07233756376352805,0.1,0.00634018937125802,0.004582062363624573
9,1,0.0705972903622812,0.1,0.00634018937125802,0.0023239206057041883
9,1,0.06979367003881282,0.1,0.006074714474380016,0.002456521615386009
9,1,0.06738935417040574,0.1,0.006074714474380016,0.0026943974662572145
9,1,0.0672162075876933,0.08,0.00579814612865448,0.0054797702468931675
9,1,0.06343616817149829,0.08,0.00579814612865448,0.0063422201201319695
9,1,0.05789643171756901,0.06,0.013100306503474712,0.007313051726669073
9,1,0.05444920600620904,0.08,0.011151588521897793,0.007677640300244093
9,1,0.05003464257020298,0.06,0.00949043221771717,0.01302512176334858
9,1,0.043982967262465554,0.08,0.020096590742468834,0.020176736637949944
9,1,0.038693424479708236,0.06,0.02001914754509926,0.04225167632102966
9,1,0.030824954130182377,0.06,0.029122289270162582,0.08035865426063538
9,1,0.020310591172333217,0.06,0.05982520431280136,0.1034969836473465
9,1,0.016196242196855226,0.06,0.05874529480934143,0.10854994505643845
9,1,0.01680852445053392,0.04,0.04129506275057793,0.09315873682498932
9,1,0.024522444093716407,0.04,0.0634014755487442,0.09711091965436935
9,1,0.021367456026790205,0.04,0.03874557092785835,0.1174347996711731
9,1,0.016718149726485398,0.04,0.020481828600168228,0.07237818092107773
9,1,0.02270825053235964,0.06,0.015601573511958122,0.04126271605491638
9,1,0.02303104476199771,0.06,0.012000450864434242,0.04722044616937637
9,1,0.023006778980500093,0.06,0.012000450864434242,0.04676651954650879
9,1,0.024331387865920758,0.06,0.012000450864434242,0.041909292340278625
9,1,0.025906261684623583,0.06,0.007804588880389929,0.03797834366559982
9,1,0.026604442170112565,0.06,0.005765147972851992,0.03365050256252289
9,1,0.025547155441287554,0.06,0.009644394740462303,0.01942037045955658
9,1,0.02498500008731458,0.06,0.009644394740462303,0.009365972131490707
9,1,0.027501634400599644,0.06,0.004697271157056093,0.00812759529799223
9,1,0.03202648848830084,0.06,0.004697271157056093,0.014448783360421658
9,1,0.03664700893189839,0.06,0.013722848147153854,0.025291919708251953
9,1,0.03955426195518498,0.06,0.029827097430825233,0.02973591908812523
9,1,0.041468831637459055,0.06,0.024178430438041687,0.025946589186787605
9,1,0.04495764669077573,0.06,0.01943494938313961,0.022084319964051247
9,1,0.05106701915291604,0.04,0.021236581727862358,0.01961122639477253
9,1,0.05978734556338749,0.04,0.02323383279144764,0.018802648410201073
9,1,0.07045876286630734,0.04,0.02323383279144764,0.01834096945822239
9,1,0.08244093534219951,0.04,0.020550072193145752,0.017559822648763657
9,1,0.09731730476050926,0.04,0.020550072193145752,0.01667603850364685
9,1,0.11581563962924499,0.04,0.01393493264913559,0.012582275085151196
9,1,0.13107502890687017,0.04,0.017359770834445953,0.0071655092760920525
9,1,0.14179239919716852,0.04,0.02131643518805504,0.004998121410608292
9,1,0.1530719388427863,0.02,0.026830662041902542,0.004630513954907656
9,1,0.16566510266797546,0.04,0.026830662041902542,0.004355169832706451
9,1,0.17777378346865197,0.06,0.02940305881202221,0.003627604339271784
9,1,0.18293946661124544,0.06,0.03603966906666756,0.002005492802709341
9,1,0.18193808434364972,0.06,0.024986719712615013,0.0015731839230284095
9,1,0.17791492614291746,0.02,0.024986719712615013,0.0020978422835469246
9,1,0.16738230882950306,0.02,0.029323622584342957,0.0026629280764609575
9,1,0.1523252018783936,0.02,0.03079335391521454,0.003047141246497631
9,1,0.13730961565185393,0.02,0.03079335391521454,0.003308685729280114
9,1,0.12453841276170388,0.02,0.034767381846904755,0.00273015140555799
9,1,0.11265551264514323,0.02,0.025606246665120125,0.0021224175579845905
9,1,0.10038582537583686,0.04,0.020937735214829445,0.002117892960086465
9,1,0.08810503058523735,0.04,0.01630185917019844,0.0019204847048968077
9,1,0.07505790207689854,0.04,0.010071509517729282,0.001288444036617875
9,1,0.06294598159529265,0.02,0.010351890698075294,0.0007095271139405668
9,1,0.05371791294391232,0.02,0.01037827879190445,0.0007423073402605951
9,1,0.045112557968627294,0.02,0.009688915684819221,0.0007126338314265013
9,1,0.03626300389425734,0.02,0.00988017302006483,0.0007004844956099987
9,1,0.0277706181812251,0.02,0.0072381687350571156,0.0006663031526841223
9,1,0.020655735607589452,0.02,0.0072381687350571156,0.0005959980189800262
9,1,0.01530981148777916,0.02,0.004827572498470545,0.0006869519711472094
9,1,0.011581893004504682,0.04,0.004630337934941053,0.0009293438051827252
9,1,0.009037808817179131,0.06,0.004003212321549654,0.0009460305445827544
9,1,0.007483779435386655,0.06,0.003814827650785446,0.0008066868176683784
9,1,0.006633181675547209,0.06,0.003814827650785446,0.0007014601142145693
9,1,0.006336666884848585,0.06,0.0029858637135475874,0.0008551713544875383
9,1,0.006447399475100636,0.08,0.0029858637135475874,0.0011877227807417512
9,1,0.006596004089876323,0.08,0.00687995133921504,0.0005101509159430861
9,1,0.006867362889561478,0.08,0.011574836447834969,0.001034566666930914
9,1,0.007233246691493272,0.08,0.011574836447834969,0.0008724797517061234
9,1,0.007918361997295958,0.08,0.011574836447834969,0.0007836287841200829
9,1,0.009268627136464423,0.08,0.011574836447834969,0.0007455784361809492
9,1,0.011800241662951867,0.08,0.015979578718543053,0.0007174395141191781
9,1,0.01600244768499833,0.08,0.0141216441988945,0.0007415384170599282
9,1,0.02228102346675126,0.08,0.012757542543113232,0.0007929602288641036
9,1,0.030123189879491235,0.08,0.011699413880705833,0.0008956945966929197
9,1,0.03706902712029069,0.08,0.009595688432455063,0.0011153239756822586
9,1,0.04254552475127006,0.08,0.009451228193938732,0.002141935983672738
9,1,0.04021114845863203,0.08,0.03070029616355896,0.005321677774190903
9,1,0.04845498146599541,0.08,0.22023852169513702,0.008827281184494495
9,1,0.061246956272798095,0.12,0.3671451508998871,0.010152081958949566
9,1,0.05893903051938328,0.12,0.4173980951309204,0.009263455867767334
9,1,0.06044091627928587,0.12,0.4173980951309204,0.013598008081316948
9,1,0.06089072765438761,0.1,0.4173980951309204,0.018991805613040924
9,1,0.06113397960926136,0.1,0.44262996315956116,0.024900464341044426
9,1,0.05965875168630372,0.1,0.45718470215797424,0.032898642122745514
9,1,0.05527060892993306,0.08,0.4290710389614105,0.039320047944784164
9,1,0.04989962238137381,0.08,0.0835307240486145,0.04108903557062149
9,1,0.046772160660693694,0.08,0.02453543245792389,0.039431553333997726
9,1,0.0454494277673198,0.06,0.018171580508351326,0.05165424570441246
9,1,0.042969071738057495,0.06,0.015232075937092304,0.05267712473869324
9,1,0.03980015644053609,0.04,0.010603474453091621,0.0364888459444046
9,1,0.0379935302180999,0.04,0.010603474453091621,0.026357604190707207
9,1,0.02958862379837434,0.04,0.005506048444658518,0.021733352914452553
9,1,0.023841778040223242,0.04,0.005533676594495773,0.017482679337263107
9,1,0.017648434697712045,0.06,0.005320430733263493,0.015543729066848755
9,1,0.014545839483089362,0.06,0.005320430733263493,0.013905405066907406
9,1,0.011384005317108342,0.08,0.006936732213944197,0.01931736059486866
9,1,0.007691330395177928,0.06,0.006611216813325882,0.016857102513313293
9,1,0.00533275153038184,0.06,0.0069508315064013,0.011958664283156395
9,1,0.004242342064726602,0.06,0.007472234312444925,0.010464138351380825
9,1,0.0032535834924572447,0.08,0.010497329756617546,0.009951597079634666
9,1,0.0027703843728006227,0.08,0.015465237200260162,0.004563747439533472
9,1,0.0025533327478002286,0.08,0.015465237200260162,0.0021841926500201225
9,1,0.002491819666818132,0.08,0.010262434370815754,0.0013255495578050613
9,1,0.0026912086149333283,0.06,0.006739369593560696,0.0008410282898694277
9,1,0.0026248227936140536,0.06,0.00472219567745924,0.0007428841199725866
9,1,0.002122629916392881,0.06,0.00472219567745924,0.0008531309431418777
9,1,0.002198374307378428,0.06,0.0041017052717506886,0.0008216562564484775
9,1,0.0026372282122704197,0.08,0.0041017052717506886,0.0006085853092372417
9,1,0.0037478505124812667,0.06,0.004539334215223789,0.0006648252019658685
9,1,0.0044532956897646294,0.06,0.004539334215223789,0.000660385238006711
9,1,0.005586334357162345,0.06,0.0053466809913516045,0.0013006471563130617
9,1,0.00712513254124452,0.08,0.0053466809913516045,0.001454878831282258
9,1,0.009666931253537516,0.08,0.0053466809913516045,0.0033634842839092016
9,1,0.012531112225896434,0.08,0.011738166213035583,0.004028651863336563
9,1,0.014969111735077145,0.08,0.019034715369343758,0.0045330338180065155
9,1,0.017192501397693013,0.08,0.03640341758728027,0.006751748733222485
9,1,0.02079903659124609,0.08,0.056440319865942,0.0118218082934618
9,1,0.025989921188425205,0.08,0.2502472996711731,0.019240668043494225
9,1,0.032898022191663656,0.08,0.2502472996711731,0.02679765596985817
9,1,0.04131517068567232,0.08,0.300628125667572,0.03573627769947052
9,1,0.04946242131699879,0.1,0.4328133463859558,0.05030795931816101
9,1,0.05693462093031244,0.1,0.4670690596103668,0.08936969190835953
9,1,0.0648036252803407,0.14,0.4670690596103668,0.1444595754146576
9,1,0.07396490261947916,0.16,0.4865197241306305,0.19814060628414154
9,1,0.0837109431482303,0.18,0.7186555862426758,0.2969340682029724
9,1,0.0924287089990311,0.18,0.7704699635505676,0.49220192432403564
9,1,0.09898940974536705,0.18,0.8380653262138367,0.6761511564254761
9,1,0.09980276127044088,0.2,0.8380653262138367,0.6594467163085938
9,1,0.1051287604846557,0.24,0.8749633431434631,0.6650702357292175
9,1,0.09651035338495241,0.2,0.886169970035553,0.6300318837165833
9,1,0.0976291969488782,0.16,0.3085629642009735,0.5173259973526001
9,1,0.10083720849997727,0.14,0.49940842390060425,0.3149997591972351
9,1,0.10182656822914998,0.14,0.39165741205215454,0.18774932622909546
9,1,0.09756065427512706,0.14,0.1768990010023117,0.14079217612743378
9,1,0.0857538965035527,0.12,0.15460796654224396,0.10951541364192963
9,1,0.08680666251503041,0.14,0.1289830505847931,0.08382165431976318
9,1,0.08104832743113206,0.16,0.1439051628112793,0.06796731054782867
9,1,0.07348572206356105,0.14,0.16750141978263855,0.05879707261919975
9,1,0.0666743056241742,0.14,0.0955599918961525,0.04837702587246895
9,1,0.06029317736868461,0.1,0.17739735543727875,0.03433310613036156
9,1,0.053678958622998284,0.1,0.1460399329662323,0.020783884450793266
9,1,0.04947838650976428,0.1,0.17629843950271606,0.026793424040079117
9,1,0.04541750696277307,0.1,0.15168675780296326,0.028217194601893425
9,1,0.04157342125155142,0.08,0.12105153501033783,0.025864725932478905
9,1,0.03793077182929324,0.08,0.024902796372771263,0.023312918841838837
9,1,0.034695519205938476,0.06,0.012340360321104527,0.02464883401989937
9,1,0.03140020120908612,0.04,0.010109885595738888,0.024144288152456284
9,1,0.028151446465501207,0.02,0.013111642561852932,0.015212069265544415
9,1,0.02601000348252702,0.02,0.010966747999191284,0.007860477082431316
9,1,0.02576540445309305,0.02,0.02481713518500328,0.004170630592852831
9,1,0.026650701359674796,0.02,0.022761430591344833,0.0018950558733195066
9,1,0.02808026418844646,0.02,0.022761430591344833,0.0010829262901097536
9,1,0.024334289278710734,0.02,0.021244298666715622,0.0005542090511880815
9,1,0.025771920914150245,0.02,0.021244298666715622,0.0002576991100795567
9,1,0.032286827694994864,0.02,0.013915498740971088,0.00010751808440545574
9,1,0.033904058071013043,0.02,0.013915498740971088,5.96979953115806e-05
9,1,0.03362735933370827,0.02,0.013915498740971088,0.00010358617146266624
9,1,0.03555545301983491,0.02,0.013915498740971088,0.00014473797637037933
9,1,0.04033790368927496,0.02,0.021855512633919716,0.0002796601038426161
9,1,0.044189498764052065,0.04,0.12789863348007202,0.00043464204645715654
9,1,0.043185721689182305,0.04,0.157734677195549,0.0007881209603510797
9,1,0.03726561102180853,0.04,0.16365434229373932,0.0011839326471090317
9,1,0.04417897668575155,0.04,0.16962338984012604,0.002212759805843234
9,1,0.04975356398706364,0.04,0.267767071723938,0.003753351978957653
9,1,0.05194032687273822,0.04,0.3201688528060913,0.006308123469352722
9,1,0.058602500741487165,0.04,0.3201688528060913,0.01106635108590126
9,1,0.05915434985634047,0.04,0.2854670584201813,0.016514107584953308
9,1,0.07137807536475746,0.04,0.3736029267311096,0.030249454081058502
9,1,0.07372906815747078,0.06,0.3676651418209076,0.02883637323975563
9,1,0.07141190323423464,0.06,0.374357134103775,0.03179572522640228
9,1,0.07633830241675636,0.06,0.38503497838974,0.06311187148094177
9,1,0.07413195081712293,0.08,0.3289984464645386,0.05371369794011116
9,1,0.07175600312820482,0.06,0.06814099848270416,0.039702825248241425
9,1,0.0691925446184969,0.06,0.021553784608840942,0.01737086847424507
9,1,0.06757188150932925,0.06,0.011661624535918236,0.010608038865029812
9,1,0.06625122482407834,0.06,0.008623048663139343,0.008458202704787254
9,1,0.06279990441556874,0.06,0.005311587825417519,0.008981064893305302
9,1,0.054908301344858954,0.06,0.005311587825417519,0.010788067243993282
9,1,0.05992069691665577,0.06,0.005311587825417519,0.016773775219917297
9,1,0.067786528537894,0.06,0.004988154396414757,0.021030377596616745
9,1,0.06162236199632143,0.04,0.004988154396414757,0.016564201563596725
9,1,0.05696652106825474,0.04,0.006414853036403656,0.011989426799118519
9,1,0.05233660230975997,0.02,0.006414853036403656,0.005295875947922468
9,1,0.047667153462884894,0.02,0.005589996464550495,0.002381437225267291
9,1,0.04284263684604386,0.02,0.00475646834820509,0.0013574260519817472
9,1,0.03840108200123938,0.02,0.0040891882963478565,0.0006287475116550922
9,1,0.03448050985023786,0.02,0.0040891882963478565,0.00026019636425189674
9,1,0.031158797542785326,0.02,0.0042634704150259495,0.00010671819472918287
9,1,0.028715485408266572,0.02,0.0042634704150259495,5.693505227100104e-05
9,1,0.026883685932458407,0.02,0.0037511647678911686,3.833037771983072e-05
9,1,0.025261532558061274,0.02,0.0037511647678911686,2.4226106688729487e-05
9,1,0.024180407505082227,0.02,0.003527309512719512,1.5538222214672714e-05
9,1,0.023598634221515185,0.02,0.003083724295720458,9.98091582005145e-06
9,1,0.02392461200604863,0.02,0.003083724295720458,9.49906916503096e-06
9,1,0.0247772735533522,0.02,0.0027144886553287506,1.0695601304178126e-05
9,1,0.026652700297566546,0.02,0.0036787413991987705,1.0244338227494154e-05
9,1,0.030414460699194824,0.02,0.0056691658683121204,1.2041461559419986e-05
9,1,0.02899060815657379,0.02,0.01857452467083931,1.1794313650170807e-05
9,1,0.03155117832382323,0.04,0.08922829478979111,1.0189637578150723e-05
9,1,0.03610419830947808,0.04,0.11119357496500015,7.735815415799152e-06
9,1,0.035362488982660235,0.04,0.12004672735929489,4.814541625819402e-06
9,1,0.035298050800932707,0.04,0.12004672735929489,7.401921266136924e-06
9,1,0.0329374444270391,0.04,0.0965225026011467,8.793649612925947e-06
9,1,0.030114293401823096,0.02,0.020221183076500893,1.027347389026545e-05
9,1,0.0278098331478249,0.02,0.020221183076500893,1.7013580873026513e-05
9,1,0.026782372587689233,0.02,0.020221183076500893,2.530121309973765e-05
9,1,0.0258778972093287,0.02,0.007016122341156006,2.5004592316690832e-05
9,1,0.023180368343396842,0.02,0.004836682695895433,2.9679340514121577e-05
9,1,0.026465361543146708,0.02,0.006277828011661768,3.991812627646141e-05
9,1,0.030381575045323943,0.02,0.006534724961966276,4.5053664507577196e-05
9,1,0.02889083520947502,0.02,0.007471006829291582,4.62526259070728e-05
9,1,0.023197005469606385,0.04,0.007818540558218956,4.30071959272027e-05
9,1,0.02179262189449166,0.04,0.006910958793014288,5.013659392716363e-05
9,1,0.025090903557065586,0.04,0.008034532889723778,7.661108247702941e-05
9,1,0.028364452035112075,0.04,0.008034532889723778,0.00012900085130240768
9,1,0.03208056148122517,0.04,0.006249868310987949,0.00021237765031401068
9,1,0.03697918173802022,0.04,0.006249868310987949,0.0003381900896783918
9,1,0.03375123447918527,0.04,0.006249868310987949,0.0003574499860405922
9,1,0.03215615694038344,0.04,0.015572231262922287,0.0004956627963110805
9,1,0.031315980611492884,0.04,0.04988995939493179,0.0007404983043670654
9,1,0.03013111241079764,0.04,0.1461571902036667,0.0008283521747216582
9,1,0.028679765982644004,0.04,0.1262429654598236,0.0008496369700878859
9,1,0.0260600064847215,0.02,0.09579014033079147,0.0003223129897378385
9,1,0.02409252915782404,0.02,0.09579014033079147,0.00018513748364057392
9,1,0.0219873637292996,0.02,0.13668617606163025,0.00011099026596639305
9,1,0.019812898452162088,0.02,0.13668617606163025,6.971655966481194e-05
9,1,0.018146697669600028,0.04,0.13544732332229614,4.308083589421585e-05
9,1,0.017460858269623524,0.02,0.10774626582860947,2.5684792490210384e-05
9,1,0.017818448026354607,0.02,0.06327353417873383,1.5183944924501702e-05
9,1,0.019066882861467776,0.02,0.055005285888910294,9.411289283889346e-06
9,1,0.02112138039261263,0.02,0.055005285888910294,3.65400569535268e-06
9,1,0.023584330062738083,0.02,0.003106485353782773,5.016998329665512e-06
9,1,0.02642060951113352,0.02,0.003106485353782773,4.503737272898434e-06
9,1,0.029176208603744605,0.02,0.004034188576042652,4.355841156211682e-06
9,1,0.03137252344299786,0.02,0.00419966084882617,4.755142981593963e-06
9,1,0.03225036493863553,0.02,0.00419966084882617,5.8784235079656355e-06
9,1,0.031673292810286836,0.02,0.0033991746604442596,8.636735401523765e-06
9,1,0.02903157749726402,0.02,0.0023794069420546293,8.617236744612455e-06
9,1,0.027213517999824466,0.02,0.0015040984144434333,8.852473911247216e-06
9,1,0.028604112100375362,0.02,0.0013951249420642853,7.302449830604019e-06
9,1,0.0319325762469293,0.02,0.0014578368281945586,7.146356438170187e-06
9,1,0.032458780492399614,0.02,0.0013951249420642853,6.286735697358381e-06
9,1,0.0296725500662172,0.02,0.0013951249420642853,5.229298949416261e-06
9,1,0.02671298053488884,0.02,0.0017244853079319,4.754186193167698e-06
9,1,0.02499975418600293,0.02,0.0017244853079319,4.8223209887510166e-06
9,1,0.02376664756121116,0.02,0.00156003562733531,5.112461622047704e-06
9,1,0.022256834652420607,0.02,0.002614579163491726,5.53322433916037e-06
9,1,0.0206109263437807,0.02,0.002614579163491726,6.2666708799952175e-06
9,1,0.024943523718930185,0.02,0.016018914058804512,1.018246985040605e-05
9,1,0.023913455911252615,0.02,0.016018914058804512,1.249733213626314e-05
9,1,0.023705868805949354,0.02,0.016018914058804512,1.5638372133253142e-05
9,1,0.023915008270125337,0.02,0.016018914058804512,2.1337320504244417e-05
9,1,0.024178341687289388,0.02,0.019000381231307983,2.839151602529455e-05
9,1,0.0246979918884897,0.02,0.03902166709303856,5.195880294195376e-05
9,1,0.0248276968009488,0.02,0.03902166709303856,7.963009556988254e-05
9,1,0.024548904394869987,0.02,0.03875866159796715,9.550213144393638e-05
9,1,0.02416546294059133,0.02,0.03875866159796715,0.0001206073138746433
9,1,0.02334309735607099,0.02,0.03875866159796715,0.00013992075400892645
9,1,0.022007509177971764,0.02,0.03875866159796715,0.00016380767920054495
9,1,0.020892767149452648,0.02,0.03875866159796715,0.00016261760902125388
9,1,0.020290763928911302,0.02,0.03875866159796715,0.00013750388461630791
9,1,0.019591978326663196,0.02,0.03875866159796715,0.00011253277625655755
9,1,0.018396710868151065,0.02,0.03401501104235649,9.80154363787733e-05
9,1,0.017059010100266392,0.02,0.03401501104235649,9.471445082454011e-05
9,1,0.01452928778148648,0.02,0.016518382355570793,8.598613931098953e-05
9,1,0.015102524954635535,0.02,0.0076009719632565975,0.00012642284855246544
9,1,0.01708096746410733,0.02,0.007372564170509577,0.00012957287253811955
9,1,0.02119599245783229,0.02,0.010038730688393116,0.00013689814659301192
9,1,0.02128747534613483,0.02,0.010686127468943596,0.00015384965809062123
9,1,0.0222365939277083,0.02,0.013707793317735195,0.00018373288912698627
9,1,0.02381501735415278,0.02,0.0033834597561508417,0.00016673497157171369
9,1,0.02523098055621729,0.02,0.0036160307936370373,0.00015540057211183012
9,1,0.025578859732026428,0.02,0.0036160307936370373,0.00015230131975840777
9,1,0.025992586555284247,0.02,0.004118271637707949,0.0001517841883469373
9,1,0.027671363246302413,0.02,0.00470997067168355,0.00013746377953793854
9,1,0.029752750778408,0.02,0.004306262359023094,0.00011566925968509167
9,1,0.030023486619189094,0.02,0.003942389041185379,7.432161510223523e-05
9,1,0.02896608585649622,0.02,0.0036889060866087675,4.930993964080699e-05
9,1,0.028024637201103972,0.02,0.0036889060866087675,3.4610118746059015e-05
9,1,0.02805801176667299,0.02,0.0023634096141904593,3.211377770639956e-05
9,1,0.023129401474317905,0.02,0.0028133539017289877,2.132767804141622e-05
9,1,0.018483191770440315,0.02,0.03529336303472519,1.0003347597375978e-05
9,1,0.016271607088212087,0.02,0.03529336303472519,7.989264304342214e-06
9,1,0.01357331104762164,0.02,0.04189468175172806,9.764877177076414e-06
9,1,0.01308302984864796,0.02,0.04189468175172806,1.2010598766210023e-05
9,1,0.012924045070840787,0.02,0.049450140446424484,1.4641756024502683e-05
9,1,0.012314679598026346,0.02,0.049450140446424484,1.9364037143532187e-05
9,1,0.012145123359323112,0.02,0.06596897542476654,2.3543860152130947e-05
9,1,0.012087322867672811,0.02,0.06596897542476654,3.926605495507829e-05
9,1,0.011554412535854321,0.04,0.0843542069196701,5.924700963078067e-05
9,1,0.011643257317087954,0.04,0.0843542069196701,9.502294415142387e-05
9,1,0.011888452771899543,0.04,0.09684064984321594,0.00014341868518386036
9,1,0.011150193806647299,0.04,0.09684064984321594,0.00016165275883395225
9,1,0.010364008107172886,0.06,0.09093587100505829,0.00024434112128801644
9,1,0.009633648086798575,0.08,0.09093587100505829,0.0003110259713139385
9,1,0.007991459617057398,0.08,0.09093587100505829,0.0004688828776124865
9,1,0.00613165291417967,0.08,0.06349071115255356,0.0008779227500781417
9,1,0.006628026608480073,0.08,0.06774619221687317,0.0018811551854014397
9,1,0.005467226472513225,0.1,0.07355888932943344,0.001811946276575327
9,1,0.004456083416448869,0.08,0.07355888932943344,0.0020371731370687485
9,1,0.003975323557147093,0.06,0.07355888932943344,0.0019200260285288095
9,1,0.0035695635572937107,0.06,0.07355888932943344,0.001629265141673386
9,1,0.0029155092998287713,0.06,0.07355888932943344,0.0017421706579625607
9,1,0.0025595748801805853,0.06,0.04310839623212814,0.0016994397155940533
9,1,0.00258880577812001,0.06,0.017582671716809273,0.0012621346395462751
9,1,0.0027196987864950032,0.06,0.017198046669363976,0.0009963229531422257
9,1,0.002871117164341297,0.06,0.017198046669363976,0.0009295855998061597
9,1,0.003135163783330175,0.06,0.025880036875605583,0.0009139206958934665
9,1,0.003601846639426513,0.06,0.02946031466126442,0.0008841293747536838
9,1,0.004410582861699965,0.02,0.03583061695098877,0.000724448065739125
9,1,0.005416855221165471,0.02,0.03666301444172859,0.000609635200817138
9,1,0.006441824844774223,0.02,0.03238102048635483,0.00046179245691746473
9,1,0.00746215115524493,0.02,0.007557184435427189,0.00034583278466016054
9,1,0.008704449417525666,0.02,0.01560234185308218,0.00029478842043317854
9,1,0.010480267148331076,0.04,0.014537450857460499,0.00024163012858480215
9,1,0.012943747829052159,0.04,0.010658638551831245,0.00016717497783247381
9,1,0.01674693624639141,0.06,0.00997764803469181,0.00011033453483833
9,1,0.017437356149039095,0.08,0.005791882518678904,4.548189463093877e-05
9,1,0.01823949246708319,0.08,0.0029165707528591156,1.839958713389933e-05
9,1,0.01846182754918857,0.1,0.008707448840141296,8.161238838511053e-06
9,1,0.02339101245351395,0.1,0.008178934454917908,5.2125992624496575e-06
9,1,0.02842251490456814,0.08,0.008178934454917908,5.327897270035464e-06
9,1,0.03288720468337726,0.1,0.016980286687612534,7.02879606251372e-06
9,1,0.036499549214831416,0.12,0.06531400978565216,7.511180683650309e-06
9,1,0.03915709960844068,0.14,0.1073550134897232,6.6391135078447405e-06
9,1,0.039942334149248554,0.14,0.11182544380426407,5.233549927652348e-06
9,1,0.03756516693963327,0.12,0.1507423222064972,4.1176854210789315e-06
9,1,0.04361960232012679,0.14,0.23978261649608612,4.627433554560412e-06
9,1,0.052845974477598034,0.18,0.23918968439102173,6.253573246794986e-06
9,1,0.07130949731751463,0.2,0.21710515022277832,9.872409464151133e-06
9,1,0.08247179371869383,0.24,0.21710515022277832,1.2690782568824943e-05
9,1,0.09514257783252682,0.28,0.21710515022277832,1.61131738423137e-05
9,1,0.09785756636179768,0.3,0.11681999266147614,2.1011053831898607e-05
9,1,0.0983364577265283,0.36,0.18133167922496796,5.584193786489777e-05
9,1,0.10422169804300141,0.36,0.1943117082118988,7.538568024756387e-05
9,1,0.10227241802958298,0.36,0.1943117082118988,0.00010847343946807086
9,1,0.08982701306292046,0.38,0.14383096992969513,0.00026979431277140975
9,1,0.08516929746283616,0.38,0.11019368469715118,0.000529311946593225
9,1,0.0825305880563818,0.38,0.11019368469715118,0.0008409333531744778
9,1,0.07556971951131303,0.3,0.13099761307239532,0.0014645863557234406
9,1,0.06685086406183198,0.24,0.12587621808052063,0.0012242193333804607
9,1,0.05794199251764486,0.24,0.13441069424152374,0.0011890307068824768
9,1,0.05416983601280234,0.2,0.07543900609016418,0.001125055830925703
9,1,0.044972032386789755,0.12,0.07332228869199753,0.00018457414989825338
9,1,0.04544800327015428,0.12,0.07905296981334686,6.879107240820304e-05
9,1,0.039813456104459036,0.12,0.056511446833610535,6.0561997088370845e-05
9,1,0.03550946072375055,0.14,0.04575137794017792,4.8630154196871445e-05
9,1,0.031590741381352073,0.1,0.026174871250987053,3.5088876757072285e-05
9,1,0.02777094127653243,0.12,0.030190201476216316,3.492276300676167e-05
9,1,0.02495890496938183,0.12,0.04051794856786728,3.354531145305373e-05
9,1,0.022930880463650233,0.12,0.049702949821949005,3.361159542691894e-05
9,1,0.02177029578904051,0.12,0.04399803653359413,3.2085612474475056e-05
9,1,0.021277091908348637,0.12,0.028942203149199486,2.5761915821931325e-05
9,1,0.020427232805109868,0.1,0.022868307307362556,1.8474875105312094e-05
9,1,0.01919649931757957,0.12,0.022868307307362556,1.9869376046699472e-05
9,1,0.0181295844530634,0.1,0.005007076542824507,1.9562885427149013e-05
9,1,0.01775364942328883,0.12,0.005007076542824507,1.0290034879290033e-05
9,1,0.018245395112451962,0.12,0.004883723333477974,5.94669472775422e-06
9,1,0.019033169665222043,0.12,0.005267069209367037,3.417514108150499e-06
9,1,0.020114794809559883,0.1,0.004946333356201649,2.1518324047065107e-06
9,1,0.022037362873767653,0.08,0.008534588851034641,1.709160301288648e-06
9,1,0.02400896516564105,0.08,0.05181131139397621,1.4351624031405663e-06
9,1,0.025461237529463786,0.08,0.04987071827054024,1.0042106168839382e-06
9,1,0.028347581409587243,0.1,0.04987071827054024,8.17355385152041e-07
9,1,0.03218490657702902,0.08,0.20106305181980133,6.966069463487656e-07
9,1,0.035521080619339486,0.1,0.20106305181980133,6.170490109980165e-07
9,1,0.03902331236638901,0.16,0.20106305181980133,5.470343467095518e-07
9,1,0.0431345994834772,0.16,0.16128604114055634,5.209698770158866e-07
9,1,0.04847830350258432,0.12,0.14392943680286407,5.819425155095814e-07
9,1,0.05586712701145281,0.18,0.17328859865665436,7.224125511129387e-07
9,1,0.06400094668970045,0.16,0.17328859865665436,9.636532922741026e-07
9,1,0.06977761720362645,0.16,0.13383914530277252,8.109390137178707e-07
9,1,0.07506404722080355,0.18,0.2225329726934433,9.07780815850856e-07
9,1,0.07899093009855152,0.2,0.27841341495513916,9.444829629501328e-07
9,1,0.08281050897141695,0.2,0.4175873398780823,1.1352527735652984e-06
9,1,0.08615214448424655,0.26,0.4175873398780823,9.214135161528247e-07
9,1,0.08747287863412215,0.24,0.4175873398780823,2.082177616102854e-06
9,1,0.08653740833490632,0.3,0.3485773503780365,4.582083420245908e-06
9,1,0.07189788741770162,0.3,0.3485773503780365,3.6979101878387155e-06
9,1,0.06248177950855142,0.28,0.2576458156108856,2.111790536218905e-06
9,1,0.06460417510768875,0.28,0.2576458156108856,2.5383494630659698e-06
9,1,0.064195318917765,0.26,0.2576458156108856,3.631550043792231e-06
9,1,0.056890824684075886,0.28,0.38496339321136475,1.2342021364020184e-05
9,1,0.05696969064561554,0.28,0.38496339321136475,1.0653945537342224e-05
9,1,0.057266172795457135,0.26,0.38496339321136475,1.758480357239023e-05
9,1,0.05719079687117447,0.22,0.3578161597251892,2.040486469923053e-05
9,1,0.05441419561666428,0.18,0.4407658874988556,1.3932923138781916e-05
9,1,0.048334369972858934,0.16,0.6953199505805969,1.4923245544196106e-05
9,1,0.041045912591161894,0.16,0.6953199505805969,6.195222340465989e-06
9,1,0.03636663121255885,0.16,0.5701629519462585,4.5784013309457805e-06
9,1,0.03532216248930347,0.16,0.6197301745414734,4.807567620446207e-06
9,1,0.03621057200616413,0.12,0.6726700067520142,5.62676314075361e-06
9,1,0.03706469028596574,0.08,0.6459120512008667,6.670032689726213e-06
9,1,0.03664218553843695,0.08,0.5766988396644592,6.4352188928751275e-06
9,1,0.03478925258180717,0.08,0.5766988396644592,6.7800206124957185e-06
9,1,0.03260487399482735,0.08,0.5920354127883911,7.89258956501726e-06
9,1,0.031022793238756192,0.08,0.6967607736587524,6.421339548978722e-06
9,1,0.029970073135088215,0.08,0.6365025043487549,8.193102075892966e-06
9,1,0.02892388836929236,0.08,0.7105686068534851,7.53155200072797e-06
9,1,0.02895612884210705,0.08,0.7105686068534851,7.301377536350628e-06
9,1,0.02925860127727771,0.08,0.6064254641532898,6.8102967816230375e-06
9,1,0.02852269195221624,0.08,0.61857008934021,5.653193966281833e-06
9,1,0.027520474280493656,0.08,0.61857008934021,2.9691213967453223e-06
9,1,0.027280314673642853,0.08,0.566739559173584,2.199481741627096e-06
9,1,0.027014990864228663,0.08,0.45240122079849243,1.6648962173348991e-06
9,1,0.026165593857754778,0.08,0.45240122079849243,1.5907199895082158e-06
9,1,0.025031038913801134,0.08,0.48423805832862854,1.6174135453184135e-06
9,1,0.02472747025532706,0.1,0.3023960590362549,1.271156179427635e-06
9,1,0.025539796163782266,0.14,0.1537664532661438,8.007341421034653e-07
9,1,0.02703870210178726,0.18,0.18069064617156982,6.41411588730989e-07
9,1,0.028202113285881052,0.16,0.18069064617156982,7.059686595312087e-07
9,1,0.028947004194542277,0.18,0.2279728800058365,9.031626859723474e-07
9,1,0.030644188514976894,0.18,0.24429000914096832,1.0376893442298751e-06
9,1,0.032613818594069956,0.22,0.2362234890460968,1.5004338820290286e-06
9,1,0.03321698832135906,0.24,0.30335533618927,3.179273790010484e-06
9,1,0.0323853336787624,0.24,0.47546666860580444,1.0813289009092841e-05
9,1,0.031099457813818808,0.2,0.5600067377090454,2.5587021809769794e-05
9,1,0.029782491368373576,0.26,0.7077896595001221,3.06022229779046e-05
9,1,0.029028413799503095,0.26,0.8203178644180298,3.242458478780463e-05
9,1,0.029203786832524097,0.26,0.8784717321395874,3.286596620455384e-05
9,1,0.031118755649838577,0.26,0.8821367621421814,6.310125900199637e-05
9,1,0.03525683981126875,0.26,0.9510937929153442,7.800496678100899e-05
9,1,0.04136345633055721,0.26,0.9492765665054321,7.203404675237834e-05
9,1,0.04827337753395942,0.22,0.9492765665054321,4.298898784327321e-05
9,1,0.05425861380497415,0.22,0.9605152606964111,2.9425809771055356e-05
9,1,0.05716489331786957,0.2,0.9675405025482178,2.515906271582935e-05
9,1,0.05749483473348582,0.2,0.9684290289878845,3.8179128750925884e-05
9,1,0.05704764209112327,0.2,0.9644625782966614,4.141542376601137e-05
9,1,0.05675991167374646,0.18,0.9644625782966614,3.9950689824763685e-05
9,1,0.056090214753975014,0.2,0.9799624681472778,3.5080243833363056e-05
9,1,0.05562331717914068,0.2,0.9799624681472778,3.0929892091080546e-05
9,1,0.0565360026856847,0.18,0.9797543883323669,2.9810164051014e-05
9,1,0.06048504606495215,0.22,0.9788252711296082,3.060630842810497e-05
9,1,0.06837784685808543,0.18,0.9608533382415771,3.151828786940314e-05
9,1,0.06263260358194137,0.14,0.9250704050064087,1.766120840329677e-05
9,1,0.05780613465249158,0.12,0.8860101103782654,9.422963557881303e-06
9,1,0.05046599410838617,0.1,0.8860101103782654,5.210372819419717e-06
9,1,0.04048525907133345,0.1,0.8348052501678467,3.2329760415450437e-06
9,1,0.03881401894732151,0.1,0.8021110892295837,3.03647834698495e-06
9,1,0.03651331645106818,0.08,0.7810227870941162,2.6895916107605444e-06
9,1,0.03488014562902182,0.08,0.7810227870941162,2.3678053366893437e-06
9,1,0.033421692033799584,0.08,0.7529111504554749,1.7941695205081487e-06
9,1,0.031456047256709314,0.08,0.6116974353790283,1.0699269523684052e-06
9,1,0.029636681995100243,0.08,0.4514932334423065,5.960941393823305e-07
9,1,0.028896153806716833,0.08,0.340632826089859,4.5090311573403596e-07
9,1,0.029875040063731855,0.08,0.5327600240707397,4.663068011723226e-07
9,1,0.03261630305590829,0.08,0.787308394908905,4.5973587248226977e-07
9,1,0.03629741272176824,0.08,0.787308394908905,3.40474514359812e-07
9,1,0.040516713997024625,0.08,0.49026840925216675,2.762099882147595e-07
9,1,0.044776642865617604,0.08,0.545275866985321,2.61065565609897e-07
9,1,0.04912074897673684,0.08,0.545275866985321,2.451719467444491e-07
9,1,0.05298254582585254,0.08,0.545275866985321,2.3283671168883302e-07
9,1,0.05658960684964593,0.1,0.545275866985321,2.4633817474750686e-07
9,1,0.05981080857895215,0.14,0.5671607851982117,2.550746671658999e-07
9,1,0.06269318962822669,0.12,0.5246110558509827,2.9033233772679523e-07
9,1,0.06496357321918421,0.12,0.538642942905426,3.552893019787007e-07
9,1,0.06664260237949667,0.14,0.538642942905426,4.5388389935396845e-07
9,1,0.0683850485704319,0.16,0.5487043857574463,6.061289354875044e-07
9,1,0.07018776026480018,0.18,0.6678719520568848,8.357129104297201e-07
9,1,0.07156447989054472,0.18,0.6678719520568848,9.114015711020329e-07
9,1,0.07334693502894388,0.18,0.6870245337486267,1.0844660209841095e-06
9,1,0.07424623157605571,0.2,0.6870245337486267,1.1306727856208454e-06
9,1,0.07325114414577871,0.18,0.9056684970855713,1.2245885727679706e-06
9,1,0.07241510511944174,0.18,0.9056684970855713,1.2448294910427649e-06
9,1,0.07116392371629451,0.18,0.865986704826355,5.518439252227836e-07
9,1,0.07137574784943013,0.18,0.865986704826355,5.217609100327536e-07
9,1,0.0718590149711014,0.18,0.9056684970855713,1.2208186035422841e-06
9,1,0.06865179402244513,0.16,0.9056684970855713,1.0928893061645795e-06
9,1,0.06259816419815378,0.18,0.6678719520568848,8.124694090838602e-07
9,1,0.05528890869920673,0.2,0.6483268737792969,6.272336463553074e-07
9,1,0.048600391429629346,0.2,0.8363282084465027,4.174875414264534e-07
9,1,0.04382387105429201,0.18,0.8363282084465027,3.0282748753052147e-07
9,1,0.041934840614639236,0.2,0.7481113076210022,2.395786680153833e-07
9,1,0.04226969732793681,0.2,0.7481113076210022,2.0931403810209304e-07
9,1,0.05731173531374571,0.26,0.91553795337677,3.9952072938831407e-07
9,1,0.056314080980885466,0.22,0.9270553588867188,1.1957292826991761e-06
9,1,0.04874211860177253,0.22,0.8469146490097046,3.97119538320112e-06
9,1,0.04740882423010569,0.24,0.8469146490097046,1.1405723853386007e-05
9,1,0.05404101479615596,0.22,0.8871751427650452,2.2963153242017142e-05
9,1,0.05187124214790856,0.2,0.8871751427650452,1.901143514260184e-05
9,1,0.05129203240353996,0.2,0.8871751427650452,1.4327485587273259e-05
9,1,0.05156236895542007,0.2,0.8871751427650452,1.0303174349246547e-05
9,1,0.052011702080968523,0.18,0.8871751427650452,7.487593393307179e-06
9,1,0.050066509257882495,0.16,0.8871751427650452,6.246289558475837e-06
9,1,0.04516191978523971,0.18,0.8657395243644714,4.924359473079676e-06
9,1,0.04074057647108531,0.18,0.8657395243644714,4.212853582430398e-06
9,1,0.03863426535469779,0.22,0.8961986899375916,3.880697477143258e-06
9,1,0.03912751182240042,0.22,0.8985429406166077,3.8298394429148175e-06
9,1,0.0333621755628877,0.2,0.8520313501358032,2.621198973429273e-06
9,1,0.03234486631322471,0.22,0.7619674801826477,2.188578491768567e-06
9,1,0.047837028857117915,0.24,0.7960684299468994,3.3577578051335877e-06
9,1,0.07659431982010693,0.28,0.7690220475196838,5.331678949005436e-06
9,1,0.11815766585552616,0.3,0.8513705730438232,1.0348619071010035e-05
9,1,0.11757439461136937,0.32,0.8513705730438232,1.8013419321505353e-05
9,1,0.12020024958507143,0.3,0.7910099029541016,8.276879088953137e-05
9,1,0.14160549783697518,0.26,0.837334394454956,0.0004101232043467462
9,1,0.1762189746963462,0.28,0.837334394454956,0.0015256708720698953
9,1,0.18371144665987013,0.28,0.9722919464111328,0.002590892370790243
9,1,0.18951358389031495,0.3,0.9722919464111328,0.0030098999850451946
9,1,0.19450548119289746,0.34,0.9644002318382263,0.0034497117158025503
9,1,0.2040291693030035,0.36,0.9918050765991211,0.005231968127191067
9,1,0.21495002344969086,0.38,0.9948400855064392,0.004716799594461918
9,1,0.22600942919877856,0.38,0.9954612851142883,0.004090671893209219
9,1,0.23205012626791463,0.38,0.9954612851142883,0.0037457854487001896
9,1,0.23074191613890263,0.38,0.9954612851142883,0.003921655472368002
9,1,0.22657525727323025,0.36,0.9954612851142883,0.004284355323761702
9,1,0.22243875588655515,0.36,0.9948400855064392,0.004304947331547737
9,1,0.21835780928501639,0.34,0.9702668786048889,0.003705414477735758
9,1,0.21477537519858295,0.34,0.9702668786048889,0.002711116336286068
9,1,0.2102418891160746,0.28,0.9702668786048889,0.0018246398540213704
9,1,0.20261345266135608,0.26,0.9710723757743835,0.0012725943233817816
9,1,0.19275742848856273,0.22,0.8114511966705322,0.0009575512376613915
9,1,0.18126182909365815,0.22,0.8114511966705322,0.0006838291301392019
9,1,0.17686540648588428,0.26,0.7741466760635376,0.00044821129995398223
9,1,0.15240094230408716,0.26,0.8606616258621216,0.00011391472071409225
9,1,0.14227031807826873,0.24,0.8734187483787537,1.9808230717899278e-05
9,1,0.14930737477167252,0.2,0.8734187483787537,1.2566302757477388e-05
9,1,0.13565214191701444,0.2,0.8823209404945374,1.934585816343315e-05
9,1,0.12474998927822391,0.18,0.8361765742301941,1.8104092305293307e-05
9,1,0.11700306950033748,0.16,0.8361765742301941,1.9688919564941898e-05
9,1,0.108348009725064,0.16,0.747902512550354,2.1654008378391154e-05
9,1,0.09993465510798662,0.14,0.747902512550354,1.7337197277811356e-05
9,1,0.09311595345099365,0.12,0.747902512550354,1.4979666957515292e-05
9,1,0.09279756854815129,0.1,0.747902512550354,1.3954704627394676e-05
9,1,0.09843980713735768,0.08,0.7834457755088806,8.897611223801505e-06
9,1,0.10499583674411943,0.08,0.8149436712265015,5.865034836460836e-06
9,1,0.10124733141958188,0.08,0.7768880724906921,3.3917633572855266e-06
9,1,0.08596169572654248,0.08,0.7565926313400269,1.9206636352464557e-06
9,1,0.0830638514454857,0.1,0.7442674040794373,1.4460778174907318e-06
9,1,0.08049266192943218,0.12,0.7903490662574768,1.3360125876715756e-06
9,1,0.05345130996370964,0.06,0.7228876352310181,3.6872117448183417e-07
9,1,0.05875501315158984,0.1,0.797190248966217,3.894746214427869e-07
9,1,0.09663096954945263,0.18,0.8668484091758728,2.477038606230053e-06
9,1,0.11493789709816585,0.22,0.8834123611450195,6.0907414081157185e-06
9,1,0.11602151238475404,0.26,0.8698529005050659,1.0096197911479976e-05
9,1,0.12192542844445274,0.26,0.8019311428070068,1.703025191091001e-05
9,1,0.1274457132120884,0.26,0.8876034617424011,2.8956275855307467e-05
9,1,0.1311398519968417,0.26,0.8876034617424011,4.550475568976253e-05
9,1,0.13240781689723,0.24,0.8004385232925415,6.957588630029932e-05
9,1,0.13172402920778395,0.26,0.9805746078491211,8.348339179065078e-05
9,1,0.130476459640339,0.28,0.9876004457473755,9.965150093194097e-05
9,1,0.12861791767937822,0.3,0.9805746078491211,0.0001400876499246806
9,1,0.1262920308608204,0.3,0.9734951853752136,0.0001822698104660958
9,1,0.12407473203285978,0.3,0.994388997554779,0.0002669447276275605
9,1,0.12037993800959093,0.32,0.994388997554779,0.0003850320936180651
9,1,0.11479940860208347,0.32,0.9952492713928223,0.00041360617615282536
9,1,0.11102378555547773,0.3,0.9972430467605591,0.0006298663793131709
9,1,0.107970369865892,0.3,0.9952492713928223,0.0008081074338406324
9,1,0.10456662116906905,0.3,0.9982404708862305,0.0009171526180580258
9,1,0.09920188914659216,0.3,0.9985755681991577,0.0010007842211052775
9,1,0.09007508029854046,0.3,0.9985755681991577,0.0011123359436169267
9,1,0.08851880711336767,0.34,0.9983798265457153,0.003762324107810855
9,1,0.07516730214972782,0.34,0.9988312125205994,0.015819126740098
9,1,0.0710986554386723,0.44,0.9990872144699097,0.04406322166323662
9,1,0.0803080190918949,0.48,0.9984342455863953,0.11182089895009995
9,1,0.07760780620979767,0.48,0.9985015392303467,0.1448526233434677
9,1,0.07635077309998896,0.48,0.9934554696083069,0.10820089280605316
9,1,0.07702384761285518,0.5,0.99757319688797,0.14844092726707458
9,1,0.08148226782231678,0.5,0.99757319688797,0.12646348774433136
9,1,0.08198898037059371,0.48,0.9994015693664551,0.1420488804578781
9,1,0.07194857705462016,0.48,0.9994015693664551,0.09288579970598221
9,1,0.06094072658012446,0.5,0.9994015693664551,0.06798995286226273
9,1,0.052391485699608144,0.5,0.9995567202568054,0.05293426290154457
9,1,0.046541202658202614,0.54,0.9995393753051758,0.05518333613872528
9,1,0.04379352370101525,0.58,0.9996391534805298,0.018675919622182846
9,1,0.04010645550333275,0.58,0.9984239339828491,0.0035298727452754974
9,1,0.042269799426815295,0.6,0.9984239339828491,0.001446266658604145
9,1,0.043265399290905546,0.62,0.9980787038803101,0.0014386771945282817
9,1,0.04834807306754937,0.68,0.9980787038803101,0.0027152036782354116
9,1,0.04570171139831899,0.68,0.9980787038803101,0.0034325304441154003
9,1,0.04627692868459847,0.72,0.9965431094169617,0.005646075587719679
9,1,0.04892556815404441,0.72,0.9965431094169617,0.010208322666585445
9,1,0.05386487407349987,0.68,0.9966574907302856,0.020218441262841225
9,1,0.06659920556585046,0.68,0.9970543384552002,0.058060165494680405
9,1,0.08375282857604291,0.6,0.9970543384552002,0.1299961507320404
9,1,0.07026233200451461,0.56,0.976277768611908,0.11519429832696915
9,1,0.05539670406899174,0.44,0.971598207950592,0.07737594097852707
9,1,0.05873431076552439,0.34,0.9622841477394104,0.10109938681125641
9,1,0.06179932511419672,0.36,0.9533094167709351,0.13038693368434906
9,1,0.06125175189944016,0.36,0.9546377658843994,0.08917435258626938
9,1,0.062189386800110706,0.36,0.9680709838867188,0.12183621525764465
9,1,0.06261671223074905,0.36,0.9680709838867188,0.12600970268249512
9,1,0.06237399713039433,0.38,0.9680709838867188,0.1197206899523735
9,1,0.06175389083379082,0.4,0.9797159433364868,0.1090882420539856
9,1,0.0611737894721179,0.4,0.9768251180648804,0.10405565053224564
9,1,0.060807262888774326,0.38,0.9580113291740417,0.08892525732517242
9,1,0.061177829400801825,0.38,0.9483809471130371,0.09256966412067413
9,1,0.06231727610148215,0.4,0.9202118515968323,0.08406516909599304
9,1,0.06415166890377992,0.38,0.9202118515968323,0.054414935410022736
9,1,0.06668405444304068,0.36,0.9202118515968323,0.03250567242503166
9,1,0.06819197401516017,0.34,0.9344609975814819,0.01810111477971077
9,1,0.06707218971072385,0.32,0.9344609975814819,0.010901489295065403
9,1,0.06394386321318031,0.32,0.9215753078460693,0.008151787333190441
9,1,0.05978969093370044,0.32,0.9215753078460693,0.005717332940548658
9,1,0.05439146915620496,0.32,0.9162421226501465,0.003988031297922134
9,1,0.047130496196807696,0.28,0.9162421226501465,0.004582148976624012
9,1,0.04806498555192159,0.3,0.9093287587165833,0.014692970551550388
9,1,0.045870773530145695,0.34,0.6651059985160828,0.05557069554924965
9,1,0.047231689795785486,0.46,0.8299625515937805,0.1094902977347374
9,1,0.05470269323752403,0.48,0.8061648607254028,0.12969103455543518
9,1,0.05141306824581788,0.5,0.8151901364326477,0.11479246616363525
9,1,0.048569796841032166,0.46,0.8818222284317017,0.09129924327135086
9,1,0.045008765530527794,0.46,0.972775936126709,0.044165294617414474
9,1,0.04232614922361864,0.42,0.826344907283783,0.012526421807706356
9,1,0.03997681194773502,0.34,0.8433613181114197,0.004582628142088652
9,1,0.0316674470171247,0.34,0.8364219069480896,0.0011842658277601004
9,1,0.02779591480233238,0.38,0.9687626957893372,0.0011137403780594468
9,1,0.02360919079240382,0.42,0.9539609551429749,0.0008684404892846942
9,1,0.022608871600886996,0.46,0.962379515171051,0.000896030047442764
9,1,0.02497906197871683,0.48,0.8274760246276855,0.00118099560495466
9,1,0.03017248579414586,0.46,0.8274760246276855,0.0018958037253469229
9,1,0.028995654773871053,0.46,0.8322426676750183,0.001706503564491868
9,1,0.028860630553537187,0.5,0.8322426676750183,0.0018795925425365567
9,1,0.030276967070264293,0.5,0.8412322998046875,0.002339511178433895
9,1,0.034325761095364116,0.46,0.865975022315979,0.0020713312551379204
9,1,0.031563685111119254,0.44,0.8066957592964172,0.0006758509553037584
9,1,0.03731237303835099,0.44,0.8033739924430847,0.000474235275760293
9,1,0.040070082088571476,0.44,0.8021599054336548,0.00045426268479786813
9,1,0.04067010137675472,0.48,0.740211546421051,0.0005923067219555378
9,1,0.04167437816295823,0.5,0.5768306851387024,0.0008894979837350547
9,1,0.04320379969575245,0.58,0.35875287652015686,0.0014425268163904548
9,1,0.044813471784036066,0.56,0.3648160398006439,0.002241554670035839
9,1,0.04658974511851123,0.54,0.3648160398006439,0.0026883254759013653
9,1,0.04773909825482522,0.54,0.3648160398006439,0.00281343562528491
9,1,0.047965227270396746,0.56,0.3484695553779602,0.004598704166710377
9,1,0.048619944036945854,0.52,0.3484695553779602,0.012652434408664703
9,1,0.040752058619423964,0.52,0.3484695553779602,0.022657183930277824
9,1,0.03749785101783458,0.52,0.23211078345775604,0.03455800563097
9,1,0.03414003749484304,0.54,0.7977520227432251,0.04331182688474655
9,1,0.02772828786384737,0.54,0.49774855375289917,0.03185993432998657
9,1,0.026544749546784843,0.52,0.3834468722343445,0.0356786772608757
9,1,0.025363746896452297,0.52,0.5723392367362976,0.0392642468214035
9,1,0.024651525729545785,0.5,0.11863979697227478,0.039451900869607925
9,1,0.023954203967983614,0.5,0.11863979697227478,0.0357801653444767
9,1,0.023416597733898058,0.5,0.12778985500335693,0.030315985903143883
9,1,0.023319038169497642,0.48,0.24724705517292023,0.031956177204847336
9,1,0.02285000431450656,0.5,0.24724705517292023,0.032871317118406296
9,1,0.021486894407362223,0.54,0.3718172013759613,0.036581866443157196
9,1,0.01983517056298202,0.46,0.24943818151950836,0.029522910714149475
9,1,0.01883020377856156,0.46,0.22532020509243011,0.020481882616877556
9,1,0.01881684938311296,0.42,0.3479195833206177,0.014646942727267742
9,1,0.01502049050856522,0.4,0.8677249550819397,0.003844402264803648
9,1,0.012011092533965763,0.36,0.8476613163948059,0.0006932314136065543
9,1,0.009095130179724253,0.34,0.876626193523407,0.00018381648987997323
9,1,0.008335480434080245,0.34,0.8680998682975769,0.0001341538009000942
9,1,0.007487137927552871,0.3,0.857388973236084,0.00011275167344138026
9,1,0.006846569497211147,0.24,0.8210390210151672,0.00012063307804055512
9,1,0.006393987725599839,0.28,0.8603701591491699,0.00015664982493035495
9,1,0.006137903154650816,0.28,0.8603701591491699,0.0001869783882284537
9,1,0.006015813711094371,0.28,0.8515886664390564,0.00019888763199560344
9,1,0.005941522223916397,0.28,0.8515886664390564,0.00022476348385680467
9,1,0.005917070982687374,0.28,0.8515886664390564,0.0002684997161850333
9,1,0.006083569620942623,0.28,0.8515886664390564,0.0003503515908960253
9,1,0.006451092353627294,0.28,0.8515886664390564,0.000528432778082788
9,1,0.006901151597892603,0.32,0.8594777584075928,0.000822975009214133
9,1,0.007299639775581373,0.34,0.8594777584075928,0.0012198230251669884
9,1,0.007585429478741745,0.38,0.8594777584075928,0.00179463648237288
9,1,0.008023525961782192,0.4,0.9057236909866333,0.0029056009370833635
9,1,0.00855347339834792,0.4,0.9057236909866333,0.0041352142579853535
9,1,0.008747300987055343,0.44,0.932108461856842,0.00637990003451705
9,1,0.008866537081066975,0.44,0.932108461856842,0.008714962750673294
9,1,0.009436229339728828,0.46,0.9361571073532104,0.013321242295205593
9,1,0.00991192545062851,0.46,0.9361571073532104,0.016409648582339287
9,1,0.010061983862391943,0.46,0.9361571073532104,0.016701215878129005
9,1,0.010029752471507274,0.48,0.9361571073532104,0.015648260712623596
9,1,0.009994712436023678,0.48,0.9361571073532104,0.015142414718866348
9,1,0.009909914097816311,0.5,0.958706259727478,0.011952620930969715
9,1,0.009534026023030528,0.52,0.958706259727478,0.012382658198475838
9,1,0.008947623432555124,0.5,0.958706259727478,0.015384585596621037
9,1,0.008366306012260488,0.44,0.9552897214889526,0.015977133065462112
9,1,0.007940347467215223,0.44,0.9436048269271851,0.010776528157293797
9,1,0.007507370482438876,0.46,0.9436048269271851,0.008114151656627655
9,1,0.006845739108230745,0.46,0.9436048269271851,0.005582468584179878
9,1,0.006131493230957536,0.46,0.9393872618675232,0.004234402906149626
9,1,0.005580280251309479,0.46,0.9393872618675232,0.0038926606066524982
9,1,0.005247708736166065,0.44,0.9393872618675232,0.004465125035494566
9,1,0.0049399817031567156,0.36,0.9379664063453674,0.0038113968912512064
9,1,0.004453859890484899,0.34,0.9379664063453674,0.005386631935834885
9,1,0.00374279344305516,0.32,0.8384697437286377,0.007637701462954283
9,1,0.0035912671792294685,0.24,0.9237791299819946,0.007602119818329811
9,1,0.0041669271443746944,0.2,0.9226579070091248,0.003545930376276374
9,1,0.004484357175372791,0.26,0.9280845522880554,0.0025854294653981924
9,1,0.004008120355636402,0.24,0.9385531544685364,0.0025076905731111765
9,1,0.0035507904426180783,0.24,0.9349653124809265,0.0020251984242349863
9,1,0.0032533226415571172,0.22,0.8875086307525635,0.001544568920508027
9,1,0.0030057568994580133,0.18,0.8088776469230652,0.0012704979162663221
9,1,0.002788892484510246,0.2,0.42519235610961914,0.0007138926885090768
9,1,0.0026305947024037836,0.2,0.42519235610961914,0.0007552095339633524
9,1,0.0023936944361984333,0.2,0.40323948860168457,0.0006663152598775923
9,1,0.002193593134763368,0.2,0.3166380822658539,0.0005464295973069966
9,1,0.002159359416981724,0.2,0.7001328468322754,0.0012807901948690414
9,1,0.002073175621376592,0.18,0.5542373657226562,0.0017470462480559945
9,1,0.0019639234432608493,0.2,0.5542373657226562,0.002697646152228117
9,1,0.0019700133849712372,0.18,0.3474772572517395,0.0034998978953808546
9,1,0.002020141522320377,0.18,0.3474772572517395,0.004571550525724888
9,1,0.0020766749348945794,0.18,0.49999427795410156,0.005993034224957228
9,1,0.0023067362929549665,0.16,0.5226016044616699,0.008939719758927822
9,1,0.0027369106562900873,0.18,0.28914231061935425,0.00777415232732892
9,1,0.0025940844558219145,0.16,0.20438876748085022,0.007251369301229715
9,1,0.002837177208501449,0.18,0.10915853083133698,0.010596754029393196
9,1,0.0034796801964259677,0.14,0.08642900735139847,0.009347328916192055
9,1,0.003994546165595838,0.16,0.052610110491514206,0.00844309851527214
9,1,0.003824188146108043,0.12,0.03976981341838837,0.006594180595129728
9,1,0.004136373570287975,0.12,0.03976981341838837,0.008352156728506088
9,1,0.0042062979503013544,0.12,0.03976981341838837,0.010996697470545769
9,1,0.004221113791295041,0.12,0.0414925292134285,0.012057931162416935
9,1,0.004265228715979357,0.08,0.040013156831264496,0.00997561402618885
9,1,0.004386622574749734,0.1,0.0380391925573349,0.010893958620727062
9,1,0.004467339226898582,0.1,0.07169460505247116,0.007330568041652441
9,1,0.004597762535593986,0.1,0.10895970463752747,0.007799919694662094
9,1,0.004776853287479947,0.1,0.41164159774780273,0.008864167146384716
9,1,0.004896188017396026,0.1,0.41164159774780273,0.004544119816273451
9,1,0.005035276940825462,0.12,0.28568384051322937,0.002566488226875663
9,1,0.0051286531637459816,0.12,0.29654714465141296,0.0018032703083008528
9,1,0.003839515893278415,0.12,0.3045026957988739,0.0014170105569064617
9,1,0.002764704153484306,0.1,0.3045026957988739,0.0007233374635688961
9,1,0.0026108542454163584,0.1,0.3045026957988739,0.0007681926945224404
9,1,0.002496386091065128,0.1,0.28460702300071716,0.000875781406648457
9,1,0.0030477875327874016,0.08,0.28460702300071716,0.0013955808244645596
9,1,0.002733170133217931,0.08,0.28460702300071716,0.0015272385207936168
9,1,0.0023811003489304866,0.1,0.2665468156337738,0.0017850258154794574
9,1,0.0020464081761362557,0.1,0.045057788491249084,0.0010415471624583006
9,1,0.001745518818464759,0.08,0.019900597631931305,0.0005423637921921909
9,1,0.0014877739224018352,0.08,0.019900597631931305,0.0004430683038663119
9,1,0.0012578289015878809,0.08,0.019900597631931305,0.0003606594982556999
9,1,0.0010765425507679306,0.08,0.014735777862370014,0.0003329406026750803
9,1,0.0009760037362040588,0.06,0.013848062604665756,0.0003276655334047973
9,1,0.0007112134169460927,0.06,0.013848062604665756,0.00020677979046013206
9,1,0.0005104785799772957,0.06,0.013929618522524834,0.00011871267633978277
9,1,0.0003745216443045866,0.06,0.012763969600200653,6.348918395815417e-05
9,1,0.00037837417956929856,0.06,0.011905078776180744,4.964953041053377e-05
9,1,0.0003434482599772081,0.04,0.004854235332459211,5.640840754495002e-05
9,1,0.0002776497749955353,0.04,0.005990690551698208,5.476645310409367e-05
9,1,0.00025313520400654926,0.02,0.006541882641613483,4.292156518204138e-05
9,1,0.00024815223654597196,0.02,0.005536988843232393,3.901916716131382e-05
9,1,0.0002248011323966776,0.02,0.010369135066866875,2.5748187908902764e-05
9,1,0.00019213437289154474,0.02,0.016319118440151215,2.6297631848137826e-05
9,1,0.00016984293225760108,0.02,0.057223379611968994,3.0991774110589176e-05
9,1,0.00016450473641512264,0.02,0.06133262813091278,3.1876152206677943e-05
9,1,0.00017226935014717,0.0,0.057223379611968994,1.851321940193884e-05
9,1,0.00016702688488354526,0.0,0.014643811620771885,1.376716227241559e-05
9,1,0.00014349703745326946,0.0,0.009298870339989662,1.4228467989596538e-05
9,1,0.00017211198825407226,0.0,0.004457063041627407,1.9618053556769155e-05
9,1,0.00016650953328255124,0.0,0.004559535998851061,1.1561594874365255e-05
9,1,0.00016480002636419386,0.0,0.004559535998851061,9.460900400881656e-06
9,1,0.00016770725897939897,0.0,0.004559535998851061,6.879004558868473e-06
9,1,0.00016862219038102022,0.0,0.0033830355387181044,4.214155524095986e-06
9,1,0.00017023279922286332,0.0,0.0026546826120465994,3.7173929285927443e-06
9,1,0.000171891326122923,0.02,0.0018038788111880422,2.6036047984234756e-06
9,1,0.00017070235614800533,0.04,0.001666731433942914,2.128694632119732e-06
9,1,0.00016890245723003732,0.04,0.0017318519530817866,1.5291781210180488e-06
9,1,0.000170786674423682,0.04,0.002512112259864807,1.5490344367208309e-06
9,1,0.00016960081947419567,0.04,0.002512112259864807,1.2864468317275168e-06
9,1,0.00016939181736495457,0.04,0.002512112259864807,1.12731891022122e-06
9,1,0.00017344445458622535,0.04,0.002195914275944233,1.4536840353684966e-06
9,1,0.00018399088900589313,0.04,0.0045991563238203526,1.407613126502838e-06
9,1,0.00021819240344548126,0.02,0.007262526545673609,1.8243415524921147e-06
9,1,0.0002474796925757777,0.04,0.006387209985405207,1.627405595172604e-06
9,1,0.00024487963358009365,0.0,0.007262526545673609,2.068038156721741e-06
9,1,0.00023465809732701358,0.0,0.0045991563238203526,1.4155679082250572e-06
9,1,0.00022818834176553066,0.02,0.0045991563238203526,1.2276860843485338e-06
9,1,0.0002058423337030428,0.02,0.0045991563238203526,8.526706096745329e-07
9,1,0.000179161937675699,0.04,0.0045991563238203526,5.023505309509346e-07
9,1,0.00016051563918348193,0.04,0.000769770354963839,5.518218699762656e-07
9,1,0.00014702052791027307,0.04,0.0011235650163143873,7.192462021521351e-07
9,1,0.00013573001735183612,0.06,0.0009937310824170709,7.093125873325334e-07
9,1,0.00012265217281310075,0.06,0.0015184922376647592,5.124651920596079e-07
9,1,0.00011025450701495075,0.06,0.0015184922376647592,2.7418283821134537e-07
9,1,0.00010134982301865703,0.06,0.0015184922376647592,2.5637305611780903e-07
9,1,9.41297130835067e-05,0.06,0.0015184922376647592,2.215007270933711e-07
9,1,8.989708894473623e-05,0.02,0.0032096621580421925,2.9681203272957646e-07
9,1,9.620944030071725e-05,0.02,0.045890048146247864,3.0855619570502313e-07
9,1,0.00010797306720648027,0.02,0.030499756336212158,2.6726090140982706e-07
9,1,0.00011040890242058995,0.02,0.030499756336212158,4.7207262809934036e-07
9,1,0.00011976044470852279,0.02,0.030499756336212158,7.871967682149261e-07
9,1,0.0001422610538657041,0.02,0.030499756336212158,1.3668659448740073e-06
9,1,0.0001446034370810315,0.02,0.05324636027216911,3.1551044230582193e-06
9,1,0.0001813419176726916,0.02,0.060075096786022186,9.410607162863016e-06
9,1,0.00025635343794874174,0.02,0.060075096786022186,1.8120552340405993e-05
9,1,0.0002821365008921046,0.02,0.04766625538468361,1.8898545022238977e-05
9,1,0.00032621496160257493,0.02,0.04766625538468361,2.6508130758884363e-05
9,1,0.0003975852291798636,0.02,0.07108370959758759,3.1694133213022724e-05
9,1,0.0004733750480147844,0.02,0.06636732816696167,2.7340571250533685e-05
9,1,0.000522027521444163,0.02,0.028774138540029526,1.8309301594854333e-05
9,1,0.0005630205859290143,0.02,0.023303799331188202,1.1144511518068612e-05
9,1,0.0006173075768103758,0.02,0.012168938294053078,8.250591235992033e-06
9,1,0.0006937238430493185,0.02,0.012168938294053078,4.970995632902486e-06
9,1,0.0007800477743795899,0.04,0.012168938294053078,3.369026217114879e-06
9,1,0.0008272685891223927,0.04,0.012168938294053078,2.147375653294148e-06
9,1,0.0008414444103191432,0.04,0.013846195302903652,1.4312123539639288e-06
9,1,0.0008531894057905977,0.04,0.011910329572856426,9.98341874947073e-07
9,1,0.0008942212788976706,0.06,0.01356357242912054,8.411099656768783e-07
9,1,0.0009762962555767456,0.08,0.03314933553338051,7.341297418861359e-07
9,1,0.0010687227495577295,0.08,0.03314933553338051,7.054094339764561e-07
9,1,0.0011552127998954798,0.1,0.03208416327834129,7.374157462436415e-07
9,1,0.0012588039318608604,0.1,0.040562890470027924,7.176785175033729e-07
9,1,0.0013750235792463858,0.16,0.027342768386006355,7.159865731409809e-07
9,1,0.0014989539506367363,0.16,0.037541694939136505,9.321076390733651e-07
9,1,0.001686394709035058,0.14,0.22576579451560974,1.1506654118420556e-06
9,1,0.0016583283322996896,0.14,0.21061380207538605,6.693551313219359e-07
9,1,0.002072427313481374,0.14,0.19298645853996277,3.197590103809489e-07
9,1,0.002938874020516789,0.16,0.16940870881080627,9.663831690431834e-08
9,1,0.003580962198651943,0.14,0.17421239614486694,3.84338463277345e-08
9,1,0.003449514183333191,0.12,0.17421239614486694,1.7726492274050543e-08
9,1,0.003815618211189178,0.12,0.1733517050743103,1.212087852309196e-08
9,1,0.0037560691111140263,0.14,0.20866496860980988,1.0527347882316462e-08
9,1,0.0031060764010442457,0.12,0.1826845407485962,1.3253378838840035e-08
9,1,0.0026054102456326876,0.1,0.1826845407485962,3.47181732252011e-08
9,1,0.0023869405892814706,0.1,0.1643558144569397,7.519743405737245e-08
9,1,0.0026205159603962924,0.1,0.1643558144569397,1.0352128043678022e-07
9,1,0.0027444431983448133,0.1,0.1643558144569397,1.1500758745341955e-07
9,1,0.002763767097314807,0.12,0.1643558144569397,1.4813954862802348e-07
9,1,0.0028043964500335805,0.12,0.1643558144569397,2.036908881564159e-07
9,1,0.002867453128044608,0.12,0.1643558144569397,2.471924176461471e-07
9,1,0.002784232300844138,0.12,0.12403294444084167,2.5002970005516545e-07
9,1,0.002507718308850238,0.1,0.11624307185411453,2.1307997144504043e-07
9,1,0.0026830006495321074,0.1,0.025460857897996902,2.0314595872150676e-07
9,1,0.002769613105155697,0.1,0.016232779249548912,2.2474310412690102e-07
9,1,0.0028093501834180906,0.1,0.023657895624637604,3.5188321589885163e-07
9,1,0.0026877157983851417,0.08,0.01632024347782135,5.447192847896076e-07
9,1,0.0024405165298277453,0.06,0.0203984547406435,7.865041311561072e-07
9,1,0.0021497951640724955,0.06,0.01219374779611826,9.5823997980915e-07
9,1,0.0019233157806509717,0.06,0.011989708989858627,1.1766996976803057e-06
9,1,0.0018144766788572011,0.06,0.008252734318375587,1.3269083183331531e-06
9,1,0.0017567288744332885,0.06,0.008252734318375587,1.1961673180849175e-06
9,1,0.0017180035236876653,0.06,0.008252734318375587,1.098871507565491e-06
9,1,0.0016793340685498724,0.08,0.012686438858509064,1.0731131396823912e-06
9,1,0.001620569002478233,0.08,0.01237627025693655,9.435466949980764e-07
9,1,0.0015613766479238894,0.08,0.025599684566259384,7.43548184800602e-07
9,1,0.0015070710176816832,0.08,0.02241469733417034,5.308125992087298e-07
9,1,0.001426228033037768,0.08,0.03438350558280945,4.814036174138892e-07
9,1,0.0012764955612509458,0.08,0.127909317612648,4.934871640216443e-07
9,1,0.0010679592214153666,0.08,0.11481726169586182,4.077208473063365e-07
9,1,0.001117464174839186,0.06,0.1945541650056839,4.0454366967423994e-07
9,1,0.0012046368129318777,0.06,0.16975140571594238,3.870105729220086e-07
9,1,0.0014199680468908688,0.06,0.1524781882762909,3.7040231859464257e-07
9,1,0.0018440953760311275,0.06,0.1524781882762909,4.486212219489971e-07
9,1,0.0019864401035872372,0.08,0.09143420308828354,4.831527462556551e-07
9,1,0.002197535110470408,0.1,0.09681744128465652,4.5472268084267853e-07
9,1,0.0024209569831966458,0.1,0.09243417531251907,3.689357299663243e-07
9,1,0.002663360932036227,0.1,0.01653479039669037,2.832016434695106e-07
9,1,0.0028615573303441694,0.1,0.01653479039669037,2.4436940293526277e-07
9,1,0.002941395056861176,0.1,0.018565161153674126,2.1843986530711845e-07
9,1,0.002903213576132781,0.1,0.018565161153674126,2.5255536684198887e-07
9,1,0.0027852783762175636,0.08,0.018565161153674126,2.83744213902537e-07
9,1,0.0026398528921038563,0.1,0.017695091664791107,3.6192514585309254e-07
9,1,0.002490641081395453,0.1,0.018216881901025772,4.7191193175422086e-07
9,1,0.0024079315749867985,0.1,0.018216881901025772,6.329717621156306e-07
9,1,0.0025261302280041495,0.1,0.018216881901025772,9.395598681294359e-07
9,1,0.00236931207607909,0.12,0.018216881901025772,1.1603760867728852e-06
9,1,0.0024487981206772575,0.12,0.016907034441828728,1.3352865835258854e-06
9,1,0.002520846731128642,0.12,0.014718493446707726,1.2807876146325725e-06
9,1,0.002448624455581966,0.12,0.009849549271166325,1.0692700698200497e-06
9,1,0.002260370971844423,0.1,0.009798123501241207,8.491374501318205e-07
9,1,0.001959415474258434,0.1,0.004891812801361084,5.716105420106032e-07
9,1,0.002081493664340067,0.06,0.003018745919689536,6.112220489740139e-07
9,1,0.0021486907253192747,0.04,0.030736509710550308,9.0102741978626e-07
9,1,0.002157231106113173,0.06,0.030736509710550308,1.3824202369505656e-06
9,1,0.0021330858545577733,0.06,0.021282359957695007,2.1030639345553936e-06
9,1,0.0021269291387673228,0.06,0.023427629843354225,2.862785095203435e-06
9,1,0.0021589820467890213,0.06,0.03324947878718376,4.507724952418357e-06
9,1,0.002138417922186863,0.02,0.19700156152248383,6.460978966060793e-06
9,1,0.0020433242799362456,0.02,0.20547278225421906,8.103328582365066e-06
9,1,0.001919392026969343,0.04,0.10597927123308182,1.0369009032729082e-05
9,1,0.0017745318895053652,0.02,0.10654480010271072,1.0071752512885723e-05
9,1,0.0016389395802884374,0.0,0.10498949885368347,9.522751497570425e-06
9,1,0.001552079910400217,0.0,0.06592249870300293,8.212887223635335e-06
9,1,0.0012429078192689343,0.0,0.043006982654333115,4.402321792440489e-06
9,1,0.001117756145643119,0.0,0.05518736317753792,1.953165792656364e-06
9,1,0.0010721709564809852,0.0,0.05806215852499008,8.079592817011871e-07
9,1,0.0010302554389901523,0.0,0.07463739812374115,3.3232586815756804e-07
9,1,0.0009845185882767329,0.0,0.08733155578374863,1.4406279547074519e-07
9,1,0.0009379714347906207,0.0,0.17564834654331207,6.118640527574826e-08
9,1,0.0008757601446411719,0.02,0.07462629675865173,2.818425492989718e-08
9,1,0.0009971352996238512,0.02,0.07462629675865173,2.0310970683112828e-08
9,1,0.001041243756704636,0.02,0.07910612225532532,1.795553927763649e-08
9,1,0.0010196725960197985,0.02,0.003814836498349905,1.9775033166524736e-08
9,1,0.0009659610880233766,0.02,0.0029898963402956724,2.0401669686975765e-08
9,1,0.0009292367422509845,0.02,0.004838365130126476,2.2691393652962688e-08
9,1,0.0009314451523012261,0.02,0.0023832754231989384,2.2546178257698557e-08
9,1,0.000997677663699372,0.02,0.0015065459301695228,2.2751372341645038e-08
9,1,0.0008895443975858974,0.02,0.001244785264134407,1.6250215395530176e-08
9,1,0.0008075371143475207,0.04,0.0010890637058764696,9.782668897173608e-09
9,1,0.0007000975060155491,0.04,0.0012942533940076828,4.981900669775996e-09
9,1,0.0005676864583092782,0.04,0.0015072490787133574,2.238231822104808e-09
9,1,0.0005642868338122216,0.06,0.0015072490787133574,1.231644786159336e-09
9,1,0.0005208510449019613,0.06,0.0012421002611517906,5.755144139030222e-10
9,1,0.0013510135482464945,0.04,0.0017668254440650344,1.0501671754425956e-09
9,1,0.0011429994032543008,0.06,0.0016588799189776182,7.315132388718837e-10
9,1,0.0008786792191297636,0.06,0.0016588799189776182,5.391824209333151e-10
9,1,0.0007259782103528604,0.06,0.0017185998149216175,4.2444434078525717e-10
9,1,0.0006992904139153276,0.06,0.0016399456653743982,3.9931227768796873e-10
9,1,0.0007749226901426077,0.04,0.0016399456653743982,5.287799087483336e-10
9,1,0.0007188498590145857,0.04,0.0019482215866446495,6.816542330589925e-10
9,1,0.000672866504501179,0.04,0.002407841617241502,6.56929732834044e-10
9,1,0.0006332241567254281,0.04,0.002746656769886613,6.224552540068373e-10
9,1,0.0006029079445094756,0.02,0.0025953627191483974,5.572515227036945e-10
9,1,0.0005952861138839568,0.0,0.002336702775210142,4.5797102221634134e-10
9,1,0.00048317595130243556,0.0,0.030638407915830612,2.442628599386154e-10
9,1,0.0004208504955055529,0.0,0.031160840764641762,1.2452736064538783e-10
9,1,0.0002290681332550374,0.0,0.0029400591738522053,1.6154820536851133e-11
9,1,0.0002185437671205282,0.0,0.0021672898437827826,7.859202871829396e-12
9,1,0.0001842704249707107,0.0,0.0021802056580781937,4.307227317867923e-12
9,1,0.0001634309191501321,0.0,0.0014270961983129382,5.255257600617069e-12
9,1,0.0001407146392743608,0.0,0.001567134284414351,7.863281206721418e-12
9,1,0.00012666626618757415,0.0,0.0007347384234890342,7.261673901082233e-12
9,1,0.00011443103651529356,0.0,0.0007347384234890342,9.095228910294129e-12
9,1,0.00010418175076785573,0.0,0.0007347384234890342,1.2390253753546965e-11
9,1,9.761628082567505e-05,0.0,0.0005978288827463984,1.7165093998960934e-11
9,1,0.00010264302262740888,0.0,0.00038724017213098705,2.806662194321241e-11
9,1,9.683964990191736e-05,0.0,0.00031320081325247884,3.7814768677479904e-11
9,1,9.593472604463706e-05,0.0,0.00038048747228458524,5.637608435637986e-11
9,1,7.945617867030825e-05,0.0,0.00038048747228458524,1.0443301085016898e-10
9,1,7.431429026585911e-05,0.0,0.00038048747228458524,2.3292481832193346e-10
9,1,9.85581151120796e-05,0.0,0.0003992935817223042,3.974294227049313e-10
9,1,0.00010480407683347976,0.0,0.0003793650248553604,5.0141951701832e-10
9,1,0.00011092579182638385,0.0,0.00039206832298077643,6.951463848992034e-10
9,1,0.00011696948812618571,0.0,0.0004467245889827609,8.476077062447018e-10
9,1,0.00012161181313042378,0.0,0.00025072810240089893,8.969784914825141e-10
9,1,0.00013005240946108396,0.0,0.00025072810240089893,9.886976792827795e-10
9,1,0.00014094534438226182,0.0,0.0001228567271027714,9.702979530956668e-10
9,1,0.00014207135655328287,0.0,0.0001228567271027714,7.924931266778401e-10
9,1,0.0001319774652671438,0.0,2.0714625861728564e-05,4.5572290385820224e-10
9,1,0.00012181902386280519,0.0,2.2943342628423125e-05,2.3146730365741774e-10
9,1,0.00011919266085346419,0.0,2.2943342628423125e-05,1.2451975561766915e-10
9,1,0.0001638989023921898,0.02,3.096300133620389e-05,1.5796766672515616e-11
9,1,0.00016869537021185638,0.04,3.096300133620389e-05,8.47443556301064e-12
9,1,0.00017100840464840403,0.04,3.855499016935937e-06,6.80204070152568e-12
9,1,0.00016909789589301648,0.04,3.855499016935937e-06,5.868648449147695e-12
9,1,0.00017830027211906719,0.02,3.096300133620389e-05,4.021513590884984e-12
9,1,0.00017028386524139123,0.02,2.7173353373655118e-05,1.4953332625952664e-12
9,1,0.00017732499917736915,0.04,2.9326833100640215e-05,5.515332656726157e-13
9,1,0.00017492462523820333,0.02,2.9326833100640215e-05,2.0643717583892357e-13
9,1,0.00015607338931287662,0.02,2.563198904681485e-05,1.1294232286603381e-13
9,1,0.00017238338825313038,0.0,3.957890658057295e-05,1.3304278739887515e-13
9,1,0.00018588830530433712,0.0,4.803182673640549e-05,1.589703981516935e-13
9,1,0.00019774077626941592,0.0,0.0005369584541767836,1.8705691292794646e-13
9,1,0.00021288287091805283,0.0,0.0008499199175275862,3.0864072690824085e-13
9,1,0.0002659659968978285,0.02,0.002400074852630496,1.3374458875461959e-12
9,1,0.0002821060860617339,0.02,0.002769146580249071,1.5490896326103565e-12
9,1,0.0002942609013566377,0.02,0.0025473202113062143,1.8846408808559367e-12
9,1,0.00029922073634623377,0.02,0.003250550478696823,2.010349352266072e-12
9,1,0.0002985099862471304,0.02,0.003250550478696823,1.7253251778648337e-12
9,1,0.00028873582229293235,0.02,0.003381802700459957,1.4793391121467603e-12
9,1,0.00026312664886012636,0.04,0.003773548873141408,1.4026313747625418e-12
9,1,0.00022409189981962782,0.04,0.0038788109086453915,1.6987643930432839e-12
9,1,0.0001840827675360944,0.0,0.0036423024721443653,2.6288706454768995e-12
9,1,0.00015817875112437047,0.0,0.0036423024721443653,4.556138018946276e-12
9,1,0.0001517240894648428,0.0,0.003234703792259097,6.395656140106842e-12
9,1,0.00015173947549864428,0.0,0.002610378433018923,7.48684187562576e-12
9,1,0.00015357682523142757,0.0,0.0017892459873110056,8.08423467058006e-12
9,1,0.00013033325757701357,0.0,0.0004474917659536004,7.39470724236968e-12
9,1,0.00012539180531614385,0.0,0.0003520049504004419,6.484835238240727e-12
9,1,0.00012272139572480078,0.0,0.00022799002181272954,4.544742186751716e-12
9,1,0.0001080313889483882,0.0,0.00022799002181272954,4.97114805916854e-12
9,1,0.00010393910906504875,0.0,0.00022799002181272954,6.209793096401128e-12
9,1,9.101651549757373e-05,0.0,0.0002503915166016668,7.752129667359942e-12
9,1,8.346222959476148e-05,0.0,2.3851636797189713e-05,8.570618173497913e-12
9,1,8.261158256454952e-05,0.0,2.3851636797189713e-05,7.621208351904496e-12
9,1,8.840341734593631e-05,0.0,1.7029684386216104e-05,5.6749119292653916e-12
9,1,9.586501842940192e-05,0.02,2.6296005671611056e-05,5.31648509938254e-12
9,1,9.373326134833126e-05,0.02,2.6296005671611056e-05,6.353248222651375e-12
9,1,8.40716910669877e-05,0.02,1.7029684386216104e-05,7.582437282216414e-12
9,1,7.32901580867272e-05,0.02,1.7029684386216104e-05,1.2046991008929364e-11
9,1,8.177204400713698e-05,0.02,3.7265222090354655e-06,2.260384240893032e-11
9,1,7.159775047050322e-05,0.02,5.438340394903207e-06,2.1107953926402523e-11
9,1,6.479365851218677e-05,0.02,5.438340394903207e-06,1.5750735785080572e-11
9,1,6.033667473308384e-05,0.04,7.616944913024781e-06,9.460393406157674e-12
9,1,5.864585339959025e-05,0.02,6.210602805367671e-06,4.808002520423349e-12
9,1,6.055316122426637e-05,0.02,5.4271645240078215e-06,2.104282026405002e-12
9,1,5.230845785971899e-05,0.02,5.4271645240078215e-06,6.28692193790914e-13
9,1,4.5048783026042504e-05,0.02,3.7441193398990436e-06,1.169855770415118e-13
9,1,3.0176694232152336e-05,0.02,6.179374759085476e-05,2.2559529927728555e-14
9,1,2.5622992670976322e-05,0.02,9.022410085890442e-05,1.1546700620927892e-14
9,1,3.8567274647025275e-05,0.02,9.344619320472702e-05,5.424065686751795e-15
9,1,6.838862599055502e-05,0.02,0.0002478259557392448,3.228643108345742e-15
9,1,7.727296288988008e-05,0.02,0.0002291920391144231,4.66420386471475e-15
9,1,7.76471602555845e-05,0.02,0.0002291920391144231,6.208007808446332e-15
9,1,8.139209688548616e-05,0.06,0.00024478064733557403,8.485923349101955e-15
9,1,8.606221805591435e-05,0.06,0.00024478064733557403,1.1843224832904994e-14
9,1,9.363246343368653e-05,0.06,0.00024478064733557403,2.1954501069768387e-14
9,1,0.00010996231711825694,0.08,0.00019169962615706027,3.607121315508076e-14
9,1,0.0001340067721019025,0.08,0.0023263609036803246,5.2901490154612374e-14
9,1,0.00016127672164868083,0.08,0.0016085804672911763,7.277973389967565e-14
9,1,0.00018795315606941806,0.08,0.001272871857509017,1.168299398196515e-13
9,1,0.00020725348747146612,0.08,0.0010014399886131287,1.8371166133485106e-13
9,1,0.0002136226265422978,0.08,0.00048128346679732203,2.7091488232454386e-13
9,1,0.00021342598507167462,0.08,0.00048128346679732203,5.770997828918878e-13
9,1,0.00022588744085461705,0.04,0.00048128346679732203,9.532513667309672e-13
9,1,0.00025419140835701863,0.06,0.00048128346679732203,1.1637941044889688e-12
9,1,0.00026220002718017253,0.06,0.00048128346679732203,1.528107284806679e-12
9,1,0.0002621419803904428,0.06,0.0005195752019062638,1.8011448452495693e-12
9,1,0.0002695624181803791,0.06,0.0005195752019062638,2.2592581017805147e-12
9,1,0.0002735589467636712,0.06,0.0005195752019062638,2.6253281232985204e-12
9,1,0.0002770356711998757,0.06,0.0005195752019062638,2.9861250191304256e-12
9,1,0.00028125968003928434,0.06,0.000553425750695169,3.468005179904643e-12
9,1,0.00028727277564076547,0.06,0.0005520162521861494,4.072078178124494e-12
9,1,0.00029412803498122115,0.06,4.623449785867706e-05,4.658582981181825e-12
9,1,0.00030020720784612343,0.06,3.525645297486335e-05,5.155882231572262e-12
9,1,0.0003054023435753688,0.06,3.525645297486335e-05,5.530209970516786e-12
9,1,0.00031196487143760694,0.04,3.525645297486335e-05,6.0720092148747185e-12
9,1,0.0003252257699927609,0.04,3.294033376732841e-05,7.239947356907361e-12
9,1,0.0003461309705024488,0.04,3.7688598240492865e-05,9.08139622529669e-12
9,1,0.0003689223951591093,0.06,7.72031671658624e-06,1.0134353425894638e-11
9,1,0.00038617065388775874,0.04,7.72031671658624e-06,7.30133922072218e-12
9,1,0.00041114659230401403,0.04,7.72031671658624e-06,8.389151352761193e-12
9,1,0.00043846795685565146,0.04,7.72031671658624e-06,9.190442677720068e-12
9,1,0.0004646795105076017,0.04,7.72031671658624e-06,9.500500212922258e-12
9,1,0.0004856760254944061,0.04,7.72031671658624e-06,8.975081094986237e-12
9,1,0.0005100558252322683,0.04,8.535536835552193e-06,7.479048630409935e-12
9,1,0.0005513446301945839,0.04,8.535536835552193e-06,5.52970386494267e-12
9,1,0.0005790399510625045,0.04,1.2794426766049583e-05,4.377159659035845e-12
9,1,0.0005484142703983516,0.04,1.4521068806061521e-05,4.930731604263494e-12
9,1,0.0004855638232720625,0.04,1.2094506018911488e-05,3.574073979481507e-12
9,1,0.0005520846976772179,0.04,9.818382750381716e-06,4.131094771819832e-12
9,1,0.0005029852711932459,0.04,1.1085827281931415e-05,2.499855140600249e-12
9,1,0.0004728463628663196,0.04,1.1085827281931415e-05,1.3055098451938973e-12
9,1,0.0004514684981117605,0.04,1.035663444781676e-05,9.80065095919358e-13
9,1,0.000431666088984271,0.04,1.108485503209522e-05,7.16486874170752e-13
9,1,0.0003960315185424104,0.04,1.108485503209522e-05,4.73094057418938e-13
9,1,0.00034652432927915604,0.04,1.2634327504201792e-05,4.0981470604203873e-13
9,1,0.0003104155020042054,0.04,1.1177590749866795e-05,3.221031568637761e-13
9,1,0.0002806190748679415,0.04,1.1177590749866795e-05,2.411493585114527e-13
9,1,0.0002482166562286367,0.04,1.2686038644460496e-05,1.6898315429239585e-13
9,1,0.00021657639280444528,0.04,1.2686038644460496e-05,1.2250656489676964e-13
9,1,0.0002304056211454429,0.04,1.1190933946636505e-05,1.302429979187572e-13
9,1,0.0002355232460796494,0.04,9.860261343419552e-06,1.4937192921362502e-13
9,1,0.0002627484818238828,0.04,6.193781882757321e-05,2.0057523350547335e-13
9,1,0.00032487846181668343,0.04,5.602248347713612e-05,3.983402691899729e-13
9,1,0.00033578666317046605,0.04,5.602248347713612e-05,7.80753283205482e-13
9,1,0.00035407753998774175,0.06,5.602248347713612e-05,1.2811309088242573e-12
9,1,0.00037717575449401473,0.06,4.780110975843854e-05,2.741372883904858e-12
9,1,0.0003854528950062862,0.06,6.090073293307796e-05,5.349156013967349e-12
9,1,0.00037513480184658463,0.08,6.090073293307796e-05,9.358454983177111e-12
9,1,0.00035349544564066803,0.08,0.0006807333556935191,1.461201819263902e-11
9,1,0.00032778833931126005,0.08,0.0007144605624489486,2.0294132693776668e-11
9,1,0.0003009801373374579,0.08,0.0007144605624489486,2.5799432035178427e-11
9,1,0.0002734156669890378,0.08,0.0007144605624489486,3.127082967568917e-11
9,1,0.0002433231250690178,0.08,0.0007144605624489486,3.8913545996610566e-11
9,1,0.0002085588691234668,0.08,6.392002251232043e-05,5.3285983264705905e-11
9,1,0.00022369422330583398,0.08,8.340213389601558e-05,1.1078693518129512e-10
9,1,0.00024144097068583035,0.08,8.883839473128319e-05,2.440472268716576e-10
9,1,0.00028189676114728595,0.08,8.883839473128319e-05,5.728455487741257e-10
9,1,0.0002787874120975176,0.08,7.794405973982066e-05,6.372734562276605e-10
9,1,0.00029114050321366476,0.04,7.794405973982066e-05,6.698775978364324e-10
9,1,0.000314906092490717,0.04,7.282384467544034e-05,9.39994859727733e-10
9,1,0.00034942469813277255,0.04,7.795089913997799e-05,1.2816413486049782e-09
9,1,0.0003943834894110075,0.04,7.795089913997799e-05,1.5372801920321422e-09
9,1,0.00044963343404812737,0.04,1.2409637747623492e-05,2.039270752263178e-09
9,1,0.0005153559454552901,0.04,1.2409637747623492e-05,2.4775728135750796e-09
9,1,0.000583607467937188,0.06,1.2409637747623492e-05,2.6158997190606215e-09
9,1,0.0006440314572236841,0.06,1.2409637747623492e-05,2.4471766835176822e-09
9,1,0.0007013230559074654,0.06,1.2409637747623492e-05,2.019453049229014e-09
9,1,0.0007770918158337384,0.06,1.2409637747623492e-05,1.5371043327050415e-09
9,1,0.000869130274115196,0.06,1.1919280950678512e-05,9.827377800419868e-10
9,1,0.000901690120511648,0.06,1.1919280950678512e-05,4.423248156637527e-10
9,1,0.0009011477563989356,0.06,1.1919280950678512e-05,1.4317300123245502e-10
9,1,0.0009422058146957244,0.06,1.3177882465242874e-05,9.030945435917204e-11
9,1,0.0009818666607947207,0.06,1.156495727627771e-05,5.262732610811227e-11
9,1,0.0010010501812231516,0.06,1.317672649747692e-05,3.1655376236949806e-11
9,1,0.0009978141516689774,0.06,1.317672649747692e-05,1.859979878449103e-11
9,1,0.0010147644285169956,0.06,9.377763490192592e-05,1.2287994406723346e-11
9,1,0.001038107987715333,0.06,8.803916716715321e-05,8.795059298905006e-12
9,1,0.0010786728804412146,0.06,8.803916716715321e-05,6.529117958092856e-12
9,1,0.0011650040029569095,0.08,8.803916716715321e-05,4.8573254793349285e-12
9,1,0.0013468640722176506,0.08,8.803916716715321e-05,4.704353660095473e-12
9,1,0.001709522523464424,0.08,0.0009838097030296922,1.0896865874909789e-11
9,1,0.0021874300957099076,0.08,0.0009838097030296922,2.3302733007102283e-11
9,1,0.002636824523526567,0.08,0.0010242415592074394,2.403029164543824e-11
9,1,0.0029529906077089257,0.08,0.0010303525486961007,3.554299909946934e-11
9,1,0.003176326273407699,0.08,0.0010303525486961007,8.597671879995161e-11
9,1,0.003464609101269881,0.08,0.0010303525486961007,1.5850680490370195e-10
9,1,0.003818360647186871,0.08,0.0027553285472095013,2.9160646120018896e-10
9,1,0.004206330452395282,0.14,0.0032416065223515034,5.432506111624491e-10
9,1,0.004691355160648236,0.14,0.0032416065223515034,1.0754567236759272e-09
9,1,0.0055136532417522114,0.12,0.0029951531905680895,1.766492063737246e-09
9,1,0.005610587671788608,0.12,0.0029951531905680895,3.3150673317550172e-09
9,1,0.005382941639313197,0.12,0.0025503167416900396,8.445516286315069e-09
9,1,0.0058568881575691715,0.12,0.003357572015374899,1.1969297553093838e-08
9,1,0.006295463534567313,0.06,0.0036575780250132084,9.929808086894809e-09
9,1,0.005055783041166385,0.04,0.004145635291934013,9.505335185622243e-09
9,1,0.004919903076944412,0.04,0.004145635291934013,1.3812807786450776e-08
9,1,0.004547608035791009,0.04,0.0031802637968212366,1.8147209956964616e-08
9,1,0.004199196799685768,0.06,0.0027923390734940767,2.825050771093629e-08
9,1,0.004151010984784717,0.06,0.0030307539273053408,7.038335780862326e-08
9,1,0.004317795521419769,0.04,0.0030307539273053408,1.4487055466361198e-07
9,1,0.004525291618036085,0.06,0.0011722366325557232,1.4612840004701866e-07
9,1,0.0047690614414491106,0.06,0.0005348100676201284,1.6464575480767962e-07
9,1,0.0049312822675635064,0.06,0.0006599532207474113,1.412561516644928e-07
9,1,0.004979182337665219,0.06,0.0006389295449480414,1.1435073332677348e-07
9,1,0.004925967108513052,0.06,0.0006389295449480414,5.91330149291025e-08
9,1,0.004909476194249775,0.06,0.00013142559328116477,3.303316375991017e-08
9,1,0.004753784888514678,0.06,0.00011443317634984851,1.377473779484717e-08
9,1,0.004578555931384066,0.06,0.00010676603415049613,6.300282517912592e-09
9,1,0.004236296630264194,0.04,5.480051549966447e-05,2.0604224992837317e-09
9,1,0.003636756648315527,0.04,4.203434582450427e-05,6.502826610521595e-10
9,1,0.0028851195358372836,0.04,4.7698795242467895e-05,1.7807059993213414e-10
9,1,0.0027129387041988843,0.04,4.466318205231801e-05,5.449482184949339e-11
9,1,0.002013713042362158,0.04,3.5398286854615435e-05,1.505915704635985e-11
9,1,0.0017828001531724103,0.04,3.3358341170242056e-05,4.960653415819749e-12
9,1,0.001980955517192121,0.04,5.839040386490524e-05,1.671336897005049e-12
9,1,0.0025760832964827423,0.04,6.533179839607328e-05,6.470228541312351e-13
9,1,0.002683704486894746,0.04,9.565971413394436e-05,2.5169528462300195e-13
9,1,0.0025627929074219257,0.04,9.565971413394436e-05,9.904869215397391e-14
9,1,0.0027273501169636214,0.04,0.00016288373444695026,8.2527680436012e-14
9,1,0.0027560060366949926,0.04,0.00017098621174227446,8.971066890652718e-14
9,1,0.002749545852783577,0.04,0.00017098621174227446,1.1039506440067848e-13
9,1,0.002615437710904901,0.04,0.00017098621174227446,1.5244649618183226e-13
9,1,0.002358189368213352,0.06,0.00010799795563798398,1.9945212202752277e-13
9,1,0.0021834060449752064,0.06,8.494693611282855e-05,4.1501814463350273e-13
9,1,0.0018184587964405802,0.06,5.927464007982053e-05,6.456199507301474e-13
9,1,0.0018114277875253557,0.08,5.927464007982053e-05,9.606104973969298e-13
9,1,0.0010279430580120257,0.08,3.424343594815582e-05,2.104249717180262e-12
9,1,0.0007740848917091114,0.08,3.472010212135501e-05,7.474742179380822e-12
9,1,0.000498722957178587,0.08,3.304690108052455e-05,1.9929186773071095e-11
9,1,0.00046148005234664146,0.06,0.0003853062225971371,3.858163788450497e-11
9,1,0.0003417726451257668,0.06,0.00048555279499851167,6.857955869854493e-11
9,1,0.00023603376392699775,0.08,0.0006581938941963017,7.153678344140602e-11
9,1,0.00015635973585380924,0.08,6.192783621372655e-05,3.5512030815976203e-11
9,1,0.0001087314848183349,0.1,4.57219393865671e-05,9.596884398277439e-11
9,1,7.453571690455494e-05,0.14,5.604765101452358e-05,1.6214780906853576e-10
9,1,4.917718050683162e-05,0.14,5.604765101452358e-05,1.9864603018060478e-10
9,1,3.3112382384277634e-05,0.12,7.462948997272179e-05,2.886519911982077e-10
9,1,2.224995547572966e-05,0.14,7.462948997272179e-05,3.0182004118195493e-10
9,1,1.3963409667590863e-05,0.14,7.0382875492214225e-06,2.753123284904291e-10
9,1,8.137206967520111e-06,0.14,4.985827217751648e-06,1.9980957166598756e-10
9,1,5.714761017331148e-06,0.14,5.329787654773099e-06,1.6479143050140976e-10
9,1,3.9176681888561834e-06,0.14,6.073114491300657e-06,1.0908473430104593e-10
9,1,2.8502349946552917e-06,0.14,5.8238392739440314e-06,6.256161561024598e-11
9,1,1.8063168948058632e-06,0.14,4.999783413950354e-06,3.337994117225129e-11
9,1,1.25321586819621e-06,0.14,4.784410066349665e-06,2.108558119773285e-11
9,1,8.951180155278926e-07,0.14,4.784410066349665e-06,7.227709316465214e-12
9,1,6.56876974168185e-07,0.14,2.6541433726379182e-06,2.1773618064796496e-12
9,1,4.928503491227784e-07,0.14,3.225634372938657e-06,5.825886648103129e-13
9,1,3.750233746983793e-07,0.2,2.940542117357836e-06,1.574777770208327e-13
9,1,2.907625216089181e-07,0.2,3.1405777463078266e-06,4.982039086831591e-14
9,1,2.386769981883013e-07,0.18,2.948382189060794e-06,1.8147711388109486e-14
9,1,2.0642474146704268e-07,0.18,2.948382189060794e-06,4.198225205925268e-15
9,1,1.9039776800317308e-07,0.18,2.948382189060794e-06,1.9136814206991435e-15
9,1,1.8451038568561949e-07,0.18,2.948382189060794e-06,1.731130785731028e-15
9,1,1.883194681386597e-07,0.18,2.948382189060794e-06,3.105536186824749e-15
9,1,1.9869174386188965e-07,0.18,2.948382189060794e-06,6.244251077709923e-15
9,1,2.1062820532921624e-07,0.18,3.088816811214201e-06,6.641952528203604e-15
9,1,2.2621901609043297e-07,0.18,3.088816811214201e-06,7.331862134291652e-15
9,1,2.4036681721244605e-07,0.18,3.088816811214201e-06,7.928237703662671e-15
9,1,2.4798890563114133e-07,0.18,2.8085382837161887e-06,7.94743570541219e-15
9,1,2.529348213385236e-07,0.18,3.2159252896235557e-06,8.112659646169508e-15
9,1,2.607972399615991e-07,0.18,3.2159252896235557e-06,1.031456837936916e-14
9,1,2.752041757704698e-07,0.2,2.8085382837161887e-06,1.189175558561793e-14
9,1,2.9701680825983536e-07,0.2,2.8085382837161887e-06,2.1957934941336556e-14
9,1,3.2392646311716694e-07,0.2,2.8085382837161887e-06,2.4198455671436796e-14
9,1,3.6040916177612497e-07,0.2,2.8085382837161887e-06,2.5531524594155086e-14
9,1,4.099984038365057e-07,0.2,2.6808465918293223e-06,2.9849092083667275e-14
9,1,4.413497517935794e-07,0.2,2.6808465918293223e-06,2.2197326781021355e-14
9,1,4.486239571481973e-07,0.2,2.6808465918293223e-06,1.9894898106872193e-14
9,1,4.811589444535708e-07,0.2,2.199064510932658e-06,5.2336654704065316e-14
9,1,5.513177353685548e-07,0.2,1.8074575564241968e-05,1.1478219362395098e-13
9,1,6.527496211582677e-07,0.2,1.8074575564241968e-05,2.2730972106758257e-13
9,1,7.908621864841202e-07,0.2,1.8074575564241968e-05,7.054138089629403e-13
9,1,9.515303816586296e-07,0.2,0.00020752522686962038,1.299713375119138e-12
9,1,1.1386329264893578e-06,0.2,0.0002536127285566181,2.4288886874002102e-12
9,1,1.2819292257016901e-06,0.2,0.0002536127285566181,2.453772645141794e-12
9,1,1.354549292769262e-06,0.2,0.0002536127285566181,3.3664835242391833e-12
9,1,1.336196128463532e-06,0.2,0.0002536127285566181,3.441325349684554e-12
9,1,1.3214137456637837e-06,0.2,0.0002536127285566181,4.4123736782364364e-12
9,1,1.2814918629998208e-06,0.2,0.0002536127285566181,3.526618233551382e-12
9,1,1.2327154840763496e-06,0.2,0.00023491756292060018,4.2040650474750585e-12
9,1,1.1883643920112155e-06,0.2,0.00046108628157526255,4.62514271673542e-12
9,1,1.0452702833805514e-06,0.2,0.00037730918847955763,2.357039476791334e-12
9,1,7.787430409062291e-07,0.18,0.00020067900186404586,6.638388298264852e-13
9,1,6.132647440168962e-07,0.18,1.794553827494383e-05,1.624078611395588e-13
9,1,5.417989493248739e-07,0.18,1.794553827494383e-05,5.32425225598359e-14
9,1,4.5468554082173845e-07,0.18,1.794553827494383e-05,2.2661306018538843e-14
9,1,3.791060630438905e-07,0.18,1.794553827494383e-05,8.793352263242009e-15
9,1,3.2807900710325867e-07,0.18,2.183364586016978e-06,3.830848381976238e-15
9,1,2.946506907428884e-07,0.18,2.183364586016978e-06,1.5171649692986714e-15
9,1,2.8945058370267147e-07,0.18,2.183364586016978e-06,6.185288690735077e-16
9,1,3.011593074400633e-07,0.18,2.183364586016978e-06,5.041472339421815e-16
9,1,3.0122923174730236e-07,0.18,2.183364586016978e-06,3.9923341545790867e-16
9,1,2.905866662673076e-07,0.18,2.183364586016978e-06,3.0383437100970257e-16
9,1,2.798302459161494e-07,0.16,2.183364586016978e-06,2.2940918582449303e-16
9,1,2.6652370182443015e-07,0.16,2.183364586016978e-06,1.8520522298992066e-16
9,1,2.6166168086132513e-07,0.16,2.183364586016978e-06,3.0426119620577993e-16
9,1,2.556195868361873e-07,0.16,2.183364586016978e-06,3.908102286628363e-16
9,1,2.5376499905785324e-07,0.18,2.183364586016978e-06,3.4417913262257613e-16
9,1,2.644234401545194e-07,0.18,2.183364586016978e-06,5.98014101667923e-16
9,1,2.802025646090561e-07,0.18,2.2873607576912036e-06,1.1667128165478483e-15
9,1,2.931125633825213e-07,0.18,2.2873607576912036e-06,1.7486660618050865e-15
9,1,3.103800452692317e-07,0.18,2.2873607576912036e-06,2.9512861931738207e-15
9,1,3.3290764622387316e-07,0.18,2.2873607576912036e-06,4.526136647279352e-15
9,1,3.645105498845505e-07,0.18,2.2873607576912036e-06,7.780855664906317e-15
9,1,4.055761050617389e-07,0.18,3.5230139474151656e-05,1.3901811356264483e-14
9,1,4.569119383563406e-07,0.18,3.5230139474151656e-05,2.68133141422466e-14
9,1,5.250679098711205e-07,0.18,3.5230139474151656e-05,5.322708961953693e-14
9,1,6.404755873612084e-07,0.18,0.00039389709127135575,1.0682258436102085e-13
9,1,8.14557370881044e-07,0.18,0.0005972764338366687,2.0332234431253565e-13
9,1,1.0669228694025047e-06,0.18,0.0007298586424440145,3.758061028168169e-13
9,1,1.2753177560574717e-06,0.16,0.0016249940963461995,8.080484523685649e-13
9,1,1.4692576794714058e-06,0.16,0.0016249940963461995,4.02274871399988e-12
9,1,1.3241397641782257e-06,0.16,0.0016249940963461995,2.717851985134523e-11
9,1,1.228853206057985e-06,0.14,0.0018771850736811757,1.0402626676730975e-10
9,1,1.2830152384813358e-06,0.14,0.0021342614199966192,4.0784559063311576e-10
9,1,1.4423649074702047e-06,0.16,0.0020995312370359898,1.1610243877413495e-09
9,1,1.4533441439715867e-06,0.14,0.002232977654784918,1.1658887189014422e-09
9,1,1.7586247818527339e-06,0.14,0.002232977654784918,4.657476626590551e-10
9,1,1.8260667978874029e-06,0.14,0.0016512783477082849,2.4784407859357316e-10
9,1,1.4623076820907004e-06,0.14,0.0015467965276911855,8.420224240079932e-11
9,1,1.329694977570198e-06,0.14,0.0038639011327177286,3.809086032702247e-11
9,1,1.2682725468245094e-06,0.14,0.003777002915740013,1.4425706289233897e-11
9,1,1.2097043036022613e-06,0.14,0.005890292581170797,6.43503262828804e-12
9,1,9.942346903256952e-07,0.16,0.005890292581170797,4.617967466757911e-12
9,1,8.22203830362809e-07,0.16,0.005890292581170797,2.4764209780037127e-12
9,1,7.124179307396806e-07,0.16,0.005809051916003227,1.5005102195486675e-12
9,1,6.718163676946622e-07,0.18,0.004581118933856487,1.057584900730768e-12
9,1,7.311669226458187e-07,0.18,0.0011123932199552655,1.005139764823082e-12
9,1,6.584572060427028e-07,0.18,0.0011123932199552655,7.255163267036457e-13
9,1,6.032072690672015e-07,0.18,0.0011306501692160964,4.640834157937368e-13
9,1,5.7529682620394e-07,0.18,0.0011306501692160964,3.3089335308225665e-13
9,1,5.62535926146129e-07,0.18,0.0011306501692160964,2.554809933486696e-13
9,1,5.614657564530837e-07,0.18,0.00010119332000613213,2.1190221886208116e-13
9,1,5.734127649826004e-07,0.18,0.00010119332000613213,1.920235346598853e-13
9,1,5.956837691155832e-07,0.2,0.00010119332000613213,1.8580772228986298e-13
9,1,6.13993940393398e-07,0.2,0.00010119332000613213,1.8187880400973716e-13
9,1,6.274611787673986e-07,0.2,0.00010119332000613213,1.8141143155823297e-13
9,1,6.432920017688472e-07,0.2,0.00010119332000613213,1.5476125426756165e-13
9,1,6.851245425021613e-07,0.2,0.00027842327835969627,1.4449456442553604e-13
9,1,7.285817944158239e-07,0.2,0.00030099719879217446,1.332149451513387e-13
9,1,7.528898743172392e-07,0.2,0.00030099719879217446,1.3968478609037438e-13
9,1,7.902636264708185e-07,0.2,0.00030099719879217446,1.3992530278981313e-13
9,1,8.411983976009806e-07,0.2,0.00030099719879217446,1.3345552961341323e-13
9,1,9.08105898335279e-07,0.2,0.0003159160551149398,1.234742288882401e-13
9,1,9.99589110716617e-07,0.24,0.0003159160551149398,1.1655483707091047e-13
9,1,1.1218032752352248e-06,0.26,0.00041217191028408706,1.2362905295847104e-13
9,1,1.2268393458487356e-06,0.32,0.0005363147356547415,1.6656524792248162e-13
9,1,1.32533889401283e-06,0.32,0.0005363147356547415,2.8614808547829107e-13
9,1,1.4593752155402782e-06,0.32,0.004678035620599985,3.76997857844813e-13
9,1,1.6061807645512898e-06,0.32,0.005335410591214895,5.854190830018036e-13
9,1,1.7757059452784903e-06,0.34,0.005560875870287418,1.1673578770299287e-12
9,1,1.9871918648785654e-06,0.34,0.005560875870287418,2.3195720517954488e-12
9,1,2.2945407332407836e-06,0.3,0.010143737308681011,3.5737331063184774e-12
9,1,2.791586777842313e-06,0.28,0.010143737308681011,6.247441366319384e-12
9,1,3.608050416130159e-06,0.28,0.007816247642040253,1.2013191656723432e-11
9,1,4.767028904440442e-06,0.3,0.006087689660489559,2.2239316291305933e-11
9,1,6.366723359379937e-06,0.26,0.01074634026736021,4.1792673488583176e-11
9,1,8.879390693552469e-06,0.26,0.01048543956130743,7.666716567156229e-11
9,0,0.007515492019478924,0.12,0.0004700584977399558,1.5867866522967233e-06
9,0,0.007490501878248833,0.12,0.0004700584977399558,2.1392752387328073e-06
9,0,0.0073545296509249375,0.12,0.001193783595226705,2.7811204290628666e-06
9,0,0.007128401037065655,0.1,0.00127938122022897,3.0705016342835734e-06
9,0,0.007042985797449224,0.12,0.00127938122022897,3.409070359339239e-06
9,0,0.007125513233554509,0.14,0.00127938122022897,3.5235268569522304e-06
9,0,0.007412245404863337,0.14,0.00127938122022897,3.8999082789814565e-06
9,0,0.007802621656290599,0.14,0.00127938122022897,4.387547051010188e-06
9,0,0.00813265473923761,0.12,0.00127938122022897,4.72683495900128e-06
9,0,0.008313364500364935,0.14,0.0007052489672787488,4.682145117840264e-06
9,0,0.008317810341123477,0.1,0.0006897127605043352,4.2540905269561335e-06
9,0,0.00836897205964414,0.1,0.0008327838149853051,5.578483069257345e-06
9,0,0.008292119162083209,0.1,0.0008327838149853051,6.3912566474755295e-06
9,0,0.008130572549986533,0.08,0.0019099159399047494,6.362892690958688e-06
9,0,0.008253253309158295,0.06,0.0019865373615175486,6.738327556377044e-06
9,0,0.008670284567517656,0.08,0.00238270522095263,8.431423339061439e-06
9,0,0.008974970038948557,0.08,0.0065271141938865185,9.614377631805837e-06
9,0,0.008805286734802143,0.08,0.010375915095210075,9.82390974968439e-06
9,0,0.008402275629664656,0.14,0.010375915095210075,1.2020121175737586e-05
9,0,0.007780076008119864,0.14,0.013090206310153008,1.418177180312341e-05
9,0,0.007002689570304059,0.12,0.013090206310153008,1.2147365850978531e-05
9,0,0.006194334161149852,0.1,0.014270734041929245,7.84110034146579e-06
9,0,0.005477503538316547,0.1,0.009425549767911434,5.542947747017024e-06
9,0,0.004956657856724867,0.1,0.009425549767911434,4.46513286078698e-06
9,0,0.004533371953377429,0.1,0.009425549767911434,2.918427071563201e-06
9,0,0.004262520581232288,0.1,0.009425549767911434,1.772800032995292e-06
9,0,0.004448182220515877,0.1,0.014270734041929245,1.5984024912540917e-06
9,0,0.00380264839578453,0.12,0.013512932695448399,1.523203422948427e-06
9,0,0.003416527820808262,0.12,0.013512932695448399,1.4396312053577276e-06
9,0,0.0030586507625664375,0.1,0.004021758213639259,1.3924192217018572e-06
9,0,0.003597968240499346,0.1,0.015360486693680286,1.3813646546623204e-06
9,0,0.004162258148508078,0.12,0.015360486693680286,1.4374937791217235e-06
9,0,0.004736015950005003,0.1,0.02023978717625141,1.5694043895564391e-06
9,0,0.005301370080632509,0.12,0.02023978717625141,1.7375795096086222e-06
9,0,0.005865871982881915,0.14,0.008391821756958961,2.123101012330153e-06
9,0,0.006435716126696001,0.14,0.008391821756958961,2.7555802262213547e-06
9,0,0.007088724724571575,0.16,0.008391821756958961,3.7456304653460393e-06
9,0,0.007878244716349642,0.16,0.008019057102501392,4.40088615505374e-06
9,0,0.008938356213997042,0.2,0.008019057102501392,6.675180429738248e-06
9,0,0.009847810706233183,0.18,0.008525535464286804,9.660967407398857e-06
9,0,0.010308959733966777,0.16,0.008525535464286804,1.2564876669785008e-05
9,0,0.010676521447827571,0.16,0.008525535464286804,1.5105231796042062e-05
9,0,0.011550832007371222,0.16,0.008525535464286804,1.8696999177336693e-05
9,0,0.013110981711736277,0.16,0.007906535640358925,2.4926383048295975e-05
9,0,0.015268336181339583,0.18,0.007906535640358925,3.391334757907316e-05
9,0,0.01780808293138087,0.16,0.007906535640358925,4.407884262036532e-05
9,0,0.0207019796927997,0.16,0.007436554878950119,5.41928930033464e-05
9,0,0.02441086569556668,0.22,0.0074839661829173565,6.631779251620173e-05
9,0,0.022051031229059784,0.22,0.008221885189414024,0.00010147479770239443
9,0,0.02493547815100158,0.18,0.010329307056963444,0.00015256322512868792
9,0,0.024780278628077662,0.14,0.029537927359342575,0.00018904659373220056
9,0,0.02296313838010636,0.12,0.028333017602562904,0.00025193870533257723
9,0,0.020760448463717312,0.14,0.02263643592596054,0.00024266999389510602
9,0,0.018629189310008534,0.1,0.019953181967139244,0.00022574304603040218
9,0,0.016480557501869497,0.08,0.019953181967139244,0.0002053645148407668
9,0,0.014659309748295895,0.1,0.017418010160326958,0.00018679574714042246
9,0,0.013335881554135011,0.1,0.017418010160326958,0.00017358917102683336
9,0,0.01261200116490798,0.1,0.013209812343120575,0.00016910927661228925
9,0,0.01205454848068822,0.1,0.013209812343120575,0.00011220103624509647
9,0,0.011593259165341369,0.08,0.013209812343120575,7.914371235528961e-05
9,0,0.010973155254369723,0.08,0.012507633306086063,5.450178650789894e-05
9,0,0.010480590841938675,0.04,0.012507633306086063,3.7457131838891655e-05
9,0,0.010219793788000042,0.04,0.012507633306086063,3.1902243790682405e-05
9,0,0.01006900970357379,0.04,0.012507633306086063,2.6794386940309778e-05
9,0,0.010057171175813851,0.08,0.012507633306086063,2.234697421954479e-05
9,0,0.01022895032391114,0.1,0.012507633306086063,1.893020271381829e-05
9,0,0.010478337252646557,0.1,0.012507633306086063,1.2576133485708851e-05
9,0,0.011081017050789682,0.1,0.012507633306086063,1.1972803804383148e-05
9,0,0.011987398982986263,0.1,0.01649588719010353,1.3734639651374891e-05
9,0,0.01329507068304257,0.14,0.01649588719010353,2.2734710000804625e-05
9,0,0.014760922285438153,0.16,0.021444089710712433,3.820855636149645e-05
9,0,0.016455230722802514,0.16,0.021444089710712433,7.810821261955425e-05
9,0,0.018065611675971597,0.14,0.013181362301111221,0.0001399155444232747
9,0,0.019485259765847064,0.16,0.009848685003817081,0.00017256035062018782
9,0,0.02114376495901367,0.22,0.009471695870161057,0.00021528989600483328
9,0,0.022317021723642843,0.24,0.00753791444003582,0.00026048877043649554
9,0,0.022241867253718205,0.24,0.00753791444003582,0.00029194841044954956
9,0,0.02095454708271935,0.24,0.00753791444003582,0.0002942557621281594
9,0,0.019248306191442105,0.24,0.00753791444003582,0.000280332809779793
9,0,0.017936407823532164,0.24,0.007943538948893547,0.00026956290821544826
9,0,0.017114004344897935,0.26,0.008445287123322487,0.00027246848912909627
9,0,0.016966894877489768,0.26,0.008445287123322487,0.0002887914015445858
9,0,0.017378649062817587,0.28,0.008445287123322487,0.00031339528504759073
9,0,0.01769331206054004,0.28,0.008445287123322487,0.00033256117603741586
9,0,0.017441339603474135,0.26,0.008445287123322487,0.0003379886329639703
9,0,0.016998001330689926,0.26,0.008445287123322487,0.00033717183396220207
9,0,0.016931466587265468,0.26,0.021185919642448425,0.00037567291292361915
9,0,0.016724095974435093,0.2,0.021185919642448425,0.0004007637035101652
9,0,0.01595358984538109,0.16,0.05235529690980911,0.00041812745621427894
9,0,0.014836225270080959,0.12,0.05267391353845596,0.00042769929859787226
9,0,0.014022797228183387,0.12,0.05267391353845596,0.00043602834921330214
9,0,0.01368111706298791,0.14,0.05575249716639519,0.00046818345435895026
9,0,0.013069153089735627,0.14,0.05575249716639519,0.00046753522474318743
9,0,0.012226939950489433,0.16,0.04621392488479614,0.00045272157876752317
9,0,0.011680024594374392,0.12,0.03529855236411095,0.0004263215814717114
9,0,0.011041266232720575,0.1,0.03529855236411095,0.00042835966451093554
9,0,0.010154725712879425,0.1,0.03529855236411095,0.00043579586781561375
9,0,0.009226360907094671,0.1,0.03529855236411095,0.00038300378946587443
9,0,0.008521914123610875,0.08,0.03280153125524521,0.00029807211831212044
9,0,0.008220534707503948,0.08,0.03280153125524521,0.0002510443446226418
9,0,0.008309330233313152,0.08,0.03280153125524521,0.00022849318338558078
9,0,0.008900106632193174,0.1,0.03280153125524521,0.00021227460820227861
9,0,0.00777996823634079,0.1,0.03460375592112541,0.00020158456754870713
9,0,0.007570257630060891,0.1,0.043840441852808,0.00019898475147783756
9,0,0.008113579924303562,0.12,0.08446435630321503,0.00021237359032966197
9,0,0.00879543993493387,0.12,0.08446435630321503,0.00022463900677394122
9,0,0.008924631740012534,0.14,0.08466187864542007,0.0002378283825237304
9,0,0.008212025305717616,0.16,0.10911532491445541,0.00023189172497950494
9,0,0.00928641253718487,0.2,0.1220191940665245,0.00018587593513075262
9,0,0.0102735849573926,0.22,0.46989306807518005,0.00012330390745773911
9,0,0.010755840927691974,0.22,0.6420713067054749,7.545745029347017e-05
9,0,0.010690406887016354,0.28,0.38075554370880127,8.228614024119452e-05
9,0,0.011090236749683251,0.32,0.7140283584594727,9.115428110817447e-05
9,0,0.012302128951420731,0.32,0.7130277752876282,0.00010796324204420671
9,0,0.0141350255531947,0.36,0.7953066229820251,0.00021687464322894812
9,0,0.0158926371465331,0.38,0.7788026332855225,0.000412753812270239
9,0,0.0174503339060536,0.4,0.8422672748565674,0.000720482028555125
9,0,0.019070126287691107,0.4,0.8118283152580261,0.0009861111175268888
9,0,0.021702700707470143,0.4,0.8118283152580261,0.0013565283734351397
9,0,0.02608097406017258,0.38,0.7688199877738953,0.0019013996934518218
9,0,0.024510348114473366,0.38,0.7688199877738953,0.002401127712801099
9,0,0.023000915754435896,0.36,0.7797600626945496,0.00310458242893219
9,0,0.02093531988666004,0.34,0.8249088525772095,0.0035940073430538177
9,0,0.024044896116775866,0.26,0.9234815239906311,0.004572498612105846
9,0,0.026117663094564286,0.26,0.9532040357589722,0.005959153175354004
9,0,0.026075191396344934,0.3,0.922282338142395,0.007178213447332382
9,0,0.024916969060116208,0.28,0.949491024017334,0.008508410304784775
9,0,0.02286428972058686,0.3,0.9497252702713013,0.009300973266363144
9,0,0.020519598289188614,0.3,0.9761754870414734,0.009374938905239105
9,0,0.018132481055718394,0.38,0.934929609298706,0.008984710089862347
9,0,0.015932968665861698,0.36,0.8865377306938171,0.008202637545764446
9,0,0.014151481815135246,0.28,0.9439971446990967,0.007227540947496891
9,0,0.012609276731408462,0.26,0.9322047829627991,0.0062427944503724575
9,0,0.01124066443159311,0.24,0.8912912607192993,0.005261304788291454
9,0,0.00989901371630616,0.22,0.9069207310676575,0.004229319281876087
9,0,0.008485260336320707,0.2,0.9069207310676575,0.0027621302288025618
9,0,0.0073653340891133715,0.2,0.9069207310676575,0.0015262158121913671
9,0,0.006752890610641656,0.2,0.9703500270843506,0.0011340754572302103
9,0,0.006449015705825406,0.22,0.9734583497047424,0.0008401220547966659
9,0,0.006082480167843227,0.2,0.9712730050086975,0.0004081637307535857
9,0,0.005892867226995193,0.2,0.9878416657447815,0.00020376531756483018
9,0,0.00600735891819854,0.24,0.9887208342552185,0.00015530265227425843
9,0,0.006366091145868676,0.24,0.9887208342552185,0.0001741498417686671
9,0,0.006842830683601534,0.22,0.9854841828346252,0.00018664334493223578
9,0,0.007395501559339298,0.28,0.9651544690132141,0.00019422649347689003
9,0,0.007771334285008752,0.28,0.9238203167915344,0.0002083887520711869
9,0,0.008017146369799975,0.28,0.9537407755851746,0.00023696875723544508
9,0,0.00852389841596226,0.28,0.9405294060707092,0.0002982304722536355
9,0,0.009269473569351644,0.28,0.9405294060707092,0.0003450812364462763
9,0,0.010434672521285831,0.28,0.9388619065284729,0.0003951737890020013
9,0,0.012075117067918079,0.3,0.9549556374549866,0.000470588420284912
9,0,0.014037616067670086,0.26,0.9601868391036987,0.0005425225244835019
9,0,0.015973104498666884,0.26,0.9026650190353394,0.000612747622653842
9,0,0.017628408257159972,0.26,0.8875745534896851,0.0006892012315802276
9,0,0.0188986819919122,0.24,0.8628296852111816,0.0007314480026252568
9,0,0.019622218027073472,0.24,0.8628296852111816,0.0007711359648965299
9,0,0.019774370980557617,0.24,0.829200029373169,0.0008113195654004812
9,0,0.019630926144689295,0.24,0.829200029373169,0.0008458620868623257
9,0,0.019926659444794874,0.22,0.829200029373169,0.0008801447693258524
9,0,0.02111495059543784,0.24,0.8331701755523682,0.0008885787683539093
9,0,0.023716968885505466,0.26,0.9094791412353516,0.0008702661725692451
9,0,0.02185231303490016,0.26,0.9758893251419067,0.0006922971806488931
9,0,0.021757919171491284,0.26,0.9593178033828735,0.0005242966581135988
9,0,0.023409450310410144,0.18,0.9616084694862366,0.0004254175291862339
9,0,0.02651723941916547,0.14,0.9838258624076843,0.00039104290772229433
9,0,0.029808049228484894,0.2,0.9820243120193481,0.0003955199499614537
9,0,0.030997334558746717,0.14,0.9802044034004211,0.00039036822272464633
9,0,0.028189957532288156,0.12,0.989041268825531,0.0004359165614005178
9,0,0.024578702978390585,0.1,0.985069990158081,0.00033866273588500917
9,0,0.027269402287885516,0.1,0.9733362793922424,0.0005991336656734347
9,0,0.028487674017733347,0.12,0.9166044592857361,0.0009382952703163028
9,0,0.02864867705648029,0.14,0.7858262658119202,0.0012936138082295656
9,0,0.02817784028613028,0.1,0.679667592048645,0.0012707151472568512
9,0,0.026674346244097976,0.1,0.4624154269695282,0.0007226876332424581
9,0,0.023614560862472194,0.1,0.36234578490257263,0.00036591445677913725
9,0,0.018426352632772414,0.1,0.21923387050628662,0.00018805204308591783
9,0,0.017074670611337817,0.12,0.12423696368932724,0.00013657519593834877
9,0,0.01601400794406281,0.08,0.10932761430740356,0.00010126000415766612
9,0,0.016694810191466816,0.08,0.18440192937850952,7.457883475581184e-05
9,0,0.020236573056949866,0.06,0.2022884637117386,5.6912092986749485e-05
9,0,0.021577303919100115,0.06,0.25138601660728455,3.358000685693696e-05
9,0,0.02452516371077663,0.08,0.2845475971698761,2.2595448172069155e-05
9,0,0.02748019393072602,0.08,0.30025941133499146,1.618264286662452e-05
9,0,0.03001253966700912,0.04,0.30025941133499146,1.2696785233856644e-05
9,0,0.03304789869244436,0.08,0.4011378288269043,1.0165286767005455e-05
9,0,0.03751489321034726,0.08,0.42236873507499695,7.765160262351856e-06
9,0,0.043021353794445064,0.08,0.5538731813430786,5.776794296252774e-06
9,0,0.043972673478717014,0.08,0.7763293981552124,3.4939371289510746e-06
9,0,0.03962009901403026,0.1,0.7611985206604004,2.621903831823147e-06
9,0,0.04457465538182444,0.14,0.8879122734069824,2.7157630029250868e-06
9,0,0.051979158133266715,0.14,0.8831573128700256,2.403600319667021e-06
9,0,0.04964957051135588,0.18,0.8530831336975098,1.9174644876329694e-06
9,0,0.049309411498373944,0.16,0.8530831336975098,1.688542397459969e-06
9,0,0.05030241030864109,0.16,0.8530831336975098,1.6386420611524954e-06
9,0,0.0518263946016424,0.14,0.8071737289428711,1.4491467936750269e-06
9,0,0.052801045633630535,0.12,0.5676418542861938,1.2064184602422756e-06
9,0,0.05203588254252327,0.14,0.6423003673553467,1.1654221907519968e-06
9,0,0.0489226123468311,0.12,0.6423003673553467,1.2845993069277029e-06
9,0,0.04415227463456527,0.08,0.4684958755970001,1.5291533372874255e-06
9,0,0.03859800498304608,0.1,0.4684958755970001,1.8360847207077313e-06
9,0,0.03349449494436216,0.08,0.4014858603477478,2.257187816212536e-06
9,0,0.029351940912498188,0.08,0.2042371928691864,2.935549218818778e-06
9,0,0.025934121359514492,0.06,0.19298577308654785,3.673968194561894e-06
9,0,0.02332362725858109,0.1,0.12597234547138214,5.695358595403377e-06
9,0,0.020837722976055625,0.08,0.14123664796352386,8.590634934080299e-06
9,0,0.018246325840817566,0.08,0.14123664796352386,1.2154040632594842e-05
9,0,0.015393519306101458,0.08,0.18495558202266693,1.5753796105855145e-05
9,0,0.012077432613073145,0.08,0.18495558202266693,1.3416902220342308e-05
9,0,0.008611591029120715,0.08,0.0490608885884285,1.3206275980337523e-05
9,0,0.005364650365035632,0.06,0.0490608885884285,1.1717740562744439e-05
9,0,0.0029006946465416784,0.06,0.023927681148052216,8.22921811050037e-06
9,0,0.0014405422928923089,0.06,0.015159299597144127,5.595031780103454e-06
9,0,0.0006919703242788578,0.06,0.016525346785783768,4.28328303314629e-06
9,0,0.00032586611203101897,0.06,0.016525346785783768,3.2117934551934013e-06
9,0,0.00015319468194293983,0.08,0.028843306005001068,2.3706681986368494e-06
9,0,7.404716544949706e-05,0.08,0.03315786272287369,1.6709947203707998e-06
9,0,3.7866711110995866e-05,0.08,0.03315786272287369,1.1082338460255414e-06
9,0,2.0130620651600652e-05,0.08,0.03315786272287369,7.28984502984531e-07
9,0,1.0895032798576644e-05,0.06,0.0380767360329628,5.602071837529365e-07
9,0,5.931938705760599e-06,0.06,0.04030841216444969,4.7266772185139416e-07
9,0,3.2557784408480506e-06,0.1,0.04789658263325691,3.6030758110427996e-07
9,0,1.8334042558356314e-06,0.1,0.035112686455249786,2.562215115631261e-07
9,0,1.0746972562583705e-06,0.1,0.0458417609333992,1.9166054698871449e-07
9,0,6.69691414224756e-07,0.08,0.043042320758104324,1.5709125023022352e-07
9,0,6.486985220045922e-07,0.08,0.0771486833691597,1.2342643174179102e-07
9,0,6.272123664267338e-07,0.08,0.06607179343700409,4.86645959085763e-08
9,0,5.556945696570599e-07,0.08,0.06607179343700409,2.2663451559878922e-08
9,0,2.918426564521826e-07,0.08,0.06607179343700409,3.03014928704215e-08
9,0,1.873607410638665e-07,0.1,0.12054401636123657,2.6583728995888123e-08
9,0,1.6378925804923341e-07,0.14,0.081339992582798,1.619022782506363e-08
9,0,1.2007216845433234e-07,0.12,0.07502484321594238,1.3490646821878727e-08
9,0,9.214510868908232e-08,0.12,0.07895757257938385,9.51458645204184e-09
9,0,6.952538179257618e-08,0.14,0.05765597149729729,5.52547385623825e-09
9,0,5.191053141019959e-08,0.1,0.0630187839269638,4.37438663070111e-09
9,0,3.032147659374126e-08,0.1,0.07128163427114487,2.6559643373502695e-09
9,0,1.917689899234959e-08,0.1,0.11340256035327911,1.07370845547905e-09
9,0,1.2682599142160214e-08,0.08,0.07318419218063354,3.666693892956374e-10
9,0,9.198006103249737e-09,0.08,0.08504075556993484,1.966232870964646e-10
9,0,4.800705481869047e-09,0.08,0.09532709419727325,1.5271359177226884e-10
9,0,3.758489241545344e-09,0.1,0.07867078483104706,8.424883013447015e-11
9,0,4.846083283844925e-09,0.1,0.13186052441596985,2.191621190084092e-11
9,0,3.7965709336754415e-09,0.1,0.13186052441596985,1.508074221057143e-11
9,0,2.7393809933052712e-09,0.1,0.14527763426303864,1.0286879854881636e-11
9,0,4.310858088862783e-09,0.12,0.15115322172641754,2.0397034755648136e-12
9,0,3.764149065252803e-09,0.12,0.15115322172641754,8.959922105471196e-13
9,0,2.6538034117536996e-09,0.12,0.11096712946891785,6.139411895533797e-13
9,0,2.5208163750927332e-09,0.1,0.06813428550958633,2.753870265506664e-13
9,0,2.613413374326077e-09,0.1,0.028965873643755913,1.868041176389043e-13
9,0,2.7095766587965263e-09,0.1,0.028727561235427856,1.7040046402985037e-13
9,0,3.277998740929223e-09,0.1,0.028727561235427856,1.6953650397617814e-13
9,0,3.654409212966032e-09,0.08,0.008696897886693478,1.3534168902783195e-13
9,0,4.847629394586177e-09,0.08,0.005123308394104242,1.1693426717369892e-13
9,0,6.65592666150647e-09,0.06,0.005240332800894976,9.439762068807339e-14
9,0,7.961963443761915e-09,0.06,0.005536810494959354,7.092179084679587e-14
9,0,1.0697944173823556e-08,0.06,0.008373366668820381,6.990899693989569e-14
9,0,1.3109776455754587e-08,0.06,0.008373366668820381,7.129218141397123e-14
9,0,1.518349599927258e-08,0.06,0.013505053706467152,7.824137523851707e-14
9,0,1.6714717332011852e-08,0.06,0.041840728372335434,9.87532809432895e-14
9,0,1.7841301736454352e-08,0.06,0.041840728372335434,1.4505706206514868e-13
9,0,1.940741690062218e-08,0.06,0.041840728372335434,2.397770838217378e-13
9,0,2.2825082843870123e-08,0.06,0.041840728372335434,3.8455520777296026e-13
9,0,2.8618195542677712e-08,0.04,0.09668534249067307,5.669132155904089e-13
9,0,3.630380560763038e-08,0.04,0.09668534249067307,7.607900312338323e-13
9,0,4.4144802029828145e-08,0.04,0.09195952862501144,8.411739729242973e-13
9,0,4.798015864852926e-08,0.04,0.08176936209201813,7.849610718368982e-13
9,0,4.735515303571715e-08,0.04,0.08176936209201813,6.85023706595983e-13
9,0,4.460073753104226e-08,0.04,0.052067555487155914,5.64562990541112e-13
9,0,4.02565166348423e-08,0.04,0.03495091199874878,4.0903692650855195e-13
9,0,3.4550576842003596e-08,0.04,0.011397618800401688,2.6962408542809124e-13
9,0,2.5176001537214838e-08,0.04,0.007087822072207928,1.9887773882159426e-13
9,0,1.7548290871905556e-08,0.04,0.008027877658605576,1.271970538879036e-13
9,0,1.3854783683162452e-08,0.04,0.0017606198089197278,5.451906558585212e-14
9,0,1.0657876659290767e-08,0.04,0.0017606198089197278,2.6819553386936076e-14
9,0,7.972755794998584e-09,0.04,0.0017606198089197278,1.8767473537154196e-14
9,0,5.869328817097731e-09,0.04,0.0017606198089197278,1.2592051933221684e-14
9,0,4.086314486374189e-09,0.04,0.0017606198089197278,8.233439768184393e-15
9,0,2.748828483099835e-09,0.04,0.0017606198089197278,5.185244323756971e-15
9,0,1.8263050261060763e-09,0.02,0.0017606198089197278,3.555411478737506e-15
9,0,1.1580636045630371e-09,0.02,0.0010147092398256063,2.2646086530542578e-15
9,0,7.04958389544062e-10,0.0,0.0010147092398256063,1.3453034666084315e-15
9,0,4.1005289914498335e-10,0.0,0.0010147092398256063,7.308820191148375e-16
9,0,2.333049792248555e-10,0.0,0.0002722791978158057,3.413691537596192e-16
9,0,1.3311414171485938e-10,0.0,0.0002722791978158057,1.6358029979295096e-16
9,0,7.360402071268644e-11,0.0,0.0002722791978158057,1.0792299567362237e-16
9,0,3.965894240788175e-11,0.0,0.0002722791978158057,7.466146105537919e-17
9,0,2.1981449001864017e-11,0.0,0.00011110283230664209,4.77642805398986e-17
9,0,1.3076709577566182e-11,0.0,0.00011110283230664209,3.4056514743910745e-17
9,0,8.230054885003026e-12,0.0,8.561083814129233e-05,2.4101182659237018e-17
9,0,5.356395849877695e-12,0.0,8.561083814129233e-05,1.791410163355066e-17
9,0,3.550353927663385e-12,0.0,8.561083814129233e-05,1.3844317598688724e-17
9,0,2.4127196827715206e-12,0.0,8.488572348142043e-05,1.0046064698884056e-17
9,0,1.6840720594657176e-12,0.0,7.735916005913168e-05,7.02549309659663e-18
9,0,1.2234864756364731e-12,0.0,7.735916005913168e-05,5.097043921159904e-18
9,0,9.52289924783607e-13,0.0,7.735916005913168e-05,3.7783054393329515e-18
9,0,8.33204276894029e-13,0.0,0.00012600138143170625,3.4268264708918194e-18
9,0,8.41030326697301e-13,0.0,0.00023564077855553478,4.551182885442792e-18
9,0,9.423319204989227e-13,0.0,0.00014467892469838262,5.740320776846467e-18
9,0,1.1108867028518284e-12,0.0,0.00014467892469838262,6.179881245634696e-18
9,0,1.335036457578232e-12,0.0,0.00014467892469838262,6.936071977247504e-18
9,0,1.5910317637937738e-12,0.0,0.00014467892469838262,9.908969438520742e-18
9,0,1.7651400528813596e-12,0.0,0.00014467892469838262,9.628130040030413e-18
9,0,1.90023469323301e-12,0.0,0.00014467892469838262,1.1461065497316254e-17
9,0,2.0314435798204884e-12,0.0,0.00014467892469838262,1.272113536701727e-17
9,0,2.1895244906018064e-12,0.0,0.00014467892469838262,1.0211120318312887e-17
9,0,2.4659865408381194e-12,0.0,0.00014467892469838262,7.843993275801526e-18
9,0,3.120110380099376e-12,0.0,0.00014467892469838262,8.873943980632128e-18
9,0,3.5731002317971207e-12,0.0,0.00014467892469838262,8.886342590833685e-18
9,0,4.8594718452721025e-12,0.0,0.00015119079034775496,7.445180551168272e-18
9,0,6.598198205755916e-12,0.0,0.00013171238242648542,5.581502926416898e-18
9,0,7.30684733148382e-12,0.0,0.00013171238242648542,4.330163534491073e-18
9,0,8.20256277514134e-12,0.0,0.00017092916823457927,5.4922455888290575e-18
9,0,8.369759877566666e-12,0.0,0.00017092916823457927,5.768616557650375e-18
9,0,7.78923436017579e-12,0.0,0.00017092916823457927,5.203088889279508e-18
9,0,6.929805475654585e-12,0.0,0.0001129741285694763,3.8400747379850426e-18
9,0,6.266152811094747e-12,0.0,0.0001129741285694763,2.9762676018839325e-18
9,0,5.114539567048423e-12,0.0,0.0001129741285694763,2.0098296856415307e-18
9,0,3.758856463209087e-12,0.0,0.0001129741285694763,1.139662461208077e-18
9,0,2.444009287743593e-12,0.0,0.00010742810991359875,5.674416092119494e-19
9,0,1.4090164019968248e-12,0.0,0.00010742810991359875,2.5894475485666255e-19
9,0,7.421063378497694e-13,0.0,0.00010742810991359875,1.1617805987034972e-19
9,0,3.533744237677414e-13,0.0,0.00010742810991359875,4.958267933189459e-20
9,0,1.5654515952640433e-13,0.0,0.00010742810991359875,2.0788539980382168e-20
9,0,6.695406111266821e-14,0.0,7.334682595683262e-05,9.032365579236541e-21
9,0,2.919885264504711e-14,0.0,7.272557559190318e-05,4.1111425743511e-21
9,0,1.4346423019622016e-14,0.0,6.837049295427278e-05,3.4110404106790154e-21
9,0,7.943196027449898e-15,0.0,6.837049295427278e-05,3.3865101434315566e-21
9,0,4.689025175113102e-15,0.0,6.837049295427278e-05,2.2266197574409067e-21
9,0,2.638671265238736e-15,0.0,6.837049295427278e-05,1.7565095489239013e-21
9,0,1.3134053159986459e-15,0.0,7.272557559190318e-05,1.6393406066512762e-21
9,0,6.902728480868182e-16,0.0,7.334682595683262e-05,1.4182763859980878e-21
9,0,4.493644558113986e-16,0.0,7.334682595683262e-05,1.10567208957078e-21
9,0,3.627909140519409e-16,0.0,7.334682595683262e-05,9.875514655020963e-22
9,0,3.850836545314014e-16,0.0,7.334682595683262e-05,1.0626291122786332e-21
9,0,5.189094222339559e-16,0.0,7.334682595683262e-05,1.3145415556147593e-21
9,0,7.831917464262682e-16,0.0,7.334682595683262e-05,1.8508893220084246e-21
9,0,1.1895852933890389e-15,0.0,7.272557559190318e-05,2.4053283321532237e-21
9,0,1.7098343366266697e-15,0.0,6.837049295427278e-05,2.6528043732196806e-21
9,0,2.315513394649485e-15,0.0,6.542550545418635e-05,2.8298694919200453e-21
9,0,3.197010893964339e-15,0.0,6.542550545418635e-05,3.094115933281483e-21
9,0,4.780353551699072e-15,0.0,6.542550545418635e-05,3.360617532333443e-21
9,0,7.907751747933657e-15,0.0,6.542550545418635e-05,3.832371398810792e-21
9,0,1.4190661867718808e-14,0.0,6.542550545418635e-05,4.597013441204403e-21
9,0,2.6329424634035577e-14,0.0,6.542550545418635e-05,6.746579183933043e-21
9,0,4.8981041415413445e-14,0.0,6.542550545418635e-05,1.3529631055207279e-20
9,0,8.827635825539433e-14,0.0,6.542550545418635e-05,2.477719358500293e-20
9,0,1.5116731050661757e-13,0.0,6.542550545418635e-05,3.898356824120369e-20
9,0,2.387506071088709e-13,0.0,6.542550545418635e-05,4.954637708899602e-20
9,0,3.420645820733435e-13,0.0,6.542550545418635e-05,5.452160674838679e-20
9,0,4.4928968792043865e-13,0.0,0.00010656483937054873,6.72176723906879e-20
9,0,5.466523072532481e-13,0.0,0.00011665662896120921,8.482956901581508e-20
9,0,6.235135362156357e-13,0.0,0.00011665662896120921,9.824948231758544e-20
9,0,6.712895740463424e-13,0.0,0.00011665662896120921,1.0475453405227902e-19
9,0,6.775507919056167e-13,0.0,0.00010290008503943682,1.1432803165628367e-19
9,0,6.352104478995718e-13,0.0,0.00010290008503943682,1.3444899326148292e-19
9,0,5.397453744575662e-13,0.0,0.00010290008503943682,1.0128863436098477e-19
9,0,4.1286284372804916e-13,0.0,0.00010290008503943682,7.596361456592445e-20
9,0,2.5805297677645745e-13,0.0,0.00010290008503943682,5.071630774317864e-20
9,0,1.4236572318181078e-13,0.0,0.00010290008503943682,4.700414410506513e-20
9,0,7.632562469643302e-14,0.0,0.00010290008503943682,4.743319881138726e-20
9,0,4.1826570033375376e-14,0.0,0.00010290008503943682,4.078716124986741e-20
9,0,2.4453326467209296e-14,0.0,0.00010753172682598233,2.880230291329998e-20
9,0,1.4747215378847133e-14,0.0,0.00011438102228567004,1.9938830005247008e-20
9,0,8.346507698685917e-15,0.0,0.00010753172682598233,1.4921646779163313e-20
9,0,4.4465833398979766e-15,0.0,0.00016307737678289413,1.1777547003339893e-20
9,0,2.250874666086299e-15,0.0,0.00016307737678289413,9.085410151603638e-21
9,0,1.051545469139654e-15,0.0,0.00016307737678289413,6.83454830727028e-21
9,0,4.646987787931007e-16,0.0,0.00016307737678289413,4.951442966121686e-21
9,0,2.1241458955914688e-16,0.0,0.00017691458924673498,3.463051815073988e-21
9,0,1.1632912563363154e-16,0.0,0.00017691458924673498,2.477501052288826e-21
9,0,8.24814890070247e-17,0.0,0.00017691458924673498,1.8860273324286307e-21
9,0,7.2467893735786e-17,0.0,0.00017691458924673498,1.527054473568254e-21
9,0,7.028482528779945e-17,0.0,0.00017691458924673498,1.3290124705472315e-21
9,0,6.752664744783364e-17,0.0,0.00017691458924673498,1.064178662288428e-21
9,0,6.266261419550922e-17,0.0,0.00017964115249924362,8.217503212734269e-22
9,0,5.806664358499839e-17,0.0,0.00018117556464858353,6.434878505584561e-22
9,0,5.690888591937922e-17,0.0,0.00018117556464858353,5.238507960162223e-22
9,0,6.192388834078664e-17,0.0,0.00018117556464858353,4.786046122573273e-22
9,0,7.571988737216955e-17,0.0,0.0001194664801005274,4.5050021188581665e-22
9,0,1.0331372472776247e-16,0.0,0.0001194664801005274,3.5127039573824977e-22
9,0,1.5449153460826066e-16,0.0,0.00014743514475412667,3.011379444235434e-22
9,0,2.3715669711834406e-16,0.0,0.0001194664801005274,3.172653157956859e-22
9,0,3.6473600954707336e-16,0.0,0.00013077989569865167,3.1919061603185556e-22
9,0,5.654392595907277e-16,0.0,0.00019833164697047323,3.077763414696103e-22
9,0,8.875862671739875e-16,0.0,0.00019833164697047323,2.718251858500769e-22
9,0,1.3418258482065874e-15,0.0,0.00018487709166947752,1.9746095963267292e-22
9,0,1.520378793210584e-15,0.0,0.00017691458924673498,1.4022605911123798e-22
9,0,1.533562000744027e-15,0.0,0.00017691458924673498,1.4477116010275936e-22
9,0,1.3183187469710332e-15,0.0,0.00017691458924673498,1.2777519607598335e-22
9,0,1.1965972760302392e-15,0.0,0.00015605361841153353,1.6665346741599363e-22
9,0,1.2254082171248123e-15,0.0,0.00015605361841153353,1.846107562745337e-22
9,0,1.368305876164508e-15,0.0,0.00017034992924891412,2.05609867540057e-22
9,0,1.5539546584886574e-15,0.0,0.00017034992924891412,2.0846011665392914e-22
9,0,1.2902231483339492e-15,0.0,0.00029017883935011923,1.4158542422311483e-22
9,0,9.83329259017729e-16,0.0,0.00029017883935011923,1.0151786618239335e-22
9,0,6.710548063345179e-16,0.0,0.00029017883935011923,6.928412607084896e-23
9,0,4.194342301842998e-16,0.0,0.00029017883935011923,5.0545495729236457e-23
9,0,2.490396510660431e-16,0.0,0.000303210923448205,4.034622157776899e-23
9,0,1.4196070495069712e-16,0.0,0.0003039854927919805,3.46039452764842e-23
9,0,7.595161780377502e-17,0.0,0.0003039854927919805,2.9101113503482955e-23
9,0,3.6587864694560104e-17,0.0,0.0003039854927919805,2.177661257370914e-23
9,0,1.531810706288075e-17,0.0,0.0003039854927919805,1.1279686214344587e-23
9,0,5.889364228771401e-18,0.0,0.0003039854927919805,8.238649512822932e-24
9,0,2.2118872769798848e-18,0.0,0.0003039854927919805,4.25366106325291e-24
9,0,9.538055450198586e-19,0.0,0.00034461525501683354,3.1012366493513328e-24
9,0,4.927813628563875e-19,0.0,0.000315698649501428,2.4800408325716737e-24
9,0,2.8486649478219063e-19,0.0,0.000315698649501428,2.2941528600044893e-24
9,0,1.6986282523108698e-19,0.0,0.000315698649501428,2.0266071341247097e-24
9,0,1.0100334105119208e-19,0.0,0.000315698649501428,1.715594975152026e-24
9,0,5.961021211445748e-20,0.0,0.000315698649501428,1.307996856311571e-24
9,0,3.656041658585598e-20,0.0,0.000315698649501428,9.166573579429472e-25
9,0,2.498903756201402e-20,0.0,0.000315698649501428,5.971474413878031e-25
9,0,1.8819083262655607e-20,0.0,0.000315698649501428,3.8914084441815956e-25
9,0,1.3413320800685583e-20,0.0,0.000315698649501428,3.0605017457503696e-25
9,0,8.944417361745611e-21,0.0,0.000315698649501428,3.100490337631187e-25
9,0,6.264568206014082e-21,0.0,0.000315698649501428,3.2065704357085196e-25
9,0,5.199414367261327e-21,0.0,0.000315698649501428,3.1451497256280117e-25
9,0,5.074027427623567e-21,0.0,0.0003336599620524794,2.7623288403520302e-25
9,0,5.5593693822035615e-21,0.0,0.0003336599620524794,2.286960272789717e-25
9,0,6.367287564442511e-21,0.02,0.0004005769151262939,2.0511444800182862e-25
9,0,7.267034989952437e-21,0.02,0.0004005769151262939,1.994783203309123e-25
9,0,7.979427516758493e-21,0.02,0.0004005769151262939,1.7390844179406295e-25
9,0,8.708395562483058e-21,0.02,0.0004005769151262939,1.493431036643027e-25
9,0,1.0438272640433474e-20,0.02,0.0004372645926196128,1.1056739775121415e-25
9,0,1.383894694738216e-20,0.02,0.00041108866571448743,6.977843252634007e-26
9,0,1.691639449180946e-20,0.02,0.00036495362292043865,4.407102410253401e-26
9,0,1.8930715720455124e-20,0.02,0.00036495362292043865,2.800683627342425e-26
9,0,2.7106113723299375e-20,0.02,0.00036495362292043865,2.647146951431919e-26
9,0,3.917280257244478e-20,0.02,0.00036495362292043865,2.5355115777634797e-26
9,0,5.81589094983754e-20,0.02,0.00036495362292043865,2.5299658239700178e-26
9,0,6.768108889842625e-20,0.02,0.00036495362292043865,1.995109502064021e-26
9,0,8.232053449673506e-20,0.02,0.00036495362292043865,1.7559694001341822e-26
9,0,1.033547732176029e-19,0.02,0.00036495362292043865,1.7545432875289623e-26
9,0,1.3282374862482667e-19,0.02,0.00036495362292043865,2.1575402765321027e-26
9,0,1.7050531331851913e-19,0.02,0.00036495362292043865,2.8250628189504565e-26
9,0,2.1614996660242233e-19,0.02,0.00036495362292043865,4.123477332542501e-26
9,0,2.815174739006493e-19,0.02,0.00036495362292043865,5.506908556855621e-26
9,0,2.70853779022431e-19,0.02,0.00036495362292043865,4.6284102497909603e-26
9,0,3.028453431916824e-19,0.02,0.00036495362292043865,5.340615445439867e-26
9,0,2.9259487644997453e-19,0.02,0.00041372820851393044,6.702850655157038e-26
9,0,2.6416484055871394e-19,0.02,0.00041372820851393044,9.354497503385419e-26
9,0,2.3781277621122624e-19,0.02,0.00041372820851393044,1.4844682209050354e-25
9,0,2.3076320478392897e-19,0.02,0.00037901458563283086,2.36341174134308e-25
9,0,2.425999175992173e-19,0.02,0.00037901458563283086,3.771207489381774e-25
9,0,2.5666248315775603e-19,0.02,0.00037804912426508963,5.878131954229689e-25
9,0,2.5668201575102726e-19,0.02,0.00037804912426508963,9.472282818182034e-25
9,0,2.311396784525883e-19,0.02,0.00037804912426508963,1.5717862237759144e-24
9,0,1.9954622716523223e-19,0.02,0.00037804912426508963,2.663558869764348e-24
9,0,2.0314353063716142e-19,0.02,0.00037804912426508963,3.7160574839406745e-24
9,0,1.885836197343625e-19,0.02,0.00037804912426508963,2.4088508690409088e-24
9,0,1.7144694352004087e-19,0.02,0.00037804912426508963,1.7008681253429075e-24
9,0,1.461785712992381e-19,0.0,0.00037804912426508963,1.1698715519347373e-24
9,0,1.5958144340343188e-19,0.0,0.0003960696922149509,1.1529477245045783e-24
9,0,1.6855885301562118e-19,0.0,0.00042128964560106397,1.2451747348329378e-24
9,0,1.7905980707311446e-19,0.02,0.00042488682083785534,1.434461514610267e-24
9,0,2.039946664494431e-19,0.02,0.00042488682083785534,1.6155425632514872e-24
9,0,2.4387773806807536e-19,0.02,0.00042128964560106397,1.749398651016878e-24
9,0,2.9583045264021207e-19,0.02,0.0003960696922149509,1.881325185008098e-24
9,0,3.61250185328329e-19,0.02,0.00039587810169905424,2.0495420816526527e-24
9,0,4.478712254182995e-19,0.02,0.00039587810169905424,2.249771348261529e-24
9,0,5.7681256055896e-19,0.02,0.00039587810169905424,2.4396736367601567e-24
9,0,7.821730663749122e-19,0.02,0.00039587810169905424,2.5686236013407516e-24
9,0,1.114933300845712e-18,0.02,0.00039587810169905424,2.8781266694017475e-24
9,0,1.6478669921836149e-18,0.02,0.00039587810169905424,2.8261326499234043e-24
9,0,2.4433337715832768e-18,0.02,0.00039587810169905424,2.7710579313949468e-24
9,0,3.4874614995271515e-18,0.02,0.00039587810169905424,2.6474927313533905e-24
9,0,4.670015707049176e-18,0.02,0.0006793157081119716,2.440799932917586e-24
9,0,5.87019773102746e-18,0.02,0.0006793157081119716,2.2152216071955642e-24
9,0,7.039105431816577e-18,0.02,0.0006793157081119716,2.106855784645354e-24
9,0,8.215652538679087e-18,0.02,0.00040260283276438713,2.1374884368864435e-24
9,0,9.504743262851246e-18,0.02,0.00036495362292043865,2.085808186833152e-24
9,0,1.101085664942295e-17,0.02,0.00039587810169905424,2.624906460345555e-24
9,0,1.2463336179605306e-17,0.02,0.00039587810169905424,3.1755435995338523e-24
9,0,1.3655338119591563e-17,0.02,0.00039587810169905424,3.793457754947792e-24
9,0,1.1052651771547457e-17,0.02,0.00039587810169905424,3.0471525429046065e-24
9,0,8.475571478309882e-18,0.0,0.00039587810169905424,2.0679820997426465e-24
9,0,7.974850589632813e-18,0.0,0.00032974567147903144,2.084821716271173e-24
9,0,6.991845412947944e-18,0.0,0.00019358104327693582,3.1718268813789035e-24
9,0,5.5186594105124604e-18,0.0,0.00019358104327693582,4.6121999223976704e-24
9,0,4.3407928060775935e-18,0.0,0.00019358104327693582,5.965284123747148e-24
9,0,4.097137406556827e-18,0.0,0.0001773354597389698,8.763577280679624e-24
9,0,4.1704633122693535e-18,0.0,0.00020104116993024945,1.1494745474325939e-23
9,0,4.121698709618382e-18,0.0,0.00020104116993024945,1.3862348187139425e-23
9,0,3.8438692585334505e-18,0.0,0.00020104116993024945,1.473512969317966e-23
9,0,3.397869156459666e-18,0.0,0.00019239932589698583,1.631951422282718e-23
9,0,3.0168339245668965e-18,0.0,0.00019239932589698583,1.8766096900610488e-23
9,0,2.8227829570882208e-18,0.0,0.00019239932589698583,1.4907628329602527e-23
9,0,2.1750905883521372e-18,0.0,0.00018607915262691677,7.52924110025397e-24
9,0,1.8095805085134345e-18,0.0,0.0001715404650894925,4.070469417259771e-24
9,0,1.5228417751207454e-18,0.0,0.0001715404650894925,2.1015901381030036e-24
9,0,1.5974472862598972e-18,0.0,0.0001715404650894925,1.828834577589918e-24
9,0,1.5787154868990342e-18,0.0,0.00019924297521356493,1.7468579272563873e-24
9,0,1.6544541536441434e-18,0.0,0.0001502622035332024,1.73994809737233e-24
9,0,2.0093356847541158e-18,0.0,0.0001604389981366694,1.4277195148837956e-24
9,0,2.8761848160833617e-18,0.0,0.0001546303101349622,1.0760848649891427e-24
9,0,4.7837432100072484e-18,0.0,0.0001546303101349622,8.768353636245511e-25
9,0,8.473244293051288e-18,0.0,0.00018623268988449126,8.357028741273566e-25
9,0,1.5390128286598354e-17,0.0,0.00019693156355060637,7.773488608158953e-25
9,0,2.854377900330824e-17,0.0,0.00024018924159463495,6.150368838697591e-25
9,0,5.513451707809424e-17,0.0,0.00022190141316968948,4.904492214874233e-25
9,0,1.0723015386120476e-16,0.0,0.0001996303180931136,3.8483028656490236e-25
9,0,1.9806628646359e-16,0.0,0.00022022848133929074,3.3774594014542844e-25
9,0,4.2216128292821944e-16,0.0,0.00022022848133929074,4.569310146626483e-25
9,0,8.3740170192370925e-16,0.0,0.00022022848133929074,4.205160612900951e-25
9,0,1.6979926276324031e-15,0.0,0.00037512945709750056,8.2515412749512805e-25
9,0,3.706439204683772e-15,0.02,0.00037512945709750056,1.338871984673403e-24
9,0,8.447168568582765e-15,0.02,0.00037512945709750056,2.492750565046142e-24
9,0,1.9693008370567426e-14,0.02,0.00040260283276438713,6.264670247913911e-24
9,0,3.4217708817175295e-14,0.02,0.00040260283276438713,1.1969572686092044e-23
9,0,5.726459168530532e-14,0.02,0.00040260283276438713,1.8613595888134972e-23
9,0,9.277469313670622e-14,0.02,0.00040260283276438713,3.231932520887363e-23
9,0,1.3771142244924544e-13,0.02,0.00040260283276438713,5.401083862357115e-23
9,0,1.7862369027712777e-13,0.02,0.00039587810169905424,9.51103466351793e-23
9,0,2.065131167093526e-13,0.02,0.00039587810169905424,1.6823370095955788e-22
9,0,2.2431831543866228e-13,0.02,0.00039587810169905424,2.8799531979416962e-22
9,0,2.4305679882571024e-13,0.02,0.00039587810169905424,4.817239576031885e-22
9,0,2.723780712556699e-13,0.02,0.00039587810169905424,7.938318143965098e-22
9,0,3.059045402255691e-13,0.02,0.00039587810169905424,1.3438989952698975e-21
9,0,3.2146173384374357e-13,0.02,0.00039587810169905424,2.3567904400961204e-21
9,0,3.1516179436652145e-13,0.02,0.00039587810169905424,4.708380709105024e-21
9,0,3.8155744763233286e-13,0.02,0.00039587810169905424,9.771532235909366e-21
9,0,4.496902828037649e-13,0.02,0.0003688638098537922,1.8708802740857852e-20
9,0,5.424397350922374e-13,0.02,0.0003688638098537922,3.358696760789958e-20
9,0,5.322799210930347e-13,0.02,0.0003688638098537922,3.3480794452634423e-20
9,0,5.40898815469444e-13,0.02,0.0003688638098537922,3.165595647316002e-20
9,0,5.479506882508034e-13,0.02,0.00040546595118939877,2.668751389531873e-20
9,0,5.593876523347443e-13,0.02,0.00040546595118939877,2.3891341310095458e-20
9,0,5.849090068793059e-13,0.02,0.00040546595118939877,2.1013699512471383e-20
9,0,6.341978411950055e-13,0.02,0.00040546595118939877,1.8366970352720314e-20
9,0,7.154346607616186e-13,0.02,0.00040546595118939877,1.6208668726461933e-20
9,0,8.243933996280164e-13,0.02,0.00040546595118939877,1.421743981248079e-20
9,0,9.566031452584882e-13,0.02,0.00040546595118939877,1.2661809540507615e-20
9,0,1.1224734834405703e-12,0.02,0.0006957633886486292,1.1449162762504877e-20
9,0,1.3357377194218454e-12,0.02,0.0006957633886486292,1.0493685952268734e-20
9,0,1.597505325046339e-12,0.02,0.0006957633886486292,1.0010014707298226e-20
9,0,1.9495200232340267e-12,0.02,0.0010775334667414427,6.138472994529423e-21
9,0,2.4339950959795116e-12,0.02,0.0010775334667414427,1.1045173890565087e-20
9,0,3.1450402768686477e-12,0.02,0.0010775334667414427,1.194268101105646e-20
9,0,4.05210304332723e-12,0.02,0.0010775334667414427,1.2173306074419634e-20
9,0,5.115358847394693e-12,0.02,0.0011563876178115606,1.3617759717773988e-20
9,0,6.227304861901113e-12,0.02,0.0011563876178115606,1.5243604214379705e-20
9,0,7.234368679447345e-12,0.02,0.0019281015265733004,1.354910291913852e-20
9,0,8.18093087039064e-12,0.02,0.0019281015265733004,1.3496948535282198e-20
9,0,8.921666695870211e-12,0.02,0.0011563876178115606,1.5309747967228403e-20
9,0,9.179435410681719e-12,0.02,0.0011563876178115606,1.7022217014779175e-20
9,0,9.023542094765794e-12,0.02,0.0011563876178115606,2.0801629467340966e-20
9,0,8.645927613087232e-12,0.02,0.0011563876178115606,2.6903395110498e-20
9,0,7.832714971173858e-12,0.02,0.0011563876178115606,3.36505765045352e-20
9,0,6.507882933946534e-12,0.02,0.0009633321315050125,5.0075562654702553e-20
9,0,5.054629925007634e-12,0.02,0.0009633321315050125,7.224097222966051e-20
9,0,3.9437465499447066e-12,0.02,0.0005472800112329423,1.1380412906050496e-19
9,0,3.265575783084441e-12,0.02,0.0005472800112329423,1.9972714037323565e-19
9,0,2.899865853304616e-12,0.02,0.0005472800112329423,2.552853853749104e-19
9,0,2.1132126011077474e-12,0.02,0.0005472800112329423,2.4854357903926764e-19
9,0,1.6988900571136911e-12,0.02,0.00038636033423244953,2.0916938121613432e-19
9,0,1.4858643604654158e-12,0.02,0.0005973461666144431,1.5666062801551582e-19
9,0,1.3547173363878968e-12,0.02,0.0009513021796010435,1.222398720436856e-19
9,0,1.5792809297108999e-12,0.02,0.0009513021796010435,1.2789632694277926e-19
9,0,1.7388276023702097e-12,0.02,0.0007924579549580812,1.2919479370933438e-19
9,0,1.6795680470629167e-12,0.02,0.000784151314292103,1.1984994045886676e-19
9,0,1.305476996024028e-12,0.02,0.0007227120222523808,9.972590277576457e-20
9,0,1.0785155158022623e-12,0.02,0.000824951333925128,9.336486447818618e-20
9,0,7.732854365047781e-13,0.02,0.0007211616612039506,8.276909442168817e-20
9,0,5.502602672772794e-13,0.02,0.0005600007134489715,7.668040534079286e-20
9,0,4.451021578031508e-13,0.02,0.0003318997914902866,7.182906213400325e-20
9,0,4.4338828810271443e-13,0.02,0.0003318997914902866,6.330288504541584e-20
9,0,5.382266946664307e-13,0.02,0.0002402952959528193,6.022066791137548e-20
9,0,7.369214734792821e-13,0.02,0.0002402952959528193,6.274248956745677e-20
9,0,8.094297984246424e-13,0.02,0.0002578964631538838,5.528584408620336e-20
9,0,8.851402709593205e-13,0.02,0.00044258535490371287,5.1122660219095314e-20
9,0,9.020551566239444e-13,0.02,0.00044258535490371287,3.681356653292166e-20
9,0,8.477638888065105e-13,0.02,0.00044258535490371287,2.698356377525602e-20
9,0,7.497535606344309e-13,0.02,0.0006624507950618863,1.9255026288478416e-20
9,0,6.507354263572356e-13,0.02,0.000753530883230269,1.2729660161163271e-20
9,0,5.635539789162713e-13,0.02,0.000753530883230269,7.710068094662942e-21
9,0,4.712631782126984e-13,0.02,0.000753530883230269,4.380848690483136e-21
9,0,3.712433666351658e-13,0.02,0.000753530883230269,2.3563409029761148e-21
9,0,2.7534415344939237e-13,0.02,0.000753530883230269,1.3531998294255215e-21
9,0,1.9083138434291201e-13,0.02,0.000753530883230269,7.234568388441467e-22
9,0,1.2616855314895803e-13,0.02,0.000753530883230269,4.1049347817633133e-22
9,0,8.23434145681572e-14,0.02,0.000753530883230269,2.5171960786556657e-22
9,0,5.389087800104135e-14,0.02,0.000753530883230269,1.6715644512916255e-22
9,0,3.513801140400524e-14,0.02,0.000753530883230269,1.1723790764840317e-22
9,0,2.2085063179646628e-14,0.02,0.000753530883230269,9.0681902394322e-23
9,0,1.2950489441900243e-14,0.02,0.000753530883230269,8.114330556186437e-23
9,0,7.260046113972609e-15,0.02,0.0006624507950618863,8.25608381214486e-23
9,0,4.1917069703872236e-15,0.02,0.00044258535490371287,8.318203137443032e-23
9,0,2.54446938484007e-15,0.02,0.00044258535490371287,7.875907129458611e-23
9,0,1.6476224699941024e-15,0.02,0.00042805069824680686,8.159710884164544e-23
9,0,1.1496752683851574e-15,0.02,0.00042805069824680686,1.0071324699172964e-22
9,0,8.38889094065196e-16,0.02,0.00042805069824680686,1.2372166271349777e-22
9,0,6.261691427151853e-16,0.02,0.00024942532763816416,1.6018716826500976e-22
9,0,4.521931931403682e-16,0.02,0.0002741790085565299,2.0042366875719337e-22
9,0,3.1178640587047773e-16,0.02,0.00028133607702329755,2.4097353004447973e-22
9,0,2.293636685382543e-16,0.02,0.00028133607702329755,2.913890120302049e-22
9,0,2.0511544097043613e-16,0.02,0.00028133607702329755,3.4346981094128784e-22
9,0,2.2018984266301923e-16,0.02,0.00029397144680842757,3.100104712838431e-22
9,0,2.63223955927743e-16,0.02,0.00029397144680842757,2.7431687559442075e-22
9,0,3.138433420328797e-16,0.02,0.00029397144680842757,2.3633881445412524e-22
9,0,3.382470266046188e-16,0.02,0.00029397144680842757,1.907748901443817e-22
9,0,3.1567162293876617e-16,0.02,0.00029397144680842757,1.4235934094734733e-22
9,0,2.6816617331674297e-16,0.02,0.00030036194948479533,1.0333232830593582e-22
9,0,2.231928090501354e-16,0.02,0.00030036194948479533,7.656951527694192e-23
9,0,1.955633846279578e-16,0.02,0.000515446939971298,5.575126141799319e-23
9,0,1.8624048511367755e-16,0.02,0.000515446939971298,3.961750658340565e-23
9,0,1.939513081390629e-16,0.02,0.000515446939971298,3.025159771398814e-23
9,0,2.2362240592973956e-16,0.02,0.000771480321418494,2.4047754163893107e-23
9,0,2.8461446710072716e-16,0.02,0.0008775376481935382,2.08697128335181e-23
9,0,3.8439148996198173e-16,0.02,0.0008775376481935382,1.8461489306112067e-23
9,0,5.251296375089613e-16,0.02,0.0008775376481935382,1.7884278204040042e-23
9,0,7.033739358382884e-16,0.02,0.001287148566916585,1.8163628050075096e-23
9,0,9.508453452874366e-16,0.02,0.0011710480321198702,1.7337673327368782e-23
9,0,1.3550271700633134e-15,0.02,0.0011710480321198702,1.6556729430192568e-23
9,0,2.0219751625463734e-15,0.02,0.0011710480321198702,1.577583602011429e-23
9,0,3.0061178894633525e-15,0.02,0.0009154366562142968,1.6270035289129907e-23
9,0,4.237548110778691e-15,0.02,0.0009154366562142968,1.7086141872295442e-23
9,0,5.375265295362272e-15,0.02,0.0009154366562142968,1.7704668775417512e-23
9,0,6.035849339292574e-15,0.02,0.0009154366562142968,1.8006403338499117e-23
9,0,6.274557638772361e-15,0.02,0.0009154366562142968,1.818733963116423e-23
9,0,5.98920960217576e-15,0.02,0.0009154366562142968,2.0529156847568757e-23
9,0,5.173129915768484e-15,0.02,0.0009154366562142968,2.725040479906739e-23
9,0,4.629827856923675e-15,0.02,0.0009154366562142968,4.053813881423478e-23
9,0,4.47162694781932e-15,0.02,0.0010062208166345954,5.892955676157968e-23
9,0,4.142817776431594e-15,0.02,0.0014323319774121046,7.611985193919146e-23
9,0,3.768906370461117e-15,0.02,0.0014323319774121046,9.914805229246253e-23
9,0,4.0192353808939295e-15,0.02,0.0008397239726036787,1.17856702764233e-22
9,0,5.333781583255583e-15,0.02,0.0008397239726036787,9.478509612851306e-23
9,0,6.596137249079811e-15,0.02,0.0009108575759455562,8.287669802789909e-23
9,0,7.0230685745352215e-15,0.02,0.0008775376481935382,7.984112339928519e-23
9,0,6.624991782546465e-15,0.02,0.0008775376481935382,7.944495114179595e-23
9,0,5.744777104352197e-15,0.02,0.0008775376481935382,8.370181498032406e-23
9,0,5.0099167793278784e-15,0.02,0.0008775376481935382,9.43194473133792e-23
9,0,4.830111604955873e-15,0.02,0.0008775376481935382,1.1322111627143916e-22
9,0,5.2408319417733775e-15,0.02,0.0008775376481935382,1.4836608128938565e-22
9,0,8.364257765742767e-15,0.02,0.00035677451523952186,2.6602515230875546e-22
9,0,1.4719388836015207e-14,0.02,0.00035677451523952186,4.353607468025005e-22
9,0,2.8041911836558638e-14,0.02,0.00018123429617844522,6.035630069218199e-22
9,0,4.038850304687355e-14,0.02,0.00018123429617844522,5.684178778208051e-22
9,0,5.372223461173498e-14,0.02,0.00018123429617844522,5.654269211649905e-22
9,0,6.863802620678088e-14,0.02,0.0002438221563352272,5.952991777577632e-22
9,0,8.963898258182532e-14,0.02,0.0002438221563352272,6.620958297569459e-22
9,0,1.248013252910229e-13,0.02,0.0002469948958605528,7.615212329219096e-22
9,0,1.8517592222275575e-13,0.02,0.0002469948958605528,9.083878978897491e-22
9,0,2.882849070438296e-13,0.02,0.0002469948958605528,1.1121442326033498e-21
9,0,4.543363785205741e-13,0.02,0.0002469948958605528,1.3624662313803545e-21
9,0,6.929986815829606e-13,0.02,0.0004120762459933758,1.6011087468696657e-21
9,0,1.000140763097835e-12,0.02,0.0004120762459933758,1.7166580630405635e-21
9,0,1.3795353146546703e-12,0.02,0.0003532828122843057,1.6222950516725544e-21
9,0,1.8276150811367207e-12,0.02,0.00030631315894424915,1.3576826798252901e-21
9,0,1.9863915022026128e-12,0.02,0.00030631315894424915,1.2973298980838341e-21
9,0,2.35650874225512e-12,0.02,0.00027862165006808937,1.7766183580826795e-21
9,0,2.6359504005089634e-12,0.02,7.156429637689143e-05,2.2415082006732943e-21
9,0,3.0143420391661443e-12,0.02,6.119466706877574e-05,2.3988405381202944e-21
9,0,3.418648902330164e-12,0.02,6.08040536462795e-05,2.1967703715034982e-21
9,0,2.8742096179374818e-12,0.02,4.566085044643842e-05,1.479744427732909e-21
9,0,2.503320277622265e-12,0.02,4.566085044643842e-05,9.118737290795142e-22
9,0,2.3816912860774384e-12,0.02,4.566085044643842e-05,5.118388047015347e-22
9,0,2.452144187765052e-12,0.02,4.566085044643842e-05,3.1029915650983056e-22
9,0,2.328042382246365e-12,0.02,6.119309546193108e-05,2.2243858043315167e-22
9,0,1.8734885030996003e-12,0.02,7.29717721696943e-05,1.5405167320146488e-22
9,0,1.3216481949760522e-12,0.02,7.29717721696943e-05,1.0325194653513742e-22
9,0,8.66066780763217e-13,0.02,7.29717721696943e-05,7.011259410439931e-23
9,0,5.563514529918979e-13,0.02,7.29717721696943e-05,4.9462459126127667e-23
9,0,3.677205321607663e-13,0.02,7.29717721696943e-05,4.1344619716634806e-23
9,0,2.585171589669903e-13,0.02,7.29717721696943e-05,3.092130275719733e-23
9,0,1.9497874848062012e-13,0.02,4.8891903134062886e-05,2.9198411607532915e-23
9,0,1.583273336736038e-13,0.02,4.8891903134062886e-05,3.049537782180678e-23
9,0,1.3995917183958935e-13,0.02,4.8891903134062886e-05,3.502106021328524e-23
9,0,1.3217634427727991e-13,0.02,4.8891903134062886e-05,4.3486093084383974e-23
9,0,1.3451179862031043e-13,0.02,4.8891903134062886e-05,5.744205539514598e-23
9,0,1.4693604073981467e-13,0.02,4.8891903134062886e-05,7.931141276776014e-23
9,0,1.664129091504033e-13,0.02,4.8891903134062886e-05,1.1403427409254098e-22
9,0,1.8798815850559734e-13,0.02,4.8891903134062886e-05,1.7665141479811784e-22
9,0,2.216427723330956e-13,0.02,4.8891903134062886e-05,2.571900868751229e-22
9,0,2.835953595815027e-13,0.02,3.82106336473953e-05,3.035774052650744e-22
9,0,3.460770358946207e-13,0.02,3.82106336473953e-05,3.56468799777039e-22
9,0,3.6884141156794267e-13,0.02,3.82106336473953e-05,4.311463363024478e-22
9,0,4.112584065822612e-13,0.02,3.82106336473953e-05,4.3383553157391e-22
9,0,5.081971959573475e-13,0.02,3.948477387893945e-05,4.254865811627364e-22
9,0,6.71030549617091e-13,0.02,3.948477387893945e-05,4.2093077690645295e-22
9,0,9.184105714735994e-13,0.02,3.3111191442003474e-05,4.3087996637374725e-22
9,0,1.2869569877369609e-12,0.02,2.337626756343525e-05,4.249497013633047e-22
9,0,1.799011448297517e-12,0.02,2.2074644220992923e-05,4.418086560280619e-22
9,0,2.395653493419186e-12,0.02,2.2074644220992923e-05,5.007417405756097e-22
9,0,2.969587535760796e-12,0.02,2.2074644220992923e-05,5.476042687748664e-22
9,0,3.459209322367535e-12,0.02,2.2074644220992923e-05,6.159346683221904e-22
9,0,3.921348802690778e-12,0.02,1.978908221644815e-05,6.748866855314635e-22
9,0,4.593009644659112e-12,0.02,1.817484553612303e-05,6.9494586587297235e-22
9,0,5.5833409504356225e-12,0.02,1.817484553612303e-05,2.518012455029261e-22
9,0,6.467849079544277e-12,0.02,1.817484553612303e-05,8.897381658612678e-22
9,0,6.544932744143562e-12,0.02,1.817484553612303e-05,8.298588521242382e-22
9,0,5.744936120607091e-12,0.02,1.9246521333116107e-05,8.751858657269257e-22
9,0,4.474123343189224e-12,0.02,1.9246521333116107e-05,8.8144454930943e-22
9,0,3.363579504602458e-12,0.02,1.9246521333116107e-05,8.392759075793066e-22
9,0,2.6734539260179794e-12,0.02,1.9246521333116107e-05,7.731919314545624e-22
9,0,2.266527667322448e-12,0.02,1.9246521333116107e-05,6.937433641743769e-22
9,0,1.990500411848861e-12,0.02,1.86254401342012e-05,6.156504259608211e-22
9,0,1.8413047929345816e-12,0.0,2.2442947738454677e-05,4.385561257178505e-22
9,0,1.7881215673642929e-12,0.0,2.2442947738454677e-05,3.216486561254263e-22
9,0,1.7316079013601143e-12,0.0,2.1152385670575313e-05,2.2848796975116986e-22
9,0,1.6772388178941122e-12,0.0,2.1152385670575313e-05,1.7578760579601359e-22
9,0,1.6457662550933788e-12,0.0,2.1152385670575313e-05,1.3815531816769455e-22
9,0,1.6893851932767642e-12,0.0,2.1427715182653628e-05,1.0701665583211624e-22
9,0,1.823857474298307e-12,0.0,2.1427715182653628e-05,7.849063770575751e-23
9,0,1.9329636481857776e-12,0.0,1.600384530320298e-05,5.49206413718934e-23
9,0,1.5220547707693083e-12,0.0,1.600384530320298e-05,4.6910033402969045e-23
9,0,1.3948304199513525e-12,0.0,1.5798206732142717e-05,5.788573601179124e-23
9,0,1.5227226616957427e-12,0.0,1.5798206732142717e-05,7.332280360476742e-23
9,0,2.4075489964708727e-12,0.0,1.0442960046930239e-05,9.057127885186105e-23
9,0,4.563212623749184e-12,0.0,1.0442960046930239e-05,1.3835994237562164e-22
9,0,6.881199506892086e-12,0.0,1.3328677596291527e-05,2.0211816722515707e-22
9,0,1.0560713049942294e-11,0.0,1.377312310069101e-05,2.8013735641040553e-22
9,0,1.5375540091662634e-11,0.0,1.1827517482743133e-05,3.2916956764338204e-22
9,0,2.1217133736445518e-11,0.0,1.1827517482743133e-05,3.552335067083353e-22
9,0,2.895842853068189e-11,0.0,8.929735486162826e-06,3.816409347440835e-22
9,0,3.863001163026581e-11,0.0,8.929735486162826e-06,4.561566853641624e-22
9,0,5.209870845932866e-11,0.0,8.651591087982524e-06,6.744903113255825e-22
9,0,8.468756997110825e-11,0.0,8.651591087982524e-06,1.0298882292683404e-21
9,0,1.5071275065387559e-10,0.0,8.651591087982524e-06,1.7607159319753825e-21
9,0,2.3434529962633406e-10,0.0,9.420007700100541e-06,3.2761136414500135e-21
9,0,3.187864872037152e-10,0.0,1.0692991054384038e-05,4.82885181050513e-21
9,0,3.974902679509139e-10,0.0,1.0692991054384038e-05,6.3377762662310365e-21
9,0,4.496506097410715e-10,0.0,1.1068735148000997e-05,7.48992092165663e-21
9,0,4.5163960072296385e-10,0.0,1.1424589501984883e-05,8.294825818807546e-21
9,0,4.054818359176689e-10,0.0,1.0788445251819212e-05,9.037328662911859e-21
9,0,3.2690418918860166e-10,0.0,1.0388417649664916e-05,9.03746598781824e-21
9,0,2.4832762977478963e-10,0.0,1.0388417649664916e-05,1.2496644028841937e-20
9,0,2.1101665165778085e-10,0.0,1.0388417649664916e-05,2.4780786650788708e-20
9,0,1.9808691773451504e-10,0.0,9.85852148005506e-06,2.814830354797744e-20
9,0,2.4813455340360095e-10,0.0,1.4914083294570446e-05,2.355218594983878e-20
9,0,2.997008119853969e-10,0.02,2.0228568246238865e-05,1.8976909425727335e-20
9,0,2.876937369687517e-10,0.02,1.782040999387391e-05,1.4094374078143654e-20
9,0,2.2036171890464835e-10,0.02,3.452108285273425e-05,1.0452575722059702e-20
9,0,1.4239189070198564e-10,0.02,3.452108285273425e-05,8.113997189878778e-21
9,0,1.1152462789465825e-10,0.02,3.452108285273425e-05,8.78223068564448e-21
9,0,8.401831797277354e-11,0.02,5.8957539295079187e-05,8.80930792600852e-21
9,0,6.392535632981719e-11,0.02,7.543788524344563e-05,8.325258633648681e-21
9,0,5.1037704836158325e-11,0.02,7.927294063847512e-05,9.352915838059312e-21
9,0,4.400820134069635e-11,0.02,5.25306531926617e-05,1.0553944121188662e-20
9,0,4.3464382506861926e-11,0.02,5.554409290198237e-05,1.1546048715130851e-20
9,0,4.7462381843048594e-11,0.02,5.554409290198237e-05,1.2262232029236919e-20
9,0,5.1955006036037474e-11,0.02,5.554409290198237e-05,1.3514465538781429e-20
9,0,5.39238944501799e-11,0.02,5.554409290198237e-05,1.6661802143427603e-20
9,0,5.82552411814736e-11,0.02,3.2614345400361344e-05,1.8011995163248558e-20
9,0,6.97128426873759e-11,0.02,3.2614345400361344e-05,2.0683966256379566e-20
9,0,9.026624313716818e-11,0.02,3.2614345400361344e-05,2.3129532199741128e-20
9,0,1.2164779015141336e-10,0.02,3.028496212209575e-05,2.4497406205155405e-20
9,0,1.6697626806389907e-10,0.02,3.028496212209575e-05,2.8820109914689745e-20
9,0,2.225538845713387e-10,0.02,2.888561357394792e-05,2.804038232743341e-20
9,0,2.863294675303349e-10,0.02,2.888561357394792e-05,3.109274018006517e-20
9,0,3.4766872680320866e-10,0.02,2.888561357394792e-05,3.0918638048168366e-20
9,0,4.020707557468324e-10,0.02,2.888561357394792e-05,2.799474522207521e-20
9,0,4.420022905319636e-10,0.02,2.888561357394792e-05,2.4134543719295985e-20
9,0,4.549212666131458e-10,0.02,2.8701231713057496e-05,1.374772562475998e-20
9,0,4.705539106705039e-10,0.02,2.93242610496236e-05,8.981480239073892e-21
9,0,4.772193090433606e-10,0.02,8.225067176681478e-06,6.708853204872733e-21
9,0,4.5970393823525674e-10,0.02,2.93242610496236e-05,6.1254206660747046e-21
9,0,4.200121756975774e-10,0.02,3.0511657314491458e-05,6.4863896838132015e-21
9,0,3.64738434174709e-10,0.02,3.0707669793628156e-05,7.521817458441072e-21
9,0,2.9028688736910423e-10,0.02,3.0707669793628156e-05,7.185806838540516e-21
9,0,2.105599779856352e-10,0.02,3.0707669793628156e-05,5.509633167642992e-21
9,0,1.443783987348063e-10,0.02,2.783505988190882e-05,4.2271712150297844e-21
9,0,9.46687541203721e-11,0.02,2.783505988190882e-05,2.9814448865638107e-21
9,0,6.012724689599137e-11,0.02,2.783505988190882e-05,2.119765632198815e-21
9,0,3.7373369704670455e-11,0.02,2.783505988190882e-05,1.827073346222538e-21
9,0,2.2585527825910117e-11,0.02,2.783505988190882e-05,1.4637271939649099e-21
9,0,1.3440419081606706e-11,0.02,2.783505988190882e-05,1.1084255549179125e-21
9,0,8.190085742922365e-12,0.02,2.5504901714157313e-05,9.46666205801459e-22
9,0,5.288616628889781e-12,0.02,2.5504901714157313e-05,8.769002056243776e-22
9,0,3.6625700215987705e-12,0.02,2.783505988190882e-05,8.10109662564045e-22
9,0,2.718788906281581e-12,0.02,2.783505988190882e-05,6.937089824606837e-22
9,0,2.166239558465481e-12,0.02,2.783505988190882e-05,6.389918735132246e-22
9,0,1.8441504387816507e-12,0.02,2.783505988190882e-05,6.162566750328143e-22
9,0,1.6923737532831727e-12,0.02,2.783505988190882e-05,6.07851481994542e-22
9,0,1.6938063100347392e-12,0.02,2.783505988190882e-05,6.316823009872212e-22
9,0,1.8533099193529634e-12,0.02,2.783505988190882e-05,8.208010628580691e-22
9,0,2.1946533598470242e-12,0.02,2.9557910238509066e-05,1.1617130712002684e-21
9,0,2.7544310002114543e-12,0.02,2.9557910238509066e-05,1.4919476641745712e-21
9,0,3.6399272496341736e-12,0.02,2.9942648325231858e-05,1.9242460655647782e-21
9,0,5.125412359000965e-12,0.02,2.9942648325231858e-05,2.60284456253636e-21
9,0,7.636669039407012e-12,0.02,2.9942648325231858e-05,3.837945578319505e-21
9,0,1.2033301128914916e-11,0.02,3.176950849592686e-05,6.043373881273534e-21
9,0,2.0290876409755326e-11,0.02,3.176950849592686e-05,9.72861093252324e-21
9,0,3.589790985630003e-11,0.02,3.136130180791952e-05,1.472565667277653e-20
9,0,6.485873543097502e-11,0.02,3.136130180791952e-05,2.0005723390525832e-20
9,0,8.798133521668758e-11,0.02,3.136130180791952e-05,1.5396133411277642e-20
9,0,1.1271099716920982e-10,0.02,3.6149376683169976e-05,9.025269920544484e-21
9,0,1.2540570702858188e-10,0.02,0.00010964326065732166,4.0951300863703065e-21
9,0,1.1132121193349539e-10,0.02,8.25973620521836e-05,1.5422518978399985e-21
9,0,9.647423207794659e-11,0.02,9.213646990247071e-05,6.1079881779774155e-22
9,0,6.162965348970812e-11,0.02,6.510523235192522e-05,2.3367450932194455e-22
9,0,3.217107579451723e-11,0.02,6.79279983160086e-05,1.2598103607669765e-22
9,0,1.635364767735854e-11,0.02,6.35485484963283e-05,1.1979352668050612e-22
9,0,1.0341112881792515e-11,0.02,7.01065655448474e-05,2.3579309941255507e-22
9,0,8.05323878696611e-12,0.02,7.01065655448474e-05,5.982700405486001e-22
9,0,1.2555732945658305e-11,0.02,8.826225530356169e-05,1.698154137750916e-21
9,0,3.0588949580161503e-11,0.02,0.0001909505808725953,4.10612698409393e-21
9,0,4.1277795038008773e-11,0.02,7.90505509939976e-05,4.461497184619922e-21
9,0,4.681627428663533e-11,0.02,8.583498856751248e-05,4.67628626289668e-21
9,0,3.6659543020800833e-11,0.02,0.00015995676221791655,4.89368168711719e-21
9,0,3.400878904453995e-11,0.02,0.00015995676221791655,7.154352164837193e-21
9,0,2.3440575366697477e-11,0.0,0.0001978539803531021,8.82733868621633e-21
9,0,1.8181284835894938e-11,0.0,0.0001978539803531021,1.095529070037097e-20
9,0,1.2663035635831496e-11,0.0,0.0001978539803531021,1.1123694656446536e-20
9,0,8.292607531651539e-12,0.0,0.0001978539803531021,9.52393300632395e-21
9,0,5.229223399367183e-12,0.0,0.0001978539803531021,7.293789451395631e-21
9,0,3.1362340613041733e-12,0.0,0.0001978539803531021,4.989249724538691e-21
9,0,1.7626571061507097e-12,0.0,0.00017934814968612045,2.9035717691746602e-21
9,0,9.349698301564766e-13,0.0,0.00017934814968612045,2.008761265558145e-21
9,0,4.86752281665359e-13,0.0,0.00017934814968612045,1.1800702809833193e-21
9,0,2.65215936585114e-13,0.0,0.00017934814968612045,7.354525733132995e-22
9,0,1.5867951457808074e-13,0.0,0.00017934814968612045,4.611571294919518e-22
9,0,1.0060087031689747e-13,0.0,0.00022243162675295025,2.9149907390370134e-22
9,0,6.423709475467109e-14,0.0,0.00022243162675295025,1.9044549969568487e-22
9,0,4.167978633978457e-14,0.0,0.00016702822176739573,1.2278835822108717e-22
9,0,2.8393577057952315e-14,0.0,0.00016702822176739573,7.87626811220884e-23
9,0,2.0321554045388513e-14,0.0,0.00015301062376238406,5.2734726736187704e-23
9,0,1.5216428648242823e-14,0.0,0.0001371702237520367,3.222453252705865e-23
9,0,1.1973153546478416e-14,0.0,0.00012598204193636775,1.7965169578983215e-23
9,0,1.0041138344781309e-14,0.0,0.00012598204193636775,1.1827234568658491e-23
9,0,9.012537335830152e-15,0.0,0.00012598204193636775,9.46134605059205e-24
9,0,8.651334735041518e-15,0.0,0.00012598204193636775,7.9096235178643e-24
9,0,8.815325330818022e-15,0.0,0.00012598204193636775,6.961285703182904e-24
9,0,9.302001038970633e-15,0.0,0.00011508361785672605,6.349987921396279e-24
9,0,9.922886129426034e-15,0.0,7.065584213705733e-05,6.492717313838822e-24
9,0,1.045425112049988e-14,0.0,7.693100633332506e-05,7.379952329384515e-24
9,0,1.0706513210316913e-14,0.0,8.581559086451307e-05,7.099776545981694e-24
9,0,1.0782562893607251e-14,0.0,9.045402839547023e-05,5.958051846968082e-24
9,0,1.0848534302229616e-14,0.0,9.942303586285561e-05,4.897783347305781e-24
9,0,1.1025291802864089e-14,0.0,9.942303586285561e-05,4.755540287611307e-24
9,0,1.1366536321823632e-14,0.0,0.00011260930477874354,5.064699609532853e-24
9,0,1.2061602201892674e-14,0.0,9.403956937603652e-05,5.066322690845345e-24
9,0,1.3445407488432334e-14,0.0,9.403956937603652e-05,5.7765487577425686e-24
9,0,1.4280708149915438e-14,0.0,9.403956937603652e-05,8.187394064367102e-24
9,0,1.3565819743647094e-14,0.0,0.00011260930477874354,1.3125208947169229e-23
9,0,1.1995755724668326e-14,0.0,0.00014402139640878886,2.1834589117077454e-23
9,0,1.3807286994919271e-14,0.0,0.00013663643039762974,4.396999929630827e-23
9,0,1.2673973837497467e-14,0.0,0.00013663643039762974,5.814688683674285e-23
9,0,1.234544868554961e-14,0.0,0.00013663643039762974,6.260134455481071e-23
9,0,1.1429696722115704e-14,0.0,0.00013663643039762974,6.207887882183922e-23
9,0,9.611973077677883e-15,0.0,0.00023865113325882703,6.229522865826151e-23
9,0,7.888338334450795e-15,0.0,0.00023766177764628083,6.338881706483854e-23
9,0,6.382836776528628e-15,0.0,0.00011414447362767532,5.1061189880197536e-23
9,0,5.109328870779397e-15,0.0,0.00011414447362767532,3.7717724419798094e-23
9,0,3.963650710157202e-15,0.0,0.00011414447362767532,2.5602608474414584e-23
9,0,2.854258078325352e-15,0.0,0.00011414447362767532,1.5255448146767144e-23
9,0,1.9321298645497298e-15,0.02,0.00011414447362767532,9.803403238844028e-24
9,0,1.7450279657697707e-15,0.02,0.00011414447362767532,7.737015229775607e-24
9,0,1.6694182078618345e-15,0.02,0.00011414447362767532,6.4078528409465034e-24
9,0,1.7173857627091437e-15,0.02,8.15697931102477e-05,5.605511880577075e-24
9,0,1.915422379620524e-15,0.02,8.15697931102477e-05,5.059003244936252e-24
9,0,1.745493868272319e-15,0.02,8.90431329025887e-05,3.577707847243919e-24
9,0,1.6911046530783433e-15,0.02,8.90431329025887e-05,2.434894717396328e-24
9,0,1.7119229933595023e-15,0.02,8.90431329025887e-05,1.756252274561438e-24
9,0,1.814803963579703e-15,0.02,8.90431329025887e-05,1.3238897411462192e-24
9,0,1.9988469918469453e-15,0.02,8.90431329025887e-05,1.0334640907866356e-24
9,0,2.2622087803105615e-15,0.02,8.90431329025887e-05,8.27950935226976e-25
9,0,2.624674425552473e-15,0.02,8.90431329025887e-05,6.967790946030196e-25
9,0,3.2063813267284546e-15,0.02,8.15697931102477e-05,7.8668606500912405e-25
9,0,4.158435874577629e-15,0.02,8.754547889111564e-05,9.113297858195371e-25
9,0,5.660524737867437e-15,0.02,8.754547889111564e-05,8.954127421196665e-25
9,0,7.770999057761419e-15,0.02,8.754547889111564e-05,9.117575456453932e-25
9,0,1.000780643553229e-14,0.02,8.754547889111564e-05,9.855628788998053e-25
9,0,1.189029475307128e-14,0.02,8.15697931102477e-05,9.37747554244031e-25
9,0,1.3778704285062037e-14,0.02,8.15697931102477e-05,8.353554795062199e-25
9,0,1.557231602361184e-14,0.02,8.966651512309909e-05,7.794125209439534e-25
9,0,1.7205172126504194e-14,0.02,8.361332584172487e-05,7.655424726855182e-25
9,0,1.8709372078757177e-14,0.02,7.382230251096189e-05,6.703492467459145e-25
9,0,2.035766710233624e-14,0.02,7.382230251096189e-05,6.03672701580565e-25
9,0,2.1810705415428055e-14,0.02,6.0453858168330044e-05,5.159173985972574e-25
9,0,2.2723787256458084e-14,0.02,5.552275251829997e-05,5.130852400360942e-25
9,0,2.2019950264833262e-14,0.02,5.552275251829997e-05,5.825250663448198e-25
9,0,1.9494907841272878e-14,0.02,5.552275251829997e-05,7.159688756796193e-25
9,0,2.1826030382219484e-14,0.02,5.2286563004599884e-05,1.0745098055842558e-24
9,0,2.4817557851790675e-14,0.02,4.449220432434231e-05,1.581487339365483e-24
9,0,2.2451320400539496e-14,0.02,5.12274527864065e-05,1.523165866566362e-24
9,0,2.116144346052584e-14,0.02,7.1456961450167e-05,1.2451984992677076e-24
9,0,1.7860943589971694e-14,0.02,7.1456961450167e-05,8.752580362445617e-25
9,0,1.3924839607281819e-14,0.02,7.822425686754286e-05,6.236793481245211e-25
9,0,1.0638175407453442e-14,0.02,7.822425686754286e-05,3.9393223764505226e-25
9,0,8.19502865937206e-15,0.02,7.822425686754286e-05,2.2954208059982123e-25
9,0,6.5557170667577135e-15,0.02,5.180848893360235e-05,1.415592775270189e-25
9,0,5.086880052347297e-15,0.02,4.8705944209359586e-05,7.110665858657849e-26
9,0,3.645150187430298e-15,0.02,4.476381582207978e-05,3.5158344172854754e-26
9,0,2.475047750991297e-15,0.02,4.476381582207978e-05,1.8246517597365243e-26
9,0,1.683726398975878e-15,0.02,4.476381582207978e-05,1.0665941010088441e-26
9,0,1.6270125040752895e-15,0.02,4.753441680804826e-05,9.031303347557908e-27
9,0,1.8207841463048907e-15,0.02,4.753441680804826e-05,9.558008209492885e-27
9,0,2.4470052198057895e-15,0.02,5.175609840080142e-05,1.2370774196860022e-26
9,0,2.6696636460509814e-15,0.02,5.7733570429263636e-05,1.375581442008588e-26
9,0,2.944320750955787e-15,0.02,5.7733570429263636e-05,1.5690947228119377e-26
9,0,3.4666649039995596e-15,0.02,6.302320252871141e-05,1.5545753680727956e-26
9,0,4.26146428686831e-15,0.02,6.302320252871141e-05,1.5122625331202125e-26
9,0,5.2210170139180665e-15,0.02,5.649809827446006e-05,1.0531470270255391e-26
9,0,6.5302419699895624e-15,0.02,5.188963041291572e-05,8.007520589208453e-27
9,0,8.260324882390207e-15,0.02,5.188963041291572e-05,7.100929897602982e-27
9,0,1.0493678037826589e-14,0.02,4.476381582207978e-05,6.353976457599859e-27
9,0,1.4189165962063352e-14,0.02,4.476381582207978e-05,6.2351689208185214e-27
9,0,2.0329328039522545e-14,0.02,4.476381582207978e-05,6.539887245503537e-27
9,0,2.9296151240820053e-14,0.02,4.476381582207978e-05,7.300113424311399e-27
9,0,4.145018097949721e-14,0.02,4.476381582207978e-05,8.559053769614492e-27
9,0,5.697238287860867e-14,0.02,4.476381582207978e-05,1.033167429782466e-26
9,0,7.583625383984102e-14,0.02,4.476381582207978e-05,1.2194044702187228e-26
9,0,9.860853778180388e-14,0.02,4.476381582207978e-05,1.4059695350431076e-26
9,0,1.2676570313552327e-13,0.02,4.476381582207978e-05,1.2911305695051744e-26
9,0,1.6175123202194002e-13,0.02,4.476381582207978e-05,1.2166259696065542e-26
9,0,2.0351973069246908e-13,0.02,4.476381582207978e-05,1.0741929731602206e-26
9,0,2.4808312236787386e-13,0.02,4.476381582207978e-05,1.228073312010003e-26
9,0,2.9883029988557384e-13,0.02,4.476381582207978e-05,1.5344957765470098e-26
9,0,3.6803879528224235e-13,0.02,4.476381582207978e-05,2.0820697072105756e-26
9,0,4.763532465967901e-13,0.02,4.476381582207978e-05,3.051453264648452e-26
9,0,6.373285122706848e-13,0.02,4.476381582207978e-05,4.707901544538786e-26
9,0,8.571961692949992e-13,0.02,4.476381582207978e-05,7.411600270262527e-26
9,0,1.1354459101227383e-12,0.02,4.476381582207978e-05,1.1701209552403036e-25
9,0,1.470744519286872e-12,0.02,4.476381582207978e-05,1.80760302727538e-25
9,0,1.8810858244703484e-12,0.02,4.476381582207978e-05,2.6310907354120353e-25
9,0,2.378549298500182e-12,0.02,4.476381582207978e-05,3.5107561868378733e-25
9,0,3.0008835032370126e-12,0.02,4.476381582207978e-05,5.053946350710946e-25
9,0,3.786849146062801e-12,0.02,4.32194719905965e-05,7.319054436868942e-25
9,0,4.702160666614559e-12,0.02,4.717936099041253e-05,9.425747913383047e-25
9,0,5.741610095993387e-12,0.02,4.717936099041253e-05,9.471090652139019e-25
9,0,6.848400953519311e-12,0.02,4.717936099041253e-05,1.1099386335214762e-24
9,0,7.763120913988813e-12,0.02,2.618160033307504e-05,1.2243279021211147e-24
9,0,8.973442409114053e-12,0.02,4.717936099041253e-05,1.4175981336469706e-24
9,0,1.1504865680514714e-11,0.02,4.717936099041253e-05,1.5708211510659897e-24
9,0,1.5031457749854185e-11,0.02,4.717936099041253e-05,1.424080499528011e-24
9,0,1.832541528160332e-11,0.02,4.717936099041253e-05,1.93716135152532e-24
9,0,2.1773524566446306e-11,0.02,4.717936099041253e-05,2.002813117070981e-24
9,0,2.56230768660625e-11,0.02,4.717936099041253e-05,2.0678243275616023e-24
9,0,2.998419230859526e-11,0.02,4.717936099041253e-05,2.1647564001515393e-24
9,0,3.481876899021512e-11,0.02,4.717936099041253e-05,2.3219748008402766e-24
9,0,3.9800244431569917e-11,0.02,4.717936099041253e-05,2.547341711839699e-24
9,0,4.4151708992391924e-11,0.02,4.717936099041253e-05,2.873563109065044e-24
9,0,4.617244771928666e-11,0.02,4.717936099041253e-05,3.021998135219824e-24
9,0,4.599310538559034e-11,0.02,4.717936099041253e-05,3.4779666409704896e-24
9,0,4.400372307291317e-11,0.02,4.717936099041253e-05,3.674656091482413e-24
9,0,4.127430943290482e-11,0.02,4.717936099041253e-05,4.649721696924055e-24
9,0,3.689881322100916e-11,0.02,4.717936099041253e-05,5.648549764983218e-24
9,0,3.1991788729155214e-11,0.02,4.717936099041253e-05,6.483386667051868e-24
9,0,2.6629982319308588e-11,0.02,5.133420927450061e-05,6.722241127378307e-24
9,0,2.1579271575736952e-11,0.02,2.775869143079035e-05,6.047885354702388e-24
9,0,1.7742109098152096e-11,0.02,2.6464836992090568e-05,4.636367070659569e-24
9,0,1.5339909789410455e-11,0.02,3.1830830266699195e-05,3.0744510745297796e-24
9,0,1.3755535850933933e-11,0.02,2.6464836992090568e-05,1.8257258739776684e-24
9,0,1.275579477010615e-11,0.02,5.510792834684253e-05,1.036955096115078e-24
9,0,1.2432337966075244e-11,0.02,5.1807797717629e-05,7.100882627578427e-25
9,0,1.280237470891554e-11,0.02,4.994243136025034e-05,4.765579725921602e-25
9,0,1.420043109790902e-11,0.02,8.999476267490536e-05,3.740917695811616e-25
9,0,1.674100937383738e-11,0.02,8.999476267490536e-05,3.526097312773126e-25
9,0,2.006836992004184e-11,0.02,8.999476267490536e-05,4.093185505190322e-25
9,0,2.3370573949715433e-11,0.02,9.556461736792699e-05,6.045991201061339e-25
9,0,2.5237844888340603e-11,0.02,0.00010366474452894181,1.0323845346378407e-24
9,0,3.446783312008353e-11,0.02,5.431882891571149e-05,3.393760078073125e-24
9,0,4.710186999661838e-11,0.02,6.862870941404253e-05,1.2917286511797411e-23
9,0,6.960055824515414e-11,0.02,5.4938234825385734e-05,3.245485782327784e-23
9,0,1.1583444529629429e-10,0.02,6.603167275898159e-05,8.091086296297557e-23
9,0,1.5213374986367697e-10,0.02,7.208153692772612e-05,1.432434583845956e-22
9,0,2.050143471828318e-10,0.02,7.208153692772612e-05,2.188329938470868e-22
9,0,2.718790018784983e-10,0.02,7.208153692772612e-05,2.8831629151928595e-22
9,0,3.5186455667652955e-10,0.02,7.208153692772612e-05,3.313541191274435e-22
9,0,4.597267603881519e-10,0.02,7.208153692772612e-05,3.3065209603066923e-22
9,0,5.910234230568523e-10,0.02,2.7398304155212827e-05,1.875215267970544e-22
9,0,7.557155184231656e-10,0.02,2.0935744032613002e-05,9.797948423456606e-23
9,0,9.39145594110067e-10,0.02,2.0935744032613002e-05,6.112016669739326e-23
9,0,1.090920506223261e-09,0.02,1.9715449525392614e-05,3.5813287976849737e-23
9,0,1.1862941107570842e-09,0.02,2.1750121959485114e-05,2.2409155957395178e-23
9,0,1.215672218286482e-09,0.02,2.1750121959485114e-05,1.478964155945224e-23
9,0,1.2126965884865398e-09,0.02,2.1750121959485114e-05,1.0375847254465802e-23
9,0,1.1732835719887902e-09,0.02,1.9894743672921322e-05,7.777140639719673e-24
9,0,1.0765625616778257e-09,0.02,1.9894743672921322e-05,5.308528232297163e-24
9,0,9.236629500508706e-10,0.02,1.9894743672921322e-05,3.3679276444403055e-24
9,0,7.3834020625853e-10,0.02,1.9894743672921322e-05,2.3556272126265523e-24
9,0,5.511933935168881e-10,0.02,1.9894743672921322e-05,7.550612131037313e-24
9,0,3.926498117843134e-10,0.02,1.8033631931757554e-05,1.781950404625144e-24
9,0,2.737509067388936e-10,0.02,1.8033631931757554e-05,1.5023340222117382e-24
9,0,1.905120687756033e-10,0.02,1.8033631931757554e-05,1.279370080137232e-24
9,0,1.3470728344903937e-10,0.02,1.8033631931757554e-05,1.1005366934302127e-24
9,0,9.693988289081152e-11,0.02,1.8033631931757554e-05,9.549743042617948e-25
9,0,6.985078995366802e-11,0.02,1.8033631931757554e-05,8.325559107612036e-25
9,0,4.965231799889238e-11,0.02,1.8033631931757554e-05,7.21133005684229e-25
9,0,3.542048785268534e-11,0.02,1.8033631931757554e-05,6.071345190555142e-25
9,0,2.629461109680511e-11,0.02,1.6519981727469712e-05,4.864524577111211e-25
9,0,2.046179599645343e-11,0.02,1.6519981727469712e-05,3.704916302768625e-25
9,0,1.5977834586857444e-11,0.02,1.711029835860245e-05,2.767687178050744e-25
9,0,1.236252111891991e-11,0.02,1.711029835860245e-05,2.49957628263618e-25
9,0,9.514345676173849e-12,0.02,1.711029835860245e-05,1.9823728188962828e-25
9,0,7.6493058418919e-12,0.02,1.711029835860245e-05,1.6491029987865948e-25
9,0,5.983446477602098e-12,0.02,1.711029835860245e-05,2.876787578015135e-24
9,0,5.423610650155598e-12,0.02,3.440008367761038e-05,1.2849254851508312e-25
9,0,4.841585512723625e-12,0.02,3.440008367761038e-05,1.4384776301306504e-25
9,0,4.626197698865642e-12,0.02,3.440008367761038e-05,1.8497351021471027e-25
9,0,4.845378325875318e-12,0.02,3.440008367761038e-05,2.6712403042213244e-25
9,0,5.451375694052955e-12,0.02,3.440008367761038e-05,4.061270165117343e-25
9,0,6.2367401228846944e-12,0.02,3.440008367761038e-05,1.0140010187101834e-24
9,0,7.080354163269504e-12,0.02,3.760821346077137e-05,1.149531069316453e-24
9,0,8.058122923167803e-12,0.02,3.760821346077137e-05,1.7343087279761314e-24
9,0,9.27457262697838e-12,0.02,3.760821346077137e-05,2.4636059016875255e-24
9,0,1.077520273344113e-11,0.02,3.760821346077137e-05,4.793880899757311e-24
9,0,1.2823365227269905e-11,0.02,4.105400512344204e-05,3.264656088400786e-24
9,0,1.5669218305633692e-11,0.02,4.105400512344204e-05,4.452020926731639e-24
9,0,1.911087728602568e-11,0.02,4.105400512344204e-05,5.119593678914015e-24
9,0,2.3141223663535496e-11,0.02,4.105400512344204e-05,5.098584340855716e-24
9,0,2.8143939054742815e-11,0.02,4.105400512344204e-05,5.323088238024827e-24
9,0,3.417986853894882e-11,0.02,1.9715449525392614e-05,5.914460576636927e-24
9,0,4.0541697754363277e-11,0.02,1.9715449525392614e-05,5.691223195651148e-24
9,0,4.718894911065839e-11,0.02,1.9715449525392614e-05,5.560616623169589e-24
9,0,5.32653480446306e-11,0.02,1.9715449525392614e-05,5.461370821544639e-24
9,0,5.766933201620678e-11,0.02,1.9715449525392614e-05,5.343269666563096e-24
9,0,5.934736452142688e-11,0.02,1.9715449525392614e-05,5.203390428571117e-24
9,0,5.6897134915884804e-11,0.02,1.9715449525392614e-05,4.986977483276405e-24
9,0,5.1264729669332705e-11,0.02,1.9715449525392614e-05,4.282805923826753e-24
9,0,4.3655036369151635e-11,0.02,1.9715449525392614e-05,4.7711490839124626e-24
9,0,3.575323493773416e-11,0.02,1.9715449525392614e-05,4.1656470631964966e-24
9,0,2.8553290362814545e-11,0.02,1.9715449525392614e-05,3.5799470289233885e-24
9,0,2.2435168881278022e-11,0.02,1.9715449525392614e-05,3.0050190875262997e-24
9,0,1.69757851819369e-11,0.02,4.105400512344204e-05,2.504531611019939e-24
9,0,1.267667802163221e-11,0.02,1.166835045296466e-05,2.020478079321595e-24
9,0,9.84812001952079e-12,0.02,1.0688963811844587e-05,1.4941554081692462e-24
9,0,7.558531840363866e-12,0.02,1.0688963811844587e-05,1.0225310702859513e-24
9,0,5.5466047537268785e-12,0.02,1.0688963811844587e-05,8.147230197453906e-25
9,0,3.982789318456834e-12,0.02,1.1350567547196988e-05,7.254233736286932e-25
9,0,2.9226295233624964e-12,0.02,1.1964128134422936e-05,5.414157003329096e-25
9,0,2.2852192067665537e-12,0.02,1.4318537978397217e-05,6.018699571969087e-25
9,0,1.8814044573968948e-12,0.02,1.8090837329509668e-05,6.673029124489839e-25
9,0,1.5653136465760775e-12,0.02,1.652568425924983e-05,5.701368932968422e-25
9,0,1.3014732930470065e-12,0.02,1.652568425924983e-05,5.52005763555049e-25
9,0,1.1104207229691505e-12,0.02,2.6145247829845175e-05,7.188149872180436e-25
9,0,1.0325832200008848e-12,0.02,2.8904820283059962e-05,1.4650880531793412e-24
9,0,1.0731536844006969e-12,0.02,4.143180922255851e-05,3.561653344531313e-24
9,0,1.1894225636958268e-12,0.02,9.412111830897629e-05,7.764808377188353e-24
9,0,1.4170026555269672e-12,0.02,0.00011804373207269236,1.6957574899684332e-23
9,0,1.6896492345285563e-12,0.02,0.00012885664182249457,4.1782216637979006e-23
9,0,1.8173928308313772e-12,0.02,0.00012958794832229614,1.0397922580265326e-22
9,0,2.062648783529734e-12,0.02,0.0001418597239535302,2.4674546751580083e-22
9,0,2.6293081147864362e-12,0.04,0.00012906297342851758,4.838677407556681e-22
9,0,3.4110078094277458e-12,0.04,0.00012244493700563908,7.319903195982697e-22
9,0,4.483705451276977e-12,0.04,0.00012244493700563908,1.0325750516461997e-21
9,0,5.949060504657907e-12,0.04,5.6747070630081e-05,1.155939770577303e-21
9,0,7.854711760721702e-12,0.04,4.7583987907273695e-05,9.45262462530498e-22
9,0,1.0681488042257467e-11,0.08,3.444811227382161e-05,6.990244660795822e-22
9,0,1.4624428268075766e-11,0.08,2.37687818298582e-05,5.8071335419039295e-22
9,0,1.909542603822169e-11,0.08,8.733203139854595e-05,5.060493986943284e-22
9,0,2.31470918464537e-11,0.08,8.733203139854595e-05,4.449172476220631e-22
9,0,2.630181870584871e-11,0.08,6.912255776114762e-05,2.9100909661825046e-22
9,0,2.9918699313783246e-11,0.08,3.319529059808701e-05,2.681647955192045e-22
9,0,3.459265968437589e-11,0.08,3.319529059808701e-05,2.437601149278569e-22
9,0,4.4028285613174274e-11,0.08,0.0005307287792675197,2.1376944084687968e-22
9,0,5.815704314844235e-11,0.08,0.0005307287792675197,1.880401428888084e-22
9,0,6.745430010530558e-11,0.08,0.0005307287792675197,1.8302462836228563e-22
9,0,6.753995547901282e-11,0.08,0.002120763063430786,1.9688329887988492e-22
9,0,6.640751433123224e-11,0.08,0.002120763063430786,2.0842830978223063e-22
9,0,6.285644485143993e-11,0.08,0.002120763063430786,1.8056966798168888e-22
9,0,5.7073832202366504e-11,0.1,0.002120763063430786,1.8878476447446462e-22
9,0,4.9196061347807756e-11,0.1,0.0019401984754949808,1.9941623658324096e-22
9,0,4.0243699426150014e-11,0.1,0.0017977956449612975,1.6696908750872894e-22
9,0,3.2362569974755154e-11,0.1,0.0017977956449612975,1.4553083946537444e-22
9,0,2.6196559293293363e-11,0.1,0.0016931816935539246,1.0887745880067501e-22
9,0,2.0800885432525154e-11,0.1,0.0016931816935539246,8.123745768862431e-23
9,0,1.6524259352831035e-11,0.1,0.003224937478080392,7.614976554471744e-23
9,0,1.2635296479457886e-11,0.1,0.003224937478080392,6.603978729227737e-23
9,0,9.011377682955992e-12,0.1,0.003224937478080392,5.325325447552034e-23
9,0,6.265086224814542e-12,0.1,0.0033986708149313927,5.627926810996296e-23
9,0,4.8871159564620856e-12,0.1,0.003964675590395927,5.941577275823446e-23
9,0,4.100281894961835e-12,0.1,0.003964675590395927,5.55960135918457e-23
9,0,3.273936194677452e-12,0.12,0.002452070126309991,6.234324819928412e-23
9,0,2.724166071804134e-12,0.12,0.0015068120555952191,6.200432831085221e-23
9,0,2.515858102503937e-12,0.12,0.0015605726512148976,6.426582844305256e-23
9,0,2.4143643656966644e-12,0.12,0.0020880994852632284,7.373174909803399e-23
9,0,2.4408956217515867e-12,0.12,0.0020880994852632284,9.6228907222572e-23
9,0,2.9018688340925552e-12,0.12,0.008711553178727627,2.0230407334152507e-22
9,0,3.510672056202405e-12,0.12,0.005056115798652172,2.425163400267003e-22
9,0,4.111715178723775e-12,0.12,0.0046455818228423595,3.868192701614439e-22
9,0,5.0642652987706e-12,0.12,0.0046455818228423595,6.365880818063841e-22
9,0,6.7740610913620975e-12,0.12,0.004375981166958809,8.378236462072309e-22
9,0,9.264063314818836e-12,0.12,0.0044877175241708755,1.0408364574295555e-21
9,0,1.3110879446610446e-11,0.12,0.0044877175241708755,1.5573214887797737e-21
9,0,1.9277950058764716e-11,0.12,0.0072893123142421246,2.6024772184117912e-21
9,0,2.8495310915566514e-11,0.12,0.0061414181254804134,3.2008329355655855e-21
9,0,4.268955469595716e-11,0.12,0.0061414181254804134,3.705814380677313e-21
9,0,6.501691383086395e-11,0.12,0.005590444430708885,4.022086160872753e-21
9,0,9.930653171954996e-11,0.12,0.004862198140472174,4.264243689094435e-21
9,0,1.5391162962230694e-10,0.12,0.0035246408078819513,4.9600443520225305e-21
9,0,2.459948384447659e-10,0.12,0.0037419882137328386,6.321936242176786e-21
9,0,4.0805219028832325e-10,0.12,0.004083455540239811,8.41241148158652e-21
9,0,6.777438417255353e-10,0.12,0.004444535821676254,1.241993999069255e-20
9,0,1.113902446353405e-09,0.12,0.008357212878763676,2.1403647316630512e-20
9,0,1.7781268122071646e-09,0.12,0.008357212878763676,3.089812009156793e-20
9,0,2.754801228127574e-09,0.12,0.004563037306070328,3.851029168385265e-20
9,0,4.146322180412195e-09,0.12,0.004563037306070328,4.701490391537685e-20
9,0,6.0426438789384055e-09,0.12,0.004563037306070328,5.4153889423190026e-20
9,0,8.436016586054071e-09,0.12,0.004563037306070328,6.301689381097417e-20
9,0,1.1032368956123128e-08,0.12,0.004563037306070328,7.447105116110347e-20
9,0,1.3665234839315723e-08,0.12,0.004563037306070328,8.326565482081287e-20
9,0,1.6454450845030377e-08,0.12,0.004030823707580566,9.099495324913054e-20
9,0,1.8980692046349035e-08,0.12,0.004030823707580566,8.526918319964434e-20
9,0,2.1244086866580525e-08,0.12,0.004030823707580566,9.30179009853114e-20
9,0,2.2933038874461892e-08,0.12,0.004030823707580566,9.874922219218965e-20
9,0,2.3899309518386176e-08,0.12,0.004030823707580566,1.0347251396274694e-19
9,0,2.4131949960825703e-08,0.12,0.004030823707580566,1.0847797771976137e-19
9,0,2.381636809842468e-08,0.12,0.004030823707580566,1.1323252140783668e-19
9,0,2.314687280204203e-08,0.12,0.004030823707580566,1.1679171156259043e-19
9,0,2.22193799951429e-08,0.12,0.008357212878763676,1.1874409045276286e-19
9,0,2.1228130358179606e-08,0.12,0.008357212878763676,1.1665367579787064e-19
9,0,2.0372824506816135e-08,0.12,0.008357212878763676,1.1579886218297952e-19
9,0,1.997058371942585e-08,0.12,0.008357212878763676,1.21659307575947e-19
9,0,2.010636228656722e-08,0.12,0.008357212878763676,1.4145606607981376e-19
9,0,2.09155954189273e-08,0.12,0.008357212878763676,1.8711165375482457e-19
9,0,2.214492459757928e-08,0.12,0.004444535821676254,1.9260839817221015e-19
9,0,2.403862706837493e-08,0.12,0.004083455540239811,2.536236053736855e-19
9,0,2.7002903763118838e-08,0.1,0.004083455540239811,3.5557433965388214e-19
9,0,3.061640409265522e-08,0.1,0.003846351057291031,4.82668314327182e-19
9,0,3.577528283417667e-08,0.1,0.005305343773216009,7.099062540277096e-19
9,0,4.2692611633145894e-08,0.1,0.00578856049105525,9.429841405516499e-19
9,0,5.060331531527879e-08,0.1,0.00578856049105525,1.3624631456089287e-18
9,0,5.647508803254695e-08,0.1,0.00578856049105525,1.817212614997586e-18
9,0,5.867909259066221e-08,0.1,0.00036384942359291017,2.043240544558313e-18
9,0,5.836521759048852e-08,0.12,0.00040138515760190785,1.8928702761344422e-18
9,0,5.6704960737077514e-08,0.14,0.0002652037364896387,1.5340572141896853e-18
9,0,5.5617469519028546e-08,0.14,0.00024295217008329928,8.718815562529699e-19
9,0,5.5012394978920195e-08,0.14,0.00020357055473141372,4.1171888768879504e-19
9,0,5.488166561818335e-08,0.14,0.0003047355858143419,1.9973627813406495e-19
9,0,5.551986150314205e-08,0.12,0.0003665023541543633,8.957805102096402e-20
9,0,5.822564876445628e-08,0.12,0.0003665023541543633,4.00917543863032e-20
9,0,6.578439219276822e-08,0.12,0.0003665023541543633,1.9782911306542164e-20
9,0,7.725107028845424e-08,0.12,0.00017603604646865278,8.892399187891753e-21
9,0,7.23502658261547e-08,0.12,0.0001463637308916077,3.937767456664546e-21
9,0,4.8189214557259466e-08,0.12,0.00012646347749978304,1.5370599056626469e-21
9,0,3.582271921086764e-08,0.12,0.00017878453945741057,5.450366969223275e-22
9,0,2.6194706921822733e-08,0.1,0.00017878453945741057,2.3550095582035914e-22
9,0,2.0731324364875932e-08,0.08,0.00011813212768174708,1.3348701603543937e-22
9,0,1.806756777122462e-08,0.08,0.00014075149374548346,9.360186787955396e-23
9,0,1.7689456785654157e-08,0.06,3.843883678200655e-05,7.396330817270895e-23
9,0,1.9033963789384816e-08,0.06,3.8775568100390956e-05,7.56422376818472e-23
9,0,1.560281086374068e-08,0.06,4.5955715904710814e-05,5.90704536301394e-23
9,0,1.3034760881014085e-08,0.06,9.569227404426783e-05,4.2846866471108904e-23
9,0,1.0624417704683413e-08,0.06,9.569227404426783e-05,1.9345114494155468e-23
9,0,8.274180585548792e-09,0.08,8.674108539707959e-05,1.0387490052565959e-23
9,0,6.1156242772336504e-09,0.08,8.873264596331865e-05,5.645189217526976e-24
9,0,4.6639877775478415e-09,0.08,8.873264596331865e-05,3.612872899815956e-24
9,0,3.939017653419044e-09,0.08,0.00010957688937196508,2.873935845842761e-24
9,0,3.50575628999732e-09,0.08,0.00011961420386796817,2.5534711610732664e-24
9,0,3.1845890292196975e-09,0.08,0.00011961420386796817,2.6264689965835717e-24
9,0,2.9357061667477484e-09,0.08,0.00015559153689537197,2.980883296485384e-24
9,0,2.738666968364956e-09,0.08,0.00015559153689537197,3.3590616367265265e-24
9,0,2.605616100741087e-09,0.08,0.00015559153689537197,4.167300121223387e-24
9,0,2.533582544522606e-09,0.08,0.00015431863721460104,5.447264016407024e-24
9,0,2.5092130710494913e-09,0.08,0.00015431863721460104,6.5861886536375545e-24
9,0,2.5287498933220613e-09,0.08,0.00015431863721460104,7.760544583995634e-24
9,0,2.5958817781765866e-09,0.08,0.00017960622790269554,9.26667411184523e-24
9,0,2.7450329043068346e-09,0.08,0.00017960622790269554,1.1500534924509356e-23
9,0,3.019846119632437e-09,0.08,0.00017960622790269554,1.440961412924926e-23
9,0,3.473551040589316e-09,0.08,0.00017960622790269554,2.2199172228478018e-23
9,0,4.119106189224573e-09,0.08,0.00020387281256262213,3.3137039490564003e-23
9,0,5.015175093867341e-09,0.08,0.0003761760890483856,4.390714601482388e-23
9,0,6.238729366598372e-09,0.08,0.0003761760890483856,5.144400514483957e-23
9,0,7.81663098243858e-09,0.08,0.0003761760890483856,5.42255350075361e-23
9,0,9.783096634491747e-09,0.06,0.001184457098133862,5.596690443504441e-23
9,0,1.261833753435253e-08,0.04,0.001184457098133862,5.875940893065437e-23
9,0,1.6982624215859633e-08,0.06,0.001184457098133862,6.294520586795293e-23
9,0,2.3571259744250035e-08,0.08,0.000827428768388927,7.093148221111665e-23
9,0,3.3761662550592816e-08,0.06,0.0005368919228203595,9.300001749596826e-23
9,0,4.941662575908759e-08,0.06,0.0005037824739702046,1.0978498962959023e-22
9,0,7.397620165982767e-08,0.06,0.0004675276577472687,1.2092575033877725e-22
9,0,1.1036478761583733e-07,0.06,0.0003594471199903637,1.3249418725456441e-22
9,0,1.639102524486938e-07,0.06,0.00033943832386285067,1.326089696717177e-22
9,0,2.431677777869855e-07,0.04,0.00033943832386285067,1.2854814092358063e-22
9,0,3.5353056763148636e-07,0.04,0.00015953194815665483,1.3941108375461053e-22
9,0,5.036702642498433e-07,0.06,0.00012882542796432972,1.8037414407316442e-22
9,0,6.947882014731974e-07,0.06,0.00011962527059949934,2.227374640529218e-22
9,0,9.261919518490524e-07,0.06,0.00011962527059949934,2.899696682459823e-22
9,0,1.1873945206037923e-06,0.06,0.00011962527059949934,4.533014885146927e-22
9,0,1.4730086843790676e-06,0.06,0.00011733034625649452,7.007545074644916e-22
9,0,1.7886298612343218e-06,0.06,0.00011733034625649452,1.0752330143295007e-21
9,0,2.0662895598568924e-06,0.06,0.00011733034625649452,1.6679028745139517e-21
9,0,2.251247865344572e-06,0.06,0.00011733034625649452,2.6432283843803155e-21
9,0,2.3459532499263125e-06,0.06,0.00011733034625649452,4.221289670068848e-21
9,0,2.3495570608572753e-06,0.04,0.00011733034625649452,6.598797793724833e-21
9,0,2.2658116702828456e-06,0.04,0.00010468244727235287,1.0011580211230968e-20
9,0,2.111823192166812e-06,0.04,0.00010672989446902648,1.36352258302785e-20
9,0,1.8875985265008668e-06,0.04,0.00010672989446902648,1.5200518121105922e-20
9,0,1.611809403976402e-06,0.04,0.00010468244727235287,1.4491440159214714e-20
9,0,1.2890715989946358e-06,0.04,0.00017531777848489583,1.093466530722613e-20
9,0,9.147681977367394e-07,0.02,0.00020344539370853454,6.68948231513736e-21
9,0,5.65319249093689e-07,0.02,0.00028318565455265343,3.2401821757986745e-21
9,0,4.3137465348087465e-07,0.02,0.00013518030755221844,1.8982399594705085e-21
9,0,3.164329310610871e-07,0.02,6.95670023560524e-05,1.1231653641339819e-21
9,0,2.452774390463682e-07,0.0,5.644720295094885e-05,5.327684835856241e-22
9,0,2.2838558305974887e-07,0.0,0.000322746520396322,2.76120577655216e-22
9,0,1.9971810802628868e-07,0.0,0.0002781298535410315,1.6495586399150698e-22
9,0,2.4644092512063014e-07,0.02,0.0002781298535410315,1.457697570345733e-22
9,0,4.650296041769983e-07,0.02,0.0002781298535410315,2.325709118482021e-22
9,0,1.4257766585231093e-06,0.02,0.0001477613695897162,1.7609308050641903e-21
9,0,4.725244319643017e-06,0.02,1.8812952475855127e-05,1.1082362929241448e-19
9,0,1.719424124720737e-05,0.02,1.6746289475122467e-06,3.5834986148124256e-17
9,0,3.302125391251062e-05,0.02,1.3548107062888448e-06,2.867815966661356e-15
9,0,2.502698536054328e-05,0.02,1.3211780469646328e-06,3.731389858012933e-14
9,0,2.2727133331433616e-05,0.04,7.779426596243866e-07,1.01079728083691e-13
9,0,2.6647290120183486e-05,0.04,1.4471675058302935e-06,1.6436115977350868e-13
9,0,5.273213073613128e-05,0.04,2.886398988266592e-06,4.842761933653017e-13
9,0,7.460866400128199e-05,0.04,3.689135837703361e-06,2.0484599259906755e-12
9,0,0.00012808402536138117,0.04,4.271820216672495e-06,8.779840569850261e-12
9,0,0.000135576284704523,0.04,4.271820216672495e-06,9.452799654141586e-12
9,0,0.0001439402074710229,0.02,3.7821964724571444e-06,9.848554263780507e-12
9,0,0.00015241485018842427,0.02,3.6752751384483417e-06,1.0629791317995352e-11
9,0,0.0001628234575190302,0.02,3.1739605219627265e-06,1.1580882953998728e-11
9,0,0.00017607188452041468,0.02,2.6690531740314327e-06,1.2401862523048202e-11
9,0,0.00019175081564869341,0.02,2.6690531740314327e-06,1.325464824702971e-11
9,0,0.00021127882175031666,0.02,2.6690531740314327e-06,1.4011907953359604e-11
9,0,0.00023529771139368027,0.02,2.6690531740314327e-06,1.4490179021942051e-11
9,0,0.00026185553713157145,0.02,2.6690531740314327e-06,1.4507048340384188e-11
9,0,0.0002873547418582822,0.02,2.6690531740314327e-06,1.4570384829215577e-11
9,0,0.00031188144055911975,0.02,2.6690531740314327e-06,1.414007799738215e-11
9,0,0.0003343724401297145,0.02,2.6690531740314327e-06,1.29424691450164e-11
9,0,0.0003521050001926762,0.02,2.1467285478138365e-06,1.0572366766770092e-11
9,0,0.0003628973426353843,0.02,2.1467285478138365e-06,7.604509903724743e-12
9,0,0.00036527562865043973,0.02,2.1467285478138365e-06,4.961760603078291e-12
9,0,0.0003594316836319319,0.02,2.037358854067861e-06,3.2007862072608306e-12
9,0,0.00034998780955116505,0.02,2.037358854067861e-06,2.0148023874289045e-12
9,0,0.0003342436295310104,0.02,2.037358854067861e-06,1.26515768347768e-12
9,0,0.00030917816579422954,0.02,2.037358854067861e-06,8.043364693906263e-13
9,0,0.00027521542090148824,0.02,2.037358854067861e-06,5.103953284318896e-13
9,0,0.00023984336127207313,0.02,2.037358854067861e-06,3.3241660292449016e-13
9,0,0.0002060861485818512,0.02,2.037358854067861e-06,2.2332552202918715e-13
9,0,0.00017715680939356965,0.02,1.1201152574358275e-06,1.602331006593516e-13
9,0,0.0001519511698430105,0.02,1.0216961072728736e-06,1.2882780237553904e-13
9,0,0.0001270976380018966,0.02,1.0216961072728736e-06,1.1678448464357005e-13
9,0,0.00010308934511599882,0.02,1.0216961072728736e-06,1.2041007026088874e-13
9,0,8.424914174608817e-05,0.02,1.1975448614975903e-06,1.2972607742797043e-13
9,0,6.974540877787195e-05,0.02,1.1975448614975903e-06,1.3973647542894763e-13
9,0,5.757120152617138e-05,0.02,1.1975448614975903e-06,1.5306621259109782e-13
9,0,4.834316507248525e-05,0.02,1.3549411050917115e-06,1.6770586926551784e-13
9,0,4.253157451463945e-05,0.02,1.484563654230442e-06,1.8073692228167543e-13
9,0,3.8548596541769925e-05,0.02,1.484563654230442e-06,4.774652895278564e-13
9,0,3.5239386641569814e-05,0.02,1.484563654230442e-06,1.7070104552964482e-13
9,0,3.1998596539126e-05,0.02,1.484563654230442e-06,1.4804620745469121e-13
9,0,2.7198113966384008e-05,0.02,1.484563654230442e-06,1.2390926500994992e-13
9,0,2.320351125647778e-05,0.02,1.1663884151857928e-06,1.0324532027927713e-13
9,0,2.2292299612868606e-05,0.02,1.1663884151857928e-06,8.76199950810598e-14
9,0,2.3153168136282495e-05,0.02,1.1663884151857928e-06,7.167531135667329e-14
9,0,2.3511889196396672e-05,0.02,1.1001727671100525e-06,6.07163245461978e-14
9,0,2.3100063469393003e-05,0.02,9.228011208506359e-07,5.571760704182159e-14
9,0,2.3925960873899604e-05,0.02,7.181200203376648e-07,4.6795768350810577e-14
9,0,2.5571654703750892e-05,0.02,7.181200203376648e-07,3.277874865525825e-14
9,0,2.6585243631955858e-05,0.02,7.181200203376648e-07,2.2864756556205748e-14
9,0,2.6272053760088976e-05,0.02,9.140136967289436e-07,1.760245256303937e-14
9,0,2.580015710608582e-05,0.02,9.140136967289436e-07,1.3772962398394054e-14
9,0,2.59930651156518e-05,0.02,9.696111646917416e-07,1.1488002931749064e-14
9,0,2.7027170750699882e-05,0.02,1.0630129736455274e-06,1.1406736896723592e-14
9,0,2.9125844055701034e-05,0.02,9.526571034257358e-07,1.0284785853910752e-14
9,0,3.2218036398501816e-05,0.02,9.526571034257358e-07,9.596757084482082e-15
9,0,3.558587756407314e-05,0.02,9.526571034257358e-07,8.580386157445649e-15
9,0,3.8511746923070626e-05,0.02,9.526571034257358e-07,7.175200849598128e-15
9,0,4.084260635852958e-05,0.02,9.116988621826749e-07,5.701440601373845e-15
9,0,4.261290273455825e-05,0.02,9.116988621826749e-07,4.397319876660918e-15
9,0,4.380400568212969e-05,0.02,9.116988621826749e-07,3.3554909508782833e-15
9,0,4.4806376494899226e-05,0.02,9.116988621826749e-07,2.5137983345981845e-15
9,0,4.571887957214388e-05,0.02,1.0173101827604114e-06,1.8043328553404023e-15
9,0,4.477703983327532e-05,0.02,1.0173101827604114e-06,1.3349920051459129e-15
9,0,4.1357754827176875e-05,0.02,1.0173101827604114e-06,1.1039937325728116e-15
9,0,3.8667517997859844e-05,0.02,1.0173101827604114e-06,8.704340323672133e-16
9,0,3.810853310852338e-05,0.02,1.0173101827604114e-06,8.530481517292268e-16
9,0,3.668712834878458e-05,0.02,1.0173101827604114e-06,9.277640809735813e-16
9,0,3.3777542668627386e-05,0.02,1.0173101827604114e-06,1.0498996674623102e-15
9,0,2.995285534117509e-05,0.02,1.1924041700694943e-06,4.2483588626117635e-16
9,0,2.7481663340653192e-05,0.02,1.1924041700694943e-06,1.857189617073202e-15
9,0,2.5450685145896993e-05,0.02,1.1924041700694943e-06,2.792847198082246e-15
9,0,2.3879343202234308e-05,0.02,1.1924041700694943e-06,4.027195277830995e-15
9,0,2.2391888982606017e-05,0.02,1.1924041700694943e-06,5.894531079062883e-15
9,0,2.090036971179238e-05,0.02,1.1924041700694943e-06,8.708229687207688e-15
9,0,1.9552961387912634e-05,0.02,1.1924041700694943e-06,1.2658853186606894e-14
9,0,1.8442870021877242e-05,0.02,1.4215960391084081e-06,1.760453457002372e-14
9,0,1.7557449023944012e-05,0.02,1.4215960391084081e-06,2.3000044658541205e-14
9,0,1.6939752997096003e-05,0.02,1.4215960391084081e-06,2.8011388036029185e-14
9,0,1.66474077600239e-05,0.02,1.4215960391084081e-06,3.219236468653304e-14
9,0,1.6632856750874786e-05,0.02,1.4854614391879295e-06,3.5709906169231753e-14
9,0,1.692174106256009e-05,0.02,1.2459730669434066e-06,3.86177296195743e-14
9,0,1.7644169777173e-05,0.02,1.2459730669434066e-06,4.0698611744171415e-14
9,0,1.8932525015695575e-05,0.02,1.2459730669434066e-06,4.170183756689941e-14
9,0,2.0857566803689782e-05,0.02,1.2459730669434066e-06,4.156778952079873e-14
9,0,2.352847394645e-05,0.02,1.0630129736455274e-06,4.0239035383913754e-14
9,0,2.7109522898109378e-05,0.02,9.526571034257358e-07,3.83137701523862e-14
9,0,3.195943550242971e-05,0.02,8.980317716122954e-07,3.71196807015875e-14
9,0,3.8484307554390754e-05,0.02,8.980317716122954e-07,3.775986481499051e-14
9,0,4.6256489915564814e-05,0.02,6.299786718955147e-07,3.77775135934795e-14
9,0,5.3376593948637464e-05,0.02,6.299786718955147e-07,3.9191841774959685e-14
9,0,5.9494607325152235e-05,0.02,6.299786718955147e-07,4.4638785398100345e-14
9,0,6.93388426435566e-05,0.02,6.299786718955147e-07,4.709061374348622e-14
9,0,8.599021752970677e-05,0.02,6.299786718955147e-07,4.271634586848483e-14
9,0,0.00010070567660170108,0.02,6.299786718955147e-07,3.878929106084297e-14
9,0,0.00011187558383051872,0.04,6.299786718955147e-07,3.3693256247090825e-14
9,0,0.00012151245215465984,0.04,8.070329613474314e-07,2.6917026550374312e-14
9,0,0.0001284275926632537,0.04,8.070329613474314e-07,2.0884224118935743e-14
9,0,0.00013461543754696292,0.04,8.070329613474314e-07,1.5479184909761648e-14
9,0,0.00014186823661678716,0.04,8.561237905269081e-07,1.0809574433744574e-14
9,0,0.00013705537683041629,0.04,8.561237905269081e-07,8.274876619964074e-15
9,0,0.0001206022892033005,0.04,8.561237905269081e-07,7.265652956936573e-15
9,0,0.0001065230253717417,0.04,8.561237905269081e-07,6.903535360557045e-15
9,0,9.787557664494258e-05,0.04,8.506019639753504e-07,2.92605397105971e-14
9,0,8.991912495357618e-05,0.04,9.526571034257358e-07,9.186819396032365e-15
9,0,8.254129591747268e-05,0.02,9.526571034257358e-07,1.1028031007105036e-14
9,0,7.539470027319623e-05,0.02,9.526571034257358e-07,1.3834043638286456e-14
9,0,6.73124151837142e-05,0.02,9.526571034257358e-07,1.8259267321328772e-14
9,0,5.9688613530955974e-05,0.02,9.526571034257358e-07,2.6044526710527864e-14
9,0,5.384259163433434e-05,0.02,1.0630129736455274e-06,3.726020346753699e-14
9,0,4.901472795619999e-05,0.02,1.0630129736455274e-06,5.3542948205568056e-14
9,0,4.3961692101664494e-05,0.02,1.2459730669434066e-06,7.826122291453713e-14
9,0,3.917441483928997e-05,0.02,1.2459730669434066e-06,9.581232156405037e-14
9,0,3.4239517327661797e-05,0.02,1.2459730669434066e-06,1.6526083073623715e-13
9,0,2.9505309700147624e-05,0.02,1.2459730669434066e-06,2.5616607359640886e-13
9,0,2.577029971036393e-05,0.02,1.116623366215208e-06,3.724699856270247e-13
9,0,2.3445881957717124e-05,0.02,1.3250607935333392e-06,5.212617447056256e-13
9,0,2.1807396074431407e-05,0.02,1.331249450231553e-06,6.974375504203989e-13
9,0,2.055465032234874e-05,0.02,1.369978349430312e-06,8.807259934372202e-13
9,0,2.0027960063517438e-05,0.02,1.5473290204681689e-06,1.0285854199626465e-12
9,0,2.0166430776651244e-05,0.02,1.369978349430312e-06,1.1431752896737257e-12
9,0,2.068412920285099e-05,0.02,1.1886370430147508e-06,1.2275387954382988e-12
9,0,2.1708459115138908e-05,0.02,9.970030987460632e-07,1.2603839413122264e-12
9,0,2.3059616032319324e-05,0.02,9.970030987460632e-07,1.2534819102821837e-12
9,0,2.5005039060751018e-05,0.02,9.970030987460632e-07,1.194478110172481e-12
9,0,2.9406058170232085e-05,0.02,9.970030987460632e-07,1.0212838604320429e-12
9,0,3.558888503854688e-05,0.02,9.970030987460632e-07,8.248978757008363e-13
9,0,3.624965856439339e-05,0.02,9.970030987460632e-07,7.878439654135372e-13
9,0,3.4197979761612185e-05,0.02,9.970030987460632e-07,6.979778625730571e-13
9,0,3.452051350668593e-05,0.02,9.970030987460632e-07,9.367092605044869e-13
9,0,3.6638964062269865e-05,0.02,9.970030987460632e-07,1.1708364312801312e-12
9,0,3.856137441424724e-05,0.04,9.970030987460632e-07,1.557384863432043e-12
9,0,4.072533672768611e-05,0.04,9.970030987460632e-07,1.966508553219448e-12
9,0,4.214384064749677e-05,0.04,9.970030987460632e-07,2.364969765161762e-12
9,0,4.182583039797702e-05,0.04,9.970030987460632e-07,2.6722870877932126e-12
9,0,4.104333559883984e-05,0.04,9.813007864067913e-07,2.7344535056400554e-12
9,0,4.0578907907298485e-05,0.04,9.546815817884635e-07,2.44872308194366e-12
9,0,3.9881390198610774e-05,0.04,9.546815817884635e-07,1.9276858755079562e-12
9,0,3.854142296579216e-05,0.04,9.546815817884635e-07,1.3537068601493507e-12
9,0,3.700738164568543e-05,0.04,9.546815817884635e-07,8.597547587058108e-13
9,0,3.511091442594503e-05,0.04,9.546815817884635e-07,5.124428442346285e-13
9,0,3.276360405799612e-05,0.04,9.546815817884635e-07,2.9849736506333546e-13
9,0,3.079367767007107e-05,0.04,8.999402325571282e-07,1.7733279851061406e-13
9,0,2.928048626935764e-05,0.04,8.999402325571282e-07,1.1694207342934082e-13
9,0,2.7597550903631185e-05,0.04,7.070628385008604e-07,8.980723066251417e-14
9,0,2.5887545592071028e-05,0.06,7.070628385008604e-07,7.132835988521435e-14
9,0,2.488875361426953e-05,0.06,7.070628385008604e-07,7.25565847637874e-14
9,0,2.4461913272755698e-05,0.06,7.070628385008604e-07,8.298084306279305e-14
9,0,2.4368881336376683e-05,0.06,7.070628385008604e-07,1.0609605370897474e-13
9,0,2.435740797542063e-05,0.06,7.070628385008604e-07,1.4849444373785103e-13
9,0,2.408057364877192e-05,0.06,7.070628385008604e-07,2.1994035824361713e-13
9,0,2.280081136577698e-05,0.06,7.070628385008604e-07,3.4270316077132656e-13
9,0,2.0704078586572874e-05,0.06,7.070628385008604e-07,5.302678326817023e-13
9,0,1.8788927133663774e-05,0.06,7.070628385008604e-07,6.784455267548617e-13
9,0,1.7490891574405098e-05,0.08,8.205263952731912e-07,7.676144875984336e-13
9,0,1.701497143790612e-05,0.08,7.500268566218438e-07,7.522163230841428e-13
9,0,1.7581291240706658e-05,0.1,7.500268566218438e-07,6.566544725507273e-13
9,0,1.8456646587993644e-05,0.1,6.463121167143981e-07,5.902390663899137e-13
9,0,1.895185446903761e-05,0.1,6.463121167143981e-07,5.539581380414882e-13
9,0,1.9651741069100012e-05,0.1,6.463121167143981e-07,5.252318220107244e-13
9,0,2.0881512926874594e-05,0.1,6.463121167143981e-07,4.685179110994198e-13
9,0,2.2692745069801038e-05,0.1,6.505071041829069e-07,3.789219372302144e-13
9,0,2.4748045930164258e-05,0.1,6.505071041829069e-07,2.9322236912848743e-13
9,0,2.5103856522800897e-05,0.1,7.29112343833549e-07,2.2872185373966347e-13
9,0,2.3170391852222504e-05,0.1,7.29112343833549e-07,1.8238808087520791e-13
9,0,2.0518747032364024e-05,0.1,7.29112343833549e-07,1.4893637809588328e-13
9,0,1.879432865064587e-05,0.1,7.29112343833549e-07,1.3364300172156313e-13
9,0,1.828693332632927e-05,0.1,6.322489412013965e-07,1.4501168820423016e-13
9,0,1.887987883473704e-05,0.12,7.471740559594764e-07,1.9389722574932045e-13
9,0,2.0334289135286685e-05,0.12,5.003590786145651e-07,2.9524605958848593e-13
9,0,2.1751812546005637e-05,0.12,5.003590786145651e-07,4.59692613835605e-13
9,0,2.251289184605492e-05,0.12,4.979157210982521e-07,6.616620771247861e-13
9,0,2.2900470651197073e-05,0.1,4.979157210982521e-07,9.141887550787042e-13
9,0,2.2862099653411397e-05,0.1,6.33740569355723e-07,1.0838838507276627e-12
9,0,2.24122690203733e-05,0.1,9.215655722982774e-07,1.093345791507161e-12
9,0,2.1813734178664152e-05,0.1,7.240533363983559e-07,9.79009516684226e-13
9,0,2.1592490511903223e-05,0.1,7.240533363983559e-07,8.215972390271387e-13
9,0,2.1523809433455233e-05,0.1,7.240533363983559e-07,7.367293082018167e-13
9,0,2.0888322829811115e-05,0.1,7.240533363983559e-07,7.389824971566761e-13
9,0,1.9064681155758512e-05,0.08,7.240533363983559e-07,8.614241047907867e-13
9,0,1.6149990307258947e-05,0.08,8.680630116941757e-07,1.1899483134958366e-12
9,0,1.2852678124038242e-05,0.1,1.0439995321576134e-06,1.5455039591855124e-12
9,0,9.830461791954708e-06,0.12,1.3270625913719414e-06,1.928314712767998e-12
9,0,7.40922543734992e-06,0.12,1.5091893601493211e-06,2.2335629439734772e-12
9,0,5.6023882633569586e-06,0.12,1.8941694861496217e-06,2.3456659791615264e-12
9,0,4.3551878792688e-06,0.12,1.9806038835668005e-06,2.3799660159307123e-12
9,0,3.6831917736567024e-06,0.12,2.007301645789994e-06,2.4546291648580576e-12
9,0,3.603961909430804e-06,0.16,2.007301645789994e-06,2.8258697465366467e-12
9,0,4.060118638263593e-06,0.16,1.626465518711484e-06,4.0906674748930616e-12
9,0,4.859521803242626e-06,0.16,7.454352726199431e-07,8.142311477832287e-12
9,0,5.979069824861617e-06,0.14,5.22255277246586e-07,1.4292601824283935e-11
9,0,7.381205973829997e-06,0.14,6.043626399332425e-07,2.0825461147233604e-11
9,0,9.012714734508819e-06,0.1,4.079507220922096e-07,2.6515732318155294e-11
9,0,1.0944118512085623e-05,0.1,2.573831068275467e-07,2.7958267645455948e-11
9,0,1.2506707214391787e-05,0.1,2.525050319945876e-07,3.076453675143753e-11
9,0,1.178494547727396e-05,0.1,2.525050319945876e-07,3.8866961732386685e-11
9,0,9.170190489869005e-06,0.08,2.525050319945876e-07,6.02758745693599e-11
9,0,8.032737151396283e-06,0.06,2.525050319945876e-07,1.1203364624901013e-10
9,0,8.643911610401954e-06,0.04,3.213851016425906e-07,2.492282769051002e-10
9,0,9.648374221657712e-06,0.06,3.7295831134542823e-07,7.418900493938452e-10
9,0,1.2559471052910661e-05,0.04,4.5813530391569657e-07,1.7782528782817053e-09
9,0,1.5500159246446732e-05,0.04,4.5813530391569657e-07,2.6339936898267524e-09
9,0,1.1736887421692057e-05,0.04,4.3843837715940026e-07,4.250675367245549e-09
9,0,8.930275675802503e-06,0.04,4.3843837715940026e-07,5.34015187625414e-09
9,0,9.918251356483017e-06,0.08,4.159809350312571e-07,6.586966527777349e-09
9,0,1.396124410960782e-05,0.08,4.504857713527599e-07,9.238577902692668e-09
9,0,2.149071466642835e-05,0.1,3.9670507590017223e-07,1.2320422904110728e-08
9,0,3.427618357390193e-05,0.12,3.9670507590017223e-07,1.4970000350444934e-08
9,0,5.5316153341738386e-05,0.1,2.3559412909435196e-07,1.494572110516401e-08
9,0,8.849089493752022e-05,0.1,2.3559412909435196e-07,1.226352175365264e-08
9,0,8.104800630415425e-05,0.1,2.4974465873128793e-07,3.933167569414309e-09
9,0,7.648994705611054e-05,0.1,2.2069716010264528e-07,1.240573310745674e-09
9,0,0.00011258235792094772,0.08,2.2069716010264528e-07,9.662054489822935e-10
9,0,0.00015218892367578396,0.08,1.7387981188221602e-07,9.433805958636299e-10
9,0,0.00017981939584657338,0.08,1.8169139082147012e-07,1.143360184308051e-09
9,0,0.00018483067273590488,0.06,1.808041503181812e-07,1.6543838521343446e-09
9,0,0.00018456765690426965,0.06,1.808041503181812e-07,2.403623300395452e-09
9,0,0.0001901465779099985,0.06,1.5760606686399115e-07,3.032529560798025e-09
9,0,0.00019778744259612384,0.04,1.5760606686399115e-07,3.3237030905297615e-09
9,0,0.0002001796093484059,0.04,1.5760606686399115e-07,3.279146287837875e-09
9,0,0.0001982588575971073,0.04,1.5760606686399115e-07,2.840491397648748e-09
9,0,0.00019545618627910756,0.04,1.5271348274836782e-07,2.2682551392705363e-09
9,0,0.00019135388032743336,0.04,2.2577899017051095e-07,1.6979700978581036e-09
9,0,0.00018669545673818998,0.06,2.4002116560950526e-07,1.2107496116797734e-09
9,0,0.00018135433300667836,0.06,2.9077787644382624e-07,8.446462973488167e-10
9,0,0.00017315703984155395,0.06,1.9931749761781248e-07,5.34347011083014e-10
9,0,0.00016407393233658309,0.06,1.9904452130958816e-07,2.866149817482011e-10
9,0,0.00015321345307009934,0.06,2.0171410142211244e-07,1.4670335779509713e-10
9,0,0.00014129582047382066,0.06,2.0171410142211244e-07,6.799501239829198e-11
9,0,0.0001315492622921179,0.06,2.0171410142211244e-07,2.9520354910550495e-11
9,0,0.00012577337392725104,0.06,1.720943174632339e-07,1.1956912022992316e-11
9,0,0.00012265082237367618,0.06,1.6469535069063568e-07,4.110737358148375e-12
9,0,0.00012306158894365062,0.06,1.6469535069063568e-07,1.2601532230899215e-12
9,0,0.00012108490933574605,0.06,1.6469535069063568e-07,3.7037517150451116e-13
9,0,0.00012037851718568609,0.06,1.6469535069063568e-07,1.138327035713968e-13
9,0,0.00014474139114127797,0.06,1.720943174632339e-07,3.027569175722243e-14
9,0,0.00018523590330275303,0.06,1.720943174632339e-07,1.1464581623724535e-14
9,0,0.00020014231341304418,0.06,1.720943174632339e-07,8.317251984249312e-15
9,0,0.0001952895851619329,0.06,1.720943174632339e-07,8.438470869330875e-15
9,0,0.0001839970985092582,0.04,1.3451327163238602e-07,7.318672984269955e-15
9,0,0.00016595621426588374,0.02,1.2362551160549629e-07,5.261437901977811e-15
9,0,0.00014434783211650834,0.02,1.2362551160549629e-07,3.4930471956882503e-15
9,0,0.00012189323157515828,0.02,1.2362551160549629e-07,2.4393030574365896e-15
9,0,0.00010180100009256164,0.02,1.2362551160549629e-07,2.0178990839798917e-15
9,0,9.286667228587451e-05,0.02,1.2362551160549629e-07,2.105330671828428e-15
9,0,9.749018924578982e-05,0.02,1.2362551160549629e-07,2.382678481396166e-15
9,0,0.00011436492001973371,0.02,1.2362551160549629e-07,2.895970071278668e-15
9,0,0.00013956392700998106,0.02,1.2362551160549629e-07,3.2539037484152333e-15
9,0,0.00017362435766059837,0.02,1.2362551160549629e-07,2.994185023820462e-15
9,0,0.00018874631285013628,0.02,1.2362551160549629e-07,3.2065008200715672e-15
9,0,0.00016714696004665306,0.02,1.2362551160549629e-07,5.641620170023431e-15
9,0,0.00016302611701152488,0.02,1.1184484804971362e-07,1.1644455846337564e-14
9,0,0.0002166901531540463,0.02,1.3443067814478127e-07,1.5592023250863077e-14
9,0,0.0002888478622579146,0.02,1.416519523900206e-07,1.6943811601715687e-14
9,0,0.0003270750593725619,0.04,1.3443067814478127e-07,1.4529455993916342e-14
9,0,0.0003348538176741848,0.02,1.423482842710655e-07,8.621463867255694e-15
9,0,0.00031245393408578455,0.02,1.423482842710655e-07,3.4755157312624544e-15
9,0,0.0002621299322970012,0.02,1.3622820915770717e-07,7.551881059923325e-16
9,0,0.00019115538209266063,0.02,1.3622820915770717e-07,1.3279970482488093e-16
9,0,0.0001276088401058584,0.02,1.5096195227215503e-07,4.028744130514609e-17
9,0,0.00010520792057841992,0.02,1.5096195227215503e-07,1.935284830582742e-17
9,0,0.00011836590921903548,0.02,1.5096195227215503e-07,1.0313136503259052e-17
9,0,0.00015745146082237087,0.02,1.5096195227215503e-07,5.424429599899204e-18
9,0,0.00015354437976156712,0.02,1.5096195227215503e-07,8.80666214358283e-19
9,0,0.00017863327948670253,0.02,1.5096195227215503e-07,1.2159341747027833e-19
9,0,0.0001982077949910263,0.0,1.1861271786983707e-07,3.254354711982356e-20
9,0,0.00020034387050696156,0.0,1.1861271786983707e-07,1.0964279827183949e-20
9,0,0.00022205676868737579,0.02,1.1861271786983707e-07,4.473767568901837e-21
9,0,0.00022363386416245515,0.02,1.2913457680951979e-07,2.5439663069771687e-21
9,0,0.00021427349123327645,0.02,1.553186592673228e-07,2.8455223098151558e-21
9,0,0.00018027669344405738,0.02,1.553186592673228e-07,3.482499041301437e-21
9,0,0.0001618267905520765,0.02,1.6511620515302639e-07,4.20720700091949e-21
9,0,0.00014304560966377875,0.02,1.6511620515302639e-07,5.278388930510755e-21
9,0,0.00013304278215322014,0.02,1.3693052380858717e-07,5.993394077699432e-21
9,0,0.00013648172462326182,0.02,1.2873005061919685e-07,5.512176505688523e-21
9,0,0.00013277183429456324,0.02,1.1831040325205322e-07,4.593858199531911e-21
9,0,0.00011530294668389385,0.02,1.1831040325205322e-07,3.7762963888772964e-21
9,0,9.404171586314177e-05,0.02,1.1831040325205322e-07,3.0400400104777874e-21
9,0,7.990213519263204e-05,0.0,1.1831040325205322e-07,2.335240729162302e-21
9,0,6.885762701460599e-05,0.0,1.294311005040072e-07,1.670296871723793e-21
9,0,5.831622358247326e-05,0.0,1.294311005040072e-07,1.1759854708636635e-21
9,0,4.7604016925375205e-05,0.0,1.294311005040072e-07,7.697222561361362e-22
9,0,3.7813107228914955e-05,0.0,1.1280249623268901e-07,5.330043088200745e-22
9,0,2.9535373244312587e-05,0.0,1.1280249623268901e-07,3.889647951188023e-22
9,0,2.2782475981084465e-05,0.0,1.1280249623268901e-07,2.9747293452321005e-22
9,0,1.7026056885073762e-05,0.0,1.1581523295944862e-07,2.360324839874098e-22
9,0,1.2434704348425596e-05,0.0,1.1581523295944862e-07,1.94184662521109e-22
9,0,9.112756894249008e-06,0.0,1.3170979684673512e-07,1.6381457789915667e-22
9,0,6.736169101391017e-06,0.0,1.376268841113415e-07,1.4105065226002188e-22
9,0,5.055120296171677e-06,0.0,1.376268841113415e-07,1.2176079431683352e-22
9,0,3.90031912598853e-06,0.0,1.379785601329786e-07,1.035331596706306e-22
9,0,3.082193236223103e-06,0.0,1.5453322532721359e-07,8.64299799805042e-23
9,0,2.4825294339214667e-06,0.0,1.5453322532721359e-07,7.026038877271427e-23
9,0,2.0560191031110094e-06,0.0,1.5453322532721359e-07,5.557692946882659e-23
9,0,1.773253393187458e-06,0.0,1.7243438321656868e-07,4.293947874138185e-23
9,0,1.6001944217730056e-06,0.0,1.549654911059406e-07,3.280900272718052e-23
9,0,1.5014387355735533e-06,0.0,1.549654911059406e-07,2.5016489555000804e-23
9,0,1.4591802456453516e-06,0.0,1.4830294503553887e-07,2.0819061652515668e-23
9,0,1.442793335531818e-06,0.0,1.5584301138460432e-07,1.7781557470127593e-23
9,0,1.4393845621179464e-06,0.0,1.5584301138460432e-07,1.5555920532400396e-23
9,0,1.4713994425680943e-06,0.0,1.5584301138460432e-07,1.3957009918044136e-23
9,0,1.554876415652432e-06,0.0,1.370360820374117e-07,1.348041171354581e-23
9,0,1.6712267187670416e-06,0.0,1.370360820374117e-07,1.3911827120836697e-23
9,0,1.8673974310319855e-06,0.0,1.370360820374117e-07,1.650854580610167e-23
9,0,2.1322446615530945e-06,0.0,1.7441774957660527e-07,1.9472536040732198e-23
9,0,2.3886666273185596e-06,0.0,1.7441774957660527e-07,2.114997933592502e-23
9,0,2.663439514786947e-06,0.0,1.7441774957660527e-07,2.3055149419515233e-23
9,0,3.0058779547653897e-06,0.0,1.7441774957660527e-07,2.4108559562467543e-23
9,0,3.4109284229580597e-06,0.0,1.8502737475500908e-07,2.565442401411312e-23
9,0,3.832898334700537e-06,0.0,1.8502737475500908e-07,2.660767564337314e-23
9,0,4.2900483157773395e-06,0.0,1.8502737475500908e-07,2.710288149890382e-23
9,0,4.796504565583404e-06,0.0,1.6581888928612898e-07,2.7803879076501315e-23
9,0,5.418316730498627e-06,0.0,1.6581888928612898e-07,2.9971097708753275e-23
9,0,6.12232104682928e-06,0.0,1.6581888928612898e-07,2.968696894335439e-23
9,0,6.485204947533989e-06,0.0,1.468852559582956e-07,3.059792027315465e-23
9,0,6.555641532571011e-06,0.0,1.468852559582956e-07,3.3552983757781697e-23
9,0,6.9146558791081845e-06,0.0,1.468852559582956e-07,3.0908330728471876e-23
9,0,7.456075564908489e-06,0.0,1.468852559582956e-07,2.4251807236524816e-23
9,0,7.202565254522001e-06,0.0,1.4805522141614347e-07,2.0390700714649796e-23
9,0,6.539937566086126e-06,0.0,1.4805522141614347e-07,1.75986143153196e-23
9,0,6.2405396230373136e-06,0.0,1.4805522141614347e-07,1.3759509124091193e-23
9,0,5.610087819901621e-06,0.0,1.4805522141614347e-07,1.1577566403043283e-23
9,0,4.703061560793419e-06,0.0,1.4805522141614347e-07,1.0665021574214479e-23
9,0,4.160855396370337e-06,0.0,1.4805522141614347e-07,9.520105143978342e-24
9,0,3.6939079260415458e-06,0.0,1.4805522141614347e-07,8.428138635422451e-24
9,0,3.0044493065325494e-06,0.0,1.4805522141614347e-07,7.654143025099424e-24
9,0,2.33866024463246e-06,0.0,1.4805522141614347e-07,7.380261562859361e-24
9,0,1.9055133731316807e-06,0.0,1.4805522141614347e-07,7.167590184838113e-24
9,0,1.5837974280899066e-06,0.0,1.6581888928612898e-07,6.860685427383689e-24
9,0,1.3182017514570095e-06,0.0,1.6581888928612898e-07,6.572033727984721e-24
9,0,1.1064948622440557e-06,0.0,1.6581888928612898e-07,6.185877242978626e-24
9,0,9.366395088994143e-07,0.0,1.6450854900540435e-07,5.8968433404710785e-24
9,0,8.357606626299354e-07,0.0,1.835652625459261e-07,6.425574995612746e-24
9,0,9.075238820024782e-07,0.0,1.835652625459261e-07,8.54438675613763e-24
9,0,1.2001122165648456e-06,0.0,1.9537436912742123e-07,1.096422152720761e-23
9,0,1.5013961082391987e-06,0.0,1.9537436912742123e-07,1.696592104806157e-23
9,0,1.5429492470862243e-06,0.0,1.9537436912742123e-07,2.3538768486070027e-23
9,0,1.6842072747236076e-06,0.0,1.9537436912742123e-07,3.2644957524218e-23
9,0,1.957786171162724e-06,0.0,1.9537436912742123e-07,3.884397482329489e-23
9,0,2.3868523399807917e-06,0.0,1.835652625459261e-07,5.085339129598784e-23
9,0,2.9696891806895473e-06,0.0,1.835652625459261e-07,7.349026299772773e-23
9,0,3.660715525968756e-06,0.0,1.9181194943485025e-07,1.1073851420472346e-22
9,0,4.52755594668791e-06,0.0,2.0415160406628274e-07,1.8402154659809325e-22
9,0,5.740408256180031e-06,0.0,2.0415160406628274e-07,3.3367791402760736e-22
9,0,7.1963264893628646e-06,0.0,2.0415160406628274e-07,5.212534367759023e-22
9,0,8.96744480324265e-06,0.0,2.0415160406628274e-07,7.93968079073834e-22
9,0,1.1181696727497436e-05,0.0,2.0415160406628274e-07,9.970677785917033e-22
9,0,1.317291834908348e-05,0.0,1.8253163602821587e-07,1.3112111237124355e-21
9,0,1.4263994626628331e-05,0.0,3.317511243494664e-07,2.1180195864038605e-21
9,0,1.7211462607543054e-05,0.0,3.317511243494664e-07,3.582712295629663e-21
9,0,2.4374540740549235e-05,0.0,3.495719056445523e-07,5.685394911423089e-21
9,0,3.541247298716122e-05,0.0,3.495719056445523e-07,7.870957954978774e-21
9,0,4.444547432324917e-05,0.0,3.495719056445523e-07,9.051335803362708e-21
9,0,4.1316425132796035e-05,0.0,2.973106063564046e-07,9.844978442603259e-21
9,0,3.1027971581117656e-05,0.0,2.973106063564046e-07,1.0853172668811885e-20
9,0,2.721926327027298e-05,0.0,3.5734919379137864e-07,8.281736331848748e-21
9,0,2.5461059283041135e-05,0.0,3.783960949022003e-07,6.384366164101449e-21
9,0,2.28289819542227e-05,0.0,4.83824976527103e-07,5.654163188744244e-21
9,0,2.0776372911564074e-05,0.0,4.83824976527103e-07,4.6780529074275915e-21
9,0,1.843505248688807e-05,0.0,4.630235821423412e-07,3.988488006939538e-21
9,0,1.6240312637867194e-05,0.0,4.667116684231587e-07,3.670962935024981e-21
9,0,1.5183118682792142e-05,0.0,2.8573464305736707e-07,3.637368820059601e-21
9,0,1.5194467318848717e-05,0.0,2.8573464305736707e-07,3.928599807473272e-21
9,0,1.482613224167358e-05,0.0,2.676738404261414e-07,4.417448605311123e-21
9,0,1.1877295418059806e-05,0.0,2.9868124329368584e-07,6.0653608104754625e-21
9,0,9.236638284788995e-06,0.0,2.9868124329368584e-07,9.66653603587125e-21
9,0,9.317147616266567e-06,0.0,3.025939179224224e-07,9.696376738027814e-21
9,0,7.709705309385605e-06,0.0,3.025939179224224e-07,6.915955319566429e-21
9,0,4.8096813113695905e-06,0.0,3.699825299463555e-07,4.553138133615714e-21
9,0,3.077750358825386e-06,0.0,3.699825299463555e-07,3.304391465002928e-21
9,0,2.17546018541122e-06,0.0,3.699825299463555e-07,2.379065347704665e-21
9,0,1.72144794792327e-06,0.0,3.829835861779429e-07,1.978644499950077e-21
9,0,1.4378535779275234e-06,0.0,3.829835861779429e-07,1.8394794398236996e-21
9,0,1.2779569328290842e-06,0.0,3.829835861779429e-07,2.1266013833107065e-21
9,0,1.1607459419462847e-06,0.0,3.829835861779429e-07,2.2066979524928767e-21
9,0,1.0726791606257241e-06,0.0,3.829835861779429e-07,2.402485504642748e-21
9,0,9.93761320558835e-07,0.0,4.884938107352355e-07,2.4922505550276986e-21
9,0,1.0049724077924193e-06,0.0,4.884938107352355e-07,3.1355842179890638e-21
9,0,1.191483427886217e-06,0.0,4.923847427562578e-07,4.349228015201806e-21
9,0,1.2508195050299946e-06,0.0,4.923847427562578e-07,6.259997458740827e-21
9,0,1.2047484971750145e-06,0.0,4.923847427562578e-07,1.0133264618568627e-20
9,0,1.363073708611197e-06,0.0,4.923847427562578e-07,1.427869479866233e-20
9,0,1.4745662632718111e-06,0.0,4.923847427562578e-07,2.0699122079282613e-20
9,0,1.6344486469172804e-06,0.0,5.227884685155004e-07,3.132345571630784e-20
9,0,1.935790782786196e-06,0.0,5.227884685155004e-07,4.70158021818233e-20
9,0,2.297918044083317e-06,0.0,5.227884685155004e-07,7.346766815337958e-20
9,0,2.7772389082924893e-06,0.0,1.1415290828153957e-06,1.1964483844104482e-19
9,0,3.4329580427420026e-06,0.02,1.1415290828153957e-06,2.053969464844038e-19
9,0,4.348402232256296e-06,0.04,1.1415290828153957e-06,3.755527418503867e-19
9,0,5.511433491631225e-06,0.02,1.1415290828153957e-06,7.2162497346453665e-19
9,0,6.850368040584582e-06,0.02,1.15152943180874e-06,1.4958022822082157e-18
9,0,8.5207465144812e-06,0.02,1.2823152246710379e-06,2.8840262102363068e-18
9,0,1.1002148396062773e-05,0.04,1.2823152246710379e-06,5.7325527237139815e-18
9,0,1.4517315279005072e-05,0.06,1.4556038649971015e-06,1.0364367934497524e-17
9,0,1.8002946389299967e-05,0.06,1.5209971024887636e-06,1.8639946003621042e-17
9,0,2.0924692713042138e-05,0.04,1.5209971024887636e-06,3.369391515931445e-17
9,0,2.5323915224012355e-05,0.04,1.5209971024887636e-06,5.379345444100981e-17
9,0,3.1197443781045616e-05,0.04,1.3658676607519737e-06,8.640058331560514e-17
9,0,3.737839379731998e-05,0.04,1.3658676607519737e-06,1.4492631818869612e-16
9,0,4.387092251797831e-05,0.04,1.4392384173333994e-06,2.411627738192713e-16
9,0,5.122336109184176e-05,0.04,1.4392384173333994e-06,3.9371616047684938e-16
9,0,5.960275363768014e-05,0.04,1.4392384173333994e-06,6.295407209042873e-16
9,0,6.883861151144987e-05,0.04,1.4392384173333994e-06,9.876975912224539e-16
9,0,7.884027903996196e-05,0.04,1.4392384173333994e-06,1.5096482930456183e-15
9,0,8.979963055957909e-05,0.04,1.516499878562172e-06,2.2418482424868243e-15
9,0,0.0001021942037650499,0.04,1.7591836467545363e-06,3.248682213811884e-15
9,0,0.00011643558631888322,0.04,1.7591836467545363e-06,4.575717720846882e-15
9,0,0.00012900145264341063,0.04,1.7591836467545363e-06,6.1680435234454534e-15
9,0,0.0001403132288090402,0.04,1.7591836467545363e-06,8.96456303287052e-15
9,0,0.00015420508478715509,0.04,1.5497540744036087e-06,1.2025736716115773e-14
9,0,0.00016946092483944046,0.04,1.5497540744036087e-06,1.677348513448411e-14
9,0,0.00018322478908570775,0.04,1.7257684703508858e-06,2.3835610473755577e-14
9,0,0.00019730943366277887,0.04,1.5784584093125886e-06,3.558588699322657e-14
9,0,0.00021340274133211103,0.04,1.654279571994266e-06,5.853036967855968e-14
9,0,0.00022723917925013742,0.06,1.654279571994266e-06,9.775591658855651e-14
9,0,0.00023216711521755696,0.06,1.654279571994266e-06,1.447000342897492e-13
9,0,0.00024112896802063973,0.06,1.908575768538867e-06,2.1387806890121874e-13
9,0,0.000255511055504972,0.06,2.4220867089752574e-06,2.9277695177097607e-13
9,0,0.00026717391488612877,0.04,2.4220867089752574e-06,3.8673540281655705e-13
9,0,0.0002756591075006886,0.04,2.4220867089752574e-06,4.174180261422994e-13
9,0,0.0002836329919650722,0.04,2.4220867089752574e-06,4.190661489697489e-13
9,0,0.00029580516697147333,0.06,2.5652325348346494e-06,4.813146951311575e-13
9,0,0.00031404800491042573,0.06,2.872136974474415e-06,5.754696849255558e-13
9,0,0.00033463522539763975,0.06,2.872136974474415e-06,6.44950401678529e-13
9,0,0.0003525435092582589,0.04,2.872136974474415e-06,7.554211704959013e-13
9,0,0.00035866547003557934,0.04,2.530211531848181e-06,8.435357447267311e-13
9,0,0.0003500422463690064,0.04,2.530211531848181e-06,8.99217712010264e-13
9,0,0.0003322204609919549,0.04,3.924734755855752e-06,9.185917001011679e-13
9,0,0.00031657881594439764,0.06,3.924734755855752e-06,9.916972841875205e-13
9,0,0.0003148858544024387,0.08,3.522300630720565e-06,1.0253025642045777e-12
9,0,0.0003197753760985,0.08,3.7751804029539926e-06,1.1451415987337454e-12
9,0,0.00031823726578155846,0.1,3.7751804029539926e-06,1.1768254556607238e-12
9,0,0.0003176154941433658,0.1,3.522300630720565e-06,1.0970766396029008e-12
9,0,0.00032931943510139476,0.08,3.522300630720565e-06,1.184351011360163e-12
9,0,0.0003492828604565213,0.08,3.522300630720565e-06,1.3303221371718799e-12
9,0,0.00038074945801324213,0.08,4.738981260743458e-06,1.4970569272090839e-12
9,0,0.0004216433974395446,0.08,4.738981260743458e-06,1.7048928458232582e-12
9,0,0.0004581344441825756,0.06,1.2193222573841922e-05,1.93085781738378e-12
9,0,0.0004990744941885631,0.06,1.2193222573841922e-05,2.15510834004895e-12
9,0,0.0005584851447127192,0.06,1.2193222573841922e-05,2.464499524595931e-12
9,0,0.0006401959981335779,0.08,1.2193222573841922e-05,3.017914911029873e-12
9,0,0.0007288467973259221,0.08,1.1668996194202919e-05,3.676817097314489e-12
9,0,0.0008319970156376329,0.08,1.1668996194202919e-05,4.329366726230077e-12
9,0,0.0009585550777496064,0.08,1.1668996194202919e-05,4.894096412855209e-12
9,0,0.001056161158922451,0.08,1.1668996194202919e-05,5.4295908047397035e-12
9,0,0.001124590763213509,0.08,1.1668996194202919e-05,6.39577800443103e-12
9,0,0.0012352428854942327,0.08,1.3245895388536155e-05,7.40851390651498e-12
9,0,0.0014448660215700192,0.08,1.3245895388536155e-05,7.956654432539345e-12
9,0,0.001660581167404646,0.08,1.3245895388536155e-05,8.084959784993018e-12
9,0,0.0017987991550458208,0.08,1.3245895388536155e-05,8.36269508502907e-12
9,0,0.0019100100582850378,0.08,1.3245895388536155e-05,8.408535152881758e-12
9,0,0.002010858549638985,0.08,1.3245895388536155e-05,8.222027225723849e-12
9,0,0.002116650298296864,0.08,1.1668996194202919e-05,7.860927186964517e-12
9,0,0.0022006457769169017,0.08,1.1668996194202919e-05,7.401988744160093e-12
9,0,0.0022705377986495974,0.08,1.7492362530902028e-05,7.150864969607262e-12
9,0,0.0023888949158945064,0.08,1.811400579754263e-05,7.322677186838433e-12
9,0,0.0024646765357704114,0.08,1.8654965970199555e-05,7.663144424574497e-12
9,0,0.002415424259861078,0.08,1.8562048353487626e-05,8.557305038181529e-12
9,0,0.002410189320335053,0.08,1.8562048353487626e-05,9.009864902764786e-12
9,0,0.002459899504835395,0.08,1.8562048353487626e-05,9.410631995887542e-12
9,0,0.00250936378993552,0.08,1.8562048353487626e-05,1.0126528088294506e-11
9,0,0.0017812806655221562,0.06,1.5247632290993351e-05,4.680823003505585e-12
9,0,0.0017708967369482582,0.06,1.6342304661520757e-05,6.0592945591575464e-12
9,0,0.0017775762766742665,0.06,1.6342304661520757e-05,7.010521937272918e-12
9,0,0.0018467164807952558,0.06,1.6342304661520757e-05,8.063260996393762e-12
9,0,0.001953087455096574,0.08,1.6342304661520757e-05,9.163172824677712e-12
9,0,0.002050553176464617,0.08,1.6342304661520757e-05,1.039480741066301e-11
9,0,0.0020483528385244892,0.08,1.6342304661520757e-05,1.6400398400451266e-11
9,0,0.0019030613818399945,0.08,1.985092785616871e-05,2.085336417434469e-11
9,0,0.0018544876457412581,0.08,1.985092785616871e-05,2.468033069580322e-11
9,0,0.001869671532525106,0.08,1.985092785616871e-05,2.7247761338888843e-11
9,0,0.001884794530792285,0.08,1.985092785616871e-05,2.909979202048163e-11
9,0,0.0019090920758990414,0.08,2.591409611341078e-05,3.009742455262199e-11
9,0,0.0019657138903389584,0.06,2.591409611341078e-05,3.047649285714549e-11
9,0,0.0020598099273704536,0.06,2.591409611341078e-05,3.081539537430622e-11
9,0,0.0022028692979629535,0.06,2.591409611341078e-05,3.1486289270299395e-11
9,0,0.0023573162375156204,0.06,2.591409611341078e-05,3.220211597376732e-11
9,0,0.0024589913131819654,0.06,3.678809298435226e-05,3.287472030710781e-11
9,0,0.0024992829957467657,0.08,3.862362427753396e-05,3.469819570556254e-11
9,0,0.002466443718418977,0.08,3.862362427753396e-05,3.8279934777563085e-11
9,0,0.002505308197238461,0.08,3.862362427753396e-05,5.6042125801125664e-11
9,0,0.002674787529770275,0.08,3.862362427753396e-05,7.732021967132852e-11
9,0,0.2388793135698499,0.18,6.212273092387477e-06,0.9701268076896667
9,0,0.23930168273085708,0.18,6.212273092387477e-06,0.9642288088798523
9,0,0.2369167204786984,0.18,6.212273092387477e-06,0.9572361707687378
9,0,0.2294541189271518,0.2,7.326257218664978e-06,0.9484937191009521
9,0,0.22146300426715865,0.2,7.326257218664978e-06,0.9357677698135376
9,0,0.21267757195814926,0.2,7.326257218664978e-06,0.9226581454277039
9,0,0.19272056630369894,0.2,7.326257218664978e-06,0.896018385887146
9,0,0.16908232333052195,0.2,0.00010412462870590389,0.8576751351356506
9,0,0.1477839115521789,0.2,0.00010412462870590389,0.8269907236099243
9,0,0.13040702329728882,0.22,0.00010412462870590389,0.8068886399269104
9,0,0.11724711136339463,0.22,0.00010412462870590389,0.8062868714332581
9,0,0.10897537849930979,0.24,0.00013016443699598312,0.8366944789886475
9,0,0.10798853446403701,0.22,0.00013016443699598312,0.8923634886741638
9,0,0.11057331380557649,0.22,0.00013016443699598312,0.9379376173019409
9,0,0.11038588376260722,0.2,0.000146323669468984,0.9611629843711853
9,0,0.10717356266612184,0.2,0.000146323669468984,0.9735609889030457
9,0,0.10686199465591956,0.22,0.000146323669468984,0.9815300107002258
9,0,0.11992398164488118,0.24,0.000146323669468984,0.9908937811851501
9,0,0.15896311113126652,0.22,0.000146323669468984,0.9964311718940735
9,0,0.15357979086967774,0.24,0.000146323669468984,0.9974218010902405
9,0,0.14197324924149535,0.24,0.000146323669468984,0.9968752264976501
9,0,0.13274501790280355,0.24,0.00013844840577803552,0.9958003163337708
9,0,0.11970326119923572,0.24,0.00013844840577803552,0.9934684634208679
9,0,0.1295366480144653,0.24,0.00013844840577803552,0.9934456944465637
9,0,0.12601906849239683,0.24,0.00013844840577803552,0.9924740791320801
9,0,0.12127454378088749,0.24,0.00013844840577803552,0.9910956025123596
9,0,0.11923889326843988,0.24,0.00013844840577803552,0.9906807541847229
9,0,0.11952130447718437,0.24,0.00013844840577803552,0.9906595945358276
9,0,0.12078192121731902,0.24,0.00013844840577803552,0.9906318187713623
9,0,0.12794532898314323,0.24,0.00013844840577803552,0.9915055632591248
9,0,0.14029865064087146,0.24,0.00013844840577803552,0.9925344586372375
9,0,0.13271198419778538,0.24,0.00013756474072579294,0.9905639886856079
9,0,0.12683804085876488,0.24,0.0001463267399230972,0.9894877672195435
9,0,0.13851155615222,0.26,0.0001463267399230972,0.9920692443847656
9,0,0.14213381244793552,0.26,0.0001463267399230972,0.9932864904403687
9,0,0.1406197961056952,0.3,0.00013756474072579294,0.9932921528816223
9,0,0.1388434213899784,0.3,0.00013844840577803552,0.9932652711868286
9,0,0.13776007694043813,0.3,0.00013844840577803552,0.9933408498764038
9,0,0.13967738698126964,0.3,0.00013844840577803552,0.9940474033355713
9,0,0.13466452251147557,0.3,0.00013844840577803552,0.9923107624053955
9,0,0.12273787255370493,0.3,0.00016378704458475113,0.9891635179519653
9,0,0.10849832114028739,0.32,0.00016378704458475113,0.9858362078666687
9,0,0.09454079033411204,0.3,0.00017310336988884956,0.9826779365539551
9,0,0.08141131510939618,0.3,0.00016959419008344412,0.9697734117507935
9,0,0.06983940900874025,0.3,0.00016959419008344412,0.9491077661514282
9,0,0.06043226318736152,0.3,0.00015538085426669568,0.9099231958389282
9,0,0.05130764894957542,0.3,0.00011775222810683772,0.8609871864318848
9,0,0.042318582911067326,0.3,0.00011775222810683772,0.7926585078239441
9,0,0.03436590723879529,0.3,0.00011775222810683772,0.7100112438201904
9,0,0.029087714447807812,0.3,0.00013861565093975514,0.6749777793884277
9,0,0.024538307069747065,0.3,0.00020112302445340902,0.6112774610519409
9,0,0.0190896578007868,0.3,0.00020112302445340902,0.5414377450942993
9,0,0.015471518293046355,0.3,0.00020112302445340902,0.4871661067008972
9,0,0.013058048670214734,0.3,0.00020112302445340902,0.4606476426124573
9,0,0.010680865188523705,0.3,0.0001268704072572291,0.3176368474960327
9,0,0.008650716550677251,0.3,0.0001268704072572291,0.3432166576385498
9,0,0.007077798464317218,0.3,0.0001268704072572291,0.34685882925987244
9,0,0.005932557036884561,0.3,0.00015009035996627063,0.36085426807403564
9,0,0.005086865045428761,0.3,0.00015009035996627063,0.39119836688041687
9,0,0.0041804154237344085,0.3,0.0001589391758898273,0.4522249400615692
9,0,0.0034608266105152575,0.3,0.0001589391758898273,0.5345275402069092
9,0,0.0033930561660248117,0.32,0.00015390175394713879,0.993033766746521
9,0,0.0032729635628428863,0.32,0.00016242465062532574,0.0007340180454775691
9,0,0.0029490520046243766,0.32,0.00016242465062532574,0.687507688999176
9,0,0.002729848823315966,0.32,0.00016242465062532574,0.7035118341445923
9,0,0.0027221017548358897,0.32,0.00016741231956984848,0.790876030921936
9,0,0.0027414002408592286,0.32,0.00016741231956984848,0.8364553451538086
9,0,0.002845387825012341,0.32,0.00017087635933421552,0.8663322925567627
9,0,0.0030070904925458626,0.32,0.00017087635933421552,0.9073911905288696
9,0,0.0032105017862625396,0.32,0.00017087635933421552,0.9361692667007446
9,0,0.0035322818855203003,0.32,0.0002562999725341797,0.9516176581382751
9,0,0.003944501813704918,0.32,0.000440401112427935,0.9673823118209839
9,0,0.004502920580613397,0.32,0.00041697517735883594,0.9801367521286011
9,0,0.005364822647289462,0.32,4.304051253711805e-05,0.9854027032852173
9,0,0.006234830665400102,0.32,4.304051253711805e-05,0.9864682555198669
9,0,0.007009351763815581,0.32,3.4803710150299594e-05,0.9865320324897766
9,0,0.008003790711271108,0.32,1.6354621038772166e-05,0.9863877296447754
9,0,0.0090962423429985,0.32,1.6354621038772166e-05,0.9863753318786621
9,0,0.01013595549509016,0.32,1.5163815987762064e-05,0.9862485527992249
9,0,0.011149733008599986,0.32,1.601609073986765e-05,0.9848319888114929
9,0,0.012190762496376364,0.32,1.1029283996322192e-05,0.9817582368850708
9,0,0.013094175505128399,0.32,1.095888001145795e-05,0.97476726770401
9,0,0.012312055704621964,0.32,1.1656983588181902e-05,0.9567803144454956
9,0,0.012096971988129673,0.32,1.1656983588181902e-05,0.9149618148803711
9,0,0.01426972283883072,0.34,1.1656983588181902e-05,0.83347088098526
9,0,0.013779779877721754,0.34,1.1656983588181902e-05,0.7483360767364502
9,0,0.01178062685404147,0.34,1.2572404557431582e-05,0.646106481552124
9,0,0.010085153746540003,0.36,1.2572404557431582e-05,0.5240429043769836
9,0,0.008561462916885199,0.36,2.5152754460577853e-05,0.41604334115982056
9,0,0.007120579475556338,0.36,2.5152754460577853e-05,0.3038896918296814
9,0,0.005688870103684541,0.34,2.480109287716914e-05,0.19865299761295319
9,0,0.004415145553604243,0.34,2.480109287716914e-05,0.12636730074882507
9,0,0.003351792278004083,0.36,2.480109287716914e-05,0.07702012360095978
9,0,0.0025560848837038177,0.36,2.480109287716914e-05,0.043585482984781265
9,0,0.00202423481594633,0.36,2.480109287716914e-05,0.02755330130457878
9,0,0.0015985989736899966,0.36,2.480109287716914e-05,0.018638726323843002
9,0,0.001226210193727642,0.36,2.480109287716914e-05,0.01364295557141304
9,0,0.0009407517894872427,0.36,2.6263476684107445e-05,0.011654961854219437
9,0,0.0007440783941124783,0.34,2.55306476901751e-05,0.011155180633068085
9,0,0.0006165481991720202,0.36,2.55306476901751e-05,0.010684490203857422
9,0,0.0005328658792620754,0.34,2.5367677153553814e-05,0.009972741827368736
9,0,0.00044921241780792486,0.34,2.698363095987588e-05,0.00887550599873066
9,0,0.0003559554876789298,0.34,2.698363095987588e-05,0.00849931500852108
9,0,0.0002658762090990549,0.34,4.390624599182047e-05,0.009385626763105392
9,0,0.00023624499484402282,0.34,4.4814856664743274e-05,0.010301997885107994
9,0,0.00025502194176323946,0.34,4.4814856664743274e-05,0.012894063256680965
9,0,0.0002466339815879313,0.34,4.4814856664743274e-05,0.02136971428990364
9,0,0.0002513826270109566,0.34,4.4814856664743274e-05,0.031121915206313133
9,0,0.0002623599286126717,0.34,4.231955244904384e-05,0.042281053960323334
9,0,0.00026749186330489677,0.34,3.901495801983401e-05,0.054742150008678436
9,0,0.0002733995985781266,0.34,4.2589064833009616e-05,0.07051315158605576
9,0,0.000292576243014749,0.34,3.842634032480419e-05,0.08889690786600113
9,0,0.0003250608641106455,0.32,3.4353761293459684e-05,0.11680731922388077
9,0,0.00035592253763735667,0.32,3.4353761293459684e-05,0.15936517715454102
9,0,0.0004052943908087011,0.32,3.589705374906771e-05,0.20558449625968933
9,0,0.00045698693976874757,0.32,3.589705374906771e-05,0.2569339871406555
9,0,0.0005351908427587258,0.32,1.594721652509179e-05,0.3098542094230652
9,0,0.0006316558289605782,0.32,1.885115125332959e-05,0.3564433753490448
9,0,0.0007135036945477551,0.32,1.7478572772233747e-05,0.4043368995189667
9,0,0.0007988781932674962,0.32,1.4774220289837103e-05,0.44108620285987854
9,0,0.000888536507879547,0.32,1.4774220289837103e-05,0.46155643463134766
9,0,0.0009913136303059274,0.32,1.4774220289837103e-05,0.45931383967399597
9,0,0.0010841052972034465,0.32,1.4774220289837103e-05,0.43807893991470337
9,0,0.0011082996173748974,0.32,1.4774220289837103e-05,0.3867263197898865
9,0,0.0010246724770721872,0.32,9.580284313415177e-06,0.32094889879226685
9,0,0.0009760542101653918,0.32,7.806949724908918e-06,0.23521918058395386
9,0,0.000924133053000236,0.32,7.645917321497109e-06,0.14337724447250366
9,0,0.0009372739946377171,0.28,6.480874617409427e-06,0.05711021646857262
9,0,0.0007995945611992106,0.28,6.59304168948438e-06,0.02135666087269783
9,0,0.0007066823140481206,0.28,6.59304168948438e-06,0.006037178449332714
9,0,0.0008253399849312154,0.28,6.59304168948438e-06,0.0015142234042286873
9,0,0.0007213045951670625,0.26,6.59304168948438e-06,0.000708145962562412
9,0,0.0005797361849185117,0.26,7.110794285836164e-06,0.0003474155382718891
9,0,0.000471626851350619,0.26,1.4262213881011121e-05,0.00017589679919183254
9,0,0.00039153448437896556,0.26,1.4262213881011121e-05,8.821229130262509e-05
9,0,0.0003139392020232052,0.26,1.7637659766478464e-05,4.6578577894251794e-05
9,0,0.00025154299749724767,0.26,1.7637659766478464e-05,2.6381883799331263e-05
9,0,0.0002038238399242908,0.26,1.7637659766478464e-05,1.6809053704491816e-05
9,0,0.0001664331462860741,0.26,1.7637659766478464e-05,1.0997691788361408e-05
9,0,0.0001373921717514968,0.26,1.7637659766478464e-05,7.597646799695212e-06
9,0,0.000116027848787334,0.26,1.7637659766478464e-05,5.79135075895465e-06
9,0,9.90339820345233e-05,0.26,1.7637659766478464e-05,4.702694695879472e-06
9,0,8.516204376643039e-05,0.26,1.7637659766478464e-05,3.991611265519168e-06
9,0,7.519065000002934e-05,0.26,1.7637659766478464e-05,3.5701407341548475e-06
9,0,6.870633834738272e-05,0.24,1.8677661500987597e-05,3.3718290524120675e-06
9,0,6.433192430122308e-05,0.24,1.8677661500987597e-05,3.364364147273591e-06
9,0,6.198266273117363e-05,0.26,1.9716295355465263e-05,3.5640514397528023e-06
9,0,6.081056978976035e-05,0.26,2.1294406906235963e-05,4.079926384292776e-06
9,0,6.052941069057324e-05,0.26,2.3245196643983945e-05,4.630709099728847e-06
9,0,6.180086756176253e-05,0.26,2.195087290601805e-05,5.191361196921207e-06
9,0,6.612199211097841e-05,0.26,1.7749989638105035e-05,5.668087851518067e-06
9,0,7.407442774363577e-05,0.26,1.7749989638105035e-05,5.788159342046129e-06
9,0,8.28238189077972e-05,0.26,1.7749989638105035e-05,6.038877472747117e-06
9,0,9.404263678058717e-05,0.26,1.7749989638105035e-05,6.732380370522151e-06
9,0,0.00010888172929545179,0.24,1.7749989638105035e-05,7.592641850351356e-06
9,0,0.00012707562548026465,0.24,1.7749989638105035e-05,8.112182513286825e-06
9,0,0.0001466763717542892,0.24,1.7749989638105035e-05,8.519703442289028e-06
9,0,0.0001731093695559964,0.26,2.4471868528053164e-05,1.0039952030638233e-05
9,0,0.0002055579449041356,0.24,2.4471868528053164e-05,1.2274575055926107e-05
9,0,0.00024715381623443,0.24,2.5557421395205893e-05,1.3726325050811283e-05
9,0,0.00030083279725411744,0.24,2.5557421395205893e-05,1.6688079995219596e-05
9,0,0.00036663789711128885,0.24,1.1353783520462457e-05,1.7944012142834254e-05
9,0,0.00044900663480859957,0.24,1.1775094208132941e-05,1.8323467884329148e-05
9,0,0.0005349176148615503,0.26,1.1775094208132941e-05,1.8902257579611614e-05
9,0,0.0006284942309120565,0.24,1.1775094208132941e-05,1.9042607164010406e-05
9,0,0.0007492266441936173,0.24,9.554298230796121e-06,1.8940261725219898e-05
9,0,0.0008802322979099666,0.22,9.554298230796121e-06,1.799370875232853e-05
9,0,0.0010274112181918697,0.22,9.554298230796121e-06,1.6521649740752764e-05
9,0,0.0011709367707995258,0.22,9.554298230796121e-06,1.4959011423343327e-05
9,0,0.001243547642338452,0.2,1.013723885989748e-05,1.4063990420254413e-05
9,0,0.0012635594793519581,0.2,9.286488420912065e-06,1.2559245988086332e-05
9,0,0.0012679176927228697,0.22,1.0770752851385623e-05,9.404900993104093e-06
9,0,0.0013703667310033035,0.22,1.1519913641677704e-05,4.957370492775226e-06
9,0,0.0011165805073171085,0.22,1.1519913641677704e-05,3.532917844495387e-06
9,0,0.0008156519734489493,0.22,1.1917860319954343e-05,2.669788955245167e-06
9,0,0.0007338208001072035,0.24,1.1204132533748634e-05,1.4979403886172804e-06
9,0,0.000597604565451953,0.24,1.1276112672931049e-05,8.646539413348364e-07
9,0,0.00045149350636501006,0.24,1.1276112672931049e-05,4.4054326053810655e-07
9,0,0.0003324010353538175,0.24,1.2161623089923523e-05,2.104041811890056e-07
9,0,0.00023462832238547673,0.24,2.0241343008819968e-05,1.1215866635438942e-07
9,0,0.00015991766781320318,0.24,2.0241343008819968e-05,6.655582041048547e-08
9,0,0.00010695081073517707,0.24,2.0241343008819968e-05,4.244731144353864e-08
9,0,7.214642059677907e-05,0.24,2.226715332653839e-05,2.752527628047119e-08
9,0,4.9607689447906326e-05,0.26,2.226715332653839e-05,1.8797299716766247e-08
9,0,3.439108867397048e-05,0.26,1.781217179086525e-05,1.3479072968891614e-08
9,0,2.3567432028537423e-05,0.26,1.781217179086525e-05,9.60548351969237e-09
9,0,1.619806472523606e-05,0.26,1.781217179086525e-05,7.031637938581525e-09
9,0,1.173311940251474e-05,0.26,1.781217179086525e-05,5.347857712223458e-09
9,0,9.212113076456267e-06,0.26,1.781217179086525e-05,4.103802631050257e-09
9,0,7.305163365721106e-06,0.26,1.8802675185725093e-05,3.283201710502226e-09
9,0,5.940931540516324e-06,0.26,2.1732126697315834e-05,2.7395319346368296e-09
9,0,5.06213833762544e-06,0.26,2.1732126697315834e-05,2.3885644573340414e-09
9,0,4.5412410662947475e-06,0.26,1.9182991309207864e-05,2.1879476008734855e-09
9,0,4.277470009198273e-06,0.26,1.9182991309207864e-05,2.096505191673259e-09
9,0,4.176121485034483e-06,0.26,1.9182991309207864e-05,2.09856154675947e-09
9,0,4.225738920701807e-06,0.24,1.9182991309207864e-05,2.2058777027211818e-09
9,0,4.478740867157122e-06,0.24,1.9182991309207864e-05,2.3789801240070574e-09
9,0,4.994717958609022e-06,0.24,1.807988519431092e-05,2.5144488713380042e-09
9,0,6.0271526404130664e-06,0.24,1.807988519431092e-05,2.686570077514716e-09
9,0,7.565027022523713e-06,0.24,1.807988519431092e-05,2.984865465904818e-09
9,0,9.534914785959257e-06,0.24,1.807988519431092e-05,3.64131991226202e-09
9,0,1.2475075244493977e-05,0.24,8.495841939293314e-06,4.494320471337687e-09
9,0,1.651781654539892e-05,0.24,7.447065399901476e-06,5.5786339991925615e-09
9,0,2.205636010571924e-05,0.24,7.447065399901476e-06,7.098801102500829e-09
9,0,2.990707415329687e-05,0.24,7.447065399901476e-06,1.0424605179082391e-08
9,0,4.091230752006082e-05,0.26,7.447065399901476e-06,1.5086952132037368e-08
9,0,5.555610620097354e-05,0.24,7.447065399901476e-06,2.0832445102314523e-08
9,0,7.239225603547263e-05,0.24,7.447065399901476e-06,2.932085330087375e-08
9,0,9.382020307342714e-05,0.24,7.447065399901476e-06,3.7436194588735816e-08
9,0,0.00011987034924517398,0.24,7.447065399901476e-06,4.745846382547825e-08
9,0,0.00014830977568462879,0.24,6.822082013968611e-06,5.3385861065180507e-08
9,0,0.00017922521375057527,0.26,6.316495728242444e-06,5.8799770386031014e-08
9,0,0.00021278537513781405,0.26,7.416900643875124e-06,5.934917268746176e-08
9,0,0.00024277014903056464,0.26,7.416900643875124e-06,5.2716615073222783e-08
9,0,0.0003029611853269568,0.24,7.994241059350315e-06,1.3270224918926488e-08
9,0,0.00026990242172750126,0.24,7.416900643875124e-06,6.6040879431739086e-09
9,0,0.00023232538088951876,0.24,7.416900643875124e-06,3.0738758205473005e-09
9,0,0.00019461825936072834,0.24,7.416900643875124e-06,1.3493292039257199e-09
9,0,0.0001559115715488423,0.24,7.416900643875124e-06,6.26808549508695e-10
9,0,0.00012137093996687804,0.24,7.416900643875124e-06,2.539762011810609e-10
9,0,9.388143218861693e-05,0.24,7.3695555329322815e-06,8.615302221626209e-11
9,0,7.05476820251524e-05,0.22,7.839013960619923e-06,3.1295414176790715e-11
9,0,5.065932524865691e-05,0.22,7.669571459700819e-06,1.2306336505396587e-11
9,0,3.666267067911906e-05,0.22,7.278830707946327e-06,5.277708391843161e-12
9,0,2.684245641788758e-05,0.22,7.278830707946327e-06,2.325055729543446e-12
9,0,1.8073780687560816e-05,0.22,7.278830707946327e-06,1.1253660763682616e-12
9,0,1.2080891339810194e-05,0.22,7.278830707946327e-06,5.722593622928263e-13
9,0,8.155327188583375e-06,0.22,6.8429203565756325e-06,3.0449853250826e-13
9,0,5.50910454479998e-06,0.24,4.437255938682938e-06,1.723952740544793e-13
9,0,3.848833582810419e-06,0.24,4.211050054436782e-06,1.017497785788142e-13
9,0,2.6460350505861845e-06,0.24,4.23810388383572e-06,6.345249168758157e-14
9,0,1.7818579590401247e-06,0.24,7.4364847932884e-06,4.27460936655924e-14
9,0,1.207394324147874e-06,0.24,7.4364847932884e-06,3.1055317822534234e-14
9,0,8.6808933741563e-07,0.24,9.209284144162666e-06,2.490244169455879e-14
9,0,7.188779368704975e-07,0.24,9.946413229044992e-06,2.2431539861266642e-14
9,0,6.663758600731076e-07,0.24,9.946413229044992e-06,2.3045186432432176e-14
9,0,6.402297068402209e-07,0.24,1.0390815987193491e-05,2.603623256390835e-14
9,0,6.56345610870445e-07,0.24,1.0390815987193491e-05,3.071887294775304e-14
9,0,6.933806766627016e-07,0.24,9.634239177103154e-06,3.8233905109855484e-14
9,0,7.471014920718613e-07,0.24,9.634239177103154e-06,5.1213966742588365e-14
9,0,8.622148777892403e-07,0.24,8.205465746868867e-06,6.846757725663052e-14
9,0,1.0709810239467479e-06,0.24,8.205465746868867e-06,1.0616204096369763e-13
9,0,1.400821343769542e-06,0.24,8.205465746868867e-06,1.7015395711340864e-13
9,0,1.8733059242575425e-06,0.24,8.205465746868867e-06,2.809176502527322e-13
9,0,2.560289114338457e-06,0.24,8.205465746868867e-06,4.790141265413606e-13
9,0,3.535993615459604e-06,0.24,8.205465746868867e-06,8.438978140422326e-13
9,0,4.92224703277995e-06,0.22,8.574093953939155e-06,1.703147497165991e-12
9,0,6.8925266574129905e-06,0.22,8.574093953939155e-06,3.679574006598685e-12
9,0,9.64620591648179e-06,0.22,8.574093953939155e-06,8.645156639175422e-12
9,0,1.3290919617721974e-05,0.24,8.574093953939155e-06,2.142984921460478e-11
9,0,1.772480225024788e-05,0.24,8.574093953939155e-06,4.555332153155511e-11
9,0,2.297686384137025e-05,0.24,8.574093953939155e-06,8.835199238887981e-11
9,0,2.908611587516857e-05,0.24,4.986488420399837e-06,1.4014266136452846e-10
9,0,3.661205679680208e-05,0.24,4.468821771297371e-06,2.0128376743144827e-10
9,0,4.7040990637460637e-05,0.22,7.270374226209242e-06,2.4741805826344887e-10
9,0,6.0467945182155954e-05,0.22,6.660218787146732e-06,2.3546825600462284e-10
9,0,7.28667029787857e-05,0.22,5.506019988388289e-06,2.0354770646768827e-10
9,0,7.996196106660132e-05,0.22,5.517263161891606e-06,1.7338912250419725e-10
9,0,8.107141760806585e-05,0.22,5.280056484480156e-06,1.5396389718702608e-10
9,0,8.352548849329818e-05,0.22,5.280056484480156e-06,1.2659023829186822e-10
9,0,8.928554337872211e-05,0.22,5.280056484480156e-06,1.0123712979037691e-10
9,0,8.410990722030679e-05,0.22,5.280056484480156e-06,7.056997347598681e-11
9,0,7.621834461583644e-05,0.22,5.280056484480156e-06,4.4060352588637386e-11
9,0,6.689936358093661e-05,0.22,5.280056484480156e-06,2.8816832600697673e-11
9,0,5.605513098633057e-05,0.22,5.280056484480156e-06,1.6954633877408476e-11
9,0,4.584416640956595e-05,0.22,5.280056484480156e-06,8.232353167214601e-12
9,0,3.494687434852829e-05,0.22,4.730853106593713e-06,3.4563894715095023e-12
9,0,2.7285836916357655e-05,0.24,4.730853106593713e-06,1.3577045303997393e-12
9,0,2.2866337181726446e-05,0.24,4.019385869469261e-06,5.124506504902704e-13
9,0,2.0171879530442167e-05,0.24,4.501629518927075e-06,1.8241800485516851e-13
9,0,1.558411106528751e-05,0.24,4.501629518927075e-06,7.643066274277618e-14
9,0,8.585299863017095e-06,0.24,4.501629518927075e-06,3.692711284322692e-14
9,0,3.878377691609535e-06,0.24,5.012860128772445e-06,1.9883176864948088e-14
9,0,1.717588533122263e-06,0.24,5.414101451606257e-06,1.2834286415477469e-14
9,0,1.227972354113422e-06,0.24,8.205465746868867e-06,1.7077615702327555e-14
9,0,1.050231924404193e-06,0.34,8.205465746868867e-06,2.9099691542045295e-14
9,0,1.1161629238022741e-06,0.36,8.205465746868867e-06,1.039148557783684e-13
9,0,8.956894673415224e-07,0.36,8.205465746868867e-06,1.4055792120493127e-13
9,0,7.668618769430303e-07,0.36,8.205465746868867e-06,1.5720468004611077e-13
9,0,6.83681607324623e-07,0.36,8.205465746868867e-06,1.5437092793293972e-13
9,0,6.313167469685075e-07,0.36,8.205465746868867e-06,1.3781640759158442e-13
9,0,6.018016788091054e-07,0.36,8.205465746868867e-06,1.2369532481626422e-13
9,0,5.930099963601427e-07,0.36,8.205465746868867e-06,1.2427328588936193e-13
9,0,6.081891779486068e-07,0.36,8.205465746868867e-06,1.4161035625376295e-13
9,0,6.368335523102718e-07,0.36,8.205465746868867e-06,1.851818394807414e-13
9,0,6.767934767462306e-07,0.36,8.205465746868867e-06,2.734603179749967e-13
9,0,7.470336582124134e-07,0.36,8.205465746868867e-06,4.4704417576611755e-13
9,0,8.598499558164041e-07,0.36,8.205465746868867e-06,7.868528419975596e-13
9,0,1.0290810358626393e-06,0.34,8.205465746868867e-06,1.4772019328243569e-12
9,0,1.271726222800972e-06,0.36,8.205465746868867e-06,2.807148177103036e-12
9,0,1.5951188595234931e-06,0.36,8.205465746868867e-06,5.4135107854791364e-12
9,0,2.039075802273111e-06,0.36,8.205465746868867e-06,1.1529771928864285e-11
9,0,2.6780224794012195e-06,0.36,8.205465746868867e-06,2.750041340482401e-11
9,0,3.6511914990663647e-06,0.36,8.205465746868867e-06,6.944594899138679e-11
9,0,5.388776250989553e-06,0.36,8.205465746868867e-06,1.5553354437702893e-10
9,0,8.117056238387708e-06,0.36,6.463586032623425e-06,3.0687782870408853e-10
9,0,1.0347113691121663e-05,0.36,6.463586032623425e-06,5.887478837784954e-10
9,0,1.33560234680509e-05,0.36,6.463586032623425e-06,1.2532567206235967e-09
9,0,1.959446782171943e-05,0.36,5.771165888290852e-06,3.3599583115773157e-09
9,0,2.8204723586628247e-05,0.36,5.221215815254254e-06,9.016307700449033e-09
9,0,3.803596553703727e-05,0.36,5.221215815254254e-06,2.0476283779657933e-08
9,0,4.9494312830497046e-05,0.36,5.221215815254254e-06,3.950025373455901e-08
9,0,6.533488760834823e-05,0.36,5.221215815254254e-06,6.665732854571615e-08
9,0,8.619265245416974e-05,0.36,5.221215815254254e-06,1.0212064438519519e-07
9,0,9.937584762580649e-05,0.36,5.221215815254254e-06,1.6508047906427237e-07
9,0,0.0001085900909590963,0.36,5.712754500564188e-06,2.683939328562701e-07
9,0,0.00012507815254953232,0.36,5.233319825492799e-06,4.32319097853906e-07
9,0,0.00012760792764311398,0.36,5.233319825492799e-06,6.192549903971667e-07
9,0,0.00011155244025636011,0.36,4.855370661971392e-06,6.232327223187895e-07
9,0,0.00012830169041503029,0.36,4.905015430267667e-06,3.326876765186171e-07
9,0,0.00011879671872772061,0.34,4.6409882088482846e-06,1.742386324110612e-08
9,0,0.0001051426720183491,0.32,4.6409882088482846e-06,3.3955724898504513e-09
9,0,0.00012125843656685387,0.32,4.6409882088482846e-06,1.272482785807938e-09
9,0,0.00012586001045777307,0.22,5.280056484480156e-06,6.025912546725465e-10
9,0,0.00011781818575809256,0.22,5.517263161891606e-06,3.506580581458252e-10
9,0,0.00010220823682443544,0.22,5.506019988388289e-06,2.360802942025231e-10
9,0,8.403754955511315e-05,0.24,5.946734745521098e-06,1.7320864187375662e-10
9,0,6.646788225466452e-05,0.24,5.9087742556585e-06,1.314533620844216e-10
9,0,5.0988146140269286e-05,0.24,7.039267529762583e-06,1.0023436941564157e-10
9,0,3.8255320116044775e-05,0.24,1.0855601431103423e-05,7.684855529710433e-11
9,0,2.8328968826387175e-05,0.24,6.385657798091415e-06,6.29548357888865e-11
9,0,2.1238769404799647e-05,0.24,7.125368938432075e-06,4.9876373864332635e-11
9,0,1.66024158901771e-05,0.26,7.125368938432075e-06,3.607408469163964e-11
9,0,1.3609275322549464e-05,0.26,6.5973063101409934e-06,2.804864153438391e-11
9,0,1.1686008180213493e-05,0.26,6.610778200411005e-06,2.4653560443121947e-11
9,0,1.0510566907189348e-05,0.26,6.610778200411005e-06,2.3662745374242178e-11
9,0,9.819900872330437e-06,0.26,6.9077664193173405e-06,2.5505961925853526e-11
9,0,9.60265777750093e-06,0.26,6.9077664193173405e-06,2.7004228714266887e-11
9,0,9.902659977238483e-06,0.26,6.9077664193173405e-06,3.01303947070064e-11
9,0,1.0885331421647049e-05,0.26,6.9077664193173405e-06,3.555377867114906e-11
9,0,1.2633739743038171e-05,0.26,6.9077664193173405e-06,4.3962052748147684e-11
9,0,1.5344341627535557e-05,0.26,6.9077664193173405e-06,5.502372515953091e-11
9,0,1.9611501235475972e-05,0.26,6.9077664193173405e-06,6.181741923905193e-11
9,0,2.5665673946413836e-05,0.26,6.9077664193173405e-06,6.808351799003631e-11
9,0,3.372985044430287e-05,0.26,6.535798092954792e-06,7.354076375643004e-11
9,0,4.52714986607877e-05,0.26,6.535798092954792e-06,7.542170360474998e-11
9,0,6.248931586336121e-05,0.24,4.099630132259335e-06,7.451131378566345e-11
9,0,8.628893040142388e-05,0.24,4.099630132259335e-06,6.601624802371475e-11
9,0,0.00012035970229334813,0.24,4.3328595893399324e-06,6.937842661480786e-11
9,0,0.0001655845544791115,0.24,4.3328595893399324e-06,8.538626750098643e-11
9,0,0.00018583809498170926,0.24,3.883048520947341e-06,1.3275325283501616e-10
9,0,0.0002163082165744518,0.24,3.883048520947341e-06,1.9718363053478072e-10
9,0,0.00028024916617554527,0.24,3.5575687888922403e-06,2.4572591184046644e-10
9,0,0.0003523050098459685,0.24,3.5575687888922403e-06,3.072643806056874e-10
9,0,0.0004542426882153094,0.24,3.5575687888922403e-06,3.9847536381643067e-10
9,0,0.0005869322865868318,0.24,3.5575687888922403e-06,4.943486175967848e-10
9,0,0.0007312475821794853,0.24,3.662193421405391e-06,5.562321159224837e-10
9,0,0.000840042817463487,0.24,3.662193421405391e-06,5.801300551055988e-10
9,0,0.0008943806230513481,0.24,3.662193421405391e-06,5.78541048401604e-10
9,0,0.0010349697151100026,0.24,3.662193421405391e-06,5.472232667003141e-10
9,0,0.0012515436624053798,0.24,3.6528595046547707e-06,5.530425561950381e-10
9,0,0.0013971913812764888,0.22,3.6528595046547707e-06,6.046313449914464e-10
9,0,0.001588738383665896,0.22,3.6528595046547707e-06,6.527281493085013e-10
9,0,0.0018678898343932513,0.22,3.6528595046547707e-06,6.369417215879025e-10
9,0,0.0020430946302615435,0.22,3.6528595046547707e-06,6.065626889650844e-10
9,0,0.002094746144948799,0.22,3.6528595046547707e-06,5.863015628548851e-10
9,0,0.00208878456673766,0.22,4.9213444981432986e-06,5.622116105996611e-10
9,0,0.002113396273787795,0.22,4.9213444981432986e-06,5.401262770377002e-10
9,0,0.0021778372836791554,0.26,5.722717105527408e-06,4.991123070396952e-10
9,0,0.0022843602797294736,0.26,5.722717105527408e-06,4.422978094886787e-10
9,0,0.0024569331211416407,0.26,5.722717105527408e-06,3.6774727707467036e-10
9,0,0.0028243108469166926,0.26,6.246283192012925e-06,2.7409988168081156e-10
9,0,0.0034752133101062493,0.24,6.246283192012925e-06,1.8228646370133106e-10
9,0,0.004383294655388677,0.24,6.246283192012925e-06,1.1138995975601418e-10
9,0,0.005427445314148057,0.22,5.910058462177403e-06,6.451589956713022e-11
9,0,0.006355223978293558,0.22,5.910058462177403e-06,3.8783282141352515e-11
9,0,0.0070501739155525945,0.22,5.910058462177403e-06,2.4734382944591182e-11
9,0,0.007616791111412288,0.22,5.19103423357592e-06,1.7123597678692093e-11
9,0,0.007992194245702758,0.22,5.204298759053927e-06,1.3441107601930291e-11
9,0,0.008404567589450334,0.22,5.204298759053927e-06,1.1606954980480921e-11
9,0,0.009538630907669716,0.22,5.204298759053927e-06,1.0209008118045038e-11
9,0,0.011627025827845743,0.22,5.204298759053927e-06,9.009847555530026e-12
9,0,0.014648663643410683,0.22,5.204298759053927e-06,8.135434166611777e-12
9,0,0.017696333478207642,0.2,5.204298759053927e-06,7.959826374415169e-12
9,0,0.019561381233753353,0.2,4.5681435949518345e-06,8.850643308522255e-12
9,0,0.01939194050935848,0.22,5.095439519209322e-06,1.1641542764506685e-11
9,0,0.017848345890024674,0.22,5.095439519209322e-06,1.783927693066456e-11
9,0,0.016926807612655238,0.22,5.3853204917686526e-06,3.124507597096482e-11
9,0,0.01768706245645535,0.22,5.3853204917686526e-06,5.172827097221777e-11
9,0,0.020176548485653836,0.22,5.3853204917686526e-06,8.312590893400085e-11
9,0,0.02430398881552802,0.22,5.3853204917686526e-06,1.1398387095296059e-10
9,0,0.02997211117706323,0.22,5.3853204917686526e-06,1.3972176193810526e-10
9,0,0.034779927083732946,0.22,5.110955044074217e-06,1.5626235028154412e-10
9,0,0.03698518046519953,0.22,5.110955044074217e-06,1.7018667031187817e-10
9,0,0.037841133351936916,0.22,5.110955044074217e-06,1.8368251364364596e-10
9,0,0.0387270571127844,0.22,5.110955044074217e-06,1.9792706362764534e-10
9,0,0.0394493216956921,0.22,5.110955044074217e-06,2.1093152224871403e-10
9,0,0.03974729087617361,0.22,3.997245130449301e-06,2.1750230783101898e-10
9,0,0.039794606373853,0.22,3.997245130449301e-06,2.1133099437076197e-10
9,0,0.03877303531779715,0.22,3.997245130449301e-06,2.0202378658851217e-10
9,0,0.03674179472122263,0.22,3.7820811940036947e-06,1.47824072427305e-10
9,0,0.03362287245038603,0.22,3.7820811940036947e-06,1.6430119764709872e-10
9,0,0.030349113199745297,0.22,3.7820811940036947e-06,1.5136455977504681e-10
9,0,0.02812434208080891,0.22,3.7820811940036947e-06,1.3482504002126916e-10
9,0,0.0263244934598035,0.22,3.7820811940036947e-06,1.1795547871784606e-10
9,0,0.02477963585710854,0.22,3.7820811940036947e-06,9.805933842699233e-11
9,0,0.023280467600551025,0.22,3.7820811940036947e-06,7.589763539872507e-11
9,0,0.020838656161921907,0.22,3.7820811940036947e-06,5.839876499047492e-11
9,0,0.018036014348204895,0.24,3.7820811940036947e-06,4.604916795103442e-11
9,0,0.015791137381295423,0.26,3.7820811940036947e-06,3.4333612342063446e-11
9,0,0.014605205433649677,0.28,3.757938429771457e-06,2.302760239436541e-11
9,0,0.013673549955130775,0.3,3.7935501495667268e-06,1.4067634210301883e-11
9,0,0.011886415239822349,0.32,3.7935501495667268e-06,8.81398599938965e-12
9,0,0.011261093579467479,0.34,3.4676099858188536e-06,5.402577257090924e-12
9,0,0.011590779063066962,0.34,3.4676099858188536e-06,3.5508627288516337e-12
9,0,0.012184222424635299,0.36,3.4676099858188536e-06,2.6539148482995767e-12
9,0,0.013455353467024696,0.38,3.4676099858188536e-06,2.1214009281872448e-12
9,0,0.015777094499826387,0.38,3.4676099858188536e-06,1.8096088863495119e-12
9,0,0.020373728237843693,0.38,3.4676099858188536e-06,1.6746906595851985e-12
9,0,0.026744174510475748,0.36,3.4676099858188536e-06,1.8777874220832214e-12
9,0,0.03495595192593394,0.36,3.4676099858188536e-06,2.679575528477529e-12
9,0,0.047221760411375775,0.34,3.4587717436806997e-06,4.189592249514984e-12
9,0,0.06730794122071003,0.34,3.4587717436806997e-06,6.2729817000561905e-12
9,0,0.09211923256771883,0.38,3.4587717436806997e-06,9.366275983968553e-12
9,0,0.11226015504890777,0.4,3.4587717436806997e-06,1.493005719055418e-11
9,0,0.11986042004049376,0.4,3.4587717436806997e-06,2.27888610759841e-11
9,0,0.09760353217424604,0.4,5.20562889505527e-06,3.9504712001647846e-11
9,0,0.06453337260846866,0.38,8.523498763679527e-06,9.58292820096851e-11
9,0,0.05992074544404882,0.42,8.523498763679527e-06,8.641274917842168e-10
9,0,0.06386431314986157,0.42,7.711273610766511e-06,1.3108844676423814e-08
9,0,0.08410967419858614,0.38,8.149969289661385e-06,2.0764139208040433e-07
9,0,0.1371421147177502,0.42,1.2139189493609592e-05,2.898246520999237e-06
9,0,0.15406172831944986,0.46,1.2139189493609592e-05,6.521322120534023e-06
9,0,0.1604882580965559,0.46,1.2139189493609592e-05,9.767802112037316e-06
9,0,0.15860229965960299,0.46,1.1617286872933619e-05,1.0927394214377273e-05
9,0,0.15084566625895846,0.44,1.1617286872933619e-05,9.830227099882904e-06
9,0,0.14063147798288778,0.42,1.1617286872933619e-05,7.965710210555699e-06
9,0,0.12646317283903413,0.42,1.1617286872933619e-05,5.925634923187317e-06
9,0,0.10776967449267924,0.42,1.1617286872933619e-05,4.320040261518443e-06
9,0,0.09059578310179657,0.42,7.256616754602874e-06,2.705590532059432e-06
9,0,0.07690453228350722,0.42,7.256616754602874e-06,1.5251570175678353e-06
9,0,0.06463684483268718,0.42,7.256616754602874e-06,7.856218076085497e-07
9,0,0.05366455951223662,0.42,7.256616754602874e-06,3.6019764593220316e-07
9,0,0.04360659189356336,0.42,7.256616754602874e-06,1.7048725453605584e-07
9,0,0.03466171200732824,0.42,7.256616754602874e-06,8.311635468771783e-08
9,0,0.027628968430426924,0.42,7.256616754602874e-06,4.153003274609546e-08
9,0,0.02223035593213357,0.44,7.256616754602874e-06,2.218876105075651e-08
9,0,0.017790755906152325,0.44,7.256616754602874e-06,1.2956937744945662e-08
9,0,0.014674100083969592,0.46,6.866008334327489e-06,6.795100038203827e-09
9,0,0.012809802165431587,0.46,6.866008334327489e-06,5.556291426955795e-09
9,0,0.011707960540008644,0.46,6.866008334327489e-06,3.741383203248461e-09
9,0,0.01075165696464724,0.46,6.866008334327489e-06,2.7166371374676146e-09
9,0,0.009911040300011229,0.46,6.866008334327489e-06,2.0862533922638704e-09
9,0,0.009364791939338726,0.46,6.866008334327489e-06,1.692037621126019e-09
9,0,0.009238802570117251,0.46,6.866008334327489e-06,1.4335863607328747e-09
9,0,0.009227345013443656,0.46,6.866008334327489e-06,1.2943420779620851e-09
9,0,0.009334870957916859,0.46,6.866008334327489e-06,1.2217430400696117e-09
9,0,0.010313347365365546,0.46,6.866008334327489e-06,1.0951528572888947e-09
9,0,0.01216623346956228,0.46,6.866008334327489e-06,5.537307834480032e-10
9,0,0.012971032636096875,0.46,7.256616754602874e-06,1.31089883392832e-09
9,0,0.012827444551156603,0.46,7.256616754602874e-06,2.061342208037331e-09
9,0,0.013109756270927968,0.48,7.256616754602874e-06,4.172405532187895e-09
9,0,0.014710284581902783,0.48,7.256616754602874e-06,8.580477661723762e-09
9,0,0.017330134941415425,0.48,7.256616754602874e-06,1.7336908797460637e-08
9,0,0.019916660282870553,0.48,7.256616754602874e-06,3.809658366549229e-08
9,0,0.022681718523668196,0.46,7.256616754602874e-06,8.921200844724808e-08
9,0,0.026560680269447568,0.46,7.256616754602874e-06,2.1715375453368324e-07
9,0,0.03222706303051828,0.48,7.256616754602874e-06,5.012345241084404e-07
9,0,0.03830603051111125,0.48,7.256616754602874e-06,1.0329461019864539e-06
9,0,0.04350190962647259,0.48,7.256616754602874e-06,2.105476141878171e-06
9,0,0.04835938994600413,0.48,7.256616754602874e-06,4.113524937565671e-06
9,0,0.05303605848835102,0.48,7.256616754602874e-06,7.769426701997872e-06
9,0,0.05733308839062216,0.5,7.256616754602874e-06,1.3837121514370665e-05
9,0,0.06135421410481526,0.5,7.256616754602874e-06,2.1894278688705526e-05
9,0,0.06406071621833286,0.5,7.256616754602874e-06,3.309259773232043e-05
9,0,0.06534148431501974,0.5,7.256616754602874e-06,4.698271004599519e-05
9,0,0.06567400582902518,0.5,7.256616754602874e-06,6.136530282674357e-05
9,0,0.06495532556592852,0.52,7.256616754602874e-06,7.21951000741683e-05
9,0,0.0627586273042762,0.52,7.256616754602874e-06,7.465462113032117e-05
9,0,0.06004107918936476,0.52,7.256616754602874e-06,6.74246039125137e-05
9,0,0.05676532175018833,0.52,7.256616754602874e-06,5.347704063751735e-05
9,0,0.05256319872812236,0.52,7.256616754602874e-06,3.890004882123321e-05
9,0,0.04767302523995703,0.5,7.256616754602874e-06,2.6927331418846734e-05
9,0,0.04243998671690006,0.5,7.256616754602874e-06,1.798550692910794e-05
9,0,0.03724409392207934,0.5,7.256616754602874e-06,1.1655017260636669e-05
9,0,0.032401919154907796,0.5,7.256616754602874e-06,7.164378075685818e-06
9,0,0.028071422346366722,0.5,7.256616754602874e-06,4.1048724597203545e-06
9,0,0.024171734703720804,0.5,7.256616754602874e-06,2.280891067130142e-06
9,0,0.0204771549915063,0.5,7.256616754602874e-06,1.2421221526892623e-06
9,0,0.016659837964587317,0.48,7.256616754602874e-06,6.766312594663759e-07
9,0,0.013713862943501156,0.46,7.256616754602874e-06,3.4247764801875746e-07
9,0,0.012085842939368322,0.46,7.256616754602874e-06,1.4966238381930452e-07
9,0,0.010715875599286677,0.46,7.256616754602874e-06,6.222657589205483e-08
9,0,0.009257637964062369,0.44,7.256616754602874e-06,2.9088404573940352e-08
9,0,0.007993045601658318,0.44,7.256616754602874e-06,1.549958916768901e-08
9,0,0.006998105751815819,0.44,7.256616754602874e-06,9.037381509813258e-09
9,0,0.0062515121967314635,0.46,7.256616754602874e-06,5.762869736969378e-09
9,0,0.0057205434955574525,0.46,7.256616754602874e-06,3.966027062318744e-09
9,0,0.005364652862191668,0.46,7.256616754602874e-06,2.8951727681914008e-09
9,0,0.0051232595363390875,0.46,7.256616754602874e-06,2.2239250441202785e-09
9,0,0.004971886909946914,0.46,7.256616754602874e-06,1.7958750042623706e-09
9,0,0.004892033001556954,0.46,7.256616754602874e-06,1.6336445529674393e-09
9,0,0.004981514761809709,0.46,7.256616754602874e-06,1.6497296861928135e-09
9,0,0.005271331517686484,0.44,7.256616754602874e-06,1.7209500491333074e-09
9,0,0.005612913664669115,0.44,7.256616754602874e-06,1.8472010587800014e-09
9,0,0.0059285038714281596,0.44,7.256616754602874e-06,2.1779256176301942e-09
9,0,0.006383115431253939,0.44,7.256616754602874e-06,2.8980458033345258e-09
9,0,0.007189056546234871,0.46,7.256616754602874e-06,3.973379403277022e-09
9,0,0.008179719301548524,0.46,7.256616754602874e-06,5.956506399229511e-09
9,0,0.009620349044756045,0.44,7.256616754602874e-06,8.687981889465846e-09
9,0,0.011911778222914393,0.44,7.256616754602874e-06,1.4537843817663543e-08
9,0,0.013969441305789625,0.44,6.378318175848108e-06,2.4946157139993375e-08
9,0,0.015472111574716499,0.44,6.378318175848108e-06,4.559720423458202e-08
9,0,0.018124046619141333,0.44,6.378318175848108e-06,9.173542281359914e-08
9,0,0.029490861401945588,0.44,6.378318175848108e-06,4.680689258407256e-08
9,0,0.032200996023602296,0.44,6.378318175848108e-06,1.2079468092451862e-07
9,0,0.034652341205204364,0.44,6.378318175848108e-06,2.240347782844765e-07
9,0,0.03800265085507125,0.44,6.378318175848108e-06,3.387530682630313e-07
9,0,0.04082131713624265,0.46,6.378318175848108e-06,4.346867683580058e-07
9,0,0.04225062089194679,0.46,6.378318175848108e-06,4.807214395441406e-07
9,0,0.04198589068087329,0.46,6.378318175848108e-06,4.688503167926683e-07
9,0,0.04080329264498285,0.46,6.378318175848108e-06,4.0066387896331435e-07
9,0,0.03920437805095213,0.46,6.378318175848108e-06,3.0010428986315674e-07
9,0,0.03552431790570321,0.46,6.378318175848108e-06,2.0677980216987635e-07
9,0,0.03033531063965834,0.46,6.378318175848108e-06,1.4730288455666596e-07
9,0,0.02700115962939396,0.46,6.378318175848108e-06,7.57520979277615e-08
9,0,0.023531827441554243,0.48,6.378318175848108e-06,3.567066286791487e-08
9,0,0.020196301559552838,0.48,6.378318175848108e-06,1.9890483926587876e-08
9,0,0.018406048854364,0.48,6.378318175848108e-06,1.03902237924558e-08
9,0,0.015346878292892626,0.48,6.378318175848108e-06,6.197827584486504e-09
9,0,0.012680821419098959,0.46,6.378318175848108e-06,3.2356188839344213e-09
9,0,0.01202395684476586,0.46,6.378318175848108e-06,1.6092438492876227e-09
9,0,0.010754099124384058,0.46,6.378318175848108e-06,7.645238331299709e-10
9,0,0.008802143013141046,0.46,6.378318175848108e-06,4.335569125935024e-10
9,0,0.007531743468084797,0.46,6.378318175848108e-06,2.5619187327130533e-10
9,0,0.006506723192114203,0.46,6.378318175848108e-06,1.4797867098348405e-10
9,0,0.005537995985508857,0.46,6.378318175848108e-06,7.672699281480178e-11
9,0,0.004779463723071513,0.46,6.378318175848108e-06,3.9253097300351314e-11
9,0,0.004218496354516005,0.46,6.378318175848108e-06,2.1385464579748437e-11
9,0,0.003854484543082861,0.46,6.378318175848108e-06,1.2828627916905422e-11
9,0,0.0036213261723098094,0.46,6.378318175848108e-06,8.040438974343811e-12
9,0,0.003231247094365406,0.46,6.378318175848108e-06,5.594576451412037e-12
9,0,0.0028549158293800798,0.46,6.378318175848108e-06,4.476757940047316e-12
9,0,0.0026639260853923434,0.46,6.378318175848108e-06,4.0611260014589146e-12
9,0,0.0025619998395745146,0.46,6.378318175848108e-06,5.741849704032909e-12
9,0,0.0025383780019712543,0.46,6.034985744918231e-06,3.358120856042368e-12
9,0,0.0025559894485787608,0.48,6.034985744918231e-06,3.437828580837854e-12
9,0,0.002555346778632387,0.48,6.034985744918231e-06,3.650479658140471e-12
9,0,0.0025949542627950626,0.5,6.034985744918231e-06,3.852793084568873e-12
9,0,0.0026979261201195096,0.5,6.034985744918231e-06,4.622505503371066e-12
9,0,0.0028921922698024218,0.48,6.034985744918231e-06,6.14557666908655e-12
9,0,0.003353197251833792,0.46,6.034985744918231e-06,8.525195306641198e-12
9,0,0.004045330357395328,0.46,6.034985744918231e-06,1.2628485930588074e-11
9,0,0.004747872213867596,0.46,6.034985744918231e-06,2.0529083641362966e-11
9,0,0.005675823882097304,0.46,6.034985744918231e-06,3.4410117116800976e-11
9,0,0.007010547223278359,0.46,6.034985744918231e-06,5.7779201562135896e-11
9,0,0.008832243004185369,0.46,6.034985744918231e-06,8.7379305180324e-11
9,0,0.010446881514844861,0.46,6.034985744918231e-06,1.3505564722127161e-10
9,0,0.011135467249240241,0.46,6.378318175848108e-06,2.9947869184532294e-10
9,0,0.01196477169333884,0.46,6.378318175848108e-06,5.86952764169979e-10
9,0,0.01339299593257418,0.46,6.378318175848108e-06,1.174074060195096e-09
9,0,0.014834141067167463,0.46,6.378318175848108e-06,2.2874235838798995e-09
9,0,0.01609716642036607,0.46,6.378318175848108e-06,4.189327107440022e-09
9,0,0.017121128296804386,0.46,6.378318175848108e-06,7.032080251434536e-09
9,0,0.017807158403535125,0.46,6.378318175848108e-06,1.0883962175967099e-08
9,0,0.018015073743990972,0.46,6.378318175848108e-06,1.552408690486118e-08
9,0,0.01768401333116239,0.46,6.378318175848108e-06,2.021766754012333e-08
9,0,0.017496714685958467,0.46,6.378318175848108e-06,2.356023642846594e-08
9,0,0.01768203528138278,0.46,6.378318175848108e-06,2.4028219414162777e-08
9,0,0.01686149846838211,0.46,6.378318175848108e-06,2.4286707756004944e-08
9,0,0.015778863521971064,0.46,6.378318175848108e-06,2.4438284285110967e-08
9,0,0.01513497032781167,0.46,6.378318175848108e-06,2.201852211669575e-08
9,0,0.014170868975250918,0.44,5.960235739621567e-06,1.8499486387213437e-08
9,0,0.01305417405287991,0.46,5.960235739621567e-06,1.5626278937475035e-08
9,0,0.011779011110935711,0.46,5.960235739621567e-06,1.3574792845361117e-08
9,0,0.01031342958236753,0.46,5.960235739621567e-06,1.092876988906255e-08
9,0,0.009095241408645885,0.46,5.960235739621567e-06,7.773640398056614e-09
9,0,0.008193620583230156,0.46,5.960235739621567e-06,4.78264716718968e-09
9,0,0.007601013957437136,0.46,4.780154540640069e-06,2.5250894708506166e-09
9,0,0.006972769280616125,0.46,4.780154540640069e-06,1.3331105108704833e-09
9,0,0.005904131099266112,0.46,4.522848485066788e-06,7.350531294747498e-10
9,0,0.00487832958861405,0.46,4.522848485066788e-06,5.001500880119636e-10
9,0,0.004240818138087883,0.46,4.522848485066788e-06,2.938790044648698e-10
9,0,0.0037840042048515286,0.46,4.522848485066788e-06,1.632871199364061e-10
9,0,0.003418106112827755,0.46,5.639407845592359e-06,9.526415073457528e-11
9,0,0.003124888674289556,0.46,5.639407845592359e-06,6.170174093877989e-11
9,0,0.0028507079738271635,0.46,5.639407845592359e-06,4.539356043831155e-11
9,0,0.0026442517755502983,0.46,5.639407845592359e-06,3.7106002298559204e-11
9,0,0.0025350344603189538,0.46,5.639407845592359e-06,2.992723777128781e-11
9,0,0.0025257691985015483,0.46,5.639407845592359e-06,2.254915525135015e-11
9,0,0.002555676255786455,0.46,5.639407845592359e-06,1.4751585369898734e-11
9,0,0.002615597674458106,0.46,5.639407845592359e-06,5.111019246717419e-12
9,0,0.0027369475702084716,0.46,5.639407845592359e-06,1.771983948462008e-11
9,0,0.0029444349201375713,0.44,5.639407845592359e-06,2.7568213337159087e-11
9,0,0.0033163538758951274,0.42,5.960235739621567e-06,7.097168686076571e-11
9,0,0.00381794529195661,0.44,5.960235739621567e-06,5.683493953245744e-11
9,0,0.004578760286477704,0.44,5.960235739621567e-06,8.642392357316453e-11
9,0,0.005639972695733148,0.44,5.960235739621567e-06,1.4735845876856501e-10
9,0,0.00705966722469734,0.44,5.960235739621567e-06,2.8601318535770304e-10
9,0,0.008957885226801413,0.44,5.960235739621567e-06,6.114401207568676e-10
9,0,0.011372247085497618,0.44,4.780154540640069e-06,1.5226370164711511e-09
9,0,0.01451768623911298,0.44,4.780154540640069e-06,4.151828658649492e-09
9,0,0.01866873823768539,0.44,4.780154540640069e-06,1.1753293449601188e-08
9,0,0.023560088596890363,0.44,4.780154540640069e-06,3.086791622308738e-08
9,0,0.028320543001302132,0.44,4.780154540640069e-06,8.730030032211289e-08
9,0,0.03347615700973563,0.44,4.307936251279898e-06,2.3005671323517163e-07
9,0,0.039199324968044374,0.44,4.307936251279898e-06,5.82540565119416e-07
9,0,0.045170143532240616,0.44,3.946842298319098e-06,1.2093236136934138e-06
9,0,0.050500235693155676,0.44,3.946842298319098e-06,2.6092498046637047e-06
9,0,0.05552036309766239,0.46,3.946842298319098e-06,5.1297211030032486e-06
9,0,0.06054767773047782,0.44,3.946842298319098e-06,9.052546374732628e-06
9,0,0.06442064008188868,0.44,3.946842298319098e-06,1.433929537597578e-05
9,0,0.06599934806007116,0.44,3.946842298319098e-06,2.011944707192015e-05
9,0,0.0670182529764727,0.42,3.946842298319098e-06,2.6144749426748604e-05
9,0,0.06924232818379382,0.4,3.946842298319098e-06,2.9964301575091667e-05
9,0,0.06997641021019482,0.4,3.946842298319098e-06,3.246010237489827e-05
9,0,0.06858991162622026,0.42,3.946842298319098e-06,3.5623550502350554e-05
9,0,0.06834861922181688,0.44,3.946842298319098e-06,3.624171222327277e-05
9,0,0.06576294944301017,0.46,3.946842298319098e-06,3.629888306022622e-05
9,0,0.05917459724713756,0.48,3.946842298319098e-06,3.401057256269269e-05
9,0,0.05382659063522662,0.48,3.946842298319098e-06,2.8711086997645907e-05
9,0,0.050597167105781174,0.44,3.946842298319098e-06,2.1175959773245268e-05
9,0,0.04815675976619236,0.44,3.946842298319098e-06,1.3646329534822144e-05
9,0,0.04499864704343276,0.42,3.946842298319098e-06,8.166625775629655e-06
9,0,0.03942246406632551,0.42,3.946842298319098e-06,5.179043910175096e-06
9,0,0.0341708724903712,0.42,4.307936251279898e-06,3.848369033221388e-06
9,0,0.0313759122038842,0.42,4.307936251279898e-06,2.3364020762528526e-06
9,0,0.027903752294237118,0.42,4.307936251279898e-06,1.4625935591539019e-06
9,0,0.024489649169668008,0.4,4.307936251279898e-06,9.388540433974413e-07
9,0,0.021973775327639913,0.4,4.307936251279898e-06,6.258098323996819e-07
9,0,0.019673829079620186,0.42,4.307936251279898e-06,4.452981841041037e-07
9,0,0.017978850176260202,0.42,3.946842298319098e-06,2.924389832514862e-07
9,0,0.016720047377358885,0.42,3.5384073271416128e-06,2.309771787167847e-07
9,0,0.015843312440287964,0.42,3.5384073271416128e-06,1.9995623290469666e-07
9,0,0.015395751801088105,0.42,3.5384073271416128e-06,1.916318552730445e-07
9,0,0.015310343206782921,0.42,3.5384073271416128e-06,2.0094148567295633e-07
9,0,0.015457543676178962,0.44,3.5384073271416128e-06,2.2374439367922605e-07
9,0,0.01527792192755766,0.44,3.5384073271416128e-06,2.693416263355175e-07
9,0,0.01464920384228505,0.44,3.5384073271416128e-06,3.207234726687602e-07
9,0,0.01552529282310946,0.44,3.5384073271416128e-06,3.603876450597454e-07
9,0,0.016558128831331127,0.44,3.5384073271416128e-06,4.484526812120748e-07
9,0,0.016792126139386892,0.44,3.5384073271416128e-06,6.611507501474989e-07
9,0,0.018678553124899553,0.44,3.5384073271416128e-06,1.0765490969788516e-06
9,0,0.02221136926994912,0.44,3.5384073271416128e-06,1.95838083527633e-06
9,0,0.02696078185316802,0.44,3.5384073271416128e-06,4.211431587464176e-06
9,0,0.033221186921943806,0.44,3.946842298319098e-06,1.0687210306059569e-05
9,0,0.04157158060364933,0.44,3.824802206509048e-06,3.17766607622616e-05
9,0,0.05285388243350037,0.44,3.824802206509048e-06,9.343657438876107e-05
9,0,0.06788836997623482,0.44,3.824802206509048e-06,0.00025734136579558253
9,0,0.08794447610002136,0.44,3.824802206509048e-06,0.0007438433240167797
9,0,0.11251553728561407,0.44,3.824802206509048e-06,0.0023279860615730286
9,0,0.13894975113051325,0.44,3.824802206509048e-06,0.007821248844265938
9,0,0.16783488363364005,0.46,4.020079359179363e-06,0.027078954502940178
9,0,0.2014266225187339,0.46,4.020079359179363e-06,0.0907118022441864
9,0,0.23807541753546643,0.46,4.020079359179363e-06,0.2852650582790375
9,0,0.277233210029927,0.46,4.020079359179363e-06,0.5531831979751587
9,0,0.31785715916459123,0.46,4.020079359179363e-06,0.7251093983650208
9,0,0.3569877957829556,0.46,4.151683242525905e-06,0.8345144391059875
9,0,0.39376832349255103,0.46,4.151683242525905e-06,0.9147663712501526
9,0,0.42754910496386345,0.46,4.151683242525905e-06,0.9505671858787537
9,0,0.4570858734545597,0.48,4.151683242525905e-06,0.9681516289710999
9,0,0.46988768536026804,0.48,4.151683242525905e-06,0.9801876544952393
9,0,0.45638383709119645,0.48,4.151683242525905e-06,0.9886157512664795
9,0,0.43148092546633293,0.48,4.151683242525905e-06,0.9938514232635498
9,0,0.4094679537453233,0.48,4.151683242525905e-06,0.9964770674705505
9,0,0.4068520071103936,0.48,4.387874014355475e-06,0.9986358284950256
9,0,0.4310856306321424,0.48,4.387874014355475e-06,0.9982330799102783
9,0,0.43110465003736154,0.48,4.387874014355475e-06,0.9986183047294617
9,0,0.40310960090126946,0.46,4.151683242525905e-06,0.9983595013618469
9,0,0.38837966782586625,0.46,4.151683242525905e-06,0.9984258413314819
9,0,0.37514240594724624,0.46,4.151683242525905e-06,0.9983800053596497
9,0,0.3559046303025075,0.44,4.151683242525905e-06,0.9981170892715454
9,0,0.33520435158407935,0.44,4.151683242525905e-06,0.9979415535926819
9,0,0.31390304248794465,0.44,4.151683242525905e-06,0.997638463973999
9,0,0.3020246692585428,0.44,3.950013251596829e-06,0.9969993233680725
9,0,0.29403306585596883,0.44,3.950013251596829e-06,0.9961072206497192
9,0,0.2670345990282363,0.44,3.950013251596829e-06,0.9957594871520996
9,0,0.2402043264202564,0.44,4.174730747763533e-06,0.9960557818412781
9,0,0.22504255199132472,0.44,4.174730747763533e-06,0.9952516555786133
9,0,0.20889512578180155,0.44,4.174730747763533e-06,0.9950627684593201
9,0,0.1897842741820149,0.44,4.174730747763533e-06,0.995085597038269
9,0,0.17220727797244603,0.44,4.174730747763533e-06,0.9950277209281921
9,0,0.157442466545748,0.46,4.174730747763533e-06,0.995100736618042
9,0,0.1458427472149818,0.46,4.174730747763533e-06,0.9968199729919434
9,0,0.13453356413167888,0.46,3.950013251596829e-06,0.995868980884552
9,0,0.12202844991479452,0.46,3.950013251596829e-06,0.9965283870697021
9,0,0.11027723205007584,0.46,3.950013251596829e-06,0.9969057440757751
9,0,0.10006828570281417,0.46,3.950013251596829e-06,0.997645914554596
9,0,0.09123255687606759,0.46,3.950013251596829e-06,0.9984264373779297
9,0,0.0834308107393607,0.46,3.950013251596829e-06,0.9988629221916199
9,0,0.07504618653627163,0.46,3.950013251596829e-06,0.9992204904556274
9,0,0.06711065572726985,0.42,3.950013251596829e-06,0.9994640946388245
9,0,0.06368559327946544,0.38,3.950013251596829e-06,0.9995570182800293
9,0,0.06127931746547184,0.38,3.950013251596829e-06,0.9996355772018433
9,0,0.05606582844769382,0.4,3.950013251596829e-06,0.9997380971908569
9,0,0.0542893101135345,0.4,4.076048753631767e-06,0.9997899532318115
9,0,0.05435241984278312,0.4,4.076048753631767e-06,0.9998248815536499
9,0,0.05077539935164571,0.38,4.076048753631767e-06,0.9998782873153687
9,0,0.048000427011838806,0.38,4.076048753631767e-06,0.999903678894043
9,0,0.04873168905582713,0.4,4.076048753631767e-06,0.9999068975448608
9,0,0.05029834490294492,0.4,4.076048753631767e-06,0.999909520149231
9,0,0.050628554477144094,0.4,4.076048753631767e-06,0.9999158978462219
9,0,0.05060089021204904,0.38,4.076048753631767e-06,0.9999199509620667
9,0,0.05043992428529166,0.38,4.076048753631767e-06,0.9999237656593323
9,0,0.05016096982951897,0.36,4.076048753631767e-06,0.9999259114265442
9,0,0.049490963961002346,0.36,4.076048753631767e-06,0.9999198913574219
9,0,0.04775033213020814,0.36,4.076048753631767e-06,0.9999058842658997
9,0,0.04617720956934438,0.36,4.076048753631767e-06,0.999893069267273
9,0,0.045197791015285656,0.38,4.076048753631767e-06,0.9998568892478943
9,0,0.0440494438216944,0.38,4.076048753631767e-06,0.9998260736465454
9,0,0.043011563804260855,0.38,4.076048753631767e-06,0.9997941851615906
9,0,0.04146541838273991,0.38,4.076048753631767e-06,0.9997112154960632
9,0,0.040284751372298255,0.4,4.076048753631767e-06,0.9995441436767578
9,0,0.03962542870258901,0.4,4.253831320966128e-06,0.999248206615448
9,0,0.042366955380918635,0.4,4.253831320966128e-06,0.999167799949646
9,0,0.05475052697550848,0.4,4.253831320966128e-06,0.9995711445808411
9,0,0.05121195727923033,0.42,4.253831320966128e-06,0.9995365738868713
9,0,0.031335535026622445,0.42,4.495833309192676e-06,0.9991368055343628
9,0,0.01765439044350035,0.42,4.260566583980108e-06,0.9983289241790771
9,0,0.017867580394307362,0.42,5.1033662202826235e-06,0.9990502595901489
9,0,0.02189538562294591,0.46,5.017332568968413e-06,0.999505341053009
9,0,0.018657391360853016,0.44,6.5601770984358154e-06,0.999506413936615
9,0,0.01675940305819972,0.44,7.10272297510528e-06,0.9995554089546204
9,0,0.014560512280616836,0.44,7.773458492010832e-06,0.9995326995849609
9,0,0.012960398080413967,0.44,7.773458492010832e-06,0.9994977116584778
9,0,0.01199985295839365,0.44,1.1537560567376204e-05,0.9994581341743469
9,0,0.01147409499569059,0.44,1.1537560567376204e-05,0.9994019865989685
9,0,0.011318489418964014,0.42,1.1537560567376204e-05,0.9993530511856079
9,0,0.01151049661037411,0.4,1.2174666153441649e-05,0.9991419315338135
9,0,0.012006858283119847,0.44,1.2174666153441649e-05,0.9989744424819946
9,0,0.013065654106250796,0.44,1.2174666153441649e-05,0.9990268349647522
9,0,0.014773771109331032,0.46,1.670596066105645e-05,0.999180257320404
9,0,0.016966339625879498,0.48,1.670596066105645e-05,0.9993224143981934
9,0,0.019515704542294614,0.48,1.670596066105645e-05,0.9993667006492615
9,0,0.022780321767975346,0.48,1.4545779777108692e-05,0.9993799924850464
9,0,0.027176207306250876,0.48,1.3326556654646993e-05,0.9993426203727722
9,0,0.033063195538978594,0.48,1.2914489161630627e-05,0.9994968771934509
9,0,0.041940046991624874,0.48,1.2200771379866637e-05,0.9996432065963745
9,0,0.054708920497696115,0.42,1.2200771379866637e-05,0.9997521638870239
9,0,0.06859084339175543,0.42,1.2823682482121512e-05,0.9997928738594055
9,0,0.08656386665004308,0.42,1.3399781892076135e-05,0.9997788071632385
9,0,0.1059762190372536,0.42,1.3399781892076135e-05,0.9997715950012207
9,0,0.10883456102928363,0.4,1.6418176528532058e-05,0.9996883869171143
9,0,0.10580254375442853,0.4,9.720723937789444e-06,0.9995852708816528
9,0,0.10579252759428491,0.38,1.0610061508486979e-05,0.9996504187583923
9,0,0.08786757655059488,0.38,1.128102758229943e-05,0.9995076656341553
9,0,0.06272844650846095,0.38,6.329865300358506e-06,0.9990793466567993
9,0,0.06341347085107309,0.38,7.244040261866758e-06,0.9994866847991943
9,0,0.0759423918605568,0.38,7.244040261866758e-06,0.9997709393501282
9,0,0.07787460787839835,0.38,7.244040261866758e-06,0.9998156428337097
9,0,0.07591672196715199,0.38,7.244040261866758e-06,0.9998379349708557
9,0,0.06578665853913998,0.38,7.244040261866758e-06,0.9998303055763245
9,0,0.05399221966180737,0.4,6.854108050902141e-06,0.9997838139533997
9,0,0.046444580418515534,0.4,1.0356170605518855e-05,0.9997337460517883
9,0,0.04229283383769116,0.38,1.0356170605518855e-05,0.999725341796875
9,0,0.04021392468200016,0.38,1.0356170605518855e-05,0.9997493624687195
9,0,0.039026789315780075,0.38,1.189416343549965e-05,0.9997826814651489
9,0,0.03850737932290622,0.38,1.189416343549965e-05,0.9998175501823425
9,0,0.03821966111350024,0.38,7.872014066379052e-06,0.9998450875282288
9,0,0.03668071983923122,0.38,8.319854714500252e-06,0.9998680353164673
9,0,0.033299139805198885,0.38,8.319854714500252e-06,0.99985271692276
9,0,0.029072740608785303,0.38,7.872014066379052e-06,0.9997906684875488
9,0,0.026249012975744373,0.38,7.872014066379052e-06,0.9997509121894836
9,0,0.026588605508649596,0.38,7.872014066379052e-06,0.999758243560791
9,0,0.030566837790436844,0.38,7.872014066379052e-06,0.9997849464416504
9,0,0.03744185391294894,0.38,7.872014066379052e-06,0.9998317360877991
9,0,0.04701332541391905,0.38,7.872014066379052e-06,0.9998785257339478
9,0,0.057945666872539714,0.38,1.445043471903773e-05,0.9999142289161682
9,0,0.06406582754506324,0.4,1.445043471903773e-05,0.9999257326126099
9,0,0.06125553171819199,0.38,1.6769554349593818e-05,0.9999103546142578
9,0,0.05296807315672564,0.38,1.9375118426978588e-05,0.999877393245697
9,0,0.04397861343682105,0.4,1.913546657306142e-05,0.9998277425765991
9,0,0.03746939501098626,0.4,2.8912430934724398e-05,0.9997712969779968
9,0,0.03443523976692559,0.38,4.858361717197113e-05,0.9997248649597168
9,0,0.035513745418239394,0.4,6.417562690330669e-05,0.9997565150260925
9,0,0.04080557290435332,0.4,0.00015171660925261676,0.9998140335083008
9,0,0.04931331493652656,0.38,0.00015171660925261676,0.9998677968978882
9,0,0.056529364628154825,0.38,0.00015171660925261676,0.9998897314071655
9,0,0.062405084968666986,0.38,0.00015171660925261676,0.9999023675918579
9,0,0.069689557097126,0.38,0.00015171660925261676,0.9999184012413025
9,0,0.07725475693931774,0.38,0.0001664493465796113,0.9999253749847412
9,0,0.08488376239433616,0.38,0.0001664493465796113,0.9999290704727173
9,0,0.09264365285152261,0.38,0.0001664493465796113,0.9999378323554993
9,0,0.09942047436987064,0.38,0.0001664493465796113,0.9999446272850037
9,0,0.10451478061121186,0.38,0.0001664493465796113,0.9999533891677856
9,0,0.10842404265892708,0.38,0.0001664493465796113,0.9999614357948303
9,0,0.11148877071380026,0.38,0.0001664493465796113,0.999965250492096
9,0,0.11257269438665847,0.38,0.0001664493465796113,0.9999704360961914
9,0,0.11137716017611808,0.38,0.0001664493465796113,0.999975323677063
9,0,0.10812400601223002,0.38,0.00015249953139573336,0.9999784231185913
9,0,0.10332202770086048,0.38,0.00015249953139573336,0.9999828338623047
9,0,0.09776004261210137,0.38,0.00015249953139573336,0.9999863505363464
9,0,0.08897373859395565,0.38,0.0001664493465796113,0.9999901056289673
9,0,0.07936898936310298,0.38,0.0001664493465796113,0.999991774559021
9,0,0.07005867737330052,0.38,0.0001568791049066931,0.9999927282333374
9,0,0.06057774763921511,0.38,0.0001568791049066931,0.9999925494194031
9,0,0.0517328129038061,0.4,0.0001568791049066931,0.999992311000824
9,0,0.04418939188715998,0.4,0.0001568791049066931,0.9999921917915344
9,0,0.03662061473614709,0.36,0.0001568791049066931,0.9999930262565613
9,0,0.03009875767719548,0.36,0.0001568791049066931,0.9999933242797852
9,0,0.025160260135664622,0.36,0.0001568791049066931,0.999993085861206
9,0,0.021222420539337466,0.36,0.0001568791049066931,0.999992847442627
9,0,0.018062594472253606,0.36,0.0001568791049066931,0.9999926686286926
9,0,0.015555372487912163,0.36,0.0001568791049066931,0.9999929666519165
9,0,0.013709780182089158,0.36,0.0001568791049066931,0.9999938607215881
9,0,0.012815277403067846,0.36,0.0001568791049066931,0.9999949932098389
9,0,0.01218224698525157,0.36,0.0001568791049066931,0.9999954700469971
9,0,0.011038610301168142,0.36,0.0001568791049066931,0.9999951720237732
9,0,0.010157219913356963,0.36,0.0002641325700096786,0.9999948740005493
9,0,0.009534069339680184,0.36,0.0002641325700096786,0.9999945759773254
9,0,0.009019327428347122,0.36,0.0002641325700096786,0.9999938607215881
9,0,0.008752846716922221,0.36,0.0002641325700096786,0.9999929666519165
9,0,0.00852062060721874,0.36,0.0002641325700096786,0.9999918937683105
9,0,0.008308735167971577,0.36,0.0002641325700096786,0.999990701675415
9,0,0.00822508318664473,0.36,0.0002641325700096786,0.9999896287918091
9,0,0.008244320603392722,0.36,0.0002641325700096786,0.9999887347221375
9,0,0.008382376372502586,0.36,0.0002641325700096786,0.9999881386756897
9,0,0.008730844176192958,0.36,0.0002641325700096786,0.9999879002571106
9,0,0.00908751072968209,0.36,0.0002641325700096786,0.9999883770942688
9,0,0.00953586270852421,0.36,0.0001568791049066931,0.9999893307685852
9,0,0.010935576821873046,0.36,0.0001568791049066931,0.9999918937683105
9,0,0.012854759802142793,0.38,0.0001568791049066931,0.999992847442627
9,0,0.013881865477708293,0.36,0.0001568791049066931,0.9999923706054688
9,0,0.015153651219524422,0.36,0.0001568791049066931,0.9999933838844299
9,0,0.01760922849181443,0.4,0.0001568791049066931,0.9999948143959045
9,0,0.020533334322847634,0.4,0.0001568791049066931,0.9999954700469971
9,0,0.023004260207047322,0.4,0.0001568791049066931,0.9999949932098389
9,0,0.02483407372031838,0.4,0.0001568791049066931,0.9999938011169434
9,0,0.027045632193519777,0.4,0.0001568791049066931,0.9999927282333374
9,0,0.028847961381494834,0.4,0.0001568791049066931,0.9999912977218628
9,0,0.03004882581034314,0.4,0.0001568791049066931,0.9999907612800598
9,0,0.032036439876123125,0.4,0.0001568791049066931,0.999990701675415
9,0,0.033648349856612754,0.36,0.0001568791049066931,0.9999903440475464
9,0,0.034431547438514516,0.36,0.0001568791049066931,0.9999886751174927
9,0,0.03579548869086479,0.36,0.0001568791049066931,0.9999882578849792
9,0,0.038788008492309116,0.36,0.0001568791049066931,0.9999902248382568
9,0,0.04137329487996684,0.36,0.0001568791049066931,0.9999915957450867
9,0,0.041212731167481066,0.38,0.0001568791049066931,0.9999918341636658
9,0,0.03940156921542556,0.38,0.0001568791049066931,0.9999926686286926
9,0,0.037066285738764325,0.38,0.00014716223813593388,0.9999932050704956
9,0,0.03464946367515166,0.38,0.00014716223813593388,0.9999933838844299
9,0,0.03258308097089536,0.4,0.00014716223813593388,0.9999932050704956
9,0,0.030034267605678358,0.44,0.00014716223813593388,0.9999931454658508
9,0,0.02612361784510055,0.4,0.00014716223813593388,0.9999918341636658
9,0,0.022148084216102044,0.38,0.00014716223813593388,0.9999906420707703
9,0,0.01947343066963077,0.38,0.00014716223813593388,0.9999907612800598
9,0,0.017200607531898116,0.38,0.00014716223813593388,0.9999905824661255
9,0,0.01515777901262265,0.38,0.00013924184895586222,0.9999757409095764
9,0,0.013803865452245873,0.38,0.00013924184895586222,0.9999866485595703
9,0,0.012671536028869081,0.4,0.00013924184895586222,0.9999865293502808
9,0,0.011525311643176227,0.38,0.00013924184895586222,0.9999847412109375
9,0,0.010321416954080283,0.38,0.00013924184895586222,0.9999808073043823
9,0,0.009577803202600864,0.38,0.00013924184895586222,0.9999777674674988
9,0,0.009487210405918815,0.38,0.00013924184895586222,0.9999779462814331
9,0,0.00935099642759885,0.38,0.00013924184895586222,0.9999776482582092
9,0,0.00883547453084771,0.38,0.00013924184895586222,0.9999741315841675
9,0,0.008418081748443601,0.38,0.00013924184895586222,0.9999696612358093
9,0,0.008497335881104313,0.36,0.00013924184895586222,0.9999688267707825
9,0,0.009086074400912369,0.36,0.00013924184895586222,0.9999729990959167
9,0,0.009413374500923877,0.36,0.00013924184895586222,0.9999752640724182
9,0,0.009416795894712992,0.36,0.00013924184895586222,0.9999750256538391
9,0,0.010049772981046114,0.36,0.00014716223813593388,0.999980628490448
9,0,0.01127886124349062,0.38,0.00014716223813593388,0.9999847412109375
9,0,0.012742085380140548,0.38,0.00014716223813593388,0.9999863505363464
9,0,0.014528306671733405,0.4,0.00014716223813593388,0.9999876618385315
9,0,0.016852615359437235,0.42,0.00014716223813593388,0.9999900460243225
9,0,0.01993602694532917,0.42,0.00014716223813593388,0.9999921917915344
9,0,0.023928372399551267,0.42,0.0001568791049066931,0.9999940395355225
9,0,0.028720180226812372,0.42,0.0001568791049066931,0.9999952912330627
9,0,0.033996769816989035,0.44,0.0001568791049066931,0.9999958872795105
9,0,0.040058913201984105,0.44,0.0001568791049066931,0.9999964237213135
9,0,0.047212021746181984,0.42,0.0001568791049066931,0.9999966621398926
9,0,0.05575109242769319,0.42,0.0001568791049066931,0.9999967217445374
9,0,0.06540866806056019,0.42,0.0001568791049066931,0.9999967813491821
9,0,0.07565698697706322,0.42,0.0001568791049066931,0.9999967217445374
9,0,0.08537475439756784,0.42,0.0001568791049066931,0.9999966621398926
9,0,0.09201388366319332,0.42,0.0001568791049066931,0.9999964833259583
9,0,0.09366630455578082,0.42,0.0001568791049066931,0.9999959468841553
9,0,0.09499095162999951,0.4,0.0001568791049066931,0.999995768070221
9,0,0.10017585220100177,0.42,0.0001568791049066931,0.9999963045120239
9,0,0.10604230463788304,0.42,0.0001568791049066931,0.9999970197677612
9,0,0.1118033595038908,0.42,0.0001568791049066931,0.9999974966049194
9,0,0.11702006968522062,0.42,0.0001568791049066931,0.9999977946281433
9,0,0.12074098635354424,0.42,0.0001568791049066931,0.9999980926513672
9,0,0.12030507590848313,0.42,0.0001568791049066931,0.9999983906745911
9,0,0.11643712544919493,0.42,0.0001568791049066931,0.9999986290931702
9,0,0.11727956802813745,0.42,0.0001568791049066931,0.9999989867210388
9,0,0.11762741893395512,0.42,0.0001568791049066931,0.9999992847442627
9,0,0.10566968651405516,0.4,0.0001568791049066931,0.9999992847442627
9,0,0.0930193841016343,0.4,0.0001568791049066931,0.9999993443489075
9,0,0.08538764331142293,0.4,0.0001568791049066931,0.9999993443489075
9,0,0.07983086428873097,0.42,0.0001568791049066931,0.9999993443489075
9,0,0.07427333701531358,0.42,0.0001568791049066931,0.9999993443489075
9,0,0.0684579883896088,0.4,0.0001664493465796113,0.9999992251396179
9,0,0.06323410045110349,0.4,0.0001664493465796113,0.9999990463256836
9,0,0.0585873401806708,0.4,0.00020195299293845892,0.9999990463256836
9,0,0.05474364669503642,0.4,0.00020195299293845892,0.999998927116394
9,0,0.05167924476108576,0.4,0.00020195299293845892,0.9999988675117493
9,0,0.04900793948351112,0.4,0.00020195299293845892,0.9999989867210388
9,0,0.04645797777145802,0.4,0.0002479961549397558,0.9999988675117493
9,0,0.044609709584011586,0.4,0.0002479961549397558,0.9999988079071045
9,0,0.04541561459402255,0.4,0.0002479961549397558,0.999998927116394
9,0,0.047354942931958216,0.4,0.0002479961549397558,0.999998927116394
9,0,0.04814865159325929,0.4,0.00030046908068470657,0.9999988079071045
9,0,0.0495300604452169,0.4,0.00030046908068470657,0.9999986886978149
9,0,0.052808888475848366,0.4,0.0004901076899841428,0.9999986886978149
9,0,0.05477227198735488,0.38,0.000495031476020813,0.9999985098838806
9,0,0.056371437633637805,0.36,0.000495031476020813,0.9999982714653015
9,0,0.05977050287950021,0.36,0.000454911554697901,0.9999980926513672
9,0,0.06150756180630705,0.36,0.000454911554697901,0.9999977350234985
9,0,0.06616933584714697,0.36,0.000454911554697901,0.9999977946281433
9,0,0.07027811047253157,0.36,0.000454911554697901,0.9999978542327881
9,0,0.07405209493047059,0.36,0.000454911554697901,0.9999978542327881
9,0,0.08230523273468249,0.36,0.000454911554697901,0.9999979734420776
9,0,0.09011827607889726,0.36,0.000454911554697901,0.9999979138374329
9,0,0.09887560292323413,0.36,0.000454911554697901,0.9999976754188538
9,0,0.10939649740423818,0.36,0.000454911554697901,0.9999973773956299
9,0,0.12280362970959334,0.38,0.000454911554697901,0.999997079372406
9,0,0.1379057725975253,0.38,0.0006271683378145099,0.9999968409538269
9,0,0.14764965298621488,0.36,0.0011161711299791932,0.9999959468841553
9,0,0.1739616289355774,0.36,0.0008097146637737751,0.9999963045120239
9,0,0.22019283966958492,0.36,0.0008097146637737751,0.999997615814209
9,0,0.2586413724878139,0.36,0.0008097146637737751,0.9999982118606567
9,0,0.28433567035707735,0.36,0.0008097146637737751,0.9999983906745911
9,0,0.308651970581073,0.38,0.0008097146637737751,0.9999985694885254
9,0,0.32869810853387843,0.38,0.0008097146637737751,0.9999986290931702
9,0,0.34708439922133455,0.38,0.0008097146637737751,0.9999987483024597
9,0,0.3672639554445067,0.38,0.0008097146637737751,0.9999988675117493
9,0,0.3816695242223049,0.38,0.0008097146637737751,0.9999989867210388
9,0,0.3872301507562994,0.38,0.0008097146637737751,0.9999990463256836
9,0,0.3842600495896318,0.38,0.0008097146637737751,0.9999989867210388
9,0,0.3790357179243276,0.38,0.0008097146637737751,0.9999990463256836
9,0,0.37429452577239075,0.38,0.0008097146637737751,0.9999991655349731
9,0,0.366298571307934,0.38,0.0008097146637737751,0.9999992847442627
9,0,0.3519501359182421,0.38,0.0008097146637737751,0.9999993443489075
9,0,0.3324702512050646,0.38,0.0008810980943962932,0.9999994039535522
9,0,0.3100875887725568,0.36,0.0008810980943962932,0.9999994039535522
9,0,0.2868463698037713,0.36,0.0008810980943962932,0.999999463558197
9,0,0.2644309969863563,0.36,0.0008810980943962932,0.999999463558197
9,0,0.24497294283683027,0.38,0.0007969866273924708,0.999999463558197
9,0,0.22631512697832043,0.4,0.0007969866273924708,0.999999463558197
9,0,0.20628972715433108,0.4,0.0007969866273924708,0.999999463558197
9,0,0.18492847531043025,0.4,0.0006376319797709584,0.9999993443489075
9,0,0.1653517776499829,0.42,0.0006376319797709584,0.9999992251396179
9,0,0.14894494787565127,0.42,0.0006376319797709584,0.9999991655349731
9,0,0.13821958059578374,0.4,0.0006942528998479247,0.9999991655349731
9,0,0.1312354030874643,0.4,0.0006942528998479247,0.9999991655349731
9,0,0.12450324845898426,0.4,0.0006942528998479247,0.9999991655349731
9,0,0.11306231011903456,0.4,0.0006942528998479247,0.9999991059303284
9,0,0.09843475121276711,0.42,0.0006942528998479247,0.9999987483024597
9,0,0.09010217203148652,0.4,0.0007598982774652541,0.9999985694885254
9,0,0.08666655102946266,0.4,0.0007598982774652541,0.9999984502792358
9,0,0.08248575482638414,0.4,0.0007598982774652541,0.9999982714653015
9,0,0.07848894756428268,0.4,0.0007598982774652541,0.9999982714653015
9,0,0.07553093684482376,0.4,0.000719022995326668,0.9999975562095642
9,0,0.07571843658013844,0.4,0.000719022995326668,0.999997615814209
9,0,0.07612954361138341,0.4,0.000719022995326668,0.999997615814209
9,0,0.07392327840472629,0.4,0.000719022995326668,0.9999973773956299
9,0,0.07272618084756857,0.4,0.000719022995326668,0.9999971985816956
9,0,0.07420191117173043,0.42,0.000719022995326668,0.9999972581863403
9,0,0.07550640341944993,0.42,0.000719022995326668,0.9999971985816956
9,0,0.07670803652604094,0.4,0.000719022995326668,0.999997079372406
9,0,0.08014462005283006,0.38,0.0006569063407368958,0.999997079372406
9,0,0.08704852337098895,0.4,0.0006569063407368958,0.9999973773956299
9,0,0.09501548459636129,0.4,0.0006569063407368958,0.9999977350234985
9,0,0.10011542842626908,0.4,0.0006569063407368958,0.9999977946281433
9,0,0.10760410747505696,0.4,0.000612809497397393,0.9999979138374329
9,0,0.11788297631317972,0.4,0.000612809497397393,0.9999980926513672
9,0,0.12671290986545491,0.4,0.000612809497397393,0.9999982118606567
9,0,0.1360436372656159,0.4,0.0006569063407368958,0.9999983310699463
9,0,0.144222248315602,0.4,0.0006569063407368958,0.9999984502792358
9,0,0.1538636084875347,0.42,0.000612809497397393,0.9999986290931702
9,0,0.1681139987232908,0.42,0.000612809497397393,0.9999988675117493
9,0,0.1812592716164397,0.42,0.000612809497397393,0.9999990463256836
9,0,0.18996715802939979,0.4,0.000612809497397393,0.9999991655349731
9,0,0.1893688911330431,0.4,0.000612809497397393,0.9999990463256836
9,0,0.1872034486017517,0.4,0.000612809497397393,0.999998927116394
9,0,0.20057940590883064,0.38,0.0008448053849861026,0.9999989867210388
9,0,0.2215990708645098,0.4,0.0008448053849861026,0.9999991059303284
9,0,0.23036587786428808,0.38,0.00112874002661556,0.9999992847442627
9,0,0.22902629893536894,0.38,0.0012099174782633781,0.9999992251396179
9,0,0.22740153281087017,0.38,0.0012099174782633781,0.9999992251396179
9,0,0.22640447834284483,0.38,0.000957051815930754,0.9999993443489075
9,0,0.22180154743778863,0.38,0.000957051815930754,0.999999463558197
9,0,0.21561732702238293,0.38,0.000957051815930754,0.9999995231628418
9,0,0.20708294028333066,0.4,0.000957051815930754,0.9999995827674866
9,0,0.19541158785334106,0.4,0.0009836480021476746,0.9999996423721313
9,0,0.1859392670324795,0.42,0.0009836480021476746,0.9999997019767761
9,0,0.1764970923787487,0.42,0.0009836480021476746,0.9999997019767761
9,0,0.16445486121953132,0.42,0.0009836480021476746,0.9999997615814209
9,0,0.150983926096418,0.4,0.0009836480021476746,0.9999997019767761
9,0,0.13833433973168072,0.4,0.0009836480021476746,0.9999997019767761
9,0,0.12950571857132556,0.4,0.0009271354647353292,0.9999997019767761
9,0,0.1217596194870356,0.4,0.0009271354647353292,0.9999997019767761
9,0,0.11368327948225693,0.4,0.0009271354647353292,0.9999996423721313
9,0,0.10461900318385667,0.38,0.0009271354647353292,0.9999996423721313
9,0,0.0944352174518386,0.38,0.0009271354647353292,0.9999995231628418
9,0,0.08623616935891337,0.38,0.0009271354647353292,0.9999994039535522
9,0,0.0828393771372792,0.38,0.0009271354647353292,0.9999992847442627
9,0,0.07094816081523851,0.38,0.0009271354647353292,0.9999988675117493
9,0,0.06362048041380017,0.38,0.0008183947647921741,0.9999983310699463
9,0,0.06503602607403994,0.38,0.0008183947647921741,0.9999985694885254
9,0,0.054592017000362536,0.38,0.0008183947647921741,0.9999977946281433
9,0,0.047993399090338514,0.38,0.0008183947647921741,0.9999967217445374
9,0,0.049038618496707154,0.38,0.0008183947647921741,0.9999968409538269
9,0,0.04710555073963867,0.38,0.0008183947647921741,0.9999961256980896
9,0,0.04668644440520712,0.38,0.0008183947647921741,0.9999960064888
9,0,0.047740415758771436,0.38,0.0008183947647921741,0.9999964833259583
9,0,0.04820611504848414,0.38,0.0008183947647921741,0.9999960064888
9,0,0.049421904576743766,0.38,0.0008183947647921741,0.9999957084655762
9,0,0.05195114232728466,0.38,0.0008183947647921741,0.9999957084655762
9,0,0.05614227472493236,0.38,0.0008183947647921741,0.9999960064888
9,0,0.05806127600436706,0.38,0.0008183947647921741,0.9999955892562866
9,0,0.05335245157306988,0.38,0.0008183947647921741,0.9999924302101135
9,0,0.05127887526701943,0.36,0.0008183947647921741,0.9999873638153076
9,0,0.05387257189884364,0.38,0.000594514247495681,0.9999881386756897
9,0,0.05845824822411195,0.42,0.000594514247495681,0.9999911189079285
9,0,0.06206010628317522,0.42,0.000594514247495681,0.9999917149543762
9,0,0.061437928326691996,0.42,0.000594514247495681,0.9999903440475464
9,0,0.05692738335992478,0.42,0.000594514247495681,0.9999859929084778
9,0,0.051499747809129956,0.42,0.000594514247495681,0.9999783635139465
9,0,0.04896487651897954,0.44,0.000594514247495681,0.9999724626541138
9,0,0.049027306634985106,0.4,0.000594514247495681,0.999965488910675
9,0,0.04818328694958193,0.4,0.0005936473025940359,0.9999532103538513
9,0,0.046727834055698886,0.4,0.0005936473025940359,0.9999459385871887
9,0,0.04532942784519301,0.4,0.0005936473025940359,0.9999420046806335
9,0,0.04430398447344574,0.4,0.0005936473025940359,0.9999390840530396
9,0,0.043779779253159824,0.4,0.0006273997132666409,0.999946653842926
9,0,0.04237988224112907,0.4,0.0006273997132666409,0.9999488592147827
9,0,0.039846614678447925,0.38,0.0006273997132666409,0.9999444484710693
9,0,0.03688139138216402,0.38,0.0006273997132666409,0.9999358057975769
9,0,0.03431482833982687,0.38,0.0007205090369097888,0.9999298453330994
9,0,0.031588456626770095,0.38,0.0007205090369097888,0.9999231696128845
9,0,0.028802929306382202,0.38,0.0007205090369097888,0.9999149441719055
9,0,0.027569860473705108,0.38,0.0007205090369097888,0.9999246597290039
9,0,0.028211818996003554,0.38,0.0007205090369097888,0.9999504089355469
9,0,0.02658929109822805,0.38,0.0007205090369097888,0.9999510049819946
9,0,0.02491800343233511,0.38,0.0007205090369097888,0.9999514222145081
9,0,0.026235587764183,0.38,0.0007723498274572194,0.9999666213989258
9,0,0.026317847155891527,0.38,0.0007723498274572194,0.9999730587005615
9,0,0.024402784580442885,0.38,0.0007723498274572194,0.9999722838401794
9,0,0.023195775959697202,0.38,0.0007723498274572194,0.9999763369560242
9,0,0.021796000089511946,0.38,0.0010730241192504764,0.9999823570251465
9,0,0.018522495002303276,0.38,0.0010730241192504764,0.9999834299087524
9,0,0.014984221638965851,0.38,0.0010730241192504764,0.9999825358390808
9,0,0.011966263099598987,0.38,0.0010730241192504764,0.9999767541885376
9,0,0.009676776365175858,0.38,0.001006620586849749,0.9999694228172302
9,0,0.008040312583235919,0.38,0.0009390702471137047,0.9999638795852661
9,0,0.0069145125418528155,0.38,0.0009390702471137047,0.9999564290046692
9,0,0.006071502114444077,0.38,0.0009390702471137047,0.9999349117279053
9,0,0.005697962970012765,0.38,0.00021233170991763473,0.9998977780342102
9,0,0.0062237961721012865,0.38,0.00016085412062238902,0.9998975992202759
9,0,0.005259149537866483,0.38,0.00016085412062238902,0.9998345971107483
9,0,0.003817724813237094,0.38,0.00016085412062238902,0.9995906949043274
9,0,0.003517843600454475,0.36,0.00017243453476112336,0.999554455280304
9,0,0.003661644247897543,0.36,0.00017243453476112336,0.9996596574783325
9,0,0.0037986958270330535,0.36,0.00017243453476112336,0.9997501373291016
9,0,0.003687990787319532,0.36,0.0002276173181599006,0.9997673630714417
9,0,0.0036544786337036465,0.36,0.0002276173181599006,0.9997357130050659
9,0,0.004046254581938792,0.36,0.0002426447463221848,0.9997733235359192
9,0,0.004605208183834921,0.36,0.0002426447463221848,0.999813437461853
9,0,0.00524690837904024,0.36,0.0002426447463221848,0.9998451471328735
9,0,0.005990057897182344,0.36,0.0002426447463221848,0.9998701810836792
9,0,0.00681631562317845,0.36,0.0002426447463221848,0.9998781085014343
9,0,0.007617592666400346,0.36,0.0002426447463221848,0.9998684525489807
9,0,0.008359127467925165,0.36,0.0002426447463221848,0.9998482465744019
9,0,0.009345088059477612,0.36,0.0002426447463221848,0.9998444318771362
9,0,0.01069356188487123,0.36,0.00017461192328482866,0.9998618364334106
9,0,0.012170564363291416,0.36,0.0001397113228449598,0.9998877644538879
9,0,0.0133987370511462,0.36,0.0001397113228449598,0.9999083876609802
9,0,0.014191723370514617,0.36,0.0001397113228449598,0.9999187588691711
9,0,0.01455302801631784,0.36,0.0001397113228449598,0.9999174475669861
9,0,0.01460749482841052,0.36,0.0001397113228449598,0.9998972415924072
9,0,0.015404845396716303,0.36,0.0001397113228449598,0.9998739957809448
9,0,0.017530000994542643,0.36,0.00013555270561482757,0.9998660683631897
9,0,0.02125324356986866,0.36,0.00013555270561482757,0.9998818039894104
9,0,0.027172951909443986,0.36,4.5903729187557474e-05,0.9999180436134338
9,0,0.03416067332084159,0.38,3.367242607055232e-05,0.9999397993087769
9,0,0.04118734815056362,0.38,3.367242607055232e-05,0.9999451637268066
9,0,0.04807663911345909,0.38,3.367242607055232e-05,0.9999449253082275
9,0,0.05462810808218763,0.36,3.367242607055232e-05,0.9999405145645142
9,0,0.05837360316738123,0.36,3.367242607055232e-05,0.9999306201934814
9,0,0.05394841900940395,0.38,3.367242607055232e-05,0.9998970031738281
9,0,0.04462135083479745,0.4,3.367242607055232e-05,0.9998210668563843
9,0,0.039954773752536026,0.4,3.367242607055232e-05,0.9997626543045044
9,0,0.03745661283443644,0.4,3.367242607055232e-05,0.9997334480285645
9,0,0.034942424142242835,0.42,3.367242607055232e-05,0.9996815323829651
9,0,0.03298871226369002,0.44,3.367242607055232e-05,0.9996255040168762
9,0,0.031857371989185965,0.44,3.367242607055232e-05,0.9995238184928894
9,0,0.030005999606776006,0.44,3.564210783224553e-05,0.9994699358940125
9,0,0.02817666283050855,0.44,3.564210783224553e-05,0.9993883967399597
9,0,0.027311816170651194,0.44,3.564210783224553e-05,0.99931401014328
9,0,0.025839198470768893,0.44,3.564210783224553e-05,0.9989328384399414
9,0,0.0235996326988053,0.44,3.564210783224553e-05,0.9986250996589661
9,0,0.02268090368731721,0.42,2.1834894141647965e-05,0.9985101819038391
9,0,0.022261486598000833,0.44,2.1834894141647965e-05,0.998267650604248
9,0,0.020401073351716256,0.44,2.3901002350612544e-05,0.9974364638328552
9,0,0.017796658851735588,0.42,2.3901002350612544e-05,0.9956904053688049
9,0,0.01610318459231022,0.42,2.3901002350612544e-05,0.993251621723175
9,0,0.015020028091171587,0.42,2.3901002350612544e-05,0.9906306266784668
9,0,0.014091919892261669,0.44,2.3901002350612544e-05,0.9899627566337585
9,0,0.013391698278158911,0.44,2.3901002350612544e-05,0.9896882176399231
9,0,0.013017140482607253,0.44,2.3901002350612544e-05,0.9882645606994629
9,0,0.012893881781547151,0.44,2.3901002350612544e-05,0.9881143569946289
9,0,0.012753931274816513,0.44,2.261448207718786e-05,0.9878693222999573
9,0,0.012463158422408499,0.44,2.261448207718786e-05,0.988456666469574
9,0,0.012175119142909292,0.44,2.261448207718786e-05,0.9889712333679199
9,0,0.011897762582887664,0.44,2.261448207718786e-05,0.9892899990081787
9,0,0.011603985802056193,0.44,2.3901002350612544e-05,0.9898514151573181
9,0,0.011397675238661763,0.44,2.3901002350612544e-05,0.9902462959289551
9,0,0.011022242135002996,0.44,2.3901002350612544e-05,0.9906097650527954
9,0,0.010411873191473532,0.44,2.3901002350612544e-05,0.9906649589538574
9,0,0.010230987686988364,0.44,2.261448207718786e-05,0.9917407631874084
9,0,0.010324607541607784,0.44,1.9690309272846207e-05,0.9936507344245911
9,0,0.01029639132859646,0.42,2.0810479327337816e-05,0.9950911998748779
9,0,0.010278791549496381,0.4,2.0810479327337816e-05,0.9958571195602417
9,0,0.01005636854338386,0.4,2.0810479327337816e-05,0.9961758852005005
9,0,0.009760107663446836,0.4,2.0810479327337816e-05,0.9958757162094116
9,0,0.009708491112576293,0.4,2.0810479327337816e-05,0.9956541657447815
9,0,0.010034119391687274,0.4,2.0810479327337816e-05,0.9958782196044922
9,0,0.011233304223541803,0.4,2.0810479327337816e-05,0.005237937904894352
9,0,0.011828778029942127,0.4,1.9690309272846207e-05,0.9969027638435364
9,0,0.012151327177929157,0.4,1.9690309272846207e-05,0.996703028678894
9,0,0.012707747580577305,0.4,1.9690309272846207e-05,0.9960691332817078
9,0,0.013612483927974818,0.4,2.0810479327337816e-05,0.9958726167678833
9,0,0.014228782352967472,0.4,1.9690309272846207e-05,0.9958699941635132
9,0,0.015133547889584448,0.4,1.9690309272846207e-05,0.9959970116615295
9,0,0.015931608744164844,0.4,1.9690309272846207e-05,0.9954584836959839
9,0,0.016156129249641986,0.4,1.9690309272846207e-05,0.9941097497940063
9,0,0.016594642933126163,0.42,1.9690309272846207e-05,0.9929764866828918
9,0,0.017281936310019744,0.44,1.9690309272846207e-05,0.9918988347053528
9,0,0.017870699353466527,0.44,2.261448207718786e-05,0.9899574518203735
9,0,0.018263276708855327,0.44,2.261448207718786e-05,0.9873639941215515
9,0,0.018500592697153675,0.44,2.261448207718786e-05,0.9839218854904175
9,0,0.01852288856958608,0.46,2.0659583242377266e-05,0.9799903035163879
9,0,0.018390994754874032,0.46,2.0659583242377266e-05,0.9757347106933594
9,0,0.018325262808327056,0.46,1.927192170114722e-05,0.9732854962348938
9,0,0.01736075525930986,0.46,1.927192170114722e-05,0.9653327465057373
9,0,0.015294540246266097,0.44,1.927192170114722e-05,0.9467531442642212
9,0,0.014125929386833186,0.44,1.927192170114722e-05,0.9393118023872375
9,0,0.013405104540877531,0.42,1.927192170114722e-05,0.9371745586395264
9,0,0.012295248620773032,0.42,1.927192170114722e-05,0.9192675352096558
9,0,0.010980082309876816,0.42,1.927192170114722e-05,0.8771758079528809
9,0,0.00966147357505602,0.42,1.927192170114722e-05,0.8165102601051331
9,0,0.008388717439621244,0.42,1.927192170114722e-05,0.7501648664474487
9,0,0.007267688150261001,0.42,2.1095516785862856e-05,0.6718897819519043
9,0,0.00643562732097409,0.42,2.1095516785862856e-05,0.5613642930984497
9,0,0.00579637838136479,0.42,2.261448207718786e-05,0.45720914006233215
9,0,0.0053024996886733705,0.44,2.64999926002929e-05,0.380574107170105
9,0,0.004989668064649155,0.44,2.64999926002929e-05,0.3356288969516754
9,0,0.0047669125070264684,0.44,2.64999926002929e-05,0.31508299708366394
9,0,0.004534420073454279,0.44,2.64999926002929e-05,0.2985820174217224
9,0,0.004256000276166905,0.44,2.64999926002929e-05,0.27547773718833923
9,0,0.003890383988448135,0.44,2.4720053261262365e-05,0.2540688216686249
9,0,0.0034688936189214477,0.44,2.4720053261262365e-05,0.21604841947555542
9,0,0.00301563738939854,0.44,2.4720053261262365e-05,0.15826798975467682
9,0,0.0025740364954364393,0.44,2.5478526367805898e-05,0.10291177779436111
9,0,0.0022213428693039984,0.44,2.5478526367805898e-05,0.07038865238428116
9,0,0.0019565269295192867,0.44,2.5478526367805898e-05,0.05220874398946762
9,0,0.001738424470480956,0.44,3.540757097653113e-05,0.04644620046019554
9,0,0.001546967366209899,0.44,2.882914304791484e-05,0.037457697093486786
9,0,0.0013130939608161623,0.44,2.7360418243915774e-05,0.026937268674373627
9,0,0.0010826148963141097,0.44,2.7360418243915774e-05,0.01566680334508419
9,0,0.0008981762483902701,0.44,2.4686129108886234e-05,0.010559169575572014
9,0,0.0007399267479980322,0.44,2.4686129108886234e-05,0.006572621408849955
9,0,0.0006161846286246968,0.44,2.4686129108886234e-05,0.0038814591243863106
9,0,0.0005480621632156538,0.44,2.6073586923303083e-05,0.0027950983494520187
9,0,0.0005155713922586559,0.42,1.876194255601149e-05,0.0024921779986470938
9,0,0.0005069561157186543,0.42,1.876194255601149e-05,0.002603079192340374
9,0,0.000531204240556024,0.42,1.876194255601149e-05,0.0034904046915471554
9,0,0.0005991688918953805,0.42,2.2693009668728337e-05,0.005976952146738768
9,0,0.0006985554675808527,0.42,2.2693009668728337e-05,0.010726956650614738
9,0,0.0007980825681207182,0.42,2.2693009668728337e-05,0.01633385382592678
9,0,0.000886185976816745,0.42,2.2693009668728337e-05,0.019680049270391464
9,0,0.0009618016441138686,0.42,2.2693009668728337e-05,0.022036679089069366
9,0,0.0010343172088482999,0.42,2.2693009668728337e-05,0.023117605596780777
9,0,0.0011055716715832466,0.42,2.2693009668728337e-05,0.02333035320043564
9,0,0.0011745567924211337,0.42,2.2693009668728337e-05,0.022954866290092468
9,0,0.0012374849380946001,0.42,2.2693009668728337e-05,0.02210298739373684
9,0,0.0012902346372022152,0.42,2.2693009668728337e-05,0.02090265229344368
9,0,0.0013248194775779146,0.42,2.2693009668728337e-05,0.01921054907143116
9,0,0.0013274291142901212,0.42,2.2693009668728337e-05,0.016461526975035667
9,0,0.0012958333403495076,0.42,2.2693009668728337e-05,0.013109228573739529
9,0,0.001263019654083322,0.42,2.2693009668728337e-05,0.011260568164288998
9,0,0.0012339610240628142,0.42,2.2693009668728337e-05,0.010413439944386482
9,0,0.0011892006167587227,0.42,2.2693009668728337e-05,0.00950594898313284
9,0,0.0011393073453506593,0.42,2.2693009668728337e-05,0.008499371819198132
9,0,0.0010890868328933944,0.42,2.2693009668728337e-05,0.007760026026517153
9,0,0.0010326107630140276,0.42,2.2693009668728337e-05,0.007165390066802502
9,0,0.0009725895829380836,0.42,1.384951792715583e-05,0.007209876552224159
9,0,0.0009243098221152124,0.42,1.384951792715583e-05,0.007635262329131365
9,0,0.000891182053239595,0.42,1.384951792715583e-05,0.008214947767555714
9,0,0.0008698762828190378,0.42,1.384951792715583e-05,0.008485046215355396
9,0,0.0008465132326626848,0.42,1.384951792715583e-05,0.008139746263623238
9,0,0.0008147369843836732,0.42,1.384951792715583e-05,0.007660425268113613
9,0,0.0007919223942497296,0.42,1.384951792715583e-05,0.007973222993314266
9,0,0.0007740829913054462,0.42,1.384951792715583e-05,0.009028772823512554
9,0,0.0007546903014674211,0.42,1.384951792715583e-05,0.00983620248734951
9,0,0.000734747204319816,0.42,1.384951792715583e-05,0.011810860596597195
9,0,0.0007162470515140903,0.42,1.384951792715583e-05,0.015358280390501022
9,0,0.0007011108599148305,0.42,1.384951792715583e-05,0.01908574067056179
9,0,0.0006797798691493427,0.42,1.8222606740891933e-05,0.024223720654845238
9,0,0.0006455698746527098,0.42,1.8222606740891933e-05,0.030257517471909523
9,0,0.0006117671240362408,0.42,1.8222606740891933e-05,0.038572266697883606
9,0,0.0005891755809759103,0.42,1.8222606740891933e-05,0.044500187039375305
9,0,0.0005647496428543851,0.42,1.8222606740891933e-05,0.051264770328998566
9,0,0.0005528054821437189,0.42,1.8222606740891933e-05,0.06367450952529907
9,0,0.0005497053278114148,0.42,1.8222606740891933e-05,0.08083075284957886
9,0,0.0005414746492543543,0.42,1.5065927982504945e-05,0.11507812142372131
9,0,0.0005410632186656964,0.42,1.592302396602463e-05,0.11054844409227371
9,0,0.0005490455081353356,0.42,1.925928154378198e-05,0.12942706048488617
9,0,0.0005653688890536946,0.42,1.925928154378198e-05,0.1294664591550827
9,0,0.0005863424459000989,0.42,2.064603177132085e-05,0.12121382355690002
9,0,0.0006079375461817413,0.42,2.064603177132085e-05,0.11854302138090134
9,0,0.0006317453400086516,0.42,2.064603177132085e-05,0.11571738123893738
9,0,0.0006655387061662895,0.42,1.7069552995963022e-05,0.10737329721450806
9,0,0.0007111597840431231,0.42,1.8028938939096406e-05,0.10237731039524078
9,0,0.0007654955715693556,0.42,1.2973172488273121e-05,0.10815510153770447
9,0,0.0008270991260124072,0.42,1.2973172488273121e-05,0.09174375981092453
9,0,0.0008761204614943361,0.42,1.2973172488273121e-05,0.08642155677080154
9,0,0.0009432427177842313,0.42,1.2973172488273121e-05,0.08671872317790985
9,0,0.0010157033236858552,0.42,1.2973172488273121e-05,0.06977833062410355
9,0,0.001105495890461396,0.42,1.2973172488273121e-05,0.07201308757066727
9,0,0.001250576793182935,0.42,1.2973172488273121e-05,0.08392217010259628
9,0,0.0012663164573639277,0.42,1.2973172488273121e-05,0.06689158082008362
9,0,0.0012787774532579182,0.42,1.2973172488273121e-05,0.054852668195962906
9,0,0.0013621093895683583,0.42,1.3669590771314688e-05,0.06256821751594543
9,0,0.0014143963847489782,0.42,1.3669590771314688e-05,0.06530264019966125
9,0,0.0014630714558666027,0.42,2.2398196961148642e-05,0.062351275235414505
9,0,0.0014901982671825088,0.42,2.2398196961148642e-05,0.058436330407857895
9,0,0.0015063493867028715,0.42,2.2398196961148642e-05,0.0526994913816452
9,0,0.0014950121306684277,0.42,2.2398196961148642e-05,0.04661571979522705
9,0,0.001395989108738488,0.42,2.2398196961148642e-05,0.03689924627542496
9,0,0.0013253399540561384,0.4,2.2398196961148642e-05,0.030329838395118713
9,0,0.0013059180198548314,0.42,2.2398196961148642e-05,0.03044063411653042
9,0,0.001277041202307995,0.36,2.2398196961148642e-05,0.02916276827454567
9,0,0.001273454349723649,0.36,2.2398196961148642e-05,0.02843712642788887
9,0,0.0013047592536883825,0.36,2.6045358026749454e-05,0.030082259327173233
9,0,0.001333744170203072,0.38,2.6045358026749454e-05,0.03340179845690727
9,0,0.0013101340626154008,0.4,2.6045358026749454e-05,0.03434629738330841
9,0,0.0012864012908216172,0.4,3.619529161369428e-05,0.036484070122241974
9,0,0.0013207349003145808,0.4,3.619529161369428e-05,0.04096890240907669
9,0,0.0013513736971442875,0.4,3.619529161369428e-05,0.04692913219332695
9,0,0.0013836657605497936,0.4,4.011633791378699e-05,0.04707265645265579
9,0,0.0014494154127859828,0.42,4.011633791378699e-05,0.05104519799351692
9,0,0.0014989428735036332,0.42,4.011633791378699e-05,0.0595855712890625
9,0,0.0015369488842585939,0.42,4.011633791378699e-05,0.06971167773008347
9,0,0.0016052395434727675,0.42,4.011633791378699e-05,0.08362835645675659
9,0,0.001647599878723011,0.42,3.798164470936172e-05,0.1061522513628006
9,0,0.0016797353485088157,0.42,3.798164470936172e-05,0.13401754200458527
9,0,0.0017106991187877136,0.42,3.685097908601165e-05,0.16534802317619324
9,0,0.0017259381050239607,0.42,3.685097908601165e-05,0.1938210427761078
9,0,0.0017890732430747432,0.42,3.685097908601165e-05,0.2648860216140747
9,0,0.0018981434836086834,0.42,3.685097908601165e-05,0.3649385869503021
9,0,0.0019986508995541207,0.42,3.685097908601165e-05,0.4425313174724579
9,0,0.0021224159601787086,0.4,3.685097908601165e-05,0.5183361768722534
9,0,0.002270495730605478,0.4,3.685097908601165e-05,0.6080703735351562
9,0,0.0024144010135350013,0.4,3.685097908601165e-05,0.6988599300384521
9,0,0.0025554557435884116,0.4,3.685097908601165e-05,0.7497761845588684
9,0,0.002676611343357869,0.4,3.685097908601165e-05,0.7520322799682617
9,0,0.0027361168090361985,0.4,3.685097908601165e-05,0.7671014070510864
9,0,0.0027558380798286047,0.4,3.685097908601165e-05,0.7728360891342163
9,0,0.0028059716479666855,0.4,3.685097908601165e-05,0.7592105865478516
9,0,0.0028970459593196385,0.4,3.685097908601165e-05,0.757777988910675
9,0,0.0029828153300287324,0.4,3.685097908601165e-05,0.7490916848182678
9,0,0.003068886392240337,0.38,3.685097908601165e-05,0.7002760171890259
9,0,0.0031677321984185294,0.38,3.6827092117164284e-05,0.7487763166427612
9,0,0.003277454293831105,0.4,3.435353210079484e-05,0.7652410864830017
9,0,0.003376866015788606,0.4,2.4720053261262365e-05,0.7411339282989502
9,0,0.003414024062575092,0.4,2.4720053261262365e-05,0.708074688911438
9,0,0.003408029703783967,0.4,2.4720053261262365e-05,0.672855019569397
9,0,0.0034095756270099637,0.38,2.4720053261262365e-05,0.6512061953544617
9,0,0.0034278273299654704,0.38,2.6126353986910544e-05,0.6246642470359802
9,0,0.0034890906721201076,0.38,2.6126353986910544e-05,0.6284398436546326
9,0,0.003639824461305139,0.4,2.6126353986910544e-05,0.6493018865585327
9,0,0.003781324053952341,0.4,2.6126353986910544e-05,0.6807929277420044
9,0,0.003740162837855787,0.4,2.4720053261262365e-05,0.6497492790222168
9,0,0.003627856477444347,0.4,2.4720053261262365e-05,0.6013773679733276
9,0,0.003521468649490104,0.36,2.4720053261262365e-05,0.5597226619720459
9,0,0.003375502312883502,0.34,2.4720053261262365e-05,0.5188730955123901
9,0,0.0032216879783676976,0.32,2.4720053261262365e-05,0.47205087542533875
9,0,0.0030582008063368246,0.32,2.4720053261262365e-05,0.4285815954208374
9,0,0.0029041467889466157,0.34,3.435353210079484e-05,0.40403351187705994
9,0,0.0027390007007688814,0.34,3.252548413001932e-05,0.37351661920547485
9,0,0.0025754318150400936,0.34,3.252548413001932e-05,0.33104586601257324
9,0,0.002434326275335058,0.34,3.252548413001932e-05,0.3007550835609436
9,0,0.002294110197334498,0.34,3.252548413001932e-05,0.28298795223236084
9,0,0.002184075608409059,0.34,3.252548413001932e-05,0.27230900526046753
9,0,0.002085796008023475,0.36,3.252548413001932e-05,0.25444066524505615
9,0,0.0019853285505363008,0.36,3.252548413001932e-05,0.2308284044265747
9,0,0.0019388722580461282,0.42,3.252548413001932e-05,0.22658506035804749
9,0,0.0019100378797018678,0.42,3.252548413001932e-05,0.2351466417312622
9,0,0.0018664268008686345,0.42,3.252548413001932e-05,0.23821251094341278
9,0,0.0018270629464200144,0.42,3.252548413001932e-05,0.24786457419395447
9,0,0.0017893147089196662,0.42,3.252548413001932e-05,0.26679152250289917
9,0,0.0017503417046914743,0.42,3.252548413001932e-05,0.2988817095756531
9,0,0.00168947067045701,0.42,3.252548413001932e-05,0.32109376788139343
9,0,0.001591469841021168,0.42,3.252548413001932e-05,0.32291701436042786
9,0,0.001517690913973724,0.42,3.252548413001932e-05,0.32925811409950256
9,0,0.0014686853111532494,0.42,3.252548413001932e-05,0.35786065459251404
9,0,0.0014426444201718785,0.42,3.4375814720988274e-05,0.3708000183105469
9,0,0.0014381193469225762,0.42,3.4375814720988274e-05,0.4091751277446747
9,0,0.0014144513520926419,0.42,3.252548413001932e-05,0.4271409809589386
9,0,0.0014310702441299498,0.42,3.252548413001932e-05,0.4463348686695099
9,0,0.0014693218683088404,0.42,3.252548413001932e-05,0.47889143228530884
9,0,0.0015165719136002506,0.42,3.4375814720988274e-05,0.5052775144577026
9,0,0.0016594651396787405,0.42,3.4375814720988274e-05,0.6008604168891907
9,0,0.001627088967847234,0.42,3.4375814720988274e-05,0.5474323034286499
9,0,0.0015628260292872998,0.4,3.252548413001932e-05,0.45255064964294434
9,0,0.0016638225380452784,0.4,3.252548413001932e-05,0.4418429136276245
9,0,0.0017792834703438552,0.42,3.435353210079484e-05,0.4113709330558777
9,0,0.0018429100174614903,0.42,2.4720053261262365e-05,0.3293045163154602
9,0,0.0018916098777834187,0.42,2.4720053261262365e-05,0.22056087851524353
9,0,0.0020127272552796422,0.42,2.1258472770568915e-05,0.1443307250738144
9,0,0.002109514039766658,0.44,2.0794468582607806e-05,0.0899290069937706
9,0,0.001985300200701493,0.46,2.0794468582607806e-05,0.04170758277177811
9,0,0.0018368422862605873,0.46,2.0794468582607806e-05,0.023211786523461342
9,0,0.001647362949115135,0.44,2.0794468582607806e-05,0.014453739859163761
9,0,0.0014047611847150087,0.42,2.0794468582607806e-05,0.00835486501455307
9,0,0.0012351112847001136,0.42,2.0794468582607806e-05,0.005921352654695511
9,0,0.0011527948257942372,0.42,2.0794468582607806e-05,0.005050587933510542
9,0,0.0011279061928180128,0.42,2.0794468582607806e-05,0.004159125965088606
9,0,0.0011335260162216086,0.42,2.2291758796200156e-05,0.0037832807283848524
9,0,0.0011359099476025137,0.42,2.3559920009574853e-05,0.003633487969636917
9,0,0.0011348603760952172,0.42,2.3559920009574853e-05,0.003536479314789176
9,0,0.0011312708191057947,0.42,2.3559920009574853e-05,0.003476915182545781
9,0,0.0011394670141093475,0.42,2.3559920009574853e-05,0.00387882930226624
9,0,0.0011884784657122767,0.44,2.3559920009574853e-05,0.004462743178009987
9,0,0.0012296669634526052,0.4,2.3559920009574853e-05,0.00456739217042923
9,0,0.0012204270824134088,0.4,3.274130358477123e-05,0.004993641749024391
9,0,0.0012313104456280497,0.38,3.099904643022455e-05,0.005573808681219816
9,0,0.001263991148285708,0.38,3.099904643022455e-05,0.006682989187538624
9,0,0.0012942338564384387,0.38,3.099904643022455e-05,0.008472791872918606
9,0,0.001354392699474701,0.4,3.099904643022455e-05,0.0109828757122159
9,0,0.0014482672689976133,0.4,3.099904643022455e-05,0.015595752745866776
9,0,0.0015683678699637594,0.44,3.2663090678397566e-05,0.02503846026957035
9,0,0.001724568032118309,0.44,3.685097908601165e-05,0.04328271746635437
9,0,0.0019052882973721965,0.46,3.685097908601165e-05,0.07848656922578812
9,0,0.0021171175460319627,0.46,3.685097908601165e-05,0.14168213307857513
9,0,0.0023133327991792228,0.46,3.685097908601165e-05,0.23701593279838562
9,0,0.0023814628136452007,0.44,3.685097908601165e-05,0.3357941806316376
9,0,0.0022866338262536546,0.44,3.685097908601165e-05,0.3813190460205078
9,0,0.0021716522335785563,0.44,3.685097908601165e-05,0.41156652569770813
9,0,0.0022084857692328983,0.44,3.685097908601165e-05,0.5210700035095215
9,0,0.002233565853717906,0.44,3.9719412598060444e-05,0.6542595028877258
9,0,0.0022178294888289085,0.44,4.335805351729505e-05,0.7906405925750732
9,0,0.002204333838665679,0.44,3.7000852898927405e-05,0.8799384236335754
9,0,0.002233413676262967,0.44,3.7000852898927405e-05,0.9212915897369385
9,0,0.0023029031457563027,0.46,3.7000852898927405e-05,0.9432151913642883
9,0,0.0022974456623583014,0.46,3.7000852898927405e-05,0.9563709497451782
9,0,0.002220794777856815,0.46,3.7000852898927405e-05,0.9638488292694092
9,0,0.0021197425371586487,0.44,3.7000852898927405e-05,0.9693759083747864
9,0,0.002042531218747916,0.44,3.7000852898927405e-05,0.9755222201347351
9,0,0.002036959640221061,0.44,3.7000852898927405e-05,0.9794496297836304
9,0,0.0020915557123232275,0.44,3.7000852898927405e-05,0.979949951171875
9,0,0.0021402912337759,0.44,3.7000852898927405e-05,0.9772302508354187
9,0,0.002046834729511003,0.48,3.221650331397541e-05,0.9776641130447388
9,0,0.0019451692406670161,0.46,3.221650331397541e-05,0.9715460538864136
9,0,0.0021383738465094162,0.5,3.0300387152237818e-05,0.9724544882774353
9,0,0.00238220368228027,0.48,3.0300387152237818e-05,0.9739028811454773
9,0,0.0024821836317637227,0.48,3.0300387152237818e-05,0.9723958373069763
9,0,0.002645677078544534,0.48,3.0300387152237818e-05,0.9732908010482788
9,0,0.0028920506195508565,0.48,3.139918771921657e-05,0.9736583828926086
9,0,0.0032906329581409667,0.48,3.139918771921657e-05,0.9745171666145325
9,0,0.0037223318387264305,0.48,2.876411599572748e-05,0.976005494594574
9,0,0.0038032676218099732,0.48,2.6632444132701494e-05,0.9807932376861572
9,0,0.0038741044015898596,0.48,2.6686822820920497e-05,0.9781197309494019
9,0,0.004297025885665439,0.48,2.6686822820920497e-05,0.9813692569732666
9,0,0.0049046886659971315,0.48,1.9951306967413984e-05,0.9854068160057068
9,0,0.0056015507129723455,0.46,1.9951306967413984e-05,0.9831596612930298
9,0,0.0062951768798839465,0.46,1.9951306967413984e-05,0.9830068349838257
9,0,0.006983265651458694,0.46,2.108632543240674e-05,0.9820381999015808
9,0,0.0076295882290951045,0.46,2.108632543240674e-05,0.9850238561630249
9,0,0.00823427831235773,0.46,2.108632543240674e-05,0.9865815043449402
9,0,0.00874008458054246,0.46,2.108632543240674e-05,0.986680269241333
9,0,0.009267409767136988,0.46,2.108632543240674e-05,0.983650267124176
9,0,0.009764298523528883,0.44,2.2271464331424795e-05,0.983942449092865
9,0,0.01024750046320283,0.44,1.6026007870095782e-05,0.9838417172431946
9,0,0.010512953580464581,0.44,1.6026007870095782e-05,0.9821621775627136
9,0,0.010531516161860818,0.44,1.6026007870095782e-05,0.9787681698799133
9,0,0.010661458776764826,0.46,1.6026007870095782e-05,0.9764198064804077
9,0,0.01088881429770083,0.46,1.6026007870095782e-05,0.9753049612045288
9,0,0.010893682897870969,0.46,1.6026007870095782e-05,0.9723621010780334
9,0,0.010725374539497413,0.46,1.6026007870095782e-05,0.9747226238250732
9,0,0.0103782646532873,0.46,1.6026007870095782e-05,0.9713358879089355
9,0,0.009880881448540801,0.46,2.143638084817212e-05,0.9654455184936523
9,0,0.009541351968077925,0.46,2.143638084817212e-05,0.9629672765731812
9,0,0.009274985341659542,0.48,2.143638084817212e-05,0.9628487229347229
9,0,0.008937175687614629,0.48,2.143638084817212e-05,0.9631970524787903
9,0,0.008466547886620636,0.48,2.143638084817212e-05,0.9616727232933044
9,0,0.00785536685460028,0.48,2.8205011403770186e-05,0.9525733590126038
9,0,0.007208555907713445,0.5,2.8205011403770186e-05,0.9446472525596619
9,0,0.00639036675457018,0.5,2.8205011403770186e-05,0.9396892786026001
9,0,0.005523411310063124,0.5,2.8205011403770186e-05,0.9121219515800476
9,0,0.005079447341485499,0.5,2.108632543240674e-05,0.868420422077179
9,0,0.004865822950632719,0.5,1.9951306967413984e-05,0.8415199518203735
9,0,0.00519142545239272,0.5,1.7855336409411393e-05,0.864543080329895
9,0,0.005816385101649535,0.5,1.9245200746809132e-05,0.8819846510887146
9,0,0.006047990484329564,0.5,7.185487447713967e-06,0.8773009777069092
9,0,0.006953768860438777,0.5,1.1081092452513985e-05,0.8981286287307739
9,0,0.0077967249679443285,0.46,9.848730769590475e-06,0.8974526524543762
9,0,0.006910226510190244,0.46,1.2068455362168606e-05,0.8050153851509094
9,0,0.0053391834098869976,0.48,9.849725756794214e-06,0.5660489797592163
9,0,0.003629255217800226,0.5,9.347601917397697e-06,0.32020339369773865
9,0,0.0022735927113074553,0.56,9.133339517575223e-06,0.13549727201461792
9,0,0.001472334835914725,0.54,9.133339517575223e-06,0.058113716542720795
9,0,0.0010084901174466528,0.54,9.133339517575223e-06,0.028783973306417465
9,0,0.0007251620674058254,0.54,9.133339517575223e-06,0.014428690075874329
9,0,0.0005217737685255231,0.52,6.1362338783510495e-06,0.00961498636752367
9,0,0.00039380108861770084,0.52,6.1362338783510495e-06,0.006249411962926388
9,0,0.00034324308812080267,0.5,6.324512469291221e-06,0.005040457006543875
9,0,0.0003078011962015945,0.5,5.706324373022653e-06,0.004781397059559822
9,0,0.00026871892705140107,0.5,5.706324373022653e-06,0.004632570780813694
9,0,0.0002443168117962282,0.48,5.706324373022653e-06,0.006670867092907429
9,0,0.00024578191789341236,0.48,5.706324373022653e-06,0.01145891472697258
9,0,0.0002722566435565672,0.48,5.706324373022653e-06,0.029716556891798973
9,0,0.00033447617158463826,0.5,5.706324373022653e-06,0.10812635719776154
9,0,0.0004434778903546387,0.46,5.364586741052335e-06,0.2493472546339035
9,0,0.0006059021682402713,0.46,5.456887265609112e-06,0.49258559942245483
9,0,0.0008237861051699235,0.46,5.456887265609112e-06,0.7598451972007751
9,0,0.0011195716110214947,0.46,4.98948566018953e-06,0.9036725759506226
9,0,0.0015161191128052643,0.46,4.98948566018953e-06,0.9601391553878784
9,0,0.002021775551769802,0.46,4.98948566018953e-06,0.9819775819778442
9,0,0.002645979877067973,0.46,3.792088818954653e-06,0.9909560084342957
9,0,0.0033430601225043046,0.46,3.792088818954653e-06,0.9949438571929932
9,0,0.004031310052897098,0.46,3.792088818954653e-06,0.996920645236969
9,0,0.004837374279748666,0.46,3.792088818954653e-06,0.9980541467666626
9,0,0.005711641606930368,0.46,3.792088818954653e-06,0.9987071752548218
9,0,0.006585786725984848,0.48,3.792088818954653e-06,0.9990377426147461
9,0,0.007484140167448685,0.52,3.792088818954653e-06,0.9992510080337524
9,0,0.008540790922908392,0.52,3.792088818954653e-06,0.9993637204170227
9,0,0.009824958753785744,0.52,3.792088818954653e-06,0.9994196891784668
9,0,0.011411714020001339,0.52,3.792088818954653e-06,0.9994657039642334
9,0,0.012479746337271691,0.52,3.792088818954653e-06,0.9994778037071228
9,0,0.013070209557159288,0.52,3.792088818954653e-06,0.9994820952415466
9,0,0.014167512927944305,0.52,4.00782255383092e-06,0.9995146989822388
9,0,0.01579345942721039,0.52,4.00782255383092e-06,0.9995856285095215
9,0,0.019174868761050082,0.52,4.00782255383092e-06,0.999691903591156
9,0,0.02129308924205502,0.52,4.00782255383092e-06,0.9997567534446716
9,0,0.02030986514375097,0.52,4.00782255383092e-06,0.9997768998146057
9,0,0.02047062125398713,0.52,4.00782255383092e-06,0.9998112320899963
9,0,0.021733386506539852,0.52,4.00782255383092e-06,0.9998489022254944
9,0,0.023374970923008467,0.52,4.00782255383092e-06,0.9998765587806702
9,0,0.025167385839790262,0.52,4.00782255383092e-06,0.9999001622200012
9,0,0.02615686987325862,0.52,4.00782255383092e-06,0.9999068975448608
9,0,0.024204402388077674,0.52,3.792088818954653e-06,0.9998500347137451
9,0,0.026833415631376943,0.52,3.792088818954653e-06,0.9997285008430481
9,0,0.026907717653617613,0.5,3.792088818954653e-06,0.9986222982406616
9,0,0.024659954460675582,0.52,3.351036866661161e-06,0.9868032336235046
9,0,0.03460919987407018,0.52,3.351036866661161e-06,0.9676529169082642
9,0,0.05845962082215755,0.52,3.2943553378572688e-06,0.9180290699005127
9,0,0.08983584664576007,0.52,3.5042144190811086e-06,0.8653735518455505
9,0,0.12087562391629864,0.52,3.5042144190811086e-06,0.854135274887085
9,0,0.1397232008465088,0.54,3.5042144190811086e-06,0.8913512229919434
9,0,0.14151762474869772,0.54,3.5042144190811086e-06,0.9619187712669373
9,0,0.14371027563502156,0.52,3.5042144190811086e-06,0.9820477962493896
9,0,0.1620916441115325,0.5,3.458739001871436e-06,0.98453688621521
9,0,0.1874577509179282,0.5,3.458739001871436e-06,0.9883444905281067
9,0,0.20602973127269372,0.5,3.458739001871436e-06,0.989468514919281
9,0,0.2176422863433459,0.5,3.458739001871436e-06,0.9901296496391296
9,0,0.22361178178858412,0.48,3.458739001871436e-06,0.9909820556640625
9,0,0.22448091440292156,0.46,3.251602947784704e-06,0.9903782606124878
9,0,0.22127428078403522,0.46,3.2724926768423757e-06,0.9864252805709839
9,0,0.20590950997956547,0.46,3.2724926768423757e-06,0.9819200038909912
9,0,0.18072815421374194,0.46,3.2724926768423757e-06,0.9659863114356995
9,0,0.14526211374742326,0.46,2.7008575216314057e-06,0.9313469529151917
9,0,0.11070700670361067,0.48,2.7008575216314057e-06,0.8823375105857849
9,0,0.07335890173802839,0.38,1.8132872128262534e-06,0.3131372630596161
9,0,0.061170151889503664,0.32,1.8132872128262534e-06,0.18536677956581116
9,0,0.028188355589448454,0.3,1.8132872128262534e-06,0.19659671187400818
9,0,0.01914405394489869,0.3,1.8132872128262534e-06,0.08906474709510803
9,0,0.013092966932005467,0.3,1.8132872128262534e-06,0.03120598755776882
9,0,0.008440064572326744,0.28,1.8132872128262534e-06,0.012236496433615685
9,0,0.005647773218825014,0.28,1.7558079434820684e-06,0.004670492373406887
9,0,0.003421355025442968,0.3,1.7558079434820684e-06,0.0018030839273706079
9,0,0.002161033622912194,0.3,1.7558079434820684e-06,0.0007810444803908467
9,0,0.001410721982701762,0.38,1.9208466710551875e-06,0.0003964425122831017
9,0,0.000934617161333824,0.42,1.9208466710551875e-06,0.00023932012845762074
9,0,0.0006306537788255395,0.44,1.9208466710551875e-06,0.00021030874631833285
9,0,0.0004688241367760415,0.44,2.3273933038581163e-06,0.00021682750957552344
9,0,0.0003850038532348222,0.46,2.3273933038581163e-06,0.00022950714628677815
9,0,0.00031164564665949363,0.46,2.3273933038581163e-06,0.00021088928042445332
9,0,0.0002507983392213036,0.46,2.3273933038581163e-06,0.00017017881327774376
9,0,0.00020314223808396133,0.46,2.3823515675758244e-06,0.00014784424274694175
9,0,0.0001690956832677392,0.46,2.3823515675758244e-06,0.000140620963065885
9,0,0.00014334139835443118,0.44,2.658323182913591e-06,0.00014044261479284614
9,0,0.0001243072700882405,0.46,2.6932748369290493e-06,0.00014663890760857612
9,0,0.00010975208531415382,0.46,2.9885013645980507e-06,0.00015200157940853387
9,0,9.869147524371445e-05,0.46,4.764489403896732e-06,0.0001614851353224367
9,0,9.115120122352949e-05,0.46,4.764489403896732e-06,0.00018680198991205543
9,0,8.632722975257715e-05,0.46,4.764489403896732e-06,0.00022646546130999923
9,0,8.518085844062046e-05,0.44,4.764489403896732e-06,0.00026960711693391204
9,0,8.549549777479531e-05,0.44,4.764489403896732e-06,0.00036371612804941833
9,0,8.788635593771026e-05,0.46,4.764489403896732e-06,0.0005116910324431956
9,0,9.458256057143458e-05,0.46,4.764489403896732e-06,0.0007855977746658027
9,0,0.00010306765936365098,0.46,4.764489403896732e-06,0.000996894552372396
9,0,0.00011241601063671302,0.46,4.764489403896732e-06,0.0009918540017679334
9,0,0.00012328274349514393,0.46,4.6226523409131914e-06,0.0011577993864193559
9,0,0.0001367295436364419,0.48,4.6226523409131914e-06,0.0016311131184920669
9,0,0.00015337145119182505,0.48,4.6226523409131914e-06,0.0023041055537760258
9,0,0.00017360308387092546,0.48,5.69714529774501e-06,0.00310727977193892
9,0,0.00019986180538340034,0.48,5.69714529774501e-06,0.004733618814498186
9,0,0.00023663678008525643,0.48,6.314339771051891e-06,0.007483222521841526
9,0,0.0003000423193497571,0.48,6.314339771051891e-06,0.01280030608177185
9,0,0.00042103765588383685,0.46,6.314339771051891e-06,0.025003748014569283
9,0,0.0006757438973549234,0.48,6.314339771051891e-06,0.045500610023736954
9,0,0.0012629092296066323,0.5,6.314339771051891e-06,0.07614067941904068
9,0,0.0017957064949895073,0.36,5.341633823263692e-06,0.03931954503059387
9,0,0.0025831087576345998,0.32,5.341633823263692e-06,0.016535067930817604
9,0,0.0031336898961698383,0.28,5.341633823263692e-06,0.005915007088333368
9,0,0.004945819355874805,0.28,5.341633823263692e-06,0.00665814895182848
9,0,0.0075352055734424946,0.28,5.054104349255795e-06,0.0050973244942724705
9,0,0.011287812719395189,0.28,4.529417765297694e-06,0.0048491633497178555
9,0,0.01686706753603404,0.26,4.424929102242459e-06,0.0046478440053761005
9,0,0.025352400290827082,0.28,4.424929102242459e-06,0.004276250954717398
9,0,0.03636097846140062,0.28,5.230705028225202e-06,0.004385464359074831
9,0,0.04926868939520605,0.28,5.230705028225202e-06,0.004570610821247101
9,0,0.06420514853737144,0.28,5.230705028225202e-06,0.0048308768309652805
9,0,0.08260116195649476,0.26,5.230705028225202e-06,0.004603399429470301
9,0,0.10487670502090085,0.26,4.689411071012728e-06,0.004134268034249544
9,0,0.1261934848630186,0.26,4.689411071012728e-06,0.00330404844135046
9,0,0.14121374776738838,0.26,4.594331130647333e-06,0.0024196095764636993
9,0,0.15090897148116103,0.26,4.594331130647333e-06,0.0016545027028769255
9,0,0.15241755383126937,0.26,2.657919822013355e-06,0.0009414527448825538
9,0,0.14453107727121467,0.26,2.657919822013355e-06,0.0004824474162887782
9,0,0.13215694332839686,0.26,2.657919822013355e-06,0.00022985534451436251
9,0,0.11503121851349306,0.26,2.657919822013355e-06,8.68298884597607e-05
9,0,0.003954023324117235,0.28,0.08795120567083359,3.980648034485057e-05
9,0,0.0035252148047796483,0.28,0.07677248865365982,3.709956945385784e-05
9,0,0.0032071109541944158,0.28,0.07677248865365982,3.541739715728909e-05
9,0,0.0030300112651121458,0.26,0.07677248865365982,3.4860175219364464e-05
9,0,0.002898861835796074,0.28,0.07677248865365982,3.580535849323496e-05
9,0,0.002848749784270168,0.28,0.07677248865365982,3.8075941120041534e-05
9,0,0.0028941837188847103,0.28,0.07677248865365982,4.195525252725929e-05
9,0,0.0030526586148546878,0.28,0.0802249014377594,4.9012152885552496e-05
9,0,0.0033457209874108162,0.28,0.10260608047246933,5.853123002452776e-05
9,0,0.003678563433479593,0.26,0.10260608047246933,6.915888661751524e-05
9,0,0.003906818635509177,0.26,0.10260608047246933,0.0001114472615881823
9,0,0.004194758566315454,0.26,0.10260608047246933,0.00013351329835131764
9,0,0.00461947827699627,0.26,0.10260608047246933,0.00011741372873075306
9,0,0.005002947108382055,0.26,0.10260608047246933,0.00012099712330382317
9,0,0.005260651329601947,0.26,0.10260608047246933,0.00012252622400410473
9,0,0.005494882025658591,0.26,0.10260608047246933,0.00012116372090531513
9,0,0.005784814177374351,0.28,0.0802249014377594,0.00011663271288853139
9,0,0.006119913693056039,0.28,0.0802249014377594,0.00010609700984787196
9,0,0.006573419488986764,0.28,0.0802249014377594,9.792639320949093e-05
9,0,0.006908528335031699,0.28,0.08795120567083359,8.896276995074004e-05
9,0,0.006983214561671674,0.28,0.08795120567083359,8.028009324334562e-05
9,0,0.006940307747619688,0.28,0.08747471123933792,7.214321522042155e-05
9,0,0.00710929475993192,0.28,0.08747471123933792,6.642779771937057e-05
9,0,0.005832295573116831,0.26,0.11163298785686493,5.846406929777004e-05
9,0,0.005231822227406494,0.28,0.11163298785686493,5.582228914136067e-05
9,0,0.005132246096566766,0.28,0.12298707664012909,5.784958557342179e-05
9,0,0.005224450208290614,0.26,0.11714241653680801,6.0135102103231475e-05
9,0,0.005293448961953494,0.26,0.1414395570755005,7.25960053387098e-05
9,0,0.005177129387266155,0.26,0.1222858801484108,8.926912414608523e-05
9,0,0.006317054881715034,0.26,0.1806175261735916,0.0001309873186983168
9,0,0.007102114700388074,0.28,0.1806175261735916,0.00018659778288565576
9,0,0.007315302410226899,0.3,0.1806175261735916,0.0002595044206827879
9,0,0.007086683178625348,0.3,0.1806175261735916,0.0002852153847925365
9,0,0.006760227532260837,0.28,0.1649436205625534,0.00030806686845608056
9,0,0.00640369034477587,0.26,0.16406354308128357,0.0003090429527219385
9,0,0.0059745675342567205,0.26,0.17690056562423706,0.00028477763407863677
9,0,0.0054552683461077675,0.26,0.17776928842067719,0.00024445459712296724
9,0,0.004886213631860465,0.24,0.1648818552494049,0.00019784642790909857
9,0,0.004314076671104523,0.26,0.15152011811733246,0.00015250941214617342
9,0,0.003758096718424731,0.24,0.12880092859268188,0.00011280480975983664
9,0,0.0032263353911502852,0.22,0.12952114641666412,8.04209994385019e-05
9,0,0.0027332957933592452,0.22,0.12952114641666412,5.5082549806684256e-05
9,0,0.0022951945618984414,0.22,0.12952114641666412,3.644723983597942e-05
9,0,0.0019201125644842559,0.22,0.12952114641666412,2.3438233256456442e-05
9,0,0.0016180521333656044,0.22,0.08406201004981995,1.4663806723547168e-05
9,0,0.0013925762444590099,0.22,0.05706063285470009,8.995018106361385e-06
9,0,0.001232755840740039,0.22,0.05706063285470009,6.126504558778834e-06
9,0,0.0010995546419706361,0.22,0.05706063285470009,3.7660036014131038e-06
9,0,0.0009779262806982004,0.22,0.05706063285470009,2.4695120828255313e-06
9,0,0.0008578850086977039,0.22,0.05706063285470009,1.7245280332645052e-06
9,0,0.0007468202436090624,0.22,0.05706063285470009,1.239462108060252e-06
9,0,0.0006669119904481553,0.24,0.05619003623723984,8.029065838854876e-07
9,0,0.0006341109421964785,0.24,0.05919751524925232,7.675664619455347e-07
9,0,0.0005845329295532926,0.22,0.05619003623723984,3.623060536028788e-07
9,0,0.0005067959059171261,0.22,0.05619003623723984,2.431489747323212e-07
9,0,0.00045282438323056306,0.24,0.05706063285470009,1.392784128029234e-07
9,0,0.0004392573786036243,0.24,0.05619003623723984,7.660865009029294e-08
9,0,0.00041858595637545796,0.22,0.06175702437758446,6.627434601114146e-08
9,0,0.00037784094018354723,0.24,0.0650419071316719,4.416433085907556e-08
9,0,0.000348193303735611,0.22,0.05559856817126274,2.8763665227415913e-08
9,0,0.00034020521036776173,0.22,0.05559856817126274,2.471645288437685e-08
9,0,0.0003569785104321053,0.22,0.05646054446697235,2.6537223973832624e-08
9,0,0.0004013640452870345,0.22,0.05974648892879486,3.9639651561174105e-08
9,0,0.0004536155823965749,0.24,0.05974648892879486,7.063902529580446e-08
9,0,0.00047819564183551225,0.24,0.06470976769924164,1.1982928072029608e-07
9,0,0.0004738163298592121,0.24,0.06470976769924164,1.6862688312357932e-07
9,0,0.00047691606266800737,0.24,0.0755767896771431,2.5017638449753576e-07
9,0,0.0005255139098832046,0.24,0.0755767896771431,4.0462006722918886e-07
9,0,0.0005049308104712216,0.24,0.06885550916194916,6.284047913140967e-07
9,0,0.0005489624082045494,0.24,0.06885550916194916,9.946905947799678e-07
9,0,0.0006259120512416583,0.26,0.06885550916194916,1.524229332972027e-06
9,0,0.000691745450337454,0.26,0.08291848003864288,2.096627667924622e-06
9,0,0.0007104995677695981,0.26,0.0788068100810051,2.6080108455062145e-06
9,0,0.0006823883410208455,0.26,0.0788068100810051,3.9210685827129055e-06
9,0,0.0007954642417851184,0.28,0.07284648716449738,5.335173227649648e-06
9,0,0.0008167160062008856,0.28,0.07284648716449738,6.359313374559861e-06
9,0,0.0007476866196513059,0.3,0.06889286637306213,7.215515779535053e-06
9,0,0.000888182161439526,0.28,0.06889286637306213,9.047661478689406e-06
9,0,0.000845856149593395,0.28,0.06505461037158966,8.363161214219872e-06
9,0,0.0008296587270585009,0.28,0.05102851614356041,7.464948794222437e-06
9,0,0.0008138556538709076,0.28,0.0574893020093441,8.560375135857612e-06
9,0,0.0007826466856325449,0.28,0.0574893020093441,9.785087968339212e-06
9,0,0.0007367567524601931,0.28,0.06227749213576317,8.984610758488998e-06
9,0,0.0006848021248109296,0.28,0.13707730174064636,1.002860335574951e-05
9,0,0.0006170388297681394,0.3,0.1524868905544281,9.3901307991473e-06
9,0,0.000547434361688888,0.3,0.15694190561771393,9.004629646369722e-06
9,0,0.0004841833346508089,0.28,0.15694190561771393,7.850220754335169e-06
9,0,0.000433857247440944,0.22,0.16141264140605927,6.523268893943168e-06
9,0,0.00031270704227209794,0.22,0.16904324293136597,3.7523593618971063e-06
9,0,0.00023096019457868346,0.2,0.15569141507148743,2.1029998151789187e-06
9,0,0.00022055003680128996,0.2,0.15569141507148743,1.1700816457960173e-06
9,0,0.00020176593541928995,0.2,0.27299046516418457,5.956395625617006e-07
9,0,0.00017678956598875617,0.18,0.28179866075515747,3.642885531007778e-07
9,0,0.0001446628346057346,0.18,0.28179866075515747,2.8808941010538547e-07
9,0,0.0001144572557427355,0.18,0.1637757122516632,2.7421057779974944e-07
9,0,0.00013193169606715122,0.22,0.1637757122516632,3.318276924346719e-07
9,0,0.0001335623203438174,0.22,0.1637757122516632,2.2467324356512108e-07
9,0,0.00014289027196958922,0.22,0.1637757122516632,2.856106959825411e-07
9,0,0.0001613966667881259,0.22,0.1637757122516632,4.158801800713263e-07
9,0,0.00020253233179677463,0.22,0.1637757122516632,5.862551120117132e-07
9,0,0.00026485089772379717,0.22,0.1563381552696228,9.392624065185373e-07
9,0,0.0002576746872296765,0.22,0.2707366347312927,8.024205158108089e-07
9,0,0.000254516325500334,0.2,0.26419174671173096,7.161661415011622e-07
9,0,0.00032699924743467726,0.2,0.2837216556072235,8.476826565129159e-07
9,0,0.0003825749483784086,0.2,0.27487632632255554,1.0112347581525682e-06
9,0,0.00039925284908148086,0.24,0.27487632632255554,1.1547306257853052e-06
9,0,0.0003854773198372038,0.24,0.2716398537158966,1.2126577075832756e-06
9,0,0.000481361684115661,0.24,0.2716398537158966,1.4349707271321677e-06
9,0,0.000639740622807267,0.24,0.1300247609615326,2.0247127849870594e-06
9,0,0.0007205496891844827,0.26,0.1300247609615326,2.8684421522484627e-06
9,0,0.0008730747484065206,0.26,0.13641293346881866,3.03492652165005e-06
9,0,0.000987021771288097,0.28,0.1300247609615326,4.458720013644779e-06
9,0,0.0009910555257982654,0.3,0.1300247609615326,4.10965139963082e-06
9,0,0.001223573532103925,0.28,0.1300247609615326,5.3809671953786165e-06
9,0,0.0015680993010550527,0.28,0.1300247609615326,6.415934421966085e-06
9,0,0.0016443072292877993,0.28,0.1300247609615326,6.612284778384492e-06
9,0,0.001829698173000516,0.3,0.1300247609615326,7.112123512342805e-06
9,0,0.0020425542432905576,0.3,0.13641293346881866,7.368473688984523e-06
9,0,0.002165190184316105,0.3,0.13641293346881866,9.415472959517501e-06
9,0,0.0020841740274579806,0.26,0.13641293346881866,1.2417889593052678e-05
9,0,0.0018833472224175792,0.26,0.13641293346881866,1.9761284420383163e-05
9,0,0.001609808935498911,0.24,0.13834422826766968,2.02134524442954e-05
9,0,0.0013668810213248665,0.24,0.17767493426799774,1.998346851905808e-05
9,0,0.0011924073908288352,0.22,0.17767493426799774,1.9205763237550855e-05
9,0,0.0011007930999740567,0.22,0.1637757122516632,1.897701804409735e-05
9,0,0.0010792326942873224,0.18,0.1637757122516632,2.0103085262235254e-05
9,0,0.0011106575528530185,0.18,0.23935915529727936,2.251807200082112e-05
9,0,0.0011683150201291567,0.18,0.23935915529727936,2.5758698029676452e-05
9,0,0.0012231217984813162,0.18,0.18271781504154205,3.152938370476477e-05
9,0,0.001257600285232741,0.18,0.18271781504154205,3.5682442103279755e-05
9,0,0.001259520106489797,0.18,0.18271781504154205,2.652932016644627e-05
9,0,0.0012865350205900083,0.2,0.169988214969635,2.4426541131106205e-05
9,0,0.0012399259567015396,0.2,0.169988214969635,2.8723079594783485e-05
9,0,0.0011081301936169223,0.2,0.17629140615463257,3.447604467510246e-05
9,0,0.0013187875501950563,0.2,0.17049899697303772,2.64997888734797e-05
9,0,0.001630622274902588,0.2,0.11665553599596024,9.23405877983896e-06
9,0,0.0015694314321816477,0.2,0.07188586890697479,3.7964962302794447e-06
9,0,0.0016167097452861733,0.22,0.14138291776180267,1.137152412411524e-05
9,0,0.0016869312747148084,0.22,0.14556920528411865,4.012361023342237e-05
9,0,0.0017398651789730562,0.22,0.12618720531463623,7.215381629066542e-05
9,0,0.0018220632941982119,0.22,0.12618720531463623,0.00010035248851636425
9,0,0.001886999533063517,0.18,0.12525217235088348,0.0001134116027969867
9,0,0.0018111292686292452,0.16,0.11931225657463074,0.00013612728798761964
9,0,0.0016130598788297464,0.16,0.11931225657463074,0.00020484508422669023
9,0,0.0018127369970602986,0.16,0.11931225657463074,0.00044236224493943155
9,0,0.0019707933148694146,0.18,0.17044652998447418,0.0006991239497438073
9,0,0.0021568707241184327,0.18,0.27974632382392883,0.000868807197548449
9,0,0.0024408469960672356,0.18,0.27974632382392883,0.001300885691307485
9,0,0.0021340245449491526,0.2,0.27974632382392883,0.0014384147943928838
9,0,0.0019023583951224097,0.2,0.27974632382392883,0.0016759391874074936
9,0,0.0016947088243924068,0.2,0.27974632382392883,0.0022311860229820013
9,0,0.0014321593478389828,0.2,0.27974632382392883,0.0020942878909409046
9,0,0.0011558208068298546,0.22,0.27974632382392883,0.001987974625080824
9,0,0.0008877293654061596,0.24,0.27974632382392883,0.0018769054440781474
9,0,0.0006540762051028283,0.24,0.27974632382392883,0.0012893794337287545
9,0,0.0004935257509909386,0.24,0.27974632382392883,0.0008498887764289975
9,0,0.0003790639886831284,0.24,0.27974632382392883,0.0004629275936167687
9,0,0.0002904743142926355,0.24,0.19326771795749664,0.00030245623202063143
9,0,0.00022144661962299016,0.24,0.13641293346881866,0.00019917268946301192
9,0,0.00017362315652878305,0.24,0.13641293346881866,0.0001290928921662271
9,0,0.00014009842328641163,0.24,0.13641293346881866,7.802683830959722e-05
9,0,0.00011536358748274354,0.24,0.14167313277721405,5.609058280242607e-05
9,0,9.28881662239908e-05,0.24,0.1169019490480423,3.529238165356219e-05
9,0,7.044494426062002e-05,0.24,0.11859489977359772,1.9701035853358917e-05
9,0,6.801329778365799e-05,0.24,0.10303191840648651,1.4133759577816818e-05
9,0,7.170809843615735e-05,0.24,0.10303191840648651,1.0379615559941158e-05
9,0,9.102801973195397e-05,0.24,0.10303191840648651,7.747363270027563e-06
9,0,9.420019877582731e-05,0.24,0.10303191840648651,9.471616067457944e-06
9,0,9.995553839974615e-05,0.24,0.10303191840648651,1.6576099369558506e-05
9,0,0.00010790785442600064,0.24,0.10303191840648651,2.7138130462844856e-05
9,0,0.00011597271706792196,0.24,0.10303191840648651,4.330594674684107e-05
9,0,0.00012153180413585595,0.24,0.10303191840648651,5.201403109822422e-05
9,0,0.00012230008339431583,0.24,0.10303191840648651,5.500554834725335e-05
9,0,0.00011875404257506077,0.24,0.10153549164533615,4.842094494961202e-05
9,0,0.00011512777350410597,0.24,0.1463167369365692,4.6099954488454387e-05
9,0,0.00011105257850929472,0.24,0.17607814073562622,3.167388786096126e-05
9,0,0.00011115967908762778,0.24,0.2573184370994568,2.1400777768576518e-05
9,0,0.0001181301022334445,0.24,0.2680378556251526,2.1958621800877154e-05
9,0,0.0001262283381974478,0.24,0.26971012353897095,2.2196045392774977e-05
9,0,0.0001338890012184135,0.24,0.261142373085022,2.215032873209566e-05
9,0,0.00014096990227849165,0.24,0.31445562839508057,2.428601510473527e-05
9,0,0.00014624620181374028,0.24,0.31445562839508057,2.4715032850508578e-05
9,0,0.00015311703017513147,0.24,0.4487961232662201,1.9224307834520005e-05
9,0,0.00015946997152069904,0.24,0.4450894594192505,5.407269327406539e-06
9,0,0.00016639882078697544,0.26,0.4450894594192505,5.841161055286648e-06
9,0,0.0001580244390618616,0.26,0.4181060791015625,6.2166764109861106e-06
9,0,0.00015062869389514792,0.24,0.42175886034965515,2.176076486648526e-05
9,0,0.0001422017507058835,0.24,0.4095129370689392,3.0194987630238757e-05
9,0,0.0001360236135715531,0.24,0.39587488770484924,3.155630474793725e-05
9,0,0.00012551116073583642,0.26,0.39587488770484924,2.797898559947498e-05
9,0,0.0001133289071120828,0.26,0.39587488770484924,2.3990427507669665e-05
9,0,0.00010233980033355363,0.28,0.35746607184410095,1.5572382835671306e-05
9,0,9.111940495600134e-05,0.28,0.23865313827991486,9.579352990840562e-06
9,0,8.058501895602904e-05,0.26,0.20254544913768768,5.790621798951179e-06
9,0,7.150260724247201e-05,0.24,0.20254544913768768,3.5070968351647025e-06
9,0,6.45529546533843e-05,0.22,0.20254544913768768,2.1902758362557506e-06
9,0,6.092607163042143e-05,0.22,0.09362564980983734,1.4750561376786209e-06
9,0,5.991288070980451e-05,0.22,0.09362564980983734,1.1112119864264969e-06
9,0,6.116166073948387e-05,0.22,0.09290625900030136,9.412414101461763e-07
9,0,6.378156030742706e-05,0.22,0.08834540098905563,8.53891208407731e-07
9,0,6.428374512285134e-05,0.22,0.08834540098905563,8.64454420934635e-07
9,0,6.591634273313867e-05,0.22,0.08834540098905563,7.888997402005771e-07
9,0,0.00036448591441453953,0.22,0.08834540098905563,6.85583358972508e-07
9,0,0.0004397463663775116,0.22,0.08834540098905563,3.327346291825961e-07
9,0,0.00046433990344475626,0.22,0.08834540098905563,1.9188055944141524e-07
9,0,0.00027280956312704515,0.2,0.09290453046560287,1.644246623300205e-07
9,0,0.00018552961960975202,0.22,0.0852193683385849,2.221656529854954e-07
9,0,0.00017659136844381303,0.22,0.07608672976493835,1.4100621115176182e-07
9,0,0.0003663951291870117,0.24,0.11585579067468643,7.908541732604135e-08
9,0,0.00011549573858130926,0.24,0.2436840832233429,6.403676167110461e-08
9,0,0.00013064313156910617,0.26,0.2436840832233429,8.116372640643021e-08
9,0,0.00017049197563241396,0.2,0.2885834872722626,6.25099332296486e-08
9,0,0.00021181894564828045,0.22,0.318698525428772,6.82603200630183e-08
9,0,0.00019451428879008835,0.22,0.318698525428772,8.178578525530611e-08
9,0,0.00019088950787774672,0.24,0.3068067729473114,1.1320296522399076e-07
9,0,0.00019237080398376187,0.24,0.3068067729473114,1.273774472565492e-07
9,0,0.0001895988002070563,0.24,0.3068067729473114,1.3965627942980063e-07
9,0,0.0001797607370605354,0.24,0.3068067729473114,1.5699509958722047e-07
9,0,0.00016927979739095005,0.24,0.3068067729473114,1.7490550874299515e-07
9,0,0.00016428349746462796,0.24,0.3068067729473114,1.875944519724726e-07
9,0,0.0001631035001393558,0.24,0.4275929927825928,1.620820313519289e-07
9,0,0.00016126516470138782,0.26,0.4909595847129822,8.678281915308617e-08
9,0,0.000162351650502394,0.26,0.29160481691360474,4.9273186419895865e-08
9,0,0.00019105213505898842,0.26,0.31071189045906067,1.659783066543241e-08
9,0,0.0001720264300627159,0.26,0.24422912299633026,1.16753602341646e-08
9,0,0.00015153569795962904,0.24,0.2520480751991272,1.0776093795072939e-08
9,0,0.00012577839285481595,0.24,0.24735192954540253,9.472251427666833e-09
9,0,9.968435485881989e-05,0.24,0.24735192954540253,7.507773958081998e-09
9,0,7.986110863639957e-05,0.24,0.21388575434684753,5.4228923573873544e-09
9,0,6.360350376589028e-05,0.24,0.21388575434684753,3.71998631898407e-09
9,0,5.0839399709721104e-05,0.2,0.19704756140708923,2.4042146051783675e-09
9,0,4.098692589049332e-05,0.2,0.19704756140708923,1.4821176508306166e-09
9,0,3.237489546068493e-05,0.22,0.11743371933698654,8.525676276072147e-10
9,0,2.5084779919383005e-05,0.22,0.07366742193698883,4.83261930472878e-10
9,0,1.926709256153897e-05,0.22,0.07366742193698883,2.7280430692222524e-10
9,0,1.5349826008680496e-05,0.22,0.07366742193698883,1.642986996452933e-10
9,0,1.3184079188648817e-05,0.22,0.07366742193698883,1.1064586746822869e-10
9,0,1.205037010243647e-05,0.22,0.0778721272945404,1.1468716948348501e-10
9,0,1.1448800302161426e-05,0.22,0.0778721272945404,1.364978546858353e-10
9,0,1.1054324258095815e-05,0.22,0.0778721272945404,1.3804918319593185e-10
9,0,1.1369113487715694e-05,0.22,0.15220747888088226,2.625801243105741e-10
9,0,1.2469023723653601e-05,0.2,0.11854200810194016,7.226710341257103e-10
9,0,1.3025635631799204e-05,0.2,0.11854200810194016,8.034636844733711e-10
9,0,1.3346746539037295e-05,0.2,0.11765598505735397,9.38559896468405e-10
9,0,1.3916718999457876e-05,0.2,0.11765598505735397,1.0199383559950093e-09
9,0,1.4441500751929042e-05,0.2,0.11139480769634247,1.091049695034485e-09
9,0,1.4568606441914864e-05,0.22,0.0704556554555893,1.3164086487549298e-09
9,0,1.4656493655023535e-05,0.22,0.0704556554555893,1.4561952754732488e-09
9,0,1.4768339638853446e-05,0.22,0.0704556554555893,1.5027580291260278e-09
9,0,1.540599577352746e-05,0.22,0.0704556554555893,1.4797506553421158e-09
9,0,1.652825018660092e-05,0.22,0.08679204434156418,9.707792347768418e-10
9,0,1.6900289114656902e-05,0.2,0.08418062329292297,9.234257247747735e-10
9,0,1.7866859707462793e-05,0.22,0.08746866136789322,6.478537151188846e-10
9,0,2.251466377040526e-05,0.22,0.1269223690032959,5.274512493436134e-10
9,0,2.6552259009157606e-05,0.22,0.19073303043842316,5.353978371758217e-10
9,0,2.7840479886223354e-05,0.22,0.18434736132621765,6.456936652021739e-10
9,0,2.828567447592505e-05,0.22,0.18989333510398865,8.136280538195706e-10
9,0,2.9125035718356874e-05,0.2,0.19088034331798553,1.0083633927848723e-09
9,0,3.0296022961566208e-05,0.2,0.19088034331798553,1.2405307892038309e-09
9,0,3.126887107032309e-05,0.2,0.3117450773715973,1.501758051247748e-09
9,0,3.174819726852837e-05,0.22,0.30159640312194824,1.7370497262803042e-09
9,0,3.163894821503581e-05,0.22,0.30159640312194824,1.89598647892808e-09
9,0,3.1085164437238685e-05,0.22,0.30159640312194824,1.9611925416995746e-09
9,0,2.986014126733609e-05,0.22,0.30159640312194824,1.9147934349206253e-09
9,0,2.7952463947339134e-05,0.22,0.30159640312194824,1.7571601951260618e-09
9,0,2.5474185637941705e-05,0.22,0.30159640312194824,1.5154053567556502e-09
9,0,2.253556761495462e-05,0.22,0.30159640312194824,1.21464704960772e-09
9,0,1.9350674312558047e-05,0.22,0.30159640312194824,8.947298457684383e-10
9,0,1.6139800065033222e-05,0.22,0.20373381674289703,6.061381951916189e-10
9,0,1.3029238189643263e-05,0.2,0.20373381674289703,3.766620626510786e-10
9,0,9.846714622926439e-06,0.2,0.1344413161277771,1.4129380998539887e-10
9,0,7.183980795311137e-06,0.22,0.07602423429489136,6.157735432665845e-11
9,0,5.121099331680787e-06,0.22,0.040537621825933456,3.4460035519545684e-11
9,0,3.6371163057205028e-06,0.22,0.027102939784526825,2.260298025136276e-11
9,0,2.639327389119907e-06,0.22,0.027102939784526825,1.60529992077052e-11
9,0,1.985301156327291e-06,0.22,0.027102939784526825,1.2920270756056063e-11
9,0,1.5326690631601062e-06,0.22,0.027102939784526825,1.0812209634558645e-11
9,0,1.2101665181788425e-06,0.22,0.02164815180003643,9.02394999002798e-12
9,0,9.706570974504189e-07,0.22,0.017423363402485847,6.803234191277152e-12
9,0,8.032170895262331e-07,0.22,0.017423363402485847,6.861891263532094e-12
9,0,6.772712532403283e-07,0.22,0.017423363402485847,6.999646088440281e-12
9,0,5.827822093697594e-07,0.22,0.017423363402485847,7.100171579149661e-12
9,0,5.028718177206349e-07,0.22,0.017423363402485847,7.1047772699783796e-12
9,0,4.2914223989670647e-07,0.22,0.017423363402485847,6.895478545793088e-12
9,0,3.608557148081998e-07,0.22,0.017423363402485847,6.3941438949166596e-12
9,0,3.0207858771409666e-07,0.14,0.02618914283812046,5.794902318417838e-12
9,0,2.555668999558608e-07,0.14,0.026026329025626183,5.259097844712013e-12
9,0,2.1943442718842364e-07,0.14,0.03018646128475666,4.657765492743771e-12
9,0,1.9066758087620054e-07,0.12,0.037870876491069794,4.2524529904330866e-12
9,0,1.6856742782147782e-07,0.12,0.03942796215415001,4.032766742073646e-12
9,0,1.5247014909573518e-07,0.12,0.043320827186107635,3.9524585861150374e-12
9,0,1.4172309865713366e-07,0.12,0.043320827186107635,4.0054765060304476e-12
9,0,1.3591769338251683e-07,0.14,0.04898945987224579,4.216061961354045e-12
9,0,1.3513503246653917e-07,0.12,0.05977466329932213,3.4940253815229916e-12
9,0,1.4907089801182431e-07,0.12,0.06379381567239761,3.350040947772137e-12
9,0,1.8109362626618065e-07,0.12,0.06933089345693588,3.1882040410491364e-12
9,0,2.2293636032344886e-07,0.12,0.06636413186788559,3.3366048639293933e-12
9,0,2.63511164093805e-07,0.12,0.06636413186788559,3.654123011120891e-12
9,0,2.933429995246105e-07,0.12,0.050995782017707825,4.2155792745468545e-12
9,0,3.293968608528791e-07,0.12,0.050995782017707825,4.385942997675585e-12
9,0,3.9134782876084314e-07,0.12,0.050995782017707825,4.9010088522261075e-12
9,0,4.299232825245793e-07,0.12,0.053165003657341,4.769130836773661e-12
9,0,4.874799092257009e-07,0.12,0.053165003657341,3.92996702888726e-12
9,0,5.621291974077589e-07,0.12,0.054085806012153625,3.6089414876677717e-12
9,0,5.652587059642078e-07,0.12,0.04707733914256096,2.6165846832987283e-12
9,0,5.045107416226169e-07,0.12,0.04707733914256096,1.94233800050736e-12
9,0,4.141949518213591e-07,0.12,0.04323497414588928,1.3319013860563222e-12
9,0,3.2174614230227944e-07,0.12,0.04323497414588928,8.640717807061049e-13
9,0,2.4147983594949884e-07,0.12,0.04943104088306427,5.627676059535847e-13
9,0,1.783722528936968e-07,0.12,0.08939080685377121,4.2008009484145736e-13
9,0,1.3101402483544113e-07,0.12,0.08939080685377121,3.164025573661189e-13
9,0,9.500307252603273e-08,0.12,0.03839103505015373,1.9936691728929257e-13
9,0,6.860318186228641e-08,0.12,0.03839103505015373,1.4170870694333454e-13
9,0,5.097828829509731e-08,0.12,0.0339050367474556,1.137133464647333e-13
9,0,4.1272137407948995e-08,0.1,0.0339050367474556,9.727864401596481e-14
9,0,3.680965091707247e-08,0.1,0.0321386344730854,8.263920418197929e-14
9,0,3.2804956147477556e-08,0.1,0.0321386344730854,6.961267770989182e-14
9,0,2.6672184720915186e-08,0.12,0.036511410027742386,6.408642469783385e-14
9,0,2.0352521987051163e-08,0.12,0.036511410027742386,4.699639657469723e-14
9,0,1.5567917060788154e-08,0.12,0.019679104909300804,3.241510047034303e-14
9,0,1.1623180481115773e-08,0.12,0.020892413333058357,2.47765116122246e-14
9,0,7.713646771676253e-09,0.12,0.021767210215330124,2.2582260903901072e-14
9,0,4.905724025234097e-09,0.1,0.026727771386504173,1.769077099438368e-14
9,0,3.246395385073022e-09,0.12,0.02859247848391533,9.977828737122319e-15
9,0,1.937050868001334e-09,0.12,0.02859247848391533,6.044613882371557e-15
9,0,1.0468973542792394e-09,0.12,0.028326086699962616,3.2353871846717806e-15
9,0,5.737287538445572e-10,0.12,0.028326086699962616,2.0879908486069482e-15
9,0,3.209953115643006e-10,0.12,0.026742827147245407,1.3209346463532805e-15
9,0,1.8269065328976866e-10,0.12,0.029421605169773102,8.399350229145461e-16
9,0,1.0130936452899207e-10,0.12,0.01142118126153946,5.522904161421886e-16
9,0,5.337141294883829e-11,0.12,0.018386084586381912,3.7242183159221507e-16
9,0,2.725955709989269e-11,0.04,0.0020287923980504274,2.5342571978292504e-16
9,0,1.4334983710949635e-11,0.04,0.0021540974266827106,2.235561616891862e-16
9,0,8.191701018164042e-12,0.04,0.0020917600486427546,1.7922448216803566e-16
9,0,5.19983179094079e-12,0.04,0.0020917600486427546,1.4958724932986092e-16
9,0,3.4578890048515215e-12,0.04,0.0020917600486427546,1.196587033322797e-16
9,0,2.2608018353105568e-12,0.06,0.0020917600486427546,8.922793958887059e-17
9,0,1.4290713044926807e-12,0.06,0.0014769475674256682,6.240030180184857e-17
9,0,8.897104172312701e-13,0.06,0.0015044708270579576,4.489778538876959e-17
9,0,5.717131249450929e-13,0.04,0.0025078942999243736,3.203929916257973e-17
9,0,3.905114322627299e-13,0.04,0.002839599968865514,2.0661524135502664e-17
9,0,3.0805632796999224e-13,0.04,0.0042288415133953094,1.331638777070023e-17
9,0,2.8101624483554283e-13,0.04,0.0021115466952323914,8.356292698935218e-18
9,0,2.275762370947547e-13,0.02,0.0021115466952323914,4.679380577547179e-18
9,0,1.8225500181101546e-13,0.02,0.0021115466952323914,2.4851053317379615e-18
9,0,1.6289583219089519e-13,0.02,0.0013932607835158706,1.0804646602852601e-18
9,0,1.3720612925916897e-13,0.02,0.0004990476882085204,5.425647726748765e-19
9,0,1.1273096279601816e-13,0.02,0.000559477019123733,3.453846635793594e-19
9,0,9.073628111606279e-14,0.02,0.00042992833186872303,2.164621286138286e-19
9,0,7.258606317602881e-14,0.02,0.00045093867811374366,1.2255409727887917e-19
9,0,6.754022047551876e-14,0.02,0.00045093867811374366,7.634911950546538e-20
9,0,6.155707729947223e-14,0.02,0.00039641890907660127,5.2810699973594495e-20
9,0,5.515897402125463e-14,0.02,0.00039641890907660127,4.436990343385905e-20
9,0,5.779830533948229e-14,0.02,0.0004189621831756085,3.407530466851277e-20
9,0,6.042847893538611e-14,0.02,0.0004189621831756085,3.001301744909058e-20
9,0,5.5517335130053496e-14,0.02,0.0004189621831756085,2.935480786369712e-20
9,0,4.6654659572269055e-14,0.02,0.0004189621831756085,2.941073949027248e-20
9,0,3.7142292194685334e-14,0.02,0.000379783334210515,2.7783035452875654e-20
9,0,2.8198462495219293e-14,0.02,0.00035934761399403214,2.4736679506446305e-20
9,0,2.0785368473415857e-14,0.02,0.00035934761399403214,1.8374258266281303e-20
9,0,1.515440380628571e-14,0.02,0.00035934761399403214,1.43014261096362e-20
9,0,1.0950092964237037e-14,0.02,0.00035934761399403214,1.1455978116829203e-20
9,0,7.90930530486299e-15,0.02,0.00035934761399403214,9.723787597135004e-21
9,0,6.026803355851526e-15,0.02,0.00035934761399403214,8.155516971426252e-21
9,0,4.006386951841469e-15,0.02,0.000418970943428576,4.510438569563715e-21
9,0,2.921690095677478e-15,0.02,0.00042254876461811364,2.1461277733077163e-21
9,0,2.0930600040498412e-15,0.02,0.0005483135464601219,8.867529647346176e-22
9,0,1.387977697855531e-15,0.02,0.0007459365879185498,4.0503377816218395e-22
9,0,1.1467480106511549e-15,0.02,0.0006466129561886191,3.042823061264309e-22
9,0,9.037085436209009e-16,0.02,0.0007355171255767345,2.4543494867117527e-22
9,0,7.855333483709692e-16,0.04,0.0007355171255767345,1.7736377512819413e-22
9,0,8.582118569996385e-16,0.02,0.0007355171255767345,8.425924302861495e-23
9,0,7.193934459779044e-16,0.02,0.0005648292135447264,6.411107917699717e-23
9,0,5.24669038482373e-16,0.02,0.0005648292135447264,6.292863978894329e-23
9,0,7.369477618074006e-16,0.02,0.0004759323492180556,5.698264804749423e-23
9,0,1.3269514763967464e-15,0.02,0.0007939069182612002,6.664056482503196e-23
9,0,1.982232122156124e-15,0.02,0.0007939069182612002,8.646361700950282e-23
9,0,3.082826808635274e-15,0.02,0.0007939069182612002,1.2137773608303268e-22
9,0,4.735329397140871e-15,0.02,0.0007939069182612002,1.694212837207138e-22
9,0,7.959664715496195e-15,0.02,0.0011120139388367534,2.201256907461416e-22
9,0,1.6960145878875e-14,0.02,0.000614117190707475,3.0282444068648456e-22
9,0,3.7841873276285503e-14,0.02,0.0007856591837480664,4.25889316742957e-22
9,0,8.158172428771718e-14,0.02,0.0007856591837480664,7.0984561821529715e-22
9,0,1.819955489516083e-13,0.02,0.0007856591837480664,9.254813146373125e-22
9,0,3.655391947358845e-13,0.02,0.0007856591837480664,1.0088131980292986e-21
9,0,5.890771539017165e-13,0.02,0.0007386428769677877,1.4102432828715902e-21
9,0,7.777703209882135e-13,0.02,0.0007978045614436269,1.6262729301187857e-21
9,0,9.194891254883357e-13,0.02,0.000315402023261413,1.704091824364755e-21
9,0,1.0420346781997958e-12,0.02,0.000315402023261413,1.7194172839168604e-21
9,0,1.1947442626206297e-12,0.02,0.000315402023261413,1.6952933368335756e-21
9,0,1.4325108215660346e-12,0.02,0.00021535537962336093,1.8468620671804137e-21
9,0,1.8044260902555935e-12,0.02,0.0001893130101962015,2.2980190152361577e-21
9,0,2.340662083001774e-12,0.02,0.0001893130101962015,3.2035570174217202e-21
9,0,2.916368586402961e-12,0.02,0.00020008078718092293,4.431474325014012e-21
9,0,3.3046825543968538e-12,0.02,0.00020008078718092293,6.2308126849606235e-21
9,0,3.455324200646528e-12,0.02,0.00020008078718092293,8.606914440016554e-21
9,0,3.397263350402272e-12,0.02,0.00020008078718092293,1.1821658994443698e-20
9,0,3.180214127704881e-12,0.02,0.00040280382381752133,1.5242382830506482e-20
9,0,2.858837963207277e-12,0.02,0.00040280382381752133,1.8253536748875444e-20
9,0,2.428479283724255e-12,0.02,0.00040280382381752133,2.0006182217271858e-20
9,0,1.9210322604344004e-12,0.02,0.00040280382381752133,2.0621884089585474e-20
9,0,1.4688676523987245e-12,0.02,0.00040280382381752133,1.969706708418278e-20
9,0,1.1140051816909774e-12,0.02,0.00040280382381752133,1.6987835704982806e-20
9,0,8.540768345627206e-13,0.02,0.0003811294736806303,1.3909035537730625e-20
9,0,6.540143228547112e-13,0.02,0.000420447118813172,9.923367538133296e-21
9,0,4.5414300605693617e-13,0.02,0.000420447118813172,6.669938153681877e-21
9,0,2.9351043637178065e-13,0.02,0.000420447118813172,4.031487262404874e-21
9,0,2.1784215140744671e-13,0.02,0.000277264101896435,1.8526482925004502e-21
9,0,1.62697647464224e-13,0.02,0.00029303933843038976,8.87101527658755e-22
9,0,1.1063910638493428e-13,0.02,0.00020008519641123712,5.447228186344709e-22
9,0,7.514977949424598e-14,0.02,0.00022955310123506933,3.431267006237274e-22
9,0,5.461543681622749e-14,0.02,0.00022955310123506933,2.1316359567166994e-22
9,0,4.397617126059754e-14,0.02,0.00022955310123506933,1.3666143018337217e-22
9,0,4.059139225584979e-14,0.02,0.00035151399788446724,9.466837626897656e-23
9,0,4.2445946210056515e-14,0.02,0.00035151399788446724,7.153963717105688e-23
9,0,4.8354612930147667e-14,0.02,0.0005864109261892736,5.867519014041298e-23
9,0,5.706417248339608e-14,0.02,0.0005156801198609173,5.0886962060670424e-23
9,0,6.960824954121234e-14,0.02,0.00048604016774334013,4.403697674260515e-23
9,0,9.33413846175839e-14,0.02,0.00048604016774334013,3.7773159253329785e-23
9,0,1.4500279338047156e-13,0.02,0.00048604016774334013,3.418005560222912e-23
9,0,2.574950385235557e-13,0.02,0.0007369592785835266,3.491767841393422e-23
9,0,4.919834271061101e-13,0.02,0.0004530768492259085,3.989138962336752e-23
9,0,1.1639495896660646e-12,0.02,0.0004559858934953809,6.930315970677013e-23
9,0,2.2609445901028774e-12,0.02,0.0004559858934953809,1.2664259376447772e-22
9,0,3.889261140198729e-12,0.02,0.0005185332847759128,2.297465373720212e-22
9,0,6.797723055679027e-12,0.02,0.0003103796043433249,2.7815460185678683e-22
9,0,1.2887669805924343e-11,0.02,0.0002465455327183008,3.477412971055551e-22
9,0,2.5499248740451544e-11,0.02,0.0001477670157328248,4.968790231997662e-22
9,0,3.9432581084388885e-11,0.02,0.0001477670157328248,6.312752235165782e-22
9,0,6.294752496489657e-11,0.02,0.0001477670157328248,8.672628244739245e-22
9,0,1.0197525905438829e-10,0.02,0.0001477670157328248,1.288486779958081e-21
9,0,1.635265044342187e-10,0.02,0.00022409157827496529,2.221647989984744e-21
9,0,2.388837187565825e-10,0.02,0.00022409157827496529,3.337086303779905e-21
9,0,3.0992025187624723e-10,0.02,0.00022409157827496529,4.797747719209862e-21
9,0,3.647517371686003e-10,0.02,0.000354178948327899,6.483396404750882e-21
9,0,4.014699262072538e-10,0.02,0.000354178948327899,8.095045545004651e-21
9,0,4.22901779550055e-10,0.02,0.000354178948327899,9.441025921373981e-21
9,0,4.2996011629632584e-10,0.02,0.000354178948327899,1.0281028641215148e-20
9,0,4.2210215250741045e-10,0.02,0.000354178948327899,1.0409760239630847e-20
9,0,4.023993329865171e-10,0.02,0.000354178948327899,1.0118548235365999e-20
9,0,3.7002814283454375e-10,0.02,0.000354178948327899,8.47864974628255e-21
9,0,3.3640501542098236e-10,0.02,0.000354178948327899,7.512698276863815e-21
9,0,3.006430669566944e-10,0.02,0.000354178948327899,6.576858928240138e-21
9,0,2.6144764111561993e-10,0.02,0.000354178948327899,5.745131649595553e-21
9,0,2.2308953986500626e-10,0.02,0.000354178948327899,5.2649153377108736e-21
9,0,1.8650328172836802e-10,0.02,0.000354178948327899,5.146839748133547e-21
9,0,1.5023587547328255e-10,0.02,0.0005908565362915397,4.979305785729582e-21
9,0,1.180750547375682e-10,0.02,0.0005908565362915397,4.7424312274357286e-21
9,0,9.235188454601083e-11,0.02,0.0008651954121887684,4.483505924248158e-21
9,0,7.341466710004546e-11,0.02,0.0006762990378774703,3.9721806743068094e-21
9,0,6.256378866481812e-11,0.02,0.0006762990378774703,3.220195545416897e-21
9,0,5.756486184729275e-11,0.02,0.0006762990378774703,2.4660447219740014e-21
9,0,5.6482820280200784e-11,0.02,0.0006762990378774703,2.3769608435143782e-21
9,0,5.96682277084009e-11,0.02,0.0006762990378774703,2.3728477606198793e-21
9,0,6.523133587972882e-11,0.02,0.0006762990378774703,2.3209601505890414e-21
9,0,6.824999667183092e-11,0.02,0.0006762990378774703,2.338967282835017e-21
9,0,7.049752204884492e-11,0.02,0.0006552471895702183,2.242064164595745e-21
9,0,7.836687052271591e-11,0.02,0.0006552471895702183,2.2470644067751428e-21
9,0,9.57058710126783e-11,0.02,0.0004279493005014956,2.3695281329565134e-21
9,0,1.3184018302158038e-10,0.02,0.0004279493005014956,2.564016753050735e-21
9,0,2.029060241732035e-10,0.02,0.0004279493005014956,3.0327773404657648e-21
9,0,3.4828336639930537e-10,0.02,0.00035886847763322294,3.889219467187856e-21
9,0,7.129411623147198e-10,0.02,0.00033955805702134967,4.317011996061636e-21
9,0,1.303053373828758e-09,0.02,0.0005199323641136289,3.9373768884749274e-21
9,0,2.3080072067539e-09,0.02,0.0005199323641136289,3.0759571377933132e-21
9,0,4.499046835942405e-09,0.02,0.0005199323641136289,3.019479038869911e-21
9,0,6.468128904170362e-09,0.02,0.0006545035284943879,3.461149865120613e-21
9,0,1.0234954817456877e-08,0.02,0.0005199323641136289,5.659040242404682e-21
9,0,1.5915697081645474e-08,0.02,0.0005199323641136289,1.02056921975746e-20
9,0,2.683693339437267e-08,0.02,0.00035886847763322294,1.86669574185029e-20
9,0,5.0472801243874514e-08,0.02,5.71587479498703e-05,3.5141420924645714e-20
9,0,1.0293921662889663e-07,0.02,5.71587479498703e-05,6.378453680646899e-20
9,0,2.1883334105622557e-07,0.02,3.778370955842547e-05,1.0520625867726394e-19
9,0,3.4841189266298186e-07,0.02,3.778370955842547e-05,1.6214430556416248e-19
9,0,5.168050650567243e-07,0.02,4.505967808654532e-05,2.198306407126918e-19
9,0,7.032955591385876e-07,0.02,4.505967808654532e-05,2.327177010659617e-19
9,0,8.967033779636319e-07,0.02,4.780881499755196e-05,2.30301454797906e-19
9,0,1.0919949624311565e-06,0.02,4.780881499755196e-05,2.0786963490456916e-19
9,0,1.2971672799791329e-06,0.02,6.967435911064968e-05,1.7351006444867371e-19
9,0,1.522304405416473e-06,0.02,6.98523799655959e-05,1.391334204679473e-19
9,0,1.7688093489919674e-06,0.02,6.98523799655959e-05,1.103621012847011e-19
9,0,2.0203329973550738e-06,0.02,5.811708979308605e-05,8.749230218171449e-20
9,0,2.2427183683038386e-06,0.02,5.811708979308605e-05,6.857349896284474e-20
9,0,2.3902651758981986e-06,0.02,3.618683331296779e-05,5.266625355912742e-20
9,0,2.423619237146289e-06,0.02,2.7880994821316563e-05,3.909198060023642e-20
9,0,2.2822898036095144e-06,0.02,2.5546989490976557e-05,2.8720567129022084e-20
9,0,1.950686832787915e-06,0.02,2.5546989490976557e-05,2.2224795326825584e-20
9,0,2.2411738095319642e-06,0.02,2.5546989490976557e-05,2.3221210307241e-20
9,0,2.7885014477573884e-06,0.02,1.741915002639871e-05,2.3890247557605813e-20
9,0,2.7838416071611787e-06,0.02,1.741915002639871e-05,1.9418932449973225e-20
9,0,2.8939006859066588e-06,0.02,2.093668263114523e-05,1.658665472348172e-20
9,0,2.8765286205507535e-06,0.02,1.9809720470220782e-05,1.0260072375825286e-19
9,0,2.903180409063297e-06,0.02,2.093668263114523e-05,1.2624431316577875e-20
9,0,2.846404026731942e-06,0.02,2.093668263114523e-05,1.0676517101449962e-20
9,0,2.899870384326021e-06,0.02,2.093668263114523e-05,9.874881344864477e-21
9,0,2.8468710125870947e-06,0.02,2.093668263114523e-05,9.028507557160805e-21
9,0,2.4632542065172956e-06,0.02,2.093668263114523e-05,8.960228805914668e-21
9,0,2.041217523472441e-06,0.02,2.093668263114523e-05,9.761324148603865e-21
9,0,1.6929369848240477e-06,0.02,2.093668263114523e-05,1.1749635312221197e-20
9,0,1.4291930548281056e-06,0.02,1.3670973203261383e-05,1.583802718855282e-20
9,0,1.707992955228467e-06,0.02,1.3670973203261383e-05,2.5335370861827166e-20
9,0,2.0069650564503076e-06,0.02,1.3670973203261383e-05,3.766558841324542e-20
9,0,1.6322844111388676e-06,0.0,2.0049936210853048e-05,4.163383876795225e-20
9,0,1.4212289911898024e-06,0.0,1.4974795703892596e-05,4.3799313601085117e-20
9,0,1.3432825891596153e-06,0.0,1.4974795703892596e-05,4.355921150359453e-20
9,0,1.3451741473054022e-06,0.0,1.4974795703892596e-05,4.368234509259129e-20
9,0,1.409298975514884e-06,0.0,1.4974795703892596e-05,4.3973254174268533e-20
9,0,1.549735031706042e-06,0.0,1.4974795703892596e-05,4.534679404376137e-20
9,0,1.7672911809512718e-06,0.0,2.0049936210853048e-05,4.7048634143558263e-20
9,0,2.08547566261211e-06,0.0,2.0049936210853048e-05,5.429143728059538e-20
9,0,2.513545162472298e-06,0.0,2.123217382177245e-05,6.646776854192322e-20
9,0,3.0738336998898294e-06,0.0,2.123217382177245e-05,8.257860377390516e-20
9,0,3.7188640431654664e-06,0.0,2.117805888701696e-05,9.17786293313421e-20
9,0,4.316770375104712e-06,0.0,2.117805888701696e-05,9.315994340612323e-20
9,0,4.790165348253982e-06,0.0,1.6802403479232453e-05,9.201209459688666e-20
9,0,5.346791939516275e-06,0.0,1.6802403479232453e-05,7.394678021145824e-20
9,0,6.589124692288479e-06,0.0,1.0523549462959636e-05,5.87332808477315e-20
9,0,8.395887126288472e-06,0.0,1.0550439583312254e-05,5.05992002941913e-20
9,0,1.0023493169937914e-05,0.0,8.436458301730454e-06,4.607390518924109e-20
9,0,1.1989114676227742e-05,0.0,8.436458301730454e-06,4.4924615276281084e-20
9,0,1.420196320809022e-05,0.0,7.966697921801824e-06,4.3400644857577235e-20
9,0,1.6261206725508726e-05,0.0,9.962969670596067e-06,4.4968165043062294e-20
9,0,1.7362938522375474e-05,0.0,9.962969670596067e-06,4.4996990348705206e-20
9,0,1.7432505458428353e-05,0.0,9.962969670596067e-06,4.5222762188318166e-20
9,0,1.6536544958225104e-05,0.0,9.962969670596067e-06,4.403284349011503e-20
9,0,1.5210187779672434e-05,0.0,9.962969670596067e-06,4.0771916569672e-20
9,0,1.4175909178195495e-05,0.0,7.179657586675603e-06,3.41075582500538e-20
9,0,1.3750467749696605e-05,0.0,7.179657586675603e-06,2.778112906005766e-20
9,0,1.3535676276222952e-05,0.0,7.179657586675603e-06,2.2101865301807694e-20
9,0,1.3223262693051331e-05,0.0,7.179657586675603e-06,1.754715843308497e-20
9,0,1.2394629587699757e-05,0.0,7.179657586675603e-06,1.3640896541118465e-20
9,0,1.0806205581259154e-05,0.0,7.179657586675603e-06,1.0444126201349444e-20
9,0,8.737159544802741e-06,0.0,8.561715731048025e-06,8.000338211628731e-21
9,0,6.831429714163609e-06,0.0,8.561715731048025e-06,6.614801799873173e-21
9,0,5.509380728916112e-06,0.0,8.561715731048025e-06,6.1412602862321714e-21
9,0,4.5976812884362295e-06,0.0,8.561715731048025e-06,4.6236399327580876e-21
9,0,4.011943560570347e-06,0.0,8.561715731048025e-06,3.731020367243522e-21
9,0,3.622496200865786e-06,0.0,8.561715731048025e-06,3.1878553280158095e-21
9,0,3.3381749946539736e-06,0.0,1.2556694855447859e-05,2.8400133596369737e-21
9,0,3.0673084161235146e-06,0.0,1.2556694855447859e-05,2.6312766746605613e-21
9,0,2.7804253446659827e-06,0.0,1.2556694855447859e-05,2.5536016686437044e-21
9,0,2.534861193349814e-06,0.0,1.9230212274123915e-05,2.6102623289132363e-21
9,0,2.3726468475633414e-06,0.0,1.9230212274123915e-05,2.822301475939717e-21
9,0,2.3221225233976128e-06,0.0,3.06625479424838e-05,3.2711558084328805e-21
9,0,2.3707969657281414e-06,0.0,3.06625479424838e-05,4.057282938274954e-21
9,0,2.489172772998629e-06,0.0,3.247053609811701e-05,5.320781936904097e-21
9,0,2.651546983979168e-06,0.02,2.1202269635978155e-05,5.7759845170915e-21
9,0,2.9079708963900708e-06,0.02,2.1202269635978155e-05,7.278197419966433e-21
9,0,3.3666579716312153e-06,0.08,1.7779773770598695e-05,1.0066573181681539e-20
9,0,4.2182713046507864e-06,0.08,4.35113106505014e-05,1.3327192332775564e-20
9,0,5.559066084959797e-06,0.08,4.35113106505014e-05,1.609898166918056e-20
9,0,7.469885202153563e-06,0.08,6.215478788362816e-05,1.7582468705483328e-20
9,0,9.941630140353881e-06,0.08,5.192259777686559e-05,1.7824845549658436e-20
9,0,1.340389906488166e-05,0.08,5.192259777686559e-05,1.800979634915933e-20
9,0,1.8297142777013768e-05,0.08,4.9031554226530716e-05,1.8534553590531863e-20
9,0,2.5448032982930576e-05,0.06,2.071624476229772e-05,1.7701587560452365e-20
9,0,3.589966103978542e-05,0.06,2.071624476229772e-05,1.989726902622762e-20
9,0,5.091619647740325e-05,0.02,2.071624476229772e-05,2.369908805674937e-20
9,0,7.236250153067557e-05,0.02,2.071624476229772e-05,3.008236491122579e-20
9,0,0.0001009202350319703,0.02,1.4125297639111523e-05,3.9875475736688993e-20
9,0,0.00013751289997231974,0.0,1.4125297639111523e-05,5.285504137807131e-20
9,0,0.0001893956344949402,0.0,1.5756724678794853e-05,7.706514772320659e-20
9,0,0.0002615718220493616,0.0,1.5756724678794853e-05,9.566503404184594e-20
9,0,0.00034763037313935565,0.0,1.5756724678794853e-05,1.0870746864095655e-19
9,0,0.0004429207148854965,0.0,1.5756724678794853e-05,1.189031934737086e-19
9,0,0.0005349018041240676,0.0,1.5756724678794853e-05,1.2410710302955334e-19
9,0,0.0006160130641507318,0.0,1.5756724678794853e-05,1.235021108843503e-19
9,0,0.0006847027433398422,0.0,1.5756724678794853e-05,1.156831861441928e-19
9,0,0.000728551010811663,0.0,9.881875485007185e-06,9.946831356313672e-20
9,0,0.0007236691451212302,0.0,9.881875485007185e-06,7.708395961979364e-20
9,0,0.0006580130567464823,0.0,9.881875485007185e-06,5.951862421586524e-20
9,0,0.0005500153755136956,0.0,1.1192609235877171e-05,4.6418442070240764e-20
9,0,0.00042949794483517905,0.0,1.1999471098533832e-05,3.474367306580415e-20
9,0,0.0003185164767656205,0.0,1.1999471098533832e-05,2.6070690805534192e-20
9,0,0.00023218622612186004,0.0,1.1999471098533832e-05,2.1278439313753833e-20
9,0,0.00016437245199541655,0.0,8.280987458419986e-06,1.7792645282492822e-20
9,0,0.00011242658868520735,0.0,8.280987458419986e-06,1.601353811243038e-20
9,0,7.620674064252082e-05,0.0,8.280987458419986e-06,1.471408906889786e-20
9,0,5.046044488007457e-05,0.0,8.280987458419986e-06,1.3176348193258276e-20
9,0,3.401787288497155e-05,0.0,8.280987458419986e-06,1.1692582468174913e-20
9,0,2.4579777106425277e-05,0.0,8.280987458419986e-06,1.0393729576294797e-20
9,0,2.0167377638048174e-05,0.0,8.280987458419986e-06,9.334168564957622e-21
9,0,1.942135561398459e-05,0.0,8.280987458419986e-06,8.544106066805777e-21
9,0,2.1305958109400093e-05,0.0,1.1448027180449571e-05,8.224814350360309e-21
9,0,2.4137423669914702e-05,0.0,1.1448027180449571e-05,8.65399426468532e-21
9,0,2.7019490355652655e-05,0.0,1.1448027180449571e-05,9.668158085353679e-21
9,0,2.9473178607232263e-05,0.0,1.163277465821011e-05,1.1011350766123478e-20
9,0,3.202132656304983e-05,0.0,1.781528044375591e-05,1.2203853595947276e-20
9,0,3.53113846552226e-05,0.02,1.781528044375591e-05,1.31617796362784e-20
9,0,4.031941043159615e-05,0.02,1.781528044375591e-05,1.405764532024174e-20
9,0,4.784732722989232e-05,0.06,1.781528044375591e-05,1.4969880133045678e-20
9,0,5.839001410986804e-05,0.06,4.3244948756182566e-05,1.6255231563247853e-20
9,0,7.185405550016858e-05,0.04,2.8237738661118783e-05,1.8106996533482847e-20
9,0,8.704713778545712e-05,0.02,2.8237738661118783e-05,2.0546817448996287e-20
9,0,0.0001016173062699724,0.02,2.8237738661118783e-05,2.3961438404660792e-20
9,0,0.00011320966776905093,0.02,2.6717789296526462e-05,2.873283912889113e-20
9,0,0.00012237197082893292,0.02,2.3944165150169283e-05,3.367471983866409e-20
9,0,0.0001334533061963355,0.02,1.2150714610470459e-05,3.728006408665889e-20
9,0,0.00015403635878149044,0.0,9.716090971778613e-06,3.5114621565268703e-20
9,0,0.00019113553241270907,0.0,7.659309630980715e-06,2.893136247590386e-20
9,0,0.00022991958586181293,0.0,7.659309630980715e-06,2.5739254720603252e-20
9,0,0.00026187276337826914,0.0,7.659309630980715e-06,2.4056139275688176e-20
9,0,0.0002871482572797254,0.0,3.1351405596069526e-06,2.159555968109135e-20
9,0,0.0003196521298287247,0.0,3.7759400584036484e-06,1.6091306014707437e-20
9,0,0.0003996783968275776,0.0,4.404585524753202e-06,1.0815233028353117e-20
9,0,0.0005183154582223514,0.0,4.404585524753202e-06,6.20836814070302e-21
9,0,0.0005884998058577498,0.0,3.5710293104784796e-06,3.3217438805628936e-21
9,0,0.0004804780245453008,0.0,2.253959110021242e-06,1.7618714806728992e-21
9,0,0.0002716372959878484,0.0,2.253959110021242e-06,1.7215700537727723e-21
9,0,0.00011410523930931083,0.0,3.3012983635671844e-07,1.695183476908471e-21
9,0,6.537874028321759e-05,0.0,3.489111009002954e-07,1.1944451694555207e-21
9,0,6.300297222683286e-05,0.0,5.089491992293915e-07,6.747836918516778e-22
9,0,6.51653839954205e-05,0.0,5.089491992293915e-07,5.1684394412943205e-22
9,0,4.493231309700195e-05,0.0,5.679059427166067e-07,3.834460756871699e-22
9,0,2.9969134457044434e-05,0.0,5.679059427166067e-07,3.3016052840163343e-22
9,0,2.0188190712960175e-05,0.0,5.679059427166067e-07,2.7654325563912067e-22
9,0,1.3645138881075579e-05,0.0,5.679059427166067e-07,2.291242586464339e-22
9,0,9.073126330824004e-06,0.0,4.221019196393172e-07,1.8499707092615128e-22
9,0,5.952901418356822e-06,0.0,4.221019196393172e-07,1.4677299877939717e-22
9,0,3.992389567482684e-06,0.0,4.221019196393172e-07,1.1762808456301272e-22
9,0,2.8752932903041774e-06,0.0,6.730479071848094e-07,9.823284742466132e-23
9,0,2.2944264848768e-06,0.0,6.730479071848094e-07,8.728282066058226e-23
9,0,2.0241395788346726e-06,0.0,6.730479071848094e-07,8.25271442944648e-23
9,0,1.937021323636364e-06,0.0,6.730479071848094e-07,8.086797417328052e-23
9,0,1.950555520611962e-06,0.0,5.167692052054917e-07,7.963154514487331e-23
9,0,2.0179477534721346e-06,0.0,5.167692052054917e-07,7.712474082558543e-23
9,0,2.1247993362861304e-06,0.0,5.167692052054917e-07,7.314234378408906e-23
9,0,2.285560498426612e-06,0.0,1.254439439435373e-06,6.880162087589234e-23
9,0,2.5421096556381976e-06,0.0,1.0178488309975364e-06,6.531274152758947e-23
9,0,2.9581415136534997e-06,0.0,1.0178488309975364e-06,6.34851338259224e-23
9,0,3.6175468261394232e-06,0.0,5.67238487292343e-07,6.357067790248457e-23
9,0,4.647446004634597e-06,0.0,5.67238487292343e-07,6.554936193383233e-23
9,0,6.225705460759881e-06,0.0,5.67238487292343e-07,6.9271441187493e-23
9,0,8.57987076634849e-06,0.0,5.67238487292343e-07,7.464499127990301e-23
9,0,1.1926228988892857e-05,0.0,5.67238487292343e-07,8.184057024965836e-23
9,0,1.6447870966768207e-05,0.0,5.67238487292343e-07,9.048977374313362e-23
9,0,2.2175858789784478e-05,0.0,5.083510359327192e-07,9.905429775159882e-23
9,0,2.9013060140577202e-05,0.0,5.083510359327192e-07,7.240612198935164e-23
9,0,3.632099016693632e-05,0.0,4.809873530575715e-07,1.2286941525682044e-22
9,0,4.354820169914958e-05,0.0,4.294606981147808e-07,1.193255870133035e-22
9,0,4.9080373831209604e-05,0.0,4.294606981147808e-07,1.14663280223928e-22
9,0,5.187822674634881e-05,0.0,4.790628622686199e-07,1.288186255507628e-22
9,0,5.2099051253099316e-05,0.0,5.06317007875623e-07,1.154123699177514e-22
9,0,5.1064280506984805e-05,0.0,5.06317007875623e-07,1.176487211642933e-22
9,0,4.849045330976674e-05,0.0,5.06317007875623e-07,1.1788007829057652e-22
9,0,4.460920047100565e-05,0.0,5.06317007875623e-07,1.1740259656186435e-22
9,0,3.949074879968449e-05,0.0,1.1055631148337852e-06,1.138308741967388e-22
9,0,3.274448452388473e-05,0.0,1.2522067436293582e-06,1.2161642646029084e-22
9,0,2.5459876787110517e-05,0.0,1.7538700376462657e-06,1.2817355190045824e-22
9,0,1.9065854998896387e-05,0.0,3.147128836644697e-06,1.2565082521265938e-22
9,0,1.3834298696320533e-05,0.0,3.147128836644697e-06,1.2883876990283853e-22
9,0,1.006548514615448e-05,0.0,4.327953774918569e-06,1.3517752602266627e-22
9,0,7.796343787867748e-06,0.0,4.327953774918569e-06,1.4008170387646978e-22
9,0,6.256576679427762e-06,0.0,4.327953774918569e-06,1.4557582346963376e-22
9,0,4.859670103022045e-06,0.0,4.9918462536879815e-06,1.5720877027480627e-22
9,0,3.7233529063773204e-06,0.0,8.521662493876647e-06,1.6824974323492646e-22
9,0,2.896587849910814e-06,0.0,7.44867838875507e-06,1.752425975738145e-22
9,0,2.3568067715885296e-06,0.0,7.44867838875507e-06,1.8126464812830135e-22
9,0,2.164157999583065e-06,0.0,7.44867838875507e-06,1.8426459148754823e-22
9,0,1.6415856567566176e-06,0.0,7.047731742204633e-06,1.288176410523531e-22
9,0,1.3421371037719757e-06,0.0,7.047731742204633e-06,8.985307464019887e-23
9,0,1.475927724976582e-06,0.0,7.047731742204633e-06,1.0850223868882845e-22
9,0,1.5309692899903517e-06,0.0,4.1284361032012384e-06,1.4662190351705476e-22
9,0,1.6165608027105783e-06,0.0,4.723144684248837e-06,1.9420541271835994e-22
9,0,1.723740754107676e-06,0.0,4.723144684248837e-06,2.461390922260628e-22
9,0,1.876236962104778e-06,0.0,4.723144684248837e-06,2.967204243285016e-22
9,0,2.173030779080655e-06,0.0,5.390181286202278e-06,3.4897181914350403e-22
9,0,2.7198210192969116e-06,0.0,5.376442913984647e-06,4.0077642838533823e-22
9,0,3.6935758664463813e-06,0.0,5.376442913984647e-06,5.467171599770655e-22
9,0,5.278184979851162e-06,0.0,5.559077180805616e-06,7.8589236483668e-22
9,0,7.675410987812471e-06,0.0,5.559077180805616e-06,9.271668768889418e-22
9,0,1.1157585047777006e-05,0.0,2.5459082735324046e-06,1.0349451179716202e-21
9,0,1.6139586821566267e-05,0.0,2.5459082735324046e-06,1.1634693153890055e-21
9,0,2.3263351141627176e-05,0.0,2.5459082735324046e-06,1.2533543231186478e-21
9,0,3.315137574239505e-05,0.0,2.2816070668341126e-06,1.4595844246568257e-21
9,0,4.5027850620183815e-05,0.0,2.2816070668341126e-06,1.6559082507609534e-21
9,0,5.616485599602806e-05,0.0,2.2816070668341126e-06,1.5931640971387487e-21
9,0,6.344744078963204e-05,0.0,2.1087719233037205e-06,1.493507917449128e-21
9,0,6.37847973261096e-05,0.0,2.1087719233037205e-06,1.2615664534944199e-21
9,0,5.8357728645601704e-05,0.0,2.1141604520380497e-06,1.045400592056998e-21
9,0,5.01842358084991e-05,0.0,2.1141604520380497e-06,8.793992159979219e-22
9,0,4.142963804802735e-05,0.0,2.1141604520380497e-06,7.47852557975611e-22
9,0,3.236526534814411e-05,0.0,2.1141604520380497e-06,6.398577777298931e-22
9,0,2.3231711163511355e-05,0.0,2.2287408683041576e-06,4.845566876940775e-22
9,0,1.4819370623545795e-05,0.0,2.2287408683041576e-06,4.026091100403477e-22
9,0,8.369930224890728e-06,0.0,2.4961445888038725e-06,3.617786035974199e-22
9,0,4.285773600230548e-06,0.0,2.4961445888038725e-06,3.1803597610210167e-22
9,0,2.120755226849408e-06,0.0,2.4961445888038725e-06,2.517426552257735e-22
9,0,1.0746364505549607e-06,0.0,2.7852977382281097e-06,1.9548682575102647e-22
9,0,5.73270487168646e-07,0.0,2.7852977382281097e-06,1.586232041887548e-22
9,0,3.1966727731066985e-07,0.0,2.7852977382281097e-06,1.345349893490329e-22
9,0,1.7913497261067764e-07,0.0,2.7852977382281097e-06,1.20545317434069e-22
9,0,9.804694265574446e-08,0.0,2.7852977382281097e-06,1.0663522580722378e-22
9,0,5.257405143079058e-08,0.0,6.081791070755571e-06,8.786576993687886e-23
9,0,2.8696303763546007e-08,0.0,6.081791070755571e-06,6.960599394195362e-23
9,0,1.693704097615901e-08,0.0,6.081791070755571e-06,5.928988317953567e-23
9,0,1.1363339461188495e-08,0.0,6.081791070755571e-06,5.51063644725314e-23
9,0,8.342866470182994e-09,0.02,9.116901310335379e-06,4.8709548190079387e-23
9,0,6.422090978460555e-09,0.02,9.116901310335379e-06,4.2374512338280667e-23
9,0,5.3374319679514245e-09,0.02,9.116901310335379e-06,4.184633840779899e-23
9,0,4.869427877974842e-09,0.02,9.116901310335379e-06,4.4349021717717997e-23
9,0,4.733769051654223e-09,0.02,1.556356619403232e-05,4.625204767736782e-23
9,0,4.81052700653782e-09,0.02,1.556356619403232e-05,4.580780854720166e-23
9,0,5.025981596444775e-09,0.02,1.4725816981808748e-05,4.887557501163582e-23
9,0,5.455814508865214e-09,0.02,1.9179058654117398e-05,5.55271302576018e-23
9,0,6.858507018178535e-09,0.02,1.4725816981808748e-05,6.142565781610553e-23
9,0,1.0901192488682806e-08,0.02,8.626157978142146e-06,5.417013172844062e-23
9,0,2.068431188063683e-08,0.02,8.626157978142146e-06,4.849854998603811e-23
9,0,4.354331693909154e-08,0.02,9.117092304222751e-06,5.100298456716671e-23
9,0,9.650509778865902e-08,0.0,9.194979611493181e-06,5.284185720256034e-23
9,0,2.1792151088226778e-07,0.0,1.0052520337922033e-05,5.268245050172052e-23
9,0,4.554041628501425e-07,0.0,2.941753791674273e-06,5.261777652926688e-23
9,0,7.174306766189073e-07,0.0,2.7655787562252954e-06,6.345171767797724e-23
9,0,9.949010298050259e-07,0.0,2.494395630492363e-06,7.852118240000767e-23
9,0,1.5368462265173917e-06,0.0,1.0275726936015417e-06,8.22825847920718e-23
9,0,2.4380583681529455e-06,0.0,9.174922297461308e-07,8.383763158465415e-23
9,0,3.4025046447027874e-06,0.0,9.174922297461308e-07,9.181000504322426e-23
9,0,4.298600778593328e-06,0.0,9.174922297461308e-07,9.529447308134513e-23
9,0,4.955290427072381e-06,0.0,9.174922297461308e-07,1.0673982245236884e-22
9,0,4.821054534671124e-06,0.0,9.696888128019054e-07,1.221683640366814e-22
9,0,4.2980111644931075e-06,0.0,9.696888128019054e-07,1.187171922396481e-22
9,0,3.823769109059261e-06,0.0,1.2629369621208753e-06,9.984642138552383e-23
9,0,3.208275637483315e-06,0.0,1.2629369621208753e-06,8.040043209197413e-23
9,0,2.3303305974111124e-06,0.0,1.2629369621208753e-06,6.594513029453809e-23
9,0,1.4879394846772323e-06,0.0,1.2629369621208753e-06,5.2150180805418934e-23
9,0,8.681157167520948e-07,0.0,9.696888128019054e-07,3.854668785799692e-23
9,0,4.6561729372594306e-07,0.0,9.696888128019054e-07,2.754912433576924e-23
9,0,2.387549660267846e-07,0.0,2.636302951941616e-06,2.0211345299238747e-23
9,0,1.2507468828675253e-07,0.0,2.6430393518239725e-06,1.4312210317838e-23
9,0,7.102373261726514e-08,0.0,2.6430393518239725e-06,9.130145166117724e-24
9,0,4.0218650371067074e-08,0.0,2.6430393518239725e-06,5.7599795232893065e-24
9,0,2.134499627465982e-08,0.0,5.2251562010496855e-06,3.889495653701661e-24
9,0,1.0772316858046794e-08,0.0,5.2251562010496855e-06,2.7708676187015622e-24
9,0,5.616307751113462e-09,0.0,5.2251562010496855e-06,2.012263276285076e-24
9,0,3.20021593373435e-09,0.0,5.2251562010496855e-06,1.5351883039771566e-24
9,0,2.1063222082359893e-09,0.0,8.919947504182346e-06,1.2825511617375357e-24
9,0,1.6535334371443194e-09,0.0,8.897212865122128e-06,1.1932002396619988e-24
9,0,1.463402377928024e-09,0.0,8.897212865122128e-06,1.2908659528937914e-24
9,0,1.4113605460595152e-09,0.02,8.897212865122128e-06,1.5521947645871374e-24
9,0,1.6242261907424863e-09,0.02,8.897212865122128e-06,1.730812496444192e-24
9,0,2.131051974146189e-09,0.02,9.193892765324563e-06,1.789225082677866e-24
9,0,2.852303352627608e-09,0.02,8.2394426499377e-06,1.8610674341772486e-24
9,0,3.900366554862334e-09,0.02,8.2394426499377e-06,1.8929729134889124e-24
9,0,5.694142791126297e-09,0.02,8.2394426499377e-06,1.9604970403931154e-24
9,0,9.084648131202643e-09,0.04,7.3567825893405825e-06,2.1523474208971865e-24
9,0,1.765435652924579e-08,0.04,7.3567825893405825e-06,2.1414875672454615e-24
9,0,4.1332805979540887e-08,0.04,6.960782229725737e-06,2.2416758604369245e-24
9,0,1.0426748277565682e-07,0.04,6.960782229725737e-06,2.7827314950704073e-24
9,0,2.644447897704863e-07,0.04,6.960782229725737e-06,3.643571027512179e-24
9,0,6.690557299173725e-07,0.02,3.879191808664473e-06,5.332904823129397e-24
9,0,1.6092670179237528e-06,0.02,3.7277980027283775e-06,6.4199397677363e-24
9,0,3.8022648997917126e-06,0.02,3.965268660977017e-06,7.415197845768884e-24
9,0,8.785415740480893e-06,0.02,4.1349926505063195e-06,1.0189998724943879e-23
9,0,1.8235520267046198e-05,0.02,3.4675074402912287e-06,1.4354420687154567e-23
9,0,3.353098908768724e-05,0.02,3.4675074402912287e-06,2.0682277904715776e-23
9,0,5.408772465610944e-05,0.0,3.2343455131922383e-06,2.7088306504818956e-23
9,0,7.520506404380614e-05,0.0,2.8555778044392355e-06,3.389130411192564e-23
9,0,9.119966748405375e-05,0.0,1.8946227555716177e-06,4.963408054922393e-23
9,0,0.00010226799410240166,0.0,2.875518930522958e-06,6.198044160264212e-23
9,0,0.00011784864912085611,0.0,2.977710664708866e-06,5.846694979409636e-23
9,0,0.0001353309909470653,0.0,2.8149147510703187e-06,4.385040167218952e-23
9,0,0.0001016398150112935,0.0,8.655044894112507e-07,3.7631350461563635e-23
9,0,4.958772102356778e-05,0.0,8.655044894112507e-07,4.473506500118419e-23
9,0,2.8166768322959618e-05,0.0,8.949053267315321e-07,7.198256048123313e-23
9,0,1.5727141698481633e-05,0.0,1.0756214123830432e-06,8.62958988701656e-23
9,0,9.245065372863453e-06,0.0,1.0756214123830432e-06,1.1725132459467917e-22
9,0,5.698271440317673e-06,0.0,1.138972493208712e-06,1.7908657161454992e-22
9,0,2.462134157129957e-06,0.0,1.138972493208712e-06,1.7874531669783856e-22
9,0,1.1625649154737828e-06,0.0,3.728121555468533e-06,1.4605864420895247e-22
9,0,5.872608021927933e-07,0.0,4.175419690000126e-06,1.1289808719708202e-22
9,0,3.009737287240077e-07,0.0,4.175419690000126e-06,8.703677809968744e-23
9,0,1.5219168035060596e-07,0.02,4.175419690000126e-06,6.911254566851977e-23
9,0,7.385628460405392e-08,0.02,7.953625754453242e-06,5.668454697774207e-23
9,0,3.542091409033141e-08,0.02,7.953625754453242e-06,4.680743099819238e-23
9,0,1.87928123559126e-08,0.02,7.953625754453242e-06,3.7111724627850934e-23
9,0,1.1482028049891847e-08,0.04,7.953625754453242e-06,2.8888307230246914e-23
9,0,8.32814051453887e-09,0.04,7.953625754453242e-06,2.285750189743392e-23
9,0,7.0850213024779804e-09,0.04,7.953625754453242e-06,1.8559781374902605e-23
9,0,6.617202011575604e-09,0.04,9.798309292818885e-06,1.4244562339771678e-23
9,0,6.231679360855335e-09,0.04,7.511237981816521e-06,1.1363861617236195e-23
9,0,5.8991981675178125e-09,0.04,7.511237981816521e-06,9.255051824128609e-24
9,0,5.993613338519696e-09,0.04,7.106923476385418e-06,9.299997174203576e-24
9,0,6.5710028134400494e-09,0.04,6.992305770836538e-06,6.3923252973185856e-24
9,0,8.2271888365649e-09,0.04,6.992305770836538e-06,4.1706559355141974e-24
9,0,1.2617524663758243e-08,0.04,6.992305770836538e-06,3.61736861811481e-24
9,0,2.3916292125604753e-08,0.04,6.243246389203705e-06,3.887507724220504e-24
9,0,5.330778731039022e-08,0.04,6.243246389203705e-06,4.963084069748619e-24
9,0,1.269124077510076e-07,0.04,6.610954187635798e-06,6.983574179199018e-24
9,0,2.902035561943175e-07,0.04,6.610954187635798e-06,1.0120231077625227e-23
9,0,5.649107092864366e-07,0.02,6.610954187635798e-06,1.5340649857696445e-23
9,0,9.653394550475365e-07,0.02,6.610954187635798e-06,2.4412291521361168e-23
9,0,1.6032816917257096e-06,0.02,6.610954187635798e-06,3.812435381744694e-23
9,0,2.6365467178721848e-06,0.02,6.610954187635798e-06,5.843372928365569e-23
9,0,4.108611230388907e-06,0.02,6.610954187635798e-06,8.864852821413708e-23
9,0,5.823897652388909e-06,0.02,6.610954187635798e-06,1.3008923434447143e-22
9,0,7.439528086530251e-06,0.02,6.243246389203705e-06,1.7843124908336472e-22
9,0,8.713707119757748e-06,0.02,3.6571850614564028e-06,2.219723573272788e-22
9,0,9.375956950455229e-06,0.02,3.6571850614564028e-06,2.5187616835626036e-22
9,0,8.766996583664483e-06,0.02,3.215842298232019e-06,2.9242124599101746e-22
9,0,6.909736320370093e-06,0.02,3.215842298232019e-06,3.6160199972884625e-22
9,0,4.511282723313913e-06,0.02,3.215842298232019e-06,4.69498001967456e-22
9,0,2.456992553150279e-06,0.02,3.325082616356667e-06,6.062767389228781e-22
9,0,1.2206931350684307e-06,0.02,4.476046797208255e-06,7.141123838359076e-22
9,0,6.032030383741389e-07,0.02,4.476046797208255e-06,7.202460613639268e-22
9,0,2.9722622947720423e-07,0.02,8.526279088982847e-06,6.794174481871716e-22
9,0,1.4579034696628555e-07,0.02,8.526279088982847e-06,5.850112198633308e-22
9,0,7.101728918370078e-08,0.02,8.526279088982847e-06,4.496640445698313e-22
9,0,3.157935374751991e-08,0.02,9.028449312609155e-06,3.3617440004625495e-22
9,0,1.269900214330137e-08,0.02,7.953625754453242e-06,2.547956352814002e-22
9,0,4.990337158387279e-09,0.02,7.953625754453242e-06,1.898282570581165e-22
9,0,1.995532203495074e-09,0.02,7.953625754453242e-06,1.3127719575886185e-22
9,0,7.939353235169837e-10,0.04,7.953625754453242e-06,8.500922886842667e-23
9,0,3.140972749559721e-10,0.04,7.953625754453242e-06,5.1174681720909873e-23
9,0,1.273207616952259e-10,0.04,7.953625754453242e-06,2.8684718007827475e-23
9,0,5.357369973849034e-11,0.04,7.953625754453242e-06,1.568785751879861e-23
9,0,2.3948570772235083e-11,0.04,7.953625754453242e-06,8.585587383495513e-24
9,0,1.1663523788248043e-11,0.04,7.953625754453242e-06,4.7609495068384075e-24
9,0,6.2953298140866094e-12,0.04,7.953625754453242e-06,2.6660698140256664e-24
9,0,3.734633120880391e-12,0.04,7.953625754453242e-06,1.43993305384888e-24
9,0,2.3434460521428124e-12,0.04,7.953625754453242e-06,7.155975194084865e-25
9,0,1.4208445293677152e-12,0.04,7.953625754453242e-06,3.1770446046212616e-25
9,0,7.943246790826735e-13,0.04,7.26446887711063e-06,1.3378401792612772e-25
9,0,4.455157056433343e-13,0.04,7.26446887711063e-06,4.801470924956895e-26
9,0,2.925339440397403e-13,0.04,7.26446887711063e-06,1.7383939797592865e-26
9,0,2.5285320143291604e-13,0.04,7.26446887711063e-06,7.498932565074338e-27
9,0,3.102666873044374e-13,0.04,5.76390584683395e-06,4.5805793944361144e-27
9,0,5.357777562977401e-13,0.04,6.542820756294532e-06,3.281895173614658e-27
9,0,1.16441778220409e-12,0.04,6.542820756294532e-06,3.0154988103700653e-27
9,0,2.7744113621980436e-12,0.04,5.863585556653561e-06,3.1594925034061325e-27
9,0,6.785296860196285e-12,0.04,6.208932973095216e-06,3.561865298514297e-27
9,0,1.728480241163746e-11,0.04,5.543792667594971e-06,4.358183404479976e-27
9,0,4.679300585284293e-11,0.04,5.543792667594971e-06,6.22309796229908e-27
9,0,1.3265009468826133e-10,0.04,5.543792667594971e-06,1.0887598598503902e-26
9,0,3.7851506361377717e-10,0.04,5.543792667594971e-06,2.2135378452231282e-26
9,0,9.850843970141742e-10,0.04,5.543792667594971e-06,4.823813561204534e-26
9,0,2.1460316380246267e-09,0.04,5.543792667594971e-06,1.0601813551841773e-25
9,0,3.934747870897978e-09,0.04,5.543792667594971e-06,2.2132099132796375e-25
9,0,6.117014261498428e-09,0.04,5.543792667594971e-06,4.23058264164783e-25
9,0,7.916688840161805e-09,0.04,5.171018074179301e-06,7.371873111816081e-25
9,0,8.709889772520467e-09,0.04,5.171018074179301e-06,1.2688958808605468e-24
9,0,8.351896188472043e-09,0.04,5.171018074179301e-06,2.0246288681896417e-24
9,0,7.136641553978427e-09,0.04,5.171018074179301e-06,2.9795871980181058e-24
9,0,5.566461399188283e-09,0.04,5.171018074179301e-06,4.03400432191593e-24
9,0,3.979063456535799e-09,0.04,5.113211955176666e-06,4.4700933356397995e-24
9,0,2.6213695212526467e-09,0.04,4.937732683174545e-06,4.689247572580154e-24
9,0,1.5751100027221258e-09,0.04,5.203261480346555e-06,4.384871508757416e-24
9,0,8.691451311037639e-10,0.04,2.756331468845019e-06,3.32721768856547e-24
9,0,4.40281963048964e-10,0.04,2.756331468845019e-06,2.640130489740189e-24
9,0,2.1138976288274772e-10,0.04,1.8387165710009867e-06,1.9247202261890794e-24
9,0,1.0428964588495059e-10,0.04,1.8387165710009867e-06,1.286049168206512e-24
9,0,4.91351173962187e-11,0.02,1.8387165710009867e-06,8.15767964621969e-25
9,0,2.1123641496907132e-11,0.02,1.8387165710009867e-06,5.66105912678776e-25
9,0,9.50102200353062e-12,0.0,1.6887260017028893e-06,3.582909842571979e-25
9,0,4.462340981727837e-12,0.0,1.6887260017028893e-06,2.2424697503304163e-25
9,0,1.85589244064158e-12,0.0,1.6887260017028893e-06,1.9405035333136118e-25
9,0,6.865089653805215e-13,0.0,1.6887260017028893e-06,2.474510966929881e-25
9,0,3.31976288794438e-13,0.0,1.6027819356168038e-06,2.6585938778345e-25
9,0,2.4307436133828096e-13,0.0,1.6027819356168038e-06,1.671459809878624e-25
9,0,2.3560114880905054e-13,0.0,1.6027819356168038e-06,6.738872016241693e-26
9,0,2.1125606989519907e-13,0.0,1.7879008282761788e-06,2.5438335980903747e-26
9,0,1.288873445127886e-13,0.0,3.512056764520821e-06,1.1908435454410423e-26
9,0,6.294924698576028e-14,0.0,3.917450158041902e-06,6.47114618355649e-27
9,0,4.324173008741915e-14,0.0,7.574582923552953e-06,5.585247298087527e-27
9,0,2.862153853335297e-14,0.0,1.1639333024504595e-05,5.4499160527553246e-27
9,0,1.2231529362548866e-14,0.0,1.1639333024504595e-05,3.681834556238089e-27
9,0,7.598309073558372e-15,0.02,1.232485010405071e-05,2.175365605576582e-27
9,0,7.265200476577776e-15,0.02,1.1045367500628345e-05,1.0740943077691697e-27
9,0,8.69249589947644e-15,0.02,1.1045367500628345e-05,5.420803310529978e-28
9,0,1.1344994276039012e-14,0.02,1.1045367500628345e-05,3.1258519480297804e-28
9,0,1.535201887110945e-14,0.02,9.313584087067284e-06,2.094678481666987e-28
9,0,2.06759562965794e-14,0.02,9.313584087067284e-06,1.6340776502509538e-28
9,0,2.7550331398225562e-14,0.02,7.284990715561435e-06,1.356316663294024e-28
9,0,3.741118316142824e-14,0.02,5.351244908524677e-06,1.3110715133342637e-28
9,0,5.194754423077534e-14,0.02,4.1851749301713426e-06,1.5722388082609747e-28
9,0,7.273402299761975e-14,0.02,4.1851749301713426e-06,2.2540015177989074e-28
9,0,1.0063208219433837e-13,0.02,4.1851749301713426e-06,3.967805445510201e-28
9,0,1.3335661545742874e-13,0.02,4.1851749301713426e-06,7.97864146228536e-28
9,0,1.6323846702569172e-13,0.02,2.217018163719331e-06,1.5973765033034787e-27
9,0,1.8433224192357505e-13,0.02,2.217018163719331e-06,3.587638478216076e-27
9,0,1.8929331980177074e-13,0.02,2.4830151232890785e-06,8.547536708547056e-27
9,0,1.7615288516432408e-13,0.02,2.4830151232890785e-06,1.9953834463393106e-26
9,0,1.523559374664654e-13,0.02,2.4830151232890785e-06,4.7278785225171345e-26
9,0,1.2448032421836774e-13,0.02,2.770647370198276e-06,1.04538651542579e-25
9,0,9.758305583065025e-14,0.02,2.770647370198276e-06,2.032528965028784e-25
9,0,7.24822221662343e-14,0.02,2.609149987620185e-06,3.2523734254988818e-25
9,0,5.046111676184119e-14,0.02,2.609149987620185e-06,4.91244984925565e-25
9,0,3.31234867397832e-14,0.02,2.609149987620185e-06,6.924599825393214e-25
9,0,2.0581870170846973e-14,0.04,2.609149987620185e-06,1.0199442967701185e-24
9,0,1.2504188126044163e-14,0.04,2.609149987620185e-06,1.1791010273105968e-24
9,0,7.666533045506385e-15,0.04,2.609149987620185e-06,1.2432809756223416e-24
9,0,4.750276451513219e-15,0.04,2.609149987620185e-06,1.2369418866032119e-24
9,0,2.849308524786683e-15,0.04,2.609149987620185e-06,1.295938032691523e-24
9,0,1.7147827362868841e-15,0.04,2.609149987620185e-06,1.3560657011407607e-24
9,0,1.1098403699386288e-15,0.04,2.609149987620185e-06,1.204951111706171e-24
9,0,7.612456934869752e-16,0.04,3.0197863907233113e-06,1.031337420393773e-24
9,0,5.52443167801354e-16,0.04,3.0197863907233113e-06,9.709903500052707e-25
9,0,4.2774434346058905e-16,0.04,3.14904127662885e-06,7.662436714226465e-25
9,0,3.3490726333651037e-16,0.04,3.14904127662885e-06,6.882726595506017e-25
9,0,2.845699700114727e-16,0.04,3.14904127662885e-06,5.43791897290855e-25
9,0,2.9341815929646005e-16,0.04,3.14904127662885e-06,3.354577997860283e-25
9,0,3.0532837092298207e-16,0.04,3.14904127662885e-06,1.9678014486412028e-25
9,0,3.01243537093534e-16,0.04,3.14904127662885e-06,1.347196809154297e-25
9,0,2.8979994621620594e-16,0.04,5.113943643664243e-06,8.096291476651522e-26
9,0,2.9331226623228925e-16,0.04,5.113943643664243e-06,5.283834716596256e-26
9,0,3.22714928163097e-16,0.04,4.3903355617658235e-06,3.343908345968378e-26
9,0,3.9658512244184344e-16,0.04,4.4185408114572056e-06,2.0177957242137381e-26
9,0,5.467687843932932e-16,0.02,4.4185408114572056e-06,1.3718922846815154e-26
9,0,8.161811023785512e-16,0.02,4.4185408114572056e-06,1.0879212329154062e-26
9,0,1.320521259194191e-15,0.02,4.628841452358756e-06,9.130792266253086e-27
9,0,2.216502494001239e-15,0.02,4.628841452358756e-06,8.109702728337862e-27
9,0,3.580228014810066e-15,0.02,4.628841452358756e-06,7.971313106253972e-27
9,0,5.608421679855865e-15,0.02,4.628841452358756e-06,9.22106599535036e-27
9,0,9.307590047120863e-15,0.02,4.628841452358756e-06,1.287554887970425e-26
9,0,1.626735992858121e-14,0.02,4.148303560214117e-06,1.6687833219237498e-26
9,0,3.074264195882713e-14,0.02,4.393841209093807e-06,2.3386935552499572e-26
9,0,6.296076858295751e-14,0.02,4.393841209093807e-06,3.241398028376445e-26
9,0,1.2154503686496423e-13,0.02,4.393841209093807e-06,4.769706331272523e-26
9,0,2.112805982970122e-13,0.02,4.393841209093807e-06,8.271643546228091e-26
9,0,3.366896334275911e-13,0.04,4.393841209093807e-06,1.5295935298740061e-25
9,0,5.042239888008352e-13,0.02,4.393841209093807e-06,2.7106370039041933e-25
9,0,7.207055093965387e-13,0.02,4.393841209093807e-06,5.335283731796704e-25
9,0,9.893634944171548e-13,0.02,8.294456165458541e-06,1.0241980319862965e-24
9,0,1.2927504345552023e-12,0.02,8.294456165458541e-06,1.7072255553780836e-24
9,0,1.5707982866351192e-12,0.02,9.255279110220727e-06,2.6256775718804087e-24
9,0,1.7610126079060569e-12,0.02,9.255279110220727e-06,3.7317834260862554e-24
9,0,1.832137111846226e-12,0.02,9.255279110220727e-06,4.770803168405523e-24
9,0,1.8392871676981907e-12,0.02,6.636416856053984e-06,6.3172497993991545e-24
9,0,1.840302052191535e-12,0.02,7.57365796744125e-06,8.177530147608219e-24
9,0,1.8639099618145975e-12,0.02,7.57365796744125e-06,1.0567665094457533e-23
9,0,1.8903275411068644e-12,0.02,7.57365796744125e-06,1.2626724585716451e-23
9,0,1.8441210499521813e-12,0.02,7.57365796744125e-06,1.4415276572826937e-23
9,0,1.674901655011817e-12,0.02,6.35109472568729e-06,1.8096887262049778e-23
9,0,1.4766870584199419e-12,0.02,5.230286205915036e-06,2.3912003823879054e-23
9,0,1.4635367981003513e-12,0.0,5.230286205915036e-06,3.0609361911723975e-23
9,0,1.6460256370596456e-12,0.0,5.230286205915036e-06,3.395471275148731e-23
9,0,2.0296143571849146e-12,0.0,2.770647370198276e-06,3.292610755083877e-23
9,0,2.687983470457732e-12,0.0,2.770647370198276e-06,3.3063047493097893e-23
9,0,3.599120189715638e-12,0.0,2.806712245728704e-06,3.196083210366137e-23
9,0,4.589709594930572e-12,0.0,2.806712245728704e-06,2.8247654356455205e-23
9,0,5.658005903552022e-12,0.0,2.6431125661474653e-06,2.5980704773121584e-23
9,0,7.047892370844079e-12,0.02,3.059094069612911e-06,2.552021353058606e-23
9,0,8.7903131864714e-12,0.02,3.1900315207167296e-06,2.204684318767984e-23
9,0,1.0974705843388857e-11,0.02,3.14904127662885e-06,1.642687976974957e-23
9,0,1.3937725185224706e-11,0.02,3.14904127662885e-06,9.168432530152626e-24
9,0,1.8874880238503356e-11,0.02,2.822126589308027e-06,5.970223970735642e-24
9,0,2.6721343592456742e-11,0.02,2.9489108328561997e-06,3.7773425099454845e-24
9,0,3.6552419278810524e-11,0.02,2.9489108328561997e-06,3.2162500055346143e-24
9,0,4.297941680091042e-11,0.02,2.8278702757233987e-06,2.716849382140422e-24
9,0,4.451737711775559e-11,0.02,2.1815851596329594e-06,2.3103298333726303e-24
9,0,4.281115504622187e-11,0.02,2.1815851596329594e-06,1.9721232724142626e-24
9,0,4.019516976848015e-11,0.02,2.316617838005186e-06,1.84351587068176e-24
9,0,3.735798279581541e-11,0.02,2.316617838005186e-06,1.9831225572309855e-24
9,0,3.323571689084038e-11,0.02,2.217018163719331e-06,2.383467494478386e-24
9,0,2.6908571910594694e-11,0.02,2.217018163719331e-06,2.5303352512297183e-24
9,0,2.020424916291522e-11,0.02,2.4830151232890785e-06,2.8622946254644144e-24
9,0,1.4389794118773616e-11,0.02,4.6873101382516325e-06,3.4694461543331975e-24
9,0,9.777043416461106e-12,0.02,4.897887265542522e-06,4.0246586867717765e-24
9,0,6.419942589555494e-12,0.02,4.897887265542522e-06,4.5367647039054586e-24
9,0,4.205659953311948e-12,0.02,6.636416856053984e-06,5.105863554858643e-24
9,0,2.754464900336466e-12,0.02,6.636416856053984e-06,5.363486988272553e-24
9,0,1.7860044792507756e-12,0.02,6.636416856053984e-06,5.6936118664721575e-24
9,0,1.1203655640605116e-12,0.02,6.636416856053984e-06,5.9217752893805886e-24
9,0,6.763274777351914e-13,0.02,6.636416856053984e-06,5.849971986496014e-24
9,0,4.033608782539409e-13,0.04,6.636416856053984e-06,5.4873910040729015e-24
9,0,2.433496610741755e-13,0.04,6.636416856053984e-06,5.018083057630175e-24
9,0,1.513696212636913e-13,0.02,3.028825631190557e-06,4.6840268911094014e-24
9,0,9.768588966870213e-14,0.02,3.028825631190557e-06,4.587319249447e-24
9,0,6.65923028243337e-14,0.02,3.028825631190557e-06,4.6378528901745525e-24
9,0,4.832200467178783e-14,0.02,2.494312411727151e-06,4.372878061984888e-24
9,0,3.7934252761621374e-14,0.02,2.494312411727151e-06,4.433615224091022e-24
9,0,3.197844858805995e-14,0.02,2.494312411727151e-06,4.517922366753802e-24
9,0,2.892320408832084e-14,0.02,2.494312411727151e-06,4.570585537494999e-24
9,0,2.830830041125217e-14,0.02,1.3213142437962233e-06,4.370226306051988e-24
9,0,3.020146583838561e-14,0.0,1.3213142437962233e-06,4.1909580597709654e-24
9,0,3.479612691932053e-14,0.0,1.3213142437962233e-06,4.325329865353144e-24
9,0,4.3964610982516885e-14,0.0,1.3213142437962233e-06,4.52989924744732e-24
9,0,6.285406783046899e-14,0.0,1.3213142437962233e-06,4.634527841459046e-24
9,0,9.61371058689131e-14,0.0,1.3213142437962233e-06,4.56171952978122e-24
9,0,1.4585740097118596e-13,0.0,1.3213142437962233e-06,5.046840587499554e-24
9,0,2.1239267231295012e-13,0.0,1.3213142437962233e-06,5.531547493242648e-24
9,0,3.236714524358228e-13,0.0,1.3213142437962233e-06,5.5647541986174735e-24
9,0,5.207444537196075e-13,0.0,2.8951189960935153e-06,5.112217040589293e-24
9,0,8.830432210040549e-13,0.0,2.770647370198276e-06,4.52989924744732e-24
9,0,1.5639239319368322e-12,0.02,2.770647370198276e-06,3.842304811059982e-24
9,0,2.8054181918424536e-12,0.02,2.770647370198276e-06,3.0101131568217644e-24
9,0,4.998482112819226e-12,0.02,2.770647370198276e-06,2.7578760656687037e-24
9,0,8.445494639900193e-12,0.02,2.770647370198276e-06,2.645009594438981e-24
9,0,1.358135283779197e-11,0.02,2.4830151232890785e-06,2.657854813773921e-24
9,0,2.090768792111145e-11,0.02,2.4830151232890785e-06,2.858868208122587e-24
9,0,3.1527056375922963e-11,0.02,2.4830151232890785e-06,3.3512925401014574e-24
9,0,4.7756803925024273e-11,0.02,2.4830151232890785e-06,3.5523313752143166e-24
9,0,6.6250440079555e-11,0.0,2.515335836505983e-06,4.075907824340365e-24
9,0,7.467664135822065e-11,0.0,2.515335836505983e-06,5.08522064269082e-24
9,0,7.398417950128117e-11,0.0,2.515335836505983e-06,6.288517907509195e-24
9,0,6.8168478927678e-11,0.0,2.2260624064074364e-06,7.436755836586764e-24
9,0,5.766914463990103e-11,0.0,2.4839293928380357e-06,8.874357806460716e-24
9,0,4.52424556907169e-11,0.0,2.4839293928380357e-06,1.3138834941585112e-23
9,0,2.899527951791403e-11,0.0,2.4839293928380357e-06,1.9697262002246128e-23
9,0,1.5181972246504583e-11,0.0,2.770647370198276e-06,3.303329481519658e-23
9,0,8.86092487868562e-12,0.0,2.8951189960935153e-06,4.881967317244824e-23
9,0,5.6603068960803885e-12,0.0,2.595520300019416e-06,6.437329654189263e-23
9,0,3.601956507495949e-12,0.0,1.3213142437962233e-06,8.290989960567803e-23
9,0,2.2305665389250455e-12,0.0,1.3213142437962233e-06,1.0532376032951195e-22
9,0,1.3060903476173223e-12,0.0,1.3213142437962233e-06,1.3820170318892154e-22
9,0,7.823067841031889e-13,0.0,1.264506067855109e-06,1.7285378791328595e-22
9,0,5.031800661470621e-13,0.0,1.264506067855109e-06,1.880379971871462e-22
9,0,3.056290426270729e-13,0.0,1.264506067855109e-06,2.13109120092999e-22
9,0,1.7433052058136823e-13,0.0,1.264506067855109e-06,2.622416996766686e-22
9,0,1.0960563824535122e-13,0.0,1.264506067855109e-06,2.9415537683085946e-22
9,0,7.471528047008741e-14,0.0,1.264506067855109e-06,3.177255561804536e-22
9,0,5.44931817734815e-14,0.0,1.264506067855109e-06,3.5051144843855474e-22
9,0,4.335967691915587e-14,0.0,2.6909976895694854e-06,3.7269785216442085e-22
9,0,3.7399698584115573e-14,0.0,2.6909976895694854e-06,3.9118491476335837e-22
9,0,3.3783263081151215e-14,0.0,2.6909976895694854e-06,4.188229405677024e-22
9,0,3.253932410436282e-14,0.0,2.6909976895694854e-06,4.614721184959629e-22
9,0,3.4450201548741373e-14,0.0,2.6909976895694854e-06,5.21002970283051e-22
9,0,4.095443324107493e-14,0.0,2.6909976895694854e-06,6.029876559537624e-22
9,0,5.4922997563449264e-14,0.0,2.6909976895694854e-06,7.117381775684565e-22
9,0,8.226235878419017e-14,0.0,2.6909976895694854e-06,8.460003851273512e-22
9,0,1.348721509461256e-13,0.0,1.264506067855109e-06,9.941889032933025e-22
9,0,2.3724709771266175e-13,0.0,2.662610768311424e-06,1.2457324878919217e-21
9,0,4.384374437195904e-13,0.0,2.662610768311424e-06,1.4718740950101511e-21
9,0,8.518826737159577e-13,0.0,2.3870727545727277e-06,1.5983138821022274e-21
9,0,1.7797787262488848e-12,0.0,2.494312411727151e-06,1.7584805652272503e-21
9,0,4.045525384489566e-12,0.0,2.494312411727151e-06,2.0315250902230837e-21
9,0,9.924846744165245e-12,0.0,2.494312411727151e-06,2.499686698708223e-21
9,0,2.564970515569099e-11,0.0,2.494312411727151e-06,3.2768634758285315e-21
9,0,6.748396984421771e-11,0.0,2.494312411727151e-06,4.4498370883778356e-21
9,0,1.751238701617876e-10,0.0,2.494312411727151e-06,6.117527715132072e-21
9,0,4.3410002262737917e-10,0.0,1.3213142437962233e-06,8.181629706271359e-21
9,0,1.0117545372764372e-09,0.0,2.595520300019416e-06,1.0593553470950307e-20
9,0,2.1917567087085716e-09,0.0,2.8951189960935153e-06,1.3160725465673535e-20
9,0,4.389565170820397e-09,0.0,2.8951189960935153e-06,1.6856149197699217e-20
9,0,8.053889304579346e-09,0.0,2.7263663469057065e-06,2.2979408612085557e-20
9,0,1.3406343040731721e-08,0.0,2.7263663469057065e-06,3.361439704625881e-20
9,0,2.007082208956633e-08,0.0,2.7263663469057065e-06,4.842504652697516e-20
9,0,2.704644392203695e-08,0.0,2.7263663469057065e-06,6.885817187818516e-20
9,0,3.375451581269809e-08,0.0,2.7263663469057065e-06,9.552281713762364e-20
9,0,3.974684744874834e-08,0.0,2.7263663469057065e-06,1.262617146547979e-19
9,0,4.4886880847196555e-08,0.0,2.862402425307664e-06,1.6131757731600694e-19
9,0,4.764216206591098e-08,0.02,2.862402425307664e-06,2.0085793504468685e-19
9,0,4.550333332580093e-08,0.02,2.862402425307664e-06,2.3989711179503913e-19
9,0,3.9615232987148604e-08,0.04,2.862402425307664e-06,2.764867224082863e-19
9,0,3.20618548045611e-08,0.04,2.862402425307664e-06,3.101883353103812e-19
9,0,2.4480430078471554e-08,0.04,2.862402425307664e-06,3.387508560124431e-19
9,0,1.7938469146101688e-08,0.04,2.862402425307664e-06,3.5923226156956234e-19
9,0,1.2656148685486099e-08,0.04,2.7393373329687165e-06,3.7189313972408726e-19
9,0,8.374608664383785e-09,0.04,2.7393373329687165e-06,3.9194877991028897e-19
9,0,5.15159333561205e-09,0.04,2.7393373329687165e-06,4.1259936975206945e-19
9,0,3.2544459915162893e-09,0.04,3.502570962155005e-06,4.1051446101812955e-19
9,0,2.289671475835383e-09,0.04,3.502570962155005e-06,4.061313343497876e-19
9,0,1.7442677005852978e-09,0.04,3.502570962155005e-06,3.6951318600540735e-19
9,0,1.397002894456702e-09,0.04,3.502570962155005e-06,3.3666261270665883e-19
9,0,1.1542516192926402e-09,0.04,3.659924004750792e-06,2.785978424278865e-19
9,0,9.54486721559656e-10,0.04,2.862402425307664e-06,2.291237305513895e-19
9,0,7.427524442664497e-10,0.04,5.1362699196033645e-06,1.8901707722053754e-19
9,0,4.995906244652609e-10,0.02,5.1362699196033645e-06,1.7681617611007745e-19
9,0,3.2967022886969083e-10,0.02,2.7263663469057065e-06,1.8204518542763435e-19
9,0,3.9343018854094503e-10,0.02,3.944799118471565e-06,1.5903726008704845e-19
9,0,5.590949793430356e-10,0.02,6.6804282141674776e-06,5.941136344734155e-19
9,0,4.991132050624604e-10,0.02,6.393213425326394e-06,5.716413085794577e-19
9,0,4.617717844274143e-10,0.02,6.393213425326394e-06,5.228034795397729e-19
9,0,4.4796763260715676e-10,0.02,6.393213425326394e-06,5.003701345321817e-19
9,0,4.581374697660776e-10,0.02,5.0000935516436584e-06,4.672100664373676e-19
9,0,5.05261805975239e-10,0.02,5.0000935516436584e-06,4.3100227722499607e-19
9,0,6.251019970513214e-10,0.02,5.0000935516436584e-06,4.152552399038241e-19
9,0,9.047130363595352e-10,0.02,5.0000935516436584e-06,3.9014679279523635e-19
9,0,1.4519353500261147e-09,0.02,5.31791238245205e-06,3.741513944951453e-19
9,0,2.2692794204420475e-09,0.02,5.31791238245205e-06,3.8631402557757775e-19
9,0,3.1650359462182092e-09,0.02,9.542397492623422e-06,4.2474289813223074e-19
9,0,3.9954598556846785e-09,0.02,9.542397492623422e-06,4.90329092473977e-19
9,0,4.600014683535703e-09,0.02,9.542397492623422e-06,6.005713301180404e-19
9,0,4.884931215962674e-09,0.02,5.634800800180528e-06,7.574806680792962e-19
9,0,4.890915196679171e-09,0.02,9.542397492623422e-06,9.631282632140006e-19
9,0,4.646657548145206e-09,0.02,9.542397492623422e-06,1.1650343653417629e-18
9,0,4.2518890036654705e-09,0.02,9.542397492623422e-06,1.3741918429118947e-18
9,0,3.762560867337042e-09,0.02,9.542397492623422e-06,1.6259838636142346e-18
9,0,3.108625552574183e-09,0.02,9.542397492623422e-06,1.917895178001162e-18
9,0,2.3357195846754792e-09,0.02,9.542397492623422e-06,1.882012703414071e-18
9,0,1.656774466428538e-09,0.02,1.0029643817688338e-05,1.8987354002677495e-18
9,0,1.1271098942221585e-09,0.02,1.0029643817688338e-05,2.1265638952268516e-18
9,0,7.265191280746622e-10,0.04,1.0029643817688338e-05,2.139028266287107e-18
9,0,4.43313224445179e-10,0.04,9.313290320278611e-06,2.0216250743813837e-18
9,0,2.4937534316136704e-10,0.06,1.9819490262307227e-05,1.9816916895394675e-18
9,0,1.2743546735909118e-10,0.06,1.9819490262307227e-05,1.6906331983640822e-18
9,0,6.048585154750223e-11,0.08,1.9819490262307227e-05,1.3622033074990105e-18
9,0,2.7850320629576887e-11,0.08,1.9819490262307227e-05,1.1121204487373582e-18
9,0,1.238608353788283e-11,0.06,1.3658190255227964e-05,8.296670140767855e-19
9,0,5.314148299100138e-12,0.06,1.986120878427755e-05,5.428649875384449e-19
9,0,2.239805465015936e-12,0.06,1.8896347683039494e-05,3.2577849265850367e-19
9,0,9.35808452033392e-13,0.06,2.00105660042027e-05,2.2793724336025875e-19
9,0,3.8182884435167533e-13,0.06,2.00105660042027e-05,1.5222634539616632e-19
9,0,1.590484328849211e-13,0.06,2.00105660042027e-05,1.0021251115814449e-19
9,0,6.874172501156159e-14,0.06,2.00105660042027e-05,6.614804384812587e-20
9,0,3.1243549542584305e-14,0.06,2.00105660042027e-05,4.4170123160056154e-20
9,0,1.573272886138922e-14,0.06,1.1151781109219883e-05,2.999447697114203e-20
9,0,8.968350628536275e-15,0.06,1.1151781109219883e-05,2.1440666880216528e-20
9,0,5.748551640587773e-15,0.06,1.1151781109219883e-05,1.9631954075925504e-20
9,0,4.0533609052645586e-15,0.06,1.1652771718217991e-05,1.7948618911160218e-20
9,0,3.012290603921025e-15,0.04,6.911504169693217e-05,1.4977478239336375e-20
9,0,2.361290535693936e-15,0.04,2.8899861717945896e-05,1.1663892871851247e-20
9,0,2.0364355442998426e-15,0.04,2.8899861717945896e-05,8.140535631933666e-21
9,0,1.893570197259548e-15,0.04,1.8479986465536058e-05,5.696683826521164e-21
9,0,1.8376229814013928e-15,0.06,1.584245910635218e-05,4.9206753208470514e-21
9,0,1.976894051128866e-15,0.06,1.1304300642223097e-05,4.69673838432141e-21
9,0,2.4910739277045514e-15,0.06,1.1304300642223097e-05,4.579563080674445e-21
9,0,3.657781389533236e-15,0.06,1.2173795767012052e-05,5.404221357814683e-21
9,0,5.947702236420809e-15,0.06,1.2173795767012052e-05,6.792701369328193e-21
9,0,1.047844348114518e-14,0.06,1.3230770491645671e-05,8.502099185737435e-21
9,0,1.8831420959794843e-14,0.08,9.098539521801285e-06,1.047189248962609e-20
9,0,3.2769808385098164e-14,0.08,9.098539521801285e-06,1.2954661365713364e-20
9,0,5.5572397197225754e-14,0.08,9.098539521801285e-06,1.6375038658335928e-20
9,0,9.15629443653757e-14,0.06,9.098539521801285e-06,2.0778867460211553e-20
9,0,1.4598081799955957e-13,0.06,9.098539521801285e-06,2.638736365523562e-20
9,0,2.245635329565621e-13,0.06,9.098539521801285e-06,3.3649038465583734e-20
9,0,3.284512746873413e-13,0.06,9.098539521801285e-06,3.983473062917222e-20
9,0,4.365989564361985e-13,0.06,1.0439773177495226e-05,4.366085455253625e-20
9,0,5.190779020144976e-13,0.06,9.694127584225498e-06,4.70856213954016e-20
9,0,5.618663733940731e-13,0.08,9.694127584225498e-06,6.305729641401856e-20
9,0,5.524278708981404e-13,0.08,1.4096849554334767e-05,5.551238817646632e-20
9,0,4.786211070049591e-13,0.08,1.4096849554334767e-05,5.3960875228303873e-20
9,0,3.770276580487625e-13,0.08,1.4096849554334767e-05,5.795343047585299e-20
9,0,2.766439436662527e-13,0.08,1.4096849554334767e-05,6.639807857531563e-20
9,0,1.8599442701147934e-13,0.08,1.4096849554334767e-05,6.070432946282318e-20
9,0,1.165159020945625e-13,0.08,1.4096849554334767e-05,5.1016096091743756e-20
9,0,6.812016617261535e-14,0.08,1.2285783668630756e-05,3.9277333680933656e-20
9,0,3.683149633930787e-14,0.08,1.2285783668630756e-05,2.8585468501711714e-20
9,0,1.8361841865803807e-14,0.08,1.3010218026465736e-05,2.0352110118793814e-20
9,0,8.869229961319263e-15,0.08,1.2568159945658408e-05,1.3733783107794488e-20
9,0,4.1897230867511245e-15,0.08,1.2568159945658408e-05,8.956948356239299e-21
9,0,1.885764091397101e-15,0.08,1.2568159945658408e-05,6.003210385124963e-21
9,0,8.539099338532327e-16,0.08,1.2568159945658408e-05,4.056570868245691e-21
9,0,4.3304248487466714e-16,0.08,1.2568159945658408e-05,2.6835833276042526e-21
9,0,2.444556934553815e-16,0.08,1.2568159945658408e-05,1.8702155811492235e-21
9,0,1.5967115813733047e-16,0.08,1.3010218026465736e-05,1.423186559194771e-21
9,0,1.2772446379952012e-16,0.08,1.3010218026465736e-05,1.1544591859432863e-21
9,0,1.154355253036473e-16,0.08,1.4928071323083714e-05,1.0455840621708908e-21
9,0,1.1132543021768507e-16,0.08,1.4096849554334767e-05,1.1078633305953178e-21
9,0,1.0800224140237427e-16,0.08,1.4096849554334767e-05,6.133250912041703e-22
9,0,1.02575664563314e-16,0.08,1.5181135495367926e-05,9.733207681815948e-22
9,0,9.958377723121057e-17,0.08,1.5181135495367926e-05,7.989690785597007e-22
9,0,1.1069995537522276e-16,0.08,1.5181135495367926e-05,6.1505886863432675e-22
9,0,1.3183950996456149e-16,0.08,1.5181135495367926e-05,5.2736964576803635e-22
9,0,1.7257747783513865e-16,0.08,1.5181135495367926e-05,5.803125371198938e-22
9,0,2.919526574340295e-16,0.06,1.5181135495367926e-05,6.355107881106653e-22
9,0,5.707691678132002e-16,0.06,1.0439773177495226e-05,7.944649730917019e-22
9,0,1.1011985415180915e-15,0.06,1.0439773177495226e-05,1.2088846814130778e-21
9,0,2.3663610428546926e-15,0.06,4.90569391331519e-06,1.916005763388359e-21
9,0,5.781369934504286e-15,0.04,4.2754390960908495e-06,2.8926269741361046e-21
9,0,1.5391403961965486e-14,0.02,4.2754390960908495e-06,4.194035119016863e-21
9,0,4.1127522838520484e-14,0.02,4.2754390960908495e-06,5.678177275902424e-21
9,0,9.831563706786069e-14,0.02,4.2754390960908495e-06,8.286097609316691e-21
9,0,1.9576513402962657e-13,0.02,4.2754390960908495e-06,1.405764532024174e-20
9,0,3.566771269391433e-13,0.02,4.2754390960908495e-06,2.558556068538178e-20
9,0,6.796093366638763e-13,0.02,4.2754390960908495e-06,5.1256618241889155e-20
9,0,1.2680074614723918e-12,0.02,7.671809726161882e-06,8.174085722149647e-20
9,0,2.241742598289482e-12,0.02,7.671809726161882e-06,1.2854979962669615e-19
9,0,3.600704953816717e-12,0.02,8.802729098533746e-06,1.9868909332796695e-19
9,0,5.244368857295309e-12,0.02,8.802729098533746e-06,2.977277124122765e-19
9,0,7.109996118155657e-12,0.02,8.802729098533746e-06,4.361676324094776e-19
9,0,8.954966813964959e-12,0.02,8.802729098533746e-06,6.48424452337269e-19
9,0,9.43739574325278e-12,0.02,1.1843365427921526e-05,9.91883439450605e-19
9,0,8.698312562828424e-12,0.02,4.67641293653287e-05,1.6274606912003715e-18
9,0,8.257299612242518e-12,0.04,4.67641293653287e-05,1.9957413522436807e-18
9,0,8.495818958295335e-12,0.04,2.606178168207407e-05,2.684150629717209e-18
9,0,8.473161848085137e-12,0.04,5.546056854655035e-05,2.798708527110903e-18
9,0,7.983537819820023e-12,0.04,5.546056854655035e-05,3.3180255437663415e-18
9,0,7.229326574424656e-12,0.04,5.546056854655035e-05,3.808723351998364e-18
9,0,6.444897939092656e-12,0.06,0.00014470334281213582,4.183878297522295e-18
9,0,5.776760381037623e-12,0.06,0.00014470334281213582,4.364774425681517e-18
9,0,5.214761815383451e-12,0.08,3.141916386084631e-05,4.396894262457257e-18
9,0,4.594975819010893e-12,0.08,2.7240657800575718e-05,4.5698672411191396e-18
9,0,3.987506985985429e-12,0.08,2.7240657800575718e-05,4.946465616811976e-18
9,0,3.3941696518309644e-12,0.08,1.5181135495367926e-05,2.015880305027203e-18
9,0,2.824851321655134e-12,0.08,1.5181135495367926e-05,6.344800793852762e-18
9,0,2.568893609029511e-12,0.08,1.5181135495367926e-05,8.748738614393651e-18
9,0,2.8354429008269536e-12,0.08,1.5181135495367926e-05,1.2120176244288307e-17
9,0,3.607522985226212e-12,0.08,1.88001649803482e-05,1.877388970585053e-17
9,0,4.941599607247758e-12,0.08,1.88001649803482e-05,2.9185694794116743e-17
9,0,6.860394979066893e-12,0.08,1.88001649803482e-05,3.9433374013962637e-17
9,0,9.56591889791514e-12,0.08,1.88001649803482e-05,5.189235847406899e-17
9,0,1.348623367060728e-11,0.08,1.9760114810196683e-05,6.941634187840494e-17
9,0,1.9099435228146753e-11,0.08,1.9760114810196683e-05,8.579036886900232e-17
9,0,2.7227696220597418e-11,0.08,1.9760114810196683e-05,1.0631345440282689e-16
9,0,3.924588350191711e-11,0.08,1.9760114810196683e-05,1.2425461145985293e-16
9,0,5.874450631406563e-11,0.08,1.9760114810196683e-05,1.4934550083275862e-16
9,0,9.171831200364998e-11,0.08,1.9760114810196683e-05,1.7621380943613866e-16
9,0,1.4972319069235373e-10,0.06,1.9760114810196683e-05,1.769163041518779e-16
9,0,2.5248967586726596e-10,0.06,1.9760114810196683e-05,1.6598715714746386e-16
9,0,4.2416486605682944e-10,0.06,1.5956298739183694e-05,1.7288332882709395e-16
9,0,6.96567981837718e-10,0.06,1.5956298739183694e-05,1.7344217204893477e-16
9,0,1.0893892865237026e-09,0.06,1.5956298739183694e-05,1.657290238567881e-16
9,0,1.534286070367151e-09,0.06,1.481664821767481e-05,1.6442362697106103e-16
9,0,1.8500723698906914e-09,0.06,6.962415682210121e-06,1.8843206117693492e-16
9,0,1.939594780435021e-09,0.06,8.05817762739025e-06,2.1052332895092732e-16
9,0,1.9632941183438445e-09,0.06,9.692083949630614e-06,2.0205632143572433e-16
9,0,1.9464989629296998e-09,0.06,9.692083949630614e-06,1.910864639102829e-16
9,0,1.8469691002608702e-09,0.06,2.0625566321541555e-05,1.7362885016957574e-16
9,0,1.6294164188673308e-09,0.06,2.0625566321541555e-05,1.3761814438956562e-16
9,0,1.33071710384205e-09,0.06,1.5736512068542652e-05,9.28220194980788e-17
9,0,1.0055173692104777e-09,0.06,1.8477661797078326e-05,6.70244531842568e-17
9,0,7.092151279268273e-10,0.06,1.4972026292525697e-05,6.970690726653767e-17
9,0,4.849428948886505e-10,0.08,2.1725993065047078e-05,7.888619008104272e-17
9,0,3.2711938481996295e-10,0.08,2.1725993065047078e-05,7.83882273522858e-17
9,0,2.1968200438453394e-10,0.08,2.1725993065047078e-05,6.873833832624218e-17
9,0,1.4956486658785607e-10,0.08,1.8063426978187636e-05,5.730719195168196e-17
9,0,9.86133472718963e-11,0.08,2.2332462322083302e-05,4.784287593298094e-17
9,0,6.107928468104151e-11,0.08,2.2332462322083302e-05,3.633937110715704e-17
9,0,3.6797810728292496e-11,0.08,4.243537114234641e-05,2.562486423681072e-17
9,0,2.147440413172541e-11,0.08,5.111677819513716e-05,2.0043871680831768e-17
9,0,1.2287049297528822e-11,0.08,4.089009598828852e-05,1.6531469239668275e-17
9,0,7.084562074177073e-12,0.08,4.089009598828852e-05,1.3937047026897756e-17
9,0,4.39297921852164e-12,0.08,2.278806277900003e-05,1.037619579007642e-17
9,0,2.9942667206015964e-12,0.08,2.278806277900003e-05,9.778742258783456e-18
9,0,2.2188125531163276e-12,0.08,2.278806277900003e-05,8.983035041357459e-18
9,0,1.7600128570539656e-12,0.08,2.278806277900003e-05,8.726906009305927e-18
9,0,1.4813868245715784e-12,0.08,2.278806277900003e-05,9.02349327229804e-18
9,0,1.4084844159401606e-12,0.08,2.278806277900003e-05,9.931069222946321e-18
9,0,1.490636780909655e-12,0.08,2.278806277900003e-05,1.0349552302546086e-17
9,0,1.7357597961072282e-12,0.08,2.278806277900003e-05,1.0299140607294655e-17
9,0,2.0188608377274224e-12,0.08,2.278806277900003e-05,1.0151232441964048e-17
9,0,2.2865483482716708e-12,0.08,2.278806277900003e-05,1.0067624334369638e-17
9,0,2.713663017231582e-12,0.08,2.278806277900003e-05,9.835157630920798e-18
9,0,3.49709451411962e-12,0.08,2.278806277900003e-05,9.146592636696956e-18
9,0,4.910525344738573e-12,0.08,1.5925559637253173e-05,8.28001093002619e-18
9,0,7.32159030724118e-12,0.08,1.3220767868915573e-05,7.714168933022554e-18
9,0,1.1147086445055447e-11,0.08,1.3220767868915573e-05,7.739577439898345e-18
9,0,1.656572408865813e-11,0.08,1.2484611033869442e-05,8.139150343514535e-18
9,0,2.3838130417052854e-11,0.08,1.2484611033869442e-05,7.165533947121245e-18
9,0,3.33605408402202e-11,0.08,1.2484611033869442e-05,7.118021519916812e-18
9,0,4.4850421329509145e-11,0.08,1.2484611033869442e-05,7.639376916396734e-18
9,0,5.790622852786103e-11,0.08,1.127646737586474e-05,8.365542232544786e-18
9,0,7.379704039108558e-11,0.08,1.127646737586474e-05,9.093086458773964e-18
9,0,9.30484887293967e-11,0.08,1.127646737586474e-05,9.7581727584911e-18
9,0,1.1397866344685976e-10,0.08,1.127646737586474e-05,1.0502112531641691e-17
9,0,1.3382482248673927e-10,0.08,1.127646737586474e-05,1.0671566270387467e-17
9,0,1.5358693460004668e-10,0.08,1.127646737586474e-05,1.2174020739081834e-17
9,0,1.6556380483463304e-10,0.08,1.127646737586474e-05,1.3440708880863887e-17
9,0,1.7193597953540854e-10,0.08,2.0234298062860034e-05,1.5952834894491506e-17
9,0,1.6946277210814316e-10,0.08,2.0234298062860034e-05,2.11234366788033e-17
9,0,1.5474375337364678e-10,0.08,2.0234298062860034e-05,2.7511295945852204e-17
9,0,1.3297147647644498e-10,0.08,2.0234298062860034e-05,3.290648884700072e-17
9,0,1.1478769225954186e-10,0.08,2.2402149625122547e-05,3.760147666834555e-17
9,0,9.817508894867897e-11,0.08,2.2402149625122547e-05,4.0310651993134326e-17
9,0,8.233387759654009e-11,0.08,2.2402149625122547e-05,4.117696155738356e-17
9,0,6.738037789076563e-11,0.08,2.2402149625122547e-05,4.048556429674234e-17
9,0,5.367771353838902e-11,0.08,2.2402149625122547e-05,3.848611986369141e-17
9,0,4.2288392792148595e-11,0.08,2.2402149625122547e-05,3.6229746514936613e-17
9,0,3.360560882839349e-11,0.08,2.2402149625122547e-05,3.410214533522162e-17
9,0,2.698760813152551e-11,0.08,2.043381755356677e-05,3.639986117099182e-17
9,0,2.2401316705697047e-11,0.08,2.043381755356677e-05,3.5470229276490423e-17
9,0,2.0996956330286423e-11,0.08,2.923889405792579e-05,3.628479703906324e-17
9,0,2.3493392790205834e-11,0.08,2.923889405792579e-05,2.755624990342201e-17
9,0,2.5566215559897523e-11,0.08,2.923889405792579e-05,2.097120897631394e-17
9,0,2.32245181525112e-11,0.08,3.2055366318672895e-05,2.2102236188914848e-17
9,0,1.9527216210360726e-11,0.08,3.2055366318672895e-05,2.7280128743145684e-17
9,0,1.743960037703351e-11,0.08,3.7100173358339816e-05,3.3364819698249e-17
9,0,1.662232051977721e-11,0.08,5.5782591516617686e-05,3.818691209251873e-17
9,0,1.640258141691571e-11,0.08,3.108788951067254e-05,3.914829779637481e-17
9,0,1.7426695001703013e-11,0.08,3.108788951067254e-05,3.520842992133984e-17
9,0,2.2016247081764665e-11,0.08,3.108788951067254e-05,2.6928590217700448e-17
9,0,3.492251418743248e-11,0.08,3.108788951067254e-05,1.772783379449352e-17
9,0,5.710826285303312e-11,0.08,3.108788951067254e-05,1.3380751521343593e-17
9,0,8.13628884763978e-11,0.08,2.5847137294476852e-05,1.259871180917881e-17
9,0,9.926192983920554e-11,0.08,2.2332462322083302e-05,1.3844000788514116e-17
9,0,1.0582174638408524e-10,0.08,1.5607158275088295e-05,1.438856521862105e-17
9,0,1.0902073031336e-10,0.08,1.88001649803482e-05,1.4716861623214772e-17
9,0,1.1240548262490499e-10,0.08,1.5038796846056357e-05,1.4810859119302848e-17
9,0,1.1527727388029478e-10,0.08,1.5038796846056357e-05,1.3313797868202326e-17
9,0,1.1823375468888708e-10,0.08,1.5038796846056357e-05,1.251417064185344e-17
9,0,1.1902222332624238e-10,0.08,1.5038796846056357e-05,1.4368818763038185e-17
9,0,1.1419441699864791e-10,0.08,1.5038796846056357e-05,1.5881793314763002e-17
9,0,1.0227977098418261e-10,0.08,1.5038796846056357e-05,1.4908982592286338e-17
9,0,8.726663919233505e-11,0.08,1.5038796846056357e-05,1.1954230578520369e-17
9,0,7.293059325346136e-11,0.08,1.5925559637253173e-05,9.472642418746983e-18
9,0,6.020430132463778e-11,0.08,2.278806277900003e-05,8.862983010335188e-18
9,0,4.857824635312952e-11,0.08,2.278806277900003e-05,8.712470053255651e-18
9,0,3.766195233458295e-11,0.08,2.278806277900003e-05,8.564121827839166e-18
9,0,2.7913326219409184e-11,0.08,2.278806277900003e-05,8.390630620523519e-18
9,0,2.0013500717166184e-11,0.08,2.278806277900003e-05,8.230161717591295e-18
9,0,1.4004905742766496e-11,0.08,2.278806277900003e-05,8.196292807410311e-18
9,0,9.594277111845593e-12,0.06,2.278806277900003e-05,8.248737712607398e-18
9,0,6.572468470430035e-12,0.06,2.6211781005258672e-05,8.389382404979177e-18
9,0,4.550452911183208e-12,0.04,2.6211781005258672e-05,8.649682908859814e-18
9,0,3.0768171459010408e-12,0.04,2.6211781005258672e-05,9.344086971027667e-18
9,0,1.9792635001199745e-12,0.04,2.6211781005258672e-05,1.082416454979125e-17
9,0,1.2989773295173984e-12,0.04,2.6211781005258672e-05,1.2545429797201819e-17
9,0,9.198493868275135e-13,0.04,2.6211781005258672e-05,1.4708555075503514e-17
9,0,7.019268887654955e-13,0.04,2.6211781005258672e-05,2.0684787763050105e-17
9,0,5.539782581589869e-13,0.04,2.6211781005258672e-05,2.2417004881770876e-17
9,0,4.757934551899392e-13,0.04,2.6211781005258672e-05,2.3941191039518237e-17
9,0,4.554803565020662e-13,0.04,2.6211781005258672e-05,2.5676137854260433e-17
9,0,4.899416223210651e-13,0.04,2.6211781005258672e-05,2.805155407369019e-17
9,0,5.925874881726885e-13,0.04,2.6211781005258672e-05,3.845706266313365e-17
9,0,7.567811670729449e-13,0.04,2.6211781005258672e-05,4.393593315504803e-17
9,0,9.812252356556313e-13,0.04,2.6211781005258672e-05,4.6999194721568705e-17
9,0,1.2939543291858518e-12,0.04,2.6211781005258672e-05,4.974891182253993e-17
9,0,1.8097006484881122e-12,0.04,2.6211781005258672e-05,5.350590991647413e-17
9,0,2.7909274987040878e-12,0.04,2.6211781005258672e-05,6.009408916682622e-17
9,0,4.72991453501268e-12,0.04,2.6211781005258672e-05,7.126746621018021e-17
9,0,8.477404259079677e-12,0.04,2.6211781005258672e-05,8.705066125028812e-17
9,0,1.5292405099156003e-11,0.04,2.6211781005258672e-05,1.0718039262434166e-16
9,0,2.6393339976718602e-11,0.04,2.6211781005258672e-05,1.3299489297966384e-16
9,0,4.3440558355210264e-11,0.04,2.6211781005258672e-05,1.6658406391237193e-16
9,0,7.067540487419133e-11,0.04,2.475227665854618e-05,2.0749758167954715e-16
9,0,1.0996542910350121e-10,0.04,2.475227665854618e-05,2.4137537908903214e-16
9,0,1.6055688839209364e-10,0.04,2.475227665854618e-05,2.487687591087005e-16
9,0,2.3177589801356997e-10,0.04,2.475227665854618e-05,2.3990114471411563e-16
9,0,3.401364978794368e-10,0.04,2.475227665854618e-05,2.68181960166381e-16
9,0,4.788618047700917e-10,0.04,1.994675949390512e-05,3.1068382352833566e-16
9,0,6.318852212404489e-10,0.04,1.6559020878048614e-05,2.9694441972827887e-16
9,0,7.938038755770045e-10,0.04,1.6559020878048614e-05,2.8234612451970623e-16
9,0,9.45006596587644e-10,0.06,1.6559020878048614e-05,3.286235578347081e-16
9,0,1.0371346642764774e-09,0.06,1.6559020878048614e-05,3.928385019945959e-16
9,0,1.0557213371104754e-09,0.06,1.6559020878048614e-05,4.3294244155265324e-16
9,0,1.026253491852629e-09,0.06,9.138802852248773e-06,4.4403521149967515e-16
9,0,9.810744796779206e-10,0.04,1.0660286534402985e-05,5.035936449715916e-16
9,0,9.008858881850816e-10,0.04,1.0660286534402985e-05,5.562612536593576e-16
9,0,7.774146504345102e-10,0.04,1.0660286534402985e-05,6.023642511267843e-16
9,0,6.278937731247646e-10,0.04,1.0660286534402985e-05,6.329359995337969e-16
9,0,4.800265480560673e-10,0.04,1.0660286534402985e-05,6.499608323780163e-16
9,0,3.53913187763306e-10,0.04,1.0660286534402985e-05,6.526665203093426e-16
9,0,2.55767684897842e-10,0.04,1.2709276234090794e-05,6.303193030014916e-16
9,0,1.8223488157469828e-10,0.06,1.4772134818485938e-05,5.987651551943416e-16
9,0,1.2640108789492754e-10,0.06,1.0979581929859705e-05,5.627903953750305e-16
9,0,8.521759818583808e-11,0.06,1.0979581929859705e-05,5.23317071846204e-16
9,0,5.677160351778403e-11,0.06,1.1695300599967595e-05,4.33709429886392e-16
9,0,4.024906317346456e-11,0.06,1.319731291005155e-05,3.6813634780492074e-16
9,0,3.3883028316057886e-11,0.06,1.4585076314688195e-05,2.894102734206887e-16
9,0,3.3662316838065084e-11,0.06,1.754237928253133e-05,2.055061939856625e-16
9,0,3.2478768778550464e-11,0.06,1.754237928253133e-05,1.5654615438714703e-16
9,0,2.6877003763997045e-11,0.06,1.544508631923236e-05,1.3520060647898344e-16
9,0,1.9642753359679804e-11,0.06,1.4520126569550484e-05,1.215648451009571e-16
9,0,1.3657908147574203e-11,0.06,1.3344855688046664e-05,1.1360652057524972e-16
9,0,1.0034776701842995e-11,0.06,1.3344855688046664e-05,1.1178677616719226e-16
9,0,8.44818174926669e-12,0.06,1.3344855688046664e-05,1.1487816849198464e-16
9,0,8.403783061463012e-12,0.06,1.23849158626399e-05,1.230311385419931e-16
9,0,9.380297415144237e-12,0.04,1.434105979569722e-05,1.3626672979200099e-16
9,0,1.1053583317970202e-11,0.04,1.3542523447540589e-05,1.49407612170594e-16
9,0,1.3552973941686e-11,0.04,1.2713760952465236e-05,1.6214145551336193e-16
9,0,1.7220196643870784e-11,0.04,1.2713760952465236e-05,1.8530133475965442e-16
9,0,2.2344784921055275e-11,0.04,1.2713760952465236e-05,2.0667206866310903e-16
9,0,2.8804484894711428e-11,0.04,1.2713760952465236e-05,2.4958810466649143e-16
9,0,3.6061536123382064e-11,0.04,1.2713760952465236e-05,2.8667647458342543e-16
9,0,4.408376662834208e-11,0.04,1.2713760952465236e-05,3.049828153372814e-16
9,0,5.3826537715201755e-11,0.04,1.2713760952465236e-05,3.17799217922627e-16
9,0,6.611801559670713e-11,0.04,1.2713760952465236e-05,3.2305638084932e-16
9,0,7.969222485163554e-11,0.04,1.2713760952465236e-05,2.6603912562850524e-16
9,0,9.111301955005776e-11,0.04,1.2713760952465236e-05,2.918860713161742e-16
9,0,9.726082153494521e-11,0.04,1.2713760952465236e-05,2.5851580546077215e-16
9,0,1.0071173234618235e-10,0.04,1.0938342711597215e-05,2.1687902743576016e-16
9,0,1.04092486338389e-10,0.04,1.2634605809580535e-05,1.8582799072949959e-16
9,0,1.0798953545972922e-10,0.04,1.0647149792930577e-05,1.7470982302894984e-16
9,0,1.1047490608263966e-10,0.04,1.0647149792930577e-05,1.730509222366421e-16
9,0,1.0920137301832207e-10,0.04,1.0647149792930577e-05,1.7723445766780049e-16
9,0,1.0160502759999699e-10,0.04,1.0647149792930577e-05,1.8258446334644646e-16
9,0,8.913867705698055e-11,0.04,1.0647149792930577e-05,1.9170193922558155e-16
9,0,7.538279850005467e-11,0.04,1.4572688996850047e-05,2.01907614213922e-16
9,0,6.245328933401325e-11,0.02,1.5013232768978924e-05,2.1580615432894418e-16
9,0,5.018414185593737e-11,0.0,1.695674473012332e-05,2.319080653677912e-16
9,0,3.930164436687358e-11,0.0,1.695674473012332e-05,2.506184937770467e-16
9,0,3.0689878505879507e-11,0.0,1.695674473012332e-05,2.6111746715826373e-16
9,0,2.4142163503459552e-11,0.0,1.695674473012332e-05,2.5955630602713525e-16
9,0,1.9319401566929682e-11,0.0,1.8108235963154584e-05,2.4965859368957074e-16
9,0,1.615593617193048e-11,0.02,1.8108235963154584e-05,2.3471513255499197e-16
9,0,1.4280283130590868e-11,0.02,1.3958444469608366e-05,2.139764969884259e-16
9,0,1.2799514533361559e-11,0.02,4.577270829031477e-06,1.910492871048323e-16
9,0,1.129474083203142e-11,0.02,4.577270829031477e-06,1.750600711526395e-16
9,0,9.76967487059157e-12,0.02,4.577270829031477e-06,1.575610454417455e-16
9,0,8.303405641132056e-12,0.02,4.405580966704292e-06,1.3730352458921985e-16
9,0,7.064152730321562e-12,0.02,8.87790520209819e-06,1.2046248465966483e-16
9,0,6.169005649712604e-12,0.02,3.564030748748337e-06,1.082838250917078e-16
9,0,5.522880694543588e-12,0.02,3.564030748748337e-06,9.538641174589119e-17
9,0,4.917093742981104e-12,0.02,3.564030748748337e-06,8.74794187402764e-17
9,0,4.3762465229855956e-12,0.02,3.564030748748337e-06,8.54327555291385e-17
9,0,4.1528492634702e-12,0.02,3.564030748748337e-06,8.35811547413304e-17
9,0,4.383450901827257e-12,0.02,3.564030748748337e-06,7.975308198044319e-17
9,0,4.909521672944433e-12,0.0,3.564030748748337e-06,7.791956666954795e-17
9,0,5.5875591958970275e-12,0.0,3.564030748748337e-06,7.669691431485577e-17
9,0,6.288059359703272e-12,0.0,3.564030748748337e-06,7.436726268999613e-17
9,0,6.926244904638471e-12,0.0,3.564030748748337e-06,7.17757587704267e-17
9,0,7.637629821297648e-12,0.0,3.564030748748337e-06,6.73957050780604e-17
9,0,8.761110540000209e-12,0.0,3.564030748748337e-06,6.30528215736998e-17
9,0,1.0597316149753627e-11,0.0,3.564030748748337e-06,5.5352190278582287e-17
9,0,1.3048010884298905e-11,0.0,1.7053567944458337e-06,4.7718021291322187e-17
9,0,1.527985673088768e-11,0.0,1.0845684528248967e-06,4.1641367223050433e-17
9,0,1.57294326278135e-11,0.0,1.0845684528248967e-06,3.3613036747741465e-17
9,0,1.347134393807771e-11,0.0,1.3063151982350973e-06,2.7951359340452865e-17
9,0,1.0766415599150662e-11,0.0,1.671280074333481e-06,2.4125743305984943e-17
9,0,9.368908223579637e-12,0.0,2.186738356613205e-06,2.0670194642683444e-17
9,0,8.692328841609718e-12,0.0,2.186738356613205e-06,1.8821288809311042e-17
9,0,8.067236469916462e-12,0.0,2.186738356613205e-06,1.744087656819275e-17
9,0,7.258524010615656e-12,0.0,2.186738356613205e-06,1.6228613601994235e-17
9,0,6.168766885902336e-12,0.0,2.186738356613205e-06,1.5288643604197152e-17
9,0,5.552795182240358e-12,0.0,3.9580413613293786e-06,1.3486778705080028e-17
9,0,5.820446525182449e-12,0.0,5.163675723451888e-06,1.0729119843047682e-17
9,0,5.853909836492937e-12,0.0,4.470420208235737e-06,9.984629994789742e-18
9,0,5.490530044477451e-12,0.0,4.145349066675408e-06,1.0941066677040919e-17
9,0,5.0943178470008394e-12,0.0,3.3588723908906104e-06,1.222553837481225e-17
9,0,4.831377127135496e-12,0.0,3.918081802112283e-06,1.2875507948834979e-17
9,0,4.9356382198954114e-12,0.0,3.918081802112283e-06,1.2145169506496597e-17
9,0,5.153019477332076e-12,0.0,5.989169494569069e-06,1.208684086560242e-17
9,0,4.905108371214698e-12,0.0,5.989169494569069e-06,1.30205242907441e-17
9,0,4.738369173853855e-12,0.0,4.365535460237879e-06,1.2279522663129298e-17
9,0,4.908753291794696e-12,0.0,4.269376404408831e-06,1.0199130335333931e-17
9,0,5.10657174761177e-12,0.0,4.269376404408831e-06,9.221003323060389e-18
9,0,5.681497354482247e-12,0.0,5.1530005293898284e-06,1.041871452792287e-17
9,0,6.611633462656628e-12,0.0,4.857218755205395e-06,1.2302873144641057e-17
9,0,7.027670263247471e-12,0.0,3.3118603823822923e-06,1.411898705699002e-17
9,0,7.0244358863924035e-12,0.0,3.3118603823822923e-06,1.7614854157708577e-17
9,0,7.574883967781134e-12,0.0,3.3118603823822923e-06,2.0754421481376044e-17
9,0,9.061565468651926e-12,0.0,3.3118603823822923e-06,2.288653741287435e-17
9,0,1.1874286605865561e-11,0.0,3.3118603823822923e-06,2.5288868435075356e-17
9,0,1.6532010455922173e-11,0.0,3.3118603823822923e-06,2.8417316796948885e-17
9,0,2.4255703600110102e-11,0.0,3.3118603823822923e-06,3.235766443673914e-17
9,0,3.814536682635815e-11,0.0,3.3118603823822923e-06,3.6347414611433506e-17
9,0,6.703665994910927e-11,0.0,3.3118603823822923e-06,3.724444566363296e-17
9,0,1.219425583548128e-10,0.0,3.3118603823822923e-06,3.7062604895214205e-17
9,0,2.0927674103756232e-10,0.0,3.169471710862126e-06,3.869265031903365e-17
9,0,3.461741464832995e-10,0.0,3.169471710862126e-06,4.351692647012052e-17
9,0,6.099778805671638e-10,0.0,3.169471710862126e-06,4.6294903369539005e-17
9,0,1.0931003989049006e-09,0.0,2.8335475690255407e-06,4.146114772863228e-17
9,0,1.9231402006936473e-09,0.0,2.8335475690255407e-06,3.5534964431228823e-17
9,0,3.3018958206598047e-09,0.0,2.8335475690255407e-06,3.453955513441721e-17
9,0,5.56764179036538e-09,0.0,2.8335475690255407e-06,3.5577282991367036e-17
9,0,9.277321379691464e-09,0.0,2.8335475690255407e-06,3.8773174697304464e-17
9,0,1.496934611448409e-08,0.0,2.8335475690255407e-06,4.556639216917375e-17
9,0,2.356411786428014e-08,0.0,2.8335475690255407e-06,5.5438405659467464e-17
9,0,3.529774232450407e-08,0.0,2.8335475690255407e-06,6.7938547318132e-17
9,0,4.9038087731398375e-08,0.0,2.8335475690255407e-06,8.753817503354727e-17
9,0,6.392176606838413e-08,0.0,2.8335475690255407e-06,1.3620850951176705e-16
9,0,7.869848286009651e-08,0.0,3.169471710862126e-06,2.1485987294307332e-16
9,0,8.968885421320733e-08,0.0,3.169471710862126e-06,2.534295843707469e-16
9,0,9.613134147276184e-08,0.0,3.169471710862126e-06,2.8521698387574707e-16
9,0,9.604574115941167e-08,0.0,3.1775705338077387e-06,3.0870383107456953e-16
9,0,8.911955368123197e-08,0.0,3.1775705338077387e-06,3.221764459660208e-16
9,0,7.756010859863034e-08,0.0,2.840788056346355e-06,2.561099936625535e-16
9,0,6.708354560461389e-08,0.0,2.840788056346355e-06,2.0383536855764418e-16
9,0,5.824556784708828e-08,0.0,2.840788056346355e-06,1.8218997098615257e-16
9,0,4.943496673754072e-08,0.0,3.515183379931841e-06,1.6277729932406409e-16
9,0,4.0061481721240106e-08,0.0,3.739109615708003e-06,1.3112643094224946e-16
9,0,3.0848741387230556e-08,0.0,1.8657103737496072e-06,9.975458712466122e-17
9,0,2.3323350188408373e-08,0.0,1.640559162296995e-06,7.922002032393442e-17
9,0,1.792177721741411e-08,0.0,1.640559162296995e-06,5.949238475436535e-17
9,0,1.4774392651389755e-08,0.0,1.640559162296995e-06,4.303866056610971e-17
9,0,1.3855377043085185e-08,0.0,9.026469456330233e-07,3.266075003062347e-17
9,0,1.3928439024571117e-08,0.0,5.633161208606907e-07,2.8047272586839613e-17
9,0,1.3650846405031475e-08,0.0,5.633161208606907e-07,2.544747700880995e-17
9,0,1.2870019815826799e-08,0.0,5.833355203321844e-07,2.5315411006570958e-17
9,0,1.1413380685996138e-08,0.0,5.833355203321844e-07,2.5216619171652525e-17
9,0,9.432872423843167e-09,0.0,5.593919922830537e-07,2.38817184078369e-17
9,0,7.285775119261782e-09,0.0,4.833246407542902e-07,2.1710240259709643e-17
9,0,5.435933053749174e-09,0.0,4.833246407542902e-07,2.032537282381214e-17
9,0,4.080016770598088e-09,0.0,4.833246407542902e-07,1.8476764775460256e-17
9,0,3.342624560241804e-09,0.0,1.010104028864589e-06,1.9169382954685608e-17
9,0,3.169679446808471e-09,0.0,1.010104028864589e-06,2.0787382974425057e-17
9,0,3.5706083009784933e-09,0.0,1.010104028864589e-06,2.234247590857985e-17
9,0,4.704787149091623e-09,0.0,1.010104028864589e-06,2.4055715849687428e-17
9,0,4.200141944117339e-09,0.0,1.010104028864589e-06,1.6857911105328652e-17
9,0,4.298597503385791e-09,0.0,9.98442715172132e-07,1.188670286203399e-17
9,0,6.77068012281445e-09,0.0,9.98442715172132e-07,1.1492763058389286e-17
9,0,9.315352985443435e-09,0.0,9.98442715172132e-07,1.0993991346993287e-17
9,0,1.1612947038091417e-08,0.0,9.98442715172132e-07,9.850101475867181e-18
9,0,1.253495367747989e-08,0.0,9.641772749091615e-07,8.64961673441081e-18
9,0,1.1600878764014267e-08,0.0,9.641772749091615e-07,7.525388119264476e-18
9,0,9.720887099047748e-09,0.0,1.2109449016861618e-06,6.196215994781087e-18
9,0,7.818634597326085e-09,0.0,2.3968291316123214e-06,4.999411379869964e-18
9,0,6.07500219633661e-09,0.0,2.1427954379760195e-06,3.7592558834161616e-18
9,0,4.618193654425133e-09,0.0,2.1427954379760195e-06,3.681079043723775e-18
9,0,3.948435669287182e-09,0.0,2.1427954379760195e-06,5.255913470377757e-18
9,0,3.3919767792061538e-09,0.0,2.0274526377761504e-06,4.6251464806851396e-18
9,0,4.091705712973148e-09,0.0,1.5495412526433938e-06,2.8707230780349227e-18
9,0,4.435671995521149e-09,0.0,1.3625448218590464e-06,1.709146431051208e-18
9,0,3.520417778581227e-09,0.0,1.3625448218590464e-06,9.887818223462608e-19
9,0,3.4937683344089544e-09,0.0,5.414879069576273e-07,8.237696298995887e-19
9,0,3.1670399560898714e-09,0.0,5.414879069576273e-07,6.87104761948744e-19
9,0,2.7115189773916354e-09,0.0,5.612226914308849e-07,5.766700497158972e-19
9,0,2.20299161800798e-09,0.0,5.612226914308849e-07,4.889543699947022e-19
9,0,1.6713174591065273e-09,0.0,8.030644380596641e-07,4.188411454074239e-19
9,0,1.1857176897330493e-09,0.0,7.748255370643164e-07,3.623481992382613e-19
9,0,8.34564320389019e-10,0.0,7.748255370643164e-07,3.1837876754315156e-19
9,0,6.165312231992634e-10,0.0,6.651894750575593e-07,2.8903363058403793e-19
9,0,4.727548565415911e-10,0.0,6.694630201309337e-07,2.8793203280327043e-19
9,0,3.6763802126302244e-10,0.0,6.694630201309337e-07,2.724661334927899e-19
9,0,2.885907379612486e-10,0.0,6.694630201309337e-07,2.6623162151718945e-19
9,0,2.284745073191488e-10,0.0,6.694630201309337e-07,2.721358040850457e-19
9,0,1.8735327401203242e-10,0.0,1.098244979402807e-06,2.6785336080688795e-19
9,0,1.6216880175314763e-10,0.0,1.404238219038234e-06,2.4095458466000575e-19
9,0,1.4735461506243e-10,0.0,1.7425513760827016e-06,2.194276486580136e-19
9,0,1.3618137491214457e-10,0.0,1.7425513760827016e-06,1.785854120427518e-19
9,0,1.3018807686171984e-10,0.0,1.7425513760827016e-06,1.5348583127635487e-19
9,0,1.2978955427629245e-10,0.0,1.7425513760827016e-06,1.4040826088825636e-19
9,0,1.363894058903411e-10,0.0,1.617088287275692e-06,1.487181948701465e-19
9,0,1.5178300061813164e-10,0.0,1.617088287275692e-06,2.0323566571547053e-19
9,0,1.7377351899559744e-10,0.0,1.7124413034252939e-06,3.4331050819338266e-19
9,0,1.9206457445518854e-10,0.0,1.7124413034252939e-06,4.872042109149048e-19
9,0,2.027929719495223e-10,0.0,1.7124413034252939e-06,6.75897653720781e-19
9,0,2.0229521791106152e-10,0.0,1.7124413034252939e-06,8.591243115570825e-19
9,0,1.8435662451959822e-10,0.0,1.7124413034252939e-06,1.0089648224974015e-18
9,0,1.4762018408991213e-10,0.0,1.8453023358233622e-06,1.1667110604434079e-18
9,0,1.0926492571765638e-10,0.0,1.8453023358233622e-06,1.3383910524102933e-18
9,0,8.714188927592488e-11,0.0,1.8453023358233622e-06,1.1510529450380853e-18
9,0,8.049413189314038e-11,0.0,1.8453023358233622e-06,1.218474679008481e-18
9,0,8.378795753455874e-11,0.0,1.8453023358233622e-06,1.4076870742511576e-18
9,0,9.260228113571626e-11,0.0,1.6497233445988968e-06,1.3723949998262763e-18
9,0,1.0368116180769888e-10,0.0,1.6497233445988968e-06,1.2735649078045126e-18
9,0,1.1170737788038461e-10,0.0,1.6497233445988968e-06,1.132831396914461e-18
9,0,1.102108384774194e-10,0.0,1.6497233445988968e-06,1.0005861032776988e-18
9,0,9.657467934182743e-11,0.0,1.6497233445988968e-06,8.345935467087865e-19
9,0,7.786856600286392e-11,0.0,1.6497233445988968e-06,6.945229176821195e-19
9,0,6.415261032237218e-11,0.0,1.6497233445988968e-06,5.306294353151371e-19
9,0,5.277262310121887e-11,0.0,1.6497233445988968e-06,3.9063227026662255e-19
9,0,4.202587439477951e-11,0.0,1.5578624470435898e-06,2.862597062492355e-19
9,0,3.360831644115651e-11,0.0,1.5578624470435898e-06,2.0039873348244628e-19
9,0,2.6181474247944644e-11,0.0,1.5578624470435898e-06,1.3787384411487924e-19
9,0,1.8591515377770383e-11,0.0,1.088714611796604e-06,9.68237266719252e-20
9,0,1.2133443010917023e-11,0.0,1.088714611796604e-06,6.969856153114489e-20
9,0,7.75163809693451e-12,0.0,1.088714611796604e-06,4.2138105517705624e-20
9,0,4.96461736744505e-12,0.0,9.97345409814443e-07,3.0725575385668196e-20
9,0,3.216576787017577e-12,0.0,9.008306847135827e-07,2.3606333968218325e-20
9,0,2.1321796884789555e-12,0.0,9.008306847135827e-07,1.5045909663566665e-20
9,0,1.4256105814269651e-12,0.0,9.008306847135827e-07,1.0093912954954837e-20
9,0,8.917682848347195e-13,0.0,9.008306847135827e-07,7.120237426917916e-21
9,0,5.156983796844721e-13,0.0,9.008306847135827e-07,5.01311598547412e-21
9,0,2.8462625526773714e-13,0.0,9.008306847135827e-07,3.423385111969089e-21
9,0,1.5580527895333919e-13,0.0,1.6372565596611821e-06,2.3705316145150525e-21
9,0,9.16818670689274e-14,0.0,1.6372565596611821e-06,1.729363242209887e-21
9,0,6.214168913162328e-14,0.0,1.6372565596611821e-06,1.3375417608722259e-21
9,0,4.736699714303839e-14,0.0,1.4269110124587314e-06,1.124447130576334e-21
9,0,3.5212651687875114e-14,0.0,1.4269110124587314e-06,1.0331187976909504e-21
9,0,2.50793534021264e-14,0.0,1.4269110124587314e-06,1.0218813794327685e-21
9,0,1.7386717408398077e-14,0.0,2.994329634020687e-06,8.66508850153376e-22
9,0,1.2850890494889572e-14,0.0,2.994329634020687e-06,8.64386069633637e-22
9,0,1.0991002300990235e-14,0.0,2.994329634020687e-06,9.099139209119066e-22
9,0,1.0712681739356708e-14,0.0,2.0634734028135426e-06,1.0166750489196036e-21
9,0,1.1260747282551675e-14,0.0,1.070630219146551e-06,1.1888765435275804e-21
9,0,1.1595807073412789e-14,0.0,1.1687133110171999e-06,1.4638556331420544e-21
9,0,1.0884817332238396e-14,0.0,1.1687133110171999e-06,2.237544155691897e-21
9,0,9.617737848072798e-15,0.0,1.1611753052420681e-06,4.81112680016241e-21
9,0,1.1962779166198886e-14,0.0,1.1611753052420681e-06,9.812696588287383e-21
9,0,1.997472154209961e-14,0.0,2.9983643798914272e-06,1.8504104619819388e-20
9,0,2.5349257603737312e-14,0.0,2.9983643798914272e-06,3.858234363884999e-20
9,0,3.120650531856331e-14,0.0,2.9983643798914272e-06,2.6147780161215013e-20
9,0,5.040286203594283e-14,0.0,1.1611753052420681e-06,1.1218516858067676e-19
9,0,7.976895951792207e-14,0.0,1.1611753052420681e-06,1.4094596706050704e-19
9,0,1.1099297075893186e-13,0.0,2.9983643798914272e-06,1.8906323131377859e-19
9,0,1.4510402916040014e-13,0.0,2.9983643798914272e-06,2.422411607052554e-19
9,0,1.7793316237100755e-13,0.0,2.9983643798914272e-06,3.396423499176221e-19
9,0,2.2381894647969453e-13,0.0,2.9983643798914272e-06,4.2758294521724914e-19
9,0,3.2836896775951423e-13,0.0,2.9983643798914272e-06,5.182701678914643e-19
9,0,5.509265858472186e-13,0.0,2.9983643798914272e-06,7.118777873189415e-19
9,0,9.39652177584575e-13,0.0,5.374100510380231e-06,1.23410818579058e-18
9,0,1.4932903650367345e-12,0.0,5.374100510380231e-06,2.2764281359109933e-18
9,0,2.317346701253166e-12,0.0,5.374100510380231e-06,5.096694023760794e-18
9,0,4.591928596984166e-12,0.0,8.616826562501956e-06,7.26323142208927e-18
9,0,4.900252179149108e-12,0.0,1.0028391443483997e-05,1.1081697307342284e-17
9,0,2.501127467462618e-12,0.0,1.0775982445920818e-05,4.474049203220896e-17
9,0,4.141914821162504e-12,0.0,1.0775982445920818e-05,7.593099800719087e-17
9,0,8.731375949409593e-12,0.0,1.0775982445920818e-05,9.47672968358973e-17
9,0,1.30027549201402e-11,0.0,7.322631972783711e-06,1.8147068119525605e-16
9,0,2.5714432738553774e-11,0.0,7.322631972783711e-06,3.0229443864181465e-16
9,0,6.359803722349618e-11,0.0,5.1174411055399105e-06,4.199136454557836e-16
9,0,1.5859382266620539e-10,0.0,3.574016591301188e-05,5.472049362059922e-16
9,0,3.5850268707905604e-10,0.0,3.466911584837362e-05,7.098667611165439e-16
9,0,7.436602083510826e-10,0.0,3.772696800297126e-05,9.190915223848814e-16
9,0,1.7882260819268813e-09,0.0,3.5557539376895875e-05,1.1979991431249884e-15
9,0,4.845486178283638e-09,0.0,3.5557539376895875e-05,1.513344215431844e-15
9,0,1.2371228967519348e-08,0.0,3.5557539376895875e-05,2.834675167325321e-15
9,0,3.4266353965244714e-08,0.0,3.5557539376895875e-05,4.692311382519963e-15
9,0,9.380759641087879e-08,0.0,3.5557539376895875e-05,7.255432657395002e-15
9,0,2.222813685783937e-07,0.0,4.397270458866842e-05,1.3221148385345136e-14
9,0,5.302161346757406e-07,0.0,4.397270458866842e-05,1.5849014741125926e-14
9,0,1.2298196926209441e-06,0.0,4.397270458866842e-05,1.9214840764510133e-14
9,0,2.6535850661175666e-06,0.0,4.397270458866842e-05,2.579909891406093e-14
9,0,5.510085182862098e-06,0.0,3.8323541957652196e-05,3.2832809686083805e-14
9,0,1.055767051531566e-05,0.0,3.8323541957652196e-05,3.959290848735281e-14
9,0,1.9028949272927318e-05,0.0,3.8323541957652196e-05,4.854522681193782e-14
9,0,3.2745328958904495e-05,0.0,3.8323541957652196e-05,6.068159619536037e-14
9,0,5.319736944789201e-05,0.0,3.8323541957652196e-05,7.72917903182728e-14
9,0,8.182011791136307e-05,0.0,5.48735306438175e-06,1.1087745982853517e-13
9,0,0.00011987985727030378,0.0,5.48735306438175e-06,1.581852189383795e-13
9,0,0.00016833799211451113,0.0,6.667521120107267e-06,2.195132910078751e-13
9,0,0.0002297661819815646,0.0,7.813123374944553e-06,3.768900339387593e-13
9,0,0.00029889411938131794,0.0,7.813123374944553e-06,6.341465980802541e-13
9,0,0.0003664308614596111,0.0,6.75731644150801e-05,1.0007743331957863e-12
9,0,0.00041683935795897383,0.0,1.305100249737734e-05,1.4511744670514526e-12
9,0,0.000441651177656626,0.0,1.305100249737734e-05,2.107294373721036e-12
9,0,0.0004376044797262517,0.0,1.1146709766762797e-05,2.9141600157295278e-12
9,0,0.0004114688146430981,0.0,1.349319973087404e-05,3.9265053881909484e-12
9,0,0.00038187968517068593,0.0,1.349319973087404e-05,5.258857151829721e-12
9,0,0.0003662011017662866,0.0,1.349319973087404e-05,7.185387267821808e-12
9,0,0.00037362000395391095,0.0,1.5815528968232684e-05,9.912327035566104e-12
9,0,0.000386850488459942,0.02,1.5009280105005018e-05,1.3183144680073422e-11
9,0,0.0004040571204220765,0.04,1.5009280105005018e-05,1.7043018038509494e-11
9,0,0.0004207981278156442,0.04,4.0641600207891315e-05,2.2117739931215574e-11
9,0,0.0004356819229597159,0.08,0.00012875690299551934,2.883651650797958e-11
9,0,0.0004491510743093783,0.08,0.00019769954087678343,3.83272025228365e-11
9,0,0.00046716465319973573,0.08,0.00040375973912887275,5.369407696242945e-11
9,0,0.000493638233052178,0.08,0.00043763843132182956,7.305075988561782e-11
9,0,0.0005165974910734788,0.1,0.00030642884667031467,9.376110998715603e-11
9,0,0.0005381374685222636,0.1,0.00030642884667031467,1.2266879179101409e-10
9,0,0.0005492281710749173,0.12,0.00031212950125336647,1.5043576107043322e-10
9,0,0.0005558924037385764,0.12,0.0002472286287229508,1.8610345209335577e-10
9,0,0.0005693598004938805,0.12,0.00011536907550180331,2.4488561178870327e-10
9,0,0.000610984732650128,0.08,0.00011324280785629526,3.322104535907755e-10
9,0,0.0007139483904904394,0.08,0.0001499430218245834,4.808740627915142e-10
9,0,0.0009103470268923565,0.06,0.00020237146236468107,7.821749359315788e-10
9,0,0.0012932764641423007,0.06,0.00020237146236468107,1.3017820155170057e-09
9,0,0.0020560191182098855,0.06,0.00015714440087322146,2.080642325097415e-09
9,0,0.002362872085203347,0.04,8.574278763262555e-05,2.0960693181137913e-09
9,0,0.0035365262459345556,0.04,8.574278763262555e-05,2.742454485726853e-09
9,0,0.00451420022578915,0.04,6.184414814924821e-05,3.267782933136232e-09
9,0,0.00549262448760545,0.04,6.300535460468382e-05,3.3479188310536756e-09
9,0,0.006670152627609299,0.04,3.2555213692830876e-05,3.0392697247805245e-09
9,0,0.008252284699372028,0.02,0.00022362115851137787,2.4723894043177097e-09
9,0,0.0071095822045025596,0.02,0.00014564035518560559,1.5401357966737805e-09
9,0,0.005748064907625627,0.02,0.0001378017186652869,8.538304507865746e-10
9,0,0.00599634320105351,0.02,0.00010246611782349646,4.810621345718857e-10
9,0,0.005910935783159022,0.02,9.299247903982177e-05,2.387852415797198e-10
9,0,0.005706600509490889,0.02,8.340754720848054e-05,1.2032966290043134e-10
9,0,0.0053863260769828275,0.04,8.340754720848054e-05,5.7704528655389e-11
9,0,0.005054713435795327,0.04,8.340754720848054e-05,3.237844367620646e-11
9,0,0.004641949264319884,0.04,6.242356903385371e-05,1.8391170530929202e-11
9,0,0.0041717507284083945,0.04,4.951973460265435e-05,1.0721911206101886e-11
9,0,0.0036963707116470013,0.04,4.951973460265435e-05,6.590022798291795e-12
9,0,0.0032658445145666323,0.04,9.283335384679958e-05,4.375590167970955e-12
9,0,0.0029171340034310727,0.04,9.283335384679958e-05,3.1265803748098397e-12
9,0,0.0026696327844024617,0.04,9.283335384679958e-05,2.381196368556049e-12
9,0,0.0025291535364132273,0.04,9.283335384679958e-05,1.896547805954607e-12
9,0,0.00245654757349264,0.04,7.617697701789439e-05,1.3780387421447049e-12
9,0,0.002446331789669796,0.04,8.341781358467415e-05,1.0833960681702615e-12
9,0,0.002445490380784836,0.04,8.920937398215756e-05,7.9629656818056e-13
9,0,0.00242990081280001,0.04,8.920937398215756e-05,5.441239906561757e-13
9,0,0.002361979468854825,0.04,0.00011362213990651071,3.4743131223542723e-13
9,0,0.0022624627911234283,0.04,0.00011362213990651071,2.0424119210118996e-13
9,0,0.002139670383611778,0.04,0.00012202066864119843,1.1353607263326834e-13
9,0,0.0019965926154720875,0.04,0.00012202066864119843,5.4629301841739586e-14
9,0,0.0018671535943379364,0.04,0.00010799610026879236,2.5265522367399346e-14
9,0,0.0017802533985945656,0.04,0.00015609482943546027,1.2955984721207178e-14
9,0,0.0017020007511751973,0.04,0.00020102008420508355,7.726698072324772e-15
9,0,0.0016037915396667534,0.04,0.00020102008420508355,4.772099345052476e-15
9,0,0.0014844858843048347,0.04,0.00020102008420508355,2.998860222172832e-15
9,0,0.0013564349375362612,0.04,0.00020102008420508355,1.924897830986685e-15
9,0,0.001264396002671287,0.04,9.446955664316192e-05,1.4605858154000443e-15
9,0,0.0012173086818364847,0.04,0.00010031632700702175,1.2963197630269522e-15
9,0,0.001181296211232693,0.04,5.979393608868122e-05,1.20375282617745e-15
9,0,0.0011260061136188324,0.04,2.6050201995531097e-05,1.1501196528693734e-15
9,0,0.001022565065217533,0.04,2.0180705178063363e-05,1.1371974241051802e-15
9,0,0.0008882786920764159,0.02,2.0180705178063363e-05,1.0231482494056513e-15
9,0,0.0007848157697999292,0.02,2.0180705178063363e-05,9.480278619289828e-16
9,0,0.0007248406035543118,0.02,2.0180705178063363e-05,8.894694037908592e-16
9,0,0.0006762119452188075,0.02,2.0180705178063363e-05,8.470460233254236e-16
9,0,0.0006199063646626214,0.02,9.242296073352918e-06,8.289438175118559e-16
9,0,0.0005548737470906963,0.02,9.242296073352918e-06,8.355600448024185e-16
9,0,0.0004869947967860525,0.02,9.242296073352918e-06,8.354261606571931e-16
9,0,0.0004221404673642009,0.02,9.242296073352918e-06,8.442040689687078e-16
9,0,0.00036761857824898754,0.02,9.242296073352918e-06,8.91255902155737e-16
9,0,0.00032706193912733337,0.02,1.355483618681319e-05,9.963521503610247e-16
9,0,0.000298113339654533,0.02,1.355483618681319e-05,1.0408435088276225e-15
9,0,0.00028102977958731947,0.02,1.355483618681319e-05,1.1786118295117583e-15
9,0,0.0002726176696387812,0.02,5.941462404734921e-06,1.3978005569760033e-15
9,0,0.00027762268123767775,0.02,5.5951431932044216e-06,1.6340260816248477e-15
9,0,0.00030241077664596794,0.02,6.087906967877643e-06,2.0427059261478916e-15
9,0,0.0003428106031329565,0.02,6.475721875176532e-06,2.545993209890373e-15
9,0,0.00038778565962098254,0.02,6.857566859252984e-06,3.504391719709064e-15
9,0,0.00044596608747213994,0.02,6.857566859252984e-06,4.554958637375574e-15
9,0,0.0005169615891359498,0.02,9.757606676430441e-06,5.487751552957004e-15
9,0,0.0005925112278123423,0.02,9.173249054583721e-06,6.035558676648935e-15
