Subject_ID,True_Label,Logistic Regression_Prob,Random Forest_Prob,XGBoost_Prob,Deep Learning_Prob
13,0,0.5825723611133976,0.82,0.9998626708984375,0.9833263158798218
13,0,0.5870719916315109,0.82,0.9998778104782104,0.9806867837905884
13,0,0.5670422082262115,0.82,0.9998778104782104,0.9751095175743103
13,0,0.547013175455886,0.82,0.9998778104782104,0.9686541557312012
13,0,0.548061713490109,0.82,0.9998965263366699,0.9644973278045654
13,0,0.5421894828106796,0.82,0.9998965263366699,0.9543626308441162
13,0,0.5388433718444406,0.82,0.9998965263366699,0.9459103941917419
13,0,0.532856467426318,0.82,0.9998965263366699,0.9318568706512451
13,0,0.5348325860057721,0.82,0.9998862743377686,0.9199735522270203
13,0,0.5375530574753191,0.82,0.9998862743377686,0.9210965037345886
13,0,0.5400365610769433,0.82,0.9998862743377686,0.9216645956039429
13,0,0.5408367892356344,0.82,0.9998862743377686,0.9238799214363098
13,0,0.5404187555115316,0.82,0.9998862743377686,0.9278046488761902
13,0,0.5454697410453981,0.8,0.9998862743377686,0.9410733580589294
13,0,0.5442893965683351,0.8,0.9998965263366699,0.9513192176818848
13,0,0.5490975012440447,0.8,0.9998965263366699,0.960545539855957
13,0,0.5637951463086097,0.82,0.9998965263366699,0.9724650979042053
13,0,0.5834405765616453,0.82,0.9999092817306519,0.9785000085830688
13,0,0.58863002161381,0.82,0.9999092817306519,0.9820502400398254
13,0,0.5760904617075565,0.82,0.9999092817306519,0.9834084510803223
13,0,0.5734400845013158,0.82,0.9998928308486938,0.9849216938018799
13,0,0.5772611026527483,0.82,0.9998795986175537,0.9863027930259705
13,0,0.5794683112133556,0.82,0.9998795986175537,0.9878304600715637
13,0,0.5824776617993461,0.82,0.9998795986175537,0.989254355430603
13,0,0.5855968541636667,0.82,0.9997079968452454,0.9901837706565857
13,0,0.5928938170255729,0.8,0.9997079968452454,0.9912915229797363
13,0,0.5971691856677817,0.8,0.9997182488441467,0.9918323755264282
13,0,0.6011163361150081,0.8,0.9996670484542847,0.9926464557647705
13,0,0.6123883603490134,0.8,0.9997528195381165,0.9938549399375916
13,0,0.6177474072839312,0.8,0.9997182488441467,0.9942552447319031
13,0,0.6126275431883852,0.8,0.9998118281364441,0.9936058521270752
13,0,0.6069999019927765,0.8,0.999777615070343,0.9922301173210144
13,0,0.6020547928505263,0.8,0.999777615070343,0.9904428720474243
13,0,0.5984212439635248,0.8,0.999777615070343,0.9885428547859192
13,0,0.5993293289237964,0.78,0.999777615070343,0.9876824617385864
13,0,0.596020186204608,0.78,0.999808132648468,0.98711097240448
13,0,0.5949472031007705,0.78,0.9997891783714294,0.982465922832489
13,0,0.5931619400823076,0.8,0.9997891783714294,0.9799988865852356
13,0,0.5816112470940767,0.8,0.9997740387916565,0.9755287766456604
13,0,0.5737763005898104,0.8,0.9997740387916565,0.9739804863929749
13,0,0.5706282545849398,0.8,0.9997740387916565,0.9729359149932861
13,0,0.5731288061284459,0.8,0.9997740387916565,0.9724591374397278
13,0,0.5708686088983336,0.8,0.9997380375862122,0.9716576933860779
13,0,0.5742536097595402,0.8,0.9997380375862122,0.9711472392082214
13,0,0.5782660983224795,0.8,0.9997380375862122,0.9706922769546509
13,0,0.5818203188503644,0.8,0.9997380375862122,0.9702156782150269
13,0,0.5860843761619394,0.8,0.9997380375862122,0.9695055484771729
13,0,0.5901348316825523,0.8,0.9997380375862122,0.9682528972625732
13,0,0.5875478402207213,0.8,0.9997380375862122,0.9659101963043213
13,0,0.5954194448731076,0.8,0.9997527003288269,0.9642174243927002
13,0,0.574905452311668,0.8,0.9998980760574341,0.9628579616546631
13,0,0.5463911080308907,0.8,0.9998980760574341,0.9599706530570984
13,0,0.5724401933802029,0.8,0.9998733997344971,0.9617779850959778
13,0,0.5605940449195534,0.8,0.9998733997344971,0.9558848738670349
13,0,0.5641214757530931,0.8,0.9998633861541748,0.9500866532325745
13,0,0.5768569105041093,0.8,0.9998395442962646,0.9556967616081238
13,0,0.5720318233255034,0.78,0.999863862991333,0.9626035690307617
13,0,0.5868076179134466,0.72,0.9999021291732788,0.9670496582984924
13,0,0.5695332746215044,0.72,0.9999021291732788,0.9572176933288574
13,0,0.5432971644771138,0.74,0.9998846054077148,0.9352356195449829
13,0,0.539514554215858,0.74,0.9998846054077148,0.9309995770454407
13,0,0.5521047156558717,0.74,0.9998923540115356,0.9416740536689758
13,0,0.5356126171688093,0.74,0.9998388290405273,0.9309624433517456
13,0,0.5196930032620443,0.74,0.9998102784156799,0.923607587814331
13,0,0.5145077367854719,0.74,0.9998102784156799,0.9231663942337036
13,0,0.5147400975518346,0.74,0.9998102784156799,0.9300777316093445
13,0,0.5244195156974695,0.74,0.9998102784156799,0.9399018287658691
13,0,0.53127901664791,0.74,0.9998273253440857,0.9520688652992249
13,0,0.5356059635458691,0.74,0.9998273253440857,0.9542604684829712
13,0,0.5437719016976233,0.74,0.9998273253440857,0.9603115320205688
13,0,0.5593007295471911,0.74,0.9998273253440857,0.9711779356002808
13,0,0.5721707339673813,0.74,0.9998273253440857,0.9815152287483215
13,0,0.5819988610558233,0.74,0.999848484992981,0.9852350354194641
13,0,0.5903980107570023,0.74,0.999632716178894,0.9872409105300903
13,0,0.5917175741856561,0.74,0.999632716178894,0.9880303144454956
13,0,0.5891950832109032,0.74,0.999632716178894,0.9879583716392517
13,0,0.594314196070043,0.74,0.999632716178894,0.9869823455810547
13,0,0.6016108615447641,0.74,0.9997003078460693,0.9838603138923645
13,0,0.6013697371223983,0.76,0.9997454285621643,0.9797876477241516
13,0,0.5985119287512535,0.76,0.9997598528862,0.9775195717811584
13,0,0.6010575872268508,0.76,0.9997598528862,0.9771764874458313
13,0,0.6051094325603382,0.74,0.9997928738594055,0.9766644239425659
13,0,0.6093649703311477,0.74,0.9997803568840027,0.9740360975265503
13,0,0.6061663171802915,0.76,0.9997803568840027,0.9690806865692139
13,0,0.5878403950468032,0.76,0.9997803568840027,0.9636896848678589
13,0,0.589965847512461,0.74,0.9997803568840027,0.9613518714904785
13,0,0.59927008199015,0.74,0.9997803568840027,0.9602923393249512
13,0,0.5871441582096629,0.74,0.9997803568840027,0.9568566083908081
13,0,0.5774148644325939,0.74,0.9997803568840027,0.9525866508483887
13,0,0.5768549489273446,0.74,0.9997803568840027,0.9487621188163757
13,0,0.5749540816947241,0.7,0.9997803568840027,0.9458209276199341
13,0,0.5736077211361233,0.7,0.9997803568840027,0.9437945485115051
13,0,0.5696542454878815,0.7,0.9997803568840027,0.94145667552948
13,0,0.5648274150746849,0.72,0.9997803568840027,0.9388614296913147
13,0,0.5638601931865471,0.72,0.9997928738594055,0.9363880157470703
13,0,0.5644581330978236,0.72,0.9997928738594055,0.9329515099525452
13,0,0.562740860868109,0.72,0.9997928738594055,0.9269424676895142
13,0,0.5587791821163743,0.72,0.9997579455375671,0.9176393151283264
13,0,0.5531061195723525,0.72,0.9998569488525391,0.9076172709465027
13,0,0.5461020229101919,0.72,0.9998569488525391,0.8967821002006531
13,0,0.5372682928028196,0.72,0.9998569488525391,0.8864830732345581
13,0,0.5270380080359284,0.76,0.9998569488525391,0.8752641677856445
13,0,0.5169303365712568,0.76,0.9998569488525391,0.8637373447418213
13,0,0.5072468870441585,0.78,0.9998569488525391,0.8530341386795044
13,0,0.5008234686621167,0.78,0.9998569488525391,0.8437252640724182
13,0,0.49746530214382223,0.78,0.9998569488525391,0.8352189064025879
13,0,0.49326789586968756,0.76,0.9998569488525391,0.8256978988647461
13,0,0.48456101788459793,0.76,0.9998369216918945,0.8132826685905457
13,0,0.4639464088821745,0.74,0.9998369216918945,0.7943588495254517
13,0,0.44167271266684677,0.76,0.9998369216918945,0.7769956588745117
13,0,0.4340783119360939,0.76,0.9998369216918945,0.7753524780273438
13,0,0.4390184727118487,0.76,0.999860405921936,0.7929819226264954
13,0,0.4509488454832846,0.76,0.9998382329940796,0.822025716304779
13,0,0.46904044198515243,0.76,0.9998095631599426,0.85577392578125
13,0,0.49705244879845917,0.76,0.9997981190681458,0.8915712237358093
13,0,0.5396605466515488,0.74,0.9998229146003723,0.9252287149429321
13,0,0.5667780351109023,0.74,0.9998229146003723,0.9473724365234375
13,0,0.5669898742220736,0.74,0.9997370839118958,0.9615667462348938
13,0,0.5859636763091651,0.74,0.9997370839118958,0.9717138409614563
13,0,0.6167684809993597,0.74,0.9997767806053162,0.977962076663971
13,0,0.6480990446985466,0.76,0.9997767806053162,0.9820540547370911
13,0,0.6748945046741663,0.76,0.9998074173927307,0.9839763045310974
13,0,0.7062779411944888,0.74,0.9998074173927307,0.985592782497406
13,0,0.7289843355787151,0.74,0.9998074173927307,0.9868444204330444
13,0,0.7388984913445447,0.76,0.9998074173927307,0.9873985648155212
13,0,0.7454756362899593,0.76,0.9998074173927307,0.9876644611358643
13,0,0.751339442753889,0.76,0.9997803568840027,0.9876261949539185
13,0,0.7523809370830761,0.76,0.9997434020042419,0.9870522022247314
13,0,0.7470316039102382,0.74,0.9997434020042419,0.9851173758506775
13,0,0.7465983910109557,0.74,0.9997434020042419,0.9840612411499023
13,0,0.7467131038284925,0.74,0.9997434020042419,0.9834269285202026
13,0,0.7467009003081251,0.74,0.9996857643127441,0.9830713272094727
13,0,0.75048469487786,0.74,0.9996857643127441,0.9835575819015503
13,0,0.7512620181812576,0.7,0.9997507929801941,0.9834446907043457
13,0,0.7491555902482948,0.7,0.9997507929801941,0.9826116561889648
13,0,0.7433049850782851,0.7,0.9997557997703552,0.9816516637802124
13,0,0.73725307079017,0.7,0.9998738765716553,0.9804632663726807
13,0,0.7309115824189237,0.68,0.9998738765716553,0.9790481925010681
13,0,0.7220814189689032,0.68,0.9998526573181152,0.9774392247200012
13,0,0.7037082736880883,0.66,0.9998890161514282,0.9748978614807129
13,0,0.6953698070104761,0.66,0.9998890161514282,0.9730526208877563
13,0,0.6863760490569586,0.66,0.9998890161514282,0.9711403846740723
13,0,0.6796771990340632,0.66,0.9998890161514282,0.9696657061576843
13,0,0.6788834175404884,0.64,0.9998890161514282,0.9690545797348022
13,0,0.6914159073657139,0.62,0.9998890161514282,0.971067488193512
13,0,0.684505580916594,0.62,0.9999425411224365,0.9754683375358582
13,0,0.7090425245454545,0.66,0.9999425411224365,0.9822773933410645
13,0,0.7321552939825647,0.66,0.9999731779098511,0.9869834184646606
13,0,0.739371219264659,0.68,0.9999754428863525,0.9895296096801758
13,0,0.7200161755210633,0.68,0.9999809265136719,0.9904801249504089
13,0,0.7126971320202035,0.68,0.9999809265136719,0.9912685751914978
13,0,0.7037293485395799,0.7,0.9999732971191406,0.992262601852417
13,0,0.7088168639051169,0.74,0.9999552965164185,0.9936909079551697
13,0,0.7144147146314429,0.76,0.9999818801879883,0.9953623414039612
13,0,0.7511454534002052,0.8,0.9999927282333374,0.9966756105422974
13,0,0.7733678569235442,0.84,0.9999932050704956,0.9974566102027893
13,0,0.784452620540216,0.84,0.9999932050704956,0.9978888630867004
13,0,0.779585782836637,0.82,0.9999939203262329,0.9981533885002136
13,0,0.7805827079221052,0.82,0.9999939203262329,0.9984140396118164
13,0,0.7782548029349401,0.82,0.9999895095825195,0.9986170530319214
13,0,0.7709963337468217,0.82,0.9999895095825195,0.9987685680389404
13,0,0.7664344542944701,0.82,0.9999929666519165,0.9989107251167297
13,0,0.7684860046207752,0.82,0.9999929666519165,0.9990330934524536
13,0,0.7749777189913652,0.8,0.9999929666519165,0.9991294145584106
13,0,0.7777660716664899,0.8,0.9999922513961792,0.9992061257362366
13,0,0.7836882720458183,0.82,0.9999922513961792,0.999281108379364
13,0,0.8055667975930878,0.82,0.9999895095825195,0.9994170665740967
13,0,0.8206260156481893,0.84,0.9999895095825195,0.9995310306549072
13,0,0.8142846169106754,0.84,0.9999895095825195,0.9995697140693665
13,0,0.8176194497122223,0.84,0.9999938011169434,0.9996111989021301
13,0,0.8281173847610801,0.84,0.9999938011169434,0.999670684337616
13,0,0.8291381524590499,0.84,0.9999938011169434,0.9997011423110962
13,0,0.8356492679942231,0.84,0.9999943971633911,0.9997475147247314
13,0,0.8412973034635992,0.84,0.9999943971633911,0.9997850060462952
13,0,0.8465176214952917,0.82,0.9999945163726807,0.999818742275238
13,0,0.8315736734787542,0.82,0.9999949932098389,0.999834418296814
13,0,0.8516999087016499,0.8,0.9999977350234985,0.9998785257339478
13,0,0.7929427108176988,0.78,0.9999973773956299,0.9999690651893616
13,0,0.7218250176466069,0.78,0.9999966621398926,0.9999905228614807
13,0,0.7283194650301252,0.78,0.9999964237213135,0.9999904036521912
13,0,0.7336330209921413,0.78,0.9999933242797852,0.9999904632568359
13,0,0.7296872747916568,0.76,0.9999933242797852,0.999990701675415
13,0,0.7426147869730391,0.78,0.9999933242797852,0.9999921917915344
13,0,0.7590195039088695,0.82,0.9999940395355225,0.9999940395355225
13,0,0.7844117534524682,0.78,0.9999964237213135,0.9999958276748657
13,0,0.7659202950480674,0.8,0.9999953508377075,0.9999958276748657
13,0,0.7436152111578802,0.78,0.9999953508377075,0.9999949932098389
13,0,0.7441444262142527,0.78,0.9999946355819702,0.9999949336051941
13,0,0.7505727093653541,0.8,0.9999946355819702,0.9999949336051941
13,0,0.7583751647244893,0.8,0.9999946355819702,0.9999950528144836
13,0,0.7780230357351462,0.8,0.9999946355819702,0.999995231628418
13,0,0.777307928639926,0.8,0.9999946355819702,0.999995231628418
13,0,0.7477843997353325,0.8,0.9999721050262451,0.9999947547912598
13,0,0.7798758008722491,0.8,0.9999693632125854,0.9999958872795105
13,0,0.8297544379404338,0.78,0.9999619722366333,0.9999969005584717
13,0,0.8379289515585432,0.78,0.9999619722366333,0.9999971389770508
13,0,0.8564504037592999,0.78,0.9999840259552002,0.999997615814209
13,0,0.8776210563698339,0.78,0.9999841451644897,0.9999980926513672
13,0,0.8785859548195236,0.78,0.9999841451644897,0.9999982118606567
13,0,0.8773445909514023,0.76,0.9999723434448242,0.9999982714653015
13,0,0.8886368290816438,0.78,0.9999747276306152,0.9999986290931702
13,0,0.8936643937772332,0.78,0.9999783039093018,0.9999988675117493
13,0,0.8864215205364282,0.78,0.9999783039093018,0.9999988675117493
13,0,0.8708595828976472,0.8,0.9999762773513794,0.999998927116394
13,0,0.8627071643024459,0.78,0.9999884366989136,0.9999990463256836
13,0,0.8555363587231757,0.78,0.9999881982803345,0.9999991655349731
13,0,0.8466668833674063,0.8,0.9999881982803345,0.9999992847442627
13,0,0.8549686918945639,0.8,0.9999881982803345,0.999999463558197
13,0,0.8684054196222875,0.8,0.9999938011169434,0.9999995827674866
13,0,0.879463842436297,0.78,0.9999891519546509,0.9999997019767761
13,0,0.8894963483309664,0.78,0.9999891519546509,0.9999997615814209
13,0,0.8983712321700327,0.76,0.9999891519546509,0.9999998211860657
13,0,0.9034094023770475,0.76,0.9999891519546509,0.9999998211860657
13,0,0.9015628530040746,0.8,0.9999891519546509,0.9999998807907104
13,0,0.9049631641522732,0.8,0.9999891519546509,0.9999998807907104
13,0,0.9131268803667759,0.8,0.9999874830245972,0.9999998807907104
13,0,0.9154973387589327,0.82,0.9999874830245972,0.9999999403953552
13,0,0.9192531816936658,0.82,0.9999874830245972,0.9999999403953552
13,0,0.922631283565538,0.82,0.9999874830245972,0.9999999403953552
13,0,0.9270273939972822,0.82,0.9999874830245972,0.9999999403953552
13,0,0.9293239848385797,0.82,0.9999874830245972,0.9999999403953552
13,0,0.9316748838910833,0.82,0.9999878406524658,0.9999999403953552
13,0,0.9344135871888277,0.82,0.999993085861206,0.9999999403953552
13,0,0.9340421858829073,0.84,0.999993085861206,0.9999999403953552
13,0,0.9334638873914681,0.84,0.999993085861206,0.9999999403953552
13,0,0.9303368577001819,0.84,0.9999878406524658,0.9999999403953552
13,0,0.9291561911195616,0.86,0.9999878406524658,0.9999999403953552
13,0,0.9278188685371619,0.86,0.9999878406524658,0.9999998807907104
13,0,0.9260356090128236,0.86,0.9999878406524658,0.9999998807907104
13,0,0.921683482089919,0.86,0.9999878406524658,0.9999998807907104
13,0,0.9159738279984245,0.86,0.9999878406524658,0.9999998211860657
13,0,0.9111485909388033,0.86,0.9999878406524658,0.9999997615814209
13,0,0.9069017938868322,0.86,0.9999896287918091,0.9999997019767761
13,0,0.9015328744586634,0.86,0.9999896287918091,0.9999995827674866
13,0,0.8972854503851001,0.86,0.9999940395355225,0.999999463558197
13,0,0.8892984546436089,0.86,0.9999934434890747,0.9999992847442627
13,0,0.8788570860407752,0.86,0.9999890327453613,0.999998927116394
13,0,0.8707337705675098,0.86,0.9999899864196777,0.9999983906745911
13,0,0.8635326402841976,0.86,0.9999899864196777,0.9999977350234985
13,0,0.8550279839499398,0.86,0.9999886751174927,0.9999964833259583
13,0,0.8473895483003715,0.86,0.9999899864196777,0.9999943971633911
13,0,0.8404044973447001,0.86,0.9999891519546509,0.9999915361404419
13,0,0.8312515474636846,0.86,0.9999891519546509,0.9999873638153076
13,0,0.8217585287346251,0.86,0.9999891519546509,0.9999815225601196
13,0,0.8135096211260824,0.86,0.9999889135360718,0.9999739527702332
13,0,0.8063079677806911,0.88,0.9999889135360718,0.9999648928642273
13,0,0.8009308533480081,0.9,0.9999889135360718,0.9999544024467468
13,0,0.7961471099115854,0.9,0.9999889135360718,0.999941885471344
13,0,0.7919380709285921,0.9,0.9999891519546509,0.9999299645423889
13,0,0.7894579304538841,0.9,0.9999891519546509,0.9999194741249084
13,0,0.7898907744795552,0.9,0.9999891519546509,0.9999123811721802
13,0,0.7897422570777781,0.9,0.9999940395355225,0.9999075531959534
13,0,0.7896629362125707,0.9,0.9999932050704956,0.999905526638031
13,0,0.7867172169265988,0.88,0.9999938011169434,0.9999009370803833
13,0,0.7842985845229464,0.86,0.9999938011169434,0.9998990893363953
13,0,0.7842853855619151,0.86,0.9999938011169434,0.9999045729637146
13,0,0.7827057437724342,0.86,0.9999938011169434,0.9999132752418518
13,0,0.7853447925402169,0.86,0.9999938011169434,0.9999237656593323
13,0,0.7969480688672633,0.86,0.9999943971633911,0.9999361634254456
13,0,0.8049219014588854,0.86,0.9999943971633911,0.9999447464942932
13,0,0.8139392873766308,0.86,0.9999935626983643,0.9999533295631409
13,0,0.830118039760172,0.86,0.9999934434890747,0.9999623894691467
13,0,0.8266263462413792,0.84,0.9999934434890747,0.9999653697013855
13,0,0.8314506392522273,0.82,0.9999934434890747,0.9999719858169556
13,0,0.8319227102027705,0.8,0.9999934434890747,0.9999773502349854
13,0,0.8439749391017418,0.8,0.9999926090240479,0.9999826550483704
13,0,0.8496906563432103,0.82,0.9999926090240479,0.9999862909317017
13,0,0.8530991455864805,0.8,0.9999926090240479,0.999988317489624
13,0,0.8564326407069772,0.8,0.9999926090240479,0.9999895691871643
13,0,0.8614716143475746,0.8,0.9999805688858032,0.9999908208847046
13,0,0.8626284499102517,0.8,0.9999595880508423,0.9999906420707703
13,0,0.8623781468594435,0.8,0.9999113082885742,0.9999901056289673
13,0,0.8618078952277511,0.78,0.9997887015342712,0.9999892115592957
13,0,0.8620338448395508,0.78,0.9997887015342712,0.9999879598617554
13,0,0.8617775518784441,0.78,0.9996660947799683,0.9999862909317017
13,0,0.8608950283540379,0.78,0.9993076324462891,0.9999840259552002
13,0,0.8556239162641247,0.78,0.9993076324462891,0.9999792575836182
13,0,0.8536937607524737,0.78,0.9993076324462891,0.9999751448631287
13,0,0.8531568144158759,0.78,0.9994088411331177,0.9999704360961914
13,0,0.8554944930094894,0.78,0.9994088411331177,0.999965488910675
13,0,0.8609251597048053,0.78,0.9994088411331177,0.9999599456787109
13,0,0.8587156659881251,0.76,0.9994679093360901,0.9999486804008484
13,0,0.8491583047133898,0.74,0.9994086027145386,0.9999279379844666
13,0,0.8339553842472265,0.74,0.9993430972099304,0.9998927712440491
13,0,0.8173820705732868,0.76,0.9993430972099304,0.9998527765274048
13,0,0.7731526355610226,0.74,0.9991957545280457,0.999771773815155
13,0,0.7161379415073175,0.74,0.9991957545280457,0.9996342062950134
13,0,0.6735841846479125,0.76,0.9985332489013672,0.9994685053825378
13,0,0.6854061376314284,0.76,0.9986799359321594,0.9993777871131897
13,0,0.7221953646111432,0.76,0.9983611702919006,0.9993686676025391
13,0,0.7228445970517354,0.76,0.9979467988014221,0.999294102191925
13,0,0.723653125795508,0.76,0.9990091323852539,0.9992150068283081
13,0,0.7380472481806647,0.76,0.9992652535438538,0.9992387294769287
13,0,0.7579955358904751,0.76,0.9993314743041992,0.9992281794548035
13,0,0.7765045641865972,0.78,0.9993314743041992,0.9991899728775024
13,0,0.7755197710790934,0.76,0.9994833469390869,0.9990519881248474
13,0,0.7554466615083839,0.76,0.9995394945144653,0.9988146424293518
13,0,0.7703266090181812,0.76,0.9996973276138306,0.9988418221473694
13,0,0.7944749235215374,0.76,0.9996973276138306,0.9989525675773621
13,0,0.8015658152808338,0.76,0.9996973276138306,0.9990730285644531
13,0,0.813959945321541,0.76,0.9997225403785706,0.999245285987854
13,0,0.8256017349281177,0.76,0.9997225403785706,0.9994011521339417
13,0,0.8336480291638584,0.74,0.9998874664306641,0.9995195865631104
13,0,0.834315524408049,0.74,0.999747097492218,0.9995906949043274
13,0,0.8306178789103938,0.74,0.9995625615119934,0.9996412396430969
13,0,0.8291531388213279,0.74,0.9995631575584412,0.9996961355209351
13,0,0.8297166700495896,0.74,0.9995631575584412,0.9997577667236328
13,0,0.8276332549759046,0.74,0.9985219836235046,0.9997912645339966
13,0,0.8309057704509889,0.74,0.9988400340080261,0.9998364448547363
13,0,0.8373272450476774,0.72,0.9988406300544739,0.9998750686645508
13,0,0.8346975311843039,0.72,0.9988406300544739,0.9998887181282043
13,0,0.7969782513544045,0.72,0.9987241625785828,0.9998629093170166
13,0,0.7642846735216515,0.74,0.9984862208366394,0.9998089671134949
13,0,0.7507552667012053,0.74,0.9988813996315002,0.9997751116752625
13,0,0.7744689769451139,0.72,0.9986900687217712,0.9997958540916443
13,0,0.8142268681757828,0.64,0.9974009990692139,0.9998351335525513
13,0,0.8293990241238067,0.58,0.9974009990692139,0.9998493790626526
13,0,0.8243943969768326,0.58,0.9974009990692139,0.9998506307601929
13,0,0.7909794742899888,0.62,0.9953674077987671,0.9998301267623901
13,0,0.7927083683095868,0.62,0.993617057800293,0.999844491481781
13,0,0.8232538037101776,0.6,0.993617057800293,0.9998806715011597
13,0,0.8375574761977121,0.58,0.9940990209579468,0.9999002814292908
13,0,0.8430113414076689,0.58,0.9940990209579468,0.9999004006385803
13,0,0.8453814893817795,0.6,0.9935649037361145,0.9998951554298401
13,0,0.8451066763778715,0.6,0.9935649037361145,0.9998849630355835
13,0,0.8452659205684306,0.56,0.9935649037361145,0.9998732209205627
13,0,0.8502194583710059,0.56,0.9935649037361145,0.9998675584793091
13,0,0.8522445377021615,0.58,0.9935649037361145,0.9998589158058167
13,0,0.862997279289307,0.6,0.9935649037361145,0.9998740553855896
13,0,0.872795058282355,0.6,0.9935649037361145,0.9998871088027954
13,0,0.863485807271106,0.64,0.9935649037361145,0.999870240688324
13,0,0.850950533739527,0.66,0.9935649037361145,0.9998353719711304
13,0,0.8569696629261409,0.68,0.997328519821167,0.9998346567153931
13,0,0.8586021060334424,0.68,0.997328519821167,0.9998294115066528
13,0,0.8548467224721951,0.7,0.997328519821167,0.9998157620429993
13,0,0.8544363673245247,0.68,0.9980279803276062,0.9998112916946411
13,0,0.8560603647084927,0.68,0.9980279803276062,0.9998141527175903
13,0,0.859395160635615,0.68,0.9987865090370178,0.9998233914375305
13,0,0.8617218360118171,0.68,0.9987865090370178,0.9998325109481812
13,0,0.8626405078475541,0.68,0.9987865090370178,0.999840259552002
13,0,0.8637109364864461,0.68,0.9987865090370178,0.9998496174812317
13,0,0.8640215015820255,0.68,0.9987865090370178,0.999858021736145
13,0,0.8635749016768713,0.68,0.9977670907974243,0.9998632073402405
13,0,0.8606619643644675,0.66,0.9979530572891235,0.9998586773872375
13,0,0.857409160789752,0.62,0.9979530572891235,0.9998527765274048
13,0,0.8443036698145969,0.62,0.997785210609436,0.9998270869255066
13,0,0.8246553875218888,0.6,0.9912229776382446,0.9997684955596924
13,0,0.7940671893641331,0.6,0.9904699325561523,0.9996870756149292
13,0,0.7799934470856257,0.58,0.9884613752365112,0.9996525645256042
13,0,0.797229669931227,0.6,0.9957358837127686,0.9997196197509766
13,0,0.8207571772114126,0.58,0.9944698810577393,0.9997941851615906
13,0,0.8157386657061498,0.6,0.9944698810577393,0.9998149275779724
13,0,0.8130586085931156,0.6,0.9944698810577393,0.9998470544815063
13,0,0.8058853481011814,0.62,0.9956560134887695,0.9998565316200256
13,0,0.8035351733468752,0.64,0.9948264956474304,0.9998679757118225
13,0,0.8066865038977759,0.6,0.9932689070701599,0.9998845458030701
13,0,0.7939480890769096,0.6,0.9948264956474304,0.9998897910118103
13,0,0.749822178657222,0.64,0.9978336691856384,0.9998798370361328
13,0,0.7216664274409728,0.62,0.9979066848754883,0.9998829364776611
13,0,0.7070267160113473,0.62,0.9966277480125427,0.9998780488967896
13,0,0.729070687726643,0.64,0.9949060678482056,0.9998970627784729
13,0,0.730428712147605,0.6,0.9948437213897705,0.9999064207077026
13,0,0.745193325320172,0.66,0.9948437213897705,0.9999298453330994
13,0,0.7602886047255285,0.66,0.9948437213897705,0.9999451637268066
13,0,0.7697085794235614,0.66,0.9948437213897705,0.9999503493309021
13,0,0.7786045351656182,0.66,0.9948437213897705,0.9999544620513916
13,0,0.7865641596437533,0.66,0.9948437213897705,0.9999576807022095
13,0,0.7950408824451907,0.66,0.9948437213897705,0.9999604821205139
13,0,0.8045475630354777,0.66,0.9948437213897705,0.9999625086784363
13,0,0.8146480243880013,0.68,0.9948437213897705,0.9999637603759766
13,0,0.815254485474465,0.68,0.9943766593933105,0.9999610781669617
13,0,0.7925899695135887,0.68,0.9972084164619446,0.9999362230300903
13,0,0.7896104483760729,0.66,0.9972084164619446,0.9999128580093384
13,0,0.8004126370365933,0.64,0.9984242916107178,0.9999028444290161
13,0,0.7974413646590292,0.68,0.9984242916107178,0.999881386756897
13,0,0.8008699533627543,0.68,0.9984242916107178,0.9998866319656372
13,0,0.799984796346287,0.68,0.9978826642036438,0.9998865127563477
13,0,0.8030520246769848,0.68,0.9976736903190613,0.9998982548713684
13,0,0.8106833079826185,0.68,0.9986346364021301,0.9999175071716309
13,0,0.8145742337224768,0.68,0.9986346364021301,0.9999232292175293
13,0,0.8179450542122113,0.68,0.9983105659484863,0.9999244809150696
13,0,0.8223922600965892,0.68,0.9983105659484863,0.9999257922172546
13,0,0.8269040466634856,0.68,0.9985069632530212,0.9999260306358337
13,0,0.8284269593392618,0.68,0.9985069632530212,0.9999246001243591
13,0,0.8250969216083183,0.68,0.9983105659484863,0.9999197125434875
13,0,0.8174069151450957,0.72,0.9975367784500122,0.9999111890792847
13,0,0.8066019610825119,0.72,0.9975367784500122,0.9998973608016968
13,0,0.7966021637779954,0.74,0.9975367784500122,0.999882161617279
13,0,0.7908222291850675,0.74,0.9977580904960632,0.9998694062232971
13,0,0.786582020021655,0.72,0.9966172575950623,0.999856173992157
13,0,0.7815349755957812,0.72,0.9966172575950623,0.9998505711555481
13,0,0.7643805574565191,0.74,0.9962838292121887,0.9998243451118469
13,0,0.7426866555524366,0.7,0.9962838292121887,0.999805748462677
13,0,0.7188825905672666,0.7,0.9962838292121887,0.999788761138916
13,0,0.698935768941191,0.68,0.9943321943283081,0.9997650980949402
13,0,0.6968031867293866,0.68,0.9943321943283081,0.9997618198394775
13,0,0.6972618051916171,0.66,0.9943321943283081,0.9997693300247192
13,0,0.6959693646914124,0.66,0.9943321943283081,0.9997742176055908
13,0,0.708028638208084,0.66,0.9922605156898499,0.9998108148574829
13,0,0.7062374760654488,0.66,0.9922605156898499,0.9998201727867126
13,0,0.6955031843049639,0.68,0.9922605156898499,0.9998151659965515
13,0,0.6870103763290663,0.66,0.9922605156898499,0.999813973903656
13,0,0.6812421287550513,0.66,0.9929525256156921,0.9998655319213867
13,0,0.6779195192194354,0.66,0.9948399662971497,0.9998420476913452
13,0,0.6770992240084418,0.68,0.9948399662971497,0.9998562932014465
13,0,0.6782732389329263,0.66,0.9948399662971497,0.9998687505722046
13,0,0.676581390618952,0.66,0.99483722448349,0.9998739957809448
13,0,0.676093863747206,0.66,0.99483722448349,0.9998791217803955
13,0,0.6890773330731106,0.66,0.99483722448349,0.9999194741249084
13,0,0.7214616751000982,0.66,0.99483722448349,0.9999703168869019
13,0,0.742816277001535,0.68,0.9951818585395813,0.9999824166297913
13,0,0.7291325824436308,0.68,0.99483722448349,0.9999729990959167
13,0,0.7173183160094048,0.7,0.99483722448349,0.999955952167511
13,0,0.7137133987605536,0.7,0.9929525256156921,0.9999419450759888
13,0,0.6927993231004476,0.7,0.9929525256156921,0.9999138712882996
13,0,0.6860255643574369,0.68,0.9929525256156921,0.9999035000801086
13,0,0.7124953640616675,0.68,0.9912802577018738,0.9999098777770996
13,0,0.7308343777744469,0.68,0.9912802577018738,0.9999094009399414
13,0,0.7296462075348414,0.66,0.9912802577018738,0.999900221824646
13,0,0.7281534577112564,0.66,0.9912802577018738,0.9998875260353088
13,0,0.7307451715090223,0.66,0.9912802577018738,0.9998786449432373
13,0,0.7333348614056017,0.66,0.9912802577018738,0.999869704246521
13,0,0.7364700403000051,0.66,0.9912802577018738,0.9998700022697449
13,0,0.7343916888815284,0.64,0.9920591115951538,0.9998674392700195
13,0,0.7366385165133432,0.66,0.9920591115951538,0.9998543858528137
13,0,0.7515342225756074,0.66,0.9928909540176392,0.9998858571052551
13,0,0.7561262387145808,0.66,0.9920591115951538,0.9998747110366821
13,0,0.7610396037947591,0.66,0.9920591115951538,0.9998652935028076
13,0,0.7717355553562737,0.7,0.9920591115951538,0.9998998045921326
13,0,0.7840577984112307,0.7,0.992764413356781,0.9999421238899231
13,0,0.7944760440329691,0.7,0.9925878643989563,0.9999648928642273
13,0,0.7910848281374204,0.7,0.9925878643989563,0.9999639987945557
13,0,0.7928547242964327,0.7,0.9925878643989563,0.9999645948410034
13,0,0.795758436519426,0.7,0.9925878643989563,0.999965250492096
13,0,0.7899463330751424,0.7,0.9925878643989563,0.9999637007713318
13,0,0.7848646269390521,0.7,0.9925878643989563,0.9999649524688721
13,0,0.7837202028393991,0.72,0.9925878643989563,0.9999672770500183
13,0,0.7803196761473866,0.72,0.9925878643989563,0.9999679923057556
13,0,0.7768120103575868,0.7,0.9925878643989563,0.9999679923057556
13,0,0.777404885836536,0.7,0.9925878643989563,0.9999712109565735
13,0,0.7838590368249789,0.7,0.9925878643989563,0.9999786615371704
13,0,0.7872164636042549,0.64,0.9874247908592224,0.9999823570251465
13,0,0.7814161843531149,0.64,0.9874247908592224,0.9999812841415405
13,0,0.7846036525376953,0.64,0.9874247908592224,0.9999851584434509
13,0,0.7764417775529933,0.62,0.9897564053535461,0.9999848008155823
13,0,0.7700922588210327,0.62,0.9897564053535461,0.9999849796295166
13,0,0.7660641319969829,0.62,0.9897564053535461,0.9999858140945435
13,0,0.762351192261951,0.62,0.988462507724762,0.9999862909317017
13,0,0.7557718195575557,0.62,0.9897564053535461,0.9999862313270569
13,0,0.7474774861031783,0.62,0.9897564053535461,0.9999855756759644
13,0,0.742079196981571,0.62,0.9826003909111023,0.9999845623970032
13,0,0.7399299779709462,0.62,0.9826003909111023,0.9999833106994629
13,0,0.7400840263890299,0.62,0.9831238985061646,0.9999814629554749
13,0,0.7391851369271235,0.62,0.9831238985061646,0.9999793171882629
13,0,0.740877510332803,0.58,0.9810082912445068,0.9999770522117615
13,0,0.744546414037958,0.56,0.9810082912445068,0.9999744892120361
13,0,0.7659960852552705,0.58,0.9829878807067871,0.9999843239784241
13,0,0.7650730342417383,0.66,0.9780181050300598,0.9999825358390808
13,0,0.7458468437832465,0.64,0.9858476519584656,0.9999656677246094
13,0,0.7371431674850373,0.64,0.9783374667167664,0.9999465942382812
13,0,0.7332565317527198,0.62,0.984067976474762,0.9999358057975769
13,0,0.7272366123528482,0.6,0.984067976474762,0.9999179244041443
13,0,0.7274226727544538,0.54,0.9783374667167664,0.9998975396156311
13,0,0.7160766328091434,0.52,0.9665458798408508,0.9998661875724792
13,0,0.6990770858669761,0.52,0.9699693322181702,0.9998180866241455
13,0,0.6841099510699805,0.54,0.9534481167793274,0.9997519254684448
13,0,0.6710928727351047,0.54,0.9795562028884888,0.9996762871742249
13,0,0.6613380632541516,0.54,0.9824519753456116,0.9995937347412109
13,0,0.6460964814084001,0.54,0.9824519753456116,0.9994834661483765
13,0,0.6182215921072305,0.58,0.9824519753456116,0.9991955161094666
13,0,0.5925614512411366,0.58,0.9208143949508667,0.998698353767395
13,0,0.5776767300188376,0.54,0.9208143949508667,0.9981411099433899
13,0,0.5793832321039565,0.54,0.9208143949508667,0.9978682398796082
13,0,0.5876176361584667,0.52,0.8325154781341553,0.9979123473167419
13,0,0.5755836634603478,0.5,0.8486196994781494,0.9979168772697449
13,0,0.5596316717016432,0.46,0.8275163769721985,0.9977580308914185
13,0,0.5526777515248991,0.44,0.7133610248565674,0.9972850680351257
13,0,0.5529301454616199,0.44,0.7133610248565674,0.9972711205482483
13,0,0.5567015125480304,0.4,0.6900326013565063,0.997562825679779
13,0,0.5555386258456626,0.38,0.6608015298843384,0.9976970553398132
13,0,0.5624403334278462,0.38,0.6616674661636353,0.9981598258018494
13,0,0.5694049154032303,0.38,0.511900007724762,0.9984187483787537
13,0,0.5633515145306164,0.36,0.511900007724762,0.9982384443283081
13,0,0.5586790179056452,0.36,0.4801512360572815,0.9981556534767151
13,0,0.5661317562446716,0.4,0.6122241020202637,0.9983015656471252
13,0,0.5869929701745739,0.4,0.3818063735961914,0.9985432624816895
13,0,0.5968093308877642,0.38,0.3818063735961914,0.9986124634742737
13,0,0.5892097275452034,0.38,0.3818063735961914,0.9984927773475647
13,0,0.5795421223825349,0.4,0.3818063735961914,0.9982773661613464
13,0,0.5719710303423943,0.4,0.35994237661361694,0.9979848861694336
13,0,0.5652773267904666,0.4,0.35994237661361694,0.9976366758346558
13,0,0.5544448344099758,0.4,0.35994237661361694,0.9971346855163574
13,0,0.5189725428156859,0.38,0.5118754506111145,0.9946128726005554
13,0,0.48890548586327004,0.38,0.456635445356369,0.9916788935661316
13,0,0.46212691125990013,0.44,0.5267341732978821,0.988868236541748
13,0,0.43803490728133415,0.5,0.6224491000175476,0.9892300367355347
13,0,0.4333448335770033,0.5,0.676534116268158,0.9885855317115784
13,0,0.41966096334021213,0.5,0.7025212645530701,0.9867910146713257
13,0,0.36872894970283926,0.52,0.8619197607040405,0.9764002561569214
13,0,0.36989945803240337,0.52,0.9071065187454224,0.9647507667541504
13,0,0.39354958529443856,0.52,0.9071065187454224,0.9664807319641113
13,0,0.3969111062233355,0.54,0.9071065187454224,0.9587263464927673
13,0,0.3847262023332627,0.54,0.8694220185279846,0.9426294565200806
13,0,0.36689466291402717,0.56,0.8474181890487671,0.9175986051559448
13,0,0.3626974532217723,0.54,0.805182695388794,0.9042312502861023
13,0,0.37162648694268974,0.54,0.43880102038383484,0.9059360027313232
13,0,0.3479806792299565,0.5,0.5977843403816223,0.823523998260498
13,0,0.330678531894676,0.5,0.5670028328895569,0.74880051612854
13,0,0.3134038178884358,0.46,0.3873414695262909,0.6464457511901855
13,0,0.3016468089434551,0.46,0.3873414695262909,0.558445930480957
13,0,0.28488323890343464,0.46,0.24204294383525848,0.44807493686676025
13,0,0.26263831344522387,0.48,0.2630804479122162,0.3253185451030731
13,0,0.24667593594158901,0.5,0.2630804479122162,0.25865310430526733
13,0,0.23112693643675639,0.48,0.1777551919221878,0.19328592717647552
13,0,0.21674678722225477,0.48,0.1380058377981186,0.1379474550485611
13,0,0.20283276180207227,0.46,0.1284116953611374,0.09536982327699661
13,0,0.1885695027746241,0.46,0.1284116953611374,0.06154409050941467
13,0,0.17942570239643138,0.44,0.1702117919921875,0.043757256120443344
13,0,0.16254194167072783,0.44,0.08094243705272675,0.026736769825220108
13,0,0.1380385195067621,0.42,0.034666500985622406,0.013238415122032166
13,0,0.11999607564482377,0.36,0.015246245078742504,0.008882991969585419
13,0,0.11021946276948272,0.34,0.012035485357046127,0.006621784530580044
13,0,0.10841563935124192,0.34,0.0037783808074891567,0.007404040545225143
13,0,0.10193822079751284,0.34,0.0037783808074891567,0.005916303023695946
13,0,0.09887405287150199,0.34,0.0010290737263858318,0.005437242798507214
13,0,0.09781558938980348,0.34,0.0009752403129823506,0.00522194616496563
13,0,0.0966519937033839,0.34,0.0009752403129823506,0.005036111455410719
13,0,0.0948076439361347,0.32,0.0009752403129823506,0.004863536451011896
13,0,0.08673867304236242,0.3,0.0023424425162374973,0.0026920894160866737
13,0,0.08115230000929537,0.28,0.0028566033579409122,0.0020107487216591835
13,0,0.08190520277616316,0.22,0.0009294712799601257,0.002150309504941106
13,0,0.08485946420301003,0.2,0.0003866516053676605,0.0033176892902702093
13,0,0.08284399438503232,0.2,0.0003866516053676605,0.0029480948578566313
13,0,0.08090019567678707,0.2,0.0003866516053676605,0.0026547040324658155
13,0,0.0792554415254742,0.2,0.0003866516053676605,0.0023548698518425226
13,0,0.08144719173835319,0.2,0.00017794778977986425,0.0028761199209839106
13,0,0.07835909079372849,0.2,0.0001356154098175466,0.0026189503259956837
13,0,0.07755875119058474,0.2,0.0001356154098175466,0.002656860277056694
13,0,0.07728954601197906,0.2,0.00022788636852055788,0.0021695741452276707
13,0,0.07424041761023915,0.2,0.0006021271110512316,0.0016828494844958186
13,0,0.06935596352225808,0.2,0.0008155330433510244,0.001416922197677195
13,0,0.06670989880952835,0.2,0.0009595479932613671,0.0013423567870631814
13,0,0.06242360893108336,0.22,0.000936006719712168,0.0012438406702131033
13,0,0.05318783819520144,0.18,0.000936006719712168,0.0009388935868628323
13,0,0.051218050130420634,0.18,0.00017760368064045906,0.0007426625234074891
13,0,0.04960014180897883,0.2,0.00023876129125710577,0.000561484310310334
13,0,0.04979126904436838,0.18,7.955836917972192e-05,0.00040317990351468325
13,0,0.053846910525025965,0.14,8.6747451859992e-05,0.0002970720233861357
13,0,0.06304427212915584,0.16,0.00013040084741078317,0.0002505746961105615
13,0,0.06690040602163762,0.16,0.0004452478897292167,0.00026707100914791226
13,0,0.07305062647083099,0.14,0.0002608998620416969,0.0003792379575315863
13,0,0.06673063173845704,0.12,0.0010703931329771876,0.0004877313622273505
13,0,0.06152287904195555,0.08,0.0009486072813160717,0.0004589715099427849
13,0,0.0578648771851675,0.08,0.0026433581952005625,0.0003099612076766789
13,0,0.06314291879049445,0.06,0.002758107613772154,0.00023293678532354534
13,0,0.06108612343952781,0.06,0.003244047984480858,0.0001932019367814064
13,0,0.060398256490048124,0.1,0.002033476484939456,0.000180428585736081
13,0,0.05934405487727336,0.08,0.002033476484939456,0.00017135243979282677
13,0,0.055470787009114564,0.1,0.0022505212109535933,0.00015106023056432605
13,0,0.05417430472464008,0.14,0.0018718810752034187,0.00015898694982752204
13,0,0.054794888067308395,0.14,0.0030335532501339912,0.0001730040239635855
13,0,0.05728689293271493,0.14,0.004811505787074566,0.00022892557899467647
13,0,0.055951623392627485,0.16,0.004496213048696518,0.00022588408319279552
13,0,0.0548093643083618,0.16,0.00766831636428833,0.00022303516743704677
13,0,0.05479779513323861,0.16,0.00766831636428833,0.00022371542581822723
13,0,0.05652169198714586,0.14,0.00766831636428833,0.00023851670266594738
13,0,0.05912028358661539,0.14,0.004818959627300501,0.00026234862161800265
13,0,0.061395379243786664,0.14,0.004355290438979864,0.00028571998700499535
13,0,0.06294154577510085,0.14,0.004069770686328411,0.00030892068753018975
13,0,0.06727693389808338,0.16,0.004193967208266258,0.0005008678999729455
13,0,0.06992223221017646,0.16,0.0030422634445130825,0.0006814064690843225
13,0,0.07297174743112382,0.14,0.0032559328246861696,0.0007389072561636567
13,0,0.07884084157946906,0.14,0.0033017301466315985,0.0007234687800519168
13,0,0.06980072870428479,0.14,0.004343757405877113,0.000469544786028564
13,0,0.04587377983679276,0.14,0.0023856426123529673,0.00018525702762417495
13,0,0.029666262988678714,0.16,0.0012918408028781414,0.00010595091589493677
13,0,0.04826619126280255,0.16,0.001341837807558477,2.2550222638528794e-05
13,0,0.1026601588665826,0.18,0.0012175830779597163,5.000413239031332e-06
13,0,0.12220029052275215,0.2,0.0007232356583699584,3.894162546203006e-06
13,0,0.13721688742808444,0.22,0.0013256927486509085,3.7851878005312756e-06
13,0,0.14788503702524422,0.24,0.0017915947828441858,5.27034762853873e-06
13,0,0.12670205789627642,0.18,0.0017915947828441858,7.323575118789449e-06
13,0,0.11836170234881079,0.18,0.0017915947828441858,6.750368356733816e-06
13,0,0.1441993257819716,0.16,0.0005548920016735792,9.43191844271496e-06
13,0,0.17447158928250578,0.18,0.0006156132440082729,1.2612886166607495e-05
13,0,0.16256704414334333,0.18,0.0005633122636936605,8.882621841621585e-06
13,0,0.16360429349303118,0.18,0.0005633122636936605,8.842745046422351e-06
13,0,0.1624839907747774,0.18,0.0005633122636936605,1.046659963321872e-05
13,0,0.15752727717426762,0.2,0.0005633122636936605,1.158650775323622e-05
13,0,0.16422274650911203,0.2,0.0003135028528049588,1.7862605091067962e-05
13,0,0.1712348971589227,0.2,0.0003067881043534726,2.572474659245927e-05
13,0,0.17281474762914883,0.2,0.0003067881043534726,2.484010110492818e-05
13,0,0.17364803733191939,0.2,0.00032545754220336676,2.3699634766671807e-05
13,0,0.16290853490164758,0.2,0.00021802658739034086,2.0604806195478886e-05
13,0,0.15209863676158836,0.2,0.00021802658739034086,2.183672768296674e-05
13,0,0.15092324132508647,0.2,0.0004762207099702209,2.6677254936657846e-05
13,0,0.15035305796445275,0.2,0.0003575000446289778,2.9538749004132114e-05
13,0,0.1434491150626655,0.2,0.00032377554452978075,2.7399479222367518e-05
13,0,0.1460165144293913,0.2,0.0003587203682400286,2.8997119443374686e-05
13,0,0.16742016324606723,0.22,0.00042385421693325043,3.96901486965362e-05
13,0,0.16891571864211294,0.22,0.00047784612979739904,3.807350731221959e-05
13,0,0.13299020838950606,0.22,0.00047784612979739904,2.5547040422679856e-05
13,0,0.14142504556894822,0.24,0.00047784612979739904,2.6909541702480055e-05
13,0,0.1897782741612011,0.22,0.0005596047849394381,5.10811478307005e-05
13,0,0.19937854704046035,0.26,0.0007150747114792466,6.299376400420442e-05
13,0,0.18236481826398016,0.26,0.0007150747114792466,5.689223326044157e-05
13,0,0.16034853821854714,0.28,0.0007977016502991319,4.759283910971135e-05
13,0,0.14426957446465008,0.28,0.0007539960206486285,4.47186321252957e-05
13,0,0.13979564682071155,0.28,0.0007539960206486285,5.197049904381856e-05
13,0,0.13946770586862509,0.28,0.0007539960206486285,6.257119821384549e-05
13,0,0.1371065891479495,0.28,0.0006688227877020836,6.744428537786007e-05
13,0,0.1339103721999556,0.26,0.0007402819464914501,7.0567024522461e-05
13,0,0.12999106475921687,0.26,0.0007402819464914501,7.105584518285468e-05
13,0,0.13127096071343614,0.24,0.0007224685978144407,9.326246072305366e-05
13,0,0.13815090719907128,0.24,0.0007224685978144407,0.0001369011588394642
13,0,0.1372096975638791,0.24,0.0018066448392346501,0.00013288964692037553
13,0,0.13418491063647103,0.24,0.0018066448392346501,0.0001280521391890943
13,0,0.12180241393977634,0.24,0.0018066448392346501,7.807857036823407e-05
13,0,0.11415604362929845,0.24,0.0014648993965238333,5.8184359659207985e-05
13,0,0.11151066918847254,0.24,0.0014648993965238333,5.640883682644926e-05
13,0,0.11015025571560487,0.24,0.0009286715066991746,5.5910670198500156e-05
13,0,0.10953212179049741,0.24,0.0009458258282393217,5.643471740768291e-05
13,0,0.10997254911454729,0.22,0.0009458258282393217,6.237899651750922e-05
13,0,0.11008461470164636,0.2,0.0009458258282393217,6.868600030429661e-05
13,0,0.11029224824560216,0.2,0.0009458258282393217,7.56906665628776e-05
13,0,0.11044645021669565,0.2,0.0008537368848919868,8.316642924910411e-05
13,0,0.1076778112699606,0.18,0.0007685341988690197,7.679592818021774e-05
13,0,0.10633025375958217,0.18,0.00022169225849211216,7.795655983500183e-05
13,0,0.10536615987848583,0.18,0.00010148244473384693,7.975443440955132e-05
13,0,0.10463233592478177,0.18,0.00010148244473384693,8.194559632102028e-05
13,0,0.10392173468995737,0.16,9.411833889316767e-05,8.37453844724223e-05
13,0,0.10337613377324169,0.16,7.859962352085859e-05,8.478412200929597e-05
13,0,0.1014964271470568,0.14,6.700286030536518e-05,8.350066491402686e-05
13,0,0.09878337981257208,0.14,6.700286030536518e-05,8.281679038191214e-05
13,0,0.09594486789395903,0.14,6.700286030536518e-05,8.250669634435326e-05
13,0,0.0923479995533113,0.14,6.700286030536518e-05,6.917359860381112e-05
13,0,0.09025664609559991,0.14,6.700286030536518e-05,5.878843876416795e-05
13,0,0.08473842774432636,0.14,6.479708827100694e-05,4.267513213562779e-05
13,0,0.07998138525850766,0.14,7.828955858713016e-05,4.01375800720416e-05
13,0,0.07706988559335767,0.14,7.828955858713016e-05,3.957740045734681e-05
13,0,0.07637836089787366,0.14,7.828955858713016e-05,4.0152510337065905e-05
13,0,0.0749775965000829,0.14,7.828955858713016e-05,3.850179200526327e-05
13,0,0.07316269973672698,0.12,7.828955858713016e-05,3.506984285195358e-05
13,0,0.07101291689833283,0.12,7.828955858713016e-05,3.07002010231372e-05
13,0,0.0689751537797022,0.12,7.828955858713016e-05,2.4847540771588683e-05
13,0,0.06693972142342548,0.12,8.095458906609565e-05,2.5368837668793276e-05
13,0,0.06739587555137451,0.12,9.55543146119453e-05,2.0693105398095213e-05
13,0,0.06767148672653127,0.12,0.0001135157945100218,3.6299334169598296e-05
13,0,0.06356066272442881,0.12,0.0001135157945100218,4.286630064598285e-05
13,0,0.06322794052211483,0.12,9.516539284959435e-05,5.653938205796294e-05
13,0,0.06472390957698927,0.14,0.00010533962631598115,7.59764589020051e-05
13,0,0.06637929198237524,0.14,9.43545819609426e-05,0.00010084902169182897
13,0,0.06966243094061915,0.14,9.43545819609426e-05,0.0001398436725139618
13,0,0.07390518706946404,0.14,7.809367525624111e-05,0.00019693719514179975
13,0,0.07253516139458054,0.14,7.809367525624111e-05,0.00018241012003272772
13,0,0.07117961756906598,0.14,7.809367525624111e-05,0.00016427176888100803
13,0,0.07065269925370532,0.16,7.809367525624111e-05,0.0001547394786030054
13,0,0.06940954347179937,0.16,7.05508136888966e-05,0.00013901459169574082
13,0,0.06672031868861139,0.16,7.23795747035183e-05,0.00010765925253508613
13,0,0.05993217649724933,0.16,7.23795747035183e-05,9.639822383178398e-05
13,0,0.04905014688133035,0.16,7.23795747035183e-05,6.382348510669544e-05
13,0,0.046496362299333203,0.16,7.23795747035183e-05,4.922706284560263e-05
13,0,0.04564327738852049,0.14,7.692286453675479e-05,3.9566650229971856e-05
13,0,0.048240896903713436,0.14,0.00016416353173553944,3.6660472687799484e-05
13,0,0.04523476866437982,0.14,0.00016416353173553944,3.4000779123743996e-05
13,0,0.04324638657337099,0.14,0.00014087260933592916,3.146501330775209e-05
13,0,0.04247832307830985,0.14,0.00014087260933592916,3.0764975235797465e-05
13,0,0.04439983669088039,0.14,4.772240572492592e-05,4.061022264068015e-05
13,0,0.04730690368986905,0.14,4.934696335112676e-05,5.7634442782728e-05
13,0,0.0499670522370061,0.16,5.8528719819150865e-05,7.583834667457268e-05
13,0,0.05224954921096111,0.16,6.401127757271752e-05,0.00010004416253650561
13,0,0.05417937832996912,0.14,5.8247704146197066e-05,0.00013160605158191174
13,0,0.05417164292235692,0.14,0.00013579631922766566,0.00015919840370770544
13,0,0.05070937612036856,0.14,0.0001442630309611559,0.00016567332204431295
13,0,0.04609688890307106,0.16,0.0001442630309611559,0.00013666442828252912
13,0,0.042369709047141255,0.14,0.00010094908793689683,0.00010956362530123442
13,0,0.036221519561259956,0.12,8.774146408541128e-05,8.259974129032344e-05
13,0,0.029996090838847987,0.12,8.096501551335678e-05,6.757889786968008e-05
13,0,0.026889784492643284,0.12,8.096501551335678e-05,6.876962288515642e-05
13,0,0.026171299359971652,0.12,8.897625230019912e-05,7.967522833496332e-05
13,0,0.027784105130320168,0.12,0.00013974383182357997,0.00010211749031441286
13,0,0.03270691592819946,0.12,0.00013974383182357997,0.00019394834816921502
13,0,0.034564437252679034,0.12,0.00012927174975629896,0.00018833430658560246
13,0,0.0366191884075858,0.12,0.00015064481704030186,0.00018170323164667934
13,0,0.03877212191671642,0.12,0.00015064481704030186,0.00017933927301783115
13,0,0.04062481024651497,0.12,0.00015064481704030186,0.00017773447325453162
13,0,0.03805223885790661,0.12,0.0001632522325962782,9.449856588616967e-05
13,0,0.037982597745924634,0.12,0.00014377126353792846,7.40381728974171e-05
13,0,0.03746294030978246,0.12,0.00013082704390399158,5.7056200603256e-05
13,0,0.03529416412952983,0.12,0.00013082704390399158,4.1552098991815e-05
13,0,0.03161565671158959,0.12,0.00013082704390399158,3.191779615008272e-05
13,0,0.026343597965801234,0.12,0.00012793911446351558,2.3251983293448575e-05
13,0,0.022780211719900363,0.12,0.00012793911446351558,2.0176592443021946e-05
13,0,0.021651589349534837,0.12,0.00014059765089768916,2.0270186723791994e-05
13,0,0.023381599298704828,0.12,0.00014059765089768916,2.3192322260001674e-05
13,0,0.028242228494653063,0.12,0.00012787472223863006,2.77285016636597e-05
13,0,0.03767865504873409,0.12,0.0001652615173952654,4.1384271753486246e-05
13,0,0.0495481171241291,0.12,0.00024346001737285405,6.478232535300776e-05
13,0,0.05912269525576745,0.12,0.0001883115037344396,8.988345507532358e-05
13,0,0.0641824889771311,0.08,0.00044449581764638424,0.000130038388306275
13,0,0.06551705515117068,0.08,0.0005143135203979909,0.00017612134979572147
13,0,0.06496978001496168,0.1,0.0010707684559747577,0.00020808396220672876
13,0,0.06308520658537466,0.1,0.0006603256915695965,0.00021182252385187894
13,0,0.06014385745312343,0.12,0.0006603256915695965,0.00019520845671650022
13,0,0.055266947380933594,0.12,0.0007501913351006806,0.00016222469275817275
13,0,0.048925508986913634,0.12,0.0007501913351006806,0.00012433843221515417
13,0,0.04296154511492038,0.12,0.0007501913351006806,9.292298636864871e-05
13,0,0.03965621553849437,0.12,0.0006603256915695965,8.894572238205001e-05
13,0,0.037855333257551575,0.12,0.0007256208918988705,0.00010431821283418685
13,0,0.03808161078106333,0.12,0.0007256208918988705,0.00014077564992476255
13,0,0.041568938545137574,0.14,0.0007256208918988705,0.0003413920057937503
13,0,0.04426621951433605,0.16,0.0006840126006864011,0.0006287448341026902
13,0,0.04337081432766863,0.16,0.0006225722027011216,0.0006992145208641887
13,0,0.04128273971827895,0.16,0.0006749880849383771,0.0006935872370377183
13,0,0.039996417988522145,0.16,0.0005790548166260123,0.0006582883070223033
13,0,0.039571062786227816,0.16,0.0005984993767924607,0.0006623941008001566
13,0,0.039061582714813484,0.16,0.0005984993767924607,0.0006945880013518035
13,0,0.0386825870614557,0.14,0.0005536684766411781,0.000733238528482616
13,0,0.0387306100472356,0.14,0.0005536684766411781,0.0007612152257934213
13,0,0.03889826984312611,0.14,0.0005536684766411781,0.0007728227647021413
13,0,0.03812949090676606,0.14,0.0005536684766411781,0.0007452719146385789
13,0,0.03736158008231282,0.14,0.0005536684766411781,0.0006930193630978465
13,0,0.03874764076874766,0.14,0.0005536684766411781,0.0006738070514984429
13,0,0.04081414961471822,0.14,0.0005536684766411781,0.000642866943962872
13,0,0.04320026280582455,0.14,0.0006391191855072975,0.0006596496095880866
13,0,0.04198667131041967,0.14,0.00023293898266274482,0.0005906425649300218
13,0,0.03479727331687121,0.1,0.00021484287572093308,0.00027233915170654655
13,0,0.03495395854085613,0.1,0.00021480373106896877,0.000159670744324103
13,0,0.042655096699695645,0.1,0.00022787680791225284,0.00017864617984741926
13,0,0.04090006652497033,0.1,0.00022787680791225284,0.0001437660539522767
13,0,0.03603509959429263,0.1,0.00028451686375774443,0.00010464750084793195
13,0,0.036506538457798346,0.1,0.00028451686375774443,9.038412099471316e-05
13,0,0.03768211348858357,0.1,0.00028451686375774443,8.089085895335302e-05
13,0,0.03916413605765888,0.1,0.0003152255667373538,8.902361150830984e-05
13,0,0.04178674653988252,0.1,0.0003152255667373538,0.00012840918498113751
13,0,0.04349121827973865,0.12,0.0003152255667373538,0.00014961668057367206
13,0,0.043139454324047165,0.12,0.0003152255667373538,0.0001292272499995306
13,0,0.042102598325268026,0.14,0.0003152255667373538,0.00010408093658043072
13,0,0.04120008423505354,0.14,0.0009501494932919741,8.431383321294561e-05
13,0,0.040440948834352716,0.14,0.001213987939991057,6.93883775966242e-05
13,0,0.03931471875125333,0.14,0.001213987939991057,5.788964335806668e-05
13,0,0.03722463875616634,0.14,0.001213987939991057,4.840815381612629e-05
13,0,0.034522800338940264,0.14,0.001213987939991057,4.1281396988779306e-05
13,0,0.032035353756743976,0.14,0.001213987939991057,3.58168690581806e-05
13,0,0.02897784541474064,0.14,0.001213987939991057,2.9700120649067685e-05
13,0,0.026163515483146507,0.14,0.001213987939991057,2.4344637495232746e-05
13,0,0.02474005081880717,0.12,0.001213987939991057,2.0692868929472752e-05
13,0,0.022450060705667824,0.14,0.001213987939991057,1.6479747500852682e-05
13,0,0.0199551805020835,0.14,0.001213987939991057,1.2838450857088901e-05
13,0,0.01796212061840708,0.14,0.001213987939991057,1.0513720553717576e-05
13,0,0.016085294038561605,0.14,0.001213987939991057,8.559110028727446e-06
13,0,0.01516120539343015,0.14,0.0008508051978424191,7.528054993599653e-06
13,0,0.01427008874569592,0.12,0.0008508051978424191,6.8082899815635756e-06
13,0,0.013865396161154626,0.12,0.0006270972080528736,6.957344794500386e-06
13,0,0.013972904589484733,0.12,0.0005432529142126441,7.876550625951495e-06
13,0,0.013732795276630481,0.12,0.0005432529142126441,8.845224328979384e-06
13,0,0.013526663098307272,0.1,0.0005432529142126441,1.0340026165067684e-05
13,0,0.012534964799417868,0.1,0.0004046465619467199,1.0811247193487361e-05
13,0,0.011608145356301412,0.1,0.0005774884484708309,1.0654870493453927e-05
13,0,0.011704453272683895,0.1,0.0006767674349248409,1.0976484190905467e-05
13,0,0.011876049096805794,0.1,0.0006767674349248409,1.0050116543425247e-05
13,0,0.011389644299310171,0.1,0.0005536135868169367,9.115467037190683e-06
13,0,0.010331094831561772,0.1,0.0005536135868169367,8.368059752683621e-06
13,0,0.009324298705343863,0.1,0.0004996926872991025,7.838393685233314e-06
13,0,0.009745472078726005,0.08,0.00045287259854376316,8.687430636200588e-06
13,0,0.011390037332240097,0.08,0.00039860865217633545,1.2306375538173597e-05
13,0,0.010867213999131261,0.08,0.0003627290716394782,1.2121548024879303e-05
13,0,0.009021876323847943,0.06,0.0003093438863288611,8.209762199840043e-06
13,0,0.009858697882698721,0.06,0.0002915987861342728,1.1734548934327904e-05
13,0,0.011249989012250904,0.08,9.246441186405718e-05,2.152553315681871e-05
13,0,0.010172093932195007,0.06,8.673223783262074e-05,2.0360643247840926e-05
13,0,0.010414800115810962,0.06,8.673223783262074e-05,2.4808827220113017e-05
13,0,0.011143899719333179,0.08,8.964598964666948e-05,3.055361594306305e-05
13,0,0.010373290002276162,0.06,8.964598964666948e-05,2.244524148409255e-05
13,0,0.009211962843995834,0.06,8.964598964666948e-05,1.3729100828641094e-05
13,0,0.009223436470598796,0.06,6.280589150264859e-05,1.3649153515871149e-05
13,0,0.009508843009296934,0.06,6.280589150264859e-05,1.3484490409609862e-05
13,0,0.00998440221548672,0.06,6.280589150264859e-05,1.3339116776478477e-05
13,0,0.01031797786014708,0.06,6.902046879986301e-05,1.2755124771501869e-05
13,0,0.010375769621154867,0.06,6.902046879986301e-05,1.201842496811878e-05
13,0,0.010258976568278825,0.06,6.384788866853341e-05,1.1335511771903839e-05
13,0,0.009818761396058081,0.06,5.809902722830884e-05,9.296323696617037e-06
13,0,0.010019538816552091,0.06,5.809902722830884e-05,9.330493412562646e-06
13,0,0.01000421665025914,0.06,5.809902722830884e-05,8.971963325166143e-06
13,0,0.009880498910959634,0.06,5.809902722830884e-05,8.421434358751867e-06
13,0,0.01036611622132441,0.06,8.292781421914697e-05,7.850797373976093e-06
13,0,0.011515207613504552,0.06,6.384788866853341e-05,7.329696018132381e-06
13,0,0.012924856138869734,0.04,6.384788866853341e-05,6.7815144575433806e-06
13,0,0.014283798393376233,0.04,6.384788866853341e-05,6.923826276761247e-06
13,0,0.014664177627514475,0.04,6.384788866853341e-05,6.780027433705982e-06
13,0,0.016067689107105307,0.04,7.486964022973552e-05,1.0513930646993686e-05
13,0,0.01808230106448929,0.06,8.74210090842098e-05,2.0954781575710513e-05
13,0,0.018219265791869013,0.06,8.74210090842098e-05,2.291325836267788e-05
13,0,0.018044662692037708,0.06,8.74210090842098e-05,2.2163156245369464e-05
13,0,0.018153430946259447,0.06,8.74210090842098e-05,2.2417239961214364e-05
13,0,0.018030089401503073,0.06,7.705626194365323e-05,2.2734406229574233e-05
13,0,0.017303494809827753,0.06,6.902046879986301e-05,2.3005435650702566e-05
13,0,0.016601852877863997,0.06,6.902046879986301e-05,2.4245080567197874e-05
13,0,0.01633134342040019,0.06,6.902046879986301e-05,2.7277206754661165e-05
13,0,0.016488278363667477,0.06,7.705626194365323e-05,3.0571161914849654e-05
13,0,0.015333286057599859,0.04,5.7278630265500396e-05,2.21110549318837e-05
13,0,0.013744168401244967,0.04,5.7278630265500396e-05,1.6347541532013565e-05
13,0,0.012748632636030122,0.06,5.2121231419732794e-05,1.761384010023903e-05
13,0,0.011643829028438746,0.06,5.946532473899424e-05,1.8464077584212646e-05
13,0,0.010946097372762129,0.06,5.946532473899424e-05,2.0943354684277438e-05
13,0,0.010464142238836106,0.06,5.946532473899424e-05,2.368537570873741e-05
13,0,0.010018689499695274,0.06,7.99979388830252e-05,2.3816861357772723e-05
13,0,0.00968841762391944,0.06,7.165539136622101e-05,2.3895761842140928e-05
13,0,0.009451333326615352,0.06,9.239848441211507e-05,2.3954944481374696e-05
13,0,0.009342434019993597,0.06,9.239848441211507e-05,2.654645504662767e-05
13,0,0.008815526612709733,0.06,0.00010919680062215775,2.7599888198892586e-05
13,0,0.008047070191693647,0.06,0.0002048208989435807,2.8730943085975014e-05
13,0,0.0070791662959516785,0.06,0.0002048208989435807,2.6990886908606626e-05
13,0,0.006228172450736443,0.06,0.0002048208989435807,2.5579071007086895e-05
13,0,0.005797957299825544,0.06,0.00017952831694856286,2.1863150323042646e-05
13,0,0.006312614274505082,0.06,0.00019729015184566379,1.999319101742003e-05
13,0,0.006688231968058286,0.06,0.00019729015184566379,1.7807602489483543e-05
13,0,0.007236437536567923,0.06,0.00018873608496505767,1.6602076357230544e-05
13,0,0.007524421242091674,0.06,0.00015638743934687227,1.7364862287649885e-05
13,0,0.007136167168933425,0.1,8.044423157116398e-05,1.5829184121685103e-05
13,0,0.006162596527265662,0.1,1.4708455637446605e-05,7.941794137877878e-06
13,0,0.0046135724475931394,0.1,3.3413230994483456e-05,4.587960575008765e-06
13,0,0.0033917613693872305,0.12,3.546951847965829e-05,3.119765324299806e-06
13,0,0.0024531602887755436,0.1,3.2730004022596404e-05,1.4337218772197957e-06
13,0,0.0020753910748594322,0.1,1.1848007488879375e-05,9.141043619820266e-07
13,0,0.0020212858233829216,0.1,1.4245968486648053e-05,9.528506552669569e-07
13,0,0.0021425765828030907,0.1,2.023841079790145e-05,1.0784007145048236e-06
13,0,0.0024758344488945345,0.1,2.259482062072493e-05,1.4161079207042349e-06
13,0,0.0030415685571490293,0.1,2.608415888971649e-05,1.9880201307387324e-06
13,0,0.0037554697505561515,0.1,2.225560456281528e-05,2.721300916164182e-06
13,0,0.004485137579466162,0.1,2.225560456281528e-05,3.586692173485062e-06
13,0,0.005569949939121308,0.1,2.5935654775821604e-05,5.129999863129342e-06
13,0,0.007159806194093427,0.1,3.544710125424899e-05,7.117395398381632e-06
13,0,0.008688940568081721,0.12,2.7132362447446212e-05,8.787495971773751e-06
13,0,0.010397193796777341,0.12,2.563122870924417e-05,1.0517500413698144e-05
13,0,0.012152773633807165,0.12,2.7526790290721692e-05,1.1532907592481934e-05
13,0,0.013988217077685527,0.12,2.3500901079387404e-05,1.2893900020571891e-05
13,0,0.016299476782729225,0.14,2.6013609385699965e-05,1.527464519313071e-05
13,0,0.018715684267255384,0.16,7.654177898075432e-05,1.728878851281479e-05
13,0,0.02170125664989956,0.16,8.371144940610975e-05,2.0486972061917186e-05
13,0,0.02507845147847393,0.14,8.371144940610975e-05,2.4607319573988207e-05
13,0,0.02816852764699971,0.14,8.371144940610975e-05,2.8780525099136867e-05
13,0,0.03123159222787907,0.16,8.371144940610975e-05,3.390894926269539e-05
13,0,0.03459017452709964,0.16,8.377094491152093e-05,4.1853272705338895e-05
13,0,0.03835418271425424,0.16,0.00011928161984542385,5.311492350301705e-05
13,0,0.043297172350756294,0.16,0.00011928161984542385,7.008470856817439e-05
13,0,0.04990759127682365,0.16,0.0001271573273697868,9.573554416419938e-05
13,0,0.055966348752476074,0.16,0.00010617706720950082,0.0001150031021097675
13,0,0.06053690210357784,0.16,0.00011970708146691322,0.00012352656631264836
13,0,0.06387436140153156,0.16,0.00011970708146691322,0.00013207862502895296
13,0,0.06670986612805739,0.16,9.593000868335366e-05,0.00013629069144371897
13,0,0.06798870226997177,0.14,2.773252344923094e-05,0.00013590136950369924
13,0,0.06783053805070852,0.14,5.918811075389385e-05,0.00011368824198143557
13,0,0.06793445246798809,0.14,4.942815940012224e-05,0.00010052297147922218
13,0,0.06860889525367914,0.14,0.00013930653221905231,9.794096695259213e-05
13,0,0.06749342032355914,0.16,0.00013930653221905231,0.00010227087477687746
13,0,0.06349980945458863,0.16,0.0001241279096575454,0.00011181268928339705
13,0,0.061239818441595394,0.16,0.00014863553224131465,0.00014190693036653101
13,0,0.06259435122183994,0.16,6.96462593623437e-05,0.0002116844116244465
13,0,0.06482048139899886,0.16,8.551758219255134e-05,0.0003010302025359124
13,0,0.06741118661692716,0.16,9.397923713549972e-05,0.0004318601277191192
13,0,0.07064198782550472,0.16,9.134152787737548e-05,0.000657377066090703
13,0,0.07350843427711189,0.16,8.10173005447723e-05,0.0010377175640314817
13,0,0.07436317705904916,0.16,7.280024146893993e-05,0.0012306396383792162
13,0,0.07135816352893913,0.16,8.207742939703166e-05,0.0010169477900490165
13,0,0.0690365099897139,0.16,7.228245522128418e-05,0.0008182406891137362
13,0,0.0707086631837716,0.16,6.577419844688848e-05,0.0007242744322866201
13,0,0.07396785941991436,0.16,6.577419844688848e-05,0.0007945456309244037
13,0,0.0763215670402214,0.16,6.577419844688848e-05,0.0008173530804924667
13,0,0.07950894503896713,0.16,6.577419844688848e-05,0.0008492128108628094
13,0,0.07932521631456835,0.16,0.00018258461204823107,0.0006327478913590312
13,0,0.07796776215337464,0.18,0.00017539736290927976,0.0004569193988572806
13,0,0.07850371653613793,0.18,0.00017539736290927976,0.00038811142439953983
13,0,0.07931287372974391,0.2,0.0001464779197704047,0.00032806972740218043
13,0,0.07967731399477242,0.18,0.0001464779197704047,0.0002561133587732911
13,0,0.08033147219015101,0.18,0.0001754311379045248,0.00020108697935938835
13,0,0.08073036659183036,0.16,0.0001754311379045248,0.00014838643255643547
13,0,0.08135995153474548,0.16,0.00017271247634198517,0.0001111837918870151
13,0,0.08208514595832928,0.16,0.00017271247634198517,9.249316644854844e-05
13,0,0.08156232091144722,0.16,0.00025005656061694026,7.292516238521785e-05
13,0,0.08517528779252881,0.16,0.00022864311176817864,8.442164107691497e-05
13,0,0.0855608211202066,0.16,0.00024930050130933523,8.778834308031946e-05
13,0,0.07781679577610748,0.16,0.00015486891788896173,8.661609899718314e-05
13,0,0.07054670796688675,0.16,0.00017380595090799034,9.319862147094682e-05
13,0,0.07060298448643215,0.2,0.00019100174540653825,0.00012089955271221697
13,0,0.07451706985898818,0.2,0.00019100174540653825,0.00016523413069080561
13,0,0.07693115725697294,0.2,0.0002287098322995007,0.00019850493117701262
13,0,0.07796771585995255,0.2,0.0002287098322995007,0.00022081445786170661
13,0,0.07590012133474718,0.2,0.00019100174540653825,0.00017370290879625827
13,0,0.07427647153226571,0.2,0.00019100174540653825,0.00014220290177036077
13,0,0.07727488650482606,0.2,0.00019100174540653825,0.00017723134078551084
13,0,0.085455982476665,0.2,0.00027427051099948585,0.00021895048848818988
13,0,0.0826441336035102,0.2,0.00027427051099948585,0.00021831072808708996
13,0,0.058341042837221586,0.2,0.00023589863849338144,0.00013495043094735593
13,0,0.06304676304046461,0.18,0.00023589863849338144,0.0002057857345789671
13,0,0.09982788270297031,0.18,0.00033718463964760303,0.0005576908006332815
13,0,0.11012721871246722,0.18,0.00033718463964760303,0.0008614762336947024
13,0,0.09095783085703585,0.18,0.0004037408798467368,0.0007298224954865873
13,0,0.07776658291982419,0.18,0.0004838356690015644,0.0006924905464984477
13,0,0.07685818417718225,0.16,0.00045512476935982704,0.0010120609076693654
13,0,0.0770205056559409,0.18,0.00040536391315981746,0.0014369437703862786
13,0,0.07286623746835401,0.18,0.00040536391315981746,0.001475666998885572
13,0,0.07156906853926082,0.18,0.00031383780878968537,0.001328615820966661
13,0,0.07191753397687242,0.18,0.0004622866108547896,0.0013148781144991517
13,0,0.07040161683528826,0.18,0.0004622866108547896,0.0013993176398798823
13,0,0.06785249404331273,0.18,0.00035781817859970033,0.0013900367775931954
13,0,0.06473568067566203,0.18,0.00035781817859970033,0.0013585705310106277
13,0,0.061893485517399434,0.18,0.00034531953861005604,0.0013458328321576118
13,0,0.06068297847296702,0.16,0.00034531953861005604,0.0013992604799568653
13,0,0.06143008466117887,0.16,0.00034531953861005604,0.0016572237946093082
13,0,0.06051291469318246,0.16,0.00034531953861005604,0.0016558406641706824
13,0,0.05894139906293531,0.16,0.00034531953861005604,0.001626298762857914
13,0,0.05699878649167478,0.16,0.00034531953861005604,0.0014435084303840995
13,0,0.05584908271437028,0.16,0.0002660498721525073,0.0012602240312844515
13,0,0.05576494364099206,0.16,4.6172106522135437e-05,0.0009838944533839822
13,0,0.055218170711193525,0.16,4.6172106522135437e-05,0.0010126125998795033
13,0,0.05615951048005885,0.16,4.6172106522135437e-05,0.0008192030363716185
13,0,0.05646991640616509,0.16,4.6172106522135437e-05,0.001064831274561584
13,0,0.05618570279985157,0.16,5.965798845863901e-05,0.0010883973445743322
13,0,0.057767582003816806,0.16,5.965798845863901e-05,0.001131122000515461
13,0,0.06087565535513867,0.16,5.965798845863901e-05,0.001178483827970922
13,0,0.06397546658598553,0.16,0.0001299051655223593,0.0013677972601726651
13,0,0.06596207356218863,0.16,0.00014941480185370892,0.0014366783434525132
13,0,0.06897130957696945,0.16,0.00013307403423823416,0.0017657569842413068
13,0,0.0722127032898666,0.16,9.849459456745535e-05,0.0022729479242116213
13,0,0.07498984009743388,0.16,0.00011346784594934434,0.003203194122761488
13,0,0.07565245376803648,0.16,0.0001392706617480144,0.0031561790965497494
13,0,0.08359119583446159,0.16,0.0001392706617480144,0.002998863346874714
13,0,0.08649743923102067,0.18,0.0001392706617480144,0.001989438896998763
13,0,0.10209675307819348,0.18,0.0001507908309577033,0.001745581510476768
13,0,0.10675558283824617,0.18,0.00014582725998479873,0.0014087418094277382
13,0,0.1113586649563578,0.18,0.00014582725998479873,0.0012322529219090939
13,0,0.11596871929961802,0.18,0.00010842183837667108,0.0010332734091207385
13,0,0.12227410942626833,0.18,9.05443012015894e-05,0.0008518369868397713
13,0,0.1339109061979899,0.18,9.05443012015894e-05,0.0009838762925937772
13,0,0.1318759730872384,0.18,9.05443012015894e-05,0.0009109803941100836
13,0,0.13037154843320758,0.18,0.00010842183837667108,0.0011172289960086346
13,0,0.13887224027630096,0.2,0.0001272009831154719,0.0015839784173294902
13,0,0.14627385394431566,0.2,0.0001272009831154719,0.0019803934264928102
13,0,0.1478587099245999,0.2,0.0001272009831154719,0.0018630559789016843
13,0,0.14908559209018407,0.2,0.00010616835788823664,0.0016395662678405643
13,0,0.15202701383203984,0.2,0.00011505399743327871,0.0017929571913555264
13,0,0.15809071319200618,0.2,0.00015474684187211096,0.0024710064753890038
13,0,0.16200538008059565,0.2,0.00021003202709835023,0.0028071990236639977
13,0,0.16269674331357228,0.2,0.00021003202709835023,0.0031281597912311554
13,0,0.1562777800724215,0.2,0.00021003202709835023,0.0033019697293639183
13,0,0.14835685999098247,0.2,0.00021003202709835023,0.0035648676566779613
13,0,0.1506739214986623,0.2,0.0001797789300326258,0.004487089347094297
13,0,0.1671565573252994,0.2,0.0005700195324607193,0.006411823909729719
13,0,0.1700211565671064,0.2,0.0005700195324607193,0.008152218535542488
13,0,0.14839972880477892,0.2,0.0005700195324607193,0.006573299877345562
13,0,0.14037234271223223,0.2,0.0006534461281262338,0.006379198282957077
13,0,0.14509308683597658,0.2,0.0006637267069891095,0.007551649585366249
13,0,0.1437040730074262,0.22,0.000231301921303384,0.008318071253597736
13,0,0.1397169325411848,0.22,0.000231301921303384,0.008695696480572224
13,0,0.14273264925824014,0.22,0.00020600759307853878,0.011615157127380371
13,0,0.15098966548002665,0.22,0.00019881047774106264,0.015808381140232086
13,0,0.15173847815361177,0.22,0.000570526928640902,0.016719605773687363
13,0,0.1501127738284722,0.22,0.000570526928640902,0.014964316971600056
13,0,0.15506091720460657,0.22,0.0006405495223589242,0.014018505811691284
13,0,0.16371989698054337,0.22,0.0006405495223589242,0.015769893303513527
13,0,0.17140505424738653,0.24,0.0006637267069891095,0.017252257093787193
13,0,0.17776629031901983,0.24,0.0006637267069891095,0.0188536886125803
13,0,0.18110385185762778,0.24,0.0006637267069891095,0.01962096244096756
13,0,0.18743519291598254,0.26,0.0005820145597681403,0.02378959394991398
13,0,0.1957266599637501,0.24,0.0005820145597681403,0.028146686032414436
13,0,0.20654456976076033,0.24,0.0005820145597681403,0.03338009864091873
13,0,0.21297902286993475,0.26,0.0005820145597681403,0.03338770940899849
13,0,0.21908540246378988,0.26,0.0006531479302793741,0.033287424594163895
13,0,0.23284411115103767,0.26,0.0006531479302793741,0.03585508465766907
13,0,0.23945307116215286,0.26,0.0006531479302793741,0.04002901911735535
13,0,0.2445708787464911,0.26,0.0009111120016314089,0.04237565025687218
13,0,0.2582893688158469,0.26,0.0008881099638529122,0.05627705529332161
13,0,0.26193568128250905,0.26,0.001008345978334546,0.0507124625146389
13,0,0.26871568075315316,0.26,0.001008345978334546,0.04680522531270981
13,0,0.27071472351626347,0.28,0.001008345978334546,0.04375867545604706
13,0,0.27001438442911957,0.3,0.0011160402791574597,0.043977297842502594
13,0,0.2773396988512032,0.26,0.0013003468047827482,0.0483991913497448
13,0,0.2737212210917707,0.28,0.0013003468047827482,0.04150431230664253
13,0,0.2764522300284293,0.26,0.0013003468047827482,0.03658481314778328
13,0,0.2782798371297438,0.26,0.0011549323098734021,0.034969817847013474
13,0,0.26042697184221997,0.26,0.001354568637907505,0.028227949514985085
13,0,0.2511735204273918,0.24,0.001158895785920322,0.02284064330160618
13,0,0.2511994870123643,0.22,0.00138741300906986,0.020258747041225433
13,0,0.23834006665246465,0.22,0.0012103929184377193,0.01453300379216671
13,0,0.22896094819255797,0.22,0.0010335476836189628,0.011742166243493557
13,0,0.22143672511438514,0.22,0.0009537942823953927,0.009777631610631943
13,0,0.21312116133655198,0.22,0.0009537942823953927,0.007981396280229092
13,0,0.20373491777222363,0.2,0.0010739113204181194,0.005674706306308508
13,0,0.1979512867146578,0.18,0.0012576542794704437,0.004849625751376152
13,0,0.19088831235337586,0.18,0.001117008738219738,0.004650560673326254
13,0,0.18655797183803918,0.16,0.0009329875465482473,0.0046637170016765594
13,0,0.18178824428358364,0.16,0.0007954342290759087,0.004228763282299042
13,0,0.1736973800043967,0.16,0.0007954342290759087,0.0037316707894206047
13,0,0.1724837827880583,0.16,0.000685828854329884,0.003934682346880436
13,0,0.1590052706757895,0.16,0.000685828854329884,0.003523766528815031
13,0,0.14473492611078623,0.16,0.00043707579607144,0.003174832556396723
13,0,0.13437763168239186,0.14,0.0005109359044581652,0.0031987938564270735
13,0,0.12222861639919125,0.14,0.0005109359044581652,0.002675166819244623
13,0,0.11891859862565513,0.14,0.0005109359044581652,0.0023998739197850227
13,0,0.11728122927937815,0.14,0.0005109359044581652,0.002367115579545498
13,0,0.1160178692656134,0.14,0.0005109359044581652,0.00290223048068583
13,0,0.11497104279632923,0.14,0.00040557453758083284,0.004071346018463373
13,0,0.11033145330254186,0.14,0.0001139639425673522,0.004399606958031654
13,0,0.10536317818082334,0.12,0.0001139639425673522,0.0039047508034855127
13,0,0.10216608286909423,0.12,0.0001139639425673522,0.0035310054663568735
13,0,0.09752040377340837,0.12,9.75471775745973e-05,0.0025761707220226526
13,0,0.09050543152280532,0.12,9.908279025694355e-05,0.0013293991796672344
13,0,0.08548357895724105,0.12,0.00011575796088436618,0.0007870753761380911
13,0,0.08395330427532578,0.12,0.00011575796088436618,0.0006507182843051851
13,0,0.08443111949946003,0.1,0.00012343587877694517,0.0005174255347810686
13,0,0.08836599266602838,0.08,0.00012152287672506645,0.0004027487011626363
13,0,0.09841017283622121,0.08,9.779837273526937e-05,0.0003209114365745336
13,0,0.1128891918074982,0.08,8.365575195057318e-05,0.00029324027127586305
13,0,0.11541295664294544,0.08,8.365575195057318e-05,0.00022691958292853087
13,0,0.11028557990101516,0.08,8.365575195057318e-05,0.00020257684809621423
13,0,0.11309484614498362,0.08,8.365575195057318e-05,0.00024848038447089493
13,0,0.11470058494289223,0.08,9.388599573867396e-05,0.0002481619594618678
13,0,0.11696511420184773,0.08,9.388599573867396e-05,0.00025412370450794697
13,0,0.11861395273102918,0.08,9.388599573867396e-05,0.0002529471821617335
13,0,0.11845761116648694,0.08,9.388599573867396e-05,0.0002621365711092949
13,0,0.11667080741271942,0.08,9.32369293877855e-05,0.000198105612071231
13,0,0.1266406367959328,0.08,7.365782948909327e-05,0.00010180326353292912
13,0,0.12099593844346361,0.08,3.938016016036272e-05,0.0006782195414416492
13,0,0.11324858800310648,0.06,2.1998401280143298e-05,0.002018011873587966
13,0,0.09137690514592506,0.04,1.869409425125923e-05,0.000541144865565002
13,0,0.056563070202652915,0.04,4.972629540134221e-05,0.0002019676030613482
13,0,0.04799773186877727,0.04,4.972629540134221e-05,0.0001694598759058863
13,0,0.052880437649574154,0.02,2.2900692783878185e-05,0.00024118219153024256
13,0,0.06011779123662205,0.02,1.4741990526090376e-05,0.00036990197259001434
13,0,0.06610212533558449,0.0,1.30314883790561e-05,0.0004773703985847533
13,0,0.07345939705791642,0.0,1.4090250260778703e-05,0.0006040602456778288
13,0,0.08107021750718241,0.0,1.6827916624606587e-05,0.0006733689806424081
13,0,0.09159508689728359,0.0,4.176112724962877e-06,0.0008740964694879949
13,0,0.10365975873664522,0.0,4.8821807467902545e-06,0.0010897730244323611
13,0,0.1135773644152769,0.0,1.700659822745365e-06,0.0012893442763015628
13,0,0.11767040989426529,0.0,1.3056065881755785e-06,0.001209639827720821
13,0,0.1218942030007587,0.0,1.3056065881755785e-06,0.0013093632878735662
13,0,0.12307147675155788,0.02,1.4719981891175848e-06,0.0010989984730258584
13,0,0.12390766630164053,0.02,2.232636234111851e-06,0.000805701594799757
13,0,0.12671563288016613,0.02,2.232636234111851e-06,0.0007134751067496836
13,0,0.13565153791471224,0.02,2.6755619728646707e-06,0.0004631220072042197
13,0,0.13862319363422212,0.02,3.99435657527647e-06,0.0007553203613497317
13,0,0.11978679022290678,0.02,9.971335202862974e-06,0.000534953607711941
13,0,0.12518151206119216,0.02,1.0926779395958874e-05,0.0004222988791298121
13,0,0.1511733775119051,0.02,2.6990655896952376e-05,0.0005021669785492122
13,0,0.1571101316257326,0.02,4.71378953079693e-05,0.0005526471068151295
13,0,0.16538871450700707,0.16,0.0001542958343634382,0.0007257641409523785
13,0,0.1726161698845003,0.18,0.00013477540051098913,0.0009382456191815436
13,0,0.17903735067225784,0.2,0.001014514360576868,0.0011871374445036054
13,0,0.18629955463168316,0.28,0.002503375057131052,0.0015015174867585301
13,0,0.19486572997091875,0.36,0.0029735718853771687,0.0018834674265235662
13,0,0.21139459094010038,0.38,0.00851204339414835,0.0032225714530795813
13,0,0.2322478461049469,0.36,0.08403391391038895,0.005529469344764948
13,0,0.26366524370815647,0.4,0.13222847878932953,0.011090826243162155
13,0,0.279834459516804,0.38,0.11545547842979431,0.01664385199546814
13,0,0.26113851446068115,0.4,0.1727268397808075,0.017518917098641396
13,0,0.24787180862745933,0.42,0.27116093039512634,0.018784843385219574
13,0,0.2701627192243472,0.44,0.27116093039512634,0.0329090841114521
13,0,0.28921977388863895,0.44,0.36702650785446167,0.0470222644507885
13,0,0.2989044243869574,0.46,0.38920989632606506,0.0747309997677803
13,0,0.31574605241158854,0.46,0.38920989632606506,0.11091803014278412
13,0,0.33029686692214677,0.44,0.4089926481246948,0.15426324307918549
13,0,0.3478042085684196,0.44,0.4630804657936096,0.20400728285312653
13,0,0.35434096479817523,0.44,0.5990461707115173,0.21866363286972046
13,0,0.3602244781993029,0.46,0.5990461707115173,0.2825492024421692
13,0,0.3732345296924134,0.46,0.6231934428215027,0.36186549067497253
13,0,0.3844649513736862,0.46,0.6231934428215027,0.4327293038368225
13,0,0.3817918786679998,0.46,0.6231934428215027,0.4207722544670105
13,0,0.3785103129232101,0.46,0.7421993017196655,0.3901820182800293
13,0,0.38466466878261285,0.46,0.7720980048179626,0.3770948648452759
13,0,0.39537937854031957,0.46,0.7720980048179626,0.3830246329307556
13,0,0.395310966002486,0.46,0.7537221312522888,0.38850122690200806
13,0,0.39438049651366,0.44,0.7537221312522888,0.3844803273677826
13,0,0.401697727195752,0.44,0.7537221312522888,0.39217865467071533
13,0,0.389733955847713,0.44,0.5960215330123901,0.28714287281036377
13,0,0.37582867226040906,0.44,0.5960215330123901,0.19548815488815308
13,0,0.36538494194399423,0.44,0.5791977047920227,0.1508440375328064
13,0,0.3505146242858451,0.44,0.5791977047920227,0.10844870656728745
13,0,0.3372816332828821,0.44,0.5791977047920227,0.07886382937431335
13,0,0.32100845132129185,0.44,0.5791977047920227,0.054313454777002335
13,0,0.3071390937092504,0.44,0.8757688403129578,0.03922174125909805
13,0,0.30404538422207544,0.44,0.8738794326782227,0.03366782143712044
13,0,0.3011066023635492,0.46,0.9045940041542053,0.02831442840397358
13,0,0.3047769590444747,0.46,0.9045940041542053,0.027370700612664223
13,0,0.3055113142192226,0.46,0.9045940041542053,0.025811394676566124
13,0,0.2967595048724734,0.48,0.9045940041542053,0.02105887047946453
13,0,0.29226868556325303,0.48,0.9045940041542053,0.018475618213415146
13,0,0.3010453830519097,0.48,0.9045940041542053,0.020919006317853928
13,0,0.3144535972795265,0.48,0.8819806575775146,0.025306114926934242
13,0,0.3079309935371278,0.46,0.8819806575775146,0.020408103242516518
13,0,0.27958928077819456,0.46,0.8745593428611755,0.011122290976345539
13,0,0.25940019145395,0.46,0.8745593428611755,0.00697352597489953
13,0,0.251352769247462,0.46,0.8745593428611755,0.00546164670959115
13,0,0.2453752187998114,0.46,0.8745593428611755,0.004638823680579662
13,0,0.2367253163708948,0.46,0.8745593428611755,0.0035866752732545137
13,0,0.23083279380097774,0.46,0.8745593428611755,0.002979709766805172
13,0,0.23375804493897842,0.46,0.8745593428611755,0.003225893946364522
13,0,0.2373870715495886,0.46,0.8745593428611755,0.003634959226474166
13,0,0.2409263347850527,0.46,0.8745593428611755,0.004239373840391636
13,0,0.24397323101650636,0.48,0.8745593428611755,0.005090396385639906
13,0,0.24778096752024212,0.48,0.8745593428611755,0.0063420250080525875
13,0,0.2639260235577162,0.48,0.9045940041542053,0.010461734607815742
13,0,0.2767832434062183,0.48,0.9045940041542053,0.015056263655424118
13,0,0.2934408169849442,0.5,0.9045940041542053,0.023471886292099953
13,0,0.3044996237433824,0.5,0.9045940041542053,0.031150132417678833
13,0,0.3196539195805836,0.48,0.9045940041542053,0.04730381444096565
13,0,0.3356593869920226,0.48,0.9219779372215271,0.07374182343482971
13,0,0.35318479764380106,0.48,0.9219779372215271,0.1124693900346756
13,0,0.3710488460592972,0.48,0.9608032703399658,0.16710543632507324
13,0,0.3897085841897386,0.48,0.9608032703399658,0.2324875146150589
13,0,0.408680745313431,0.48,0.9644565582275391,0.31563296914100647
13,0,0.426206268862383,0.48,0.9644565582275391,0.40277644991874695
13,0,0.4454285398965673,0.48,0.9644565582275391,0.4912227988243103
13,0,0.4626224739529772,0.5,0.9644565582275391,0.5703577995300293
13,0,0.4860353979195891,0.52,0.9719719886779785,0.6600430607795715
13,0,0.5119259277959698,0.52,0.9719719886779785,0.7502393126487732
13,0,0.525392257787894,0.54,0.9719719886779785,0.7882062792778015
13,0,0.5387082490805174,0.54,0.9719719886779785,0.8181909322738647
13,0,0.5485842834083007,0.54,0.9719719886779785,0.8373630046844482
13,0,0.5503437087280759,0.5,0.9719719886779785,0.8421199917793274
13,0,0.5541137077464454,0.5,0.9719719886779785,0.8409087061882019
13,0,0.5684555816207969,0.5,0.9719719886779785,0.8369947671890259
13,0,0.5753227023741456,0.48,0.9643532633781433,0.8304640054702759
13,0,0.5538416653820448,0.46,0.959640383720398,0.7680740356445312
13,0,0.5483712797706586,0.46,0.9476987719535828,0.7281470894813538
13,0,0.5570044337492542,0.46,0.9394216537475586,0.7146921157836914
13,0,0.5473329183968794,0.46,0.9148513674736023,0.6786516308784485
13,0,0.5526324509030058,0.46,0.8936949968338013,0.6925710439682007
13,0,0.5640750491288747,0.46,0.8936949968338013,0.723665714263916
13,0,0.5595696213497533,0.48,0.8936949968338013,0.6901205778121948
13,0,0.5451888783630593,0.46,0.8742032647132874,0.5944904088973999
13,0,0.5341954784899794,0.46,0.8742032647132874,0.5463023781776428
13,0,0.5267595278338064,0.46,0.8518838286399841,0.5028002262115479
13,0,0.5268586433287566,0.46,0.8385962843894958,0.46008387207984924
13,0,0.5387869174945251,0.46,0.7446232438087463,0.493855357170105
13,0,0.5442328601264166,0.48,0.5843095779418945,0.5023547410964966
13,0,0.5478001114438897,0.46,0.6053176522254944,0.5160384178161621
13,0,0.5563562953420237,0.48,0.5981608629226685,0.5495498180389404
13,0,0.5659556952960935,0.48,0.5981608629226685,0.546330451965332
13,0,0.5592142681916206,0.48,0.6206169724464417,0.5463574528694153
13,0,0.5503917727183805,0.5,0.5630490779876709,0.5340187549591064
13,0,0.5362958245467306,0.48,0.513416588306427,0.3337210416793823
13,0,0.5211647323840424,0.48,0.491625040769577,0.24029909074306488
13,0,0.5140213553901225,0.5,0.491625040769577,0.19737258553504944
13,0,0.5128003818181099,0.5,0.5304770469665527,0.18728876113891602
13,0,0.5095938579162388,0.5,0.5304770469665527,0.17920807003974915
13,0,0.5171576008460173,0.48,0.5304770469665527,0.18311065435409546
13,0,0.5224256964997024,0.48,0.5304770469665527,0.18600109219551086
13,0,0.5100928018002148,0.48,0.5304770469665527,0.1717039793729782
13,0,0.4956753707055709,0.5,0.5797936916351318,0.2195514589548111
13,0,0.4951186382549176,0.48,0.7841804027557373,0.17721061408519745
13,0,0.4998078484527015,0.48,0.7841804027557373,0.1979120671749115
13,0,0.5026599436657609,0.48,0.818069338798523,0.21949276328086853
13,0,0.5065266749940873,0.5,0.8401050567626953,0.24131187796592712
13,0,0.5121224204849831,0.5,0.8733291625976562,0.2461816519498825
13,0,0.500364900410814,0.5,0.8891089558601379,0.20596280694007874
13,0,0.47635661044100713,0.5,0.8891089558601379,0.17729786038398743
13,0,0.4644998516959725,0.52,0.8891089558601379,0.17156973481178284
13,0,0.470861941073607,0.56,0.9038372039794922,0.18079257011413574
13,0,0.49629742089146317,0.54,0.9038372039794922,0.20439597964286804
13,0,0.5138447723464948,0.54,0.9233620762825012,0.2415502965450287
13,0,0.4869662595222875,0.54,0.9233620762825012,0.2035117894411087
13,0,0.4590765433994604,0.52,0.9119739532470703,0.19377925992012024
13,0,0.4706464509049661,0.54,0.9095468521118164,0.21338215470314026
13,0,0.4772093271685974,0.54,0.9095468521118164,0.21960684657096863
13,0,0.4828960178304185,0.5,0.9095468521118164,0.21473541855812073
13,0,0.4327482884791614,0.52,0.8869332671165466,0.15305498242378235
13,0,0.4182624721854549,0.52,0.8763335347175598,0.12610270082950592
13,0,0.42188614954320963,0.52,0.8306817412376404,0.106599360704422
13,0,0.40074737660411647,0.5,0.8153205513954163,0.07309640944004059
13,0,0.38271784190452074,0.5,0.8153205513954163,0.04841132462024689
13,0,0.35986042066521223,0.48,0.7070499062538147,0.02590964362025261
13,0,0.3407685373635258,0.5,0.6127775311470032,0.014598902314901352
13,0,0.3167868339754138,0.5,0.30535709857940674,0.007783352863043547
13,0,0.28274763188365765,0.48,0.27997803688049316,0.003539204364642501
13,0,0.2618887489991544,0.42,0.21979863941669464,0.002060067607089877
13,0,0.24801615542863298,0.42,0.21979863941669464,0.0013235348742455244
13,0,0.23881006354824608,0.4,0.21979863941669464,0.0009486245107837021
13,0,0.2350338758324008,0.4,0.213050976395607,0.0008741843630559742
13,0,0.22510145046047844,0.38,0.1142042726278305,0.0007226605084724724
13,0,0.224786314290144,0.36,0.1142042726278305,0.0006445534527301788
13,0,0.2153105009908655,0.36,0.0698719322681427,0.0004902973887510598
13,0,0.18979911974424915,0.26,0.0062636579386889935,0.0003003928577527404
13,0,0.1632818107097889,0.24,0.004622290376573801,0.00019711395725607872
13,0,0.141383850949326,0.24,0.004207828547805548,0.0001370818354189396
13,0,0.1279752118850529,0.24,0.005371401086449623,0.0001116921630455181
13,0,0.12182790609179198,0.24,0.005371401086449623,0.00010252583160763606
13,0,0.11890227530140401,0.24,0.005371401086449623,0.00010010493861045688
13,0,0.1121432062309362,0.22,0.005371401086449623,9.767050505615771e-05
13,0,0.10631471582789093,0.2,0.005371401086449623,0.00010287299664923921
13,0,0.10080817020873006,0.2,0.005371401086449623,0.00010951703734463081
13,0,0.09376093753411405,0.2,0.006001132074743509,0.00011455381172709167
13,0,0.08887114535458533,0.24,0.006001132074743509,0.0001182999912998639
13,0,0.08710411239839662,0.32,0.1729823350906372,0.00012138831516494974
13,0,0.08645861758838025,0.34,0.16467121243476868,0.00012399436673149467
13,0,0.08280734797013806,0.4,0.19596916437149048,0.00011927547166123986
13,0,0.07448719575715435,0.4,0.2723802924156189,0.0001133594851125963
13,0,0.06784689612663669,0.42,0.4805452823638916,0.00012140786566305906
13,0,0.06388170610409394,0.46,0.4805452823638916,0.00014733619173057377
13,0,0.06331000306436749,0.46,0.4805452823638916,0.00020161452994216233
13,0,0.06468061148922787,0.42,0.5800769329071045,0.00029641148285008967
13,0,0.0666909402146931,0.48,0.5608005523681641,0.00042945786844938993
13,0,0.06873630809427998,0.48,0.691436767578125,0.0006117835873737931
13,0,0.07072346358490253,0.52,0.691436767578125,0.0008457049843855202
13,0,0.0726727283852251,0.52,0.7736330628395081,0.0011346151586622
13,0,0.07455663848693975,0.52,0.7736330628395081,0.0014790272107347846
13,0,0.07973805883079498,0.56,0.8530031442642212,0.001767864334397018
13,0,0.08537399673618523,0.56,0.8530031442642212,0.002183222211897373
13,0,0.08937268126072663,0.58,0.8592908978462219,0.0028750901110470295
13,0,0.10031647753995676,0.58,0.8923465609550476,0.0036918355617672205
13,0,0.10806175347689714,0.58,0.8923465609550476,0.0037956489250063896
13,0,0.10140888771887455,0.58,0.8923465609550476,0.0030767808202654123
13,0,0.08199943101289388,0.58,0.8648668527603149,0.00198574410751462
13,0,0.06234626617766205,0.56,0.873495876789093,0.001104202470742166
13,0,0.057980886771938994,0.52,0.8677452802658081,0.0006531128310598433
13,0,0.058086798356435244,0.52,0.8285200595855713,0.00041636661626398563
13,0,0.06104193522949067,0.54,0.8410441279411316,0.00025846558855846524
13,0,0.06602789529870033,0.52,0.7762459516525269,0.00016989170399028808
13,0,0.05950404428443007,0.54,0.8164544105529785,8.212801913032308e-05
13,0,0.05453264292836539,0.52,0.7787157297134399,4.3489075324032456e-05
13,0,0.05154410094577521,0.48,0.8058266043663025,2.5190009182551876e-05
13,0,0.048661132864328424,0.46,0.8058266043663025,1.5169948710536119e-05
13,0,0.04583438709585312,0.46,0.8058266043663025,8.912302291719243e-06
13,0,0.04182731640915999,0.4,0.7458308339118958,5.190717729419703e-06
13,0,0.03756058215656021,0.34,0.1762806475162506,2.8809076866309624e-06
13,0,0.03425754734136629,0.34,0.08407822251319885,1.7363652204949176e-06
13,0,0.030658713636853095,0.28,0.034186951816082,1.050018454407109e-06
13,0,0.026385663504766267,0.26,0.034186951816082,5.665680760102987e-07
13,0,0.022869597042172916,0.26,0.025653263553977013,2.918416441843874e-07
13,0,0.019851708339052154,0.22,0.02339736931025982,1.464791807848087e-07
13,0,0.017007920992649195,0.22,0.019965404644608498,7.351814446110438e-08
13,0,0.014876527984407356,0.22,0.01943468116223812,4.201885062116162e-08
13,0,0.013340672962168391,0.2,0.01943468116223812,2.6229306726577306e-08
13,0,0.012018724458496518,0.18,0.017121661454439163,1.6410186987059205e-08
13,0,0.010426092921271375,0.18,0.017121661454439163,9.378034349083464e-09
13,0,0.00866958732579927,0.18,0.017121661454439163,4.738228920331267e-09
13,0,0.007377735186619717,0.2,0.017121661454439163,2.4466819681379093e-09
13,0,0.006644675205621664,0.2,0.018669983372092247,1.3593624004215599e-09
13,0,0.0060094490741182584,0.2,0.018669983372092247,7.223182607596357e-10
13,0,0.005582543984465647,0.2,0.018669983372092247,4.714670320815628e-10
13,0,0.005157287672427414,0.2,0.03438791260123253,3.20660081820634e-10
13,0,0.004772422647926147,0.22,0.05324453115463257,2.3186055853052778e-10
13,0,0.004595082755378467,0.22,0.14347286522388458,1.8753874841959117e-10
13,0,0.004413356890084416,0.3,0.1911412924528122,1.4910714329907648e-10
13,0,0.004426923308269727,0.32,0.19580110907554626,1.3478210214579178e-10
13,0,0.0046302762346508595,0.34,0.19580110907554626,1.5076064008301415e-10
13,0,0.00485028559665278,0.38,0.5294356346130371,1.7433422760948503e-10
13,0,0.00518549341860407,0.42,0.6047598123550415,2.1773224889720666e-10
13,0,0.005748436405919498,0.4,0.8796163201332092,3.048610253131301e-10
13,0,0.006068173495012356,0.44,0.8796163201332092,3.7957498255636324e-10
13,0,0.0066989410494047545,0.48,0.8892558217048645,5.138275360749844e-10
13,0,0.007244188655919008,0.48,0.8892558217048645,6.650285322429283e-10
13,0,0.007702102478617371,0.46,0.9345222115516663,7.985533345689078e-10
13,0,0.008062765640017804,0.52,0.9571934342384338,9.020345581589595e-10
13,0,0.008329324921601218,0.52,0.9571934342384338,9.843981185753137e-10
13,0,0.008431588299490889,0.52,0.9571934342384338,1.0304092024071565e-09
13,0,0.00837978029462096,0.52,0.9504814147949219,1.0323035759540744e-09
13,0,0.008303774720775373,0.54,0.9504814147949219,9.991737437431425e-10
13,0,0.008278706965143887,0.52,0.9504814147949219,9.79369585429879e-10
13,0,0.008254360486567244,0.54,0.9504814147949219,8.745120183561994e-10
13,0,0.008346433793488416,0.54,0.945846676826477,7.062051499140409e-10
13,0,0.008477912119311152,0.54,0.945846676826477,4.934047614923998e-10
13,0,0.008509251727005465,0.54,0.945846676826477,3.964686356994207e-10
13,0,0.008394882187154609,0.56,0.945846676826477,3.6649597245919097e-10
13,0,0.011495276259119669,0.56,0.945846676826477,1.7621197402162107e-14
13,0,0.008156904246716295,0.5,0.9504814147949219,2.7351965137256684e-10
13,0,0.00796333099537543,0.46,0.9432756900787354,2.406204402394252e-10
13,0,0.00786699319279953,0.44,0.9034352898597717,2.5565149996964465e-10
13,0,0.007320750769738383,0.44,0.9034352898597717,2.1723903231851693e-10
13,0,0.0069188025073234965,0.42,0.9034352898597717,1.4468397313560644e-10
13,0,0.007325553923672211,0.42,0.5824541449546814,1.1914801090195937e-10
13,0,0.007246466988488106,0.38,0.5063489675521851,9.7257826792152e-11
13,0,0.006851235853844192,0.34,0.16702482104301453,8.0130395374578e-11
13,0,0.006514947889201288,0.34,0.12871311604976654,6.99803409665023e-11
13,0,0.006313686312529064,0.32,0.10060030221939087,6.51619452840535e-11
13,0,0.006227091984574418,0.3,0.07187318056821823,6.338811420203427e-11
13,0,0.005896702581317789,0.28,0.05993948131799698,6.374116512386507e-11
13,0,0.00551687017256196,0.26,0.043740347027778625,6.489651871444124e-11
13,0,0.005245031577510055,0.26,0.02234475128352642,6.586595158175612e-11
13,0,0.004850848355283078,0.26,0.014369073323905468,6.54741538763659e-11
13,0,0.004534641717939503,0.2,0.014369073323905468,6.445575323477115e-11
13,0,0.004280393767654309,0.18,0.012323597446084023,6.945482383668988e-11
13,0,0.004156766763779056,0.18,0.012323597446084023,7.529478429635361e-11
13,0,0.004333541298641786,0.18,0.011462640948593616,7.893339454279058e-11
13,0,0.0044708728282226665,0.18,0.011462640948593616,8.147675589764702e-11
13,0,0.00465873927228464,0.18,0.01498772669583559,9.053469779418677e-11
13,0,0.004832804865761316,0.18,0.027693109586834908,9.883822926770591e-11
13,0,0.004941600662913019,0.18,0.027693109586834908,1.0449657111832877e-10
13,0,0.00504878427881758,0.24,0.03415096551179886,1.1163604068942234e-10
13,0,0.00508312782311033,0.24,0.05781542882323265,1.1531384180862858e-10
13,0,0.005238522232950503,0.28,0.08557907491922379,1.1683479184121381e-10
13,0,0.00539927445998767,0.32,0.143271803855896,1.1387044085431342e-10
13,0,0.005719178600380447,0.34,0.16881726682186127,1.279935463172066e-10
13,0,0.0060242817554825735,0.34,0.20498716831207275,1.465377957865499e-10
13,0,0.0064258689449233465,0.36,0.20989692211151123,1.7654371020636717e-10
13,0,0.006596088013316041,0.36,0.20989692211151123,2.1150640960865275e-10
13,0,0.006914096303439436,0.4,0.5510908365249634,2.5065990949535433e-10
13,0,0.007329315355353821,0.44,0.5294356346130371,2.673875010295035e-10
13,0,0.008043406023677025,0.48,0.6047598123550415,3.2966601670736395e-10
13,0,0.008743579638605859,0.5,0.7472653985023499,3.983750551661558e-10
13,0,0.009646507578270255,0.48,0.8796163201332092,4.747679471783783e-10
13,0,0.010552120641137018,0.48,0.8796163201332092,5.574514183592783e-10
13,0,0.012012328523940519,0.52,0.8796163201332092,6.818934861207993e-10
13,0,0.01363438852889831,0.52,0.8796163201332092,8.216470837041356e-10
13,0,0.01493109638926488,0.52,0.8796163201332092,8.678405771789244e-10
13,0,0.016240991410424517,0.52,0.9084060192108154,8.615979041337596e-10
13,0,0.017197637382282714,0.52,0.9084060192108154,8.018546937549331e-10
13,0,0.017960464002888584,0.52,0.9084060192108154,7.402348733975828e-10
13,0,0.01876949801196048,0.52,0.9084060192108154,6.824660281345984e-10
13,0,0.021150514530676,0.52,0.9084060192108154,6.593172119373492e-10
13,0,0.02344787907935116,0.52,0.9223371148109436,5.786149892550441e-10
13,0,0.024613936054903397,0.54,0.9223371148109436,4.376704831887679e-10
13,0,0.0238704193704971,0.5,0.9084060192108154,2.889847250386879e-10
13,0,0.02256370295262661,0.5,0.9084060192108154,1.8479788532754782e-10
13,0,0.023105869772190625,0.48,0.8005290627479553,1.2598155851861748e-10
13,0,0.024276358569248882,0.46,0.6749942302703857,8.806950307915784e-11
13,0,0.025484283289318486,0.42,0.6749942302703857,6.015746234488972e-11
13,0,0.026976635670787546,0.42,0.6042972803115845,4.135740708233193e-11
13,0,0.02727107319379588,0.38,0.3025752305984497,2.7099631566551707e-11
13,0,0.026916774438724284,0.38,0.16002283990383148,1.7222747533685023e-11
13,0,0.02963826604579697,0.36,0.17311659455299377,1.3056498590624521e-11
13,0,0.03581935004964754,0.36,0.17311659455299377,1.072418195913194e-11
13,0,0.0475357482104912,0.36,0.1567779779434204,9.66552966136236e-12
13,0,0.0673847264726543,0.32,0.1447037309408188,1.048331126768387e-11
13,0,0.0844356974624019,0.3,0.1447037309408188,1.1325177774745843e-11
13,0,0.10159313649279676,0.3,0.14553360641002655,1.0989056886678839e-11
13,0,0.14482588998509544,0.26,0.10679543763399124,1.3272965192212549e-11
13,0,0.1585267119162967,0.22,0.10679543763399124,1.4995124933414594e-11
13,0,0.16081195521604974,0.2,0.0950934886932373,1.8449774694118126e-11
13,0,0.15719843379552656,0.2,0.09888529777526855,2.310975022457029e-11
13,0,0.15891791123733204,0.18,0.07650839537382126,3.3606215033010756e-11
13,0,0.15668345813458684,0.18,0.07650839537382126,4.113241344749774e-11
13,0,0.15793420009802936,0.18,0.07650839537382126,4.9946342201012683e-11
13,0,0.15361759456551466,0.18,0.09888529777526855,5.2339726303030076e-11
13,0,0.15371396108443278,0.2,0.11613612622022629,6.283439046850248e-11
13,0,0.15716308818102315,0.2,0.11613612622022629,8.365731718473768e-11
13,0,0.1609252976604217,0.28,0.19199660420417786,1.1356504625581465e-10
13,0,0.1645211296018468,0.32,0.19199660420417786,1.5517766238648534e-10
13,0,0.16998214739222547,0.32,0.19199660420417786,2.1091260682393198e-10
13,0,0.17499094076140265,0.3,0.1966722011566162,2.8460647727435173e-10
13,0,0.18220886750167775,0.3,0.2110867202281952,3.6968336725173856e-10
13,0,0.1929643789322407,0.3,0.3228500485420227,4.708882728188257e-10
13,0,0.20033507080249058,0.34,0.3228500485420227,5.879388087492998e-10
13,0,0.20491461863503158,0.34,0.3933514356613159,6.694714227428733e-10
13,0,0.20920911053650923,0.34,0.3710753917694092,8.304544274473358e-10
13,0,0.20808577450303306,0.4,0.6047598123550415,8.989464173048134e-10
13,0,0.22096748289278917,0.44,0.6047598123550415,1.042125941097538e-09
13,0,0.24104678884454112,0.42,0.7472653985023499,1.3405201393368316e-09
13,0,0.24744349327381077,0.44,0.764667272567749,1.5801965291828424e-09
13,0,0.2503176635088564,0.42,0.8892558217048645,1.7279195851926943e-09
13,0,0.2528486771745409,0.46,0.8892558217048645,1.7222404613548292e-09
13,0,0.26119538537010867,0.46,0.8892558217048645,1.5773449213440927e-09
13,0,0.26980085169217727,0.46,0.8892558217048645,1.2920654546277888e-09
13,0,0.27723513622162155,0.46,0.8892558217048645,9.734325567833935e-10
13,0,0.2824385690016164,0.46,0.8796163201332092,8.295868436647424e-10
13,0,0.28552253197227373,0.46,0.8796163201332092,7.230819276671241e-10
13,0,0.28183110475964906,0.46,0.8796163201332092,6.73279820784245e-10
13,0,0.27817660805276384,0.46,0.8796163201332092,8.848964339058796e-10
13,0,0.2745994655614485,0.46,0.8892558217048645,6.859007251058813e-10
13,0,0.27921516264113244,0.46,0.8892558217048645,6.730576651570175e-10
13,0,0.29803932075740786,0.4,0.9057976007461548,6.355594939222442e-10
13,0,0.3087110940339337,0.4,0.9057976007461548,4.958359278717239e-10
13,0,0.32048168821051387,0.44,0.795539915561676,3.579064544734223e-10
13,0,0.31964680892765757,0.38,0.627077043056488,2.2669308097356122e-10
13,0,0.32568051615981486,0.4,0.627077043056488,1.476333222338866e-10
13,0,0.3271071255839745,0.36,0.3933514356613159,9.699698683141023e-11
13,0,0.328791972456204,0.36,0.3933514356613159,6.75915781678249e-11
13,0,0.3285515493582722,0.34,0.3228500485420227,4.7053243246164556e-11
13,0,0.32656815022637253,0.32,0.3037419617176056,3.239475354632759e-11
13,0,0.32267250811735176,0.32,0.1966722011566162,2.189703279809052e-11
13,0,0.31506393293028717,0.32,0.15638025104999542,1.4483741463122701e-11
13,0,0.3032300302278047,0.22,0.10352926701307297,9.616138614554348e-12
13,0,0.2889734431650635,0.2,0.03975062444806099,6.439649161138483e-12
13,0,0.267235795889976,0.2,0.016968773677945137,4.1437764677909605e-12
13,0,0.2497566940563669,0.18,0.006859390996396542,2.6620314026032377e-12
13,0,0.23006803349202223,0.18,0.005645438097417355,1.6068951724790281e-12
13,0,0.20321832106320784,0.16,0.006457952782511711,9.129237079838481e-13
13,0,0.1810821829525276,0.14,0.0007438988541252911,5.304691148150242e-13
13,0,0.1618706180099644,0.14,0.0007438988541252911,3.204767451848306e-13
13,0,0.14646406212670396,0.14,0.0004984118859283626,2.1747542460447133e-13
13,0,0.13359882520196337,0.14,0.0004984118859283626,1.4653003203163317e-13
13,0,0.12025796773621802,0.14,0.0004984118859283626,9.742737622523909e-14
13,0,0.10147874836139094,0.14,0.0004984118859283626,6.006243543970821e-14
13,0,0.08485581473251884,0.14,0.0004984118859283626,3.9230208979338516e-14
13,0,0.06942048034852567,0.14,0.0004984118859283626,2.81751940436328e-14
13,0,0.05590948045401034,0.14,0.0004984118859283626,2.1081891115638796e-14
13,0,0.04321318804598869,0.14,0.0004885537782683969,1.5636875339486087e-14
13,0,0.03247739284617079,0.14,0.0004885537782683969,1.215594092670181e-14
13,0,0.02386642808558575,0.14,0.0004885537782683969,1.023914178948206e-14
13,0,0.01742146405883311,0.14,0.0004885537782683969,9.573501794915215e-15
13,0,0.013571061127666696,0.12,0.0004885537782683969,8.964323322546448e-15
13,0,0.011533298168749293,0.12,0.0005477360682561994,8.328935956723738e-15
13,0,0.01016551436039203,0.12,0.0005477360682561994,7.885587900702522e-15
13,0,0.00954297175339803,0.12,0.0003960510075557977,7.93595332677921e-15
13,0,0.009084184672538485,0.12,0.0002936260716523975,7.1026800062365825e-15
13,0,0.00823836564919667,0.12,0.0002504086878616363,5.650428889158402e-15
13,0,0.007479729449973115,0.12,0.0002504086878616363,4.095032876027171e-15
13,0,0.007439269425443294,0.12,0.00023604351736139506,2.7840183619147777e-15
13,0,0.00827668986092336,0.12,0.00022990575234871358,1.7207020102053146e-15
13,0,0.01015422831124461,0.12,0.00017787041724659503,9.399938603033941e-16
13,0,0.013471555484756419,0.12,0.00017787041724659503,4.865288956997329e-16
13,0,0.019619919655983812,0.12,0.00017787041724659503,2.6314235235823434e-16
13,0,0.028915298947045392,0.12,0.00017787041724659503,1.282414234890115e-16
13,0,0.04358762086714258,0.12,0.00017787041724659503,5.978130239871787e-17
13,0,0.06611606034676099,0.12,0.00015263525710906833,2.851515571980166e-17
13,0,0.0994587605556321,0.12,0.00015263525710906833,1.547328686053124e-17
13,0,0.14821927964091147,0.12,0.00015263525710906833,1.0032622186749457e-17
13,0,0.21099287956961915,0.12,0.00015263525710906833,7.22851465178042e-18
13,0,0.26703928150957584,0.12,0.0001405444199917838,5.424264163776693e-18
13,0,0.29147661866043917,0.12,0.00012318813242018223,5.298631558751833e-18
13,0,0.2963396165391902,0.12,6.197852053446695e-05,6.425030282235199e-18
13,0,0.30067978934183,0.12,4.7100464144023135e-05,8.649583647186307e-18
13,0,0.30235853537401663,0.12,4.7100464144023135e-05,1.0613389830726e-17
13,0,0.30812014211435756,0.12,4.7100464144023135e-05,1.1675929797329966e-17
13,0,0.3217277371424207,0.12,4.7100464144023135e-05,1.3860962954155128e-17
13,0,0.33673721884911784,0.12,4.7100464144023135e-05,1.765952852823134e-17
13,0,0.35675076420075896,0.12,5.4888536396902055e-05,2.1842738050228387e-17
13,0,0.39915260984988993,0.12,5.4888536396902055e-05,2.4502957517643824e-17
13,0,0.4372396266669609,0.12,5.4888536396902055e-05,2.0707050502056357e-17
13,0,0.2796791765050637,0.12,5.6983993999892846e-05,8.361426181816722e-18
13,0,0.11503428529593207,0.12,5.6983993999892846e-05,3.1300795620414835e-18
13,0,0.18543514067391545,0.12,7.479963824152946e-05,1.736730629733167e-18
13,0,0.7632581964966901,0.12,0.0001489661226514727,2.265020074492968e-18
13,0,0.9600598488156781,0.12,0.0001489661226514727,5.45782618995042e-18
13,0,0.7983508581341549,0.12,0.0001489661226514727,1.0896956443695916e-17
13,0,0.03707972683177733,0.12,0.00014250697859097272,6.267273539095413e-17
13,0,0.0009223460376701771,0.12,0.00016158231301233172,1.0023832367037121e-15
13,0,0.00016693991983594231,0.12,0.00016158231301233172,1.1170632391907086e-14
13,0,0.00011195253662906928,0.12,0.00016158231301233172,9.5548609714384e-14
13,0,0.00017883728417753987,0.12,0.00016158231301233172,9.683348957748028e-13
13,0,0.0004817241155791127,0.12,0.000133737048599869,3.7978630657020673e-11
13,0,0.0011964042474598919,0.14,0.00010083671804750338,4.1580555665277075e-10
13,0,0.0018080294384828779,0.14,0.00014174710668157786,1.565640173062377e-09
13,0,0.0018951757777245287,0.14,0.00014174710668157786,2.0380848120282735e-09
13,0,0.0017724349911672954,0.14,0.00014174710668157786,2.1391153293137677e-09
13,0,0.0016284823713790485,0.14,0.00014174710668157786,2.1451254106352735e-09
13,0,0.0015902026621024052,0.14,0.0004476609465200454,2.9047140248650294e-09
13,0,0.0015878094038126445,0.18,0.0006020335713401437,3.927163039207926e-09
13,0,0.001546951911705716,0.18,0.0006020335713401437,4.184822710584513e-09
13,0,0.0015179231977894326,0.18,0.0006020335713401437,4.3591446008406365e-09
13,0,0.0015086979741917382,0.18,0.00035612579085864127,4.675342335502819e-09
13,0,0.0014593462470864583,0.16,0.0003097145236097276,5.064834329715495e-09
13,0,0.0014064131075377118,0.16,0.00029207204352132976,5.595695018456581e-09
13,0,0.0013657147638872155,0.16,0.00033164076739922166,5.838412420189343e-09
13,0,0.0012968969115100392,0.16,0.00033164076739922166,5.5529962850187076e-09
13,0,0.0012224165576495082,0.16,0.0003585005470085889,5.20041343321509e-09
13,0,0.0011559822047663773,0.16,0.0003585005470085889,4.915892581891512e-09
13,0,0.0010973108832676578,0.16,0.0003585005470085889,4.65934490989639e-09
13,0,0.001017919796105217,0.16,0.00031572816078551114,4.245189977325481e-09
13,0,0.0008951401008716242,0.16,0.0002560061984695494,3.6258371860498073e-09
13,0,0.0007142932620029694,0.2,0.00019382227037567645,2.8775504201661306e-09
13,0,0.0005824676899192552,0.2,0.0002211281971540302,2.6958455467962494e-09
13,0,0.0006849055040452575,0.26,0.0002211281971540302,5.064699326595701e-09
13,0,0.0009546587779408756,0.26,0.00029207009356468916,1.0950115481023204e-08
13,0,0.0009001779854206581,0.26,0.0002560061984695494,1.1003251643160183e-08
13,0,0.0007980316048576866,0.26,0.00033031770726665854,1.167823349135233e-08
13,0,0.0008718736640304669,0.26,0.0018356057116761804,1.8002140222961316e-08
13,0,0.0009412292876530297,0.28,0.0018356057116761804,2.4591839675736082e-08
13,0,0.0010286140750194986,0.28,0.0018356057116761804,3.471903653462505e-08
13,0,0.0010560321816269185,0.28,0.0018356057116761804,4.273847409308473e-08
13,0,0.0010502722667602479,0.28,0.0018356057116761804,4.6179764012777014e-08
13,0,0.0012310488493983247,0.26,0.00033031770726665854,5.18983291897257e-08
13,0,0.0014111285982499938,0.26,0.00033031770726665854,4.487316829226984e-08
13,0,0.001383107540880966,0.26,0.00026471895398572087,3.3710328750657936e-08
13,0,0.0013894271395848681,0.26,0.00026471895398572087,2.9493834929894547e-08
13,0,0.0014362066165182136,0.26,0.0002970842469949275,3.058140762846051e-08
13,0,0.0014214917918342507,0.26,0.0002970842469949275,2.6967775568209618e-08
13,0,0.0014362421707524759,0.26,0.0002970842469949275,2.4057156267076607e-08
13,0,0.0014981231692886095,0.24,0.0002970842469949275,2.215099925706454e-08
13,0,0.001598078786634527,0.22,0.0002970842469949275,2.1407410955021078e-08
13,0,0.0016941658500253193,0.22,0.0003461926826275885,2.1688446594225752e-08
13,0,0.0017418680430643944,0.22,0.0003980677283834666,2.2183300529832195e-08
13,0,0.0017980255345743114,0.22,0.0003980677283834666,2.476274296725478e-08
13,0,0.0018513901889068913,0.22,0.0006729178712703288,2.7866047247471215e-08
13,0,0.0019120782115299912,0.22,0.0007394573767669499,3.200066345243613e-08
13,0,0.001993670984858182,0.22,0.0007394573767669499,3.5088916661152325e-08
13,0,0.002047962499323969,0.22,0.0007394573767669499,3.612853660683868e-08
13,0,0.0020892189678689372,0.22,0.000776709639467299,3.698050576872447e-08
13,0,0.002121052083059222,0.22,0.000776709639467299,3.731756592628699e-08
13,0,0.002162564541346086,0.22,0.000776709639467299,3.664984404849747e-08
13,0,0.0021487276282810635,0.22,0.000776709639467299,3.1900658115091574e-08
13,0,0.0020803543701763782,0.24,0.000776709639467299,2.599522375135166e-08
13,0,0.0020413511658086973,0.24,0.000776709639467299,2.1518188120239756e-08
13,0,0.00209360638803574,0.24,0.000776709639467299,1.9444586385475304e-08
13,0,0.0022683126748917607,0.18,0.000776709639467299,2.0266661238110828e-08
13,0,0.0024908400494777602,0.16,0.000776709639467299,2.1980085307404806e-08
13,0,0.002173737770186326,0.12,0.0002581831067800522,1.5159786315166457e-08
13,0,0.0014223105870135155,0.12,0.00012907972268294543,4.0438101756024025e-09
13,0,0.00040298850891404286,0.12,0.00014410697622224689,1.752985118175232e-10
13,0,0.00011960077408717078,0.12,0.00018821457342710346,3.0795930042182285e-12
13,0,7.493837977737878e-05,0.12,0.00011131694191135466,5.670343209730755e-13
13,0,7.846118099568905e-05,0.12,9.6806776127778e-05,5.747972627381803e-13
13,0,8.445684280085315e-05,0.12,9.6806776127778e-05,7.985156047669861e-13
13,0,0.00010053644549008741,0.12,9.6806776127778e-05,9.94722641929624e-13
13,0,0.00010419158531090638,0.12,8.307146345032379e-05,1.2167622595246619e-12
13,0,0.00010837525559241277,0.12,8.307146345032379e-05,1.4333216688186545e-12
13,0,0.0001134042016131131,0.12,8.307146345032379e-05,1.5924784277712711e-12
13,0,0.00011839246059719702,0.12,8.307146345032379e-05,1.7117092248816745e-12
13,0,0.00012150363950270495,0.14,8.307146345032379e-05,1.7852407920015967e-12
13,0,0.00012192148020357505,0.14,8.307146345032379e-05,1.857220757392475e-12
13,0,0.00012341061667719063,0.14,8.307146345032379e-05,1.9640795066722117e-12
13,0,0.00012215161337536754,0.12,8.307146345032379e-05,2.0257766818188028e-12
13,0,0.0001228268654932005,0.12,9.6806776127778e-05,1.9790725048346447e-12
13,0,0.0001319514921085599,0.12,9.6806776127778e-05,1.9455897396630784e-12
13,0,0.00013903076122200964,0.12,0.00010297487460775301,1.846726114043684e-12
13,0,0.0001427270956066065,0.12,0.00010297487460775301,1.76152332737739e-12
13,0,0.00014656742428546538,0.12,0.00017411082808393985,1.7750377990372046e-12
13,0,0.00015120493595693592,0.12,0.00017411082808393985,1.821382237740532e-12
13,0,0.00015670057624175986,0.12,0.00017411082808393985,1.859482186283845e-12
13,0,0.00015919653485291344,0.12,0.00017411082808393985,1.86428346718448e-12
13,0,0.00016453721983007182,0.12,0.00017411082808393985,1.885269934956413e-12
13,0,0.000173452794257778,0.12,0.00023949315072968602,1.9912038597830195e-12
13,0,0.00017964410117166815,0.12,0.00028052559355273843,2.1915696254287687e-12
13,0,0.00018472537947835928,0.12,0.00036711327265948057,2.455345605653636e-12
13,0,0.00019241766481718168,0.14,0.00036711327265948057,2.8192693405509894e-12
13,0,0.00019988436808994538,0.14,0.0004170910397078842,3.119497715697861e-12
13,0,0.0002069066696665376,0.14,0.0004170910397078842,3.2915174492248456e-12
13,0,0.00021466553387509269,0.14,0.0004170910397078842,3.364641247907696e-12
13,0,0.00022184826410912633,0.14,0.00046210267464630306,3.3412667164306464e-12
13,0,0.00023198262263079587,0.14,0.00046210267464630306,3.460591405449187e-12
13,0,0.00025523567068156734,0.14,0.00046210267464630306,3.707379455514248e-12
13,0,0.00028834967616203156,0.14,0.00046210267464630306,4.330374166888751e-12
13,0,0.0002914988515299937,0.14,0.00046210267464630306,5.095425817391863e-12
13,0,0.00030246354884251846,0.14,0.00046210267464630306,5.637874715691549e-12
13,0,0.0003375753828285498,0.14,0.00046210267464630306,5.658191797042189e-12
13,0,0.0003611334631745548,0.14,0.00046210267464630306,4.9694415249490476e-12
13,0,0.0003734845308014516,0.14,0.00046210267464630306,4.549295402195286e-12
13,0,0.0003673608773476048,0.14,0.00041422309004701674,4.423614686360766e-12
13,0,0.0003779337925847191,0.14,0.00041422309004701674,4.284701933532364e-12
13,0,0.00039084929961656303,0.14,0.00041422309004701674,3.786201820815682e-12
13,0,0.0003808123071866739,0.14,0.0004763557808473706,3.1185757101703793e-12
13,0,0.00036882164502173554,0.14,0.0004763557808473706,2.514598555422576e-12
13,0,0.00036512170238308745,0.14,0.0004763557808473706,2.0897350690163297e-12
13,0,0.0003667512024990651,0.14,0.0004299564170651138,1.783732992040321e-12
13,0,0.00036581427815610823,0.14,0.0003912562387995422,1.5354287936572564e-12
13,0,0.0003676620696240616,0.14,0.0003912562387995422,1.3686220125957993e-12
13,0,0.0003751959383893412,0.14,0.0003912562387995422,1.3376167578085796e-12
13,0,0.0003885552394923109,0.14,0.00037837991840206087,1.3119275631134908e-12
13,0,0.0004036882199034864,0.14,0.00037837991840206087,1.276742492110905e-12
13,0,0.00041404328632564636,0.14,0.00033303897362202406,1.2657127949899927e-12
13,0,0.00042484624295903315,0.14,0.00028959428891539574,1.26705818146583e-12
13,0,0.0004391201110571629,0.14,0.00028959428891539574,1.3036734235541414e-12
13,0,0.0004536576949273261,0.14,0.00028959428891539574,1.3868376932957283e-12
13,0,0.00046103377334799883,0.14,0.0002729817933868617,1.485131895934133e-12
13,0,0.0004517938363500374,0.14,0.0001847280072979629,1.3963930923024948e-12
13,0,0.00045976329501673334,0.14,0.0001976891653612256,1.532280921069662e-12
13,0,0.00045719805491388943,0.16,0.0001685247989371419,1.6888623746019737e-12
13,0,0.00044341342488906233,0.16,0.0001685247989371419,1.9021448912498462e-12
13,0,0.0004175544784776229,0.14,0.0001685247989371419,2.224027819547336e-12
13,0,0.00039498203210153215,0.14,0.0001685247989371419,2.6530646169559136e-12
13,0,0.0003673834153343117,0.14,0.0001685247989371419,3.1436164435461045e-12
13,0,0.00032046704141601873,0.14,0.00013948330888524652,3.881522707416263e-12
13,0,0.0003055788204031866,0.14,0.00018760323291644454,7.038859946295606e-12
13,0,0.00029740508259684385,0.14,0.00018760323291644454,1.0401133947179897e-11
13,0,0.0003015075032020848,0.14,0.00018760323291644454,1.5782340712089393e-11
13,0,0.00030978212368539833,0.14,0.00022006852668710053,2.1190649929225813e-11
13,0,0.0003154659894966646,0.14,0.00022006852668710053,2.5967235306456615e-11
13,0,0.00033676768062612623,0.14,0.00022594394977204502,2.933378540070919e-11
13,0,0.0003425320159785135,0.14,0.00023969462199602276,2.7439425731579092e-11
13,0,0.00041995262968395257,0.14,0.00026340753538534045,2.941519597343678e-11
13,0,0.00043758740678862803,0.14,0.00033386773429811,4.3201556915173356e-11
13,0,0.00028918977902349987,0.14,0.00033386773429811,6.408810981906043e-11
13,0,0.0002171923817108716,0.14,0.0003699013905134052,9.152574531601232e-11
13,0,0.0003430270765050218,0.14,0.00033660492044873536,1.0761436880502018e-10
13,0,0.00041670402025807327,0.14,0.00033660492044873536,1.0748677642391513e-10
13,0,0.00034787881560324654,0.14,0.00033660492044873536,7.819360436922551e-11
13,0,0.0003165646187362084,0.14,0.00033660492044873536,5.66316125938382e-11
13,0,0.0003427164832119917,0.14,0.00033660492044873536,4.709131348756834e-11
13,0,0.0003750503721819133,0.14,0.00033660492044873536,4.344432799618936e-11
13,0,0.00039503645743659357,0.14,0.00033660492044873536,4.226023697651016e-11
13,0,0.00040623090640176906,0.14,0.00033660492044873536,4.093815217376395e-11
13,0,0.00043022266364613307,0.14,0.00033660492044873536,4.0338999501843276e-11
13,0,0.00047522981887141797,0.14,0.00033660492044873536,4.0994489053369776e-11
13,0,0.0005248391006832934,0.14,0.00033660492044873536,4.0785163440970607e-11
13,0,0.0005728165992642887,0.14,0.00033660492044873536,3.9406127666508084e-11
13,0,0.000629511802203589,0.14,0.00033660492044873536,3.915088392369981e-11
13,0,0.0006723387415431381,0.14,0.0002502762363292277,3.451614688509963e-11
13,0,0.0007231702585494553,0.14,0.00020901337848044932,3.106922705220505e-11
13,0,0.0008004773061732025,0.14,0.00021546198695432395,3.15282938645467e-11
13,0,0.0008753267932660993,0.14,0.00021546198695432395,3.075333043778272e-11
13,0,0.0009531352681463124,0.14,0.00021546198695432395,3.142784990584069e-11
13,0,0.0009733477623872192,0.14,0.00021546198695432395,3.226279660095699e-11
13,0,0.0010103455371121785,0.14,0.00021546198695432395,3.45765673037679e-11
13,0,0.0011208112601625432,0.14,0.00021546198695432395,4.1530206357220933e-11
13,0,0.001225022844360938,0.14,0.00021546198695432395,5.0954865327135224e-11
13,0,0.0013414642931318076,0.14,0.00021546198695432395,6.064258123439359e-11
13,0,0.0014510246594720228,0.14,0.00021546198695432395,7.268106949620545e-11
13,0,0.0015787647824744913,0.14,0.0003186046378687024,1.0035718089884682e-10
13,0,0.001715038236646825,0.14,0.00042849243618547916,1.3997301928636574e-10
13,0,0.0017935956207846726,0.14,0.0005475559737533331,1.6691596715912027e-10
13,0,0.0018744023461815152,0.14,0.0005475559737533331,1.993136072853119e-10
13,0,0.0019086611503360124,0.14,0.0005661861505359411,2.401862042589187e-10
13,0,0.001912248521498814,0.14,0.0006221783114597201,2.752582328735542e-10
13,0,0.0019636548379542095,0.12,0.0006221783114597201,3.350248967137759e-10
13,0,0.001990666821736974,0.12,0.0006221783114597201,3.9569050813703655e-10
13,0,0.001989763334122732,0.12,0.0006221783114597201,4.289220090214485e-10
13,0,0.0019902223213703867,0.12,0.0006221783114597201,4.6522471985888103e-10
13,0,0.001942439388427315,0.12,0.0009285684791393578,5.046336126746098e-10
13,0,0.0018809686919006728,0.12,0.0009285684791393578,5.442867268001805e-10
13,0,0.0018362371233200522,0.12,0.0009285684791393578,6.081717907058248e-10
13,0,0.0018583311961011223,0.12,0.0009116829605773091,7.481238961659642e-10
13,0,0.0018671297917329686,0.12,0.0009116829605773091,9.137857137631045e-10
13,0,0.0017748290489208636,0.12,0.0009116829605773091,9.287194346896399e-10
13,0,0.0016798868670426033,0.12,0.0009116829605773091,8.554947861227902e-10
13,0,0.0016231706513429635,0.12,0.0009116829605773091,8.190184641598819e-10
13,0,0.0015859489026707168,0.1,0.0009116829605773091,7.961200587658368e-10
13,0,0.001378141940104139,0.1,0.0046207415871322155,7.68889008018192e-10
13,0,0.0011267128216163682,0.1,0.0046207415871322155,7.672218971244149e-10
13,0,0.0011115723604354765,0.1,0.0046207415871322155,8.355641178958706e-10
13,0,0.0011168189609528402,0.1,0.0046207415871322155,8.671505735691198e-10
13,0,0.0010669127361374055,0.1,0.0009116829605773091,9.5477581396608e-10
13,0,0.001018803693019133,0.1,0.0009116829605773091,1.0136547157202358e-09
13,0,0.0009894709351633796,0.1,0.0009116829605773091,1.048493958322183e-09
13,0,0.0009632717318076188,0.12,0.0009116829605773091,1.0488120372187382e-09
13,0,0.0009371266664599911,0.12,0.0009116829605773091,1.0232273917054613e-09
13,0,0.0009226225328199362,0.12,0.0009116829605773091,9.806949696766765e-10
13,0,0.0009228904938599412,0.12,0.000993990572169423,9.275067935909931e-10
13,0,0.000922446758186114,0.12,0.000993990572169423,8.580620658449334e-10
13,0,0.0009072888952219259,0.12,0.000993990572169423,7.706420501740752e-10
13,0,0.0008772623135796805,0.12,0.000993990572169423,6.753853032392954e-10
13,0,0.0008611612245842071,0.12,0.000993990572169423,5.946366732345609e-10
13,0,0.000874349311376383,0.12,0.000993990572169423,5.41615918780991e-10
13,0,0.0009016024662241659,0.12,0.000993990572169423,5.0313725408202e-10
13,0,0.0009089043384852321,0.12,0.000993990572169423,4.660808960998963e-10
13,0,0.0009871844891703558,0.14,0.0006660281796939671,4.49942194613584e-10
13,0,0.0010521403822457813,0.14,0.0007869168766774237,5.457670426700645e-10
13,0,0.0013151616972604514,0.14,0.0007869168766774237,6.718148815032521e-10
13,0,0.0014656476964212432,0.14,0.0006660281796939671,8.717890853660037e-10
13,0,0.001664963125387711,0.14,0.0006660281796939671,1.156906126453805e-09
13,0,0.0018845691557578205,0.14,0.0006783669232390821,1.339883648476814e-09
13,0,0.002193668846883318,0.14,0.0006783669232390821,1.6416313863842902e-09
13,0,0.002525577519393003,0.14,0.0006783669232390821,2.122545472715842e-09
13,0,0.002844119405089626,0.14,0.0006783669232390821,2.5291480021394364e-09
13,0,0.0031559290431122395,0.14,0.0006783669232390821,2.69531086338759e-09
13,0,0.0033948261287991507,0.14,0.000801493413746357,2.6799424901469138e-09
13,0,0.003427967693928026,0.14,0.0006783669232390821,2.6131472541379708e-09
13,0,0.003363222018232147,0.14,0.0006783669232390821,2.616254102250082e-09
13,0,0.0034333839659517734,0.14,0.0006783669232390821,2.963247425213922e-09
13,0,0.003656797562307636,0.14,0.0006660281796939671,4.035989320527733e-09
13,0,0.003925005748726264,0.14,0.0006660281796939671,5.475786046815756e-09
13,0,0.004157897632365057,0.14,0.0006660281796939671,6.525429974146846e-09
13,0,0.004463105130232225,0.14,0.0006660281796939671,8.058230527296928e-09
13,0,0.004965408435655292,0.14,0.0006660281796939671,1.0917352355477306e-08
13,0,0.0055905820760044096,0.14,0.0007869168766774237,1.597004839481997e-08
13,0,0.006178958857932103,0.14,0.0006660281796939671,2.266695275920938e-08
13,0,0.00672525738802231,0.14,0.0006660281796939671,3.133040138436627e-08
13,0,0.0071933445143292345,0.14,0.0006660281796939671,3.891048550030973e-08
13,0,0.007745094522537115,0.14,0.0006660281796939671,4.6346094961791096e-08
13,0,0.008395590856587245,0.14,0.000993990572169423,5.150850057589196e-08
13,0,0.008542513141913744,0.14,0.0011743366485461593,4.433743683307512e-08
13,0,0.008181457944790691,0.16,0.0010884974617511034,4.077908499766636e-08
13,0,0.007637764275492434,0.16,0.0010884974617511034,4.187292290680489e-08
13,0,0.006881281266581268,0.16,0.0010884974617511034,4.2546279388488983e-08
13,0,0.005997653080166934,0.16,0.0010884974617511034,4.0676621182456074e-08
13,0,0.0051439181637768375,0.1,0.000921321683563292,3.6550993343098526e-08
13,0,0.004406105918981769,0.1,0.000921321683563292,3.224937117352056e-08
13,0,0.0038861169946888528,0.1,0.005512935109436512,2.6779302331192412e-08
13,0,0.0034770800521214187,0.1,0.008947002701461315,2.1773082892195816e-08
13,0,0.0029036249260154822,0.12,0.008947002701461315,1.7101363880556164e-08
13,0,0.0025555647712854914,0.12,0.007582047954201698,1.3732843306968334e-08
13,0,0.0026495141960793714,0.12,0.008947002701461315,1.116361669772914e-08
13,0,0.0027483787032933716,0.12,0.008947002701461315,9.121475130768886e-09
13,0,0.002744026079957667,0.14,0.008947002701461315,7.852382744033548e-09
13,0,0.0026934374090000802,0.14,0.008947002701461315,6.318490175516445e-09
13,0,0.0027661223672114667,0.16,0.008947002701461315,4.704916900521994e-09
13,0,0.002959584685958104,0.16,0.008947002701461315,3.1413436296645614e-09
13,0,0.002968069875243002,0.16,0.008947002701461315,2.235889251522849e-09
13,0,0.0024944507162162257,0.16,0.007823795080184937,1.5217572757464382e-09
13,0,0.0022318998873805127,0.16,0.007823795080184937,1.1776917219208372e-09
13,0,0.0023323792779948644,0.16,0.008591348305344582,1.0693185226173796e-09
13,0,0.002555257294258662,0.16,0.008591348305344582,1.0472948064332854e-09
13,0,0.002815460132320222,0.16,0.008591348305344582,1.0637811742597592e-09
13,0,0.002953649219462994,0.16,0.007707673124969006,1.0972582842327938e-09
13,0,0.00327732920217815,0.16,0.007707673124969006,1.2423871931233066e-09
13,0,0.004010602026469783,0.16,0.008655311539769173,2.0410257928205056e-09
13,0,0.0045134424153080045,0.16,0.008655311539769173,2.6644684236742933e-09
13,0,0.004990362683340399,0.16,0.008655311539769173,3.4608473864494727e-09
13,0,0.0050577618396929975,0.16,0.008655311539769173,4.077244764033594e-09
13,0,0.005464558338613726,0.16,0.008655311539769173,4.38496217114448e-09
13,0,0.006096136719545016,0.18,0.009320925921201706,3.5629237338241637e-09
13,0,0.005580126957081278,0.18,0.008814358152449131,2.9371607368489094e-09
13,0,0.005018171910998886,0.18,0.008814358152449131,2.6923205886930646e-09
13,0,0.004942384563277199,0.18,0.008814358152449131,2.7680102654414895e-09
13,0,0.0049151129495384836,0.18,0.008814358152449131,2.7554312165278816e-09
13,0,0.0049066511839511604,0.18,0.007018507923930883,2.5677320270034443e-09
13,0,0.004876980806604227,0.18,0.007018507923930883,2.2919131037468787e-09
13,0,0.004910804764814128,0.18,0.007018507923930883,2.2079191808188625e-09
13,0,0.004942286012274167,0.18,0.007018507923930883,2.207986460334155e-09
13,0,0.004697075037722871,0.18,0.007018507923930883,2.274866961471389e-09
13,0,0.00462337972637602,0.2,0.007707673124969006,2.4483579608158834e-09
13,0,0.004760505718385097,0.2,0.008591348305344582,2.5505113576684835e-09
13,0,0.00472427593205217,0.2,0.007823795080184937,2.450553759913987e-09
13,0,0.0047124037238219065,0.2,0.007823795080184937,2.3873438781407685e-09
13,0,0.004730590598880768,0.2,0.007823795080184937,2.411618238440383e-09
13,0,0.0047263971996916055,0.22,0.007568163797259331,2.431729040353048e-09
13,0,0.004770187601199105,0.22,0.007568163797259331,2.577373647838499e-09
13,0,0.004624285891891049,0.22,0.007823795080184937,2.8711744093357083e-09
13,0,0.004426071203097723,0.18,0.007823795080184937,3.2033988794921697e-09
13,0,0.004322929857291516,0.18,0.007823795080184937,3.52283180404811e-09
13,0,0.004217285803147712,0.18,0.007823795080184937,3.935974213220561e-09
13,0,0.003993953604446986,0.18,0.007823795080184937,4.408855502902043e-09
13,0,0.0036759208029608346,0.18,0.007823795080184937,4.914561202440382e-09
13,0,0.0034235112114553708,0.16,0.008591348305344582,5.364315658340502e-09
13,0,0.0031757948760993233,0.16,0.008403503336012363,5.943308067912767e-09
13,0,0.0028943301877027293,0.16,0.008403503336012363,6.608422253862045e-09
13,0,0.0027454317315786544,0.16,0.008403503336012363,6.79059120045622e-09
13,0,0.0026731986013884285,0.16,0.007402523420751095,6.7296164196761765e-09
13,0,0.0025658609908867716,0.16,0.00563761917874217,6.3373306602443336e-09
13,0,0.0024796908799864102,0.16,0.006192036438733339,6.042822686680438e-09
13,0,0.0025262250980530128,0.16,0.006192036438733339,6.629303328509195e-09
13,0,0.0026413119139271214,0.2,0.008310848847031593,8.683326946368197e-09
13,0,0.0033799975575753735,0.2,0.008591348305344582,1.1328241455998977e-08
13,0,0.003654108209578912,0.2,0.008591348305344582,1.4378369606049546e-08
13,0,0.004037357187649705,0.2,0.008591348305344582,1.6714421846586447e-08
13,0,0.004665625521777138,0.2,0.008591348305344582,1.8156038450456435e-08
13,0,0.005376447443088844,0.2,0.008591348305344582,2.0846714576805425e-08
13,0,0.006391613285092227,0.2,0.007280253805220127,2.3509736379878632e-08
13,0,0.007615954620305165,0.2,0.008591348305344582,2.6858590018719042e-08
13,0,0.008781896073140888,0.2,0.00982365757226944,3.3046585912188675e-08
13,0,0.00987877070818133,0.2,0.008326083421707153,4.049014989959687e-08
13,0,0.010894199909300425,0.2,0.00746948691084981,4.5739273701883576e-08
13,0,0.011913824830141985,0.18,0.00746948691084981,4.8065263769103694e-08
13,0,0.012906356961381312,0.18,0.008814358152449131,4.996271130153218e-08
13,0,0.013467389700611267,0.18,0.008526640012860298,4.63028904107432e-08
13,0,0.013794930152354402,0.16,0.006353165488690138,4.257274355268237e-08
13,0,0.01397341781535495,0.16,0.005311071407049894,3.821039840090634e-08
13,0,0.014567837819560253,0.16,0.005311071407049894,3.9451609978868873e-08
13,0,0.014828615250215829,0.16,0.005311071407049894,3.4202940923933056e-08
13,0,0.015554974869454183,0.18,0.005311071407049894,3.420058902747769e-08
13,0,0.016115439598272538,0.16,0.005311071407049894,3.480456456372849e-08
13,0,0.015858649327941052,0.16,0.005311071407049894,3.417020622009659e-08
13,0,0.01523025011456636,0.16,0.005311071407049894,3.3935283028085905e-08
13,0,0.015263139971116805,0.16,0.004498296417295933,3.664991510277105e-08
13,0,0.01608876887568543,0.16,0.005921619478613138,3.9073434265901597e-08
13,0,0.018688234679449908,0.18,0.007082656025886536,5.0911999949221354e-08
13,0,0.021697851282543763,0.18,0.009503310546278954,6.98961315492852e-08
13,0,0.026127090611304332,0.18,0.011279466561973095,1.0596490085390542e-07
13,0,0.03047410591025498,0.16,0.011926007457077503,1.3126026487952913e-07
13,0,0.024875006236415732,0.16,0.013021389953792095,1.3085143280022749e-07
13,0,0.014414019241405956,0.16,0.006995989941060543,4.8965421939328735e-08
13,0,0.007505908848554781,0.14,0.0013829731615260243,1.0321290488946033e-08
13,0,0.00458656066935387,0.16,0.0014019774971529841,3.508963786202912e-09
13,0,0.004138031168689136,0.16,0.0013252078788354993,2.9176294713550988e-09
13,0,0.004856261300789814,0.16,0.0014019774971529841,3.4339935339744443e-09
13,0,0.005499272861027457,0.16,0.0009086247300729156,4.532966446646469e-09
13,0,0.005609063626163636,0.16,0.0005441536195576191,6.612431935337781e-09
13,0,0.006059194875756783,0.14,0.0004544619005173445,1.013496930823976e-08
13,0,0.006759425663144625,0.14,0.0004544619005173445,1.7482518543943115e-08
13,0,0.0065834088620622,0.14,0.0004544619005173445,2.8935621898540376e-08
13,0,0.007102581245141457,0.14,0.0005643287440761924,3.69654848952905e-08
13,0,0.00764759105550254,0.14,0.0008422549581155181,4.715448298497904e-08
13,0,0.006428262449953922,0.14,0.0007961103110574186,6.933394303132445e-08
13,0,0.006386864695109648,0.14,0.0007961103110574186,9.549951585086092e-08
13,0,0.0068697971833840375,0.14,0.0011381524382159114,1.2415803496423905e-07
13,0,0.0073773893315073145,0.14,0.0005335865425877273,1.5930096708416386e-07
13,0,0.007858163269254984,0.14,0.000576914637349546,1.8053330563816417e-07
13,0,0.008384016663802472,0.14,0.000576914637349546,2.0642298181883234e-07
13,0,0.009219911863750188,0.12,0.0031917609740048647,2.4921530439314665e-07
13,0,0.010768369428044076,0.12,0.005797082558274269,3.224916440558445e-07
13,0,0.013077194012832541,0.14,0.005465471185743809,4.3642637592711253e-07
13,0,0.015973780863983305,0.14,0.004660008940845728,6.101103053879342e-07
13,0,0.01975241443004664,0.16,0.004817884881049395,9.25075369195838e-07
13,0,0.023190756867335613,0.18,0.004817884881049395,1.3515057162294397e-06
13,0,0.027523489288984536,0.18,0.00421084463596344,1.936325816132012e-06
13,0,0.03150988857023624,0.18,0.00407277699559927,2.5362153337482596e-06
13,0,0.0345137208041688,0.18,0.011354951187968254,3.325158559164265e-06
13,0,0.03881367883132029,0.18,0.012396778911352158,4.712539976026164e-06
13,0,0.044687079088337724,0.22,0.012396778911352158,6.753851721441606e-06
13,0,0.04794751554173499,0.22,0.024121366441249847,9.52257960307179e-06
13,0,0.05247449550655947,0.24,0.029642388224601746,1.3166237295081373e-05
13,0,0.06247871115214704,0.24,0.03483932465314865,1.6977082850644365e-05
13,0,0.0654064397703143,0.3,0.12086707353591919,2.0837191186728887e-05
13,0,0.06238631026510839,0.3,0.17333859205245972,2.5882309273583815e-05
13,0,0.06811354087312792,0.32,0.21737001836299896,3.1987881811801344e-05
13,0,0.07757450186395523,0.32,0.4070296585559845,4.1529878217261285e-05
13,0,0.08590151517905018,0.34,0.470486581325531,6.169653352117166e-05
13,0,0.09512737821086203,0.34,0.5440062284469604,9.311175381299108e-05
13,0,0.10342428239219842,0.4,0.6526191234588623,0.000141754251671955
13,0,0.11297984065097122,0.44,0.6526191234588623,0.00022317044204100966
13,0,0.12316140478171031,0.46,0.6654079556465149,0.00030949790379963815
13,0,0.13259003185320148,0.44,0.8120384216308594,0.0004222906136419624
13,0,0.14025841537430528,0.44,0.8092186450958252,0.0005658554728142917
13,0,0.1440283249150748,0.44,0.8092186450958252,0.0006473748362623155
13,0,0.14746566181253698,0.46,0.7770023941993713,0.0007125319680199027
13,0,0.148999805927668,0.46,0.7770023941993713,0.0007571839960291982
13,0,0.14799627077388047,0.46,0.7438169717788696,0.0007707821787334979
13,0,0.14786128223779263,0.44,0.7696148157119751,0.0007706598844379187
13,0,0.14165331022619787,0.38,0.7863135933876038,0.0006456275004893541
13,0,0.13245661343639809,0.4,0.7863135933876038,0.000551811303012073
13,0,0.12428533741099747,0.4,0.761806845664978,0.0004990379675291479
13,0,0.1171803119468094,0.38,0.761806845664978,0.0004514080937951803
13,0,0.11116735016890933,0.38,0.640303909778595,0.00039766586269252
13,0,0.10264093235365043,0.4,0.5797306299209595,0.0003631491563282907
13,0,0.09315614863888935,0.38,0.6346726417541504,0.0003200687642674893
13,0,0.08456387618423837,0.34,0.4468536376953125,0.00027359824161976576
13,0,0.07849897140178914,0.36,0.4468536376953125,0.00023148350010160357
13,0,0.07778397347475971,0.36,0.3462672531604767,0.00018693455785978585
13,0,0.08060031112333874,0.36,0.17650501430034637,0.00016642635455355048
13,0,0.08134081138169603,0.34,0.17650501430034637,0.00015438134141732007
13,0,0.08062561774894036,0.34,0.16320554912090302,0.00015090258966665715
13,0,0.08236089781377443,0.34,0.05496203899383545,0.00014268059749156237
13,0,0.08501252156519627,0.34,0.05496203899383545,0.00013618999219033867
13,0,0.08827123803621148,0.34,0.05496203899383545,0.0001277383416891098
13,0,0.0915866004609669,0.34,0.05496203899383545,0.00012028298078803346
13,0,0.09482737927539864,0.34,0.057949017733335495,0.00011598181299632415
13,0,0.09780360537630485,0.34,0.06332027167081833,0.00011037757940357551
13,0,0.10193610117158168,0.34,0.06332027167081833,0.0001127766227000393
13,0,0.10825658836523658,0.34,0.06332027167081833,0.00011782523506553844
13,0,0.11323036933587056,0.34,0.06332027167081833,0.00012098039587726817
13,0,0.11413127775831627,0.36,0.06332027167081833,0.00012000869901385158
13,0,0.1157327534262195,0.36,0.06332027167081833,0.00011853057367261499
13,0,0.11750502423681353,0.36,0.06332027167081833,0.00012031406367896125
13,0,0.12029807856671117,0.34,0.06332027167081833,0.00012185418017907068
13,0,0.12351173343700195,0.34,0.18480569124221802,0.0001247483742190525
13,0,0.12835139957731134,0.34,0.18480569124221802,0.0001261758297914639
13,0,0.13123761069459455,0.38,0.35907039046287537,0.00012938828149344772
13,0,0.13438663411765897,0.4,0.4607546627521515,0.0001324873010162264
13,0,0.13938097158524723,0.4,0.4607546627521515,0.0001358209119644016
13,0,0.14489060721849575,0.44,0.5919680595397949,0.00014648727665189654
13,0,0.14587854739402295,0.46,0.644201397895813,0.00015737969079054892
13,0,0.1387442870684577,0.48,0.622291624546051,0.00016886822413653135
13,0,0.13011528826736782,0.48,0.622291624546051,0.00018520474259275943
13,0,0.13217071188819035,0.48,0.622291624546051,0.0001867487299023196
13,0,0.1347652337087412,0.48,0.6467522382736206,0.0001914835156640038
13,0,0.14654139335455374,0.5,0.6680001020431519,0.00018199713667854667
13,0,0.16373885798455123,0.5,0.6680001020431519,0.00021265423856675625
13,0,0.17318432247209664,0.54,0.6771469712257385,0.0003139156033284962
13,0,0.2023598780184505,0.5,0.6548314094543457,0.0006606413517147303
13,0,0.2160309251040418,0.54,0.8519724607467651,0.001122659887187183
13,0,0.17358247195297208,0.54,0.8633359670639038,0.0012506174389272928
13,0,0.12624593533584896,0.48,0.7258419990539551,0.0009673043969087303
13,0,0.0878944508737756,0.42,0.6016722917556763,0.000495180138386786
13,0,0.06610272139057453,0.42,0.6330242156982422,0.00025480837211944163
13,0,0.05763008582769961,0.42,0.6351969838142395,0.00018973172700498253
13,0,0.056714027726690076,0.38,0.34700772166252136,0.00018774390628095716
13,0,0.06012803134729836,0.32,0.03224964439868927,0.00020817008044105023
13,0,0.06612181819999458,0.3,0.03224964439868927,0.0002296419843332842
13,0,0.06996379611547014,0.24,0.0126869585365057,0.0002521893766243011
13,0,0.07312605122463929,0.22,0.008533910848200321,0.0002367273555137217
13,0,0.07763102685701018,0.22,0.008533910848200321,0.00019400901510380208
13,0,0.08108942454190095,0.24,0.008533910848200321,0.00016877437883522362
13,0,0.0822295946912211,0.24,0.008533910848200321,0.00014658382860943675
13,0,0.08115357916093606,0.24,0.008533910848200321,0.00013278274855110794
13,0,0.08058640097839884,0.24,0.005299908574670553,0.00012327427975833416
13,0,0.08294875765099023,0.24,0.004018756560981274,0.00011389418796170503
13,0,0.08804035092131518,0.26,0.004018756560981274,0.00010568915604380891
13,0,0.09311310944022169,0.24,0.00533977011218667,0.00010211593325948343
13,0,0.09882330638852253,0.24,0.005231501068919897,0.0001018469556584023
13,0,0.10584764311447485,0.28,0.005231501068919897,0.00010594767809379846
13,0,0.11153796719601607,0.28,0.005231501068919897,0.00011475891369627789
13,0,0.1163323082013086,0.28,0.00692452397197485,0.0001247390900971368
13,0,0.1204521551942762,0.28,0.00692452397197485,0.00013583747204393148
13,0,0.12694315164065925,0.3,0.00692452397197485,0.000158946611918509
13,0,0.13874845427725443,0.4,0.017874058336019516,0.00019003679335583001
13,0,0.15228638155029914,0.42,0.026451226323843002,0.00023517552472185344
13,0,0.1680563291296728,0.44,0.10559555143117905,0.00031105533707886934
13,0,0.1912066380397644,0.46,0.23995351791381836,0.0004109008295927197
13,0,0.21742179431129952,0.5,0.4026644229888916,0.000506135169416666
13,0,0.22952886736668868,0.52,0.4037342667579651,0.0006267453427426517
13,0,0.22274131361017155,0.54,0.31097084283828735,0.0007791355019435287
13,0,0.22748390199919433,0.58,0.33857136964797974,0.000859417428728193
13,0,0.24813462193221478,0.58,0.4041670262813568,0.000954337534494698
13,0,0.26168496652428713,0.62,0.5032036900520325,0.0011891775066033006
13,0,0.2730564405722306,0.62,0.5032036900520325,0.0014513494679704309
13,0,0.28635947737411077,0.62,0.6589112281799316,0.0016738229896873236
13,0,0.2921604046171884,0.64,0.7740957736968994,0.0020224477630108595
13,0,0.2944582744602676,0.66,0.8423649668693542,0.002430934691801667
13,0,0.3013279949086616,0.64,0.8423649668693542,0.002598951105028391
13,0,0.3100545552817053,0.66,0.8558743596076965,0.0025778168346732855
13,0,0.309886654592138,0.66,0.8769453763961792,0.0026056391652673483
13,0,0.3024073037933406,0.66,0.8769453763961792,0.002425047103315592
13,0,0.2927902064917213,0.64,0.8769453763961792,0.0022551482543349266
13,0,0.2851914919061102,0.64,0.8885929584503174,0.0021879286505281925
13,0,0.27840285229698986,0.62,0.8238458633422852,0.002106723375618458
13,0,0.2680602750982644,0.6,0.7957994341850281,0.001833618269301951
13,0,0.2550840121778548,0.58,0.778118908405304,0.0014881230890750885
13,0,0.24175207689231082,0.58,0.778118908405304,0.001138100284151733
13,0,0.22539479348466795,0.58,0.7375355362892151,0.0008235786808654666
13,0,0.20522875218598025,0.58,0.5204112529754639,0.0005532703944481909
13,0,0.1864333411718611,0.58,0.5231721997261047,0.0003516698780003935
13,0,0.16934428238949648,0.58,0.2729789912700653,0.00022453816200140864
13,0,0.15173911264305306,0.54,0.17651361227035522,0.00014500027464237064
13,0,0.1339487383108491,0.54,0.13685373961925507,0.00010440022015245631
13,0,0.11486300169484388,0.5,0.06898918747901917,8.045305730774999e-05
13,0,0.09644055303370867,0.5,0.03778529539704323,6.087205110816285e-05
13,0,0.0908461915346462,0.46,0.04288138449192047,4.128619912080467e-05
13,0,0.09242596805501468,0.44,0.01836012676358223,2.623663931444753e-05
13,0,0.11349588619604026,0.42,0.004346356727182865,1.8631142665981315e-05
13,0,0.11632803538629474,0.42,0.0030550879891961813,1.3598884834209457e-05
13,0,0.09173066497642461,0.38,0.0030550879891961813,8.075047844613437e-06
13,0,0.0687342441358809,0.34,0.002253974787890911,5.003576006856747e-06
13,0,0.07184181755245606,0.32,0.0025001598987728357,3.785126409638906e-06
13,0,0.06967599203557717,0.26,0.0009655557805672288,3.3514427286718274e-06
13,0,0.06922729438772894,0.24,0.0006111960974521935,3.163793735438958e-06
13,0,0.06950029742176578,0.24,0.0006111960974521935,3.0905405310477363e-06
13,0,0.07080137567891351,0.24,0.0006111960974521935,3.1114429930312326e-06
13,0,0.07462009682522416,0.26,0.0005097236717119813,3.286710807515192e-06
13,0,0.0805787312842676,0.26,0.0005097236717119813,3.6443241242523072e-06
13,0,0.08852868717895533,0.26,0.000829473021440208,4.1794355638558045e-06
13,0,0.09683395205419126,0.34,0.0016379707958549261,4.8980696192302275e-06
13,0,0.0999350817113455,0.34,0.0016379707958549261,5.7102442951872945e-06
13,0,0.10080168275764768,0.36,0.0016379707958549261,6.7068435782857705e-06
13,0,0.10375835457497459,0.36,0.0019083060324192047,8.014332706807181e-06
13,0,0.11032269678830643,0.36,0.0036809842567890882,1.0260039744025562e-05
13,0,0.11684447421678103,0.36,0.0036809842567890882,1.2500884622568265e-05
13,0,0.1221320883704448,0.4,0.021901044994592667,1.4144033229968045e-05
13,0,0.127034611006848,0.4,0.03700781613588333,1.578670162416529e-05
13,0,0.12975894354494377,0.42,0.03700781613588333,1.7202166418428533e-05
13,0,0.1300383968047653,0.42,0.04313718527555466,1.8355440261075273e-05
13,0,0.1313622641083245,0.42,0.04313718527555466,1.9696657545864582e-05
13,0,0.13728374498436335,0.44,0.06056618317961693,2.165138539567124e-05
13,0,0.1500540948284443,0.46,0.058279283344745636,2.4251508875750005e-05
13,0,0.16443740031706688,0.46,0.12483319640159607,2.6478342988411896e-05
13,0,0.1746887569067565,0.48,0.12483319640159607,3.0738669011043385e-05
13,0,0.1824953619873473,0.48,0.12483319640159607,3.5708035284187645e-05
13,0,0.19081238797519096,0.48,0.1084107980132103,4.2385792767163366e-05
13,0,0.20052370086247093,0.48,0.08763876557350159,5.392755338107236e-05
13,0,0.21350447741628054,0.5,0.05895918235182762,7.014969742158428e-05
13,0,0.22489246637241161,0.5,0.06988281011581421,8.358822378795594e-05
13,0,0.23106914460521652,0.46,0.080477274954319,9.593522554496303e-05
13,0,0.23804098006100885,0.46,0.048520125448703766,0.00010587830183794722
13,0,0.23581716208206363,0.42,0.010320892557501793,0.00010418619785923511
13,0,0.23232337596551045,0.44,0.009802219457924366,9.920645243255422e-05
13,0,0.23830405889976652,0.42,0.002262064255774021,9.397522080689669e-05
13,0,0.23911921726789187,0.4,0.0015163421630859375,8.7774868006818e-05
13,0,0.2301599010815297,0.34,0.0015163421630859375,7.682557770749554e-05
13,0,0.21838221718336312,0.24,0.000585253699682653,6.514888809761032e-05
13,0,0.2120976706667168,0.24,0.000585253699682653,6.431309884646907e-05
13,0,0.20580132381363295,0.22,0.0006342103588394821,6.272221799008548e-05
13,0,0.19911663287179077,0.22,5.350199353415519e-05,6.079658123780973e-05
13,0,0.193805750517309,0.2,5.350199353415519e-05,5.836580021423288e-05
13,0,0.19847063425467615,0.18,4.7671965148765594e-05,5.669092570315115e-05
13,0,0.20314922207410677,0.18,5.6469925766577944e-05,5.476786463987082e-05
13,0,0.1957169878458075,0.16,5.6469925766577944e-05,5.100847556605004e-05
13,0,0.19348389645144565,0.14,5.468863673740998e-05,5.5425673053832725e-05
13,0,0.1907082345761799,0.14,3.0210165277821943e-05,5.302347199176438e-05
13,0,0.19035540499347822,0.14,1.9326382243889384e-05,5.163344394532032e-05
13,0,0.1898591622094411,0.14,2.00146696442971e-05,5.0691149226622656e-05
13,0,0.18959724281045381,0.14,2.00146696442971e-05,5.006970604881644e-05
13,0,0.19046142043442896,0.14,2.00146696442971e-05,5.0361388275632635e-05
13,0,0.19359168484842354,0.14,1.65396231750492e-05,5.091516868560575e-05
13,0,0.19835907124150404,0.24,4.289161370252259e-05,5.168516872799955e-05
13,0,0.20424859338235277,0.24,6.403190491255373e-05,5.266381776891649e-05
13,0,0.20986206257388534,0.22,0.00012372518540360034,5.360320574254729e-05
13,0,0.21932669828346113,0.24,0.00027952255913987756,6.147213571239263e-05
13,0,0.22529812292937365,0.24,0.0012382534332573414,6.014294922351837e-05
13,0,0.23089810107630243,0.24,0.0015625747619196773,6.437335105147213e-05
13,0,0.2306475425157499,0.2,0.0029512164182960987,6.736753130098805e-05
13,0,0.2381402640145856,0.2,0.0033459090627729893,6.743643461959437e-05
13,0,0.25347715069503285,0.22,0.004467113874852657,7.265999010996893e-05
13,0,0.2660134713716244,0.24,0.0029497842770069838,7.475499296560884e-05
13,0,0.2789028643228209,0.26,0.005108138080686331,7.858209573896602e-05
13,0,0.2885206824631543,0.24,0.010265855118632317,7.733798702247441e-05
13,0,0.2936289396738063,0.22,0.015952736139297485,6.786337326047942e-05
13,0,0.29704822594308244,0.22,0.01769644394516945,5.2043847972527146e-05
13,0,0.2831664714089309,0.22,0.021162036806344986,3.115817526122555e-05
13,0,0.20649588460612026,0.22,0.025582747533917427,1.9349066860741004e-05
13,0,0.169974772067298,0.2,0.020653245970606804,1.3927688087278511e-05
13,0,0.19917939490992018,0.22,0.00823404174298048,1.478575086366618e-05
13,0,0.258661057417012,0.22,0.00823404174298048,2.044009670498781e-05
13,0,0.25046296178035893,0.24,0.005454939790070057,1.9805529518635012e-05
13,0,0.2275039399359654,0.26,0.0031516265589743853,1.8466385881765746e-05
13,0,0.20985814696633864,0.24,0.0028704663272947073,1.7977499737753533e-05
13,0,0.1912573823541483,0.26,0.001490729977376759,1.6108609997900203e-05
13,0,0.16937430124431255,0.26,0.0009779306128621101,1.3407055121206213e-05
13,0,0.14538281090863145,0.22,0.0005637339199893177,1.081704340322176e-05
13,0,0.12628990974072057,0.18,0.0005764367524534464,8.818431524559855e-06
13,0,0.11054843671081346,0.16,0.0005764367524534464,7.061584256007336e-06
13,0,0.09660823687961223,0.16,0.0006291784811764956,5.002721991331782e-06
13,0,0.08844803023823065,0.12,0.00011955581430811435,3.311926320748171e-06
13,0,0.08830865691473022,0.12,0.00010355003905715421,2.2485016870632535e-06
13,0,0.08585296883406557,0.06,7.127985554689076e-06,1.6778020608398947e-06
13,0,0.07459298420540059,0.06,7.240206286951434e-06,1.2420096027199179e-06
13,0,0.06655619366400224,0.04,4.849752713198541e-06,9.375253853249887e-07
13,0,0.06065670284865193,0.04,5.0538969844637904e-06,7.239746651066525e-07
13,0,0.055197326582458336,0.04,6.106316050136229e-06,5.416288217929832e-07
13,0,0.0512847422446037,0.04,4.725915914605139e-06,4.127189470182202e-07
13,0,0.048632392899360014,0.04,4.725915914605139e-06,3.21832317240478e-07
13,0,0.04706348255724804,0.04,4.725915914605139e-06,2.678375494724605e-07
13,0,0.04631587205423457,0.04,4.725915914605139e-06,2.410566821708926e-07
13,0,0.04670210304631386,0.04,3.7025890833319863e-06,2.2799879673129908e-07
13,0,0.048234145385435204,0.04,3.7025890833319863e-06,2.1088651180889428e-07
13,0,0.04919016827745813,0.04,3.7025890833319863e-06,1.8765618392535544e-07
13,0,0.04984031157614387,0.04,3.7025890833319863e-06,1.5665798969166644e-07
13,0,0.05223879445148952,0.04,3.7025890833319863e-06,1.3869373560737586e-07
13,0,0.055996842911900935,0.04,4.784085831488483e-06,1.3542174315261946e-07
13,0,0.060942790375835706,0.04,4.784085831488483e-06,1.4383915925009205e-07
13,0,0.06548512338791508,0.04,4.784085831488483e-06,1.4416586679999455e-07
13,0,0.07040392188591021,0.02,5.254167717794189e-06,1.47350235124577e-07
13,0,0.07642600466343603,0.02,9.672407941252459e-06,1.6053598983489792e-07
13,0,0.08315600731007862,0.02,9.915906957758125e-06,1.8389711442523549e-07
13,0,0.09102933683592418,0.04,2.4317952920682728e-05,2.125472065017675e-07
13,0,0.09862910570324873,0.04,4.683982115238905e-05,2.4549038357690733e-07
13,0,0.10544043469636538,0.06,5.164560934645124e-05,2.844204232133052e-07
13,0,0.11297656044722344,0.12,0.00013392322580330074,3.641464729753352e-07
13,0,0.1222546971350662,0.12,0.00023546157171949744,3.6822851257056755e-07
13,0,0.13081545713403006,0.14,0.0005449565942399204,4.6467272341033095e-07
13,0,0.14049545356204596,0.16,0.0008603172027505934,6.457010499616445e-07
13,0,0.14426831327210873,0.16,0.0013115247711539268,5.757207759415905e-07
13,0,0.1504294169012401,0.14,0.0037056945730000734,6.377525210155e-07
13,0,0.15747515101500145,0.14,0.0047937496565282345,7.065175964271475e-07
13,0,0.1653321278851404,0.18,0.005747321993112564,8.18660566892504e-07
13,0,0.1715704105602167,0.18,0.00794533547013998,8.766276664573525e-07
13,0,0.17232307214417666,0.18,0.00794533547013998,9.191062417812645e-07
13,0,0.1717970673798509,0.18,0.007108100224286318,9.928112376655918e-07
13,0,0.17444465566983486,0.18,0.007108100224286318,1.06954848888563e-06
13,0,0.17287496037095781,0.22,0.005778597202152014,1.1192545343874372e-06
13,0,0.17085931269638693,0.22,0.005778597202152014,1.1708139027177822e-06
13,0,0.16906665364942808,0.22,0.005778597202152014,1.2326897831371753e-06
13,0,0.15985584440306713,0.22,0.005264319479465485,1.243846895704337e-06
13,0,0.15192292494786475,0.2,0.005373312160372734,1.3012672752665821e-06
13,0,0.14210714651192913,0.16,0.004242892377078533,1.2264058568689507e-06
13,0,0.13264877421894014,0.18,0.002310825977474451,1.1525510217325063e-06
13,0,0.12492141838350357,0.18,0.0008936120430007577,1.0839562492037658e-06
13,0,0.11631768423503286,0.16,0.000515109277330339,1.0065932656289078e-06
13,0,0.10808793139934313,0.14,0.000515109277330339,9.175683430839854e-07
13,0,0.09869415529546881,0.12,0.0002800165384542197,7.62313334234932e-07
13,0,0.08961920815246867,0.12,0.00016534711176063865,6.576649980161164e-07
13,0,0.07993115932268553,0.12,0.00014277586888056248,4.965529001310642e-07
13,0,0.07323720438109363,0.04,3.763303902815096e-05,4.439934002675727e-07
13,0,0.06936161151708423,0.04,9.081877578864805e-06,3.716616276960849e-07
13,0,0.06692379351116481,0.04,9.081877578864805e-06,3.082182615798956e-07
13,0,0.05624225940536603,0.02,9.464166396355722e-06,2.088562212065881e-07
13,0,0.047974744130411556,0.02,6.339446372294333e-06,1.469669541620533e-07
13,0,0.057878586611690264,0.02,4.906344202026958e-06,1.4530682790336868e-07
13,0,0.06386100998879188,0.04,4.906344202026958e-06,1.4585329211058706e-07
13,0,0.06861393040425998,0.04,4.300371529097902e-06,1.3682517874258338e-07
13,0,0.07315509991775909,0.04,4.300371529097902e-06,1.4659460134680558e-07
13,0,0.07542861318440365,0.04,3.5357795695745153e-06,1.6721524787044473e-07
13,0,0.07872308443434493,0.04,3.5357795695745153e-06,2.1436505903693615e-07
13,0,0.0821405361375413,0.04,3.7025890833319863e-06,3.0407824169742526e-07
13,0,0.08516733682046128,0.04,3.7025890833319863e-06,4.254591488006554e-07
13,0,0.0917898493861753,0.04,3.7025890833319863e-06,5.529998361453181e-07
13,0,0.10534465942394731,0.04,4.784085831488483e-06,7.443306913046399e-07
13,0,0.12262196056344661,0.02,4.784085831488483e-06,9.181609357256093e-07
13,0,0.14275384450248332,0.02,4.9634686547506135e-06,1.0589777730274363e-06
13,0,0.16410732035530212,0.02,6.580936769751133e-06,1.269288190997031e-06
13,0,0.1867698138642619,0.02,6.478934210463194e-06,1.6193350802495843e-06
13,0,0.2079269935617667,0.04,9.915906957758125e-06,1.8096974372383556e-06
13,0,0.23077982872106848,0.04,1.012653319776291e-05,1.9978347154392395e-06
13,0,0.26632803844618924,0.1,9.609975677449256e-05,2.7295377549307887e-06
13,0,0.30867068853743257,0.1,0.00012130625691497698,3.7120860270078992e-06
13,0,0.345291358704187,0.1,0.0005798194906674325,4.467794951779069e-06
13,0,0.37956561596382893,0.1,0.000477509165648371,5.41662711839308e-06
13,0,0.4148159134540257,0.1,0.00046698536607436836,7.56580448069144e-06
13,0,0.43707778607910125,0.12,0.0006240749498829246,1.0022904461948201e-05
13,0,0.44737435440891477,0.18,0.0012613419676199555,1.300367966905469e-05
13,0,0.4563087164554597,0.2,0.0023095852229744196,1.6942743968684226e-05
13,0,0.46966158388998025,0.18,0.003264316823333502,2.337470868951641e-05
13,0,0.48660221093991807,0.2,0.003264316823333502,3.380852649570443e-05
13,0,0.5002029091854338,0.2,0.003830650821328163,4.8081870772875845e-05
13,0,0.5043006516143327,0.2,0.005162595305591822,5.900293035665527e-05
13,0,0.511415507368879,0.2,0.009658045135438442,7.791366806486621e-05
13,0,0.5146309048921507,0.2,0.008006792515516281,0.00010447412205394357
13,0,0.4905505295539542,0.22,0.008006792515516281,0.00010435662989038974
13,0,0.5572695149484047,0.22,0.026505494490265846,0.00021314731566235423
13,0,0.6554903579237359,0.16,0.026505494490265846,0.0005206559435464442
13,0,0.7202069867576941,0.14,0.025724567472934723,0.0011263791238889098
13,0,0.738885799049869,0.14,0.02152823656797409,0.0016578598879277706
13,0,0.7192660018649264,0.14,0.08196652680635452,0.0016091256402432919
13,0,0.70436509848543,0.16,0.051373597234487534,0.001459864666685462
13,0,0.6823141536623187,0.16,0.031732868403196335,0.0011603161692619324
13,0,0.6771137657398244,0.14,0.020853256806731224,0.0009338528616353869
13,0,0.6795064408022062,0.14,0.006025743670761585,0.0007806445355527103
13,0,0.675320887013532,0.12,0.005316616501659155,0.0006458530551753938
13,0,0.669064958525405,0.12,0.0022974591702222824,0.0005303593352437019
13,0,0.6659447368613186,0.12,0.0021617612801492214,0.00043231071322225034
13,0,0.6530287161160492,0.16,0.000459101254818961,0.00033587843063287437
13,0,0.6416788867464174,0.14,0.0002095687377732247,0.0002744543890003115
13,0,0.6369510529939724,0.14,8.087450260063633e-05,0.0002405098348390311
13,0,0.6377927423683699,0.14,6.598314212169498e-05,0.00022792333038523793
13,0,0.6438031249487601,0.14,8.929694740800187e-05,0.0002161589072784409
13,0,0.6514988786332601,0.16,7.103064126567915e-05,0.00021188391838222742
13,0,0.6656034894291146,0.14,6.298300286289304e-05,0.00023267618962563574
13,0,0.6874076793422054,0.14,8.075596997514367e-05,0.0002585981856100261
13,0,0.7038833845518085,0.12,8.075596997514367e-05,0.000296139158308506
13,0,0.7032817169854542,0.1,9.063162724487484e-05,0.00033570011146366596
13,0,0.715357959184879,0.1,0.00023571921337861568,0.00039436781662516296
13,0,0.7398211837728035,0.1,0.0005096427630633116,0.0004934807657264173
13,0,0.7535506374917423,0.1,0.0006756412913091481,0.0006327750161290169
13,0,0.763144151953515,0.1,0.0028376898262649775,0.0008763715741224587
13,0,0.7803708759371463,0.1,0.003579431679099798,0.001442262320779264
13,0,0.7931295517013988,0.1,0.00806260947138071,0.0024294147733598948
13,0,0.8049910516421639,0.16,0.010423772037029266,0.004054401535540819
13,0,0.8147787084859609,0.18,0.049746640026569366,0.00682213855907321
13,0,0.8196056131570822,0.18,0.08328593522310257,0.011274607852101326
13,0,0.8307805844758789,0.2,0.1433250904083252,0.020473279058933258
13,0,0.8448556169179632,0.22,0.15160180628299713,0.03729818016290665
13,0,0.8460550283770419,0.22,0.21615777909755707,0.05767638608813286
13,0,0.843866785462575,0.22,0.2034037709236145,0.0852821096777916
13,0,0.8459801978234737,0.22,0.1763027012348175,0.1189471110701561
13,0,0.8479658786667154,0.2,0.1631019413471222,0.1545344889163971
13,0,0.848433648098299,0.2,0.2577599287033081,0.19507737457752228
13,0,0.8448733606423561,0.18,0.21633420884609222,0.22833137214183807
13,0,0.839487674487683,0.16,0.21633420884609222,0.2602766156196594
13,0,0.8323343312429585,0.16,0.2798701822757721,0.2817640006542206
13,0,0.823267291294807,0.16,0.2798701822757721,0.28552383184432983
13,0,0.8171344603111261,0.14,0.3850051760673523,0.30129435658454895
13,0,0.8074539712208795,0.12,0.28315937519073486,0.2789049446582794
13,0,0.7939663632417028,0.12,0.28315937519073486,0.23913823068141937
13,0,0.776003029811692,0.12,0.28315937519073486,0.18696142733097076
13,0,0.7604227835839329,0.08,0.17234055697917938,0.13605263829231262
13,0,0.7400917693885734,0.08,0.12997427582740784,0.08570698648691177
13,0,0.7232114601800531,0.08,0.14418815076351166,0.05668430030345917
13,0,0.7145067057731701,0.08,0.25426945090293884,0.03760837763547897
13,0,0.7072422952584863,0.06,0.1733856350183487,0.022346463054418564
13,0,0.6946607195647788,0.06,0.16768065094947815,0.010487345047295094
13,0,0.6505125218389419,0.08,0.07073047012090683,0.003398953238502145
13,0,0.5891064989394418,0.08,0.006665387656539679,0.0012472632806748152
13,0,0.6092995495739147,0.1,0.005805198103189468,0.0008817447815090418
13,0,0.6093013393480725,0.08,0.003602526383474469,0.0006074259872548282
13,0,0.5985954914545163,0.06,0.0013792574172839522,0.00038696653791703284
13,0,0.5906331917053144,0.04,0.0013590662274509668,0.0002994164533447474
13,0,0.5865020375716934,0.06,0.00016199761012103409,0.00022064232325647026
13,0,0.5790135333663478,0.06,6.488872895715758e-05,0.00016623269766569138
13,0,0.5736178795240657,0.06,6.488872895715758e-05,0.00013836049765814096
13,0,0.573739497396612,0.06,6.84032347635366e-05,0.00015230871213134378
13,0,0.5766543682394507,0.06,8.655781857669353e-05,0.00010900868801400065
13,0,0.5799800746391672,0.08,9.337145456811413e-05,0.0001259032724192366
13,0,0.5852776497816827,0.08,7.282196747837588e-05,0.00013584952102974057
13,0,0.5893336222520648,0.06,8.925676957005635e-05,0.00015199519111774862
13,0,0.5984023606101592,0.06,0.00010282073344569653,0.0001813055423554033
13,0,0.6123359767638671,0.08,0.00010122718958882615,0.00020064093405380845
13,0,0.630658407006438,0.1,0.0004228985053487122,0.00022519720369018614
13,0,0.6506107691075463,0.08,0.002297793747857213,0.00027817784575745463
13,0,0.6634504020143918,0.08,0.0023627551272511482,0.0003484402841422707
13,0,0.6706682365203943,0.1,0.002604556269943714,0.00042102785664610565
13,0,0.6831551702764677,0.12,0.004199618939310312,0.0005337556358426809
13,0,0.7045526815200714,0.14,0.00261127483099699,0.0007668227190151811
13,0,0.7278972971956789,0.16,0.0038942398969084024,0.0012639391934499145
13,0,0.7390379883168416,0.14,0.02069253660738468,0.0019764334429055452
13,0,0.7356502829487085,0.14,0.02499144896864891,0.0027455934323370457
13,0,0.7256597721583107,0.14,0.03147509694099426,0.003535657888278365
13,0,0.7256984178713967,0.16,0.036305930465459824,0.004987352527678013
13,0,0.7258036453835978,0.16,0.036305930465459824,0.006939498241990805
13,0,0.7177129486310142,0.16,0.039936598390340805,0.009021323174238205
13,0,0.6821049015041942,0.16,0.04096624627709389,0.008865884505212307
13,0,0.6995702687800667,0.2,0.08259543031454086,0.011338301002979279
13,0,0.7536403915612627,0.2,0.018641680479049683,0.01899304986000061
13,0,0.775531158934163,0.2,0.015025301836431026,0.024716386571526527
13,0,0.7636598903308278,0.2,0.018098069354891777,0.024668339639902115
13,0,0.7427418559299002,0.2,0.018723173066973686,0.023128869011998177
13,0,0.7362849036798448,0.2,0.018723173066973686,0.022147415205836296
13,0,0.7287318588312816,0.18,0.022712135687470436,0.021041059866547585
13,0,0.7294998710690186,0.2,0.021402018144726753,0.021930798888206482
13,0,0.738147161974489,0.18,0.013917147181928158,0.021920429542660713
13,0,0.6831027079545057,0.18,0.010137295350432396,0.0097409188747406
13,0,0.6565908354723372,0.18,0.010137295350432396,0.005093575455248356
13,0,0.7140049058174412,0.16,0.0043617133051157,0.007264947053045034
13,0,0.7323447525088197,0.18,0.004791259299963713,0.007232561707496643
13,0,0.7256359298989137,0.18,0.004791259299963713,0.004825504031032324
13,0,0.729382272693771,0.18,0.0035970224998891354,0.003414657199755311
13,0,0.7367548505886119,0.18,0.00142290024086833,0.0024645552039146423
13,0,0.7397109853707787,0.18,0.0008203947218134999,0.0016949363052845001
13,0,0.7312032453374344,0.14,0.0007475306047126651,0.001065194490365684
13,0,0.7085212885893696,0.14,0.0009092759573832154,0.0007051814463920891
13,0,0.6810334624697836,0.14,0.0007006129017099738,0.00041057384805753827
13,0,0.6715560348267938,0.14,4.319388244766742e-05,0.0004396993317641318
13,0,0.659085504682386,0.04,1.2113101547583938e-05,0.00017763723735697567
13,0,0.6805143924669244,0.04,1.0403616215626244e-05,0.00013597990619018674
13,0,0.6606472862681849,0.04,1.0431094779050909e-05,8.92452007974498e-05
13,0,0.6363089054048499,0.04,1.0516015208850149e-05,6.0893009504070505e-05
13,0,0.6277766495976332,0.04,1.0516015208850149e-05,4.810998143511824e-05
13,0,0.6317204228441341,0.04,8.6595809989376e-06,4.123457256355323e-05
13,0,0.6345518443765449,0.04,8.6595809989376e-06,3.25906221405603e-05
13,0,0.6519034260860415,0.06,8.6595809989376e-06,2.8219594241818413e-05
13,0,0.6797029036549415,0.04,8.10431083664298e-06,2.9769082175334916e-05
13,0,0.6573313865989894,0.04,8.10431083664298e-06,2.5913279387168586e-05
13,0,0.6578569238724098,0.02,8.10431083664298e-06,2.879666499211453e-05
13,0,0.7117625518294908,0.0,8.10431083664298e-06,4.1079227230511606e-05
13,0,0.7317063519796129,0.0,8.10431083664298e-06,4.77289613627363e-05
13,0,0.7331515894742715,0.0,6.047418992238818e-06,5.303293073666282e-05
13,0,0.7430181038133438,0.0,6.047418992238818e-06,6.197255424922332e-05
13,0,0.7531949539733843,0.0,7.955393812153488e-06,7.249693589983508e-05
13,0,0.7583983520720472,0.0,9.294391929870471e-06,7.659610855625942e-05
13,0,0.7631735384643052,0.0,1.0903160728048533e-05,8.509271719958633e-05
13,0,0.7700127639441102,0.0,1.827350934036076e-05,0.00011239293235121295
13,0,0.7774536121523613,0.1,4.7387908125529066e-05,0.00014756395830772817
13,0,0.7870164224247869,0.1,5.6601693358970806e-05,0.00019359638099558651
13,0,0.7933854110611879,0.1,0.0012057286221534014,0.00023878586944192648
13,0,0.7989615209449881,0.1,0.0012398543767631054,0.00029149814508855343
13,0,0.799961913949305,0.12,0.0011479962849989533,0.0003394841041881591
13,0,0.8012064920915901,0.12,0.0011479962849989533,0.00040473160333931446
13,0,0.7853231849955371,0.1,0.0011479962849989533,0.000441600481281057
13,0,0.807991102323112,0.12,0.0008758227340877056,0.0006742811528965831
13,0,0.8555807074505959,0.12,0.0010926900431513786,0.0015540104359388351
13,0,0.8520640128003915,0.12,0.009314614348113537,0.0025098409969359636
13,0,0.7950494244042009,0.14,0.009314614348113537,0.003424976486712694
13,0,0.7171061254905506,0.12,0.043937113136053085,0.00566550437361002
13,0,0.7268924033094567,0.18,0.16013145446777344,0.00986185297369957
13,0,0.7097739054841857,0.18,0.18030068278312683,0.012090562842786312
13,0,0.6673477922898867,0.18,0.28256621956825256,0.01121583767235279
13,0,0.6558889404914859,0.2,0.2991427183151245,0.010320689529180527
13,0,0.6526413363225881,0.2,0.1973952054977417,0.008881834335625172
13,0,0.6308757896424284,0.18,0.20116153359413147,0.00703134760260582
13,0,0.6114380321150498,0.16,0.20116153359413147,0.005239339545369148
13,0,0.6033898189514787,0.18,0.07455508410930634,0.003933486063033342
13,0,0.5973924851123185,0.16,0.07455508410930634,0.0030042030848562717
13,0,0.5872374030189388,0.16,0.07455508410930634,0.0022452797275036573
13,0,0.5678523395323384,0.14,0.07483625411987305,0.0017177817644551396
13,0,0.549248599334559,0.14,0.05527392402291298,0.0013602180406451225
13,0,0.532520909451299,0.14,0.04429609701037407,0.0010826444486156106
13,0,0.51419232866589,0.14,0.04429609701037407,0.0009187808609567583
13,0,0.496774175183654,0.14,0.009916230104863644,0.000795383530203253
13,0,0.4737166964107266,0.14,0.0018523751059547067,0.0006956098950468004
13,0,0.445628025904433,0.12,0.0018523751059547067,0.0006406945758499205
13,0,0.4366262450047893,0.12,0.0018523751059547067,0.0006096273427829146
13,0,0.43907376146626104,0.12,0.0018523751059547067,0.0006228829734027386
13,0,0.4357419888399401,0.12,0.0018523751059547067,0.0006897544953972101
13,0,0.4362826035041502,0.12,0.0016825477359816432,0.0007735411636531353
13,0,0.4369616927442271,0.14,0.0016825477359816432,0.0009260495426133275
13,0,0.4393308957145989,0.16,0.0016825477359816432,0.0010854463325813413
13,0,0.4451248942950719,0.16,0.0016825477359816432,0.0012668498093262315
13,0,0.45458570859438613,0.16,0.018010089173913002,0.001582228927873075
13,0,0.4716592837273584,0.16,0.07072196900844574,0.0020483960397541523
13,0,0.49170033795787194,0.16,0.11417161673307419,0.002839780878275633
13,0,0.506673282509884,0.2,0.19231760501861572,0.004168525338172913
13,0,0.5159573466788153,0.2,0.14628376066684723,0.005969291087239981
13,0,0.5346359217593263,0.22,0.1226416751742363,0.0081129539757967
13,0,0.5590761919216062,0.24,0.27728918194770813,0.010858758352696896
13,0,0.5742269201508812,0.22,0.43877753615379333,0.014164633117616177
13,0,0.5854625006919824,0.26,0.4946904182434082,0.017513535916805267
13,0,0.6035224010682698,0.26,0.6247828602790833,0.021385855972766876
13,0,0.6065008016247486,0.26,0.6691098809242249,0.022770263254642487
13,0,0.5431295672990052,0.26,0.6403930187225342,0.0183243490755558
13,0,0.4982201986147872,0.22,0.15611077845096588,0.013109783641994
13,0,0.4904001621220066,0.22,0.08946143835783005,0.007487247232347727
13,0,0.5282795925121366,0.22,0.09897986054420471,0.005314126145094633
13,0,0.5769076348834463,0.2,0.13647274672985077,0.005499999038875103
13,0,0.5819881220372815,0.2,0.14999347925186157,0.005532590206712484
13,0,0.6048043284617987,0.22,0.138356015086174,0.006927747745066881
13,0,0.6383663585742384,0.22,0.16638487577438354,0.009482591412961483
13,0,0.659229367316757,0.22,0.16638487577438354,0.012902174144983292
13,0,0.6660202834246074,0.24,0.16638487577438354,0.014922469854354858
13,0,0.6666888892041702,0.24,0.15661975741386414,0.015119973570108414
13,0,0.6633636484533262,0.26,0.16272921860218048,0.014022501185536385
13,0,0.6596915455673037,0.26,0.1653459072113037,0.01242269016802311
13,0,0.6536853760093242,0.26,0.1653459072113037,0.010692537762224674
13,0,0.6469324859336332,0.26,0.17878252267837524,0.008353929035365582
13,0,0.6359523632112949,0.26,0.13799110054969788,0.006342096719890833
13,0,0.6196987812224724,0.26,0.13799110054969788,0.0048101176507771015
13,0,0.6026849791779908,0.24,0.08243153989315033,0.003589459229260683
13,0,0.5856176659672543,0.24,0.07556993514299393,0.002818726236000657
13,0,0.5678918266102757,0.22,0.06377478688955307,0.0021135592833161354
13,0,0.5499870168212296,0.2,0.06976963579654694,0.0017206403426826
13,0,0.5306999757031906,0.16,0.02831648848950863,0.001490381546318531
13,0,0.510077921406456,0.16,0.018439242616295815,0.0012811793712899089
13,0,0.48491510244208674,0.16,0.010319957509636879,0.0011134602827951312
13,0,0.45728701593372634,0.18,0.006934765260666609,0.0010213692439720035
13,0,0.4345027460370097,0.16,0.0038609220646321774,0.0009531189571134746
13,0,0.41817561851667856,0.16,0.002001760061830282,0.0009341459954157472
13,0,0.4044079477546612,0.16,0.00219940859824419,0.0008448294829577208
13,0,0.3930803191000139,0.16,0.0014801780926063657,0.0008635299745947123
13,0,0.36684413660197684,0.14,0.0016804360784590244,0.0008549843914806843
13,0,0.3397381885340589,0.14,0.0015023613814264536,0.0008308513788506389
13,0,0.33496296483270177,0.14,0.0010649393079802394,0.0007944448734633625
13,0,0.3403551465986007,0.14,0.0009001949219964445,0.0007706860196776688
13,0,0.34315976242357604,0.14,0.0017380451317876577,0.0007617805385962129
13,0,0.33775302657245326,0.16,0.0037512327544391155,0.0008073778008110821
13,0,0.3331232792120101,0.16,0.0037512327544391155,0.0008738142787478864
13,0,0.3313503570007252,0.16,0.007873044349253178,0.000980601878836751
13,0,0.335999963847089,0.18,0.013584692031145096,0.0011163342278450727
13,0,0.33905645606178936,0.2,0.050360340625047684,0.0013881708728149533
13,0,0.3462897911247525,0.22,0.05361069738864899,0.001718125306069851
13,0,0.3593006218450957,0.2,0.06489266455173492,0.001917514717206359
13,0,0.3649815121225487,0.22,0.052681148052215576,0.002141680335626006
13,0,0.37081061866297654,0.22,0.06129370257258415,0.0024169303942471743
13,0,0.3865580213533337,0.22,0.06129370257258415,0.002948511391878128
13,0,0.40269553531613234,0.24,0.10422448068857193,0.0034338696859776974
13,0,0.41633448258238553,0.22,0.10422448068857193,0.003927594516426325
13,0,0.42604522432965547,0.22,0.13661614060401917,0.004030254669487476
13,0,0.4336398075854262,0.22,0.13661614060401917,0.004165324382483959
13,0,0.45480610811773037,0.22,0.13661614060401917,0.004931274801492691
13,0,0.4887601450306573,0.22,0.16489718854427338,0.006893772166222334
13,0,0.5232998090446334,0.2,0.15520313382148743,0.010008642449975014
13,0,0.550291274275284,0.2,0.15520313382148743,0.013480132445693016
13,0,0.5639598260532362,0.22,0.15520313382148743,0.01561734639108181
13,0,0.5711383016476224,0.22,0.21743758022785187,0.015134268440306187
13,0,0.5619044986270469,0.24,0.21743758022785187,0.015389904379844666
13,0,0.567643950032308,0.24,0.16964849829673767,0.014434936456382275
13,0,0.5823789905818999,0.22,0.1574046015739441,0.013479050248861313
13,0,0.59227462982767,0.22,0.1574046015739441,0.012139739468693733
13,0,0.5871228214787679,0.2,0.08452142030000687,0.010604150593280792
13,0,0.5722559401791948,0.2,0.08452142030000687,0.008936649188399315
13,0,0.5574974354718594,0.2,0.09361717104911804,0.007284683175384998
13,0,0.5412153203018092,0.18,0.08787029981613159,0.006165370345115662
13,0,0.5246627239153048,0.18,0.06256440281867981,0.005179190076887608
13,0,0.5073008123885258,0.12,0.054453734308481216,0.004388659261167049
13,0,0.48906145894947617,0.12,0.03638598695397377,0.003828445915132761
13,0,0.4725383515149208,0.12,0.014421254396438599,0.003301739227026701
13,0,0.4552204856078724,0.12,0.009703916497528553,0.002993611618876457
13,0,0.44404151989583673,0.14,0.010783819481730461,0.0027278659399598837
13,0,0.43220879096894405,0.12,0.010783819481730461,0.0024756251368671656
13,0,0.4150609989313647,0.12,0.005015423521399498,0.0023737438023090363
13,0,0.40380207550035163,0.12,0.00793960876762867,0.0023173377849161625
13,0,0.3993687993864773,0.12,0.007142471149563789,0.0023233736865222454
13,0,0.399602310552458,0.12,0.007142471149563789,0.0023598873522132635
13,0,0.39581147182700327,0.12,0.007142471149563789,0.0023279450833797455
13,0,0.38446723784864517,0.12,0.017693284898996353,0.002219406422227621
13,0,0.383846363042562,0.14,0.011299100704491138,0.002047047484666109
13,0,0.3913452909793512,0.12,0.011299100704491138,0.001973336562514305
13,0,0.39457003541531044,0.12,0.015260225161910057,0.002210875041782856
13,0,0.39832574915066016,0.14,0.01491869892925024,0.002566603245213628
13,0,0.4020034873837512,0.16,0.022576455026865005,0.0030282423831522465
13,0,0.40582354194393405,0.18,0.037515789270401,0.0035940310917794704
13,0,0.4108205242159669,0.16,0.06629593670368195,0.004332999233156443
13,0,0.41817893388028143,0.16,0.07090288400650024,0.005333293229341507
13,0,0.4286044061786,0.14,0.07432686537504196,0.006133181042969227
13,0,0.4231137517200933,0.16,0.12516900897026062,0.00612723408266902
13,0,0.39402113840779485,0.16,0.14332586526870728,0.0057015917263925076
13,0,0.3809365140552631,0.16,0.14332586526870728,0.005092331673949957
13,0,0.3901556117199027,0.16,0.11807477474212646,0.004955478478223085
13,0,0.40144192853074684,0.16,0.11807477474212646,0.005212671123445034
13,0,0.41102996743040393,0.16,0.09160388261079788,0.005550419446080923
13,0,0.41508778780657746,0.16,0.11194396764039993,0.005959291942417622
13,0,0.4191668436337792,0.14,0.11194396764039993,0.005704198032617569
13,0,0.42483943371080396,0.14,0.12332240492105484,0.0053326706402003765
13,0,0.4363417313612984,0.14,0.12332240492105484,0.00508938729763031
13,0,0.45091311724972843,0.16,0.17048980295658112,0.005190690979361534
13,0,0.4586204792602947,0.16,0.17048980295658112,0.0053224931471049786
13,0,0.4488727500648821,0.2,0.17048980295658112,0.005150285083800554
13,0,0.4376009026516812,0.22,0.15737101435661316,0.004797076806426048
13,0,0.43784112331076747,0.24,0.15737101435661316,0.004496844485402107
13,0,0.44438979286882907,0.24,0.15737101435661316,0.004312862642109394
13,0,0.45247744874249185,0.26,0.15746870636940002,0.004143675323575735
13,0,0.455014503604674,0.26,0.14813244342803955,0.003919000271707773
13,0,0.4551488074851654,0.26,0.14813244342803955,0.003652879036962986
13,0,0.4553811875625052,0.26,0.14813244342803955,0.003353081876412034
13,0,0.43987158232127527,0.26,0.14813244342803955,0.002837606705725193
13,0,0.41293456847641236,0.26,0.13661614060401917,0.002201684517785907
13,0,0.3987459813833704,0.22,0.17623308300971985,0.001777549390681088
13,0,0.39834513553767203,0.22,0.1496504545211792,0.0015136575093492866
13,0,0.3898722536588493,0.22,0.1496504545211792,0.0014362925430759788
13,0,0.38360531273222837,0.2,0.07758790999650955,0.0013917542528361082
13,0,0.3770363134205966,0.2,0.051745060831308365,0.001351022976450622
13,0,0.3690345238026643,0.2,0.051745060831308365,0.0012504947371780872
13,0,0.3599536124224273,0.2,0.06384631246328354,0.0011920977849513292
13,0,0.3689279641275565,0.16,0.06262610852718353,0.0012552393600344658
13,0,0.3583370103307533,0.16,0.06298842281103134,0.0016085206298157573
13,0,0.361752213812887,0.14,0.108232282102108,0.0018585382495075464
13,0,0.3706201345658218,0.14,0.07371184974908829,0.002009396208450198
13,0,0.3266821037249549,0.14,0.05361344292759895,0.0019949774723500013
13,0,0.2952116671558207,0.22,0.06774259358644485,0.001869519823230803
13,0,0.27583657200922285,0.2,0.12034987658262253,0.0020863665267825127
13,0,0.2777828741225172,0.2,0.12034987658262253,0.002324578817933798
13,0,0.26346933513328596,0.2,0.08989445865154266,0.0023632810916751623
13,0,0.26190186883592825,0.22,0.09584880620241165,0.0024182479828596115
13,0,0.2630859080387456,0.24,0.13917876780033112,0.0026167563628405333
13,0,0.2647820984179781,0.24,0.2143552005290985,0.0029526581056416035
13,0,0.26683092021821153,0.28,0.2412266880273819,0.0033684815280139446
13,0,0.2711281832735101,0.3,0.3619661033153534,0.0040123676881194115
13,0,0.2785027049074782,0.3,0.3446241021156311,0.005032574292272329
13,0,0.2924387110978492,0.3,0.3446241021156311,0.005844403523951769
13,0,0.3033974672218071,0.28,0.3817322552204132,0.006832203362137079
13,0,0.31261454782349296,0.3,0.24351227283477783,0.008059253916144371
13,0,0.32810509708114877,0.3,0.2804529368877411,0.00937848724424839
13,0,0.341853626712511,0.28,0.6587481498718262,0.011727157980203629
13,0,0.3526860561595163,0.28,0.5881000757217407,0.013589088805019855
13,0,0.3555601383859893,0.26,0.5881000757217407,0.013917767442762852
13,0,0.3532706614445049,0.24,0.5342561602592468,0.014533030800521374
13,0,0.36767780226481256,0.26,0.49655261635780334,0.015524285845458508
13,0,0.38307764486917306,0.26,0.4775891602039337,0.016530510038137436
13,0,0.3875102489377823,0.24,0.4228328466415405,0.015710748732089996
13,0,0.39199803148980783,0.24,0.5103029608726501,0.01450456865131855
13,0,0.39653515249778043,0.24,0.5103029608726501,0.01388427522033453
13,0,0.40293260065941905,0.24,0.5103029608726501,0.013849085196852684
13,0,0.406485661787198,0.22,0.5479143261909485,0.013950901105999947
13,0,0.3859384664979783,0.22,0.5479143261909485,0.013522190041840076
13,0,0.35160212287383796,0.22,0.5479143261909485,0.012171442620456219
13,0,0.3352890957651799,0.22,0.6152456402778625,0.012783722020685673
13,0,0.33015198020477227,0.22,0.6347904205322266,0.009202067740261555
13,0,0.3149535731323306,0.26,0.5953647494316101,0.00739578902721405
13,0,0.29684716690518903,0.26,0.40747180581092834,0.005548248533159494
13,0,0.27845308435457844,0.2,0.27846086025238037,0.004737195558845997
13,0,0.26034295835389715,0.2,0.27846086025238037,0.003958216868340969
13,0,0.2414082473527586,0.2,0.2642027735710144,0.0032366150990128517
13,0,0.22229968851582788,0.18,0.2436344176530838,0.0027752090245485306
13,0,0.2037088314853651,0.14,0.11856596916913986,0.002591104246675968
13,0,0.18189573967770598,0.12,0.07193416357040405,0.0025021694600582123
13,0,0.16168058221627696,0.1,0.008941148407757282,0.002334204036742449
13,0,0.14472435795251823,0.1,0.0027606741059571505,0.002104088431224227
13,0,0.1294420390754695,0.04,0.0005144900060258806,0.0018792401533573866
13,0,0.11472347580823299,0.04,6.694174226140603e-05,0.0016403875779360533
13,0,0.10048187438524393,0.02,6.975925498409197e-05,0.00142633356153965
13,0,0.0888581963381862,0.02,2.4725430193939246e-05,0.0011887006694450974
13,0,0.07709563763990569,0.04,3.5290260711917654e-05,0.0009960932657122612
13,0,0.06602307424658237,0.04,3.5290260711917654e-05,0.0009018948185257614
13,0,0.059822304785938044,0.04,3.5290260711917654e-05,0.0008488050661981106
13,0,0.05370571948228224,0.04,2.67792656813981e-05,0.0008498324896208942
13,0,0.04700356353824549,0.04,2.2738458937965333e-05,0.0008543390431441367
13,0,0.042586444508222965,0.04,2.2738458937965333e-05,0.0008147034095600247
13,0,0.03922309177213778,0.04,1.9390923625905998e-05,0.0007842315826565027
13,0,0.0367019359216934,0.04,1.9390923625905998e-05,0.0007633570930920541
13,0,0.034777424405133615,0.04,1.9390923625905998e-05,0.000750128470826894
13,0,0.03317439804470494,0.04,1.9390923625905998e-05,0.0007428844692185521
13,0,0.032231215353324405,0.04,2.775993380055297e-05,0.0007425242220051587
13,0,0.03212341473997084,0.04,3.7229747249512e-05,0.00075545534491539
13,0,0.032695122337282015,0.06,3.5435474273981526e-05,0.0007949662976898253
13,0,0.03380799723788717,0.06,3.5435474273981526e-05,0.0008002757094800472
13,0,0.03327030715893178,0.04,2.2269894543569535e-05,0.000810784287750721
13,0,0.03344293895748207,0.04,2.2269894543569535e-05,0.0008714377763681114
13,0,0.037192263391040904,0.04,2.2269894543569535e-05,0.0009420413407497108
13,0,0.037724417615417,0.04,3.118825770798139e-05,0.0010231535416096449
13,0,0.0378163138610233,0.04,2.9478245778591372e-05,0.0010558797512203455
13,0,0.04038696268783414,0.04,2.9478245778591372e-05,0.0010375110432505608
13,0,0.04042303103202279,0.04,2.9478245778591372e-05,0.0010282632429152727
13,0,0.04100123480080187,0.04,3.252725218771957e-05,0.0010098278289660811
13,0,0.042523452741947264,0.02,3.252725218771957e-05,0.0009760978864505887
13,0,0.04332571035940774,0.02,4.855934457737021e-05,0.0009230223367922008
13,0,0.04515919281550649,0.02,4.855934457737021e-05,0.0008380351937375963
13,0,0.04588300821773598,0.02,5.536772368941456e-05,0.0007536296616308391
13,0,0.04588892962597825,0.02,5.536772368941456e-05,0.0006622510845772922
13,0,0.045226721309227114,0.04,8.809845894575119e-05,0.0005919356481172144
13,0,0.04270487273003267,0.04,8.809845894575119e-05,0.0005423756665550172
13,0,0.04036337137987129,0.04,8.822194649837911e-05,0.00048624613555148244
13,0,0.03814176187142852,0.04,6.162621139083058e-05,0.0004251298669259995
13,0,0.03645572569504185,0.04,6.162621139083058e-05,0.0003789701731875539
13,0,0.03329289746840853,0.04,4.647825699066743e-05,0.0003430964716244489
13,0,0.03092269837995341,0.04,4.647825699066743e-05,0.0003224251267965883
13,0,0.02862070331754923,0.04,5.405524279922247e-05,0.0003076694265473634
13,0,0.02500877210523827,0.06,5.58327192266006e-05,0.0002888536255341023
13,0,0.020913866073125717,0.04,5.58327192266006e-05,0.0002493537322152406
13,0,0.017530026545033005,0.04,5.58327192266006e-05,0.00021717738127335906
13,0,0.015113297876274481,0.04,2.6935038476949558e-05,0.00020126688468735665
13,0,0.013906933632247449,0.04,2.6935038476949558e-05,0.00019599325605668128
13,0,0.013206177382581114,0.04,3.645262768259272e-05,0.00020183305605314672
13,0,0.012926056405439201,0.04,3.052239480894059e-05,0.00021156476577743888
13,0,0.012953766471015428,0.04,3.052239480894059e-05,0.00022020746837370098
13,0,0.012828943311026415,0.04,3.358968024258502e-05,0.00021558279695454985
13,0,0.01254309807873487,0.04,3.0441089620580897e-05,0.00020660812151618302
13,0,0.01241687169678753,0.04,3.0441089620580897e-05,0.00019714592781383544
13,0,0.011931102624357386,0.04,3.0398476155824028e-05,0.00018579087918624282
13,0,0.0109876141796537,0.04,3.0398476155824028e-05,0.00017503899289295077
13,0,0.010055220570273235,0.04,2.2461554181063548e-05,0.0001734126271912828
13,0,0.009527035800176867,0.04,2.3470172891393304e-05,0.0001821837795432657
13,0,0.009321845269785883,0.04,2.3470172891393304e-05,0.00020096104708500206
13,0,0.009411690336110662,0.04,2.3470172891393304e-05,0.00022112461738288403
13,0,0.009264773399963382,0.04,2.3470172891393304e-05,0.0002396941854385659
13,0,0.009074178032727172,0.04,2.3470172891393304e-05,0.00025699177058413625
13,0,0.009262401140042698,0.04,2.3470172891393304e-05,0.00025901029584929347
13,0,0.009197087044695886,0.04,2.9287926736287773e-05,0.000250521901762113
13,0,0.008946409633147901,0.04,2.9287926736287773e-05,0.0002470045583322644
13,0,0.00885259673704278,0.04,2.9287926736287773e-05,0.00024120289890561253
13,0,0.008899097103389868,0.04,2.9287926736287773e-05,0.00022776733385398984
13,0,0.009070935912286738,0.04,2.9287926736287773e-05,0.0002113109512720257
13,0,0.00951421835959751,0.04,2.9287926736287773e-05,0.00019361318845767528
13,0,0.010004607065385075,0.04,2.8355500035104342e-05,0.00017872506577987224
13,0,0.010482603560593124,0.04,3.3250576962018386e-05,0.0001674573722993955
13,0,0.011276072250296046,0.04,3.3250576962018386e-05,0.00015816242375876755
13,0,0.012511743241018917,0.04,3.3250576962018386e-05,0.0001509994617663324
13,0,0.014112945164500817,0.04,3.9710856071906164e-05,0.00014716405712533742
13,0,0.016773586323078574,0.04,4.404014180181548e-05,0.00014409419964067638
13,0,0.015795966157159197,0.04,5.3979569202056155e-05,0.00014357740292325616
13,0,0.011782266104058489,0.06,4.092864037374966e-05,0.00011608006752794608
13,0,0.007926666630805917,0.06,2.568165655247867e-05,8.382537635043263e-05
13,0,0.006557705559143349,0.04,1.9630610040621832e-05,5.078656613477506e-05
13,0,0.007033494307581985,0.06,0.00011761744826799259,3.126175215584226e-05
13,0,0.008722173788263387,0.02,0.0002177272253902629,2.022841727011837e-05
13,0,0.01103821304355686,0.04,0.0001564512640470639,1.5407986211357638e-05
13,0,0.011657975345713192,0.04,0.0001564512640470639,1.654090010561049e-05
13,0,0.012497315296213727,0.04,0.00024386912991758436,2.218108784290962e-05
13,0,0.01448098852042187,0.04,0.00021301933156792074,2.997790761583019e-05
13,0,0.016523577831186128,0.04,0.00023409385175909847,3.737495353561826e-05
13,0,0.016175653299124924,0.04,0.00034822378074750304,4.082230952917598e-05
13,0,0.015339449826433134,0.04,0.00041008181869983673,4.177675145911053e-05
13,0,0.015357869278035044,0.06,0.00041008181869983673,3.9278293115785345e-05
13,0,0.014868695642776996,0.06,0.0003615817695390433,3.8911479350645095e-05
13,0,0.014365142992957596,0.06,0.0003109118260908872,3.828609987976961e-05
13,0,0.013561840663124046,0.06,0.00033473942312411964,3.645596370915882e-05
13,0,0.012759321329454005,0.06,0.00033473942312411964,3.192467556800693e-05
13,0,0.012054534314932534,0.06,0.0003832108632195741,2.709928958211094e-05
13,0,0.011669920453193606,0.06,0.0003259630757384002,2.300681808264926e-05
13,0,0.011181497202909972,0.04,0.0003790848422795534,2.0437446437426843e-05
13,0,0.010726093431875059,0.04,0.00018497811106499285,1.830432483984623e-05
13,0,0.010355045920811006,0.04,3.6366589483805e-05,1.6275364032480866e-05
13,0,0.009770652990313428,0.04,3.295770875411108e-05,1.4513038877339568e-05
13,0,0.009112544601385804,0.04,3.295770875411108e-05,1.298753068113001e-05
13,0,0.008671580695577708,0.04,3.295770875411108e-05,1.1793919838964939e-05
13,0,0.008211316473317264,0.04,3.295770875411108e-05,1.1356720278854482e-05
13,0,0.007937692068478823,0.06,2.207645411544945e-05,1.1034302588086575e-05
13,0,0.007507225464862937,0.06,1.8826376617653295e-05,1.0830328392330557e-05
13,0,0.007261638498825309,0.06,1.8826376617653295e-05,1.056856672221329e-05
13,0,0.007293473507127602,0.06,1.4352744074130896e-05,1.0296376785845496e-05
13,0,0.00736901568697465,0.06,1.4352744074130896e-05,9.928976396622602e-06
13,0,0.00693059315786871,0.06,1.4352744074130896e-05,9.508586117590312e-06
13,0,0.006906686384608891,0.06,1.4352744074130896e-05,8.973478543339297e-06
13,0,0.0076627915940724505,0.06,1.520795649412321e-05,9.098843293031678e-06
13,0,0.007753026804479684,0.06,2.2703878130414523e-05,8.945059562392998e-06
13,0,0.007268836555020146,0.06,1.8193921277998015e-05,8.213709406845737e-06
13,0,0.007149564626823984,0.06,1.8193921277998015e-05,8.590659490437247e-06
13,0,0.007247520896654538,0.06,1.8193921277998015e-05,8.81634605320869e-06
13,0,0.007338280558916275,0.06,2.6046276616398245e-05,9.191840945277363e-06
13,0,0.007576925033191834,0.06,2.6046276616398245e-05,9.517458238406107e-06
13,0,0.007903270394977902,0.06,0.00013248984760139138,9.750667231855914e-06
13,0,0.008259057132880897,0.06,0.00026661003357730806,1.0168961125600617e-05
13,0,0.008847761308601246,0.06,0.00026661003357730806,1.055830125551438e-05
13,0,0.009576635250607575,0.06,0.0003183945082128048,1.1015315067197662e-05
13,0,0.010039090224338014,0.06,0.0003183945082128048,1.1710915714502335e-05
13,0,0.0104024393609273,0.06,0.0003183945082128048,1.2251268344698474e-05
13,0,0.011064585298830653,0.06,0.0003183945082128048,1.2281566341698635e-05
13,0,0.011528179876976099,0.06,0.0002781194925773889,1.2127710760978516e-05
13,0,0.011337103221463477,0.06,0.0002781194925773889,1.200308724946808e-05
13,0,0.010990062273719507,0.06,0.0002781194925773889,1.2010713362542447e-05
13,0,0.011285285752170901,0.06,0.0002781194925773889,1.2517968571046367e-05
13,0,0.01204471140245557,0.06,0.0006668732967227697,1.3983280950924382e-05
13,0,0.012345803983714284,0.06,0.0006668732967227697,1.5916433767415583e-05
13,0,0.0118101799458716,0.06,0.0004659160040318966,1.817534757719841e-05
13,0,0.010854868940293196,0.08,0.0004659160040318966,2.0146904716966674e-05
13,0,0.010087360642770705,0.08,5.338477058103308e-05,2.0523246348602697e-05
13,0,0.009467478265808443,0.08,5.866718856850639e-05,1.9785102267633192e-05
13,0,0.008838581278393128,0.08,4.912318763672374e-05,1.8083592294715345e-05
13,0,0.008030963740511234,0.08,5.7852506870403886e-05,1.561242970637977e-05
13,0,0.007238051223524854,0.08,3.999372347607277e-05,1.2231118489580695e-05
13,0,0.006339755625798969,0.08,3.1588519050274044e-05,8.931174306781031e-06
13,0,0.005565705950921443,0.08,3.1588519050274044e-05,6.329019470285857e-06
13,0,0.004935299933257106,0.06,2.3340937332250178e-05,4.1689859244797844e-06
13,0,0.004345765152767694,0.06,3.79246412194334e-05,2.6198217710771132e-06
13,0,0.0038004292662047337,0.08,3.887968705384992e-05,1.5740974959044252e-06
13,0,0.0032844156775576295,0.08,1.3911812857259065e-05,9.685641089163255e-07
13,0,0.0029114235689948077,0.08,1.4090624972595833e-05,6.651413286817842e-07
13,0,0.00264781184614465,0.08,1.4090624972595833e-05,5.046476871939376e-07
13,0,0.0024216701310682525,0.08,1.4325544725579675e-05,4.163695166425896e-07
13,0,0.0022121819550860763,0.08,8.819156391837168e-06,3.7186515555731603e-07
13,0,0.0021399667357079543,0.08,8.819156391837168e-06,3.8011481251487567e-07
13,0,0.002190001551221512,0.08,1.4051643120183144e-05,4.3489782797223597e-07
13,0,0.002205210017910459,0.06,1.3365999620873481e-05,4.873273269367928e-07
13,0,0.0022538146054344108,0.06,5.603024874289986e-06,5.691230740012543e-07
13,0,0.0024411369803558174,0.06,5.996233539917739e-06,7.871967682149261e-07
13,0,0.0026836645874634413,0.06,5.431648787634913e-06,1.122148773902154e-06
13,0,0.0028728770387464945,0.06,5.431648787634913e-06,1.5006170315245981e-06
13,0,0.003021550117336684,0.06,6.884859431011137e-06,1.959481323865475e-06
13,0,0.003188956795129405,0.06,6.884859431011137e-06,2.405352233836311e-06
13,0,0.0033831497793824178,0.06,6.034525540599134e-06,2.6307102416467387e-06
13,0,0.0034720899260021537,0.06,7.530402399424929e-06,3.458520950516686e-06
13,0,0.004142711943018221,0.06,7.203841505543096e-06,4.497852842177963e-06
13,0,0.004743223494842065,0.06,6.143752671050606e-06,6.194732122821733e-06
13,0,0.004661651321388365,0.06,6.890488293720409e-06,8.539053851563949e-06
13,0,0.004977504153781859,0.06,6.214768291101791e-06,9.378076356370002e-06
13,0,0.0050328908420495255,0.06,8.008480108401272e-06,1.0682176252885256e-05
13,0,0.00557602139937529,0.06,8.008480108401272e-06,1.2042943126289174e-05
13,0,0.005790066024785987,0.06,1.1177388842043001e-05,1.5621215425198898e-05
13,0,0.006750392729260762,0.06,1.68027872859966e-05,1.5830722986720502e-05
13,0,0.006534440893459375,0.06,1.4164552339934744e-05,1.3915368981542997e-05
13,0,0.006713642450487706,0.06,8.438171789748594e-06,1.203506690217182e-05
13,0,0.006843039506726098,0.06,8.438171789748594e-06,1.014610916172387e-05
13,0,0.007278480963281551,0.06,8.828194040688686e-06,8.814077773422468e-06
13,0,0.008111960660652002,0.06,6.544299139932264e-06,8.085250556177925e-06
13,0,0.008689570581299096,0.06,7.471771823475137e-06,7.511674994020723e-06
13,0,0.008807677567990297,0.06,7.471771823475137e-06,7.202749657153618e-06
13,0,0.008297544905475115,0.06,7.880374141677748e-06,6.7296136876393575e-06
13,0,0.007967259191386576,0.06,5.780083483841736e-06,6.442323865485378e-06
13,0,0.008374176607730516,0.06,5.242090992396697e-06,6.270371159189381e-06
13,0,0.009122871452328436,0.06,5.76082265979494e-06,6.045302598067792e-06
13,0,0.009623255756009691,0.06,5.76082265979494e-06,5.776078069175128e-06
13,0,0.0098995293451108,0.06,5.76082265979494e-06,5.4104984883451834e-06
13,0,0.008984268412323727,0.06,5.780083483841736e-06,4.946155968355015e-06
13,0,0.007748954794578252,0.06,6.3685261011414696e-06,4.713726411864627e-06
13,0,0.009221227110836812,0.06,4.56297539130901e-06,4.365284894447541e-06
13,0,0.009882721300471044,0.06,7.781869499012828e-06,4.934753633278888e-06
13,0,0.010643608674437572,0.06,1.159588009613799e-05,5.6694502745813224e-06
13,0,0.012041635307609844,0.06,1.0163705155719072e-05,6.601088443858316e-06
13,0,0.013007727635009491,0.08,2.9126211302354932e-05,7.764078873151448e-06
13,0,0.012860674377597057,0.08,3.634596214396879e-05,7.221980467875255e-06
13,0,0.012686480119487368,0.08,1.2683134627877735e-05,6.867134288768284e-06
13,0,0.012428371251759012,0.08,1.2683134627877735e-05,6.372627012751764e-06
13,0,0.01192587386654604,0.08,8.511517989973072e-06,5.689294994226657e-06
13,0,0.011485409015011501,0.08,7.897964678704739e-06,5.091117145639146e-06
13,0,0.010792451908077217,0.08,7.897964678704739e-06,4.4964886001253035e-06
13,0,0.010131168899171206,0.1,4.631040155800292e-06,3.910473878931953e-06
13,0,0.009395862217103212,0.06,6.575999577762559e-06,3.4447321013431065e-06
13,0,0.00905617565502189,0.06,1.2673463061219081e-05,3.048650114578777e-06
13,0,0.008639274877216776,0.06,7.000713139859727e-06,2.776226210698951e-06
13,0,0.008029883962466683,0.06,7.000713139859727e-06,2.6646330297808163e-06
13,0,0.00786922555648206,0.06,6.588057203771314e-06,2.603997018013615e-06
13,0,0.0076353073964481035,0.06,6.588057203771314e-06,2.489695134499925e-06
13,0,0.0069015079760236025,0.06,4.430511580721941e-06,2.1373746221797774e-06
13,0,0.0067382748014304,0.06,4.430511580721941e-06,2.0908510123263113e-06
13,0,0.006622748276191104,0.06,4.427365183801157e-06,2.079637397400802e-06
13,0,0.00620957202098102,0.06,4.427365183801157e-06,1.8621888102643425e-06
13,0,0.006427685533279236,0.06,3.89897149943863e-06,1.8242232044940465e-06
13,0,0.006476508072463025,0.06,3.912014562956756e-06,1.7553055613461765e-06
13,0,0.005580736065884349,0.06,4.047828497277806e-06,1.6301768255289062e-06
13,0,0.0042665008600001495,0.06,4.047828497277806e-06,1.3547589787776815e-06
13,0,0.0035480751786650497,0.06,4.727015493699582e-06,1.178230149889714e-06
13,0,0.0050006539684551415,0.08,4.823456947633531e-06,1.0330633131161449e-06
13,0,0.008793122835953647,0.08,8.0028003139887e-06,8.477384199068183e-07
13,0,0.007968979448266479,0.08,1.6010608305805363e-05,8.40706604776642e-07
13,0,0.007403586261832344,0.1,1.5207869182631839e-05,7.825776719982969e-07
13,0,0.010109586535803336,0.12,1.17966183097451e-05,6.964289127608936e-07
13,0,0.015502904551028403,0.12,1.17966183097451e-05,5.513694532055524e-07
13,0,0.015588409935277218,0.12,1.17966183097451e-05,6.104781391513825e-07
13,0,0.016512946743735227,0.12,1.0339651453250553e-05,7.111142394933267e-07
13,0,0.01740537653606838,0.12,1.2902670277981088e-05,9.032410730469564e-07
13,0,0.01810419437116054,0.12,1.2902670277981088e-05,1.2843150898333988e-06
13,0,0.02048741800177549,0.1,1.2902670277981088e-05,1.5026477058199816e-06
13,0,0.019933681975854253,0.1,1.358375811832957e-05,1.5563330180157209e-06
13,0,0.01911442070887649,0.1,1.358375811832957e-05,1.7882845213534893e-06
13,0,0.020214897657973536,0.1,1.358375811832957e-05,2.522095428503235e-06
13,0,0.02072520261981302,0.1,1.358375811832957e-05,4.247223387210397e-06
13,0,0.018742743833194388,0.1,7.048322913760785e-06,6.0251345530559774e-06
13,0,0.017769381592144265,0.1,7.690526217629667e-06,6.659513019258156e-06
13,0,0.018710352080505675,0.1,8.053360943449661e-06,7.969334546942264e-06
13,0,0.019128685974745346,0.1,8.053360943449661e-06,8.442228136118501e-06
13,0,0.01712591970917657,0.1,8.053360943449661e-06,8.152596819854807e-06
13,0,0.01615625245968196,0.1,6.453601599787362e-06,7.932937478472013e-06
13,0,0.017290224253505092,0.1,7.0312703428498935e-06,7.992320206540171e-06
13,0,0.016932202100565636,0.1,1.3550868970924057e-05,7.432684469677042e-06
13,0,0.01687105959941798,0.1,8.074734796537086e-05,7.049573468975723e-06
13,0,0.01701417867320171,0.1,8.074734796537086e-05,6.442286576202605e-06
13,0,0.017169827079555264,0.1,8.080473344307393e-05,5.797965968667995e-06
13,0,0.017377411781304686,0.1,8.080473344307393e-05,5.200349733058829e-06
13,0,0.017606900505206243,0.12,0.0001043506563291885,4.682792678067926e-06
13,0,0.017651508531019686,0.12,0.0001043506563291885,4.2754272726597264e-06
13,0,0.017839976905298927,0.12,0.00014611802180297673,3.948480298276991e-06
13,0,0.01858180896735854,0.12,0.00014611802180297673,3.5985979138786206e-06
13,0,0.01915605834834809,0.1,0.00011314868606859818,3.1636247967981035e-06
13,0,0.019379309608313963,0.1,0.00011314868606859818,2.9376074053288903e-06
13,0,0.021013824690491397,0.1,0.00014805204409640282,3.0273556603788165e-06
13,0,0.023538434886561155,0.1,0.00012435797543730587,3.206358087481931e-06
13,0,0.024584378216622797,0.1,0.0001183220956590958,3.245499783588457e-06
13,0,0.025805514159651013,0.14,0.0010058743646368384,3.4692570807237644e-06
13,0,0.02719001193439154,0.16,0.0010058743646368384,3.7785553104185965e-06
13,0,0.029136825726194443,0.18,0.0009982691844925284,4.234859261487145e-06
13,0,0.03035157342386784,0.18,0.0011320733465254307,4.574918420985341e-06
13,0,0.03133559322840095,0.28,0.0029895396437495947,4.89989179186523e-06
13,0,0.0369310657832847,0.32,0.002599388360977173,8.977227480500005e-06
13,0,0.034333856956213125,0.34,0.005332534201443195,5.5491464081569575e-06
13,0,0.036382242395567796,0.34,0.00933876633644104,5.704627255909145e-06
13,0,0.036477128484432346,0.34,0.00933876633644104,6.049258900020504e-06
13,0,0.035426789487868766,0.36,0.03885815665125847,6.184272479003994e-06
13,0,0.03592561568617051,0.36,0.03885815665125847,6.213796041265596e-06
13,0,0.032929831933663396,0.36,0.03885815665125847,4.876922503171954e-06
13,0,0.02885301063527535,0.36,0.03885815665125847,3.1423153359355638e-06
13,0,0.02642455158819083,0.36,0.03885815665125847,2.1526925593207125e-06
13,0,0.024544837935519735,0.36,0.016096513718366623,1.5468539231733303e-06
13,0,0.022846855423820134,0.34,0.01487173605710268,1.0830376595549751e-06
13,0,0.02163211275688612,0.34,0.00854052696377039,7.587369736938854e-07
13,0,0.020331943625487618,0.34,0.013822443783283234,5.483699396791053e-07
13,0,0.019414511094354978,0.34,0.013822443783283234,4.37774048123174e-07
13,0,0.017688550163671157,0.32,0.008011634461581707,3.190307040767948e-07
13,0,0.017630170926839137,0.26,0.0031046029180288315,3.004106758908165e-07
13,0,0.01705885314477673,0.24,0.0030433540232479572,2.762531892130937e-07
13,0,0.015096337060821481,0.22,0.0016281504649668932,2.0774479025931214e-07
13,0,0.013480665575105463,0.16,0.0016281504649668932,1.644281155677163e-07
13,0,0.011943722073260016,0.12,0.0014899550005793571,1.3115014496634103e-07
13,0,0.010736646996317462,0.12,0.000883988686837256,1.070776676215246e-07
13,0,0.00967563244432147,0.12,0.0012102419277653098,9.054466687530294e-08
13,0,0.008913183260667912,0.1,0.0012102419277653098,8.191474165641921e-08
13,0,0.008364287917155818,0.14,0.0012102419277653098,7.563371440255651e-08
13,0,0.007910839150949325,0.12,0.0013331864029169083,6.950766362479044e-08
13,0,0.007683116270747823,0.12,0.0002228357916465029,6.681860753587898e-08
13,0,0.00741772629744421,0.12,0.0002228357916465029,6.136745156481993e-08
13,0,0.00712866621152278,0.12,0.0001784725027391687,5.6417476912429265e-08
13,0,0.006999723050727539,0.12,0.0001784725027391687,4.744796555655739e-08
13,0,0.006994885345216739,0.12,0.0001784725027391687,4.150516730305753e-08
13,0,0.007003621601376187,0.12,0.0001784725027391687,3.6869298725150657e-08
13,0,0.007068261019891501,0.12,0.0001504868851043284,3.4681573168882096e-08
13,0,0.007109257352463523,0.12,0.0001504868851043284,3.374680446199818e-08
13,0,0.007174630092493695,0.14,0.0013386792270466685,3.356296218726129e-08
13,0,0.007459050555365044,0.16,0.0013353213435038924,3.534092840595804e-08
13,0,0.007596660007697809,0.14,0.0013353213435038924,3.632186107438429e-08
13,0,0.0074900016835020775,0.14,0.0015832968056201935,3.821506311396661e-08
13,0,0.00770890907854019,0.12,0.0013832399854436517,4.278643217503486e-08
13,0,0.008345199001550244,0.12,0.0013832399854436517,4.9079869057777614e-08
13,0,0.008863616682294722,0.12,0.0019577855709940195,5.5697903178497654e-08
13,0,0.009594007734276782,0.18,0.0021392798516899347,6.392278351086134e-08
13,0,0.010621507634876912,0.22,0.0021392798516899347,7.551177105824536e-08
13,0,0.011713797384476433,0.26,0.004077346064150333,9.35447417305113e-08
13,0,0.013335112987422577,0.28,0.004077346064150333,1.2316668573930656e-07
13,0,0.015213070272207616,0.28,0.007054904475808144,1.7277631059187115e-07
13,0,0.016262951624759263,0.26,0.006699251011013985,2.454880245750246e-07
13,0,0.016176912930601337,0.32,0.03501138836145401,3.3922248121598386e-07
13,0,0.015485251238984168,0.32,0.06554839015007019,4.3467309751576977e-07
13,0,0.01622491328368218,0.36,0.0754232257604599,4.694726953857753e-07
13,0,0.015932779388226133,0.36,0.12165950983762741,4.494421546041849e-07
13,0,0.017362421059397525,0.38,0.0972399115562439,3.5075512982984947e-07
13,0,0.016181831284493405,0.4,0.11414358019828796,2.6898175065070973e-07
13,0,0.014312543753280968,0.36,0.11414358019828796,1.9970524078871676e-07
13,0,0.012513532492086272,0.36,0.07539837807416916,1.454678084655825e-07
13,0,0.011219757458471947,0.34,0.07539837807416916,1.102810998077075e-07
13,0,0.010615802264489516,0.34,0.07539837807416916,9.203160544757338e-08
13,0,0.010611016629421379,0.26,0.03048619255423546,8.577782040219972e-08
13,0,0.010736485263725217,0.26,0.043209731578826904,8.664686390602583e-08
13,0,0.01069356475676998,0.24,0.01757275126874447,8.997363210028197e-08
13,0,0.010526198557670518,0.24,0.008938504382967949,9.423455082924193e-08
13,0,0.010274514505691211,0.2,0.005170092452317476,9.892738717098837e-08
13,0,0.01011837118546837,0.16,0.005720008164644241,1.0366413505380478e-07
13,0,0.009861485299356055,0.14,0.002804223680868745,1.068773016754676e-07
13,0,0.009439624359100077,0.14,0.002804223680868745,1.0987483278768195e-07
13,0,0.009262684060738774,0.12,0.0026494849007576704,1.14369818504656e-07
13,0,0.008690100855983597,0.12,0.002686485182493925,1.1204726746427696e-07
13,0,0.008548645800644987,0.14,0.0020486104767769575,1.1700132063197088e-07
13,0,0.008726134592361299,0.14,0.0023446744307875633,1.2924374459544197e-07
13,0,0.00821485864252654,0.12,0.0023446744307875633,1.3219515437867813e-07
13,0,0.007983008807775954,0.12,0.0020978255197405815,1.3598587145224883e-07
13,0,0.008246055075713687,0.12,0.0018954789265990257,1.3885532723634242e-07
13,0,0.008892129759953828,0.12,0.0009176198509521782,1.4367395806402783e-07
13,0,0.009154932290094966,0.14,0.0009176198509521782,1.42418215887119e-07
13,0,0.009347273220016937,0.14,0.001334690721705556,1.3776069351933984e-07
13,0,0.009615513437751006,0.14,0.001334690721705556,1.3357394834656589e-07
13,0,0.00997623194068619,0.14,0.001331342849880457,1.3097253770411044e-07
13,0,0.010426558827814302,0.14,0.001331342849880457,1.2962949824668613e-07
13,0,0.010904725958774978,0.14,0.001331342849880457,1.2910231816931628e-07
13,0,0.011353170972725682,0.16,0.001331342849880457,1.2822169992432464e-07
13,0,0.011640088656650924,0.16,0.001331342849880457,1.2742616206651292e-07
13,0,0.011732918080285638,0.14,0.001163084409199655,1.2136406724039261e-07
13,0,0.012491237718273871,0.14,0.0013189505552873015,1.1770909225106152e-07
13,0,0.013360156399624498,0.16,0.0013189505552873015,1.1712166525512657e-07
13,0,0.013310612694613972,0.16,0.0014379738131538033,1.1858308823775587e-07
13,0,0.013120569611999637,0.16,0.0023445896804332733,1.2637582358365762e-07
13,0,0.013475541716570097,0.2,0.0040619331412017345,1.4481075538697041e-07
13,0,0.01448210625000994,0.22,0.006028083153069019,1.7578794597739034e-07
13,0,0.01588009647269953,0.26,0.013267855159938335,2.1974074115860276e-07
13,0,0.01652219057565879,0.26,0.02546757273375988,2.518595181300043e-07
13,0,0.017561283844916682,0.26,0.03269694000482559,2.991969552113005e-07
13,0,0.018807360632103663,0.36,0.08188484609127045,3.671292176932184e-07
13,0,0.019442429444231836,0.38,0.17842890322208405,4.4315115133031213e-07
13,0,0.019827584550243003,0.4,0.16609688103199005,5.213441340856662e-07
13,0,0.020196879576044154,0.42,0.16599856317043304,6.086341954869567e-07
13,0,0.02046818086907085,0.42,0.1452179253101349,6.82579695876484e-07
13,0,0.02047729955427923,0.42,0.15732719004154205,7.278091516127461e-07
13,0,0.020243749954986748,0.42,0.22347359359264374,7.335411851272511e-07
13,0,0.01963192189659769,0.42,0.22347359359264374,7.012735068201437e-07
13,0,0.019011692627881032,0.42,0.22347359359264374,6.572549295924546e-07
13,0,0.01892463804191506,0.42,0.22347359359264374,6.144165354271536e-07
13,0,0.019331597124963996,0.42,0.17016306519508362,5.713570772059029e-07
13,0,0.018583660983234957,0.4,0.17016306519508362,5.189447165321326e-07
13,0,0.017398600635490175,0.38,0.1345619410276413,4.6304347733894247e-07
13,0,0.01673460493586193,0.28,0.04647308215498924,4.231946206800785e-07
13,0,0.016298998132165045,0.24,0.046746596693992615,4.008530538612831e-07
13,0,0.016099144093174617,0.22,0.01373199000954628,4.164771212344931e-07
13,0,0.015748598130832743,0.2,0.0036425429861992598,4.4261264520173427e-07
13,0,0.01570122884538626,0.18,0.002102140337228775,4.676000173731154e-07
13,0,0.015935133998747648,0.14,0.0012891545193269849,4.738841141715966e-07
13,0,0.015466487440211327,0.12,0.0010779070435091853,4.692564914421382e-07
13,0,0.012585119233863224,0.12,0.0008265733486041427,3.8399150525947334e-07
13,0,0.008845421480159016,0.12,0.0008938926621340215,3.1559397939417977e-07
13,0,0.008272846857161594,0.12,0.0009822610300034285,2.7827837811855716e-07
13,0,0.0112686794178371,0.12,0.0006039102445356548,2.86746029587448e-07
13,0,0.016369032026984726,0.12,0.00010874281724682078,3.47692463265048e-07
13,0,0.015524909831880148,0.12,7.202581036835909e-05,4.2779086584232573e-07
13,0,0.013295707974478257,0.12,7.25852805771865e-05,4.530319586137921e-07
13,0,0.015311234215475387,0.12,8.102139690890908e-05,4.438041685261851e-07
13,0,0.01719236769251564,0.12,8.102139690890908e-05,5.168427037460788e-07
13,0,0.017584400208959503,0.12,5.427238647826016e-05,6.098066478443798e-07
13,0,0.018260269719252792,0.12,5.229982707533054e-05,7.058629876155464e-07
13,0,0.01944249713451443,0.12,5.189670991967432e-05,7.99969370746112e-07
13,0,0.021282604346552398,0.12,5.6677250540815294e-05,9.191377898787323e-07
13,0,0.021640528386808557,0.12,6.634936289628968e-05,9.309403594670584e-07
13,0,0.021891196019300996,0.12,6.634936289628968e-05,9.397560916113434e-07
13,0,0.02323155675248185,0.12,9.905010665534064e-05,1.0133062460226938e-06
13,0,0.02451912755320484,0.12,8.72298187459819e-05,1.0034897286459454e-06
13,0,0.025524865108912487,0.12,7.937581540318206e-05,9.318205798081181e-07
13,0,0.026656866948285344,0.12,7.937581540318206e-05,8.54329414323729e-07
13,0,0.027967914708286735,0.12,0.0005168552161194384,8.156508783940808e-07
13,0,0.030286340634536696,0.12,0.0006626209942623973,7.705846201133681e-07
13,0,0.03311477694351757,0.12,0.0006981528713367879,6.797649234613345e-07
13,0,0.033449709189427794,0.12,0.0008318602340295911,6.097327513998607e-07
13,0,0.031219622638851044,0.18,0.0009090720559470356,5.433107048702368e-07
13,0,0.030532100263906122,0.22,0.0011557627003639936,5.317438649399264e-07
13,0,0.031659264288649396,0.22,0.001513067982159555,5.953237973699288e-07
13,0,0.03367344121367739,0.24,0.0038367314264178276,7.650766065125936e-07
13,0,0.03589738814372952,0.3,0.007245676591992378,9.794383686312358e-07
13,0,0.03868979658194328,0.34,0.008045443333685398,1.233105990650074e-06
13,0,0.042256747033716666,0.36,0.03755035251379013,1.61947400556528e-06
13,0,0.046365051913278166,0.36,0.12959985435009003,2.080190824926831e-06
13,0,0.05013283617632982,0.34,0.12959985435009003,2.4567309537815163e-06
13,0,0.05350244145190737,0.38,0.1819038987159729,2.7468404368846677e-06
13,0,0.05464375201593634,0.38,0.1819038987159729,2.8295025913394056e-06
13,0,0.058090764738891625,0.4,0.2837737500667572,3.0797514227742795e-06
13,0,0.061465637518325386,0.4,0.2837737500667572,3.1091944947547745e-06
13,0,0.0606502979224202,0.4,0.41322338581085205,2.8834033400926273e-06
13,0,0.061259679150473534,0.42,0.35526689887046814,2.704883627302479e-06
13,0,0.0631913646083778,0.42,0.3209604322910309,2.5826882392721018e-06
13,0,0.06253518117629758,0.42,0.33348944783210754,2.48765854848898e-06
13,0,0.05795525680631566,0.42,0.33348944783210754,2.405035729680094e-06
13,0,0.05629525828965659,0.42,0.3317716121673584,2.378850695095025e-06
13,0,0.056107184583701175,0.4,0.21834345161914825,2.323900162082282e-06
13,0,0.05223218724750566,0.4,0.2087853103876114,2.0099259927519597e-06
13,0,0.048879098335636396,0.38,0.2087853103876114,1.7620596963752178e-06
13,0,0.0474968959919322,0.36,0.1428612619638443,1.62450123752933e-06
13,0,0.04464364661962943,0.36,0.13169142603874207,1.4356537576531991e-06
13,0,0.04473825266086756,0.36,0.13169142603874207,1.4120945479589864e-06
13,0,0.04636525041051912,0.32,0.16842761635780334,1.5113021163415397e-06
13,0,0.04613872156393151,0.34,0.17998811602592468,1.6757871890149545e-06
13,0,0.04512420512627444,0.34,0.17998811602592468,1.8747298327070894e-06
13,0,0.0473484028298795,0.36,0.07064405828714371,2.31794592764345e-06
13,0,0.05309710963789027,0.34,0.059568218886852264,3.091519147346844e-06
13,0,0.055475091678051015,0.32,0.022445205599069595,3.823737642960623e-06
13,0,0.05524168289367408,0.32,0.012174190022051334,4.400579655339243e-06
13,0,0.05765679662277653,0.32,0.012081476859748363,5.250837148196297e-06
13,0,0.060703651653928006,0.32,0.014173838309943676,6.311106517387088e-06
13,0,0.061688332861367975,0.32,0.012884260155260563,7.1630252023169305e-06
13,0,0.06413898871169144,0.32,0.012983052991330624,8.428665751125664e-06
13,0,0.06669475844866674,0.32,0.010270779021084309,1.0340361768612638e-05
13,0,0.06524094731570593,0.34,0.044813111424446106,1.2570221770147327e-05
13,0,0.07318753734263597,0.36,0.07604291290044785,1.8770551832858473e-05
13,0,0.05887045434810238,0.4,0.08512642979621887,3.26133485941682e-05
13,0,0.0795824974016362,0.4,0.07370103895664215,5.809332651551813e-05
13,0,0.08147773583313184,0.38,0.20696169137954712,0.00011731447011698037
13,0,0.09163998878228409,0.4,0.5180169939994812,0.00016195746138691902
13,0,0.08942130539355715,0.46,0.6355054378509521,0.00019721660646609962
13,0,0.08542235679889985,0.48,0.511296272277832,0.0002568572526797652
13,0,0.0887329831571168,0.48,0.5191685557365417,0.00038234892417676747
13,0,0.09811182752566625,0.48,0.554024875164032,0.0005869779270142317
13,0,0.10290507140923227,0.46,0.864766001701355,0.0009115318534895778
13,0,0.1088976456299104,0.46,0.8914108872413635,0.0014124950394034386
13,0,0.11458149819130173,0.48,0.8914108872413635,0.0021889740601181984
13,0,0.11942757552428658,0.48,0.9017416834831238,0.003322574310004711
13,0,0.12159447584336669,0.5,0.912632167339325,0.004939365666359663
13,0,0.12241122976569795,0.52,0.9242745041847229,0.007135819178074598
13,0,0.12768992699920229,0.52,0.9184529185295105,0.009642400778830051
13,0,0.1304454688611471,0.54,0.9369351267814636,0.01237779576331377
13,0,0.13427947308746513,0.54,0.9392305612564087,0.015226663090288639
13,0,0.1392506416754334,0.54,0.9410293698310852,0.018665026873350143
13,0,0.14626154050484427,0.54,0.9410293698310852,0.023852314800024033
13,0,0.15721701361820714,0.58,0.9548771381378174,0.031011933460831642
13,0,0.17218677192469814,0.58,0.9548771381378174,0.04040997847914696
13,0,0.18829658188695383,0.6,0.9548771381378174,0.05126854032278061
13,0,0.20262700922584218,0.62,0.9548771381378174,0.07029972225427628
13,0,0.22312831993317603,0.64,0.9322720170021057,0.09699483215808868
13,0,0.23916567872876476,0.64,0.9377118349075317,0.11943415552377701
13,0,0.25158261159310674,0.66,0.9208881855010986,0.1369936317205429
13,0,0.25799271125056256,0.66,0.8364196419715881,0.1532241553068161
13,0,0.2642712302065074,0.66,0.8136022090911865,0.16124147176742554
13,0,0.2717464875183144,0.66,0.8164123892784119,0.16913750767707825
13,0,0.28203078457762565,0.62,0.8000681400299072,0.1770782619714737
13,0,0.2936538840666243,0.62,0.8000681400299072,0.18251581490039825
13,0,0.3015628166615523,0.62,0.8000681400299072,0.18215492367744446
13,0,0.3039698920600264,0.62,0.8000681400299072,0.17499062418937683
13,0,0.30328792228611634,0.62,0.7510953545570374,0.16262048482894897
13,0,0.2999707248122183,0.6,0.7638315558433533,0.1492244303226471
13,0,0.29415827501272995,0.58,0.8031305074691772,0.1341138780117035
13,0,0.2871777820202649,0.58,0.8031305074691772,0.1187458261847496
13,0,0.2714972305422307,0.56,0.7879065871238708,0.09552653133869171
13,0,0.2542369005720304,0.56,0.7908632159233093,0.07779709249734879
13,0,0.23524859903428222,0.56,0.7991172671318054,0.06544595956802368
13,0,0.22307751615288518,0.56,0.7827919125556946,0.057178907096385956
13,0,0.21413784208514447,0.54,0.7664341926574707,0.05104539543390274
13,0,0.20636765268265891,0.56,0.7664341926574707,0.048167429864406586
13,0,0.2065198652447381,0.56,0.7664341926574707,0.04923273250460625
13,0,0.21272609838629336,0.56,0.7570174336433411,0.051859669387340546
13,0,0.2146994004005291,0.54,0.7570174336433411,0.05244894325733185
13,0,0.20673551252204095,0.54,0.7570174336433411,0.04703393578529358
13,0,0.2024361928050833,0.56,0.7392427921295166,0.04879923164844513
13,0,0.20124412321625937,0.56,0.7392427921295166,0.048689983785152435
13,0,0.19934296863511525,0.56,0.7392427921295166,0.04633227363228798
13,0,0.19618222148300618,0.56,0.7590620517730713,0.04402000084519386
13,0,0.19422203644338717,0.56,0.7684237957000732,0.042232707142829895
13,0,0.19437390610721253,0.56,0.7684237957000732,0.04176628589630127
13,0,0.19653428633809822,0.56,0.7684237957000732,0.04225651174783707
13,0,0.19889366374697193,0.56,0.7684237957000732,0.0427183173596859
13,0,0.2005293069552008,0.56,0.8081530928611755,0.04297551512718201
13,0,0.2017987412083513,0.56,0.8362457156181335,0.04296938329935074
13,0,0.20363656564423716,0.56,0.8362457156181335,0.04397254064679146
13,0,0.20565576569596383,0.58,0.7935556769371033,0.046437449753284454
13,0,0.20736655651805536,0.58,0.7702670097351074,0.049074724316596985
13,0,0.2030383957508204,0.6,0.7702670097351074,0.04875537008047104
13,0,0.18708282044120877,0.6,0.7865374684333801,0.04341031238436699
13,0,0.1645046517624032,0.6,0.7865374684333801,0.03894772008061409
13,0,0.1583966063826593,0.6,0.7951198220252991,0.03627777472138405
13,0,0.16372453524293964,0.58,0.7951198220252991,0.03663863614201546
13,0,0.16258412346260273,0.58,0.7951198220252991,0.035745278000831604
13,0,0.16158387855556594,0.58,0.7951198220252991,0.03402720019221306
13,0,0.15987204281493886,0.58,0.7951198220252991,0.032446328550577164
13,0,0.1575901865154721,0.56,0.7951198220252991,0.03042076900601387
13,0,0.1579043334489207,0.56,0.7951198220252991,0.028312476351857185
13,0,0.1582440024964197,0.56,0.7535146474838257,0.025106145069003105
13,0,0.15883856501068136,0.56,0.6939823627471924,0.021421272307634354
13,0,0.15752109407333867,0.54,0.6939823627471924,0.017768817022442818
13,0,0.15625522619141147,0.52,0.7409626841545105,0.014585325494408607
13,0,0.1559597740038195,0.52,0.7310423851013184,0.012170330621302128
13,0,0.15533762194817266,0.52,0.6223430633544922,0.010266916826367378
13,0,0.1566310570899867,0.54,0.6223430633544922,0.009091924875974655
13,0,0.15973866562266517,0.56,0.5193426609039307,0.008388512767851353
13,0,0.16022045146434666,0.56,0.5193426609039307,0.0075536370277404785
13,0,0.16139370895776325,0.58,0.27014926075935364,0.006996552459895611
13,0,0.1659428995089691,0.58,0.27014926075935364,0.006871303077787161
13,0,0.16945566414994517,0.56,0.1986406147480011,0.0066647399216890335
13,0,0.17328633688102424,0.54,0.15202899277210236,0.006600058637559414
13,0,0.17773142108313342,0.52,0.17049798369407654,0.006646257359534502
13,0,0.18241347989734624,0.5,0.17049798369407654,0.00678326515480876
13,0,0.18725161714325744,0.52,0.17049798369407654,0.00694267638027668
13,0,0.1896087929794827,0.52,0.1904914230108261,0.006885616108775139
13,0,0.19129285795289766,0.52,0.17410463094711304,0.0067352112382650375
13,0,0.19823738394318866,0.52,0.17410463094711304,0.00688222236931324
13,0,0.20397748704346352,0.48,0.16796933114528656,0.007025068160146475
13,0,0.21133004611081468,0.46,0.09879831969738007,0.0073705026879906654
13,0,0.22109057173585756,0.48,0.04278925433754921,0.007933072745800018
13,0,0.22891923869069683,0.48,0.016667252406477928,0.008305414579808712
13,0,0.23471366389966067,0.48,0.016667252406477928,0.00842274446040392
13,0,0.24111660024032405,0.46,0.016667252406477928,0.008848709054291248
13,0,0.24291761681818988,0.44,0.016667252406477928,0.009437203407287598
13,0,0.24234838077836926,0.44,0.016667252406477928,0.010038262233138084
13,0,0.24544831655171673,0.46,0.016667252406477928,0.010924103669822216
13,0,0.24831638636983241,0.46,0.013639984652400017,0.011550433933734894
13,0,0.2458689766716902,0.44,0.013639984652400017,0.011352351866662502
13,0,0.244766871735557,0.44,0.013639984652400017,0.01103998627513647
13,0,0.24578820057993103,0.42,0.013639984652400017,0.010958909057080746
13,0,0.24836866239921726,0.42,0.013639984652400017,0.012957981787621975
13,0,0.2461255189224589,0.42,0.01496952772140503,0.012299980968236923
13,0,0.24734400104734897,0.42,0.01696380227804184,0.013071336783468723
13,0,0.2484078495069279,0.42,0.01696380227804184,0.014423971064388752
13,0,0.2521859447684456,0.42,0.01696380227804184,0.015553281642496586
13,0,0.2589648099939606,0.42,0.01696380227804184,0.015927625820040703
13,0,0.2641686750037738,0.44,0.020713258534669876,0.01656215265393257
13,0,0.2660581113784065,0.44,0.027564287185668945,0.017927004024386406
13,0,0.26067816600601584,0.44,0.033372752368450165,0.017880788072943687
13,0,0.25242865673019177,0.44,0.03661637753248215,0.0166303887963295
13,0,0.2478423968615258,0.44,0.030465848743915558,0.016918154433369637
13,0,0.2428582923073857,0.46,0.031269561499357224,0.017662016674876213
13,0,0.24389389825144628,0.44,0.029222486540675163,0.019618865102529526
13,0,0.23626304255662905,0.44,0.1998639851808548,0.01818433590233326
13,0,0.23083479553853112,0.44,0.20437026023864746,0.01692892797291279
13,0,0.22492716165896978,0.44,0.20619115233421326,0.015517467632889748
13,0,0.21906852923881792,0.44,0.256206214427948,0.013984374701976776
13,0,0.21516708751922056,0.44,0.25543349981307983,0.012726295739412308
13,0,0.2038590486834003,0.44,0.2214891016483307,0.00899084284901619
13,0,0.20229977908326738,0.44,0.2214891016483307,0.00787012092769146
13,0,0.20173279363139848,0.42,0.2214891016483307,0.006765824276953936
13,0,0.20191546954932837,0.42,0.2214891016483307,0.005838178098201752
13,0,0.19135744842343452,0.38,0.14297038316726685,0.003746785456314683
13,0,0.18149504410082923,0.36,0.14297038316726685,0.0026000121142715216
13,0,0.1759635888909449,0.36,0.14297038316726685,0.0020157007966190577
13,0,0.16847050706516847,0.36,0.14160817861557007,0.0015067110070958734
13,0,0.16218543086705745,0.36,0.14160817861557007,0.0011754132574424148
13,0,0.150332499099593,0.36,0.0815461203455925,0.0008455998613499105
13,0,0.14270020960297064,0.32,0.0815461203455925,0.0006202358053997159
13,0,0.13584320297739522,0.32,0.09226876497268677,0.0004739701980724931
13,0,0.13050742018753386,0.28,0.08575321733951569,0.00034427305217832327
13,0,0.11697151321778736,0.26,0.07141663879156113,0.00021377763187047094
13,0,0.07965151315691293,0.24,0.0098888473585248,0.00010779289732454345
13,0,0.05921518506221148,0.24,0.0017467386787757277,5.961436909274198e-05
13,0,0.05297795294479972,0.22,0.001992385368794203,4.853300561080687e-05
13,0,0.05908527974275798,0.14,0.0007692145300097764,4.691470167017542e-05
13,0,0.07527289047440167,0.16,0.0003226443659514189,4.5907894673291594e-05
13,0,0.08064223986619985,0.16,0.0003902303578797728,3.904063851223327e-05
13,0,0.06341247147264471,0.16,0.0003023322788067162,2.237460830656346e-05
13,0,0.04424133370829681,0.16,0.0003023322788067162,1.2602256902027875e-05
13,0,0.04907758852853534,0.16,0.00030652788700535893,1.2199503544252366e-05
13,0,0.0513573392743099,0.18,0.00030652788700535893,1.3457897694024723e-05
13,0,0.05162251969115927,0.18,0.0003368504985701293,1.2789791071554646e-05
13,0,0.05657390172694677,0.16,0.0003368504985701293,1.4712820302520413e-05
13,0,0.05551096971390346,0.14,0.0002820644585881382,1.5941270248731598e-05
13,0,0.054858258336286964,0.14,0.00014885679411236197,2.0501083781709895e-05
13,0,0.05864870299184288,0.14,7.016575546003878e-05,2.897787999245338e-05
13,0,0.06536264918189826,0.14,7.370068487944081e-05,4.50666448159609e-05
13,0,0.07220217875266,0.14,8.060433174250647e-05,7.133046165108681e-05
13,0,0.07758581059621342,0.14,4.711228029918857e-05,0.00010853251296794042
13,0,0.07831527939092582,0.14,5.105554009787738e-05,0.00012638658517971635
13,0,0.08049054002186076,0.14,4.6120181650621817e-05,0.0001480664504924789
13,0,0.08672573034358201,0.14,4.6120181650621817e-05,0.0001735926343826577
13,0,0.0953921428461624,0.14,4.6120181650621817e-05,0.0002000910899369046
13,0,0.10310936020547501,0.14,1.3177027540223207e-05,0.00022513754083774984
13,0,0.1093043635986619,0.16,1.3177027540223207e-05,0.00026143371360376477
13,0,0.10930141597333726,0.16,1.3177027540223207e-05,0.00022220544633455575
13,0,0.1045372641626239,0.14,1.3177027540223207e-05,0.0001596154907019809
13,0,0.09712288701268179,0.14,1.538406650070101e-05,0.000107275162008591
13,0,0.091721521898334,0.14,1.538406650070101e-05,9.133884304901585e-05
13,0,0.08617736161521823,0.14,2.61100176430773e-05,0.00013259371917229146
13,0,0.08731885953875064,0.14,2.837519241438713e-05,8.749541302677244e-05
13,0,0.0900531598940943,0.16,2.837519241438713e-05,0.00010339689470129088
13,0,0.09311235127078465,0.16,2.345932080061175e-05,0.00011869071022374555
13,0,0.09921629427432868,0.16,2.345932080061175e-05,0.00018363428534939885
13,0,0.1057302292197696,0.16,2.9274386179167777e-05,0.0002696947776712477
13,0,0.12068292715501439,0.16,2.2831307433079928e-05,0.0004950565053150058
13,0,0.12979966267997275,0.14,1.1087667189713102e-05,0.0005839723162353039
13,0,0.1260224083959958,0.14,1.1087667189713102e-05,0.0005991414072923362
13,0,0.12012044753903037,0.14,1.4973825273045804e-05,0.00040537913446314633
13,0,0.13129132301965074,0.14,2.103125734720379e-05,0.00040813276427797973
13,0,0.1384735311269909,0.14,1.864835030573886e-05,0.0004563565889839083
13,0,0.1354082993658176,0.14,2.05682881642133e-05,0.00046555601875297725
13,0,0.1391987571702749,0.14,2.3355632947641425e-05,0.0005810287548229098
13,0,0.1407832285403551,0.14,2.3920792955323122e-05,0.0006258693756535649
13,0,0.14186454145809194,0.14,2.3920792955323122e-05,0.0006666820263490081
13,0,0.14425463042566866,0.14,2.3920792955323122e-05,0.0006985018844716251
13,0,0.14784745391194917,0.14,2.3920792955323122e-05,0.0007236714591272175
13,0,0.1484386849452664,0.14,2.3920792955323122e-05,0.0007197635131888092
13,0,0.14121874932490472,0.14,2.3920792955323122e-05,0.0006489655934274197
13,0,0.13686013355262425,0.14,2.3355632947641425e-05,0.0006651278235949576
13,0,0.14182917605212575,0.14,1.8215239833807573e-05,0.000940097903367132
13,0,0.14624631624265286,0.14,1.8215239833807573e-05,0.001244430779479444
13,0,0.14319966118209193,0.14,1.8215239833807573e-05,0.001077028806321323
13,0,0.13902027675958623,0.14,1.8215239833807573e-05,0.0009140183101408184
13,0,0.13746861235219696,0.14,8.390778930333909e-06,0.000801069603767246
13,0,0.13940831487131786,0.14,8.36033905216027e-06,0.0007357762078754604
13,0,0.12339159780651315,0.14,8.36033905216027e-06,0.00040911909309215844
13,0,0.09781153302887108,0.14,1.1883041224791668e-05,0.00021134520648047328
13,0,0.0748968632093427,0.14,1.138893003371777e-05,0.00013342421152628958
13,0,0.0680543872804387,0.14,1.138893003371777e-05,0.00012264697579666972
13,0,0.0665893223737372,0.14,1.2507968676800374e-05,0.00012837587564717978
13,0,0.07146984225679189,0.16,1.6055086234700866e-05,0.00014964451838750392
13,0,0.08256792431479061,0.16,1.6055086234700866e-05,0.00019078316108789295
13,0,0.08587500929554315,0.16,1.6055086234700866e-05,0.00019359895668458194
13,0,0.09261864819838642,0.16,2.2946996978134848e-05,0.00021187948004808277
13,0,0.07896793054810061,0.16,4.08971136494074e-05,0.00013602778199128807
13,0,0.056695873196451876,0.16,4.08971136494074e-05,7.486428512493148e-05
13,0,0.06496113423695382,0.14,3.189603739883751e-05,0.0001364873314741999
13,0,0.08662308391301725,0.12,3.189603739883751e-05,0.00033091186196543276
13,0,0.08525357135510436,0.12,2.9042477763141505e-05,0.00032682163873687387
13,0,0.08677633266561781,0.12,2.9042477763141505e-05,0.000244072187342681
13,0,0.08831654062068278,0.12,2.9042477763141505e-05,0.0002470073814038187
13,0,0.08000978966618412,0.1,0.00011102562712039798,0.00020802584185730666
13,0,0.07973568073066908,0.1,0.00011102562712039798,0.00023757231247145683
13,0,0.08451115450257217,0.12,9.844707528827712e-05,0.00031481232144869864
13,0,0.08603464196149918,0.12,5.617082570097409e-05,0.00034375846735201776
13,0,0.08618674357831381,0.12,7.16588765499182e-05,0.00035633708466775715
13,0,0.08670467219541066,0.12,7.932693551992998e-05,0.0003740032552741468
13,0,0.0875082189591213,0.12,7.932693551992998e-05,0.0003932597755920142
13,0,0.08763089779208533,0.16,7.932693551992998e-05,0.0004031712596770376
13,0,0.08610836028226553,0.16,7.932693551992998e-05,0.0003958579327445477
13,0,0.08596676102077147,0.16,8.946272282628343e-05,0.00039708384429104626
13,0,0.08799385875517102,0.16,0.00014832390297669917,0.0004141095851082355
13,0,0.08617374503723033,0.16,0.0002497042005416006,0.0003873551613651216
13,0,0.07857493836877937,0.14,0.0003201505169272423,0.00020297030278015882
13,0,0.07910727902060635,0.14,0.00019624306878540665,0.0001602123084012419
13,0,0.07716065325708549,0.12,0.00019624306878540665,0.00010854576248675585
13,0,0.07412234604836074,0.12,0.00019624306878540665,8.314930164488032e-05
13,0,0.07304646574796853,0.14,0.00019624306878540665,7.288303459063172e-05
13,0,0.06993057914086259,0.12,0.00019624306878540665,4.896384780295193e-05
13,0,0.0687237152077299,0.1,0.00019624306878540665,3.6585104680852965e-05
13,0,0.06682595614055277,0.12,0.0001538320502731949,3.056614878005348e-05
13,0,0.06316680955700013,0.12,0.0001538320502731949,2.7328214855515398e-05
13,0,0.06280216089054017,0.12,0.0001538320502731949,2.8871983886347152e-05
13,0,0.06263077828232542,0.12,0.0001538320502731949,3.0336675990838557e-05
13,0,0.06046642866960026,0.12,0.00018586033547762781,2.5301815185230225e-05
13,0,0.05869387063280005,0.16,0.00031693236087448895,1.8098498912877403e-05
13,0,0.057904367923965985,0.16,0.00031693236087448895,1.601018084329553e-05
13,0,0.05713316493818908,0.16,0.0003194264427293092,1.7039868907886557e-05
13,0,0.05682159218221506,0.16,0.0003194264427293092,1.8659644410945475e-05
13,0,0.05660376825956871,0.14,0.0003194264427293092,1.7894251868710853e-05
13,0,0.05730578312817637,0.12,0.0003194264427293092,1.774970041878987e-05
13,0,0.056990352920194595,0.12,0.0002674736315384507,1.4480191566690337e-05
13,0,0.0568412634911048,0.12,0.00024738002684898674,1.4071033547224943e-05
13,0,0.05617167709305329,0.12,0.00024738002684898674,1.345852706435835e-05
13,0,0.05659805548644817,0.1,0.0002716804447118193,1.257278836419573e-05
13,0,0.05826877075809236,0.12,0.0002716804447118193,1.1220494343433529e-05
13,0,0.06167396082899097,0.12,0.0002716804447118193,1.189383510791231e-05
13,0,0.06344256573239233,0.12,0.0002716804447118193,1.0852620107471012e-05
13,0,0.06306943301018637,0.12,0.0002716804447118193,1.0041800123872235e-05
13,0,0.062183034952765205,0.12,0.0002716804447118193,9.655394933361094e-06
13,0,0.06132594985673947,0.12,0.0002716804447118193,8.013576007215306e-06
13,0,0.06155386505998077,0.12,0.0002467893937136978,7.754052603559103e-06
13,0,0.060954561067279575,0.12,0.0002467893937136978,7.322520559682744e-06
13,0,0.06233905502404077,0.12,0.0002716804447118193,8.621906090411358e-06
13,0,0.0628951748416498,0.14,0.0002716804447118193,8.839515430736355e-06
13,0,0.060840211740580685,0.14,0.0002716804447118193,7.479207852156833e-06
13,0,0.06059894454443874,0.14,0.0002937475801445544,6.331838903861353e-06
13,0,0.06372197992084964,0.14,0.0003508020890876651,5.51915809410275e-06
13,0,0.06609969623653547,0.14,0.0003194264427293092,5.76825595999253e-06
13,0,0.06528693606550588,0.16,0.0003194264427293092,5.638748007186223e-06
13,0,0.06299095932160838,0.16,0.0003194264427293092,5.377689376473427e-06
13,0,0.06072466906939766,0.18,0.0003194264427293092,5.321508979250211e-06
13,0,0.06004849830405887,0.18,0.00031693236087448895,5.6482576837879606e-06
13,0,0.062169121784033624,0.18,0.00031693236087448895,7.797886610205751e-06
13,0,0.06485322575202697,0.18,0.00031693236087448895,1.047902424033964e-05
13,0,0.06742948319182676,0.18,0.00031693236087448895,1.3792523532174528e-05
13,0,0.06850438576034272,0.18,0.00031693236087448895,1.4815066606388427e-05
13,0,0.0696262842524301,0.16,0.0004042916407343,1.5590587281621993e-05
13,0,0.0714186146930738,0.16,0.0004042916407343,1.7311307601630688e-05
13,0,0.0742983029737931,0.14,0.0004042916407343,1.7717939044814557e-05
13,0,0.07726155679050953,0.14,0.00031693236087448895,1.786862048902549e-05
13,0,0.07546389242004845,0.14,0.00031693236087448895,1.675195380812511e-05
13,0,0.07175846886322672,0.14,0.0005553597584366798,1.5837957107578404e-05
13,0,0.0699461377072084,0.14,0.0005553597584366798,1.566961691423785e-05
13,0,0.06967241837294147,0.14,0.0005553597584366798,1.559379779791925e-05
13,0,0.06947528157439364,0.14,0.0005553597584366798,1.5253929632308427e-05
13,0,0.06497931407040691,0.16,0.0005553597584366798,1.4059122804610524e-05
13,0,0.05787092747120886,0.16,0.0005553597584366798,1.1082519449701067e-05
13,0,0.060287311234109464,0.16,0.00031693236087448895,8.388315109186806e-06
13,0,0.06713306649160206,0.16,0.00031693236087448895,6.8270674091763794e-06
13,0,0.05057802012118395,0.16,0.00031693236087448895,3.193382553945412e-06
13,0,0.03714031271018252,0.16,0.0003194264427293092,1.9905451154045295e-06
13,0,0.04232875482206262,0.16,0.0003194264427293092,2.3108191271603573e-06
13,0,0.04243916624357892,0.16,0.00027378639788366854,2.567224782978883e-06
13,0,0.041548091827447925,0.16,0.00027378639788366854,2.3197683276521275e-06
13,0,0.040829393262524764,0.14,0.00030067970510572195,2.108379703713581e-06
13,0,0.03974815961690026,0.14,0.00030067970510572195,1.8656123756954912e-06
13,0,0.040152157760064484,0.14,0.00025177543284371495,2.507403905838146e-06
13,0,0.039922216031922524,0.14,0.00023286060604732484,3.254671128161135e-06
13,0,0.03892813384051804,0.12,0.00023286060604732484,3.163673227390973e-06
13,0,0.03913957024332853,0.12,0.00023286060604732484,3.219266545784194e-06
13,0,0.03893477231633024,0.12,0.00021152544650249183,3.137850399070885e-06
13,0,0.03798153267035551,0.12,0.00021152544650249183,3.0252401757024927e-06
13,0,0.036655922287687936,0.12,0.00018842535791918635,2.9077893941575894e-06
13,0,0.0355270099746967,0.12,0.00018842535791918635,2.6334864742239006e-06
13,0,0.03615540349755664,0.12,0.00018842535791918635,2.3723282538412604e-06
13,0,0.03651901823305823,0.12,0.00018842535791918635,2.2758870272809872e-06
13,0,0.033729871895857945,0.12,0.00018842535791918635,1.9903457086911658e-06
13,0,0.03256245444126584,0.12,0.00022784943575970829,1.9735314253921388e-06
13,0,0.03199180106800493,0.12,0.00022784943575970829,1.8878232594943256e-06
13,0,0.03034179486807236,0.1,0.00018842535791918635,1.6249567806880805e-06
13,0,0.028275024006450263,0.1,0.00018842535791918635,1.0800341669892077e-06
13,0,0.027666490916806345,0.1,0.00018842535791918635,1.0370255267844186e-06
13,0,0.026508169895451766,0.1,0.00018842535791918635,9.995002301366185e-07
13,0,0.025696310066294328,0.1,0.00018842535791918635,9.712872497402714e-07
13,0,0.02516005733308884,0.1,0.00018842535791918635,9.56454186962219e-07
13,0,0.024707095890615927,0.12,0.00020743126515299082,9.68339691098663e-07
13,0,0.024004295823591853,0.12,0.00020743126515299082,9.948262231773697e-07
13,0,0.022952250624308626,0.12,0.00020743126515299082,9.955551831808407e-07
13,0,0.020946304065305663,0.1,0.00019673712085932493,6.179606089062872e-07
13,0,0.020501987647742557,0.1,0.00023415010946337134,5.0597435574673e-07
13,0,0.020175762684968585,0.1,0.00023415010946337134,4.351322218099085e-07
13,0,0.019889743665572075,0.1,0.00023415010946337134,4.5145387161937833e-07
13,0,0.019168733017755936,0.08,0.00018262378580402583,4.747055299958447e-07
13,0,0.01901172505669587,0.08,0.00018262378580402583,7.109297825991234e-07
13,0,0.018845072059733948,0.08,0.00018262378580402583,1.0765029401227366e-06
13,0,0.01849802995770667,0.08,0.00018262378580402583,1.261908778360521e-06
13,0,0.01839693377330048,0.08,0.00018262378580402583,1.414798589394195e-06
13,0,0.018035302850083822,0.08,0.00018262378580402583,1.437859850739187e-06
13,0,0.017786225626902855,0.08,0.00018262378580402583,1.474390842304274e-06
13,0,0.017415307310999512,0.08,0.00018262378580402583,1.7235299765161471e-06
13,0,0.01650002445587311,0.08,0.00018262378580402583,1.6575958170506055e-06
13,0,0.016010188005773536,0.08,0.00016971940931398422,1.4529232430504635e-06
13,0,0.015619857455349257,0.08,0.00016971940931398422,9.216042258231028e-07
13,0,0.01646006067926515,0.08,7.880285556893796e-05,6.622632895414426e-07
13,0,0.016147821262216734,0.06,6.879081047372892e-05,4.829464046451903e-07
13,0,0.013607384404609475,0.06,7.554961484856904e-05,2.61424332848037e-07
13,0,0.012780712098797569,0.06,7.554961484856904e-05,2.299209427292226e-07
13,0,0.012280656208323745,0.06,7.554961484856904e-05,2.0709003933916392e-07
13,0,0.012409234684304896,0.06,7.554961484856904e-05,2.656893514085823e-07
13,0,0.011987941074533456,0.06,7.554961484856904e-05,2.5807105430430965e-07
13,0,0.011150638168734187,0.06,7.554961484856904e-05,2.436064221456036e-07
13,0,0.010699322940387166,0.06,7.554961484856904e-05,2.6578439360491757e-07
13,0,0.010532271558189291,0.06,7.554961484856904e-05,2.972406036860775e-07
13,0,0.01025444655075934,0.06,7.554961484856904e-05,2.9329754624995985e-07
13,0,0.009959181175202609,0.06,7.235741941258311e-05,2.932228824192862e-07
13,0,0.009284889657860533,0.06,7.235741941258311e-05,2.277682114026902e-07
13,0,0.00871729773216453,0.06,7.235741941258311e-05,1.7471795388246392e-07
13,0,0.008400114948242212,0.06,7.432771963067353e-05,1.354147656229543e-07
13,0,0.007975711672792022,0.06,7.432771963067353e-05,1.0450727927491243e-07
13,0,0.007485023572496229,0.06,8.03492366685532e-05,8.912782334391522e-08
13,0,0.007008342832719518,0.04,7.063516386551782e-05,6.850252276535684e-08
13,0,0.006694685279267841,0.04,3.3209096727659926e-05,5.7264294639480795e-08
13,0,0.006630051624610251,0.02,3.743174238479696e-05,4.752332216639843e-08
13,0,0.007094214551271488,0.02,3.2534109777770936e-05,3.376579726932505e-08
13,0,0.006212169865446204,0.02,9.000080353871454e-06,1.571840790859369e-08
13,0,0.005088174771091103,0.02,8.80695279192878e-06,7.0809371699454005e-09
13,0,0.004153650896207116,0.02,6.679294529021718e-06,5.277474013354322e-09
13,0,0.003978037353659648,0.02,3.505575023154961e-06,6.777264083268619e-09
13,0,0.004432274626205945,0.02,3.5204504911234835e-06,1.26518182597124e-08
13,0,0.005142078578771775,0.02,4.456318038137397e-06,2.6535351693723896e-08
13,0,0.005131817146886381,0.0,4.456318038137397e-06,3.96680910341729e-08
13,0,0.00474247582849697,0.0,5.206378773436882e-06,2.981669311452606e-08
13,0,0.005555097936662628,0.0,2.3958305064297747e-06,1.6772000677178767e-08
13,0,0.006150398815408911,0.0,2.1800981357955607e-06,9.974834291881507e-09
13,0,0.005373727013114458,0.0,2.1800981357955607e-06,7.148885039498509e-09
13,0,0.004445743267766417,0.0,1.9015991483684047e-06,6.260130192003999e-09
13,0,0.004126646775459463,0.0,1.4189670309860958e-06,6.807995056590244e-09
13,0,0.003945055839995642,0.0,1.4189670309860958e-06,6.059835300220584e-09
13,0,0.00376490124921641,0.0,1.5593816442560637e-06,1.0148084150785053e-08
13,0,0.003469799503171186,0.0,1.5593816442560637e-06,1.162977625313033e-08
13,0,0.003252285992592188,0.0,1.5593816442560637e-06,1.4036109163839683e-08
13,0,0.0031529770643047485,0.0,1.5593816442560637e-06,1.7582237887836527e-08
13,0,0.0030907894234914156,0.0,1.5593816442560637e-06,2.24529266290574e-08
13,0,0.0030020429680874144,0.0,1.5593816442560637e-06,2.5519916846405977e-08
13,0,0.002982239728222046,0.0,1.786356619959406e-06,3.1924823673534775e-08
13,0,0.0028743217433495,0.0,1.7522600046504522e-06,3.237590107119104e-08
13,0,0.0028833199851238185,0.0,1.7522600046504522e-06,3.319390273759382e-08
13,0,0.0028877494579385783,0.0,1.7522600046504522e-06,2.902046425390381e-08
13,0,0.002820368198497663,0.0,1.3877950095775304e-06,2.2925483733615692e-08
13,0,0.002754842801043253,0.0,1.3877950095775304e-06,1.7473817948143733e-08
13,0,0.002736628022241244,0.0,1.3291347613630933e-06,1.4144442062047347e-08
13,0,0.0027721341627868624,0.0,1.4916863619873766e-06,1.2278078997951525e-08
13,0,0.00284055754243784,0.0,1.3573674095823662e-06,1.2885244871085888e-08
13,0,0.002878139792003003,0.0,1.3573674095823662e-06,1.4392885105962705e-08
13,0,0.0029569099180929877,0.0,1.8047163621304207e-06,1.589650366895512e-08
13,0,0.003151361554944103,0.0,1.6694593796273693e-06,2.0521600418987873e-08
13,0,0.00335333856407012,0.0,3.3544324651302304e-06,2.613611904678237e-08
13,0,0.0036670938038292343,0.0,3.55863062395656e-06,3.216269561789886e-08
13,0,0.0038049138019364526,0.0,7.774881851219106e-06,3.743947729617503e-08
13,0,0.003891243371498315,0.0,7.774881851219106e-06,4.203584325068732e-08
13,0,0.00433633658476148,0.0,7.774881851219106e-06,4.8491145321349904e-08
13,0,0.0047586890387076,0.0,1.3316214790393133e-05,5.6349829691271225e-08
13,0,0.004950823868585162,0.0,1.3316214790393133e-05,7.02170908084554e-08
13,0,0.005017685530953742,0.0,1.474072541896021e-05,8.417039509822644e-08
13,0,0.005084633392071141,0.0,1.6199379388126545e-05,9.25681931107647e-08
13,0,0.005177623368638666,0.0,2.1097224816912785e-05,1.0643768177942547e-07
13,0,0.005130295169602109,0.0,2.3671917006140575e-05,1.1442982383869094e-07
13,0,0.0048817463511604525,0.0,2.3671917006140575e-05,1.1905436281267612e-07
13,0,0.0047310823514008435,0.0,2.3671917006140575e-05,1.214087461676172e-07
13,0,0.004701700122653997,0.0,2.3671917006140575e-05,1.21531655850049e-07
13,0,0.004609204305924892,0.0,1.3821255379298236e-05,1.2347176436833252e-07
13,0,0.004480645082754201,0.0,1.0814640518219676e-05,1.2148704797709797e-07
13,0,0.004198779303906324,0.0,1.0612550795485731e-05,1.1883962969250206e-07
13,0,0.003979424571022206,0.0,1.0612550795485731e-05,1.2033889618123794e-07
13,0,0.0038897453629069263,0.0,1.4668086805613711e-05,1.1279206546532805e-07
13,0,0.003713860021155673,0.0,7.628110324731097e-06,9.197404438054946e-08
13,0,0.003494427758463332,0.0,7.628110324731097e-06,7.032149795804798e-08
13,0,0.0032700766609494204,0.0,7.628110324731097e-06,5.3518906639737907e-08
13,0,0.003077340929397653,0.0,7.628110324731097e-06,4.286264143615881e-08
13,0,0.0029883612224721667,0.0,3.696312887768727e-06,3.721102359577344e-08
13,0,0.0034223065848230016,0.0,3.696312887768727e-06,3.017904148805428e-08
13,0,0.00383722351392602,0.0,3.696312887768727e-06,1.9092148306754098e-08
13,0,0.0018317981984565773,0.0,3.400816240173299e-06,9.568583259067509e-09
13,0,0.0007708209575852736,0.0,1.8394619019090896e-06,5.204918718249019e-09
13,0,0.0010185274625465594,0.0,2.999436901518493e-06,1.8806254331593664e-09
13,0,0.0009865315908140744,0.0,2.891667008952936e-06,1.7996949486231983e-09
13,0,0.001180369641562225,0.0,3.06304104924493e-06,1.5955728960292959e-09
13,0,0.0011798763796234141,0.0,3.06304104924493e-06,1.1186757076231402e-09
13,0,0.0010466686724107438,0.0,3.311203499833937e-06,6.485646464327033e-10
13,0,0.0008616234981645969,0.0,3.311203499833937e-06,3.739747400643978e-10
13,0,0.0007499127959787451,0.0,3.311203499833937e-06,2.236169721614445e-10
13,0,0.0007187989000830194,0.0,3.311203499833937e-06,1.755122991387026e-10
13,0,0.0006348233585253084,0.0,2.6647117010725196e-06,1.1098299362855002e-10
13,0,0.0005214854245718217,0.0,5.238337962509831e-06,5.6143444060463565e-11
13,0,0.00045100602770634476,0.0,5.238337962509831e-06,3.0356807345643944e-11
13,0,0.00043057256854156734,0.0,5.325245638232445e-06,1.743849856183921e-11
13,0,0.00040661694575710685,0.0,4.612862539943308e-06,1.0521913201833044e-11
13,0,0.00036100967428180755,0.0,5.411308848124463e-06,6.882050051365551e-12
13,0,0.0003300684299142042,0.0,6.874270184198394e-06,4.80244836953414e-12
13,0,0.00030862498351670034,0.0,5.938929916737834e-06,3.644809714459241e-12
13,0,0.00029356041122948834,0.0,6.747781299054623e-06,2.8844203501382504e-12
13,0,0.00028482297697668554,0.0,6.747781299054623e-06,2.5187651443714376e-12
13,0,0.0002737906293302612,0.0,1.2462199265428353e-05,2.3751272216349095e-12
13,0,0.00026379280167958843,0.0,2.6379042537882924e-05,2.3059150075499524e-12
13,0,0.00025623852792879665,0.02,2.6379042537882924e-05,2.2137773385277892e-12
13,0,0.00025097520414831865,0.04,2.6379042537882924e-05,2.158345767735992e-12
13,0,0.00023113685063140007,0.04,2.9756964067928493e-05,1.7044538523636188e-12
13,0,0.00020173530909832547,0.04,4.2427323933225125e-05,1.1244928599385418e-12
13,0,0.00017935726194721896,0.04,5.4300860938383266e-05,8.679965383603938e-13
13,0,0.0001625363391179522,0.04,0.00013868874520994723,7.320201302757345e-13
13,0,0.00014798034359237734,0.04,0.00013868874520994723,6.726152295723209e-13
13,0,0.000133418732890216,0.02,0.001015832182019949,6.459118721650892e-13
13,0,0.00011484861547606926,0.04,0.0008647082722745836,5.977824030049816e-13
13,0,9.473629549790397e-05,0.06,0.0010043417569249868,5.144533887432856e-13
13,0,8.243522210978203e-05,0.08,0.0007425987860187888,4.69932849144622e-13
13,0,7.586243820615208e-05,0.08,0.000853808072861284,4.608822546693647e-13
13,0,7.051975235569182e-05,0.1,0.0014280900359153748,4.554763142171347e-13
13,0,6.683679221824408e-05,0.1,0.0014280900359153748,4.581109797063831e-13
13,0,6.421423467028686e-05,0.1,0.0014280900359153748,4.86480484802182e-13
13,0,5.939399958212338e-05,0.08,0.0014280900359153748,4.681981256686452e-13
13,0,5.8281518340647293e-05,0.08,0.0014280900359153748,4.319318882596568e-13
13,0,5.9714620912554714e-05,0.08,0.0015594015130773187,3.8874700442233234e-13
13,0,6.11417085488045e-05,0.06,0.0015594015130773187,3.39182485266723e-13
13,0,6.086326598206728e-05,0.06,0.0008333406294696033,2.9077516219486177e-13
13,0,5.847082716273891e-05,0.06,0.00034137946204282343,2.6256069800972837e-13
13,0,5.560893990168865e-05,0.08,0.00034137946204282343,2.4311303838120413e-13
13,0,5.175350728048722e-05,0.08,0.00022869369422551244,2.366701127611004e-13
13,0,4.516293678523978e-05,0.06,0.00019885788788087666,2.3260923352405594e-13
13,0,4.324187629845372e-05,0.06,0.00019885788788087666,2.3435314561344456e-13
13,0,4.3580415225194e-05,0.06,0.00019885788788087666,2.3530090094252276e-13
13,0,4.201122403295295e-05,0.04,0.00019885788788087666,2.2588475415228487e-13
13,0,3.98146294703768e-05,0.04,0.00023497221991419792,2.2326717839978028e-13
13,0,3.711709567540978e-05,0.06,0.00019885788788087666,2.296415553375286e-13
13,0,3.454179639975607e-05,0.06,0.00016459017933811992,2.263889759251264e-13
13,0,3.195866950043414e-05,0.06,0.00016459017933811992,2.0983772174281573e-13
13,0,2.983932186967075e-05,0.06,0.00016459017933811992,2.0530551271633751e-13
13,0,2.8529547504872823e-05,0.06,0.00016459017933811992,2.1788065871896495e-13
13,0,2.6615881175951564e-05,0.06,0.00016459017933811992,2.2378091404668538e-13
13,0,2.637802901814609e-05,0.06,0.00016459017933811992,2.625737084357982e-13
13,0,2.693818713899392e-05,0.06,0.00016459017933811992,3.111795218203872e-13
13,0,2.8552010036627586e-05,0.06,0.00016459017933811992,3.6210335944975025e-13
13,0,3.0844788545696416e-05,0.06,0.00016459017933811992,4.0812356749339584e-13
13,0,3.319659258462041e-05,0.06,0.00016459017933811992,4.4967726916221584e-13
13,0,3.6514290129464124e-05,0.06,0.00016459017933811992,5.466466038508977e-13
13,0,3.7603675603569446e-05,0.06,0.00016459017933811992,6.26861410002455e-13
13,0,3.940504953427356e-05,0.06,0.00016459017933811992,7.803900212675907e-13
13,0,4.283339776139572e-05,0.06,0.00016459017933811992,1.0409701529587312e-12
13,0,4.649947672202994e-05,0.06,0.00016459017933811992,1.3578288883889233e-12
13,0,5.07932165352673e-05,0.06,0.00016459017933811992,1.7542977704190776e-12
13,0,5.6980003318729474e-05,0.06,0.00016459017933811992,2.37543535189233e-12
13,0,6.342706259695688e-05,0.06,0.0001892855652840808,3.088816962620866e-12
13,0,6.921342238835157e-05,0.06,0.0001892855652840808,3.7623949095122455e-12
13,0,7.572338787147282e-05,0.06,0.0001892855652840808,4.744452660604415e-12
13,0,8.350922699231148e-05,0.06,0.00024907762417569757,6.085331023808482e-12
13,0,8.861135554724106e-05,0.06,0.0003463934117462486,7.530392975851896e-12
13,0,8.952002799514931e-05,0.06,0.00037768526817671955,8.189191512408822e-12
13,0,9.464330730589631e-05,0.06,0.0005637435824610293,8.632369992433997e-12
13,0,0.00010111430837313124,0.06,0.0005637435824610293,8.973865921191315e-12
13,0,0.00010174335785816552,0.06,0.0005637435824610293,9.347180147945e-12
13,0,0.0001035821310128444,0.06,0.0005637435824610293,9.455179694750626e-12
13,0,0.00010474064671515799,0.06,0.0028613093309104443,9.08435826563192e-12
13,0,0.00010601600611144628,0.08,0.0046513802371919155,8.571124712752898e-12
13,0,0.00010867429911035051,0.08,0.0046513802371919155,7.954787870079194e-12
13,0,0.00010700713580103199,0.08,0.0046513802371919155,7.378237777688756e-12
13,0,0.00010926437541832015,0.08,0.0046513802371919155,7.359123727068706e-12
13,0,0.00011138847861633657,0.08,0.0046513802371919155,7.1769634506224644e-12
13,0,0.00010920597586075236,0.08,0.0046513802371919155,6.02685956696547e-12
13,0,0.00011196439637341829,0.08,0.005614549852907658,4.985761803411037e-12
13,0,0.00011524683392544191,0.08,0.005614549852907658,4.050829116586385e-12
13,0,0.00011187170884224013,0.08,0.00546067301183939,2.953447382492147e-12
13,0,0.0001136240956962878,0.08,0.0006810587947256863,2.332673767688198e-12
13,0,0.00010974490252704003,0.08,0.0006246473640203476,1.68089251285225e-12
13,0,0.00010841171725925042,0.08,0.0006246473640203476,1.3598971124531567e-12
13,0,0.0001032494666586603,0.08,0.00044919384527020156,1.0584042323125153e-12
13,0,9.542536450996316e-05,0.08,0.00025131856091320515,8.092530551923049e-13
13,0,8.468840362742208e-05,0.06,0.00025131856091320515,6.675985719101218e-13
13,0,7.57627650333747e-05,0.06,0.0002185316989198327,6.0892534504281e-13
13,0,7.375459035807608e-05,0.06,0.0002185316989198327,5.344675440069335e-13
13,0,6.875386262112729e-05,0.06,0.0002185316989198327,4.1650661869105376e-13
13,0,5.707652076272711e-05,0.06,0.0002185316989198327,3.017033508873751e-13
13,0,4.989059555470961e-05,0.06,0.0002185316989198327,2.1179473376920638e-13
13,0,4.521654744829306e-05,0.06,0.0002185316989198327,1.517832490553414e-13
13,0,4.1397171284245695e-05,0.06,0.0002185316989198327,1.3767742642559894e-13
13,0,3.789052598760935e-05,0.04,0.0001544777915114537,1.3231067988190431e-13
13,0,3.3944257012580406e-05,0.04,0.0001544777915114537,1.2380697053497591e-13
13,0,3.22335741562911e-05,0.04,0.00014056975487619638,1.3344611060703976e-13
13,0,2.9641576860970494e-05,0.04,0.00014056975487619638,1.3531715895367946e-13
13,0,2.592003276628257e-05,0.04,0.00014056975487619638,1.4427756136071307e-13
13,0,2.2112447865521217e-05,0.04,0.00015760479436721653,1.556134236226081e-13
13,0,1.9256862494413583e-05,0.04,0.00015760479436721653,1.7698375317370951e-13
13,0,1.772068953250893e-05,0.04,0.0002229550009360537,2.16909132257255e-13
13,0,1.734856723583286e-05,0.04,0.0002229550009360537,2.7747387178721217e-13
13,0,1.791400160438485e-05,0.04,0.0002229550009360537,3.534893189792443e-13
13,0,1.8516974105921827e-05,0.04,0.0002229550009360537,4.3602922379475106e-13
13,0,1.8899546086588854e-05,0.04,0.0002229550009360537,5.147164161903306e-13
13,0,1.9299883903191907e-05,0.04,0.0002229550009360537,5.986335559204914e-13
13,0,1.9645178008416383e-05,0.04,0.0002229550009360537,6.816844181148363e-13
13,0,2.0224429992928215e-05,0.04,0.0002229550009360537,7.853175033011028e-13
13,0,2.1879986974480366e-05,0.04,0.0002229550009360537,9.781901851024788e-13
13,0,2.3669194701037285e-05,0.04,0.0002450122847221792,1.2357985728489451e-12
13,0,2.4970043487013578e-05,0.04,0.0002450122847221792,1.5200318217653552e-12
13,0,2.6647051791952374e-05,0.04,0.0002450122847221792,1.9077948856111027e-12
13,0,2.9123834234684705e-05,0.04,0.0002933798241429031,2.483127852642708e-12
13,0,3.0859698792896646e-05,0.04,0.000261673383647576,2.725440316139749e-12
13,0,3.457213376262567e-05,0.04,0.000261673383647576,2.7773718654783286e-12
13,0,3.580081007817313e-05,0.04,0.0002185316989198327,2.513193646247469e-12
13,0,3.6906655240288624e-05,0.04,0.0002185316989198327,2.6080097283165404e-12
13,0,4.105496794759835e-05,0.04,0.000261673383647576,2.9951776735898106e-12
13,0,4.304368850444763e-05,0.04,0.000261673383647576,3.001307969513478e-12
13,0,4.514678234800317e-05,0.04,0.000261673383647576,2.9430667972119018e-12
13,0,4.848386185181188e-05,0.04,0.000261673383647576,2.8069072673803097e-12
13,0,4.870185185085123e-05,0.04,0.0002185316989198327,2.352233859082009e-12
13,0,4.848231169827327e-05,0.04,0.0002185316989198327,2.0153904586872606e-12
13,0,4.75312884295934e-05,0.04,0.00019885788788087666,1.88581658969178e-12
13,0,4.8284119072017214e-05,0.04,0.00019885788788087666,1.5992999025798982e-12
13,0,5.360615468937556e-05,0.04,0.00019885788788087666,1.3795667082663887e-12
13,0,5.7853053255033206e-05,0.04,0.00019885788788087666,1.2858605239612908e-12
13,0,5.7817330809943626e-05,0.04,0.00019885788788087666,1.214378857888887e-12
13,0,6.104421647921371e-05,0.06,0.00019885788788087666,1.1996861837282324e-12
13,0,6.238355621774133e-05,0.06,0.00019885788788087666,1.119258873950868e-12
13,0,6.337829911991014e-05,0.06,0.00019885788788087666,1.0698901617076095e-12
13,0,6.315070968208318e-05,0.06,0.00019885788788087666,1.0526101474825356e-12
13,0,6.383449800393847e-05,0.06,0.00019885788788087666,1.1442376993825443e-12
13,0,6.373774974866306e-05,0.06,0.00019885788788087666,1.1304798243350067e-12
13,0,6.612501222475256e-05,0.06,0.00019885788788087666,1.0747334012323195e-12
13,0,6.020781353350491e-05,0.06,0.0001544777915114537,1.1637852140311544e-12
13,0,5.9561247815694344e-05,0.06,0.0001544777915114537,1.365425350910443e-12
13,0,6.627814757047937e-05,0.06,0.0001544777915114537,1.855528317801225e-12
13,0,7.99692780935298e-05,0.06,0.00018253362213727087,2.5761851419475734e-12
13,0,8.525293058057594e-05,0.06,0.00017430484876967967,2.5074527957441584e-12
13,0,9.582366857921969e-05,0.06,0.00016474923177156597,7.102186135206356e-13
13,0,0.00010851626013025812,0.06,0.00014500375255011022,2.2081212455293125e-13
13,0,0.00012382934762624785,0.06,0.00012271564628463238,1.589279516366407e-13
13,0,0.000146222582758348,0.06,0.00011567486944841221,1.37030062860935e-13
13,0,0.00017410485106886207,0.06,0.00014500375255011022,1.2395820318551048e-13
13,0,0.0001950377291624087,0.06,0.00014500375255011022,1.2547967764668655e-13
13,0,0.00019926372251071795,0.06,0.00014500375255011022,1.2110149309133705e-13
13,0,0.0001944413929034465,0.06,0.00016474923177156597,1.4527579985344763e-13
13,0,0.00019304085739114689,0.06,0.00018253362213727087,1.6122606721902244e-13
13,0,0.0002027271645449301,0.06,0.00018253362213727087,1.871636119742462e-13
13,0,0.00022462302994711222,0.06,0.00018253362213727087,2.318195277666718e-13
13,0,0.00025956324067183064,0.06,0.0002582180604804307,2.9091551216609e-13
13,0,0.00030278490594202437,0.06,0.00023497221991419792,4.410007515415204e-13
13,0,0.0003426862366122497,0.06,0.00023497221991419792,6.221563520446283e-13
13,0,0.00037824016415756044,0.04,0.00023497221991419792,8.961990221115212e-13
13,0,0.0004141558822184947,0.04,0.00027022475842386484,1.2808646287706948e-12
13,0,0.00045589371191952883,0.04,0.00027022475842386484,1.7855234435079637e-12
13,0,0.0005034352000803902,0.04,0.00027022475842386484,2.3375550627091624e-12
13,0,0.0005605293172173112,0.06,0.0002946375752799213,2.8948976462522813e-12
13,0,0.0006069296428487818,0.06,0.0002946375752799213,3.360414810998913e-12
13,0,0.0006074994839110545,0.1,0.0002946375752799213,4.123458952759451e-12
13,0,0.0006186938764953954,0.1,0.0004398022429086268,5.299324781077308e-12
13,0,0.0007205718531264096,0.1,0.0004398022429086268,6.7115839795517385e-12
13,0,0.000870287070238029,0.12,0.0036320206709206104,8.493465479542106e-12
13,0,0.0010421542478279847,0.14,0.004685185384005308,1.0675202041787735e-11
13,0,0.0012440321075495573,0.14,0.004094796255230904,1.3221293851395366e-11
13,0,0.0014486274435096434,0.14,0.004094796255230904,1.4771463566209952e-11
13,0,0.0016574862943259524,0.16,0.004004869144409895,1.637177025892722e-11
13,0,0.0019654593493856347,0.16,0.006216017529368401,1.8896198841766854e-11
13,0,0.0022874164451772163,0.16,0.009449545294046402,2.7630593993355212e-11
13,0,0.0030293085936793883,0.18,0.017776792868971825,4.004187953432492e-11
13,0,0.003510399775080074,0.22,0.023567473515868187,6.331030144579586e-11
13,0,0.0033691200879133257,0.24,0.03704145550727844,1.0527076432786941e-10
13,0,0.0038959491798349444,0.24,0.03704145550727844,1.4633669276342687e-10
13,0,0.0047482031053742366,0.26,0.04403382167220116,2.0803596345597697e-10
13,0,0.005498622140283653,0.28,0.10670758783817291,2.642647767281403e-10
13,0,0.006308793780008694,0.3,0.10670758783817291,3.402469417324028e-10
13,0,0.007154758617463882,0.28,0.08220883458852768,4.2763950713897714e-10
13,0,0.007980153657013302,0.26,0.07364833354949951,5.171833517003677e-10
13,0,0.008762762467960468,0.24,0.04954550787806511,6.12835338031914e-10
13,0,0.009478547381123224,0.22,0.011449821293354034,7.362163101376495e-10
13,0,0.009691833973862201,0.22,0.008355711586773396,8.134015128113958e-10
13,0,0.010312218132078714,0.22,0.008355711586773396,1.0362964930621388e-09
13,0,0.011292012857775416,0.2,0.010977138765156269,1.352970624424188e-09
13,0,0.011156177181114509,0.22,0.01572108268737793,1.9642285575827145e-09
13,0,0.012744525973058588,0.2,0.01529447827488184,2.2275419286899023e-09
13,0,0.013032040176015851,0.18,0.0019241899717599154,2.4801212195058042e-09
13,0,0.012404054659156394,0.18,0.0010529316496104002,2.65913246977334e-09
13,0,0.012181992965051645,0.16,0.002022727858275175,2.684055200319335e-09
13,0,0.012381638156602278,0.16,0.002022727858275175,2.7249402734241812e-09
13,0,0.013174413779553053,0.16,0.002022727858275175,2.724488190608554e-09
13,0,0.014616502223684883,0.16,0.002022727858275175,2.7071092034702815e-09
13,0,0.015665118417635803,0.14,0.0018409271724522114,2.7539601710202533e-09
13,0,0.015808312240924792,0.14,0.0018409271724522114,2.6092672467115108e-09
13,0,0.015679278120881608,0.14,0.0018409271724522114,2.4740123283351068e-09
13,0,0.015483456381591197,0.14,0.0018409271724522114,2.1912887060437924e-09
13,0,0.016912753119350213,0.14,0.0018409271724522114,2.5209077048060635e-09
13,0,0.017354540811669095,0.16,0.0018409271724522114,2.736649129531088e-09
13,0,0.017828481542557773,0.16,0.002210229402408004,2.8500264370734385e-09
13,0,0.019038238182949727,0.18,0.0201082993298769,3.068199916356207e-09
13,0,0.020202025343262767,0.18,0.02066636085510254,3.1293532209986097e-09
13,0,0.0216985777947746,0.18,0.022417476400732994,3.2019389362147876e-09
13,0,0.022926310368534684,0.2,0.04937947541475296,3.1601414818283047e-09
13,0,0.024385449953960036,0.22,0.06586238741874695,3.1684823653677086e-09
13,0,0.0256748211400688,0.22,0.11990673094987869,3.0938451800466282e-09
13,0,0.026445527338140578,0.26,0.23054300248622894,3.049518637610049e-09
13,0,0.026978349777247317,0.3,0.2627042531967163,2.7239321909178216e-09
13,0,0.027952334057911546,0.3,0.3477990925312042,2.6328184077328842e-09
13,0,0.030279566263824463,0.3,0.4770117402076721,2.6975017775043852e-09
13,0,0.03400225723205385,0.3,0.5515733957290649,2.805905285896415e-09
13,0,0.03719369548681969,0.32,0.5263249278068542,3.3148650491199305e-09
13,0,0.040955893995296866,0.34,0.34881535172462463,4.440087852941588e-09
13,0,0.04568073270041102,0.32,0.37054237723350525,5.783041601148398e-09
13,0,0.04892256243142289,0.32,0.5119456648826599,6.546248432215407e-09
13,0,0.05171930392180657,0.3,0.4730834662914276,7.076373709224981e-09
13,0,0.054121153322319815,0.32,0.4730834662914276,7.77249820060888e-09
13,0,0.054959233027829894,0.3,0.5150020122528076,8.541126028660528e-09
13,0,0.05469719583751609,0.3,0.5150020122528076,8.477035073894967e-09
13,0,0.05381474838137671,0.3,0.5150020122528076,7.512157118583218e-09
13,0,0.054046012277313954,0.3,0.5150020122528076,6.423478193795518e-09
13,0,0.05503034131545197,0.3,0.49141740798950195,5.801314539866098e-09
13,0,0.05503038542860665,0.3,0.49141740798950195,5.487527321434982e-09
13,0,0.05372591693122468,0.3,0.49141740798950195,5.138484304723079e-09
13,0,0.05289508475454903,0.3,0.41537418961524963,4.827315880362448e-09
13,0,0.05238580258239616,0.3,0.41537418961524963,4.451314872255807e-09
13,0,0.051830654277455195,0.3,0.41805753111839294,4.235533257457291e-09
13,0,0.05099302622986876,0.28,0.28732019662857056,3.631616563026796e-09
13,0,0.04985227487456397,0.26,0.303464412689209,3.152748284662721e-09
13,0,0.048641465285598214,0.28,0.37723010778427124,2.6835740296604627e-09
13,0,0.04765319606709192,0.26,0.40986305475234985,2.221148376335691e-09
13,0,0.044777952826816625,0.24,0.34052327275276184,1.5269558950592454e-09
13,0,0.04096643379715457,0.22,0.2253810316324234,9.706848658197487e-10
13,0,0.03616732777869481,0.22,0.11175040900707245,6.64933386129718e-10
13,0,0.0325495686521341,0.22,0.05152494087815285,4.483863835780255e-10
13,0,0.030245372647414177,0.22,0.05152494087815285,3.4197170095673357e-10
13,0,0.029678154012346032,0.2,0.030352313071489334,3.0170838050125326e-10
13,0,0.029416760509570514,0.2,0.01278664730489254,2.8002200558319146e-10
13,0,0.02971691025868322,0.2,0.006658174563199282,2.817632238638623e-10
13,0,0.029975927142386807,0.2,0.006658174563199282,2.865357395798185e-10
13,0,0.03071336889192265,0.24,0.005558350123465061,3.057858133370672e-10
13,0,0.03053025503015148,0.24,0.009442429058253765,3.0264554751191497e-10
13,0,0.03028629962143911,0.22,0.0036622851621359587,2.89165025257887e-10
13,0,0.031159174155536137,0.22,0.0036622851621359587,3.074355769960846e-10
13,0,0.030184365567621416,0.22,0.004265290684998035,3.3681443745159356e-10
13,0,0.029743264743337723,0.22,0.0037404615432024,3.907115186940757e-10
13,0,0.03089517443281985,0.24,0.009642801247537136,4.837202860485945e-10
13,0,0.031962145147598146,0.24,0.011293023824691772,6.086220416534616e-10
13,0,0.0328159868478579,0.24,0.014184815809130669,7.622015241182112e-10
13,0,0.03381379220936963,0.24,0.01359554659575224,9.68772284615227e-10
13,0,0.03504670103233116,0.24,0.01259344257414341,1.2498788670711747e-09
13,0,0.03653714053704377,0.24,0.024052701890468597,1.6085810461419214e-09
13,0,0.03805174608540574,0.22,0.1151469498872757,2.038971436135739e-09
13,0,0.03974312569097983,0.28,0.1151469498872757,2.593251613447478e-09
13,0,0.04049509209709302,0.3,0.1842309832572937,3.1183007287438613e-09
13,0,0.041349282257333766,0.3,0.25619402527809143,3.782959279163833e-09
13,0,0.04383964406916836,0.28,0.3352136015892029,4.778570872332466e-09
13,0,0.046001470398950944,0.3,0.33770546317100525,6.11929173999215e-09
13,0,0.04612579434509849,0.32,0.40476489067077637,7.54855289386569e-09
13,0,0.04525932971467907,0.32,0.40476489067077637,8.665293371734606e-09
13,0,0.043885251906248125,0.32,0.40476489067077637,8.846436472254027e-09
13,0,0.043802112727681856,0.32,0.40476489067077637,1.0348117918113076e-08
13,0,0.04364226724252525,0.34,0.40476489067077637,1.312813679987812e-08
13,0,0.04435027473763561,0.34,0.40476489067077637,1.6788387569022234e-08
13,0,0.04930837887026832,0.36,0.42768803238868713,2.142182964348649e-08
13,0,0.053768154680666674,0.36,0.42768803238868713,2.6577849254749708e-08
13,0,0.05156897011278238,0.36,0.40476489067077637,3.057248676441304e-08
13,0,0.05051275900923506,0.36,0.40476489067077637,3.527277669945761e-08
13,0,0.05306357099453898,0.36,0.40476489067077637,4.5440668117180394e-08
13,0,0.054142681235636564,0.36,0.40476489067077637,5.592432472667497e-08
13,0,0.05491895529282483,0.36,0.40476489067077637,6.76335858429411e-08
13,0,0.05566099251518964,0.4,0.40476489067077637,8.033067189217036e-08
13,0,0.057323071669368654,0.4,0.40476489067077637,1.0906470748750507e-07
13,0,0.0606858799197117,0.4,0.40476489067077637,1.755184086960071e-07
13,0,0.06353479812806041,0.4,0.40476489067077637,3.0765383485231723e-07
13,0,0.06307339552356363,0.38,0.3426855504512787,3.3952963462979824e-07
13,0,0.06206902420211563,0.36,0.3193292021751404,3.764158122976369e-07
13,0,0.05713131636974469,0.34,0.21506467461585999,2.601266544388636e-07
13,0,0.052207608958703085,0.34,0.16558368504047394,1.8237000176668516e-07
13,0,0.049496364719667445,0.32,0.08881674706935883,1.6325327578670112e-07
13,0,0.04816861057229969,0.32,0.06534164398908615,1.5957785137743485e-07
13,0,0.0480241904855595,0.3,0.05659474432468414,1.5788847917974635e-07
13,0,0.04591785638980097,0.3,0.03473028540611267,1.4239797963000456e-07
13,0,0.04160196362732315,0.32,0.013220998458564281,1.2006182714685565e-07
13,0,0.0371922458515993,0.32,0.001733022159896791,1.0700600938662319e-07
13,0,0.04134997862002492,0.3,0.0006689735455438495,1.1271571764837063e-07
13,0,0.043231783303375064,0.28,0.0006689735455438495,9.930927546974999e-08
13,0,0.027728310530125113,0.32,0.00044820085167884827,6.937177232657632e-08
13,0,0.026841624128592187,0.32,0.000856915779877454,6.367842786403344e-08
13,0,0.02864905234074806,0.3,0.000856915779877454,6.228238902394878e-08
13,0,0.02209913659012866,0.32,0.0005430564633570611,7.051114181422236e-08
13,0,0.02238689928971489,0.32,0.0005430564633570611,7.140887703371845e-08
13,0,0.020954674731341646,0.34,0.0004839071771129966,6.847652400665538e-08
13,0,0.018734285493847227,0.3,0.0007680828566662967,6.033968702467973e-08
13,0,0.019327849035609697,0.28,0.0006676092743873596,5.982160189432761e-08
13,0,0.019451125758585316,0.28,0.0006017352570779622,5.728832874751788e-08
13,0,0.018875307470803415,0.26,0.0006017352570779622,5.23852463629737e-08
13,0,0.018740229802796445,0.24,0.0007029450498521328,5.639800093604208e-08
13,0,0.019455380633421372,0.24,0.0007029450498521328,7.046731553828067e-08
13,0,0.020366610091646968,0.24,0.0007029450498521328,8.634215475922247e-08
13,0,0.020814066084482805,0.24,0.0007029450498521328,9.664938005471413e-08
13,0,0.02133755388883573,0.24,0.0007029450498521328,1.0916897252855051e-07
13,0,0.02198039968422421,0.24,0.0007029450498521328,1.223414898277042e-07
13,0,0.02267585080702754,0.22,0.0007029450498521328,1.3565014000960218e-07
13,0,0.023418864010139297,0.22,0.0007029450498521328,1.4925728919479297e-07
13,0,0.02415565001835348,0.22,0.0007029450498521328,1.658419961358959e-07
13,0,0.02495439198092401,0.24,0.0007029450498521328,1.8107783716914128e-07
13,0,0.0259925904298276,0.24,0.0007029450498521328,1.8847673288746591e-07
13,0,0.027531316516391933,0.24,0.001747596892528236,1.8685079794522608e-07
13,0,0.029450644465137402,0.24,0.0011014186311513186,1.7597614032638376e-07
13,0,0.03126599265073739,0.24,0.0011014186311513186,1.6515589607024594e-07
13,0,0.03159597476168212,0.26,0.0011014186311513186,1.7676549646239437e-07
13,0,0.03167025428195807,0.26,0.0008890895405784249,1.882841473843655e-07
13,0,0.03425032586167031,0.26,0.0008890895405784249,2.0374432097014505e-07
13,0,0.03734032296590855,0.26,0.0007610991597175598,2.645614074481273e-07
13,0,0.038721345091164025,0.26,0.0007610991597175598,2.5518025381643383e-07
13,0,0.04041471278355525,0.24,0.0008328667609021068,2.70262518142772e-07
13,0,0.042698210476361693,0.24,0.0009101718314923346,3.0814126716904866e-07
13,0,0.04427372273483606,0.26,0.0010605165734887123,3.283636544892943e-07
13,0,0.045040094839136194,0.26,0.0007915658643469214,3.271617856626108e-07
13,0,0.045624089504946716,0.26,0.0007915658643469214,3.2863087540135894e-07
13,0,0.044077382413667425,0.26,0.0008596158004365861,2.846043969384482e-07
13,0,0.04157903588270646,0.28,0.001385182375088334,2.2949222966417437e-07
13,0,0.0413899759464165,0.28,0.001385182375088334,2.1977615460855304e-07
13,0,0.04216740578965236,0.28,0.001385182375088334,2.130771292740974e-07
13,0,0.04144934618436161,0.28,0.001385182375088334,1.9741983692256326e-07
13,0,0.04011429012054913,0.28,0.001385182375088334,1.7631143123253423e-07
13,0,0.04071060657912402,0.26,0.0012143083149567246,1.74508627992509e-07
13,0,0.04007895858576104,0.26,0.001042183837853372,1.595740570792259e-07
13,0,0.03887226459020095,0.26,0.001042183837853372,1.440037209476941e-07
13,0,0.037351449811553875,0.26,0.0011888659792020917,1.2797359261185193e-07
13,0,0.03580065116770195,0.26,0.0028788915369659662,1.1100134855723809e-07
13,0,0.03332026666672366,0.24,0.0028788915369659662,9.190092242761239e-08
13,0,0.026884406628199218,0.24,0.0029224741738289595,7.257782641545418e-08
13,0,0.022020285239432086,0.24,0.0029224741738289595,4.5656555869300064e-08
13,0,0.019190329550508933,0.24,0.00230255164206028,2.7549699410656103e-08
13,0,0.01852608527531957,0.24,0.002657199976965785,1.4630418654348887e-08
13,0,0.01991608442919107,0.24,0.002368325600400567,7.512428901179646e-09
13,0,0.019623202982046832,0.24,0.0021724633406847715,4.668178288369518e-09
13,0,0.018869594287239742,0.24,0.0005086067249067128,2.5748776444345367e-09
13,0,0.01336206631505729,0.26,0.0005086067249067128,1.461702314742297e-09
13,0,0.009272509006721963,0.24,0.00042806679266504943,7.932825507594998e-10
13,0,0.008456449331221519,0.24,0.0004137848154641688,4.484154714212707e-10
13,0,0.010948085602760147,0.2,0.0004137848154641688,3.597722120218805e-10
13,0,0.011249064137032366,0.2,0.00046436680713668466,3.205952725515715e-10
13,0,0.010953787876885652,0.2,0.0005424842820502818,2.6975824352071243e-10
13,0,0.011045650045962249,0.2,0.0005424842820502818,2.487547945406732e-10
13,0,0.010827969129235114,0.2,0.0005424842820502818,2.3278579064367477e-10
13,0,0.011113271511238252,0.2,0.0005424842820502818,2.21300283653747e-10
13,0,0.013048738954764896,0.2,0.0005424842820502818,2.316863784157519e-10
13,0,0.014436895430101002,0.2,0.0005630709929391742,3.5070418791249836e-10
13,0,0.01628693279947677,0.2,0.0005184843321330845,5.88287640823637e-10
13,0,0.017960787988814734,0.22,0.0005485459114424884,1.0194735056145987e-09
13,0,0.01978673769135447,0.24,0.0006288316799327731,1.8850139227311047e-09
13,0,0.021502955796185053,0.24,0.0010143211111426353,3.637016465773968e-09
13,0,0.02578616174346492,0.28,0.0010966428089886904,6.087615300742755e-09
13,0,0.028513719578022286,0.26,0.0008118817931972444,1.1548674017092253e-08
13,0,0.030788407359738305,0.24,0.0009371467749588192,2.329245951671055e-08
13,0,0.037079486383596205,0.28,0.0008022437687031925,5.0804423779027275e-08
13,0,0.04018386477235819,0.28,0.001499482081271708,1.0678275685904737e-07
13,0,0.047285139492784935,0.26,0.001499482081271708,1.9820461716335558e-07
13,0,0.051176036454530595,0.26,0.0021550622768700123,3.5825485156237846e-07
13,0,0.056802993331109525,0.28,0.0021550622768700123,5.785697112514754e-07
13,0,0.06374547452279129,0.28,0.0037405628245323896,8.08169659194391e-07
13,0,0.07296458956619348,0.26,0.004356401041150093,9.526943927085085e-07
13,0,0.0853475250491035,0.28,0.0043919882737100124,1.022766355163185e-06
13,0,0.09113898370105707,0.34,0.01131074596196413,1.0078554169012932e-06
13,0,0.09004586044599183,0.38,0.011823572218418121,9.703345540401642e-07
13,0,0.08427582735055279,0.38,0.019030427560210228,7.836680424588849e-07
13,0,0.0774757694697394,0.38,0.019030427560210228,5.453929361465271e-07
13,0,0.07550955248698851,0.38,0.017346566542983055,4.781522875418887e-07
13,0,0.07413252827509993,0.38,0.017346566542983055,4.3108278191539284e-07
13,0,0.07030154781756484,0.38,0.014921908266842365,3.6405828041097266e-07
13,0,0.06878106527472476,0.38,0.017841249704360962,3.29134593357594e-07
13,0,0.06708990295282631,0.36,0.017841249704360962,2.992115071265289e-07
13,0,0.0660047696258576,0.36,0.017841249704360962,2.949466022528213e-07
13,0,0.06262266017109645,0.36,0.021583544090390205,2.7129286195304303e-07
13,0,0.06128774397303114,0.36,0.014561180025339127,2.752263128513732e-07
13,0,0.06812565432172302,0.36,0.0227360799908638,4.311719976612949e-07
13,0,0.07549510413998319,0.36,0.021851440891623497,5.173417321202578e-07
13,0,0.07295243710315943,0.32,0.01993541046977043,7.127715662136325e-07
13,0,0.07140892680596639,0.28,0.0032231598161160946,1.0763468480945448e-06
13,0,0.08178671562267488,0.28,0.0032231598161160946,1.662895215304161e-06
13,0,0.08912580078947614,0.26,0.0032231598161160946,2.270948243676685e-06
13,0,0.09328505140263639,0.24,0.0037190751172602177,2.893355713240453e-06
13,0,0.09261766792442207,0.28,0.0037190751172602177,2.7929295356443617e-06
13,0,0.10334903703292155,0.3,0.004083015490323305,3.271481773481355e-06
13,0,0.12061779994732008,0.26,0.0032012322917580605,4.0338741200685035e-06
13,0,0.13643519694663156,0.38,0.008259730413556099,4.703721970145125e-06
13,0,0.14890351320080286,0.38,0.008259730413556099,5.63218009119737e-06
13,0,0.16034934975793375,0.38,0.008259730413556099,7.379986072919564e-06
13,0,0.1690465484252412,0.42,0.013079275377094746,9.55354335019365e-06
13,0,0.1829850047937879,0.44,0.031711824238300323,1.3629615750687663e-05
13,0,0.19568610390993377,0.46,0.04661412164568901,1.8680779248825274e-05
13,0,0.21182961245606005,0.46,0.04661412164568901,2.6677864298108034e-05
13,0,0.22266344156560292,0.46,0.0539066344499588,3.5209850466344506e-05
13,0,0.23498232847163195,0.5,0.32346096634864807,4.972553506377153e-05
13,0,0.24892775541807702,0.52,0.39718690514564514,7.89344048826024e-05
13,0,0.26002537002736653,0.54,0.45650142431259155,0.0001222848513862118
13,0,0.27302175880849966,0.54,0.4443087577819824,0.00019097008043900132
13,0,0.2845161224563139,0.54,0.47491759061813354,0.0002881030668504536
13,0,0.2948273122210614,0.56,0.4110456109046936,0.0004073716700077057
13,0,0.3112937496901107,0.56,0.5103241801261902,0.0006101459148339927
13,0,0.31280510201616163,0.58,0.5861099362373352,0.0007969090947881341
13,0,0.31164610346419724,0.6,0.7107805609703064,0.0010730000212788582
13,0,0.3202169664787049,0.6,0.7107805609703064,0.0014812549343332648
13,0,0.33704280057489794,0.6,0.7893936038017273,0.0022122617810964584
13,0,0.3460793319062698,0.6,0.8269560933113098,0.0028863612096756697
13,0,0.3477494469797616,0.62,0.8258318901062012,0.0032793288119137287
13,0,0.35341825849540165,0.62,0.8258318901062012,0.00360510335303843
13,0,0.35343776273774036,0.62,0.8258318901062012,0.003507500747218728
13,0,0.3520009258274613,0.62,0.8258318901062012,0.0035192351788282394
13,0,0.3532619529927344,0.64,0.8258318901062012,0.0034954501315951347
13,0,0.35386979130287094,0.62,0.8258318901062012,0.0033424601424485445
13,0,0.3462534002465065,0.62,0.8258318901062012,0.002747291699051857
13,0,0.33967054995181667,0.6,0.8269560933113098,0.0022035029251128435
13,0,0.3316969544145574,0.6,0.7745339870452881,0.0018227737164124846
13,0,0.32848677986268987,0.62,0.7791116833686829,0.0017194391693919897
13,0,0.32538787494492155,0.62,0.8204983472824097,0.0015103776240721345
13,0,0.3088985451122013,0.6,0.7073261737823486,0.0010712627554312348
13,0,0.2897261221505285,0.56,0.7144360542297363,0.0007131797028705478
13,0,0.2823416518267497,0.56,0.5289050936698914,0.0005373657331801951
13,0,0.27811972610673885,0.58,0.5053471326828003,0.0003985353105235845
13,0,0.270453627538679,0.58,0.46713778376579285,0.0003156965831294656
13,0,0.26151179831714555,0.58,0.46713778376579285,0.00023340008920058608
13,0,0.25184031082372116,0.58,0.4359646141529083,0.0001742699387250468
13,0,0.24688915077617957,0.58,0.4359646141529083,0.0001406286028213799
13,0,0.24324155386801688,0.56,0.46946945786476135,0.000111385750642512
13,0,0.24237860082972718,0.54,0.46946945786476135,0.00010067538823932409
13,0,0.23288361022569387,0.52,0.44883036613464355,8.860743400873616e-05
13,0,0.22143543512038613,0.52,0.44883036613464355,7.821240433258936e-05
13,0,0.21573440069698743,0.52,0.44883036613464355,7.219104008981958e-05
13,0,0.21634834404870334,0.52,0.44883036613464355,6.974568532314152e-05
13,0,0.22008297782404024,0.52,0.4722690284252167,8.024778799153864e-05
13,0,0.22552327933300198,0.52,0.49567222595214844,8.532591164112091e-05
13,0,0.229442039152783,0.52,0.5174605250358582,9.208666597260162e-05
13,0,0.23524683856352877,0.52,0.40645724534988403,0.0001054358872352168
13,0,0.24079637218408043,0.5,0.40645724534988403,0.000124579353723675
13,0,0.2466927193861629,0.52,0.4438374638557434,0.00015758992230985314
13,0,0.25644312856843643,0.52,0.4644404351711273,0.0002339171478524804
13,0,0.2795632379351153,0.52,0.4310029149055481,0.00040365196764469147
13,0,0.29224448959504823,0.54,0.4310029149055481,0.000740834220778197
13,0,0.33238204435339697,0.52,0.37996670603752136,0.0018609192920848727
13,0,0.35974183704647067,0.54,0.41822895407676697,0.00459753442555666
13,0,0.3710433405526712,0.52,0.529578685760498,0.008729529567062855
13,0,0.3542121544876171,0.5,0.7257908582687378,0.012137796729803085
13,0,0.3546146288867587,0.54,0.7980769276618958,0.019097816199064255
13,0,0.3665678641373803,0.6,0.8558128476142883,0.02653815969824791
13,0,0.36981879656571315,0.58,0.854870617389679,0.031221872195601463
13,0,0.3556644872879341,0.58,0.9108936190605164,0.03297892585396767
13,0,0.36078046598068114,0.56,0.8831984400749207,0.0394405722618103
13,0,0.37738320651810797,0.6,0.9202075004577637,0.04980762302875519
13,0,0.39523197897315676,0.64,0.9202075004577637,0.06213563680648804
13,0,0.4102300439265207,0.64,0.9202075004577637,0.07406730204820633
13,0,0.41829278129608527,0.68,0.9202075004577637,0.0806162878870964
13,0,0.4248516428862744,0.64,0.9202075004577637,0.08423006534576416
13,0,0.4315428673953121,0.64,0.9202075004577637,0.08738598227500916
13,0,0.44401529031344794,0.64,0.9202075004577637,0.09517060220241547
13,0,0.4567409788850579,0.64,0.9397262334823608,0.1003965437412262
13,0,0.4588512106393472,0.64,0.9397262334823608,0.09501835703849792
13,0,0.4442279181444782,0.64,0.9035592675209045,0.07934089750051498
13,0,0.421205279775497,0.64,0.9379950761795044,0.06145648658275604
13,0,0.40950191818636744,0.64,0.917633593082428,0.04786181077361107
13,0,0.39808814879969184,0.64,0.8581753969192505,0.036827847361564636
13,0,0.38681101838811244,0.66,0.8581753969192505,0.028191866353154182
13,0,0.37091485493767423,0.64,0.8581753969192505,0.021828897297382355
13,0,0.36445198092125924,0.62,0.776648759841919,0.01828547567129135
13,0,0.3588089938279171,0.6,0.776648759841919,0.015309165231883526
13,0,0.34041230824789387,0.6,0.776648759841919,0.011145181022584438
13,0,0.33337831598103673,0.6,0.776648759841919,0.009404069744050503
13,0,0.3323702890808863,0.6,0.7190264463424683,0.008129463531076908
13,0,0.3285693493806292,0.6,0.6929017901420593,0.0067769913002848625
13,0,0.3212426126085215,0.6,0.7553465366363525,0.005614887923002243
13,0,0.31475135630295736,0.6,0.7553465366363525,0.00466811703518033
13,0,0.3116770790137069,0.6,0.7209144234657288,0.003988843876868486
13,0,0.3103070254220063,0.6,0.7209144234657288,0.003559911623597145
13,0,0.30380418414169474,0.6,0.703887403011322,0.003099825233221054
13,0,0.30061528335116805,0.6,0.703887403011322,0.0027439387049525976
13,0,0.29370989731497077,0.6,0.703887403011322,0.0025021263863891363
13,0,0.29008338599351036,0.6,0.703887403011322,0.0022854565177112818
13,0,0.2903645822460541,0.6,0.7160835266113281,0.00205915211699903
13,0,0.28781150611774264,0.6,0.7160835266113281,0.0018581164767965674
13,0,0.2814317447313434,0.6,0.5807172656059265,0.001700290129519999
13,0,0.27997388284525426,0.58,0.39896371960639954,0.0015718670329079032
13,0,0.2853798654680416,0.56,0.39896371960639954,0.001439932151697576
13,0,0.2758539170046767,0.54,0.39896371960639954,0.0013281982392072678
13,0,0.2641913976909608,0.54,0.2976977229118347,0.0011748848482966423
13,0,0.2662718949667028,0.52,0.2627611458301544,0.0010197918163612485
13,0,0.2649365416068045,0.5,0.2627611458301544,0.0009261342347599566
13,0,0.2637853165772201,0.5,0.17410139739513397,0.0008433407638221979
13,0,0.26323158942734626,0.5,0.17410139739513397,0.0007758976425975561
13,0,0.2593315519753574,0.5,0.17410139739513397,0.0007045188103802502
13,0,0.2579870085123288,0.5,0.12373156100511551,0.0006281568785198033
13,0,0.25171464308964203,0.5,0.12373156100511551,0.0005528984474949539
13,0,0.24392392732710647,0.48,0.09554903209209442,0.00047455992898903787
13,0,0.24588118343292867,0.48,0.040996477007865906,0.0004095155163668096
13,0,0.24190006940362616,0.42,0.027057023718953133,0.0003549368411768228
13,0,0.23953115578398054,0.42,0.014187263324856758,0.00031041097827255726
13,0,0.23967494792957675,0.38,0.014187263324856758,0.0002750382700469345
13,0,0.2382886546331061,0.38,0.014187263324856758,0.0002551476936787367
13,0,0.2268750300792575,0.26,0.005518767982721329,0.00022227494628168643
13,0,0.20653133763475978,0.26,0.005518767982721329,0.00018284159887116402
13,0,0.18671987668519438,0.26,0.003243374405428767,0.0001484238018747419
13,0,0.17571865656794022,0.24,0.003243374405428767,0.0001161939071607776
13,0,0.16453671254513147,0.26,0.00296848826110363,9.850407514022663e-05
13,0,0.15303540218233605,0.26,0.00264586228877306,8.200461161322892e-05
13,0,0.139461820864995,0.26,0.00264586228877306,6.668904097750783e-05
13,0,0.12510318823757222,0.26,0.0032112677581608295,5.20568028150592e-05
13,0,0.11447731731857262,0.26,0.0015426634345203638,4.0218772483058274e-05
13,0,0.10721385312516288,0.24,0.0017596612451598048,3.294611451565288e-05
13,0,0.10131820516345834,0.24,0.001602480188012123,2.6882045858656056e-05
13,0,0.09773213298581099,0.22,0.0012406683526933193,2.1866049792151898e-05
13,0,0.09179687315965573,0.22,0.0008529534097760916,1.8270529835717753e-05
13,0,0.08606646596040808,0.2,0.0008529534097760916,1.5392637578770518e-05
13,0,0.08527294539541408,0.2,0.0008529534097760916,1.3700534509553108e-05
13,0,0.08480678242115494,0.24,0.0008529534097760916,1.3096720977046061e-05
13,0,0.08496863867092848,0.24,0.0014537887182086706,1.2994071767025162e-05
13,0,0.08657888177953792,0.24,0.0012744622072204947,1.3079707969154697e-05
13,0,0.08796086724340162,0.26,0.0012744622072204947,1.3628576198243536e-05
13,0,0.0899202737274618,0.26,0.001399514265358448,1.4356331121234689e-05
13,0,0.09237029517612658,0.26,0.0018075661500915885,1.5227839867293369e-05
13,0,0.09536917065896654,0.28,0.0018075661500915885,1.640476330067031e-05
13,0,0.09981964366004134,0.28,0.0018075661500915885,1.7657503121881746e-05
13,0,0.1016217644511816,0.28,0.002165120095014572,1.8947976059280336e-05
13,0,0.10214127008880193,0.28,0.0023788604885339737,2.1221143470029347e-05
13,0,0.1072806051538798,0.28,0.0023420758079737425,2.3004777176538482e-05
13,0,0.11238506851821464,0.26,0.002043499844148755,2.5781948352232575e-05
13,0,0.11559719491396325,0.26,0.001551382476463914,2.7077821869170293e-05
13,0,0.11764679001599893,0.26,0.0017046380089595914,3.179572740918957e-05
13,0,0.12089283083999425,0.28,0.0017046380089595914,3.542847844073549e-05
13,0,0.12765088596507257,0.28,0.0019127149134874344,3.923692929674871e-05
13,0,0.12652902152975945,0.28,0.0019127149134874344,4.120084850001149e-05
13,0,0.1270659827308242,0.28,0.001740784733556211,4.227461613481864e-05
13,0,0.12038151588459323,0.28,0.001985596027225256,4.2742412915686145e-05
13,0,0.10114503603053378,0.28,0.002572297817096114,4.387904118630104e-05
13,0,0.09304885616586034,0.3,0.0013334950199350715,3.983902934123762e-05
13,0,0.07950114896371811,0.28,0.0011781202629208565,3.475004268693738e-05
13,0,0.06703032491674164,0.26,0.0012853513471782207,2.8409473088686354e-05
13,0,0.06447836671060075,0.26,0.0012542449403554201,2.0438032152014785e-05
13,0,0.07406847078831705,0.28,0.0006692534661851823,1.3527343980967999e-05
13,0,0.07602223196906767,0.24,0.0006692534661851823,1.0032315003627446e-05
13,0,0.07005879371988095,0.2,0.0006494048284366727,8.802619049674831e-06
13,0,0.0587532017653394,0.18,0.0004940330982208252,7.717754670011345e-06
13,0,0.04840447642048415,0.18,0.0004940330982208252,6.077535090298625e-06
13,0,0.04076762267012794,0.18,0.0004940330982208252,4.894030553259654e-06
13,0,0.035038384900974745,0.18,0.0005794957396574318,3.965651103499113e-06
13,0,0.029769556881245485,0.18,0.0005273426650092006,3.1771580779604847e-06
13,0,0.025077936907596764,0.18,0.0005273426650092006,2.554067577875685e-06
13,0,0.022032250630604187,0.18,0.0005273426650092006,2.0819809378735954e-06
13,0,0.019592747784094675,0.18,0.0005273426650092006,1.729460564092733e-06
13,0,0.017373669086884782,0.16,0.0004046849498990923,1.4722720607096562e-06
13,0,0.01595208954256659,0.16,0.0005028181476518512,1.2964363804712775e-06
13,0,0.01523415010400005,0.16,0.0005028181476518512,1.1815338893939042e-06
13,0,0.015196384059748753,0.16,0.0005028181476518512,1.130722353082092e-06
13,0,0.01584354194073456,0.16,0.0005028181476518512,1.1260391374889878e-06
13,0,0.016726468454604817,0.16,0.0005525471060536802,1.1371371329005342e-06
13,0,0.018132982886807987,0.14,0.0003754870849661529,1.2344379456408205e-06
13,0,0.018130957946457978,0.14,0.0003021970915142447,1.6052003957156558e-06
13,0,0.020637203626649368,0.14,0.00026178141706623137,2.5117619770753663e-06
13,0,0.023721463290113053,0.14,0.00026178141706623137,3.867667146550957e-06
13,0,0.026983030333201548,0.16,0.0003305983846075833,4.80652261103387e-06
13,0,0.02711330421537122,0.16,0.0003305983846075833,5.497536221810151e-06
13,0,0.027769999832691173,0.18,0.00036070984788239,6.016063707647845e-06
13,0,0.02868772594558195,0.18,0.00036070984788239,6.437778665713267e-06
13,0,0.030526086132346295,0.16,0.00036070984788239,6.979626959946472e-06
13,0,0.03399537059174911,0.2,0.00036070984788239,7.623274086654419e-06
13,0,0.038773619102719564,0.22,0.0003305983846075833,7.803131666150875e-06
13,0,0.04050952057746143,0.22,0.0004746963386423886,7.041698154353071e-06
13,0,0.032409164745103636,0.24,0.00044868007535114884,5.635237357637379e-06
13,0,0.027689639864586776,0.24,0.00040829528006725013,4.244607680448098e-06
13,0,0.026361224177136672,0.22,0.0005235900171101093,3.36681318913179e-06
13,0,0.02906494093648011,0.2,0.0005235900171101093,2.8680753985099727e-06
13,0,0.033327374080958753,0.18,0.000650538073386997,2.5049157557077706e-06
13,0,0.033295450227209276,0.18,0.0007148661534301937,2.2414706108975224e-06
13,0,0.032838310855996686,0.18,0.0007148661534301937,2.1167929844523314e-06
13,0,0.02962864159565129,0.18,0.0009229374118149281,1.9628553218353773e-06
13,0,0.02724405036445521,0.18,0.0007428720127791166,1.7833422134572174e-06
13,0,0.025877711414889683,0.22,0.0014307069359347224,1.6896201486815698e-06
13,0,0.025849341541050716,0.22,0.0014307069359347224,1.861210535025748e-06
13,0,0.02760137601391609,0.24,0.0013514193706214428,2.3490138119086623e-06
13,0,0.03035118399183895,0.24,0.0015745357377454638,3.4251329452672508e-06
13,0,0.03308635595007951,0.24,0.0015745357377454638,5.287636213324731e-06
13,0,0.03300199573349521,0.22,0.0014193652896210551,6.964893145777751e-06
13,0,0.0296590435159424,0.26,0.0014193652896210551,7.004432518442627e-06
13,0,0.030982943499549293,0.22,0.0014193652896210551,5.458105079014786e-06
13,0,0.028975373571384393,0.2,0.00166463409550488,4.776272817252902e-06
13,0,0.0285279034130728,0.2,0.00166463409550488,4.503488071350148e-06
13,0,0.027612892042411342,0.2,0.0015556440921500325,4.346081823314307e-06
13,0,0.025390651456060016,0.2,0.001709009986370802,4.230984359310241e-06
13,0,0.022869986009904662,0.2,0.0016498867189511657,3.886993908963632e-06
13,0,0.020742616647795167,0.22,0.0016498867189511657,3.6094384086027276e-06
13,0,0.0200392600438279,0.22,0.0016498867189511657,3.6097276279178914e-06
13,0,0.020702606400325688,0.22,0.001806503045372665,3.827506134257419e-06
13,0,0.02131267875922896,0.22,0.001806503045372665,4.193785116513027e-06
13,0,0.022462022498049506,0.22,0.001806503045372665,4.564994924294297e-06
13,0,0.022813030285671103,0.24,0.001806503045372665,4.911681571684312e-06
13,0,0.02306469177568121,0.24,0.001806503045372665,5.220857929089107e-06
13,0,0.023626081589124822,0.24,0.001806503045372665,5.535150648938725e-06
13,0,0.024501530467497656,0.24,0.001806503045372665,5.77211903873831e-06
13,0,0.025421153534308946,0.26,0.0017030207673087716,5.944568329141475e-06
13,0,0.026174585860035772,0.26,0.0017030207673087716,6.0106272030679975e-06
13,0,0.026987424157766733,0.26,0.0016805744962766767,6.04099750489695e-06
13,0,0.02799379228093061,0.26,0.0015658775810152292,6.109735295467544e-06
13,0,0.029118150692500344,0.26,0.0037898081354796886,6.222198862815276e-06
13,0,0.030102814778118544,0.28,0.004372525494545698,6.331422355287941e-06
13,0,0.030596785402081335,0.34,0.0037449507508426905,6.42395480099367e-06
13,0,0.031064896072018757,0.34,0.0037449507508426905,6.5007379816961475e-06
13,0,0.031597073228386494,0.36,0.003215270582586527,6.608029707422247e-06
13,0,0.03180519465290783,0.38,0.003215270582586527,6.774572284484748e-06
13,0,0.0318593967132374,0.38,0.003215270582586527,6.968759862502338e-06
13,0,0.03203726597718353,0.38,0.003992228768765926,7.420127531077014e-06
13,0,0.03208447473349709,0.38,0.003992228768765926,7.875513801991474e-06
13,0,0.03202033507490206,0.36,0.004023532848805189,8.657721991767175e-06
13,0,0.03147895247669858,0.36,0.0038834877777844667,1.0021767593570985e-05
13,0,0.03135993471501091,0.42,0.0038834877777844667,1.1627363164734561e-05
13,0,0.03237428323514592,0.42,0.0038834877777844667,1.358757981506642e-05
13,0,0.03275674234965591,0.42,0.0038834877777844667,1.5559453458990902e-05
13,0,0.03191361337294872,0.4,0.0038834877777844667,1.7670659872237593e-05
13,0,0.0310662454901795,0.4,0.0038834877777844667,2.1478863345691934e-05
13,0,0.031140165262476305,0.4,0.003872778033837676,2.6752131816465408e-05
13,0,0.03214208961664506,0.4,0.003955798223614693,3.394874511286616e-05
13,0,0.03340569951794847,0.4,0.003955798223614693,4.313102544983849e-05
13,0,0.03444482093606089,0.4,0.003955798223614693,5.130449790158309e-05
13,0,0.035688527411003666,0.4,0.003955798223614693,5.968598270555958e-05
13,0,0.03752332009945928,0.42,0.003955798223614693,6.774925714125857e-05
13,0,0.039816301196078006,0.42,0.003955798223614693,7.489970448659733e-05
13,0,0.04189353927476808,0.44,0.003955798223614693,8.046886796364561e-05
13,0,0.04373516340727099,0.46,0.003955798223614693,8.460280514555052e-05
13,0,0.04544323472217854,0.46,0.003955798223614693,8.884663111530244e-05
13,0,0.047076515048208874,0.46,0.003955798223614693,9.270084410673007e-05
13,0,0.048690775072134936,0.46,0.0036569368094205856,9.647833212511614e-05
13,0,0.05069786947313294,0.46,0.0036569368094205856,9.956136636901647e-05
13,0,0.052983042151204564,0.46,0.0036569368094205856,0.00010064592788694426
13,0,0.054843187397602494,0.46,0.0036569368094205856,9.918232535710558e-05
13,0,0.05640048692627771,0.46,0.0034678878728300333,9.706457785796374e-05
13,0,0.05797668348866126,0.46,0.0034678878728300333,8.971372881205752e-05
13,0,0.05887604403948275,0.46,0.0038097461219877005,9.16150092962198e-05
13,0,0.06031652694522303,0.46,0.0038097461219877005,9.217549813911319e-05
13,0,0.06175863700041224,0.46,0.0038097461219877005,9.375940135214478e-05
13,0,0.06274665220553302,0.46,0.0038097461219877005,9.608967957319692e-05
13,0,0.06300412208046678,0.46,0.0038097461219877005,9.869587665889412e-05
13,0,0.06278133569737611,0.46,0.002698989585042,0.00010129351721843705
13,0,0.06301632042854703,0.46,0.002698989585042,0.00010447242675581947
13,0,0.06383599526171675,0.46,0.002698989585042,0.00010879777983063832
13,0,0.06369142094723869,0.46,0.003613682696595788,0.00011348656698828563
13,0,0.06286613789045895,0.46,0.003613682696595788,0.00011873214680235833
13,0,0.06273756892385303,0.48,0.003613682696595788,0.00012813250941690058
13,0,0.062394329011913496,0.48,0.0033030863851308823,0.00013569547445513308
13,0,0.0624086851986153,0.48,0.0033030863851308823,0.00014522363198921084
13,0,0.06277680851608496,0.48,0.0033030863851308823,0.00015726329002063721
13,0,0.06249814549204753,0.48,0.0033030863851308823,0.00016673655773047358
13,0,0.06185779896838022,0.48,0.0033030863851308823,0.00017915178614202887
13,0,0.06131086088686511,0.48,0.0033030863851308823,0.0001957890926860273
13,0,0.059930159412866967,0.48,0.0031880370806902647,0.00021727285638917238
13,0,0.05774885428969053,0.48,0.0034831822849810123,0.00024097097048070282
13,0,0.05560503330576761,0.5,0.0034831822849810123,0.0002436058275634423
13,0,0.05538815498746488,0.5,0.003767897142097354,0.0002487055608071387
13,0,0.05432756869552567,0.5,0.003767897142097354,0.00023992032220121473
13,0,0.0533590641635155,0.48,0.003767897142097354,0.0002539979759603739
13,0,0.0528274946579954,0.48,0.0039047622121870518,0.0002613604301586747
13,0,0.05322990852201172,0.46,0.0039047622121870518,0.0002917127567343414
13,0,0.05225589930746154,0.44,0.0039047622121870518,0.0002808520512189716
13,0,0.05158418734479246,0.44,0.003556653391569853,0.00026902658282779157
13,0,0.0504177331639233,0.46,0.003556653391569853,0.0002502902934793383
13,0,0.049193009576854095,0.46,0.00354731734842062,0.0002305454108864069
13,0,0.048570129851249436,0.46,0.00354731734842062,0.00021553698752541095
13,0,0.047726279739257,0.46,0.003422938287258148,0.0001993835758185014
13,0,0.046542313679199615,0.46,0.003422938287258148,0.00018179249309469014
13,0,0.04531155702234718,0.46,0.0034766392782330513,0.0001650629419600591
13,0,0.04419145619319908,0.46,0.0034766392782330513,0.00014914933126419783
13,0,0.043283311355197675,0.46,0.0034766392782330513,0.00013375924027059227
13,0,0.04266736380300506,0.46,0.0034766392782330513,0.0001238579861819744
13,0,0.04245102636578999,0.46,0.0034766392782330513,0.00011549091868801042
13,0,0.04273609374988439,0.46,0.003803493222221732,0.00010873524297494441
13,0,0.04341127477277282,0.44,0.003803493222221732,0.0001038418267853558
13,0,0.044254493528715536,0.44,0.003803493222221732,0.00011237427679589018
13,0,0.0431667597205314,0.44,0.0037447623908519745,0.00011101938434876502
13,0,0.04270483976869847,0.44,0.0037447623908519745,0.00011281824845355004
13,0,0.04211456153878851,0.42,0.0037546162493526936,0.00010245339944958687
13,0,0.04196169205159641,0.4,0.004122020211070776,9.130252146860585e-05
13,0,0.041610210730308184,0.38,0.004122020211070776,8.020104723982513e-05
13,0,0.04487434991153626,0.38,0.004122020211070776,7.261109567480162e-05
13,0,0.044000749334935134,0.38,0.00381064903922379,4.492756852414459e-05
13,0,0.03344638089800832,0.38,0.00381064903922379,2.2341411749948747e-05
13,0,0.03934784929519265,0.36,0.0016693271463736892,1.9902050553355366e-05
13,0,0.048647598311999156,0.36,0.0015828664181753993,2.7036587198381312e-05
13,0,0.03951246105310024,0.36,0.0015828664181753993,2.721201781241689e-05
13,0,0.052899337304223075,0.38,0.0020824118983000517,5.3334191761678085e-05
13,0,0.05513937336071398,0.38,0.0020824118983000517,5.478326784214005e-05
13,0,0.050071580245204826,0.38,0.0020824118983000517,3.506147913867608e-05
13,0,0.054119006749959904,0.34,0.0020824118983000517,3.086021024500951e-05
13,0,0.052367322758621666,0.34,0.0020824118983000517,2.9726787033723667e-05
13,0,0.048575512747717355,0.34,0.0020824118983000517,2.8372973247314803e-05
13,0,0.04692051337864045,0.34,0.0020824118983000517,2.8482771085691638e-05
13,0,0.045734766375144724,0.36,0.0020824118983000517,2.7835430955747142e-05
13,0,0.044365427412879424,0.34,0.0020824118983000517,2.631516872497741e-05
13,0,0.04273422392420183,0.32,0.0008595490362495184,2.435761780361645e-05
13,0,0.04040100613515973,0.32,0.0008595490362495184,2.0599147319444455e-05
13,0,0.038525507725218185,0.3,0.0008595490362495184,1.787606925063301e-05
13,0,0.03708983873198912,0.3,0.0008595490362495184,1.5760602764203213e-05
13,0,0.03536201599539337,0.3,0.0008595490362495184,1.4166631444822997e-05
13,0,0.03342364856318083,0.3,0.0008595490362495184,1.322631669609109e-05
13,0,0.03213815838360286,0.28,0.0008595490362495184,1.2611286365427077e-05
13,0,0.030842127089910028,0.28,0.0008595490362495184,1.1965600606345106e-05
13,0,0.029520421390890384,0.28,0.0008595490362495184,1.1191884368599858e-05
13,0,0.028194195365053337,0.28,0.0008595490362495184,1.0289995771017857e-05
13,0,0.026618853254852998,0.28,0.0008595490362495184,9.305930689151864e-06
13,0,0.02523656353930546,0.28,0.0008595490362495184,8.434776646026876e-06
13,0,0.02416723120609562,0.28,0.0004950383445248008,7.827965418982785e-06
13,0,0.02333674344675127,0.26,0.0004504827957134694,6.0212173593754414e-06
13,0,0.022624540932384016,0.24,0.0004504827957134694,6.370129540300695e-06
13,0,0.022107129995624867,0.24,0.00040141254430636764,5.902269094804069e-06
13,0,0.021699025139148165,0.24,0.00031087922980077565,5.268664153845748e-06
13,0,0.02165748377569568,0.24,0.00031087922980077565,4.63724109067698e-06
13,0,0.02253575178708609,0.22,0.0004809232777915895,4.256472493580077e-06
13,0,0.024178645637604624,0.22,0.0004809232777915895,4.102403181605041e-06
13,0,0.02414909611634325,0.22,0.0004809232777915895,3.917816684406716e-06
13,0,0.023141431921721453,0.22,0.0004884909139946103,3.7476065699593164e-06
13,0,0.02317366864504821,0.24,0.0004884909139946103,3.7349793728935765e-06
13,0,0.02271796840798017,0.24,0.0004884909139946103,3.5579962514020735e-06
13,0,0.02271792960947048,0.22,0.0004884909139946103,3.4502688777138246e-06
13,0,0.02240396908957561,0.24,0.0011840814258903265,3.4921847600344336e-06
13,0,0.021678040906707788,0.24,0.0011840814258903265,3.4930808396893553e-06
13,0,0.022064789754079585,0.24,0.0007259297417476773,3.458860646787798e-06
13,0,0.023023604215151722,0.22,0.0004229838086757809,2.704813823584118e-06
13,0,0.02358124555018616,0.22,0.00046482073958031833,3.373234449099982e-06
13,0,0.023525806819611673,0.22,0.00046482073958031833,3.2369096061302116e-06
13,0,0.022861537272360854,0.18,0.00046482073958031833,3.107433713012142e-06
13,0,0.02240377577333172,0.16,0.00019167934078723192,3.0392682219826384e-06
13,0,0.02233471397937317,0.16,0.00019167934078723192,3.0128196613077307e-06
13,0,0.023191598956285073,0.18,0.00020720591419376433,3.0274336495494936e-06
13,0,0.02453029726454692,0.18,0.0002368799614487216,2.9785512651869794e-06
13,0,0.023673536293957867,0.18,0.0002368799614487216,3.2068871860246873e-06
13,0,0.02150994302063041,0.18,0.0002368799614487216,3.376787844899809e-06
13,0,0.022415833846596993,0.18,0.0002368799614487216,3.5458829188428354e-06
13,0,0.02354701223691893,0.18,0.00019063895160797983,3.7572540350083727e-06
13,0,0.022550487850610635,0.18,0.00019063895160797983,3.585984131859732e-06
13,0,0.022196363039286803,0.18,0.00019063895160797983,3.6590620311471866e-06
13,0,0.021810397139950297,0.18,0.00019063895160797983,3.8023517845431343e-06
13,0,0.021553345919019348,0.18,0.00019063895160797983,3.900443971360801e-06
13,0,0.02197228928822577,0.18,0.00019063895160797983,3.85697785532102e-06
13,0,0.022423099789170568,0.18,0.00019063895160797983,3.9810201997170225e-06
13,0,0.022645571471216524,0.18,0.00019063895160797983,4.17724777435069e-06
13,0,0.02268121612182349,0.18,0.00019063895160797983,4.402947070047958e-06
13,0,0.02416230904500447,0.18,0.00019063895160797983,4.839038865611656e-06
13,0,0.026868361776923956,0.18,0.00016317878908012062,5.453401172417216e-06
13,0,0.02636292552898513,0.22,0.00015174307918641716,5.0101225497201085e-06
13,0,0.023100615162282352,0.22,0.00015174307918641716,4.434916263562627e-06
13,0,0.019668814096714823,0.22,0.00018855153757613152,3.8022974422347033e-06
13,0,0.019835696161350894,0.24,0.00014846923295408487,3.6242774967831792e-06
13,0,0.019801224427210162,0.24,0.00020486387074925005,3.4354704894212773e-06
13,0,0.01933733878935488,0.24,0.00024826559820212424,2.6328636977268616e-06
13,0,0.019602631568056153,0.24,0.00022966323012951761,1.7852888731795247e-06
13,0,0.022859729124765617,0.24,0.00022966323012951761,1.6515366496605566e-06
13,0,0.02589792917751011,0.24,0.0005891871987842023,1.8391989442534395e-06
13,0,0.029806524639979865,0.24,0.0005891871987842023,2.7031016998080304e-06
13,0,0.031993855839775015,0.22,0.0005891871987842023,5.494312972587068e-06
13,0,0.033608930557612826,0.22,0.0005450360476970673,9.241272891813423e-06
13,0,0.04267991963048715,0.22,0.0005960637354291975,1.1509823707456235e-05
13,0,0.04285962047911092,0.22,0.0004959827638231218,1.0124323125637602e-05
13,0,0.04200916219811911,0.24,0.00041869745473377407,8.551081918994896e-06
13,0,0.0411491880089515,0.22,0.00041869745473377407,7.622474640811561e-06
13,0,0.036572672312920995,0.2,0.00041869745473377407,5.7299866966786794e-06
13,0,0.030143674726247925,0.2,0.0004601106629706919,4.414450813783333e-06
13,0,0.030847570699113737,0.2,0.00039858397212810814,4.846229785471223e-06
13,0,0.032216743710364835,0.2,0.00039858397212810814,4.943213298247429e-06
13,0,0.035943980024078136,0.22,0.00039858397212810814,4.730253294837894e-06
13,0,0.03595157088185208,0.2,0.0004601106629706919,3.817324795818422e-06
13,0,0.0329011526331682,0.22,0.0004601106629706919,2.7909379696211545e-06
13,0,0.028627547576717195,0.2,0.0005716765881516039,1.9191584215150215e-06
13,0,0.024163592785995138,0.18,0.0005716765881516039,1.2529892501333961e-06
13,0,0.02020054639234618,0.2,0.0006906418711878359,8.398827731070924e-07
13,0,0.01753788656218954,0.18,0.0006906418711878359,6.677860255877022e-07
13,0,0.01623367771972644,0.18,0.00027463294100016356,6.314963343356794e-07
13,0,0.01665009144602028,0.18,0.00032084318809211254,8.009128578123637e-07
13,0,0.018195904476439248,0.18,0.00032084318809211254,1.0156999223909224e-06
13,0,0.019329752140455136,0.16,0.00026268549845553935,1.1094954288637382e-06
13,0,0.019809102294200655,0.16,0.00026268549845553935,1.18125217341003e-06
13,0,0.019870083422767516,0.18,0.00026268549845553935,1.280001242776052e-06
13,0,0.02375229116457874,0.2,0.00026268549845553935,1.504838905930228e-06
13,0,0.029315554502980196,0.18,0.0003156083694193512,1.7514028058940312e-06
13,0,0.03205057667747468,0.18,0.00039122789166867733,1.8995674508914817e-06
13,0,0.03452492590600643,0.18,0.0003348836617078632,2.006291197176324e-06
13,0,0.03407482455507102,0.18,0.0003348836617078632,1.9780686670856085e-06
13,0,0.031280904767809474,0.18,0.0003348836617078632,1.883200184238376e-06
13,0,0.02793580108142674,0.2,0.0003348836617078632,1.7822235349740367e-06
13,0,0.02563117625797032,0.2,0.0002591982774902135,1.6879821487236768e-06
13,0,0.025508038085357707,0.2,0.0003273367474321276,1.648705620027613e-06
13,0,0.02671019367690956,0.22,0.000281765591353178,1.6406701206506114e-06
13,0,0.027069904987018632,0.24,0.000281765591353178,1.5646326119167497e-06
13,0,0.026748694189869016,0.24,0.00032139424001798034,1.462925524720049e-06
13,0,0.0261899381761544,0.24,0.00028172152815386653,1.40293059303076e-06
13,0,0.025159118970130994,0.26,0.00025652270414866507,1.0312226095265942e-06
13,0,0.024089293377816578,0.22,0.00025652270414866507,7.917736866147607e-07
13,0,0.02324983905059278,0.22,0.00022393610561266541,6.505370038212277e-07
13,0,0.022459739085804262,0.24,0.0002948716573882848,5.473881401485414e-07
13,0,0.021773106179243683,0.26,0.000714954745490104,4.701389286765334e-07
13,0,0.020996764083975595,0.26,0.000714954745490104,4.0405515733255015e-07
13,0,0.019977064667170887,0.26,0.000713072600774467,3.355013404870988e-07
13,0,0.019107640948740512,0.26,0.0007788289221934974,2.69282821818706e-07
13,0,0.0185080173874249,0.26,0.0007046332466416061,2.251872075476058e-07
13,0,0.017782948852334345,0.26,0.000854753889143467,1.8673037516236946e-07
13,0,0.01704540538548218,0.26,0.000854753889143467,1.492235668365538e-07
13,0,0.016999204286389465,0.26,0.000854753889143467,1.2121809334075806e-07
13,0,0.016634834264477028,0.26,0.000676903233397752,9.984658078110442e-08
13,0,0.014902873177403455,0.26,0.000676903233397752,7.275232150050215e-08
13,0,0.013851637990310186,0.26,0.0006223450182005763,5.228342914165296e-08
13,0,0.013262192890802608,0.28,0.0006223450182005763,3.9609119539818494e-08
13,0,0.012553525873633295,0.28,0.0006223450182005763,3.314385921271423e-08
13,0,0.012055411895729527,0.28,0.0006223450182005763,2.6980842449120246e-08
13,0,0.011964119071357568,0.28,0.0006223450182005763,2.2026629409310772e-08
13,0,0.012284443118990587,0.28,0.0006223450182005763,1.98369871640125e-08
13,0,0.012412492306661452,0.3,0.0006223450182005763,1.9659426087059728e-08
13,0,0.012374917583641565,0.3,0.0005569829372689128,1.8798017364929365e-08
13,0,0.01265966786278054,0.3,0.0005569829372689128,1.5149121068702698e-08
13,0,0.01292462580877937,0.3,0.0005569829372689128,1.4407655068993108e-09
13,0,0.013432315797457147,0.3,0.0005603811587207019,2.4300423007161953e-08
13,0,0.014882920186615144,0.28,0.0006095105782151222,3.01160767435249e-08
13,0,0.015121378422401358,0.28,0.0006095105782151222,3.978432516760222e-08
13,0,0.013797789711345324,0.28,0.0005614054389297962,4.2905664798809084e-08
13,0,0.013635123299541965,0.28,0.0005614054389297962,4.3555573370213096e-08
13,0,0.015037626364424551,0.28,0.0005614054389297962,4.52405544137946e-08
13,0,0.016040747461714012,0.28,0.0005614054389297962,4.655234420170018e-08
13,0,0.01629840565581107,0.28,0.000562887464184314,4.826295807447423e-08
13,0,0.016553580123702238,0.28,0.000562887464184314,5.169491146261862e-08
13,0,0.01690366465669576,0.28,0.0006221670773811638,5.585365059346259e-08
13,0,0.01704231461935719,0.28,0.0006221670773811638,5.7603116943028e-08
13,0,0.01719823013226233,0.28,0.0006221670773811638,5.727488883167098e-08
13,0,0.017278551179854214,0.28,0.0006221670773811638,5.574392147877916e-08
13,0,0.017416178244459606,0.28,0.0006221670773811638,5.883017095698051e-08
13,0,0.017795513847563754,0.28,0.0006221670773811638,6.378211736546291e-08
13,0,0.01813702612568869,0.28,0.0006221670773811638,7.156049264267494e-08
13,0,0.018263627780818716,0.28,0.0005661759059876204,5.517693324463835e-08
13,0,0.01783262374459754,0.28,0.0007258408004418015,4.39534026952515e-08
13,0,0.01722474697542149,0.28,0.0007258408004418015,3.310020701974281e-08
13,0,0.01699675380431529,0.28,0.000654960866086185,3.335815890181948e-08
13,0,0.01675694605289968,0.28,0.000654960866086185,3.313551744099641e-08
13,0,0.01625573154631394,0.28,0.000654960866086185,3.138087478760099e-08
13,0,0.013865048760639041,0.3,0.000654960866086185,2.2788853470956383e-08
13,0,0.010644222115798192,0.3,0.000654960866086185,1.3702597279063866e-08
13,0,0.008839037224918658,0.3,0.0007813865668140352,7.385908773471783e-09
13,0,0.009450450438428763,0.28,0.0009866623440757394,8.441715770857172e-09
13,0,0.015594706821940602,0.26,0.0008283403003588319,1.3266657106214552e-08
13,0,0.017322175215097442,0.28,0.0008283403003588319,1.1821573053794054e-08
13,0,0.012000501027475857,0.28,0.0008283403003588319,4.863163649559965e-09
13,0,0.011480575341031824,0.28,0.0007538088830187917,4.1537533412849825e-09
13,0,0.014307971696101363,0.26,0.0007538088830187917,4.48758763482715e-09
13,0,0.01450243341900934,0.28,0.0007538088830187917,2.549849886790412e-09
13,0,0.01379332805852054,0.28,0.0007538088830187917,1.1405307809297938e-09
13,0,0.012423061476461944,0.28,0.0008283403003588319,4.309261281143506e-10
13,0,0.011489139765698196,0.3,0.0007615856011398137,1.703529539653914e-10
13,0,0.011126905082058956,0.3,0.0007615856011398137,7.533529355896462e-11
13,0,0.010902626339494877,0.3,0.0007615856011398137,3.7817363823799965e-11
13,0,0.01015977879691182,0.3,0.0007615856011398137,1.9882373525348385e-11
13,0,0.009017267781845023,0.32,0.0007615856011398137,1.1144898372228429e-11
13,0,0.007763796412386447,0.32,0.00060310895787552,7.121587174141464e-12
13,0,0.006841877783836959,0.32,0.0005488320020958781,5.5600250965792686e-12
13,0,0.006678726181328942,0.32,0.0005488320020958781,5.8510670267186704e-12
13,0,0.006989548290247258,0.3,0.0005488320020958781,7.228536345882386e-12
13,0,0.007352032728786686,0.3,0.0005488320020958781,8.919430298515163e-12
13,0,0.007454539297925143,0.3,0.0005488320020958781,8.933186655679659e-12
13,0,0.007597379730022198,0.3,0.0005488320020958781,9.381133890540294e-12
13,0,0.0077971230330241845,0.3,0.0005969494814053178,9.887873506086997e-12
13,0,0.007938608638097476,0.28,0.0005969494814053178,9.426548083779629e-12
13,0,0.007907089560134568,0.32,0.0005969494814053178,8.533345904893075e-12
13,0,0.008283088698302452,0.32,0.0005969494814053178,8.206955080802825e-12
13,0,0.009386597245695995,0.3,0.0005498352111317217,1.0417533155560044e-11
13,0,0.00932250564460785,0.3,0.00042887002928182483,1.1920864469161518e-11
13,0,0.00896232604870797,0.3,0.00042887002928182483,1.2622561849917613e-11
13,0,0.009337161804984962,0.3,0.00042887002928182483,1.514785519241002e-11
13,0,0.00968952691470499,0.3,0.00042887002928182483,1.7084972325775993e-11
13,0,0.009817242121204937,0.3,0.00042887002928182483,1.7588180911687346e-11
13,0,0.009984160375403728,0.3,0.00042887002928182483,1.8503939699932026e-11
13,0,0.0101871739711214,0.3,0.00043000231380574405,1.9896334579883046e-11
13,0,0.010495423573598974,0.3,0.00043000231380574405,2.2433157761958533e-11
13,0,0.010803522767573117,0.3,0.00043000231380574405,2.5432704553463026e-11
13,0,0.01115451723217327,0.3,0.00043000231380574405,2.8305208871204357e-11
13,0,0.011569218496517628,0.3,0.00043000231380574405,3.052838537520586e-11
13,0,0.012112889211923173,0.3,0.00043000231380574405,3.3028135781876244e-11
13,0,0.012736912925036366,0.3,0.00043000231380574405,3.574614215740013e-11
13,0,0.013115432217994612,0.3,0.00043000231380574405,4.138518347462927e-11
13,0,0.013241283487360783,0.3,0.00043000231380574405,5.101447736466369e-11
13,0,0.013503043441541726,0.3,0.00043000231380574405,6.269337132769337e-11
13,0,0.014031170141301992,0.3,0.00043000231380574405,7.503729582136742e-11
13,0,0.014582948119928291,0.3,0.00042887002928182483,8.285475083802396e-11
13,0,0.015154320345351536,0.3,0.00042887002928182483,8.365572123913978e-11
13,0,0.015367180122149484,0.26,0.00047128894948400557,9.9244189255554e-11
13,0,0.015154666823748983,0.26,0.00047128894948400557,9.893705993357926e-11
13,0,0.015034589936354785,0.26,0.00047128894948400557,9.932486083608083e-11
13,0,0.015220025535214251,0.26,0.00042887002928182483,8.397305073515327e-11
13,0,0.01523501452375602,0.28,0.0004656238597817719,8.277434987435939e-11
13,0,0.014727775514813767,0.28,0.0004656238597817719,8.243843802047124e-11
13,0,0.014066474870543086,0.28,0.0005116761894896626,8.279140567557519e-11
13,0,0.013487082595388016,0.3,0.0005116761894896626,8.836074927298654e-11
13,0,0.013537779163641048,0.3,0.0006461429293267429,1.0849398462964288e-10
13,0,0.012878712580010554,0.3,0.0006461429293267429,1.2726712739219437e-10
13,0,0.010529196833825083,0.3,0.0006461429293267429,1.4622676680620117e-10
13,0,0.00917883046715588,0.3,0.0006461429293267429,1.5787951501700093e-10
13,0,0.009481063983922088,0.3,0.0005405991687439382,1.5065887426501945e-10
13,0,0.010046177158757795,0.3,0.0006930563249625266,1.0927111299130488e-10
13,0,0.010547906964899411,0.3,0.0006930563249625266,7.367891713405683e-11
13,0,0.010691661654605122,0.3,0.0006930563249625266,5.039725581301724e-11
13,0,0.010676110025898248,0.3,0.0005488320020958781,3.662875558418932e-11
13,0,0.010588408906094506,0.3,0.0005488320020958781,2.7538204355748164e-11
13,0,0.010530794331131327,0.3,0.0005488320020958781,2.0794066121765375e-11
13,0,0.010263036694243171,0.3,0.0005488320020958781,1.6239841069132233e-11
13,0,0.010160945667382194,0.3,0.0005488320020958781,1.4458761445068635e-11
13,0,0.010137433657930423,0.3,0.00042808742728084326,1.3451699823474605e-11
13,0,0.010077180427485725,0.3,0.00042808742728084326,1.271571563321583e-11
13,0,0.010133555892676017,0.3,0.0004656238597817719,1.2673270419205629e-11
13,0,0.01021525910708572,0.3,0.0004656238597817719,1.2116260252048594e-11
13,0,0.009974893851406187,0.28,0.0005116761894896626,1.4163993762583704e-11
13,0,0.00965142721249322,0.32,0.00047128894948400557,1.4317731028556935e-11
13,0,0.009432145630075285,0.34,0.00047128894948400557,1.3681736299453462e-11
13,0,0.009145735344482174,0.36,0.00047128894948400557,1.2807040150608628e-11
13,0,0.008849099522755158,0.36,0.00047253313823603094,1.2218884758163906e-11
13,0,0.008608108057105367,0.36,0.00047253313823603094,1.1642452626969835e-11
13,0,0.008371994788359864,0.38,0.0004253583319950849,1.0969936764526622e-11
13,0,0.008133425893104942,0.38,0.0004253583319950849,1.0091878721585346e-11
13,0,0.00796203904137196,0.36,0.0004253583319950849,9.919419452497635e-12
13,0,0.007728650193489558,0.36,0.0004253583319950849,1.0218339195622317e-11
13,0,0.0073908398375860575,0.36,0.0004253583319950849,1.0907824123107535e-11
13,0,0.0070380784339005055,0.36,0.0004253583319950849,1.255765283425525e-11
13,0,0.006760383965178754,0.36,0.0004253583319950849,1.5347122878095476e-11
13,0,0.006660266900935728,0.36,0.0004253583319950849,1.9498855655109004e-11
13,0,0.006790570509244669,0.36,0.0004253583319950849,2.6104791939207672e-11
13,0,0.0067023831802894875,0.36,0.0004253583319950849,2.8828762294041965e-11
13,0,0.006571363834234419,0.36,0.0004253583319950849,3.0796649952424815e-11
13,0,0.0067804880340545225,0.36,0.0004253583319950849,3.521236080494816e-11
13,0,0.006744429119590216,0.36,0.0004253583319950849,4.1492597552261756e-11
13,0,0.00647348535658291,0.36,0.0004253583319950849,4.914255460897188e-11
13,0,0.006771951248697275,0.36,0.0004253583319950849,6.325779483562499e-11
13,0,0.006886589413463838,0.36,0.0004253583319950849,7.3635361697022e-11
13,0,0.00689956834889788,0.36,0.0004253583319950849,8.049067662385667e-11
13,0,0.007043246511332072,0.36,0.00045282579958438873,9.256258953760366e-11
13,0,0.0070292582189827825,0.36,0.00045282579958438873,1.0268203648466923e-10
13,0,0.0071724783052684316,0.36,0.00045282579958438873,1.1797414434244757e-10
13,0,0.007278234779648891,0.34,0.00045282579958438873,1.298507829039508e-10
13,0,0.007445648108988082,0.34,0.00045282579958438873,1.404637933744013e-10
13,0,0.007751851798668233,0.34,0.00045282579958438873,1.5863595159704147e-10
13,0,0.007990011054474212,0.34,0.00045282579958438873,1.823327183680945e-10
13,0,0.008271121649822138,0.34,0.00045282579958438873,2.069578813879147e-10
13,0,0.008404174973786165,0.34,0.00045282579958438873,2.0984684823144306e-10
13,0,0.008591921284278261,0.34,0.0005030453903600574,2.1206304767762418e-10
13,0,0.009035803345942364,0.34,0.00047253313823603094,2.2372277641569127e-10
13,0,0.009095992738636857,0.34,0.00047253313823603094,2.434331070055862e-10
13,0,0.008825942023186553,0.34,0.00047253313823603094,2.5348934062918715e-10
13,0,0.008784499311948071,0.34,0.00047253313823603094,2.6898858140889104e-10
13,0,0.008947725523182824,0.34,0.00047253313823603094,2.742368832020503e-10
13,0,0.009167564353719862,0.34,0.00047253313823603094,2.5797722291720504e-10
13,0,0.009299366046404727,0.34,0.00047253313823603094,2.2243949737710267e-10
13,0,0.009300432297070968,0.34,0.00047253313823603094,1.7463540336049022e-10
13,0,0.009294359474363707,0.34,0.00047253313823603094,1.4035773931997397e-10
13,0,0.009348349016658488,0.34,0.00043000231380574405,1.0289004370722665e-10
13,0,0.008901782034784159,0.32,0.00043000231380574405,7.5118057607515e-11
13,0,0.006098359973456768,0.32,0.00043000231380574405,4.775404030543662e-11
13,0,0.0042987101060041,0.32,0.00043000231380574405,3.6549895054971415e-11
13,0,0.004298905764363538,0.32,0.00047253313823603094,4.8944431840780567e-11
13,0,0.005955912084721906,0.32,0.00047253313823603094,7.01097999100675e-11
13,0,0.006621157122914401,0.32,0.00047253313823603094,5.0406484541909435e-11
13,0,0.006538623858678198,0.34,0.00047253313823603094,2.3977594215685016e-11
13,0,0.006070463804387074,0.34,0.00047253313823603094,1.0689587236212272e-11
13,0,0.0059929354045414225,0.34,0.0004722339508589357,5.0850083692377535e-12
13,0,0.005678584653594338,0.34,0.0004722339508589357,2.430478127785074e-12
13,0,0.004919209896979564,0.32,0.0004250889760442078,1.2283233241303093e-12
13,0,0.004205935858566044,0.28,0.0004250889760442078,7.236436927113288e-13
13,0,0.003939332661853077,0.28,0.0004250889760442078,5.331286627441312e-13
13,0,0.004055434432837042,0.28,0.0004250889760442078,4.531539802687251e-13
13,0,0.004165186382308487,0.3,0.0004250889760442078,3.751050305870335e-13
13,0,0.004396968504008929,0.3,0.00045253903954289854,3.2517356320614643e-13
13,0,0.0042436107562319305,0.3,0.00045253903954289854,2.995079499083092e-13
13,0,0.0035892116442193312,0.3,0.00045253903954289854,3.1203596022148783e-13
13,0,0.00361306861086134,0.3,0.0004972978495061398,4.4297088241419813e-13
13,0,0.0038682216327403157,0.32,0.0004972978495061398,6.396799864978597e-13
13,0,0.0035161009505063853,0.32,0.0005148633499629796,6.464295244923424e-13
13,0,0.0034444257412279684,0.3,0.0005148633499629796,6.045485835028119e-13
13,0,0.003438946727515642,0.28,0.0005148633499629796,6.085990543990005e-13
13,0,0.0031386306015779536,0.28,0.0005148633499629796,7.571550808202487e-13
13,0,0.003064926071753122,0.28,0.0005148633499629796,9.505370665921498e-13
13,0,0.0031608261785663005,0.3,0.0005148633499629796,1.1621814621776139e-12
13,0,0.003092918718872257,0.28,0.0005148633499629796,1.1840211970592929e-12
13,0,0.003113134342687884,0.28,0.0005148633499629796,1.1630951193483674e-12
13,0,0.0032351743240717438,0.28,0.0005148633499629796,1.1983872011053776e-12
13,0,0.0032286721668225256,0.28,0.0005148633499629796,1.375898310215784e-12
13,0,0.0031812759776328496,0.28,0.0005148633499629796,1.5653959248643212e-12
13,0,0.003598722157401301,0.28,0.0005148633499629796,2.037793978698632e-12
13,0,0.0035049867673372552,0.28,0.0005148633499629796,1.517899521352728e-12
13,0,0.0037076995049797777,0.28,0.0005148633499629796,1.2702304486023053e-12
13,0,0.004001925465774571,0.28,0.0005148633499629796,1.1123655165382051e-12
13,0,0.004064957949987748,0.28,0.0005148633499629796,1.047281185384552e-12
13,0,0.004189586075164837,0.26,0.0005148633499629796,1.0146435558064382e-12
13,0,0.004317733654715393,0.26,0.0004972978495061398,9.520502875642878e-13
13,0,0.004365057162078449,0.26,0.0005524468142539263,7.881731291931038e-13
13,0,0.00456165996760018,0.26,0.0005524468142539263,7.691635956624809e-13
13,0,0.004690217641891909,0.26,0.0005524468142539263,7.490822740742475e-13
13,0,0.004782229967771184,0.26,0.0005524468142539263,6.978434215036688e-13
13,0,0.004934647167454071,0.28,0.0005524468142539263,6.576596905949472e-13
13,0,0.005201875599392628,0.28,0.0005524468142539263,6.662527517534156e-13
13,0,0.005507200686125088,0.28,0.0005524468142539263,6.721394274489256e-13
13,0,0.005829483841422716,0.28,0.0005524468142539263,6.38668100610279e-13
13,0,0.0059860975070487755,0.28,0.0005524468142539263,5.621667953197018e-13
13,0,0.005857595946634258,0.26,0.0005524468142539263,4.3570914020837903e-13
13,0,0.006003290798507784,0.26,0.0005524468142539263,3.3660392723990074e-13
13,0,0.00629580222852972,0.26,0.0005524468142539263,2.548682293858351e-13
13,0,0.006525603160044975,0.26,0.0005524468142539263,1.840950487755691e-13
13,0,0.007013161412593359,0.24,0.0005302160861901939,1.3991756429680702e-13
13,0,0.007939183860981976,0.24,0.0004941442748531699,1.1112792408290648e-13
13,0,0.008908101305817396,0.24,0.0004941442748531699,8.169044596589153e-14
13,0,0.009605666465531213,0.24,0.0004941442748531699,5.2939342362959274e-14
13,0,0.010561410177063503,0.22,0.0003975159488618374,3.3218124973789787e-14
13,0,0.011855395928929036,0.2,0.00030058168340474367,2.0250909442734964e-14
13,0,0.01295242299155823,0.2,0.00030058168340474367,1.2358065857806261e-14
13,0,0.014520695676859954,0.18,0.00030058168340474367,7.205784668224639e-15
13,0,0.016826536112528056,0.16,0.00030058168340474367,4.1557138928519956e-15
13,0,0.019531538974468556,0.16,0.00030058168340474367,2.548432029503755e-15
13,0,0.023741626307541643,0.16,0.00030058168340474367,1.5893021067351102e-15
13,0,0.029516121980070597,0.16,0.00030058168340474367,9.562472578909017e-16
13,0,0.03584507890224819,0.16,0.00030058168340474367,5.335836405625182e-16
13,0,0.04457923073272655,0.16,0.00030058168340474367,2.6072629675530986e-16
13,0,0.05597782251595014,0.16,0.00030058168340474367,1.4137050034590217e-16
13,0,0.07045312219360353,0.16,0.00030058168340474367,8.149905511275072e-17
13,0,0.08879684799594377,0.16,0.00030058168340474367,4.8001737623982975e-17
13,0,0.10708791742242166,0.16,0.00030058168340474367,2.796021017300718e-17
13,0,0.12699068176256484,0.16,0.00030058168340474367,1.707094650900801e-17
13,0,0.14802777498892095,0.16,0.00030058168340474367,1.1712599541065054e-17
13,0,0.16737884876770165,0.16,0.00030058168340474367,8.974678035628835e-18
13,0,0.1839868696259845,0.16,0.00030058168340474367,7.526881180270135e-18
13,0,0.19714630324334553,0.16,0.00030058168340474367,6.7183903000674364e-18
13,0,0.20856987277831487,0.16,0.00030058168340474367,6.03983377766518e-18
13,0,0.21709170425419466,0.16,0.000349195150192827,5.582035217141076e-18
13,0,0.2206766933155794,0.18,0.000349195150192827,5.5257856947165514e-18
13,0,0.22080934838226898,0.18,0.000349195150192827,6.085741888071567e-18
13,0,0.21644839550529588,0.18,0.000349195150192827,7.383578756590223e-18
13,0,0.2045563127699081,0.18,0.000349195150192827,9.397241597190325e-18
13,0,0.18354075263234385,0.18,0.00030058168340474367,1.2292598734252536e-17
13,0,0.15707396251328806,0.16,0.00030058168340474367,1.7068732973688817e-17
13,0,0.13116163926003518,0.14,0.00030058168340474367,2.5452815632483367e-17
13,0,0.10853244205925491,0.14,0.00030058168340474367,3.791374065830677e-17
13,0,0.09037119844667411,0.14,0.00030058168340474367,5.4280961606824064e-17
13,0,0.07799416342806839,0.14,0.00030058168340474367,6.92941110536492e-17
13,0,0.07177308032556691,0.14,0.0002903246786445379,7.792105559465055e-17
13,0,0.07062719614616744,0.16,0.0002903246786445379,8.374327552394589e-17
13,0,0.07112346240650276,0.16,0.0002903246786445379,9.147607091000191e-17
13,0,0.0705304396270721,0.16,0.0002903246786445379,9.780015786054543e-17
13,0,0.06999255678266433,0.16,0.0002903246786445379,1.0104410876007219e-16
13,0,0.06922733839808339,0.16,0.0002903246786445379,1.028210713868484e-16
13,0,0.06694242077164778,0.16,0.0002903246786445379,1.0443110896601142e-16
13,0,0.06490796045971392,0.16,0.0002903246786445379,1.1071900511039451e-16
13,0,0.06370229135113396,0.16,0.0002903246786445379,1.1694925669225e-16
13,0,0.06414921597487819,0.16,0.0002903246786445379,1.2111215893020888e-16
13,0,0.061348035449948504,0.16,0.0002903246786445379,1.0704636951277337e-16
13,0,0.05913852010629016,0.16,0.0002903246786445379,9.055946214706455e-17
13,0,0.059374956928587956,0.16,0.0002903246786445379,7.860382370714162e-17
13,0,0.057353152402563876,0.16,0.0002903246786445379,7.583460168732639e-17
13,0,0.053911135260538805,0.14,0.0002903246786445379,7.396353899406615e-17
13,0,0.05176303658786639,0.14,0.00030058168340474367,6.959929437756697e-17
13,0,0.04924650604790327,0.14,0.00030058168340474367,5.83154390916004e-17
13,0,0.049509984358101014,0.12,0.00030058168340474367,4.5949532302740965e-17
13,0,0.049243473768051285,0.1,0.00030058168340474367,3.7033914962848416e-17
13,0,0.04723768951460918,0.1,0.00030058168340474367,3.118853397640159e-17
13,0,0.04520507388642424,0.1,0.00030058168340474367,2.670537718376424e-17
13,0,0.044823517301226835,0.12,0.00030058168340474367,2.5148796978868077e-17
13,0,0.04381206455685477,0.12,0.00030058168340474367,2.30584735206384e-17
13,0,0.04304909209145337,0.12,0.00030058168340474367,2.101509421653233e-17
13,0,0.042034284348748244,0.12,0.00030058168340474367,1.8294763534002664e-17
13,0,0.04024032994846812,0.12,0.00030058168340474367,1.7326882807976816e-17
13,0,0.036977092892244254,0.12,0.0002216018328908831,1.6995898066392298e-17
13,0,0.040464445046758994,0.1,0.00030058168340474367,1.734658955889028e-17
13,0,0.04214691681052422,0.1,0.00030058168340474367,1.86283588576004e-17
13,0,0.03254871429708854,0.1,0.0002216018328908831,1.9666310053315614e-17
13,0,0.026627894767003564,0.1,0.00020945369033142924,1.9029132827466017e-17
13,0,0.02401079144699431,0.1,0.00020945369033142924,1.8936010488466022e-17
13,0,0.020416340307251115,0.1,0.00020945369033142924,2.130478941066065e-17
13,0,0.01928150465543491,0.1,0.00020945369033142924,2.706628435682725e-17
13,0,0.019082478364365354,0.1,0.00020945369033142924,3.673590494920271e-17
13,0,0.017694337740477264,0.08,0.00020945369033142924,4.5821928112726085e-17
13,0,0.016929575997512315,0.08,0.00020945369033142924,5.354307017831246e-17
13,0,0.016456677012431503,0.08,0.00020945369033142924,6.287460054764157e-17
13,0,0.01570666381706799,0.08,0.00020945369033142924,8.112374010777826e-17
13,0,0.014746969627668105,0.08,0.00020945369033142924,1.042030916670775e-16
13,0,0.013280366017038112,0.08,0.00020945369033142924,1.2332386783460826e-16
13,0,0.012896002655516364,0.08,0.00020945369033142924,1.326275850830209e-16
13,0,0.01491323683139787,0.08,0.00020945369033142924,1.3006580010849927e-16
13,0,0.0159466488338513,0.1,0.00020945369033142924,1.1631170558076354e-16
13,0,0.015013238929577993,0.1,0.00020945369033142924,1.0671367747040454e-16
13,0,0.014832674222251728,0.1,0.00020230567315593362,9.971083919642452e-17
13,0,0.015073940484773281,0.12,0.0001840923650888726,9.387104995091855e-17
13,0,0.015309195667094372,0.12,0.0001840923650888726,9.037586113830228e-17
13,0,0.01550325221089591,0.12,0.0001840923650888726,8.848358953413618e-17
13,0,0.01545396124252956,0.12,0.0001840923650888726,9.341772850545989e-17
13,0,0.015350876118563055,0.12,0.00020230567315593362,1.0528551374688479e-16
13,0,0.015403556490070594,0.12,0.00020230567315593362,1.166182653332206e-16
13,0,0.015616308280839708,0.12,0.00020230567315593362,1.2475900634505307e-16
13,0,0.01527951682935648,0.12,0.00018628098769113421,1.3256081506397561e-16
13,0,0.013620057841709662,0.1,0.00018628098769113421,1.3292439072169472e-16
13,0,0.012609588042710729,0.1,0.0001928629062604159,1.2314617620414207e-16
13,0,0.012494335392293152,0.1,0.0001928629062604159,1.0827226441546676e-16
13,0,0.011582119316146562,0.08,0.0001928629062604159,9.869062109868121e-17
13,0,0.01094621504884831,0.08,0.0001928629062604159,9.493446672897182e-17
13,0,0.010357182745864684,0.1,0.0001928629062604159,8.434118814047882e-17
13,0,0.009576259886761595,0.1,0.0001928629062604159,7.251718391451512e-17
13,0,0.008824597253191412,0.1,0.0001928629062604159,6.373793226168562e-17
13,0,0.00801040578357225,0.08,0.00010735437535913661,5.835371439290445e-17
13,0,0.007151138239175665,0.08,0.00010735437535913661,5.652557906471326e-17
13,0,0.0062595324760476075,0.08,0.00010735437535913661,5.4824938738696086e-17
13,0,0.005313511814232981,0.08,7.761526649119332e-05,5.165437199439258e-17
13,0,0.004413714400098644,0.08,7.761526649119332e-05,4.5997409516595534e-17
13,0,0.003805658401792906,0.08,7.188398012658581e-05,4.01074170253525e-17
13,0,0.0035021922613200796,0.08,8.172083471436054e-05,3.5115074317407105e-17
13,0,0.0033860189223989885,0.08,8.172083471436054e-05,3.056744706782737e-17
13,0,0.0032896152168869538,0.08,8.172083471436054e-05,2.7870226157251213e-17
13,0,0.0030065044984873305,0.08,7.128225115593523e-05,2.7973653512322394e-17
13,0,0.0025598142241480574,0.08,7.128225115593523e-05,3.1560507171699334e-17
13,0,0.0023453804833978007,0.08,4.8977577534969896e-05,3.611384196750568e-17
13,0,0.0023635439901392294,0.08,4.8977577534969896e-05,3.787008868302112e-17
13,0,0.002348522368766956,0.08,5.319146657711826e-05,3.438600394294777e-17
13,0,0.002394011541596966,0.08,5.319146657711826e-05,3.081200797901235e-17
13,0,0.0024448769883735114,0.08,6.214382301550359e-05,3.2247993522404407e-17
13,0,0.0025390595477775557,0.08,5.7220764574594796e-05,3.5517074168940526e-17
13,0,0.0027102153694107184,0.08,6.214382301550359e-05,3.542357628994243e-17
13,0,0.002819631644877937,0.08,6.214382301550359e-05,3.002600441735221e-17
13,0,0.0027525608841118664,0.08,6.214382301550359e-05,2.4944997873908487e-17
13,0,0.002514821666394688,0.08,5.654838605551049e-05,2.4061865110361148e-17
13,0,0.0023605372738151054,0.08,5.654838605551049e-05,2.795594522976886e-17
13,0,0.00229152673853022,0.08,5.654838605551049e-05,3.6090015857141706e-17
13,0,0.0022636944692103283,0.08,5.654838605551049e-05,4.8998367839378715e-17
13,0,0.002264021820760849,0.08,5.654838605551049e-05,6.485387831735846e-17
13,0,0.0022336526038475675,0.08,5.654838605551049e-05,8.067410457912914e-17
13,0,0.0021133423593374446,0.08,6.354236393235624e-05,9.353825864687621e-17
13,0,0.0023189653685920797,0.08,8.358693594345823e-05,1.086910494159901e-16
13,0,0.0031577420996539633,0.08,8.358693594345823e-05,1.198583516449255e-16
13,0,0.0038688994483713295,0.08,8.358693594345823e-05,1.2180855236174992e-16
13,0,0.004233009983084202,0.08,8.358693594345823e-05,1.1904906460338322e-16
13,0,0.00505103666145779,0.08,8.358693594345823e-05,1.300102400411153e-16
13,0,0.00589039059234484,0.08,9.325222345069051e-05,1.5829664061687665e-16
13,0,0.006208844110836616,0.08,9.325222345069051e-05,1.9653795472392177e-16
13,0,0.006515070258271034,0.08,8.931092452257872e-05,2.619155574830345e-16
13,0,0.006627632851273529,0.08,8.223584154620767e-05,3.708637674253e-16
13,0,0.0065494927313587605,0.08,0.00011887012078659609,4.105510991222062e-16
13,0,0.0063956079285517695,0.08,0.00011887012078659609,8.874257250473714e-16
13,0,0.006003225961210306,0.06,0.0001385235518682748,1.4490978251737894e-15
13,0,0.0054761483912676235,0.06,0.0001385235518682748,2.394030628713505e-15
13,0,0.004800893676182761,0.06,0.0001385235518682748,3.960723520262267e-15
13,0,0.004021877362263852,0.06,0.00015032009105198085,6.726272964036875e-15
13,0,0.0032412408362575413,0.06,0.0001523309329058975,1.2031564302792883e-14
13,0,0.0025150181277321464,0.06,0.00013005438086111099,2.0836437908183444e-14
13,0,0.0019297181993513219,0.06,0.00013005438086111099,3.0812232919199406e-14
13,0,0.001636616960865256,0.06,0.00013005438086111099,3.511612929694291e-14
13,0,0.0016195870481257053,0.06,0.0001523309329058975,3.188772420485535e-14
13,0,0.0015559390434660416,0.06,0.00013864142238162458,2.757721758199147e-14
13,0,0.0013896163794855476,0.06,0.00015032009105198085,2.4529694681724168e-14
13,0,0.001350076527364788,0.06,0.0001385235518682748,2.2122050962998865e-14
13,0,0.001360830429318434,0.06,0.0001385235518682748,1.9272135767128308e-14
13,0,0.0012944660350671326,0.06,0.0001385235518682748,1.2941190443750434e-14
13,0,0.0012654052920810625,0.06,0.0001385235518682748,8.135003528285129e-15
13,0,0.0011982453051648972,0.06,0.0001385235518682748,5.121570316013024e-15
13,0,0.0010877166771799509,0.06,0.00011887012078659609,3.4383678308111962e-15
13,0,0.0009879942339556186,0.06,0.00011887012078659609,2.605067616972493e-15
13,0,0.0009122419275798851,0.06,0.00011887012078659609,2.186993965306162e-15
13,0,0.0008278180521585688,0.06,0.00011887012078659609,1.5079963670402356e-15
13,0,0.000722297385673699,0.08,0.00010816759458975866,1.3137485247078935e-15
13,0,0.000599186864694444,0.1,9.638159826863557e-05,8.824902758219574e-16
13,0,0.0006574134538838623,0.08,0.00010816759458975866,5.90314730996059e-16
13,0,0.0008483018167763132,0.08,0.00012909657380077988,4.0004140548025046e-16
13,0,0.0013152554769501387,0.08,0.0001617778034415096,2.4535145762256223e-16
13,0,0.002018641879716507,0.08,0.0001617778034415096,9.965075941417356e-17
13,0,0.003504077045026988,0.08,0.0001617778034415096,2.8274260873091515e-17
13,0,0.006264977877892903,0.08,0.0001617778034415096,7.19906950351537e-18
13,0,0.010188374964757918,0.08,0.0001617778034415096,2.333294114687023e-18
13,0,0.012762268692498724,0.08,0.00018852420907933265,1.1979790045857951e-18
13,0,0.009845040474083896,0.06,0.00022390919912140816,1.323545435161651e-18
13,0,0.003804407738421549,0.06,0.00022390919912140816,4.579639966466147e-18
13,0,0.0007970420441546263,0.06,0.0001437321916455403,5.038393837879689e-17
13,0,0.00015203443507891262,0.06,0.00012954890553373843,4.353239011536383e-16
13,0,4.692210203054814e-05,0.06,0.00012954890553373843,5.681444694588013e-15
13,0,3.2426008388101544e-05,0.06,0.00012393157521728426,1.016343720338167e-13
13,0,4.718597608877145e-05,0.06,0.00012393157521728426,8.554641370284166e-13
13,0,9.931622272973163e-05,0.06,0.0001127733921748586,1.5117029156241912e-11
13,0,0.0002124088658624322,0.06,0.0001278693525819108,1.2706363738956838e-10
13,0,0.0003834422991302535,0.06,9.479666914558038e-05,7.246752087297637e-10
13,0,0.0006129185044941046,0.08,0.0001332568790530786,2.4327080350161623e-09
13,0,0.0007272071541450226,0.08,9.904179023578763e-05,6.125936646839136e-09
13,0,0.0005319689764598616,0.08,0.00011630576045718044,3.501669620931125e-09
13,0,0.00026542892443344457,0.06,7.286378968274221e-05,7.637513954605879e-10
13,0,0.00013502064608658475,0.06,8.134701056405902e-05,2.7720237216755095e-10
13,0,9.734461261381213e-05,0.06,8.134701056405902e-05,1.7734660961998827e-10
13,0,8.701876254236603e-05,0.06,9.82852652668953e-05,1.6451474904588537e-10
13,0,8.499926089102594e-05,0.06,9.82852652668953e-05,1.8634072063150597e-10
13,0,8.604170121297034e-05,0.06,9.82852652668953e-05,2.448375113761614e-10
13,0,8.825501114487223e-05,0.06,7.9763398389332e-05,3.6653094448446666e-10
13,0,9.40914859100157e-05,0.06,7.9763398389332e-05,6.764450111163001e-10
13,0,0.00010178891258551425,0.06,7.9763398389332e-05,1.1375435038374349e-09
13,0,0.00010932693027351053,0.06,7.9763398389332e-05,1.746624622711579e-09
13,0,0.00011642543907265594,0.06,7.9763398389332e-05,2.575113455804967e-09
13,0,0.00012382766983774356,0.06,7.9763398389332e-05,3.5774143647415713e-09
13,0,0.0001340158610308043,0.06,7.9763398389332e-05,4.828337729634313e-09
13,0,0.0001482971837410319,0.06,7.9763398389332e-05,6.215454817493082e-09
13,0,0.00016658479976940657,0.06,7.9763398389332e-05,7.419852732226673e-09
13,0,0.00018811748603833815,0.06,7.144530536606908e-05,8.107579496652306e-09
13,0,0.0002101455851503295,0.06,7.144530536606908e-05,7.908582233540074e-09
13,0,0.00021633206251807943,0.06,7.286378968274221e-05,6.735831892257238e-09
13,0,0.00020833814407729076,0.06,7.286378968274221e-05,5.25055598998847e-09
13,0,0.00022767486070448512,0.06,7.286378968274221e-05,4.7103760891786806e-09
13,0,0.0002593242432760341,0.06,6.426142499549314e-05,4.829479927082048e-09
13,0,0.0002715841041929835,0.06,6.426142499549314e-05,4.7709756145764e-09
13,0,0.000301857450850224,0.06,7.286378968274221e-05,4.753970994642032e-09
13,0,0.00033981323517596096,0.06,7.286378968274221e-05,4.56462556641668e-09
13,0,0.00035495259524625584,0.06,6.630318966927007e-05,4.185277902024609e-09
13,0,0.00036573209297131073,0.08,6.630318966927007e-05,3.6987752860540013e-09
13,0,0.0003871531132522307,0.08,5.8475332480156794e-05,3.4783644853320084e-09
13,0,0.00040811647778370695,0.08,7.671474304515868e-05,3.104994483749124e-09
13,0,0.0004288486359017547,0.08,7.671474304515868e-05,2.7055091500471917e-09
13,0,0.00044952588341143275,0.08,7.671474304515868e-05,2.3472761512266516e-09
13,0,0.00047020615229095446,0.08,7.671474304515868e-05,1.979222563619487e-09
13,0,0.0004788848592537663,0.08,9.268846770282835e-05,1.6250919498972394e-09
13,0,0.0004835513500744963,0.08,9.311902249464765e-05,1.3016082656136518e-09
13,0,0.0005203352999040785,0.08,0.00010396023571956903,1.090566970063378e-09
13,0,0.0005369653400310895,0.08,0.00010396023571956903,9.771343734144011e-10
13,0,0.00046608125690955133,0.1,0.00010853873391170055,7.815635361119178e-10
13,0,0.0004040994161803049,0.1,0.00010853873391170055,6.401484897722298e-10
13,0,0.00036494928886346266,0.1,9.838626283453777e-05,5.61834245793591e-10
13,0,0.0003774162079088475,0.1,0.00010011554695665836,5.192956620270195e-10
13,0,0.0004187859297059773,0.1,0.00010011554695665836,5.294297777957979e-10
13,0,0.0003837156903496026,0.1,9.302458784077317e-05,5.979030048841594e-10
13,0,0.0003890404866845246,0.1,9.245092223864049e-05,6.859647849744022e-10
13,0,0.00042095453553582133,0.1,0.00010159853991353884,7.974818028166908e-10
13,0,0.0004147932032803261,0.1,0.00010159853991353884,9.272450030017865e-10
13,0,0.00041483236072750816,0.1,0.00010159853991353884,1.0481501222514567e-09
13,0,0.00043627307997396575,0.1,9.324680286226794e-05,1.404657501424822e-09
13,0,0.0004520049262517349,0.08,9.324680286226794e-05,2.1466930455460442e-09
13,0,0.00037414189442178016,0.08,0.00010080085485242307,1.1905176844351217e-09
13,0,0.00015352025685036813,0.08,0.0001130170130636543,2.3020896300351978e-10
13,0,8.447418688921917e-05,0.08,0.00010501236829441041,1.4397565084589559e-10
13,0,7.326681026589043e-05,0.08,0.00024020001001190394,1.9699529507644087e-10
13,0,7.576198562783276e-05,0.08,0.0002585065085440874,2.519584263449559e-10
13,0,7.221782738740935e-05,0.08,0.0001792578841559589,3.217266730803914e-10
13,0,6.87073341790623e-05,0.08,0.0001792578841559589,5.091932986367453e-10
13,0,7.009189738673184e-05,0.08,0.00011473659105831757,7.640194588098836e-10
13,0,7.451516226279614e-05,0.08,0.00011473659105831757,1.1599707860909803e-09
13,0,7.699925950579452e-05,0.06,0.00011473659105831757,1.6442480710310292e-09
13,0,7.939153528772594e-05,0.06,0.00011473659105831757,2.1281032491771157e-09
13,0,8.373497957354872e-05,0.06,0.00010223480785498396,2.301195012321955e-09
13,0,8.93479906109771e-05,0.06,0.00010223480785498396,2.1250408099859897e-09
13,0,9.364478499659789e-05,0.06,0.00010223480785498396,1.797417104043575e-09
13,0,9.395067529894409e-05,0.08,0.00010223480785498396,1.546340722136108e-09
13,0,9.195554801793462e-05,0.08,0.00010223480785498396,1.3444301227849564e-09
13,0,9.069645335895086e-05,0.08,0.00010674638178898022,1.1749320405485264e-09
13,0,9.057260101084018e-05,0.08,0.00015083901234902442,1.0330915012346509e-09
13,0,9.058748651876803e-05,0.08,0.00015083901234902442,9.241551413019522e-10
13,0,9.024963832704271e-05,0.08,0.00015083901234902442,8.534103423940564e-10
13,0,8.969654114238729e-05,0.08,0.00015083901234902442,8.104993343138744e-10
13,0,8.95434194182194e-05,0.08,0.00014446413842961192,7.695110659788895e-10
13,0,9.00789770865988e-05,0.06,0.00014446413842961192,7.332817686389603e-10
13,0,9.131758107974207e-05,0.06,0.00014446413842961192,7.022882275720121e-10
13,0,9.32886838370087e-05,0.06,0.00014446413842961192,6.794501627993554e-10
13,0,9.42111841609007e-05,0.06,0.00014446413842961192,6.148045961218429e-10
13,0,9.67342745067109e-05,0.06,0.00016212911577895284,6.048285761117711e-10
13,0,9.901319394279633e-05,0.06,0.00016212911577895284,5.897863863957298e-10
13,0,0.00010154315738698509,0.06,0.00016212911577895284,5.654658408182911e-10
13,0,0.0001030583109014774,0.06,0.00016212911577895284,5.472138298046048e-10
13,0,0.00010273038472797879,0.06,0.00018893342348746955,5.002034897394481e-10
13,0,0.0001050129477687665,0.06,0.00020614455570466816,4.756616767132016e-10
13,0,0.00010615380985071322,0.06,0.00019069768313784152,4.6518391916272606e-10
13,0,0.00010766965725307057,0.06,0.00019069768313784152,4.77520634145634e-10
13,0,0.00010936572223170987,0.06,0.00020186422625556588,4.728610836224334e-10
13,0,0.0001100125408394638,0.06,0.00020186422625556588,4.547694998358054e-10
13,0,0.00010986675668116869,0.06,0.00020186422625556588,4.283775001390211e-10
13,0,0.00010898678307246701,0.06,0.00020186422625556588,3.9789815886592805e-10
13,0,0.00010752174084303505,0.06,0.00020186422625556588,3.660279301875846e-10
13,0,0.00010781447311420471,0.06,0.00020186422625556588,3.5551833699187796e-10
13,0,0.00010824015335211824,0.06,0.00020186422625556588,3.388835878581631e-10
13,0,0.00011112465250486591,0.06,0.00021724966063629836,3.498423772896331e-10
13,0,0.00011618678712763048,0.06,0.00021724966063629836,4.013992471740835e-10
13,0,0.00012543594320426021,0.06,0.00021724966063629836,5.699171690132232e-10
13,0,0.00013289556951015118,0.06,0.00021724966063629836,8.400832807176073e-10
13,0,0.0001346719027919484,0.06,0.00021724966063629836,1.171637897812161e-09
13,0,0.00013403100033818969,0.06,0.00021724966063629836,1.4991193841851214e-09
13,0,0.00013415724523118828,0.06,0.00021724966063629836,1.7811246921795032e-09
13,0,0.00013456228922943805,0.06,0.00021724966063629836,1.8697132730949306e-09
13,0,0.00013154598903407935,0.06,0.00021724966063629836,1.7088314097080115e-09
13,0,0.00012189219009537957,0.06,0.00021724966063629836,1.2721552700156735e-09
13,0,0.00010916589549778679,0.06,0.00021724966063629836,8.799297401829165e-10
13,0,9.717536815761765e-05,0.06,0.00021724966063629836,6.388848339256015e-10
13,0,8.682293450072226e-05,0.06,0.00021724966063629836,4.749364235223652e-10
13,0,7.989044253307003e-05,0.06,0.00021724966063629836,3.7447508982602074e-10
13,0,7.453916575483644e-05,0.06,0.00018642883514985442,3.133658610376955e-10
13,0,6.979175574749915e-05,0.06,0.00018642883514985442,2.8371111016056716e-10
13,0,6.598383429491941e-05,0.06,0.00018642883514985442,2.7032068250498753e-10
13,0,6.555610520020457e-05,0.06,0.00016611670434940606,2.769476592501263e-10
13,0,6.635379676249316e-05,0.06,0.0001522470120107755,2.3960966544223083e-10
13,0,6.099926805791023e-05,0.06,0.00016457997844554484,2.0352364238362952e-10
13,0,4.929432792740839e-05,0.06,0.00016457997844554484,1.7165138754826614e-10
13,0,5.469083992599301e-05,0.06,0.00016457997844554484,1.681083466875677e-10
13,0,7.508093471654394e-05,0.06,0.00015637118485756218,1.8922570454993348e-10
13,0,8.770765070548462e-05,0.06,0.00015637118485756218,2.1284513040953357e-10
13,0,9.507134746697594e-05,0.06,0.00015637118485756218,2.08638772924985e-10
13,0,9.55348530284122e-05,0.06,0.00015637118485756218,1.9352472402367482e-10
13,0,9.283542254037155e-05,0.06,0.00017184234457090497,1.7505026594921702e-10
13,0,9.437652265778812e-05,0.06,0.00014770671259611845,1.6981864525700274e-10
13,0,0.00010319390045040096,0.06,0.00014770671259611845,1.7936012397523626e-10
13,0,0.0001158413704991775,0.06,0.0001414642174495384,1.9964158104457397e-10
13,0,0.0001295635958047263,0.06,0.0001414642174495384,2.255548803287155e-10
13,0,0.00014323193095523796,0.06,0.0001414642174495384,2.5522081670281693e-10
13,0,0.00015692265891717078,0.06,0.0001414642174495384,2.871008430993527e-10
13,0,0.00017099537614286022,0.06,0.00015876257384661585,3.196811704242464e-10
13,0,0.00018060661952048145,0.06,0.00017086349544115365,3.080983246306346e-10
13,0,0.0001923640095480377,0.06,0.00017086349544115365,3.0925226268685435e-10
13,0,0.00020269421783308272,0.06,0.00014446882414631546,3.579310181578421e-10
13,0,0.00021133868718320033,0.06,0.00016835375572554767,3.4021707673304036e-10
13,0,0.00022578809886472905,0.06,0.00016835375572554767,3.612299070976377e-10
13,0,0.0002401688353799852,0.06,0.00016835375572554767,3.914380486413904e-10
13,0,0.0002515240741083662,0.06,0.00016835375572554767,4.1966108366153776e-10
13,0,0.00026352874586264374,0.06,0.00016835375572554767,4.418795884753024e-10
13,0,0.0002727347320507507,0.06,0.00016835375572554767,4.5078743515780673e-10
13,0,0.00028058729297265937,0.06,0.00016835375572554767,4.6324749591875047e-10
13,0,0.00028651158780109657,0.06,0.00016835375572554767,4.683104459779486e-10
13,0,0.00028822854194426146,0.06,0.00018283652025274932,4.574550738212224e-10
13,0,0.00028757785413784684,0.06,0.00018283652025274932,4.4596409898289835e-10
13,0,0.0002871788553067152,0.06,0.00018283652025274932,4.5298875761545787e-10
13,0,0.0002834888333583951,0.06,0.00018283652025274932,4.580059664860414e-10
13,0,0.0002788826356378113,0.06,0.00018283652025274932,4.653933627363216e-10
13,0,0.0002732286141012309,0.06,0.00018283652025274932,4.790998153758608e-10
13,0,0.0002683943265001525,0.06,0.0001967723947018385,5.019965554353689e-10
13,0,0.0002684605742408813,0.06,0.00021623993234243244,5.305336725491827e-10
13,0,0.0002783738667888883,0.06,0.00021623993234243244,6.160065235683021e-10
13,0,0.0002982086336938392,0.06,0.00021623993234243244,7.821719938405636e-10
13,0,0.00032053727278586255,0.06,0.00021623993234243244,1.0053425869571697e-09
13,0,0.00034100501986859366,0.06,0.00021623993234243244,1.3261135523023881e-09
13,0,0.0003576540774599463,0.06,0.0001991117314901203,1.7348181780008076e-09
13,0,0.00037211479066517894,0.06,0.0001991117314901203,2.1839698938208585e-09
13,0,0.0003863828528868777,0.06,0.00021623993234243244,2.638831375634254e-09
13,0,0.0004044691663158957,0.08,0.00016621271788608283,3.1104894215872037e-09
13,0,0.0004271276530138701,0.06,0.00016621271788608283,3.649900603974743e-09
13,0,0.0004438496583799499,0.06,0.00016621271788608283,4.1421550633913284e-09
13,0,0.0004553447117629608,0.06,0.00016621271788608283,4.655684726628806e-09
13,0,0.00046710011044176405,0.06,0.00016621271788608283,5.2979678422104826e-09
13,0,0.0004919426163340869,0.06,0.0001481028739362955,6.456409629151949e-09
13,0,0.0005297025778144378,0.1,0.00013637103256769478,8.124840356060758e-09
13,0,0.0005726881907064605,0.1,0.00011567807086976245,1.005479344229343e-08
13,0,0.000619957657335598,0.1,0.0001265131722902879,1.1981700076546531e-08
13,0,0.0006847193163558539,0.1,0.0001265131722902879,1.3498703488323827e-08
13,0,0.0007579590066644297,0.1,0.0001265131722902879,1.4271756221262422e-08
13,0,0.000813353780298005,0.1,0.00013739708811044693,1.4334912812330458e-08
13,0,0.0008623753367857145,0.1,0.00013739708811044693,1.4311090978935681e-08
13,0,0.0009264892445287433,0.1,0.00013739708811044693,1.484460998568693e-08
13,0,0.0009989040474894623,0.1,0.00012254597095306963,1.538703919834461e-08
13,0,0.0010763950214895913,0.08,0.00012254597095306963,1.5957168031377478e-08
13,0,0.0011461260001837462,0.08,0.00012254597095306963,1.6616011677683673e-08
13,0,0.001224106501379723,0.08,0.00013753130042459816,1.798278503883921e-08
13,0,0.0013041245858607942,0.08,0.00012663677625823766,1.9365232972745616e-08
13,0,0.0013618965638421434,0.08,0.00012663677625823766,2.0127671973568795e-08
13,0,0.0013903136562561573,0.08,0.00012663677625823766,2.0674979950285888e-08
13,0,0.0014622432946159462,0.08,0.00012663677625823766,2.2616253758656057e-08
13,0,0.0015935365770678948,0.08,0.00016545782273169607,2.4452411651054717e-08
13,0,0.0016689070627660793,0.08,0.00017514669161755592,2.3991537645429162e-08
13,0,0.0017347250843905155,0.08,0.00017514669161755592,2.3938149240620987e-08
13,0,0.0018362672555799152,0.08,0.00017514669161755592,2.5306786000101056e-08
13,0,0.001978336965100675,0.08,0.0002626832283567637,2.839344404037547e-08
13,0,0.002169234121107459,0.08,0.000284664478385821,3.157684957955098e-08
13,0,0.0022617168073408023,0.08,0.000284664478385821,3.5698910494375014e-08
13,0,0.002295358062766642,0.06,0.000284664478385821,3.804415626973423e-08
13,0,0.002428082869017474,0.06,0.000284664478385821,4.170474454667783e-08
13,0,0.002528505492880454,0.06,0.00023561384296044707,4.683037602148943e-08
13,0,0.0026585277562560287,0.06,0.00023561384296044707,5.50448007174964e-08
13,0,0.002732730967967725,0.06,0.0002763852244243026,6.545851505279643e-08
13,0,0.0028514514064231795,0.06,0.000313098105834797,8.009842389355981e-08
13,0,0.002875473541712023,0.06,0.00034400715958327055,9.66027471349662e-08
13,0,0.0028968970957495223,0.06,0.00040796594112180173,1.1432608459926996e-07
13,0,0.003015741535025182,0.06,0.00047084709513001144,1.267232789814443e-07
13,0,0.003008752303618548,0.06,0.00047084709513001144,1.3658595321430766e-07
13,0,0.002779888270926395,0.06,0.00039703387301415205,1.4186028352014546e-07
13,0,0.002774374360433027,0.06,0.0004322025633882731,1.472440374072903e-07
13,0,0.003000477463067965,0.06,0.00039337173802778125,1.5852835133500776e-07
13,0,0.0030460440090348114,0.06,0.0003689923614729196,1.6678508529821556e-07
13,0,0.0028141662686947677,0.06,0.0003689923614729196,1.6674039216013625e-07
13,0,0.0026131968237910826,0.04,0.00031456450233235955,1.6706381700259954e-07
13,0,0.0024300525319773092,0.04,0.00031456450233235955,1.637967557144293e-07
13,0,0.0022432026963683255,0.04,0.00031456450233235955,1.5706473277532496e-07
13,0,0.002138951156017402,0.04,0.00031456450233235955,1.5595915670019167e-07
13,0,0.002202728237652105,0.04,0.00027703290106728673,1.60167289209312e-07
13,0,0.002164492583891166,0.04,0.0002520937123335898,1.5933986219351937e-07
13,0,0.0021653828541880237,0.04,0.00023814925225451589,1.618580540707626e-07
13,0,0.0022175948449581965,0.04,0.00023814925225451589,1.6576498751419422e-07
13,0,0.0023200177566126685,0.04,0.0002716983144637197,1.740259989446713e-07
13,0,0.002382989631928111,0.04,0.00023315474390983582,1.8524190181778977e-07
13,0,0.0023975353648245197,0.04,0.00023315474390983582,1.9784711469128524e-07
13,0,0.002445872085370047,0.04,0.00020436402701307088,2.1119284099313518e-07
13,0,0.002522632107803061,0.04,0.00020436402701307088,2.229658520036537e-07
13,0,0.0026829887529159833,0.04,0.00020436402701307088,2.3109967628442973e-07
13,0,0.002868032293545258,0.04,0.00020436402701307088,2.3653876723983558e-07
13,0,0.0030016276888188125,0.04,0.00020436402701307088,2.404186716375989e-07
13,0,0.0031504328773628502,0.06,0.00020436402701307088,2.425949219286849e-07
13,0,0.0033910786483798646,0.06,0.00020436402701307088,2.4270832454931224e-07
13,0,0.003541146982981812,0.08,0.00020436402701307088,2.420017608528724e-07
13,0,0.0038137676738268485,0.08,0.00020436402701307088,2.3981914409887395e-07
13,0,0.003988356867215407,0.08,0.00020436402701307088,2.3716626174064004e-07
13,0,0.004155513933138102,0.08,0.00023814925225451589,2.3271883264897042e-07
13,0,0.004317047267257205,0.08,0.00023814925225451589,2.2596941562369466e-07
13,0,0.004497190554597304,0.08,0.0002520937123335898,2.198897846028558e-07
13,0,0.0046933998507859565,0.08,0.0002520937123335898,2.1726208387917723e-07
13,0,0.004849241528987437,0.08,0.0002520937123335898,2.1681707096377068e-07
13,0,0.0050612481492564665,0.08,0.0002520937123335898,2.1619288759211486e-07
13,0,0.005227418796052565,0.08,0.0002248479431727901,2.1275386075103597e-07
13,0,0.005107531849960773,0.08,0.00025652366457507014,2.0744109008319356e-07
13,0,0.004937255457200611,0.08,0.00025652366457507014,2.0263551903099142e-07
13,0,0.004836926410860374,0.08,0.0002201323222834617,1.9827304242880928e-07
13,0,0.004587536236137195,0.08,0.0002201323222834617,1.9375211479655263e-07
13,0,0.0043068192676380445,0.08,0.0002201323222834617,1.8846486682377872e-07
13,0,0.004191927573478105,0.1,0.0002201323222834617,1.847299415658199e-07
13,0,0.004236658099871607,0.1,0.0002581060689408332,1.8477011565209978e-07
13,0,0.004197174227996927,0.1,0.0002581060689408332,1.8683368807614897e-07
13,0,0.0040459733103346196,0.1,0.0002581060689408332,1.8822902347892523e-07
13,0,0.003776459002198314,0.1,0.00019464474462438375,1.8682300151340314e-07
13,0,0.0034634518939218686,0.1,0.0002182314492529258,1.7432931542771257e-07
13,0,0.0032521398220330404,0.1,0.0002182314492529258,1.593994483073402e-07
13,0,0.002972089068515025,0.1,0.00021138876036275178,1.4416559679375496e-07
13,0,0.002809361451153114,0.1,0.00019464474462438375,1.368117494848775e-07
13,0,0.002642871956654045,0.1,0.00019464474462438375,1.280991028806966e-07
13,0,0.002420895313592952,0.1,0.00018835783703252673,1.1537681388062992e-07
13,0,0.0022208502835184595,0.1,0.00018835783703252673,1.0290352747688303e-07
13,0,0.0020671379082209647,0.1,0.00018835783703252673,9.42854327945497e-08
13,0,0.0019542966419307784,0.1,0.00018835783703252673,9.450490523477129e-08
13,0,0.0018680784454692752,0.1,0.00019666922162286937,9.795012090307864e-08
13,0,0.001815123694978256,0.1,0.00019666922162286937,1.04919308796525e-07
13,0,0.0017925516503794117,0.1,0.00014425972767639905,1.1493247598082235e-07
13,0,0.0017767044304704198,0.1,0.0001443622459191829,1.263999251932546e-07
13,0,0.00173199066598073,0.1,0.0001443622459191829,1.3136319410023134e-07
13,0,0.0016954478261840791,0.1,0.0001443622459191829,1.3655703412496223e-07
13,0,0.0017039075550394083,0.1,0.0001443622459191829,1.5430866540100396e-07
13,0,0.0017170584605059101,0.08,0.0001474236196372658,1.7604176605345856e-07
13,0,0.0017538384961180533,0.08,0.0001474236196372658,2.0399006928073504e-07
13,0,0.0018190809135818348,0.08,0.0001474236196372658,2.386979076618445e-07
13,0,0.001901887589841011,0.08,0.0001474236196372658,2.7620234277492273e-07
13,0,0.001990330037349842,0.08,0.0001474236196372658,3.157297499001288e-07
13,0,0.002054642993362891,0.08,0.0001474236196372658,3.3652165143394086e-07
13,0,0.002164152504575859,0.08,0.00016200965910684317,3.573022411273996e-07
13,0,0.002281817807015171,0.08,0.00016200965910684317,3.664030998606904e-07
13,0,0.0023783317304511523,0.06,0.0001474236196372658,4.0482311192135967e-07
13,0,0.002445222500675939,0.06,0.0001474236196372658,4.850469963457726e-07
13,0,0.0025263149637649598,0.06,0.0001474236196372658,5.733363082072174e-07
13,0,0.0026646108265826183,0.06,0.0001474236196372658,6.454400249822356e-07
13,0,0.002881252713480912,0.06,0.0001474236196372658,7.276599376382364e-07
13,0,0.0031123087322108035,0.06,0.0001474236196372658,8.139305123222584e-07
13,0,0.0032967190156814163,0.06,0.0001474236196372658,8.972895670922298e-07
13,0,0.0035465946270574794,0.06,0.0001474236196372658,1.057503254742187e-06
13,0,0.0037584267629963953,0.06,0.0001474236196372658,1.1812115872089635e-06
13,0,0.004027381202339166,0.06,0.0001474236196372658,1.3047355196249555e-06
13,0,0.004553367230100546,0.06,0.0001474236196372658,1.4375856380866026e-06
13,0,0.005728350675117777,0.06,0.0001474236196372658,1.902823782984342e-06
13,0,0.006562488523061862,0.08,0.00012921789311803877,2.27678356168326e-06
13,0,0.006111431265566681,0.1,0.00014098992687650025,1.928142182805459e-06
13,0,0.006200396607834985,0.1,0.00010674038639990613,1.7373789660268812e-06
13,0,0.00694437276139268,0.1,0.000112653557152953,1.7038255464285612e-06
13,0,0.006568196113437885,0.1,0.00012173175491625443,1.5249112266246811e-06
13,0,0.006661717770948322,0.1,0.00013659604883287102,1.6546786127946689e-06
13,0,0.006855353655307736,0.1,0.00011972729407716542,1.7179996802951791e-06
13,0,0.0068605711625254,0.1,0.00013157342618796974,1.7625118289288366e-06
13,0,0.006851191743543382,0.1,0.00011241855099797249,1.8577295577415498e-06
13,0,0.006933215976550169,0.1,0.00011241855099797249,2.124508682754822e-06
13,0,0.006681807797035711,0.1,0.00011241855099797249,2.0938762190780835e-06
13,0,0.006675645420032975,0.1,0.00011241855099797249,2.405196255494957e-06
13,0,0.006497561428381886,0.1,0.00011241855099797249,2.585487663964159e-06
13,0,0.006306338866703386,0.1,0.00011490115139167756,2.692234829737572e-06
13,0,0.006118683727222104,0.1,0.00010576649219729006,2.6592081212584162e-06
13,0,0.005364232576191018,0.1,0.00010569138976279646,2.4900703010644065e-06
13,0,0.004178066943989612,0.1,0.00010569138976279646,2.082246965073864e-06
13,0,0.0037699979638276164,0.1,9.617529576644301e-05,2.038678758253809e-06
13,0,0.0037633587988101856,0.1,9.617529576644301e-05,2.3913521545182448e-06
13,0,0.00356366831285973,0.1,9.624365338822827e-05,2.6447869458934292e-06
13,0,0.0034078680951195417,0.1,0.00010617605585139245,3.4821712233679136e-06
13,0,0.0031658599270939928,0.1,9.661633521318436e-05,2.88288924821245e-06
13,0,0.0027592080790730658,0.1,9.624365338822827e-05,2.5016904601216083e-06
13,0,0.002512532250913123,0.1,0.00010980408114846796,2.1915191155130742e-06
13,0,0.0023434616421998213,0.1,0.00011869931768160313,1.8632582623467897e-06
13,0,0.002206859047388281,0.1,0.00011869931768160313,1.7459029777455726e-06
13,0,0.002068573356311096,0.08,0.00011869931768160313,1.5993891793186776e-06
13,0,0.001896665305464861,0.08,0.00011869931768160313,1.2456500826374395e-06
13,0,0.0017507496725682732,0.08,0.00011869931768160313,9.464332606512471e-07
13,0,0.0017342587045030204,0.08,0.00015678549243602902,8.866185794431658e-07
13,0,0.0015720738319657509,0.08,0.00011869931768160313,8.04287594746711e-07
13,0,0.001376837275500129,0.08,0.00011869931768160313,7.90176784448704e-07
13,0,0.0013394561939687032,0.08,0.00010878824105020612,9.206572144648817e-07
13,0,0.0013657741112955459,0.08,0.00010878824105020612,1.0692374416976236e-06
13,0,0.0013825227061365593,0.08,0.00010878824105020612,1.1613492461037822e-06
13,0,0.0014019083554097514,0.08,0.00010878824105020612,1.2664648920690524e-06
13,0,0.0014088987385851893,0.08,0.00010878824105020612,1.3966842971058213e-06
13,0,0.0015008250405045176,0.08,9.535325079923496e-05,1.8591491652841796e-06
13,0,0.0015937068562018352,0.08,9.535325079923496e-05,2.23976121560554e-06
13,0,0.001542500278102695,0.08,0.00010878824105020612,1.7656932413956383e-06
13,0,0.0015022508609474437,0.08,0.00010878824105020612,1.4262186596170068e-06
13,0,0.001485948407419554,0.08,0.00011814745812444016,1.2611484407898388e-06
13,0,0.0015901011504362956,0.08,0.0001180635517812334,1.32354534798651e-06
13,0,0.0017390751843064107,0.08,0.0001559457741677761,1.355655967927305e-06
13,0,0.0018107233028016065,0.1,0.0001180635517812334,1.3807390359943383e-06
13,0,0.0019452778387839343,0.1,0.00022533790615852922,1.4723225376656046e-06
13,0,0.00222162588162182,0.1,0.00024349460727535188,1.6885569493751973e-06
13,0,0.002413880297205868,0.1,0.00016851209511514753,1.7660047433309956e-06
13,0,0.002451680722227879,0.1,0.0001778225996531546,1.6219501048908569e-06
13,0,0.002611284939135732,0.12,0.0001778225996531546,1.819160729610303e-06
13,0,0.0027933992654846085,0.12,0.0001778225996531546,2.0785410015378147e-06
13,0,0.0030212436092238006,0.12,0.0001778225996531546,2.3810137008695165e-06
13,0,0.003284074386411662,0.12,0.0002810023433994502,2.670871253940277e-06
13,0,0.0036741450849681464,0.12,0.00025994767202064395,3.01274485536851e-06
13,0,0.00435012082466496,0.12,0.0002376941847614944,3.5169668990420178e-06
13,0,0.005355224849449431,0.12,0.00020834305905736983,4.912103122478584e-06
13,0,0.005497838123358135,0.12,0.00020834305905736983,4.974087460141163e-06
13,0,0.004853315753717508,0.12,0.00022732191428076476,3.581151759135537e-06
13,0,0.004941928745230635,0.12,0.00017210420628543943,3.723825784618384e-06
13,0,0.005657339200961463,0.12,0.00022732191428076476,4.215272838337114e-06
13,0,0.005762148263938752,0.12,0.00022732191428076476,4.340924988355255e-06
13,0,0.005810125699123777,0.12,0.00017210420628543943,4.7019907469803e-06
13,0,0.005889159431576592,0.12,0.00017210420628543943,4.8376455197285395e-06
13,0,0.006012427819803704,0.12,0.0001584714191267267,5.138171673024772e-06
13,0,0.0061836202337530195,0.12,0.00017415033653378487,6.852389560663141e-06
13,0,0.006529926178218053,0.12,0.00017415033653378487,9.529929229756817e-06
13,0,0.006383691097493629,0.12,0.00017427410057280213,9.553552445140667e-06
13,0,0.0062222164738521355,0.12,0.00017427410057280213,9.654050700191874e-06
13,0,0.006218781931053509,0.12,0.00017427410057280213,1.157604856416583e-05
13,0,0.005959864880774476,0.12,0.00017427410057280213,1.2760295248881448e-05
13,0,0.005651496364036106,0.12,0.00017427410057280213,1.2759102901327424e-05
13,0,0.005580268135494722,0.12,0.00018839086988009512,1.2954700650880113e-05
13,0,0.005559769167830106,0.12,0.0002825451665557921,1.1786059985752217e-05
13,0,0.005492468944507649,0.12,0.00022643156989943236,4.5880742618464865e-06
13,0,0.005073704922621013,0.1,0.00022643156989943236,7.694384294154588e-06
13,0,0.004787394273984759,0.1,0.00022643156989943236,6.720121746184304e-06
13,0,0.004600070037900868,0.1,0.00021884716989006847,6.545722044393187e-06
13,0,0.004400401264875135,0.1,0.00024967751232907176,6.381615094142035e-06
13,0,0.004242527153042366,0.1,0.00024967751232907176,6.522889634652529e-06
13,0,0.0039777389849428016,0.1,0.00024967751232907176,5.778568720415933e-06
13,0,0.003897589611396743,0.1,0.00027305257390253246,6.279767148953397e-06
13,0,0.0038458663695629908,0.1,0.0003614771703723818,6.8370300141396e-06
13,0,0.003977223713764091,0.1,0.0003614771703723818,8.938041901274119e-06
13,0,0.003986704229708807,0.1,0.00031684566056355834,9.770792530616745e-06
13,0,0.003920993609439356,0.1,0.00031684566056355834,9.86355371423997e-06
13,0,0.003800768409361281,0.1,0.00031684566056355834,9.514455086900853e-06
13,0,0.0036879897291639996,0.1,0.00031684566056355834,9.004260391520802e-06
13,0,0.003637893426638969,0.1,0.00031684566056355834,8.59020929055987e-06
13,0,0.0035928165619430424,0.1,0.0003557696763891727,8.118652658595238e-06
13,0,0.00350645296407937,0.1,0.0003557696763891727,7.401575203402899e-06
13,0,0.00345070717449105,0.1,0.0003557696763891727,6.612278411921579e-06
13,0,0.003399462901504611,0.1,0.00041694752871990204,5.674221029039472e-06
13,0,0.0033693475738574823,0.1,0.00047567268484272063,5.003552359994501e-06
13,0,0.003357099973008798,0.1,0.00047567268484272063,4.389401055959752e-06
13,0,0.003320815178380633,0.1,0.000328565773088485,3.2732793897594092e-06
13,0,0.0035646478913668803,0.1,0.000328565773088485,2.9699228889512597e-06
13,0,0.003661721611874441,0.1,0.000328565773088485,2.52155678026611e-06
13,0,0.00363594240477168,0.1,0.0003113650600425899,2.187165819123038e-06
13,0,0.003851158292728749,0.12,0.00028814893448725343,2.1286477931425907e-06
13,0,0.0039266780800168094,0.12,0.00028814893448725343,1.6686936987753143e-06
13,0,0.004040466637031796,0.12,0.00028814893448725343,1.430332190466288e-06
13,0,0.004284166715526249,0.12,0.00028814893448725343,1.3282896134114708e-06
13,0,0.004566898689647665,0.12,0.0002665586944203824,1.3256574220577022e-06
13,0,0.004858110387182038,0.12,0.0002665586944203824,1.400352061864396e-06
13,0,0.0052116831773751085,0.12,0.00025529443519189954,1.5265001138686785e-06
13,0,0.0055217236464,0.12,0.0005288214888423681,1.5292831676561036e-06
13,0,0.005910113224029648,0.12,0.0005288214888423681,1.5524151422141585e-06
13,0,0.006356753316950555,0.12,0.0005288214888423681,1.6526868193977862e-06
13,0,0.006778754331569099,0.12,0.0005288214888423681,1.767998242030444e-06
13,0,0.007057938418266468,0.12,0.0005288214888423681,1.8478046968084527e-06
13,0,0.007376746690877624,0.12,0.0005288214888423681,2.265432158310432e-06
13,0,0.007727492584988557,0.12,0.0005288214888423681,2.9401437586784596e-06
13,0,0.008872647282369318,0.12,0.00046353781362995505,3.493094027362531e-06
13,0,0.010757052101760879,0.12,0.0005689111421816051,4.927333066007122e-06
13,0,0.014883846704287905,0.1,0.0006205181125551462,6.643793767580064e-06
13,0,0.01811760608035494,0.1,0.0006521905888803303,8.015831554075703e-06
13,0,0.016348125226235008,0.1,0.0007662000716663897,8.308682481583674e-06
13,0,0.014652942072057428,0.1,0.0004905224777758121,6.967895842535654e-06
13,0,0.012470361245976395,0.12,0.0005085878074169159,4.9968048188020475e-06
13,0,0.011125210767514685,0.1,0.00033522993908263743,3.966286385548301e-06
13,0,0.011476442087229522,0.1,0.0002332158910576254,3.7174070257606218e-06
13,0,0.012410322436626257,0.1,0.0002332158910576254,3.884563284373144e-06
13,0,0.014286319168126874,0.1,0.00024782028049230576,4.640558927349048e-06
13,0,0.015799758890881522,0.1,0.00024782028049230576,5.362243882700568e-06
13,0,0.017560376882337022,0.1,0.00024782028049230576,6.346553618641337e-06
13,0,0.019440458726020314,0.1,0.0003353618085384369,7.473596724594245e-06
13,0,0.021653584160167612,0.1,0.00031720110564492643,8.722397978999652e-06
13,0,0.024677414469852103,0.1,0.00031720110564492643,1.0390053830633406e-05
13,0,0.029026138791283837,0.08,0.00031720110564492643,1.2796354894817341e-05
13,0,0.03136343309305208,0.08,0.00025420633028261364,1.5994799468899146e-05
13,0,0.030035654968201445,0.08,0.00029001705115661025,1.8265563994646072e-05
13,0,0.035484736100989886,0.1,0.00029001705115661025,1.5201953829091508e-05
13,0,0.046488280635843295,0.12,0.000271265278570354,1.1255647223151755e-05
13,0,0.04913487500183414,0.1,0.00019071350106969476,1.0086612746817991e-05
13,0,0.04799221342881593,0.1,0.00020349778060335666,9.324328857474029e-06
13,0,0.047144554700781376,0.1,0.00019489786063786596,8.381917723454535e-06
13,0,0.04969962364852091,0.1,0.0002695636940188706,7.695044587308075e-06
13,0,0.05574107778242042,0.1,0.00025367827038280666,7.450674274878111e-06
13,0,0.06203677561454085,0.1,0.00025367827038280666,7.145797553675948e-06
13,0,0.06641186687521182,0.1,0.00023467018036171794,6.949844646442216e-06
13,0,0.07100427942703437,0.1,0.00023467018036171794,6.674709311482729e-06
13,0,0.07590358256219365,0.1,0.00036364104016683996,6.294642844295595e-06
13,0,0.0808074789204562,0.08,0.00040986156091094017,5.869147571502253e-06
13,0,0.08497510094104535,0.08,0.0003174924640916288,5.442770998342894e-06
13,0,0.08775656321562515,0.08,0.00032874467433430254,5.066266112407902e-06
13,0,0.08959804639437985,0.1,0.0005904866848140955,4.768080543726683e-06
13,0,0.09287056088783018,0.1,0.0005904866848140955,4.49316257800092e-06
13,0,0.09599770089651893,0.12,0.0005399361834861338,4.367666861071484e-06
13,0,0.09718114012786823,0.16,0.0004552675236482173,4.566392817650922e-06
13,0,0.03862368694322118,0.26,0.4430597424507141,0.9999995827674866
13,0,0.04204908730374178,0.24,0.6178252696990967,0.9999996423721313
13,0,0.04710267761053593,0.24,0.8188909888267517,0.9999997615814209
13,0,0.05377059311180824,0.24,0.8188909888267517,0.9999998211860657
13,0,0.060184138678026376,0.24,0.8188909888267517,0.9999998807907104
13,0,0.06933158864364504,0.28,0.8188909888267517,0.9999998807907104
13,0,0.08334303903998655,0.28,0.9272129535675049,0.9999999403953552
13,0,0.10434006047300351,0.26,0.938269317150116,0.9999999403953552
13,0,0.13097031926188887,0.26,0.9530162215232849,1.0
13,0,0.15991230163211648,0.26,0.9530162215232849,1.0
13,0,0.19693176936347073,0.28,0.947799563407898,1.0
13,0,0.24581819336047564,0.36,0.9701114296913147,1.0
13,0,0.302650839458609,0.4,0.9701114296913147,1.0
13,0,0.3652984842898451,0.48,0.9966352581977844,1.0
13,0,0.4282836896974619,0.5,0.9967482089996338,1.0
13,0,0.49092402281090974,0.58,0.9970189332962036,1.0
13,0,0.5511205407605275,0.66,0.9982654452323914,1.0
13,0,0.5971822318818588,0.64,0.9981436729431152,1.0
13,0,0.6251852198363964,0.62,0.9986973404884338,1.0
13,0,0.6372810324157161,0.62,0.9971651434898376,1.0
13,0,0.6537469330573904,0.62,0.998286783695221,0.9999999403953552
13,0,0.6782245365415162,0.62,0.9963322281837463,0.9999999403953552
13,0,0.6963515295434339,0.6,0.9963322281837463,0.9999998807907104
13,0,0.7073673635571112,0.58,0.9963322281837463,0.9999998211860657
13,0,0.7239038601166299,0.54,0.9943271279335022,0.9999998211860657
13,0,0.7377794274192132,0.52,0.993838369846344,0.9999997615814209
13,0,0.7488675263518513,0.54,0.993838369846344,0.9999997019767761
13,0,0.7641698156577587,0.52,0.9816417694091797,0.9999995827674866
13,0,0.7726889206915022,0.52,0.9873110055923462,0.9999995231628418
13,0,0.7823772521407675,0.52,0.9838830828666687,0.999999463558197
13,0,0.8040072322401878,0.52,0.9796162843704224,0.9999994039535522
13,0,0.8116943238244128,0.52,0.9796162843704224,0.9999993443489075
13,0,0.8161445966477173,0.52,0.9815992712974548,0.9999992251396179
13,0,0.8272832967842749,0.56,0.9894424676895142,0.9999991655349731
13,0,0.8340658614510453,0.62,0.9854227304458618,0.9999990463256836
13,0,0.844870644227592,0.6,0.9813222885131836,0.9999990463256836
13,0,0.8503827418645549,0.64,0.9813222885131836,0.9999989867210388
13,0,0.8514818151019884,0.64,0.9813222885131836,0.9999988675117493
13,0,0.8595893797342078,0.64,0.9836874008178711,0.9999988079071045
13,0,0.8717291739086149,0.64,0.9836874008178711,0.999998927116394
13,0,0.8857327647713665,0.64,0.9836874008178711,0.9999989867210388
13,0,0.8899419100951745,0.62,0.9878073334693909,0.9999988079071045
13,0,0.8947464073947156,0.62,0.9917864203453064,0.9999985694885254
13,0,0.8918265473957504,0.66,0.9958782196044922,0.999998152256012
13,0,0.8990074100769007,0.66,0.9958782196044922,0.9999979734420776
13,0,0.9041914086376814,0.68,0.9958782196044922,0.9999978542327881
13,0,0.9071992952796715,0.68,0.9957503080368042,0.9999976754188538
13,0,0.9161692456588585,0.66,0.9954921007156372,0.9999980330467224
13,0,0.9172861082901272,0.64,0.9954984188079834,0.9999980926513672
13,0,0.9178294438893005,0.64,0.9954984188079834,0.9999982714653015
13,0,0.9141743725991897,0.64,0.9979979395866394,0.9999982118606567
13,0,0.913064964071742,0.66,0.9987714886665344,0.9999983906745911
13,0,0.9132868533788434,0.68,0.9987714886665344,0.9999986290931702
13,0,0.9125525820690825,0.68,0.9990448355674744,0.9999988675117493
13,0,0.9107043144514834,0.68,0.9990448355674744,0.9999990463256836
13,0,0.9063486972146731,0.68,0.9990448355674744,0.9999991059303284
13,0,0.9038049285827681,0.68,0.9990448355674744,0.9999992251396179
13,0,0.3052761852115551,0.38,0.9846802353858948,0.9999982118606567
13,0,0.3627630903679913,0.4,0.9952902793884277,0.9999987483024597
13,0,0.4163010083096795,0.58,0.9965394735336304,0.9999988675117493
13,0,0.47426131591301773,0.64,0.9969310760498047,0.9999991655349731
13,0,0.5282911870687099,0.66,0.9987850785255432,0.9999994039535522
13,0,0.5703891182789452,0.62,0.9984581470489502,0.9999995827674866
13,0,0.6026186635826842,0.62,0.9991323351860046,0.9999995827674866
13,0,0.6284441558249637,0.62,0.9993120431900024,0.9999995231628418
13,0,0.649458738949937,0.6,0.9991920590400696,0.9999995231628418
13,0,0.6685144138799447,0.6,0.9990710020065308,0.999999463558197
13,0,0.6872905274950942,0.6,0.9989251494407654,0.9999995231628418
13,0,0.7061744796790992,0.6,0.9987373948097229,0.9999995231628418
13,0,0.7220914137760788,0.6,0.9987373948097229,0.9999995231628418
13,0,0.7344863014619782,0.6,0.997534990310669,0.999999463558197
13,0,0.7424704120980428,0.6,0.997536301612854,0.9999994039535522
13,0,0.7462937968876198,0.56,0.9973328113555908,0.9999993443489075
13,0,0.7544133209729114,0.56,0.9961894154548645,0.9999992847442627
13,0,0.7617147968907987,0.56,0.9961894154548645,0.9999991655349731
13,0,0.7733884215354496,0.56,0.9966844916343689,0.9999991059303284
13,0,0.7811561797718604,0.54,0.996675968170166,0.9999990463256836
13,0,0.78684071746878,0.56,0.996675968170166,0.999998927116394
13,0,0.7948578581781024,0.56,0.996675968170166,0.9999987483024597
13,0,0.8036910093983374,0.56,0.9931150078773499,0.9999985694885254
13,0,0.8120012576542592,0.56,0.9912410974502563,0.9999982118606567
13,0,0.8252217615447114,0.56,0.9948746562004089,0.999998152256012
13,0,0.8319912603010865,0.56,0.9974046349525452,0.9999977946281433
13,0,0.8378543870394626,0.6,0.9979386925697327,0.9999974966049194
13,0,0.8429380134372163,0.62,0.9982450008392334,0.9999973177909851
13,0,0.8478259972774369,0.68,0.9985166192054749,0.9999972581863403
13,0,0.84850287650827,0.68,0.9984976053237915,0.9999969601631165
13,0,0.8554571037420585,0.68,0.998687207698822,0.9999971389770508
13,0,0.8843846402818137,0.64,0.9990135431289673,0.9999974966049194
13,0,0.9377009260904453,0.44,0.9993218183517456,0.9999984502792358
13,0,0.9013021239442652,0.3,0.9968432188034058,0.9999974966049194
13,0,0.7915476851258736,0.3,0.9924237728118896,0.9999806880950928
13,0,0.6497328419845879,0.3,0.9900722503662109,0.9997696876525879
13,0,0.6570970460582083,0.3,0.9592118859291077,0.9987503290176392
13,0,0.7532421199822315,0.3,0.9845095276832581,0.9957960247993469
13,0,0.8667544476603762,0.3,0.9772366285324097,0.9918424487113953
13,0,0.871183019943413,0.32,0.9772366285324097,0.9902228116989136
13,0,0.8795060202588443,0.32,0.9755069017410278,0.9904407262802124
13,0,0.8753599194092792,0.34,0.9724577069282532,0.9918259382247925
13,0,0.8773354098716045,0.34,0.9724577069282532,0.9948151707649231
13,0,0.8891473244396301,0.34,0.9724577069282532,0.996785581111908
13,0,0.9084813343494667,0.36,0.974568247795105,0.9979693293571472
13,0,0.9272017922500917,0.34,0.974568247795105,0.9988483190536499
13,0,0.8206645031369058,0.3,0.8366921544075012,0.6183150410652161
13,0,0.8474966735323362,0.26,0.6802873611450195,0.7429916858673096
13,0,0.8653306171974207,0.24,0.7138331532478333,0.7960329651832581
13,0,0.866392391488031,0.22,0.4990537166595459,0.814408540725708
13,0,0.8611201559218826,0.2,0.4936766028404236,0.8119609355926514
13,0,0.8524872471111349,0.2,0.1747293621301651,0.8051087260246277
13,0,0.8419080950087577,0.2,0.1747293621301651,0.7944841384887695
13,0,0.8382428869437212,0.2,0.21035844087600708,0.7873716950416565
13,0,0.8383984590011384,0.22,0.21035844087600708,0.8053414821624756
13,0,0.8373993437268188,0.22,0.21035844087600708,0.8265432119369507
13,0,0.835940997650729,0.22,0.21035844087600708,0.8475573658943176
13,0,0.8337274305172673,0.2,0.21035844087600708,0.8606584072113037
13,0,0.8252255604551331,0.2,0.21035844087600708,0.8627373576164246
13,0,0.8182229490107089,0.2,0.6124051809310913,0.888336718082428
13,0,0.8614296930456854,0.24,0.7672006487846375,0.9371618032455444
13,0,0.8796927909830229,0.24,0.807805597782135,0.9540759325027466
13,0,0.8541399175463043,0.22,0.8822054266929626,0.9552602767944336
13,0,0.851418341602655,0.22,0.8711124062538147,0.9556294083595276
13,0,0.8581674826387466,0.22,0.8555736541748047,0.956049919128418
13,0,0.8590523609881998,0.22,0.9081969857215881,0.9595115780830383
13,0,0.8616737171163977,0.22,0.9157671332359314,0.9667357802391052
13,0,0.8685507300345391,0.22,0.8725711703300476,0.9704518914222717
13,0,0.8742646389857279,0.22,0.8725711703300476,0.9718427658081055
13,0,0.8732801313140705,0.22,0.8568016290664673,0.9661257266998291
13,0,0.8581601312214886,0.22,0.8568016290664673,0.9557070732116699
13,0,0.8507166038848153,0.22,0.8568016290664673,0.9403358101844788
13,0,0.8574280783324427,0.2,0.8102096915245056,0.9286667108535767
13,0,0.8841457747465824,0.2,0.7428325414657593,0.9351824522018433
13,0,0.8899329930564274,0.2,0.7428325414657593,0.9407509565353394
13,0,0.8907419279059151,0.2,0.7663032412528992,0.9436770677566528
13,0,0.8890902096564011,0.2,0.6941070556640625,0.9429506659507751
13,0,0.8862569041033044,0.2,0.6974136233329773,0.9342328310012817
13,0,0.887072763762048,0.2,0.6667512655258179,0.9316878914833069
13,0,0.8776444524334016,0.24,0.6667512655258179,0.926800012588501
13,0,0.8829819864245922,0.26,0.7371349930763245,0.9339948296546936
13,0,0.8962300055438628,0.26,0.7371349930763245,0.9452459812164307
13,0,0.8812238562575949,0.26,0.7184467911720276,0.9415983557701111
13,0,0.8691527156393878,0.24,0.7443303465843201,0.9327968955039978
13,0,0.8483396641262712,0.2,0.6750237345695496,0.904478132724762
13,0,0.8057990284245674,0.2,0.6800938248634338,0.8144515752792358
13,0,0.7713217321457094,0.18,0.19021253287792206,0.6307075619697571
13,0,0.7608162706057235,0.18,0.19021253287792206,0.4705520272254944
13,0,0.7859044675089565,0.16,0.1567114293575287,0.3839660584926605
13,0,0.8273480227980207,0.16,0.1567114293575287,0.40871328115463257
13,0,0.8460893235036138,0.16,0.06012609973549843,0.422793447971344
13,0,0.8598719326001387,0.14,0.03402956947684288,0.46198078989982605
13,0,0.8404683087882857,0.22,0.1557113379240036,0.38538968563079834
13,0,0.8255340440789547,0.22,0.045182935893535614,0.3213815689086914
13,0,0.8287998740029184,0.24,0.017947383224964142,0.30663129687309265
13,0,0.8460792999015294,0.24,0.013249203562736511,0.3312074840068817
13,0,0.8429173427407308,0.26,0.015264095738530159,0.32562512159347534
13,0,0.8411497631971144,0.24,0.015264095738530159,0.34284189343452454
13,0,0.8367054507011795,0.24,0.029413539916276932,0.3589543104171753
13,0,0.8321690076486388,0.24,0.017638595774769783,0.37782761454582214
13,0,0.8300850384480898,0.24,0.019352717325091362,0.4067707061767578
13,0,0.8290508417007291,0.26,0.019352717325091362,0.4418308734893799
13,0,0.8324554317839421,0.26,0.019352717325091362,0.5152527093887329
13,0,0.8409401634879357,0.26,0.02532920427620411,0.6276887655258179
13,0,0.850484709004232,0.26,0.02532920427620411,0.7348766922950745
13,0,0.856462195071691,0.26,0.030298680067062378,0.7856927514076233
13,0,0.8609982515382435,0.26,0.05074658989906311,0.823780357837677
13,0,0.86334069200088,0.26,0.05074658989906311,0.8472874164581299
13,0,0.8723886679805998,0.28,0.05074658989906311,0.8929286003112793
13,0,0.8804005449261723,0.28,0.05074658989906311,0.9090685248374939
13,0,0.8928177846822327,0.28,0.05074658989906311,0.9260982275009155
13,0,0.8863230529483253,0.28,0.05738656967878342,0.9278994798660278
13,0,0.8567236713605891,0.26,0.0763673335313797,0.9040478467941284
13,0,0.8759829388155648,0.26,0.12132459878921509,0.9319474101066589
13,0,0.9117267113040007,0.26,0.12132459878921509,0.9670090675354004
13,0,0.9373585152343846,0.24,0.12132459878921509,0.9833571314811707
13,0,0.9361323613466271,0.24,0.12050206959247589,0.9840286374092102
13,0,0.9288065668772981,0.26,0.2164408415555954,0.9818783402442932
13,0,0.9155071866665611,0.26,0.200866237282753,0.9778250455856323
13,0,0.9108618755365361,0.26,0.200866237282753,0.9721094965934753
13,0,0.9185695865274836,0.26,0.200866237282753,0.9750356078147888
13,0,0.9209250813945068,0.26,0.13082291185855865,0.9760475754737854
13,0,0.9112722590689014,0.26,0.13082291185855865,0.9715397357940674
13,0,0.9024007840803155,0.26,0.13082291185855865,0.9654834866523743
13,0,0.9230190776484918,0.26,0.12442098557949066,0.9753693342208862
13,0,0.9313608605258558,0.26,0.10960076749324799,0.9798658490180969
13,0,0.9350212141349776,0.28,0.10960076749324799,0.9811110496520996
13,0,0.9370994781734794,0.28,0.10960076749324799,0.9801905155181885
13,0,0.9386389567941344,0.28,0.10960076749324799,0.9808098077774048
13,0,0.9378901745770803,0.32,0.26244112849235535,0.9801669120788574
13,0,0.9380506681831862,0.32,0.26244112849235535,0.9798972010612488
13,0,0.9394722163220354,0.38,0.18655303120613098,0.9808018207550049
13,0,0.9410929154991455,0.44,0.18655303120613098,0.9822085499763489
13,0,0.9434665344528798,0.44,0.36026421189308167,0.9859325289726257
13,0,0.9415800098355722,0.48,0.38702723383903503,0.9872907996177673
13,0,0.9378574529181579,0.52,0.695494532585144,0.9873519539833069
13,0,0.9385549574873092,0.52,0.7119668126106262,0.9904047846794128
13,0,0.9395097682801999,0.54,0.7404994964599609,0.9919267892837524
13,0,0.938990789272845,0.54,0.7404994964599609,0.9926941990852356
13,0,0.9390083301460045,0.54,0.6555084586143494,0.9937447905540466
13,0,0.9385565118322067,0.54,0.6956626176834106,0.9947116374969482
13,0,0.9381612694596633,0.46,0.6956626176834106,0.9955808520317078
13,0,0.9385202670741927,0.46,0.6505902409553528,0.9964644908905029
13,0,0.9381028548035083,0.44,0.769324779510498,0.9972166419029236
13,0,0.9362421504558255,0.44,0.43629831075668335,0.9978581070899963
13,0,0.9315198892043145,0.38,0.3935477137565613,0.9984502196311951
13,0,0.922627138263348,0.38,0.6601864695549011,0.9988398551940918
13,0,0.9125973743525168,0.38,0.6601864695549011,0.9990420937538147
13,0,0.8966777969057114,0.34,0.7478451728820801,0.9989640116691589
13,0,0.8789028555619797,0.3,0.7825177907943726,0.9990298748016357
13,0,0.8785122339804782,0.36,0.8059662580490112,0.9992927312850952
13,0,0.8809311600086152,0.36,0.8414684534072876,0.9994099736213684
13,0,0.8962021496179661,0.34,0.7910154461860657,0.9995671510696411
13,0,0.9201638708039157,0.32,0.7096184492111206,0.9997252225875854
13,0,0.9242430553083614,0.36,0.7205473780632019,0.999768078327179
13,0,0.9260811096389681,0.36,0.8633736371994019,0.9998095631599426
13,0,0.9299121020129221,0.36,0.8933669924736023,0.999841570854187
13,0,0.9324621829887709,0.32,0.8933669924736023,0.9998549222946167
13,0,0.9356559703886114,0.32,0.9020280241966248,0.9998648762702942
13,0,0.9360219162538029,0.3,0.8806945085525513,0.9998643398284912
13,0,0.9357335913771007,0.32,0.8806945085525513,0.9998540282249451
13,0,0.9367987059950083,0.32,0.8691155910491943,0.9998366832733154
13,0,0.9386261091198079,0.32,0.8701100945472717,0.999817967414856
13,0,0.9414329073181462,0.3,0.8534938097000122,0.9998031854629517
13,0,0.9437015197090469,0.32,0.8445324897766113,0.9997931718826294
13,0,0.9458714545634237,0.34,0.8620522618293762,0.9998065829277039
13,0,0.9445074499115278,0.34,0.9150240421295166,0.9997979998588562
13,0,0.9389061782855499,0.34,0.9020965099334717,0.9997513890266418
13,0,0.9328901325134523,0.36,0.9020965099334717,0.9996976256370544
13,0,0.9282700162068984,0.36,0.8555185794830322,0.999573290348053
13,0,0.9262164763910096,0.34,0.7739371657371521,0.9994248747825623
13,0,0.9231186748068733,0.34,0.7222317457199097,0.9991334080696106
13,0,0.9184523712142576,0.36,0.5947982668876648,0.9986204504966736
13,0,0.909331855606542,0.38,0.462410032749176,0.9975341558456421
13,0,0.9001689621218387,0.4,0.36503323912620544,0.9952075481414795
13,0,0.8987378260195891,0.42,0.18119774758815765,0.9913726449012756
13,0,0.8982584015918956,0.42,0.2222064882516861,0.986144483089447
13,0,0.895809734067803,0.46,0.2702201306819916,0.9758843183517456
13,0,0.8950123968832217,0.48,0.15150226652622223,0.9607275724411011
13,0,0.8942185056463294,0.42,0.13198718428611755,0.9382943511009216
13,0,0.8966913382222206,0.42,0.1787608563899994,0.9137098789215088
13,0,0.8997308928527912,0.42,0.052513014525175095,0.8863290548324585
13,0,0.9003852312726736,0.46,0.02896486595273018,0.8544985055923462
13,0,0.8983418283651974,0.48,0.02896486595273018,0.8002508878707886
13,0,0.8976537938296366,0.48,0.02896486595273018,0.7684133648872375
13,0,0.895524428294579,0.5,0.03122638538479805,0.7288824915885925
13,0,0.8935823026058763,0.5,0.03122638538479805,0.697282075881958
13,0,0.8962429904814455,0.48,0.018032273277640343,0.736973762512207
13,0,0.8940064317984718,0.5,0.018032273277640343,0.7588303089141846
13,0,0.8906205829104931,0.5,0.01232069730758667,0.7776625156402588
13,0,0.894944659317671,0.48,0.018282631412148476,0.8328807950019836
13,0,0.8999283171345406,0.44,0.029959769919514656,0.8837274312973022
13,0,0.9007310773711134,0.42,0.029959769919514656,0.9179477095603943
13,0,0.9027281223407125,0.42,0.02707088552415371,0.948502779006958
13,0,0.9058424284368269,0.42,0.04565828666090965,0.9679170250892639
13,0,0.9075771795501297,0.42,0.04922782629728317,0.9793629050254822
13,0,0.9164169754985316,0.42,0.12415586411952972,0.9903056621551514
13,0,0.9269252135358562,0.4,0.09858926385641098,0.9953771233558655
13,0,0.9431554466445365,0.46,0.301175594329834,0.9979320764541626
13,0,0.954724630366624,0.46,0.39144083857536316,0.9988226890563965
13,0,0.953384477137562,0.44,0.4396685063838959,0.9987689852714539
13,0,0.9533620340163695,0.44,0.5851497054100037,0.9990094304084778
13,0,0.9560040891867929,0.42,0.6175055503845215,0.9993118643760681
13,0,0.9533730364243553,0.42,0.9172806143760681,0.9994115829467773
13,0,0.959392370769023,0.42,0.946468710899353,0.9996306896209717
13,0,0.9667771447098045,0.38,0.9657820463180542,0.9997894167900085
13,0,0.9694025337279883,0.38,0.8838651180267334,0.9998441338539124
13,0,0.9764702220527174,0.38,0.934881329536438,0.9998957514762878
13,0,0.9777656869300473,0.36,0.94573575258255,0.999903678894043
13,0,0.9776569843207771,0.34,0.94573575258255,0.9999034404754639
13,0,0.979690700561482,0.34,0.94573575258255,0.9999120235443115
13,0,0.9799214652954131,0.32,0.94573575258255,0.9999059438705444
13,0,0.9807726248639665,0.32,0.94573575258255,0.9999114871025085
13,0,0.9815374775732492,0.32,0.9624849557876587,0.9999199509620667
13,0,0.9805659646033532,0.32,0.9370677471160889,0.9999026656150818
13,0,0.980017990491198,0.32,0.9370677471160889,0.9999032020568848
13,0,0.9786261466672075,0.32,0.9253125786781311,0.9998956918716431
13,0,0.9768697822576922,0.32,0.9253125786781311,0.999893307685852
13,0,0.9737639436470256,0.32,0.9339276552200317,0.9998829960823059
13,0,0.9690046535049412,0.32,0.9392414689064026,0.9998594522476196
13,0,0.9632874797815086,0.32,0.9339276552200317,0.9998179078102112
13,0,0.9637220507197821,0.34,0.9160076975822449,0.99980628490448
13,0,0.9657200238215699,0.34,0.919599711894989,0.9998027086257935
13,0,0.9702775064934376,0.32,0.919599711894989,0.9998234510421753
13,0,0.971752472769991,0.3,0.8336480259895325,0.9998201131820679
13,0,0.9730941785578513,0.28,0.8226190209388733,0.9998241066932678
13,0,0.9739586869997032,0.28,0.9123411178588867,0.9998390078544617
13,0,0.9730376552054945,0.28,0.9123411178588867,0.9998356103897095
13,0,0.9729522546620116,0.32,0.8201471567153931,0.9998570084571838
13,0,0.9730916961781801,0.32,0.8703464269638062,0.9998781085014343
13,0,0.9721571398426286,0.34,0.8201471567153931,0.9998816251754761
13,0,0.971252977264428,0.34,0.8084288835525513,0.9998893141746521
13,0,0.9704067010760349,0.36,0.8826239705085754,0.9999001026153564
13,0,0.969746739937087,0.36,0.8826239705085754,0.9999133944511414
13,0,0.9693337745486805,0.36,0.9109243750572205,0.9999276995658875
13,0,0.969110559245061,0.36,0.9109243750572205,0.9999416470527649
13,0,0.9689325876949461,0.34,0.9109243750572205,0.999954104423523
13,0,0.9684147340645862,0.34,0.91374671459198,0.9999640583992004
13,0,0.9671443951170475,0.36,0.9613160490989685,0.9999712109565735
13,0,0.9662894757271041,0.34,0.9523722529411316,0.9999789595603943
13,0,0.966486182662092,0.34,0.9391287565231323,0.9999857544898987
13,0,0.9670713586621389,0.34,0.9391287565231323,0.999989926815033
13,0,0.9677753512618111,0.34,0.9311419129371643,0.9999925494194031
13,0,0.9688859341631311,0.34,0.9311419129371643,0.9999945759773254
13,0,0.9700652131392077,0.34,0.9311419129371643,0.9999959468841553
13,0,0.9713151626808099,0.34,0.9311419129371643,0.9999968409538269
13,0,0.9726978714144816,0.34,0.9311419129371643,0.9999974966049194
13,0,0.9741651901931433,0.36,0.9311419129371643,0.9999979138374329
13,0,0.9754972312583,0.36,0.9523722529411316,0.9999982714653015
13,0,0.9763763107184216,0.36,0.9523722529411316,0.9999984502792358
13,0,0.9777038293744489,0.36,0.9523722529411316,0.9999985694885254
13,0,0.979277584550033,0.36,0.9523722529411316,0.9999986886978149
13,0,0.9801126843301333,0.36,0.946023166179657,0.9999987483024597
13,0,0.9823661153306943,0.34,0.9586262702941895,0.9999989867210388
13,0,0.9843274221488393,0.34,0.9586262702941895,0.9999989867210388
13,0,0.9845976464124733,0.34,0.9625733494758606,0.9999988079071045
13,0,0.9850496806507966,0.34,0.9625733494758606,0.9999986290931702
13,0,0.9860068030033948,0.34,0.9657245874404907,0.9999984502792358
13,0,0.9862307831914894,0.34,0.9785319566726685,0.9999982118606567
13,0,0.9863281002272164,0.34,0.9785319566726685,0.9999978542327881
13,0,0.9858961679601851,0.32,0.9785319566726685,0.9999973773956299
13,0,0.9836597776200718,0.32,0.9764576554298401,0.9999955892562866
13,0,0.982224826407619,0.32,0.9657245874404907,0.9999940991401672
13,0,0.9816120401962105,0.32,0.9599820375442505,0.9999926686286926
13,0,0.9799358816622256,0.32,0.9599820375442505,0.9999891519546509
13,0,0.9779046617091774,0.32,0.9599820375442505,0.9999844431877136
13,0,0.9752388945624987,0.32,0.9563267827033997,0.9999758005142212
13,0,0.9727280673240255,0.32,0.9577041268348694,0.9999619722366333
13,0,0.9717743032223216,0.32,0.9577041268348694,0.9999439120292664
13,0,0.9710170174205143,0.32,0.9641119837760925,0.9999213218688965
13,0,0.9698093106177746,0.32,0.9641119837760925,0.9998935461044312
13,0,0.9695028518678204,0.32,0.9753370881080627,0.9998680949211121
13,0,0.96942105322629,0.34,0.9753370881080627,0.9998504519462585
13,0,0.9708965295492615,0.34,0.9753370881080627,0.999851405620575
13,0,0.9726690312207643,0.34,0.9753370881080627,0.9998613595962524
13,0,0.9725658675451898,0.34,0.9753370881080627,0.9998615980148315
13,0,0.9727337722421414,0.34,0.9753370881080627,0.9998685717582703
13,0,0.9732588683137036,0.34,0.9753370881080627,0.9998832941055298
13,0,0.9737932196666034,0.34,0.9796615839004517,0.9999021887779236
13,0,0.9741333087534304,0.34,0.9703447222709656,0.9999198317527771
13,0,0.97481117444105,0.32,0.9703447222709656,0.9999451637268066
13,0,0.9755147755735015,0.34,0.9703447222709656,0.99996018409729
13,0,0.9764003443980932,0.34,0.9567621350288391,0.9999721646308899
13,0,0.9778237570809342,0.34,0.9567621350288391,0.9999828934669495
13,0,0.9794332779447454,0.34,0.9409515857696533,0.9999901056289673
13,0,0.9800307973918293,0.34,0.9442444443702698,0.9999927282333374
13,0,0.9809232238739637,0.34,0.9316343665122986,0.9999948143959045
13,0,0.9825102620488408,0.32,0.9316343665122986,0.9999966025352478
13,0,0.9822946703085639,0.36,0.9727996587753296,0.9999973177909851
13,0,0.9832480930994789,0.36,0.9727996587753296,0.9999979734420776
13,0,0.984291221910642,0.36,0.9773964881896973,0.9999985098838806
13,0,0.9842554312207215,0.36,0.9773964881896973,0.9999988675117493
13,0,0.9857446252875366,0.38,0.9773964881896973,0.9999991655349731
13,0,0.9860059513340936,0.38,0.9773964881896973,0.9999992847442627
13,0,0.9844283882953626,0.4,0.9773964881896973,0.9999993443489075
13,0,0.9832571851302139,0.4,0.9864468574523926,0.9999993443489075
13,0,0.9847767181811365,0.4,0.9864468574523926,0.999999463558197
13,0,0.98730362516275,0.4,0.9864468574523926,0.9999996423721313
13,0,0.9876187265942606,0.4,0.9906636476516724,0.9999995231628418
13,0,0.9878211691265217,0.4,0.9924737215042114,0.9999994039535522
13,0,0.9882347240330119,0.4,0.9925480484962463,0.9999992847442627
13,0,0.9883717413006068,0.4,0.9922878742218018,0.9999991059303284
13,0,0.9884617540608669,0.4,0.9922878742218018,0.9999988675117493
13,0,0.9882467257653919,0.4,0.9938682913780212,0.9999985098838806
13,0,0.988407271725708,0.4,0.9958264231681824,0.9999983906745911
13,0,0.9886212536777973,0.4,0.9958264231681824,0.9999985098838806
13,0,0.988069069767679,0.38,0.9958264231681824,0.9999983906745911
13,0,0.9873518177913866,0.38,0.994748055934906,0.9999983906745911
13,0,0.9865119678241421,0.38,0.9914407730102539,0.9999982714653015
13,0,0.9855234506452708,0.38,0.9922054409980774,0.999998152256012
13,0,0.9846621031081969,0.4,0.9922054409980774,0.9999979734420776
13,0,0.9842723428978516,0.38,0.9922054409980774,0.999998152256012
13,0,0.9836707828593335,0.38,0.9922054409980774,0.9999979734420776
13,0,0.9832610602015928,0.38,0.9899208545684814,0.9999978542327881
13,0,0.9830197781275349,0.34,0.9899208545684814,0.9999976754188538
13,0,0.9828485590695828,0.34,0.9899208545684814,0.9999975562095642
13,0,0.9824396199260983,0.34,0.9889344573020935,0.999997079372406
13,0,0.9822978480707241,0.34,0.9889344573020935,0.9999969005584717
13,0,0.9823791538127268,0.36,0.9889344573020935,0.9999967813491821
13,0,0.9824819157879439,0.36,0.9889344573020935,0.9999967813491821
13,0,0.9826521808686889,0.36,0.9889344573020935,0.9999967813491821
13,0,0.9827788922679227,0.36,0.9889344573020935,0.9999969005584717
13,0,0.9831984303147268,0.36,0.9889344573020935,0.9999974370002747
13,0,0.9838049309734994,0.38,0.9889344573020935,0.9999979138374329
13,0,0.9845339875321866,0.38,0.9889344573020935,0.9999983906745911
13,0,0.9848746093817723,0.38,0.9902878999710083,0.9999987483024597
13,0,0.9849462163803174,0.38,0.9902878999710083,0.9999989867210388
13,0,0.9849559637258626,0.38,0.9902878999710083,0.9999992251396179
13,0,0.9850667306869918,0.4,0.9892309308052063,0.9999994039535522
13,0,0.9853512400853133,0.42,0.9892309308052063,0.9999995231628418
13,0,0.9857185204896053,0.44,0.9892309308052063,0.9999996423721313
13,0,0.986008950998616,0.44,0.9866515398025513,0.9999997019767761
13,0,0.9865769069003718,0.44,0.9866515398025513,0.9999998211860657
13,0,0.9866323139669568,0.44,0.9837887287139893,0.9999998211860657
13,0,0.9863417084431183,0.44,0.983913242816925,0.9999998807907104
13,0,0.9861166112009361,0.44,0.983913242816925,0.9999998807907104
13,0,0.9864369587345965,0.46,0.983913242816925,0.9999998807907104
13,0,0.9871772447534254,0.46,0.983913242816925,0.9999999403953552
13,0,0.9873951311644721,0.46,0.983913242816925,0.9999999403953552
13,0,0.9874859715961128,0.44,0.985340416431427,0.9999999403953552
13,0,0.9878098584596767,0.46,0.9863150119781494,0.9999998807907104
13,0,0.9879412779157096,0.46,0.9894081354141235,0.9999998807907104
13,0,0.9879661318426254,0.46,0.9883721470832825,0.9999998807907104
13,0,0.987577188565117,0.46,0.9883721470832825,0.9999998211860657
13,0,0.9875536405366282,0.46,0.9906222224235535,0.9999997019767761
13,0,0.9877198160886984,0.46,0.9906222224235535,0.9999995827674866
13,0,0.9875608884630868,0.46,0.9925414323806763,0.9999994039535522
13,0,0.9869274814888351,0.46,0.9925414323806763,0.9999989867210388
13,0,0.9859679250935892,0.46,0.995376467704773,0.9999982118606567
13,0,0.9856545436469897,0.44,0.995376467704773,0.9999971985816956
13,0,0.9855873957951511,0.4,0.995376467704773,0.999995768070221
13,0,0.9847278996734609,0.4,0.9933163523674011,0.9999932646751404
13,0,0.9836058743057766,0.4,0.9929076433181763,0.9999896883964539
13,0,0.9823527852933495,0.4,0.9929076433181763,0.9999839067459106
13,0,0.9809502632454327,0.4,0.9936809539794922,0.9999744892120361
13,0,0.9795050959067577,0.4,0.9926437735557556,0.9999608993530273
13,0,0.9777431171876141,0.38,0.9928843975067139,0.9999412894248962
13,0,0.9758649724504638,0.38,0.9928843975067139,0.9999151825904846
13,0,0.9742784382183978,0.4,0.9915297031402588,0.9998722672462463
13,0,0.9738216260267005,0.4,0.9915297031402588,0.9998249411582947
13,0,0.9739981878435919,0.36,0.9850060343742371,0.9997767806053162
13,0,0.9737307307812603,0.36,0.9798148274421692,0.9997209906578064
13,0,0.972344114704606,0.36,0.9725439548492432,0.9996468424797058
13,0,0.9713585362113154,0.36,0.9725439548492432,0.9996001720428467
13,0,0.9717125579689285,0.36,0.97495436668396,0.9996054172515869
13,0,0.9720744974143469,0.38,0.9731634855270386,0.9996106624603271
13,0,0.9735420915894325,0.38,0.9731634855270386,0.9997187852859497
13,0,0.9735202473428897,0.38,0.9731634855270386,0.9997258186340332
13,0,0.9737143125696117,0.42,0.9722450375556946,0.9997600317001343
13,0,0.9758100421847995,0.42,0.9928131699562073,0.9998320937156677
13,0,0.9775670585521631,0.4,0.9928131699562073,0.9998843669891357
13,0,0.9754146048437976,0.42,0.9931492209434509,0.9998900890350342
13,0,0.9765051642850039,0.42,0.9931492209434509,0.9999397397041321
13,0,0.9777262592676047,0.42,0.9929176568984985,0.9999632835388184
13,0,0.9778873350504953,0.42,0.9929176568984985,0.9999728202819824
13,0,0.979622033323878,0.42,0.9920514822006226,0.9999832510948181
13,0,0.9806379617964351,0.42,0.9920514822006226,0.9999868273735046
13,0,0.9807319169069748,0.42,0.9920514822006226,0.9999869465827942
13,0,0.981586544916946,0.42,0.9920514822006226,0.9999912977218628
13,0,0.9823353901524152,0.44,0.9920514822006226,0.9999940395355225
13,0,0.9824562128113813,0.44,0.9912717938423157,0.9999957084655762
13,0,0.9798931345848583,0.44,0.9912717938423157,0.9999962449073792
13,0,0.9742457558074348,0.46,0.9912717938423157,0.9999960660934448
13,0,0.9736173555648994,0.46,0.9924008846282959,0.9999967813491821
13,0,0.9760980959164363,0.48,0.9837493896484375,0.9999977946281433
13,0,0.9797070935465115,0.5,0.9851910471916199,0.9999984502792358
13,0,0.979574999016382,0.5,0.9851910471916199,0.9999985694885254
13,0,0.9791495119694795,0.48,0.972604513168335,0.9999985694885254
13,0,0.9784568491120518,0.48,0.9718685150146484,0.9999985098838806
13,0,0.9779296479670945,0.48,0.9718685150146484,0.9999983906745911
13,0,0.977624108123104,0.48,0.9718685150146484,0.999998152256012
13,0,0.9778680417876374,0.5,0.9691705107688904,0.9999983906745911
13,0,0.97621525857402,0.5,0.9691705107688904,0.9999979734420776
13,0,0.9732684131756383,0.48,0.9691705107688904,0.9999969005584717
13,0,0.9689980020662469,0.48,0.9691705107688904,0.9999935626983643
13,0,0.9650054553121309,0.48,0.9666760563850403,0.9999857544898987
13,0,0.9595517682780892,0.52,0.9666760563850403,0.9999678730964661
13,0,0.9521316827871021,0.54,0.9666760563850403,0.9999275803565979
13,0,0.9464420801489115,0.54,0.9666760563850403,0.9998445510864258
13,0,0.9402948702593259,0.54,0.9717816710472107,0.9996373653411865
13,0,0.932518827053931,0.56,0.974257230758667,0.9991692304611206
13,0,0.9255548421145191,0.56,0.974257230758667,0.9984554052352905
13,0,0.91833045071027,0.56,0.9765062928199768,0.9972346425056458
13,0,0.9139306225700514,0.54,0.9765062928199768,0.9960255026817322
13,0,0.905821379986152,0.54,0.9765062928199768,0.9926904439926147
13,0,0.898341714784416,0.54,0.9765062928199768,0.9876905679702759
13,0,0.8929270188733393,0.54,0.9660277366638184,0.9809324145317078
13,0,0.8858298952295081,0.52,0.9660277366638184,0.9686673283576965
13,0,0.8788864227843108,0.5,0.9169361591339111,0.9590427279472351
13,0,0.8679406666442795,0.5,0.8986034393310547,0.9344838857650757
13,0,0.8596976949038504,0.5,0.8878705501556396,0.9037250280380249
13,0,0.8555376176880055,0.52,0.8878705501556396,0.8851174712181091
13,0,0.855192610450287,0.52,0.8878705501556396,0.8893152475357056
13,0,0.8480066598897346,0.52,0.8878705501556396,0.8629032969474792
13,0,0.8416558140248077,0.52,0.8878705501556396,0.843751072883606
13,0,0.8419407851189971,0.52,0.8878705501556396,0.871437132358551
13,0,0.8404665820368252,0.5,0.8878705501556396,0.8819323182106018
13,0,0.8390801716952533,0.48,0.868221640586853,0.8919086456298828
13,0,0.8339026148288262,0.5,0.9410626292228699,0.9029375314712524
13,0,0.8256776478750846,0.52,0.969226598739624,0.9013102054595947
13,0,0.8169706288856584,0.52,0.969226598739624,0.8957847356796265
13,0,0.8119480511977871,0.52,0.9845169186592102,0.9073724746704102
13,0,0.8108534601587882,0.52,0.9900730848312378,0.9298896789550781
13,0,0.8131209773895047,0.52,0.9839058518409729,0.9472548365592957
13,0,0.8201653856823719,0.52,0.9839058518409729,0.9632656574249268
13,0,0.8283164520319307,0.5,0.9839058518409729,0.9742874503135681
13,0,0.8368293861085359,0.5,0.9839058518409729,0.9822096228599548
13,0,0.8486883972198266,0.5,0.9839058518409729,0.9890376925468445
13,0,0.8569039101169793,0.5,0.9839058518409729,0.9930475354194641
13,0,0.8603359221117172,0.5,0.9839058518409729,0.9951547384262085
13,0,0.8652485443567733,0.5,0.9839058518409729,0.9967153668403625
13,0,0.8696283008176733,0.5,0.9839058518409729,0.9976118206977844
13,0,0.8732405878224809,0.5,0.9839058518409729,0.9982266426086426
13,0,0.8751467451142476,0.5,0.9853336811065674,0.9986211061477661
13,0,0.8801735842899873,0.5,0.9853336811065674,0.9990437626838684
13,0,0.8891066412831864,0.5,0.9853336811065674,0.9994533658027649
13,0,0.8940334541731595,0.5,0.9853336811065674,0.9996132254600525
13,0,0.8931518628248529,0.5,0.9900730848312378,0.9996311664581299
13,0,0.8884370724915218,0.5,0.9900730848312378,0.9996057152748108
13,0,0.8808295500881881,0.5,0.9900730848312378,0.9995512962341309
13,0,0.8715672066728511,0.48,0.9900730848312378,0.9994568228721619
13,0,0.8641240490019446,0.48,0.9900730848312378,0.9994270205497742
13,0,0.8553903396547484,0.48,0.9900730848312378,0.9993587136268616
13,0,0.8429627940600026,0.48,0.9900730848312378,0.9990768432617188
13,0,0.8342487221351212,0.48,0.9900730848312378,0.9986782670021057
13,0,0.8317158839647038,0.48,0.9900730848312378,0.9981588125228882
13,0,0.8298038059084171,0.46,0.9900730848312378,0.9971573352813721
13,0,0.8265214272037676,0.48,0.9900730848312378,0.9959515929222107
13,0,0.8140823139760462,0.46,0.9900730848312378,0.9937431216239929
13,0,0.7972904661433516,0.5,0.9893383979797363,0.9890806078910828
13,0,0.7857704767012862,0.5,0.9855560064315796,0.9827849864959717
13,0,0.7826732830937467,0.5,0.9855560064315796,0.9765406847000122
13,0,0.7805929989429369,0.46,0.9729951024055481,0.967249870300293
13,0,0.7733690540632283,0.48,0.9636956453323364,0.9533177018165588
13,0,0.7539084700230819,0.48,0.970643937587738,0.9324378967285156
13,0,0.7590299853387708,0.44,0.9649764895439148,0.9119610786437988
13,0,0.7802445782001782,0.44,0.9502376914024353,0.887305736541748
13,0,0.6887371830037752,0.42,0.8982282280921936,0.8074178099632263
13,0,0.5751496955078035,0.42,0.7879974842071533,0.6359790563583374
13,0,0.5324722834197751,0.4,0.28273454308509827,0.4426673948764801
13,0,0.55349790284624,0.36,0.28273454308509827,0.37311601638793945
13,0,0.586317699216692,0.36,0.287545770406723,0.37743401527404785
13,0,0.5703832000481801,0.34,0.287545770406723,0.36556440591812134
13,0,0.5445417808440512,0.38,0.4114929735660553,0.3459056317806244
13,0,0.5123653938482873,0.38,0.4057813882827759,0.3121379315853119
13,0,0.4866615345317472,0.38,0.414989173412323,0.2707950174808502
13,0,0.4679110364093041,0.38,0.45983707904815674,0.23962946236133575
13,0,0.4516361785821859,0.36,0.45983707904815674,0.21015185117721558
13,0,0.43959809127714017,0.36,0.45983707904815674,0.19059062004089355
13,0,0.4313284694716989,0.36,0.5285319089889526,0.18113812804222107
13,0,0.42282390170872586,0.38,0.8230193257331848,0.17345598340034485
13,0,0.410234692435379,0.36,0.8634679913520813,0.16393931210041046
13,0,0.39532146466954,0.36,0.7387321591377258,0.15217870473861694
13,0,0.3773449764103238,0.36,0.793296754360199,0.13561534881591797
13,0,0.35889321686991554,0.36,0.793296754360199,0.11610279232263565
13,0,0.3428290084602751,0.34,0.793296754360199,0.09465092420578003
13,0,0.32031028243592374,0.34,0.8046078681945801,0.06825768202543259
13,0,0.24972285199060676,0.34,0.8046078681945801,0.03461391106247902
13,0,0.22297987941656996,0.34,0.7786686420440674,0.019999492913484573
13,0,0.27328290544401784,0.36,0.7389357089996338,0.016727708280086517
13,0,0.2999802771853709,0.36,0.7862680554389954,0.01704712212085724
13,0,0.3035831455716742,0.36,0.7862680554389954,0.014973148703575134
13,0,0.322518259453522,0.34,0.7862680554389954,0.011857986450195312
13,0,0.3124142675337065,0.38,0.7862680554389954,0.008081397973001003
13,0,0.30606126366692604,0.38,0.7862680554389954,0.005253036040812731
13,0,0.3137161174011711,0.38,0.7862680554389954,0.0036412591580301523
13,0,0.30978105915266363,0.36,0.7300973534584045,0.002386560896411538
13,0,0.29722184640539595,0.36,0.7300973534584045,0.001434184960089624
13,0,0.2961492836787324,0.32,0.6001935601234436,0.0009706962155178189
13,0,0.2865973225675229,0.36,0.40611353516578674,0.000632496434263885
13,0,0.2796088822285531,0.36,0.40611353516578674,0.00039115644176490605
13,0,0.2740600614878268,0.32,0.3389579653739929,0.00023330439580604434
13,0,0.27367992384339834,0.34,0.1961050182580948,0.00014486099826171994
13,0,0.2766105120530555,0.32,0.05881480500102043,9.74422218860127e-05
13,0,0.2507902453871913,0.26,0.021649261936545372,6.257328641368076e-05
13,0,0.24471439975993947,0.26,0.022126594558358192,5.434250851976685e-05
13,0,0.2386076962686616,0.24,0.022126594558358192,5.0189362809760496e-05
13,0,0.24148701808065032,0.24,0.025250904262065887,4.596764483721927e-05
13,0,0.22533948607481652,0.22,0.02134673297405243,3.943168121622875e-05
13,0,0.21592787222460924,0.22,0.01321682520210743,3.7129695556359366e-05
13,0,0.21606505895152558,0.18,0.0026259117294102907,4.152948167757131e-05
13,0,0.22835109906625728,0.2,0.0014632591046392918,5.6981818488566205e-05
13,0,0.2507191829675512,0.2,0.0014632591046392918,8.697473822394386e-05
13,0,0.2760435164411952,0.18,0.0014632591046392918,0.00013162651157472283
13,0,0.29340598532686774,0.2,0.010747966356575489,0.00018409483891446143
13,0,0.30719859552104234,0.2,0.009129923768341541,0.00024651733110658824
13,0,0.32209634816663535,0.24,0.00946778617799282,0.00033015027293004096
13,0,0.33668171622766757,0.24,0.00946778617799282,0.0004343949840404093
13,0,0.37153640044995445,0.28,0.009260961785912514,0.0005576804396696389
13,0,0.39395828962510654,0.34,0.04037130996584892,0.0005800349754281342
13,0,0.3383680831717009,0.32,0.20605266094207764,0.00045176237472333014
13,0,0.2765670139658847,0.3,0.39831703901290894,0.00031002945615909994
13,0,0.21499695055312806,0.34,0.33605387806892395,0.00022359877766575664
13,0,0.1959795413979452,0.3,0.323091059923172,0.00018605415243655443
13,0,0.24179030585637656,0.3,0.5386143922805786,0.00016993802273645997
13,0,0.3465110303174802,0.28,0.6135417819023132,0.00016898903413675725
13,0,0.38423819774871065,0.28,0.6135417819023132,0.0001873261935543269
13,0,0.3860646978925544,0.28,0.6135417819023132,0.00024590862449258566
13,0,0.3847590517261854,0.3,0.567843496799469,0.0003119635221082717
13,0,0.3843032494320044,0.3,0.567843496799469,0.00036934102536179125
13,0,0.3816021171915433,0.28,0.6306923627853394,0.0004209056787658483
13,0,0.3709613772180681,0.3,0.6084563732147217,0.0003849539498332888
13,0,0.33562917183070495,0.32,0.7362865805625916,0.00024932308588176966
13,0,0.2986962044435662,0.34,0.7362865805625916,0.00013772853708360344
13,0,0.2883840613318357,0.34,0.7713452577590942,0.00010995643242495134
13,0,0.3010588527244423,0.34,0.7991060018539429,0.0001308378850808367
13,0,0.3194026017683328,0.32,0.8138276934623718,0.00018679485947359353
13,0,0.337709945193217,0.3,0.8300669193267822,0.0002348107664147392
13,0,0.36553900470648515,0.3,0.8016970157623291,0.00034028434311039746
13,0,0.39944525226105104,0.32,0.8016970157623291,0.0005629368242807686
13,0,0.4223869319217131,0.32,0.6923240423202515,0.0007915553287602961
13,0,0.4165552865498568,0.32,0.6923240423202515,0.0008398203062824905
13,0,0.40192618632852134,0.32,0.6923240423202515,0.0007908541592769325
13,0,0.4058729164059868,0.32,0.6923240423202515,0.0008524361765012145
13,0,0.41522971223477684,0.3,0.6923240423202515,0.0008896500803530216
13,0,0.4190813672013767,0.3,0.6923240423202515,0.000824344577267766
13,0,0.4076857713398864,0.3,0.6923240423202515,0.0005165243055671453
13,0,0.38850870722508773,0.3,0.6923240423202515,0.0002845312119461596
13,0,0.3744781109022634,0.3,0.6923240423202515,0.0001811222027754411
13,0,0.36088851076580597,0.28,0.6899413466453552,0.00011427407298469916
13,0,0.3466813686497832,0.26,0.47931769490242004,6.838496483396739e-05
13,0,0.3538159079256449,0.24,0.3197721540927887,6.397435208782554e-05
13,0,0.35819848214546235,0.24,0.2656221091747284,5.3095380280865356e-05
13,0,0.3369832739700422,0.26,0.07040970027446747,4.184756471659057e-05
13,0,0.3226140931860367,0.28,0.040162794291973114,3.621610812842846e-05
13,0,0.3180449341596671,0.24,0.014119015075266361,3.2177693356061354e-05
13,0,0.3219677129040008,0.22,0.009302648715674877,3.2088890293380246e-05
13,0,0.3233824999055554,0.22,0.005381560418754816,3.332202686578967e-05
13,0,0.3271937105655088,0.2,0.0055022272281348705,3.628805643529631e-05
13,0,0.3349048418758363,0.22,0.004310439340770245,4.143450132687576e-05
13,0,0.33789839282434436,0.22,0.003945474047213793,4.4914715545019135e-05
13,0,0.3403847513109197,0.24,0.0070664542727172375,5.080405389890075e-05
13,0,0.34295995766161746,0.24,0.008081825450062752,5.81796994083561e-05
13,0,0.34511831996562725,0.24,0.008081825450062752,6.391819624695927e-05
13,0,0.34833894683180916,0.28,0.007441997993737459,7.237985118990764e-05
13,0,0.3558551031794347,0.3,0.008172404021024704,0.00011288453970337287
13,0,0.3103661192288206,0.26,0.011235657148063183,0.0007038621115498245
13,0,0.2762240776509111,0.28,0.01713547855615616,0.0043642278760671616
13,0,0.25734464441080535,0.3,0.01194489561021328,0.006914709694683552
13,0,0.20657374324009645,0.3,0.012012521736323833,0.00832219049334526
13,0,0.1852780752595322,0.3,0.01304013840854168,0.010669727809727192
13,0,0.1871073813635983,0.3,0.007865959778428078,0.017552411183714867
13,0,0.21179931161562718,0.32,0.027598151937127113,0.037697210907936096
13,0,0.24919044527710726,0.4,0.0685565397143364,0.08654019981622696
13,0,0.29053904125734115,0.38,0.20905548334121704,0.19636546075344086
13,0,0.32520258073526725,0.36,0.20905548334121704,0.3510090708732605
13,0,0.3570375731684952,0.36,0.796744167804718,0.4944576323032379
13,0,0.3890362536081799,0.36,0.8108611106872559,0.6245453357696533
13,0,0.4152060424653258,0.34,0.9098995923995972,0.717917799949646
13,0,0.4392497720572684,0.34,0.9390323758125305,0.7799016237258911
13,0,0.47980735801308816,0.34,0.9401294589042664,0.8343182802200317
13,0,0.5227734093311602,0.36,0.9037148952484131,0.8727281093597412
13,0,0.5433372256185397,0.36,0.9225724339485168,0.891224205493927
13,0,0.5528346770922647,0.36,0.9225724339485168,0.9028194546699524
13,0,0.5656156947187032,0.36,0.9110721945762634,0.9022387266159058
13,0,0.5852032346169795,0.36,0.9110721945762634,0.9152016639709473
13,0,0.6092942734895735,0.38,0.9480674862861633,0.9297040104866028
13,0,0.625704910820276,0.38,0.9480674862861633,0.9352408051490784
13,0,0.6462428681612669,0.38,0.9694278836250305,0.9485306143760681
13,0,0.658368292198293,0.38,0.9694278836250305,0.9561687111854553
13,0,0.6673005678215386,0.38,0.9799872040748596,0.9604181051254272
13,0,0.6806788347245324,0.4,0.9773364663124084,0.9657190442085266
13,0,0.692509946253962,0.4,0.9773364663124084,0.9655342102050781
13,0,0.7096402706074588,0.42,0.9751495718955994,0.9774773120880127
13,0,0.7128370307471975,0.42,0.9807506203651428,0.9796276092529297
13,0,0.7185980975468086,0.42,0.982453465461731,0.9825000762939453
13,0,0.726137388539893,0.42,0.982453465461731,0.9859771132469177
13,0,0.7296062926124042,0.42,0.9845151901245117,0.9869615435600281
13,0,0.7370797716690083,0.42,0.9845151901245117,0.9887326955795288
13,0,0.7369282617631953,0.42,0.9845151901245117,0.9886636137962341
13,0,0.7447731706618388,0.42,0.9845151901245117,0.9887572526931763
13,0,0.7688057407146716,0.42,0.9845151901245117,0.9894997477531433
13,0,0.7817100050910272,0.42,0.9893649816513062,0.9892626404762268
13,0,0.8066150285089226,0.42,0.9881828427314758,0.9898998141288757
13,0,0.7867440821385494,0.42,0.9881828427314758,0.9880701899528503
13,0,0.7317740320167009,0.44,0.9881828427314758,0.9847339987754822
13,0,0.6906390574055289,0.44,0.9900978803634644,0.9821065068244934
13,0,0.6740701331870124,0.44,0.9866764545440674,0.9833223819732666
13,0,0.709685001709142,0.46,0.9661868214607239,0.9883888363838196
13,0,0.7870021180306134,0.4,0.9386919140815735,0.9946266412734985
13,0,0.8247555938039799,0.4,0.9386919140815735,0.9965964555740356
13,0,0.8291515355074244,0.38,0.9439027309417725,0.9969821572303772
13,0,0.8120150296222909,0.36,0.9502648115158081,0.9964548349380493
13,0,0.7937805393360365,0.36,0.9502648115158081,0.9957998394966125
13,0,0.7812279942012866,0.36,0.9502648115158081,0.9953749775886536
13,0,0.7792348817323071,0.36,0.9502648115158081,0.9956083297729492
13,0,0.7927248310579513,0.36,0.9502648115158081,0.9964896440505981
13,0,0.8084570530918375,0.36,0.9502648115158081,0.9972549080848694
13,0,0.8128314643709966,0.36,0.9502648115158081,0.997515857219696
13,0,0.8068919089032802,0.36,0.9502648115158081,0.9973980784416199
13,0,0.79803576682918,0.36,0.9502648115158081,0.9971162676811218
13,0,0.7963337133312335,0.34,0.9502648115158081,0.997100293636322
13,0,0.8004773244784142,0.34,0.9502648115158081,0.9972760081291199
13,0,0.7992251158876724,0.34,0.9612516760826111,0.9972584843635559
13,0,0.7967008096037083,0.34,0.9612516760826111,0.9972703456878662
13,0,0.8080342424442937,0.34,0.9612516760826111,0.9976740479469299
13,0,0.8220769419351653,0.38,0.9612516760826111,0.9980215430259705
13,0,0.8283971952790863,0.4,0.9502648115158081,0.998166024684906
13,0,0.8302299353918602,0.4,0.9439027309417725,0.9981473684310913
13,0,0.8312686323231715,0.42,0.9521065354347229,0.9982496500015259
13,0,0.8310828532400729,0.42,0.9521065354347229,0.9981752038002014
13,0,0.8343271498568505,0.4,0.9444928765296936,0.9982696771621704
13,0,0.8363342277616409,0.4,0.9444928765296936,0.9983749985694885
13,0,0.8347923174628606,0.4,0.9444928765296936,0.9984153509140015
13,0,0.8365511502233585,0.38,0.9444928765296936,0.9985091090202332
13,0,0.8424345406804187,0.38,0.956462025642395,0.9986239075660706
13,0,0.8453433537598684,0.38,0.956462025642395,0.9986617565155029
13,0,0.8458023436470834,0.4,0.956462025642395,0.99864262342453
13,0,0.8539513924784107,0.4,0.956462025642395,0.9987655878067017
13,0,0.8597225772280968,0.42,0.9513762593269348,0.9988563060760498
13,0,0.8542073180426853,0.48,0.9513762593269348,0.9988094568252563
13,0,0.8548303619218846,0.5,0.9513762593269348,0.998826265335083
13,0,0.856071842600976,0.5,0.9580877423286438,0.9988443851470947
13,0,0.8553855214459993,0.5,0.9580877423286438,0.9987975358963013
13,0,0.857373905444988,0.5,0.9580877423286438,0.998824417591095
13,0,0.8553927558014789,0.5,0.9580877423286438,0.9987322688102722
13,0,0.8593536940234973,0.5,0.9580877423286438,0.9987758994102478
13,0,0.8603536283309842,0.48,0.9580877423286438,0.998631477355957
13,0,0.8570043129100239,0.48,0.9580877423286438,0.9983975887298584
13,0,0.8569962829788119,0.48,0.9617171883583069,0.998324990272522
13,0,0.8533478160359479,0.48,0.9661313891410828,0.9979907274246216
13,0,0.851289511683155,0.48,0.9661313891410828,0.9975613355636597
13,0,0.8596711103054736,0.46,0.9661313891410828,0.9978979229927063
13,0,0.8648016183233028,0.46,0.9636898636817932,0.9975264072418213
13,0,0.8715857448580383,0.44,0.9393323659896851,0.9971697330474854
13,0,0.8803698694934979,0.44,0.9308677911758423,0.9967728853225708
13,0,0.8719155450873747,0.44,0.9705895185470581,0.9946250319480896
13,0,0.8606858249736047,0.44,0.9492118954658508,0.9897252321243286
13,0,0.8333792948921355,0.42,0.9274052977561951,0.9743752479553223
13,0,0.8028975280917171,0.42,0.9592766761779785,0.9337621331214905
13,0,0.7514100374145944,0.4,0.939224123954773,0.8340362310409546
13,0,0.698766152603295,0.4,0.8201722502708435,0.6619725227355957
13,0,0.6866650842919396,0.44,0.59382164478302,0.5973911881446838
13,0,0.6923477317234852,0.44,0.6740142703056335,0.5811671018600464
13,0,0.7061961730420301,0.44,0.6022657155990601,0.5974645018577576
13,0,0.7210454784068263,0.42,0.6012002229690552,0.6179976463317871
13,0,0.7303594747480241,0.42,0.6203073263168335,0.6217725872993469
13,0,0.7385420843288732,0.4,0.5007930994033813,0.6233150959014893
13,0,0.7504335987628261,0.4,0.13811884820461273,0.6314811706542969
13,0,0.7597342927486467,0.4,0.10986451804637909,0.6509047150611877
13,0,0.763641473317955,0.38,0.17438936233520508,0.6743435859680176
13,0,0.7696218227606735,0.38,0.11436900496482849,0.7159173488616943
13,0,0.7796318723701098,0.4,0.13246333599090576,0.7744984030723572
13,0,0.7929854981503985,0.4,0.1991410106420517,0.8340089321136475
13,0,0.8058488749137727,0.4,0.2948299050331116,0.8828292489051819
13,0,0.8077256651012928,0.42,0.3428398668766022,0.9097217917442322
13,0,0.8054124472213606,0.44,0.36804893612861633,0.9280626773834229
13,0,0.8108827986133612,0.42,0.36804893612861633,0.9492173194885254
13,0,0.818432216297967,0.42,0.5354350805282593,0.9669604301452637
13,0,0.8290144817965628,0.42,0.6146078705787659,0.9800581336021423
13,0,0.8351090233707724,0.46,0.8084686994552612,0.9873184561729431
13,0,0.8337591468509049,0.46,0.8409328460693359,0.9907912611961365
13,0,0.8379222049551783,0.46,0.9438318014144897,0.993571937084198
13,0,0.8453309782330406,0.5,0.9440988302230835,0.9956795573234558
13,0,0.8527935111477447,0.5,0.9563710689544678,0.9971392154693604
13,0,0.859932709715863,0.5,0.9621316194534302,0.9980624914169312
13,0,0.8647452053778555,0.54,0.9719895124435425,0.9985958337783813
13,0,0.86873602116007,0.54,0.9792496562004089,0.9989176392555237
13,0,0.8706877421621785,0.54,0.9792496562004089,0.9990755915641785
13,0,0.8717005296506505,0.54,0.9792496562004089,0.9991945028305054
13,0,0.8725365764410988,0.54,0.9792496562004089,0.9992821216583252
13,0,0.8729585873737591,0.54,0.9792496562004089,0.9993741512298584
13,0,0.8702348068742326,0.54,0.9792496562004089,0.9994043707847595
13,0,0.870099316304798,0.54,0.9792496562004089,0.9994307160377502
13,0,0.8637536729021514,0.54,0.9792496562004089,0.9994046092033386
13,0,0.8430732530958749,0.54,0.9862920045852661,0.9992446899414062
13,0,0.8070226209306262,0.52,0.9862920045852661,0.9988752007484436
13,0,0.7850573517934233,0.48,0.9801631569862366,0.9984295964241028
13,0,0.7657840510298628,0.5,0.9801631569862366,0.9978713393211365
13,0,0.7517850899707358,0.5,0.9594974517822266,0.997333288192749
13,0,0.8086346889174497,0.46,0.975927472114563,0.9982219338417053
13,0,0.7902061820323173,0.42,0.9826034903526306,0.999721884727478
13,0,0.7971610081102757,0.42,0.9723917841911316,0.9996960163116455
13,0,0.6895122987430875,0.48,0.962823212146759,0.9987995624542236
13,0,0.5569600215910635,0.46,0.984384298324585,0.9946286678314209
13,0,0.5177845835927856,0.46,0.9839185476303101,0.9895378351211548
13,0,0.5319547707241172,0.46,0.9763907194137573,0.9878616333007812
13,0,0.49092987263528154,0.44,0.9763704538345337,0.9808560013771057
13,0,0.4663478145226432,0.42,0.9416661858558655,0.9729387760162354
13,0,0.4376418886367657,0.48,0.8785577416419983,0.9463512301445007
13,0,0.39765221533606915,0.5,0.7696409821510315,0.8812471628189087
13,0,0.36680847046085685,0.54,0.6169096231460571,0.7827918529510498
13,0,0.3274195376670528,0.48,0.5903955698013306,0.6462599039077759
13,0,0.3009119417092728,0.46,0.6899629235267639,0.5576690435409546
13,0,0.3068179457246429,0.48,0.3801247477531433,0.6056505441665649
13,0,0.31369989800068765,0.52,0.3801247477531433,0.7264941930770874
13,0,0.3382528358794632,0.52,0.45094773173332214,0.8544666767120361
13,0,0.3804817519540689,0.54,0.5617057681083679,0.9312148094177246
13,0,0.3915732192760526,0.54,0.6063353419303894,0.9621208906173706
13,0,0.40435490389306283,0.56,0.5627803206443787,0.9794055223464966
13,0,0.4167082377425359,0.58,0.6964352130889893,0.988337516784668
13,0,0.43155952104987155,0.58,0.6233260035514832,0.9937466979026794
13,0,0.4524824992295213,0.56,0.820368766784668,0.9967207312583923
13,0,0.48392317091930614,0.56,0.9330110549926758,0.9984094500541687
13,0,0.5174986608169374,0.54,0.9550402164459229,0.9991957545280457
13,0,0.5470598038893668,0.52,0.972662627696991,0.9995361566543579
13,0,0.5660848638963742,0.52,0.9783642888069153,0.9997114539146423
13,0,0.5766654186677704,0.52,0.9783642888069153,0.9998086094856262
13,0,0.5865980597553537,0.5,0.9789875149726868,0.9998695850372314
13,0,0.5968600203796666,0.5,0.9815266728401184,0.9999094009399414
13,0,0.6066257529934977,0.54,0.9815266728401184,0.99993497133255
13,0,0.6141721267481138,0.56,0.9846620559692383,0.9999510049819946
13,0,0.6186248610988375,0.56,0.9846620559692383,0.9999613165855408
13,0,0.6218344755573416,0.56,0.9846620559692383,0.999968409538269
13,0,0.6230055193590689,0.58,0.9846620559692383,0.9999732375144958
13,0,0.6221859967896286,0.58,0.9846620559692383,0.9999765157699585
13,0,0.618666677969484,0.58,0.9846620559692383,0.9999784231185913
13,0,0.6118769569972458,0.58,0.9846620559692383,0.9999791979789734
13,0,0.5999714404590636,0.6,0.9846620559692383,0.999977707862854
13,0,0.5882024340320261,0.6,0.9846620559692383,0.9999754428863525
13,0,0.5767917163070567,0.6,0.9846620559692383,0.9999732971191406
13,0,0.5631655110972333,0.6,0.9708045125007629,0.999962568283081
13,0,0.5514273949898465,0.52,0.9667471647262573,0.9999624490737915
13,0,0.5418023925864475,0.54,0.9696504473686218,0.9999581575393677
13,0,0.5311620735863057,0.52,0.9696504473686218,0.9999486804008484
13,0,0.5192084052757461,0.52,0.9635598063468933,0.9999365210533142
13,0,0.5049370185378884,0.52,0.9592847228050232,0.9999200105667114
13,0,0.4873045270730592,0.52,0.9351774454116821,0.9998975396156311
13,0,0.4685427743501856,0.52,0.9351774454116821,0.9998667240142822
13,0,0.44968936836636253,0.52,0.9267326593399048,0.9998263120651245
13,0,0.4271603963877194,0.52,0.9034631848335266,0.9997611045837402
13,0,0.41003208113085765,0.52,0.8690041899681091,0.9996986389160156
13,0,0.3956841912459051,0.52,0.8804618120193481,0.9996294379234314
13,0,0.38327770215012275,0.54,0.776431679725647,0.9995540380477905
13,0,0.3699672621653177,0.52,0.776431679725647,0.9994732141494751
13,0,0.35618470565813043,0.5,0.49284598231315613,0.9993933439254761
13,0,0.3451835812668423,0.5,0.3938363790512085,0.9993283748626709
13,0,0.3376937199101834,0.5,0.3938363790512085,0.9992878437042236
13,0,0.33645987426509316,0.5,0.23398825526237488,0.9992931485176086
13,0,0.33672708806113055,0.48,0.17722325026988983,0.9992875456809998
13,0,0.3287766071871677,0.48,0.37154972553253174,0.9992703199386597
13,0,0.3253289257157169,0.48,0.37154972553253174,0.9993144869804382
13,0,0.32614795114385575,0.48,0.37154972553253174,0.9993891716003418
13,0,0.32320759475175537,0.48,0.5095477104187012,0.9994096755981445
13,0,0.32650725527866303,0.5,0.5306428670883179,0.9994679093360901
13,0,0.32821098257818004,0.5,0.6329332590103149,0.9995195865631104
13,0,0.3361829369134119,0.5,0.7056903839111328,0.9996380805969238
13,0,0.34691280322113616,0.5,0.6835028529167175,0.9997438192367554
13,0,0.3641721915846174,0.5,0.8927537798881531,0.9998255968093872
13,0,0.3769264530266935,0.5,0.9149357676506042,0.9998574256896973
13,0,0.3850664243772291,0.5,0.8752130270004272,0.9998764395713806
13,0,0.38763925635345536,0.5,0.8777104616165161,0.999890923500061
13,0,0.408141075530583,0.5,0.8777104616165161,0.9999241828918457
13,0,0.43117791754327345,0.5,0.9274799227714539,0.9999470114707947
13,0,0.4570312694936892,0.5,0.9453107118606567,0.9999628067016602
13,0,0.5004315050065794,0.5,0.954306960105896,0.9999784827232361
13,0,0.5254434122663048,0.5,0.973427414894104,0.9999847412109375
13,0,0.534759264759629,0.52,0.9697960615158081,0.9999874234199524
13,0,0.5726938507668629,0.54,0.9697960615158081,0.9999898672103882
13,0,0.6043594401502124,0.54,0.9753701090812683,0.9999918341636658
13,0,0.6189454164172881,0.56,0.9753701090812683,0.9999927282333374
13,0,0.6418518844311772,0.56,0.9753701090812683,0.9999938011169434
13,0,0.6643843448950194,0.56,0.9753701090812683,0.9999950528144836
13,0,0.6589182955998152,0.56,0.9833167195320129,0.9999953508377075
13,0,0.6768948642946929,0.56,0.9859990477561951,0.9999948740005493
13,0,0.687618875538267,0.56,0.9900458455085754,0.9999940991401672
13,0,0.663164413110697,0.58,0.9886310696601868,0.9999921917915344
13,0,0.6522401326688224,0.58,0.9886310696601868,0.9999906420707703
13,0,0.6426235360190774,0.5,0.9886310696601868,0.9999886155128479
13,0,0.6369402553539524,0.5,0.9886310696601868,0.9999857544898987
13,0,0.6299882486803426,0.46,0.9851823449134827,0.999981164932251
13,0,0.6185730593188369,0.48,0.9777529239654541,0.9999740719795227
13,0,0.6030001258640035,0.46,0.977867603302002,0.9999642968177795
13,0,0.5860408452917562,0.48,0.9731723070144653,0.9999507069587708
13,0,0.5648303553309925,0.46,0.9640536904335022,0.9999292492866516
13,0,0.5380032156684061,0.42,0.9479994177818298,0.9998928904533386
13,0,0.5129998680133575,0.42,0.9220070242881775,0.9998471140861511
13,0,0.4860990726671636,0.42,0.7606436610221863,0.9997871518135071
13,0,0.45596403005948366,0.4,0.6467857360839844,0.9996907114982605
13,0,0.43548395067859247,0.38,0.6091561913490295,0.9995548725128174
13,0,0.42686400980635797,0.34,0.2753208875656128,0.9994382858276367
13,0,0.419363355586351,0.34,0.2753208875656128,0.9993085861206055
13,0,0.4107608723078963,0.36,0.2753208875656128,0.9992089867591858
13,0,0.40500311335714373,0.34,0.2753208875656128,0.9991484880447388
13,0,0.40913375482171216,0.32,0.2753208875656128,0.9991726875305176
13,0,0.40771120307532543,0.32,0.2753208875656128,0.9992194175720215
13,0,0.40090741163669563,0.32,0.2753208875656128,0.9992304444313049
13,0,0.4054426848198335,0.32,0.25689852237701416,0.9993505477905273
13,0,0.4173536266945102,0.34,0.4472573697566986,0.9994921684265137
13,0,0.4293815774679025,0.34,0.48735660314559937,0.999612033367157
13,0,0.4360642307357883,0.36,0.7430442571640015,0.9996963143348694
13,0,0.4502435772983245,0.4,0.8598049879074097,0.9997870922088623
13,0,0.47280430854669914,0.38,0.9043773412704468,0.999866247177124
13,0,0.48703365999249726,0.38,0.9244065880775452,0.999909520149231
13,0,0.5026494911599065,0.38,0.9331001043319702,0.9999398589134216
13,0,0.5253509429780577,0.4,0.9356682300567627,0.9999610185623169
13,0,0.5472377822397202,0.4,0.940425455570221,0.9999746680259705
13,0,0.5678983182278312,0.44,0.9385636448860168,0.9999833703041077
13,0,0.5854963697293282,0.42,0.9385636448860168,0.9999882578849792
13,0,0.607078672018887,0.44,0.9385636448860168,0.9999918937683105
13,0,0.626001396957636,0.44,0.9448896050453186,0.9999939799308777
13,0,0.6428212045528102,0.44,0.9448896050453186,0.9999954700469971
13,0,0.6591975369059141,0.44,0.9448896050453186,0.999996542930603
13,0,0.67444211551158,0.44,0.9448896050453186,0.9999972581863403
13,0,0.6885578556743304,0.44,0.9448896050453186,0.9999977946281433
13,0,0.701341786842877,0.44,0.9448896050453186,0.999998152256012
13,0,0.7123629565118269,0.44,0.9448896050453186,0.9999985098838806
13,0,0.7137547592037191,0.44,0.949601948261261,0.9999986290931702
13,0,0.719325098097435,0.44,0.949601948261261,0.9999988675117493
13,0,0.7072707317409078,0.42,0.9530730843544006,0.9999988079071045
13,0,0.7052787159661312,0.42,0.9530730843544006,0.9999986290931702
13,0,0.6877040130525898,0.4,0.9746854901313782,0.9999982714653015
13,0,0.6900941445668476,0.4,0.9746854901313782,0.9999979734420776
13,0,0.6922391256955777,0.4,0.9746854901313782,0.9999974370002747
13,0,0.6867266583399487,0.38,0.9746854901313782,0.9999964833259583
13,0,0.6769249173949131,0.38,0.9791216254234314,0.9999945163726807
13,0,0.674542005528425,0.4,0.9791216254234314,0.999991774559021
13,0,0.6749457046690917,0.4,0.9791216254234314,0.9999884366989136
13,0,0.6579266126541851,0.4,0.9808314442634583,0.999981701374054
13,0,0.623311535884667,0.36,0.9232651591300964,0.9999668002128601
13,0,0.5922348696078896,0.36,0.8991016745567322,0.9999400973320007
13,0,0.5628351585544812,0.34,0.8780246376991272,0.9998931288719177
13,0,0.52491798363094,0.34,0.8446633219718933,0.9998050332069397
13,0,0.4871465419404157,0.3,0.6831681132316589,0.9996641278266907
13,0,0.4557133323183325,0.3,0.5097619891166687,0.9994748830795288
13,0,0.43255909181263447,0.26,0.3992132544517517,0.9992505311965942
13,0,0.41865708747077013,0.2,0.20221535861492157,0.9989999532699585
13,0,0.4033064080706915,0.24,0.14754201471805573,0.9986379146575928
13,0,0.38163686270415975,0.22,0.12057790905237198,0.9981884956359863
13,0,0.3645343658223869,0.2,0.05491667240858078,0.997857928276062
13,0,0.3527422140491597,0.22,0.053484246134757996,0.9977592825889587
13,0,0.34574065758027017,0.2,0.053484246134757996,0.9976507425308228
13,0,0.337121120256249,0.24,0.0614100880920887,0.996566116809845
13,0,0.33000566628036093,0.24,0.0614100880920887,0.9952662587165833
13,0,0.3273505686673386,0.22,0.131210595369339,0.996021032333374
13,0,0.3298695906597013,0.22,0.2047254741191864,0.9969291687011719
13,0,0.3386546660284114,0.18,0.12831725180149078,0.9976825714111328
13,0,0.34704756072418436,0.2,0.20951369404792786,0.9981992840766907
13,0,0.36075218675056875,0.22,0.38285061717033386,0.9988142848014832
13,0,0.36813708893612435,0.28,0.34592801332473755,0.9992308020591736
13,0,0.3739794004638263,0.3,0.4232977330684662,0.9995167851448059
13,0,0.385889938500938,0.3,0.7151195406913757,0.9997131824493408
13,0,0.40764203552090644,0.32,0.9613739848136902,0.9998509287834167
13,0,0.42658783906034586,0.36,0.9659725427627563,0.9999079704284668
13,0,0.448708848486905,0.36,0.9659725427627563,0.9999406337738037
13,0,0.47253534458581353,0.36,0.9772658944129944,0.9999584555625916
13,0,0.48636168739916436,0.36,0.9772658944129944,0.9999688267707825
13,0,0.49866574662554436,0.36,0.9750947952270508,0.9999764561653137
13,0,0.5375820902688561,0.38,0.9750947952270508,0.9999852180480957
13,0,0.5780881474832632,0.38,0.9716846346855164,0.9999903440475464
13,0,0.5960857013917881,0.38,0.9686306715011597,0.9999926686286926
13,0,0.6030234534169521,0.4,0.9713744521141052,0.9999937415122986
13,0,0.5988104788312998,0.4,0.9713744521141052,0.9999942779541016
13,0,0.5969853090523201,0.4,0.9713744521141052,0.999994695186615
13,0,0.5967845057225983,0.4,0.9741684198379517,0.9999949336051941
13,0,0.5819264495178921,0.4,0.9850634336471558,0.999994695186615
13,0,0.5663298777218521,0.44,0.9850634336471558,0.9999942183494568
13,0,0.5528569843801868,0.46,0.9839353561401367,0.9999932050704956
13,0,0.5384222627906533,0.44,0.98325115442276,0.9999916553497314
13,0,0.5169729169561739,0.46,0.9767857789993286,0.999988853931427
13,0,0.4849196225453799,0.46,0.9850956797599792,0.999984085559845
13,0,0.4416984873409433,0.46,0.9303106069564819,0.9999762773513794
13,0,0.4122540200420731,0.42,0.946303129196167,0.9999665021896362
13,0,0.38635326055435726,0.36,0.9186913967132568,0.9999485611915588
13,0,0.35180938196586825,0.3,0.7823978662490845,0.9999072551727295
13,0,0.3195219155693696,0.32,0.5236595869064331,0.9998248219490051
13,0,0.29092118875118095,0.3,0.2247713804244995,0.9996492862701416
13,0,0.26500365784201285,0.26,0.0576559454202652,0.9992726445198059
13,0,0.24247508790129393,0.26,0.026227347552776337,0.9983433485031128
13,0,0.22239028601341537,0.26,0.015290480107069016,0.9959969520568848
13,0,0.20811699290198762,0.26,0.02776118740439415,0.9891045093536377
13,0,0.18834030154965872,0.24,0.015681127086281776,0.9563210606575012
13,0,0.1787674715762642,0.24,0.019901087507605553,0.894559383392334
13,0,0.16951520200749728,0.24,0.02553369477391243,0.7649311423301697
13,0,0.16300716884064276,0.26,0.028788819909095764,0.5848221778869629
13,0,0.14646783715537942,0.26,0.029521333053708076,0.31706005334854126
13,0,0.1411180624594948,0.26,0.029521333053708076,0.19645364582538605
13,0,0.13488669864341338,0.26,0.02790803276002407,0.12491397559642792
13,0,0.12823822756093392,0.26,0.025459038093686104,0.07675108313560486
13,0,0.12265704436814193,0.26,0.012643483467400074,0.052614908665418625
13,0,0.11828546058872398,0.26,0.012183012440800667,0.03833811730146408
13,0,0.11307033083792237,0.24,0.012183012440800667,0.030237117782235146
13,0,0.10358328279327338,0.24,0.012183012440800667,0.02389652654528618
13,0,0.10731435350739857,0.24,0.005838147830218077,0.021762151271104813
13,0,0.11840692894015387,0.22,0.003822196973487735,0.024542691186070442
13,0,0.14314437803619082,0.3,0.003757442580536008,0.03721107169985771
13,0,0.15344957272599413,0.3,0.003757442580536008,0.05984357371926308
13,0,0.1622844106991475,0.3,0.003964246716350317,0.10196493566036224
13,0,0.16821694237663004,0.28,0.005006568040698767,0.18505313992500305
13,0,0.1669481689324743,0.26,0.005006568040698767,0.3285228908061981
13,0,0.1724066475561273,0.26,0.0034735151566565037,0.6024593114852905
13,0,0.18246302131436484,0.26,0.018500883132219315,0.7999317049980164
13,0,0.1874160032180121,0.26,0.019892647862434387,0.8921754956245422
13,0,0.19584931004289063,0.26,0.019892647862434387,0.9379413723945618
13,0,0.21616958913940643,0.26,0.023962587118148804,0.969234824180603
13,0,0.22710471628038892,0.28,0.03586815297603607,0.9839896559715271
13,0,0.23087821808798864,0.28,0.03659924864768982,0.9911871552467346
13,0,0.2412827033325122,0.28,0.06007162854075432,0.994587779045105
13,0,0.24370209720357885,0.28,0.05580249801278114,0.9958711266517639
13,0,0.2516705684478408,0.28,0.05580249801278114,0.9968985319137573
13,0,0.2530184838112332,0.3,0.05708295479416847,0.9975506067276001
13,0,0.24880445750409882,0.4,0.08683653920888901,0.9978824257850647
13,0,0.253864920767801,0.4,0.07693666964769363,0.9982057809829712
13,0,0.2581110509654047,0.4,0.0752464160323143,0.9983881711959839
13,0,0.258562933076155,0.38,0.14377184212207794,0.9984226226806641
13,0,0.2551329823216229,0.38,0.14812667667865753,0.9982661604881287
13,0,0.24605082669767508,0.36,0.14812667667865753,0.9977974891662598
13,0,0.23612690221816804,0.36,0.08532322943210602,0.9970171451568604
13,0,0.22568630520865005,0.34,0.08532322943210602,0.9957215785980225
13,0,0.21542178180170554,0.34,0.04842706769704819,0.9935469627380371
13,0,0.20582788736551214,0.34,0.04842706769704819,0.9892747402191162
13,0,0.1984369288199321,0.36,0.05181329324841499,0.981532633304596
13,0,0.19328733196232925,0.36,0.07208015024662018,0.9625168442726135
13,0,0.18735516733589763,0.36,0.06299164891242981,0.9179927110671997
13,0,0.17851201429777094,0.36,0.05989071726799011,0.8131167888641357
13,0,0.16762004726519625,0.34,0.05671476200222969,0.5788577795028687
13,0,0.15619854158563104,0.36,0.0521450936794281,0.30706584453582764
13,0,0.1484966304415103,0.36,0.0521450936794281,0.13635510206222534
13,0,0.14856288897527198,0.36,0.05217059329152107,0.06061380356550217
13,0,0.15065087293701,0.36,0.022823065519332886,0.02828647382557392
13,0,0.14582863675574473,0.36,0.04842454195022583,0.013617197051644325
13,0,0.1235732655106383,0.36,0.07225839048624039,0.005913409870117903
13,0,0.12064201245645209,0.36,0.07225839048624039,0.003359926398843527
13,0,0.12078329193037493,0.36,0.12865866720676422,0.0022612528409808874
13,0,0.11834101334781613,0.38,0.11844582110643387,0.001600555726327002
13,0,0.11049875892394155,0.4,0.11844582110643387,0.0014220408629626036
13,0,0.10718439234759894,0.36,0.12865866720676422,0.0015905889449641109
13,0,0.106371944436359,0.36,0.11542684584856033,0.001648504170589149
13,0,0.09937232249559191,0.36,0.11542684584856033,0.0018532313406467438
13,0,0.08774306806444991,0.36,0.11542684584856033,0.002140524797141552
13,0,0.08329918231316831,0.34,0.11542684584856033,0.002978514414280653
13,0,0.08351291567507303,0.32,0.11542684584856033,0.004783963318914175
13,0,0.083391822903525,0.32,0.11542684584856033,0.0077094933949410915
13,0,0.08453734478157426,0.32,0.12330619245767593,0.013128910213708878
13,0,0.08554035321700167,0.32,0.16580046713352203,0.02451641671359539
13,0,0.08704402410151153,0.34,0.1397276669740677,0.04972822591662407
13,0,0.09214883498454954,0.34,0.11297755688428879,0.10837938636541367
13,0,0.09771623252295573,0.34,0.1023394837975502,0.216765359044075
13,0,0.10178688102214374,0.34,0.1023394837975502,0.36309680342674255
13,0,0.1085729567006124,0.34,0.10777845233678818,0.5253704190254211
13,0,0.1178417725778892,0.34,0.11311238259077072,0.6770583391189575
13,0,0.13385433704054414,0.3,0.11304496973752975,0.7992362380027771
13,0,0.14791264409785151,0.28,0.028331909328699112,0.8631387948989868
13,0,0.10961887123709885,0.24,0.027419188991189003,0.7158167362213135
13,0,0.06919333900069818,0.24,0.012293013744056225,0.38202184438705444
13,0,0.09667514056768915,0.2,0.004824966192245483,0.06714654713869095
13,0,0.20271104633495501,0.2,0.002269273390993476,0.018566198647022247
13,0,0.2585654865520424,0.16,0.002766861580312252,0.030028074979782104
13,0,0.2712507127125467,0.16,0.002766861580312252,0.03905310109257698
13,0,0.26619514415852963,0.16,0.002766861580312252,0.04668179899454117
13,0,0.24926151568980628,0.16,0.002766861580312252,0.04965246468782425
13,0,0.22823674250074538,0.16,0.002766861580312252,0.04890457168221474
13,0,0.21037994520373993,0.12,0.0016205336432904005,0.04818971827626228
13,0,0.197875155750653,0.12,0.0016205336432904005,0.05148927867412567
13,0,0.1880149120698015,0.12,0.0016205336432904005,0.05663082376122475
13,0,0.18292591235078737,0.12,0.001293141394853592,0.06793170422315598
13,0,0.18468581967270317,0.14,0.000962169433478266,0.08439218997955322
13,0,0.1868161020861015,0.12,0.0007239807746373117,0.09667109698057175
13,0,0.18137616399725065,0.12,0.0007239807746373117,0.09173484146595001
13,0,0.17016589974087332,0.12,0.0014800061471760273,0.07677362859249115
13,0,0.15841189902164718,0.14,0.0014800061471760273,0.05994681268930435
13,0,0.15453310140150103,0.14,0.0014800061471760273,0.05141141265630722
13,0,0.15277790035063013,0.16,0.0008867676369845867,0.045048847794532776
13,0,0.15773560334294978,0.18,0.0016644852003082633,0.05220390483736992
13,0,0.16130396032296115,0.2,0.0016644852003082633,0.06001481041312218
13,0,0.15463835097990994,0.22,0.00068866420770064,0.050168804824352264
13,0,0.1587096036601849,0.22,0.0007496456964872777,0.039149973541498184
13,0,0.15917653828203454,0.16,0.0007452750578522682,0.028546519577503204
13,0,0.1568223782776125,0.16,0.0008372733718715608,0.017635051161050797
13,0,0.15822423055533574,0.14,0.00048269235412590206,0.011503491550683975
13,0,0.1532584303917959,0.14,0.000457731366623193,0.006919691804796457
13,0,0.15067877376341998,0.14,0.0005270597757771611,0.004546173848211765
13,0,0.15242126293868147,0.14,0.0005270597757771611,0.003308545798063278
13,0,0.1532721494827245,0.14,0.0005557992844842374,0.002282742178067565
13,0,0.15518301345091234,0.14,0.000785230309702456,0.0016560795484110713
13,0,0.15859630238093425,0.14,0.0006086023640818894,0.0012910482473671436
13,0,0.16304421728845686,0.14,0.0007062608492560685,0.0009651460568420589
13,0,0.16597586039047918,0.14,0.0005394850159063935,0.0007082009688019753
13,0,0.15352695341469227,0.12,0.0005394850159063935,0.00044197950046509504
13,0,0.1306315969409069,0.12,0.00046487682266160846,0.00032608030596747994
13,0,0.10315076172890549,0.06,0.0001899884082376957,0.00023677066201344132
13,0,0.09297259694150166,0.06,0.00023077611695043743,0.00016456616867799312
13,0,0.0991572632946053,0.04,0.00012286516721360385,0.0001526821288280189
13,0,0.11592482893513953,0.04,0.00013427820522338152,0.00018459315469954163
13,0,0.11713697539977097,0.06,0.00013427820522338152,0.0002108470507664606
13,0,0.12003636818676959,0.08,0.00013427820522338152,0.0002783027885016054
13,0,0.12411427466340834,0.18,0.00034815340768545866,0.00039006079896353185
13,0,0.128756749005797,0.22,0.00034815340768545866,0.0005540287238545716
13,0,0.13191067866822892,0.2,0.0004037243197672069,0.000731634849216789
13,0,0.1342886823769577,0.2,0.000997109105810523,0.0009224539389833808
13,0,0.1397990174970711,0.22,0.0013400830794125795,0.0012705517001450062
13,0,0.14589916984897158,0.2,0.001231130212545395,0.0016463450156152248
13,0,0.15384571149549128,0.18,0.0008970533963292837,0.002257394837215543
13,0,0.1507944596741994,0.18,0.0008163443999364972,0.0027842726558446884
13,0,0.13794502994321087,0.16,0.0008163443999364972,0.0031602506060153246
13,0,0.12715679248830491,0.16,0.0008163443999364972,0.0035516333300620317
13,0,0.12448262807721142,0.16,0.000987295643426478,0.004410433582961559
13,0,0.12654833032453697,0.18,0.000987295643426478,0.0057646725326776505
13,0,0.1263201887291403,0.18,0.000987295643426478,0.006764154881238937
13,0,0.12477857276570087,0.18,0.000987295643426478,0.007454851176589727
13,0,0.12469793164138097,0.2,0.000987295643426478,0.008100849576294422
13,0,0.13218845379806005,0.2,0.000987295643426478,0.010337003506720066
13,0,0.1265095014892357,0.2,0.0010848876554518938,0.011769815348088741
13,0,0.10906962849078353,0.22,0.0010848876554518938,0.00946241244673729
13,0,0.09242816465117394,0.16,0.0008970533963292837,0.0064764609560370445
13,0,0.0846502889497704,0.16,0.0007790946983732283,0.0046914806589484215
13,0,0.07993049055912317,0.12,0.0007790946983732283,0.0032684835605323315
13,0,0.07589393910789168,0.14,0.0007790946983732283,0.002173313871026039
13,0,0.07357439826386575,0.14,0.0007790946983732283,0.0013981761876493692
13,0,0.07052127778264415,0.14,0.0007790946983732283,0.0007596908835694194
13,0,0.06866084167147682,0.16,0.0007790946983732283,0.00041155898361466825
13,0,0.06777821076791127,0.14,0.00036319097853265703,0.00022558339696843177
13,0,0.06719672274750611,0.14,0.00018798481323756278,0.000134314046590589
13,0,0.06787925294407675,0.14,0.00018798481323756278,8.729290129849687e-05
13,0,0.07198002952972148,0.06,6.59687357256189e-05,4.8087877075886354e-05
13,0,0.07684930450069369,0.06,6.59687357256189e-05,5.1537321269279346e-05
13,0,0.08625914933065852,0.06,6.59687357256189e-05,5.062254786025733e-05
13,0,0.09431165934948067,0.06,6.59687357256189e-05,5.086547025712207e-05
13,0,0.09313310453927784,0.06,6.0361351643223315e-05,4.574514605337754e-05
13,0,0.09662353758075465,0.06,6.0361351643223315e-05,4.246165190124884e-05
13,0,0.09964866097805747,0.06,6.688131543342024e-05,3.9134425605880097e-05
13,0,0.1034903057481022,0.08,6.688131543342024e-05,3.8907212001504377e-05
13,0,0.1103227751016118,0.06,6.688131543342024e-05,4.2643929191399366e-05
13,0,0.11418162158172901,0.08,6.688131543342024e-05,4.696004543802701e-05
13,0,0.11657632849035092,0.08,6.688131543342024e-05,5.1365397666813806e-05
13,0,0.12459265898453765,0.08,6.829627091065049e-05,6.431640940718353e-05
13,0,0.1385454711864182,0.08,8.81308878888376e-05,9.600340854376554e-05
13,0,0.14349126721619498,0.08,0.00016137106285896152,0.000147209400893189
13,0,0.16526580665255072,0.1,0.00021450268104672432,0.00028741033747792244
13,0,0.19411560728677896,0.1,0.00017659083823673427,0.000582392152864486
13,0,0.2143956344146253,0.12,0.0005014538182877004,0.0010960249928757548
13,0,0.2215281337284564,0.14,0.0009502237662672997,0.001834784634411335
13,0,0.22127027679531514,0.14,0.0009502237662672997,0.0027058070991188288
13,0,0.24304092568578353,0.16,0.0010384104680269957,0.004190332256257534
13,0,0.25304958570722214,0.16,0.0016656306106597185,0.005903002340346575
13,0,0.2850648529403448,0.18,0.0031978897750377655,0.007847296074032784
13,0,0.31997733283308694,0.18,0.001934814383275807,0.009645059704780579
13,0,0.37006489917271507,0.2,0.004689489956945181,0.012374253012239933
13,0,0.3874547582193115,0.18,0.009564226493239403,0.015876734629273415
13,0,0.4052126186570401,0.18,0.007172137498855591,0.026550956070423126
13,0,0.4070689376102093,0.2,0.012085397727787495,0.027361394837498665
13,0,0.39019841532355,0.18,0.012085397727787495,0.03571163862943649
13,0,0.36561390745433825,0.14,0.012085397727787495,0.04218975454568863
13,0,0.3484952269841559,0.14,0.014608344994485378,0.051951754838228226
13,0,0.3379531505337694,0.12,0.009199168533086777,0.06554777175188065
13,0,0.3237831709268728,0.12,0.009199168533086777,0.07351081818342209
13,0,0.3144167929592646,0.12,0.006087589077651501,0.08302687853574753
13,0,0.3114655669599719,0.12,0.006087589077651501,0.09725499898195267
13,0,0.31355778015069974,0.12,0.006087589077651501,0.1146581694483757
13,0,0.3179747007021623,0.12,0.0036275130696594715,0.13155564665794373
13,0,0.3180867634630302,0.12,0.0036275130696594715,0.14050695300102234
13,0,0.3075045619713449,0.12,0.0036275130696594715,0.13585078716278076
13,0,0.2983766795249988,0.12,0.0036275130696594715,0.1305830329656601
13,0,0.30036192084737096,0.12,0.0036275130696594715,0.13314345479011536
13,0,0.30703171063935186,0.12,0.003947703167796135,0.13697883486747742
13,0,0.3199536160540514,0.12,0.003947703167796135,0.13541476428508759
13,0,0.3470846900957436,0.18,0.003947703167796135,0.1543550193309784
13,0,0.35513183873441023,0.18,0.003947703167796135,0.1558501422405243
13,0,0.35208597541538267,0.2,0.003947703167796135,0.15035758912563324
13,0,0.35331667044844006,0.2,0.003947703167796135,0.15242823958396912
13,0,0.3600193003109443,0.2,0.0035935104824602604,0.16936953365802765
13,0,0.3730345385923197,0.2,0.004168139770627022,0.18852485716342926
13,0,0.3766351656529513,0.2,0.004168139770627022,0.2044716328382492
13,0,0.3656322852371479,0.2,0.004168139770627022,0.2099747210741043
13,0,0.3586825326614645,0.2,0.004168139770627022,0.22320961952209473
13,0,0.35285801379636955,0.2,0.002754566026851535,0.23858565092086792
13,0,0.34439069558051993,0.2,0.002754566026851535,0.24632605910301208
13,0,0.3350367871945717,0.2,0.002754566026851535,0.26823127269744873
13,0,0.3260261483154571,0.2,0.002486686920747161,0.3058515787124634
13,0,0.3207645879891168,0.2,0.002486686920747161,0.34544941782951355
13,0,0.31162763750603995,0.2,0.002732085296884179,0.368787944316864
13,0,0.3086008587101165,0.2,0.002732085296884179,0.41306304931640625
13,0,0.31259759685895483,0.2,0.002732085296884179,0.46983957290649414
13,0,0.30743167593079285,0.2,0.002732085296884179,0.5005383491516113
13,0,0.3050012210050082,0.2,0.002732085296884179,0.5267979502677917
13,0,0.31030953530225175,0.18,0.002732085296884179,0.564602255821228
13,0,0.3139701641963244,0.18,0.0021297521889209747,0.588167667388916
13,0,0.30139387122706346,0.16,0.0021297521889209747,0.5581588745117188
13,0,0.2730503975487385,0.18,0.0025351473595947027,0.46758607029914856
13,0,0.23774403312608766,0.18,0.001988781848922372,0.34711846709251404
13,0,0.44296081066988885,0.1,0.004112092312425375,0.07168345153331757
13,0,0.5950576460537746,0.08,0.000982771161943674,0.22437965869903564
13,0,0.643177984157119,0.08,0.000982771161943674,0.3840077519416809
13,0,0.6215195810044365,0.08,0.00107991648837924,0.40158143639564514
13,0,0.6892602274690537,0.08,0.000570610398426652,0.5889617204666138
13,0,0.7423011521051679,0.08,0.000570610398426652,0.7488663196563721
13,0,0.7368818919965877,0.08,0.000570610398426652,0.7199676036834717
13,0,0.7006770673264207,0.08,0.00045355502516031265,0.5595802068710327
13,0,0.7097188822106343,0.08,0.0004127316060476005,0.42062506079673767
13,0,0.7413323190686582,0.08,0.0003584363148547709,0.3888118267059326
13,0,0.756087905349398,0.08,0.00045095410314388573,0.34343206882476807
13,0,0.7916453277224218,0.1,0.00045095410314388573,0.3729571998119354
13,0,0.8118620012916022,0.1,0.00045095410314388573,0.4203891158103943
13,0,0.7900086073040969,0.1,0.00045095410314388573,0.39022350311279297
13,0,0.7824513966224462,0.1,0.00045095410314388573,0.4186784625053406
13,0,0.8071410946167612,0.12,0.00045095410314388573,0.5143278241157532
13,0,0.8106947796349163,0.12,0.0003320871910545975,0.4860508441925049
13,0,0.8185413763428967,0.12,0.00045095410314388573,0.42281943559646606
13,0,0.8374074038036224,0.14,0.00045095410314388573,0.39478984475135803
13,0,0.8400658399666066,0.14,0.0005192566313780844,0.3584537208080292
13,0,0.8270135562558196,0.14,0.0005192566313780844,0.3075745403766632
13,0,0.812939594469119,0.14,0.0005192566313780844,0.27944448590278625
13,0,0.7988187384445834,0.14,0.0005192566313780844,0.2505289614200592
13,0,0.7948140573606987,0.14,0.0003823929000645876,0.24914230406284332
13,0,0.7913884556613017,0.14,0.0003823929000645876,0.257852166891098
13,0,0.7799213326623136,0.14,0.0003823929000645876,0.2648303806781769
13,0,0.7743974547576227,0.14,0.0003320871910545975,0.27707165479660034
13,0,0.7702659057995381,0.14,0.0003320871910545975,0.2841171622276306
13,0,0.7720086614962528,0.14,0.0003649370919447392,0.5056383609771729
13,0,0.7668300921375955,0.14,0.0003649370919447392,0.37577661871910095
13,0,0.7591507888033955,0.14,0.0003649370919447392,0.3467961549758911
13,0,0.7519353301036519,0.14,0.0003649370919447392,0.3228302001953125
13,0,0.7399818262154839,0.14,0.0003649370919447392,0.27266231179237366
13,0,0.720555886196475,0.14,0.0003649370919447392,0.2318989783525467
13,0,0.7094432044025549,0.14,0.0003320871910545975,0.12254011631011963
13,0,0.7128810427867247,0.14,0.0003320871910545975,0.11056909710168839
13,0,0.7148060525794259,0.14,0.0003320871910545975,0.10763093829154968
13,0,0.7166514664164799,0.14,0.0003320871910545975,0.10706375539302826
13,0,0.717158154588027,0.14,0.0003320871910545975,0.09894134849309921
13,0,0.7219150832296312,0.14,0.0003320871910545975,0.09575124084949493
13,0,0.7266668322548141,0.14,0.0003320871910545975,0.09227843582630157
13,0,0.7290397331117413,0.14,0.0003320871910545975,0.0871182531118393
13,0,0.7303188803889203,0.14,0.0003320871910545975,0.08149343729019165
13,0,0.7291284691588474,0.14,0.0003320871910545975,0.07254727184772491
13,0,0.7284905348498798,0.14,0.0003320871910545975,0.06645449250936508
13,0,0.7287270088991593,0.14,0.0003320871910545975,0.06516584753990173
13,0,0.7280923444671082,0.14,0.0003320871910545975,0.06753014028072357
13,0,0.7260693602213257,0.14,0.0003320871910545975,0.0715138390660286
13,0,0.7219900992227826,0.14,0.0003320871910545975,0.07654216140508652
13,0,0.7156337265439956,0.14,0.0004067929112352431,0.08337818831205368
13,0,0.7049821509511573,0.14,0.0007731122896075249,0.09350605309009552
13,0,0.6916976693179292,0.14,0.0007731122896075249,0.10446684062480927
13,0,0.6778412957526947,0.16,0.0012079817242920399,0.11347190290689468
13,0,0.6603249566155829,0.14,0.0012079817242920399,0.10725963860750198
13,0,0.6415703232428386,0.14,0.0012079817242920399,0.0960100069642067
13,0,0.6256183063402015,0.14,0.0012079817242920399,0.09300131350755692
13,0,0.6036269341994728,0.14,0.0012079817242920399,0.0986039862036705
13,0,0.5920867482181312,0.14,0.0012079817242920399,0.12105508148670197
13,0,0.5924258333100797,0.14,0.0012079817242920399,0.14552754163742065
13,0,0.5884018612481672,0.14,0.0013273591175675392,0.1889549195766449
13,0,0.5842425718342678,0.14,0.0013273591175675392,0.19542603194713593
13,0,0.574726319479514,0.14,0.0013273591175675392,0.19453787803649902
13,0,0.5767670267842666,0.14,0.0013273591175675392,0.19936221837997437
13,0,0.604288062911979,0.14,0.0012079817242920399,0.1946670562028885
13,0,0.6255543515670946,0.14,0.0012079817242920399,0.21609844267368317
13,0,0.6439373379196851,0.14,0.0012079817242920399,0.2514222264289856
13,0,0.6549191868188918,0.14,0.0008975074160844088,0.30502161383628845
13,0,0.6619565970077441,0.14,0.0008975074160844088,0.36346516013145447
13,0,0.6773197617243572,0.14,0.0008975074160844088,0.24548108875751495
13,0,0.6986603693523544,0.14,0.000986232771538198,0.5710625648498535
13,0,0.7109702026285233,0.14,0.000986232771538198,0.623150110244751
13,0,0.7230302212225266,0.14,0.000986232771538198,0.6616774201393127
13,0,0.7231683595293039,0.14,0.000986232771538198,0.6570440530776978
13,0,0.7309199161996274,0.14,0.0008975074160844088,0.5467479228973389
13,0,0.7308501629790356,0.14,0.001061225077137351,0.5809338688850403
13,0,0.7308343546449495,0.14,0.001166116213425994,0.6686025857925415
13,0,0.7402624899273265,0.14,0.0006986070657148957,0.6772311925888062
13,0,0.7480074850380787,0.14,0.0006986070657148957,0.6750636100769043
13,0,0.7557853360912651,0.14,0.0006986070657148957,0.6632994413375854
13,0,0.7611275333038362,0.14,0.0009485408663749695,0.6324951648712158
13,0,0.7655270416989106,0.14,0.0009485408663749695,0.5871890783309937
13,0,0.7430962830758286,0.14,0.0009485408663749695,0.4345511496067047
13,0,0.7144373982341473,0.14,0.0009485408663749695,0.2750829756259918
13,0,0.6972234914324672,0.16,0.0004051071882713586,0.15826991200447083
13,0,0.7290054357984167,0.14,9.120027243625373e-05,0.1496419757604599
13,0,0.7700819683518288,0.16,9.120027243625373e-05,0.17528638243675232
13,0,0.7723272819215884,0.12,4.7198347601806745e-05,0.16127672791481018
13,0,0.7702071410196,0.12,5.702650742023252e-05,0.14434143900871277
13,0,0.763771748243339,0.12,5.702650742023252e-05,0.11747468262910843
13,0,0.7604116995351868,0.12,5.702650742023252e-05,0.08560849726200104
13,0,0.7684093353031914,0.12,5.702650742023252e-05,0.06837949901819229
13,0,0.7737409790535447,0.14,5.702650742023252e-05,0.057932622730731964
13,0,0.7687353970872913,0.16,8.971748320618644e-05,0.049968037754297256
13,0,0.7598431662195899,0.16,8.971748320618644e-05,0.046677328646183014
13,0,0.7504447043150871,0.16,8.971748320618644e-05,0.047606103122234344
13,0,0.7431982509429756,0.16,0.00017335196025669575,0.05018879100680351
13,0,0.7400524578910205,0.18,0.00017335196025669575,0.05692768469452858
13,0,0.7393390094883383,0.18,0.0004282863810658455,0.0660039409995079
13,0,0.7382443685351343,0.18,0.0004282863810658455,0.07705619931221008
13,0,0.7347676941571368,0.18,0.0004282863810658455,0.09062691032886505
13,0,0.7336724827469492,0.16,0.0004282863810658455,0.12360169738531113
13,0,0.7383975136341857,0.16,0.0004282863810658455,0.17893265187740326
13,0,0.7359850197298137,0.16,0.0004282863810658455,0.21190892159938812
13,0,0.7274218159612045,0.16,0.0004282863810658455,0.21245525777339935
13,0,0.7302721862512838,0.16,0.0007150259334594011,0.26454514265060425
13,0,0.737606346330209,0.16,0.0012129020178690553,0.38328519463539124
13,0,0.7460970917486218,0.18,0.0012129020178690553,0.5503950119018555
13,0,0.7671966873846714,0.18,0.0012129020178690553,0.7129819393157959
13,0,0.7876253472178696,0.18,0.0012129020178690553,0.8041726350784302
13,0,0.7954370677186956,0.18,0.0012129020178690553,0.8540869951248169
13,0,0.7923027247194275,0.18,0.0012129020178690553,0.8809310793876648
13,0,0.8024107351511367,0.18,0.0012129020178690553,0.9129983186721802
13,0,0.8126337880709927,0.18,0.0012129020178690553,0.9383261203765869
13,0,0.8216409142589479,0.18,0.0012129020178690553,0.9566274285316467
13,0,0.8310963300421192,0.18,0.0014667747309431434,0.9694217443466187
13,0,0.8280768267596007,0.18,0.0014667747309431434,0.9701013565063477
13,0,0.8373874759190304,0.18,0.0014667747309431434,0.9756209254264832
13,0,0.8461997697326346,0.18,0.0014667747309431434,0.9796925783157349
13,0,0.8458327303932964,0.2,0.0014667747309431434,0.9766168594360352
13,0,0.8455111320612858,0.2,0.0014667747309431434,0.9725976586341858
13,0,0.8479479989865041,0.18,0.0014667747309431434,0.9715402126312256
13,0,0.8501781974989706,0.2,0.0012129020178690553,0.9721624255180359
13,0,0.8500774074209553,0.2,0.0012129020178690553,0.972836971282959
13,0,0.8501074899776776,0.2,0.0012129020178690553,0.9739967584609985
13,0,0.8525270368212367,0.2,0.0012129020178690553,0.9749234914779663
13,0,0.8534503191252402,0.2,0.0012129020178690553,0.9713484644889832
13,0,0.8397920688520488,0.18,0.0012129020178690553,0.9506503343582153
13,0,0.7961490321607725,0.18,0.0012129020178690553,0.8714746236801147
13,0,0.7802927105340614,0.18,0.0012129020178690553,0.8057882785797119
13,0,0.806160842817194,0.18,0.0012129020178690553,0.8346433639526367
13,0,0.8322048775169169,0.18,0.0012129020178690553,0.8657657504081726
13,0,0.8146032333284273,0.16,0.0012129020178690553,0.8005001544952393
13,0,0.8056005097848917,0.16,0.0012129020178690553,0.7393239736557007
13,0,0.7987127211906144,0.16,0.0013969669817015529,0.6990013122558594
13,0,0.7720695243119016,0.16,0.001431192154996097,0.6287716627120972
13,0,0.7638330477145199,0.16,0.001431192154996097,0.616812527179718
13,0,0.756554083988921,0.16,0.001431192154996097,0.5907357931137085
13,0,0.7059507164772264,0.16,0.0018574462737888098,0.3792758584022522
13,0,0.6926013720043,0.2,0.0018574462737888098,0.26420438289642334
13,0,0.7031512516510594,0.18,0.0017481502145528793,0.2086367905139923
13,0,0.6865855533915818,0.22,0.0017481502145528793,0.14650866389274597
13,0,0.674348445447008,0.22,0.0017481502145528793,0.12755483388900757
13,0,0.6770954131093148,0.22,0.0017481502145528793,0.13844554126262665
13,0,0.6545367890228517,0.22,0.0017481502145528793,0.1086648479104042
13,0,0.6368981426918802,0.22,0.0017481502145528793,0.08524037897586823
13,0,0.6289257264621188,0.22,0.0017481502145528793,0.07637277245521545
13,0,0.6040108877390014,0.22,0.0017481502145528793,0.06541972607374191
13,0,0.6021068542884682,0.22,0.0017481502145528793,0.07872062921524048
13,0,0.5953060355448796,0.22,0.0029159660916775465,0.08187373727560043
13,0,0.5724722598399402,0.22,0.0029159660916775465,0.06876657158136368
13,0,0.5712517906949194,0.22,0.0028818617574870586,0.07425261288881302
13,0,0.5589093218872342,0.22,0.0028818617574870586,0.08954914659261703
13,0,0.5416347738057431,0.24,0.0028818617574870586,0.13528956472873688
13,0,0.5579039078767095,0.32,0.0028818617574870586,0.24536347389221191
13,0,0.5650680374446261,0.32,0.00592693779617548,0.3081212043762207
13,0,0.5684715315892673,0.34,0.008548418991267681,0.5580695271492004
13,0,0.578272552630744,0.34,0.008548418991267681,0.5776445865631104
13,0,0.5799563969443996,0.38,0.007516590412706137,0.6738520264625549
13,0,0.5955366898081933,0.38,0.007759772706776857,0.7995262742042542
13,0,0.6260990464319278,0.36,0.018818408250808716,0.8878474235534668
13,0,0.6313690278249064,0.36,0.010518058203160763,0.8933495283126831
13,0,0.6375960259860702,0.28,0.00991908647119999,0.8866358399391174
13,0,0.6497666576240196,0.32,0.00991908647119999,0.8974716663360596
13,0,0.6607576794994043,0.32,0.00991908647119999,0.9091247320175171
13,0,0.6746495830013681,0.34,0.00991908647119999,0.9199851155281067
13,0,0.6813581193144295,0.34,0.010769571177661419,0.9197142124176025
13,0,0.6780934681882895,0.34,0.010769571177661419,0.9071720838546753
13,0,0.6670216348608531,0.34,0.010769571177661419,0.8828681707382202
13,0,0.6559520608949186,0.34,0.010769571177661419,0.861677348613739
13,0,0.6542739941511958,0.34,0.009809340350329876,0.8235850930213928
13,0,0.6534446113259257,0.34,0.009033993817865849,0.809840738773346
13,0,0.6441587929307948,0.32,0.009033993817865849,0.7718442678451538
13,0,0.6369076392514399,0.3,0.009033993817865849,0.7194802761077881
13,0,0.6202291226017231,0.3,0.009033993817865849,0.6040449142456055
13,0,0.5974212685136144,0.3,0.009354569017887115,0.4529876410961151
13,0,0.5752790446502919,0.3,0.0028256543446332216,0.2944340109825134
13,0,0.5560324096522189,0.3,0.0028256543446332216,0.15515278279781342
13,0,0.5415155285363128,0.3,0.0028256543446332216,0.07952263206243515
13,0,0.5460455154101166,0.36,0.004809405654668808,0.05495278164744377
13,0,0.545992993274117,0.36,0.003979288507252932,0.044455207884311676
13,0,0.5255426722971357,0.34,0.003979288507252932,0.03045952133834362
13,0,0.5126249091300459,0.32,0.003639685455709696,0.021181708201766014
13,0,0.5034940429575167,0.32,0.004190485458821058,0.013017810881137848
13,0,0.49634836567821494,0.32,0.0025135225150734186,0.007988576777279377
13,0,0.4883679942258753,0.32,0.0025135225150734186,0.0049776178784668446
13,0,0.49379442830940556,0.32,0.0025135225150734186,0.004730407148599625
13,0,0.501805223833446,0.32,0.0011728168465197086,0.004911067895591259
13,0,0.5012373890071349,0.32,0.0006072786636650562,0.0040602185763418674
13,0,0.497079193954567,0.32,0.0006072786636650562,0.0031467387452721596
13,0,0.4979395870802834,0.32,0.0006072786636650562,0.0029379059560596943
13,0,0.49080417382913855,0.28,0.00023425641120411456,0.002151784487068653
13,0,0.4792869139915934,0.28,0.0002574314421508461,0.05471336096525192
13,0,0.4907940382507981,0.28,0.0002574314421508461,0.002482927404344082
13,0,0.5004424097156175,0.28,0.0002574314421508461,0.0029356107115745544
13,0,0.49899457870347286,0.28,0.00013359148579183966,0.002632219810038805
13,0,0.48754451812527005,0.26,0.00013359148579183966,0.0018167399102821946
13,0,0.47803072545388947,0.26,0.00013359148579183966,0.0013721694704145193
13,0,0.49335169475876894,0.26,0.00012156367301940918,1.402293946739519e-06
13,0,0.48872448948926406,0.26,0.00012156367301940918,0.0008875807980075479
13,0,0.5027270324289089,0.26,0.0002574314421508461,0.004168260842561722
13,0,0.5154111136523828,0.26,0.0002574314421508461,0.0034675716888159513
13,0,0.5261032269383136,0.26,0.0002574314421508461,0.004314871970564127
13,0,0.5392901120564922,0.26,0.0002574314421508461,0.005657885689288378
13,0,0.5541005575108048,0.28,0.0006673319730907679,0.007676481734961271
13,0,0.5697120623993386,0.28,0.0006673319730907679,0.01076671201735735
13,0,0.5854172290158517,0.28,0.0006673319730907679,0.0155413206666708
13,0,0.6008314945183622,0.28,0.0006673319730907679,0.022731101140379906
13,0,0.6152629882607985,0.28,0.0012620558263733983,0.032564811408519745
13,0,0.6280485025415747,0.26,0.0031130663119256496,0.044599853456020355
13,0,0.6446701161523383,0.26,0.0031130663119256496,0.05789966881275177
13,0,0.6690381654728318,0.26,0.0031130663119256496,0.08098339289426804
13,0,0.6733470645445414,0.26,0.0034481892362236977,0.09834326803684235
13,0,0.6764143205571319,0.28,0.0034481892362236977,0.12037676572799683
13,0,0.7055351357750301,0.28,0.005745145492255688,0.21257077157497406
13,0,0.7110146225847344,0.28,0.005745145492255688,0.22842508554458618
13,0,0.7231274214448071,0.28,0.004991023801267147,0.2535359859466553
13,0,0.7310360377190257,0.3,0.004991023801267147,0.31736716628074646
13,0,0.7302438357628342,0.32,0.004991023801267147,0.3203299939632416
13,0,0.7359806152135482,0.32,0.004991023801267147,0.2763897180557251
13,0,0.7339978244308261,0.32,0.004991023801267147,0.19317588210105896
13,0,0.7214828396062314,0.32,0.004991023801267147,0.13636592030525208
13,0,0.6961511271122016,0.3,0.004543649964034557,0.08173410594463348
13,0,0.6873851497817103,0.28,0.004543649964034557,0.06905005872249603
13,0,0.6790863584184365,0.26,0.005230531096458435,0.055974241346120834
13,0,0.6620313484719206,0.28,0.005230531096458435,0.032657042145729065
13,0,0.6548312438803192,0.28,0.0031386723276227713,0.01949823647737503
13,0,0.6458655500887918,0.3,0.0031386723276227713,0.011439620517194271
13,0,0.6368802626724389,0.3,0.0031386723276227713,0.007824290543794632
13,0,0.621728068747381,0.3,0.0031386723276227713,0.004951699171215296
13,0,0.5953727223402651,0.3,0.0012724560219794512,0.0027176837902516127
13,0,0.5638099033661647,0.32,0.0006589030381292105,0.0013013689313083887
13,0,0.5387312021365469,0.34,0.0006589030381292105,0.0006560780457220972
13,0,0.5251544691156212,0.3,0.0002541787107475102,0.00035505794221535325
13,0,0.5170866282258265,0.3,0.0002541787107475102,0.00019197966321371496
13,0,0.5048678178157202,0.3,0.00013190341996960342,9.481847519055009e-05
13,0,0.47661938482518584,0.26,0.00012069222430000082,4.014787555206567e-05
13,0,0.43615654872162946,0.26,0.00012069222430000082,1.5870056813582778e-05
13,0,0.40287078830179696,0.24,0.0001326338096987456,5.4365405048883986e-06
13,0,0.4201187719738365,0.22,0.0001326338096987456,3.1123806820687605e-06
13,0,0.3456390276671801,0.22,0.00012069222430000082,1.253412392543396e-06
13,0,0.26657543619251844,0.22,0.00012069222430000082,7.510361115237174e-07
13,0,0.2489226787433393,0.22,0.00012069222430000082,7.644420634278504e-07
13,0,0.27366939096842924,0.22,0.00012069222430000082,1.1672307209664723e-06
13,0,0.2572657903099038,0.24,0.00012069222430000082,9.562717195876758e-07
13,0,0.25189169552190216,0.24,0.00010105899127665907,8.343885156136821e-07
13,0,0.24737362770193827,0.24,0.00010105899127665907,7.648635573787033e-07
13,0,0.24228117514831585,0.24,0.00012069222430000082,7.353384603447921e-07
13,0,0.24114796356829696,0.24,0.00012069222430000082,6.801825520597049e-07
13,0,0.2429519182352962,0.24,0.00012069222430000082,7.918114874883031e-07
13,0,0.24093431157364717,0.22,0.00012069222430000082,9.140520660366747e-07
13,0,0.24890199979936162,0.22,0.00012069222430000082,1.2163108067397843e-06
13,0,0.2608555719950206,0.22,0.00012069222430000082,1.6809395901873359e-06
13,0,0.28151284895836554,0.24,0.00012069222430000082,2.5129600089712767e-06
13,0,0.29178855240713814,0.26,0.00012069222430000082,3.2353634651371976e-06
13,0,0.29965453458042984,0.26,0.00012069222430000082,4.222555617161561e-06
13,0,0.3143967424043785,0.26,0.00023257704742718488,5.520463673747145e-06
13,0,0.32910565208927195,0.26,0.0002541787107475102,8.37217885418795e-06
13,0,0.3367751249413542,0.28,0.0002541787107475102,1.2580618204083294e-05
13,0,0.35015752795713095,0.28,0.0002541787107475102,2.0171704818494618e-05
13,0,0.3647428741558423,0.28,0.0002541787107475102,3.156720049446449e-05
13,0,0.37650818158142896,0.34,0.0006589030381292105,4.755744885187596e-05
13,0,0.39166697012460766,0.34,0.0006589030381292105,8.522979624103755e-05
13,0,0.40093752991254683,0.34,0.0006589030381292105,0.0001365921343676746
13,0,0.40601833459866793,0.36,0.0012724560219794512,0.00013117404887452722
13,0,0.40572060071819127,0.34,0.0034481892362236977,0.0006599007756449282
13,0,0.4095676159367624,0.34,0.0031386723276227713,0.00015491116209886968
13,0,0.4048094819726059,0.38,0.0034481892362236977,0.0004559187509585172
13,0,0.3986850781813203,0.38,0.0034481892362236977,0.0004607877053786069
13,0,0.3955599572105814,0.38,0.0034481892362236977,0.0006115209544077516
13,0,0.40135949921975256,0.38,0.0034481892362236977,0.0008420502999797463
13,0,0.40879109253740853,0.4,0.0034481892362236977,0.0010593330953270197
13,0,0.389746102396133,0.38,0.0034481892362236977,0.0007916842587292194
13,0,0.3757595370302288,0.36,0.0034481892362236977,0.000541501387488097
13,0,0.3548092906129866,0.32,0.0034481892362236977,0.0003207463014405221
13,0,0.31965342032051774,0.32,0.0034481892362236977,0.00016316417895723134
13,0,0.29271600595998226,0.36,0.0013981960946694016,8.956056262832135e-05
13,0,0.2761284490471504,0.36,0.0007240577251650393,5.429899465525523e-05
13,0,0.26659908077656236,0.36,0.0007240577251650393,3.3773729228414595e-05
13,0,0.2652174171557147,0.34,0.00027932407101616263,2.4446933821309358e-05
13,0,0.24756659804941974,0.34,0.00027932407101616263,1.4985997040639631e-05
13,0,0.2511836197891448,0.34,0.00027932407101616263,1.168211383628659e-05
13,0,0.2394079773865341,0.32,0.00025558596826158464,7.408432793454267e-06
13,0,0.1656058821936348,0.32,0.00012552313273772597,2.2120989342511166e-06
13,0,0.14064329963861583,0.28,0.00012552313273772597,7.942610977806908e-07
13,0,0.14627822537319185,0.26,0.00011729790276149288,3.0354513569363917e-07
13,0,0.13570263346147796,0.26,0.00010456122981850058,1.3428447687147127e-07
13,0,0.10997614419015495,0.26,0.0003379402623977512,7.495901144238815e-08
13,0,0.10364449839073289,0.22,0.0003379402623977512,4.96742273980999e-08
13,0,0.09514355652197914,0.22,0.0003379402623977512,3.532987236098961e-08
13,0,0.08293743836780774,0.22,0.0003379402623977512,1.832722062999892e-08
13,0,0.07421273054717878,0.22,0.0002675953146535903,9.606033302134165e-09
13,0,0.06529254476700386,0.2,0.0002675953146535903,5.8215103848624494e-09
13,0,0.05456895382669162,0.18,0.00021525233751162887,4.92487384207152e-09
13,0,0.053667290624412445,0.18,0.00021525233751162887,5.276376668916782e-09
13,0,0.04741272188218095,0.18,0.00021525233751162887,4.669068687235267e-09
13,0,0.04578651084954792,0.18,0.00020345239317975938,3.992759456394879e-09
13,0,0.05173209108017552,0.18,0.00021549381199292839,3.676177362521571e-09
13,0,0.052187462995133035,0.18,0.00021549381199292839,3.6178100515371625e-09
13,0,0.0517685164478485,0.18,0.00021549381199292839,3.9521177441770305e-09
13,0,0.05556445128726553,0.18,0.00021549381199292839,5.241410416800818e-09
13,0,0.055410107660849625,0.18,0.0002677938900887966,6.264251339871407e-09
13,0,0.05511306142311162,0.18,0.0002677938900887966,7.693530257313341e-09
13,0,0.05601594648070147,0.16,0.0002677938900887966,1.0272798611765666e-08
13,0,0.05786867055107538,0.16,0.0003266499552410096,1.6648495915205785e-08
13,0,0.06239476001090956,0.14,0.0003266499552410096,2.6263247576707727e-08
13,0,0.06702394898578254,0.14,0.0003266499552410096,4.366653882925675e-08
13,0,0.06785517270806281,0.14,0.0005083248252049088,6.04681460458778e-08
13,0,0.06984311337876875,0.14,0.0005083248252049088,7.997034856543905e-08
13,0,0.07327566916679325,0.14,0.0005528934998437762,1.015718709140856e-07
13,0,0.07379180755941094,0.14,0.0005528934998437762,1.1635415830824059e-07
13,0,0.07328632344244088,0.14,0.0005031334003433585,1.0658110483063865e-07
13,0,0.07204679414594212,0.16,0.0006887695053592324,1.431247369509947e-07
13,0,0.0711303246096837,0.16,0.0006887695053592324,1.8034401705335767e-07
13,0,0.06977540567643527,0.18,0.0006008358323015273,2.1953546536224167e-07
13,0,0.06826256375512291,0.18,0.0006008358323015273,2.461493693317607e-07
13,0,0.06730055689784492,0.16,0.0007174928323365748,2.554905051965761e-07
13,0,0.06473256811211725,0.18,0.0007174928323365748,2.409119019830541e-07
13,0,0.05883133881674131,0.18,0.0008218414732255042,2.1829283980423497e-07
13,0,0.052415598077155144,0.18,0.0007204290595836937,2.0355339813704632e-07
13,0,0.047638932745298956,0.18,0.0012748015578836203,1.8881621599575737e-07
13,0,0.04509276487262697,0.2,0.0014823729870840907,1.7270349417231046e-07
13,0,0.04455638142313001,0.2,0.001005081576295197,1.580181674398773e-07
13,0,0.04340868301282114,0.2,0.0011044297134503722,1.463253056499525e-07
13,0,0.04035347183896533,0.2,0.0009530235547572374,1.3611703764127014e-07
13,0,0.03682100386658028,0.2,0.0009530235547572374,1.265183584564511e-07
13,0,0.03432359948471106,0.2,0.0009530235547572374,1.157128934892171e-07
13,0,0.03255002080496186,0.2,0.00037021131720393896,1.0303845954240387e-07
13,0,0.030625614877066516,0.2,0.00037021131720393896,9.165514569531297e-08
13,0,0.027039623672089667,0.22,0.00031572484294883907,7.959265957424577e-08
13,0,0.02409237441364998,0.2,0.0002767514670267701,6.821320397421005e-08
13,0,0.022788005395341593,0.18,0.0002415957860648632,6.169253197185753e-08
13,0,0.02141690593078854,0.18,0.0002415957860648632,6.083718062654953e-08
13,0,0.020352126460555845,0.18,0.0003564544313121587,6.40283346342585e-08
13,0,0.019252859865569585,0.18,0.0003564544313121587,7.856656480953461e-08
13,0,0.01667888204371436,0.18,0.00039171360549516976,9.326379313279176e-08
13,0,0.015513385884512005,0.18,0.0003027124039363116,1.0638694192266485e-07
13,0,0.014312282684628037,0.18,0.0009375253575854003,1.0730952482163048e-07
13,0,0.012635208061549651,0.18,0.0007424650248140097,8.437131526761732e-08
13,0,0.011857401127463198,0.18,0.0007424650248140097,6.69500082040031e-08
13,0,0.011185647477624485,0.18,0.0007424650248140097,5.637606292907549e-08
13,0,0.0110911682072769,0.18,0.0007424650248140097,4.948849507968589e-08
13,0,0.011160772898738737,0.16,0.0007424650248140097,3.883834054363433e-08
13,0,0.011235225711099731,0.16,0.0007424650248140097,2.8308004829113997e-08
13,0,0.011722855096207047,0.16,0.0003903870237991214,2.1972414998572276e-08
13,0,0.011788148662675118,0.16,0.0003903870237991214,1.647906522350695e-08
13,0,0.01032730270976661,0.16,0.0003903870237991214,1.3639702700629641e-08
13,0,0.009696164758600368,0.16,0.0003401498543098569,1.0344348488899868e-08
13,0,0.009210062735776531,0.16,0.0003401498543098569,8.825471908835425e-09
13,0,0.009822818330660042,0.16,0.0003401498543098569,8.685580255018976e-09
13,0,0.011987805494516356,0.16,0.0003401498543098569,1.0329403998809994e-08
13,0,0.014115399737038159,0.14,0.0003401498543098569,1.4460410646677246e-08
13,0,0.018291652721828106,0.14,0.0003401498543098569,1.972843044484307e-08
13,0,0.02044066179540425,0.14,0.0003988490498159081,2.5626201605177812e-08
13,0,0.018847962621226524,0.16,0.0003710197051987052,3.1685445378570876e-08
13,0,0.017825378822015868,0.14,0.00047175391227938235,4.292899546953777e-08
13,0,0.019433875386608394,0.14,0.000821194495074451,5.6372513768110366e-08
13,0,0.019028897042971813,0.12,0.0012068316573277116,7.960283454622186e-08
13,0,0.018201484724921998,0.12,0.00091185187920928,1.3998896974953823e-07
13,0,0.019614093393134274,0.14,0.000373908958863467,1.9939656681344786e-07
13,0,0.019213960742517387,0.14,0.000373908958863467,2.497048967597948e-07
13,0,0.017410457415682163,0.14,0.000373908958863467,2.9538796297856607e-07
13,0,0.01654466003024876,0.14,0.00040619034552946687,2.9259157940941805e-07
13,0,0.014379403773088177,0.16,0.0004463670193217695,2.2969805968386936e-07
13,0,0.012295546561154178,0.16,0.0003227443667128682,1.9624886249403062e-07
13,0,0.010838704958706789,0.16,0.0002936913224402815,1.8073210128477513e-07
13,0,0.008887030454406704,0.14,0.0002936913224402815,1.5035163869470125e-07
13,0,0.006942771497642285,0.16,0.00025046433438546956,1.1596455351536861e-07
13,0,0.005184903533957398,0.16,0.00025046433438546956,8.027370057561711e-08
13,0,0.003951780823917708,0.16,0.00036645765067078173,5.1800423506165316e-08
13,0,0.0030461575819475447,0.16,0.00031533377477899194,3.2258292037568026e-08
13,0,0.002439722243799438,0.16,0.00031796254916116595,2.069241666902144e-08
13,0,0.0020586744402177797,0.16,0.00029960149549879134,1.3360817341379061e-08
13,0,0.0017373989199103317,0.12,0.00033589935628697276,8.443277188519005e-09
13,0,0.0013121263832075493,0.12,0.00033589935628697276,5.3318571779925605e-09
13,0,0.0009555724118606841,0.12,0.00033589935628697276,3.5171319190396844e-09
13,0,0.0007906218698006409,0.14,0.0003747287846636027,2.6100936967310417e-09
13,0,0.0006641716527437348,0.14,0.0002704915532376617,2.069556082062718e-09
13,0,0.0005612753153244232,0.12,0.000276396021945402,1.7249329742341502e-09
13,0,0.000468284900002642,0.12,0.000276396021945402,1.4539750514686034e-09
13,0,0.00038407894853155006,0.12,0.00029524831916205585,1.2378102987042894e-09
13,0,0.0003327323388629879,0.14,0.00032445535180158913,1.198027899107501e-09
13,0,0.0003053818163573207,0.14,0.00032445535180158913,1.2523774239880936e-09
13,0,0.0002825729225116004,0.14,0.000253061531111598,1.280041184159586e-09
13,0,0.00026324682504506397,0.14,0.00015643099322915077,1.2895714496252708e-09
13,0,0.00024350152491597478,0.12,0.0001783610787242651,1.3410494936749728e-09
13,0,0.00022919840939666908,0.12,0.0001783610787242651,1.450576214701016e-09
13,0,0.00021238914488136244,0.12,0.0001783610787242651,1.4334523568138025e-09
13,0,0.00020499641314409818,0.1,0.0001783610787242651,1.508481339840273e-09
13,0,0.00020741872882477596,0.08,0.0002083758299704641,1.7466279533806528e-09
13,0,0.0002107674066556316,0.08,0.0002083758299704641,2.1758372881208743e-09
13,0,0.0002138178834721569,0.08,0.00020390546706039459,2.924727793285342e-09
13,0,0.00021889760500800023,0.08,0.0002237301378045231,3.74550301884824e-09
13,0,0.0002447502098343119,0.06,0.00020773032156284899,4.710277057284884e-09
13,0,0.000273740884806871,0.08,0.00020773032156284899,5.5496083284367614e-09
13,0,0.00028393773853607545,0.06,0.0002663381746970117,6.902410198961206e-09
13,0,0.0002814265235023631,0.06,0.0002533456718083471,8.47622683153304e-09
13,0,0.00028362903486650967,0.06,0.0002890351752284914,1.0039022946273235e-08
13,0,0.0002880641305547193,0.06,0.00027682140353135765,1.0991253240888454e-08
13,0,0.0002823669510041109,0.06,0.00027682140353135765,1.1004007482995348e-08
13,0,0.0002753261538362422,0.06,0.00027682140353135765,1.0379805459592717e-08
13,0,0.00027461016910538714,0.06,0.0004128656000830233,8.63918536708752e-09
13,0,0.00027508913498601066,0.04,0.0004987794673070312,7.221587772221483e-09
13,0,0.00027889817270026893,0.04,0.0004987794673070312,6.554219389443006e-09
13,0,0.0002803447728793863,0.06,0.00045459403190761805,6.630959781261936e-09
13,0,0.0003023824235355796,0.06,0.0014390313299372792,8.769108994499675e-09
13,0,0.00040070075708285207,0.08,0.0005197626887820661,1.9285687713477273e-08
13,0,0.0006275315477422723,0.08,0.0005197626887820661,7.029025539395661e-08
13,0,0.0009839330044641222,0.08,0.0005197626887820661,1.924584012158448e-07
13,0,0.001584201652168777,0.12,0.00046558084432035685,6.80547202591697e-07
13,0,0.002487253440797901,0.14,0.00045119773130863905,2.1973746697767638e-06
13,0,0.0031817367490123588,0.14,0.0003630085848271847,4.984872248314787e-06
13,0,0.003450219330495017,0.16,0.0006020207074470818,6.949294402147643e-06
13,0,0.003509723292365267,0.16,0.0008491518092341721,7.660734809178393e-06
13,0,0.0031688560348000893,0.16,0.000571100099477917,9.307465916208457e-06
13,0,0.003257005383812453,0.16,0.0007542346138507128,1.2286357559787575e-05
13,0,0.0034932858970206926,0.16,0.0017798718763515353,1.8183303836849518e-05
13,0,0.0036691060151583946,0.16,0.0015790489269420505,2.6356030502938665e-05
13,0,0.0033970560223234116,0.18,0.0007129383739084005,3.148100950056687e-05
13,0,0.0024401093429138186,0.18,0.0011875361669808626,2.6715291824075393e-05
13,0,0.0018161149954971166,0.18,0.0015306109562516212,1.591625186847523e-05
13,0,0.0013913387608593477,0.16,0.0008812861633487046,1.1458415428933222e-05
13,0,0.0011922829380600231,0.16,0.0008812861633487046,9.639717063691933e-06
13,0,0.0011387789354972086,0.16,0.000676078605465591,8.62388787936652e-06
13,0,0.001098830614785482,0.14,0.0007897827890701592,8.023051123018377e-06
13,0,0.0010716746747241178,0.12,0.00047407165402546525,8.427845386904664e-06
13,0,0.0011092732468841286,0.12,0.00047407165402546525,9.258526915800758e-06
13,0,0.0011916990322072601,0.12,0.0005454011261463165,1.0365815796831157e-05
13,0,0.0012950120464914126,0.12,0.002114431234076619,1.178537422674708e-05
13,0,0.0013862390587134296,0.1,0.002114431234076619,1.3689773368241731e-05
13,0,0.0015196274914499176,0.1,0.0019736408721655607,1.6155610865098424e-05
13,0,0.0017534810029872525,0.1,0.0012208173284307122,1.9503404473653063e-05
13,0,0.002033449004686755,0.1,0.0012208173284307122,2.4924029276007786e-05
13,0,0.0023232887651399633,0.1,0.0013393780682235956,3.333181666675955e-05
13,0,0.0026658024513159222,0.12,0.0013393780682235956,4.577132858685218e-05
13,0,0.0030885641232851584,0.12,0.0018030557548627257,6.453119567595422e-05
13,0,0.0035850023952146565,0.12,0.0019716299138963223,9.308546577813104e-05
13,0,0.004174800244477339,0.12,0.002353810705244541,0.00013501271314453334
13,0,0.004948484199212818,0.14,0.002353810705244541,0.0001956237683771178
13,0,0.006143695531576247,0.16,0.00206495332531631,0.00028045926592312753
13,0,0.007715513955720636,0.18,0.002950855763629079,0.00037095925654284656
13,0,0.008928040055555865,0.22,0.002950855763629079,0.0004901717184111476
13,0,0.00979646861436024,0.24,0.003220527432858944,0.0006986540392972529
13,0,0.011021096068766787,0.28,0.004800323862582445,0.0009293309412896633
13,0,0.012082209432186691,0.3,0.005243948195129633,0.0012037174310535192
13,0,0.01306000462492564,0.3,0.012763313949108124,0.0015311759198084474
13,0,0.014180178213046917,0.34,0.019914841279387474,0.0018339124508202076
13,0,0.015097195451891221,0.38,0.058602117002010345,0.002313776407390833
13,0,0.016431810865241283,0.42,0.0994996428489685,0.002926721004769206
13,0,0.01774878823943619,0.5,0.17111057043075562,0.00351002998650074
13,0,0.018472560602660046,0.56,0.6938832998275757,0.0038870160933583975
13,0,0.018878964392282222,0.6,0.665325939655304,0.004002575762569904
13,0,0.01953587057495544,0.6,0.7284139394760132,0.004038296174257994
13,0,0.020706515677441358,0.62,0.8010358810424805,0.004113928414881229
13,0,0.021921923686428472,0.64,0.9265977740287781,0.004016448277980089
13,0,0.02094591504548617,0.68,0.945868194103241,0.003966047428548336
13,0,0.019946393066389543,0.66,0.9690735936164856,0.0037135756574571133
13,0,0.019032629273755645,0.66,0.9720838069915771,0.003536376403644681
13,0,0.018882892336987374,0.68,0.9728248119354248,0.003558207070454955
13,0,0.01928378253375838,0.66,0.9728248119354248,0.003701144829392433
13,0,0.020164284647486253,0.66,0.9776337742805481,0.003661865834146738
13,0,0.01874115761149666,0.66,0.9752066731452942,0.0036805961281061172
13,0,0.017049554695021337,0.64,0.9734963178634644,0.0034766558092087507
13,0,0.015753343100551258,0.62,0.9636358618736267,0.0031118530314415693
13,0,0.014539041819931644,0.6,0.8749423623085022,0.0026280181482434273
13,0,0.013116007142041862,0.58,0.823347270488739,0.0020837874617427588
13,0,0.011676503345500498,0.58,0.775515615940094,0.0015975891146808863
13,0,0.010532185412182534,0.56,0.8114616274833679,0.0011930589098483324
13,0,0.009549929103084403,0.52,0.3492010235786438,0.000888926035258919
13,0,0.008612125353108234,0.5,0.11956450343132019,0.0006586121744476259
13,0,0.007401673489164371,0.44,0.08974814414978027,0.000511264952365309
13,0,0.0065993018744574215,0.4,0.0180035512894392,0.0003865543403662741
13,0,0.005965111544279347,0.36,0.0180035512894392,0.0002882546978071332
13,0,0.005098113562394158,0.36,0.0180035512894392,0.0002202765754191205
13,0,0.004393416508720724,0.32,0.0050594317726790905,0.00014748757530469447
13,0,0.0038407504606232873,0.28,0.005590394139289856,9.850793139776215e-05
13,0,0.003427044974984155,0.28,0.005590394139289856,7.426388037856668e-05
13,0,0.003108302131012125,0.28,0.004926485475152731,5.913981658522971e-05
13,0,0.0027579524870395044,0.28,0.0036203747149556875,4.949565845890902e-05
13,0,0.002342010453158216,0.24,0.0022098131012171507,3.5741257306654006e-05
13,0,0.0020918100082222947,0.22,0.002015764359384775,2.9719049052800983e-05
13,0,0.002067162814357332,0.18,0.0019036497687920928,2.6186842660536058e-05
13,0,0.002121753402506429,0.18,0.0021026385948061943,2.5307463147328235e-05
13,0,0.0021587679862224134,0.18,0.0017591638024896383,2.5467930754530244e-05
13,0,0.002252197485425692,0.18,0.002514207735657692,2.6305207939003594e-05
13,0,0.002459484598509268,0.18,0.0021291186567395926,2.817315726133529e-05
13,0,0.0027901484523302897,0.18,0.0021291186567395926,3.140176340821199e-05
13,0,0.003148125038161246,0.18,0.0009556257864460349,3.6006800655741245e-05
13,0,0.0032495500670276295,0.22,0.0014259869931265712,4.3049833038821816e-05
13,0,0.0033439770585948036,0.2,0.001564441598020494,5.1705581427086145e-05
13,0,0.0036053142041856143,0.22,0.001564441598020494,6.275501073105261e-05
13,0,0.826985832404503,0.26,0.029092123731970787,0.908500075340271
13,0,0.8222523094695263,0.26,0.029092123731970787,0.8859253525733948
13,0,0.8208014994264092,0.26,0.027193725109100342,0.8630990982055664
13,0,0.8251354402274755,0.26,0.027193725109100342,0.865099310874939
13,0,0.8246752784169308,0.26,0.027193725109100342,0.8649927377700806
13,0,0.8271167449185783,0.26,0.027193725109100342,0.8728081583976746
13,0,0.8307211681314458,0.26,0.027193725109100342,0.8813263177871704
13,0,0.8321530091931445,0.26,0.027193725109100342,0.8866907358169556
13,0,0.8375824642708053,0.26,0.027193725109100342,0.9001666903495789
13,0,0.8485387182098302,0.26,0.03218957036733627,0.9264102578163147
13,0,0.8554501292874718,0.26,0.03218957036733627,0.9455385208129883
13,0,0.8666340735844281,0.28,0.03218957036733627,0.9642699956893921
13,0,0.8680429430663554,0.28,0.06480810046195984,0.9720231890678406
13,0,0.8748961649894172,0.28,0.08118078857660294,0.9720399379730225
13,0,0.8794527134698298,0.28,0.08118078857660294,0.9715452194213867
13,0,0.8791016592899747,0.26,0.4090365469455719,0.9687376022338867
13,0,0.8961285270669543,0.26,0.38263100385665894,0.9736899733543396
13,0,0.9116406651286223,0.26,0.38263100385665894,0.9810404777526855
13,0,0.9246166273215833,0.26,0.6031705141067505,0.9865637421607971
13,0,0.9326419096895828,0.3,0.7113288640975952,0.9887745380401611
13,0,0.9369192841813793,0.3,0.7532647848129272,0.9886061549186707
13,0,0.9394774481277628,0.3,0.7532647848129272,0.988610029220581
13,0,0.9414396409360825,0.32,0.7879299521446228,0.9891990423202515
13,0,0.9429069928392181,0.32,0.7967786192893982,0.9896292686462402
13,0,0.9436401279108707,0.34,0.8787322044372559,0.9893500208854675
13,0,0.9474345076604739,0.36,0.8787322044372559,0.9917559027671814
13,0,0.9449988363230585,0.36,0.8787322044372559,0.9937912225723267
13,0,0.9496191920147805,0.38,0.8787322044372559,0.9957486987113953
13,0,0.9508266280610068,0.4,0.9561648368835449,0.9965813755989075
13,0,0.949948667108501,0.38,0.9524143934249878,0.9967183470726013
13,0,0.9488326722633313,0.38,0.9587448239326477,0.9968453645706177
13,0,0.9457916321833831,0.38,0.9587448239326477,0.9967766404151917
13,0,0.9424693775030419,0.36,0.9710612893104553,0.9966585636138916
13,0,0.940779880892837,0.36,0.9710612893104553,0.9964310526847839
13,0,0.939147690940611,0.36,0.9312556982040405,0.9962311387062073
13,0,0.935868660982353,0.38,0.9312556982040405,0.9958769679069519
13,0,0.9317262887813678,0.36,0.9312556982040405,0.9954770803451538
13,0,0.9274743794379047,0.36,0.9312556982040405,0.9951323866844177
13,0,0.9247301682038715,0.32,0.9177568554878235,0.9949433207511902
13,0,0.9221427146420029,0.34,0.9177568554878235,0.9946353435516357
13,0,0.920581588511482,0.32,0.89559406042099,0.9941995739936829
13,0,0.9105957738679287,0.32,0.89559406042099,0.9928091764450073
13,0,0.9081463855241491,0.3,0.9360283017158508,0.9917446970939636
13,0,0.9068264541931741,0.32,0.9568592309951782,0.9910903573036194
13,0,0.9126454542552762,0.32,0.9568592309951782,0.9913913607597351
13,0,0.9138090514595124,0.34,0.9697208404541016,0.9911037683486938
13,0,0.9143308506969293,0.36,0.976250946521759,0.9908983111381531
13,0,0.9178637274196862,0.34,0.9805392026901245,0.9911918640136719
13,0,0.9211079773547795,0.36,0.9661531448364258,0.9913368821144104
13,0,0.9297226073504767,0.44,0.932701587677002,0.992591917514801
13,0,0.9277792928585898,0.38,0.9707014560699463,0.9922988414764404
13,0,0.9308305770831655,0.4,0.9872822761535645,0.9936079382896423
13,0,0.9304307587349031,0.38,0.9960880279541016,0.9952399730682373
13,0,0.9316230075514377,0.42,0.9956483244895935,0.9965652823448181
13,0,0.9314530626847976,0.42,0.9962634444236755,0.9972856640815735
13,0,0.9370071320756775,0.46,0.9967069029808044,0.9979424476623535
13,0,0.9385682861238622,0.46,0.9967069029808044,0.9982657432556152
13,0,0.9418427498979353,0.4,0.9982280135154724,0.9986411929130554
13,0,0.9437832330462788,0.44,0.9986415505409241,0.998887836933136
13,0,0.9445435164118104,0.44,0.9987540245056152,0.9989544749259949
13,0,0.9450064670579612,0.46,0.9985466599464417,0.9989030957221985
13,0,0.94549901958142,0.42,0.9985466599464417,0.9988820552825928
13,0,0.9470895382224948,0.44,0.9985466599464417,0.9989530444145203
13,0,0.947695422825694,0.44,0.9988466501235962,0.9988991022109985
13,0,0.9481951916131113,0.44,0.9992837309837341,0.9988303780555725
13,0,0.9495888555388833,0.44,0.9987479448318481,0.9987745881080627
13,0,0.9488192936302811,0.44,0.998915433883667,0.9986807703971863
13,0,0.947466413343,0.42,0.998915433883667,0.9984853863716125
13,0,0.9490482718906732,0.42,0.998915433883667,0.9984307885169983
13,0,0.9483553114326541,0.46,0.9984347224235535,0.9982804656028748
13,0,0.9503694301869532,0.46,0.9960851669311523,0.998251736164093
13,0,0.9570194393682865,0.46,0.9948740601539612,0.9988328218460083
13,0,0.955212698078842,0.52,0.9964444041252136,0.9990039467811584
13,0,0.9512058480468031,0.54,0.9956010580062866,0.9988569617271423
13,0,0.9515184190086211,0.5,0.992297351360321,0.9988358616828918
13,0,0.9497665723271115,0.5,0.9841646552085876,0.9987986087799072
13,0,0.9468351702648066,0.5,0.9895939826965332,0.9987655878067017
13,0,0.9424538462890205,0.52,0.9895939826965332,0.9987585544586182
13,0,0.9404574274648136,0.52,0.9841966032981873,0.9989311695098877
13,0,0.9313050886202464,0.56,0.9897658228874207,0.999043345451355
13,0,0.9221834260058639,0.6,0.9919729232788086,0.9990013241767883
13,0,0.9220149742306569,0.6,0.9850118160247803,0.9993109703063965
13,0,0.9142355017739862,0.58,0.9906936287879944,0.9994285106658936
13,0,0.9121465847100055,0.56,0.9799632430076599,0.9995269179344177
13,0,0.910479128025502,0.54,0.9851941466331482,0.9996179342269897
13,0,0.9026431564684588,0.54,0.9851941466331482,0.9995452761650085
13,0,0.9030304369247819,0.52,0.9764580130577087,0.999638020992279
13,0,0.902321999854126,0.48,0.9769113659858704,0.9996842741966248
13,0,0.9003212927149623,0.46,0.9738125205039978,0.9997092485427856
13,0,0.8996022348417831,0.46,0.9738125205039978,0.9997614026069641
13,0,0.8952894479005811,0.46,0.9738125205039978,0.9998010993003845
13,0,0.8785368734681143,0.46,0.96368408203125,0.9998123049736023
13,0,0.8615415144020963,0.48,0.9597110748291016,0.9997826814651489
13,0,0.856183535949939,0.46,0.9533092975616455,0.9997953772544861
13,0,0.8778627284720539,0.46,0.9533092975616455,0.9998553991317749
13,0,0.9039091277695896,0.44,0.924584686756134,0.9999081492424011
13,0,0.91286333019733,0.46,0.924584686756134,0.9999376535415649
13,0,0.9124388184239396,0.48,0.9573913216590881,0.9999542832374573
13,0,0.9085156995426493,0.48,0.9573913216590881,0.9999629259109497
13,0,0.9135940137010039,0.48,0.9662705063819885,0.9999710917472839
13,0,0.9197987608923103,0.5,0.9698092937469482,0.9999773502349854
13,0,0.9248053090436144,0.48,0.9698092937469482,0.9999812245368958
13,0,0.9237893859099531,0.48,0.9698092937469482,0.9999830722808838
13,0,0.9177027519806885,0.5,0.974534273147583,0.9999817609786987
13,0,0.9147382616321,0.5,0.9875593781471252,0.9999819993972778
13,0,0.9177273386394365,0.48,0.9954462051391602,0.9999842047691345
13,0,0.9251977517509159,0.46,0.9965459704399109,0.9999874234199524
13,0,0.9285303546082857,0.46,0.9975842237472534,0.9999891519546509
13,0,0.921075483205677,0.46,0.9975842237472534,0.9999881982803345
13,0,0.9127739894179204,0.46,0.9972966313362122,0.9999867081642151
13,0,0.9122041592104926,0.48,0.9972966313362122,0.9999869465827942
13,0,0.9150125646127323,0.48,0.9957147240638733,0.9999880790710449
13,0,0.9168405752769668,0.46,0.9957147240638733,0.9999890327453613
13,0,0.9143205636958371,0.48,0.9965400695800781,0.9999884366989136
13,0,0.910379976041085,0.48,0.9909821152687073,0.9999869465827942
13,0,0.9088464690293208,0.5,0.9909821152687073,0.9999868273735046
13,0,0.9080642482136673,0.48,0.9905298352241516,0.9999870657920837
13,0,0.9079595602573269,0.48,0.9783194661140442,0.9999879598617554
13,0,0.9071324231059251,0.46,0.9783194661140442,0.9999881982803345
13,0,0.9054705937354134,0.46,0.974534273147583,0.9999873042106628
13,0,0.912649657115327,0.48,0.9601641893386841,0.9999892711639404
13,0,0.915731405458515,0.44,0.9490578770637512,0.9999884963035583
13,0,0.9200802410381616,0.44,0.9542407989501953,0.9999881982803345
13,0,0.9150934462743486,0.44,0.9490578770637512,0.9999869465827942
13,0,0.9037216869067727,0.44,0.935905933380127,0.9999848008155823
13,0,0.9214672649626714,0.42,0.935905933380127,0.999987006187439
13,0,0.9325211509943926,0.46,0.9120832085609436,0.999987781047821
13,0,0.9400192441032087,0.46,0.9313545227050781,0.9999886155128479
13,0,0.9428137093562143,0.6,0.9654237031936646,0.9999892115592957
13,0,0.9498166564255189,0.6,0.9427058100700378,0.9999929070472717
13,0,0.9522184697983559,0.6,0.9706377983093262,0.9999940395355225
13,0,0.9490868795280192,0.6,0.9920565485954285,0.9999936819076538
13,0,0.9483503089466501,0.58,0.9956458210945129,0.9999939203262329
13,0,0.9450592455281691,0.56,0.9950194358825684,0.9999943971633911
13,0,0.9427493366006686,0.58,0.9959898591041565,0.9999951720237732
13,0,0.9440082909468186,0.58,0.9908718466758728,0.9999956488609314
13,0,0.9437597534555242,0.58,0.991823136806488,0.9999960660934448
13,0,0.9373298629044032,0.56,0.9927319884300232,0.9999954700469971
13,0,0.923867889812875,0.56,0.9940716624259949,0.999993622303009
13,0,0.9118920979167563,0.46,0.9864249229431152,0.9999926686286926
13,0,0.8932206517683192,0.4,0.981715202331543,0.9999904036521912
13,0,0.8804338853936082,0.44,0.981715202331543,0.9999892115592957
13,0,0.8759556060960138,0.46,0.981715202331543,0.9999895691871643
13,0,0.8751676655007923,0.46,0.9825809597969055,0.9999908804893494
13,0,0.878985820152955,0.5,0.9857898354530334,0.9999929070472717
13,0,0.8757233405463163,0.54,0.9937919974327087,0.9999945759773254
13,0,0.8685001112983585,0.58,0.9985010623931885,0.9999961256980896
13,0,0.8668029001488414,0.58,0.99896240234375,0.9999974370002747
13,0,0.8744723078899287,0.6,0.9936594367027283,0.9999982118606567
13,0,0.876601537548897,0.62,0.9949616193771362,0.9999986290931702
13,0,0.8742126118162453,0.62,0.9949305653572083,0.9999988079071045
13,0,0.8552166024086173,0.64,0.9949305653572083,0.9999989867210388
13,0,0.8387457551634477,0.64,0.9960271120071411,0.9999991655349731
13,0,0.8348882872152347,0.66,0.9960271120071411,0.9999994039535522
13,0,0.825931198984564,0.62,0.9956544637680054,0.999999463558197
13,0,0.8252309208859827,0.64,0.998503565788269,0.999999463558197
13,0,0.8091138822756732,0.62,0.998503565788269,0.9999994039535522
13,0,0.7967831186294161,0.64,0.998503565788269,0.9999993443489075
13,0,0.7909783684428562,0.64,0.9985260367393494,0.9999993443489075
13,0,0.8003355478184689,0.64,0.9981379508972168,0.9999994039535522
13,0,0.8179193378711159,0.64,0.9933626651763916,0.999999463558197
13,0,0.8255727029731458,0.66,0.9933626651763916,0.9999994039535522
13,0,0.8315917254081454,0.66,0.9929307699203491,0.9999993443489075
13,0,0.8331861564066274,0.66,0.9833990335464478,0.9999992251396179
13,0,0.8338784555490124,0.68,0.9833990335464478,0.9999991059303284
13,0,0.843035935132185,0.66,0.9833990335464478,0.9999991059303284
13,0,0.853124163813906,0.66,0.9844939112663269,0.9999990463256836
13,0,0.8529292780067815,0.66,0.9880825281143188,0.9999988675117493
13,0,0.8096751370271736,0.66,0.992419421672821,0.999998152256012
13,0,0.7818707108523054,0.58,0.9826786518096924,0.9999966025352478
13,0,0.7936293350514125,0.48,0.9807941913604736,0.999995768070221
13,0,0.8313420988003171,0.46,0.9744551777839661,0.9999963641166687
13,0,0.8534748148304429,0.46,0.9744551777839661,0.9999971389770508
13,0,0.8668560816889415,0.48,0.9744551777839661,0.9999977350234985
13,0,0.8697830234931895,0.48,0.9731089472770691,0.999998152256012
13,0,0.8715303731664024,0.52,0.9722506999969482,0.9999983906745911
13,0,0.8686090340463799,0.58,0.9729225039482117,0.9999986886978149
13,0,0.8859584319063223,0.52,0.9980377554893494,0.9999990463256836
13,0,0.8900794900741934,0.64,0.9982000589370728,0.9999993443489075
13,0,0.884766919224049,0.62,0.9983072280883789,0.9999996423721313
13,0,0.8995814537385798,0.66,0.9978258013725281,0.9999998211860657
13,0,0.8531765438567268,0.62,0.9987902045249939,0.9999998211860657
13,0,0.8766164267856955,0.6,0.9987902045249939,0.9999998807907104
13,0,0.8524234785873216,0.58,0.9988522529602051,0.9999998807907104
13,0,0.8230043681507329,0.56,0.9988864064216614,0.9999998211860657
13,0,0.7970711301259269,0.58,0.9988864064216614,0.9999998211860657
13,0,0.7756895917995786,0.56,0.9985541701316833,0.9999997615814209
13,0,0.7777859885727753,0.56,0.9985541701316833,0.9999998211860657
13,0,0.7854476318012388,0.54,0.9985780715942383,0.9999998211860657
13,0,0.7645407613859944,0.54,0.9986351132392883,0.9999998211860657
13,0,0.7570124546307948,0.54,0.9984920024871826,0.9999998211860657
13,0,0.7441682954596472,0.54,0.9984920024871826,0.9999998211860657
13,0,0.761321120153412,0.52,0.998429000377655,0.9999998807907104
13,0,0.7808706281356367,0.54,0.9980273842811584,0.9999998807907104
13,0,0.7832826114044302,0.56,0.9979557991027832,0.9999998807907104
13,0,0.7938826471847784,0.54,0.9979090690612793,0.9999998807907104
13,0,0.8217668805357066,0.54,0.9981099367141724,0.9999998807907104
13,0,0.8342511182228279,0.56,0.9981099367141724,0.9999998807907104
13,0,0.8549644277181722,0.56,0.9981099367141724,0.9999998807907104
13,0,0.8753862065775457,0.54,0.9981099367141724,0.9999998807907104
13,0,0.8841834400154372,0.5,0.9981099367141724,0.9999998211860657
13,0,0.8955510598513757,0.48,0.998286783695221,0.9999998211860657
13,0,0.9119470252218032,0.5,0.9983365535736084,0.9999998211860657
13,0,0.9280926913880441,0.5,0.9979707598686218,0.9999998211860657
13,0,0.9376599804319092,0.5,0.9943471550941467,0.9999998211860657
13,0,0.945622571233543,0.44,0.9917397499084473,0.9999998211860657
13,0,0.9527569362330768,0.44,0.9917397499084473,0.9999998211860657
13,0,0.9601997303244187,0.42,0.9912962913513184,0.9999998211860657
13,0,0.9645087492771915,0.42,0.9912962913513184,0.9999998211860657
13,0,0.9685772098207254,0.44,0.9921172261238098,0.9999998807907104
13,0,0.9723441452452342,0.44,0.9921172261238098,0.9999998807907104
13,0,0.9762376411019357,0.44,0.9921172261238098,0.9999998807907104
13,0,0.9783015447625245,0.48,0.9931655526161194,0.9999998807907104
13,0,0.9785250816051149,0.48,0.9931655526161194,0.9999998211860657
13,0,0.9782140690587424,0.44,0.9931655526161194,0.9999997615814209
13,0,0.9790646853663528,0.42,0.9877355694770813,0.9999997019767761
13,0,0.981676942608207,0.44,0.9829902648925781,0.9999997615814209
13,0,0.9821325050923463,0.44,0.9829902648925781,0.9999997019767761
13,0,0.980402474956991,0.46,0.9836403727531433,0.9999995827674866
13,0,0.9795345679281239,0.46,0.9848573207855225,0.999999463558197
13,0,0.980100395635996,0.46,0.9848573207855225,0.999999463558197
13,0,0.9805724447455083,0.46,0.9848573207855225,0.999999463558197
13,0,0.981536915533392,0.46,0.9848573207855225,0.9999995231628418
13,0,0.9826311545386476,0.46,0.9848573207855225,0.9999995827674866
13,0,0.9831434230788411,0.46,0.9848573207855225,0.9999996423721313
13,0,0.9833240620808057,0.44,0.9862945675849915,0.9999997019767761
13,0,0.9831749334201755,0.46,0.9862945675849915,0.9999997019767761
13,0,0.9832042241303354,0.46,0.9879347085952759,0.9999997019767761
13,0,0.9836893835859889,0.44,0.9879347085952759,0.9999997019767761
13,0,0.9834688588274417,0.44,0.9879347085952759,0.9999997615814209
13,0,0.9824020319705657,0.48,0.9879347085952759,0.9999997019767761
13,0,0.981589032738955,0.48,0.9781631827354431,0.9999997019767761
13,0,0.9802749801846166,0.48,0.9812470078468323,0.9999996423721313
13,0,0.9799340978569618,0.48,0.985446572303772,0.9999996423721313
13,0,0.9812945791686499,0.48,0.985446572303772,0.9999996423721313
13,0,0.9834963768333741,0.46,0.985446572303772,0.9999997019767761
13,0,0.9847426396339973,0.46,0.9894706010818481,0.9999997019767761
13,0,0.9860464510952002,0.48,0.9868836998939514,0.9999997615814209
13,0,0.9863618568254885,0.48,0.9851027727127075,0.9999997615814209
13,0,0.9850378585193478,0.48,0.9851027727127075,0.9999997019767761
13,0,0.9830449039948966,0.48,0.9851027727127075,0.9999995827674866
13,0,0.9803502529016997,0.46,0.9836302399635315,0.999999463558197
13,0,0.9770700466131846,0.48,0.9819416999816895,0.9999990463256836
13,0,0.9744444616219765,0.48,0.9819416999816895,0.9999986886978149
13,0,0.9722630868759798,0.48,0.9819416999816895,0.9999983310699463
13,0,0.9711808450025229,0.48,0.9819416999816895,0.9999982118606567
13,0,0.9704407293346651,0.48,0.9819416999816895,0.999998152256012
13,0,0.9699142226871347,0.46,0.9819416999816895,0.9999980926513672
13,0,0.9697458142787486,0.46,0.9835636615753174,0.9999980926513672
13,0,0.9700593296884017,0.46,0.9847862124443054,0.9999980330467224
13,0,0.9707965236133913,0.48,0.9840242266654968,0.9999980330467224
13,0,0.9725412078847763,0.46,0.9840242266654968,0.9999982118606567
13,0,0.9743381002550162,0.46,0.9847615957260132,0.9999984502792358
13,0,0.9749092058831511,0.44,0.9781448245048523,0.9999985098838806
13,0,0.9759400706813076,0.46,0.9789761900901794,0.9999988079071045
13,0,0.9776583163934837,0.46,0.9789761900901794,0.9999991655349731
13,0,0.979191781793574,0.44,0.9771653413772583,0.999999463558197
13,0,0.9782586192124715,0.42,0.9771653413772583,0.9999995231628418
13,0,0.9791170641615612,0.42,0.9771653413772583,0.9999995231628418
13,0,0.9807213751830517,0.42,0.9792072176933289,0.9999995827674866
13,0,0.9831772334622467,0.42,0.9792072176933289,0.9999997019767761
13,0,0.9828247359013915,0.42,0.9792072176933289,0.9999997019767761
13,0,0.9829096282233574,0.42,0.9792072176933289,0.9999997019767761
13,0,0.9833006354811578,0.42,0.9826472401618958,0.9999997019767761
13,0,0.9837133664933856,0.42,0.9826472401618958,0.9999997019767761
13,0,0.9841437650718808,0.42,0.9826472401618958,0.9999997019767761
13,0,0.9844193241939313,0.42,0.9792072176933289,0.9999997019767761
13,0,0.9845529134835322,0.42,0.9792072176933289,0.9999997615814209
13,0,0.9842400113584514,0.4,0.9821493029594421,0.9999997019767761
13,0,0.9832346899751876,0.4,0.9803905487060547,0.9999997019767761
13,0,0.9815382498360736,0.4,0.9803905487060547,0.9999995827674866
13,0,0.9789050988572581,0.38,0.9813225269317627,0.9999994039535522
13,0,0.9758122022204373,0.4,0.9794010519981384,0.9999991655349731
13,0,0.9733832028204397,0.4,0.9794010519981384,0.9999991059303284
13,0,0.9724040408701778,0.4,0.9794010519981384,0.9999991655349731
13,0,0.9728739855621267,0.4,0.9794010519981384,0.9999992847442627
13,0,0.9739836814975824,0.4,0.9813225269317627,0.999999463558197
13,0,0.9743909201775681,0.42,0.9813225269317627,0.9999995827674866
13,0,0.9741473204401051,0.42,0.9813225269317627,0.9999996423721313
13,0,0.9733519145108476,0.42,0.9813225269317627,0.9999996423721313
13,0,0.9723059077879618,0.42,0.9813225269317627,0.9999995827674866
13,0,0.9715856372849071,0.42,0.9813225269317627,0.9999995827674866
13,0,0.9725814113779389,0.42,0.9829991459846497,0.9999995827674866
13,0,0.9738361252863122,0.42,0.9829991459846497,0.9999995827674866
13,0,0.9733944728096763,0.44,0.9829991459846497,0.9999995231628418
13,0,0.9711926397555595,0.44,0.9858209490776062,0.9999992847442627
13,0,0.9696486347837513,0.42,0.9858209490776062,0.9999989867210388
13,0,0.9692461361922603,0.44,0.9828096032142639,0.9999986290931702
13,0,0.9712209987281646,0.44,0.9828096032142639,0.9999982714653015
13,0,0.9741302484934448,0.42,0.9828096032142639,0.9999980330467224
13,0,0.975899025222548,0.38,0.9828096032142639,0.9999976754188538
13,0,0.9768703969658994,0.36,0.9866214990615845,0.9999973177909851
13,0,0.9788781239953864,0.36,0.9866214990615845,0.9999973773956299
13,0,0.977949806605328,0.36,0.9859500527381897,0.999997079372406
13,0,0.9769075822722277,0.34,0.9813857674598694,0.9999967813491821
13,0,0.9815588975334273,0.34,0.9813857674598694,0.9999970197677612
13,0,0.9826933358014076,0.34,0.9813857674598694,0.9999971985816956
13,0,0.9852022408237119,0.4,0.978375256061554,0.9999980330467224
13,0,0.9872085636113924,0.46,0.978375256061554,0.9999985694885254
13,0,0.9884080782845076,0.48,0.9846562743186951,0.9999988675117493
13,0,0.9897417684225039,0.48,0.9846562743186951,0.9999991655349731
13,0,0.9912675821570788,0.44,0.9821493029594421,0.999999463558197
13,0,0.9924651256866821,0.46,0.9744808673858643,0.9999995827674866
13,0,0.9922960071080387,0.46,0.9744808673858643,0.9999996423721313
13,0,0.9924228851604626,0.42,0.9744808673858643,0.9999997615814209
13,0,0.9919416352294077,0.42,0.9775025248527527,0.9999998211860657
13,0,0.992302642801672,0.4,0.9775025248527527,0.9999998211860657
13,0,0.9922935316677528,0.44,0.9812192320823669,0.9999998211860657
13,0,0.9921563483098833,0.42,0.9863671660423279,0.9999998211860657
13,0,0.9917051268491383,0.46,0.9890688061714172,0.9999998211860657
13,0,0.9917547620624763,0.48,0.9890688061714172,0.9999998211860657
13,0,0.9917865896745754,0.48,0.9890688061714172,0.9999998211860657
13,0,0.9906321542606124,0.48,0.9875808954238892,0.9999998807907104
13,0,0.9900036539295658,0.48,0.9875808954238892,0.9999998807907104
13,0,0.9891954815484362,0.48,0.9875808954238892,0.9999998807907104
13,0,0.987481608871271,0.46,0.9875808954238892,0.9999998807907104
13,0,0.986010375186067,0.46,0.987385630607605,0.9999998807907104
13,0,0.9841697012298843,0.46,0.987385630607605,0.9999998807907104
13,0,0.9815662349744712,0.44,0.98565673828125,0.9999998211860657
13,0,0.9774742696519703,0.44,0.9888443350791931,0.9999997615814209
13,0,0.9739013476982955,0.44,0.9952646493911743,0.9999997615814209
13,0,0.9741333316101661,0.44,0.9888443350791931,0.9999997615814209
13,0,0.9761017439867498,0.44,0.9898527264595032,0.9999997615814209
13,0,0.9799785781229569,0.42,0.9865389466285706,0.9999997615814209
13,0,0.9801283125865125,0.4,0.9865389466285706,0.9999998211860657
13,0,0.981771494364667,0.4,0.9843485951423645,0.9999998807907104
13,0,0.9831032971862828,0.44,0.9843485951423645,0.9999998807907104
13,0,0.9848102155129256,0.46,0.9864159822463989,0.9999999403953552
13,0,0.9848466337968412,0.46,0.9864159822463989,0.9999999403953552
13,0,0.9837679870662045,0.44,0.9805034399032593,0.9999999403953552
13,0,0.9836552842318192,0.38,0.9706161022186279,0.9999999403953552
13,0,0.9857232036279773,0.4,0.9794643521308899,0.9999999403953552
13,0,0.9871968219501165,0.4,0.951227068901062,0.9999999403953552
13,0,0.9867212482624766,0.42,0.951227068901062,0.9999999403953552
13,0,0.986703974256967,0.42,0.951227068901062,0.9999999403953552
13,0,0.9889104680119536,0.44,0.9465873837471008,0.9999999403953552
13,0,0.9915102839025834,0.44,0.9538008570671082,1.0
13,0,0.992002137787766,0.4,0.9346328377723694,1.0
13,0,0.9926765504200573,0.4,0.9346328377723694,1.0
13,0,0.9940016824430431,0.4,0.940476655960083,1.0
13,0,0.9947932653216572,0.42,0.9580081701278687,1.0
13,0,0.995227108816547,0.42,0.9594216346740723,1.0
13,0,0.9955913868573039,0.44,0.9594216346740723,1.0
13,0,0.996443218468585,0.44,0.9594216346740723,1.0
13,0,0.9972533568129206,0.44,0.9540389776229858,1.0
13,0,0.9969915469812966,0.44,0.9594216346740723,1.0
13,0,0.9965866494807233,0.46,0.9594216346740723,1.0
13,0,0.9963317140878584,0.46,0.9594216346740723,1.0
13,0,0.9960863942630325,0.48,0.9594216346740723,1.0
13,0,0.9957656844438675,0.48,0.9594216346740723,1.0
13,0,0.9952594666698545,0.48,0.9846813678741455,1.0
13,0,0.9949319772103362,0.54,0.9860607385635376,1.0
13,0,0.9945812677313483,0.46,0.9799965620040894,1.0
13,0,0.9946325515440587,0.48,0.9807589650154114,1.0
13,0,0.9943965518350806,0.48,0.9807589650154114,1.0
13,0,0.9937856552412209,0.46,0.9836733341217041,1.0
13,0,0.9935559577600168,0.48,0.982062041759491,1.0
13,0,0.9935170454319064,0.46,0.982062041759491,1.0
13,0,0.9939299206049598,0.46,0.982062041759491,1.0
13,0,0.9940227384736289,0.44,0.982062041759491,1.0
13,0,0.9937449865357079,0.46,0.982062041759491,1.0
13,0,0.9933521729885882,0.44,0.982062041759491,1.0
13,0,0.9938779020409512,0.44,0.9836733341217041,1.0
13,0,0.9946867105384144,0.42,0.987734854221344,1.0
13,0,0.9946947204081312,0.42,0.987734854221344,1.0
13,0,0.9943757690464271,0.44,0.987734854221344,1.0
13,0,0.9940812380882471,0.42,0.987734854221344,1.0
13,0,0.9936757680752507,0.44,0.987734854221344,1.0
13,0,0.9927838640151109,0.46,0.987734854221344,1.0
13,0,0.99104836795971,0.46,0.9892158508300781,1.0
13,0,0.9896920770667825,0.46,0.9881448745727539,0.9999999403953552
13,0,0.9896529888421319,0.46,0.9881448745727539,0.9999998807907104
13,0,0.9894196301486666,0.46,0.9881448745727539,0.9999998807907104
13,0,0.9887230355888592,0.44,0.9881448745727539,0.9999997615814209
13,0,0.9892485944997361,0.44,0.9881448745727539,0.9999997615814209
13,0,0.9896830921493147,0.44,0.9881448745727539,0.9999998211860657
13,0,0.9896307311221503,0.42,0.9888656735420227,0.9999998211860657
13,0,0.9894117188257265,0.4,0.9888656735420227,0.9999998211860657
13,0,0.9893631271255166,0.4,0.9888656735420227,0.9999998211860657
13,0,0.9908903609492336,0.42,0.9888656735420227,0.9999998807907104
13,0,0.9918105153346901,0.42,0.9888656735420227,0.9999999403953552
13,0,0.9924807062883775,0.44,0.9888656735420227,0.9999999403953552
13,0,0.9928774626644917,0.44,0.9911689758300781,0.9999999403953552
13,0,0.9933811250103634,0.44,0.9873254299163818,0.9999999403953552
13,0,0.9939582045825532,0.42,0.9873254299163818,1.0
13,0,0.9945411534102966,0.4,0.9797402024269104,1.0
13,0,0.9950839325315195,0.4,0.9815561771392822,1.0
13,0,0.9955551085315779,0.38,0.8984984755516052,1.0
13,0,0.9959223486134747,0.36,0.8984984755516052,1.0
13,0,0.9961986684904579,0.36,0.8984984755516052,1.0
13,0,0.9963159631911532,0.36,0.8984984755516052,1.0
13,0,0.9960711111586269,0.36,0.8984984755516052,1.0
13,0,0.9956165402235119,0.34,0.8948264718055725,1.0
13,0,0.9960194589086476,0.36,0.8894259333610535,1.0
13,0,0.9964057302958231,0.38,0.8894259333610535,1.0
13,0,0.9959630459575386,0.4,0.9745326042175293,1.0
13,0,0.9950744052419394,0.4,0.9745326042175293,1.0
13,0,0.9949145528797267,0.42,0.9854723811149597,1.0
13,0,0.9944343318041148,0.42,0.9898722171783447,1.0
13,0,0.9939831678971062,0.42,0.9919690489768982,1.0
13,0,0.9936108543269725,0.4,0.9919690489768982,1.0
13,0,0.9930080347544202,0.4,0.9898722171783447,1.0
13,0,0.9924449269394113,0.4,0.9898722171783447,0.9999999403953552
13,0,0.9920581824297121,0.4,0.9898722171783447,0.9999999403953552
13,0,0.991633039022988,0.42,0.9898722171783447,0.9999999403953552
13,0,0.9910265756712419,0.42,0.9898722171783447,0.9999999403953552
13,0,0.9904638222852477,0.42,0.9888656735420227,0.9999998807907104
13,0,0.9894289193904244,0.42,0.9888656735420227,0.9999998211860657
13,0,0.987725709274615,0.4,0.9888656735420227,0.9999997615814209
13,0,0.9850485855727189,0.36,0.991317868232727,0.9999995231628418
13,0,0.9818878028437246,0.36,0.992412269115448,0.9999992847442627
13,0,0.9812071665172768,0.36,0.992412269115448,0.9999988675117493
13,0,0.9813958164309626,0.36,0.9934324026107788,0.9999982714653015
13,0,0.9829243546958262,0.36,0.9934324026107788,0.9999979138374329
13,0,0.9844154287538526,0.34,0.9934324026107788,0.9999975562095642
13,0,0.9834253076381742,0.34,0.9931004047393799,0.9999971985816956
13,0,0.9810934576877178,0.34,0.9948074221611023,0.9999971985816956
13,0,0.9801434278767823,0.34,0.995252251625061,0.9999975562095642
13,0,0.9792791972882235,0.38,0.9947775602340698,0.9999979138374329
13,0,0.9779222449615687,0.34,0.993060827255249,0.9999982118606567
13,0,0.980236089030349,0.34,0.993060827255249,0.9999986290931702
13,0,0.9812099445790553,0.34,0.985415518283844,0.9999988675117493
13,0,0.9804759447293553,0.36,0.9874228239059448,0.999998927116394
13,0,0.9798343662551755,0.36,0.9852963089942932,0.9999990463256836
13,0,0.977107628178319,0.38,0.9906960725784302,0.9999988079071045
13,0,0.9797286221808464,0.42,0.9866211414337158,0.9999987483024597
13,0,0.979099710081318,0.44,0.9677059054374695,0.999998927116394
13,0,0.9798374820544177,0.4,0.9489860534667969,0.9999991059303284
13,0,0.981709151802148,0.38,0.7963486909866333,0.9999991655349731
13,0,0.9823896278203017,0.34,0.7963486909866333,0.9999992251396179
13,0,0.9830012079669693,0.34,0.7963486909866333,0.9999992251396179
13,0,0.9835163876338204,0.34,0.7100935578346252,0.9999992847442627
13,0,0.9842481238219206,0.38,0.7100935578346252,0.9999993443489075
13,0,0.9850001424493106,0.38,0.7100935578346252,0.9999994039535522
13,0,0.985340249381042,0.38,0.7981951236724854,0.9999994039535522
13,0,0.986940929252871,0.38,0.9525777101516724,0.9999995827674866
13,0,0.9871785176695752,0.38,0.8131808638572693,0.9999995827674866
13,0,0.9876579207248645,0.4,0.7294037342071533,0.9999995827674866
13,0,0.987804178920796,0.4,0.7294037342071533,0.9999995827674866
13,0,0.9867173305892539,0.4,0.7100935578346252,0.999999463558197
13,0,0.9873981014726362,0.4,0.7100935578346252,0.9999993443489075
13,0,0.9886540358062987,0.4,0.7100935578346252,0.9999992847442627
13,0,0.9901820053993399,0.38,0.7981951236724854,0.9999992251396179
13,0,0.9898298647973655,0.38,0.7981951236724854,0.9999991059303284
13,0,0.9893017002107979,0.38,0.7100935578346252,0.9999989867210388
13,0,0.9887102399933678,0.38,0.7100935578346252,0.9999988079071045
13,0,0.9868778016666632,0.36,0.7100935578346252,0.9999980926513672
13,0,0.9856787180403522,0.36,0.7339141964912415,0.9999974370002747
13,0,0.9860070420162266,0.36,0.7678865790367126,0.9999973177909851
13,0,0.9850806667159228,0.34,0.9438236951828003,0.9999969005584717
13,0,0.9823243525592794,0.38,0.9438236951828003,0.9999958276748657
13,0,0.9803015547251395,0.38,0.9438236951828003,0.9999949336051941
13,0,0.98320450607055,0.34,0.938209056854248,0.9999947547912598
13,0,0.9852028800103144,0.32,0.9863448143005371,0.9999944567680359
13,0,0.9846528072251993,0.36,0.9897058010101318,0.9999942779541016
13,0,0.9844416331744148,0.36,0.9897058010101318,0.9999942779541016
13,0,0.9844136854925357,0.34,0.9897058010101318,0.9999944567680359
13,0,0.9848109538604639,0.34,0.9863448143005371,0.9999948143959045
13,0,0.9851215813768672,0.32,0.9863448143005371,0.9999951720237732
13,0,0.9849470733853961,0.34,0.9880585074424744,0.999995231628418
13,0,0.9848322567863674,0.34,0.9456306099891663,0.9999954104423523
13,0,0.9847482296380828,0.34,0.9456306099891663,0.9999955892562866
13,0,0.9847145077531863,0.34,0.9624289870262146,0.9999958276748657
13,0,0.9848479044123308,0.32,0.9624289870262146,0.9999961853027344
13,0,0.985429252807513,0.32,0.9624289870262146,0.9999966621398926
13,0,0.9867233820348776,0.32,0.941334068775177,0.9999973773956299
13,0,0.9862790035872546,0.36,0.946404218673706,0.9999979734420776
13,0,0.9860074087471677,0.36,0.946404218673706,0.9999984502792358
13,0,0.9855983799978736,0.36,0.946404218673706,0.9999986886978149
13,0,0.9848545743038066,0.36,0.946404218673706,0.9999988675117493
13,0,0.9834963745171302,0.36,0.946404218673706,0.9999988675117493
13,0,0.9866847600485736,0.38,0.9661182761192322,0.9999989867210388
13,0,0.9890424775489162,0.4,0.9661182761192322,0.9999990463256836
13,0,0.9893252415144971,0.4,0.9661182761192322,0.999998927116394
13,0,0.9893424147516265,0.38,0.9433410167694092,0.9999987483024597
13,0,0.9900019384009916,0.38,0.9433410167694092,0.9999988079071045
13,0,0.9906470823198097,0.38,0.937999963760376,0.9999989867210388
13,0,0.9902796094930312,0.38,0.9259740114212036,0.9999988675117493
13,0,0.9901074881448988,0.4,0.9259740114212036,0.9999985694885254
13,0,0.9897505729609154,0.38,0.9259740114212036,0.9999980330467224
13,0,0.9904323100189815,0.36,0.9259740114212036,0.999997615814209
13,0,0.9916177832935555,0.34,0.9259740114212036,0.9999974966049194
13,0,0.9913997940976994,0.3,0.9259740114212036,0.9999973177909851
13,0,0.9911450261069298,0.3,0.9605922102928162,0.999997079372406
13,0,0.9907524535027079,0.3,0.9605922102928162,0.9999967813491821
13,0,0.9906089101816372,0.28,0.9605922102928162,0.999996542930603
13,0,0.9906951462374028,0.28,0.9605922102928162,0.9999966025352478
13,0,0.9905658848471522,0.28,0.9554029703140259,0.9999961853027344
13,0,0.9902977686598368,0.3,0.8488209247589111,0.9999968409538269
13,0,0.9910971026579029,0.32,0.8587533235549927,0.9999977946281433
13,0,0.9919752542117197,0.32,0.8467342257499695,0.9999982118606567
13,0,0.9911437652678355,0.32,0.981449544429779,0.9999978542327881
13,0,0.9901188842592313,0.32,0.9772050976753235,0.9999971985816956
13,0,0.988497037006548,0.32,0.9872346520423889,0.9999960064888
13,0,0.9865342755991071,0.3,0.9941085577011108,0.9999947547912598
13,0,0.9845300234805918,0.3,0.9941085577011108,0.9999938011169434
13,0,0.9853627113433344,0.3,0.9946436882019043,0.9999935030937195
13,0,0.9867766853417936,0.32,0.9962843060493469,0.9999933838844299
13,0,0.9860776334504584,0.24,0.9946436882019043,0.9999933838844299
13,0,0.9846719466803106,0.28,0.9948506951332092,0.9999936819076538
13,0,0.9862049709902292,0.32,0.9943361878395081,0.9999951720237732
13,0,0.9893500127650089,0.32,0.9943361878395081,0.9999973177909851
13,0,0.9838090444741185,0.32,0.9928429126739502,0.9999991059303284
13,0,0.9856764415297635,0.32,0.9941378831863403,0.9999993443489075
13,0,0.9849179510700695,0.36,0.9937627911567688,0.9999992251396179
13,0,0.9805231626128224,0.36,0.994265615940094,0.9999991059303284
13,0,0.9764577690590126,0.38,0.9838448166847229,0.9999988675117493
13,0,0.9733836854097145,0.38,0.9817782640457153,0.9999984502792358
13,0,0.9730421709105808,0.42,0.969651460647583,0.999998152256012
13,0,0.9744421733899442,0.4,0.9817782640457153,0.9999979734420776
13,0,0.9764426853920884,0.4,0.9817782640457153,0.9999977946281433
13,0,0.9783817899648183,0.42,0.9057687520980835,0.9999976754188538
13,0,0.9798385731361551,0.4,0.9057687520980835,0.9999973773956299
13,0,0.9808305937445994,0.38,0.9386927485466003,0.9999969601631165
13,0,0.9808813239448048,0.38,0.9144492745399475,0.9999960064888
13,0,0.9798167418400667,0.4,0.8946319818496704,0.9999939203262329
13,0,0.978071331666357,0.42,0.9081251621246338,0.9999901652336121
13,0,0.9764882997463027,0.42,0.9081251621246338,0.9999852180480957
13,0,0.9763670555782381,0.42,0.9020580649375916,0.9999825358390808
13,0,0.9765352384894581,0.42,0.8900430798530579,0.9999827146530151
13,0,0.9756667835681522,0.42,0.8784847855567932,0.999981701374054
13,0,0.9730698196892309,0.42,0.8784847855567932,0.9999756813049316
13,0,0.9704194155013988,0.44,0.8678863644599915,0.9999675154685974
13,0,0.9707151310888803,0.44,0.8678863644599915,0.9999691843986511
13,0,0.972624840172366,0.44,0.8678863644599915,0.9999746084213257
13,0,0.9746764005563987,0.44,0.8678863644599915,0.9999799728393555
13,0,0.9759459917089353,0.42,0.8784847855567932,0.9999837875366211
13,0,0.9768121068122333,0.44,0.885827362537384,0.9999865889549255
13,0,0.9770649123162393,0.42,0.885827362537384,0.9999871253967285
13,0,0.9791882306889799,0.34,0.8764424920082092,0.9999918937683105
13,0,0.977963850513122,0.32,0.8344356417655945,0.9999926686286926
13,0,0.9743261365598925,0.32,0.931570291519165,0.9999922513961792
13,0,0.9755996142441042,0.3,0.9245558381080627,0.999992847442627
13,0,0.9784796383442177,0.3,0.9304164052009583,0.9999945163726807
13,0,0.9787734361459427,0.32,0.9616385698318481,0.9999961853027344
13,0,0.9782966853693802,0.4,0.9684001207351685,0.9999978542327881
13,0,0.9792250581883508,0.4,0.9684001207351685,0.9999986886978149
13,0,0.9804460170343825,0.4,0.9750261306762695,0.9999990463256836
13,0,0.9821263582083908,0.4,0.984209418296814,0.9999993443489075
13,0,0.9815501014721653,0.44,0.9968037605285645,0.9999994039535522
13,0,0.9777661070161234,0.46,0.9990808963775635,0.9999993443489075
13,0,0.974011233399105,0.42,0.9992263317108154,0.9999992251396179
13,0,0.9682133510108217,0.4,0.9992263317108154,0.999998927116394
13,0,0.9641616971487448,0.38,0.9992263317108154,0.9999985694885254
13,0,0.9592010115150326,0.38,0.9992644190788269,0.9999977946281433
13,0,0.9518539344731154,0.42,0.9990301132202148,0.9999964237213135
13,0,0.9449393411202901,0.44,0.9990301132202148,0.9999953508377075
13,0,0.9373335765653408,0.46,0.9990301132202148,0.9999942183494568
13,0,0.9289492158697015,0.48,0.9980877041816711,0.9999925494194031
13,0,0.919768379711405,0.48,0.9977194666862488,0.9999902248382568
13,0,0.92239323427131,0.48,0.9971238970756531,0.9999874234199524
13,0,0.9235467780482353,0.46,0.9971224665641785,0.9999809265136719
13,0,0.9314359735361432,0.46,0.9961636066436768,0.9999758005142212
13,0,0.938946149588787,0.42,0.9961636066436768,0.9999757409095764
13,0,0.9412872878687412,0.34,0.9935204386711121,0.9999786019325256
13,0,0.9413125860784777,0.34,0.9917281866073608,0.9999772906303406
13,0,0.9280899308425243,0.34,0.9922329187393188,0.9999672770500183
13,0,0.9284913630740582,0.36,0.9922329187393188,0.9999567270278931
13,0,0.9377248370120409,0.36,0.9898365139961243,0.9999529719352722
13,0,0.942344204620924,0.32,0.9922329187393188,0.9999581575393677
13,0,0.950556117326993,0.32,0.9922329187393188,0.9999680519104004
13,0,0.9552872082318461,0.3,0.9939780235290527,0.9999744892120361
13,0,0.9556930810855607,0.3,0.9939780235290527,0.999977707862854
13,0,0.9557655980185269,0.32,0.9962600469589233,0.9999804496765137
13,0,0.9565834035308546,0.34,0.9962600469589233,0.9999845623970032
13,0,0.9582473879828738,0.36,0.9962600469589233,0.9999899864196777
13,0,0.9601134308037156,0.36,0.9980371594429016,0.9999938011169434
13,0,0.962001069908302,0.4,0.9980371594429016,0.999995768070221
13,0,0.9653735576704633,0.4,0.9980371594429016,0.9999971985816956
13,0,0.9691609512362924,0.38,0.9984586238861084,0.9999980926513672
13,0,0.9725117086017212,0.4,0.9984586238861084,0.9999987483024597
13,0,0.9755564402219455,0.4,0.9980104565620422,0.9999992251396179
13,0,0.9772650283302233,0.42,0.9980104565620422,0.999999463558197
13,0,0.9785471273380167,0.42,0.9980104565620422,0.9999996423721313
13,0,0.9794462687535357,0.48,0.9978803396224976,0.9999997019767761
13,0,0.9801395809262088,0.4,0.9978803396224976,0.9999998211860657
13,0,0.9814070155204901,0.4,0.9960260391235352,0.9999998807907104
13,0,0.9809399739213656,0.4,0.9956372380256653,0.9999998807907104
13,0,0.9748927660413617,0.4,0.9934112429618835,0.9999998211860657
13,0,0.9651412049849671,0.38,0.9854857921600342,0.9999997615814209
13,0,0.9807388274060986,0.44,0.9855296015739441,0.9999996423721313
13,0,0.9834446146974607,0.44,0.9841115474700928,0.9999997019767761
13,0,0.9855064924179541,0.42,0.9798977971076965,0.9999996423721313
13,0,0.984086640990797,0.4,0.9798977971076965,0.9999995827674866
13,0,0.9827906668220888,0.38,0.9798977971076965,0.9999994039535522
13,0,0.98115212286362,0.34,0.9798977971076965,0.9999992251396179
13,0,0.9798031413338558,0.34,0.9798977971076965,0.9999988675117493
13,0,0.9802839528681677,0.36,0.9825426340103149,0.9999985098838806
13,0,0.9803384431115263,0.38,0.9807188510894775,0.9999979138374329
13,0,0.9765436933492826,0.34,0.9824486374855042,0.9999963045120239
13,0,0.9761961418708354,0.34,0.9684751033782959,0.9999939799308777
13,0,0.9801594224888817,0.34,0.9696629047393799,0.9999927282333374
13,0,0.9850940368571031,0.32,0.9294263124465942,0.9999924898147583
13,0,0.9868349549875424,0.32,0.9294263124465942,0.9999915361404419
13,0,0.988167632212443,0.32,0.922881007194519,0.9999905824661255
13,0,0.9890246472683215,0.32,0.922881007194519,0.99998939037323
13,0,0.9895982794758746,0.32,0.922881007194519,0.9999881982803345
13,0,0.9900492973661545,0.32,0.922881007194519,0.9999873042106628
13,0,0.9905836052705467,0.32,0.954594612121582,0.9999871253967285
13,0,0.9912176314733974,0.34,0.954594612121582,0.9999877214431763
13,0,0.9918303099268002,0.34,0.9528453946113586,0.999988853931427
13,0,0.9923148375492743,0.34,0.9528453946113586,0.9999900460243225
13,0,0.9926687522124276,0.32,0.9568822979927063,0.9999914169311523
13,0,0.9930742800838348,0.32,0.9655223488807678,0.9999929070472717
13,0,0.9926751153007287,0.32,0.9868069291114807,0.9999940991401672
13,0,0.9930626104730435,0.28,0.9868069291114807,0.9999960660934448
13,0,0.9943646596749477,0.34,0.9919965863227844,0.9999979734420776
13,0,0.9914964415131825,0.34,0.9913151860237122,0.9999992847442627
13,0,0.9922346903083088,0.34,0.9913151860237122,0.9999995231628418
13,0,0.9907768876554429,0.38,0.9945123195648193,0.9999996423721313
13,0,0.9896702712172729,0.4,0.993353009223938,0.9999997019767761
13,0,0.9895627358087977,0.4,0.988381028175354,0.9999997615814209
13,0,0.9900718242202837,0.42,0.988381028175354,0.9999998211860657
13,0,0.9896245848004805,0.4,0.9950666427612305,0.9999998807907104
13,0,0.9888434785693356,0.4,0.9936527013778687,0.9999998807907104
13,0,0.9886593419295829,0.38,0.9928394556045532,0.9999999403953552
13,0,0.9885835943588137,0.36,0.9942913055419922,0.9999999403953552
13,0,0.9878074062475952,0.36,0.9945164322853088,0.9999999403953552
13,0,0.9868083298776718,0.34,0.9945164322853088,0.9999999403953552
13,0,0.9862934321378087,0.34,0.9937653541564941,0.9999999403953552
13,0,0.9859656813777423,0.32,0.9953281879425049,0.9999999403953552
13,0,0.9842883791726159,0.32,0.9953281879425049,0.9999999403953552
13,0,0.9823182053645989,0.32,0.9953281879425049,0.9999999403953552
13,0,0.9821189632187877,0.32,0.9948610663414001,0.9999999403953552
13,0,0.9811730800934456,0.32,0.9948610663414001,0.9999999403953552
13,0,0.97809890383526,0.32,0.9948610663414001,0.9999999403953552
13,0,0.9742261486038494,0.32,0.9931432008743286,0.9999998807907104
13,0,0.9729569585746985,0.3,0.9931432008743286,0.9999998807907104
13,0,0.9735814795930641,0.3,0.9891570806503296,0.9999998807907104
13,0,0.9751772314004528,0.26,0.9891570806503296,0.9999998807907104
13,0,0.9771624826619594,0.26,0.9891570806503296,0.9999998807907104
13,0,0.9770674463747069,0.24,0.9915639162063599,0.9999998211860657
13,0,0.9760003391912636,0.26,0.9889883399009705,0.9999997615814209
13,0,0.9768438001377079,0.3,0.9889883399009705,0.9999997019767761
13,0,0.981065704739754,0.32,0.9899837970733643,0.9999997615814209
13,0,0.9849095495819428,0.32,0.9899837970733643,0.9999998211860657
13,0,0.9869076575749275,0.28,0.9899837970733643,0.9999998211860657
13,0,0.988592044629643,0.28,0.9929710030555725,0.9999998211860657
13,0,0.9902439945329817,0.32,0.993251383304596,0.9999998807907104
13,0,0.9914937599006931,0.32,0.9913261532783508,0.9999998807907104
13,0,0.9922628964544482,0.34,0.991628885269165,0.9999999403953552
13,0,0.9929819185032402,0.36,0.991628885269165,0.9999999403953552
13,0,0.9935822017782349,0.38,0.991628885269165,0.9999999403953552
13,0,0.9939615400373546,0.38,0.991628885269165,0.9999999403953552
13,0,0.9942227889759158,0.4,0.9937206506729126,0.9999999403953552
13,0,0.9945622309012287,0.4,0.9928612112998962,1.0
13,0,0.9952087852369091,0.4,0.9891718029975891,1.0
13,0,0.9958123746447723,0.38,0.9891718029975891,1.0
13,0,0.9956404699509183,0.38,0.9880965948104858,1.0
13,0,0.9950049646323526,0.36,0.9880965948104858,1.0
13,0,0.9948076495917353,0.32,0.9880965948104858,1.0
13,0,0.9948746325094885,0.34,0.9880965948104858,1.0
13,0,0.9948131038888868,0.34,0.9880965948104858,1.0
13,0,0.9946281299628593,0.34,0.9841533303260803,1.0
13,0,0.9943360205443578,0.34,0.9841533303260803,1.0
13,0,0.9939480968584886,0.32,0.9841533303260803,1.0
13,0,0.9934755349399153,0.3,0.9855794906616211,1.0
13,0,0.993135038119966,0.3,0.9855794906616211,1.0
13,0,0.9928662901770297,0.3,0.9887714982032776,1.0
13,0,0.9927585497290462,0.3,0.9876570701599121,1.0
13,0,0.9924934732280969,0.32,0.9876570701599121,1.0
13,0,0.9920399555705608,0.32,0.9876570701599121,1.0
13,0,0.9915218937819312,0.3,0.9918583035469055,1.0
13,0,0.9911015035989447,0.3,0.9925962686538696,1.0
13,0,0.9897781389201473,0.3,0.9925962686538696,1.0
13,0,0.9896716272748386,0.32,0.9925962686538696,1.0
13,0,0.9895160997686422,0.36,0.9934873580932617,1.0
13,0,0.9883348897170021,0.34,0.9934873580932617,1.0
13,0,0.9871491145246224,0.32,0.9939140677452087,1.0
13,0,0.9862550485673448,0.32,0.992172360420227,1.0
13,0,0.9871674520544012,0.32,0.992176353931427,0.9999999403953552
13,0,0.9873654965523223,0.32,0.992176353931427,0.9999999403953552
13,0,0.9866225839181169,0.34,0.9941321015357971,0.9999999403953552
13,0,0.9865231526532365,0.3,0.9962961077690125,0.9999998807907104
13,0,0.9859041877300627,0.32,0.9962961077690125,0.9999998807907104
13,0,0.9857501127126982,0.32,0.9962961077690125,0.9999998807907104
13,0,0.9856150896945158,0.32,0.9962961077690125,0.9999998807907104
13,0,0.9846407078950111,0.34,0.9962961077690125,0.9999998807907104
13,0,0.9853816029776201,0.32,0.9957877993583679,0.9999998807907104
13,0,0.9860880337088926,0.34,0.9957877993583679,0.9999999403953552
13,0,0.9862268355747591,0.34,0.9957877993583679,0.9999999403953552
13,0,0.9871015651188673,0.34,0.9957877993583679,0.9999999403953552
13,0,0.9888415774365656,0.32,0.9933288097381592,1.0
13,0,0.9900384885013711,0.32,0.9898784160614014,1.0
13,0,0.9907816537253971,0.32,0.9898784160614014,1.0
13,0,0.9915928766720629,0.32,0.9898784160614014,1.0
13,0,0.9916116177214327,0.32,0.9891718029975891,1.0
13,0,0.9905438448157645,0.32,0.9891718029975891,1.0
13,0,0.9896392632995754,0.32,0.9904710054397583,1.0
13,0,0.9886565168000117,0.34,0.9904710054397583,1.0
13,0,0.986833959127971,0.38,0.9924091100692749,1.0
13,0,0.9845333200483263,0.42,0.9924091100692749,1.0
13,0,0.9816247273615578,0.42,0.988446831703186,1.0
13,0,0.9781620561319045,0.44,0.988446831703186,1.0
13,0,0.9734347076537789,0.42,0.988446831703186,1.0
13,0,0.9672749876907707,0.44,0.988446831703186,1.0
13,0,0.9593783801344257,0.44,0.9902841448783875,1.0
13,0,0.9489210153423486,0.44,0.9902841448783875,1.0
13,0,0.9315037740267552,0.44,0.9906214475631714,1.0
13,0,0.9063567552779731,0.44,0.9749011397361755,1.0
13,0,0.8818778342190849,0.44,0.9749011397361755,1.0
13,0,0.8551602055648314,0.44,0.9649813771247864,1.0
13,0,0.8512006645993525,0.44,0.9649813771247864,1.0
13,0,0.8579698982675357,0.44,0.9649813771247864,1.0
13,0,0.8739422820254762,0.44,0.9649813771247864,1.0
13,0,0.8757557687944217,0.44,0.9649813771247864,0.9999999403953552
13,0,0.8812492918974989,0.44,0.9767191410064697,0.9999999403953552
13,0,0.8920661015839576,0.44,0.9767191410064697,0.9999999403953552
13,0,0.9008254084720855,0.4,0.9807580709457397,0.9999999403953552
13,0,0.9051280705979508,0.44,0.9807580709457397,0.9999999403953552
13,0,0.9046744414839263,0.42,0.9807580709457397,0.9999998807907104
13,0,0.9181346817819918,0.4,0.9785471558570862,0.9999998807907104
13,0,0.9276490035459525,0.36,0.9802168011665344,0.9999998807907104
13,0,0.93886208445814,0.34,0.9802168011665344,0.9999998807907104
13,0,0.9522385463306858,0.34,0.9884663820266724,0.9999998807907104
13,0,0.9574201690332387,0.34,0.9879007339477539,0.9999998807907104
13,0,0.9617982555780248,0.32,0.9879007339477539,0.9999998807907104
13,0,0.9644260472610532,0.32,0.9879007339477539,0.9999998807907104
13,0,0.965580571369854,0.3,0.9879007339477539,0.9999998807907104
13,0,0.96639789696008,0.3,0.9879007339477539,0.9999998807907104
13,0,0.9677158411120766,0.3,0.9879007339477539,0.9999999403953552
13,0,0.9681187466607102,0.3,0.9879007339477539,0.9999999403953552
13,0,0.9683955207828806,0.3,0.9921494722366333,0.9999999403953552
13,0,0.9688585487485799,0.3,0.9880965948104858,0.9999999403953552
13,0,0.9688859237462922,0.32,0.9880965948104858,0.9999999403953552
13,0,0.9679987154489955,0.32,0.9880965948104858,0.9999999403953552
13,0,0.9579720931696968,0.32,0.9880965948104858,0.9999999403953552
13,0,0.9229632775348562,0.36,0.992683470249176,1.0
13,0,0.9195277435799529,0.32,0.9863779544830322,1.0
13,0,0.9046015491014026,0.3,0.9863779544830322,1.0
13,0,0.8864533750822722,0.34,0.983498752117157,1.0
13,0,0.8481310345396438,0.38,0.9953305721282959,1.0
13,0,0.8133530457041246,0.44,0.995545506477356,1.0
13,0,0.7777340970542581,0.46,0.9914195537567139,1.0
13,0,0.7418401340660167,0.46,0.98525071144104,1.0
13,0,0.6861307095650254,0.44,0.9806268811225891,0.9999999403953552
13,0,0.6210144054387754,0.46,0.9817637801170349,0.9999999403953552
13,0,0.5616715480163895,0.46,0.9817637801170349,0.9999998807907104
13,0,0.5026216507664399,0.46,0.9817637801170349,0.9999997615814209
13,0,0.4482798341521874,0.46,0.9805208444595337,0.9999995827674866
13,0,0.40509692383542867,0.46,0.9800748825073242,0.9999992847442627
13,0,0.3705886466034815,0.44,0.9800748825073242,0.9999987483024597
13,0,0.3492555801820768,0.44,0.9921182990074158,0.9999979138374329
13,0,0.3445690855868132,0.44,0.9862661957740784,0.9999968409538269
13,0,0.3515168904315997,0.4,0.9862661957740784,0.9999956488609314
13,0,0.37426089027421205,0.38,0.9858534336090088,0.9999943375587463
13,0,0.4064701202917926,0.38,0.9858534336090088,0.999992847442627
13,0,0.4423246426042977,0.42,0.9858534336090088,0.9999914765357971
13,0,0.48648716239746487,0.4,0.9814436435699463,0.9999902248382568
13,0,0.5335832889320323,0.42,0.9687097668647766,0.9999894499778748
13,0,0.5830105948547716,0.44,0.9664363861083984,0.9999894499778748
13,0,0.6324036823106509,0.44,0.9664363861083984,0.9999906420707703
13,0,0.667852885257153,0.42,0.9664363861083984,0.9999918937683105
13,0,0.6997905019884231,0.38,0.9664363861083984,0.9999932646751404
13,0,0.7194144828252638,0.38,0.9497807621955872,0.9999946355819702
13,0,0.7329591471494786,0.38,0.9437709450721741,0.9999955296516418
13,0,0.7469248251702557,0.38,0.9387591481208801,0.9999964833259583
13,0,0.7598241237049435,0.36,0.932589590549469,0.9999973773956299
13,0,0.7675536238369353,0.36,0.932589590549469,0.9999980330467224
13,0,0.7731746285959433,0.36,0.932589590549469,0.9999984502792358
13,0,0.7778601781488649,0.38,0.9326220750808716,0.9999987483024597
13,0,0.861947913206944,0.38,0.9324155449867249,0.9999987483024597
13,0,0.860875180415127,0.38,0.9324155449867249,0.9999990463256836
13,0,0.8573300478506934,0.38,0.9324155449867249,0.9999992847442627
13,0,0.8546734533159962,0.38,0.9261253476142883,0.999999463558197
13,0,0.8556392835317016,0.4,0.9265059232711792,0.9999995827674866
13,0,0.8620048649762587,0.4,0.9265059232711792,0.9999997019767761
13,0,0.8623564577908406,0.4,0.9262651205062866,0.9999997615814209
13,0,0.731991164261975,0.4,0.9233039617538452,0.9999995827674866
13,0,0.6879356080153235,0.42,0.9233039617538452,0.9999994039535522
13,0,0.639177607460454,0.4,0.9233039617538452,0.9999992251396179
13,0,0.5844008160852482,0.42,0.9233039617538452,0.999998927116394
13,0,0.529065702012386,0.42,0.9233039617538452,0.9999985098838806
13,0,0.4642361397938146,0.44,0.9233039617538452,0.9999973177909851
13,0,0.3983520181465228,0.46,0.9233039617538452,0.9999953508377075
13,0,0.3464213779312099,0.46,0.9227944016456604,0.9999921917915344
13,0,0.26967083323279734,0.46,0.8089587092399597,0.9999818801879883
13,0,0.21116748322219034,0.46,0.7783721089363098,0.9999590516090393
13,0,0.16705175622899734,0.44,0.7596712708473206,0.9999087452888489
13,0,0.12823023262820488,0.46,0.47956693172454834,0.999796986579895
13,0,0.10044366464505967,0.44,0.3908306360244751,0.9996244311332703
13,0,0.07901806003015066,0.44,0.3908306360244751,0.999257504940033
13,0,0.062416803161838334,0.44,0.3908306360244751,0.9984248280525208
13,0,0.04921591063864583,0.42,0.18547549843788147,0.9971498847007751
13,0,0.034860889524111816,0.4,0.18547549843788147,0.9964260458946228
13,0,0.024946612146499972,0.4,0.12089443951845169,0.9951732158660889
13,0,0.02471641582607938,0.4,0.11432238668203354,0.9942113757133484
13,0,0.019322856288436815,0.36,0.030185334384441376,0.9912700653076172
13,0,0.016653735689646336,0.36,0.06459855288267136,0.9912871718406677
13,0,0.01871844191035341,0.36,0.13897813856601715,0.9922065138816833
13,0,0.024568442223012656,0.36,0.13897813856601715,0.9937524795532227
13,0,0.031380662940398076,0.34,0.16694265604019165,0.9948434233665466
13,0,0.03884788018552342,0.36,0.3216536045074463,0.9953199625015259
13,0,0.0493779404490732,0.32,0.4347474277019501,0.9959187507629395
13,0,0.1111467466949064,0.34,0.9011913537979126,0.9994741082191467
13,0,0.11974973385999003,0.34,0.9011913537979126,0.999489963054657
13,0,0.13095348371196258,0.36,0.8920032382011414,0.9995235800743103
13,0,0.14253340668162812,0.32,0.8920032382011414,0.9995554685592651
13,0,0.15177755464748716,0.32,0.8920032382011414,0.9995715022087097
13,0,0.15918275786013683,0.3,0.8920032382011414,0.9995836019515991
13,0,0.16244657559428588,0.3,0.8920032382011414,0.9995903372764587
13,0,0.16670299470476715,0.3,0.8412405848503113,0.9995951056480408
13,0,0.16425867405519223,0.28,0.8412405848503113,0.9995771050453186
13,0,0.153695229198786,0.28,0.7035315036773682,0.9995354413986206
13,0,0.1508293759507677,0.3,0.5939926505088806,0.9995317459106445
13,0,0.1620638570694607,0.3,0.5939926505088806,0.999612033367157
13,0,0.16288996514329757,0.34,0.5939926505088806,0.9996962547302246
13,0,0.16749462728239572,0.3,0.5941170454025269,0.9997729659080505
13,0,0.17876382341559693,0.32,0.7663426995277405,0.9998186826705933
13,0,0.17978907481763656,0.32,0.7663426995277405,0.9998341202735901
13,0,0.18082267479271685,0.32,0.7663426995277405,0.999840497970581
13,0,0.18183651508759127,0.32,0.7663426995277405,0.9998418092727661
13,0,0.18646901635020344,0.32,0.7487605810165405,0.9998421669006348
13,0,0.17084085507970054,0.32,0.6027840375900269,0.9998178482055664
13,0,0.14092130010010748,0.28,0.5500141382217407,0.9997538328170776
13,0,0.1339046686504072,0.3,0.5500141382217407,0.9996739029884338
13,0,0.12801718554813016,0.28,0.5500141382217407,0.9995435476303101
13,0,0.1261813555063823,0.26,0.5500141382217407,0.9993637800216675
13,0,0.1294181629293008,0.28,0.5735839009284973,0.9991360902786255
13,0,0.12057874338093293,0.28,0.33117780089378357,0.9988465309143066
13,0,0.10378775270902654,0.26,0.24026396870613098,0.9984763860702515
13,0,0.09807103224888246,0.24,0.2428484410047531,0.9981869459152222
13,0,0.07141158422655927,0.3,0.3281012177467346,0.997197687625885
13,0,0.05066460522041399,0.28,0.32019996643066406,0.9942420721054077
13,0,0.04143327669662451,0.26,0.15664973855018616,0.9878288507461548
13,0,0.03356562430396824,0.24,0.15664973855018616,0.972734272480011
13,0,0.030964684066208444,0.22,0.1669013947248459,0.957740306854248
13,0,0.030426896827210764,0.22,0.1669013947248459,0.9525545239448547
13,0,0.03038008731048794,0.24,0.1669013947248459,0.9501118659973145
13,0,0.03462770709365317,0.16,0.1669013947248459,0.9535912871360779
13,0,0.03593277998958768,0.1,0.20620125532150269,0.9521576166152954
13,0,0.03974288070069302,0.12,0.09656534343957901,0.9515969753265381
13,0,0.04286838138298968,0.08,0.11715694516897202,0.9547985792160034
13,0,0.045334076378898656,0.08,0.033396944403648376,0.958832859992981
13,0,0.04591169366022143,0.08,0.02149317041039467,0.9664299488067627
13,0,0.04629161568804346,0.1,0.02149317041039467,0.9701542854309082
13,0,0.04546675369793712,0.12,0.011801659129559994,0.9732850790023804
13,0,0.04476700921753915,0.16,0.011801659129559994,0.9771885275840759
13,0,0.043536455148302296,0.18,0.021486004814505577,0.9800044298171997
13,0,0.04200704254672049,0.16,0.01670181378722191,0.9821052551269531
13,0,0.04093624186872571,0.16,0.01670181378722191,0.9840774536132812
13,0,0.04038301596336479,0.18,0.011033376678824425,0.9858059883117676
13,0,0.03922575745300684,0.14,0.0014718580059707165,0.9872350692749023
13,0,0.035426259543318475,0.16,0.0014718580059707165,0.9885406494140625
13,0,0.03399974256332801,0.16,0.0029211293440312147,0.9908299446105957
13,0,0.03730168798681047,0.16,0.0029211293440312147,0.994377851486206
13,0,0.04062590878802538,0.16,0.03219141811132431,0.9953169822692871
13,0,0.040342555032499554,0.16,0.03531228378415108,0.9960682392120361
13,0,0.04058264021227196,0.16,0.03531228378415108,0.9962470531463623
13,0,0.03877907265888957,0.16,0.03531228378415108,0.9959323406219482
13,0,0.04079178696996253,0.16,0.004810594953596592,0.9959141612052917
13,0,0.03795563938485989,0.16,0.004810594953596592,0.995595395565033
13,0,0.03589074259349339,0.16,0.004810594953596592,0.9952656030654907
13,0,0.03255486004318468,0.16,0.004810594953596592,0.9943988919258118
13,0,0.028925911144067305,0.16,0.004810594953596592,0.992699146270752
13,0,0.025197985635596665,0.16,0.0029196287505328655,0.9899210929870605
13,0,0.022226550019132468,0.16,0.0014711006078869104,0.9861990213394165
13,0,0.020064850847248444,0.14,0.0010344175389036536,0.9820663332939148
13,0,0.019488025767712552,0.14,0.0010252416832372546,0.978352427482605
13,0,0.018091440536757306,0.14,0.0010252416832372546,0.9735786318778992
13,0,0.016386403850978615,0.14,0.0010252416832372546,0.9672044515609741
13,0,0.015204655151718744,0.12,0.0009317051735706627,0.9590084552764893
13,0,0.013331720781321854,0.12,0.000591053394600749,0.9474612474441528
13,0,0.011385635967740563,0.1,0.000771357910707593,0.9320156574249268
13,0,0.009743712390615078,0.1,0.000771357910707593,0.9158902764320374
13,0,0.010096579171394171,0.1,0.000771357910707593,0.9133262634277344
13,0,0.010863255592453065,0.1,0.0012912885285913944,0.9101142883300781
13,0,0.011758472668097784,0.08,0.0013578468933701515,0.8944461941719055
13,0,0.013635615853103,0.06,0.010186279192566872,0.8861954808235168
13,0,0.016443688862869652,0.04,0.010186279192566872,0.8875761032104492
13,0,0.017384571391441603,0.04,0.010601868852972984,0.8908110857009888
13,0,0.0187958153587369,0.02,0.010601868852972984,0.9012022018432617
13,0,0.020910819214513727,0.04,0.019507018849253654,0.914739727973938
13,0,0.02268274609970972,0.06,0.04471602290868759,0.9243724346160889
13,0,0.021687325851502227,0.06,0.02087423950433731,0.9246879816055298
13,0,0.022391774593794354,0.08,0.0825372040271759,0.9285140037536621
13,0,0.024405032732089115,0.08,0.0825372040271759,0.9233714938163757
13,0,0.025829883996123532,0.08,0.0798468366265297,0.9152808785438538
13,0,0.02473287274609028,0.08,0.0798468366265297,0.896615207195282
13,0,0.026423311085431982,0.08,0.07500234246253967,0.8843485116958618
13,0,0.027007744598282514,0.08,0.018207263201475143,0.8708600997924805
13,0,0.026290481396327853,0.08,0.018207263201475143,0.8594145178794861
13,0,0.02491384541414081,0.08,0.029384203255176544,0.850764274597168
13,0,0.025237864793200535,0.08,0.029384203255176544,0.8477075099945068
13,0,0.025607903300924228,0.08,0.029384203255176544,0.8435768485069275
13,0,0.024714590613617016,0.08,0.029384203255176544,0.8299885392189026
13,0,0.020696765885658,0.08,0.029369497671723366,0.7919011116027832
13,0,0.022394351260567852,0.08,0.028304943814873695,0.784842848777771
13,0,0.027055668782916483,0.1,0.0077969785779714584,0.8129057884216309
13,0,0.029074391219603438,0.08,0.0077969785779714584,0.8317239880561829
13,0,0.025829803951846152,0.1,0.004068187903612852,0.8405958414077759
13,0,0.02485696717315868,0.1,0.005268593784421682,0.8567798733711243
13,0,0.024309484888035842,0.1,0.005271295551210642,0.867416501045227
13,0,0.025914985882500914,0.12,0.005271295551210642,0.880526602268219
13,0,0.02543589556178733,0.12,0.004070276860147715,0.8837132453918457
13,0,0.025369067220624753,0.1,0.004070276860147715,0.8868696689605713
13,0,0.024844010709788925,0.1,0.004070276860147715,0.8936400413513184
13,0,0.020887647729442016,0.1,0.0042191301472485065,0.8700498342514038
13,0,0.01732758602317104,0.1,0.0042191301472485065,0.847187340259552
13,0,0.013312039895847975,0.1,0.0042191301472485065,0.8065937161445618
13,0,0.010586480487044367,0.08,0.004007334820926189,0.7604919075965881
13,0,0.014337061449085519,0.08,0.0016371742822229862,0.7970297336578369
13,0,0.014439604474772926,0.1,0.003035432891920209,0.789124071598053
13,0,0.01678204267692786,0.1,0.006845852360129356,0.8108958005905151
13,0,0.018184538755438517,0.14,0.006845852360129356,0.8400274515151978
13,0,0.01811554728821713,0.16,0.02478758990764618,0.8686529397964478
13,0,0.017799471424051434,0.2,0.012579599395394325,0.8925310373306274
13,0,0.016327419287946777,0.2,0.023828139528632164,0.9054150581359863
13,0,0.017667700380623718,0.22,0.05650617182254791,0.9266731142997742
13,0,0.019500721216350377,0.22,0.12805379927158356,0.9431926608085632
13,0,0.021726713660924768,0.22,0.12805379927158356,0.9543129205703735
13,0,0.025221152761946225,0.22,0.114041768014431,0.9628236889839172
13,0,0.02731720459521529,0.22,0.114041768014431,0.9564709663391113
13,0,0.031108934205397586,0.22,0.12408041208982468,0.9711969494819641
13,0,0.033617871642272486,0.24,0.12408041208982468,0.9722647070884705
13,0,0.03454608988612133,0.24,0.15517541766166687,0.9709446430206299
13,0,0.034187191887951225,0.24,0.15510785579681396,0.9675958156585693
13,0,0.03502102760054082,0.22,0.24827957153320312,0.9636515378952026
13,0,0.03697033346739735,0.22,0.24827957153320312,0.9595968127250671
13,0,0.037639118578972015,0.24,0.22905279695987701,0.9539830684661865
13,0,0.03781066442498126,0.22,0.22905279695987701,0.9448522925376892
13,0,0.036236975957969556,0.16,0.22905279695987701,0.9297834634780884
13,0,0.03300794958007551,0.16,0.22905279695987701,0.9055238366127014
13,0,0.029838319603935622,0.14,0.03766150027513504,0.8717012405395508
13,0,0.02805791171428001,0.12,0.02929801680147648,0.8371977806091309
13,0,0.027888252032991615,0.14,0.0077969785779714584,0.8114491701126099
13,0,0.02965267379596635,0.12,0.010086501017212868,0.8059185743331909
13,0,0.03182398606879427,0.12,0.009776745922863483,0.8174865245819092
13,0,0.03580877919093837,0.12,0.014680875465273857,0.8396469950675964
13,0,0.04162932293285785,0.14,0.014680875465273857,0.8599104285240173
13,0,0.04044939641712383,0.16,0.009443745017051697,0.8624157309532166
13,0,0.04533760669418613,0.16,0.0025794513057917356,0.8820796012878418
13,0,0.04568991067982769,0.18,0.002344451379030943,0.8920581340789795
13,0,0.04043438676093905,0.16,0.0026739302556961775,0.8910694718360901
13,0,0.03955023759027283,0.14,0.0027703067753463984,0.8928306102752686
13,0,0.0371985271457196,0.1,0.0024898352567106485,0.8836848735809326
13,0,0.03491162110330107,0.08,0.002607876667752862,0.8587231636047363
13,0,0.0339235713474355,0.08,0.005524782929569483,0.8422470092773438
13,0,0.03599672809194704,0.14,0.014593115076422691,0.8395175337791443
13,0,0.03975149142255598,0.16,0.17261546850204468,0.8481439352035522
13,0,0.036775225316992864,0.24,0.03427628055214882,0.8423965573310852
13,0,0.033833204719705676,0.24,0.017953593283891678,0.8392305970191956
13,0,0.030144387630127594,0.2,0.017953593283891678,0.833606481552124
13,0,0.027605749094293922,0.26,0.011019664816558361,0.8346372246742249
13,0,0.02631081238427424,0.24,0.011019664816558361,0.8433318138122559
13,0,0.024360380252336424,0.2,0.011019664816558361,0.8493461012840271
13,0,0.018561505027347353,0.24,0.005750745534896851,0.7406348586082458
13,0,0.017223190925054754,0.26,0.0073181940242648125,0.7612591981887817
13,0,0.022535648269993953,0.24,0.007033818401396275,0.8369343280792236
13,0,0.02072396727927986,0.24,0.004736825358122587,0.8398580551147461
13,0,0.01573927859257484,0.26,0.0041831377893686295,0.7983145713806152
13,0,0.014542793440251722,0.16,0.0037168548442423344,0.7618329524993896
13,0,0.014521959940121553,0.16,0.0037168548442423344,0.7191411256790161
13,0,0.017676788881815588,0.16,0.003714946797117591,0.6785838603973389
13,0,0.018371750270399587,0.14,0.003714946797117591,0.5661675930023193
13,0,0.01804497836670215,0.14,0.0033584977500140667,0.4194589853286743
13,0,0.016967136931591017,0.1,0.002981687430292368,0.26031407713890076
13,0,0.014429042652796289,0.08,0.0020313747227191925,0.13751977682113647
13,0,0.012141021127342074,0.08,0.0004305739130359143,0.06637944281101227
13,0,0.011115436797676076,0.06,0.00028323184233158827,0.034152522683143616
13,0,0.022589914931033305,0.14,0.002883627312257886,0.7708625197410583
13,0,0.02296728855625468,0.14,0.002883627312257886,0.7436729669570923
13,0,0.022246297965861177,0.14,0.002883627312257886,0.696643054485321
13,0,0.021074977105726964,0.12,0.002883627312257886,0.641791582107544
13,0,0.019532040280896404,0.18,0.002883627312257886,0.606988787651062
13,0,0.01840054830211369,0.2,0.002883627312257886,0.5973796844482422
13,0,0.01605195502248174,0.2,0.0032675517722964287,0.5931962728500366
13,0,0.015429393807928286,0.2,0.002434986410662532,0.5788658261299133
13,0,0.015410500857781074,0.2,0.0021801921539008617,0.6369991302490234
13,0,0.017213455883103124,0.2,0.001064044889062643,0.6914334297180176
13,0,0.01856455912772854,0.16,0.003491879440844059,0.7401139736175537
13,0,0.020094479828879585,0.14,0.005188317038118839,0.7829292416572571
13,0,0.02156492737549111,0.1,0.007034047972410917,0.8212320804595947
13,0,0.022574971923913244,0.14,0.010260521434247494,0.8490508794784546
13,0,0.023915669059869218,0.16,0.00941193662583828,0.8718832731246948
13,0,0.024742077248020557,0.14,0.014730841852724552,0.8870242834091187
13,0,0.012316933054821684,0.14,0.001398878637701273,0.151788130402565
13,0,0.012962334039056703,0.16,0.001398878637701273,0.17461378872394562
13,0,0.01343412555778988,0.16,0.0010302793234586716,0.1887131631374359
13,0,0.013714798772616962,0.16,0.0008174703689292073,0.2030092179775238
13,0,0.012064428867770526,0.16,0.0009210307034663856,0.19226092100143433
13,0,0.010384105683771011,0.16,0.0009210307034663856,0.16838984191417694
13,0,0.008246506139271621,0.16,0.0009210307034663856,0.13321149349212646
13,0,0.007128385224010618,0.18,0.0006051455275155604,0.11442289501428604
13,0,0.0061429964942468504,0.18,0.0006051455275155604,0.09711197763681412
13,0,0.005673678029138598,0.18,0.0006051455275155604,0.08807544410228729
13,0,0.005423167261507708,0.18,0.0005304445512592793,0.08437550067901611
13,0,0.00517391493706305,0.18,0.0005304445512592793,0.07992450892925262
13,0,0.005043924567434205,0.18,0.0008180672884918749,0.08679817616939545
13,0,0.005084279482763804,0.18,0.0008180672884918749,0.08620370179414749
13,0,0.0049173722763209944,0.18,0.0008180672884918749,0.08291012793779373
13,0,0.004822575971675471,0.18,0.0008180672884918749,0.07589349150657654
13,0,0.00489689472058693,0.16,0.0008180672884918749,0.0722532644867897
13,0,0.005018993461760217,0.16,0.0008767494582571089,0.06734290719032288
13,0,0.005175896119238904,0.16,0.0005372564191929996,0.06207096576690674
13,0,0.0053709915308339466,0.14,0.0004573054611682892,0.057576946914196014
13,0,0.005376327474986686,0.1,0.0002874451456591487,0.052670128643512726
13,0,0.0056023425747203275,0.1,0.00021866591123398393,0.049274154007434845
13,0,0.0058616762043447665,0.1,0.00014194552204571664,0.044698566198349
13,0,0.005858041938223553,0.08,0.00014194552204571664,0.038995664566755295
13,0,0.005784975202363869,0.08,0.00014635547995567322,0.03347676992416382
13,0,0.005505205666143071,0.08,0.00014635547995567322,0.02838641218841076
13,0,0.00489846627291275,0.08,8.187730418285355e-05,0.02348543331027031
13,0,0.004694799290935538,0.08,7.60489419917576e-05,0.0214418675750494
13,0,0.0039030384162257654,0.06,0.00015372750931419432,0.01838855817914009
13,0,0.0034290473407378444,0.06,0.00011917929077753797,0.016025898978114128
13,0,0.005486472099444908,0.08,0.00011917929077753797,0.024058332666754723
13,0,0.006674465263514313,0.08,0.00012431683717295527,0.030584553256630898
13,0,0.008507732486615965,0.08,0.00012431683717295527,0.03995616361498833
13,0,0.00962093670354104,0.08,0.00012727790453936905,0.04289591312408447
13,0,0.009575281346921084,0.08,0.00012727790453936905,0.04231514036655426
13,0,0.010696577977974504,0.08,0.0002485163859091699,0.04851721599698067
13,0,0.012990826991340496,0.06,0.0003302531549707055,0.0622519925236702
13,0,0.01647598168855717,0.06,0.0005020449752919376,0.0830940529704094
13,0,0.021039107460808715,0.12,0.0006368078757077456,0.11081785708665848
13,0,0.024611572781702184,0.12,0.0006452488014474511,0.1382914036512375
13,0,0.026157510021070703,0.14,0.0006449164939112961,0.16093291342258453
13,0,0.029826605546626722,0.14,0.0006883571040816605,0.19819168746471405
13,0,0.031099335782095127,0.16,0.0008577437256462872,0.23563827574253082
13,0,0.030699240561022263,0.18,0.0008082761196419597,0.2540566325187683
13,0,0.030264838749472056,0.16,0.0004976167110726237,0.24911165237426758
13,0,0.02836799765917132,0.18,0.0004976167110726237,0.2111760675907135
13,0,0.02501188914826258,0.18,0.0003192988515365869,0.1632319688796997
13,0,0.021888736943719123,0.2,0.0003388500481378287,0.11471956968307495
13,0,0.018501387542801426,0.2,0.0003388500481378287,0.07800702750682831
13,0,0.015340824502143547,0.2,0.00032803963404148817,0.04913429543375969
13,0,0.012686084993841888,0.2,0.00026323230122216046,0.03174876049160957
13,0,0.011032643591069022,0.2,0.00025828552315942943,0.024141350761055946
13,0,0.009995800709172425,0.2,0.00024062106967903674,0.02521614357829094
13,0,0.009277480625339445,0.22,0.00031310319900512695,0.028019210323691368
13,0,0.008771933908833218,0.24,0.00031310319900512695,0.030003957450389862
13,0,0.007890589686967606,0.22,0.0004766151250805706,0.03229890391230583
13,0,0.006819452169612742,0.24,0.0004766151250805706,0.033318892121315
13,0,0.006021075786249122,0.24,0.0004766151250805706,0.03322162851691246
13,0,0.004971204439567015,0.24,0.0005052980850450695,0.07949196547269821
13,0,0.004570075624455179,0.26,0.0005052980850450695,0.07126733660697937
13,0,0.004192359302199739,0.26,0.0005052980850450695,0.05969764664769173
13,0,0.003937231155471661,0.22,0.0003942672919947654,0.0514649972319603
13,0,0.003751120675203347,0.16,0.0002737094182521105,0.04448789358139038
13,0,0.003202925974013281,0.18,0.0001414665166521445,0.03376627340912819
13,0,0.003025259812193934,0.14,0.0001414665166521445,0.028551464900374413
13,0,0.0032436342559657577,0.14,0.00012434292875695974,0.021035723388195038
13,0,0.00321498922072164,0.14,8.178428834071383e-05,0.019188355654478073
13,0,0.0029227330654747422,0.14,8.178428834071383e-05,0.014753773808479309
13,0,0.002587644312901318,0.16,8.178428834071383e-05,0.01094373594969511
13,0,0.0022759324475309316,0.16,8.178428834071383e-05,0.007753885351121426
13,0,0.002006511436026172,0.16,9.215369209414348e-05,0.005333063192665577
13,0,0.0018118361463120634,0.16,9.215369209414348e-05,0.0036715685855597258
13,0,0.0017330971795884807,0.16,9.215369209414348e-05,0.0026925886049866676
13,0,0.0017259265807152897,0.16,9.215369209414348e-05,0.002101845107972622
13,0,0.0017609626447393715,0.14,8.077283564489335e-05,0.0018727463902905583
13,0,0.001836435420643748,0.14,8.077283564489335e-05,0.001712015364319086
13,0,0.0019237549751820822,0.14,7.307929627131671e-05,0.0015944524202495813
13,0,0.002080965542351318,0.14,0.00012025464093312621,0.0015196864260360599
13,0,0.0018235481214308336,0.14,0.0001588902377989143,0.0017735781148076057
13,0,0.0015100006376908145,0.16,0.0001314090477535501,0.0019114117603749037
13,0,0.001561841858348495,0.16,0.00014240347081795335,0.0019476829329505563
13,0,0.0014381039882347133,0.16,0.00014240347081795335,0.0019667644519358873
13,0,0.0014834495542954394,0.16,0.00014240347081795335,0.0023790672421455383
13,0,0.001647603051694275,0.2,0.0002085233136313036,0.0025010888930410147
13,0,0.0014749742030728096,0.22,0.0002085233136313036,0.002239811699837446
13,0,0.001246928032869933,0.18,0.0002085233136313036,0.0019573254976421595
13,0,0.0010125824948056816,0.16,0.0002085233136313036,0.0016775793628767133
13,0,0.0009632206444995612,0.1,0.00015079844160936773,0.0016564540565013885
13,0,0.000909503457290216,0.16,0.0001402073830831796,0.0016742413863539696
13,0,0.0008912383566310015,0.16,0.00010872674465645105,0.0018676220206543803
13,0,0.0009473013931828254,0.16,0.00012404579319991171,0.002372442279011011
13,0,0.0010806756464976077,0.18,8.158885611919686e-05,0.003543419297784567
13,0,0.0013460483895052658,0.12,8.49530115374364e-05,0.005968272686004639
13,0,0.0014728876867052283,0.12,8.607966447016224e-05,0.008774420246481895
13,0,0.0015406118686365315,0.18,0.0001264351449208334,0.011243867687880993
13,0,0.001532232730475634,0.18,0.0001291603548452258,0.012622643262147903
13,0,0.0014546010983458586,0.14,0.0001291603548452258,0.013301701284945011
13,0,0.0019006570070346622,0.18,0.0006434933166019619,0.05765598267316818
13,0,0.0024253425546132204,0.22,0.0005087681347504258,0.07912686467170715
13,0,0.002694704838258066,0.22,0.0003401062567718327,0.09612369537353516
13,0,0.002813531662128073,0.2,0.00034461525501683354,0.10859127342700958
13,0,0.0029164632581870314,0.16,0.0007833190029487014,0.12098240107297897
13,0,0.0030742268363561083,0.16,0.0007833190029487014,0.13374128937721252
13,0,0.003231775013812382,0.16,0.0007833190029487014,0.14517717063426971
13,0,0.003317632280258727,0.14,0.001108015887439251,0.16390885412693024
13,0,0.0034383240214223656,0.16,0.001108015887439251,0.18665240705013275
13,0,0.003661110761651248,0.14,0.0015043842140585184,0.21216462552547455
13,0,0.003916146983132461,0.14,0.001681611523963511,0.24430657923221588
13,0,0.003980178996816142,0.16,0.001681611523963511,0.2687700092792511
13,0,0.004039848280458876,0.16,0.001681611523963511,0.2884095311164856
13,0,0.004064160565064423,0.16,0.001681611523963511,0.30791035294532776
13,0,0.00412078366624462,0.16,0.0010462775826454163,0.33034712076187134
13,0,0.004188298380041465,0.16,0.002770371502265334,0.35172227025032043
13,0,0.004363498936147936,0.12,0.0025396610144525766,0.37399518489837646
13,0,0.00452968007241354,0.16,0.0017380673671141267,0.40216097235679626
13,0,0.004941357644448327,0.16,0.0014775947201997042,0.447849839925766
13,0,0.005074536577056361,0.14,0.0013787525240331888,0.4564501643180847
13,0,0.006213332901328289,0.14,0.0010139824589714408,0.4877631664276123
13,0,0.007621974637052242,0.12,0.0005840007797814906,0.512008547782898
13,0,0.00809310173324705,0.12,0.000591742224059999,0.5174142122268677
13,0,0.009377728525611213,0.12,0.0007316302508115768,0.566186249256134
13,0,0.011177085785931217,0.12,0.0004003112262580544,0.6407387852668762
13,0,0.013287870952044473,0.1,0.0003527061780914664,0.7130762338638306
13,0,0.01553142024576211,0.12,0.0003044698678422719,0.7696164846420288
13,0,0.017530114769759336,0.12,0.0008282081689685583,0.8073170185089111
13,0,0.0187016954336462,0.12,0.0008282081689685583,0.8261236548423767
13,0,0.020008292665126753,0.12,0.0008282081689685583,0.8496436476707458
13,0,0.019471657273339472,0.12,0.0008362078224308789,0.8686365485191345
13,0,0.01941482204065999,0.12,0.0008362078224308789,0.8834153413772583
13,0,0.019474649068380263,0.1,0.0009539274615235627,0.8867563009262085
13,0,0.01711480651271031,0.1,0.0009539274615235627,0.8617767095565796
13,0,0.01586899520288055,0.1,0.0010201698169112206,0.8324418067932129
13,0,0.014704323540384943,0.1,0.0004449691332411021,0.7985388040542603
13,0,0.01361198208411767,0.1,0.0004449691332411021,0.7631495594978333
13,0,0.013107890980344275,0.1,0.0004449691332411021,0.7247560024261475
13,0,0.01210132741533754,0.12,0.0003789325710386038,0.6813369989395142
13,0,0.01117572743873688,0.12,0.0003789325710386038,0.6365349292755127
13,0,0.010912314451784349,0.12,0.00043896015267819166,0.5954501628875732
13,0,0.010502975129972301,0.12,0.00044477975461632013,0.5573649406433105
13,0,0.010324488931034976,0.12,0.00044477975461632013,0.5310825705528259
13,0,0.010364622317757949,0.12,0.0008128734771162271,0.508492112159729
13,0,0.010610273513824455,0.12,0.0008128734771162271,0.4956074655056
13,0,0.011023741691368822,0.12,0.0012370580807328224,0.5123628377914429
13,0,0.011500282659089376,0.1,0.0012370580807328224,0.5566850900650024
13,0,0.012147054497962013,0.1,0.0012370580807328224,0.6099330186843872
13,0,0.013136783776308551,0.12,0.0012370580807328224,0.6615098714828491
13,0,0.014461995085569222,0.12,0.0012370580807328224,0.711067259311676
13,0,0.017618758160253427,0.12,0.0011134666856378317,0.7881940007209778
13,0,0.021301166919896544,0.1,0.001035545952618122,0.8469566702842712
13,0,0.018901171578891554,0.1,0.001181294908747077,0.8724935054779053
13,0,0.020922556851888274,0.08,0.001181294908747077,0.9051123857498169
13,0,0.029647924939819274,0.08,0.007538484875112772,0.9378515481948853
13,0,0.05618817027439799,0.12,0.007943103089928627,0.9700713753700256
13,0,0.07593358492879547,0.12,0.005231478717178106,0.9836288094520569
13,0,0.08435805044187059,0.12,0.005231478717178106,0.9883776903152466
13,0,0.08883886945054334,0.12,0.005231478717178106,0.9908936023712158
13,0,0.09351080156555526,0.12,0.002868250710889697,0.993068516254425
13,0,0.09908189566954231,0.12,0.004085723310709,0.9949612617492676
13,0,0.10765139958317865,0.14,0.007326647639274597,0.9963511824607849
13,0,0.11437540618605031,0.12,0.0069379317574203014,0.9972436428070068
13,0,0.12203962996164165,0.12,0.0069379317574203014,0.9979961514472961
13,0,0.13084592360008793,0.14,0.0069379317574203014,0.9986107349395752
13,0,0.1402824830036156,0.14,0.006648197304457426,0.9989854693412781
13,0,0.15275942146286653,0.16,0.006648197304457426,0.9992603659629822
13,0,0.16896002450807918,0.2,0.004903215914964676,0.9994542002677917
13,0,0.17188459669284364,0.22,0.003038928844034672,0.9995062947273254
13,0,0.1882009753187645,0.18,0.003038928844034672,0.9995478987693787
13,0,0.21261378269400732,0.18,0.003038928844034672,0.9994849562644958
13,0,0.22549593112536298,0.18,0.0036509635392576456,0.9993016719818115
13,0,0.21157136697376763,0.18,0.002609582617878914,0.9988779425621033
13,0,0.17469867576471748,0.14,0.002094968454912305,0.9979299306869507
13,0,0.15619349090714688,0.12,0.002094968454912305,0.9967750906944275
13,0,0.13655950617697554,0.12,0.0011655465932562947,0.9950013756752014
13,0,0.11631243631252185,0.12,0.0013500198256224394,0.991815984249115
13,0,0.10023310003899462,0.1,0.0013500198256224394,0.9867110848426819
13,0,0.08794911445074785,0.1,0.0006186600658111274,0.9793210029602051
13,0,0.0782380316777448,0.1,0.0017201344016939402,0.969148576259613
13,0,0.07038887193315045,0.12,0.0018253069138154387,0.9563340544700623
13,0,0.06322088374532979,0.12,0.0018253069138154387,0.9405612945556641
13,0,0.05754246326928595,0.12,0.0014573157532140613,0.9215288162231445
13,0,0.053512116179417965,0.12,0.0014573157532140613,0.9106007814407349
13,0,0.05156496968616463,0.12,0.0014573157532140613,0.9020419716835022
13,0,0.050789080142141375,0.1,0.0014573157532140613,0.8977559208869934
13,0,0.05035758726275382,0.1,0.0014573157532140613,0.8959722518920898
13,0,0.0504660357103129,0.1,0.0014573157532140613,0.8984276056289673
13,0,0.05157754936424253,0.1,0.0014573157532140613,0.9051878452301025
13,0,0.05338335825727833,0.1,0.0014573157532140613,0.9136876463890076
13,0,0.05488877767788419,0.12,0.0014766164822503924,0.9220380187034607
13,0,0.05583698016311609,0.12,0.0014766164822503924,0.9267982840538025
13,0,0.05774826728434909,0.12,0.0014766164822503924,0.9337518215179443
13,0,0.06083259248282749,0.12,0.0017006542766466737,0.9434725046157837
13,0,0.06413836518322948,0.12,0.0018253069138154387,0.953165590763092
13,0,0.06850048240506007,0.12,0.0018253069138154387,0.9612469673156738
13,0,0.07189417465074141,0.12,0.0018253069138154387,0.9667830467224121
13,0,0.0734522288419826,0.12,0.0018253069138154387,0.9701085090637207
13,0,0.07758464905013182,0.12,0.0018253069138154387,0.9749680161476135
13,0,0.08182446733075212,0.12,0.0006186600658111274,0.9800025820732117
13,0,0.08779440329320355,0.1,0.0006186600658111274,0.9845618605613708
13,0,0.09255750091859748,0.1,0.0006186600658111274,0.9874169230461121
13,0,0.0964494658591547,0.1,0.0006186600658111274,0.9892295598983765
13,0,0.10231861923625037,0.12,0.0010732571827247739,0.9909123778343201
13,0,0.10697368522256723,0.12,0.0011655465932562947,0.9923093914985657
13,0,0.10971844146090964,0.12,0.001059223199263215,0.9934303164482117
13,0,0.1117276032447846,0.12,0.001059223199263215,0.9940948486328125
13,0,0.11787656028349007,0.12,0.0013197497464716434,0.9947889447212219
13,0,0.13996824673581848,0.12,0.0014493631897494197,0.9961727857589722
13,0,0.13132511586850684,0.12,0.0014493631897494197,0.9965314865112305
13,0,0.08390335302287336,0.12,0.0014493631897494197,0.9947773814201355
13,0,0.06999618789675897,0.12,0.0023183973971754313,0.9895097017288208
13,0,0.076849770039689,0.1,0.0021071305964142084,0.9898926615715027
13,0,0.14679720016371456,0.1,0.0005701806512661278,0.9943557381629944
13,0,0.14559483107842,0.1,0.0005788928829133511,0.9934702515602112
13,0,0.11201701822920042,0.14,0.0005456348299048841,0.9854301810264587
13,0,0.08272384845197168,0.12,0.0005456348299048841,0.9670871496200562
13,0,0.06895733448203814,0.12,0.0006320555694401264,0.9412055015563965
13,0,0.06208575263656652,0.12,0.0007780786254443228,0.9084583520889282
13,0,0.0549263734886843,0.12,0.0007780786254443228,0.8619789481163025
13,0,0.04872239385602393,0.12,0.001421612803824246,0.7967895865440369
13,0,0.044701694006476854,0.12,0.001421612803824246,0.7261855602264404
13,0,0.04113326384158906,0.12,0.001421612803824246,0.6606961488723755
13,0,0.040192038439055,0.06,0.0009284976404160261,0.6322953104972839
13,0,0.038064158842844746,0.06,0.0008989023626782,0.6267232894897461
13,0,0.039831655208346056,0.06,0.000887146161403507,0.6620174646377563
13,0,0.041660401245607,0.06,0.000887146161403507,0.714128851890564
13,0,0.04184261153606119,0.06,0.001045345445163548,0.7538362145423889
13,0,0.04835399263121607,0.1,0.0016623282572254539,0.8167532086372375
13,0,0.05381329580257666,0.1,0.0016623282572254539,0.8570843935012817
13,0,0.055198792955033826,0.1,0.0016623282572254539,0.871912956237793
13,0,0.052468794264375125,0.1,0.0014573157532140613,0.872728168964386
13,0,0.06046904775222079,0.12,0.002146551851183176,0.8978177309036255
13,0,0.07504864743021103,0.12,0.002066645072773099,0.9257920384407043
13,0,0.08252791136565257,0.12,0.0013987441780045629,0.9411032795906067
13,0,0.08966511618357943,0.12,0.0013987441780045629,0.9503771066665649
13,0,0.09710215883974023,0.12,0.000793522282037884,0.9578145146369934
13,0,0.10636090830607897,0.12,0.0009882526937872171,0.9629930853843689
13,0,0.11383503140780017,0.1,0.0006403761799447238,0.9624322056770325
13,0,0.11993492878823206,0.12,0.0004896824830211699,0.9628505110740662
13,0,0.12324661524826484,0.1,0.0009356839582324028,0.9634392261505127
13,0,0.12528320922313052,0.1,0.0009859721176326275,0.9656664729118347
13,0,0.12781120537299673,0.12,0.0005778928752988577,0.9695615172386169
13,0,0.13319678853143566,0.12,0.0003099260211456567,0.9786421060562134
13,0,0.13372947997056522,0.12,0.00011313000868540257,0.9854596257209778
13,0,0.12829793216836574,0.12,0.00012064906331943348,0.9893757700920105
13,0,0.1315496928717293,0.12,0.0001096327105187811,0.9932981729507446
13,0,0.11953882866353051,0.12,0.00012507938663475215,0.994954526424408
13,0,0.1697496023529602,0.12,0.0001376476720906794,0.9961682558059692
13,0,0.2832745739411755,0.12,0.00027798881637863815,0.9976547360420227
13,0,0.35117433096836975,0.12,0.00027798881637863815,0.9989340901374817
13,0,0.40812785895657877,0.12,0.00027798881637863815,0.9993888139724731
13,0,0.4015744395892891,0.12,0.00027798881637863815,0.9994491934776306
13,0,0.38541386284005735,0.12,0.00027798881637863815,0.9994322657585144
13,0,0.41990675442714503,0.12,0.000319820421282202,0.999544620513916
13,0,0.4012712099693751,0.14,0.000319820421282202,0.999521791934967
13,0,0.3789798392818941,0.14,0.000319820421282202,0.9993796944618225
13,0,0.3545767833006354,0.12,0.0002998929703608155,0.9990968704223633
13,0,0.32521830266765966,0.12,0.0005747199174948037,0.9985747337341309
13,0,0.2912896506511976,0.1,0.0005747199174948037,0.9977414608001709
13,0,0.26003101035492676,0.1,0.0005126002943143249,0.9960266947746277
13,0,0.22530894709637234,0.1,0.0005234659765847027,0.9926748871803284
13,0,0.1996344929560674,0.1,0.0009758877567946911,0.9875919222831726
13,0,0.1738046037446415,0.1,0.0014196531847119331,0.9793906211853027
13,0,0.1508222134022522,0.1,0.0013994070468470454,0.9678665399551392
13,0,0.13127320646258606,0.14,0.0017539855325594544,0.9549335837364197
13,0,0.11826613679222783,0.18,0.0030465791933238506,0.9426062107086182
13,0,0.1129169129080479,0.14,0.0014901338145136833,0.9362573623657227
13,0,0.11245872824248625,0.08,0.000632099574431777,0.9327319264411926
13,0,0.1067557200482695,0.08,0.0017634512623772025,0.919314980506897
13,0,0.10284872813165269,0.08,0.0017634512623772025,0.9068648815155029
13,0,0.11035552160399068,0.08,0.0008584497845731676,0.9136461019515991
13,0,0.11745764322925623,0.08,0.0008584497845731676,0.9259020686149597
13,0,0.12391441905722994,0.08,0.0008584497845731676,0.9366136789321899
13,0,0.13777745276900097,0.06,0.0007867354433983564,0.9481087923049927
13,0,0.16227608440290667,0.06,0.0007764450274407864,0.9612069725990295
13,0,0.16792816432710056,0.08,0.0007764450274407864,0.9640370607376099
13,0,0.19733359347432658,0.08,0.0007764450274407864,0.9709252119064331
13,0,0.22785215242988652,0.08,0.0007897515897639096,0.9771949648857117
13,0,0.25050141959731126,0.1,0.0015520310262218118,0.9820833206176758
13,0,0.2800051760967808,0.14,0.002225791569799185,0.9870496392250061
13,0,0.31242195526821775,0.14,0.0015699458308517933,0.990189254283905
13,0,0.3294750283038961,0.12,0.001592655316926539,0.9919741153717041
13,0,0.33135533861217187,0.12,0.0013948347186669707,0.9925375580787659
13,0,0.3314208818942265,0.12,0.0007268243934959173,0.992694616317749
13,0,0.33757824108145945,0.12,0.0007578954100608826,0.9922389388084412
13,0,0.3499969417876021,0.12,0.0007578954100608826,0.9909308552742004
13,0,0.3686281067292298,0.1,0.0007578954100608826,0.9884819388389587
13,0,0.38247128998794866,0.12,0.0007914467132650316,0.9852910041809082
13,0,0.38513019517654623,0.12,0.0007914467132650316,0.9819233417510986
13,0,0.3787322121786994,0.12,0.0013295917306095362,0.9773297905921936
13,0,0.3714163435399816,0.12,0.0005435017519630492,0.971757173538208
13,0,0.3665158855059502,0.12,0.0005435017519630492,0.9665242433547974
13,0,0.3588075285317823,0.12,0.000527429161593318,0.9603659510612488
13,0,0.34525591324070865,0.14,0.000527429161593318,0.9563876986503601
13,0,0.33469036575898453,0.12,0.0004070696886628866,0.952738881111145
13,0,0.32118380158235,0.1,0.0004070696886628866,0.9418820142745972
13,0,0.29590136433103464,0.1,0.0004070696886628866,0.9264291524887085
13,0,0.2642472474648465,0.1,0.0003169553237967193,0.9043092131614685
13,0,0.2283517646218295,0.1,0.0003169553237967193,0.880001425743103
13,0,0.2112795695723519,0.1,0.000356870936229825,0.8608611226081848
13,0,0.18321136446700073,0.12,0.0003324663848616183,0.8276507258415222
13,0,0.1663357720382685,0.1,0.0003324663848616183,0.8018242120742798
13,0,0.1665480077136779,0.1,0.00037450005766004324,0.802824854850769
13,0,0.1811721831455983,0.12,0.00037946540396660566,0.8189696073532104
13,0,0.17235321370132148,0.1,0.0002639729646034539,0.7952280044555664
13,0,0.1618575471578109,0.08,0.00025220957468263805,0.7611538767814636
13,0,0.15541681688657585,0.1,0.00025138325872831047,0.7196747064590454
13,0,0.1508488496215072,0.1,0.0002926501620095223,0.6743474006652832
13,0,0.1527743864895738,0.1,0.00028847192879766226,0.633257269859314
13,0,0.15330121412941436,0.12,0.00016159602091647685,0.5738592147827148
13,0,0.14274779661884385,0.12,0.00016159602091647685,0.530245304107666
13,0,0.13329505915239193,0.1,0.00021134621056262404,0.5544770956039429
13,0,0.12892167430663365,0.08,0.00027506164042279124,0.5962046384811401
13,0,0.13867410177956943,0.08,0.00027506164042279124,0.6846821308135986
13,0,0.14134501180803188,0.08,0.0004915953031741083,0.7596220970153809
13,0,0.15232273246830108,0.08,0.0004915953031741083,0.8325680494308472
13,0,0.18211327875330274,0.08,0.00027911856886930764,0.8963368535041809
13,0,0.22000769815810892,0.12,0.0005109828780405223,0.9418948888778687
13,0,0.23890728127311792,0.16,0.000723550037946552,0.9623974561691284
13,0,0.26339922719521563,0.16,0.000723550037946552,0.9766883254051208
13,0,0.28912853803370914,0.16,0.001549427048303187,0.9855343103408813
13,0,0.3180824607612418,0.14,0.001549427048303187,0.9904581904411316
13,0,0.3480678832467486,0.14,0.0018342668190598488,0.9941093921661377
13,0,0.38161689321862924,0.16,0.001912589417770505,0.996134340763092
13,0,0.40756379411853283,0.16,0.0007368620135821402,0.9973496198654175
13,0,0.4294284512542206,0.16,0.00023873351165093482,0.9981174468994141
13,0,0.4528950181785503,0.14,0.00023873351165093482,0.9986410140991211
13,0,0.4686984518053226,0.14,0.00023873351165093482,0.9989587068557739
13,0,0.4642800142497633,0.16,0.00023873351165093482,0.9990919828414917
13,0,0.495956888485593,0.16,0.00023873351165093482,0.9993113279342651
13,0,0.5336030027907237,0.16,0.000244158785790205,0.9994978308677673
13,0,0.5732880763863063,0.16,0.00026517314836382866,0.9996197819709778
13,0,0.6131956669478563,0.16,0.00026517314836382866,0.999724268913269
13,0,0.6094294003027084,0.16,0.00026517314836382866,0.999739408493042
13,0,0.6010208973858578,0.16,0.00024096360721159726,0.9997179508209229
13,0,0.5876116075257523,0.16,0.0002480443799868226,0.9997075796127319
13,0,0.5702503673099782,0.16,0.000589741684962064,0.9996922016143799
13,0,0.5519061084505111,0.16,0.0005729126278311014,0.999701976776123
13,0,0.5481080009352597,0.14,0.00028070618282072246,0.999747633934021
13,0,0.552342767783739,0.16,0.0005234230775386095,0.9998016953468323
13,0,0.5198208468489015,0.18,0.0009732965845614672,0.9998099207878113
13,0,0.4999095097603819,0.2,0.0006735884235240519,0.9998242259025574
13,0,0.5035264901616733,0.16,0.004132443107664585,0.9998509287834167
13,0,0.4858893919458286,0.16,0.004264189396053553,0.9998478889465332
13,0,0.44920150198568226,0.18,0.0032843751832842827,0.9998100399971008
13,0,0.41678460979161297,0.18,0.0033028556499630213,0.9997625350952148
13,0,0.3914621481683389,0.16,0.004009817261248827,0.9997212290763855
13,0,0.370263364481538,0.16,0.0073067303746938705,0.9996787309646606
13,0,0.358285968914632,0.16,0.021201107650995255,0.9996315836906433
13,0,0.34171280387696973,0.14,0.008385514840483665,0.999574601650238
13,0,0.32065380902588636,0.12,0.003511923598125577,0.9995033740997314
13,0,0.3095109438579425,0.12,0.003456458682194352,0.9994259476661682
13,0,0.2993094794910537,0.12,0.0034113682340830564,0.9993362426757812
13,0,0.28950442837170454,0.12,0.002938538556918502,0.9992347955703735
13,0,0.2843220690863765,0.1,0.002938538556918502,0.9990790486335754
13,0,0.3108564659800713,0.12,0.0026106243021786213,0.998907208442688
13,0,0.3241473047557892,0.12,0.0030308507848531008,0.998591959476471
13,0,0.35311994468746727,0.12,0.0028213178738951683,0.9985761642456055
13,0,0.3537919604951541,0.14,0.008371989242732525,0.9986569881439209
13,0,0.37122732056832014,0.16,0.01818264275789261,0.9987539649009705
13,0,0.3827301129546712,0.16,0.01818264275789261,0.9990972280502319
13,0,0.44340811788609735,0.16,0.020888369530439377,0.9995408058166504
13,0,0.5091281783372041,0.16,0.021762555465102196,0.9997962117195129
13,0,0.5540778614262778,0.16,0.009301172569394112,0.9999111294746399
13,0,0.5866276186439213,0.14,0.0068724616430699825,0.9999529123306274
13,0,0.6204786754285944,0.12,0.006445759907364845,0.9999744296073914
13,0,0.65529430767296,0.14,0.00424310564994812,0.9999852180480957
13,0,0.6505726893698588,0.12,0.00528259901329875,0.9999873638153076
13,0,0.6738664481845278,0.14,0.0016557051567360759,0.9999907612800598
13,0,0.6871059471361476,0.16,0.0011676430003717542,0.9999927282333374
13,0,0.7102239223259519,0.14,0.0011676430003717542,0.9999954700469971
13,0,0.6838529009459506,0.14,0.0010412014089524746,0.9999958872795105
13,0,0.6000847488384958,0.14,0.0009132787818089128,0.9999940395355225
13,0,0.4844605927223279,0.16,0.0005549171473830938,0.9999885559082031
13,0,0.5383899362227911,0.16,0.0009387477184645832,0.9999761581420898
13,0,0.6488153472374629,0.16,0.001032990519888699,0.9999635815620422
13,0,0.6580736672265477,0.16,0.0012040970614179969,0.99996417760849
13,0,0.6750029608771911,0.16,0.002053464064374566,0.9999669194221497
13,0,0.6604449061755866,0.16,0.002053464064374566,0.9999656081199646
13,0,0.6375874162617945,0.16,0.004941299557685852,0.999968945980072
13,0,0.6267595365251327,0.16,0.004941299557685852,0.9999749064445496
13,0,0.6053168381088487,0.16,0.006542217917740345,0.9999752640724182
13,0,0.5368569898246754,0.14,0.006277739070355892,0.9999600052833557
13,0,0.48103391784092375,0.12,0.006398938130587339,0.9999765753746033
13,0,0.45934060094789003,0.18,0.0033932242076843977,0.9999855756759644
13,0,0.32492264660721965,0.2,0.0038826134987175465,0.9999695420265198
13,0,0.23577495239566226,0.22,0.006181654985994101,0.9998329877853394
13,0,0.16518238709307814,0.22,0.006249388679862022,0.9994403719902039
13,0,0.15716755960892556,0.22,0.011366680264472961,0.9991278052330017
13,0,0.14038591344492285,0.22,0.011366680264472961,0.9986222982406616
13,0,0.10877933452660805,0.22,0.013178037479519844,0.9968692660331726
13,0,0.10514370101154617,0.26,0.011459367349743843,0.9945802688598633
13,0,0.10991817829385739,0.26,0.011773703619837761,0.9932515025138855
13,0,0.13028371462696534,0.26,0.008904083631932735,0.9916996955871582
13,0,0.14417258802203667,0.26,0.008904083631932735,0.9901081919670105
13,0,0.1504966439780557,0.24,0.008904083631932735,0.9911443591117859
13,0,0.1631174224881535,0.24,0.010677037760615349,0.993289053440094
13,0,0.1856243631319838,0.26,0.011801031418144703,0.9959737062454224
13,0,0.2179111696253025,0.26,0.002660854486748576,0.9981189966201782
13,0,0.25366458362493843,0.3,0.0033592383842915297,0.9991493821144104
13,0,0.28081848801874487,0.28,0.004183107987046242,0.9996155500411987
13,0,0.3096914524406819,0.28,0.0028036052826792,0.9998463988304138
13,0,0.34993874819974147,0.32,0.001162983593530953,0.9999427795410156
13,0,0.3731966411423871,0.32,0.0005808862042613328,0.9999760985374451
13,0,0.36823096080147955,0.34,0.0003913073451258242,0.999987006187439
13,0,0.4064455973153884,0.32,0.00035558638046495616,0.9999935030937195
13,0,0.47257949262548593,0.22,0.0007552357856184244,0.9999967217445374
13,0,0.5521655062338737,0.2,8.669230010127649e-05,0.9999982714653015
13,0,0.586300553200813,0.2,0.00012185497325845063,0.9999987483024597
13,0,0.6121218954977735,0.2,9.874182433122769e-05,0.9999989867210388
13,0,0.6274181146155363,0.2,0.00011952754721278325,0.9999992251396179
13,0,0.6421193870604205,0.26,0.0001301850425079465,0.9999994039535522
13,0,0.6714954549945379,0.28,0.0001102627138607204,0.9999995827674866
13,0,0.7029519372619867,0.28,9.941280586645007e-05,0.9999996423721313
13,0,0.716112236431606,0.28,0.0001094024337362498,0.9999997019767761
13,0,0.7056213005171632,0.3,0.00026775532751344144,0.9999996423721313
13,0,0.6900791676417882,0.3,0.00024330987071152776,0.9999995231628418
13,0,0.6735200151468984,0.28,0.00024330987071152776,0.9999993443489075
13,0,0.6635196407977066,0.26,0.00026775532751344144,0.9999992251396179
13,0,0.6437125046530197,0.28,0.00026775532751344144,0.9999989867210388
13,0,0.597071149716937,0.28,0.00024330987071152776,0.9999982714653015
13,0,0.5569097141120659,0.28,0.0002673953422345221,0.9999968409538269
13,0,0.529134148738793,0.28,0.0002673953422345221,0.9999942183494568
13,0,0.4956474056812274,0.28,0.0006843050359748304,0.9999906420707703
13,0,0.467807812568172,0.28,0.0006843050359748304,0.9999852180480957
13,0,0.4462150334535275,0.28,0.0007049264386296272,0.99997478723526
13,0,0.4201946410319736,0.24,0.0006384690059348941,0.9999552965164185
13,0,0.39730733198319196,0.22,0.00035073640174232423,0.9999188780784607
13,0,0.39060082875336927,0.22,0.0004248493642080575,0.9998648762702942
13,0,0.39192610011199097,0.2,0.00046752498019486666,0.9997217059135437
13,0,0.3695343251297503,0.18,0.00046752498019486666,0.9995899796485901
13,0,0.3511995352141854,0.2,0.00041752943070605397,0.9993106126785278
13,0,0.3339547563964296,0.2,0.0004929418209940195,0.9988635182380676
13,0,0.3115554101214335,0.16,0.0003213832387700677,0.9981216788291931
13,0,0.27238926703010335,0.16,0.0003474519762676209,0.9964112043380737
13,0,0.24589102361397683,0.16,0.00040416832780465484,0.9925264120101929
13,0,0.21305006280516225,0.14,0.00041900412179529667,0.9878559708595276
13,0,0.1728160858243135,0.14,0.00047946517588570714,0.9830300211906433
13,0,0.1532324710779647,0.16,0.000538195890840143,0.9816091656684875
13,0,0.1573049716525725,0.16,0.008339070715010166,0.9857853055000305
13,0,0.17467545950054297,0.18,0.007542296312749386,0.9907714128494263
13,0,0.19326363180466788,0.2,0.007542296312749386,0.9951398372650146
13,0,0.18479393804548813,0.22,0.007542296312749386,0.9969552755355835
13,0,0.18579143166314221,0.22,0.007542296312749386,0.9980649948120117
13,0,0.18928830534996458,0.22,0.00686743576079607,0.9988213777542114
13,0,0.1949549093910374,0.24,0.009086698293685913,0.999263346195221
13,0,0.20208828056929373,0.24,0.009086698293685913,0.9995462894439697
13,0,0.21241700509494976,0.22,0.011728627607226372,0.9997289180755615
13,0,0.22372992127940328,0.22,0.012961872853338718,0.9998378157615662
13,0,0.23336326237263763,0.22,0.009135481901466846,0.9999096393585205
13,0,0.24345446994617118,0.3,0.009135481901466846,0.9999558925628662
13,0,0.2541845475919869,0.3,0.06079180911183357,0.9999785423278809
13,0,0.26544998485940535,0.3,0.12294813990592957,0.9999895095825195
13,0,0.28689473571175733,0.3,0.016139624640345573,0.9999954104423523
13,0,0.30255505241112146,0.36,0.020621469244360924,0.9999977946281433
13,0,0.3163707750992463,0.34,0.22549274563789368,0.9999988079071045
13,0,0.33051083536951303,0.38,0.22549274563789368,0.9999992847442627
13,0,0.34406228398765953,0.38,0.4306664764881134,0.9999995231628418
13,0,0.364820928634101,0.38,0.7017978429794312,0.9999997019767761
13,0,0.38338413173997365,0.42,0.7107933163642883,0.9999998211860657
13,0,0.4226409515615307,0.42,0.7823464274406433,0.9999998807907104
13,0,0.4642045887892402,0.4,0.9431573152542114,0.9999999403953552
13,0,0.46710534989821334,0.4,0.9351047873497009,0.9999999403953552
13,0,0.4473811288634266,0.36,0.9285275936126709,0.9999999403953552
13,0,0.4508833362153315,0.36,0.9219058752059937,0.9999998807907104
13,0,0.4741484750947673,0.36,0.9219058752059937,0.9999998807907104
13,0,0.5254972652991681,0.36,0.8546460270881653,0.9999998807907104
13,0,0.5355478549020264,0.44,0.904333770275116,0.9999998807907104
13,0,0.5282451415509266,0.46,0.8471459150314331,0.9999998807907104
13,0,0.5304681854825243,0.46,0.8471459150314331,0.9999998807907104
13,0,0.5390625626815407,0.46,0.909771203994751,0.9999998807907104
13,0,0.5438644075393597,0.46,0.8983492255210876,0.9999998807907104
13,0,0.5490579273097143,0.46,0.8983492255210876,0.9999998211860657
13,0,0.5552372536963717,0.46,0.8983492255210876,0.9999998211860657
13,0,0.5653080407478822,0.44,0.9450486302375793,0.9999998211860657
13,0,0.5825403975032042,0.42,0.9289537072181702,0.9999998807907104
13,0,0.580108947637783,0.42,0.9543058276176453,0.9999998807907104
13,0,0.506057402369879,0.44,0.9543058276176453,0.9999998807907104
13,0,0.4212800091231964,0.46,0.9346221685409546,0.9999998807907104
13,0,0.502805622395106,0.54,0.9406741857528687,0.9999997019767761
13,0,0.62740769433489,0.54,0.9459084868431091,0.9999993443489075
13,0,0.6531039870953227,0.54,0.9367069602012634,0.999999463558197
13,0,0.6832037881181248,0.58,0.9411777257919312,0.9999995827674866
13,0,0.6736434384107729,0.58,0.9426953196525574,0.9999996423721313
13,0,0.6593775163453348,0.6,0.9487596154212952,0.9999997019767761
13,0,0.6660200167757818,0.64,0.9674989581108093,0.9999997615814209
13,0,0.6595150433929093,0.7,0.9752371907234192,0.9999997615814209
13,0,0.6533611508728088,0.66,0.9867327809333801,0.9999998211860657
13,0,0.6314029554531787,0.74,0.9982529282569885,0.9999997615814209
13,0,0.5942853518867023,0.74,0.9983207583427429,0.9999997615814209
13,0,0.5572837443298154,0.68,0.997628390789032,0.9999997019767761
13,0,0.5104283264481909,0.68,0.997628390789032,0.9999995827674866
13,0,0.47882164544703787,0.66,0.9945982694625854,0.9999995827674866
13,0,0.4750877922473408,0.68,0.9935217499732971,0.9999995827674866
13,0,0.495141293380974,0.7,0.9935217499732971,0.9999996423721313
13,0,0.5277147160456233,0.7,0.9935217499732971,0.9999997019767761
13,0,0.5554266431197749,0.7,0.9935217499732971,0.9999997615814209
13,0,0.5578954370659155,0.7,0.9935217499732971,0.9999998211860657
13,0,0.5453846665240502,0.7,0.9935217499732971,0.9999998211860657
13,0,0.5396457507201249,0.7,0.9935217499732971,0.9999998211860657
13,0,0.5542874534913428,0.7,0.9935217499732971,0.9999998807907104
13,0,0.5666381362693955,0.7,0.9935217499732971,0.9999998807907104
13,0,0.5838773177088579,0.68,0.9935217499732971,0.9999999403953552
13,0,0.6036636560700027,0.66,0.9945982694625854,0.9999999403953552
13,0,0.6179351992996241,0.66,0.9945982694625854,0.9999999403953552
13,0,0.6304305283203429,0.64,0.9945982694625854,0.9999999403953552
13,0,0.6505740163705388,0.64,0.9945982694625854,0.9999999403953552
13,0,0.671212928626324,0.62,0.9792773127555847,0.9999999403953552
13,0,0.6990623133773857,0.58,0.9795351624488831,1.0
13,0,0.7307692140709786,0.52,0.9729974269866943,1.0
13,0,0.7450920318397369,0.48,0.9729974269866943,1.0
13,0,0.7541766644486355,0.46,0.9729974269866943,1.0
13,0,0.7591464835784377,0.48,0.9729974269866943,1.0
13,0,0.7643079397900812,0.48,0.9729974269866943,1.0
13,0,0.769428220300282,0.46,0.9687256217002869,1.0
13,0,0.7732041984962967,0.5,0.9721870422363281,1.0
13,0,0.7487839920337932,0.5,0.9679484367370605,1.0
13,0,0.7289486987154029,0.52,0.9679484367370605,1.0
13,0,0.7259694983644573,0.5,0.9640690684318542,1.0
13,0,0.7564597624201976,0.5,0.9672427177429199,1.0
13,0,0.7966232049713523,0.5,0.9672427177429199,1.0
13,0,0.8073658773603212,0.52,0.9609288573265076,1.0
13,0,0.8164717287966229,0.54,0.971942126750946,1.0
13,0,0.834991745729568,0.58,0.973993182182312,1.0
13,0,0.8580041725835502,0.62,0.9753627181053162,1.0
13,0,0.8729542649455192,0.64,0.9753627181053162,1.0
13,0,0.8744984806109652,0.64,0.9780504703521729,1.0
13,0,0.8418744060926772,0.64,0.977103590965271,1.0
13,0,0.8520081044545053,0.68,0.977103590965271,1.0
13,0,0.8706794725577787,0.72,0.9905951023101807,1.0
13,0,0.8710529313233283,0.76,0.9982910752296448,1.0
13,0,0.8683552660563575,0.78,0.9982910752296448,1.0
13,0,0.8638122533208337,0.8,0.9982910752296448,1.0
13,0,0.8591067822946081,0.78,0.9982910752296448,1.0
13,0,0.855296166842572,0.78,0.9982910752296448,1.0
13,0,0.8425991171134845,0.8,0.9982910752296448,0.9999999403953552
13,0,0.8147140729927705,0.8,0.9984710812568665,0.9999999403953552
13,0,0.8101277715357204,0.76,0.9975385665893555,0.9999999403953552
13,0,0.7985399342849357,0.76,0.9975385665893555,0.9999999403953552
13,0,0.7923130640061321,0.76,0.9980475902557373,0.9999999403953552
13,0,0.7804385007504855,0.82,0.9975385665893555,0.9999999403953552
13,0,0.7806429646277316,0.82,0.9982571005821228,0.9999998807907104
13,0,0.7761988845822229,0.8,0.9982571005821228,0.9999998807907104
13,0,0.7730316796257187,0.78,0.9982571005821228,0.9999998807907104
13,0,0.7710557159018447,0.8,0.9982571005821228,0.9999998807907104
13,0,0.7706588141212055,0.8,0.9982571005821228,0.9999998807907104
13,0,0.7656694690202337,0.82,0.9982571005821228,0.9999998807907104
13,0,0.757584485263472,0.84,0.9982571005821228,0.9999998211860657
13,0,0.755933224906808,0.82,0.9982571005821228,0.9999998211860657
13,0,0.7609306145868874,0.78,0.9982571005821228,0.9999998807907104
13,0,0.7526674695615678,0.76,0.9821677207946777,0.9999998211860657
13,0,0.7449401407976602,0.68,0.9821677207946777,0.9999998211860657
13,0,0.7458727611659296,0.66,0.9821677207946777,0.9999997615814209
13,0,0.7479209586232618,0.64,0.9821677207946777,0.9999997615814209
13,0,0.7493697164156706,0.64,0.9793158173561096,0.9999997615814209
13,0,0.7497600601313902,0.62,0.9776750206947327,0.9999997615814209
13,0,0.7498534108915591,0.6,0.9784820675849915,0.9999997615814209
13,0,0.7564921715147734,0.6,0.9784820675849915,0.9999997615814209
13,0,0.7586392177468045,0.6,0.9746920466423035,0.9999997615814209
13,0,0.7612326717866971,0.62,0.9665584564208984,0.9999997615814209
13,0,0.7670501605156653,0.62,0.9665584564208984,0.9999997615814209
13,0,0.7789125384789225,0.6,0.9701772928237915,0.9999997615814209
13,0,0.7688941322705614,0.62,0.9737484455108643,0.9999997019767761
13,0,0.7613815820097949,0.62,0.9737484455108643,0.9999996423721313
13,0,0.7463979107290457,0.62,0.9737484455108643,0.9999995827674866
13,0,0.7102291649410761,0.62,0.9737484455108643,0.9999994039535522
13,0,0.6768891493223698,0.6,0.972244143486023,0.9999992251396179
13,0,0.67036557454304,0.58,0.9688680768013,0.9999992251396179
13,0,0.6739738459310614,0.58,0.97552490234375,0.9999992847442627
13,0,0.699824633516372,0.58,0.9793312549591064,0.999999463558197
13,0,0.740123309488657,0.6,0.9793312549591064,0.9999995827674866
13,0,0.7779918483343854,0.58,0.9811540246009827,0.9999997019767761
13,0,0.7838927111137283,0.58,0.9849573373794556,0.9999997019767761
13,0,0.7910138447298931,0.6,0.9826719760894775,0.9999996423721313
13,0,0.7929704816397337,0.6,0.9826719760894775,0.9999996423721313
13,0,0.7908407865469019,0.72,0.9918150305747986,0.9999995827674866
13,0,0.7885062662984016,0.72,0.9987228512763977,0.9999995231628418
13,0,0.760454514691471,0.72,0.9987228512763977,0.9999994039535522
13,0,0.7359391479519063,0.72,0.9987228512763977,0.9999992847442627
13,0,0.7135906604769227,0.7,0.9985552430152893,0.9999991059303284
13,0,0.6853072349797622,0.7,0.9985552430152893,0.999998927116394
13,0,0.6785076377183157,0.72,0.9987162351608276,0.9999988079071045
13,0,0.6620596652693002,0.76,0.9987162351608276,0.9999985694885254
13,0,0.6560892487078023,0.76,0.9987162351608276,0.9999984502792358
13,0,0.6542165974348976,0.76,0.9987574815750122,0.9999983906745911
13,0,0.649134844238305,0.76,0.9989237189292908,0.9999982118606567
13,0,0.6461567135396622,0.76,0.9989237189292908,0.9999980926513672
13,0,0.6407467577960528,0.76,0.9989237189292908,0.9999979734420776
13,0,0.6340032779254465,0.76,0.9989237189292908,0.9999978542327881
13,0,0.6317271351024099,0.76,0.9987722039222717,0.9999979138374329
13,0,0.6301014298883887,0.72,0.9987722039222717,0.9999979138374329
13,0,0.6348887409950433,0.7,0.9988842606544495,0.9999979734420776
13,0,0.6365419450700406,0.7,0.9988842606544495,0.999998152256012
13,0,0.6262931283771989,0.7,0.9988842606544495,0.9999983310699463
13,0,0.6111679494879517,0.72,0.9988842606544495,0.9999983906745911
13,0,0.6012105819469757,0.72,0.9988842606544495,0.9999985694885254
13,0,0.5751005375965158,0.72,0.9988333582878113,0.9999985694885254
13,0,0.559517433331835,0.74,0.9988460540771484,0.9999986886978149
13,0,0.5593807008108851,0.74,0.9990556836128235,0.9999987483024597
13,0,0.556263406429073,0.7,0.9939364790916443,0.9999987483024597
13,0,0.545639325657985,0.7,0.9939364790916443,0.9999986290931702
13,0,0.5370044373705483,0.7,0.9886104464530945,0.9999985098838806
13,0,0.5334354791131942,0.66,0.9886104464530945,0.9999984502792358
13,0,0.5351913014810842,0.64,0.9886104464530945,0.9999983906745911
13,0,0.544547990977225,0.62,0.9886104464530945,0.9999982714653015
13,0,0.5614360595971564,0.64,0.9886104464530945,0.9999982118606567
13,0,0.589219890618318,0.62,0.9886104464530945,0.9999982714653015
13,0,0.6368856879628613,0.6,0.9868849515914917,0.9999986886978149
13,0,0.6511667881903563,0.64,0.9868849515914917,0.9999990463256836
13,0,0.5670379577994888,0.64,0.9834251999855042,0.9999987483024597
13,0,0.5610151547435746,0.7,0.984074592590332,0.9999960064888
13,0,0.6298778301801029,0.7,0.9829950928688049,0.999991238117218
13,0,0.7699728835516261,0.72,0.9848971366882324,0.9999865889549255
13,0,0.8033371351167082,0.74,0.99469393491745,0.9999899864196777
13,0,0.7998499450069146,0.76,0.9940187931060791,0.9999898076057434
13,0,0.8045028051145914,0.76,0.999068558216095,0.9999909400939941
13,0,0.8016640280322339,0.76,0.9989245533943176,0.9999909400939941
13,0,0.7901975829135701,0.76,0.9989245533943176,0.999989926815033
13,0,0.780401541893997,0.74,0.9982926249504089,0.999988317489624
13,0,0.7804525249614611,0.72,0.9982926249504089,0.9999880790710449
13,0,0.7661859202263884,0.74,0.9981151819229126,0.9999864101409912
13,0,0.7263105158788145,0.72,0.9983338713645935,0.9999822974205017
13,0,0.7050320871451925,0.72,0.9975257515907288,0.9999800324440002
13,0,0.6912755704951972,0.72,0.9972014427185059,0.9999776482582092
13,0,0.6945029252974009,0.76,0.993887722492218,0.9999766945838928
13,0,0.7131958703875635,0.78,0.9933857321739197,0.9999780654907227
13,0,0.7051419931496442,0.8,0.9933857321739197,0.9999762773513794
13,0,0.6999742734046384,0.8,0.9933857321739197,0.9999744892120361
13,0,0.6965736307495607,0.82,0.9933857321739197,0.9999726414680481
13,0,0.7023896415586778,0.82,0.9950042366981506,0.9999745488166809
13,0,0.7045208437061283,0.82,0.9950042366981506,0.9999732971191406
13,0,0.7089427916095227,0.82,0.9950042366981506,0.9999725818634033
13,0,0.7133010971474106,0.82,0.9950042366981506,0.9999722242355347
13,0,0.7182226720181638,0.82,0.9950042366981506,0.9999722242355347
13,0,0.7233400202931269,0.8,0.9943042397499084,0.9999720454216003
13,0,0.7316999167256597,0.76,0.9943042397499084,0.9999718070030212
13,0,0.7471096338748525,0.76,0.9943042397499084,0.9999725818634033
13,0,0.7640275560143756,0.74,0.9960655570030212,0.9999740719795227
13,0,0.7719564858319413,0.74,0.9801656007766724,0.9999753832817078
13,0,0.7720758840915489,0.74,0.9848830103874207,0.9999666810035706
13,0,0.7819373692767274,0.72,0.969086766242981,0.9999873042106628
13,0,0.7946032010444315,0.68,0.969086766242981,0.9999771118164062
13,0,0.8093805947576781,0.64,0.969086766242981,0.999980628490448
13,0,0.8223134314142606,0.62,0.969086766242981,0.9999836087226868
13,0,0.8241192616872522,0.62,0.969086766242981,0.9999839663505554
13,0,0.8058265212999689,0.66,0.9718301892280579,0.9999792575836182
13,0,0.800646831523491,0.66,0.9654632806777954,0.9999781847000122
13,0,0.812287131537719,0.64,0.9654632806777954,0.9999801516532898
13,0,0.8237086594897768,0.64,0.9654632806777954,0.9999828338623047
13,0,0.8313464457323755,0.64,0.9654632806777954,0.9999834299087524
13,0,0.8412789796581353,0.64,0.9654632806777954,0.9999843835830688
13,0,0.8537076317853549,0.64,0.9768328666687012,0.9999862313270569
13,0,0.8651654141646044,0.66,0.9713890552520752,0.9999878406524658
13,0,0.8678065517273992,0.66,0.9878517389297485,0.999987006187439
13,0,0.8637699116768223,0.68,0.988430380821228,0.999983549118042
13,0,0.867171926766704,0.7,0.9906629323959351,0.9999830722808838
13,0,0.8720277318068754,0.74,0.991828203201294,0.999983012676239
13,0,0.8805270764518371,0.76,0.9975959658622742,0.9999842643737793
13,0,0.8762342609540761,0.78,0.9974236488342285,0.9999805688858032
13,0,0.869122587058247,0.76,0.9995999932289124,0.9999767541885376
13,0,0.8673889805437021,0.76,0.9995999932289124,0.9999751448631287
13,0,0.8685743395738298,0.76,0.9996154308319092,0.9999753832817078
13,0,0.8703421650499421,0.76,0.9996411800384521,0.9999774694442749
13,0,0.8612093074997521,0.76,0.9996411800384521,0.9999721050262451
13,0,0.8580150532446,0.76,0.9991937279701233,0.9999704957008362
13,0,0.8540988887400128,0.78,0.998606264591217,0.9999669790267944
13,0,0.8503180484644522,0.78,0.998606264591217,0.9999635219573975
13,0,0.8420475975970936,0.78,0.998606264591217,0.9999569654464722
13,0,0.8330962401460271,0.78,0.9985357522964478,0.9999499320983887
13,0,0.8251154618150658,0.78,0.9986988306045532,0.9999432563781738
13,0,0.8175462075878548,0.78,0.9973046779632568,0.9999380707740784
13,0,0.7988082237716848,0.76,0.9973046779632568,0.9999291300773621
13,0,0.7669923942525891,0.76,0.9967695474624634,0.9999130964279175
13,0,0.736132960793592,0.76,0.9953032732009888,0.9998972415924072
13,0,0.74977671174812,0.74,0.9951311349868774,0.999901533126831
13,0,0.7382232812810006,0.72,0.9951311349868774,0.9998884201049805
13,0,0.727549636548515,0.74,0.9951311349868774,0.9998751878738403
13,0,0.7170518587149645,0.74,0.9958107471466064,0.9998635053634644
13,0,0.7061751857705575,0.74,0.9958107471466064,0.9998546242713928
13,0,0.6941456141426822,0.74,0.9958107471466064,0.9998481869697571
13,0,0.681133361488874,0.74,0.9678018093109131,0.9998456835746765
13,0,0.6604490464509017,0.72,0.9755262732505798,0.9998401403427124
13,0,0.6393609539493574,0.68,0.9461803436279297,0.9998394250869751
13,0,0.6327612532868169,0.66,0.9461803436279297,0.9998602271080017
13,0,0.624660170572435,0.64,0.9508535861968994,0.9998730421066284
13,0,0.5943438555310382,0.64,0.9530859589576721,0.9998529553413391
13,0,0.5666924183926294,0.64,0.942732036113739,0.999849796295166
13,0,0.549817731053664,0.64,0.942732036113739,0.9998686909675598
13,0,0.5328933523828108,0.62,0.942732036113739,0.999884307384491
13,0,0.5196465516170244,0.62,0.942732036113739,0.9998986721038818
13,0,0.5005950148502236,0.66,0.942732036113739,0.9999048709869385
13,0,0.47397504095338705,0.66,0.942732036113739,0.9999019503593445
13,0,0.45698869297391637,0.66,0.9373374581336975,0.9998981952667236
13,0,0.4573550968224548,0.66,0.9373374581336975,0.9998985528945923
13,0,0.4686428390735736,0.66,0.9369169473648071,0.9999010562896729
13,0,0.480556518133547,0.66,0.9369169473648071,0.999900758266449
13,0,0.4838069388002573,0.68,0.9369169473648071,0.9998924732208252
13,0,0.4866526734943467,0.68,0.9369169473648071,0.999880313873291
13,0,0.5049043797979237,0.68,0.9482645392417908,0.9998841285705566
13,0,0.5186237436206489,0.68,0.9482645392417908,0.9998763203620911
13,0,0.5292442923953404,0.68,0.9482645392417908,0.9998654127120972
13,1,0.9978669798215875,0.98,0.9999788999557495,1.0
13,1,0.9979100951543046,0.98,0.9999788999557495,1.0
13,1,0.9979482993817048,0.98,0.9999788999557495,1.0
13,1,0.9980014401637635,0.98,0.9999788999557495,1.0
13,1,0.9981000181446191,0.96,0.9999788999557495,1.0
13,1,0.9981896006608518,0.96,0.9999788999557495,1.0
13,1,0.9981874232691487,0.96,0.9999788999557495,1.0
13,1,0.9981824383400303,0.96,0.9999788999557495,1.0
13,1,0.9981271583862694,0.96,0.9999788999557495,1.0
13,1,0.9980300437739037,0.96,0.9999788999557495,1.0
13,1,0.9979564540892496,0.96,0.9999788999557495,1.0
13,1,0.9979425155671935,0.96,0.9999808073043823,1.0
13,1,0.9979705327287538,0.96,0.9999769926071167,1.0
13,1,0.9980496419914031,0.98,0.9999672174453735,1.0
13,1,0.9981392174176522,0.98,0.9999641180038452,1.0
13,1,0.99780761589367,0.98,0.9999725818634033,1.0
13,1,0.9976860377768118,0.98,0.9999710321426392,1.0
13,1,0.997837670831376,0.98,0.9999710321426392,1.0
13,1,0.9979009095516154,0.98,0.9999710321426392,1.0
13,1,0.9980144308710523,0.98,0.999970555305481,1.0
13,1,0.9979664511115338,0.98,0.999970555305481,1.0
13,1,0.9980046659387786,0.98,0.999970555305481,1.0
13,1,0.9980361471968794,0.98,0.9999593496322632,1.0
13,1,0.9980307346082925,0.98,0.9999593496322632,1.0
13,1,0.9980212083342531,0.98,0.9999593496322632,1.0
13,1,0.9980073114417519,0.98,0.9999593496322632,1.0
13,1,0.9979715627924323,0.98,0.9999767541885376,1.0
13,1,0.9979565270159237,0.98,0.9999748468399048,1.0
13,1,0.9979930564489023,0.98,0.999971866607666,1.0
13,1,0.998002714508637,0.98,0.999971866607666,1.0
13,1,0.9980702793380669,0.98,0.999971866607666,1.0
13,1,0.998113839671406,0.98,0.9999686479568481,1.0
13,1,0.9981349944090492,0.98,0.9999692440032959,1.0
13,1,0.9982238705799396,0.98,0.9999692440032959,1.0
13,1,0.9982626100100364,0.98,0.9999692440032959,1.0
13,1,0.9984509956867894,0.98,0.9999797344207764,1.0
13,1,0.9984227947430081,0.98,0.999977707862854,1.0
13,1,0.9984432118227499,0.98,0.999977707862854,1.0
13,1,0.9984802708898033,0.98,0.999977707862854,1.0
13,1,0.9985085966243431,0.98,0.999977707862854,1.0
13,1,0.9985634290898437,0.98,0.999977707862854,1.0
13,1,0.9986868635364298,0.98,0.9999793767929077,1.0
13,1,0.9987907387282529,0.98,0.9999781847000122,1.0
13,1,0.9988948593814907,0.98,0.9999781847000122,1.0
13,1,0.9989688578856131,0.98,0.9999781847000122,1.0
13,1,0.9990638627139184,0.98,0.999980092048645,1.0
13,1,0.9991544783145858,0.98,0.999976634979248,1.0
13,1,0.9992176272207846,0.98,0.999976634979248,1.0
13,1,0.9992250295947381,0.98,0.9999741315841675,1.0
13,1,0.9992257225104128,0.98,0.9999687671661377,1.0
13,1,0.9992498844920539,0.98,0.9999687671661377,1.0
13,1,0.9992775254251768,0.96,0.9999687671661377,1.0
13,1,0.9992828330556471,0.96,0.9999687671661377,1.0
13,1,0.9992698491688579,0.96,0.9999687671661377,1.0
13,1,0.9992980343913184,0.96,0.9999687671661377,1.0
13,1,0.9993283305884285,0.96,0.9999687671661377,1.0
13,1,0.9993590177785174,0.96,0.9999687671661377,1.0
13,1,0.999393243415467,0.96,0.9999692440032959,1.0
13,1,0.9994371727618047,0.96,0.9999662637710571,1.0
13,1,0.9995047286258967,0.96,0.9999662637710571,1.0
13,1,0.9995842319417957,0.96,0.9999662637710571,1.0
13,1,0.9996514586029751,0.96,0.9999793767929077,1.0
13,1,0.9996818901304684,0.96,0.9999793767929077,1.0
13,1,0.9996645309420107,0.96,0.999982476234436,1.0
13,1,0.9996408243680344,0.96,0.9999821186065674,1.0
13,1,0.999682582744435,0.96,0.9999803304672241,1.0
13,1,0.9997145397026154,0.96,0.9999735355377197,1.0
13,1,0.9997125778821118,0.96,0.9999735355377197,1.0
13,1,0.9997007506164892,0.94,0.9999798536300659,1.0
13,1,0.9997043906744837,0.94,0.999987006187439,1.0
13,1,0.9997420726251012,0.94,0.9999896287918091,1.0
13,1,0.9997550306011219,0.94,0.999990701675415,1.0
13,1,0.9997693505390552,0.96,0.999990701675415,1.0
13,1,0.9997551720499335,0.96,0.9999915361404419,1.0
13,1,0.9996580319429105,0.98,0.9999915361404419,1.0
13,1,0.9992510847939277,0.98,0.999992847442627,1.0
13,1,0.9983179120706082,1.0,0.9999914169311523,1.0
13,1,0.9972883576652394,1.0,0.9999914169311523,1.0
13,1,0.9968526298195772,1.0,0.9999840259552002,1.0
13,1,0.9973206309490296,1.0,0.9999840259552002,1.0
13,1,0.9975681604098111,1.0,0.9999840259552002,1.0
13,1,0.9978052302857014,1.0,0.999982476234436,1.0
13,1,0.9977733886825695,1.0,0.9999804496765137,1.0
13,1,0.9975298508471332,1.0,0.9999804496765137,1.0
13,1,0.9972679080174567,1.0,0.9999793767929077,1.0
13,1,0.9971020158201188,1.0,0.9999617338180542,1.0
13,1,0.9969101035551157,1.0,0.9999617338180542,0.9999999403953552
13,1,0.996781502955435,1.0,0.9999469518661499,0.9999999403953552
13,1,0.9967247806400361,1.0,0.9999469518661499,0.9999999403953552
13,1,0.9966393480148755,1.0,0.9999412298202515,0.9999999403953552
13,1,0.996743968316588,1.0,0.9999443292617798,0.9999999403953552
13,1,0.996438185789152,1.0,0.9999412298202515,0.9999998807907104
13,1,0.9963274673698851,1.0,0.9999251365661621,0.9999998807907104
13,1,0.9962452978866793,1.0,0.9999251365661621,0.9999998211860657
13,1,0.9960546162309045,1.0,0.9999206066131592,0.9999997615814209
13,1,0.996041683504551,1.0,0.9999196529388428,0.9999997615814209
13,1,0.9962142784282649,1.0,0.9998964071273804,0.9999995827674866
13,1,0.9950544591329087,1.0,0.9999021291732788,0.9999995231628418
13,1,0.9944651517615768,1.0,0.9999184608459473,0.9999995231628418
13,1,0.9947990802958172,1.0,0.9999184608459473,0.9999997019767761
13,1,0.9943983653984282,1.0,0.9999309778213501,0.9999997615814209
13,1,0.9951535639456625,1.0,0.9999241828918457,0.9999998211860657
13,1,0.9949480533764782,1.0,0.9999241828918457,0.9999998211860657
13,1,0.9952039159932459,1.0,0.9999309778213501,0.9999998807907104
13,1,0.995361012305161,1.0,0.9999297857284546,0.9999998807907104
13,1,0.9955029154664071,1.0,0.9999336004257202,0.9999998807907104
13,1,0.995649986280727,1.0,0.9999336004257202,0.9999999403953552
13,1,0.9958687995209143,1.0,0.9999270439147949,0.9999999403953552
13,1,0.9958066056237808,1.0,0.9999368190765381,0.9999999403953552
13,1,0.9956267281724462,1.0,0.9999561309814453,0.9999998807907104
13,1,0.9957559356192254,1.0,0.999962568283081,0.9999999403953552
13,1,0.9960856496824605,1.0,0.9999599456787109,0.9999999403953552
13,1,0.9964094841500271,1.0,0.9999665021896362,0.9999999403953552
13,1,0.9966353171133862,1.0,0.9999665021896362,1.0
13,1,0.9967297380674854,1.0,0.999977707862854,1.0
13,1,0.9968780749731874,1.0,0.9999781847000122,1.0
13,1,0.997144536588135,1.0,0.9999841451644897,1.0
13,1,0.9974469578278794,1.0,0.9999841451644897,1.0
13,1,0.9977258898680452,1.0,0.9999854564666748,1.0
13,1,0.9979680157972757,1.0,0.9999867677688599,1.0
13,1,0.9981451026314678,1.0,0.9999879598617554,1.0
13,1,0.9982735408552388,1.0,0.9999879598617554,1.0
13,1,0.9984114186606897,1.0,0.9999879598617554,1.0
13,1,0.9985530042158071,1.0,0.9999865293502808,1.0
13,1,0.9986024141819264,1.0,0.9999862909317017,1.0
13,1,0.9987079133245383,1.0,0.9999861717224121,1.0
13,1,0.9987976794721022,1.0,0.9999861717224121,1.0
13,1,0.9988799833345438,1.0,0.9999874830245972,1.0
13,1,0.9989637298092273,1.0,0.9999896287918091,1.0
13,1,0.9990826796978355,1.0,0.9999887943267822,1.0
13,1,0.9991615744873653,1.0,0.9999858140945435,1.0
13,1,0.9992078029244483,1.0,0.9999858140945435,1.0
13,1,0.999235110193928,1.0,0.9999858140945435,1.0
13,1,0.9992666690220054,1.0,0.9999858140945435,1.0
13,1,0.999249589387488,1.0,0.9999858140945435,1.0
13,1,0.9992443653892238,1.0,0.9999871253967285,1.0
13,1,0.9992460632259004,1.0,0.9999871253967285,1.0
13,1,0.9992599533336202,1.0,0.9999871253967285,1.0
13,1,0.9992574523651524,1.0,0.9999871253967285,1.0
13,1,0.9992121071826784,1.0,0.9999871253967285,1.0
13,1,0.9993899035953805,1.0,0.9999895095825195,1.0
13,1,0.9995917210433395,1.0,0.9999852180480957,1.0
13,1,0.9995660341155254,1.0,0.999962329864502,1.0
13,1,0.9996575549366963,1.0,0.9999693632125854,1.0
13,1,0.9996760937211909,1.0,0.9999805688858032,1.0
13,1,0.9997019352027883,1.0,0.9999786615371704,1.0
13,1,0.9997058643199496,1.0,0.9999767541885376,1.0
13,1,0.9997153156906445,1.0,0.9999701976776123,1.0
13,1,0.9996920976089406,1.0,0.9999697208404541,1.0
13,1,0.9996553001693557,1.0,0.9999544620513916,1.0
13,1,0.9995926783146343,1.0,0.9999412298202515,1.0
13,1,0.9994805626802237,1.0,0.9999374151229858,1.0
13,1,0.9992781209533861,1.0,0.999948263168335,1.0
13,1,0.9991544460008875,1.0,0.9999498128890991,1.0
13,1,0.9991334565307938,1.0,0.9999498128890991,1.0
13,1,0.9990232133796918,1.0,0.9999498128890991,1.0
13,1,0.998705607977084,1.0,0.9999357461929321,1.0
13,1,0.9982495859689459,1.0,0.999915599822998,1.0
13,1,0.9977544074995613,1.0,0.999915599822998,1.0
13,1,0.9971710170181903,1.0,0.999915599822998,1.0
13,1,0.9964765674342498,1.0,0.999915599822998,1.0
13,1,0.9957203844662914,1.0,0.999915599822998,1.0
13,1,0.9949959346028039,1.0,0.999915599822998,1.0
13,1,0.9945197735728594,1.0,0.999903678894043,1.0
13,1,0.994264857455591,1.0,0.999903678894043,1.0
13,1,0.9936496586531558,1.0,0.9999340772628784,1.0
13,1,0.9934432184267372,1.0,0.9999340772628784,1.0
13,1,0.9932126679177598,1.0,0.9999340772628784,0.9999999403953552
13,1,0.9934629326256019,1.0,0.999915599822998,1.0
13,1,0.9933084608078718,1.0,0.999915599822998,1.0
13,1,0.9931773787639949,1.0,0.999915599822998,1.0
13,1,0.9930938122802803,1.0,0.9999135732650757,1.0
13,1,0.9930971700035185,1.0,0.9999135732650757,1.0
13,1,0.9932005349056027,1.0,0.9999103546142578,1.0
13,1,0.9929852681064011,1.0,0.9999314546585083,1.0
13,1,0.993021826052544,1.0,0.9999430179595947,1.0
13,1,0.9934312394096704,1.0,0.9999254941940308,1.0
13,1,0.9928086997485502,1.0,0.999916672706604,1.0
13,1,0.9928945973851723,1.0,0.999904990196228,1.0
13,1,0.9932839662515629,1.0,0.999904990196228,1.0
13,1,0.9932074469467175,1.0,0.999927282333374,1.0
13,1,0.9931387283601102,1.0,0.9999455213546753,1.0
13,1,0.9932135314352857,1.0,0.9999455213546753,1.0
13,1,0.9935098862470899,1.0,0.9999455213546753,1.0
13,1,0.993784779500737,1.0,0.9999455213546753,1.0
13,1,0.9940536347085932,1.0,0.9999455213546753,1.0
13,1,0.9942930708372354,1.0,0.9999421834945679,1.0
13,1,0.9945289364072019,1.0,0.9999477863311768,1.0
13,1,0.9946749372918553,1.0,0.9999477863311768,1.0
13,1,0.9946860940983608,1.0,0.9999477863311768,1.0
13,1,0.9946857306127069,1.0,0.9999477863311768,1.0
13,1,0.9947083962961422,1.0,0.9999477863311768,1.0
13,1,0.9947136084655539,1.0,0.9999477863311768,1.0
13,1,0.9947666707350599,1.0,0.999958872795105,1.0
13,1,0.9948306019756857,1.0,0.999958872795105,1.0
13,1,0.9948746224358687,1.0,0.9999678134918213,1.0
13,1,0.9948052973763789,1.0,0.9999678134918213,1.0
13,1,0.9947728676533287,1.0,0.9999678134918213,1.0
13,1,0.9947435970137517,1.0,0.9999645948410034,1.0
13,1,0.994650816539258,1.0,0.9999674558639526,1.0
13,1,0.9945365949147389,1.0,0.9999674558639526,1.0
13,1,0.9944223800650545,1.0,0.9999674558639526,1.0
13,1,0.9942516925943918,1.0,0.9999674558639526,1.0
13,1,0.9943226843206969,1.0,0.9999674558639526,1.0
13,1,0.994459808033817,1.0,0.9999674558639526,1.0
13,1,0.9942787270426062,1.0,0.9999645948410034,1.0
13,1,0.9939064682713685,1.0,0.9999666213989258,1.0
13,1,0.9937677126928326,1.0,0.9999666213989258,1.0
13,1,0.9937774106057817,1.0,0.9999666213989258,1.0
13,1,0.9936175881773417,1.0,0.9999666213989258,1.0
13,1,0.99341726708054,1.0,0.9999600648880005,1.0
13,1,0.9931640431766332,1.0,0.9999600648880005,1.0
13,1,0.9930313928676446,1.0,0.9999489784240723,1.0
13,1,0.9929576140975119,1.0,0.9999536275863647,1.0
13,1,0.9930150718135354,1.0,0.9999545812606812,1.0
13,1,0.9926170079216693,1.0,0.9999545812606812,1.0
13,1,0.9921027336938056,1.0,0.9999475479125977,1.0
13,1,0.9915198903397636,1.0,0.9999475479125977,1.0
13,1,0.9909072181764005,1.0,0.999942421913147,1.0
13,1,0.9901920018367454,1.0,0.999942421913147,1.0
13,1,0.9893773834138951,0.98,0.999927282333374,1.0
13,1,0.9886603344731014,0.98,0.9999362230300903,1.0
13,1,0.9876481308563814,0.98,0.9999349117279053,0.9999999403953552
13,1,0.9874183335976152,0.98,0.9999483823776245,0.9999999403953552
13,1,0.9874398116524079,0.98,0.999953031539917,0.9999999403953552
13,1,0.9871810001497846,1.0,0.9999580383300781,0.9999998807907104
13,1,0.986829280444758,1.0,0.9999580383300781,0.9999998807907104
13,1,0.9866484801399572,1.0,0.9999580383300781,0.9999998211860657
13,1,0.9866017692747032,1.0,0.9999580383300781,0.9999998211860657
13,1,0.9864167775593652,1.0,0.9999585151672363,0.9999997615814209
13,1,0.9860857057583512,1.0,0.9999544620513916,0.9999998211860657
13,1,0.9854819218133481,1.0,0.9999643564224243,0.9999998211860657
13,1,0.9857897323340743,1.0,0.9999643564224243,0.9999998211860657
13,1,0.9873368775897671,1.0,0.9999643564224243,0.9999998807907104
13,1,0.9888189680049794,1.0,0.9999672174453735,0.9999999403953552
13,1,0.9900599299922028,1.0,0.9999672174453735,0.9999999403953552
13,1,0.9912025661519789,1.0,0.9999672174453735,1.0
13,1,0.9921863428798897,1.0,0.9999672174453735,1.0
13,1,0.9929305433925072,1.0,0.9999704360961914,1.0
13,1,0.9934622794979585,1.0,0.9999727010726929,1.0
13,1,0.9940068442667143,1.0,0.9999752044677734,1.0
13,1,0.9944319602254738,1.0,0.9999792575836182,1.0
13,1,0.9947580679666467,1.0,0.9999823570251465,1.0
13,1,0.9950167284163955,1.0,0.9999823570251465,1.0
13,1,0.9952135941035876,1.0,0.9999823570251465,1.0
13,1,0.9953548543518084,1.0,0.9999812841415405,1.0
13,1,0.9954141875427668,1.0,0.9999830722808838,1.0
13,1,0.995125351376411,1.0,0.9999830722808838,1.0
13,1,0.9949068864741011,1.0,0.9999833106994629,1.0
13,1,0.994917305715362,1.0,0.9999833106994629,1.0
13,1,0.9950560477286013,1.0,0.9999828338623047,1.0
13,1,0.9952005350090416,1.0,0.9999905824661255,1.0
13,1,0.9954785149017416,1.0,0.9999905824661255,1.0
13,1,0.9957093837748785,1.0,0.9999905824661255,1.0
13,1,0.9959230711825215,1.0,0.9999905824661255,1.0
13,1,0.9961146759453364,1.0,0.9999905824661255,1.0
13,1,0.9963928492486942,1.0,0.9999905824661255,1.0
13,1,0.9966429600485149,1.0,0.9999905824661255,1.0
13,1,0.9969358648222308,1.0,0.9999896287918091,1.0
13,1,0.9972721079428829,1.0,0.9999896287918091,1.0
13,1,0.9975274375442935,1.0,0.9999905824661255,1.0
13,1,0.9977616270702141,1.0,0.9999905824661255,1.0
13,1,0.9980141101771602,1.0,0.9999905824661255,1.0
13,1,0.9982451222274176,1.0,0.9999905824661255,1.0
13,1,0.9984362204036165,1.0,0.9999905824661255,1.0
13,1,0.9985835093100663,1.0,0.9999905824661255,1.0
13,1,0.9986850331445416,1.0,0.9999905824661255,1.0
13,1,0.9987392733644678,1.0,0.9999905824661255,1.0
13,1,0.9987343091156318,1.0,0.9999905824661255,1.0
13,1,0.9987396309091957,1.0,0.9999905824661255,1.0
13,1,0.9987713053077136,1.0,0.9999905824661255,1.0
13,1,0.9988017865987928,1.0,0.9999905824661255,1.0
13,1,0.9988467895761844,1.0,0.999992847442627,1.0
13,1,0.9988694716234054,1.0,0.999992847442627,1.0
13,1,0.9988960845611509,1.0,0.999992847442627,1.0
13,1,0.9989644054992042,1.0,0.999992847442627,1.0
13,1,0.9989992421215311,1.0,0.999987006187439,1.0
13,1,0.9990215275030054,1.0,0.9999847412109375,1.0
13,1,0.998994654080338,1.0,0.9999861717224121,1.0
13,1,0.998884964150227,1.0,0.9999864101409912,1.0
13,1,0.998637444656202,1.0,0.9999819993972778,1.0
13,1,0.9981949045105465,1.0,0.999977707862854,1.0
13,1,0.9975572635928742,1.0,0.999975323677063,1.0
13,1,0.9966872318520238,1.0,0.9999767541885376,1.0
13,1,0.9957359668410823,1.0,0.9999663829803467,1.0
13,1,0.9948749505953057,1.0,0.9999562501907349,0.9999999403953552
13,1,0.9941563052614412,1.0,0.9999562501907349,0.9999999403953552
13,1,0.9934648127373439,1.0,0.9999535083770752,0.9999999403953552
13,1,0.9926172052977644,1.0,0.9999535083770752,0.9999998807907104
13,1,0.9915937329049829,1.0,0.9999406337738037,0.9999997615814209
13,1,0.9905800440629403,1.0,0.9999531507492065,0.9999995827674866
13,1,0.9898319198932714,1.0,0.9999520778656006,0.9999993443489075
13,1,0.9896142809377756,1.0,0.9999520778656006,0.9999991655349731
13,1,0.9897974991555764,1.0,0.9999520778656006,0.9999991655349731
13,1,0.9899257536962062,1.0,0.9999520778656006,0.9999992251396179
13,1,0.9903640238503506,1.0,0.9999520778656006,0.9999992847442627
13,1,0.9907845414289267,1.0,0.999942421913147,0.9999992847442627
13,1,0.9911766024215104,1.0,0.9999451637268066,0.9999992847442627
13,1,0.9917681128704763,1.0,0.9999451637268066,0.9999993443489075
13,1,0.9923451420318935,1.0,0.9999570846557617,0.999999463558197
13,1,0.9929608885541812,1.0,0.9999643564224243,0.9999995827674866
13,1,0.9935968254471927,1.0,0.9999643564224243,0.9999997019767761
13,1,0.994250544642748,1.0,0.9999643564224243,0.9999998211860657
13,1,0.9948676347755121,1.0,0.9999725818634033,0.9999998807907104
13,1,0.9954171269049723,1.0,0.9999747276306152,0.9999999403953552
13,1,0.9959511263585842,1.0,0.999976634979248,0.9999999403953552
13,1,0.9963231233807329,1.0,0.9999773502349854,0.9999999403953552
13,1,0.9966684219185259,1.0,0.9999727010726929,1.0
13,1,0.9969263351426898,1.0,0.999975323677063,1.0
13,1,0.9971292792769965,1.0,0.999975323677063,1.0
13,1,0.9973106781114378,1.0,0.9999756813049316,1.0
13,1,0.9974768101591679,1.0,0.9999815225601196,1.0
13,1,0.9975959095102541,1.0,0.9999810457229614,1.0
13,1,0.9977534869711662,1.0,0.9999896287918091,1.0
13,1,0.9979091925574379,1.0,0.9999885559082031,1.0
13,1,0.9980688423065202,1.0,0.9999885559082031,1.0
13,1,0.9982250275919632,1.0,0.9999885559082031,1.0
13,1,0.9983529219211187,1.0,0.9999896287918091,1.0
13,1,0.9984745923087756,1.0,0.9999896287918091,1.0
13,1,0.9986160260557487,1.0,0.9999896287918091,1.0
13,1,0.9987719433547281,1.0,0.9999896287918091,1.0
13,1,0.9988957915955072,1.0,0.9999896287918091,1.0
13,1,0.9989940245662574,1.0,0.9999896287918091,1.0
13,1,0.9990583485620514,1.0,0.9999896287918091,1.0
13,1,0.9991228223781465,1.0,0.9999896287918091,1.0
13,1,0.9991415663228247,1.0,0.999992847442627,1.0
13,1,0.9991269114909522,1.0,0.999992847442627,1.0
13,1,0.9991408171141024,1.0,0.999992847442627,1.0
13,1,0.9991362346433482,1.0,0.999992847442627,1.0
13,1,0.9991073741328128,1.0,0.999992847442627,1.0
13,1,0.9990609344407525,1.0,0.999992847442627,1.0
13,1,0.9990030294507025,1.0,0.999992847442627,1.0
13,1,0.9989407674837242,1.0,0.999992847442627,1.0
13,1,0.9988460598344854,1.0,0.999992847442627,1.0
13,1,0.9987190920953347,1.0,0.999992847442627,1.0
13,1,0.9985247904469489,1.0,0.999992847442627,1.0
13,1,0.9983389990239471,1.0,0.999992847442627,1.0
13,1,0.9981763876408355,1.0,0.999992847442627,1.0
13,1,0.9980056191980281,1.0,0.999992847442627,1.0
13,1,0.9978915441968645,1.0,0.9999935626983643,1.0
13,1,0.9978073828653081,1.0,0.9999935626983643,1.0
13,1,0.9977351125833074,1.0,0.9999935626983643,1.0
13,1,0.9976817416887713,1.0,0.9999935626983643,1.0
13,1,0.9976505983733969,1.0,0.999992847442627,1.0
13,1,0.997626321858573,1.0,0.9999868869781494,1.0
13,1,0.9975591063607783,1.0,0.999987006187439,1.0
13,1,0.997464744650273,1.0,0.9999872446060181,1.0
13,1,0.9974883329336676,1.0,0.9999831914901733,1.0
13,1,0.9972435032471714,1.0,0.9999831914901733,1.0
13,1,0.996953664783857,1.0,0.9999815225601196,1.0
13,1,0.9970053531360977,1.0,0.9999812841415405,1.0
13,1,0.9969309723201437,1.0,0.9999809265136719,1.0
13,1,0.9968351020855007,1.0,0.9999809265136719,1.0
13,1,0.9967625848977028,1.0,0.9999809265136719,1.0
13,1,0.9966362611777554,1.0,0.9999825954437256,1.0
13,1,0.9965405253446854,1.0,0.9999825954437256,0.9999999403953552
13,1,0.9964486636713245,1.0,0.9999855756759644,0.9999999403953552
13,1,0.9965842197817522,1.0,0.9999855756759644,0.9999999403953552
13,1,0.9965558750002004,1.0,0.9999814033508301,1.0
13,1,0.9965150508654727,1.0,0.999982476234436,1.0
13,1,0.9967498485813052,1.0,0.999982476234436,1.0
13,1,0.9970799262906546,1.0,0.999982476234436,1.0
13,1,0.9972783011629682,1.0,0.999982476234436,1.0
13,1,0.9974300145733352,1.0,0.9999814033508301,1.0
13,1,0.9975762603402534,1.0,0.9999814033508301,1.0
13,1,0.9976787137632105,1.0,0.9999814033508301,1.0
13,1,0.9977512388715608,1.0,0.9999814033508301,1.0
13,1,0.9978296176958209,1.0,0.9999814033508301,1.0
13,1,0.9978693457960471,1.0,0.9999841451644897,1.0
13,1,0.997840079003826,1.0,0.9999845027923584,1.0
13,1,0.9978990897208794,1.0,0.9999845027923584,1.0
13,1,0.9980483631692542,1.0,0.9999845027923584,1.0
13,1,0.9981953970301408,1.0,0.9999812841415405,1.0
13,1,0.998343137496927,1.0,0.9999815225601196,1.0
13,1,0.99848844453945,1.0,0.9999815225601196,1.0
13,1,0.9986253818755405,1.0,0.9999815225601196,1.0
13,1,0.9987498467315133,1.0,0.999981164932251,1.0
13,1,0.9988571527369275,1.0,0.9999855756759644,1.0
13,1,0.9989450729036939,1.0,0.9999921321868896,1.0
13,1,0.9990478394931347,1.0,0.9999921321868896,1.0
13,1,0.9991393360455212,1.0,0.999992847442627,1.0
13,1,0.9991809080185738,1.0,0.999992847442627,1.0
13,1,0.9991600703579351,1.0,0.9999935626983643,1.0
13,1,0.9991692841845718,1.0,0.999992847442627,1.0
13,1,0.9992085104603718,1.0,0.999990701675415,1.0
13,1,0.9992306205053713,1.0,0.999990701675415,1.0
13,1,0.999249376072614,1.0,0.999990701675415,1.0
13,1,0.9992613646715859,1.0,0.9999916553497314,1.0
13,1,0.999283675169648,1.0,0.9999916553497314,1.0
13,1,0.999328475163477,1.0,0.9999916553497314,1.0
13,1,0.999352613036819,1.0,0.999992847442627,1.0
13,1,0.9993653252891938,1.0,0.999992847442627,1.0
13,1,0.9993848520089067,1.0,0.999992847442627,1.0
13,1,0.9994113638838645,1.0,0.999992847442627,1.0
13,1,0.9994417466027022,1.0,0.999992847442627,1.0
13,1,0.9994726278157706,1.0,0.999992847442627,1.0
13,1,0.9994942513573842,1.0,0.999992847442627,1.0
13,1,0.9995192552340154,1.0,0.999992847442627,1.0
13,1,0.9995369395713478,1.0,0.9999935626983643,1.0
13,1,0.9995372844461006,1.0,0.9999935626983643,1.0
13,1,0.9995227707107563,1.0,0.9999935626983643,1.0
13,1,0.9995004307858567,1.0,0.9999935626983643,1.0
13,1,0.9994708761039325,1.0,0.9999932050704956,1.0
13,1,0.999430307604648,1.0,0.9999932050704956,1.0
13,1,0.9993986567914085,1.0,0.9999895095825195,1.0
13,1,0.9993631026645375,1.0,0.9999809265136719,1.0
13,1,0.9993149122317088,1.0,0.9999814033508301,1.0
13,1,0.9992821382896875,1.0,0.9999814033508301,1.0
13,1,0.9992412649768915,1.0,0.9999843835830688,1.0
13,1,0.9991869537014326,1.0,0.9999843835830688,1.0
13,1,0.9991098331889932,1.0,0.9999812841415405,1.0
13,1,0.9989909428795165,1.0,0.9999803304672241,1.0
13,1,0.9988782669531658,1.0,0.9999799728393555,1.0
13,1,0.9987686234043208,1.0,0.9999804496765137,1.0
13,1,0.9986998860463896,1.0,0.9999804496765137,1.0
13,1,0.9986631770794077,1.0,0.999976634979248,1.0
13,1,0.9985920608740573,1.0,0.9999802112579346,1.0
13,1,0.9986153612229535,1.0,0.9999814033508301,1.0
13,1,0.9986300905503258,1.0,0.9999814033508301,1.0
13,1,0.9986161042347151,1.0,0.9999797344207764,1.0
13,1,0.9986017688427052,1.0,0.9999797344207764,1.0
13,1,0.998578380118791,1.0,0.9999797344207764,1.0
13,1,0.9985695033008423,1.0,0.9999797344207764,1.0
13,1,0.9985624284727669,1.0,0.9999797344207764,1.0
13,1,0.9985624604030839,1.0,0.9999797344207764,1.0
13,1,0.9985672182807257,1.0,0.9999797344207764,1.0
13,1,0.9985894006124555,1.0,0.9999797344207764,1.0
13,1,0.9986119863805142,1.0,0.9999802112579346,1.0
13,1,0.9986376049430493,1.0,0.9999802112579346,1.0
13,1,0.9986290301949236,1.0,0.9999802112579346,1.0
13,1,0.9985521008245702,1.0,0.9999802112579346,1.0
13,1,0.9985690186761217,1.0,0.9999802112579346,1.0
13,1,0.9985872309716901,1.0,0.9999805688858032,1.0
13,1,0.9985586194353797,1.0,0.9999805688858032,1.0
13,1,0.9985742510110279,1.0,0.9999805688858032,1.0
13,1,0.9985921751903237,1.0,0.9999805688858032,1.0
13,1,0.998637768125161,1.0,0.9999852180480957,1.0
13,1,0.9986673649442912,1.0,0.9999866485595703,1.0
13,1,0.9986941602103251,1.0,0.9999866485595703,1.0
13,1,0.9986713439556925,1.0,0.9999866485595703,1.0
13,1,0.9986925993325103,1.0,0.9999866485595703,1.0
13,1,0.9987070649491678,1.0,0.9999886751174927,1.0
13,1,0.9987188298392403,1.0,0.9999886751174927,1.0
13,1,0.9987387507584953,1.0,0.9999886751174927,1.0
13,1,0.998756638496757,1.0,0.9999886751174927,1.0
13,1,0.998769235990457,1.0,0.9999886751174927,1.0
13,1,0.9988251744515743,1.0,0.9999886751174927,1.0
13,1,0.9988557227162694,1.0,0.9999903440475464,1.0
13,1,0.9988731346229734,1.0,0.9999903440475464,1.0
13,1,0.998909214653774,1.0,0.9999903440475464,1.0
13,1,0.998972625332787,1.0,0.9999903440475464,1.0
13,1,0.9989963328468084,1.0,0.9999903440475464,1.0
13,1,0.9989773726521551,1.0,0.9999903440475464,1.0
13,1,0.9989558490799664,1.0,0.9999903440475464,1.0
13,1,0.9989228736071533,1.0,0.9999903440475464,1.0
13,1,0.998873763750745,1.0,0.9999903440475464,1.0
13,1,0.9988045785979704,1.0,0.9999903440475464,1.0
13,1,0.998636025764362,1.0,0.99998939037323,1.0
13,1,0.9983404638064328,1.0,0.9999876022338867,1.0
13,1,0.9981469418120834,1.0,0.9999876022338867,1.0
13,1,0.9981572797496259,1.0,0.9999876022338867,1.0
13,1,0.9982061301004632,1.0,0.9999886751174927,1.0
13,1,0.9980285936770725,1.0,0.9999775886535645,1.0
13,1,0.9976401555324926,1.0,0.9999775886535645,1.0
13,1,0.9975359028704912,1.0,0.9999775886535645,1.0
13,1,0.9976986469094817,1.0,0.9999775886535645,1.0
13,1,0.9977136036312175,1.0,0.9999752044677734,1.0
13,1,0.9975009423115339,1.0,0.9999673366546631,1.0
13,1,0.9969168701009465,1.0,0.9999673366546631,1.0
13,1,0.9961176004273736,1.0,0.9999673366546631,1.0
13,1,0.9962762954598973,1.0,0.9999703168869019,1.0
13,1,0.996605061425493,1.0,0.9999703168869019,1.0
13,1,0.9968334533138412,1.0,0.9999697208404541,1.0
13,1,0.9970144485909398,1.0,0.9999697208404541,1.0
13,1,0.9973322976531097,1.0,0.9999697208404541,1.0
13,1,0.9974695407267792,1.0,0.9999679327011108,1.0
13,1,0.9987157824722739,1.0,0.9999654293060303,1.0
13,1,0.9998290246672514,1.0,0.9999418258666992,1.0
13,1,0.9999523055019734,1.0,0.9999536275863647,1.0
13,1,0.9999682510589105,1.0,0.9999456405639648,1.0
13,1,0.9999692156949771,1.0,0.9999536275863647,1.0
13,1,0.9999693616378804,1.0,0.9999536275863647,1.0
13,1,0.9999695830715387,1.0,0.9999650716781616,1.0
13,1,0.9999700085637632,1.0,0.9999666213989258,1.0
13,1,0.9999709857884053,1.0,0.9999666213989258,1.0
13,1,0.9999718451115769,0.98,0.9999591112136841,1.0
13,1,0.9999725680643629,0.96,0.9999591112136841,1.0
13,1,0.9999733551796166,0.94,0.9999555349349976,1.0
13,1,0.999973538313579,0.94,0.9999371767044067,1.0
13,1,0.9999728006132887,0.94,0.9999309778213501,1.0
13,1,0.9999725838659504,0.94,0.9999309778213501,1.0
13,1,0.9999730902626227,0.94,0.9999343156814575,1.0
13,1,0.9999731188866475,0.94,0.9999576807022095,1.0
13,1,0.9999675664005692,0.94,0.9999576807022095,1.0
13,1,0.9999568774616807,0.94,0.9999614953994751,1.0
13,1,0.9999693871549244,0.94,0.9999608993530273,1.0
13,1,0.9999520365734462,0.94,0.9999608993530273,1.0
13,1,0.9999649086986485,0.96,0.9999641180038452,1.0
13,1,0.999963494628189,0.96,0.9999678134918213,1.0
13,1,0.9999573452957911,0.96,0.9999736547470093,1.0
13,1,0.999962222985305,0.96,0.9999731779098511,1.0
13,1,0.9999625017806719,0.96,0.999975323677063,1.0
13,1,0.9999636029628345,0.96,0.9999796152114868,1.0
13,1,0.9999648075662443,0.96,0.9999796152114868,1.0
13,1,0.9999681770292883,0.96,0.9999814033508301,1.0
13,1,0.9999703300476682,0.96,0.9999817609786987,1.0
13,1,0.9999739273458143,0.96,0.9999817609786987,1.0
13,1,0.9999777306270777,0.96,0.9999817609786987,1.0
13,1,0.9999807651123203,0.96,0.9999837875366211,1.0
13,1,0.9999822898945402,0.96,0.9999834299087524,1.0
13,1,0.9999835799788769,0.96,0.9999834299087524,1.0
13,1,0.999984815325032,0.96,0.9999814033508301,1.0
13,1,0.9999858273470573,0.96,0.9999814033508301,1.0
13,1,0.9999865732419357,0.96,0.9999823570251465,1.0
13,1,0.9999871759821819,0.96,0.9999823570251465,1.0
13,1,0.9999875905675009,0.96,0.9999823570251465,1.0
13,1,0.999987822269361,0.96,0.9999852180480957,1.0
13,1,0.9999880285928869,0.96,0.9999852180480957,1.0
13,1,0.999988245690511,0.96,0.9999852180480957,1.0
13,1,0.9999883928944511,0.96,0.9999852180480957,1.0
13,1,0.999988416908485,0.96,0.9999852180480957,1.0
13,1,0.9999884766986809,0.96,0.9999852180480957,1.0
13,1,0.9999886419146532,0.96,0.9999842643737793,1.0
13,1,0.9999887864059458,0.96,0.9999839067459106,1.0
13,1,0.9999881957406803,0.96,0.9999839067459106,1.0
13,1,0.999987343168119,0.96,0.9999839067459106,1.0
13,1,0.9999870559103164,0.96,0.9999839067459106,1.0
13,1,0.9999863483729622,0.96,0.9999823570251465,1.0
13,1,0.9999855472917254,0.96,0.9999823570251465,1.0
13,1,0.9999853100975614,0.96,0.9999823570251465,1.0
13,1,0.9999855487167445,0.96,0.9999823570251465,1.0
13,1,0.999985682589424,0.96,0.9999823570251465,1.0
13,1,0.9999857033064389,0.96,0.9999823570251465,1.0
13,1,0.9999858921681701,0.96,0.9999823570251465,1.0
13,1,0.9999857721855188,0.96,0.9999823570251465,1.0
13,1,0.9999854143261133,0.96,0.9999823570251465,1.0
13,1,0.9999850596253106,0.96,0.9999823570251465,1.0
13,1,0.9999851177744503,0.94,0.999981164932251,1.0
13,1,0.9999549423755223,0.96,0.9999831914901733,1.0
13,1,0.9999623881174963,0.96,0.9999805688858032,1.0
13,1,0.999979076264068,0.98,0.999991774559021,1.0
13,1,0.9999718383161226,0.98,0.9999240636825562,1.0
13,1,0.9999963573778412,0.98,0.999956488609314,1.0
13,1,0.999994594695254,0.98,0.9999690055847168,1.0
13,1,0.9999990670241163,0.98,0.999958872795105,1.0
13,1,0.9999990472932557,0.98,0.9999552965164185,1.0
13,1,0.9999990756868645,0.98,0.9999510049819946,1.0
13,1,0.999999048105939,0.98,0.9999526739120483,1.0
13,1,0.999998934014792,0.98,0.9999526739120483,1.0
13,1,0.9999987502230417,0.98,0.9999589920043945,1.0
13,1,0.9999987897502182,0.98,0.9999589920043945,1.0
13,1,0.9999989171888323,0.98,0.9999524354934692,1.0
13,1,0.9999990142545447,0.98,0.9999597072601318,1.0
13,1,0.9999988063019866,0.98,0.9999638795852661,1.0
13,1,0.9999987887026525,0.98,0.9999638795852661,1.0
13,1,0.9999986814426927,0.98,0.9999549388885498,1.0
13,1,0.9999988054380439,0.98,0.9999549388885498,1.0
13,1,0.9999984467719074,0.98,0.9999549388885498,1.0
13,1,0.9999984042579513,0.98,0.9999549388885498,1.0
13,1,0.9999982665022192,0.98,0.9999549388885498,1.0
13,1,0.9999982232837644,0.98,0.9999593496322632,1.0
13,1,0.9999981951054837,0.98,0.9999638795852661,1.0
13,1,0.9999981704704489,0.98,0.9999672174453735,1.0
13,1,0.9999981237502755,0.96,0.9999711513519287,1.0
13,1,0.999998153995151,0.96,0.9999711513519287,1.0
13,1,0.9999982881703617,0.96,0.9999711513519287,1.0
13,1,0.9999982841345255,0.96,0.9999711513519287,1.0
13,1,0.9999982768728712,0.96,0.9999711513519287,1.0
13,1,0.9999982509922721,0.96,0.9999711513519287,1.0
13,1,0.9999981260025428,0.96,0.9999711513519287,1.0
13,1,0.9999982125755634,0.96,0.9999692440032959,1.0
13,1,0.999998204736402,0.96,0.9999700784683228,1.0
13,1,0.9999983111518718,0.96,0.9999668598175049,1.0
13,1,0.9999982857202334,0.96,0.9999668598175049,1.0
13,1,0.9999984286654287,0.96,0.9999619722366333,1.0
13,1,0.999998288420522,0.96,0.9999619722366333,1.0
13,1,0.9999983601912366,0.96,0.9999654293060303,1.0
13,1,0.9999983127712556,0.96,0.9999619722366333,1.0
13,1,0.9999983887014531,0.96,0.9999619722366333,1.0
13,1,0.99999834143679,0.96,0.9999654293060303,1.0
13,1,0.9999984721772214,0.96,0.999969482421875,1.0
13,1,0.99999846708782,0.96,0.9999654293060303,1.0
13,1,0.9999985163345032,0.96,0.999968409538269,1.0
13,1,0.9999985760026083,0.96,0.9999513626098633,1.0
13,1,0.9999986512445208,0.96,0.9999570846557617,1.0
13,1,0.9999986365076218,0.96,0.9999291896820068,1.0
13,1,0.999998744354634,0.96,0.9999291896820068,1.0
13,1,0.9999989894191251,0.96,0.9999291896820068,1.0
13,1,0.9999992456195128,0.96,0.9999202489852905,1.0
13,1,0.9999994098836252,0.96,0.9999202489852905,1.0
13,1,0.9999994500577492,0.96,0.9999202489852905,1.0
13,1,0.9999993152227677,0.96,0.9998119473457336,1.0
13,1,0.9999989900600937,0.96,0.9998358488082886,1.0
13,1,0.9999983470449718,0.96,0.9998062252998352,1.0
13,1,0.9999975822107496,0.96,0.999866247177124,1.0
13,1,0.999997457737409,0.94,0.9998506307601929,1.0
13,1,0.9999979975271405,0.94,0.9997228980064392,1.0
13,1,0.9999973722592611,0.94,0.9997542500495911,1.0
13,1,0.9999971910885329,0.96,0.9997954964637756,1.0
13,1,0.999997212329023,0.96,0.9998400211334229,1.0
13,1,0.9999972748204288,0.96,0.9998400211334229,1.0
13,1,0.9999970573443047,0.96,0.9998964071273804,1.0
13,1,0.9999972908806393,0.98,0.9999048709869385,1.0
13,1,0.9999974043332469,0.98,0.9999048709869385,1.0
13,1,0.9999973339850987,0.98,0.9999048709869385,1.0
13,1,0.9999973683593022,0.98,0.9999122619628906,1.0
13,1,0.9999973580034061,0.98,0.9999122619628906,1.0
13,1,0.9999974525573829,0.98,0.9999122619628906,1.0
13,1,0.9999973822847265,0.98,0.9999122619628906,1.0
13,1,0.9999974029016753,0.98,0.9999122619628906,1.0
13,1,0.999997390154378,0.98,0.9999122619628906,1.0
13,1,0.9999971591186256,0.98,0.9999122619628906,1.0
13,1,0.9999968850966798,0.98,0.9999173879623413,1.0
13,1,0.9999968164386245,0.98,0.9999173879623413,1.0
13,1,0.9999967716302255,0.98,0.9998993873596191,1.0
13,1,0.9999967017253995,0.98,0.9998993873596191,1.0
13,1,0.9999967337574762,0.98,0.9998993873596191,1.0
13,1,0.9999967148635674,0.98,0.9998993873596191,1.0
13,1,0.9999967486156529,0.98,0.999889612197876,1.0
13,1,0.9999969173018801,0.98,0.999889612197876,1.0
13,1,0.999997159817902,0.98,0.9999167919158936,1.0
13,1,0.999997186022023,0.98,0.999909520149231,1.0
13,1,0.9999974941758945,0.98,0.999909520149231,1.0
13,1,0.9999977556220035,0.98,0.999909520149231,1.0
13,1,0.9999977064561624,0.98,0.999909520149231,1.0
13,1,0.9999978006056166,0.96,0.999909520149231,1.0
13,1,0.9999979009539488,0.96,0.999909520149231,1.0
13,1,0.9999980106145278,0.96,0.999909520149231,1.0
13,1,0.9999979762932896,0.94,0.9999167919158936,1.0
13,1,0.9999980792027989,0.94,0.9998903274536133,1.0
13,1,0.9999981627206983,0.94,0.9998599290847778,1.0
13,1,0.9999982853293372,0.94,0.9998599290847778,1.0
13,1,0.9999984046335711,0.92,0.9998599290847778,1.0
13,1,0.9999984066650763,0.92,0.9998599290847778,1.0
13,1,0.9999984153769222,0.92,0.9998599290847778,1.0
13,1,0.9999984231397405,0.92,0.9998449087142944,1.0
13,1,0.9999984587976262,0.92,0.9998449087142944,1.0
13,1,0.9999984847599039,0.92,0.9998449087142944,1.0
13,1,0.9999984749056607,0.92,0.9998449087142944,1.0
13,1,0.9999984034299036,0.92,0.9998449087142944,1.0
13,1,0.9999983406188244,0.92,0.9997605681419373,1.0
13,1,0.9999982924309124,0.92,0.9997605681419373,1.0
13,1,0.9999982863360851,0.94,0.9997605681419373,1.0
13,1,0.9999983027281961,0.94,0.9997605681419373,1.0
13,1,0.9999983534712916,0.94,0.9997605681419373,1.0
13,1,0.9999983675088342,0.94,0.9997605681419373,1.0
13,1,0.9999983909324704,0.94,0.9997605681419373,1.0
13,1,0.9999984766681569,0.94,0.9997605681419373,1.0
13,1,0.999998476633923,0.94,0.9997605681419373,1.0
13,1,0.9999983517002609,0.94,0.9997605681419373,1.0
13,1,0.9999982975643175,0.94,0.9997605681419373,1.0
13,1,0.9999982558032512,0.94,0.9997605681419373,1.0
13,1,0.999998180619189,0.94,0.9997605681419373,1.0
13,1,0.9999981146438611,0.94,0.9997605681419373,1.0
13,1,0.99999806717696,0.94,0.9995784163475037,1.0
13,1,0.9999979256144117,0.94,0.9995784163475037,1.0
13,1,0.9999977729556911,0.94,0.9996191263198853,1.0
13,1,0.9999976571963658,0.94,0.9996191263198853,1.0
13,1,0.9999974046969021,0.96,0.9996191263198853,1.0
13,1,0.9999972944512233,0.96,0.9998069405555725,1.0
13,1,0.9999975289462485,0.94,0.9998241066932678,1.0
13,1,0.9999979452698995,0.94,0.9998241066932678,1.0
13,1,0.9999977901047961,0.92,0.9998241066932678,1.0
13,1,0.9999978580012748,0.96,0.9998241066932678,1.0
13,1,0.9999973443355485,0.96,0.9997466206550598,1.0
13,1,0.9999954281982444,0.98,0.9997864365577698,1.0
13,1,0.9999910398199252,0.98,0.9996968507766724,1.0
13,1,0.9999833038701447,0.98,0.9996702671051025,1.0
13,1,0.999973437396031,0.98,0.9996702671051025,1.0
13,1,0.9999645594273813,0.98,0.9997143149375916,1.0
13,1,0.999955742564459,1.0,0.9997143149375916,1.0
13,1,0.9999492897176565,1.0,0.9997143149375916,1.0
13,1,0.9999473279517574,0.98,0.9997143149375916,1.0
13,1,0.9999466436661769,0.98,0.9997143149375916,1.0
13,1,0.9999484745123035,0.98,0.9997143149375916,1.0
13,1,0.9999524219826783,0.98,0.9997143149375916,1.0
13,1,0.9999566879776752,0.98,0.9997143149375916,1.0
13,1,0.9999589557122227,0.98,0.9997143149375916,1.0
13,1,0.9999587392610838,0.98,0.9997143149375916,1.0
13,1,0.999962711622148,0.98,0.9997143149375916,1.0
13,1,0.9999689336222383,0.98,0.9996861219406128,1.0
13,1,0.9999717186762701,0.98,0.9996459484100342,1.0
13,1,0.999972816566741,0.98,0.9996459484100342,1.0
13,1,0.9999722736611488,0.98,0.9996459484100342,1.0
13,1,0.9999733341420476,0.96,0.9996459484100342,1.0
13,1,0.9999757531614715,0.96,0.9996459484100342,1.0
13,1,0.999977928929903,0.96,0.9996459484100342,1.0
13,1,0.9999786043917758,0.96,0.9996459484100342,1.0
13,1,0.9999809461551669,0.96,0.99954754114151,1.0
13,1,0.9999826269330082,0.96,0.99954754114151,1.0
13,1,0.9999832768994461,0.96,0.9996201992034912,1.0
13,1,0.999984503392263,0.94,0.9996201992034912,1.0
13,1,0.9999861685623853,0.94,0.999663233757019,1.0
13,1,0.9999872533101603,0.94,0.9996936321258545,1.0
13,1,0.9999883206040842,0.94,0.9996423721313477,1.0
13,1,0.9999893178876671,0.94,0.9996708631515503,1.0
13,1,0.9999900780820397,0.94,0.9996708631515503,1.0
13,1,0.9999908014249705,0.94,0.9996708631515503,1.0
13,1,0.9999919173229324,0.94,0.9996708631515503,1.0
13,1,0.999992639500854,0.94,0.999491810798645,1.0
13,1,0.9999928899178033,0.92,0.999491810798645,1.0
13,1,0.9999926423805661,0.94,0.9995580315589905,1.0
13,1,0.9999929326252371,0.94,0.999421238899231,1.0
13,1,0.9999934566917886,0.94,0.9995434880256653,1.0
13,1,0.9999939890323157,0.94,0.9996670484542847,1.0
13,1,0.9999942627310804,0.94,0.9996670484542847,1.0
13,1,0.9999942687095938,0.94,0.9996670484542847,1.0
13,1,0.9999942561422484,0.94,0.9995424747467041,1.0
13,1,0.9999942902993367,0.96,0.9995681643486023,1.0
13,1,0.9999944437537055,0.96,0.9995681643486023,1.0
13,1,0.9999942981947251,0.96,0.9995681643486023,1.0
13,1,0.9999947679400292,0.96,0.9995681643486023,1.0
13,1,0.999994787433881,0.98,0.9996070265769958,1.0
13,1,0.9999946979330331,0.98,0.9996070265769958,1.0
13,1,0.9999945300704085,0.98,0.9996515512466431,1.0
13,1,0.9999945275977749,0.98,0.9996515512466431,1.0
13,1,0.9999946302610965,0.98,0.9996515512466431,1.0
13,1,0.9999947280035354,0.98,0.9996070265769958,1.0
13,1,0.9999947349497569,0.98,0.9996515512466431,1.0
13,1,0.9999947955765407,0.98,0.9996515512466431,1.0
13,1,0.999994689147179,0.98,0.9996417760848999,1.0
13,1,0.9999944606550708,0.98,0.9996417760848999,1.0
13,1,0.9999941372332177,0.98,0.9995880722999573,1.0
13,1,0.9999937759469276,0.98,0.9995880722999573,1.0
13,1,0.9999933502273795,0.98,0.9995880722999573,1.0
13,1,0.9999928468145931,0.98,0.9995636343955994,1.0
13,1,0.9999922457630338,0.98,0.9996509552001953,1.0
13,1,0.9999914947890416,0.98,0.9996509552001953,1.0
13,1,0.9999906380939285,0.98,0.9996509552001953,1.0
13,1,0.9999898081204514,0.98,0.9995346069335938,1.0
13,1,0.999989261778014,0.98,0.9995346069335938,1.0
13,1,0.9999889543679519,0.98,0.9994751811027527,1.0
13,1,0.9999878491580605,0.98,0.9996473789215088,1.0
13,1,0.9999868892404824,0.98,0.9996473789215088,1.0
13,1,0.9999861201896049,0.98,0.9996473789215088,1.0
13,1,0.9999851824439014,0.98,0.9996473789215088,1.0
13,1,0.9999834164581618,0.98,0.9996473789215088,1.0
13,1,0.999982469441521,0.98,0.9996473789215088,1.0
13,1,0.9999814908309357,0.98,0.9996473789215088,1.0
13,1,0.9999805121188456,0.98,0.9996473789215088,1.0
13,1,0.9999796322857203,0.96,0.9997716546058655,1.0
13,1,0.9999792954860869,0.96,0.9997716546058655,1.0
13,1,0.999979692081493,0.96,0.9997424483299255,1.0
13,1,0.9999820518266567,0.96,0.9996199607849121,1.0
13,1,0.9999849080190111,0.96,0.9996199607849121,1.0
13,1,0.9999854657956675,0.96,0.999583899974823,1.0
13,1,0.9999862487465978,0.98,0.999583899974823,1.0
13,1,0.999988415429028,0.98,0.999583899974823,1.0
13,1,0.9999895697391925,0.98,0.999583899974823,1.0
13,1,0.9999888159825222,0.98,0.999583899974823,1.0
13,1,0.9999879150587858,0.98,0.9996199607849121,1.0
13,1,0.9999868709311844,0.98,0.9996199607849121,1.0
13,1,0.9999875345234187,0.98,0.9996199607849121,1.0
13,1,0.9999887445025794,0.98,0.9996199607849121,1.0
13,1,0.9999902189531428,0.98,0.9996200799942017,1.0
13,1,0.9999916065377923,0.96,0.9996709823608398,1.0
13,1,0.9999928509736005,0.96,0.9994134902954102,1.0
13,1,0.9999938047463041,0.96,0.9994134902954102,1.0
13,1,0.999994965063978,0.96,0.9994134902954102,1.0
13,1,0.9999955272475309,0.96,0.9993988275527954,1.0
13,1,0.9999950495987389,0.96,0.9992504715919495,1.0
13,1,0.9999950416744475,0.96,0.9994378685951233,1.0
13,1,0.9999951714071579,0.96,0.9994693398475647,1.0
13,1,0.9999953695754443,0.96,0.9994693398475647,1.0
13,1,0.9999952408308136,0.96,0.9995385408401489,1.0
13,1,0.9999953117013121,0.96,0.9995385408401489,1.0
13,1,0.9999954076200595,0.96,0.9995424747467041,1.0
13,1,0.9999955500853145,0.98,0.999546229839325,1.0
13,1,0.999995692650286,0.98,0.999546229839325,1.0
13,1,0.9999957805380275,0.98,0.999546229839325,1.0
13,1,0.9999955495502986,0.98,0.999478280544281,1.0
13,1,0.9999953059773199,0.98,0.999478280544281,1.0
13,1,0.9999952836221017,0.98,0.999478280544281,1.0
13,1,0.9999946532545279,0.96,0.999478280544281,1.0
13,1,0.9999942477649184,0.94,0.999478280544281,1.0
13,1,0.9999938477668429,0.94,0.999478280544281,1.0
13,1,0.9999935635146004,0.94,0.999478280544281,1.0
13,1,0.9999935231027397,0.94,0.999478280544281,1.0
13,1,0.9999935867611148,0.94,0.9994266033172607,1.0
13,1,0.9999929656224362,0.94,0.9994266033172607,1.0
13,1,0.9999928793789931,0.94,0.9994266033172607,1.0
13,1,0.9999926231987768,0.94,0.999478280544281,1.0
13,1,0.9999928908303262,0.94,0.999478280544281,1.0
13,1,0.9999930524489261,0.94,0.999478280544281,1.0
13,1,0.9999929103110092,0.94,0.999478280544281,1.0
13,1,0.9999927523130197,0.94,0.999478280544281,1.0
13,1,0.9999924330872172,0.94,0.999478280544281,1.0
13,1,0.9999921592753864,0.94,0.999478280544281,1.0
13,1,0.999992400826441,0.96,0.999478280544281,1.0
13,1,0.9999926492197149,0.96,0.999478280544281,1.0
13,1,0.9999924670902939,0.96,0.999478280544281,1.0
13,1,0.9999924381035352,0.96,0.999478280544281,1.0
13,1,0.9999924420746807,0.96,0.999478280544281,1.0
13,1,0.9999925048249657,0.96,0.9995144605636597,1.0
13,1,0.9999924975884357,0.96,0.9995144605636597,1.0
13,1,0.9999925868852146,0.96,0.9995144605636597,1.0
13,1,0.9999929611792867,0.96,0.9995144605636597,1.0
13,1,0.9999935341659819,0.96,0.9995144605636597,1.0
13,1,0.9999940335451222,0.96,0.9995144605636597,1.0
13,1,0.9999942629476092,0.96,0.9995144605636597,1.0
13,1,0.9999943865905756,0.96,0.999478280544281,1.0
13,1,0.9999946968809997,0.96,0.999478280544281,1.0
13,1,0.9999952680556423,0.96,0.999478280544281,1.0
13,1,0.999995678406589,0.96,0.9995235204696655,1.0
13,1,0.9999960461039331,0.96,0.9995235204696655,1.0
13,1,0.9999960521468637,0.96,0.9995235204696655,1.0
13,1,0.9999963282985458,0.96,0.9995235204696655,1.0
13,1,0.999996483115055,0.96,0.9995235204696655,1.0
13,1,0.9999966900561347,0.96,0.9995235204696655,1.0
13,1,0.9999968432970213,0.96,0.9995855689048767,1.0
13,1,0.9999971040201089,0.96,0.9996135830879211,1.0
13,1,0.9999974193811079,0.96,0.9996135830879211,1.0
13,1,0.999997564312521,0.94,0.9996135830879211,1.0
13,1,0.9999976678512057,0.94,0.9996135830879211,1.0
13,1,0.9999977639004881,0.94,0.9997163414955139,1.0
13,1,0.9999978418416497,0.94,0.9997163414955139,1.0
13,1,0.9999979211465972,0.94,0.9997163414955139,1.0
13,1,0.9999979673094395,0.92,0.9997462630271912,1.0
13,1,0.9999979932041718,0.92,0.9997462630271912,1.0
13,1,0.9999979828737483,0.92,0.9997462630271912,1.0
13,1,0.9999979519442083,0.92,0.9997462630271912,1.0
13,1,0.9999979963401823,0.92,0.9997231364250183,1.0
13,1,0.9999980284913279,0.92,0.9997231364250183,1.0
13,1,0.9999980901092264,0.92,0.9997231364250183,1.0
13,1,0.9999980837791018,0.9,0.9997231364250183,1.0
13,1,0.9999980532461972,0.9,0.9997231364250183,1.0
13,1,0.9999979462051479,0.9,0.9997231364250183,1.0
13,1,0.9999978362210878,0.9,0.9997462630271912,1.0
13,1,0.9999978669128359,0.88,0.9997462630271912,1.0
13,1,0.9999977417711524,0.9,0.9997462630271912,1.0
13,1,0.9999977039094889,0.9,0.9997462630271912,1.0
13,1,0.9999976392979957,0.9,0.9997462630271912,1.0
13,1,0.9999975458710757,0.9,0.9997462630271912,1.0
13,1,0.9999974312472264,0.9,0.9997462630271912,1.0
13,1,0.9999974402221942,0.92,0.9997462630271912,1.0
13,1,0.9999974890835475,0.92,0.9997462630271912,1.0
13,1,0.9999973859245137,0.92,0.9997462630271912,1.0
13,1,0.9999972968515405,0.92,0.9997462630271912,1.0
13,1,0.9999972284120634,0.92,0.9997462630271912,1.0
13,1,0.9999971804598271,0.92,0.9997462630271912,1.0
13,1,0.9999971557338393,0.92,0.9997462630271912,1.0
13,1,0.9999971521881618,0.92,0.9997381567955017,1.0
13,1,0.9999971499406322,0.92,0.9997381567955017,1.0
13,1,0.9999971760203946,0.9,0.9997381567955017,1.0
13,1,0.9999970497319406,0.9,0.9997381567955017,1.0
13,1,0.999996988952243,0.88,0.9997381567955017,1.0
13,1,0.9999969674226609,0.9,0.9996989965438843,1.0
13,1,0.999996879672393,0.9,0.9996989965438843,1.0
13,1,0.99999686813665,0.9,0.9996989965438843,1.0
13,1,0.9999968772065423,0.88,0.9996153116226196,1.0
13,1,0.9999968065669014,0.88,0.9996153116226196,1.0
13,1,0.9999966877035057,0.88,0.9996153116226196,1.0
13,1,0.9999965843031368,0.88,0.9995631575584412,1.0
13,1,0.999996534564231,0.88,0.9996153116226196,1.0
13,1,0.9999965581458808,0.88,0.9995874762535095,1.0
13,1,0.9999965555998779,0.88,0.9995874762535095,1.0
13,1,0.9999967443967809,0.86,0.9995874762535095,1.0
13,1,0.9999969839596456,0.88,0.9995874762535095,1.0
13,1,0.9999972044759468,0.88,0.9995874762535095,1.0
13,1,0.999997401251264,0.84,0.9995874762535095,1.0
13,1,0.9999975023237554,0.88,0.9996411800384521,1.0
13,1,0.9999973545628353,0.88,0.9996411800384521,1.0
13,1,0.9999969220059753,0.88,0.9996380805969238,1.0
13,1,0.999996560679786,0.88,0.9996380805969238,1.0
13,1,0.9999967157172235,0.88,0.9996380805969238,1.0
13,1,0.9999965480935501,0.88,0.9996380805969238,1.0
13,1,0.9999961016504051,0.88,0.9996380805969238,1.0
13,1,0.9999955765503825,0.88,0.9996380805969238,1.0
13,1,0.9999949199912154,0.88,0.9996078610420227,1.0
13,1,0.9999945377821932,0.88,0.9995546936988831,1.0
13,1,0.9999941657144437,0.88,0.9995160102844238,1.0
13,1,0.9999939802535579,0.88,0.9995160102844238,1.0
13,1,0.9999935361807704,0.88,0.9995160102844238,1.0
13,1,0.9999929504135595,0.88,0.9995521903038025,1.0
13,1,0.9999926820665357,0.88,0.9995037317276001,1.0
13,1,0.9999923286987262,0.88,0.9995599389076233,1.0
13,1,0.9999908289293266,0.88,0.9994409680366516,1.0
13,1,0.9999897793717204,0.9,0.9996083378791809,1.0
13,1,0.9999892239847405,0.9,0.9996083378791809,1.0
13,1,0.9999889255074875,0.9,0.9996083378791809,1.0
13,1,0.999989564099989,0.9,0.9993442893028259,1.0
13,1,0.9999892229330467,0.9,0.9993442893028259,1.0
13,1,0.9999903674782488,0.9,0.9993442893028259,1.0
13,1,0.9999908448821884,0.9,0.9993442893028259,1.0
13,1,0.9999913518587794,0.9,0.9993442893028259,1.0
13,1,0.999991678966623,0.9,0.9993442893028259,1.0
13,1,0.999991887046254,0.9,0.9994032382965088,1.0
13,1,0.9999922659994225,0.9,0.9994744658470154,1.0
13,1,0.999992262727081,0.9,0.9994744658470154,1.0
13,1,0.99999188837245,0.9,0.9994744658470154,1.0
13,1,0.99999175926549,0.9,0.9995519518852234,1.0
13,1,0.9999916180830501,0.9,0.9995519518852234,1.0
13,1,0.9999912661781394,0.88,0.9996442794799805,1.0
13,1,0.9999910887323058,0.88,0.9996442794799805,1.0
13,1,0.999991147180783,0.88,0.9995796084403992,1.0
13,1,0.9999912487001293,0.88,0.9995796084403992,1.0
13,1,0.9999911450744163,0.88,0.9995796084403992,1.0
13,1,0.999991308674246,0.88,0.9994764924049377,1.0
13,1,0.9999907574164895,0.88,0.9995182752609253,1.0
13,1,0.9999897878150744,0.88,0.9995182752609253,1.0
13,1,0.9999890373413192,0.88,0.9995182752609253,1.0
13,1,0.9999885628973949,0.88,0.9995182752609253,1.0
13,1,0.9999876607798504,0.88,0.9994706511497498,1.0
13,1,0.9999868075571529,0.88,0.9993913173675537,1.0
13,1,0.9999866756714867,0.88,0.9993913173675537,1.0
13,1,0.9999871707111552,0.86,0.9993913173675537,1.0
13,1,0.9999880166835102,0.86,0.9993913173675537,1.0
13,1,0.9999889277946574,0.86,0.9994508624076843,1.0
13,1,0.9999899698319696,0.86,0.9994508624076843,1.0
13,1,0.9999907353429811,0.86,0.9994508624076843,1.0
13,1,0.9999910219811825,0.86,0.9995591044425964,1.0
13,1,0.9999908229571148,0.86,0.9995934367179871,1.0
13,1,0.9999905635668392,0.86,0.9995934367179871,1.0
13,1,0.9999903152489565,0.84,0.9995934367179871,1.0
13,1,0.9999901696216559,0.84,0.9995934367179871,1.0
13,1,0.999990363876849,0.84,0.9996247291564941,1.0
13,1,0.9999906473411008,0.84,0.9996247291564941,1.0
13,1,0.99999091305409,0.82,0.9996247291564941,1.0
13,1,0.9999911043348217,0.84,0.9996247291564941,1.0
13,1,0.999991357352358,0.84,0.9996247291564941,1.0
13,1,0.9999914019099196,0.84,0.9996247291564941,1.0
13,1,0.9999911852572133,0.84,0.9996024966239929,1.0
13,1,0.9999910674743445,0.84,0.9994578957557678,1.0
13,1,0.9999910354972696,0.84,0.999405026435852,1.0
13,1,0.9999908620636652,0.84,0.9994532465934753,1.0
13,1,0.9999907046215855,0.84,0.9994040727615356,1.0
13,1,0.999990636804181,0.84,0.9992638230323792,1.0
13,1,0.9999904861673616,0.84,0.9992638230323792,1.0
13,1,0.9999899060662745,0.84,0.9992638230323792,1.0
13,1,0.9999893404727679,0.84,0.9992638230323792,1.0
13,1,0.9999889531441479,0.84,0.9995231628417969,1.0
13,1,0.9999881552309857,0.84,0.9996551275253296,1.0
13,1,0.9999882706310512,0.86,0.9996551275253296,1.0
13,1,0.9999871490719753,0.86,0.9992270469665527,1.0
13,1,0.9999853974182016,0.86,0.9992268085479736,1.0
13,1,0.9999834499866332,0.86,0.9990991353988647,1.0
13,1,0.9999807628335469,0.86,0.9990991353988647,1.0
13,1,0.9999787782732694,0.86,0.9990991353988647,1.0
13,1,0.9999781068454886,0.86,0.9988760352134705,1.0
13,1,0.999977343008962,0.86,0.9988760352134705,1.0
13,1,0.9999749494630683,0.86,0.9990149736404419,1.0
13,1,0.9999747383173906,0.86,0.9990037083625793,1.0
13,1,0.999974657679822,0.84,0.9990037083625793,1.0
13,1,0.9999748087994667,0.84,0.9991449117660522,1.0
13,1,0.9999755010673367,0.84,0.9993687272071838,1.0
13,1,0.999976863135356,0.84,0.9993687272071838,1.0
13,1,0.9999778079760518,0.84,0.9993687272071838,1.0
13,1,0.999980624396611,0.84,0.9993687272071838,1.0
13,1,0.9999802772473734,0.84,0.9992307424545288,1.0
13,1,0.9999782502091284,0.84,0.9993000030517578,1.0
13,1,0.9999811601022016,0.84,0.9995261430740356,1.0
13,1,0.9999837924662623,0.84,0.9995261430740356,1.0
13,1,0.9999857594593137,0.84,0.9987366795539856,1.0
13,1,0.9999848037597758,0.84,0.998807430267334,1.0
13,1,0.9999864769470127,0.82,0.998807430267334,1.0
13,1,0.9999882463485865,0.86,0.998711347579956,1.0
13,1,0.9999891181037243,0.86,0.998711347579956,1.0
13,1,0.9999874880723041,0.88,0.998325526714325,1.0
13,1,0.9999879333844569,0.88,0.998325526714325,1.0
13,1,0.9999879858609105,0.88,0.9981803894042969,1.0
13,1,0.9999875128087408,0.88,0.9986549615859985,1.0
13,1,0.9999874347005088,0.86,0.9986549615859985,1.0
13,1,0.999987469245369,0.86,0.9986549615859985,1.0
13,1,0.9999874029670974,0.86,0.9986549615859985,1.0
13,1,0.9999866411145856,0.84,0.9986549615859985,1.0
13,1,0.9999857337132034,0.86,0.9987366795539856,1.0
13,1,0.9999853610638371,0.84,0.9987366795539856,1.0
13,1,0.9999859640179392,0.84,0.9987366795539856,1.0
13,1,0.9999856371003484,0.84,0.9987366795539856,1.0
13,1,0.9999849483513127,0.84,0.9987366795539856,1.0
13,1,0.9999850641056889,0.84,0.9987366795539856,1.0
13,1,0.9999842727123531,0.84,0.9987366795539856,1.0
13,1,0.999985046076409,0.84,0.9984785914421082,1.0
13,1,0.9999850012640475,0.84,0.9988381266593933,1.0
13,1,0.9999838826663463,0.84,0.9988381266593933,1.0
13,1,0.9999835490472962,0.84,0.9988381266593933,1.0
13,1,0.9999838786681464,0.82,0.9988381266593933,1.0
13,1,0.9999822310335894,0.84,0.9987372756004333,1.0
13,1,0.9999818047716805,0.84,0.9982901215553284,1.0
13,1,0.9999811483555353,0.84,0.9982901215553284,1.0
13,1,0.999979661525283,0.84,0.9984176158905029,1.0
13,1,0.9999784250148905,0.84,0.9980073571205139,1.0
13,1,0.999977851463231,0.84,0.9980069994926453,1.0
13,1,0.9999764183184442,0.84,0.9976627826690674,1.0
13,1,0.9999736385785235,0.84,0.9970851540565491,1.0
13,1,0.9999674877959679,0.84,0.9983435869216919,1.0
13,1,0.9999589265786201,0.84,0.9985309839248657,1.0
13,1,0.9999503185370928,0.84,0.9985309839248657,1.0
13,1,0.9999479762473815,0.86,0.9985309839248657,1.0
13,1,0.9999515110459065,0.86,0.9985309839248657,1.0
13,1,0.9999580540389543,0.86,0.9985309839248657,1.0
13,1,0.9999705911536374,0.88,0.9983435869216919,1.0
13,1,0.9999740491191977,0.88,0.9981106519699097,1.0
13,1,0.9999674884251128,0.88,0.9984853863716125,1.0
13,1,0.9999775178890312,0.84,0.9987086057662964,1.0
13,1,0.9999805652341309,0.84,0.9987086057662964,1.0
13,1,0.9999829486731966,0.8,0.9987086057662964,1.0
13,1,0.9999852836212499,0.78,0.9988747239112854,1.0
13,1,0.9999873847064028,0.76,0.9988747239112854,1.0
13,1,0.9999872597623143,0.76,0.9987843632698059,1.0
13,1,0.9999860934585714,0.76,0.9972401857376099,1.0
13,1,0.9999868475848233,0.76,0.9972745776176453,1.0
13,1,0.9999880318249115,0.76,0.9974918365478516,1.0
13,1,0.9999893493005285,0.78,0.9974918365478516,1.0
13,1,0.9999897923426071,0.78,0.9974918365478516,1.0
13,1,0.9999906453785692,0.78,0.9974918365478516,1.0
13,1,0.9999912846626592,0.78,0.9980904459953308,1.0
13,1,0.9999915952701609,0.78,0.9980904459953308,1.0
13,1,0.999992033946664,0.76,0.9986028075218201,1.0
13,1,0.9999924404965401,0.8,0.9986028075218201,1.0
13,1,0.9999927845778463,0.76,0.9986028075218201,1.0
13,1,0.9999929989158701,0.76,0.9986028075218201,1.0
13,1,0.9999932957930382,0.76,0.9984720349311829,1.0
13,1,0.9999932960174386,0.74,0.9985170960426331,1.0
13,1,0.9999933735665884,0.74,0.9984855055809021,1.0
13,1,0.999993299651269,0.74,0.998251736164093,1.0
13,1,0.9999926254551872,0.74,0.998251736164093,1.0
13,1,0.9999921722162842,0.74,0.998251736164093,1.0
13,1,0.9999920930731334,0.72,0.998251736164093,1.0
13,1,0.9999919134827221,0.72,0.998251736164093,1.0
13,1,0.9999916177249324,0.72,0.998251736164093,1.0
13,1,0.9999918939987859,0.72,0.998251736164093,1.0
13,1,0.9999918062968419,0.72,0.998251736164093,1.0
13,1,0.9999912943574761,0.72,0.9983357787132263,1.0
13,1,0.9999910812195468,0.7,0.9983357787132263,1.0
13,1,0.9999905727593029,0.7,0.9983357787132263,1.0
13,1,0.9999900037228602,0.7,0.9983357787132263,1.0
13,1,0.9999896552805584,0.7,0.998245120048523,1.0
13,1,0.9999894148656422,0.7,0.998191773891449,1.0
13,1,0.9999882784873879,0.7,0.998191773891449,1.0
13,1,0.9999877857907672,0.7,0.9981004595756531,1.0
13,1,0.9999872907520382,0.7,0.9981004595756531,1.0
13,1,0.9999875073452981,0.72,0.997721254825592,1.0
13,1,0.9999888269596503,0.7,0.9975862503051758,1.0
13,1,0.9999881845565388,0.68,0.9968302845954895,1.0
13,1,0.9999879048626186,0.68,0.9966674447059631,1.0
13,1,0.9999883538130971,0.66,0.9968008995056152,1.0
13,1,0.9999877838463387,0.66,0.9979261159896851,1.0
13,1,0.9999870635689567,0.6,0.9766653776168823,1.0
13,1,0.9999865513273579,0.64,0.9660183787345886,1.0
13,1,0.9999856447072446,0.64,0.9631741046905518,1.0
13,1,0.999984236939104,0.62,0.9631741046905518,1.0
13,1,0.999983288344818,0.62,0.9670091271400452,1.0
13,1,0.99998177642901,0.6,0.9670091271400452,1.0
13,1,0.9999786717409569,0.6,0.9593257308006287,1.0
13,1,0.9999749968007944,0.58,0.9618775248527527,1.0
13,1,0.9999728119552626,0.58,0.9530626535415649,1.0
13,1,0.9999712616714028,0.58,0.944378137588501,1.0
13,1,0.9999694282987024,0.56,0.9161094427108765,1.0
13,1,0.9999689850759275,0.56,0.9099515080451965,1.0
13,1,0.9999651154613548,0.56,0.9099515080451965,1.0
13,1,0.9999604846465509,0.54,0.9099515080451965,1.0
13,1,0.9999596274924335,0.48,0.006080204620957375,1.0
13,1,0.9999590377770098,0.46,0.006605022121220827,1.0
13,1,0.999958112200885,0.48,0.006605022121220827,1.0
13,1,0.9999603856656737,0.48,0.006605022121220827,1.0
13,1,0.999960108128649,0.48,0.007888867519795895,1.0
13,1,0.9999586191074882,0.48,0.007888867519795895,1.0
13,1,0.9999460140333541,0.48,0.007888867519795895,1.0
13,1,0.9999165404747865,0.48,0.007183619309216738,1.0
13,1,0.9998957387179143,0.5,0.009459048509597778,1.0
13,1,0.9999051253490482,0.5,0.009459048509597778,1.0
13,1,0.999903222981317,0.48,0.008448990061879158,1.0
13,1,0.9999077424847527,0.46,0.008448990061879158,1.0
13,1,0.9999140426695483,0.48,0.009174592792987823,1.0
13,1,0.9999184813873357,0.48,0.009174592792987823,1.0
13,1,0.9999187920097872,0.48,0.009174592792987823,1.0
13,1,0.9999225000993194,0.5,0.00917645264416933,1.0
13,1,0.9999250239678749,0.52,0.012396684847772121,1.0
13,1,0.999927989406521,0.52,0.0072729443199932575,1.0
13,1,0.9999280059176331,0.54,0.0072729443199932575,1.0
13,1,0.999922140181427,0.54,0.008695549331605434,1.0
13,1,0.9999156289935247,0.54,0.008695549331605434,1.0
13,1,0.999906667224714,0.56,0.011732668615877628,1.0
13,1,0.999907267580604,0.56,0.012357586063444614,1.0
13,1,0.999911139949442,0.58,0.012357586063444614,1.0
13,1,0.9999110103054341,0.6,0.013521930202841759,1.0
13,1,0.9999153930698785,0.6,0.010233280248939991,1.0
13,1,0.9999182005878482,0.6,0.013041217811405659,1.0
13,1,0.9999159833239969,0.6,0.00951728317886591,1.0
13,1,0.9999112615993259,0.58,0.00951728317886591,1.0
13,1,0.9999071740568486,0.58,0.007462356239557266,1.0
13,1,0.9999023696311047,0.58,0.006436178460717201,1.0
13,1,0.9998959018250921,0.52,0.006436178460717201,1.0
13,1,0.9998901785662424,0.5,0.006436178460717201,1.0
13,1,0.9998844995446478,0.5,0.006175839342176914,1.0
13,1,0.9998766871495655,0.48,0.004298489540815353,1.0
13,1,0.9998667289860891,0.48,0.003024842357262969,1.0
13,1,0.9998615412429821,0.48,0.003024842357262969,1.0
13,1,0.9998545736766176,0.46,0.0030242258217185736,1.0
13,1,0.9998406446754283,0.46,0.0028015782590955496,1.0
13,1,0.9998194449127378,0.46,0.0028015782590955496,1.0
13,1,0.999773455856769,0.48,0.002124208025634289,1.0
13,1,0.9997419556793077,0.48,0.002124208025634289,1.0
13,1,0.99971067100099,0.44,0.0019551077857613564,1.0
13,1,0.9996397503170776,0.44,0.002436604117974639,1.0
13,1,0.9995796792879548,0.44,0.0028070160187780857,1.0
13,1,0.9995316630213296,0.42,0.0028070160187780857,1.0
13,1,0.9995131790161875,0.4,0.002429529093205929,1.0
13,1,0.9995036427829972,0.38,0.0020402215886861086,1.0
13,1,0.9994508005605017,0.34,0.0020402215886861086,1.0
13,1,0.9993767338052997,0.34,0.0020123436115682125,1.0
13,1,0.9993221692564432,0.34,0.001598177244886756,1.0
13,1,0.9993086156357276,0.32,0.0011442035902291536,1.0
13,1,0.9993064870464773,0.28,0.0011442035902291536,1.0
13,1,0.9992499803004065,0.28,0.0010940675856545568,1.0
13,1,0.9991931111789568,0.28,0.0010940675856545568,1.0
13,1,0.9991770539081583,0.28,0.0010940675856545568,1.0
13,1,0.9990935822143994,0.26,0.0010940675856545568,0.9999999403953552
13,1,0.9990527571324679,0.26,0.0010940675856545568,0.9999999403953552
13,1,0.9990496231755666,0.26,0.0008806440164335072,0.9999999403953552
13,1,0.9989993462103485,0.26,0.0008806440164335072,0.9999999403953552
13,1,0.9989256944010795,0.26,0.0010940675856545568,0.9999998807907104
13,1,0.9988587235996047,0.26,0.0010940675856545568,0.9999998807907104
13,1,0.9987687390054534,0.26,0.0010940675856545568,0.9999998211860657
13,1,0.9987420228382491,0.24,0.0010940675856545568,0.9999998211860657
13,1,0.9987444913678534,0.24,0.0010940675856545568,0.9999998211860657
13,1,0.998687455175448,0.24,0.0010940675856545568,0.9999997615814209
13,1,0.998640069289349,0.24,0.0010940675856545568,0.9999997615814209
13,1,0.9986367809666429,0.24,0.0009177828906103969,0.9999997615814209
13,1,0.9986758690334618,0.26,0.0009177828906103969,0.9999997615814209
13,1,0.9987593654892781,0.26,0.0009177828906103969,0.9999998211860657
13,1,0.9988988505793774,0.26,0.0009177828906103969,0.9999998807907104
13,1,0.9990552209180008,0.26,0.0009177828906103969,0.9999998807907104
13,1,0.9990512510822911,0.26,0.0009177828906103969,0.9999999403953552
13,1,0.9988972725700914,0.26,0.0008556327666155994,0.9999999403953552
13,1,0.9988995428949476,0.26,0.0008556327666155994,0.9999999403953552
13,1,0.998931143282367,0.26,0.0009051666711457074,0.9999999403953552
13,1,0.9988470865960736,0.26,0.0009051666711457074,0.9999999403953552
13,1,0.9987968993599857,0.26,0.0010987813584506512,0.9999999403953552
13,1,0.9987855774089514,0.26,0.0010987813584506512,1.0
13,1,0.9987538683860079,0.26,0.0010987813584506512,1.0
13,1,0.9986445955328804,0.26,0.0010987813584506512,1.0
13,1,0.998602105236892,0.26,0.0010987813584506512,1.0
13,1,0.9984973178507849,0.28,0.0010987813584506512,1.0
13,1,0.9985720135765607,0.28,0.000784201780334115,1.0
13,1,0.9987096919616261,0.28,0.0010138365905731916,1.0
13,1,0.9986193508760811,0.28,0.0010138365905731916,1.0
13,1,0.998434334181693,0.28,0.0010138365905731916,1.0
13,1,0.9982926131672819,0.28,0.0008783298544585705,1.0
13,1,0.9982109594077057,0.28,0.0007787844515405595,1.0
13,1,0.9979366110711062,0.28,0.0007787844515405595,0.9999999403953552
13,1,0.996970913322807,0.28,0.0004867945099249482,0.9999999403953552
13,1,0.995756451163511,0.28,0.0005619300645776093,0.9999998807907104
13,1,0.9956015835850823,0.28,0.000511357095092535,0.9999999403953552
13,1,0.9956881910118969,0.3,0.0006005641189403832,1.0
13,1,0.9954043115425574,0.32,0.0006005641189403832,0.9999999403953552
13,1,0.9953320120355115,0.3,0.0006005641189403832,0.9999999403953552
13,1,0.9954027061310118,0.3,0.0006005641189403832,0.9999999403953552
13,1,0.9951128455657137,0.3,0.0006280994275584817,0.9999999403953552
13,1,0.9950918020968411,0.3,0.000636497454252094,0.9999999403953552
13,1,0.9949021759653836,0.28,0.00029228153289295733,0.9999999403953552
13,1,0.9942415675225686,0.28,0.00029228153289295733,0.9999999403953552
13,1,0.9944218895601941,0.28,0.000309211784042418,1.0
13,1,0.9932447074795244,0.26,0.0003513098054099828,0.9999999403953552
13,1,0.9919539547506807,0.26,0.00033895214437507093,0.9999999403953552
13,1,0.9895142987417355,0.28,0.00041192839853465557,0.9999999403953552
13,1,0.9888664983808096,0.28,0.0006258821813389659,0.9999999403953552
13,1,0.9894290716998684,0.28,0.0006258821813389659,0.9999999403953552
13,1,0.9885255248228545,0.28,0.0010764976032078266,0.9999999403953552
13,1,0.9884574690221951,0.28,0.0010982062667608261,0.9999999403953552
13,1,0.9870975685203669,0.28,0.0010982062667608261,0.9999999403953552
13,1,0.9868792980288555,0.28,0.001054150052368641,0.9999998807907104
13,1,0.9865467614444168,0.28,0.001054150052368641,0.9999998807907104
13,1,0.985845348775616,0.28,0.0007566369022242725,0.9999998807907104
13,1,0.9854934031420012,0.28,0.0006061941385269165,0.9999998807907104
13,1,0.9845993127793015,0.28,0.0006061941385269165,0.9999998211860657
13,1,0.9844088327572662,0.28,0.0006061941385269165,0.9999998211860657
13,1,0.9844477556234317,0.28,0.0005200332379899919,0.9999998211860657
13,1,0.9830572517093187,0.26,0.0005200332379899919,0.9999997615814209
13,1,0.9823486866539752,0.26,0.0005200332379899919,0.9999997615814209
13,1,0.9823821729269984,0.26,0.0007347111823037267,0.9999997615814209
13,1,0.9815404232019864,0.26,0.0007347111823037267,0.9999997019767761
13,1,0.9805740093181549,0.26,0.0005538386758416891,0.9999996423721313
13,1,0.979464914518283,0.26,0.00021927535999566317,0.9999995827674866
13,1,0.9775682082374574,0.26,0.0001453157456126064,0.999999463558197
13,1,0.9766156101739275,0.26,0.00017632095841690898,0.9999994039535522
13,1,0.9756358716156256,0.26,0.00018524605548009276,0.9999994039535522
13,1,0.9739800980520594,0.26,0.00023673522809986025,0.9999993443489075
13,1,0.9725384309922052,0.28,0.00023673522809986025,0.9999993443489075
13,1,0.9706416798304672,0.28,0.00023673522809986025,0.9999992847442627
13,1,0.9684727477446944,0.28,0.00023673522809986025,0.9999992251396179
13,1,0.9665209679359639,0.22,0.00023673522809986025,0.9999991059303284
13,1,0.9638451531300848,0.2,0.00023673522809986025,0.999998927116394
13,1,0.9599654117480286,0.18,0.00023673522809986025,0.9999986290931702
13,1,0.9576280507266297,0.18,0.00020848792337346822,0.9999985098838806
13,1,0.955699825490306,0.18,0.00018971815006807446,0.9999983906745911
13,1,0.955216494141358,0.16,0.00018971815006807446,0.9999982118606567
13,1,0.9540787564375065,0.16,0.00018971815006807446,0.9999979734420776
13,1,0.9534670649013587,0.16,0.00018971815006807446,0.9999980926513672
13,1,0.954197934419242,0.16,0.00018971815006807446,0.9999982714653015
13,1,0.9529822776676942,0.16,0.00018971815006807446,0.999998152256012
13,1,0.945696010156945,0.16,0.00018971815006807446,0.9999967217445374
13,1,0.9378830132779885,0.16,0.00018971815006807446,0.9999950528144836
13,1,0.9331472986073339,0.18,0.00024324536207132041,0.9999931454658508
13,1,0.9260059089894965,0.26,0.0003281144017819315,0.9999905228614807
13,1,0.9204465480458042,0.26,0.00027299480279907584,0.9999880790710449
13,1,0.9189770773703752,0.24,0.00027299480279907584,0.9999867677688599
13,1,0.9222760743492001,0.24,0.0003837506228592247,0.9999864101409912
13,1,0.9278006922819798,0.24,0.0004989530425518751,0.9999859929084778
13,1,0.9308413776030703,0.24,0.0004989530425518751,0.9999851584434509
13,1,0.9285603952223422,0.24,0.0004989530425518751,0.9999852180480957
13,1,0.9322066647645576,0.24,0.0004989530425518751,0.9999849796295166
13,1,0.9334412426540336,0.24,0.0003541469050105661,0.9999855160713196
13,1,0.9335789125468752,0.24,0.0003541469050105661,0.9999865293502808
13,1,0.9353084891024239,0.24,0.0005743852816522121,0.9999872446060181
13,1,0.9381585161056079,0.24,0.0005743852816522121,0.9999886751174927
13,1,0.9383134827982773,0.24,0.0005743852816522121,0.9999894499778748
13,1,0.9351269329895576,0.24,0.0005743852816522121,0.9999893307685852
13,1,0.9340764087453227,0.26,0.0005743852816522121,0.9999901056289673
13,1,0.9345723497177554,0.26,0.0007793062832206488,0.999990701675415
13,1,0.9319615103895063,0.26,0.0012467638589441776,0.9999916553497314
13,1,0.9330487985076628,0.26,0.0012467638589441776,0.9999920725822449
13,1,0.9297147064865545,0.26,0.0013699685223400593,0.999992847442627
13,1,0.9284915448197312,0.26,0.0013699685223400593,0.9999934434890747
13,1,0.9301503050846346,0.26,0.001945192925632,0.9999938011169434
13,1,0.9337305771287432,0.26,0.001340824062936008,0.9999938607215881
13,1,0.9383762193988886,0.26,0.001340824062936008,0.9999937415122986
13,1,0.9421580814335788,0.26,0.001894144108518958,0.9999937415122986
13,1,0.9440692400442969,0.26,0.0014778648037463427,0.9999939203262329
13,1,0.9462130572424656,0.3,0.0014778648037463427,0.9999942183494568
13,1,0.9484822552540759,0.3,0.0014778648037463427,0.9999945163726807
13,1,0.94866476296473,0.3,0.0014778648037463427,0.999994695186615
13,1,0.9479523453496274,0.3,0.0015851401258260012,0.999994695186615
13,1,0.9513388343813738,0.3,0.0015851401258260012,0.9999950528144836
13,1,0.9533962683122713,0.28,0.002031574957072735,0.9999951124191284
13,1,0.9528378362118182,0.28,0.0024212743155658245,0.9999955296516418
13,1,0.9557892263153356,0.28,0.0024212743155658245,0.9999954700469971
13,1,0.9562298376571405,0.28,0.0018893659580498934,0.9999957084655762
13,1,0.9582665393890937,0.28,0.002494173590093851,0.9999961256980896
13,1,0.9589769828347735,0.28,0.002494173590093851,0.9999963045120239
13,1,0.9593475985317582,0.28,0.002494173590093851,0.9999963641166687
13,1,0.9598058774592328,0.28,0.0021037012338638306,0.9999964237213135
13,1,0.960226982220353,0.28,0.002213758183643222,0.9999966621398926
13,1,0.9613211419329637,0.28,0.002213758183643222,0.9999971985816956
13,1,0.9632612696211282,0.28,0.004032918252050877,0.9999976754188538
13,1,0.9625790825116081,0.28,0.004032918252050877,0.9999978542327881
13,1,0.9640092122527668,0.28,0.004032918252050877,0.999998152256012
13,1,0.9642125994569181,0.28,0.004032918252050877,0.9999983310699463
13,1,0.9627280921683171,0.28,0.004032918252050877,0.9999983906745911
13,1,0.961062126741195,0.28,0.0037507140077650547,0.9999985098838806
13,1,0.9609193395065441,0.28,0.0037507140077650547,0.9999987483024597
13,1,0.9591213667162293,0.28,0.0037507140077650547,0.9999988079071045
13,1,0.9583643621411,0.28,0.0037507140077650547,0.9999989867210388
13,1,0.9581497424572101,0.28,0.0037507140077650547,0.9999990463256836
13,1,0.9579081267471804,0.28,0.0018255215836688876,0.9999990463256836
13,1,0.9576030217205953,0.28,0.0018255215836688876,0.9999989867210388
13,1,0.9576939390656162,0.28,0.0018255215836688876,0.9999989867210388
13,1,0.9571613256953289,0.28,0.0020058040972799063,0.999998927116394
13,1,0.958725883589204,0.28,0.0020058040972799063,0.9999991059303284
13,1,0.9595174607040766,0.28,0.0020058040972799063,0.9999990463256836
13,1,0.9596119778964929,0.28,0.0020058040972799063,0.9999990463256836
13,1,0.9612121953889873,0.28,0.004120337311178446,0.9999991059303284
13,1,0.9649726773753345,0.28,0.004120337311178446,0.9999992847442627
13,1,0.9652030126624506,0.28,0.004120337311178446,0.9999992251396179
13,1,0.9606564517597979,0.28,0.0022618339862674475,0.9999988079071045
13,1,0.9559735219840654,0.28,0.0022618339862674475,0.9999977946281433
13,1,0.9541008816060488,0.28,0.0020585868041962385,0.9999969005584717
13,1,0.9532995381987012,0.28,0.0020585868041962385,0.9999951720237732
13,1,0.9581249765202644,0.28,0.0020585868041962385,0.9999951124191284
13,1,0.9629715268707764,0.28,0.0037507140077650547,0.9999958276748657
13,1,0.9604678282897386,0.28,0.0037507140077650547,0.9999954700469971
13,1,0.9560259788127095,0.28,0.0037507140077650547,0.9999945759773254
13,1,0.9562500602348305,0.28,0.0037507140077650547,0.9999946355819702
13,1,0.958209364300745,0.28,0.0037507140077650547,0.9999954700469971
13,1,0.9571634843567319,0.28,0.0037507140077650547,0.999995231628418
13,1,0.9566772414432771,0.28,0.0037507140077650547,0.9999951720237732
13,1,0.9566476326540628,0.3,0.0037507140077650547,0.9999950528144836
13,1,0.9554224569322259,0.28,0.0037507140077650547,0.9999945163726807
13,1,0.9502739408664488,0.28,0.0037507140077650547,0.9999917149543762
13,1,0.9460720470893604,0.3,0.0037507140077650547,0.9999884963035583
13,1,0.9424862727499368,0.3,0.0037507140077650547,0.9999839067459106
13,1,0.9411266934007819,0.3,0.003326711244881153,0.9999803900718689
13,1,0.9416087286395651,0.28,0.003326711244881153,0.9999803304672241
13,1,0.9407977713101712,0.3,0.003143838606774807,0.9999819993972778
13,1,0.9399358696940888,0.3,0.003143838606774807,0.9999842643737793
13,1,0.9396415434458173,0.3,0.003143838606774807,0.9999855160713196
13,1,0.9390580537637057,0.28,0.003143838606774807,0.9999857544898987
13,1,0.9376765461253361,0.28,0.0034538633190095425,0.999985933303833
13,1,0.9367010130506657,0.28,0.0021318914368748665,0.9999862909317017
13,1,0.9306180657129606,0.28,0.0021318914368748665,0.9999852776527405
13,1,0.9266230097506226,0.28,0.003950268961489201,0.9999856352806091
13,1,0.9240514555611102,0.3,0.0033904099836945534,0.999986469745636
13,1,0.9190383344519145,0.28,0.0033904099836945534,0.9999865889549255
13,1,0.916448260342332,0.28,0.0033904099836945534,0.9999879002571106
13,1,0.916004844827406,0.3,0.0033904099836945534,0.9999903440475464
13,1,0.9172732110179882,0.3,0.003086063312366605,0.9999923706054688
13,1,0.919422562096552,0.3,0.0036150445230305195,0.9999939799308777
13,1,0.9223101955401592,0.3,0.0036150445230305195,0.9999952912330627
13,1,0.9250687311701019,0.32,0.0036150445230305195,0.9999962449073792
13,1,0.925956645424575,0.32,0.0036150445230305195,0.9999968409538269
13,1,0.9270429810135337,0.32,0.00391100998967886,0.9999972581863403
13,1,0.9249046671918921,0.32,0.00391100998967886,0.9999974966049194
13,1,0.9237312845443881,0.32,0.3556745946407318,0.9999976754188538
13,1,0.923921773338068,0.32,0.3556745946407318,0.9999977946281433
13,1,0.9238577521381044,0.32,0.3556745946407318,0.9999979734420776
13,1,0.9225605928600616,0.32,0.3556745946407318,0.9999980926513672
13,1,0.9206741228625144,0.32,0.3556745946407318,0.9999982118606567
13,1,0.919142479192425,0.32,0.7964840531349182,0.9999983310699463
13,1,0.915797743333357,0.36,0.7964840531349182,0.9999983310699463
13,1,0.9133507310805382,0.36,0.7964840531349182,0.9999983310699463
13,1,0.9077108664895939,0.36,0.7897592782974243,0.999998152256012
13,1,0.8990100707835182,0.38,0.7897592782974243,0.9999977946281433
13,1,0.8881710418675651,0.38,0.8291611671447754,0.9999973773956299
13,1,0.8762990934643602,0.38,0.8176797032356262,0.9999970197677612
13,1,0.8623368345680416,0.38,0.8557360768318176,0.9999964237213135
13,1,0.8519650444934085,0.4,0.9247853755950928,0.9999958872795105
13,1,0.8490351865242557,0.4,0.9069945812225342,0.9999955296516418
13,1,0.8489735361967423,0.4,0.884913444519043,0.9999954700469971
13,1,0.8532959401907453,0.4,0.9390457272529602,0.9999958872795105
13,1,0.8607667811254455,0.4,0.941349983215332,0.9999964833259583
13,1,0.8626165866371783,0.4,0.9363531470298767,0.9999966621398926
13,1,0.8611101438004973,0.4,0.9363531470298767,0.9999964237213135
13,1,0.8606951475180534,0.4,0.9496563673019409,0.9999961256980896
13,1,0.8658986377420685,0.4,0.9496563673019409,0.9999961256980896
13,1,0.8698120411941961,0.42,0.9713719487190247,0.9999960660934448
13,1,0.8733226821906841,0.42,0.9665106534957886,0.9999959468841553
13,1,0.8744854020096402,0.44,0.9734066128730774,0.9999957084655762
13,1,0.879005584926512,0.46,0.9734066128730774,0.9999956488609314
13,1,0.8820868684617514,0.6,0.9665106534957886,0.9999956488609314
13,1,0.8864903617380171,0.58,0.9651583433151245,0.9999956488609314
13,1,0.8900527168378695,0.58,0.9651583433151245,0.9999956488609314
13,1,0.8935740647993834,0.6,0.9828301668167114,0.9999956488609314
13,1,0.8968169943954428,0.58,0.9828301668167114,0.9999957084655762
13,1,0.89748802271981,0.58,0.9814451336860657,0.9999956488609314
13,1,0.8973865464826492,0.56,0.9853126406669617,0.9999954104423523
13,1,0.9019375634519181,0.56,0.9853126406669617,0.9999951720237732
13,1,0.9072924671730852,0.58,0.9814451336860657,0.9999949336051941
13,1,0.9137054207597165,0.58,0.9512819647789001,0.9999951124191284
13,1,0.9090114398911412,0.68,0.9516394138336182,0.9999949336051941
13,1,0.9009557904838335,0.68,0.9300690293312073,0.9999942183494568
13,1,0.9048836943188758,0.7,0.9129403233528137,0.9999940395355225
13,1,0.9098176256676261,0.7,0.9161433577537537,0.9999943375587463
13,1,0.9156337141048289,0.7,0.9161433577537537,0.9999949932098389
13,1,0.9165115477166901,0.7,0.9188546538352966,0.9999949932098389
13,1,0.9156166737292993,0.7,0.9188546538352966,0.9999947547912598
13,1,0.9165603951823333,0.7,0.9349027276039124,0.9999948143959045
13,1,0.9180075333906973,0.7,0.9349027276039124,0.9999949336051941
13,1,0.9198765757098881,0.7,0.9412932991981506,0.9999950528144836
13,1,0.9216691401972814,0.7,0.9401789903640747,0.9999951720237732
13,1,0.9245615495219098,0.7,0.9185404181480408,0.9999955296516418
13,1,0.9291306856248458,0.7,0.9058462977409363,0.9999960660934448
13,1,0.9302232469036356,0.7,0.9058462977409363,0.9999960660934448
13,1,0.9319447894317338,0.7,0.9058462977409363,0.9999960064888
13,1,0.9381186592061876,0.7,0.9058462977409363,0.999996542930603
13,1,0.9437964215602422,0.7,0.9185404181480408,0.999997079372406
13,1,0.9451289204030023,0.7,0.9185404181480408,0.999997079372406
13,1,0.9441456821931932,0.7,0.9185404181480408,0.9999968409538269
13,1,0.9423020776834917,0.7,0.9185404181480408,0.9999963641166687
13,1,0.9406687951936122,0.7,0.9185404181480408,0.9999958276748657
13,1,0.938748593992204,0.7,0.9185404181480408,0.9999951124191284
13,1,0.9371180717643582,0.7,0.9239980578422546,0.9999943375587463
13,1,0.9357337311062913,0.7,0.9303650856018066,0.9999933242797852
13,1,0.9337105376992331,0.7,0.9303650856018066,0.9999917149543762
13,1,0.9310812847492531,0.7,0.9442748427391052,0.9999895095825195
13,1,0.893450469690756,0.6,0.923760175704956,0.9993972182273865
13,1,0.8985538009580966,0.62,0.923760175704956,0.9994996786117554
13,1,0.9053137465975888,0.62,0.923760175704956,0.9995911717414856
13,1,0.9079455116124393,0.62,0.9178646206855774,0.9996429681777954
13,1,0.9092432136679515,0.62,0.9178646206855774,0.99968022108078
13,1,0.9112979791879161,0.62,0.955930233001709,0.9997125267982483
13,1,0.9136725565263981,0.6,0.9622674584388733,0.9997448325157166
13,1,0.9170746168152267,0.62,0.9622674584388733,0.9997783899307251
13,1,0.9180338654202349,0.62,0.9591719508171082,0.9998019933700562
13,1,0.9108486322745765,0.62,0.9591719508171082,0.9997948408126831
13,1,0.90408269821858,0.82,0.9957237243652344,0.9997819066047668
13,1,0.9020873481013792,0.82,0.9957237243652344,0.99977707862854
13,1,0.9022588225209845,0.84,0.9957237243652344,0.999792754650116
13,1,0.9019540514170652,0.84,0.9957237243652344,0.999809205532074
13,1,0.8964141957551333,0.84,0.9995625615119934,0.9998032450675964
13,1,0.8898119955806785,0.86,0.9995625615119934,0.9997836351394653
13,1,0.8864435876078112,0.84,0.9995625615119934,0.9997687339782715
13,1,0.8865581971441667,0.84,0.9995877146720886,0.9997649192810059
13,1,0.8880780203329312,0.84,0.9995877146720886,0.9997686147689819
13,1,0.8897897316879854,0.84,0.9995535016059875,0.9997779130935669
13,1,0.8903924304497279,0.84,0.9995535016059875,0.999775230884552
13,1,0.8901711298834167,0.84,0.9995539784431458,0.9997615814208984
13,1,0.8905851338626658,0.84,0.9995055198669434,0.9997490644454956
13,1,0.8910498017356469,0.84,0.9995055198669434,0.9997373223304749
13,1,0.8915761274756777,0.84,0.9995055198669434,0.9997276067733765
13,1,0.892937323351326,0.84,0.9995055198669434,0.99972003698349
13,1,0.8952089842487648,0.84,0.9994109869003296,0.9997162818908691
13,1,0.8986401127318959,0.84,0.9994109869003296,0.9997177720069885
13,1,0.9048698396383628,0.84,0.9994109869003296,0.9997355341911316
13,1,0.9145957785401377,0.84,0.9994109869003296,0.9997681975364685
13,1,0.919764687948631,0.84,0.9994109869003296,0.9997762441635132
13,1,0.9106586846398654,0.84,0.9994109869003296,0.9997058510780334
13,1,0.8971910581567494,0.84,0.9994109869003296,0.9995632171630859
13,1,0.8880019066365014,0.84,0.9995384216308594,0.9994146823883057
13,1,0.8794575424549127,0.84,0.9995384216308594,0.9992648959159851
13,1,0.8589149840593021,0.84,0.9995798468589783,0.9989281296730042
13,1,0.8310647807090062,0.84,0.9996472597122192,0.9982486963272095
13,1,0.8198872094312156,0.84,0.9996488094329834,0.9975597262382507
13,1,0.8228963396345609,0.84,0.9997463822364807,0.9972283244132996
13,1,0.8284684412225176,0.84,0.9997463822364807,0.9972290992736816
13,1,0.8382713395240206,0.86,0.9997463822364807,0.9974440932273865
13,1,0.8484133943273697,0.86,0.9997463822364807,0.9977824091911316
13,1,0.8589197810027469,0.86,0.9997463822364807,0.9982118010520935
13,1,0.8698363328173977,0.86,0.9996718168258667,0.998623251914978
13,1,0.8769824917915066,0.9,0.9996718168258667,0.9989532232284546
13,1,0.8858196142986527,0.9,0.9996718168258667,0.9992375373840332
13,1,0.8990518177766614,0.9,0.9996718168258667,0.9994814395904541
13,1,0.9074326160718043,0.9,0.9996718168258667,0.9996222257614136
13,1,0.9130229855821025,0.9,0.9996718168258667,0.9997140169143677
13,1,0.9196561846800244,0.9,0.9996718168258667,0.9997901916503906
13,1,0.9267716963401842,0.9,0.9997463822364807,0.999850869178772
13,1,0.9319826304825669,0.9,0.9997463822364807,0.9998921155929565
13,1,0.9354724099490956,0.9,0.9997463822364807,0.9999207854270935
13,1,0.9390353681083699,0.9,0.9997463822364807,0.9999415278434753
13,1,0.9415529165985704,0.9,0.9997463822364807,0.9999600648880005
13,1,0.944481147889895,0.9,0.9997603297233582,0.9999721646308899
13,1,0.9469545317340298,0.9,0.9997875094413757,0.9999801516532898
13,1,0.9495849672299715,0.9,0.9997875094413757,0.9999862909317017
13,1,0.9522904822640468,0.9,0.9997875094413757,0.9999906420707703
13,1,0.953184979682845,0.9,0.9997803568840027,0.9999932050704956
13,1,0.9550721352731807,0.9,0.9997618794441223,0.9999949336051941
13,1,0.9558830797608158,0.9,0.9997618794441223,0.9999962449073792
13,1,0.9582774671808716,0.9,0.999808132648468,0.9999973177909851
13,1,0.9597514082953214,0.92,0.999808132648468,0.9999980926513672
13,1,0.959184661816318,0.92,0.999808132648468,0.9999984502792358
13,1,0.9594035701398549,0.92,0.9998235106468201,0.9999988079071045
13,1,0.9609003246584212,0.92,0.9998235106468201,0.9999990463256836
13,1,0.9620324385157448,0.92,0.9998235106468201,0.9999991655349731
13,1,0.9632041586164951,0.92,0.9998235106468201,0.9999993443489075
13,1,0.9653649862352388,0.92,0.9998059868812561,0.999999463558197
13,1,0.9655234378482229,0.92,0.999826967716217,0.9999995231628418
13,1,0.9629388959430929,0.92,0.999826967716217,0.999999463558197
13,1,0.9613170597638885,0.92,0.999826967716217,0.999999463558197
13,1,0.961977610706982,0.94,0.9998371601104736,0.999999463558197
13,1,0.961532788871872,0.94,0.9998371601104736,0.999999463558197
13,1,0.9549715857735981,0.94,0.9998371601104736,0.9999992847442627
13,1,0.9476537994743369,0.96,0.9999368190765381,0.9999989867210388
13,1,0.9463198146701913,0.96,0.9999349117279053,0.9999988675117493
13,1,0.9473313785329119,0.96,0.9999349117279053,0.9999988079071045
13,1,0.9486699513997504,0.96,0.9999349117279053,0.9999987483024597
13,1,0.9493244535572433,0.96,0.9999349117279053,0.9999986886978149
13,1,0.949982281906733,0.96,0.9999349117279053,0.9999985694885254
13,1,0.952578559657006,0.96,0.9999349117279053,0.9999985694885254
13,1,0.9580704451849235,0.96,0.9999418258666992,0.9999988079071045
13,1,0.9648194780236146,0.96,0.9999418258666992,0.9999991059303284
13,1,0.9700557495067197,0.96,0.9999418258666992,0.9999992251396179
13,1,0.9715695510696857,0.96,0.9999418258666992,0.9999992847442627
13,1,0.9708239209660158,0.96,0.9999418258666992,0.9999991655349731
13,1,0.9702703240896557,0.96,0.9999406337738037,0.9999989867210388
13,1,0.970175134874761,0.96,0.9999406337738037,0.9999987483024597
13,1,0.9702191349137589,0.96,0.9999356269836426,0.9999984502792358
13,1,0.9709000340882732,0.96,0.9999356269836426,0.9999982118606567
13,1,0.9714995974737215,0.96,0.9999356269836426,0.9999978542327881
13,1,0.9716189558257968,0.96,0.9999281167984009,0.9999973773956299
13,1,0.9721531090329956,0.96,0.9999217987060547,0.9999968409538269
13,1,0.9737731307035861,0.96,0.9999217987060547,0.9999961853027344
13,1,0.9752243509554358,0.96,0.9998224377632141,0.9999954104423523
13,1,0.9752938747404934,0.96,0.9999217987060547,0.9999944567680359
13,1,0.9767318422903649,0.96,0.9997760653495789,0.9999940991401672
13,1,0.9781322779875375,0.96,0.999754011631012,0.9999942779541016
13,1,0.9789377821087429,0.96,0.9997527003288269,0.9999942779541016
13,1,0.981598428055475,0.96,0.9997608065605164,0.9999939799308777
13,1,0.9823728149833476,0.96,0.9997608065605164,0.9999924898147583
13,1,0.9822155185975497,0.96,0.9997608065605164,0.999989926815033
13,1,0.9827836084067488,0.96,0.9998989105224609,0.9999874830245972
13,1,0.983394466700162,0.96,0.9998989105224609,0.9999848008155823
13,1,0.9838923843162934,0.96,0.9998989105224609,0.9999809861183167
13,1,0.9840596158764585,0.96,0.9998989105224609,0.9999751448631287
13,1,0.9848324749370342,0.96,0.9998989105224609,0.9999698996543884
13,1,0.9858281475731087,0.96,0.9998989105224609,0.9999666213989258
13,1,0.9868886452409247,0.96,0.9998989105224609,0.9999634623527527
13,1,0.9882810720923672,0.96,0.9998966455459595,0.9999604821205139
13,1,0.9898185732426109,0.96,0.9996649026870728,0.9999582171440125
13,1,0.9912287285368283,0.96,0.9996936321258545,0.999957799911499
13,1,0.9916881073405726,0.96,0.9996936321258545,0.9999579191207886
13,1,0.9925168359613764,0.96,0.9996393918991089,0.9999604225158691
13,1,0.9929054888911909,0.96,0.9996393918991089,0.9999580979347229
13,1,0.993278078019949,0.96,0.9995798468589783,0.999954104423523
13,1,0.993807220813562,0.96,0.9995458722114563,0.9999532699584961
13,1,0.9943163969402244,0.96,0.9995458722114563,0.9999573230743408
13,1,0.9946898814765288,0.96,0.9995458722114563,0.99996018409729
13,1,0.9950226887549363,0.96,0.9995458722114563,0.9999628067016602
13,1,0.9953629666595583,0.96,0.9995458722114563,0.9999662041664124
13,1,0.9955917854359694,0.96,0.9995458722114563,0.9999698996543884
13,1,0.9956735387317714,0.96,0.9995458722114563,0.9999735951423645
13,1,0.9957559565228974,0.96,0.9996103644371033,0.9999770522117615
13,1,0.9959709702750508,0.96,0.9996103644371033,0.9999803900718689
13,1,0.9961844216345977,0.96,0.9996103644371033,0.9999833106994629
13,1,0.9961939792026672,0.96,0.9996103644371033,0.9999858140945435
13,1,0.9962207495851125,0.96,0.9996103644371033,0.999988317489624
13,1,0.9963286183994849,0.96,0.9995757937431335,0.9999905228614807
13,1,0.9964030526519041,0.96,0.9995757937431335,0.9999923706054688
13,1,0.996549222645342,0.96,0.9995757937431335,0.9999940991401672
13,1,0.9967259196284097,0.96,0.9995757937431335,0.9999957084655762
13,1,0.9968124452249574,0.96,0.9995757937431335,0.9999967217445374
13,1,0.9968549752437974,0.96,0.9995757937431335,0.9999972581863403
13,1,0.996829581030846,0.98,0.9995757937431335,0.999997615814209
13,1,0.9967744765474834,0.98,0.9995757937431335,0.9999978542327881
13,1,0.9967066122967322,0.98,0.9995492100715637,0.999998152256012
13,1,0.9966471519744299,0.98,0.9995492100715637,0.9999983310699463
13,1,0.9965439303394859,0.98,0.9995492100715637,0.9999984502792358
13,1,0.996439474994755,0.98,0.9995492100715637,0.9999985694885254
13,1,0.9963377673679543,0.98,0.9995492100715637,0.9999986886978149
13,1,0.9963267787342237,0.98,0.9995492100715637,0.9999988675117493
13,1,0.9962720311694988,0.98,0.9995492100715637,0.999998927116394
13,1,0.9961326666212259,0.98,0.9996140599250793,0.9999989867210388
13,1,0.9959573574654229,0.98,0.9996140599250793,0.9999989867210388
13,1,0.9957980948015623,0.98,0.999546468257904,0.9999990463256836
13,1,0.9954176453519449,0.98,0.999546468257904,0.9999990463256836
13,1,0.9952094826691464,0.98,0.9995811581611633,0.9999990463256836
13,1,0.994857768358351,0.98,0.9995419979095459,0.9999990463256836
13,1,0.9943674707765784,0.98,0.9996957778930664,0.999998927116394
13,1,0.9937055456820126,0.98,0.9996957778930664,0.9999986886978149
13,1,0.9928251824703199,0.98,0.9998713731765747,0.9999982118606567
13,1,0.9922492097607252,0.98,0.9998816251754761,0.9999979734420776
13,1,0.9920908399937844,0.98,0.9998795986175537,0.9999979734420776
13,1,0.992195313477607,0.98,0.9998921155929565,0.9999979734420776
13,1,0.9917091583275442,0.98,0.9998800754547119,0.9999979138374329
13,1,0.9910323495847357,1.0,0.9998829364776611,0.9999976754188538
13,1,0.9910551378122877,1.0,0.9998829364776611,0.9999974966049194
13,1,0.9920011592888772,1.0,0.9998829364776611,0.9999978542327881
13,1,0.9935616220858821,1.0,0.999885082244873,0.9999986886978149
13,1,0.9950334298021187,1.0,0.999885082244873,0.9999992847442627
13,1,0.9961174415241805,1.0,0.9998418092727661,0.9999995827674866
13,1,0.9966873707091816,1.0,0.9998539686203003,0.9999997615814209
13,1,0.996655440664141,1.0,0.999940037727356,0.9999998211860657
13,1,0.9964613203561571,1.0,0.999940037727356,0.9999998211860657
13,1,0.9966639827075038,1.0,0.9999297857284546,0.9999998807907104
13,1,0.9968234448958793,1.0,0.999923586845398,0.9999998807907104
13,1,0.9968183717876339,0.98,0.999923586845398,0.9999998807907104
13,1,0.9968135595193247,0.98,0.9999496936798096,0.9999998807907104
13,1,0.9967263850114324,0.98,0.9999496936798096,0.9999999403953552
13,1,0.9964924041729629,0.98,0.9999504089355469,0.9999999403953552
13,1,0.9962656982141727,0.98,0.999962329864502,0.9999998807907104
13,1,0.9964209382092332,0.98,0.999958872795105,0.9999999403953552
13,1,0.9963500025373204,0.98,0.9999748468399048,0.9999999403953552
13,1,0.9963802800766733,0.98,0.9999748468399048,0.9999999403953552
13,1,0.9961796575902753,0.98,0.9999748468399048,0.9999999403953552
13,1,0.9949861637176334,0.98,0.9999748468399048,0.9999998807907104
13,1,0.9945627376413624,0.98,0.9999748468399048,0.9999998807907104
13,1,0.9953663695816549,0.98,0.9999748468399048,0.9999998807907104
13,1,0.9963150180201991,0.96,0.9999748468399048,0.9999999403953552
13,1,0.99710127457483,0.96,0.9999653100967407,0.9999999403953552
13,1,0.9976107191935585,0.96,0.9999680519104004,1.0
13,1,0.9981425696939881,0.96,0.9999699592590332,1.0
13,1,0.9984975334862394,0.96,0.9999699592590332,1.0
13,1,0.9986319896145203,0.96,0.999970555305481,1.0
13,1,0.9987576526612836,0.96,0.999970555305481,1.0
13,1,0.9988253195616144,0.96,0.9999675750732422,1.0
13,1,0.9989468281250228,0.96,0.9999701976776123,1.0
13,1,0.9989825086652331,0.96,0.9999669790267944,1.0
13,1,0.9990593400906874,0.96,0.9999581575393677,1.0
13,1,0.9991597783703667,0.96,0.9999581575393677,1.0
13,1,0.9991561598229873,0.96,0.9999581575393677,1.0
13,1,0.9993266132914466,0.96,0.9999581575393677,1.0
13,1,0.9993197460134942,0.96,0.9999581575393677,1.0
13,1,0.9993960743299845,0.96,0.9999581575393677,1.0
13,1,0.9994582756563202,0.98,0.9999682903289795,1.0
13,1,0.9994453904563599,0.98,0.9999699592590332,1.0
13,1,0.9995769284562486,0.98,0.999967098236084,1.0
13,1,0.9995744653009284,0.98,0.999967098236084,1.0
13,1,0.9996967420745302,0.98,0.999967098236084,1.0
13,1,0.9997276014185217,0.98,0.9999711513519287,1.0
13,1,0.9997541779755438,0.98,0.9999628067016602,1.0
13,1,0.9998119341516601,0.98,0.9999628067016602,1.0
13,1,0.9998136425851223,0.98,0.9999628067016602,1.0
13,1,0.9998359082409447,0.98,0.9999428987503052,1.0
13,1,0.9998333688580574,0.98,0.9999428987503052,1.0
13,1,0.9998487594547264,0.98,0.9999428987503052,1.0
13,1,0.9998404583370621,0.98,0.9999477863311768,1.0
13,1,0.9998473743437969,0.98,0.9999477863311768,1.0
13,1,0.9998834763649609,0.98,0.9999477863311768,1.0
13,1,0.9999086439861984,0.98,0.9999595880508423,1.0
13,1,0.9999136874268,0.98,0.9999632835388184,1.0
13,1,0.9999059450639826,0.98,0.9999676942825317,1.0
13,1,0.9999031152577024,0.98,0.9999659061431885,1.0
13,1,0.9999029903531717,0.98,0.9999659061431885,1.0
13,1,0.9999031767574331,0.98,0.9999659061431885,1.0
13,1,0.9999019030882722,0.98,0.9999659061431885,1.0
13,1,0.9998941342874941,0.96,0.9999659061431885,1.0
13,1,0.9998825945368555,0.96,0.9999629259109497,1.0
13,1,0.9998720091425097,0.96,0.9999597072601318,1.0
13,1,0.9998564966145144,0.96,0.9999597072601318,1.0
13,1,0.9998230836902485,0.96,0.9999523162841797,1.0
13,1,0.9997694588372743,0.96,0.9999524354934692,1.0
13,1,0.9996628042202854,0.96,0.9999574422836304,1.0
13,1,0.9995508253459636,0.96,0.9999525547027588,1.0
13,1,0.9995035734902469,0.96,0.9999639987945557,1.0
13,1,0.9994762979807834,0.96,0.9999639987945557,1.0
13,1,0.9994797051252113,0.96,0.9999639987945557,1.0
13,1,0.9994843111353258,0.96,0.9999663829803467,1.0
13,1,0.9995448868171778,0.96,0.9999744892120361,1.0
13,1,0.999554552046359,0.96,0.9999744892120361,1.0
13,1,0.9995893750254897,0.96,0.9999771118164062,1.0
13,1,0.9996237554129591,0.96,0.9999771118164062,1.0
13,1,0.9996588276778061,0.96,0.9999788999557495,1.0
13,1,0.9996955370775549,0.96,0.9999771118164062,1.0
13,1,0.9997410087573477,0.96,0.9999784231185913,1.0
13,1,0.9997542649502744,0.96,0.9999762773513794,1.0
13,1,0.9997434007013007,0.96,0.9999762773513794,1.0
13,1,0.9997422720781841,0.96,0.9999762773513794,1.0
13,1,0.9997291859454549,0.96,0.9999762773513794,1.0
13,1,0.9997313615957374,0.96,0.9999762773513794,1.0
13,1,0.9997352206853855,0.96,0.9999762773513794,1.0
13,1,0.9997390020260132,0.96,0.9999762773513794,1.0
13,1,0.9997420500408142,0.96,0.9999762773513794,1.0
13,1,0.9997423296100328,0.96,0.9999762773513794,1.0
13,1,0.9997369908755818,0.96,0.9999762773513794,1.0
13,1,0.9997271832418602,0.96,0.9999762773513794,1.0
13,1,0.9997340129066802,0.96,0.9999804496765137,1.0
13,1,0.9997462511996105,0.96,0.9999804496765137,1.0
13,1,0.9997452081848331,0.96,0.9999762773513794,1.0
13,1,0.9997505302321797,0.96,0.9999762773513794,1.0
13,1,0.9997619062279455,0.96,0.9999804496765137,1.0
13,1,0.9997758228036248,0.96,0.9999804496765137,1.0
13,1,0.9997889090561849,0.96,0.9999804496765137,1.0
13,1,0.9997990763884288,0.96,0.9999804496765137,1.0
13,1,0.9998115260104795,0.96,0.9999736547470093,1.0
13,1,0.9998227280708744,0.96,0.9999736547470093,1.0
13,1,0.9998340440360719,0.96,0.9999818801879883,1.0
13,1,0.9998440110891749,0.96,0.9999768733978271,1.0
13,1,0.9998554822099174,0.96,0.9999768733978271,1.0
13,1,0.9998675039347318,0.96,0.9999768733978271,1.0
13,1,0.9998761667961145,0.96,0.9999840259552002,1.0
13,1,0.9998879266118619,0.96,0.9999908208847046,1.0
13,1,0.9998969330389217,0.96,0.9999908208847046,1.0
13,1,0.9999007969009119,0.96,0.9999908208847046,1.0
13,1,0.9999043284218073,0.96,0.9999908208847046,1.0
13,1,0.9999117558174929,0.96,0.9999918937683105,1.0
13,1,0.999923038214101,0.96,0.9999918937683105,1.0
13,1,0.9999304844680383,0.96,0.9999918937683105,1.0
13,1,0.9999349225811569,0.96,0.9999918937683105,1.0
13,1,0.9999375957315653,0.96,0.9999918937683105,1.0
13,1,0.9999417711503508,0.96,0.9999918937683105,1.0
13,1,0.9999455033127201,0.96,0.9999918937683105,1.0
13,1,0.9999514134369855,0.96,0.9999918937683105,1.0
13,1,0.9999547299040716,0.96,0.9999918937683105,1.0
13,1,0.9999550771061433,0.96,0.9999918937683105,1.0
13,1,0.9999614862977392,0.96,0.9999918937683105,1.0
13,1,0.9999646333711715,0.96,0.9999918937683105,1.0
13,1,0.9999628630044921,0.96,0.9999918937683105,1.0
13,1,0.9999644686821136,0.96,0.9999918937683105,1.0
13,1,0.999966364457504,0.96,0.9999918937683105,1.0
13,1,0.9999677430024896,0.96,0.9999918937683105,1.0
13,1,0.9999685433892308,0.96,0.9999918937683105,1.0
13,1,0.9999689999805468,0.96,0.9999918937683105,1.0
13,1,0.9999702956678036,0.96,0.9999918937683105,1.0
13,1,0.9999695369741676,0.96,0.9999918937683105,1.0
13,1,0.9999698134608581,0.96,0.9999918937683105,1.0
13,1,0.9999689359848967,0.96,0.9999918937683105,1.0
13,1,0.9999699637560303,0.96,0.9999918937683105,1.0
13,1,0.9999707244408219,0.96,0.9999493360519409,1.0
13,1,0.9999681119788393,0.96,0.9999493360519409,1.0
13,1,0.999967027255895,0.96,0.9999493360519409,1.0
13,1,0.9999693887531065,0.96,0.9999493360519409,1.0
13,1,0.9999676190409176,0.96,0.9999443292617798,1.0
13,1,0.9999613110532469,0.96,0.9999910593032837,1.0
13,1,0.9999582792630664,0.96,0.9999910593032837,1.0
13,1,0.9999581892494692,0.96,0.9999910593032837,1.0
13,1,0.9999589908818931,0.96,0.9999910593032837,1.0
13,1,0.9999568581595191,0.96,0.9999910593032837,1.0
13,1,0.9999579695018648,0.96,0.9999910593032837,1.0
13,1,0.9999629885474578,0.96,0.9999493360519409,1.0
13,1,0.9999691614999922,0.96,0.999945878982544,1.0
13,1,0.9999804444555445,0.94,0.9999130964279175,1.0
13,1,0.9999871734655016,0.96,0.9999128580093384,1.0
13,1,0.9999860164717838,0.96,0.999845027923584,1.0
13,1,0.9999745365014314,0.94,0.999845027923584,1.0
13,1,0.9999531377388352,0.94,0.999845027923584,1.0
13,1,0.9999262313841716,0.94,0.999845027923584,1.0
13,1,0.9999179810697539,0.96,0.999845027923584,1.0
13,1,0.9999397796289725,0.96,0.999849796295166,1.0
13,1,0.9999650706318108,0.98,0.9998465776443481,0.9999999403953552
13,1,0.9999790806909148,1.0,0.9998492002487183,0.9999999403953552
13,1,0.9999845147765286,1.0,0.9998533725738525,0.9999999403953552
13,1,0.9999855952662211,1.0,0.9997672438621521,0.9999998807907104
13,1,0.9999847056170452,1.0,0.9997672438621521,0.9999998807907104
13,1,0.9999842425444031,0.98,0.9997101426124573,0.9999999403953552
13,1,0.9999830809114967,0.98,0.9997101426124573,0.9999999403953552
13,1,0.9999789958795572,0.98,0.9996761083602905,0.9999999403953552
13,1,0.9999754072889734,0.98,0.9996612071990967,1.0
13,1,0.9999705145969796,0.98,0.9996703863143921,1.0
13,1,0.9999653624294301,0.98,0.9996703863143921,1.0
13,1,0.9999735917815932,1.0,0.9996175765991211,1.0
13,1,0.9999743124719508,1.0,0.9996175765991211,1.0
13,1,0.9999711079411508,0.98,0.9993621706962585,1.0
13,1,0.9999724132312398,0.98,0.9993793964385986,1.0
13,1,0.9999736481068976,0.98,0.9994470477104187,1.0
13,1,0.9999711375866311,0.98,0.9994470477104187,1.0
13,1,0.9999673483716571,0.98,0.9995741248130798,1.0
13,1,0.9999667719952754,0.96,0.9995741248130798,1.0
13,1,0.9999681910637339,0.96,0.9995157718658447,1.0
13,1,0.9999694071172582,0.96,0.9995157718658447,1.0
13,1,0.9999697990014697,0.96,0.9995157718658447,1.0
13,1,0.999970312944384,0.96,0.9995157718658447,1.0
13,1,0.9999713748564854,0.96,0.9994470477104187,1.0
13,1,0.9999741361837656,0.96,0.9995157718658447,1.0
13,1,0.9999784685833292,0.96,0.9995157718658447,1.0
13,1,0.9999821145195782,0.96,0.9995158910751343,1.0
13,1,0.9999847362366294,0.94,0.9995158910751343,1.0
13,1,0.9999863753577171,0.94,0.9994471669197083,1.0
13,1,0.9999865809281963,0.94,0.9994471669197083,1.0
13,1,0.9999864707533056,0.96,0.9993089437484741,1.0
13,1,0.9999874534542869,0.96,0.9993239641189575,1.0
13,1,0.9999887782889914,0.96,0.9993239641189575,1.0
13,1,0.999990165624623,0.96,0.9993298053741455,1.0
13,1,0.9999915780590227,0.96,0.9995405673980713,1.0
13,1,0.9999925602340664,0.96,0.9996057152748108,1.0
13,1,0.9999932349234267,0.96,0.9996057152748108,1.0
13,1,0.9999933154935492,0.96,0.9995808005332947,1.0
13,1,0.9999932522801362,0.96,0.9995808005332947,1.0
13,1,0.9999936698573636,0.96,0.9996141195297241,1.0
13,1,0.9999940701828813,0.96,0.9996005892753601,1.0
13,1,0.9999944898173766,0.96,0.9996335506439209,1.0
13,1,0.9999950989920964,0.96,0.9996335506439209,1.0
13,1,0.9999958515146363,0.96,0.9995569586753845,1.0
13,1,0.9999964234041409,0.96,0.9995569586753845,1.0
13,1,0.9999968262100222,0.96,0.9993159770965576,1.0
13,1,0.9999969668705434,0.96,0.9993634819984436,1.0
13,1,0.9999971533894346,0.96,0.9993634819984436,1.0
13,1,0.9999973389475214,0.96,0.9993634819984436,1.0
13,1,0.9999975300411732,0.96,0.999446451663971,1.0
13,1,0.9999977382251612,0.96,0.999446451663971,1.0
13,1,0.9999980053274821,0.96,0.999446451663971,1.0
13,1,0.9999982895185385,0.96,0.999446451663971,1.0
13,1,0.9999984805335476,0.96,0.999446451663971,1.0
13,1,0.9999983967627775,0.96,0.999446451663971,1.0
13,1,0.9999982025329582,0.96,0.999446451663971,1.0
13,1,0.9999982086157414,0.96,0.999446451663971,1.0
13,1,0.9999980785545748,0.96,0.999446451663971,1.0
13,1,0.9999979385478462,0.96,0.999446451663971,1.0
13,1,0.9999977219944906,0.96,0.9995736479759216,1.0
13,1,0.9999975925417813,0.96,0.9995736479759216,1.0
13,1,0.999997472185954,0.96,0.9995736479759216,1.0
13,1,0.99999736083053,0.96,0.9995736479759216,1.0
13,1,0.9999971759315798,0.96,0.9996265172958374,1.0
13,1,0.9999971930232948,0.96,0.9996265172958374,1.0
13,1,0.999997733790146,0.96,0.9996265172958374,1.0
13,1,0.9999976657137771,0.96,0.9996265172958374,1.0
13,1,0.9999976125454898,0.96,0.9996265172958374,1.0
13,1,0.9999976288434123,0.96,0.9995818734169006,1.0
13,1,0.9999976697522557,0.98,0.9995818734169006,1.0
13,1,0.9999977423289449,0.98,0.9995818734169006,1.0
13,1,0.9999972493179256,0.98,0.9995818734169006,1.0
13,1,0.9999970055610193,0.98,0.9995818734169006,1.0
13,1,0.9999968472576037,0.98,0.9995818734169006,1.0
13,1,0.9999961176703792,0.98,0.9995818734169006,1.0
13,1,0.9999958109148214,0.98,0.9995818734169006,1.0
13,1,0.9999951159166914,0.98,0.9995818734169006,1.0
13,1,0.9999948462001605,0.98,0.9995818734169006,1.0
13,1,0.9999942355241056,0.98,0.999484658241272,1.0
13,1,0.999993430084806,0.98,0.9995054006576538,1.0
13,1,0.9999935308103854,0.98,0.999539852142334,1.0
13,1,0.9999933842310821,0.98,0.999539852142334,1.0
13,1,0.9999933647277889,0.98,0.999539852142334,1.0
13,1,0.9999933951803869,0.98,0.999539852142334,1.0
13,1,0.9999939308893371,0.98,0.9995706677436829,1.0
13,1,0.9999943781290292,0.98,0.9995706677436829,1.0
13,1,0.9999944028107639,0.98,0.9994376301765442,1.0
13,1,0.9999943384034448,0.96,0.9993776679039001,1.0
13,1,0.9999943459992716,0.96,0.9993776679039001,1.0
13,1,0.9999945427086425,0.96,0.9994398951530457,1.0
13,1,0.9999941331596833,0.96,0.9995332956314087,1.0
13,1,0.9999941434422686,0.96,0.9995332956314087,1.0
13,1,0.9999941181295092,0.96,0.9995940327644348,1.0
13,1,0.9999941508576242,0.96,0.9995940327644348,1.0
13,1,0.9999943428377508,0.96,0.9995940327644348,1.0
13,1,0.999994533457397,0.96,0.9995940327644348,1.0
13,1,0.9999945886088305,0.94,0.9995940327644348,1.0
13,1,0.9999949959145439,0.94,0.9995940327644348,1.0
13,1,0.9999953533792323,0.94,0.9995940327644348,1.0
13,1,0.9999955665535968,0.94,0.9995940327644348,1.0
13,1,0.9999957023792878,0.94,0.9995940327644348,1.0
13,1,0.9999958928699731,0.94,0.9996830224990845,1.0
13,1,0.9999960294358547,0.94,0.9996830224990845,1.0
13,1,0.9999962403358305,0.94,0.9997113347053528,1.0
13,1,0.999996499675616,0.94,0.9997113347053528,1.0
13,1,0.9999966595555023,0.92,0.9997113347053528,1.0
13,1,0.9999966762711767,0.92,0.9995903372764587,1.0
13,1,0.9999963798618646,0.92,0.9995903372764587,1.0
13,1,0.9999967894071253,0.92,0.9995903372764587,1.0
13,1,0.9999971535283005,0.92,0.9995530247688293,1.0
13,1,0.9999963138712515,0.92,0.9999343156814575,1.0
13,1,0.99999612778178,0.92,0.9999343156814575,1.0
13,1,0.999995698883158,0.92,0.9999628067016602,1.0
13,1,0.9999958167697868,0.94,0.9999628067016602,1.0
13,1,0.9999953604621135,0.94,0.9999628067016602,1.0
13,1,0.9999941835583015,0.94,0.9999628067016602,1.0
13,1,0.9999936146022905,0.92,0.9999628067016602,1.0
13,1,0.9999930945536958,0.92,0.9999628067016602,1.0
13,1,0.9999928740431494,0.92,0.9999628067016602,1.0
13,1,0.999992751405333,0.92,0.9999628067016602,1.0
13,1,0.9999926403531304,0.94,0.9999628067016602,1.0
13,1,0.9999925477117192,0.94,0.9999628067016602,1.0
13,1,0.9999923878069896,0.94,0.9999628067016602,1.0
13,1,0.9999921455785836,0.94,0.9999663829803467,1.0
13,1,0.9999921204070997,0.94,0.9999663829803467,1.0
13,1,0.999992246036992,0.94,0.9999649524688721,1.0
13,1,0.9999922408131297,0.94,0.9999649524688721,1.0
13,1,0.9999923022145203,0.94,0.9999649524688721,1.0
13,1,0.9999924692923958,0.94,0.9999502897262573,1.0
13,1,0.9999924807596849,0.94,0.9999544620513916,1.0
13,1,0.999992328940025,0.94,0.99994957447052,1.0
13,1,0.9999922810284623,0.94,0.99994957447052,1.0
13,1,0.9999924377021264,0.92,0.9999516010284424,1.0
13,1,0.9999917266623167,0.92,0.9999516010284424,1.0
13,1,0.9999912416515699,0.92,0.9999516010284424,1.0
13,1,0.999990772988157,0.92,0.9999516010284424,1.0
13,1,0.9999903808432524,0.92,0.9999516010284424,1.0
13,1,0.9999902739455225,0.92,0.9999516010284424,1.0
13,1,0.9999899285718363,0.92,0.9999516010284424,1.0
13,1,0.9999895599607435,0.94,0.999963641166687,1.0
13,1,0.9999894281011538,0.94,0.999963641166687,1.0
13,1,0.9999894684757706,0.96,0.999963641166687,1.0
13,1,0.9999848308620084,0.92,0.9999452829360962,1.0
13,1,0.9999845959140754,0.92,0.9999452829360962,1.0
13,1,0.9999847888900044,0.9,0.9999452829360962,1.0
13,1,0.9999847395191733,0.9,0.9999452829360962,1.0
13,1,0.9999850689733466,0.9,0.9999452829360962,1.0
13,1,0.9999850353817216,0.9,0.9999312162399292,1.0
13,1,0.9999844802643781,0.92,0.999935507774353,1.0
13,1,0.9999841558213857,0.92,0.999935507774353,1.0
13,1,0.9999841821542227,0.92,0.9999419450759888,1.0
13,1,0.9999845129790731,0.92,0.9999516010284424,1.0
13,1,0.999985482394557,0.92,0.9999516010284424,1.0
13,1,0.9999862353841126,0.92,0.9999516010284424,1.0
13,1,0.9999850834814723,0.94,0.999963641166687,1.0
13,1,0.999984763835927,0.94,0.9999603033065796,1.0
13,1,0.9999846120715464,0.94,0.9999603033065796,1.0
13,1,0.9999845930289265,0.94,0.9999603033065796,1.0
13,1,0.9999844032751688,0.94,0.9999603033065796,1.0
13,1,0.9999839360035282,0.94,0.9999603033065796,1.0
13,1,0.9999838301601778,0.94,0.9999603033065796,1.0
13,1,0.9999834708360097,0.94,0.9999603033065796,1.0
13,1,0.9999828240707112,0.94,0.9999603033065796,1.0
13,1,0.9999820708772663,0.94,0.9998520612716675,1.0
13,1,0.99998198447444,0.94,0.9998520612716675,1.0
13,1,0.9999813418652609,0.94,0.9998520612716675,1.0
13,1,0.9999806830796774,0.94,0.9998855590820312,1.0
13,1,0.9999799685725448,0.88,0.9998855590820312,1.0
13,1,0.9999788149234095,0.88,0.9998855590820312,1.0
13,1,0.9999763368786738,0.88,0.9998855590820312,1.0
13,1,0.9999725655969885,0.88,0.9998855590820312,1.0
13,1,0.9999690969771114,0.88,0.9998458623886108,1.0
13,1,0.9999676666926283,0.88,0.9998458623886108,1.0
13,1,0.9999662971604718,0.88,0.9998722076416016,1.0
13,1,0.9999650180303067,0.88,0.9998722076416016,1.0
13,1,0.9999633282268543,0.88,0.9998353719711304,1.0
13,1,0.9999615958432082,0.78,0.9996594190597534,1.0
13,1,0.999959932339636,0.78,0.9996594190597534,1.0
13,1,0.9999582165130261,0.78,0.9996801614761353,1.0
13,1,0.9999570552005056,0.78,0.9996801614761353,1.0
13,1,0.9999568305484222,0.78,0.9996445178985596,1.0
13,1,0.9999553373940567,0.78,0.9996445178985596,1.0
13,1,0.9999549903824049,0.78,0.9996445178985596,1.0
13,1,0.9999544437318862,0.76,0.9995269775390625,1.0
13,1,0.9999523732179832,0.74,0.9995269775390625,1.0
13,1,0.9999487226466196,0.74,0.99940025806427,1.0
13,1,0.9999452531359518,0.74,0.99940025806427,1.0
13,1,0.9999435116392374,0.72,0.99940025806427,1.0
13,1,0.9999424896174983,0.72,0.99940025806427,1.0
13,1,0.9999417228814398,0.72,0.99940025806427,1.0
13,1,0.9999418527890778,0.72,0.9992094039916992,1.0
13,1,0.9999436879881016,0.72,0.9992753863334656,1.0
13,1,0.9999460840761966,0.72,0.9992696642875671,1.0
13,1,0.9999485549598565,0.72,0.9992696642875671,1.0
13,1,0.9999503020071833,0.72,0.9992696642875671,1.0
13,1,0.9999539172287757,0.72,0.9993902444839478,1.0
13,1,0.9999594438556212,0.72,0.9992033839225769,1.0
13,1,0.999964114324887,0.72,0.9994024038314819,1.0
13,1,0.9999653693444003,0.7,0.9995019435882568,1.0
13,1,0.999967734080623,0.7,0.9996302127838135,1.0
13,1,0.9999710300173206,0.72,0.9996659755706787,1.0
13,1,0.9999746234025227,0.72,0.999749481678009,1.0
13,1,0.9999772779532597,0.72,0.999749481678009,1.0
13,1,0.9999786440269037,0.72,0.9997500777244568,1.0
13,1,0.9999789663079518,0.72,0.9997500777244568,1.0
13,1,0.9999793092505278,0.7,0.9997500777244568,1.0
13,1,0.9999803392517785,0.7,0.9998082518577576,1.0
13,1,0.9999828465092673,0.74,0.9998082518577576,1.0
13,1,0.9999847149821297,0.74,0.9998082518577576,1.0
13,1,0.999984812244323,0.76,0.9996501207351685,1.0
13,1,0.999984254011482,0.74,0.9996501207351685,1.0
13,1,0.9999841987232356,0.74,0.9996501207351685,1.0
13,1,0.9999833851535477,0.74,0.9996501207351685,1.0
13,1,0.9999828042129948,0.74,0.999620795249939,1.0
13,1,0.9999822442330778,0.74,0.9996575117111206,1.0
13,1,0.9999815216144488,0.74,0.9996575117111206,1.0
13,1,0.9999808961984705,0.74,0.9996575117111206,1.0
13,1,0.9999804466627614,0.74,0.9996575117111206,1.0
13,1,0.9999797799860121,0.74,0.9996575117111206,1.0
13,1,0.999978825545572,0.74,0.9996575117111206,1.0
13,1,0.9999776496620193,0.74,0.999620795249939,1.0
13,1,0.9999760998761148,0.74,0.999620795249939,1.0
13,1,0.9999741641895284,0.74,0.999620795249939,1.0
13,1,0.9999713166424916,0.74,0.999695897102356,1.0
13,1,0.9999688134162428,0.74,0.999695897102356,1.0
13,1,0.9999675109347912,0.74,0.9996969699859619,1.0
13,1,0.9999662162871817,0.76,0.9996969699859619,1.0
13,1,0.9999643885384415,0.76,0.9996806383132935,1.0
13,1,0.9999633968684285,0.76,0.9996806383132935,1.0
13,1,0.9999641863628616,0.76,0.9996168613433838,1.0
13,1,0.9999643577801287,0.76,0.9996168613433838,1.0
13,1,0.999960823088002,0.76,0.9996168613433838,1.0
13,1,0.9999583364275184,0.76,0.9995410442352295,1.0
13,1,0.9999559080465762,0.76,0.9994980096817017,1.0
13,1,0.9999539800930816,0.76,0.9994980096817017,1.0
13,1,0.9999517266037502,0.76,0.9993749260902405,1.0
13,1,0.999949374214337,0.76,0.9993749260902405,1.0
13,1,0.999946752190206,0.76,0.9993749260902405,1.0
13,1,0.999945606299902,0.76,0.9994781613349915,1.0
13,1,0.9999496147348806,0.76,0.9996125102043152,1.0
13,1,0.9999483603064998,0.76,0.9996016621589661,1.0
13,1,0.9999504860967486,0.76,0.9996680021286011,1.0
13,1,0.9999553387406398,0.74,0.9996260404586792,1.0
13,1,0.9999575746554087,0.74,0.9996260404586792,1.0
13,1,0.9999513321148159,0.74,0.9995861649513245,1.0
13,1,0.9999453626140185,0.74,0.9995861649513245,1.0
13,1,0.9999352959435567,0.72,0.9995861649513245,1.0
13,1,0.9999341760959203,0.72,0.9998490810394287,1.0
13,1,0.9999385967114891,0.74,0.9998490810394287,1.0
13,1,0.9999383261435606,0.74,0.9998660087585449,1.0
13,1,0.999937852067807,0.76,0.9997861981391907,1.0
13,1,0.9999389996928097,0.74,0.9997861981391907,1.0
13,1,0.99994136116062,0.62,0.9997743964195251,1.0
13,1,0.9999451053982038,0.62,0.9998911619186401,1.0
13,1,0.9999470734479224,0.6,0.9998911619186401,1.0
13,1,0.9999464588276171,0.62,0.9999220371246338,1.0
13,1,0.9999475151976538,0.62,0.9999220371246338,1.0
13,1,0.9999495950124847,0.64,0.9999220371246338,1.0
13,1,0.9999558729872646,0.64,0.9999352693557739,1.0
13,1,0.999961462643872,0.64,0.9999352693557739,1.0
13,1,0.9999616475603779,0.64,0.999935507774353,1.0
13,1,0.9999623400974973,0.64,0.9999263286590576,1.0
13,1,0.9999637792697206,0.62,0.9999263286590576,1.0
13,1,0.9999649933606845,0.62,0.9999263286590576,1.0
13,1,0.9999633889334366,0.62,0.9999209642410278,1.0
13,1,0.9999608094892048,0.64,0.9999074935913086,1.0
13,1,0.9999603099294014,0.64,0.9999074935913086,1.0
13,1,0.9999607596224479,0.62,0.9999074935913086,1.0
13,1,0.9999607438093048,0.62,0.9999493360519409,1.0
13,1,0.9999606654530806,0.62,0.999955415725708,1.0
13,1,0.9999604597985259,0.62,0.999955415725708,1.0
13,1,0.99995771005683,0.64,0.999955415725708,1.0
13,1,0.9999530858861325,0.66,0.9999392032623291,1.0
13,1,0.9999503800533849,0.66,0.9999392032623291,1.0
13,1,0.99994794384528,0.66,0.9999392032623291,1.0
13,1,0.9999462987293025,0.66,0.9998347759246826,1.0
13,1,0.9999451754590563,0.66,0.9998347759246826,1.0
13,1,0.9999430760816583,0.66,0.9998348951339722,1.0
13,1,0.9999393973996775,0.66,0.9998348951339722,1.0
13,1,0.999938886945224,0.66,0.9998348951339722,1.0
13,1,0.9999395675654791,0.66,0.9998250603675842,1.0
13,1,0.9999402248742366,0.64,0.9998250603675842,1.0
13,1,0.9999409319207572,0.64,0.9998250603675842,1.0
13,1,0.9999361709392485,0.64,0.9998243451118469,1.0
13,1,0.9999377518253143,0.64,0.9998243451118469,1.0
13,1,0.9999393478604353,0.64,0.9998243451118469,1.0
13,1,0.9999386303115574,0.66,0.9998243451118469,1.0
13,1,0.9999407698540108,0.66,0.9998883008956909,1.0
13,1,0.9999385862552213,0.66,0.9998881816864014,1.0
13,1,0.9999362238689434,0.66,0.9998881816864014,1.0
13,1,0.9999334517123809,0.66,0.9998881816864014,1.0
13,1,0.9999305372253044,0.68,0.9998881816864014,1.0
13,1,0.9999282712763286,0.66,0.999843955039978,1.0
13,1,0.9999276815325732,0.64,0.999843955039978,1.0
13,1,0.9999309560970585,0.62,0.999843955039978,1.0
13,1,0.9999311102515558,0.62,0.999843955039978,1.0
13,1,0.9999219513232079,0.62,0.999843955039978,1.0
13,1,0.9999001025876373,0.62,0.9997794032096863,1.0
13,1,0.999878662840062,0.62,0.9997522234916687,1.0
13,1,0.9998731543523297,0.62,0.9996111989021301,1.0
13,1,0.9998696059766412,0.62,0.9996111989021301,1.0
13,1,0.9998717297638817,0.62,0.9996111989021301,1.0
13,1,0.999874049958597,0.62,0.9996111989021301,1.0
13,1,0.9998730236228345,0.62,0.999686598777771,1.0
13,1,0.999855228973552,0.6,0.9996640682220459,1.0
13,1,0.9998325572694338,0.6,0.9996640682220459,1.0
13,1,0.9998320209554581,0.6,0.9996640682220459,1.0
13,1,0.9998391439239385,0.6,0.9998304843902588,1.0
13,1,0.9998493265749996,0.6,0.9998304843902588,1.0
13,1,0.9998466890963007,0.6,0.9998304843902588,1.0
13,1,0.9998480529931643,0.6,0.9998304843902588,1.0
13,1,0.9998530965031687,0.6,0.9998304843902588,1.0
13,1,0.9998591827683924,0.6,0.9998304843902588,1.0
13,1,0.9998591036425862,0.62,0.9998304843902588,1.0
13,1,0.9998581025125314,0.64,0.9998304843902588,1.0
13,1,0.9998609389486122,0.64,0.9998400211334229,1.0
13,1,0.9998663616970874,0.64,0.9998400211334229,1.0
13,1,0.9998728893753475,0.64,0.9998242259025574,1.0
13,1,0.9998885086337705,0.64,0.9998242259025574,1.0
13,1,0.9999029579677038,0.66,0.9999449253082275,1.0
13,1,0.9999076471236035,0.66,0.9999449253082275,1.0
13,1,0.9999085603251409,0.64,0.9999316930770874,1.0
13,1,0.9998989154548921,0.62,0.999937891960144,1.0
13,1,0.9998799406898048,0.62,0.999937891960144,1.0
13,1,0.9998693871532451,0.62,0.9999070167541504,1.0
13,1,0.9998610130968559,0.62,0.99988853931427,1.0
13,1,0.9998504611059932,0.62,0.99988853931427,1.0
13,1,0.9998440568143999,0.62,0.99988853931427,1.0
13,1,0.9998289373650232,0.64,0.99988853931427,1.0
13,1,0.9998107129271078,0.64,0.99988853931427,1.0
13,1,0.9997947206707872,0.64,0.99988853931427,1.0
13,1,0.9997772396039304,0.64,0.99988853931427,1.0
13,1,0.9997736661273564,0.64,0.9999097585678101,1.0
13,1,0.9997721086545375,0.64,0.9999099969863892,1.0
13,1,0.9997618984998903,0.66,0.9999099969863892,1.0
13,1,0.9997483559594067,0.66,0.9998775720596313,1.0
13,1,0.9997259064292247,0.66,0.9998775720596313,1.0
13,1,0.9997048859673942,0.66,0.9996671676635742,1.0
13,1,0.9996828785419729,0.68,0.9996671676635742,1.0
13,1,0.9996843338807141,0.68,0.9996671676635742,1.0
13,1,0.9997064615449068,0.68,0.9996671676635742,1.0
13,1,0.9997196989729138,0.68,0.9996846914291382,1.0
13,1,0.99972156590308,0.68,0.9996846914291382,1.0
13,1,0.9997174655402891,0.68,0.9996657371520996,1.0
13,1,0.9997113193719271,0.66,0.9996657371520996,1.0
13,1,0.9997093824821951,0.66,0.9996767044067383,1.0
13,1,0.9997010088827726,0.66,0.9995649456977844,1.0
13,1,0.9996782302325097,0.66,0.9995324611663818,1.0
13,1,0.9996542932153812,0.64,0.9995324611663818,1.0
13,1,0.9996219519812833,0.64,0.9995324611663818,1.0
13,1,0.9995833027882995,0.64,0.9995324611663818,1.0
13,1,0.9995128972973488,0.64,0.9995306730270386,1.0
13,1,0.9994366606218827,0.62,0.9991455078125,1.0
13,1,0.9993813545602874,0.6,0.9991455078125,1.0
13,1,0.9993219864368844,0.6,0.9991455078125,1.0
13,1,0.9992924671644225,0.6,0.9990569949150085,1.0
13,1,0.999260258060586,0.62,0.9990569949150085,1.0
13,1,0.9991695086075006,0.62,0.9988685846328735,1.0
13,1,0.9991244258678255,0.62,0.9987428784370422,1.0
13,1,0.9990553486458186,0.62,0.998572587966919,1.0
13,1,0.9989181105516359,0.58,0.9978246688842773,1.0
13,1,0.9987235067792413,0.58,0.9975831508636475,1.0
13,1,0.998656400167774,0.58,0.9958130717277527,1.0
13,1,0.998776639838148,0.56,0.9941065311431885,1.0
13,1,0.9988602392852695,0.56,0.9818676710128784,1.0
13,1,0.9988595222647035,0.6,0.9818676710128784,1.0
13,1,0.9988765402188473,0.58,0.9818586111068726,1.0
13,1,0.9988724296289481,0.56,0.9818586111068726,1.0
13,1,0.9988795964844865,0.54,0.9564192891120911,1.0
13,1,0.9989075393470974,0.54,0.9136642217636108,1.0
13,1,0.9989307783069881,0.58,0.8455969095230103,1.0
13,1,0.9990132310240346,0.58,0.7146055698394775,1.0
13,1,0.9991189226327954,0.58,0.7775823473930359,1.0
13,1,0.999169749093041,0.58,0.8542420864105225,1.0
13,1,0.9991798870633936,0.58,0.8542420864105225,1.0
13,1,0.9991620170883182,0.58,0.8235984444618225,1.0
13,1,0.9991579241645078,0.58,0.8235984444618225,1.0
13,1,0.9991689778346996,0.56,0.8487418293952942,1.0
13,1,0.9991677511679986,0.56,0.9217692613601685,1.0
13,1,0.9991611250329385,0.56,0.9217692613601685,1.0
13,1,0.9991538496015194,0.58,0.983676016330719,1.0
13,1,0.9991782694779375,0.58,0.983676016330719,1.0
13,1,0.9991909009676108,0.6,0.983676016330719,1.0
13,1,0.9992206877116122,0.62,0.983676016330719,1.0
13,1,0.9992876543797372,0.62,0.9947009086608887,1.0
13,1,0.9993898624031868,0.62,0.9947009086608887,1.0
13,1,0.9994574838904193,0.62,0.9972589015960693,1.0
13,1,0.9994835347152946,0.62,0.9982010126113892,1.0
13,1,0.9994199555543597,0.62,0.9983959794044495,1.0
13,1,0.9991909425479291,0.64,0.9977617263793945,1.0
13,1,0.9989853910122777,0.68,0.998114824295044,1.0
13,1,0.9988267234776878,0.62,0.998114824295044,1.0
13,1,0.9987888489617763,0.62,0.9977276921272278,1.0
13,1,0.9989275532293757,0.62,0.9977276921272278,1.0
13,1,0.9991024666612186,0.64,0.9978933930397034,1.0
13,1,0.9990709386741116,0.6,0.9974693059921265,1.0
13,1,0.9989976017435034,0.62,0.9961511492729187,1.0
13,1,0.9989692569537159,0.62,0.9961511492729187,1.0
13,1,0.9989930164860473,0.6,0.9961511492729187,1.0
13,1,0.9989551954547362,0.56,0.9977458119392395,1.0
13,1,0.9990744034826293,0.56,0.9981237053871155,1.0
13,1,0.9992392546556566,0.56,0.9964631199836731,1.0
13,1,0.9992825676886046,0.58,0.9978734254837036,1.0
13,1,0.9992384734088321,0.58,0.9903542995452881,1.0
13,1,0.9992107047488948,0.56,0.9903542995452881,1.0
13,1,0.9992070556783621,0.56,0.9903542995452881,1.0
13,1,0.9991906886883559,0.56,0.9895554780960083,1.0
13,1,0.9991662777377063,0.56,0.9934960603713989,1.0
13,1,0.9989116239277994,0.56,0.9934960603713989,1.0
13,1,0.9988599525640406,0.52,0.9915704727172852,1.0
13,1,0.9990943805234566,0.52,0.9888150095939636,1.0
13,1,0.9991667178103387,0.52,0.991692304611206,1.0
13,1,0.9991810891328129,0.52,0.9914684295654297,1.0
13,1,0.9991925350639886,0.52,0.9848982691764832,1.0
13,1,0.9992217240558884,0.52,0.9763715267181396,1.0
13,1,0.9992200601447927,0.48,0.9739097356796265,1.0
13,1,0.9991918115903248,0.46,0.9473554491996765,1.0
13,1,0.9991718327891906,0.46,0.9397236108779907,1.0
13,1,0.9991754462548054,0.46,0.9441190361976624,1.0
13,1,0.9991928142849404,0.44,0.9182479977607727,1.0
13,1,0.9992029241939969,0.42,0.9034706950187683,1.0
13,1,0.9991918718152428,0.42,0.8938695192337036,1.0
13,1,0.9991154644115782,0.4,0.8874584436416626,1.0
13,1,0.9989805235669873,0.36,0.8343863487243652,1.0
13,1,0.9988223987887891,0.34,0.7529779672622681,1.0
13,1,0.9986942357255666,0.32,0.5527754426002502,1.0
13,1,0.9986062079032656,0.32,0.5695419311523438,1.0
13,1,0.9984858881719605,0.32,0.3964199423789978,1.0
13,1,0.9984022132817716,0.3,0.3614656329154968,1.0
13,1,0.9981970157522764,0.32,0.33998334407806396,1.0
13,1,0.9980732397363123,0.3,0.34590238332748413,1.0
13,1,0.9981535099355511,0.3,0.3055628836154938,1.0
13,1,0.9981417774580335,0.3,0.3055628836154938,1.0
13,1,0.9980114153352592,0.3,0.3055628836154938,1.0
13,1,0.9979727990628986,0.3,0.2418898344039917,1.0
13,1,0.998066109521035,0.3,0.3273378908634186,1.0
13,1,0.9980812447821856,0.3,0.3273378908634186,1.0
13,1,0.9980156194267394,0.3,0.32648733258247375,1.0
13,1,0.9979596219768465,0.32,0.3217020332813263,1.0
13,1,0.997970700709515,0.32,0.5483165383338928,1.0
13,1,0.9980568084267851,0.32,0.5483165383338928,1.0
13,1,0.9981264010752965,0.34,0.7617665529251099,1.0
13,1,0.998221703306577,0.34,0.5142652988433838,1.0
13,1,0.9983729091302834,0.36,0.5017553567886353,1.0
13,1,0.9984973714522419,0.42,0.5237422585487366,1.0
13,1,0.9983623684450567,0.44,0.5705773234367371,1.0
13,1,0.9983659763504773,0.42,0.5705773234367371,1.0
13,1,0.9984240852282354,0.42,0.5759212970733643,1.0
13,1,0.9984230434582728,0.42,0.7286337614059448,1.0
13,1,0.9983741592124907,0.48,0.812218427658081,1.0
13,1,0.9987980693830967,0.5,0.8851019144058228,1.0
13,1,0.9983246170228652,0.62,0.9633652567863464,1.0
13,1,0.998520043689234,0.62,0.9678231477737427,1.0
13,1,0.9976665113944164,0.62,0.9811378717422485,1.0
13,1,0.9961770079148154,0.58,0.9950077533721924,1.0
13,1,0.9941815341535095,0.58,0.997510552406311,1.0
13,1,0.9927129612140912,0.62,0.9975091218948364,1.0
13,1,0.9921803147652004,0.62,0.9964669942855835,1.0
13,1,0.9921352067255031,0.64,0.9957505464553833,1.0
13,1,0.9925368263660742,0.64,0.9966346621513367,1.0
13,1,0.9934209354392057,0.64,0.9974753260612488,1.0
13,1,0.9942992097635649,0.66,0.9977255463600159,1.0
13,1,0.9932869884672885,0.66,0.9977255463600159,1.0
13,1,0.9937098682062105,0.64,0.9991733431816101,1.0
13,1,0.9944733917179513,0.64,0.9991737008094788,1.0
13,1,0.9942083615062141,0.64,0.999251663684845,1.0
13,1,0.9939014590539769,0.66,0.9991777539253235,1.0
13,1,0.9938221479201004,0.66,0.9991998076438904,1.0
13,1,0.9941754149470299,0.66,0.9991998076438904,1.0
13,1,0.9943913177724306,0.66,0.9991163611412048,1.0
13,1,0.9938299324785376,0.68,0.9987034797668457,1.0
13,1,0.9940753626665892,0.68,0.99858558177948,1.0
13,1,0.994107803990683,0.68,0.998714804649353,1.0
13,1,0.9945219080998885,0.74,0.9988732933998108,1.0
13,1,0.9949949690281757,0.76,0.9991462230682373,1.0
13,1,0.9948841205354018,0.76,0.9990260601043701,1.0
13,1,0.9953178753715552,0.76,0.9990546107292175,1.0
13,1,0.9954503849180656,0.76,0.9991434812545776,1.0
13,1,0.9955902828842063,0.76,0.9993200302124023,1.0
13,1,0.995715665339389,0.76,0.9997377991676331,1.0
13,1,0.9959495490331906,0.76,0.9997377991676331,1.0
13,1,0.9962773401036324,0.76,0.9996556043624878,1.0
13,1,0.9964967175032163,0.78,0.9995008707046509,1.0
13,1,0.9967827840606769,0.78,0.9996455907821655,1.0
13,1,0.997179770937193,0.78,0.9996455907821655,1.0
13,1,0.997488979786565,0.78,0.9996455907821655,1.0
13,1,0.9974949387504137,0.82,0.9996401071548462,1.0
13,1,0.9974389977503852,0.82,0.9996401071548462,1.0
13,1,0.9976238404023832,0.82,0.9996401071548462,1.0
13,1,0.9976202514452233,0.82,0.9996401071548462,1.0
13,1,0.9976808823918215,0.82,0.9996471405029297,1.0
13,1,0.9980636953171688,0.82,0.9996547698974609,1.0
13,1,0.9985328193752938,0.82,0.9997227787971497,1.0
13,1,0.9988721920802859,0.8,0.999818742275238,1.0
13,1,0.9990847464121724,0.8,0.999818742275238,1.0
13,1,0.9992388103919614,0.8,0.9997879862785339,1.0
13,1,0.9993399360941573,0.8,0.9997879862785339,1.0
13,1,0.9994075853782768,0.84,0.9997466206550598,1.0
13,1,0.9994479547509991,0.84,0.9997466206550598,1.0
13,1,0.9994756436755727,0.84,0.9997768998146057,1.0
13,1,0.9995140046086155,0.84,0.9997214674949646,1.0
13,1,0.9995546717550711,0.8,0.9997214674949646,1.0
13,1,0.9995837115979422,0.82,0.9997214674949646,1.0
13,1,0.9996293840970221,0.82,0.9996825456619263,1.0
13,1,0.9996920869558327,0.82,0.9996825456619263,1.0
13,1,0.9997121218355223,0.82,0.9996825456619263,1.0
13,1,0.9996592578976172,0.82,0.9996825456619263,1.0
13,1,0.99965450127268,0.8,0.9996825456619263,1.0
13,1,0.9996656820488486,0.8,0.9996825456619263,1.0
13,1,0.9996851311933302,0.8,0.9996825456619263,1.0
13,1,0.9997081568710946,0.8,0.9996825456619263,1.0
13,1,0.9996749868023967,0.8,0.9996825456619263,1.0
13,1,0.9996687134996702,0.8,0.9996998310089111,1.0
13,1,0.999652639159267,0.8,0.9996998310089111,1.0
13,1,0.9996183689923831,0.8,0.9996998310089111,1.0
13,1,0.9995910486695521,0.8,0.9997239708900452,1.0
13,1,0.9995707350677787,0.8,0.9997239708900452,1.0
13,1,0.9995477148560615,0.8,0.9996523857116699,1.0
13,1,0.9995245325875176,0.8,0.9996523857116699,1.0
13,1,0.9995193122248672,0.8,0.9996523857116699,1.0
13,1,0.9995269930171818,0.8,0.9996523857116699,1.0
13,1,0.9995274878563963,0.8,0.9997429251670837,1.0
13,1,0.9995274071198418,0.8,0.9994798302650452,1.0
13,1,0.9995322472034395,0.8,0.9994798302650452,1.0
13,1,0.9995357196759544,0.8,0.9996046423912048,1.0
13,1,0.9995323495814622,0.8,0.9996046423912048,1.0
13,1,0.9995058167190964,0.82,0.9994631409645081,1.0
13,1,0.9994874761168894,0.82,0.9994889497756958,1.0
13,1,0.9995080687768642,0.82,0.999365508556366,1.0
13,1,0.9994977330484653,0.82,0.9995518326759338,1.0
13,1,0.999500936370131,0.84,0.999377965927124,1.0
13,1,0.9995252177338768,0.82,0.9993168115615845,1.0
13,1,0.9995182304532058,0.82,0.9993168115615845,1.0
13,1,0.9995302030259939,0.82,0.9993168115615845,1.0
13,1,0.9995295987349339,0.82,0.9993168115615845,1.0
13,1,0.9995534430307536,0.82,0.999377965927124,1.0
13,1,0.999550903759881,0.8,0.9990869760513306,1.0
13,1,0.9995281884347159,0.8,0.9992377758026123,1.0
13,1,0.9994880273467045,0.8,0.9990869760513306,1.0
13,1,0.999449404248682,0.8,0.9988566637039185,1.0
13,1,0.9994550652092461,0.8,0.9987565279006958,1.0
13,1,0.9994618484704216,0.8,0.9987565279006958,1.0
13,1,0.9994696977968048,0.8,0.9987565279006958,1.0
13,1,0.9994903934331345,0.8,0.9987565279006958,1.0
13,1,0.9995173137186603,0.8,0.9987565279006958,1.0
13,1,0.9995457681503686,0.8,0.9987565279006958,1.0
13,1,0.9995818629396577,0.8,0.9987565279006958,1.0
13,1,0.9996200772091755,0.8,0.9990548491477966,1.0
13,1,0.9996705219803046,0.8,0.9991710186004639,1.0
13,1,0.9996890806508533,0.8,0.9991710186004639,1.0
13,1,0.9996691470935031,0.8,0.9989338517189026,1.0
13,1,0.9996723010752906,0.8,0.9990054965019226,1.0
13,1,0.9996810300723677,0.82,0.9990054965019226,1.0
13,1,0.9996816986257718,0.82,0.9990054965019226,1.0
13,1,0.999685282086721,0.84,0.9990720748901367,1.0
13,1,0.9996737374658892,0.84,0.9990720748901367,1.0
13,1,0.9996595005730108,0.84,0.9990054965019226,1.0
13,1,0.9996354298495256,0.84,0.9990054965019226,1.0
13,1,0.9995864651528872,0.82,0.9990054965019226,1.0
13,1,0.9995230825132825,0.82,0.9990054965019226,1.0
13,1,0.9994858304715193,0.82,0.9990054965019226,1.0
13,1,0.9994218503742314,0.82,0.9988662004470825,1.0
13,1,0.9993573882676893,0.82,0.9988662004470825,1.0
13,1,0.999316611988436,0.82,0.9988662004470825,1.0
13,1,0.9992726146578728,0.8,0.9988662004470825,1.0
13,1,0.999204283581028,0.8,0.9987541437149048,1.0
13,1,0.9991371215590452,0.8,0.998854398727417,1.0
13,1,0.9990724194114351,0.8,0.998854398727417,1.0
13,1,0.9990144718843471,0.8,0.9991276860237122,1.0
13,1,0.9989707803159361,0.8,0.9991276860237122,1.0
13,1,0.9989447999864843,0.8,0.9991276860237122,1.0
13,1,0.9989641073790193,0.8,0.9991276860237122,1.0
13,1,0.9989258951341047,0.8,0.9991276860237122,1.0
13,1,0.9988894587270715,0.8,0.9991276860237122,1.0
13,1,0.9988459614744799,0.8,0.9991276860237122,1.0
13,1,0.9988030322609174,0.8,0.9991276860237122,1.0
13,1,0.998823781843357,0.8,0.9992921352386475,1.0
13,1,0.9988658727981045,0.8,0.9993558526039124,1.0
13,1,0.9988730529892517,0.82,0.9993558526039124,1.0
13,1,0.9988076287421433,0.82,0.9994350075721741,1.0
13,1,0.9987391297976168,0.82,0.9994350075721741,1.0
13,1,0.9986525419383843,0.82,0.9994350075721741,1.0
13,1,0.9985724745563558,0.82,0.9994350075721741,1.0
13,1,0.9985855709582264,0.82,0.9992883801460266,1.0
13,1,0.9984989864845117,0.84,0.9992883801460266,1.0
13,1,0.998408785219515,0.84,0.9992883801460266,1.0
13,1,0.99816735007384,0.84,0.9992145299911499,1.0
13,1,0.9980518788847639,0.82,0.9992145299911499,1.0
13,1,0.9979854471139428,0.82,0.9992145299911499,1.0
13,1,0.9979287755331111,0.82,0.9991044402122498,1.0
13,1,0.9979052059109343,0.82,0.9991044402122498,1.0
13,1,0.9977721472053569,0.8,0.9990159273147583,1.0
13,1,0.9976027913433834,0.8,0.9990159273147583,1.0
13,1,0.9973930882854625,0.8,0.9991374015808105,1.0
13,1,0.9972753204212905,0.78,0.99907386302948,1.0
13,1,0.9972751935355231,0.78,0.999254047870636,1.0
13,1,0.9974089811081919,0.78,0.998814582824707,1.0
13,1,0.9976176622280472,0.78,0.998814582824707,1.0
13,1,0.9978720875270183,0.78,0.9993706345558167,1.0
13,1,0.9981194630787056,0.8,0.9992820620536804,1.0
13,1,0.9982613333041861,0.8,0.9994298815727234,1.0
13,1,0.9982779522865735,0.8,0.9994298815727234,1.0
13,1,0.998221743541976,0.8,0.9994298815727234,1.0
13,1,0.9983329209057391,0.8,0.9994934797286987,1.0
13,1,0.9982886066722177,0.8,0.99955815076828,1.0
13,1,0.9981022708480687,0.8,0.9994196891784668,1.0
13,1,0.9980884681655505,0.82,0.9994196891784668,1.0
13,1,0.9982599218800768,0.82,0.9994196891784668,1.0
13,1,0.9984471080227592,0.82,0.9994196891784668,1.0
13,1,0.9985137411977322,0.82,0.9994196891784668,1.0
13,1,0.9985415601566784,0.82,0.9994196891784668,1.0
13,1,0.9985683947145081,0.82,0.9994196891784668,1.0
13,1,0.9985262748373677,0.82,0.99955815076828,1.0
13,1,0.9985105381404361,0.8,0.99955815076828,1.0
13,1,0.9984793243880786,0.8,0.99955815076828,1.0
13,1,0.9983640887303564,0.8,0.99955815076828,1.0
13,1,0.9982929517912377,0.8,0.9994196891784668,1.0
13,1,0.9983193515659202,0.8,0.9992030262947083,1.0
13,1,0.9983367040276454,0.8,0.9992030262947083,1.0
13,1,0.9983811680793808,0.8,0.999346911907196,1.0
13,1,0.9983517855467176,0.8,0.999346911907196,1.0
13,1,0.9983711900068438,0.8,0.999346911907196,1.0
13,1,0.9983884483655435,0.8,0.999346911907196,1.0
13,1,0.9982830176072894,0.82,0.9994196891784668,1.0
13,1,0.998454877315924,0.84,0.9996544122695923,1.0
13,1,0.9984807913147717,0.84,0.9998772144317627,1.0
13,1,0.9986116500132945,0.84,0.9999337196350098,1.0
13,1,0.9986806000975202,0.84,0.9999337196350098,1.0
13,1,0.9987950320715545,0.84,0.9999337196350098,1.0
13,1,0.9989522141494048,0.86,0.9999337196350098,1.0
13,1,0.9989953822849514,0.86,0.9999337196350098,1.0
13,1,0.999046704327691,0.86,0.9999337196350098,1.0
13,1,0.9990767261545394,0.86,0.9999337196350098,1.0
13,1,0.9991485116245348,0.84,0.9999337196350098,1.0
13,1,0.9991882753078569,0.84,0.9999337196350098,1.0
13,1,0.9992412717361279,0.84,0.9999337196350098,1.0
13,1,0.9992353237949647,0.84,0.9999244213104248,1.0
13,1,0.9991504361725985,0.84,0.9999109506607056,1.0
13,1,0.9990092697407127,0.84,0.9999021291732788,1.0
13,1,0.9990272373482071,0.84,0.9998366832733154,1.0
13,1,0.9990378952610058,0.84,0.9995930790901184,1.0
13,1,0.9990050867704721,0.84,0.9996592998504639,1.0
13,1,0.9991151195145882,0.82,0.9996592998504639,1.0
13,1,0.9992987795562147,0.82,0.999479353427887,1.0
13,1,0.9993733350051567,0.82,0.999479353427887,1.0
13,1,0.9993408857345524,0.82,0.9995373487472534,1.0
13,1,0.9992998218475471,0.8,0.9993780851364136,1.0
13,1,0.9992775690480474,0.78,0.9993780851364136,1.0
13,1,0.9992871855510411,0.78,0.9993780851364136,1.0
13,1,0.9993439351937317,0.8,0.9993780851364136,1.0
13,1,0.9993909127867776,0.8,0.9995373487472534,1.0
13,1,0.9993591751813904,0.8,0.9993780851364136,1.0
13,1,0.9993836189956083,0.78,0.9997001886367798,1.0
13,1,0.9994450840178671,0.78,0.9997290968894958,1.0
13,1,0.9995039631788399,0.78,0.9997022747993469,1.0
13,1,0.9995300762919701,0.78,0.9997472167015076,1.0
13,1,0.9994988094779983,0.78,0.9997472167015076,1.0
13,1,0.9995118896522088,0.8,0.9997699856758118,1.0
13,1,0.9995121312003494,0.82,0.999862790107727,1.0
13,1,0.9995426766805374,0.82,0.9998795986175537,1.0
13,1,0.9995660576872751,0.84,0.9999212026596069,1.0
13,1,0.9996026837453761,0.84,0.9999212026596069,1.0
13,1,0.9996877163860436,0.86,0.9999502897262573,1.0
13,1,0.9997137265938841,0.86,0.9999502897262573,1.0
13,1,0.9997239059011633,0.86,0.9999502897262573,1.0
13,1,0.9997357788510061,0.86,0.9999502897262573,1.0
13,1,0.9997344098285601,0.86,0.9999502897262573,1.0
13,1,0.9997275707847438,0.86,0.9999502897262573,1.0
13,1,0.9997407707996766,0.88,0.9999440908432007,1.0
13,1,0.9997641864459713,0.88,0.9999440908432007,1.0
13,1,0.9997852486770052,0.86,0.9999440908432007,1.0
13,1,0.9998039874371664,0.86,0.9999440908432007,1.0
13,1,0.9998173458102658,0.86,0.9999675750732422,1.0
13,1,0.9998242773527973,0.84,0.999980092048645,1.0
13,1,0.999827912596125,0.84,0.999974250793457,1.0
13,1,0.9998426467418277,0.84,0.999974250793457,1.0
13,1,0.9998523283255731,0.84,0.9999771118164062,1.0
13,1,0.9998588837812685,0.82,0.9999748468399048,1.0
13,1,0.9998545373382483,0.82,0.9999748468399048,1.0
13,1,0.9998524552153216,0.82,0.9999748468399048,1.0
13,1,0.9998547222785684,0.84,0.9999748468399048,1.0
13,1,0.9998617145210933,0.84,0.9999748468399048,1.0
13,1,0.999865261734217,0.84,0.9999748468399048,1.0
13,1,0.9998671917162082,0.84,0.9999748468399048,1.0
13,1,0.9998702198423718,0.84,0.9999704360961914,1.0
13,1,0.9998725820767971,0.84,0.9999704360961914,1.0
13,1,0.9998758721491215,0.84,0.9999704360961914,1.0
13,1,0.9998838736118716,0.84,0.9999704360961914,1.0
13,1,0.9998802318467206,0.84,0.9999771118164062,1.0
13,1,0.9998855598526943,0.86,0.9999771118164062,1.0
13,1,0.999890716537247,0.86,0.9999798536300659,1.0
13,1,0.9998955524861249,0.88,0.9999798536300659,1.0
13,1,0.9999103539159834,0.88,0.9999816417694092,1.0
13,1,0.9999198027458108,0.88,0.9999837875366211,1.0
13,1,0.999928126043133,0.9,0.9999610185623169,1.0
13,1,0.9999310984934747,0.9,0.9999610185623169,1.0
13,1,0.9999382336662379,0.9,0.9999841451644897,1.0
13,1,0.999941647655678,0.92,0.9999841451644897,1.0
13,1,0.999948944494451,0.92,0.9999841451644897,1.0
13,1,0.9999493339603452,0.92,0.9999865293502808,1.0
13,1,0.9999486261747369,0.92,0.9999865293502808,1.0
13,1,0.9999508479754298,0.92,0.9999865293502808,1.0
13,1,0.9999527707460125,0.92,0.9999865293502808,1.0
13,1,0.9999541618465685,0.92,0.9999865293502808,1.0
13,1,0.9999568675889285,0.94,0.9999865293502808,1.0
13,1,0.9999575716390912,0.92,0.9999865293502808,1.0
13,1,0.9999608967502409,0.92,0.9999865293502808,1.0
13,1,0.9999614433978988,0.92,0.9999865293502808,1.0
13,1,0.9999617278023605,0.92,0.9999865293502808,1.0
13,1,0.9999617931935698,0.92,0.9999865293502808,1.0
13,1,0.9999638996165933,0.92,0.9999865293502808,1.0
13,1,0.9999679578515958,0.92,0.9999865293502808,1.0
13,1,0.999968331372936,0.94,0.9999865293502808,1.0
13,1,0.999968486950376,0.94,0.9999865293502808,1.0
13,1,0.9999683170634318,0.94,0.9999865293502808,1.0
13,1,0.9999646302707589,0.92,0.9999865293502808,1.0
13,1,0.9999625150069339,0.92,0.9999865293502808,1.0
13,1,0.9999591651804489,0.92,0.9999865293502808,1.0
13,1,0.9999564521410002,0.92,0.9999865293502808,1.0
13,1,0.999955351912927,0.9,0.9999865293502808,1.0
13,1,0.9999558992170816,0.9,0.9999865293502808,1.0
13,1,0.9999541306054248,0.9,0.9999865293502808,1.0
13,1,0.9999537925477779,0.9,0.9999865293502808,1.0
13,1,0.9999535777980407,0.9,0.9999865293502808,1.0
13,1,0.9999512202845837,0.9,0.9999865293502808,1.0
13,1,0.9999496273202965,0.9,0.9999865293502808,1.0
13,1,0.9999487467840709,0.9,0.9999865293502808,1.0
13,1,0.9999513761550255,0.9,0.9999885559082031,1.0
13,1,0.9999521467481491,0.86,0.9999885559082031,1.0
13,1,0.9999512645826767,0.88,0.9999885559082031,1.0
13,1,0.999947927108034,0.88,0.9999902248382568,1.0
13,1,0.9999427417402821,0.88,0.9999889135360718,1.0
13,1,0.9999338408250587,0.88,0.9999788999557495,1.0
13,1,0.9999288470033366,0.9,0.9999788999557495,1.0
13,1,0.9999285137906733,0.88,0.9999788999557495,1.0
13,1,0.9999235982643031,0.88,0.999975323677063,1.0
13,1,0.9999158511767168,0.88,0.9999669790267944,1.0
13,1,0.999905751427419,0.86,0.9999669790267944,1.0
13,1,0.9998954748322523,0.88,0.9999669790267944,1.0
13,1,0.9998899181677389,0.88,0.999976634979248,1.0
13,1,0.9998884893254931,0.88,0.99997878074646,1.0
13,1,0.999889013705939,0.88,0.9999749660491943,1.0
13,1,0.9998932416688512,0.88,0.9999749660491943,1.0
13,1,0.9998985695309899,0.88,0.9999724626541138,1.0
13,1,0.9998983759830956,0.88,0.9999724626541138,1.0
13,1,0.9999005878056935,0.88,0.9999724626541138,1.0
13,1,0.9999039945908144,0.88,0.9999724626541138,1.0
13,1,0.9999080213128975,0.88,0.9999724626541138,1.0
13,1,0.9999115640672395,0.88,0.9999724626541138,1.0
13,1,0.9999179165331549,0.88,0.999976634979248,1.0
13,1,0.9999218459984301,0.88,0.999976634979248,1.0
13,1,0.9999277073541379,0.88,0.999976634979248,1.0
13,1,0.9999313110280096,0.88,0.999976634979248,1.0
13,1,0.9999354097703193,0.88,0.9999825954437256,1.0
13,1,0.999939872011914,0.86,0.9999825954437256,1.0
13,1,0.9999396314035806,0.86,0.9999803304672241,1.0
13,1,0.9999379696491081,0.88,0.9999825954437256,1.0
13,1,0.9999375535753722,0.88,0.9999825954437256,1.0
13,1,0.9999366668266153,0.88,0.9999825954437256,1.0
13,1,0.9999387895389757,0.88,0.9999825954437256,1.0
13,1,0.9999351599146452,0.88,0.9999808073043823,1.0
13,1,0.9999274523976744,0.88,0.999976634979248,1.0
13,1,0.999920909905964,0.88,0.9999799728393555,1.0
13,1,0.9999177122352564,0.88,0.9999799728393555,1.0
13,1,0.999913938708519,0.88,0.9999773502349854,1.0
13,1,0.9999099327914428,0.88,0.9999773502349854,1.0
13,1,0.9999037157946085,0.88,0.9999773502349854,1.0
13,1,0.9999010602213495,0.88,0.9999793767929077,1.0
13,1,0.9998953920150119,0.88,0.9999793767929077,1.0
13,1,0.9998851186825264,0.86,0.999984622001648,1.0
13,1,0.9998788804295382,0.86,0.999984622001648,1.0
13,1,0.9998751083784578,0.88,0.999984622001648,1.0
13,1,0.9998748762180417,0.86,0.9999878406524658,1.0
13,1,0.9998768806771077,0.86,0.9999878406524658,1.0
13,1,0.9998714187507178,0.86,0.9999878406524658,1.0
13,1,0.9998642686981541,0.84,0.9999852180480957,1.0
13,1,0.9998631218348871,0.84,0.9999855756759644,1.0
13,1,0.9998642866339709,0.84,0.9999899864196777,1.0
13,1,0.9998569645812312,0.84,0.9999911785125732,1.0
13,1,0.999847692949641,0.84,0.9999911785125732,1.0
13,1,0.9998525842834346,0.84,0.9999889135360718,1.0
13,1,0.9998474216351588,0.82,0.9999889135360718,1.0
13,1,0.9998252725667656,0.82,0.9999858140945435,1.0
13,1,0.9997989563125402,0.82,0.9999817609786987,1.0
13,1,0.9997683398201398,0.82,0.9999853372573853,1.0
13,1,0.9997441125165687,0.82,0.9999803304672241,1.0
13,1,0.999713755868026,0.82,0.9999803304672241,1.0
13,1,0.9996814239266055,0.82,0.9999803304672241,1.0
13,1,0.9996561496569133,0.82,0.9999803304672241,1.0
13,1,0.9996213534998966,0.82,0.9999803304672241,1.0
13,1,0.9996079000003489,0.82,0.9999755620956421,1.0
13,1,0.9995795596530793,0.82,0.9999755620956421,1.0
13,1,0.9995509037029775,0.82,0.9999755620956421,1.0
13,1,0.9995318605409246,0.82,0.9999755620956421,1.0
13,1,0.9995167218060101,0.82,0.9999755620956421,1.0
13,1,0.9994839879249984,0.82,0.9999755620956421,1.0
13,1,0.9994645098930983,0.82,0.9999755620956421,1.0
13,1,0.9994627410518099,0.8,0.9999755620956421,1.0
13,1,0.9994377977423375,0.8,0.9999784231185913,1.0
13,1,0.9993707510962467,0.8,0.9999784231185913,1.0
13,1,0.9993300690318064,0.78,0.9999784231185913,1.0
13,1,0.9993143796698899,0.8,0.9999784231185913,1.0
13,1,0.9993052854838854,0.78,0.9999784231185913,1.0
13,1,0.999296573547656,0.78,0.9999802112579346,1.0
13,1,0.9992556644083346,0.78,0.9999682903289795,1.0
13,1,0.9992451265679366,0.78,0.9999682903289795,1.0
13,1,0.9992390369781262,0.78,0.9999759197235107,1.0
13,1,0.9992339494108657,0.78,0.9999759197235107,1.0
13,1,0.999228203870915,0.78,0.9999759197235107,1.0
13,1,0.9992226515729326,0.78,0.9999759197235107,1.0
13,1,0.9992179221660578,0.78,0.9999759197235107,1.0
13,1,0.9991917973352076,0.78,0.9999759197235107,1.0
13,1,0.9991860837124065,0.78,0.9999759197235107,1.0
13,1,0.9991743182892989,0.78,0.9999723434448242,1.0
13,1,0.9991459983589984,0.76,0.9999723434448242,1.0
13,1,0.9990523351888345,0.78,0.9999723434448242,1.0
13,1,0.9989840839814179,0.78,0.9999696016311646,1.0
13,1,0.998947401361901,0.78,0.9999696016311646,1.0
13,1,0.9988901615115582,0.78,0.9999696016311646,1.0
13,1,0.9988578361380377,0.78,0.9999696016311646,1.0
13,1,0.9988495261012295,0.78,0.9999696016311646,1.0
13,1,0.9988615610460211,0.8,0.9999696016311646,1.0
13,1,0.9988701293199996,0.8,0.9999794960021973,1.0
13,1,0.9988823329361277,0.8,0.9999794960021973,1.0
13,1,0.9988770535455948,0.8,0.9999796152114868,1.0
13,1,0.9988900144274264,0.8,0.9999796152114868,1.0
13,1,0.998902937807615,0.8,0.9999796152114868,1.0
13,1,0.9989249325925255,0.76,0.9999796152114868,1.0
13,1,0.998820897808867,0.76,0.9999796152114868,1.0
13,1,0.9986741828442018,0.74,0.9999815225601196,1.0
13,1,0.9985866186413511,0.74,0.9999815225601196,1.0
13,1,0.9984846193872708,0.72,0.9999815225601196,1.0
13,1,0.998440955479818,0.72,0.9999786615371704,1.0
13,1,0.9984284223718026,0.72,0.9999696016311646,1.0
13,1,0.9983751321352121,0.72,0.9999696016311646,1.0
13,1,0.9983013852498293,0.72,0.9999696016311646,1.0
13,1,0.9981996778125376,0.7,0.9999696016311646,1.0
13,1,0.9981487063609693,0.7,0.9999696016311646,1.0
13,1,0.9981068584077598,0.7,0.9999696016311646,1.0
13,1,0.9981288246543962,0.7,0.9999696016311646,1.0
13,1,0.9981193293828994,0.7,0.9999696016311646,1.0
13,1,0.9979881346320005,0.7,0.9999696016311646,1.0
13,1,0.9980910446373241,0.72,0.9999696016311646,1.0
13,1,0.9981542496019967,0.72,0.9999696016311646,1.0
13,1,0.9982903710660351,0.72,0.999972939491272,1.0
13,1,0.9985859376507452,0.68,0.999972939491272,1.0
13,1,0.9987006140560228,0.66,0.9999417066574097,1.0
13,1,0.9982599559320677,0.66,0.9999417066574097,1.0
13,1,0.9973931480015592,0.64,0.9998757839202881,1.0
13,1,0.9962600180957705,0.6,0.9998782873153687,1.0
13,1,0.9980494281114327,0.6,0.9997943043708801,1.0
13,1,0.9983923257738635,0.6,0.9994280934333801,1.0
13,1,0.9987112117718296,0.6,0.99932861328125,1.0
13,1,0.9987811836680501,0.6,0.9993889331817627,1.0
13,1,0.9988972979441124,0.6,0.9993889331817627,1.0
13,1,0.9990573082410011,0.6,0.999382734298706,1.0
13,1,0.9991920937581429,0.58,0.9995169639587402,1.0
13,1,0.9992884182775845,0.58,0.9995641112327576,1.0
13,1,0.9993532701828928,0.6,0.9995641112327576,1.0
13,1,0.9993764340726552,0.6,0.9995641112327576,1.0
13,1,0.999234401215769,0.6,0.9995641112327576,1.0
13,1,0.9989973100812006,0.6,0.9995641112327576,1.0
13,1,0.9990169246451658,0.56,0.9992554783821106,1.0
13,1,0.9992595079156221,0.56,0.9991401433944702,1.0
13,1,0.999307676311446,0.56,0.9991401433944702,1.0
13,1,0.9993258975867152,0.56,0.9991401433944702,1.0
13,1,0.9993244392167772,0.56,0.9991401433944702,1.0
13,1,0.999366581488862,0.52,0.999030351638794,1.0
13,1,0.9993836004243656,0.52,0.999030351638794,1.0
13,1,0.9994315411349117,0.52,0.999030351638794,1.0
13,1,0.9994933821242559,0.52,0.9991905093193054,1.0
13,1,0.999477490863677,0.52,0.9991905093193054,1.0
13,1,0.9994860437958085,0.52,0.9992766976356506,1.0
13,1,0.9994926271968101,0.52,0.9992766976356506,1.0
13,1,0.9994837425522651,0.52,0.9992766976356506,1.0
13,1,0.9995035557820194,0.52,0.9991787075996399,1.0
13,1,0.9995309866263288,0.52,0.999097466468811,1.0
13,1,0.9995320449312516,0.52,0.999097466468811,1.0
13,1,0.9995322191278072,0.52,0.999261200428009,1.0
13,1,0.999517602594988,0.5,0.9992361068725586,1.0
13,1,0.9994968020229272,0.5,0.9992361068725586,1.0
13,1,0.9994699799663938,0.5,0.9992361068725586,1.0
13,1,0.999415523588666,0.54,0.9992361068725586,1.0
13,1,0.9993975013498642,0.54,0.9993048906326294,1.0
13,1,0.9994849003729837,0.56,0.9987584352493286,1.0
13,1,0.9994640985033136,0.56,0.9986805319786072,1.0
13,1,0.9994703976708008,0.56,0.9986805319786072,1.0
13,1,0.9995559231726047,0.54,0.9986805319786072,1.0
13,1,0.99952919306018,0.54,0.998799204826355,1.0
13,1,0.9994570087226005,0.54,0.998799204826355,1.0
13,1,0.9993839574110325,0.54,0.998799204826355,1.0
13,1,0.999307248764753,0.54,0.998799204826355,1.0
13,1,0.9991391272181559,0.6,0.998799204826355,1.0
13,1,0.9989892079061153,0.58,0.9977704286575317,1.0
13,1,0.9989580621095205,0.58,0.9971523284912109,1.0
13,1,0.999000781930863,0.58,0.9968756437301636,1.0
13,1,0.9990332633448603,0.58,0.9971523284912109,1.0
13,1,0.9989917171045264,0.56,0.9968486428260803,1.0
13,1,0.9989446954815102,0.56,0.9934850335121155,1.0
13,1,0.998903172339709,0.56,0.9934850335121155,1.0
13,1,0.9988030732224156,0.54,0.995712399482727,1.0
13,1,0.9988205768461931,0.58,0.9964843988418579,1.0
13,1,0.9988021997195905,0.58,0.9964843988418579,1.0
13,1,0.9986823122356281,0.58,0.9961431622505188,1.0
13,1,0.9986299716358411,0.58,0.9811846613883972,1.0
13,1,0.9986018969837086,0.58,0.9811846613883972,1.0
13,1,0.9985700490604044,0.58,0.975300669670105,1.0
13,1,0.9983310198088395,0.58,0.9780378341674805,1.0
13,1,0.9980992859392086,0.6,0.9794905781745911,1.0
13,1,0.9980999428001297,0.6,0.9794905781745911,1.0
13,1,0.9981160264402569,0.62,0.9840995073318481,1.0
13,1,0.9980457334791638,0.62,0.9840995073318481,1.0
13,1,0.9979840798721512,0.62,0.9826959371566772,1.0
13,1,0.9979574612435487,0.62,0.9841806888580322,1.0
13,1,0.9979935319665526,0.62,0.980948805809021,1.0
13,1,0.9980833718483694,0.62,0.9792801737785339,1.0
13,1,0.9981122511761481,0.62,0.9713580012321472,1.0
13,1,0.9980347569920079,0.64,0.9713580012321472,1.0
13,1,0.9979895094324913,0.64,0.9745206236839294,1.0
13,1,0.9981595083527782,0.64,0.9745206236839294,1.0
13,1,0.9983077035921369,0.64,0.9745206236839294,1.0
13,1,0.9982947961569846,0.64,0.9745206236839294,1.0
13,1,0.9983316013204113,0.66,0.9745206236839294,1.0
13,1,0.9984712381791949,0.66,0.9745206236839294,1.0
13,1,0.9985587540123834,0.66,0.9713580012321472,1.0
13,1,0.9985566343482982,0.66,0.969483494758606,1.0
13,1,0.9986832276025441,0.66,0.9657176733016968,1.0
13,1,0.9986865757802856,0.64,0.9657176733016968,1.0
13,1,0.9986206556483508,0.62,0.9684432744979858,1.0
13,1,0.9986685710307565,0.62,0.9737399220466614,1.0
13,1,0.998635730584213,0.62,0.9737399220466614,1.0
13,1,0.9986630718889107,0.62,0.9746101498603821,1.0
13,1,0.9986490942084809,0.6,0.9746101498603821,1.0
13,1,0.9986023195043899,0.6,0.9746101498603821,1.0
13,1,0.9985660059958458,0.6,0.9746101498603821,1.0
13,1,0.9986937061910107,0.6,0.9730141758918762,1.0
13,1,0.9988780492251057,0.56,0.9730141758918762,1.0
13,1,0.9989274402651223,0.56,0.9730141758918762,1.0
13,1,0.9989160489700585,0.56,0.9730141758918762,1.0
13,1,0.9989640126947972,0.56,0.9730141758918762,1.0
13,1,0.9989772633484113,0.56,0.9730141758918762,1.0
13,1,0.9989762276843862,0.56,0.9804874062538147,1.0
13,1,0.9989963005189715,0.56,0.9822131395339966,1.0
13,1,0.999015045864326,0.56,0.9822131395339966,1.0
13,1,0.9990274549030425,0.56,0.9851638078689575,1.0
13,1,0.9990199852635996,0.56,0.9821290969848633,1.0
13,1,0.9990803817315576,0.56,0.9821290969848633,1.0
13,1,0.9991745744667865,0.56,0.9963395595550537,1.0
13,1,0.9992340386919726,0.56,0.995971143245697,1.0
13,1,0.9993319757099745,0.58,0.995458722114563,1.0
13,1,0.9993306617562835,0.58,0.9935033917427063,1.0
13,1,0.9993799978145391,0.56,0.9935033917427063,1.0
13,1,0.9994332009624116,0.6,0.994084894657135,1.0
13,1,0.9994028134152244,0.6,0.9945632815361023,1.0
13,1,0.9993887299752736,0.58,0.9945632815361023,1.0
13,1,0.9993420588304568,0.6,0.992998480796814,1.0
13,1,0.9992640496872884,0.58,0.9928538203239441,1.0
13,1,0.9992527192259243,0.56,0.9932366013526917,1.0
13,1,0.9992686768816899,0.54,0.985732913017273,1.0
13,1,0.9992577539864759,0.54,0.9601553082466125,1.0
13,1,0.9992358037302232,0.54,0.9630171060562134,1.0
13,1,0.9992117658651625,0.54,0.8931543231010437,1.0
13,1,0.9991918052493913,0.54,0.8931543231010437,1.0
13,1,0.9991753037942617,0.54,0.8931543231010437,1.0
13,1,0.9991637296732444,0.56,0.8795153498649597,1.0
13,1,0.9991681730486457,0.54,0.8795153498649597,1.0
13,1,0.9992041801853631,0.56,0.8795153498649597,1.0
13,1,0.9992810333358086,0.58,0.8795153498649597,1.0
13,1,0.9993260253719235,0.6,0.8018901348114014,1.0
13,1,0.9992389909934857,0.62,0.8018901348114014,1.0
13,1,0.999213895905261,0.62,0.8018901348114014,1.0
13,1,0.9992142758699302,0.66,0.8018901348114014,1.0
13,1,0.999221472537261,0.66,0.9240415096282959,1.0
13,1,0.9992377564519234,0.66,0.9240415096282959,1.0
13,1,0.9992291135735006,0.66,0.9240415096282959,1.0
13,1,0.9992391795057436,0.68,0.9240415096282959,1.0
13,1,0.9993016683622313,0.66,0.9240415096282959,1.0
13,1,0.9992799267917221,0.66,0.9450269341468811,1.0
13,1,0.9993708861223956,0.66,0.9450269341468811,1.0
13,1,0.9994121480946855,0.66,0.9494963884353638,1.0
13,1,0.9994308562509601,0.66,0.9832114577293396,1.0
13,1,0.999445614388556,0.66,0.9836326241493225,1.0
13,1,0.9994592830060026,0.6,0.991455078125,1.0
13,1,0.9994928061437208,0.6,0.993330180644989,1.0
13,1,0.9995245315504493,0.56,0.9947561025619507,1.0
13,1,0.9995234956463228,0.56,0.995118260383606,1.0
13,1,0.9995086703227214,0.56,0.995118260383606,1.0
13,1,0.9995058661488025,0.56,0.9959288239479065,1.0
13,1,0.9995065670190153,0.56,0.9959288239479065,1.0
13,1,0.9995016097363845,0.56,0.9959288239479065,1.0
13,1,0.9995097351531378,0.54,0.9959288239479065,1.0
13,1,0.9995363550931231,0.52,0.9959288239479065,1.0
13,1,0.9995448605475138,0.52,0.9962823987007141,1.0
13,1,0.9995310945864804,0.54,0.9962823987007141,1.0
13,1,0.9995133987106921,0.52,0.9962823987007141,1.0
13,1,0.9994834897550637,0.52,0.997597873210907,1.0
13,1,0.9994344755377161,0.52,0.9973607659339905,1.0
13,1,0.9993763891237882,0.5,0.9973607659339905,1.0
13,1,0.9993692719176503,0.5,0.9973607659339905,1.0
13,1,0.9993987415437301,0.5,0.9973607659339905,1.0
13,1,0.9994058373538347,0.5,0.9973607659339905,1.0
13,1,0.9993920617833034,0.5,0.9973607659339905,1.0
13,1,0.9993810958826967,0.52,0.9957276582717896,1.0
13,1,0.999404699563725,0.52,0.9957276582717896,1.0
13,1,0.9993372364669159,0.54,0.9957276582717896,1.0
13,1,0.9992344853263582,0.56,0.9957276582717896,1.0
13,1,0.9991123041024607,0.58,0.9962823987007141,1.0
13,1,0.9991433371921901,0.58,0.995118260383606,1.0
13,1,0.9991445479488873,0.6,0.9884209632873535,1.0
13,1,0.9988844267415387,0.62,0.9744045734405518,1.0
13,1,0.9982980317610808,0.62,0.9362291693687439,1.0
13,1,0.9973718605087686,0.7,0.9150452613830566,1.0
13,1,0.9954110999618788,0.64,0.6792554259300232,0.9999999403953552
13,1,0.9923140937882079,0.62,0.6927388906478882,0.9999997615814209
13,1,0.9905431832815431,0.6,0.6016227602958679,0.999999463558197
13,1,0.9897590060890687,0.6,0.6201858520507812,0.9999990463256836
13,1,0.989041931775595,0.58,0.6201858520507812,0.9999982714653015
13,1,0.9885441753718317,0.56,0.6201858520507812,0.9999972581863403
13,1,0.9898953056089883,0.56,0.8337979912757874,0.9999973177909851
13,1,0.9914951741139842,0.56,0.805698573589325,0.9999973773956299
13,1,0.9933827556038552,0.54,0.726240336894989,0.999997615814209
13,1,0.9915549547669638,0.56,0.6894650459289551,0.9999973177909851
13,1,0.9896003002064306,0.58,0.5911158323287964,0.9999973177909851
13,1,0.9892295806403726,0.58,0.3418906331062317,0.9999979734420776
13,1,0.9899637891443038,0.56,0.285724937915802,0.9999985694885254
13,1,0.9893875932187779,0.58,0.285724937915802,0.9999988079071045
13,1,0.988930503198318,0.6,0.2688770890235901,0.9999990463256836
13,1,0.9887513661895858,0.6,0.2688770890235901,0.9999992251396179
13,1,0.9889295620131661,0.6,0.2688770890235901,0.9999994039535522
13,1,0.9891639961058623,0.58,0.21726219356060028,0.9999995827674866
13,1,0.9890509824618605,0.58,0.29328060150146484,0.9999997019767761
13,0,0.23111792109716928,0.1,0.00014005105185788125,0.0002654827549122274
13,0,0.2334757910936363,0.1,0.00014005105185788125,0.0003165926318615675
13,0,0.24131937233323794,0.1,0.00014005105185788125,0.0003534274874255061
13,0,0.24281108722005212,0.1,0.00014005105185788125,0.000315117125865072
13,0,0.2421444108032242,0.1,0.00014005105185788125,0.00024058391863945872
13,0,0.25039698490551104,0.1,8.663701009936631e-05,0.00017161962750833482
13,0,0.26149278641824436,0.1,8.663701009936631e-05,0.0001768046640790999
13,0,0.266481524672178,0.1,8.955618977779523e-05,0.00017971792840398848
13,0,0.2761796898160299,0.08,0.00011556440585991368,0.00024372850020881742
13,0,0.29021855832000887,0.08,0.00011556440585991368,0.00034657560172490776
13,0,0.31123842671284774,0.08,0.00011556440585991368,0.0005040062824264169
13,0,0.3507100665482237,0.1,7.809055387042463e-05,0.0006526577053591609
13,0,0.3608094862742034,0.1,4.0949485992314294e-05,0.0019293185323476791
13,0,0.3394985953185723,0.1,4.0949485992314294e-05,0.0034198113717138767
13,0,0.3475881110891785,0.08,2.392784517724067e-05,0.006259307265281677
13,0,0.3721157409644277,0.08,1.761871317285113e-05,0.009838823229074478
13,0,0.37496299676134703,0.08,1.6794536350062117e-05,0.011013529263436794
13,0,0.367153962742867,0.06,1.6794536350062117e-05,0.0092693492770195
13,0,0.3798123600203857,0.06,2.2808542780694552e-05,0.007983306422829628
13,0,0.4029261769096402,0.06,2.2808542780694552e-05,0.007924318313598633
13,0,0.3920049816310877,0.06,2.2808542780694552e-05,0.0067573850974440575
13,0,0.3821188336342199,0.06,2.0438885258045048e-05,0.0064814831130206585
13,0,0.3790663774974801,0.08,3.438433850533329e-05,0.006731320638209581
13,0,0.37274605483359574,0.08,3.438433850533329e-05,0.006482016760855913
13,0,0.36924485693969605,0.08,3.438433850533329e-05,0.006459130439907312
13,0,0.37389951504077,0.08,8.318418986164033e-05,0.007240505889058113
13,0,0.37981670207148643,0.08,8.41818327899091e-05,0.01004138495773077
13,0,0.358280241741219,0.08,0.00016265682643279433,0.013277065008878708
13,0,0.33327877447026116,0.06,0.0002580056607257575,0.015790991485118866
13,0,0.31719189656271796,0.06,0.0001899884082376957,0.015698498114943504
13,0,0.30396681735008574,0.06,0.00021803345589432865,0.013545050285756588
13,0,0.2890993243184264,0.08,0.00021803345589432865,0.009577646851539612
13,0,0.2776363520316687,0.06,0.00021803345589432865,0.006233973428606987
13,0,0.2731235394104032,0.06,0.00029624166199937463,0.0038467934355139732
13,0,0.270011054252105,0.06,0.00034781667636707425,0.0022956302855163813
13,0,0.2613835317633456,0.06,0.00047231116332113743,0.0012460313737392426
13,0,0.2478786843774775,0.06,0.00028787957853637636,0.0006568462704308331
13,0,0.23271745992329426,0.06,0.0002685739891603589,0.0004171928158029914
13,0,0.21998202953072252,0.06,0.00017114020010922104,0.0003640370268840343
13,0,0.21230938961864093,0.06,0.00017114020010922104,0.0003866236365865916
13,0,0.21166725106700046,0.06,0.00017114020010922104,0.0004174054483883083
13,0,0.22635768342241064,0.06,0.00017114020010922104,0.0005220926832407713
13,0,0.22514237737808024,0.06,0.00017114020010922104,0.0006176193710416555
13,0,0.23304667843777804,0.06,0.00026604734011925757,0.0007765552727505565
13,0,0.2433793895794065,0.06,0.00026604734011925757,0.0008233527769334614
13,0,0.2529050314636469,0.06,0.0003037994902115315,0.0007688438054174185
13,0,0.26102396579940285,0.08,0.0006540024769492447,0.0007155706989578903
13,0,0.27076679395406256,0.08,0.0008761586504988372,0.0007712399237789214
13,0,0.3046436044688831,0.08,0.0008373635937459767,0.0009439433924853802
13,0,0.34211376626504214,0.08,0.001717145903967321,0.001246958738192916
13,0,0.376828545565595,0.1,0.0011495070066303015,0.0015554782003164291
13,0,0.3671919896693308,0.1,0.0016457393066957593,0.0011480957036837935
13,0,0.33144451399911357,0.14,0.0016457393066957593,0.0008093019132502377
13,0,0.22251628761110878,0.16,0.001120725297369063,0.0023051032330840826
13,0,0.21015558496440878,0.16,0.005766388960182667,0.011539408937096596
13,0,0.18985228763951897,0.18,0.008106866851449013,0.034469448029994965
13,0,0.1805687962258908,0.16,0.00877109169960022,0.02603798732161522
13,0,0.17262276189321354,0.18,0.00877109169960022,0.023484906181693077
13,0,0.17082862089934953,0.18,0.01122775673866272,0.024766961112618446
13,0,0.17274012880443726,0.18,0.01122775673866272,0.028019320219755173
13,0,0.1701183181876781,0.18,0.01122775673866272,0.03127249330282211
13,0,0.16896826677123578,0.2,0.01122775673866272,0.038068849593400955
13,0,0.16933432956613695,0.2,0.016530076041817665,0.048841867595911026
13,0,0.17185927364062506,0.2,0.024821864441037178,0.06596385687589645
13,0,0.17275141822222503,0.2,0.026136137545108795,0.09694972634315491
13,0,0.1793253353225105,0.22,0.04377424716949463,0.15315425395965576
13,0,0.18111599567715667,0.2,0.04377424716949463,0.2109520137310028
13,0,0.17797197168925827,0.18,0.12792252004146576,0.2781902551651001
13,0,0.1670732328203187,0.2,0.24325139820575714,0.352388858795166
13,0,0.17756704443931595,0.24,0.3282416760921478,0.498341828584671
13,0,0.17463153280308288,0.26,0.3868980407714844,0.6246716976165771
13,0,0.1793824116799171,0.24,0.3036244213581085,0.7208492755889893
13,0,0.17069712196427841,0.24,0.10129258781671524,0.7185659408569336
13,0,0.16023014824090012,0.22,0.04308038949966431,0.6736561059951782
13,0,0.15139101129556837,0.22,0.050523947924375534,0.6286231875419617
13,0,0.14477738259221667,0.22,0.019215239211916924,0.6035917401313782
13,0,0.1388205078721742,0.2,0.017926795408129692,0.5646582841873169
13,0,0.13424815308844434,0.22,0.02894863672554493,0.5307083129882812
13,0,0.1318111589327604,0.24,0.015790103003382683,0.5299316644668579
13,0,0.13335501439115996,0.24,0.008471454493701458,0.5670982599258423
13,0,0.1362396125920332,0.22,0.008709428831934929,0.6206560134887695
13,0,0.14499449999872602,0.24,0.0032666774932295084,0.6936858892440796
13,0,0.14561095558182505,0.26,0.0049188872799277306,0.7483247518539429
13,0,0.16513434298962373,0.3,0.00887282658368349,0.8218626976013184
13,0,0.19079727544641528,0.3,0.011415292508900166,0.888995885848999
13,0,0.1922261932792785,0.3,0.012241586111485958,0.9201090335845947
13,0,0.2068390543427711,0.28,0.019297190010547638,0.9531389474868774
13,0,0.22582717993859422,0.3,0.031496014446020126,0.9742405414581299
13,0,0.24960420051414894,0.3,0.0636543333530426,0.9852546453475952
13,0,0.27550477563313114,0.28,0.22677268087863922,0.9897742867469788
13,0,0.2930759990146662,0.28,0.2049323320388794,0.9917687177658081
13,0,0.29757956462343144,0.26,0.2049323320388794,0.9925104379653931
13,0,0.3059465063146571,0.3,0.23435112833976746,0.9933909177780151
13,0,0.31251670027141853,0.3,0.23435112833976746,0.9936710000038147
13,0,0.31963693900210716,0.3,0.36497992277145386,0.9936038851737976
13,0,0.31134034597757787,0.3,0.36497992277145386,0.9922353029251099
13,0,0.2667709534071844,0.32,0.39539459347724915,0.9861300587654114
13,0,0.2136286067448199,0.32,0.8716092705726624,0.9886448383331299
13,0,0.23198271858339042,0.36,0.8844344019889832,0.9928104877471924
13,0,0.22631525295858865,0.42,0.9082489013671875,0.9943903684616089
13,0,0.16248686440330862,0.42,0.8676230907440186,0.993627667427063
13,0,0.14584046341687143,0.4,0.8914728760719299,0.9901142120361328
13,0,0.1441526480564968,0.42,0.8914728760719299,0.9872993230819702
13,0,0.14296336831699516,0.4,0.8794443607330322,0.9848111867904663
13,0,0.14465617280949317,0.38,0.8794443607330322,0.9829509854316711
13,0,0.13839401537072207,0.36,0.6957061290740967,0.9786700010299683
13,0,0.136527757862128,0.36,0.6957061290740967,0.9754647612571716
13,0,0.13894040474727198,0.34,0.6459222435951233,0.9752865433692932
13,0,0.1318420063096004,0.36,0.4348509907722473,0.9755768775939941
13,0,0.12427760916349284,0.34,0.42603227496147156,0.9767630100250244
13,0,0.11764036067110638,0.32,0.2659749388694763,0.973415732383728
13,0,0.11013061500646784,0.3,0.239335834980011,0.9648412466049194
13,0,0.09280249931705475,0.3,0.17045222222805023,0.945121169090271
13,0,0.08465740967859112,0.3,0.076194629073143,0.9362788796424866
13,0,0.08230310752704416,0.28,0.12874957919120789,0.933788537979126
13,0,0.07566881330924044,0.24,0.17555087804794312,0.9339639544487
13,0,0.07136096663189553,0.22,0.19540661573410034,0.9372948408126831
13,0,0.06904368302482981,0.3,0.24972885847091675,0.9503148198127747
13,0,0.07110143718002285,0.32,0.18710185587406158,0.9684029817581177
13,0,0.07946505907582467,0.34,0.24518005549907684,0.9849796295166016
13,0,0.09486532085651495,0.32,0.30855000019073486,0.9943156242370605
13,0,0.105133307858067,0.34,0.5830671191215515,0.9975243210792542
13,0,0.10580122332726528,0.38,0.5830671191215515,0.9986512064933777
13,0,0.11247137737247515,0.38,0.7616167664527893,0.9993436932563782
13,0,0.12734215917716366,0.38,0.7616167664527893,0.9996975064277649
13,0,0.1434434807443724,0.36,0.7616167664527893,0.9998332858085632
13,0,0.15356964151031446,0.38,0.7593189477920532,0.9998937249183655
13,0,0.1460632097052533,0.4,0.7415844202041626,0.999906063079834
13,0,0.14868330292502724,0.38,0.9330403804779053,0.9999123811721802
13,0,0.14967688037731258,0.36,0.9345557689666748,0.999903678894043
13,0,0.15793405457644838,0.36,0.9146099090576172,0.999880850315094
13,0,0.15109450103146627,0.34,0.9146099090576172,0.9998185634613037
13,0,0.14686433824085923,0.34,0.7732968926429749,0.9997361898422241
13,0,0.1431165437934759,0.36,0.6738739013671875,0.9995809197425842
13,0,0.13982025517514393,0.36,0.6184906959533691,0.9992747902870178
13,0,0.13927887087721233,0.36,0.2317918986082077,0.9986685514450073
13,0,0.14182338582370813,0.34,0.1589568853378296,0.997460126876831
13,0,0.14270656854419805,0.34,0.1589568853378296,0.9951900243759155
13,0,0.14334011614041112,0.34,0.12474235147237778,0.9914348125457764
13,0,0.14184949422694684,0.36,0.10148075968027115,0.9839691519737244
13,0,0.13898810772908937,0.34,0.07088841497898102,0.9679492712020874
13,0,0.13696626443791532,0.32,0.07088841497898102,0.9380220770835876
13,0,0.13280550920909953,0.32,0.0576750673353672,0.8866804242134094
13,0,0.1271419164980873,0.32,0.0576750673353672,0.8065659999847412
13,0,0.12092363704018914,0.34,0.0576750673353672,0.6905655860900879
13,0,0.11009248629660957,0.3,0.02829449437558651,0.5335058569908142
13,0,0.09833202540008391,0.26,0.02829449437558651,0.36049050092697144
13,0,0.08943994797400891,0.26,0.014882806688547134,0.23269887268543243
13,0,0.07755854845752563,0.22,0.013285896740853786,0.14484119415283203
13,0,0.06573735397343257,0.16,0.013285896740853786,0.10292623937129974
13,0,0.06064662525308977,0.16,0.013285896740853786,0.07621382921934128
13,0,0.05214822021492822,0.14,0.011417541652917862,0.058864764869213104
13,0,0.044430281508523004,0.14,0.004797704983502626,0.04904313385486603
13,0,0.03685302868422102,0.14,0.011749183759093285,0.046196695417165756
13,0,0.03718390649710112,0.14,0.011749183759093285,0.061820175498723984
13,0,0.03874836396000403,0.18,0.011749183759093285,0.09023070335388184
13,0,0.04288767550221035,0.22,0.011749183759093285,0.13082247972488403
13,0,0.046550697120256924,0.28,0.004847235977649689,0.18821623921394348
13,0,0.05141325630704579,0.3,0.00757042458280921,0.26756736636161804
13,0,0.057908365038221436,0.3,0.013537942431867123,0.3721296787261963
13,0,0.06599839739842028,0.32,0.01105682086199522,0.49347221851348877
13,0,0.07272335040980736,0.32,0.009080917574465275,0.6336320638656616
13,0,0.07975222194762048,0.32,0.009166209027171135,0.755399227142334
13,0,0.08887714066598908,0.3,0.01299111545085907,0.8485133647918701
13,0,0.09925915221030301,0.3,0.008192050270736217,0.9057683944702148
13,0,0.11101307470638759,0.3,0.06557662039995193,0.936853289604187
13,0,0.11326500247271325,0.28,0.10387127101421356,0.9418529272079468
13,0,0.11103395865240043,0.28,0.10387127101421356,0.9313163757324219
13,0,0.1015694324914509,0.26,0.10382327437400818,0.8864356279373169
13,0,0.0985390004135578,0.3,0.027482440695166588,0.6363769173622131
13,0,0.11038837383515955,0.3,0.023291664198040962,0.5875635147094727
13,0,0.12503342820609778,0.28,0.011491979472339153,0.44600993394851685
13,0,0.1341215283542349,0.24,0.0064335898496210575,0.2455388605594635
13,0,0.1311192805460368,0.22,0.0064335898496210575,0.13371016085147858
13,0,0.1319931853872465,0.22,0.006872266530990601,0.0803467407822609
13,0,0.12264558033721237,0.18,0.006872266530990601,0.046985507011413574
13,0,0.11651957108381525,0.16,0.011520994827151299,0.02940383367240429
13,0,0.120146845538803,0.16,0.011520994827151299,0.01999766193330288
13,0,0.12620856597259214,0.14,0.0124622518196702,0.013007658533751965
13,0,0.12675757075065552,0.08,0.0017803673399612308,0.008112071081995964
13,0,0.12286196613772063,0.06,0.001032638712786138,0.005577150732278824
13,0,0.11455024953221316,0.02,0.0007913343724794686,0.0038544335402548313
13,0,0.10271655178316326,0.0,0.00029700552113354206,0.0024215655867010355
13,0,0.09019419150725344,0.0,0.00026323404745198786,0.0015341165708377957
13,0,0.07891211800872955,0.0,0.0003705301496665925,0.001077634864486754
13,0,0.06883755347011422,0.0,0.0001800982136046514,0.0008041287655942142
13,0,0.06090116361424897,0.0,0.00016848382074385881,0.0006322487024590373
13,0,0.05717523699188319,0.0,7.033356814645231e-05,0.0005684691132046282
13,0,0.049190381414459396,0.02,7.782559987390414e-05,0.0005495056393556297
13,0,0.04371759533223286,0.02,0.00014411000302061439,0.0006459724972955883
13,0,0.03999058140523957,0.06,0.0003016458940692246,0.0008049176540225744
13,0,0.0404717933557061,0.06,0.0003544251958373934,0.0012470793444663286
13,0,0.04175580727606176,0.06,0.00039809069130569696,0.0019440934993326664
13,0,0.04311038127947827,0.04,0.0003982958442065865,0.0031145464163273573
13,0,0.04566731257951122,0.04,0.0003982958442065865,0.005185342393815517
13,0,0.04957983664671012,0.04,0.0016570487059652805,0.00870260875672102
13,0,0.050641252372184614,0.08,0.0015362142585217953,0.01653958112001419
13,0,0.053725823505016944,0.1,0.0010095532052218914,0.028426779434084892
13,0,0.06004862103861873,0.1,0.0010095532052218914,0.04261943697929382
13,0,0.0702854932954054,0.1,0.001019113464280963,0.05600009858608246
13,0,0.08216512685666166,0.12,0.00161982630379498,0.07306541502475739
13,0,0.09121254674821169,0.1,0.008632740005850792,0.09920883178710938
13,0,0.10199847796976827,0.12,0.014171353541314602,0.1241190955042839
13,0,0.10206919796826207,0.12,0.016640521585941315,0.12493896484375
13,0,0.10712211100973061,0.12,0.020577169954776764,0.12587694823741913
13,0,0.11314247828672663,0.12,0.020577169954776764,0.10263258963823318
13,0,0.1109091989419748,0.12,0.020577169954776764,0.06803759932518005
13,0,0.09802974022342845,0.12,0.020577169954776764,0.04131759703159332
13,0,0.09451046903690008,0.12,0.030995095148682594,0.02420950122177601
13,0,0.08560174753659966,0.1,0.016117984429001808,0.012312528677284718
13,0,0.07529167256097591,0.1,0.0033624714706093073,0.005861683748662472
13,0,0.06874181661900838,0.08,0.001459176535718143,0.0027086741756647825
13,0,0.06534775730714018,0.08,0.0008859682711772621,0.0013116624904796481
13,0,0.06273567257182094,0.08,0.00044227621401660144,0.0006342569249682128
13,0,0.06026389441736376,0.08,0.00047884832019917667,0.0003327489539515227
13,0,0.0577820116337579,0.06,0.00047884832019917667,0.00018520845333114266
13,0,0.05378282783291869,0.06,0.000436182162957266,0.00010630085307639092
13,0,0.0501535198104379,0.02,0.0002720819611568004,5.99369486735668e-05
13,0,0.04648486558886093,0.02,0.00023426800908055156,3.5214754461776465e-05
13,0,0.04071673342099821,0.02,0.00015744302072562277,2.3571066776639782e-05
13,0,0.03571796687083366,0.02,2.213162042608019e-05,1.661340138525702e-05
13,0,0.033221901916228314,0.02,1.7826021576183848e-05,1.1301520316919778e-05
13,0,0.030263950895431442,0.02,9.626240171201061e-06,7.894516784290317e-06
13,0,0.027345618094004705,0.02,1.0215888323727995e-05,5.791190687887138e-06
13,0,0.02496268803632937,0.02,1.18653078970965e-05,4.816006821783958e-06
13,0,0.023261199026774166,0.02,1.18653078970965e-05,4.672728664445458e-06
13,0,0.02223602733634632,0.04,1.1120144336018711e-05,5.077511559647974e-06
13,0,0.021855772669168633,0.04,1.0478303920535836e-05,6.331868917186512e-06
13,0,0.021966080753165952,0.04,1.6190993846976198e-05,8.712114322406705e-06
13,0,0.022525833961483985,0.04,6.202263466548175e-05,1.3073835361865349e-05
13,0,0.02340040780391064,0.06,0.00015278306091204286,2.0225716070854105e-05
13,0,0.024795530868655533,0.06,0.00015278306091204286,3.386852040421218e-05
13,0,0.02678819397197195,0.06,0.00023523000709246844,5.872898327652365e-05
13,0,0.02944219247819556,0.04,0.00030380181851796806,0.00010760916484287009
13,0,0.03269238262594967,0.06,0.00019956541655119509,0.00020202847372274846
13,0,0.03634815624418182,0.06,0.0002014569763559848,0.00036358681973069906
13,0,0.039267982683612104,0.06,0.00020597479306161404,0.0006754298228770494
13,0,0.04281902289295842,0.1,0.00020597479306161404,0.0012434265809133649
13,0,0.04610799862870433,0.1,0.0006011482910253108,0.0022330882493406534
13,0,0.0488913823287559,0.08,0.0009925010381266475,0.0037395746912807226
13,0,0.05106392085550079,0.08,0.0020337540190666914,0.005078068934381008
13,0,0.04892469165288866,0.08,0.0020337540190666914,0.006145433522760868
13,0,0.042803683450084305,0.06,0.002354696625843644,0.007120069582015276
13,0,0.03622560775816641,0.06,0.002685611369088292,0.007230541668832302
13,0,0.03424026113990797,0.06,0.014829739928245544,0.007661544717848301
13,0,0.03130553872454804,0.06,0.0090361712500453,0.007462459150701761
13,0,0.029105472654674787,0.06,0.003869300941005349,0.006157227326184511
13,0,0.029811622665611652,0.04,0.006734376307576895,0.004460978787392378
13,0,0.034044931962833855,0.06,0.0036415394861251116,0.0035801581107079983
13,0,0.03410346063860458,0.08,0.0036415394861251116,0.00231950799934566
13,0,0.03491813015623147,0.06,0.0031777736730873585,0.0012073767138645053
13,0,0.036338701508420806,0.04,0.0036394780036062002,0.0005719365435652435
13,0,0.033017644644896225,0.02,0.000902208499610424,0.0002291424316354096
13,0,0.03097682783579734,0.02,0.000902208499610424,0.00010384261986473575
13,0,0.030584351590491003,0.02,0.0007147814030759037,4.808453013538383e-05
13,0,0.029431153598505178,0.04,9.065963968168944e-05,2.769605089270044e-05
13,0,0.028939135913234836,0.04,4.0207949496107176e-05,1.8672337319003418e-05
13,0,0.02889836155134163,0.04,4.991929017705843e-05,1.3044506886217277e-05
13,0,0.028655557914347127,0.02,5.294950460665859e-05,9.485617738391738e-06
13,0,0.027311684022008408,0.02,9.771848272066563e-05,7.367602393060224e-06
13,0,0.0295847515438255,0.04,9.207893890561536e-05,6.814142579969484e-06
13,0,0.030119235321379775,0.02,8.073118078755215e-05,6.741985089320224e-06
13,0,0.03180022095329126,0.04,0.00013000480248592794,7.5594793997879606e-06
13,0,0.03521121256373546,0.06,0.00015672152221668512,9.925322046910878e-06
13,0,0.03899232516505653,0.06,0.0015497670974582434,1.5029578207759187e-05
13,0,0.04135653819611735,0.06,0.0015039816498756409,2.4979446607176214e-05
13,0,0.04303090533805854,0.04,0.0015039816498756409,4.338936196290888e-05
13,0,0.04472577456579742,0.04,0.003501405008137226,8.180498116416857e-05
13,0,0.04587422309239289,0.06,0.004064433742314577,0.00016439885075669736
13,0,0.04482668721185017,0.04,0.004537888802587986,0.00031920085893943906
13,0,0.04219127446794802,0.08,0.0009392944048158824,0.0006036366103217006
13,0,0.04862229731744574,0.08,0.0031846475321799517,0.0014130917843431234
13,0,0.050107430773119445,0.08,0.0031846475321799517,0.003042882774025202
13,0,0.05228208038442501,0.08,0.003086984623223543,0.006382426712661982
13,0,0.054153223414548195,0.08,0.007797690108418465,0.011857416480779648
13,0,0.05501223278906348,0.08,0.008329048752784729,0.018213044852018356
13,0,0.05526194985575334,0.08,0.008329048752784729,0.025763191282749176
13,0,0.055315129345379285,0.08,0.011758898384869099,0.032888684421777725
13,0,0.054246244945283156,0.08,0.013054806739091873,0.03959409520030022
13,0,0.0520350348249386,0.08,0.013054806739091873,0.04648573696613312
13,0,0.05336430371715661,0.06,0.013054806739091873,0.046403415501117706
13,0,0.05613695553963402,0.06,0.009250503033399582,0.05098629370331764
13,0,0.05666847157163036,0.1,0.013960165902972221,0.054094940423965454
13,0,0.03988196014032606,0.1,0.013967263512313366,0.03998424857854843
13,0,0.029931505256492286,0.1,0.009168803691864014,0.02199666015803814
13,0,0.023385505909391414,0.1,0.004142614547163248,0.013507523573935032
13,0,0.020360717165705564,0.08,0.0035277018323540688,0.007907127030193806
13,0,0.018692251334571384,0.08,0.003311918815597892,0.004289641510695219
13,0,0.016978041445130855,0.08,0.0015560381580144167,0.002834158716723323
13,0,0.01763434994839002,0.06,0.0010654664365574718,0.0018612788990139961
13,0,0.015657625571702128,0.08,0.0008506746962666512,0.0010294046951457858
13,0,0.01248640185743414,0.04,0.00040824466850608587,0.0005454060155898333
13,0,0.010355527498997735,0.04,0.0003965927753597498,0.0002607914502732456
13,0,0.008639909539784297,0.04,0.00017004969413392246,0.000132698958623223
13,0,0.00691603796396068,0.04,0.00014193984679877758,8.484574209433049e-05
13,0,0.00576610798047076,0.04,2.200593371526338e-05,6.145741645013914e-05
13,0,0.0048921908198088565,0.04,5.632057582261041e-05,4.0138613258022815e-05
13,0,0.004168747388949456,0.02,5.632057582261041e-05,2.4438868422294036e-05
13,0,0.003831671867365887,0.0,5.076342495158315e-05,1.524992967461003e-05
13,0,0.0038623707152402624,0.0,5.076342495158315e-05,9.263384527002927e-06
13,0,0.0033325297464522606,0.0,5.076342495158315e-05,5.060640432930086e-06
13,0,0.002738058129683136,0.02,4.00453936890699e-05,3.409372538953903e-06
13,0,0.002202149125733813,0.02,3.165727684972808e-05,2.5083747914322885e-06
13,0,0.0021107417502598384,0.02,3.719816231750883e-05,2.3871161829447374e-06
13,0,0.0020878585462693333,0.02,1.9094997696811333e-05,2.5511099011055194e-06
13,0,0.002223138470437467,0.02,3.2840307540027425e-05,3.0307644465210615e-06
13,0,0.0025739849772361506,0.04,3.641128569142893e-05,3.9504316191596445e-06
13,0,0.002827235968408891,0.04,2.349323949601967e-05,5.596488790615695e-06
13,0,0.0029198119459375085,0.04,2.349323949601967e-05,8.275730579043739e-06
13,0,0.0037981498333486173,0.04,2.4710789148230106e-05,1.565762431710027e-05
13,0,0.005296595809167909,0.02,3.2656051189405844e-05,3.1829466024646536e-05
13,0,0.006413983102457759,0.02,5.024433630751446e-05,5.5437620176235214e-05
13,0,0.0076749125726127175,0.02,0.00039102393202483654,0.00010805851343320683
13,0,0.009452616216127826,0.02,0.000962760008405894,0.0002127327024936676
13,0,0.010661025872940585,0.02,0.000962760008405894,0.00035739189479500055
13,0,0.01184405137600015,0.04,0.0021767851430922747,0.0005433536716736853
13,0,0.012446693384633127,0.04,0.0021767851430922747,0.0007567883585579693
13,0,0.015346992917719801,0.04,0.0021767851430922747,0.0010813745902851224
13,0,0.016396113938525633,0.04,0.0025581391528248787,0.0012802199926227331
13,0,0.01664402211734492,0.04,0.0025581391528248787,0.0012690938310697675
13,0,0.01645059700358225,0.04,0.0025581391528248787,0.001422674162313342
13,0,0.016863819801407103,0.04,0.00209201592952013,0.0014844766119495034
13,0,0.017309443613763822,0.04,0.0037421374581754208,0.0016115873586386442
13,0,0.015124635640011623,0.04,0.0031864794436842203,0.0015276020858436823
13,0,0.013592244437757021,0.04,0.0038241855800151825,0.0012862186413258314
13,0,0.013529320562935805,0.04,0.0024403599090874195,0.0009468347998335958
13,0,0.016510207052804423,0.0,0.0019515565363690257,0.0008763272198848426
13,0,0.021080419338601882,0.0,0.0019515565363690257,0.0008313652942888439
13,0,0.02080565278052334,0.0,0.0019515565363690257,0.0004621418775059283
13,0,0.019364836732969307,0.0,0.0006255789194256067,0.0002012444456340745
13,0,0.018650380185472007,0.0,5.503356078406796e-05,0.00011205369810340926
13,0,0.020110764414416237,0.0,5.8404439187143e-05,6.691570160910487e-05
13,0,0.019659030966942395,0.02,2.7403088097344153e-05,3.3057112887036055e-05
13,0,0.017459224220039996,0.02,2.4545492124161683e-05,1.9572962628444657e-05
13,0,0.014357530975071593,0.02,2.4545492124161683e-05,1.0805206329678185e-05
13,0,0.013298630637713518,0.02,2.349323949601967e-05,6.381621460604947e-06
13,0,0.012040347216319204,0.02,1.856257949839346e-05,3.830581135844113e-06
13,0,0.011189440822797086,0.02,8.353245902981143e-06,2.386260348430369e-06
13,0,0.010219157020662237,0.02,1.0210920663666911e-05,1.722918682389718e-06
13,0,0.00918459278875241,0.0,9.43071336223511e-06,1.510570200480288e-06
13,0,0.008485739200203657,0.0,8.288351637020241e-06,1.5975841733961715e-06
13,0,0.007228309518453992,0.02,7.72168641560711e-06,1.872298071248224e-06
13,0,0.007073165608821456,0.02,1.5662864825571887e-05,2.869520130843739e-06
13,0,0.00817087417749062,0.02,3.3629199606366456e-05,7.687124707445037e-06
13,0,0.009903275158843528,0.02,3.836779069388285e-05,2.8037749871145934e-05
13,0,0.00977387379070245,0.02,5.167792915017344e-05,7.157288928283378e-05
13,0,0.010248945319469325,0.02,6.869091157568619e-05,0.00016956508625298738
13,0,0.01158771160648843,0.02,6.869091157568619e-05,0.0004450278647709638
13,0,0.013747558518174016,0.02,0.00020510778995230794,0.0011782560031861067
13,0,0.015576264238768846,0.02,0.001637239707633853,0.002762923715636134
13,0,0.01674298671700527,0.02,0.001637239707633853,0.005499010905623436
13,0,0.017285462636515203,0.06,0.0045992829836905,0.009139742702245712
13,0,0.021167044324676462,0.06,0.0026529838796705008,0.015104246325790882
13,0,0.02252527113812867,0.06,0.0026529838796705008,0.021216604858636856
13,0,0.025059700487932633,0.06,0.002577743027359247,0.02855967916548252
13,0,0.02910291188261624,0.08,0.002602114574983716,0.032452184706926346
13,0,0.03142389443467445,0.08,0.003327920800074935,0.039607517421245575
13,0,0.03355663535219602,0.1,0.003327920800074935,0.04557758942246437
13,0,0.03371145807293135,0.1,0.003327920800074935,0.05613965913653374
13,0,0.03451395289800216,0.12,0.003767882939428091,0.04931851476430893
13,0,0.037132321007247844,0.12,0.00342498323880136,0.062424514442682266
13,0,0.03853115712687849,0.1,0.00342498323880136,0.06260664761066437
13,0,0.038211977791015324,0.1,0.0039057210087776184,0.060491178184747696
13,0,0.03597196760526086,0.1,0.0039057210087776184,0.05780439451336861
13,0,0.032836960478432306,0.12,0.0039057210087776184,0.05294273793697357
13,0,0.03205955021976428,0.12,0.002748331520706415,0.04380382224917412
13,0,0.03136225559461939,0.12,0.0007399959140457213,0.03623025119304657
13,0,0.030301057860805274,0.12,0.0007399959140457213,0.0283820703625679
13,0,0.02918544214903793,0.12,0.0027225941885262728,0.017818795517086983
13,0,0.02737466399290792,0.1,0.0027225941885262728,0.01021627988666296
13,0,0.026534111102912112,0.1,0.0027225941885262728,0.00554626015946269
13,0,0.026155843250671787,0.06,0.0008485504076816142,0.0031887551303952932
13,0,0.021829312536280135,0.06,0.000933746516238898,0.0016296267276629806
13,0,0.017845568540728867,0.06,0.000933746516238898,0.0008680301252752542
13,0,0.014367178759022478,0.06,0.0001076390253729187,0.0004606654110830277
13,0,0.011500146408976846,0.04,5.799590144306421e-05,0.00023902526299934834
13,0,0.00904060122904026,0.04,7.003072823863477e-05,0.00013510402641259134
13,0,0.008359756622344953,0.04,7.003072823863477e-05,9.121733455685899e-05
13,0,0.007622295724735657,0.04,5.7643570471554995e-05,6.55406474834308e-05
13,0,0.006817680247815265,0.04,6.407986074918881e-05,5.181535379961133e-05
13,0,0.006065274088588868,0.02,5.3344261687016115e-05,4.6477991418214515e-05
13,0,0.005481837570557514,0.02,5.3344261687016115e-05,5.074996442999691e-05
13,0,0.005398429159063898,0.02,5.5626253015361726e-05,7.095204637153074e-05
13,0,0.004825483881492864,0.02,5.631810563500039e-05,0.00010873887367779389
13,0,0.004638155734070157,0.02,3.5494831536198035e-05,0.00017261136963497847
13,0,0.005137684841278816,0.02,3.5494831536198035e-05,0.0003246568376198411
13,0,0.005671617801505644,0.04,3.344616197864525e-05,0.0006171339191496372
13,0,0.006410399430850261,0.04,4.264933886588551e-05,0.001208412111736834
13,0,0.006520791282357756,0.04,0.00037015872658230364,0.0020318862516433
13,0,0.007191129161585004,0.06,0.00037015872658230364,0.003785540349781513
13,0,0.00753892711321336,0.06,0.0003363676951266825,0.0070724086835980415
13,0,0.008322294264338035,0.08,0.0006008524214848876,0.013071952387690544
13,0,0.00859260472631282,0.08,0.0010804670164361596,0.02141680009663105
13,0,0.009188374692452036,0.08,0.0010804670164361596,0.03021908737719059
13,0,0.009831057333979674,0.08,0.001714162528514862,0.03952465206384659
13,0,0.011177164429930976,0.08,0.001714162528514862,0.0454324409365654
13,0,0.012247706378144796,0.08,0.0015027669724076986,0.05459021031856537
13,0,0.013306081183652185,0.08,0.0015027669724076986,0.06348451972007751
13,0,0.014418650628990814,0.08,0.0015169905964285135,0.0704200491309166
13,0,0.013321118533487334,0.08,0.0015017727855592966,0.06382928043603897
13,0,0.013613662100334439,0.08,0.0015017727855592966,0.05522110313177109
13,0,0.010334635704673512,0.08,0.0011652207467705011,0.04725147411227226
13,0,0.007635865999937733,0.08,0.0011652207467705011,0.02838698774576187
13,0,0.006776936338871751,0.08,0.0011881781974807382,0.011928582563996315
13,0,0.005713073525128777,0.08,0.0019386735511943698,0.00449615903198719
13,0,0.004934198564100852,0.06,0.0019386735511943698,0.0018698083003982902
13,0,0.00437959610644445,0.06,0.0019386735511943698,0.0009638292249292135
13,0,0.0038967085609136467,0.06,0.0006889375508762896,0.0005336874746717513
13,0,0.003431133375224849,0.06,0.0006530218524858356,0.00027352364850230515
13,0,0.003064304397102534,0.06,0.0006530218524858356,0.00015140474715735763
13,0,0.002774309611488737,0.04,0.00013401341857388616,8.705681102583185e-05
13,0,0.0025076185309689933,0.02,5.594277899945155e-05,5.2538718591677025e-05
13,0,0.002297457225767297,0.0,2.0442121240193956e-05,3.598030161811039e-05
13,0,0.002260142437705345,0.0,1.7587808542884886e-05,2.8434706109692343e-05
13,0,0.0022591727147904883,0.0,1.4451193237619009e-05,3.08429662254639e-05
13,0,0.0022881327709077036,0.0,2.2012860426912084e-05,2.466937257850077e-05
13,0,0.002153285267492943,0.0,2.200150629505515e-05,1.8099326553056017e-05
13,0,0.0021169238528525886,0.0,2.1130188542883843e-05,1.4161499166220892e-05
13,0,0.0021919385378911874,0.0,1.6263913494185545e-05,1.319548664469039e-05
13,0,0.002158329047977498,0.0,1.6272306311293505e-05,1.8871749489335343e-05
13,0,0.0023235172468840243,0.0,1.6272306311293505e-05,2.744500852713827e-05
13,0,0.002520630215726728,0.0,1.5333094779634848e-05,3.937047586077824e-05
13,0,0.0026491793257748626,0.0,1.5333094779634848e-05,5.62894347240217e-05
13,0,0.002825646110843153,0.0,1.5333094779634848e-05,7.745075708953664e-05
13,0,0.0030363431484336004,0.0,1.0071194083138835e-05,0.00010298999404767528
13,0,0.0032294191184690183,0.02,1.4127776012173854e-05,0.00013537031190935522
13,0,0.0034475786858510853,0.02,1.4127776012173854e-05,0.00017640538862906396
13,0,0.0037190506138034896,0.02,1.2837656868214253e-05,0.0002708373067434877
13,0,0.0038150498532017515,0.02,1.2837656868214253e-05,0.0003614119195844978
13,0,0.004083361291664785,0.02,1.2837656868214253e-05,0.0004460040363483131
13,0,0.004246083148985714,0.02,1.664567389525473e-05,0.0005031122709624469
13,0,0.00421373684821697,0.02,1.664567389525473e-05,0.0005567254847846925
13,0,0.004236416914420961,0.02,3.29560753016267e-05,0.00039463108987547457
13,0,0.0041087100903374795,0.02,3.29560753016267e-05,0.00033949673525057733
13,0,0.004087575634394648,0.02,3.29560753016267e-05,0.00027950602816417813
13,0,0.004070281735789754,0.02,3.29560753016267e-05,0.00025034352438524365
13,0,0.0040028570371051855,0.02,1.8318471120437607e-05,0.0002402132813585922
13,0,0.003902431328730883,0.02,1.8318471120437607e-05,0.00021138750889804214
13,0,0.0034906327011011355,0.02,1.2837656868214253e-05,0.00017585555906407535
13,0,0.0030036188647842572,0.02,1.2837656868214253e-05,0.00010864455543924123
13,0,0.002397111037217021,0.02,1.4646616364188958e-05,5.944967779214494e-05
13,0,0.0021871898468968825,0.02,1.4646616364188958e-05,3.684918920043856e-05
13,0,0.0019958423054881546,0.02,1.4646616364188958e-05,2.2605103367823176e-05
13,0,0.0018497404434576678,0.02,1.4646616364188958e-05,1.4232526154955849e-05
13,0,0.0017656818648217442,0.02,1.5543779227300547e-05,1.0059724445454776e-05
13,0,0.0017391391332423425,0.0,2.0194587705191225e-05,8.197236638807226e-06
13,0,0.0017553610915988951,0.0,3.129584001726471e-05,7.14503448762116e-06
13,0,0.001549923159140595,0.0,2.5308694603154436e-05,5.1787824304483365e-06
13,0,0.0014608742059489363,0.0,2.685125218704343e-05,4.014248588646296e-06
13,0,0.0015605737712810026,0.0,2.941598904726561e-05,3.2950779313978273e-06
13,0,0.0015306691661363613,0.0,3.0090353902778588e-05,2.555020273575792e-06
13,0,0.0012393992666654837,0.0,3.317949813208543e-05,1.4264689980336698e-06
13,0,0.0012433717369781867,0.0,2.816383494064212e-05,6.664950547019544e-07
13,0,0.0015533137260387497,0.0,1.825253821152728e-05,3.9840173826632963e-07
13,0,0.0025964725994820654,0.0,1.825253821152728e-05,3.4630787126843643e-07
13,0,0.0028258611475615644,0.0,1.825253821152728e-05,3.2421112905467453e-07
13,0,0.0026105405336014657,0.0,1.825253821152728e-05,2.442829725168849e-07
13,0,0.0024901884653441096,0.0,2.0290646716603078e-05,2.0118211807584885e-07
13,0,0.0024626606066872592,0.0,2.0290646716603078e-05,1.8700482939948415e-07
13,0,0.002487900255234666,0.0,1.833722672017757e-05,2.0229684594141872e-07
13,0,0.0026421187373787923,0.0,1.833722672017757e-05,2.6372583761258284e-07
13,0,0.0029212518703178227,0.0,1.8097205611411482e-05,3.8607865349149506e-07
13,0,0.003144820385081828,0.0,2.0647272322094068e-05,6.321060936897993e-07
13,0,0.0033025358752518485,0.0,1.7777076209313236e-05,1.1652743978629587e-06
13,0,0.0034965251306226302,0.0,1.7777076209313236e-05,2.393823251622962e-06
13,0,0.0038009114246725737,0.0,1.7777076209313236e-05,4.600863576342817e-06
13,0,0.0037233519059196576,0.0,1.7777076209313236e-05,7.11223901816993e-06
13,0,0.004064455812271084,0.0,2.0647272322094068e-05,1.2404751032590866e-05
13,0,0.0048117664754612184,0.0,2.2829781300970353e-05,2.091487476718612e-05
13,0,0.00606219919719718,0.0,3.0100971343927085e-05,3.889497020281851e-05
13,0,0.006656712790134643,0.0,4.576613355311565e-05,6.696292984997854e-05
13,0,0.007632750553736149,0.0,4.838318272959441e-05,0.00012463137682061642
13,0,0.008876754713277034,0.0,7.257932884385809e-05,0.00021661630307789892
13,0,0.010304213700462717,0.02,5.169291398487985e-05,0.00035454623866826296
13,0,0.0118375895189858,0.02,5.719943146687001e-05,0.0005466736038215458
13,0,0.011361434401478309,0.02,5.719943146687001e-05,0.0006244248361326754
13,0,0.010941852361741337,0.02,3.5030967410421e-05,0.0006625613896176219
13,0,0.010708945127992593,0.02,3.5030967410421e-05,0.0006869702483527362
13,0,0.0109711748271346,0.02,3.070447928621434e-05,0.0006357306847348809
13,0,0.010811619213162302,0.04,3.111170371994376e-05,0.00048612168757244945
13,0,0.009183864279345972,0.04,3.109565659542568e-05,0.0002504065341781825
13,0,0.009607933264286467,0.04,3.538137752912007e-05,0.00010530939471209422
13,0,0.00927400980412208,0.04,3.538137752912007e-05,4.443275975063443e-05
13,0,0.008936549345212456,0.04,5.7771572755882517e-05,2.4670171114848927e-05
13,0,0.008738355476717516,0.0,3.3591699320822954e-05,1.4024185475136619e-05
13,0,0.007423852964950906,0.0,2.9399692721199244e-05,6.914930963830557e-06
13,0,0.0063014443241470285,0.0,1.8764359992928803e-05,3.405635425224318e-06
13,0,0.005371483286267795,0.0,1.8764359992928803e-05,1.6443543700006558e-06
13,0,0.004793033735175788,0.0,1.578000228619203e-05,9.022613198794716e-07
13,0,0.0043120943265083965,0.0,1.578000228619203e-05,5.731241685680288e-07
13,0,0.0038151549116700006,0.0,9.81782068265602e-06,3.8459697293546924e-07
13,0,0.0034277416900944453,0.0,9.81782068265602e-06,2.5454517071921146e-07
13,0,0.003355201242370671,0.0,9.253796633856837e-06,1.940152287716046e-07
13,0,0.00403846551677696,0.0,3.883170847984729e-06,2.3208872335089836e-07
13,0,0.003827099018574412,0.0,3.883170847984729e-06,2.6671065711525443e-07
13,0,0.0023433042980127525,0.0,3.883170847984729e-06,1.4273571480316605e-07
13,0,0.0021625873361050523,0.0,3.1561366995447315e-06,6.468503954693006e-08
13,0,0.0026906977516545664,0.0,2.6508346309128683e-06,3.227330580557464e-08
13,0,0.004732415363476297,0.0,3.96728091800469e-06,2.570825152758971e-08
13,0,0.010169773832720237,0.0,4.853324753639754e-06,2.8256865292064504e-08
13,0,0.012341615249270507,0.0,4.853324753639754e-06,4.6470017167621336e-08
13,0,0.012617681972742656,0.0,4.853324753639754e-06,7.31508293938532e-08
13,0,0.0126131729354017,0.0,4.853324753639754e-06,1.2323778264544671e-07
13,0,0.012475101512614483,0.0,4.853324753639754e-06,2.1290406948537566e-07
13,0,0.012576694333331636,0.0,4.853324753639754e-06,3.705994799929613e-07
13,0,0.012618198278616412,0.0,5.693425009667408e-06,6.661614406766603e-07
13,0,0.012737248690059953,0.0,8.056025762925856e-06,1.1426377568568569e-06
13,0,0.011916671350112264,0.0,1.4573564840247855e-05,1.587363385624485e-06
13,0,0.01232448777851167,0.0,1.2735070413327776e-05,2.1824068880960112e-06
13,0,0.012801709798084804,0.0,1.2735070413327776e-05,3.0767980661039473e-06
13,0,0.010167579190211702,0.0,1.2735070413327776e-05,3.1838887935009552e-06
13,0,0.009201216417381487,0.0,1.6126057744259015e-05,3.8647135625069495e-06
13,0,0.00881470787782285,0.0,1.4065828509046696e-05,4.946136868966278e-06
13,0,0.009360046260697242,0.0,1.2721135135507211e-05,6.513329026347492e-06
13,0,0.010272659716493245,0.0,1.2721135135507211e-05,8.707337656232994e-06
13,0,0.009692435794380833,0.0,1.7914315321831964e-05,1.0637944797053933e-05
13,0,0.009267604773422186,0.0,1.7914315321831964e-05,1.0647312592482194e-05
13,0,0.007816150402181,0.0,1.7914315321831964e-05,9.043822501553223e-06
13,0,0.006417949399542245,0.0,1.7914315321831964e-05,7.269105481100269e-06
13,0,0.00548557567451209,0.0,1.7914315321831964e-05,5.778513241239125e-06
13,0,0.004041164785880671,0.0,1.5910030924715102e-05,4.042932687298162e-06
13,0,0.002465715154241019,0.0,1.4883009498589672e-05,5.073367901786696e-06
13,0,0.0020308102349965835,0.0,8.272629202110693e-06,5.186472208151827e-06
13,0,0.0014531147304612344,0.0,8.272629202110693e-06,4.367583642306272e-06
13,0,0.000754596895295878,0.0,8.272629202110693e-06,2.7072837838204578e-06
13,0,0.0005471235130940158,0.0,8.272629202110693e-06,1.4553750133927679e-06
13,0,0.00044750738644851255,0.0,1.0993171599693596e-05,8.590500897298625e-07
13,0,0.0004763337701405926,0.0,1.0993171599693596e-05,6.017849045747425e-07
13,0,0.0005989031061461992,0.0,6.436913736251881e-06,4.6516976226484985e-07
13,0,0.0006622229598030303,0.0,6.436913736251881e-06,3.52454179619599e-07
13,0,0.0007204750790747046,0.0,6.436913736251881e-06,2.5663433689260273e-07
13,0,0.0008078142169625395,0.0,6.436913736251881e-06,1.7391749906892073e-07
13,0,0.0009176555177455064,0.0,6.436913736251881e-06,1.2186545461645437e-07
13,0,0.001003869028659548,0.0,4.115628598810872e-06,8.330538037171209e-08
13,0,0.0010997239332492647,0.0,4.115628598810872e-06,5.685031112534489e-08
13,0,0.0012333604170620476,0.0,4.115628598810872e-06,4.3850491238117684e-08
13,0,0.0013727996337508227,0.0,4.115628598810872e-06,3.553356009433628e-08
13,0,0.0013765610293477635,0.0,4.115628598810872e-06,3.014314131633e-08
13,0,0.0014962620909306599,0.0,4.115628598810872e-06,2.5504588663238792e-08
13,0,0.0014191783259754934,0.0,4.061756953888107e-06,2.7898382271018818e-08
13,0,0.0012309925290500308,0.0,4.061756953888107e-06,2.3421074857310487e-08
13,0,0.0012270278826892825,0.0,4.6773966460023075e-06,2.2546652544974677e-08
13,0,0.0013659042195736774,0.0,4.638855443772627e-06,2.6403581543377186e-08
13,0,0.0014924961229871565,0.0,6.302175734163029e-06,3.2337883482114194e-08
13,0,0.001466831534951997,0.0,6.302175734163029e-06,3.475063792279798e-08
13,0,0.001550539320877397,0.0,6.268393008213025e-06,4.308970247279831e-08
13,0,0.0015882854517680054,0.0,7.280469617398921e-06,5.4787552272728135e-08
13,0,0.001574628069834349,0.0,7.280469617398921e-06,6.835256272097467e-08
13,0,0.0016338030346351763,0.0,6.750735792593332e-06,9.392788058448787e-08
13,0,0.0018100652531680003,0.0,7.469883712474257e-06,1.309199575416642e-07
13,0,0.0020538728111340917,0.0,7.469883712474257e-06,1.669946954052648e-07
13,0,0.0018683726919385521,0.0,6.755758931831224e-06,1.6400275626438088e-07
13,0,0.0017915557234280618,0.0,6.755758931831224e-06,1.673829359560841e-07
13,0,0.0019844319487513713,0.0,6.755758931831224e-06,1.9824487651476375e-07
13,0,0.00250465282524253,0.0,5.999906079523498e-06,2.3785892722116841e-07
13,0,0.002677637901154636,0.0,5.999906079523498e-06,2.2506161201363284e-07
13,0,0.0027696225375457412,0.0,5.999906079523498e-06,1.70427767898218e-07
13,0,0.0027192307823887224,0.0,6.8268591348896734e-06,1.2347294386927388e-07
13,0,0.002489469759541645,0.0,6.8268591348896734e-06,8.718548372144141e-08
13,0,0.0023336270326455907,0.0,6.8268591348896734e-06,5.832349359025102e-08
13,0,0.001828100932496528,0.0,6.8268591348896734e-06,3.646763957476651e-08
13,0,0.0014499203187969135,0.0,6.624864454352064e-06,2.3350999356352986e-08
13,0,0.00138306179160605,0.0,6.4707219280535355e-06,1.781016756297049e-08
13,0,0.0013483041110599503,0.0,7.1932759055926e-06,1.4727964625649292e-08
13,0,0.0013186556439500022,0.0,7.1932759055926e-06,1.2699373996838403e-08
13,0,0.0012235785911391902,0.0,5.294770744512789e-06,1.1160125268361298e-08
13,0,0.001045754890979446,0.0,4.785025794262765e-06,1.0361033808692355e-08
13,0,0.0009771243334063795,0.0,4.510137841862161e-06,1.1218473261465078e-08
13,0,0.0008047860889008401,0.0,3.883170847984729e-06,1.0214302292865796e-08
13,0,0.0007120430288297352,0.0,3.832341917586746e-06,9.50238110419832e-09
13,0,0.0006886663607169449,0.0,4.372364401206141e-06,8.333426393392074e-09
13,0,0.0006949775638771806,0.0,5.028441137255868e-06,7.5658208587015e-09
13,0,0.0008879877818181678,0.0,4.874708793067839e-06,9.924998600752133e-09
13,0,0.000999845003214843,0.0,5.9293552112649195e-06,1.2513510228018276e-08
13,0,0.0011128660616465654,0.0,5.9293552112649195e-06,1.638476021526003e-08
13,0,0.0011910763030772594,0.0,9.187774594465736e-06,2.0960863267305285e-08
13,0,0.0012502453031445837,0.0,9.187774594465736e-06,2.6617266613016e-08
13,0,0.0012708521090745264,0.0,9.187774594465736e-06,3.345373400520657e-08
13,0,0.001260103785364884,0.0,8.01395799499005e-06,4.018125920879356e-08
13,0,0.0012665535978493045,0.0,7.42047404855839e-06,5.099957078869011e-08
13,0,0.0011756362597556108,0.0,7.42047404855839e-06,6.47958060540077e-08
13,0,0.0014233371619408052,0.0,8.597020496381447e-06,8.64888534124475e-08
13,0,0.001261866266834135,0.0,7.535222721344326e-06,1.469585413360619e-07
13,0,0.0010421796601514355,0.0,7.977159839356318e-06,1.8804620083301415e-07
13,0,0.001161562724863266,0.0,9.10405105969403e-06,1.748934863599061e-07
13,0,0.0010642666131013077,0.0,1.0073892553918995e-05,1.202209745088112e-07
13,0,0.00097837863025944,0.0,1.9247145246481523e-05,9.044318005635432e-08
13,0,0.0009691874956249474,0.0,1.9247145246481523e-05,7.492670306419313e-08
13,0,0.0009539891501342018,0.0,1.9247145246481523e-05,7.172269533839426e-08
13,0,0.0009106886026993394,0.0,1.9247145246481523e-05,7.242060462431255e-08
13,0,0.0008456377223443312,0.0,1.8799322788254358e-05,7.656599620986526e-08
13,0,0.0007854237978222802,0.0,1.1671645552269183e-05,8.76175860753392e-08
13,0,0.0007621448080788589,0.0,7.666229976166505e-06,1.0597035782211606e-07
13,0,0.0007001128187449597,0.0,7.666229976166505e-06,1.24418804148263e-07
13,0,0.000675292662805415,0.0,7.2258244472322986e-06,1.617779616935877e-07
13,0,0.0006900217714988574,0.0,7.2258244472322986e-06,2.55402540005889e-07
13,0,0.0007443561849735002,0.0,7.2258244472322986e-06,4.584395014717302e-07
13,0,0.0008257503049897969,0.0,1.0986401321133599e-05,9.71464260146604e-07
13,0,0.0009578860695301383,0.0,1.1344443009875249e-05,2.2537162749358686e-06
13,0,0.0011870388939499152,0.0,1.1195545084774494e-05,5.396841970650712e-06
13,0,0.0014325282618831345,0.0,1.1201322195120156e-05,1.5317766155931167e-05
13,0,0.0015559153076076123,0.0,1.1054704373236746e-05,3.798523175646551e-05
13,0,0.0017422167028041267,0.0,1.2612429600267205e-05,8.477021765429527e-05
13,0,0.0018785454330184552,0.0,1.2612429600267205e-05,0.0001744418404996395
13,0,0.0021829876280530444,0.0,1.664123010414187e-05,0.0003377781540621072
13,0,0.002592645107793013,0.0,2.1978208678774536e-05,0.0006406380562111735
13,0,0.0031223457490392246,0.0,2.1978208678774536e-05,0.0011567114852368832
13,0,0.003284659437101922,0.0,2.1978208678774536e-05,0.0016316280234605074
13,0,0.0034287424665238385,0.0,2.1978208678774536e-05,0.002166890539228916
13,0,0.003547851431998253,0.02,2.3317732484429143e-05,0.002692281501367688
13,0,0.0036079608781953145,0.02,6.531230610562488e-05,0.003300531068816781
13,0,0.0035774262894302912,0.0,6.531230610562488e-05,0.003701047971844673
13,0,0.0029364954882521934,0.0,5.915126166655682e-05,0.003335470100864768
13,0,0.001673182492320616,0.0,0.00010501738142920658,0.004053689073771238
13,0,0.0021919724078527177,0.0,6.347429734887555e-05,0.009846639819443226
13,0,0.0034628124526674044,0.0,5.56351151317358e-05,0.01743701659142971
13,0,0.004000130088246205,0.0,5.637296999339014e-05,0.013580297119915485
13,0,0.0029831434470494124,0.0,3.8141824916237965e-05,0.005649604834616184
13,0,0.0028492317798622224,0.0,4.27978447987698e-05,0.0033446657471358776
13,0,0.003187678547446003,0.0,4.27978447987698e-05,0.0027219897601753473
13,0,0.0038575190193150723,0.0,4.032775905216113e-05,0.002328441245481372
13,0,0.004539432465850818,0.02,1.975934355868958e-05,0.002475660527125001
13,0,0.005428759418342538,0.02,4.456044189282693e-05,0.002517072483897209
13,0,0.005438743875770408,0.04,5.9091613366035745e-05,0.0019073090516030788
13,0,0.005343023206339005,0.02,7.750432268949226e-05,0.0012574957218021154
13,0,0.005106998912637516,0.02,2.439653326291591e-05,0.0007785328780300915
13,0,0.004698051309952568,0.02,1.5210481251415331e-05,0.00046195206232368946
13,0,0.00406096987545401,0.0,8.2180504250573e-06,0.00023079942911863327
13,0,0.0032055361522213685,0.0,8.721441190573387e-06,0.00010359872248955071
13,0,0.0027169472068504672,0.0,8.721441190573387e-06,5.353118103812449e-05
13,0,0.0022401770218321787,0.0,8.721441190573387e-06,2.955227500933688e-05
13,0,0.0019056715996366423,0.0,8.721441190573387e-06,1.9213164705433883e-05
13,0,0.0016987335865054692,0.0,8.518517461197916e-06,1.346792487311177e-05
13,0,0.001765728719440419,0.0,8.518517461197916e-06,1.0160110832657665e-05
13,0,0.0019804936442315013,0.0,8.518517461197916e-06,9.295747986470815e-06
13,0,0.0022997976852849114,0.0,8.518517461197916e-06,1.0711903996707406e-05
13,0,0.002624654022910102,0.0,8.51412278279895e-06,1.6228974345722236e-05
13,0,0.0031612682069130814,0.02,9.128463716479018e-06,2.6627541956258938e-05
13,0,0.003957363094354706,0.0,1.3039519217272755e-05,4.967827771906741e-05
13,0,0.0049929912721450725,0.0,1.3039519217272755e-05,0.0001059131245710887
13,0,0.006284827277657922,0.0,1.104410330299288e-05,0.0002121916477335617
13,0,0.007762275400524996,0.0,1.986910865525715e-05,0.0003772998752538115
13,0,0.009246265557692365,0.0,1.986910865525715e-05,0.0005862488178536296
13,0,0.010309757977466276,0.0,1.986910865525715e-05,0.0009282167884521186
13,0,0.010862881525111931,0.0,2.0057470464962535e-05,0.0014486121945083141
13,0,0.01095512059341891,0.02,2.359384779992979e-05,0.0017408368876203895
13,0,0.010617417232615544,0.02,2.359384779992979e-05,0.0017496970249339938
13,0,0.01014898121584685,0.02,1.4182381164573599e-05,0.0016524505335837603
13,0,0.009284453993105056,0.0,1.4182381164573599e-05,0.001485123997554183
13,0,0.008207478860670109,0.0,1.2464445717341732e-05,0.001438097096979618
13,0,0.0072157060540605,0.0,2.129156382579822e-05,0.0015211798017844558
13,0,0.007654033979304434,0.0,2.129156382579822e-05,0.001913658226840198
13,0,0.007904292478976917,0.0,2.2073487343732268e-05,0.0029872709419578314
13,0,0.008350071719367143,0.0,2.9115464712958783e-05,0.005389432422816753
13,0,0.009015409769239842,0.0,3.2041371014202014e-05,0.01164019014686346
13,0,0.009549909477515542,0.02,4.0555612940806895e-05,0.023167533800005913
13,0,0.010564436231914493,0.02,6.746737926732749e-05,0.037069544196128845
13,0,0.012117258095586147,0.02,6.746737926732749e-05,0.06922999024391174
13,0,0.014639785135666156,0.02,6.746737926732749e-05,0.13015492260456085
13,0,0.014319991176452756,0.02,5.11498365085572e-05,0.1690957248210907
13,0,0.012989944113962324,0.04,5.100030830362812e-05,0.1677464246749878
13,0,0.010818836855193664,0.04,4.708551205112599e-05,0.14949704706668854
13,0,0.008777723777764614,0.02,6.244005635380745e-05,0.12513813376426697
13,0,0.007260324661240712,0.06,4.3474854464875534e-05,0.09372811019420624
13,0,0.006233407189910282,0.08,5.445777787826955e-05,0.056221455335617065
13,0,0.005511049288276744,0.06,4.0094157157000154e-05,0.029389487579464912
13,0,0.004238454791449222,0.06,5.955493179499172e-05,0.01588861458003521
13,0,0.002824393569503617,0.06,6.499716982943937e-05,0.008253331296145916
13,0,0.001943469172938305,0.06,4.393736526253633e-05,0.004430327098816633
13,0,0.0016133156246633867,0.06,4.835269646719098e-05,0.0025140654761344194
13,0,0.0010864643707167961,0.04,3.4747528843581676e-05,0.001267888001166284
13,0,0.000900677074903184,0.02,3.199328057235107e-05,0.0008024765411391854
13,0,0.0008413517198886046,0.02,2.0936044165864587e-05,0.000706809398252517
13,0,0.0008953998956500418,0.02,2.0925244825775735e-05,0.0007882399950176477
13,0,0.001032444340213116,0.04,2.0925244825775735e-05,0.0010506304679438472
13,0,0.0012557080657685168,0.06,2.2726688257534988e-05,0.0015966653591021895
13,0,0.0016284092957401406,0.06,2.5858995286398567e-05,0.002357856370508671
13,0,0.0020679955947486913,0.06,2.6095578505191952e-05,0.0035753336269408464
13,0,0.0026311655985267013,0.06,4.4250213250052184e-05,0.005183734465390444
13,0,0.003361926114761478,0.04,7.911759166745469e-05,0.007508385460823774
13,0,0.004201443681889182,0.04,0.00010049546108348295,0.009881273843348026
13,0,0.004821608327794895,0.04,0.00010144809493795037,0.011603311635553837
13,0,0.005101562448744502,0.04,0.00010144809493795037,0.01132146455347538
13,0,0.00494927689613936,0.04,4.7418554459000006e-05,0.009111135266721249
13,0,0.004452052668833554,0.04,4.7418554459000006e-05,0.006685502827167511
13,0,0.0039451546384725355,0.04,4.697334588854574e-05,0.004330419935286045
13,0,0.0033653517860563072,0.04,4.697334588854574e-05,0.0024188070092350245
13,0,0.0028357083828655172,0.02,3.88367407140322e-05,0.0012162432540208101
13,0,0.0026348519241932078,0.02,1.6427384252892807e-05,0.0007718832930549979
13,0,0.002589975588879379,0.0,9.874554962152615e-06,0.0006089639500714839
13,0,0.0026110854892581405,0.0,1.3024829058849718e-05,0.000647361041046679
13,0,0.0027578579415624906,0.0,1.1447109500295483e-05,0.0007664947188459337
13,0,0.002915053758641843,0.0,1.1447109500295483e-05,0.0009176959865726531
13,0,0.0031565639467500332,0.0,1.1447109500295483e-05,0.0011558098485693336
13,0,0.0034688546753887995,0.0,1.14530175778782e-05,0.0016632674960419536
13,0,0.0037609285932203294,0.0,1.14530175778782e-05,0.0023144057486206293
13,0,0.003926677925516729,0.0,1.14530175778782e-05,0.0027501878794282675
13,0,0.003705951282708689,0.0,1.040714869304793e-05,0.0028465809300541878
13,0,0.0029989264802748068,0.0,9.001788384921383e-06,0.0029017862398177385
13,0,0.002673826840994953,0.0,9.001788384921383e-06,0.003283123020082712
13,0,0.002422910251640534,0.0,9.001788384921383e-06,0.0032991385087370872
13,0,0.002237341726371388,0.0,1.4551234016835224e-05,0.0030069451313465834
13,0,0.0018144199457059936,0.04,4.3207437556702644e-05,0.002157344948500395
13,0,0.0014578078809753755,0.04,4.3207437556702644e-05,0.0014774238225072622
13,0,0.0011515906626303578,0.04,0.00010429336543893442,0.0010252309730276465
13,0,0.0009100925223776837,0.04,3.088438097620383e-05,0.0006500922609120607
13,0,0.000725798169847397,0.02,3.088438097620383e-05,0.00042055555968545377
13,0,0.0005855298830370322,0.02,3.2776075386209413e-05,0.0002796307671815157
13,0,0.00047834471127978606,0.02,2.3553651772090234e-05,0.00019376497948542237
13,0,0.0003977589222823912,0.02,2.044627399300225e-05,0.0001431006530765444
13,0,0.00034123035440684446,0.02,2.6728568627731875e-05,0.00011471199104562402
13,0,0.0003121486670196998,0.02,7.486550020985305e-05,9.59201279329136e-05
13,0,0.0002642780226276455,0.02,6.202221993589774e-05,7.595595525344834e-05
13,0,0.0002582809556589435,0.02,3.876746995956637e-05,6.801075505791232e-05
13,0,0.00021251116015905193,0.02,3.876746995956637e-05,6.338199455058202e-05
13,0,0.0002550279935716896,0.02,3.443018067628145e-05,8.029057062231004e-05
13,0,0.0002676864243412203,0.02,3.9155253034550697e-05,6.988302629906684e-05
13,0,0.0003464585221730702,0.02,4.208929749438539e-05,6.630679126828909e-05
13,0,0.00041063846771311597,0.02,4.208929749438539e-05,8.707996312296018e-05
13,0,0.00046212754597619595,0.02,1.805071769922506e-05,0.00012064504699083045
13,0,0.0005586944331684968,0.02,1.805071769922506e-05,0.00017185627075377852
13,0,0.0005830786146756677,0.02,1.6476886230520904e-05,0.00020421345834620297
13,0,0.0006440433678848565,0.02,1.424740821676096e-05,0.00023115861404221505
13,0,0.0006182951908914822,0.02,1.424740821676096e-05,0.0002074472577078268
13,0,0.0005641681650841174,0.02,1.1088566679973155e-05,0.00015974277630448341
13,0,0.0004969086202711873,0.02,1.1088566679973155e-05,0.00011397241905797273
13,0,0.0004314882936421534,0.02,1.5430365237989463e-05,8.064769644988701e-05
13,0,0.00038051531572333544,0.02,1.5430365237989463e-05,6.62801758153364e-05
13,0,0.0003154746616955409,0.02,1.6706886526662856e-05,5.989404598949477e-05
13,0,0.0002972212221258896,0.04,7.357148206210695e-06,7.534011092502624e-05
13,0,0.00031112474895103197,0.0,5.990466434013797e-06,9.69048633123748e-05
13,0,0.000349204770591078,0.0,6.506189947685925e-06,0.00016094926104415208
13,0,0.0003997701122193626,0.0,9.653544111642987e-06,0.00033681391505524516
13,0,0.0004694422147525896,0.0,1.1013832590833772e-05,0.0006830696947872639
13,0,0.0004624408834769652,0.0,6.745131031493656e-06,0.0010774055263027549
13,0,0.00044111962253701685,0.0,8.89703460416058e-06,0.001478037447668612
13,0,0.00039984540983750277,0.0,8.642997272545472e-06,0.0016707979375496507
13,0,0.0003435292828666654,0.0,1.7249394659302197e-05,0.0014829570427536964
13,0,0.000276670728435662,0.0,1.7249394659302197e-05,0.0010654664365574718
13,0,0.00020473681538505807,0.0,1.7249394659302197e-05,0.0006329595926217735
13,0,0.00015085612778907093,0.02,1.5277542843250558e-05,0.000386054947739467
13,0,9.956771433454448e-05,0.02,1.1651215572783258e-05,0.00021561096946243197
13,0,7.407486562023053e-05,0.02,1.1651215572783258e-05,0.00014568187179975212
13,0,6.633556266135371e-05,0.02,1.3121401025273371e-05,0.00011385771358618513
13,0,6.452065312134359e-05,0.02,1.0923017725872342e-05,9.425907774129882e-05
13,0,5.551499823207847e-05,0.02,1.1219369298487436e-05,6.767272861907259e-05
13,0,4.9759672611170213e-05,0.02,1.1219369298487436e-05,5.336802132660523e-05
13,0,4.699133444970674e-05,0.02,1.1219369298487436e-05,4.5460998080670834e-05
13,0,4.6377818574933104e-05,0.02,1.1219369298487436e-05,4.224947406328283e-05
13,0,4.72341290446986e-05,0.02,1.1219369298487436e-05,4.1971619793912396e-05
13,0,5.011347808119859e-05,0.02,1.1219369298487436e-05,4.4580549001693726e-05
13,0,5.5704500569591556e-05,0.02,1.1219369298487436e-05,5.104253796162084e-05
13,0,6.401896726680106e-05,0.02,1.1219369298487436e-05,6.261083035496995e-05
13,0,7.567850239954628e-05,0.02,1.2800296644854825e-05,8.159936260199174e-05
13,0,8.905870940882579e-05,0.02,1.2800296644854825e-05,0.00012013040395686403
13,0,0.00010686441513841942,0.02,1.2800296644854825e-05,0.00017720836331136525
13,0,0.00012834964191413845,0.02,1.3580481208919082e-05,0.0002473729255143553
13,0,0.00014834294083032685,0.02,1.3580481208919082e-05,0.00029562177951447666
13,0,0.00015589361625008023,0.02,1.3580481208919082e-05,0.0002985527680721134
13,0,0.00015769112542068548,0.02,1.3580481208919082e-05,0.00024960373411886394
13,0,0.0001539012016774664,0.02,1.3580481208919082e-05,0.00018219246703665704
13,0,0.00014415385280353463,0.02,1.3580481208919082e-05,0.00011847282439703122
13,0,0.00012721129226942623,0.02,1.3580481208919082e-05,7.470211858162656e-05
13,0,0.00010679070621436697,0.02,3.803913568845019e-05,4.390491085359827e-05
13,0,8.616556905886925e-05,0.02,1.158953455160372e-05,2.3839063942432404e-05
13,0,6.901115773236835e-05,0.02,1.0913064215856139e-05,1.2459679965104442e-05
13,0,4.938084591342447e-05,0.02,1.1057803931180388e-05,5.7450665735814255e-06
13,0,3.9927882417278874e-05,0.02,1.1057803931180388e-05,3.072590288866195e-06
13,0,3.453287795254517e-05,0.02,6.87979263602756e-06,1.928855681399e-06
13,0,2.944913479329829e-05,0.02,6.87979263602756e-06,1.369610004076094e-06
13,0,2.436895611167379e-05,0.02,6.87979263602756e-06,1.1271930588918622e-06
13,0,2.900853598648762e-05,0.02,6.698067409161013e-06,1.46329671224521e-06
13,0,3.636171996043279e-05,0.02,6.313280209724326e-06,2.283117510160082e-06
13,0,4.76572909639862e-05,0.02,6.537643457704689e-06,4.432121386344079e-06
13,0,6.287034459590824e-05,0.02,1.2308663826843258e-05,8.805624929664191e-06
13,0,8.144608726675574e-05,0.02,1.2308663826843258e-05,1.6682781279087067e-05
13,0,8.631853890209288e-05,0.02,1.2147551387897693e-05,2.3611857614014298e-05
13,0,8.676982009074398e-05,0.02,1.2147551387897693e-05,2.7168325686943717e-05
13,0,8.103543465945459e-05,0.02,1.2147551387897693e-05,2.3559963665320538e-05
13,0,6.671772482753707e-05,0.02,1.2308663826843258e-05,1.473936117690755e-05
13,0,4.769788526962463e-05,0.02,6.537643457704689e-06,6.896562808833551e-06
13,0,3.0797177822662794e-05,0.02,7.021025339781772e-06,2.8834556360379793e-06
13,0,2.4149177945614585e-05,0.02,7.021025339781772e-06,1.4943348105589394e-06
13,0,1.8202294640788143e-05,0.02,7.021025339781772e-06,7.672781521250727e-07
13,0,1.3027694659218495e-05,0.02,7.021025339781772e-06,3.805431845194107e-07
13,0,9.703452758034508e-06,0.02,7.021025339781772e-06,2.02374422997309e-07
13,0,8.2693984445723e-06,0.02,7.021025339781772e-06,1.295584297622554e-07
13,0,8.42894157057146e-06,0.02,7.021025339781772e-06,1.0666896343991539e-07
13,0,9.338318614951142e-06,0.0,8.010420060600154e-06,9.476754314619029e-08
13,0,1.1864367283285862e-05,0.0,9.11447568796575e-06,9.565464864635942e-08
13,0,1.4375516206828048e-05,0.0,9.11447568796575e-06,1.0736172839642677e-07
13,0,1.8757322361903976e-05,0.0,9.11447568796575e-06,1.5147378462643246e-07
13,0,2.52922840620464e-05,0.0,3.8342172956618015e-06,2.3341765142959048e-07
13,0,3.427455173073414e-05,0.0,3.8342172956618015e-06,3.793944927110715e-07
13,0,4.567561695056598e-05,0.0,3.8342172956618015e-06,6.19483557784406e-07
13,0,5.8427993189600815e-05,0.0,3.36976813741785e-06,9.32789703256276e-07
13,0,7.151336575220168e-05,0.0,3.36976813741785e-06,1.2647473113247543e-06
13,0,7.873086127093554e-05,0.0,3.575265282051987e-06,1.417184762431134e-06
13,0,7.481789501347426e-05,0.0,3.6068884128326317e-06,1.1962208645854844e-06
13,0,5.796935643894081e-05,0.0,2.746146037679864e-06,7.590908808197128e-07
13,0,6.829728373645902e-05,0.0,3.133110794806271e-06,5.546297074943141e-07
13,0,9.486421974578603e-05,0.0,3.133110794806271e-06,4.79247034945729e-07
13,0,9.320976243808955e-05,0.0,4.359922513685888e-06,3.889315962624096e-07
13,0,7.550208019420953e-05,0.0,4.359922513685888e-06,2.817353959017055e-07
13,0,6.417665819577022e-05,0.0,4.359922513685888e-06,2.2151023415517557e-07
13,0,5.991080993343928e-05,0.0,4.359922513685888e-06,2.2058394222312927e-07
13,0,6.1601194141516e-05,0.0,4.359922513685888e-06,2.680360751128319e-07
13,0,6.464164516620154e-05,0.0,4.11144674217212e-06,4.323661073613039e-07
13,0,7.018365655445965e-05,0.0,4.147812887822511e-06,7.725610657871584e-07
13,0,8.266200242630513e-05,0.0,3.849969289149158e-06,1.0777139323181473e-06
13,0,9.029861807470574e-05,0.0,3.819768153334735e-06,1.505243631072517e-06
13,0,8.848285769882891e-05,0.0,4.907939910481218e-06,2.25829035116476e-06
13,0,8.377004230955747e-05,0.0,4.907939910481218e-06,3.031044798262883e-06
13,0,7.704713895242687e-05,0.0,4.301770331949228e-06,3.5564187328418484e-06
13,0,6.795759800707675e-05,0.0,3.93328537029447e-06,3.4039405818475643e-06
13,0,5.6935362332669595e-05,0.0,3.93328537029447e-06,2.627250296427519e-06
13,0,4.5402657118894566e-05,0.0,3.964376446674578e-06,1.7844650983533938e-06
13,0,3.423467363197938e-05,0.0,2.5376014036737615e-06,1.0703565749281552e-06
13,0,2.5294440616380244e-05,0.0,2.7510006930242525e-06,5.820030537506682e-07
13,0,1.9484391443789433e-05,0.0,3.3273759072471876e-06,3.3801890708673454e-07
13,0,1.629590491999694e-05,0.0,3.3273759072471876e-06,2.312954734406958e-07
13,0,1.4640577404437935e-05,0.0,3.3273759072471876e-06,1.6859294760251942e-07
13,0,1.3311149944359604e-05,0.0,4.027627710456727e-06,1.2860452613949747e-07
13,0,1.2019450455008473e-05,0.0,4.027627710456727e-06,1.0062949939992905e-07
13,0,1.1362173077525035e-05,0.0,4.027627710456727e-06,8.156379749379994e-08
13,0,1.1375872768447889e-05,0.0,4.027627710456727e-06,7.21963502314793e-08
13,0,1.2105566060086869e-05,0.0,3.624522605605307e-06,6.864102886083856e-08
13,0,1.3576432091240868e-05,0.0,3.624522605605307e-06,7.336671359325919e-08
13,0,1.625747042819685e-05,0.0,3.303693347334047e-06,9.702876013761852e-08
13,0,2.0983301850523894e-05,0.0,3.303693347334047e-06,1.303749854741909e-07
13,0,2.831865958875427e-05,0.0,3.303693347334047e-06,2.1770884472971375e-07
13,0,3.9373060723748855e-05,0.0,3.303693347334047e-06,3.998656836756709e-07
13,0,5.597880342346997e-05,0.0,3.5770044632954523e-06,7.10789493041375e-07
13,0,8.173980409872291e-05,0.0,3.5770044632954523e-06,1.1208503565285355e-06
13,0,0.0001137219560398617,0.0,3.5751593259192305e-06,1.5478973409699393e-06
13,0,0.00014075074113863807,0.0,3.8342172956618015e-06,1.8553746485849842e-06
13,0,0.00015639833787601395,0.0,2.924140744653414e-06,1.927886614794261e-06
13,0,0.00016267273342220675,0.0,2.924140744653414e-06,1.70953194356116e-06
13,0,0.00015776694201487606,0.0,3.1980853236746043e-06,1.3465422625813517e-06
13,0,0.00014225275993570507,0.0,3.1700458293926204e-06,9.260356819140725e-07
13,0,0.00011961387171209196,0.0,2.7860496629728004e-06,6.24821097972017e-07
13,0,9.847835596265298e-05,0.0,2.7874875740963034e-06,4.4839239876637293e-07
13,0,8.621728227835137e-05,0.0,2.7874875740963034e-06,3.5520494634511124e-07
13,0,8.524647233011459e-05,0.0,2.7874875740963034e-06,3.1877462447482685e-07
13,0,9.164812654943647e-05,0.0,2.7510006930242525e-06,3.5839835277329257e-07
13,0,0.00010080122138435598,0.0,2.7510006930242525e-06,4.861287834501127e-07
13,0,0.00011374112173998708,0.0,3.1386493901663925e-06,7.659876928300946e-07
13,0,0.00012434694111344505,0.0,3.1664112611906603e-06,1.6018987025745446e-06
13,0,0.0001376311792261436,0.0,4.057769274368184e-06,3.6261099012335762e-06
13,0,0.0001653283397356059,0.0,4.057769274368184e-06,6.695122920064023e-06
13,0,0.00019724383607600755,0.0,4.057769274368184e-06,1.2325121133471839e-05
13,0,0.00024024701978700436,0.0,4.057769274368184e-06,1.7332999050267972e-05
13,0,0.00028487539563197404,0.0,4.907939910481218e-06,2.3135087758419104e-05
13,0,0.0003171615090970341,0.0,4.301770331949228e-06,3.3783424441935495e-05
13,0,0.0003407728883670823,0.0,4.301770331949228e-06,4.114619514439255e-05
13,0,0.0003503665202117709,0.0,4.358825208328199e-06,4.321509914007038e-05
13,0,0.00034725509249118987,0.0,4.358825208328199e-06,3.6898203688906506e-05
13,0,0.0003197048876719125,0.0,4.358825208328199e-06,2.479877366567962e-05
13,0,0.0002794621604408461,0.0,4.957034889230272e-06,1.3864873835700564e-05
13,0,0.0002424896609315506,0.0,4.0983600229083095e-06,7.151695172069594e-06
13,0,0.00021456310968651565,0.0,3.819597168330802e-06,3.93910750062787e-06
13,0,0.00019841099185405098,0.0,3.819597168330802e-06,2.339057118661003e-06
13,0,0.0001927148560069405,0.0,3.819597168330802e-06,1.4246825230657123e-06
13,0,0.00018836192018421535,0.0,3.819597168330802e-06,9.356880354971508e-07
13,0,0.00018323239929453122,0.0,3.849789209198207e-06,6.38173560219002e-07
13,0,0.00018066936769066644,0.0,3.849789209198207e-06,4.907308834845026e-07
13,0,0.0001916053355163007,0.0,3.849789209198207e-06,4.85962857510458e-07
13,0,0.00020008305185294074,0.0,3.819597168330802e-06,6.204874694049067e-07
13,0,0.0002333262866187736,0.0,3.819597168330802e-06,1.0545434179221047e-06
13,0,0.0002616701889125921,0.0,3.819597168330802e-06,1.8482980976841645e-06
13,0,0.0002918666601419655,0.0,3.819597168330802e-06,3.254959892728948e-06
13,0,0.00032308369659371917,0.0,3.821568043349544e-06,5.208857146499213e-06
13,0,0.0003615933026388833,0.0,3.821568043349544e-06,8.054573299887124e-06
13,0,0.00038057081172117926,0.0,4.102188086108072e-06,1.1348362022545189e-05
13,0,0.00043323291823797153,0.0,4.663784693548223e-06,1.7305894289165735e-05
13,0,0.0004712951180342959,0.0,5.320966010913253e-06,2.26126048801234e-05
13,0,0.0004771967086619145,0.0,5.320966010913253e-06,2.4693286832189187e-05
13,0,0.0004584072653458529,0.0,5.320966010913253e-06,2.3061053070705384e-05
13,0,0.00044034761211624566,0.0,4.303001333028078e-06,2.0344919903436676e-05
13,0,0.00042792959300401565,0.0,6.404387022485025e-06,1.7606804249226116e-05
13,0,0.000354026061807455,0.0,6.404387022485025e-06,1.4088879652263131e-05
13,0,0.0002990920157891679,0.0,6.404387022485025e-06,1.2926847375638317e-05
13,0,0.0002658036096871054,0.0,6.404387022485025e-06,1.411490302416496e-05
13,0,0.00025084027261852953,0.0,4.303001333028078e-06,1.847878775151912e-05
13,0,0.000254186962586263,0.0,4.303001333028078e-06,3.0037341275601648e-05
13,0,0.0002757684483517888,0.0,4.303001333028078e-06,5.818086356157437e-05
13,0,0.0003124688939555301,0.0,5.017720013711369e-06,0.0001328801445197314
13,0,0.0003646753484674587,0.0,5.017720013711369e-06,0.0002986643521580845
13,0,0.0004315011577862077,0.0,5.578025593422353e-06,0.0005960620474070311
13,0,0.0004865593049634419,0.0,5.1002184591197874e-06,0.0012212879955768585
13,0,0.0005285494625749288,0.0,4.6686172936460935e-06,0.0022096026223152876
13,0,0.0005469638004223532,0.0,4.6686172936460935e-06,0.0034332936629652977
13,0,0.0005435671134162279,0.0,4.311890734243207e-06,0.004152625799179077
13,0,0.0005086206033833198,0.0,4.311890734243207e-06,0.004225072450935841
13,0,0.0004549415495251483,0.0,4.311890734243207e-06,0.0033673627767711878
13,0,0.00039044656213021496,0.0,4.5760139073536266e-06,0.0022162459790706635
13,0,0.00032718271507756636,0.0,4.5760139073536266e-06,0.0013148599537089467
13,0,0.0002736238074140559,0.0,4.5760139073536266e-06,0.0007277816184796393
13,0,0.0002396834246816247,0.0,3.8093346574896714e-06,0.00037418745341710746
13,0,0.0002195397780468125,0.0,4.041510237584589e-06,0.0002143720193998888
13,0,0.0002095796617092088,0.0,4.041510237584589e-06,0.00014301690680440515
13,0,0.00021010823771534467,0.0,4.041510237584589e-06,0.00011119185364805162
13,0,0.00022193721456404967,0.0,4.041510237584589e-06,9.128989768214524e-05
13,0,0.00024323578837535833,0.0,4.041510237584589e-06,7.529457070631906e-05
13,0,0.000262691301702439,0.0,1.1730911865015514e-05,5.461843466036953e-05
13,0,0.0002523296554008521,0.0,1.0282058610755485e-05,3.699171429616399e-05
13,0,0.0002950694428899698,0.0,1.041842915583402e-05,2.727330502239056e-05
13,0,0.0003925936165873081,0.0,1.041842915583402e-05,2.8572030714713037e-05
13,0,0.0004853807637503919,0.0,1.041842915583402e-05,3.5348864912521094e-05
13,0,0.0006200375602106046,0.0,1.041842915583402e-05,4.973255272489041e-05
13,0,0.0008472831436845256,0.0,1.041842915583402e-05,5.3866438975092024e-05
13,0,0.0012038268177311153,0.0,9.772869816515595e-06,5.5075983254937455e-05
13,0,0.0016185298613999599,0.0,1.1258147424086928e-05,7.2613445809111e-05
13,0,0.002056996283295898,0.0,1.1258147424086928e-05,9.961416071746498e-05
13,0,0.002535602376019574,0.0,3.876632490573684e-06,0.00012231517757754773
13,0,0.0028730301737509662,0.0,4.15635395256686e-06,0.00013880609185434878
13,0,0.0033572391066475278,0.0,4.15635395256686e-06,0.0001429276162525639
13,0,0.003905103118680142,0.0,4.15635395256686e-06,0.0001291655353270471
13,0,0.003538037299007896,0.0,3.917573849321343e-06,8.746278763283044e-05
13,0,0.0022292595392176813,0.0,3.917573849321343e-06,4.162602999713272e-05
13,0,0.0016707447961040673,0.0,3.6558146803145064e-06,2.0096933440072462e-05
13,0,0.0016567854080815653,0.0,3.6558146803145064e-06,1.2582082490553148e-05
13,0,0.0019749947389834845,0.0,3.6558146803145064e-06,1.0537288289924618e-05
13,0,0.0027566049708289274,0.0,3.6079620713280747e-06,1.1919486496481113e-05
13,0,0.002879832737401098,0.0,4.116366653761361e-06,1.5245828762999736e-05
13,0,0.0032196243738879357,0.0,4.116366653761361e-06,2.7268752091913484e-05
13,0,0.0032391608139281922,0.0,4.116366653761361e-06,5.1215916755609214e-05
13,0,0.003229126075806592,0.0,4.116366653761361e-06,0.00010916837345575914
13,0,0.0029226403767071956,0.0,4.116366653761361e-06,0.0002787409466691315
13,0,0.00261162823286335,0.0,5.061127012595534e-06,0.0006153813446871936
13,0,0.002424437898342781,0.0,5.764339675806696e-06,0.0007986782002262771
13,0,0.0021221718158819587,0.0,6.115681571827736e-06,0.0008487650193274021
13,0,0.001799068151209083,0.0,6.115681571827736e-06,0.0007547286222688854
13,0,0.0015426439553160851,0.0,5.254763891571201e-06,0.000588181137572974
13,0,0.0011736499051506323,0.0,1.9706030798261054e-05,0.00039688643300905824
13,0,0.0009336582430445575,0.0,2.566779949120246e-05,0.00024765540729276836
13,0,0.000752313452966035,0.0,2.4412474886048585e-05,0.00015106167120393366
13,0,0.0006984670031165031,0.02,5.8030149375554174e-05,9.943820623448119e-05
13,0,0.0005957001907088148,0.02,5.8030149375554174e-05,6.370673509081826e-05
13,0,0.000546345535437118,0.02,1.9124065147479996e-05,4.376720971777104e-05
13,0,0.0004973758547448631,0.04,1.2686691661656369e-05,3.0839968530926853e-05
13,0,0.0004904239271735797,0.02,6.76831496093655e-06,2.2706955860485323e-05
13,0,0.0005289342217820572,0.02,1.0044394912256394e-05,1.7157470210804604e-05
13,0,0.0006134974922805265,0.02,2.0090896214242093e-05,1.3847416994394735e-05
13,0,0.0006473256904484025,0.0,2.0090896214242093e-05,7.2939792516990565e-06
13,0,0.0007145049572055771,0.0,1.7609543647267856e-05,3.3985947993642185e-06
13,0,0.00076319392215845,0.0,1.7843096429714933e-05,1.8284102907273336e-06
13,0,0.0009107713787208108,0.0,1.0930291864497121e-05,1.2293568261156906e-06
13,0,0.0011339877302243484,0.0,1.2430366041371599e-05,1.0147974762730883e-06
13,0,0.0014099812936418416,0.02,1.8971210010931827e-05,8.034113534449716e-07
13,0,0.0015815317995873726,0.02,1.7065631254808977e-05,6.331371764645155e-07
13,0,0.001547808899515033,0.02,1.4217955140338745e-05,5.166224354979931e-07
13,0,0.0015839103459665766,0.02,1.4217955140338745e-05,4.6919652163524006e-07
13,0,0.0015002879714136697,0.02,5.981144568067975e-06,4.754861890887696e-07
13,0,0.0014451757556044607,0.02,5.981144568067975e-06,5.39303186997131e-07
13,0,0.0013158402023341973,0.0,5.259346380626084e-06,7.636747909600672e-07
13,0,0.0011261682103831726,0.0,5.259346380626084e-06,9.068912731891032e-07
13,0,0.000947811096868658,0.0,5.259346380626084e-06,7.761832989672257e-07
13,0,0.0007938675116418918,0.0,5.190504452912137e-06,6.20340756540827e-07
13,0,0.0007801228635421394,0.0,5.92190690440475e-06,5.51799246295559e-07
13,0,0.0007746345093069846,0.0,5.92190690440475e-06,5.226603434493882e-07
13,0,0.0006757831963471508,0.0,6.089573616918642e-06,5.18045283115498e-07
13,0,0.0006328148144597227,0.0,6.089573616918642e-06,6.606018132515601e-07
13,0,0.0006400224458712461,0.0,6.089573616918642e-06,1.0992320085279061e-06
13,0,0.0007017615376309912,0.02,6.089573616918642e-06,2.0725594822579296e-06
13,0,0.0007513341822282039,0.02,6.089573616918642e-06,4.505924152908847e-06
13,0,0.0007198240526629272,0.04,7.235816610773327e-06,8.84837209014222e-06
13,0,0.0007355826243003978,0.04,1.0584573828964494e-05,1.665915442572441e-05
13,0,0.0007482620527932666,0.04,1.0584573828964494e-05,2.7688496629707515e-05
13,0,0.0007901109731606148,0.04,1.0724957064667251e-05,4.111708767595701e-05
13,0,0.0008446263563640693,0.04,1.0724957064667251e-05,5.6864570069592446e-05
13,0,0.0007500408741262821,0.04,1.0724957064667251e-05,6.277212378336117e-05
13,0,0.0006432442522030762,0.04,1.0724957064667251e-05,5.7504119467921555e-05
13,0,0.0005371837454391029,0.04,1.0724957064667251e-05,4.689703564508818e-05
13,0,0.00045889656788151816,0.04,1.0724957064667251e-05,3.736323560588062e-05
13,0,0.0004204268299927099,0.04,6.202777512953617e-06,3.123737042187713e-05
13,0,0.0004120119733319362,0.04,4.692247784987558e-06,2.9506933060474694e-05
13,0,0.00043345403590429435,0.06,4.677815923059825e-06,2.756566937023308e-05
13,0,0.0004027332898369385,0.06,8.125422027660534e-06,2.6073486878885888e-05
13,0,0.00035977954018460154,0.04,8.125422027660534e-06,2.45296487264568e-05
13,0,0.0002987237632491805,0.04,8.125422027660534e-06,2.2556416297447868e-05
13,0,0.0004249415298433955,0.04,1.6426069123554043e-05,2.035660327237565e-05
13,0,0.0006913586897914813,0.04,1.70197818079032e-05,2.0854704416706227e-05
13,0,0.0007969342979397251,0.04,1.70197818079032e-05,1.9169421648257412e-05
13,0,0.0009668032540168028,0.04,1.6551173757761717e-05,1.7319151083938777e-05
13,0,0.0010160110066478112,0.02,3.934371125069447e-05,1.440290088794427e-05
13,0,0.0010519177431837733,0.02,3.8391030102502555e-05,1.1705533324857242e-05
13,0,0.0009654473535357337,0.02,4.15122922277078e-05,9.532192052574828e-06
13,0,0.0009806917148799655,0.0,2.0999752450734377e-05,6.772989308956312e-06
13,0,0.0010371702261519579,0.0,1.606887235539034e-05,4.848046501138015e-06
13,0,0.0012288351540922853,0.0,8.555781278118957e-06,3.850733264698647e-06
13,0,0.0013936873109471615,0.0,8.555781278118957e-06,2.7704866170097375e-06
13,0,0.0016293802704695074,0.0,8.555781278118957e-06,1.8932140619654092e-06
13,0,0.0017469959916583573,0.0,7.040771379251964e-06,1.240944129676791e-06
13,0,0.001717371956611551,0.0,1.2826752936234698e-05,7.559511914223549e-07
13,0,0.0015721522920442482,0.0,7.41874009690946e-06,4.1443743725722015e-07
13,0,0.0014045417635640846,0.0,7.350078703893814e-06,1.9466186529371043e-07
13,0,0.0012014003028644267,0.0,5.18655087944353e-06,7.767404497371899e-08
13,0,0.0009837424813045118,0.0,4.596759026753716e-06,2.8898723414272354e-08
13,0,0.0007946830228357473,0.0,4.657726094592363e-06,9.738138295745102e-09
13,0,0.0006279140703217274,0.0,4.657726094592363e-06,3.4767859702355963e-09
13,0,0.0004985078038296884,0.0,4.657726094592363e-06,1.4063866737856756e-09
13,0,0.0004337020179047352,0.0,4.657726094592363e-06,6.480452841017836e-10
13,0,0.00039891088788944273,0.0,4.6553236643376295e-06,3.815675275742336e-10
13,0,0.00037181425477577924,0.0,4.6553236643376295e-06,3.028684525396841e-10
13,0,0.00036449983348924746,0.02,3.852679583360441e-06,2.9540478396761216e-10
13,0,0.00036641164463563277,0.02,3.852679583360441e-06,3.4942890247968705e-10
13,0,0.00037860507336963004,0.02,3.6853100482403534e-06,4.74104644432316e-10
13,0,0.00040431086791888304,0.02,3.4604511256475234e-06,7.077585739700964e-10
13,0,0.0005623410477769725,0.02,3.4604511256475234e-06,1.2483540867691545e-09
13,0,0.000947771689494001,0.02,7.884095225563215e-07,2.1414503503791593e-09
13,0,0.0006559657446848781,0.02,6.621837087550375e-07,1.3389001018992985e-09
13,0,0.000409350450235953,0.0,7.056885920064815e-07,4.464543179594216e-10
13,0,0.00027673663632759324,0.0,9.509541882835038e-07,1.3824759392822017e-10
13,0,0.0003140072865854068,0.0,1.2593624205692322e-06,5.702681382668828e-11
13,0,0.0005361142548579661,0.0,1.564273134135874e-06,4.349855545204839e-11
13,0,0.0010977547943998535,0.0,1.930782445924706e-06,6.035698330020267e-11
13,0,0.001492286461692174,0.0,1.948815679497784e-06,1.0572713537992939e-10
13,0,0.0018978658556799385,0.0,3.3694502690195804e-06,2.575278879035636e-10
13,0,0.0027924654403833457,0.0,3.5399734770180658e-06,8.46715753066718e-10
13,0,0.003866204202231055,0.0,4.439092663233168e-06,3.8998209106466675e-09
13,0,0.004773597593131166,0.0,1.2348910786386114e-05,1.7170588506587592e-08
13,0,0.006010579729903976,0.02,1.693754347797949e-05,5.6946248605527217e-08
13,0,0.006537432583838409,0.02,1.9118466298095882e-05,1.2649495317873516e-07
13,0,0.006277606367718883,0.02,1.7503176422906108e-05,1.810044665262467e-07
13,0,0.006067346211005231,0.02,1.5266983609762974e-05,2.1153793738903914e-07
13,0,0.006650196709874529,0.02,1.3990616935188882e-05,2.3239502411342983e-07
13,0,0.007828324668477556,0.02,7.868178727221675e-06,2.4069944970506185e-07
13,0,0.007881403938244467,0.02,7.868178727221675e-06,2.5375646828251774e-07
13,0,0.008183336129056779,0.02,7.868178727221675e-06,2.6902355898528185e-07
13,0,0.008785960141707553,0.02,7.868178727221675e-06,2.9536261081375415e-07
13,0,0.009481842804165348,0.02,6.474912879639305e-06,3.202982838956814e-07
13,0,0.010237460149506402,0.02,7.400699814752443e-06,3.2197996802096895e-07
13,0,0.010990788209335314,0.02,7.400699814752443e-06,3.2217747047980083e-07
13,0,0.011822295085845043,0.02,7.400699814752443e-06,3.2083818268802133e-07
13,0,0.01282950622443863,0.02,7.3038281698245555e-06,3.222475584152562e-07
13,0,0.014017414080655672,0.02,7.3038281698245555e-06,3.213189359030366e-07
13,0,0.015369040368823302,0.02,7.586460014863405e-06,2.8892998216178967e-07
13,0,0.016979222389009025,0.02,4.637957317754626e-06,2.4521239083696855e-07
13,0,0.01605425571373477,0.02,8.45333852339536e-06,1.9004357909579994e-07
13,0,0.015009397467468804,0.02,6.8056224336032756e-06,1.3694723577373225e-07
13,0,0.013673241312208291,0.02,4.499788246903336e-06,9.627588326566183e-08
13,0,0.012215069648093175,0.02,4.559469289233675e-06,7.286911340997904e-08
13,0,0.010714821489117688,0.02,4.559469289233675e-06,4.9080995268013794e-08
13,0,0.009047840897342526,0.0,4.559469289233675e-06,3.1714588288878076e-08
13,0,0.008536793264830813,0.0,4.389895821077516e-06,2.0713107673486775e-08
13,0,0.0075889303674471185,0.0,4.122046902921284e-06,1.3124431319511132e-08
13,0,0.006546601010310423,0.0,4.122046902921284e-06,9.141208678897783e-09
13,0,0.0062607884206890944,0.0,4.122046902921284e-06,8.079930502447041e-09
13,0,0.006301082326776189,0.0,4.122046902921284e-06,8.421532804447907e-09
13,0,0.005833060782543095,0.0,4.122046902921284e-06,8.726528832880831e-09
13,0,0.004909412920518566,0.0,4.122046902921284e-06,8.604240875342839e-09
13,0,0.004276643429051304,0.0,4.34527782999794e-06,9.077997908946145e-09
13,0,0.00397628087690463,0.0,4.34527782999794e-06,1.076504130281819e-08
13,0,0.003791406303409362,0.0,3.968480541516328e-06,1.3686193511830425e-08
13,0,0.003696920815632192,0.0,3.968480541516328e-06,1.9003357110136676e-08
13,0,0.0037215093619089343,0.0,3.968480541516328e-06,2.9689404712485157e-08
13,0,0.00391607620638159,0.0,3.968480541516328e-06,5.050510765158833e-08
13,0,0.004370906178537012,0.0,4.6625173126813024e-06,9.409123435943911e-08
13,0,0.0050412341801803215,0.0,5.260746092972113e-06,1.83889753202493e-07
13,0,0.005620044420715912,0.0,6.534445674333256e-06,3.4490707889744954e-07
13,0,0.006390001125322889,0.0,6.95904964231886e-06,6.472238283095066e-07
13,0,0.007708302487848633,0.02,1.2433637493813876e-05,1.2948128187417751e-06
13,0,0.00929208520884536,0.02,1.2433637493813876e-05,2.3333625449595274e-06
13,0,0.008686626480775516,0.02,1.7012462194543332e-05,2.4682312869117595e-06
13,0,0.007122480859203203,0.02,1.7012462194543332e-05,1.3117233947923523e-06
13,0,0.01056140169480747,0.04,6.915254289197037e-06,9.648147170082666e-07
13,0,0.022148988000212966,0.02,8.754231203056406e-06,1.1344324093442992e-06
13,0,0.030411817138280645,0.02,8.754231203056406e-06,1.3180533642298542e-06
13,0,0.0393233617460363,0.02,8.754231203056406e-06,1.9204235286451876e-06
13,0,0.04215987965265483,0.02,9.585420229996089e-06,2.791962742776377e-06
13,0,0.044308761035859776,0.02,9.585420229996089e-06,3.847822426905623e-06
13,0,0.04786810659010688,0.02,9.092987966141663e-06,5.156349288881756e-06
13,0,0.05258862574399998,0.02,1.6882568161236122e-05,6.619274699914968e-06
13,0,0.05597949681516898,0.02,1.7796839529182762e-05,7.69872985983966e-06
13,0,0.05658957754517368,0.02,1.7796839529182762e-05,7.91804905020399e-06
13,0,0.055785399852276575,0.02,2.7245283490628935e-05,7.485579772037454e-06
13,0,0.05433896579657362,0.04,0.00010039594781119376,6.685756488877814e-06
13,0,0.05326298724209904,0.02,0.00010039594781119376,5.800017333967844e-06
13,0,0.05069676163191034,0.02,5.6164393754443154e-05,4.607428309100214e-06
13,0,0.04780577474031674,0.02,5.6164393754443154e-05,3.3874962355184834e-06
13,0,0.03994075460204837,0.04,5.6164393754443154e-05,2.548648808442522e-06
13,0,0.10349541365396059,0.1,0.00027052353834733367,1.3569540897151455e-05
13,0,0.12475364910861658,0.06,0.00015285081462934613,3.752889097086154e-05
13,0,0.14706592730784088,0.06,0.0001382403715979308,8.800895739113912e-05
13,0,0.14043339174887842,0.04,0.0001382403715979308,0.00011587989865802228
13,0,0.11954360305670202,0.04,0.00012277568748686463,0.00010004845535149798
13,0,0.09442307340558763,0.04,0.00012277568748686463,7.997079228516668e-05
13,0,0.08583250345804654,0.04,0.00012277568748686463,6.45400577923283e-05
13,0,0.07821447468886453,0.04,0.00012277568748686463,4.9769649194786325e-05
13,0,0.07039771526961881,0.06,7.216131052700803e-05,3.6406909202924e-05
13,0,0.06277018456736058,0.06,7.216131052700803e-05,2.560958091635257e-05
13,0,0.05480950391060197,0.04,7.216131052700803e-05,1.8879147319239564e-05
13,0,0.04905653763610627,0.04,7.606895815115422e-05,1.4894611013005488e-05
13,0,0.019600627830183466,0.04,2.700787990761455e-05,2.6403412789477443e-07
13,0,0.01993924086403466,0.02,2.700787990761455e-05,2.813364119447215e-07
13,0,0.020662713883587206,0.02,2.700787990761455e-05,3.172203832946252e-07
13,0,0.020759497797449157,0.02,2.700787990761455e-05,3.654242561879073e-07
13,0,0.023745037560814468,0.02,2.700787990761455e-05,4.955012968821393e-07
13,0,0.02545862633387861,0.02,2.700787990761455e-05,6.534687599923927e-07
13,0,0.027284632610489107,0.0,2.700787990761455e-05,8.864300298228045e-07
13,0,0.03000364399518589,0.0,2.700787990761455e-05,1.2658574632951058e-06
13,0,0.033258680252030055,0.0,2.700787990761455e-05,1.8676738591238973e-06
13,0,0.036990316875471795,0.0,3.181562715326436e-05,2.797602519422071e-06
13,0,0.04069862835449685,0.0,3.181562715326436e-05,4.118796823604498e-06
13,0,0.044930231566278414,0.0,2.8472422854974866e-05,5.3387307161756326e-06
13,0,0.048564936364865564,0.0,3.951370308641344e-05,7.247287612699438e-06
13,0,0.05325628098858076,0.0,3.316820220788941e-05,9.608327673049644e-06
13,0,0.057800319995558944,0.02,1.1818497114290949e-05,1.1926866136491299e-05
13,0,0.057859716241353935,0.02,1.600637915544212e-05,1.320822866546223e-05
13,0,0.051650684294838274,0.02,1.8060067304759286e-05,1.1373280358384363e-05
13,0,0.04589329635790916,0.02,2.525849595258478e-05,7.3603755481599364e-06
13,0,0.03213926615459672,0.02,2.525849595258478e-05,3.2675468446541345e-06
13,0,0.03930331888916987,0.04,2.7001467969967052e-05,1.2064609791195835e-06
13,0,0.06781102235411195,0.04,6.356551602948457e-05,7.251230726978974e-07
13,0,0.18064656183012837,0.02,1.3719179150939453e-05,9.274551189264457e-07
13,0,0.28263136676326395,0.04,5.009368032915518e-05,1.712908442641492e-06
13,0,0.3288550436461226,0.02,7.6162519690115e-05,3.869614829454804e-06
13,0,0.3342078130495217,0.06,0.00010958629718516022,8.715613148524426e-06
13,0,0.3387636792822742,0.1,0.00023239127767737955,1.6297761249006726e-05
13,0,0.5818343931104378,0.2,0.026653923094272614,0.009316286072134972
13,0,0.5996945759434505,0.2,0.021495722234249115,0.010108345188200474
13,0,0.5952863405721284,0.16,0.021495722234249115,0.011095157824456692
13,0,0.5873867393490015,0.14,0.02360495924949646,0.010972640477120876
13,0,0.5657620061541581,0.14,0.026518722996115685,0.010608973912894726
13,0,0.5491835949749653,0.12,0.026165099814534187,0.009312388487160206
13,0,0.5411096181658085,0.12,0.023363022133708,0.0074365693144500256
13,0,0.5420537166621343,0.12,0.019452322274446487,0.0059923748485744
13,0,0.5321092352529964,0.12,0.02096596732735634,0.0048751565627753735
13,0,0.5102102963674404,0.12,0.02096596732735634,0.003684735856950283
13,0,0.48825465453874944,0.12,0.004568247124552727,0.002647188026458025
13,0,0.45955607443163193,0.14,0.0010274432133883238,0.0018754766788333654
13,0,0.4268724664431811,0.12,0.0005294847651384771,0.0012842030264437199
13,0,0.39708891397709234,0.12,0.00020692792895715684,0.0008698541787452996
13,0,0.37721727193588095,0.12,0.00020692792895715684,0.0006056868005543947
13,0,0.3498258668756365,0.12,0.00020692792895715684,0.00039095236570574343
13,0,0.32776875559049445,0.12,0.00020740040054079145,0.0002607362112030387
13,0,0.3090992353457672,0.12,0.00013993651373311877,0.00018187970272265375
13,0,0.2881698803774686,0.1,0.0002532698563300073,0.00013229995965957642
13,0,0.2776587252490729,0.1,0.0002532698563300073,0.00011024220293620601
13,0,0.27354165689068405,0.1,0.0002532698563300073,0.00010199953248957172
13,0,0.28058810132190426,0.1,0.00022199579689186066,0.00010664768342394382
13,0,0.2925900027770529,0.1,0.00022199579689186066,0.00011819151404779404
13,0,0.3100550280519017,0.1,0.00022199579689186066,0.00013951641449239105
13,0,0.32954331500764816,0.1,0.00032289852970279753,0.00017664000915829092
13,0,0.35333672428157886,0.1,0.0003214935422874987,0.00023444410180673003
13,0,0.39077209519970757,0.1,0.00045690807746723294,0.00012389000039547682
13,0,0.4214610143477653,0.1,0.000556092825718224,0.0005927641759626567
13,0,0.4516379594180172,0.08,0.000556092825718224,0.000887573987711221
13,0,0.48485791084814506,0.08,0.00045565521577373147,0.0013718523550778627
13,0,0.5142837331224983,0.08,0.0011978722177445889,0.0020573115907609463
13,0,0.5395031212607205,0.1,0.0023229625076055527,0.002955053932964802
13,0,0.5606677612728264,0.1,0.005434793885797262,0.004084475338459015
13,0,0.5657176566574801,0.1,0.007630379404872656,0.005036842543631792
13,0,0.5645441425814011,0.1,0.007630379404872656,0.005869296379387379
13,0,0.5745912923482334,0.1,0.007630379404872656,0.007052145432680845
13,0,0.5860051132679276,0.1,0.006891608703881502,0.008017176762223244
13,0,0.6118220053865366,0.12,0.006891608703881502,0.009428826160728931
13,0,0.6482430590107506,0.12,0.006266220007091761,0.011481335386633873
13,0,0.6528303691532186,0.12,0.006266220007091761,0.012834345921874046
13,0,0.6512642896196428,0.12,0.006938417907804251,0.01404495444148779
13,0,0.6591114942928658,0.12,0.006938417907804251,0.01571229100227356
13,0,0.6732507553338994,0.12,0.007908395491540432,0.01718909479677677
13,0,0.6827325872727528,0.12,0.007908395491540432,0.0171581469476223
13,0,0.6426266673480445,0.12,0.007908395491540432,0.013107421807944775
13,0,0.5965116489281418,0.12,0.008747315034270287,0.008243808522820473
13,0,0.5711728289913658,0.14,0.00811624713242054,0.005797569174319506
13,0,0.591354716223048,0.14,0.00811624713242054,0.005206139758229256
13,0,0.6390175866798411,0.16,0.004757219925522804,0.00563650019466877
13,0,0.6548035032770357,0.14,0.005662219598889351,0.006533997133374214
13,0,0.6315078354510172,0.14,0.009695854038000107,0.007433486171066761
13,0,0.6075571347659554,0.14,0.01040344312787056,0.008381503634154797
13,0,0.584751959099571,0.14,0.013662527315318584,0.009375046007335186
13,0,0.5591339708037475,0.12,0.012358086183667183,0.010261879302561283
13,0,0.5051804071347975,0.12,0.010848315432667732,0.0091401357203722
13,0,0.4479078554288072,0.12,0.00279684248380363,0.005779128521680832
13,0,0.350430397986419,0.1,0.0016455090371891856,0.002463627140969038
13,0,0.2617674936050368,0.12,0.0006967214867472649,0.0013263602741062641
13,0,0.24310723554561284,0.12,0.0006967214867472649,0.0011820135405287147
13,0,0.24079584589206998,0.1,0.0006967214867472649,0.0013196630170568824
13,0,0.23504364489852486,0.12,0.0006261044181883335,0.0012698083883151412
13,0,0.2067098381380648,0.12,0.0005643583717755973,0.001051620813086629
13,0,0.20452898049049179,0.12,0.0005643583717755973,0.000809032004326582
13,0,0.21540513239713596,0.08,0.0005668241064995527,0.0006641146028414369
13,0,0.24423363772082943,0.1,0.0005235361168161035,0.0006401631981134415
13,0,0.25390067118177256,0.1,0.0005235361168161035,0.0007485899841412902
13,0,0.26945641065912823,0.08,0.0006288397707976401,0.0010043340735137463
13,0,0.28134549388859564,0.08,0.0006288397707976401,0.0014371969737112522
13,0,0.2922205378443696,0.08,0.0006288397707976401,0.0022851622197777033
13,0,0.29466295334444015,0.08,0.0009726713760755956,0.005214827600866556
13,0,0.35520867020372887,0.1,0.001969195669516921,0.016752639785408974
13,0,0.42159993014159003,0.1,0.011429625563323498,0.05298975855112076
13,0,0.42958517480073355,0.1,0.01435002125799656,0.10322064161300659
13,0,0.41645144264223577,0.22,0.07080616056919098,0.12723134458065033
13,0,0.4036740463889899,0.22,0.07080616056919098,0.15667462348937988
13,0,0.4074708428555383,0.24,0.060118649154901505,0.22111977636814117
13,0,0.4001991959986378,0.26,0.09105232357978821,0.32940465211868286
13,0,0.424136601762223,0.26,0.14494790136814117,0.535719633102417
13,0,0.45485269681111545,0.24,0.16206270456314087,0.7332736849784851
13,0,0.44315642198794025,0.26,0.16206270456314087,0.818799614906311
13,0,0.4139636496950514,0.26,0.16206270456314087,0.8540037870407104
13,0,0.3989960092073656,0.26,0.23493163287639618,0.8765898942947388
13,0,0.4015167248749917,0.3,0.2179512232542038,0.8945534229278564
13,0,0.4063419821568574,0.3,0.2050284892320633,0.9055514931678772
13,0,0.41907429832189924,0.34,0.2050284892320633,0.9058377742767334
13,0,0.42889253310657943,0.32,0.1994551420211792,0.9082483053207397
13,0,0.4303239517073379,0.34,0.20096588134765625,0.9180684089660645
13,0,0.42503910567316994,0.36,0.20096588134765625,0.9286562204360962
13,0,0.41288503807230914,0.36,0.2279265969991684,0.9396997094154358
13,0,0.3931557014177571,0.38,0.2844564914703369,0.9525883197784424
13,0,0.39082495341174034,0.38,0.3213880658149719,0.9568899869918823
13,0,0.38746382597478013,0.38,0.3213880658149719,0.9595173001289368
13,0,0.381373918202597,0.38,0.31047818064689636,0.9611473083496094
13,0,0.3731340570218303,0.38,0.31047818064689636,0.9611189365386963
13,0,0.36384474981817566,0.4,0.37236925959587097,0.959305465221405
13,0,0.35530668242452174,0.4,0.3286134600639343,0.9568517208099365
13,0,0.3485387125387387,0.4,0.3286134600639343,0.9547318816184998
13,0,0.33959253023059693,0.4,0.3286134600639343,0.9513003826141357
13,0,0.3235845748875003,0.4,0.32653528451919556,0.9443778395652771
13,0,0.3099229089962817,0.4,0.32653528451919556,0.9366154670715332
13,0,0.3050962178352436,0.38,0.33773306012153625,0.9303319454193115
13,0,0.3016687084279846,0.36,0.33773306012153625,0.9255534410476685
13,0,0.29413893495996113,0.36,0.33773306012153625,0.9212721586227417
13,0,0.28761937511316854,0.36,0.33773306012153625,0.9199539422988892
13,0,0.2879760011322135,0.36,0.33773306012153625,0.9230989217758179
13,0,0.29175713723575736,0.36,0.3221159875392914,0.929262638092041
13,0,0.2999256849530325,0.36,0.28214550018310547,0.9395624399185181
13,0,0.31256483100943344,0.36,0.28214550018310547,0.9528647065162659
13,0,0.33190392461652324,0.36,0.28214550018310547,0.9660283923149109
13,0,0.36069939928599026,0.36,0.28214550018310547,0.9781134724617004
13,0,0.35680373406394483,0.38,0.28214550018310547,0.9869367480278015
13,0,0.3841582561135244,0.38,0.2840602993965149,0.9940952658653259
13,0,0.43640263087234815,0.38,0.33100828528404236,0.9974275827407837
13,0,0.43463326071830244,0.38,0.35693562030792236,0.9985873699188232
13,0,0.39165137846116965,0.38,0.6087507009506226,0.9988731145858765
13,0,0.35299036047344956,0.5,0.9109086394309998,0.9991980195045471
13,0,0.3707423271232598,0.48,0.9109086394309998,0.9994425177574158
13,0,0.37057634571166403,0.5,0.9363875389099121,0.9995036721229553
13,0,0.3552569774675797,0.5,0.9363875389099121,0.9994473457336426
13,0,0.36039309505657957,0.5,0.9154698848724365,0.9994138479232788
13,0,0.3619680855336375,0.5,0.922591507434845,0.999313473701477
13,0,0.33122204444168946,0.5,0.922591507434845,0.9991799592971802
13,0,0.3161005895994989,0.5,0.9204967021942139,0.999078631401062
13,0,0.3144611854729433,0.5,0.9204967021942139,0.9990127682685852
13,0,0.3125630740884397,0.5,0.9204967021942139,0.9989269971847534
13,0,0.3083263929510139,0.5,0.8752123117446899,0.9987612366676331
13,0,0.3034656584939011,0.5,0.8752123117446899,0.998479425907135
13,0,0.31351020264049806,0.5,0.6721134185791016,0.9978192448616028
13,0,0.31025169908191375,0.5,0.6721134185791016,0.9971456527709961
13,0,0.29484419062662237,0.5,0.6526163816452026,0.996495246887207
13,0,0.27798044371694297,0.48,0.6526163816452026,0.9958157539367676
13,0,0.27650288939528034,0.48,0.6284012794494629,0.9948590993881226
13,0,0.285517471923206,0.46,0.6586294770240784,0.9943059682846069
13,0,0.30075476433150333,0.46,0.6190016865730286,0.993826687335968
13,0,0.31277376826454534,0.46,0.6479225754737854,0.9931498169898987
13,0,0.3133927304952784,0.44,0.6330834627151489,0.9923717975616455
13,0,0.3149760750813301,0.44,0.6763263940811157,0.9912575483322144
13,0,0.3236339366469086,0.42,0.7055007219314575,0.9901880621910095
13,0,0.33379414606075697,0.42,0.7376604080200195,0.9886946678161621
13,0,0.34585315085127205,0.4,0.7853115200996399,0.9877979159355164
13,0,0.3616748534166252,0.42,0.8078693151473999,0.9874173402786255
13,0,0.37868265523048733,0.4,0.9148055911064148,0.9882515668869019
13,0,0.4022679065091799,0.4,0.899081289768219,0.9905003309249878
13,0,0.4401318491265585,0.42,0.899081289768219,0.9928710460662842
13,0,0.4658847409155377,0.5,0.9059337973594666,0.9947547316551208
13,0,0.4473166362469041,0.5,0.9109888672828674,0.9950031042098999
13,0,0.4532352664476999,0.5,0.8658537864685059,0.9940750598907471
13,0,0.49432559368074747,0.48,0.38190895318984985,0.9926733374595642
13,0,0.5661203473399469,0.52,0.16735880076885223,0.9909278154373169
13,0,0.550509162427694,0.52,0.23521721363067627,0.9908612966537476
13,0,0.5529580879244247,0.52,0.275768518447876,0.9911768436431885
13,0,0.594138935156951,0.52,0.275768518447876,0.9927275776863098
13,0,0.6348955719348542,0.52,0.275768518447876,0.9941131472587585
13,0,0.6510556167812931,0.52,0.13817360997200012,0.994624137878418
13,0,0.6633440155044521,0.5,0.13817360997200012,0.9950027465820312
13,0,0.6794365780818574,0.5,0.15641947090625763,0.995536208152771
13,0,0.6894582105509657,0.52,0.18726207315921783,0.9960601925849915
13,0,0.6961859578007983,0.52,0.27488839626312256,0.9964874386787415
13,0,0.6979149241555239,0.52,0.27488839626312256,0.9967933297157288
13,0,0.6987777161855544,0.52,0.23748072981834412,0.9969868659973145
13,0,0.6982547353067391,0.5,0.1765536218881607,0.9970500469207764
13,0,0.6933934728328657,0.5,0.1765536218881607,0.9970099329948425
13,0,0.6928644538784566,0.5,0.22213122248649597,0.9969915747642517
13,0,0.6944888746940922,0.5,0.23755928874015808,0.9970034956932068
13,0,0.6928119207815758,0.5,0.23755928874015808,0.9970027804374695
13,0,0.6940368480013029,0.46,0.23755928874015808,0.9970188736915588
13,0,0.6980749141450838,0.46,0.4577294588088989,0.9971342086791992
13,0,0.6957354449195644,0.46,0.6208795309066772,0.9972503185272217
13,0,0.6943935714378591,0.46,0.6208795309066772,0.997374415397644
13,0,0.6890475229291183,0.48,0.6208795309066772,0.9973794221878052
13,0,0.6861883590648392,0.48,0.6208795309066772,0.9972888827323914
13,0,0.6812517707583504,0.5,0.742693305015564,0.9970963001251221
13,0,0.6760253215681559,0.5,0.7391104102134705,0.9967314004898071
13,0,0.6781857333090126,0.54,0.8908795118331909,0.9957561492919922
13,0,0.6759299840044253,0.54,0.8225088119506836,0.9942885637283325
13,0,0.6622888053106443,0.54,0.8225088119506836,0.9928576350212097
13,0,0.6584532370681144,0.56,0.8225088119506836,0.9909594655036926
13,0,0.6612142382851269,0.52,0.8114543557167053,0.9888460040092468
13,0,0.6597884059162754,0.52,0.7904531955718994,0.9865124225616455
13,0,0.6559046371583012,0.52,0.8024392127990723,0.9834179282188416
13,0,0.6579898806392378,0.52,0.8024392127990723,0.9798113703727722
13,0,0.6541779806456415,0.52,0.8024392127990723,0.9740540385246277
13,0,0.6611808230835716,0.52,0.8024392127990723,0.9716793894767761
13,0,0.6658121552668896,0.5,0.8406251668930054,0.9714943170547485
13,0,0.6843293817714898,0.5,0.903127133846283,0.9715758562088013
13,0,0.6993389915464275,0.5,0.8852607607841492,0.9713901281356812
13,0,0.7033013278063478,0.52,0.8711754679679871,0.9698748588562012
13,0,0.7157739844701044,0.54,0.8711754679679871,0.96778404712677
13,0,0.72862987841205,0.52,0.8711754679679871,0.9656954407691956
13,0,0.7329046493444983,0.52,0.8076238632202148,0.9614463448524475
13,0,0.7358027645888352,0.52,0.40911176800727844,0.9557315111160278
13,0,0.7366241298629419,0.52,0.44478756189346313,0.9494609832763672
13,0,0.7429845329621094,0.52,0.44478756189346313,0.9433431029319763
13,0,0.7565176268867392,0.52,0.44478756189346313,0.9415934681892395
13,0,0.7519892894689632,0.52,0.44478756189346313,0.9306764602661133
13,0,0.7198145763378974,0.52,0.44478756189346313,0.8956717848777771
13,0,0.7033929049294081,0.54,0.42908647656440735,0.8663109540939331
13,0,0.6977754504489623,0.54,0.42908647656440735,0.8556625843048096
13,0,0.7219340194747897,0.5,0.36696380376815796,0.843086838722229
13,0,0.7519284343108613,0.5,0.36696380376815796,0.8474060893058777
13,0,0.7536834220741304,0.52,0.16801851987838745,0.8629292249679565
13,0,0.7571515868632767,0.54,0.1321675330400467,0.8912063837051392
13,0,0.7724169164898457,0.54,0.16801851987838745,0.9138877987861633
13,0,0.7899864112015507,0.58,0.13166463375091553,0.9373559951782227
13,0,0.7789052126173083,0.58,0.15266934037208557,0.9547446966171265
13,0,0.7743036577399018,0.6,0.23373976349830627,0.96756911277771
13,0,0.7776381407556194,0.56,0.23373976349830627,0.9757115244865417
13,0,0.7653741854704188,0.58,0.1766117364168167,0.978460967540741
13,0,0.7460419996031589,0.6,0.16283650696277618,0.9776660203933716
13,0,0.7025736566607156,0.64,0.176315575838089,0.9768263101577759
13,0,0.6797934045510281,0.64,0.176315575838089,0.9773939847946167
13,0,0.6642645018381792,0.62,0.3663650453090668,0.9786430597305298
13,0,0.6310774160819816,0.62,0.386829137802124,0.9767306447029114
13,0,0.6365357860727424,0.64,0.4129979610443115,0.9756056070327759
13,0,0.6578103208376408,0.62,0.6544180512428284,0.9761300086975098
13,0,0.6855170624981398,0.62,0.6544180512428284,0.9777433276176453
13,0,0.6727618532913182,0.62,0.5372790098190308,0.9789065718650818
13,0,0.6638649756940563,0.62,0.40667688846588135,0.9803515672683716
13,0,0.6612843754044356,0.62,0.4677412509918213,0.982453465461731
13,0,0.66129846490638,0.6,0.4677412509918213,0.9844256639480591
13,0,0.6608761893564593,0.6,0.6076672077178955,0.9860008955001831
13,0,0.675553453306598,0.6,0.7240480184555054,0.9881405830383301
13,0,0.7070814486121859,0.58,0.7533115744590759,0.9905206561088562
13,0,0.7083123354594646,0.54,0.8344659805297852,0.9904667735099792
13,0,0.662564984035899,0.52,0.7210440039634705,0.9867352247238159
13,0,0.6131688356580461,0.5,0.6944568753242493,0.9802002310752869
13,0,0.5565815250011757,0.5,0.6944568753242493,0.9722081422805786
13,0,0.5277532819078435,0.5,0.5814152359962463,0.952582836151123
13,0,0.5363293811347275,0.52,0.5430505275726318,0.9393226504325867
13,0,0.5905108929468241,0.52,0.43348968029022217,0.9392001032829285
13,0,0.6507037975026915,0.44,0.4735754132270813,0.950271487236023
13,0,0.6563668159043448,0.46,0.3140420913696289,0.9558302760124207
13,0,0.6471036368771705,0.46,0.1449267566204071,0.9517417550086975
13,0,0.623524994749882,0.48,0.21053792536258698,0.9430806636810303
13,0,0.6126751627514688,0.48,0.1449267566204071,0.9351773262023926
13,0,0.6065302213693529,0.46,0.2641562819480896,0.9233369827270508
13,0,0.5982174927092364,0.46,0.23550117015838623,0.9092417359352112
13,0,0.5852322812013347,0.48,0.1889393925666809,0.8950163722038269
13,0,0.554268361523165,0.42,0.1889393925666809,0.8686301708221436
13,0,0.5218946102391505,0.48,0.24786308407783508,0.8320239186286926
13,0,0.5022799685824284,0.5,0.6510168313980103,0.8204528093338013
13,0,0.4914386347133172,0.46,0.8959081768989563,0.8418494462966919
13,0,0.5108949022478606,0.46,0.8308708071708679,0.8657975792884827
13,0,0.5043237162764035,0.5,0.8674267530441284,0.8826896548271179
13,0,0.48389353741514624,0.5,0.8674267530441284,0.8917847871780396
13,0,0.46477035938288785,0.5,0.828497052192688,0.8895829319953918
13,0,0.44673146839973293,0.48,0.863020658493042,0.8831496834754944
13,0,0.4217350123507849,0.48,0.863020658493042,0.8582993149757385
13,0,0.3899293913756159,0.48,0.868120014667511,0.7965399026870728
13,0,0.3456997108433959,0.52,0.8474323153495789,0.6755529642105103
13,0,0.2764394268730289,0.54,0.7597112655639648,0.47078651189804077
13,0,0.22158162610385415,0.58,0.10859670490026474,0.2746402621269226
13,0,0.1734319394011806,0.6,0.1774747669696808,0.14240796864032745
13,0,0.14537107821342404,0.62,0.23683945834636688,0.06919047236442566
13,0,0.13660978418345077,0.6,0.23683945834636688,0.047106750309467316
13,0,0.140378619503821,0.58,0.1250128448009491,0.04456523433327675
13,0,0.15222638177441025,0.6,0.1250128448009491,0.05278116092085838
13,0,0.17048901533347033,0.62,0.1250128448009491,0.0667874813079834
13,0,0.19421458385519844,0.6,0.1250128448009491,0.08957204967737198
13,0,0.2192611405827525,0.6,0.15242090821266174,0.13245217502117157
13,0,0.24579227824382066,0.56,0.2289101928472519,0.19653286039829254
13,0,0.2669244001712839,0.56,0.2289101928472519,0.27953293919563293
13,0,0.28959385303324425,0.56,0.2289101928472519,0.37344446778297424
13,0,0.3184299519894281,0.54,0.2289101928472519,0.4512924253940582
13,0,0.3477692146539424,0.54,0.1435539722442627,0.4927147626876831
13,0,0.37263547362667826,0.54,0.11431965231895447,0.5042026042938232
13,0,0.3822212632001686,0.54,0.07251930236816406,0.47476765513420105
13,0,0.3790600654780145,0.54,0.04328802227973938,0.40222373604774475
13,0,0.36609923652846255,0.54,0.015204970724880695,0.2753742039203644
13,0,0.339655743892774,0.56,0.015738971531391144,0.17058344185352325
13,0,0.2978284170170632,0.56,0.010792598128318787,0.11067111045122147
13,0,0.26648557435132436,0.56,0.00946047343313694,0.05983459949493408
13,0,0.23601045419893094,0.5,0.00946047343313694,0.030710462480783463
13,0,0.2059822016220078,0.5,0.0019663001876324415,0.01495914626866579
13,0,0.17055038144238335,0.48,0.0015595336444675922,0.007719436194747686
13,0,0.1497198963738515,0.4,0.0013680154224857688,0.0038749787490814924
13,0,0.13880640256571627,0.38,0.0013680154224857688,0.002213182859122753
13,0,0.12712895384899844,0.38,0.001851061824709177,0.0015105637721717358
13,0,0.1134428141358885,0.38,0.001851061824709177,0.001130543532781303
13,0,0.1009172600716277,0.38,0.001851061824709177,0.0008566536707803607
13,0,0.08960312197483261,0.38,0.001851061824709177,0.0006308601005002856
13,0,0.08073364587176186,0.38,0.001851061824709177,0.0005150872166268528
13,0,0.07379047060817369,0.32,0.0009562792838551104,0.00029936223290860653
13,0,0.06762730552927806,0.32,0.0004686820029746741,0.0002052378695225343
13,0,0.06466010996938654,0.32,0.0004690015339292586,0.0001463501830585301
13,0,0.06375886295317724,0.32,0.0004959607613272965,0.00011360610369592905
13,0,0.06531193249887146,0.32,0.0005773546872660518,9.869964560493827e-05
13,0,0.06939173864199757,0.34,0.00040321642882190645,0.00010313879465684295
13,0,0.07616267188491872,0.34,0.00046058616135269403,0.00012959697050973773
13,0,0.08354349483592742,0.36,0.000561846827622503,0.0001808574888855219
13,0,0.0910570530948514,0.34,0.0007639487157575786,0.00025053645367734134
13,0,0.09927682806746621,0.36,0.0007639487157575786,0.00035990989999845624
13,0,0.10961190403271076,0.34,0.0008843138930387795,0.000560212298296392
13,0,0.12220532124084424,0.32,0.001803537248633802,0.0009249543072655797
13,0,0.1373110455857881,0.4,0.003967212978750467,0.0015801910776644945
13,0,0.15593085873911566,0.48,0.001624227617867291,0.0027940685395151377
13,0,0.17893146605178853,0.48,0.0020157508552074432,0.0051378835923969746
13,0,0.20738214787766227,0.48,0.0023213981185108423,0.009818417020142078
13,0,0.24236492260316794,0.5,0.005314385052770376,0.019915582612156868
13,0,0.28160256338066303,0.5,0.006732459180057049,0.04088238999247551
13,0,0.3208039548732395,0.5,0.006732459180057049,0.07907222956418991
13,0,0.35988289874243967,0.5,0.009822789579629898,0.13002602756023407
13,0,0.3964654675879353,0.44,0.0071186949498951435,0.1716296523809433
13,0,0.4154081825278557,0.46,0.0071186949498951435,0.19942979514598846
13,0,0.42062937737248973,0.46,0.008824366144835949,0.20796827971935272
13,0,0.42312614237475,0.46,0.0071137286722660065,0.1993127316236496
13,0,0.42175192174129533,0.46,0.004956656601279974,0.17763949930667877
13,0,0.4118748765208385,0.46,0.004956656601279974,0.13890494406223297
13,0,0.39275132350117664,0.44,0.006147876847535372,0.09228014200925827
13,0,0.36814484846983586,0.46,0.006147876847535372,0.053457166999578476
13,0,0.345235244932761,0.48,0.003452514298260212,0.027625715360045433
13,0,0.28979625278838855,0.44,0.0007179620442911983,0.014530321583151817
13,0,0.2436516125603036,0.44,0.0007130916346795857,0.008413904346525669
13,0,0.22331807073033724,0.42,0.0005497332313098013,0.005322442390024662
13,0,0.18899895185977486,0.3,0.000457670510513708,0.0031550501007586718
13,0,0.1573509587061331,0.3,0.0004642982385121286,0.0018627430545166135
13,0,0.1258920797261794,0.3,0.0004582233668770641,0.0012423902517184615
13,0,0.0953555540199701,0.32,0.0005152971134521067,0.0009334640926681459
13,0,0.08910067977243889,0.26,0.0005729551776312292,0.000637815217487514
13,0,0.08649353398733516,0.2,0.0002958121185656637,0.0003376269596628845
13,0,0.08427062289902981,0.24,0.0002341800427529961,0.00017876153287943453
13,0,0.08294102803110102,0.24,0.00026236509438604116,0.00010226551239611581
13,0,0.0858404740361117,0.26,0.0002266758820042014,5.852877438883297e-05
13,0,0.09476745304141222,0.24,0.00011543597793206573,4.026282113045454e-05
13,0,0.0929065222138618,0.26,0.00012334775237832218,3.199398270226084e-05
13,0,0.09257212783290013,0.24,0.00012334775237832218,2.757603033387568e-05
13,0,0.08707922075424723,0.26,0.00015326835273299366,2.6320163669879548e-05
13,0,0.08088685240270677,0.22,0.00013513727753888816,2.7966660127276555e-05
13,0,0.07810752928755753,0.22,0.00032845305395312607,2.943274193967227e-05
13,0,0.07726322907538251,0.22,0.000302262807963416,3.268496584496461e-05
13,0,0.08048088497511995,0.22,0.000302262807963416,3.0960665753809735e-05
13,0,0.08285411968389825,0.24,0.0015383705031126738,3.283940168330446e-05
13,0,0.08596781127200674,0.26,0.0028848217334598303,3.576709787012078e-05
13,0,0.08959155039365911,0.26,0.00250052846968174,3.8388101529562846e-05
13,0,0.09183411423642578,0.24,0.0022919506300240755,4.1812181734712794e-05
13,0,0.09078238813440338,0.26,0.0022620169911533594,4.4875374442199245e-05
13,0,0.09115505187411063,0.28,0.0016465544467791915,4.462248762138188e-05
13,0,0.10016754645490954,0.28,0.0027214628644287586,4.6397221012739465e-05
13,0,0.09815506668269376,0.28,0.002528629032894969,7.30189640307799e-05
13,0,0.10883487836663851,0.28,0.0015746153658255935,0.00016774903633631766
13,0,0.13342447081132658,0.3,0.0015746153658255935,0.0003872225934173912
13,0,0.1521075824111822,0.32,0.0017903340049088001,0.000836982624605298
13,0,0.14945531039928542,0.32,0.0010855922009795904,0.0014363882364705205
13,0,0.15803639057643964,0.36,0.001674966188147664,0.002250898163765669
13,0,0.17427647822284162,0.34,0.0021698898635804653,0.0028887612279504538
13,0,0.18203515148881505,0.32,0.0018464889144524932,0.004014445468783379
13,0,0.19684024042287104,0.34,0.0026784599758684635,0.004773744847625494
13,0,0.19170991631214862,0.36,0.002412486355751753,0.004739332478493452
13,0,0.18580455949857652,0.4,0.0024569679517298937,0.004290889482945204
13,0,0.17065034829414122,0.42,0.0011628700885921717,0.0035871625877916813
13,0,0.1676469258144271,0.4,0.00044439584598876536,0.0028353368397802114
13,0,0.1541053523342821,0.4,0.000526173273101449,0.0019686026498675346
13,0,0.13591139558679693,0.32,0.00033118610735982656,0.0012520488817244768
13,0,0.11918210945091356,0.34,0.00033141160383820534,0.0007233018986880779
13,0,0.10446791796856711,0.32,0.00027787144063040614,0.0004025516100227833
13,0,0.08411386904068124,0.3,0.00022777971753384918,0.00024022840079851449
13,0,0.07317951779297703,0.28,0.00010524584649829194,0.00013262407446745783
13,0,0.06381983121556324,0.26,0.00010524584649829194,7.859355537220836e-05
13,0,0.06220209352314203,0.28,0.00010677050886442885,5.140357097843662e-05
13,0,0.06645697169973525,0.24,5.5807009630370885e-05,3.4578148188302293e-05
13,0,0.05053767141289862,0.24,5.5807009630370885e-05,1.643404357309919e-05
13,0,0.03605235699064131,0.24,6.116462463978678e-05,6.663896783720702e-06
13,0,0.027662885099871137,0.24,6.978288001846522e-05,2.6094462555192877e-06
13,0,0.02491568136548955,0.26,6.978288001846522e-05,1.5100099517439958e-06
13,0,0.024976374426456095,0.24,8.740001067053527e-05,1.175999614133616e-06
13,0,0.026222249200819323,0.26,9.673267777543515e-05,1.0700034636101918e-06
13,0,0.029603242412202184,0.28,0.00012355540820863098,1.0338892479921924e-06
13,0,0.029292819016598453,0.24,0.0001320019509876147,1.0208399316979921e-06
13,0,0.030095566785522044,0.26,0.00017537345411255956,1.1579760439417441e-06
13,0,0.03071068562929808,0.26,0.00021394302893895656,1.5630308780600899e-06
13,0,0.0337832786136432,0.3,0.0002440596290398389,2.397595380898565e-06
13,0,0.03606245745975156,0.32,0.0004793310654349625,3.7538518427027157e-06
13,0,0.03644666760439723,0.36,0.000555256032384932,5.841946403961629e-06
13,0,0.0408040649552809,0.34,0.0009921507444232702,9.279157893615775e-06
13,0,0.044007217466188214,0.32,0.0009287161519750953,1.4917000044079032e-05
13,0,0.052180928321269394,0.32,0.0010017481399700046,2.388181928836275e-05
13,0,0.0669819286081942,0.34,0.0010010660625994205,3.781795749091543e-05
13,0,0.0712273475126457,0.4,0.0021241584327071905,6.340109393931925e-05
13,0,0.07759451448435423,0.44,0.015037366189062595,0.00010528700659051538
13,0,0.0859724927880998,0.46,0.019809702411293983,0.00016015564324334264
13,0,0.09177926226622427,0.48,0.02447737753391266,0.0002699191099964082
13,0,0.09916109406821491,0.48,0.02447737753391266,0.000458119175164029
13,0,0.10943700850321915,0.48,0.02447737753391266,0.0006381469429470599
13,0,0.1100797414266677,0.5,0.02447737753391266,0.0010530132567510009
13,0,0.11667821810050523,0.5,0.02447737753391266,0.0016708417097106576
13,0,0.12412119971305245,0.52,0.028092999011278152,0.0025674812495708466
13,0,0.13315960803091506,0.56,0.029259689152240753,0.003773581003770232
13,0,0.14368015570177795,0.56,0.029259689152240753,0.005027230829000473
13,0,0.15847054716785405,0.56,0.029259689152240753,0.005561965052038431
13,0,0.15701408070018702,0.56,0.029259689152240753,0.00806945376098156
13,0,0.15886045085739686,0.58,0.029259689152240753,0.009402720257639885
13,0,0.15990759665656273,0.58,0.029259689152240753,0.009282275103032589
13,0,0.15828609151015519,0.58,0.029259689152240753,0.008434045128524303
13,0,0.1544083887837519,0.58,0.023702211678028107,0.007137708365917206
13,0,0.14835972018200622,0.54,0.023702211678028107,0.00574635760858655
13,0,0.14002714217698628,0.5,0.023702211678028107,0.00445515476167202
13,0,0.12977818601718355,0.5,0.019700659438967705,0.003309723688289523
13,0,0.11869454385629573,0.48,0.01714608259499073,0.0024116153363138437
13,0,0.10357465337202047,0.48,0.01714608259499073,0.0017435627523809671
13,0,0.08831896699310113,0.48,0.021131178364157677,0.0012366175651550293
13,0,0.07403196029856753,0.52,0.01738722063601017,0.0008994305389933288
13,0,0.061555681417545666,0.46,0.007931702770292759,0.0005386738921515644
13,0,0.05254748261692468,0.42,0.004778327886015177,0.0003129561082459986
13,0,0.04847829172798269,0.42,0.004067111760377884,0.0001723875175230205
13,0,0.03800350620226549,0.38,0.0023576668463647366,0.00013135504559613764
13,0,0.03358409628699609,0.4,0.0018700911896303296,9.688905265647918e-05
13,0,0.02943028740145096,0.38,0.0018700911896303296,8.60288564581424e-05
13,0,0.026299259759449127,0.42,0.001608316320925951,8.131126378430054e-05
13,0,0.025962756138464587,0.42,0.0008914745412766933,6.557929009431973e-05
13,0,0.02524032560933409,0.44,0.0008914745412766933,5.650951788993552e-05
13,0,0.025375371742514842,0.44,0.0005161866429261863,5.1396658818703145e-05
13,0,0.02591537179588521,0.44,0.0004228428879287094,4.80446542496793e-05
13,0,0.02686987457314932,0.44,0.0005826198030263186,4.803736737812869e-05
13,0,0.02865221482023543,0.4,0.0011297764722257853,5.004807826480828e-05
13,0,0.030488448590429075,0.42,0.0007821046747267246,4.778502261615358e-05
13,0,0.03666032225270724,0.36,0.001160504762083292,3.534033749019727e-05
13,0,0.04488371155328511,0.34,0.0010680390987545252,3.033488246728666e-05
13,0,0.049353472110827364,0.36,0.0012684821849688888,3.5076529457001016e-05
13,0,0.05506011181451373,0.32,0.0032468230929225683,3.993770224042237e-05
13,0,0.061946274947005706,0.32,0.0037022947799414396,4.6064804337220266e-05
13,0,0.06995857131015537,0.34,0.02880246937274933,5.452855839394033e-05
13,0,0.07848320803261699,0.34,0.02880246937274933,6.506550562335178e-05
13,0,0.08605164556298635,0.32,0.02880246937274933,7.558103243354708e-05
13,0,0.09668836917203717,0.34,0.047510627657175064,7.860907498979941e-05
13,0,0.11291453194300471,0.36,0.10982584953308105,7.543975516455248e-05
13,0,0.12065841931285332,0.36,0.10982584953308105,8.742052159504965e-05
13,0,0.12658548306160572,0.36,0.10982584953308105,9.429100464330986e-05
13,0,0.13172558413383262,0.34,0.10982584953308105,0.00010221744742011651
13,0,0.13560779844576254,0.34,0.10982584953308105,0.00011054769856855273
13,0,0.13812472792966798,0.32,0.10982584953308105,0.00011777503095800057
13,0,0.14190075227020107,0.32,0.10296909511089325,0.00013096020848024637
13,0,0.1472954174611175,0.32,0.10296909511089325,0.0001505807595094666
13,0,0.14298501164992697,0.3,0.10296909511089325,0.000234666615142487
13,0,0.16721367141110904,0.32,0.10982584953308105,0.00022966803226154298
13,0,0.1881531665601487,0.32,0.08961933851242065,0.00024883029982447624
13,0,0.1866349717791778,0.34,0.17129451036453247,0.00028412893880158663
13,0,0.18037198780448274,0.36,0.17948192358016968,0.00033786558196879923
13,0,0.1772311466258527,0.36,0.1854213923215866,0.00036630663089454174
13,0,0.1737417394257958,0.36,0.1854213923215866,0.0003662153030745685
13,0,0.16823674598543603,0.36,0.1854213923215866,0.0003380259731784463
13,0,0.16020643726023603,0.36,0.1854213923215866,0.0002937573881354183
13,0,0.1559032487575986,0.36,0.1854213923215866,0.00023956097720656544
13,0,0.15028587854406927,0.34,0.16576708853244781,0.00017514501814730465
13,0,0.13412362626549715,0.36,0.09780536592006683,0.00010867149103432894
13,0,0.1118540914596021,0.34,0.09292183071374893,5.7009976444533095e-05
13,0,0.09005305608839369,0.36,0.027698848396539688,2.7781121389125474e-05
13,0,0.07091505909787682,0.38,0.017294866964221,1.3030556146986783e-05
13,0,0.05475556749481559,0.38,0.017294866964221,5.6613675951666664e-06
13,0,0.049239738086063516,0.36,0.017541036009788513,2.7021737878385466e-06
13,0,0.043772550339081465,0.36,0.010726374574005604,1.2162180382802035e-06
13,0,0.03864642541953275,0.38,0.008211343549191952,5.235074240772519e-07
13,0,0.034924048859510524,0.4,0.008431746624410152,2.3067185850322858e-07
13,0,0.03475956830668128,0.42,0.008431746624410152,1.2691619133420318e-07
13,0,0.03950416864167914,0.42,0.012639680877327919,8.852062904907143e-08
13,0,0.03905292709791372,0.42,0.003552011214196682,6.296453136656055e-08
13,0,0.03240650778232137,0.42,0.003552011214196682,4.429078259704511e-08
13,0,0.028844337675741044,0.46,0.006971439346671104,3.1964304980647285e-08
13,0,0.02762568688880384,0.46,0.010447220876812935,2.7048910666849224e-08
13,0,0.029711172876113877,0.46,0.010447220876812935,2.3746606458985298e-08
13,0,0.029659971880040843,0.44,0.012914472259581089,2.9469205742316262e-08
13,0,0.0318277763255356,0.4,0.012914472259581089,3.419615524080655e-08
13,0,0.03570491120555348,0.38,0.015003321692347527,4.195822356223289e-08
13,0,0.041070635637593396,0.38,0.014792223460972309,5.5584134628361426e-08
13,0,0.048437258228433464,0.36,0.05079790949821472,7.997645212753923e-08
13,0,0.059819323557455006,0.34,0.04812264442443848,1.1960116808040766e-07
13,0,0.07556741871757346,0.32,0.04752267897129059,1.6208126396577427e-07
13,0,0.09163414770458705,0.32,0.04752267897129059,2.1931259652774315e-07
13,0,0.08830476376749183,0.3,0.058469951152801514,2.0141172285548237e-07
13,0,0.08375197810632184,0.28,0.04940653219819069,1.4704420436828514e-07
13,0,0.08436138177583707,0.28,0.08555266261100769,1.1477770556211908e-07
13,0,0.09786355385660157,0.26,0.05966304615139961,1.123820112525209e-07
13,0,0.11680593445215577,0.24,0.05966304615139961,1.3100014939482207e-07
13,0,0.1260959707745707,0.22,0.05966304615139961,1.5541439779553912e-07
13,0,0.1346840321974114,0.22,0.05966304615139961,1.8202925389232405e-07
13,0,0.11425167523523903,0.22,0.06284593045711517,1.9451879040843778e-07
13,0,0.09081215979496926,0.22,0.09114699810743332,1.8548833224940608e-07
13,0,0.0765000509867531,0.2,0.0567985437810421,2.0636097985970991e-07
13,0,0.08395059084248557,0.14,0.008942019194364548,2.9633883968926966e-07
13,0,0.10368738101518325,0.12,0.005836993455886841,4.309274004299368e-07
13,0,0.10507267275697418,0.1,0.003424117574468255,5.068798714091827e-07
13,0,0.10229964243801488,0.1,0.0058006178587675095,5.263523803478165e-07
13,0,0.09852733922003921,0.1,0.0058006178587675095,5.30047202573769e-07
13,0,0.09290467376993468,0.12,0.0058006178587675095,4.840294991481642e-07
13,0,0.08524292117704947,0.1,0.0034561106003820896,3.875609024817095e-07
13,0,0.07576088463571616,0.1,0.0034561106003820896,2.866055126560241e-07
13,0,0.07114009432132881,0.08,0.001709580421447754,2.189249670436766e-07
13,0,0.06424011611646792,0.08,0.001709580421447754,1.736470238711263e-07
13,0,0.05646097978300827,0.1,0.001732216333039105,1.6164965188636415e-07
13,0,0.050136199619766515,0.1,0.002659517340362072,1.0725529620003726e-07
13,0,0.039043128853727425,0.12,0.0009375566733069718,5.708305295115679e-08
13,0,0.034284354067416214,0.1,0.0009375566733069718,3.25116680244264e-08
13,0,0.030562979553779984,0.1,0.0009375566733069718,2.14739888093618e-08
13,0,0.02363247684806647,0.1,0.0010461449855938554,1.2156696094223207e-08
13,0,0.02078764040802089,0.1,0.0009375566733069718,7.133166946005076e-09
13,0,0.01804302698231561,0.1,0.0009375566733069718,5.006142611563291e-09
13,0,0.015295714531949986,0.1,0.0009375566733069718,3.4856568742469562e-09
13,0,0.013670332112178806,0.1,0.0009375566733069718,2.5762139088669755e-09
13,0,0.01259222232368828,0.1,0.0009375566733069718,2.0908823561427425e-09
13,0,0.011864322606567402,0.1,0.0009375566733069718,1.8689325642640142e-09
13,0,0.011817735161955167,0.1,0.0009375566733069718,1.865947618640007e-09
13,0,0.012786129735002594,0.1,0.0009375566733069718,1.926306891775198e-09
13,0,0.013834856669344236,0.1,0.0009375566733069718,2.1290287310904432e-09
13,0,0.015494655403755981,0.1,0.0009375566733069718,2.495780915268142e-09
13,0,0.01805840095624794,0.1,0.0009375566733069718,3.1615159379327906e-09
13,0,0.021580190105132725,0.12,0.0012095366837456822,4.338640113843439e-09
13,0,0.025715651491697005,0.12,0.007599472999572754,6.096760429841197e-09
13,0,0.029654917372048742,0.12,0.016582459211349487,7.865783580029984e-09
13,0,0.03156463768753418,0.12,0.016582459211349487,8.185502942126277e-09
13,0,0.03246784842315783,0.12,0.016582459211349487,6.32037044923095e-09
13,0,0.03281799790403513,0.1,0.004806227516382933,3.5540392850919034e-09
13,0,0.032521411343319324,0.1,0.003433869918808341,2.666888487823371e-09
13,0,0.044921843683758005,0.08,0.0014050196623429656,2.9293447667555483e-09
13,0,0.07154436292507277,0.08,0.000990976463072002,4.255729546542852e-09
13,0,0.07102436802913661,0.08,0.0012864884920418262,5.2770814384928144e-09
13,0,0.06621675555964543,0.06,0.0012864884920418262,6.434649257869296e-09
13,0,0.07807367332248023,0.04,0.0007530244183726609,9.073237272616552e-09
13,0,0.0819592450625583,0.04,0.0007530244183726609,1.131487437078249e-08
13,0,0.08323778378450263,0.04,0.0007530244183726609,1.2488022171908142e-08
13,0,0.0883485517341949,0.04,0.0007530244183726609,1.5069064218664607e-08
13,0,0.09650511980257848,0.04,0.0007530244183726609,2.1168217401168476e-08
13,0,0.09375192567605363,0.04,0.0007530244183726609,2.5279238258235637e-08
13,0,0.09122560910698091,0.04,0.0011406324338167906,3.058706710135084e-08
13,0,0.09136507056211227,0.04,0.0011406324338167906,3.658712444121193e-08
13,0,0.08965827765506164,0.04,0.0011406324338167906,3.689525485128797e-08
13,0,0.07972648978063306,0.04,0.0005799803184345365,2.8433655430148974e-08
13,0,0.07099471631300414,0.04,0.000990976463072002,1.7179761613306255e-08
13,0,0.06731019062458644,0.06,0.001068086945451796,1.2128024806656867e-08
13,0,0.06446011680481553,0.06,0.0008278865716420114,8.417646135683299e-09
13,0,0.04795173047269789,0.06,0.0010891295969486237,6.1869851464280146e-09
13,0,0.040380323065043605,0.06,0.001452936790883541,5.906783062670229e-09
13,0,0.03607871645723963,0.06,0.0014721797779202461,6.785567663314396e-09
13,0,0.030099710062425133,0.06,0.001577865332365036,4.7862700469636366e-09
13,0,0.025085275790770665,0.06,0.0007171821198426187,3.4582474661704055e-09
13,0,0.02196116246190653,0.06,0.0007171821198426187,2.2843587021981193e-09
13,0,0.018503492691905297,0.06,0.0007171821198426187,1.3913280527688698e-09
13,0,0.015968757213179433,0.06,0.0007171821198426187,9.523241084608003e-10
13,0,0.01459743750569442,0.06,0.0007171821198426187,7.568299320581673e-10
13,0,0.014086075633099746,0.06,0.0007171821198426187,6.333787938572755e-10
13,0,0.01344430233078331,0.06,0.0007171821198426187,5.239318978667029e-10
13,0,0.011727692096767809,0.06,0.0007171821198426187,3.856119867862162e-10
13,0,0.010199232855386379,0.06,0.0007171821198426187,2.596397818965812e-10
13,0,0.01040401078571513,0.06,0.0007171821198426187,1.8390021450098715e-10
13,0,0.010497569704304318,0.06,0.0007171821198426187,1.412450434390422e-10
13,0,0.009702283540795689,0.06,0.0007171821198426187,1.233099039543717e-10
13,0,0.010132768798641023,0.06,0.0007171821198426187,1.383211739591772e-10
13,0,0.011443795063160546,0.06,0.0007171821198426187,1.758286016784183e-10
13,0,0.013259348604162512,0.06,0.0007171821198426187,2.7005786495948314e-10
13,0,0.01636599472393337,0.06,0.0007171821198426187,5.41022282529724e-10
13,0,0.018685684331599003,0.06,0.001577865332365036,5.375517253547457e-10
13,0,0.018532468880503545,0.06,0.001577865332365036,8.95557905611355e-10
13,0,0.01960834256236394,0.06,0.001577865332365036,1.6499878130460388e-09
13,0,0.022795477297858992,0.04,0.0008538304246030748,3.70064534571668e-09
13,0,0.02628729203818773,0.04,0.0008538304246030748,7.578559113596839e-09
