21:18:41 | Mask: [0.0, 0.0, 1.0, 0.0, 0.0] | Prob: 0.1500 | Attn: [0.0, 0.0, 1.0, 0.0, 0.0] | Ext: 0.0ms | Inf: 2206.8ms | Total: 2206.8ms
21:18:41 | Mask: [0.0, 0.0, 1.0, 0.0, 0.0] | Prob: 0.2550 | Attn: [0.0, 0.0, 1.0, 0.0, 0.0] | Ext: 0.0ms | Inf: 7.6ms | Total: 7.6ms
21:18:41 | Mask: [0.0, 0.0, 1.0, 0.0, 0.0] | Prob: 0.3285 | Attn: [0.0, 0.0, 1.0, 0.0, 0.0] | Ext: 0.0ms | Inf: 7.9ms | Total: 7.9ms
21:18:41 | Mask: [0.0, 0.0, 1.0, 0.0, 0.0] | Prob: 0.3800 | Attn: [0.0, 0.0, 1.0, 0.0, 0.0] | Ext: 0.0ms | Inf: 7.7ms | Total: 7.7ms
21:18:41 | Mask: [0.0, 0.0, 1.0, 0.0, 0.0] | Prob: 0.4160 | Attn: [0.0, 0.0, 1.0, 0.0, 0.0] | Ext: 0.0ms | Inf: 9.0ms | Total: 9.0ms
21:18:41 | Mask: [0.0, 0.0, 1.0, 0.0, 0.0] | Prob: 0.4412 | Attn: [0.0, 0.0, 1.0, 0.0, 0.0] | Ext: 0.0ms | Inf: 7.3ms | Total: 7.3ms
21:18:41 | Mask: [0.0, 0.0, 1.0, 0.0, 0.0] | Prob: 0.4588 | Attn: [0.0, 0.0, 1.0, 0.0, 0.0] | Ext: 0.0ms | Inf: 7.1ms | Total: 7.1ms
21:18:41 | Mask: [0.0, 0.0, 1.0, 0.0, 0.0] | Prob: 0.4712 | Attn: [0.0, 0.0, 1.0, 0.0, 0.0] | Ext: 0.0ms | Inf: 7.9ms | Total: 7.9ms
21:18:42 | Mask: [0.0, 0.0, 1.0, 0.0, 0.0] | Prob: 0.4798 | Attn: [0.0, 0.0, 1.0, 0.0, 0.0] | Ext: 0.0ms | Inf: 8.2ms | Total: 8.2ms
21:18:42 | Mask: [0.0, 0.0, 1.0, 0.0, 0.0] | Prob: 0.4859 | Attn: [0.0, 0.0, 1.0, 0.0, 0.0] | Ext: 0.0ms | Inf: 9.2ms | Total: 9.2ms
21:18:42 | Mask: [0.0, 0.0, 1.0, 0.0, 0.0] | Prob: 0.4901 | Attn: [0.0, 0.0, 1.0, 0.0, 0.0] | Ext: 0.0ms | Inf: 10.1ms | Total: 10.2ms
21:18:42 | Mask: [0.0, 0.0, 1.0, 0.0, 0.0] | Prob: 0.4931 | Attn: [0.0, 0.0, 1.0, 0.0, 0.0] | Ext: 0.0ms | Inf: 8.9ms | Total: 8.9ms
21:18:42 | Mask: [0.0, 0.0, 1.0, 0.0, 0.0] | Prob: 0.4952 | Attn: [0.0, 0.0, 1.0, 0.0, 0.0] | Ext: 0.0ms | Inf: 9.1ms | Total: 9.1ms
21:18:42 | Mask: [0.0, 0.0, 1.0, 0.0, 0.0] | Prob: 0.4966 | Attn: [0.0, 0.0, 1.0, 0.0, 0.0] | Ext: 0.0ms | Inf: 9.5ms | Total: 9.6ms
21:18:42 | Mask: [0.0, 0.0, 1.0, 0.0, 0.0] | Prob: 0.4976 | Attn: [0.0, 0.0, 1.0, 0.0, 0.0] | Ext: 0.0ms | Inf: 9.6ms | Total: 9.6ms
21:18:42 | Mask: [0.0, 0.0, 1.0, 0.0, 0.0] | Prob: 0.4983 | Attn: [0.0, 0.0, 1.0, 0.0, 0.0] | Ext: 0.0ms | Inf: 9.5ms | Total: 9.5ms
21:18:43 | Mask: [1.0, 0.0, 1.0, 0.0, 0.0] | Prob: 0.4786 | Attn: [0.494, 0.0, 0.506, 0.0, 0.0] | Ext: 8762.0ms | Inf: 10.8ms | Total: 8772.8ms
21:18:43 | Mask: [1.0, 0.0, 1.0, 0.0, 0.0] | Prob: 0.4648 | Attn: [0.494, 0.0, 0.506, 0.0, 0.0] | Ext: 8762.0ms | Inf: 9.8ms | Total: 8771.8ms
21:18:43 | Mask: [1.0, 0.0, 1.0, 0.0, 0.0] | Prob: 0.4552 | Attn: [0.494, 0.0, 0.506, 0.0, 0.0] | Ext: 8762.0ms | Inf: 8.7ms | Total: 8770.7ms
21:18:43 | Mask: [1.0, 0.0, 1.0, 0.0, 0.0] | Prob: 0.4484 | Attn: [0.494, 0.0, 0.506, 0.0, 0.0] | Ext: 8762.0ms | Inf: 9.1ms | Total: 8771.2ms
21:18:43 | Mask: [1.0, 0.0, 1.0, 0.0, 0.0] | Prob: 0.4437 | Attn: [0.494, 0.0, 0.506, 0.0, 0.0] | Ext: 8762.0ms | Inf: 10.5ms | Total: 8772.6ms
21:18:43 | Mask: [1.0, 0.0, 1.0, 0.0, 0.0] | Prob: 0.4404 | Attn: [0.494, 0.0, 0.506, 0.0, 0.0] | Ext: 8762.0ms | Inf: 10.1ms | Total: 8772.1ms
21:18:43 | Mask: [1.0, 0.0, 1.0, 0.0, 0.0] | Prob: 0.4381 | Attn: [0.494, 0.0, 0.506, 0.0, 0.0] | Ext: 8762.0ms | Inf: 9.5ms | Total: 8771.5ms
21:18:43 | Mask: [1.0, 0.0, 1.0, 0.0, 0.0] | Prob: 0.4365 | Attn: [0.494, 0.0, 0.506, 0.0, 0.0] | Ext: 8762.0ms | Inf: 10.4ms | Total: 8772.4ms
21:18:44 | Mask: [1.0, 0.0, 1.0, 0.0, 0.0] | Prob: 0.4353 | Attn: [0.494, 0.0, 0.506, 0.0, 0.0] | Ext: 8762.0ms | Inf: 10.7ms | Total: 8772.8ms
21:18:44 | Mask: [1.0, 0.0, 1.0, 0.0, 0.0] | Prob: 0.4345 | Attn: [0.494, 0.0, 0.506, 0.0, 0.0] | Ext: 8762.0ms | Inf: 9.9ms | Total: 8771.9ms
21:18:44 | Mask: [1.0, 0.0, 1.0, 0.0, 0.0] | Prob: 0.4340 | Attn: [0.494, 0.0, 0.506, 0.0, 0.0] | Ext: 8762.0ms | Inf: 9.0ms | Total: 8771.1ms
21:18:44 | Mask: [1.0, 0.0, 1.0, 0.0, 0.0] | Prob: 0.4336 | Attn: [0.494, 0.0, 0.506, 0.0, 0.0] | Ext: 8762.0ms | Inf: 9.8ms | Total: 8771.8ms
21:18:44 | Mask: [1.0, 0.0, 1.0, 0.0, 0.0] | Prob: 0.4333 | Attn: [0.494, 0.0, 0.506, 0.0, 0.0] | Ext: 8762.0ms | Inf: 9.4ms | Total: 8771.4ms
21:18:44 | Mask: [1.0, 0.0, 1.0, 0.0, 0.0] | Prob: 0.4331 | Attn: [0.494, 0.0, 0.506, 0.0, 0.0] | Ext: 8762.0ms | Inf: 9.6ms | Total: 8771.6ms
21:18:44 | Mask: [1.0, 0.0, 1.0, 0.0, 0.0] | Prob: 0.4330 | Attn: [0.494, 0.0, 0.506, 0.0, 0.0] | Ext: 8762.0ms | Inf: 9.7ms | Total: 8771.7ms
21:18:44 | Mask: [1.0, 0.0, 1.0, 0.0, 0.0] | Prob: 0.4329 | Attn: [0.494, 0.0, 0.506, 0.0, 0.0] | Ext: 8762.0ms | Inf: 10.2ms | Total: 8772.2ms
21:18:45 | Mask: [1.0, 0.0, 1.0, 0.0, 0.0] | Prob: 0.4328 | Attn: [0.494, 0.0, 0.506, 0.0, 0.0] | Ext: 8762.0ms | Inf: 9.4ms | Total: 8771.5ms
21:18:45 | Mask: [1.0, 0.0, 1.0, 0.0, 0.0] | Prob: 0.4328 | Attn: [0.494, 0.0, 0.506, 0.0, 0.0] | Ext: 8762.0ms | Inf: 8.2ms | Total: 8770.3ms
21:18:45 | Mask: [1.0, 0.0, 1.0, 0.0, 0.0] | Prob: 0.4327 | Attn: [0.494, 0.0, 0.506, 0.0, 0.0] | Ext: 8762.0ms | Inf: 9.6ms | Total: 8771.6ms
21:18:45 | Mask: [1.0, 0.0, 1.0, 0.0, 0.0] | Prob: 0.4327 | Attn: [0.494, 0.0, 0.506, 0.0, 0.0] | Ext: 8762.0ms | Inf: 9.0ms | Total: 8771.1ms
21:18:45 | Mask: [1.0, 0.0, 1.0, 0.0, 0.0] | Prob: 0.4327 | Attn: [0.494, 0.0, 0.506, 0.0, 0.0] | Ext: 8762.0ms | Inf: 9.6ms | Total: 8771.6ms
21:18:45 | Mask: [1.0, 0.0, 1.0, 0.0, 0.0] | Prob: 0.4327 | Attn: [0.494, 0.0, 0.506, 0.0, 0.0] | Ext: 8762.0ms | Inf: 9.2ms | Total: 8771.3ms
21:18:45 | Mask: [1.0, 0.0, 1.0, 0.0, 0.0] | Prob: 0.4327 | Attn: [0.494, 0.0, 0.506, 0.0, 0.0] | Ext: 8762.0ms | Inf: 9.0ms | Total: 8771.0ms
21:18:45 | Mask: [1.0, 0.0, 1.0, 0.0, 0.0] | Prob: 0.4327 | Attn: [0.494, 0.0, 0.506, 0.0, 0.0] | Ext: 8762.0ms | Inf: 8.7ms | Total: 8770.8ms
21:18:46 | Mask: [1.0, 0.0, 1.0, 0.0, 0.0] | Prob: 0.3805 | Attn: [0.47, 0.0, 0.53, 0.0, 0.0] | Ext: 57.4ms | Inf: 9.3ms | Total: 66.7ms
21:18:46 | Mask: [1.0, 0.0, 1.0, 0.0, 0.0] | Prob: 0.3440 | Attn: [0.47, 0.0, 0.53, 0.0, 0.0] | Ext: 57.4ms | Inf: 9.2ms | Total: 66.6ms
21:18:46 | Mask: [1.0, 0.0, 1.0, 0.0, 0.0] | Prob: 0.3185 | Attn: [0.47, 0.0, 0.53, 0.0, 0.0] | Ext: 57.4ms | Inf: 9.5ms | Total: 66.9ms
21:18:46 | Mask: [1.0, 0.0, 1.0, 0.0, 0.0] | Prob: 0.3006 | Attn: [0.47, 0.0, 0.53, 0.0, 0.0] | Ext: 57.4ms | Inf: 8.5ms | Total: 65.9ms
21:18:46 | Mask: [1.0, 0.0, 1.0, 0.0, 0.0] | Prob: 0.2881 | Attn: [0.47, 0.0, 0.53, 0.0, 0.0] | Ext: 57.4ms | Inf: 9.3ms | Total: 66.7ms
21:18:46 | Mask: [1.0, 0.0, 1.0, 0.0, 0.0] | Prob: 0.2793 | Attn: [0.47, 0.0, 0.53, 0.0, 0.0] | Ext: 57.4ms | Inf: 10.5ms | Total: 67.9ms
21:18:46 | Mask: [1.0, 0.0, 1.0, 0.0, 0.0] | Prob: 0.2732 | Attn: [0.47, 0.0, 0.53, 0.0, 0.0] | Ext: 57.4ms | Inf: 9.2ms | Total: 66.6ms
21:18:46 | Mask: [1.0, 0.0, 1.0, 0.0, 0.0] | Prob: 0.2689 | Attn: [0.47, 0.0, 0.53, 0.0, 0.0] | Ext: 57.4ms | Inf: 8.5ms | Total: 65.9ms
21:18:46 | Mask: [1.0, 0.0, 1.0, 0.0, 0.0] | Prob: 0.2659 | Attn: [0.47, 0.0, 0.53, 0.0, 0.0] | Ext: 57.4ms | Inf: 9.3ms | Total: 66.7ms
21:18:47 | Mask: [1.0, 0.0, 1.0, 0.0, 0.0] | Prob: 0.2820 | Attn: [0.464, 0.0, 0.536, 0.0, 0.0] | Ext: 57.4ms | Inf: 9.6ms | Total: 67.0ms
21:18:47 | Mask: [1.0, 0.0, 1.0, 0.0, 0.0] | Prob: 0.2934 | Attn: [0.464, 0.0, 0.536, 0.0, 0.0] | Ext: 57.4ms | Inf: 8.6ms | Total: 66.0ms
21:18:47 | Mask: [1.0, 0.0, 1.0, 0.0, 0.0] | Prob: 0.3013 | Attn: [0.464, 0.0, 0.536, 0.0, 0.0] | Ext: 57.4ms | Inf: 8.5ms | Total: 65.9ms
21:18:47 | Mask: [1.0, 0.0, 1.0, 0.0, 0.0] | Prob: 0.3068 | Attn: [0.464, 0.0, 0.536, 0.0, 0.0] | Ext: 57.4ms | Inf: 8.7ms | Total: 66.1ms
21:18:47 | Mask: [1.0, 0.0, 1.0, 0.0, 0.0] | Prob: 0.3107 | Attn: [0.464, 0.0, 0.536, 0.0, 0.0] | Ext: 57.4ms | Inf: 9.5ms | Total: 66.9ms
21:18:47 | Mask: [1.0, 0.0, 1.0, 0.0, 0.0] | Prob: 0.3134 | Attn: [0.464, 0.0, 0.536, 0.0, 0.0] | Ext: 57.4ms | Inf: 9.6ms | Total: 67.0ms
21:18:47 | Mask: [1.0, 0.0, 1.0, 0.0, 0.0] | Prob: 0.3153 | Attn: [0.464, 0.0, 0.536, 0.0, 0.0] | Ext: 57.4ms | Inf: 8.4ms | Total: 65.9ms
21:18:47 | Mask: [1.0, 0.0, 1.0, 0.0, 0.0] | Prob: 0.3166 | Attn: [0.464, 0.0, 0.536, 0.0, 0.0] | Ext: 57.4ms | Inf: 9.5ms | Total: 66.9ms
21:18:48 | Mask: [1.0, 0.0, 1.0, 0.0, 0.0] | Prob: 0.3176 | Attn: [0.464, 0.0, 0.536, 0.0, 0.0] | Ext: 57.4ms | Inf: 8.3ms | Total: 65.7ms
21:18:48 | Mask: [1.0, 0.0, 1.0, 0.0, 0.0] | Prob: 0.3182 | Attn: [0.464, 0.0, 0.536, 0.0, 0.0] | Ext: 57.4ms | Inf: 8.3ms | Total: 65.7ms
21:18:48 | Mask: [1.0, 0.0, 1.0, 0.0, 0.0] | Prob: 0.3187 | Attn: [0.464, 0.0, 0.536, 0.0, 0.0] | Ext: 57.4ms | Inf: 7.3ms | Total: 64.7ms
21:18:48 | Mask: [1.0, 0.0, 1.0, 0.0, 0.0] | Prob: 0.3190 | Attn: [0.464, 0.0, 0.536, 0.0, 0.0] | Ext: 57.4ms | Inf: 8.9ms | Total: 66.3ms
21:18:48 | Mask: [1.0, 0.0, 1.0, 0.0, 0.0] | Prob: 0.3192 | Attn: [0.464, 0.0, 0.536, 0.0, 0.0] | Ext: 57.4ms | Inf: 8.9ms | Total: 66.3ms
21:18:48 | Mask: [1.0, 0.0, 1.0, 0.0, 0.0] | Prob: 0.3194 | Attn: [0.464, 0.0, 0.536, 0.0, 0.0] | Ext: 57.4ms | Inf: 8.5ms | Total: 65.9ms
21:18:48 | Mask: [1.0, 0.0, 1.0, 0.0, 0.0] | Prob: 0.3195 | Attn: [0.464, 0.0, 0.536, 0.0, 0.0] | Ext: 57.4ms | Inf: 8.8ms | Total: 66.2ms
21:18:48 | Mask: [1.0, 0.0, 1.0, 0.0, 0.0] | Prob: 0.4415 | Attn: [0.268, 0.0, 0.732, 0.0, 0.0] | Ext: 57.3ms | Inf: 8.8ms | Total: 66.1ms
21:18:49 | Mask: [1.0, 0.0, 1.0, 0.0, 0.0] | Prob: 0.5270 | Attn: [0.268, 0.0, 0.732, 0.0, 0.0] | Ext: 57.3ms | Inf: 8.0ms | Total: 65.3ms
21:18:49 | Mask: [1.0, 0.0, 1.0, 0.0, 0.0] | Prob: 0.5868 | Attn: [0.268, 0.0, 0.732, 0.0, 0.0] | Ext: 57.3ms | Inf: 9.0ms | Total: 66.3ms
21:18:49 | Mask: [1.0, 0.0, 1.0, 0.0, 0.0] | Prob: 0.6286 | Attn: [0.268, 0.0, 0.732, 0.0, 0.0] | Ext: 57.3ms | Inf: 8.1ms | Total: 65.4ms
21:18:49 | Mask: [1.0, 0.0, 1.0, 0.0, 0.0] | Prob: 0.6579 | Attn: [0.268, 0.0, 0.732, 0.0, 0.0] | Ext: 57.3ms | Inf: 9.5ms | Total: 66.8ms
21:18:49 | Mask: [1.0, 0.0, 1.0, 0.0, 0.0] | Prob: 0.6784 | Attn: [0.268, 0.0, 0.732, 0.0, 0.0] | Ext: 57.3ms | Inf: 8.7ms | Total: 66.0ms
21:18:49 | Mask: [1.0, 0.0, 1.0, 0.0, 0.0] | Prob: 0.6928 | Attn: [0.268, 0.0, 0.732, 0.0, 0.0] | Ext: 57.3ms | Inf: 9.3ms | Total: 66.7ms
21:18:49 | Mask: [1.0, 0.0, 1.0, 0.0, 0.0] | Prob: 0.7028 | Attn: [0.268, 0.0, 0.732, 0.0, 0.0] | Ext: 57.3ms | Inf: 10.8ms | Total: 68.1ms
21:18:49 | Mask: [1.0, 0.0, 1.0, 0.0, 0.0] | Prob: 0.7099 | Attn: [0.268, 0.0, 0.732, 0.0, 0.0] | Ext: 57.3ms | Inf: 8.5ms | Total: 65.8ms
21:18:50 | Mask: [1.0, 0.0, 1.0, 0.0, 0.0] | Prob: 0.7164 | Attn: [0.353, 0.0, 0.647, 0.0, 0.0] | Ext: 57.3ms | Inf: 9.0ms | Total: 66.3ms
21:18:50 | Mask: [1.0, 0.0, 1.0, 0.0, 0.0] | Prob: 0.7209 | Attn: [0.353, 0.0, 0.647, 0.0, 0.0] | Ext: 57.3ms | Inf: 8.2ms | Total: 65.5ms
21:18:50 | Mask: [1.0, 0.0, 1.0, 0.0, 0.0] | Prob: 0.7241 | Attn: [0.353, 0.0, 0.647, 0.0, 0.0] | Ext: 57.3ms | Inf: 9.1ms | Total: 66.5ms
21:18:50 | Mask: [1.0, 0.0, 1.0, 0.0, 0.0] | Prob: 0.7263 | Attn: [0.353, 0.0, 0.647, 0.0, 0.0] | Ext: 57.3ms | Inf: 9.4ms | Total: 66.8ms
21:18:50 | Mask: [1.0, 0.0, 1.0, 0.0, 0.0] | Prob: 0.7279 | Attn: [0.353, 0.0, 0.647, 0.0, 0.0] | Ext: 57.3ms | Inf: 9.7ms | Total: 67.0ms
21:18:50 | Mask: [1.0, 0.0, 1.0, 0.0, 0.0] | Prob: 0.7290 | Attn: [0.353, 0.0, 0.647, 0.0, 0.0] | Ext: 57.3ms | Inf: 9.0ms | Total: 66.3ms
21:18:50 | Mask: [1.0, 0.0, 1.0, 0.0, 0.0] | Prob: 0.7297 | Attn: [0.353, 0.0, 0.647, 0.0, 0.0] | Ext: 57.3ms | Inf: 8.7ms | Total: 66.0ms
21:18:50 | Mask: [1.0, 0.0, 1.0, 0.0, 0.0] | Prob: 0.7303 | Attn: [0.353, 0.0, 0.647, 0.0, 0.0] | Ext: 57.3ms | Inf: 7.9ms | Total: 65.2ms
21:18:50 | Mask: [1.0, 0.0, 1.0, 0.0, 0.0] | Prob: 0.7306 | Attn: [0.353, 0.0, 0.647, 0.0, 0.0] | Ext: 57.3ms | Inf: 9.9ms | Total: 67.3ms
21:18:51 | Mask: [1.0, 0.0, 1.0, 0.0, 0.0] | Prob: 0.7309 | Attn: [0.353, 0.0, 0.647, 0.0, 0.0] | Ext: 57.3ms | Inf: 8.3ms | Total: 65.6ms
21:18:51 | Mask: [1.0, 0.0, 1.0, 0.0, 0.0] | Prob: 0.7311 | Attn: [0.353, 0.0, 0.647, 0.0, 0.0] | Ext: 57.3ms | Inf: 9.0ms | Total: 66.3ms
21:18:51 | Mask: [1.0, 0.0, 1.0, 0.0, 0.0] | Prob: 0.7312 | Attn: [0.353, 0.0, 0.647, 0.0, 0.0] | Ext: 57.3ms | Inf: 8.3ms | Total: 65.6ms
21:18:51 | Mask: [1.0, 0.0, 1.0, 0.0, 0.0] | Prob: 0.7313 | Attn: [0.353, 0.0, 0.647, 0.0, 0.0] | Ext: 57.3ms | Inf: 7.8ms | Total: 65.1ms
21:18:51 | Mask: [1.0, 0.0, 1.0, 0.0, 0.0] | Prob: 0.7314 | Attn: [0.353, 0.0, 0.647, 0.0, 0.0] | Ext: 57.3ms | Inf: 8.6ms | Total: 65.9ms
21:18:51 | Mask: [1.0, 0.0, 1.0, 0.0, 0.0] | Prob: 0.7314 | Attn: [0.353, 0.0, 0.647, 0.0, 0.0] | Ext: 57.3ms | Inf: 7.8ms | Total: 65.1ms
21:18:51 | Mask: [1.0, 0.0, 1.0, 0.0, 0.0] | Prob: 0.7314 | Attn: [0.353, 0.0, 0.647, 0.0, 0.0] | Ext: 57.3ms | Inf: 11.2ms | Total: 68.6ms
21:18:51 | Mask: [1.0, 0.0, 1.0, 0.0, 0.0] | Prob: 0.6190 | Attn: [0.586, 0.0, 0.414, 0.0, 0.0] | Ext: 61.1ms | Inf: 9.0ms | Total: 70.2ms
21:18:52 | Mask: [1.0, 0.0, 1.0, 0.0, 0.0] | Prob: 0.5403 | Attn: [0.586, 0.0, 0.414, 0.0, 0.0] | Ext: 61.1ms | Inf: 8.7ms | Total: 69.9ms
21:18:52 | Mask: [1.0, 0.0, 1.0, 0.0, 0.0] | Prob: 0.4853 | Attn: [0.586, 0.0, 0.414, 0.0, 0.0] | Ext: 61.1ms | Inf: 9.3ms | Total: 70.5ms
21:18:52 | Mask: [1.0, 0.0, 1.0, 0.0, 0.0] | Prob: 0.4467 | Attn: [0.586, 0.0, 0.414, 0.0, 0.0] | Ext: 61.1ms | Inf: 9.1ms | Total: 70.3ms
21:18:52 | Mask: [1.0, 0.0, 1.0, 0.0, 0.0] | Prob: 0.4197 | Attn: [0.586, 0.0, 0.414, 0.0, 0.0] | Ext: 61.1ms | Inf: 9.3ms | Total: 70.4ms
21:18:52 | Mask: [1.0, 0.0, 1.0, 0.0, 0.0] | Prob: 0.4008 | Attn: [0.586, 0.0, 0.414, 0.0, 0.0] | Ext: 61.1ms | Inf: 8.6ms | Total: 69.8ms
21:18:52 | Mask: [1.0, 0.0, 1.0, 0.0, 0.0] | Prob: 0.3876 | Attn: [0.586, 0.0, 0.414, 0.0, 0.0] | Ext: 61.1ms | Inf: 7.7ms | Total: 68.8ms
21:18:52 | Mask: [1.0, 0.0, 1.0, 0.0, 0.0] | Prob: 0.3783 | Attn: [0.586, 0.0, 0.414, 0.0, 0.0] | Ext: 61.1ms | Inf: 9.5ms | Total: 70.6ms
21:18:52 | Mask: [1.0, 0.0, 1.0, 0.0, 0.0] | Prob: 0.3718 | Attn: [0.586, 0.0, 0.414, 0.0, 0.0] | Ext: 61.1ms | Inf: 9.7ms | Total: 70.8ms
21:18:53 | Mask: [1.0, 0.0, 1.0, 0.0, 0.0] | Prob: 0.3816 | Attn: [0.569, 0.0, 0.431, 0.0, 0.0] | Ext: 61.1ms | Inf: 8.0ms | Total: 69.2ms
21:18:53 | Mask: [1.0, 0.0, 1.0, 0.0, 0.0] | Prob: 0.3885 | Attn: [0.569, 0.0, 0.431, 0.0, 0.0] | Ext: 61.1ms | Inf: 8.6ms | Total: 69.8ms
21:18:53 | Mask: [1.0, 0.0, 1.0, 0.0, 0.0] | Prob: 0.3933 | Attn: [0.569, 0.0, 0.431, 0.0, 0.0] | Ext: 61.1ms | Inf: 8.5ms | Total: 69.6ms
21:18:53 | Mask: [1.0, 0.0, 1.0, 0.0, 0.0] | Prob: 0.3967 | Attn: [0.569, 0.0, 0.431, 0.0, 0.0] | Ext: 61.1ms | Inf: 10.6ms | Total: 71.7ms
21:18:53 | Mask: [1.0, 0.0, 1.0, 0.0, 0.0] | Prob: 0.3990 | Attn: [0.569, 0.0, 0.431, 0.0, 0.0] | Ext: 61.1ms | Inf: 9.4ms | Total: 70.5ms
21:18:53 | Mask: [1.0, 0.0, 1.0, 0.0, 0.0] | Prob: 0.4007 | Attn: [0.569, 0.0, 0.431, 0.0, 0.0] | Ext: 61.1ms | Inf: 9.0ms | Total: 70.2ms
21:18:53 | Mask: [1.0, 0.0, 1.0, 0.0, 0.0] | Prob: 0.4018 | Attn: [0.569, 0.0, 0.431, 0.0, 0.0] | Ext: 61.1ms | Inf: 9.2ms | Total: 70.3ms
21:18:53 | Mask: [1.0, 0.0, 1.0, 0.0, 0.0] | Prob: 0.4026 | Attn: [0.569, 0.0, 0.431, 0.0, 0.0] | Ext: 61.1ms | Inf: 8.9ms | Total: 70.1ms
21:18:54 | Mask: [1.0, 0.0, 1.0, 0.0, 0.0] | Prob: 0.4032 | Attn: [0.569, 0.0, 0.431, 0.0, 0.0] | Ext: 61.1ms | Inf: 8.9ms | Total: 70.0ms
21:18:54 | Mask: [1.0, 0.0, 1.0, 0.0, 0.0] | Prob: 0.4036 | Attn: [0.569, 0.0, 0.431, 0.0, 0.0] | Ext: 61.1ms | Inf: 9.5ms | Total: 70.7ms
21:18:54 | Mask: [1.0, 0.0, 1.0, 0.0, 0.0] | Prob: 0.4039 | Attn: [0.569, 0.0, 0.431, 0.0, 0.0] | Ext: 61.1ms | Inf: 9.4ms | Total: 70.6ms
21:18:54 | Mask: [1.0, 0.0, 1.0, 0.0, 0.0] | Prob: 0.4041 | Attn: [0.569, 0.0, 0.431, 0.0, 0.0] | Ext: 61.1ms | Inf: 9.2ms | Total: 70.4ms
21:18:54 | Mask: [1.0, 0.0, 1.0, 0.0, 0.0] | Prob: 0.4042 | Attn: [0.569, 0.0, 0.431, 0.0, 0.0] | Ext: 61.1ms | Inf: 8.0ms | Total: 69.2ms
21:18:54 | Mask: [1.0, 0.0, 1.0, 0.0, 0.0] | Prob: 0.4043 | Attn: [0.569, 0.0, 0.431, 0.0, 0.0] | Ext: 61.1ms | Inf: 8.5ms | Total: 69.7ms
21:18:54 | Mask: [1.0, 0.0, 1.0, 0.0, 0.0] | Prob: 0.4044 | Attn: [0.569, 0.0, 0.431, 0.0, 0.0] | Ext: 61.1ms | Inf: 12.2ms | Total: 73.4ms
21:18:54 | Mask: [1.0, 0.0, 1.0, 0.0, 0.0] | Prob: 0.4165 | Attn: [0.641, 0.0, 0.359, 0.0, 0.0] | Ext: 74.7ms | Inf: 8.6ms | Total: 83.4ms
21:18:54 | Mask: [1.0, 0.0, 1.0, 0.0, 0.0] | Prob: 0.4250 | Attn: [0.641, 0.0, 0.359, 0.0, 0.0] | Ext: 74.7ms | Inf: 9.3ms | Total: 84.0ms
21:18:55 | Mask: [1.0, 0.0, 1.0, 0.0, 0.0] | Prob: 0.4309 | Attn: [0.641, 0.0, 0.359, 0.0, 0.0] | Ext: 74.7ms | Inf: 8.8ms | Total: 83.5ms
21:18:55 | Mask: [1.0, 0.0, 1.0, 0.0, 0.0] | Prob: 0.4351 | Attn: [0.641, 0.0, 0.359, 0.0, 0.0] | Ext: 74.7ms | Inf: 10.1ms | Total: 84.8ms
21:18:55 | Mask: [1.0, 0.0, 1.0, 0.0, 0.0] | Prob: 0.4380 | Attn: [0.641, 0.0, 0.359, 0.0, 0.0] | Ext: 74.7ms | Inf: 8.8ms | Total: 83.5ms
21:18:55 | Mask: [1.0, 0.0, 1.0, 0.0, 0.0] | Prob: 0.4400 | Attn: [0.641, 0.0, 0.359, 0.0, 0.0] | Ext: 74.7ms | Inf: 7.6ms | Total: 82.3ms
21:18:55 | Mask: [1.0, 0.0, 1.0, 0.0, 0.0] | Prob: 0.4414 | Attn: [0.641, 0.0, 0.359, 0.0, 0.0] | Ext: 74.7ms | Inf: 9.5ms | Total: 84.2ms
21:18:55 | Mask: [1.0, 0.0, 1.0, 0.0, 0.0] | Prob: 0.4424 | Attn: [0.641, 0.0, 0.359, 0.0, 0.0] | Ext: 74.7ms | Inf: 9.2ms | Total: 83.9ms
21:18:55 | Mask: [1.0, 0.0, 1.0, 0.0, 0.0] | Prob: 0.4431 | Attn: [0.641, 0.0, 0.359, 0.0, 0.0] | Ext: 74.7ms | Inf: 8.3ms | Total: 83.0ms
21:18:55 | Mask: [1.0, 0.0, 1.0, 0.0, 0.0] | Prob: 0.4602 | Attn: [0.508, 0.0, 0.492, 0.0, 0.0] | Ext: 74.7ms | Inf: 8.6ms | Total: 83.4ms
21:18:56 | Mask: [1.0, 0.0, 1.0, 0.0, 0.0] | Prob: 0.4722 | Attn: [0.508, 0.0, 0.492, 0.0, 0.0] | Ext: 74.7ms | Inf: 9.1ms | Total: 83.8ms
21:18:56 | Mask: [1.0, 0.0, 1.0, 0.0, 0.0] | Prob: 0.4806 | Attn: [0.508, 0.0, 0.492, 0.0, 0.0] | Ext: 74.7ms | Inf: 8.7ms | Total: 83.4ms
21:18:56 | Mask: [1.0, 0.0, 1.0, 0.0, 0.0] | Prob: 0.4864 | Attn: [0.508, 0.0, 0.492, 0.0, 0.0] | Ext: 74.7ms | Inf: 9.9ms | Total: 84.6ms
21:18:56 | Mask: [1.0, 0.0, 1.0, 0.0, 0.0] | Prob: 0.4905 | Attn: [0.508, 0.0, 0.492, 0.0, 0.0] | Ext: 74.7ms | Inf: 8.2ms | Total: 83.0ms
21:18:56 | Mask: [1.0, 0.0, 1.0, 0.0, 0.0] | Prob: 0.4934 | Attn: [0.508, 0.0, 0.492, 0.0, 0.0] | Ext: 74.7ms | Inf: 9.7ms | Total: 84.5ms
21:18:56 | Mask: [1.0, 0.0, 1.0, 0.0, 0.0] | Prob: 0.4954 | Attn: [0.508, 0.0, 0.492, 0.0, 0.0] | Ext: 74.7ms | Inf: 8.6ms | Total: 83.4ms
21:18:56 | Mask: [1.0, 0.0, 1.0, 0.0, 0.0] | Prob: 0.4968 | Attn: [0.508, 0.0, 0.492, 0.0, 0.0] | Ext: 74.7ms | Inf: 8.7ms | Total: 83.4ms
21:18:56 | Mask: [1.0, 0.0, 1.0, 0.0, 0.0] | Prob: 0.4978 | Attn: [0.508, 0.0, 0.492, 0.0, 0.0] | Ext: 74.7ms | Inf: 9.1ms | Total: 83.8ms
21:18:57 | Mask: [1.0, 0.0, 1.0, 0.0, 0.0] | Prob: 0.4985 | Attn: [0.508, 0.0, 0.492, 0.0, 0.0] | Ext: 74.7ms | Inf: 8.9ms | Total: 83.7ms
21:18:57 | Mask: [1.0, 0.0, 1.0, 0.0, 0.0] | Prob: 0.4990 | Attn: [0.508, 0.0, 0.492, 0.0, 0.0] | Ext: 74.7ms | Inf: 9.9ms | Total: 84.6ms
21:18:57 | Mask: [1.0, 0.0, 1.0, 0.0, 0.0] | Prob: 0.4993 | Attn: [0.508, 0.0, 0.492, 0.0, 0.0] | Ext: 74.7ms | Inf: 11.6ms | Total: 86.3ms
21:18:57 | Mask: [1.0, 0.0, 1.0, 0.0, 0.0] | Prob: 0.4996 | Attn: [0.508, 0.0, 0.492, 0.0, 0.0] | Ext: 74.7ms | Inf: 10.4ms | Total: 85.1ms
21:18:57 | Mask: [1.0, 0.0, 1.0, 0.0, 0.0] | Prob: 0.4997 | Attn: [0.508, 0.0, 0.492, 0.0, 0.0] | Ext: 74.7ms | Inf: 9.1ms | Total: 83.8ms
21:18:57 | Mask: [1.0, 0.0, 1.0, 0.0, 0.0] | Prob: 0.4998 | Attn: [0.508, 0.0, 0.492, 0.0, 0.0] | Ext: 74.7ms | Inf: 9.2ms | Total: 83.9ms
21:18:57 | Mask: [1.0, 0.0, 1.0, 0.0, 0.0] | Prob: 0.5246 | Attn: [0.61, 0.0, 0.39, 0.0, 0.0] | Ext: 52.1ms | Inf: 9.7ms | Total: 61.8ms
21:18:57 | Mask: [1.0, 0.0, 1.0, 0.0, 0.0] | Prob: 0.5419 | Attn: [0.61, 0.0, 0.39, 0.0, 0.0] | Ext: 52.1ms | Inf: 8.1ms | Total: 60.2ms
21:18:58 | Mask: [1.0, 0.0, 1.0, 0.0, 0.0] | Prob: 0.5540 | Attn: [0.61, 0.0, 0.39, 0.0, 0.0] | Ext: 52.1ms | Inf: 8.7ms | Total: 60.8ms
21:18:58 | Mask: [1.0, 0.0, 1.0, 0.0, 0.0] | Prob: 0.5625 | Attn: [0.61, 0.0, 0.39, 0.0, 0.0] | Ext: 52.1ms | Inf: 8.8ms | Total: 60.9ms
21:18:58 | Mask: [1.0, 0.0, 1.0, 0.0, 0.0] | Prob: 0.5684 | Attn: [0.61, 0.0, 0.39, 0.0, 0.0] | Ext: 52.1ms | Inf: 7.3ms | Total: 59.3ms
21:18:58 | Mask: [1.0, 0.0, 1.0, 0.0, 0.0] | Prob: 0.5726 | Attn: [0.61, 0.0, 0.39, 0.0, 0.0] | Ext: 52.1ms | Inf: 8.4ms | Total: 60.4ms
21:18:58 | Mask: [1.0, 0.0, 1.0, 0.0, 0.0] | Prob: 0.5755 | Attn: [0.61, 0.0, 0.39, 0.0, 0.0] | Ext: 52.1ms | Inf: 9.3ms | Total: 61.4ms
21:18:58 | Mask: [1.0, 0.0, 1.0, 0.0, 0.0] | Prob: 0.5775 | Attn: [0.61, 0.0, 0.39, 0.0, 0.0] | Ext: 52.1ms | Inf: 8.6ms | Total: 60.7ms
21:18:58 | Mask: [1.0, 0.0, 1.0, 0.0, 0.0] | Prob: 0.5789 | Attn: [0.61, 0.0, 0.39, 0.0, 0.0] | Ext: 52.1ms | Inf: 8.3ms | Total: 60.3ms
21:18:58 | Mask: [1.0, 0.0, 1.0, 0.0, 0.0] | Prob: 0.5977 | Attn: [0.562, 0.0, 0.438, 0.0, 0.0] | Ext: 52.1ms | Inf: 8.8ms | Total: 60.8ms
21:18:59 | Mask: [1.0, 0.0, 1.0, 0.0, 0.0] | Prob: 0.6108 | Attn: [0.562, 0.0, 0.438, 0.0, 0.0] | Ext: 52.1ms | Inf: 8.7ms | Total: 60.8ms
21:18:59 | Mask: [1.0, 0.0, 1.0, 0.0, 0.0] | Prob: 0.6200 | Attn: [0.562, 0.0, 0.438, 0.0, 0.0] | Ext: 52.1ms | Inf: 8.9ms | Total: 61.0ms
21:18:59 | Mask: [1.0, 0.0, 1.0, 0.0, 0.0] | Prob: 0.6264 | Attn: [0.562, 0.0, 0.438, 0.0, 0.0] | Ext: 52.1ms | Inf: 8.5ms | Total: 60.6ms
21:18:59 | Mask: [1.0, 0.0, 1.0, 0.0, 0.0] | Prob: 0.6309 | Attn: [0.562, 0.0, 0.438, 0.0, 0.0] | Ext: 52.1ms | Inf: 7.6ms | Total: 59.7ms
21:18:59 | Mask: [1.0, 0.0, 1.0, 0.0, 0.0] | Prob: 0.6341 | Attn: [0.562, 0.0, 0.438, 0.0, 0.0] | Ext: 52.1ms | Inf: 8.4ms | Total: 60.4ms
21:18:59 | Mask: [1.0, 0.0, 1.0, 0.0, 0.0] | Prob: 0.6363 | Attn: [0.562, 0.0, 0.438, 0.0, 0.0] | Ext: 52.1ms | Inf: 8.2ms | Total: 60.2ms
21:18:59 | Mask: [1.0, 0.0, 1.0, 0.0, 0.0] | Prob: 0.6378 | Attn: [0.562, 0.0, 0.438, 0.0, 0.0] | Ext: 52.1ms | Inf: 9.6ms | Total: 61.7ms
21:18:59 | Mask: [1.0, 0.0, 1.0, 0.0, 0.0] | Prob: 0.6389 | Attn: [0.562, 0.0, 0.438, 0.0, 0.0] | Ext: 52.1ms | Inf: 7.8ms | Total: 59.9ms
21:18:59 | Mask: [1.0, 0.0, 1.0, 0.0, 0.0] | Prob: 0.6397 | Attn: [0.562, 0.0, 0.438, 0.0, 0.0] | Ext: 52.1ms | Inf: 8.5ms | Total: 60.5ms
21:19:00 | Mask: [1.0, 0.0, 1.0, 0.0, 0.0] | Prob: 0.6402 | Attn: [0.562, 0.0, 0.438, 0.0, 0.0] | Ext: 52.1ms | Inf: 9.7ms | Total: 61.7ms
21:19:00 | Mask: [1.0, 0.0, 1.0, 0.0, 0.0] | Prob: 0.6406 | Attn: [0.562, 0.0, 0.438, 0.0, 0.0] | Ext: 52.1ms | Inf: 9.2ms | Total: 61.3ms
21:19:00 | Mask: [1.0, 0.0, 1.0, 0.0, 0.0] | Prob: 0.6408 | Attn: [0.562, 0.0, 0.438, 0.0, 0.0] | Ext: 52.1ms | Inf: 7.8ms | Total: 59.8ms
21:19:00 | Mask: [1.0, 0.0, 1.0, 0.0, 0.0] | Prob: 0.6410 | Attn: [0.562, 0.0, 0.438, 0.0, 0.0] | Ext: 52.1ms | Inf: 8.5ms | Total: 60.5ms
21:19:00 | Mask: [1.0, 0.0, 1.0, 0.0, 0.0] | Prob: 0.6411 | Attn: [0.562, 0.0, 0.438, 0.0, 0.0] | Ext: 52.1ms | Inf: 8.3ms | Total: 60.3ms
21:19:00 | Mask: [1.0, 0.0, 1.0, 0.0, 0.0] | Prob: 0.6698 | Attn: [0.431, 0.0, 0.569, 0.0, 0.0] | Ext: 55.6ms | Inf: 8.2ms | Total: 63.8ms
21:19:00 | Mask: [1.0, 0.0, 1.0, 0.0, 0.0] | Prob: 0.6899 | Attn: [0.431, 0.0, 0.569, 0.0, 0.0] | Ext: 55.6ms | Inf: 8.9ms | Total: 64.5ms
21:19:00 | Mask: [1.0, 0.0, 1.0, 0.0, 0.0] | Prob: 0.7039 | Attn: [0.431, 0.0, 0.569, 0.0, 0.0] | Ext: 55.6ms | Inf: 10.5ms | Total: 66.1ms
21:19:01 | Mask: [1.0, 0.0, 1.0, 0.0, 0.0] | Prob: 0.7137 | Attn: [0.431, 0.0, 0.569, 0.0, 0.0] | Ext: 55.6ms | Inf: 8.0ms | Total: 63.6ms
21:19:01 | Mask: [1.0, 0.0, 1.0, 0.0, 0.0] | Prob: 0.7206 | Attn: [0.431, 0.0, 0.569, 0.0, 0.0] | Ext: 55.6ms | Inf: 8.8ms | Total: 64.4ms
21:19:01 | Mask: [1.0, 0.0, 1.0, 0.0, 0.0] | Prob: 0.7254 | Attn: [0.431, 0.0, 0.569, 0.0, 0.0] | Ext: 55.6ms | Inf: 8.5ms | Total: 64.1ms
21:19:01 | Mask: [1.0, 0.0, 1.0, 0.0, 0.0] | Prob: 0.7288 | Attn: [0.431, 0.0, 0.569, 0.0, 0.0] | Ext: 55.6ms | Inf: 8.0ms | Total: 63.6ms
21:19:01 | Mask: [1.0, 0.0, 1.0, 0.0, 0.0] | Prob: 0.7311 | Attn: [0.431, 0.0, 0.569, 0.0, 0.0] | Ext: 55.6ms | Inf: 8.6ms | Total: 64.2ms
21:19:01 | Mask: [1.0, 0.0, 1.0, 0.0, 0.0] | Prob: 0.7328 | Attn: [0.431, 0.0, 0.569, 0.0, 0.0] | Ext: 55.6ms | Inf: 7.7ms | Total: 63.3ms
21:19:01 | Mask: [1.0, 0.0, 1.0, 0.0, 0.0] | Prob: 0.7222 | Attn: [0.394, 0.0, 0.606, 0.0, 0.0] | Ext: 55.6ms | Inf: 8.0ms | Total: 63.6ms
21:19:01 | Mask: [1.0, 0.0, 1.0, 0.0, 0.0] | Prob: 0.7148 | Attn: [0.394, 0.0, 0.606, 0.0, 0.0] | Ext: 55.6ms | Inf: 8.3ms | Total: 63.9ms
21:19:02 | Mask: [1.0, 0.0, 1.0, 0.0, 0.0] | Prob: 0.7097 | Attn: [0.394, 0.0, 0.606, 0.0, 0.0] | Ext: 55.6ms | Inf: 9.8ms | Total: 65.4ms
21:19:02 | Mask: [1.0, 0.0, 1.0, 0.0, 0.0] | Prob: 0.7060 | Attn: [0.394, 0.0, 0.606, 0.0, 0.0] | Ext: 55.6ms | Inf: 9.0ms | Total: 64.6ms
21:19:02 | Mask: [1.0, 0.0, 1.0, 0.0, 0.0] | Prob: 0.7035 | Attn: [0.394, 0.0, 0.606, 0.0, 0.0] | Ext: 55.6ms | Inf: 8.6ms | Total: 64.2ms
21:19:02 | Mask: [1.0, 0.0, 1.0, 0.0, 0.0] | Prob: 0.7017 | Attn: [0.394, 0.0, 0.606, 0.0, 0.0] | Ext: 55.6ms | Inf: 8.1ms | Total: 63.7ms
21:19:02 | Mask: [1.0, 0.0, 1.0, 0.0, 0.0] | Prob: 0.7005 | Attn: [0.394, 0.0, 0.606, 0.0, 0.0] | Ext: 55.6ms | Inf: 8.6ms | Total: 64.2ms
21:19:02 | Mask: [1.0, 0.0, 1.0, 0.0, 0.0] | Prob: 0.6996 | Attn: [0.394, 0.0, 0.606, 0.0, 0.0] | Ext: 55.6ms | Inf: 12.1ms | Total: 67.7ms
21:19:02 | Mask: [1.0, 0.0, 1.0, 0.0, 0.0] | Prob: 0.6990 | Attn: [0.394, 0.0, 0.606, 0.0, 0.0] | Ext: 55.6ms | Inf: 9.6ms | Total: 65.2ms
21:19:02 | Mask: [1.0, 0.0, 1.0, 0.0, 0.0] | Prob: 0.6986 | Attn: [0.394, 0.0, 0.606, 0.0, 0.0] | Ext: 55.6ms | Inf: 8.9ms | Total: 64.5ms
21:19:02 | Mask: [1.0, 0.0, 1.0, 0.0, 0.0] | Prob: 0.6983 | Attn: [0.394, 0.0, 0.606, 0.0, 0.0] | Ext: 55.6ms | Inf: 8.1ms | Total: 63.7ms
21:19:03 | Mask: [1.0, 0.0, 1.0, 0.0, 0.0] | Prob: 0.6981 | Attn: [0.394, 0.0, 0.606, 0.0, 0.0] | Ext: 55.6ms | Inf: 9.1ms | Total: 64.7ms
21:19:03 | Mask: [1.0, 0.0, 1.0, 0.0, 0.0] | Prob: 0.6979 | Attn: [0.394, 0.0, 0.606, 0.0, 0.0] | Ext: 55.6ms | Inf: 8.4ms | Total: 64.0ms
21:19:03 | Mask: [1.0, 0.0, 1.0, 0.0, 0.0] | Prob: 0.6978 | Attn: [0.394, 0.0, 0.606, 0.0, 0.0] | Ext: 55.6ms | Inf: 8.1ms | Total: 63.7ms
21:19:03 | Mask: [1.0, 0.0, 1.0, 0.0, 0.0] | Prob: 0.6977 | Attn: [0.394, 0.0, 0.606, 0.0, 0.0] | Ext: 55.6ms | Inf: 8.0ms | Total: 63.6ms
21:19:03 | Mask: [1.0, 0.0, 1.0, 0.0, 0.0] | Prob: 0.6977 | Attn: [0.394, 0.0, 0.606, 0.0, 0.0] | Ext: 50.8ms | Inf: 7.9ms | Total: 58.7ms
21:19:03 | Mask: [1.0, 0.0, 1.0, 0.0, 0.0] | Prob: 0.6585 | Attn: [0.327, 0.0, 0.673, 0.0, 0.0] | Ext: 50.8ms | Inf: 8.4ms | Total: 59.2ms
21:19:03 | Mask: [1.0, 0.0, 1.0, 0.0, 0.0] | Prob: 0.6310 | Attn: [0.327, 0.0, 0.673, 0.0, 0.0] | Ext: 50.8ms | Inf: 8.7ms | Total: 59.5ms
21:19:03 | Mask: [1.0, 0.0, 1.0, 0.0, 0.0] | Prob: 0.6118 | Attn: [0.327, 0.0, 0.673, 0.0, 0.0] | Ext: 50.8ms | Inf: 7.7ms | Total: 58.5ms
21:19:04 | Mask: [1.0, 0.0, 1.0, 0.0, 0.0] | Prob: 0.5983 | Attn: [0.327, 0.0, 0.673, 0.0, 0.0] | Ext: 50.8ms | Inf: 8.8ms | Total: 59.6ms
21:19:04 | Mask: [1.0, 0.0, 1.0, 0.0, 0.0] | Prob: 0.5889 | Attn: [0.327, 0.0, 0.673, 0.0, 0.0] | Ext: 50.8ms | Inf: 9.1ms | Total: 59.9ms
21:19:04 | Mask: [1.0, 0.0, 1.0, 0.0, 0.0] | Prob: 0.5823 | Attn: [0.327, 0.0, 0.673, 0.0, 0.0] | Ext: 50.8ms | Inf: 9.4ms | Total: 60.2ms
21:19:04 | Mask: [1.0, 0.0, 1.0, 0.0, 0.0] | Prob: 0.5777 | Attn: [0.327, 0.0, 0.673, 0.0, 0.0] | Ext: 50.8ms | Inf: 10.1ms | Total: 60.9ms
21:19:04 | Mask: [1.0, 0.0, 1.0, 0.0, 0.0] | Prob: 0.5745 | Attn: [0.327, 0.0, 0.673, 0.0, 0.0] | Ext: 50.8ms | Inf: 8.1ms | Total: 58.9ms
21:19:04 | Mask: [1.0, 0.0, 1.0, 0.0, 0.0] | Prob: 0.5722 | Attn: [0.327, 0.0, 0.673, 0.0, 0.0] | Ext: 50.8ms | Inf: 9.1ms | Total: 59.9ms
21:19:04 | Mask: [1.0, 0.0, 1.0, 0.0, 0.0] | Prob: 0.5550 | Attn: [0.291, 0.0, 0.709, 0.0, 0.0] | Ext: 50.8ms | Inf: 8.9ms | Total: 59.7ms
21:19:04 | Mask: [1.0, 0.0, 1.0, 0.0, 0.0] | Prob: 0.5429 | Attn: [0.291, 0.0, 0.709, 0.0, 0.0] | Ext: 50.8ms | Inf: 7.6ms | Total: 58.4ms
21:19:05 | Mask: [1.0, 0.0, 1.0, 0.0, 0.0] | Prob: 0.5345 | Attn: [0.291, 0.0, 0.709, 0.0, 0.0] | Ext: 50.8ms | Inf: 8.7ms | Total: 59.5ms
21:19:05 | Mask: [1.0, 0.0, 1.0, 0.0, 0.0] | Prob: 0.5286 | Attn: [0.291, 0.0, 0.709, 0.0, 0.0] | Ext: 50.8ms | Inf: 9.9ms | Total: 60.7ms
21:19:05 | Mask: [1.0, 0.0, 1.0, 0.0, 0.0] | Prob: 0.5245 | Attn: [0.291, 0.0, 0.709, 0.0, 0.0] | Ext: 50.8ms | Inf: 9.0ms | Total: 59.8ms
21:19:05 | Mask: [1.0, 0.0, 1.0, 0.0, 0.0] | Prob: 0.5216 | Attn: [0.291, 0.0, 0.709, 0.0, 0.0] | Ext: 50.8ms | Inf: 8.0ms | Total: 58.8ms
21:19:05 | Mask: [1.0, 0.0, 1.0, 0.0, 0.0] | Prob: 0.5195 | Attn: [0.291, 0.0, 0.709, 0.0, 0.0] | Ext: 50.8ms | Inf: 8.2ms | Total: 59.0ms
21:19:05 | Mask: [1.0, 0.0, 1.0, 0.0, 0.0] | Prob: 0.5181 | Attn: [0.291, 0.0, 0.709, 0.0, 0.0] | Ext: 50.8ms | Inf: 7.6ms | Total: 58.4ms
21:19:05 | Mask: [1.0, 0.0, 1.0, 0.0, 0.0] | Prob: 0.5171 | Attn: [0.291, 0.0, 0.709, 0.0, 0.0] | Ext: 50.8ms | Inf: 8.1ms | Total: 58.9ms
21:19:05 | Mask: [1.0, 0.0, 1.0, 0.0, 0.0] | Prob: 0.5164 | Attn: [0.291, 0.0, 0.709, 0.0, 0.0] | Ext: 50.8ms | Inf: 8.5ms | Total: 59.3ms
21:19:06 | Mask: [1.0, 0.0, 1.0, 0.0, 0.0] | Prob: 0.5159 | Attn: [0.291, 0.0, 0.709, 0.0, 0.0] | Ext: 50.8ms | Inf: 7.7ms | Total: 58.5ms
21:19:06 | Mask: [1.0, 0.0, 1.0, 0.0, 0.0] | Prob: 0.5156 | Attn: [0.291, 0.0, 0.709, 0.0, 0.0] | Ext: 50.8ms | Inf: 8.7ms | Total: 59.5ms
21:19:06 | Mask: [1.0, 0.0, 1.0, 0.0, 0.0] | Prob: 0.5154 | Attn: [0.291, 0.0, 0.709, 0.0, 0.0] | Ext: 50.8ms | Inf: 8.5ms | Total: 59.3ms
21:19:06 | Mask: [1.0, 0.0, 1.0, 0.0, 0.0] | Prob: 0.5152 | Attn: [0.291, 0.0, 0.709, 0.0, 0.0] | Ext: 50.8ms | Inf: 7.4ms | Total: 58.2ms
21:19:06 | Mask: [1.0, 0.0, 1.0, 0.0, 0.0] | Prob: 0.5151 | Attn: [0.291, 0.0, 0.709, 0.0, 0.0] | Ext: 50.8ms | Inf: 7.5ms | Total: 58.3ms
21:19:06 | Mask: [1.0, 0.0, 1.0, 0.0, 0.0] | Prob: 0.5905 | Attn: [0.66, 0.0, 0.34, 0.0, 0.0] | Ext: 55.2ms | Inf: 7.8ms | Total: 63.0ms
21:19:06 | Mask: [1.0, 0.0, 1.0, 0.0, 0.0] | Prob: 0.6432 | Attn: [0.66, 0.0, 0.34, 0.0, 0.0] | Ext: 55.2ms | Inf: 7.4ms | Total: 62.6ms
21:19:06 | Mask: [1.0, 0.0, 1.0, 0.0, 0.0] | Prob: 0.6802 | Attn: [0.66, 0.0, 0.34, 0.0, 0.0] | Ext: 55.2ms | Inf: 8.5ms | Total: 63.7ms
21:19:06 | Mask: [1.0, 0.0, 1.0, 0.0, 0.0] | Prob: 0.7060 | Attn: [0.66, 0.0, 0.34, 0.0, 0.0] | Ext: 55.2ms | Inf: 8.3ms | Total: 63.5ms
21:19:07 | Mask: [1.0, 0.0, 1.0, 0.0, 0.0] | Prob: 0.7241 | Attn: [0.66, 0.0, 0.34, 0.0, 0.0] | Ext: 55.2ms | Inf: 8.9ms | Total: 64.2ms
21:19:07 | Mask: [1.0, 0.0, 1.0, 0.0, 0.0] | Prob: 0.7368 | Attn: [0.66, 0.0, 0.34, 0.0, 0.0] | Ext: 55.2ms | Inf: 7.6ms | Total: 62.8ms
21:19:07 | Mask: [1.0, 0.0, 1.0, 0.0, 0.0] | Prob: 0.7457 | Attn: [0.66, 0.0, 0.34, 0.0, 0.0] | Ext: 55.2ms | Inf: 8.5ms | Total: 63.8ms
21:19:07 | Mask: [1.0, 0.0, 1.0, 0.0, 0.0] | Prob: 0.7519 | Attn: [0.66, 0.0, 0.34, 0.0, 0.0] | Ext: 55.2ms | Inf: 8.3ms | Total: 63.6ms
21:19:07 | Mask: [1.0, 0.0, 1.0, 0.0, 0.0] | Prob: 0.7562 | Attn: [0.66, 0.0, 0.34, 0.0, 0.0] | Ext: 55.2ms | Inf: 8.7ms | Total: 63.9ms
21:19:07 | Mask: [1.0, 0.0, 1.0, 0.0, 0.0] | Prob: 0.7547 | Attn: [0.702, 0.0, 0.298, 0.0, 0.0] | Ext: 55.2ms | Inf: 8.6ms | Total: 63.8ms
21:19:07 | Mask: [1.0, 0.0, 1.0, 0.0, 0.0] | Prob: 0.7536 | Attn: [0.702, 0.0, 0.298, 0.0, 0.0] | Ext: 55.2ms | Inf: 9.4ms | Total: 64.7ms
21:19:07 | Mask: [1.0, 0.0, 1.0, 0.0, 0.0] | Prob: 0.7528 | Attn: [0.702, 0.0, 0.298, 0.0, 0.0] | Ext: 55.2ms | Inf: 10.7ms | Total: 65.9ms
21:19:08 | Mask: [1.0, 0.0, 1.0, 0.0, 0.0] | Prob: 0.7522 | Attn: [0.702, 0.0, 0.298, 0.0, 0.0] | Ext: 55.2ms | Inf: 10.3ms | Total: 65.5ms
21:19:08 | Mask: [1.0, 0.0, 1.0, 0.0, 0.0] | Prob: 0.7519 | Attn: [0.702, 0.0, 0.298, 0.0, 0.0] | Ext: 55.2ms | Inf: 8.9ms | Total: 64.1ms
21:19:08 | Mask: [1.0, 0.0, 1.0, 0.0, 0.0] | Prob: 0.7516 | Attn: [0.702, 0.0, 0.298, 0.0, 0.0] | Ext: 55.2ms | Inf: 10.3ms | Total: 65.6ms
21:19:08 | Mask: [1.0, 0.0, 1.0, 0.0, 0.0] | Prob: 0.7514 | Attn: [0.702, 0.0, 0.298, 0.0, 0.0] | Ext: 55.2ms | Inf: 9.0ms | Total: 64.3ms
21:19:08 | Mask: [1.0, 0.0, 1.0, 0.0, 0.0] | Prob: 0.7513 | Attn: [0.702, 0.0, 0.298, 0.0, 0.0] | Ext: 55.2ms | Inf: 8.4ms | Total: 63.6ms
21:19:08 | Mask: [1.0, 0.0, 1.0, 0.0, 0.0] | Prob: 0.7512 | Attn: [0.702, 0.0, 0.298, 0.0, 0.0] | Ext: 55.2ms | Inf: 7.6ms | Total: 62.8ms
21:19:08 | Mask: [1.0, 0.0, 1.0, 0.0, 0.0] | Prob: 0.7511 | Attn: [0.702, 0.0, 0.298, 0.0, 0.0] | Ext: 55.2ms | Inf: 8.9ms | Total: 64.1ms
21:19:08 | Mask: [1.0, 0.0, 1.0, 0.0, 0.0] | Prob: 0.7511 | Attn: [0.702, 0.0, 0.298, 0.0, 0.0] | Ext: 55.2ms | Inf: 8.0ms | Total: 63.2ms
21:19:09 | Mask: [1.0, 0.0, 1.0, 0.0, 0.0] | Prob: 0.7511 | Attn: [0.702, 0.0, 0.298, 0.0, 0.0] | Ext: 55.2ms | Inf: 14.5ms | Total: 69.8ms
21:19:09 | Mask: [1.0, 0.0, 1.0, 0.0, 0.0] | Prob: 0.7510 | Attn: [0.702, 0.0, 0.298, 0.0, 0.0] | Ext: 55.2ms | Inf: 8.5ms | Total: 63.7ms
21:19:09 | Mask: [1.0, 0.0, 1.0, 0.0, 0.0] | Prob: 0.7510 | Attn: [0.702, 0.0, 0.298, 0.0, 0.0] | Ext: 55.2ms | Inf: 8.7ms | Total: 63.9ms
21:19:09 | Mask: [1.0, 0.0, 1.0, 0.0, 0.0] | Prob: 0.7510 | Attn: [0.702, 0.0, 0.298, 0.0, 0.0] | Ext: 55.2ms | Inf: 8.3ms | Total: 63.5ms
21:19:09 | Mask: [1.0, 0.0, 1.0, 0.0, 0.0] | Prob: 0.7038 | Attn: [0.65, 0.0, 0.35, 0.0, 0.0] | Ext: 52.8ms | Inf: 8.0ms | Total: 60.7ms
21:19:09 | Mask: [1.0, 0.0, 1.0, 0.0, 0.0] | Prob: 0.6707 | Attn: [0.65, 0.0, 0.35, 0.0, 0.0] | Ext: 52.8ms | Inf: 8.7ms | Total: 61.4ms
21:19:09 | Mask: [1.0, 0.0, 1.0, 0.0, 0.0] | Prob: 0.6476 | Attn: [0.65, 0.0, 0.35, 0.0, 0.0] | Ext: 52.8ms | Inf: 8.4ms | Total: 61.1ms
21:19:09 | Mask: [1.0, 0.0, 1.0, 0.0, 0.0] | Prob: 0.6314 | Attn: [0.65, 0.0, 0.35, 0.0, 0.0] | Ext: 52.8ms | Inf: 9.4ms | Total: 62.1ms
21:19:10 | Mask: [1.0, 0.0, 1.0, 0.0, 0.0] | Prob: 0.6200 | Attn: [0.65, 0.0, 0.35, 0.0, 0.0] | Ext: 52.8ms | Inf: 7.8ms | Total: 60.5ms
21:19:10 | Mask: [1.0, 0.0, 1.0, 0.0, 0.0] | Prob: 0.6121 | Attn: [0.65, 0.0, 0.35, 0.0, 0.0] | Ext: 52.8ms | Inf: 7.6ms | Total: 60.4ms
21:19:10 | Mask: [1.0, 0.0, 1.0, 0.0, 0.0] | Prob: 0.6066 | Attn: [0.65, 0.0, 0.35, 0.0, 0.0] | Ext: 52.8ms | Inf: 8.4ms | Total: 61.1ms
21:19:10 | Mask: [1.0, 0.0, 1.0, 0.0, 0.0] | Prob: 0.6027 | Attn: [0.65, 0.0, 0.35, 0.0, 0.0] | Ext: 52.8ms | Inf: 7.6ms | Total: 60.4ms
21:19:10 | Mask: [1.0, 0.0, 1.0, 0.0, 0.0] | Prob: 0.5999 | Attn: [0.65, 0.0, 0.35, 0.0, 0.0] | Ext: 52.8ms | Inf: 8.3ms | Total: 61.1ms
21:19:10 | Mask: [1.0, 0.0, 1.0, 0.0, 0.0] | Prob: 0.5903 | Attn: [0.69, 0.0, 0.31, 0.0, 0.0] | Ext: 52.8ms | Inf: 7.6ms | Total: 60.4ms
21:19:10 | Mask: [1.0, 0.0, 1.0, 0.0, 0.0] | Prob: 0.5836 | Attn: [0.69, 0.0, 0.31, 0.0, 0.0] | Ext: 52.8ms | Inf: 8.8ms | Total: 61.6ms
21:19:10 | Mask: [1.0, 0.0, 1.0, 0.0, 0.0] | Prob: 0.5789 | Attn: [0.69, 0.0, 0.31, 0.0, 0.0] | Ext: 52.8ms | Inf: 9.6ms | Total: 62.3ms
21:19:10 | Mask: [1.0, 0.0, 1.0, 0.0, 0.0] | Prob: 0.5756 | Attn: [0.69, 0.0, 0.31, 0.0, 0.0] | Ext: 52.8ms | Inf: 9.4ms | Total: 62.1ms
21:19:11 | Mask: [1.0, 0.0, 1.0, 0.0, 0.0] | Prob: 0.5733 | Attn: [0.69, 0.0, 0.31, 0.0, 0.0] | Ext: 52.8ms | Inf: 9.0ms | Total: 61.8ms
21:19:11 | Mask: [1.0, 0.0, 1.0, 0.0, 0.0] | Prob: 0.5717 | Attn: [0.69, 0.0, 0.31, 0.0, 0.0] | Ext: 52.8ms | Inf: 9.1ms | Total: 61.9ms
21:19:11 | Mask: [1.0, 0.0, 1.0, 0.0, 0.0] | Prob: 0.5705 | Attn: [0.69, 0.0, 0.31, 0.0, 0.0] | Ext: 52.8ms | Inf: 7.9ms | Total: 60.6ms
21:19:11 | Mask: [1.0, 0.0, 1.0, 0.0, 0.0] | Prob: 0.5698 | Attn: [0.69, 0.0, 0.31, 0.0, 0.0] | Ext: 52.8ms | Inf: 9.1ms | Total: 61.9ms
21:19:11 | Mask: [1.0, 0.0, 1.0, 0.0, 0.0] | Prob: 0.5692 | Attn: [0.69, 0.0, 0.31, 0.0, 0.0] | Ext: 52.8ms | Inf: 8.9ms | Total: 61.7ms
21:19:11 | Mask: [1.0, 0.0, 1.0, 0.0, 0.0] | Prob: 0.5688 | Attn: [0.69, 0.0, 0.31, 0.0, 0.0] | Ext: 52.8ms | Inf: 7.4ms | Total: 60.2ms
21:19:11 | Mask: [1.0, 0.0, 1.0, 0.0, 0.0] | Prob: 0.5685 | Attn: [0.69, 0.0, 0.31, 0.0, 0.0] | Ext: 52.8ms | Inf: 7.4ms | Total: 60.2ms
21:19:11 | Mask: [1.0, 0.0, 1.0, 0.0, 0.0] | Prob: 0.5684 | Attn: [0.69, 0.0, 0.31, 0.0, 0.0] | Ext: 52.8ms | Inf: 9.3ms | Total: 62.1ms
21:19:12 | Mask: [1.0, 0.0, 1.0, 0.0, 0.0] | Prob: 0.5682 | Attn: [0.69, 0.0, 0.31, 0.0, 0.0] | Ext: 52.8ms | Inf: 8.6ms | Total: 61.4ms
21:19:12 | Mask: [1.0, 0.0, 1.0, 0.0, 0.0] | Prob: 0.5681 | Attn: [0.69, 0.0, 0.31, 0.0, 0.0] | Ext: 52.8ms | Inf: 7.8ms | Total: 60.6ms
21:19:12 | Mask: [1.0, 0.0, 1.0, 0.0, 0.0] | Prob: 0.5681 | Attn: [0.69, 0.0, 0.31, 0.0, 0.0] | Ext: 52.8ms | Inf: 7.6ms | Total: 60.3ms
21:19:12 | Mask: [1.0, 0.0, 1.0, 0.0, 0.0] | Prob: 0.5680 | Attn: [0.69, 0.0, 0.31, 0.0, 0.0] | Ext: 52.8ms | Inf: 8.7ms | Total: 61.5ms
21:19:12 | Mask: [1.0, 0.0, 1.0, 0.0, 0.0] | Prob: 0.5127 | Attn: [0.553, 0.0, 0.447, 0.0, 0.0] | Ext: 51.5ms | Inf: 8.5ms | Total: 60.0ms
21:19:12 | Mask: [1.0, 0.0, 1.0, 0.0, 0.0] | Prob: 0.4741 | Attn: [0.553, 0.0, 0.447, 0.0, 0.0] | Ext: 51.5ms | Inf: 8.5ms | Total: 60.1ms
21:19:12 | Mask: [1.0, 0.0, 1.0, 0.0, 0.0] | Prob: 0.4470 | Attn: [0.553, 0.0, 0.447, 0.0, 0.0] | Ext: 51.5ms | Inf: 7.5ms | Total: 59.0ms
21:19:12 | Mask: [1.0, 0.0, 1.0, 0.0, 0.0] | Prob: 0.4280 | Attn: [0.553, 0.0, 0.447, 0.0, 0.0] | Ext: 51.5ms | Inf: 9.1ms | Total: 60.7ms
21:19:13 | Mask: [1.0, 0.0, 1.0, 0.0, 0.0] | Prob: 0.4147 | Attn: [0.553, 0.0, 0.447, 0.0, 0.0] | Ext: 51.5ms | Inf: 9.1ms | Total: 60.6ms
21:19:13 | Mask: [1.0, 0.0, 1.0, 0.0, 0.0] | Prob: 0.4055 | Attn: [0.553, 0.0, 0.447, 0.0, 0.0] | Ext: 51.5ms | Inf: 7.8ms | Total: 59.4ms
21:19:13 | Mask: [1.0, 0.0, 1.0, 0.0, 0.0] | Prob: 0.3990 | Attn: [0.553, 0.0, 0.447, 0.0, 0.0] | Ext: 51.5ms | Inf: 10.0ms | Total: 61.6ms
21:19:13 | Mask: [1.0, 0.0, 1.0, 0.0, 0.0] | Prob: 0.3944 | Attn: [0.553, 0.0, 0.447, 0.0, 0.0] | Ext: 51.5ms | Inf: 7.8ms | Total: 59.4ms
21:19:13 | Mask: [1.0, 0.0, 1.0, 0.0, 0.0] | Prob: 0.3912 | Attn: [0.553, 0.0, 0.447, 0.0, 0.0] | Ext: 51.5ms | Inf: 8.9ms | Total: 60.4ms
21:19:13 | Mask: [1.0, 0.0, 1.0, 0.0, 0.0] | Prob: 0.4047 | Attn: [0.546, 0.0, 0.454, 0.0, 0.0] | Ext: 51.5ms | Inf: 9.2ms | Total: 60.8ms
21:19:13 | Mask: [1.0, 0.0, 1.0, 0.0, 0.0] | Prob: 0.4141 | Attn: [0.546, 0.0, 0.454, 0.0, 0.0] | Ext: 51.5ms | Inf: 9.1ms | Total: 60.6ms
21:19:13 | Mask: [1.0, 0.0, 1.0, 0.0, 0.0] | Prob: 0.4207 | Attn: [0.546, 0.0, 0.454, 0.0, 0.0] | Ext: 51.5ms | Inf: 9.7ms | Total: 61.3ms
21:19:13 | Mask: [1.0, 0.0, 1.0, 0.0, 0.0] | Prob: 0.4253 | Attn: [0.546, 0.0, 0.454, 0.0, 0.0] | Ext: 51.5ms | Inf: 8.8ms | Total: 60.3ms
21:19:14 | Mask: [1.0, 0.0, 1.0, 0.0, 0.0] | Prob: 0.4285 | Attn: [0.546, 0.0, 0.454, 0.0, 0.0] | Ext: 51.5ms | Inf: 9.6ms | Total: 61.2ms
21:19:14 | Mask: [1.0, 0.0, 1.0, 0.0, 0.0] | Prob: 0.4308 | Attn: [0.546, 0.0, 0.454, 0.0, 0.0] | Ext: 51.5ms | Inf: 9.9ms | Total: 61.5ms
21:19:14 | Mask: [1.0, 0.0, 1.0, 0.0, 0.0] | Prob: 0.4324 | Attn: [0.546, 0.0, 0.454, 0.0, 0.0] | Ext: 51.5ms | Inf: 9.0ms | Total: 60.5ms
21:19:14 | Mask: [1.0, 0.0, 1.0, 0.0, 0.0] | Prob: 0.4335 | Attn: [0.546, 0.0, 0.454, 0.0, 0.0] | Ext: 51.5ms | Inf: 8.2ms | Total: 59.8ms
21:19:14 | Mask: [1.0, 0.0, 1.0, 0.0, 0.0] | Prob: 0.4343 | Attn: [0.546, 0.0, 0.454, 0.0, 0.0] | Ext: 51.5ms | Inf: 8.2ms | Total: 59.7ms
21:19:14 | Mask: [1.0, 0.0, 1.0, 0.0, 0.0] | Prob: 0.4348 | Attn: [0.546, 0.0, 0.454, 0.0, 0.0] | Ext: 51.5ms | Inf: 8.7ms | Total: 60.3ms
21:19:14 | Mask: [1.0, 0.0, 1.0, 0.0, 0.0] | Prob: 0.4352 | Attn: [0.546, 0.0, 0.454, 0.0, 0.0] | Ext: 51.5ms | Inf: 8.6ms | Total: 60.2ms
21:19:14 | Mask: [1.0, 0.0, 1.0, 0.0, 0.0] | Prob: 0.4355 | Attn: [0.546, 0.0, 0.454, 0.0, 0.0] | Ext: 51.5ms | Inf: 8.1ms | Total: 59.6ms
21:19:15 | Mask: [1.0, 0.0, 1.0, 0.0, 0.0] | Prob: 0.4356 | Attn: [0.546, 0.0, 0.454, 0.0, 0.0] | Ext: 51.5ms | Inf: 8.4ms | Total: 59.9ms
21:19:15 | Mask: [1.0, 0.0, 1.0, 0.0, 0.0] | Prob: 0.4358 | Attn: [0.546, 0.0, 0.454, 0.0, 0.0] | Ext: 51.5ms | Inf: 8.8ms | Total: 60.3ms
21:19:15 | Mask: [1.0, 0.0, 1.0, 0.0, 0.0] | Prob: 0.4359 | Attn: [0.546, 0.0, 0.454, 0.0, 0.0] | Ext: 51.5ms | Inf: 10.5ms | Total: 62.1ms
21:19:15 | Mask: [1.0, 0.0, 1.0, 0.0, 0.0] | Prob: 0.4634 | Attn: [0.543, 0.0, 0.457, 0.0, 0.0] | Ext: 60.8ms | Inf: 8.0ms | Total: 68.9ms
21:19:15 | Mask: [1.0, 0.0, 1.0, 0.0, 0.0] | Prob: 0.4827 | Attn: [0.543, 0.0, 0.457, 0.0, 0.0] | Ext: 60.8ms | Inf: 9.4ms | Total: 70.2ms
21:19:15 | Mask: [1.0, 0.0, 1.0, 0.0, 0.0] | Prob: 0.4962 | Attn: [0.543, 0.0, 0.457, 0.0, 0.0] | Ext: 60.8ms | Inf: 8.7ms | Total: 69.6ms
21:19:15 | Mask: [1.0, 0.0, 1.0, 0.0, 0.0] | Prob: 0.5056 | Attn: [0.543, 0.0, 0.457, 0.0, 0.0] | Ext: 60.8ms | Inf: 9.7ms | Total: 70.5ms
21:19:15 | Mask: [1.0, 0.0, 1.0, 0.0, 0.0] | Prob: 0.5122 | Attn: [0.543, 0.0, 0.457, 0.0, 0.0] | Ext: 60.8ms | Inf: 9.2ms | Total: 70.1ms
21:19:16 | Mask: [1.0, 0.0, 1.0, 0.0, 0.0] | Prob: 0.5169 | Attn: [0.543, 0.0, 0.457, 0.0, 0.0] | Ext: 60.8ms | Inf: 9.1ms | Total: 69.9ms
21:19:16 | Mask: [1.0, 0.0, 1.0, 0.0, 0.0] | Prob: 0.5201 | Attn: [0.543, 0.0, 0.457, 0.0, 0.0] | Ext: 60.8ms | Inf: 9.1ms | Total: 70.0ms
21:19:16 | Mask: [1.0, 0.0, 1.0, 0.0, 0.0] | Prob: 0.5224 | Attn: [0.543, 0.0, 0.457, 0.0, 0.0] | Ext: 60.8ms | Inf: 8.2ms | Total: 69.0ms
21:19:16 | Mask: [1.0, 0.0, 1.0, 0.0, 0.0] | Prob: 0.5240 | Attn: [0.543, 0.0, 0.457, 0.0, 0.0] | Ext: 60.8ms | Inf: 10.3ms | Total: 71.1ms
21:19:16 | Mask: [1.0, 0.0, 1.0, 0.0, 0.0] | Prob: 0.5800 | Attn: [0.593, 0.0, 0.407, 0.0, 0.0] | Ext: 60.8ms | Inf: 8.5ms | Total: 69.3ms
21:19:16 | Mask: [1.0, 0.0, 1.0, 0.0, 0.0] | Prob: 0.6192 | Attn: [0.593, 0.0, 0.407, 0.0, 0.0] | Ext: 60.8ms | Inf: 9.6ms | Total: 70.5ms
21:19:16 | Mask: [1.0, 0.0, 1.0, 0.0, 0.0] | Prob: 0.6466 | Attn: [0.593, 0.0, 0.407, 0.0, 0.0] | Ext: 60.8ms | Inf: 7.5ms | Total: 68.4ms
21:19:16 | Mask: [1.0, 0.0, 1.0, 0.0, 0.0] | Prob: 0.6658 | Attn: [0.593, 0.0, 0.407, 0.0, 0.0] | Ext: 60.8ms | Inf: 8.8ms | Total: 69.7ms
21:19:17 | Mask: [1.0, 1.0, 1.0, 0.0, 1.0] | Prob: 0.6557 | Attn: [0.327, 0.236, 0.224, 0.0, 0.214] | Ext: 60.8ms | Inf: 8.4ms | Total: 69.2ms
21:19:17 | Mask: [1.0, 1.0, 1.0, 0.0, 1.0] | Prob: 0.6503 | Attn: [0.326, 0.242, 0.224, 0.0, 0.208] | Ext: 60.8ms | Inf: 10.4ms | Total: 71.2ms
21:19:17 | Mask: [1.0, 1.0, 1.0, 0.0, 1.0] | Prob: 0.6475 | Attn: [0.326, 0.243, 0.224, 0.0, 0.206] | Ext: 60.8ms | Inf: 9.2ms | Total: 70.0ms
21:19:17 | Mask: [1.0, 1.0, 1.0, 0.0, 1.0] | Prob: 0.6459 | Attn: [0.327, 0.244, 0.224, 0.0, 0.205] | Ext: 60.8ms | Inf: 9.1ms | Total: 69.9ms
21:19:17 | Mask: [1.0, 1.0, 1.0, 0.0, 1.0] | Prob: 0.6419 | Attn: [0.327, 0.235, 0.224, 0.0, 0.214] | Ext: 60.8ms | Inf: 9.4ms | Total: 70.2ms
21:19:17 | Mask: [1.0, 1.0, 1.0, 0.0, 1.0] | Prob: 0.6399 | Attn: [0.325, 0.241, 0.223, 0.0, 0.212] | Ext: 60.8ms | Inf: 7.8ms | Total: 68.6ms
21:19:17 | Mask: [1.0, 1.0, 1.0, 0.0, 1.0] | Prob: 0.6389 | Attn: [0.324, 0.244, 0.222, 0.0, 0.21] | Ext: 60.8ms | Inf: 9.0ms | Total: 69.9ms
21:19:17 | Mask: [1.0, 1.0, 1.0, 0.0, 1.0] | Prob: 0.6363 | Attn: [0.325, 0.237, 0.223, 0.0, 0.215] | Ext: 60.8ms | Inf: 8.8ms | Total: 69.6ms
21:19:18 | Mask: [1.0, 1.0, 1.0, 0.0, 1.0] | Prob: 0.6332 | Attn: [0.326, 0.232, 0.224, 0.0, 0.219] | Ext: 60.8ms | Inf: 9.4ms | Total: 70.2ms
21:19:18 | Mask: [1.0, 1.0, 1.0, 0.0, 1.0] | Prob: 0.6304 | Attn: [0.327, 0.228, 0.224, 0.0, 0.221] | Ext: 60.8ms | Inf: 8.4ms | Total: 69.2ms
21:19:18 | Mask: [1.0, 1.0, 1.0, 0.0, 1.0] | Prob: 0.6281 | Attn: [0.327, 0.227, 0.224, 0.0, 0.223] | Ext: 60.8ms | Inf: 8.8ms | Total: 69.6ms
21:19:18 | Mask: [1.0, 1.0, 1.0, 0.0, 1.0] | Prob: 0.5943 | Attn: [0.164, 0.28, 0.279, 0.0, 0.277] | Ext: 62.3ms | Inf: 9.9ms | Total: 72.2ms
21:19:18 | Mask: [1.0, 1.0, 1.0, 0.0, 1.0] | Prob: 0.5704 | Attn: [0.164, 0.279, 0.279, 0.0, 0.278] | Ext: 62.3ms | Inf: 9.7ms | Total: 72.1ms
21:19:18 | Mask: [1.0, 1.0, 1.0, 0.0, 1.0] | Prob: 0.5537 | Attn: [0.164, 0.279, 0.279, 0.0, 0.278] | Ext: 62.3ms | Inf: 8.0ms | Total: 70.3ms
21:19:18 | Mask: [1.0, 1.0, 1.0, 0.0, 1.0] | Prob: 0.5419 | Attn: [0.164, 0.279, 0.279, 0.0, 0.279] | Ext: 62.3ms | Inf: 8.3ms | Total: 70.6ms
21:19:18 | Mask: [1.0, 1.0, 1.0, 0.0, 1.0] | Prob: 0.5337 | Attn: [0.164, 0.279, 0.279, 0.0, 0.279] | Ext: 62.3ms | Inf: 8.4ms | Total: 70.8ms
21:19:18 | Mask: [1.0, 1.0, 1.0, 0.0, 1.0] | Prob: 0.5279 | Attn: [0.164, 0.279, 0.279, 0.0, 0.279] | Ext: 62.3ms | Inf: 7.5ms | Total: 69.8ms
21:19:19 | Mask: [1.0, 1.0, 1.0, 0.0, 1.0] | Prob: 0.5238 | Attn: [0.164, 0.279, 0.279, 0.0, 0.279] | Ext: 62.3ms | Inf: 8.6ms | Total: 70.9ms
21:19:19 | Mask: [1.0, 1.0, 1.0, 0.0, 1.0] | Prob: 0.5210 | Attn: [0.164, 0.279, 0.279, 0.0, 0.279] | Ext: 62.3ms | Inf: 8.7ms | Total: 71.1ms
21:19:19 | Mask: [1.0, 1.0, 1.0, 0.0, 1.0] | Prob: 0.5190 | Attn: [0.164, 0.279, 0.279, 0.0, 0.279] | Ext: 62.3ms | Inf: 9.5ms | Total: 71.8ms
21:19:19 | Mask: [1.0, 1.0, 1.0, 0.0, 1.0] | Prob: 0.5093 | Attn: [0.092, 0.303, 0.303, 0.0, 0.303] | Ext: 62.3ms | Inf: 8.5ms | Total: 70.9ms
21:19:19 | Mask: [1.0, 1.0, 1.0, 0.0, 1.0] | Prob: 0.5024 | Attn: [0.092, 0.303, 0.303, 0.0, 0.303] | Ext: 62.3ms | Inf: 7.7ms | Total: 70.0ms
21:19:19 | Mask: [1.0, 1.0, 1.0, 0.0, 1.0] | Prob: 0.4977 | Attn: [0.092, 0.303, 0.303, 0.0, 0.303] | Ext: 62.3ms | Inf: 9.9ms | Total: 72.2ms
21:19:19 | Mask: [1.0, 1.0, 1.0, 0.0, 1.0] | Prob: 0.4943 | Attn: [0.092, 0.303, 0.303, 0.0, 0.303] | Ext: 62.3ms | Inf: 8.8ms | Total: 71.2ms
21:19:19 | Mask: [1.0, 1.0, 1.0, 0.0, 1.0] | Prob: 0.4920 | Attn: [0.092, 0.303, 0.303, 0.0, 0.303] | Ext: 62.3ms | Inf: 7.4ms | Total: 69.7ms
21:19:20 | Mask: [1.0, 1.0, 1.0, 0.0, 1.0] | Prob: 0.4903 | Attn: [0.092, 0.303, 0.303, 0.0, 0.303] | Ext: 62.3ms | Inf: 8.4ms | Total: 70.7ms
21:19:20 | Mask: [1.0, 1.0, 1.0, 0.0, 1.0] | Prob: 0.4892 | Attn: [0.092, 0.303, 0.303, 0.0, 0.303] | Ext: 62.3ms | Inf: 9.4ms | Total: 71.7ms
21:19:20 | Mask: [1.0, 1.0, 1.0, 0.0, 1.0] | Prob: 0.4884 | Attn: [0.092, 0.303, 0.303, 0.0, 0.303] | Ext: 62.3ms | Inf: 9.1ms | Total: 71.4ms
21:19:20 | Mask: [1.0, 1.0, 1.0, 0.0, 1.0] | Prob: 0.4878 | Attn: [0.092, 0.303, 0.303, 0.0, 0.303] | Ext: 62.3ms | Inf: 9.9ms | Total: 72.2ms
21:19:20 | Mask: [1.0, 1.0, 1.0, 0.0, 1.0] | Prob: 0.4874 | Attn: [0.092, 0.303, 0.303, 0.0, 0.303] | Ext: 62.3ms | Inf: 8.7ms | Total: 71.0ms
21:19:20 | Mask: [1.0, 1.0, 1.0, 0.0, 1.0] | Prob: 0.4872 | Attn: [0.092, 0.303, 0.303, 0.0, 0.303] | Ext: 62.3ms | Inf: 9.0ms | Total: 71.4ms
21:19:20 | Mask: [1.0, 1.0, 1.0, 0.0, 1.0] | Prob: 0.4870 | Attn: [0.092, 0.303, 0.303, 0.0, 0.303] | Ext: 62.3ms | Inf: 7.6ms | Total: 69.9ms
21:19:20 | Mask: [1.0, 1.0, 1.0, 0.0, 1.0] | Prob: 0.4868 | Attn: [0.092, 0.303, 0.303, 0.0, 0.303] | Ext: 62.3ms | Inf: 9.2ms | Total: 71.6ms
21:19:21 | Mask: [1.0, 1.0, 1.0, 0.0, 1.0] | Prob: 0.4867 | Attn: [0.092, 0.303, 0.303, 0.0, 0.303] | Ext: 62.3ms | Inf: 9.5ms | Total: 71.9ms
22:50:40 | Mask: [0.0, 0.0, 1.0, 0.0, 0.0] | Prob: 0.1500 | Attn: [0.0, 0.0, 1.0, 0.0, 0.0] | Ext: 0.0ms | Inf: 2405.2ms | Total: 2405.3ms
22:50:40 | Mask: [0.0, 1.0, 1.0, 0.0, 1.0] | Prob: 0.2518 | Attn: [0.0, 0.308, 0.344, 0.0, 0.349] | Ext: 24.7ms | Inf: 9.0ms | Total: 33.7ms
22:50:41 | Mask: [0.0, 1.0, 1.0, 0.0, 1.0] | Prob: 0.3221 | Attn: [0.0, 0.299, 0.347, 0.0, 0.354] | Ext: 25.1ms | Inf: 7.9ms | Total: 33.0ms
22:50:41 | Mask: [0.0, 1.0, 1.0, 0.0, 1.0] | Prob: 0.3713 | Attn: [0.0, 0.295, 0.349, 0.0, 0.356] | Ext: 26.4ms | Inf: 8.8ms | Total: 35.2ms
22:50:41 | Mask: [0.0, 1.0, 1.0, 0.0, 1.0] | Prob: 0.4051 | Attn: [0.0, 0.291, 0.35, 0.0, 0.359] | Ext: 22.9ms | Inf: 9.1ms | Total: 32.0ms
22:50:41 | Mask: [0.0, 1.0, 1.0, 0.0, 1.0] | Prob: 0.4286 | Attn: [0.0, 0.289, 0.351, 0.0, 0.36] | Ext: 27.0ms | Inf: 8.1ms | Total: 35.0ms
22:50:41 | Mask: [0.0, 1.0, 1.0, 0.0, 1.0] | Prob: 0.4454 | Attn: [0.0, 0.295, 0.348, 0.0, 0.357] | Ext: 24.9ms | Inf: 7.4ms | Total: 32.3ms
22:50:41 | Mask: [0.0, 1.0, 1.0, 0.0, 1.0] | Prob: 0.4572 | Attn: [0.0, 0.298, 0.346, 0.0, 0.356] | Ext: 35.5ms | Inf: 8.4ms | Total: 43.9ms
22:50:41 | Mask: [0.0, 1.0, 1.0, 0.0, 1.0] | Prob: 0.4651 | Attn: [0.0, 0.3, 0.345, 0.0, 0.355] | Ext: 24.3ms | Inf: 10.9ms | Total: 35.2ms
22:50:41 | Mask: [0.0, 1.0, 1.0, 0.0, 1.0] | Prob: 0.4705 | Attn: [0.0, 0.302, 0.344, 0.0, 0.354] | Ext: 23.9ms | Inf: 8.0ms | Total: 31.9ms
22:50:42 | Mask: [0.0, 1.0, 1.0, 0.0, 1.0] | Prob: 0.4741 | Attn: [0.0, 0.302, 0.344, 0.0, 0.353] | Ext: 24.0ms | Inf: 10.2ms | Total: 34.3ms
22:50:42 | Mask: [0.0, 1.0, 1.0, 0.0, 1.0] | Prob: 0.4765 | Attn: [0.0, 0.302, 0.344, 0.0, 0.353] | Ext: 25.5ms | Inf: 9.8ms | Total: 35.3ms
22:50:42 | Mask: [0.0, 1.0, 1.0, 0.0, 1.0] | Prob: 0.4782 | Attn: [0.0, 0.302, 0.344, 0.0, 0.353] | Ext: 25.8ms | Inf: 8.6ms | Total: 34.4ms
22:50:42 | Mask: [0.0, 1.0, 1.0, 0.0, 1.0] | Prob: 0.4793 | Attn: [0.0, 0.302, 0.344, 0.0, 0.353] | Ext: 25.7ms | Inf: 11.9ms | Total: 37.6ms
22:50:42 | Mask: [0.0, 1.0, 1.0, 0.0, 1.0] | Prob: 0.4800 | Attn: [0.0, 0.302, 0.345, 0.0, 0.353] | Ext: 25.5ms | Inf: 9.6ms | Total: 35.0ms
22:50:42 | Mask: [0.0, 1.0, 1.0, 0.0, 1.0] | Prob: 0.4804 | Attn: [0.0, 0.302, 0.345, 0.0, 0.354] | Ext: 25.0ms | Inf: 9.9ms | Total: 34.9ms
22:50:42 | Mask: [0.0, 1.0, 1.0, 0.0, 1.0] | Prob: 0.4807 | Attn: [0.0, 0.301, 0.345, 0.0, 0.354] | Ext: 25.0ms | Inf: 9.3ms | Total: 34.3ms
22:50:42 | Mask: [0.0, 1.0, 1.0, 0.0, 1.0] | Prob: 0.4810 | Attn: [0.0, 0.302, 0.345, 0.0, 0.353] | Ext: 26.6ms | Inf: 10.8ms | Total: 37.4ms
22:50:43 | Mask: [0.0, 1.0, 1.0, 0.0, 1.0] | Prob: 0.4812 | Attn: [0.0, 0.302, 0.345, 0.0, 0.354] | Ext: 27.4ms | Inf: 7.5ms | Total: 34.9ms
22:50:43 | Mask: [0.0, 1.0, 1.0, 0.0, 1.0] | Prob: 0.4813 | Attn: [0.0, 0.302, 0.345, 0.0, 0.353] | Ext: 24.5ms | Inf: 9.7ms | Total: 34.3ms
22:50:43 | Mask: [0.0, 1.0, 1.0, 0.0, 1.0] | Prob: 0.4813 | Attn: [0.0, 0.301, 0.345, 0.0, 0.354] | Ext: 26.7ms | Inf: 9.1ms | Total: 35.8ms
22:50:43 | Mask: [0.0, 1.0, 1.0, 0.0, 1.0] | Prob: 0.4812 | Attn: [0.0, 0.3, 0.345, 0.0, 0.354] | Ext: 25.2ms | Inf: 9.4ms | Total: 34.6ms
22:50:43 | Mask: [0.0, 1.0, 1.0, 0.0, 1.0] | Prob: 0.4815 | Attn: [0.0, 0.301, 0.345, 0.0, 0.354] | Ext: 24.4ms | Inf: 8.9ms | Total: 33.2ms
22:50:43 | Mask: [0.0, 1.0, 1.0, 0.0, 1.0] | Prob: 0.4814 | Attn: [0.0, 0.299, 0.346, 0.0, 0.355] | Ext: 24.5ms | Inf: 19.8ms | Total: 44.3ms
22:50:43 | Mask: [0.0, 1.0, 1.0, 0.0, 1.0] | Prob: 0.4818 | Attn: [0.0, 0.3, 0.346, 0.0, 0.355] | Ext: 37.2ms | Inf: 9.4ms | Total: 46.6ms
22:50:43 | Mask: [0.0, 1.0, 1.0, 0.0, 1.0] | Prob: 0.4822 | Attn: [0.0, 0.3, 0.345, 0.0, 0.355] | Ext: 26.3ms | Inf: 8.5ms | Total: 34.8ms
22:50:44 | Mask: [0.0, 1.0, 1.0, 0.0, 1.0] | Prob: 0.4826 | Attn: [0.0, 0.299, 0.346, 0.0, 0.355] | Ext: 26.1ms | Inf: 9.4ms | Total: 35.5ms
22:50:44 | Mask: [0.0, 1.0, 1.0, 0.0, 1.0] | Prob: 0.4826 | Attn: [0.0, 0.298, 0.346, 0.0, 0.356] | Ext: 26.5ms | Inf: 10.2ms | Total: 36.7ms
22:50:44 | Mask: [0.0, 1.0, 1.0, 0.0, 1.0] | Prob: 0.4822 | Attn: [0.0, 0.297, 0.347, 0.0, 0.356] | Ext: 23.3ms | Inf: 11.8ms | Total: 35.1ms
22:50:44 | Mask: [0.0, 1.0, 1.0, 0.0, 1.0] | Prob: 0.4821 | Attn: [0.0, 0.298, 0.346, 0.0, 0.356] | Ext: 26.3ms | Inf: 11.3ms | Total: 37.6ms
22:50:44 | Mask: [0.0, 1.0, 1.0, 0.0, 1.0] | Prob: 0.4822 | Attn: [0.0, 0.299, 0.346, 0.0, 0.356] | Ext: 25.1ms | Inf: 9.5ms | Total: 34.7ms
22:50:44 | Mask: [0.0, 1.0, 1.0, 0.0, 1.0] | Prob: 0.4822 | Attn: [0.0, 0.298, 0.346, 0.0, 0.356] | Ext: 23.5ms | Inf: 8.7ms | Total: 32.2ms
22:50:44 | Mask: [0.0, 1.0, 1.0, 0.0, 1.0] | Prob: 0.4820 | Attn: [0.0, 0.298, 0.346, 0.0, 0.356] | Ext: 21.8ms | Inf: 9.0ms | Total: 30.8ms
22:50:44 | Mask: [0.0, 1.0, 1.0, 0.0, 1.0] | Prob: 0.4816 | Attn: [0.0, 0.298, 0.346, 0.0, 0.356] | Ext: 25.8ms | Inf: 10.6ms | Total: 36.4ms
22:50:45 | Mask: [0.0, 1.0, 1.0, 0.0, 1.0] | Prob: 0.4817 | Attn: [0.0, 0.299, 0.346, 0.0, 0.356] | Ext: 22.0ms | Inf: 9.4ms | Total: 31.4ms
22:50:45 | Mask: [0.0, 1.0, 1.0, 0.0, 1.0] | Prob: 0.4818 | Attn: [0.0, 0.299, 0.346, 0.0, 0.355] | Ext: 22.6ms | Inf: 10.3ms | Total: 32.9ms
22:50:45 | Mask: [0.0, 1.0, 1.0, 0.0, 1.0] | Prob: 0.4821 | Attn: [0.0, 0.3, 0.345, 0.0, 0.355] | Ext: 24.8ms | Inf: 9.2ms | Total: 34.0ms
22:50:45 | Mask: [0.0, 1.0, 1.0, 0.0, 1.0] | Prob: 0.4826 | Attn: [0.0, 0.3, 0.345, 0.0, 0.355] | Ext: 25.5ms | Inf: 9.1ms | Total: 34.6ms
22:50:45 | Mask: [0.0, 1.0, 1.0, 0.0, 1.0] | Prob: 0.4828 | Attn: [0.0, 0.3, 0.345, 0.0, 0.355] | Ext: 24.5ms | Inf: 8.2ms | Total: 32.7ms
22:50:45 | Mask: [0.0, 1.0, 1.0, 0.0, 1.0] | Prob: 0.4827 | Attn: [0.0, 0.299, 0.346, 0.0, 0.355] | Ext: 25.1ms | Inf: 8.8ms | Total: 33.9ms
22:50:45 | Mask: [0.0, 1.0, 1.0, 0.0, 1.0] | Prob: 0.4824 | Attn: [0.0, 0.298, 0.346, 0.0, 0.356] | Ext: 24.1ms | Inf: 10.5ms | Total: 34.6ms
22:50:45 | Mask: [0.0, 1.0, 1.0, 0.0, 1.0] | Prob: 0.4821 | Attn: [0.0, 0.298, 0.346, 0.0, 0.356] | Ext: 24.5ms | Inf: 9.2ms | Total: 33.7ms
22:50:46 | Mask: [0.0, 1.0, 1.0, 0.0, 1.0] | Prob: 0.4817 | Attn: [0.0, 0.298, 0.346, 0.0, 0.356] | Ext: 25.7ms | Inf: 8.9ms | Total: 34.6ms
22:50:46 | Mask: [0.0, 1.0, 1.0, 0.0, 1.0] | Prob: 0.4816 | Attn: [0.0, 0.298, 0.346, 0.0, 0.356] | Ext: 24.9ms | Inf: 8.7ms | Total: 33.6ms
22:50:46 | Mask: [0.0, 1.0, 1.0, 0.0, 1.0] | Prob: 0.4814 | Attn: [0.0, 0.297, 0.347, 0.0, 0.356] | Ext: 25.9ms | Inf: 9.1ms | Total: 35.0ms
22:50:46 | Mask: [0.0, 1.0, 1.0, 0.0, 1.0] | Prob: 0.4814 | Attn: [0.0, 0.297, 0.347, 0.0, 0.356] | Ext: 24.5ms | Inf: 9.3ms | Total: 33.8ms
22:50:46 | Mask: [0.0, 1.0, 1.0, 0.0, 1.0] | Prob: 0.4814 | Attn: [0.0, 0.296, 0.347, 0.0, 0.357] | Ext: 24.5ms | Inf: 10.5ms | Total: 35.0ms
22:50:46 | Mask: [0.0, 1.0, 1.0, 0.0, 1.0] | Prob: 0.4813 | Attn: [0.0, 0.296, 0.347, 0.0, 0.357] | Ext: 25.9ms | Inf: 9.5ms | Total: 35.4ms
22:50:46 | Mask: [0.0, 1.0, 1.0, 0.0, 1.0] | Prob: 0.4812 | Attn: [0.0, 0.296, 0.347, 0.0, 0.357] | Ext: 27.1ms | Inf: 10.3ms | Total: 37.3ms
22:50:46 | Mask: [0.0, 1.0, 1.0, 0.0, 1.0] | Prob: 0.4812 | Attn: [0.0, 0.296, 0.347, 0.0, 0.357] | Ext: 23.4ms | Inf: 9.7ms | Total: 33.1ms
22:50:46 | Mask: [0.0, 1.0, 1.0, 0.0, 1.0] | Prob: 0.4812 | Attn: [0.0, 0.296, 0.347, 0.0, 0.357] | Ext: 24.9ms | Inf: 9.3ms | Total: 34.2ms
22:50:47 | Mask: [0.0, 1.0, 1.0, 0.0, 1.0] | Prob: 0.4813 | Attn: [0.0, 0.297, 0.347, 0.0, 0.356] | Ext: 26.3ms | Inf: 10.4ms | Total: 36.7ms
22:50:47 | Mask: [0.0, 1.0, 1.0, 0.0, 1.0] | Prob: 0.4815 | Attn: [0.0, 0.297, 0.347, 0.0, 0.356] | Ext: 26.6ms | Inf: 9.5ms | Total: 36.1ms
22:50:47 | Mask: [0.0, 1.0, 1.0, 0.0, 1.0] | Prob: 0.4818 | Attn: [0.0, 0.298, 0.347, 0.0, 0.356] | Ext: 23.8ms | Inf: 9.7ms | Total: 33.5ms
22:50:47 | Mask: [0.0, 1.0, 1.0, 0.0, 1.0] | Prob: 0.4820 | Attn: [0.0, 0.298, 0.346, 0.0, 0.356] | Ext: 22.3ms | Inf: 9.5ms | Total: 31.8ms
22:50:47 | Mask: [0.0, 1.0, 1.0, 0.0, 1.0] | Prob: 0.4818 | Attn: [0.0, 0.297, 0.347, 0.0, 0.356] | Ext: 25.5ms | Inf: 9.3ms | Total: 34.9ms
22:50:47 | Mask: [0.0, 1.0, 1.0, 0.0, 1.0] | Prob: 0.4818 | Attn: [0.0, 0.297, 0.347, 0.0, 0.356] | Ext: 24.7ms | Inf: 9.7ms | Total: 34.5ms
22:50:47 | Mask: [0.0, 1.0, 1.0, 0.0, 1.0] | Prob: 0.4819 | Attn: [0.0, 0.298, 0.347, 0.0, 0.356] | Ext: 25.8ms | Inf: 10.0ms | Total: 35.8ms
22:50:47 | Mask: [0.0, 1.0, 1.0, 0.0, 1.0] | Prob: 0.4819 | Attn: [0.0, 0.298, 0.346, 0.0, 0.356] | Ext: 24.6ms | Inf: 8.6ms | Total: 33.2ms
22:50:48 | Mask: [0.0, 1.0, 1.0, 0.0, 1.0] | Prob: 0.4819 | Attn: [0.0, 0.298, 0.346, 0.0, 0.356] | Ext: 24.8ms | Inf: 8.2ms | Total: 33.1ms
22:50:48 | Mask: [0.0, 1.0, 1.0, 0.0, 1.0] | Prob: 0.4818 | Attn: [0.0, 0.298, 0.346, 0.0, 0.356] | Ext: 25.2ms | Inf: 8.6ms | Total: 33.8ms
22:50:48 | Mask: [0.0, 1.0, 1.0, 0.0, 1.0] | Prob: 0.4817 | Attn: [0.0, 0.298, 0.346, 0.0, 0.356] | Ext: 24.5ms | Inf: 9.7ms | Total: 34.3ms
22:50:48 | Mask: [0.0, 1.0, 1.0, 0.0, 1.0] | Prob: 0.4818 | Attn: [0.0, 0.298, 0.346, 0.0, 0.356] | Ext: 26.2ms | Inf: 8.9ms | Total: 35.0ms
22:50:48 | Mask: [0.0, 1.0, 1.0, 0.0, 1.0] | Prob: 0.4818 | Attn: [0.0, 0.298, 0.346, 0.0, 0.356] | Ext: 24.6ms | Inf: 9.4ms | Total: 34.0ms
22:50:48 | Mask: [0.0, 1.0, 1.0, 0.0, 1.0] | Prob: 0.4818 | Attn: [0.0, 0.298, 0.346, 0.0, 0.356] | Ext: 24.4ms | Inf: 9.1ms | Total: 33.5ms
22:50:48 | Mask: [0.0, 1.0, 1.0, 0.0, 1.0] | Prob: 0.4819 | Attn: [0.0, 0.298, 0.346, 0.0, 0.356] | Ext: 23.3ms | Inf: 13.5ms | Total: 36.9ms
22:50:48 | Mask: [0.0, 1.0, 1.0, 0.0, 1.0] | Prob: 0.4820 | Attn: [0.0, 0.298, 0.346, 0.0, 0.356] | Ext: 21.4ms | Inf: 9.6ms | Total: 30.9ms
22:50:49 | Mask: [0.0, 1.0, 1.0, 0.0, 1.0] | Prob: 0.4823 | Attn: [0.0, 0.298, 0.346, 0.0, 0.356] | Ext: 25.3ms | Inf: 9.8ms | Total: 35.2ms
22:50:49 | Mask: [0.0, 1.0, 1.0, 0.0, 1.0] | Prob: 0.4825 | Attn: [0.0, 0.298, 0.346, 0.0, 0.356] | Ext: 22.0ms | Inf: 9.4ms | Total: 31.4ms
22:50:49 | Mask: [0.0, 1.0, 1.0, 0.0, 1.0] | Prob: 0.4827 | Attn: [0.0, 0.298, 0.346, 0.0, 0.356] | Ext: 22.5ms | Inf: 8.3ms | Total: 30.8ms
22:50:49 | Mask: [0.0, 1.0, 1.0, 0.0, 1.0] | Prob: 0.4827 | Attn: [0.0, 0.297, 0.346, 0.0, 0.356] | Ext: 25.0ms | Inf: 10.4ms | Total: 35.4ms
22:50:49 | Mask: [0.0, 1.0, 1.0, 0.0, 1.0] | Prob: 0.4827 | Attn: [0.0, 0.297, 0.347, 0.0, 0.357] | Ext: 23.4ms | Inf: 10.0ms | Total: 33.4ms
22:50:49 | Mask: [0.0, 1.0, 1.0, 0.0, 1.0] | Prob: 0.4826 | Attn: [0.0, 0.297, 0.347, 0.0, 0.357] | Ext: 26.9ms | Inf: 9.0ms | Total: 35.9ms
22:50:49 | Mask: [0.0, 1.0, 1.0, 0.0, 1.0] | Prob: 0.4825 | Attn: [0.0, 0.296, 0.347, 0.0, 0.357] | Ext: 26.7ms | Inf: 10.0ms | Total: 36.6ms
22:50:49 | Mask: [0.0, 1.0, 1.0, 0.0, 1.0] | Prob: 0.4826 | Attn: [0.0, 0.297, 0.347, 0.0, 0.357] | Ext: 25.7ms | Inf: 10.8ms | Total: 36.5ms
22:50:50 | Mask: [0.0, 1.0, 1.0, 0.0, 1.0] | Prob: 0.4825 | Attn: [0.0, 0.296, 0.347, 0.0, 0.357] | Ext: 25.4ms | Inf: 9.4ms | Total: 34.9ms
22:50:50 | Mask: [0.0, 1.0, 1.0, 0.0, 1.0] | Prob: 0.4824 | Attn: [0.0, 0.296, 0.347, 0.0, 0.357] | Ext: 26.8ms | Inf: 8.5ms | Total: 35.2ms
22:50:50 | Mask: [0.0, 1.0, 1.0, 0.0, 1.0] | Prob: 0.4822 | Attn: [0.0, 0.296, 0.347, 0.0, 0.357] | Ext: 27.0ms | Inf: 9.5ms | Total: 36.5ms
22:50:50 | Mask: [1.0, 1.0, 1.0, 0.0, 1.0] | Prob: 0.5165 | Attn: [0.277, 0.214, 0.251, 0.0, 0.258] | Ext: 9131.2ms | Inf: 9.2ms | Total: 9140.4ms
22:50:50 | Mask: [1.0, 1.0, 1.0, 0.0, 1.0] | Prob: 0.5405 | Attn: [0.277, 0.214, 0.251, 0.0, 0.258] | Ext: 9131.2ms | Inf: 9.4ms | Total: 9140.6ms
22:50:50 | Mask: [1.0, 1.0, 1.0, 0.0, 1.0] | Prob: 0.5574 | Attn: [0.276, 0.214, 0.251, 0.0, 0.258] | Ext: 9131.2ms | Inf: 10.5ms | Total: 9141.7ms
22:50:50 | Mask: [1.0, 1.0, 1.0, 0.0, 1.0] | Prob: 0.5692 | Attn: [0.277, 0.214, 0.251, 0.0, 0.258] | Ext: 9131.2ms | Inf: 12.2ms | Total: 9143.4ms
22:50:50 | Mask: [1.0, 1.0, 1.0, 0.0, 1.0] | Prob: 0.5775 | Attn: [0.276, 0.215, 0.251, 0.0, 0.258] | Ext: 9131.2ms | Inf: 10.3ms | Total: 9141.5ms
22:50:51 | Mask: [1.0, 1.0, 1.0, 0.0, 1.0] | Prob: 0.5834 | Attn: [0.276, 0.215, 0.251, 0.0, 0.258] | Ext: 9131.2ms | Inf: 9.3ms | Total: 9140.5ms
22:50:51 | Mask: [1.0, 1.0, 1.0, 0.0, 1.0] | Prob: 0.5875 | Attn: [0.277, 0.214, 0.251, 0.0, 0.258] | Ext: 9131.2ms | Inf: 8.9ms | Total: 9140.1ms
22:50:51 | Mask: [1.0, 1.0, 1.0, 0.0, 1.0] | Prob: 0.5903 | Attn: [0.277, 0.214, 0.251, 0.0, 0.258] | Ext: 9131.2ms | Inf: 10.1ms | Total: 9141.3ms
22:50:51 | Mask: [1.0, 1.0, 1.0, 0.0, 1.0] | Prob: 0.5921 | Attn: [0.277, 0.214, 0.251, 0.0, 0.258] | Ext: 9131.2ms | Inf: 10.4ms | Total: 9141.6ms
22:50:51 | Mask: [1.0, 1.0, 1.0, 0.0, 1.0] | Prob: 0.5934 | Attn: [0.277, 0.214, 0.251, 0.0, 0.258] | Ext: 9131.2ms | Inf: 12.2ms | Total: 9143.4ms
22:50:51 | Mask: [1.0, 1.0, 1.0, 0.0, 1.0] | Prob: 0.5943 | Attn: [0.276, 0.214, 0.251, 0.0, 0.258] | Ext: 9131.2ms | Inf: 9.1ms | Total: 9140.4ms
22:50:51 | Mask: [1.0, 1.0, 1.0, 0.0, 1.0] | Prob: 0.5949 | Attn: [0.277, 0.214, 0.251, 0.0, 0.258] | Ext: 9131.2ms | Inf: 9.0ms | Total: 9140.2ms
22:50:51 | Mask: [1.0, 1.0, 1.0, 0.0, 1.0] | Prob: 0.5954 | Attn: [0.277, 0.214, 0.251, 0.0, 0.258] | Ext: 9131.2ms | Inf: 10.6ms | Total: 9141.8ms
22:50:52 | Mask: [1.0, 1.0, 1.0, 0.0, 1.0] | Prob: 0.5956 | Attn: [0.277, 0.213, 0.251, 0.0, 0.258] | Ext: 9131.2ms | Inf: 9.2ms | Total: 9140.4ms
22:50:52 | Mask: [1.0, 1.0, 1.0, 0.0, 1.0] | Prob: 0.5956 | Attn: [0.277, 0.212, 0.252, 0.0, 0.259] | Ext: 9131.2ms | Inf: 9.5ms | Total: 9140.7ms
22:50:52 | Mask: [1.0, 1.0, 1.0, 0.0, 1.0] | Prob: 0.5957 | Attn: [0.277, 0.212, 0.252, 0.0, 0.259] | Ext: 9131.2ms | Inf: 8.6ms | Total: 9139.8ms
22:50:52 | Mask: [1.0, 1.0, 1.0, 0.0, 1.0] | Prob: 0.5958 | Attn: [0.277, 0.213, 0.252, 0.0, 0.259] | Ext: 9131.2ms | Inf: 10.2ms | Total: 9141.4ms
22:50:52 | Mask: [1.0, 1.0, 1.0, 0.0, 1.0] | Prob: 0.5958 | Attn: [0.277, 0.213, 0.252, 0.0, 0.259] | Ext: 9131.2ms | Inf: 9.7ms | Total: 9140.9ms
22:50:52 | Mask: [1.0, 1.0, 1.0, 0.0, 1.0] | Prob: 0.5958 | Attn: [0.277, 0.212, 0.252, 0.0, 0.259] | Ext: 9131.2ms | Inf: 9.7ms | Total: 9140.9ms
22:50:52 | Mask: [1.0, 1.0, 1.0, 0.0, 1.0] | Prob: 0.5959 | Attn: [0.277, 0.213, 0.252, 0.0, 0.259] | Ext: 9131.2ms | Inf: 8.6ms | Total: 9139.8ms
22:50:52 | Mask: [1.0, 1.0, 1.0, 0.0, 1.0] | Prob: 0.5960 | Attn: [0.277, 0.212, 0.252, 0.0, 0.259] | Ext: 9131.2ms | Inf: 8.0ms | Total: 9139.2ms
22:50:53 | Mask: [1.0, 1.0, 1.0, 0.0, 1.0] | Prob: 0.5960 | Attn: [0.277, 0.212, 0.252, 0.0, 0.259] | Ext: 9131.2ms | Inf: 9.1ms | Total: 9140.3ms
22:50:53 | Mask: [1.0, 1.0, 1.0, 0.0, 1.0] | Prob: 0.5962 | Attn: [0.277, 0.213, 0.252, 0.0, 0.258] | Ext: 9131.2ms | Inf: 8.4ms | Total: 9139.6ms
22:50:53 | Mask: [1.0, 1.0, 1.0, 0.0, 1.0] | Prob: 0.5962 | Attn: [0.277, 0.212, 0.252, 0.0, 0.259] | Ext: 9131.2ms | Inf: 8.8ms | Total: 9140.0ms
22:50:53 | Mask: [1.0, 1.0, 1.0, 0.0, 1.0] | Prob: 0.5962 | Attn: [0.277, 0.212, 0.252, 0.0, 0.259] | Ext: 9131.2ms | Inf: 13.2ms | Total: 9144.4ms
22:50:53 | Mask: [1.0, 1.0, 1.0, 0.0, 1.0] | Prob: 0.5961 | Attn: [0.277, 0.213, 0.252, 0.0, 0.259] | Ext: 9131.2ms | Inf: 9.0ms | Total: 9140.2ms
22:50:53 | Mask: [1.0, 1.0, 1.0, 0.0, 1.0] | Prob: 0.5889 | Attn: [0.25, 0.22, 0.261, 0.0, 0.268] | Ext: 52.1ms | Inf: 8.8ms | Total: 60.9ms
22:50:53 | Mask: [1.0, 1.0, 1.0, 0.0, 1.0] | Prob: 0.5837 | Attn: [0.25, 0.221, 0.261, 0.0, 0.268] | Ext: 52.1ms | Inf: 7.8ms | Total: 59.9ms
22:50:53 | Mask: [1.0, 1.0, 1.0, 0.0, 1.0] | Prob: 0.5801 | Attn: [0.25, 0.221, 0.261, 0.0, 0.268] | Ext: 52.1ms | Inf: 9.9ms | Total: 62.0ms
22:50:54 | Mask: [1.0, 1.0, 1.0, 0.0, 1.0] | Prob: 0.5776 | Attn: [0.25, 0.221, 0.261, 0.0, 0.268] | Ext: 52.1ms | Inf: 10.2ms | Total: 62.3ms
22:50:54 | Mask: [1.0, 1.0, 1.0, 0.0, 1.0] | Prob: 0.5757 | Attn: [0.25, 0.22, 0.261, 0.0, 0.269] | Ext: 52.1ms | Inf: 11.6ms | Total: 63.7ms
22:50:54 | Mask: [1.0, 1.0, 1.0, 0.0, 1.0] | Prob: 0.5745 | Attn: [0.25, 0.22, 0.261, 0.0, 0.269] | Ext: 52.1ms | Inf: 10.2ms | Total: 62.2ms
22:50:54 | Mask: [1.0, 1.0, 1.0, 0.0, 1.0] | Prob: 0.5736 | Attn: [0.25, 0.22, 0.261, 0.0, 0.269] | Ext: 52.1ms | Inf: 9.8ms | Total: 61.9ms
22:50:54 | Mask: [1.0, 1.0, 1.0, 0.0, 1.0] | Prob: 0.5730 | Attn: [0.25, 0.221, 0.261, 0.0, 0.268] | Ext: 52.1ms | Inf: 9.4ms | Total: 61.5ms
22:50:54 | Mask: [1.0, 1.0, 1.0, 0.0, 1.0] | Prob: 0.5726 | Attn: [0.25, 0.221, 0.261, 0.0, 0.268] | Ext: 52.1ms | Inf: 9.8ms | Total: 61.9ms
22:50:54 | Mask: [1.0, 1.0, 1.0, 0.0, 1.0] | Prob: 0.5634 | Attn: [0.269, 0.216, 0.254, 0.0, 0.261] | Ext: 52.1ms | Inf: 9.1ms | Total: 61.2ms
22:50:54 | Mask: [1.0, 1.0, 1.0, 0.0, 1.0] | Prob: 0.5569 | Attn: [0.27, 0.216, 0.254, 0.0, 0.261] | Ext: 52.1ms | Inf: 9.9ms | Total: 62.0ms
22:50:55 | Mask: [1.0, 1.0, 1.0, 0.0, 1.0] | Prob: 0.5524 | Attn: [0.27, 0.214, 0.254, 0.0, 0.261] | Ext: 52.1ms | Inf: 13.9ms | Total: 66.0ms
22:50:55 | Mask: [1.0, 1.0, 1.0, 0.0, 1.0] | Prob: 0.5492 | Attn: [0.27, 0.214, 0.254, 0.0, 0.262] | Ext: 52.1ms | Inf: 7.9ms | Total: 60.0ms
22:50:55 | Mask: [1.0, 1.0, 1.0, 0.0, 1.0] | Prob: 0.5471 | Attn: [0.27, 0.214, 0.254, 0.0, 0.262] | Ext: 52.1ms | Inf: 8.8ms | Total: 60.9ms
22:50:55 | Mask: [1.0, 1.0, 1.0, 0.0, 1.0] | Prob: 0.5457 | Attn: [0.27, 0.215, 0.254, 0.0, 0.261] | Ext: 52.1ms | Inf: 10.9ms | Total: 63.0ms
22:50:55 | Mask: [1.0, 1.0, 1.0, 0.0, 1.0] | Prob: 0.5447 | Attn: [0.27, 0.215, 0.254, 0.0, 0.261] | Ext: 52.1ms | Inf: 8.8ms | Total: 60.9ms
22:50:55 | Mask: [1.0, 1.0, 1.0, 0.0, 1.0] | Prob: 0.5441 | Attn: [0.27, 0.215, 0.254, 0.0, 0.261] | Ext: 52.1ms | Inf: 8.8ms | Total: 60.9ms
22:50:55 | Mask: [1.0, 1.0, 1.0, 0.0, 1.0] | Prob: 0.5437 | Attn: [0.27, 0.215, 0.254, 0.0, 0.261] | Ext: 52.1ms | Inf: 9.4ms | Total: 61.5ms
22:50:55 | Mask: [1.0, 1.0, 1.0, 0.0, 1.0] | Prob: 0.5434 | Attn: [0.27, 0.214, 0.254, 0.0, 0.261] | Ext: 52.1ms | Inf: 16.2ms | Total: 68.3ms
22:50:56 | Mask: [1.0, 1.0, 1.0, 0.0, 1.0] | Prob: 0.5433 | Attn: [0.27, 0.215, 0.254, 0.0, 0.261] | Ext: 52.1ms | Inf: 10.7ms | Total: 62.8ms
22:50:56 | Mask: [1.0, 1.0, 1.0, 0.0, 1.0] | Prob: 0.5432 | Attn: [0.27, 0.215, 0.254, 0.0, 0.261] | Ext: 52.1ms | Inf: 10.0ms | Total: 62.1ms
22:50:56 | Mask: [1.0, 1.0, 1.0, 0.0, 1.0] | Prob: 0.5431 | Attn: [0.27, 0.215, 0.254, 0.0, 0.261] | Ext: 52.1ms | Inf: 10.2ms | Total: 62.3ms
22:50:56 | Mask: [1.0, 1.0, 1.0, 0.0, 1.0] | Prob: 0.5430 | Attn: [0.27, 0.214, 0.254, 0.0, 0.261] | Ext: 52.1ms | Inf: 10.4ms | Total: 62.5ms
22:50:56 | Mask: [1.0, 1.0, 1.0, 0.0, 1.0] | Prob: 0.5275 | Attn: [0.374, 0.184, 0.218, 0.0, 0.224] | Ext: 68.2ms | Inf: 8.3ms | Total: 76.5ms
22:50:56 | Mask: [1.0, 1.0, 1.0, 0.0, 1.0] | Prob: 0.5167 | Attn: [0.374, 0.184, 0.218, 0.0, 0.224] | Ext: 68.2ms | Inf: 9.6ms | Total: 77.8ms
22:50:56 | Mask: [1.0, 1.0, 1.0, 0.0, 1.0] | Prob: 0.5090 | Attn: [0.374, 0.184, 0.218, 0.0, 0.224] | Ext: 68.2ms | Inf: 9.7ms | Total: 77.9ms
22:50:56 | Mask: [1.0, 1.0, 1.0, 0.0, 1.0] | Prob: 0.5037 | Attn: [0.374, 0.184, 0.218, 0.0, 0.224] | Ext: 68.2ms | Inf: 10.0ms | Total: 78.1ms
22:50:57 | Mask: [1.0, 1.0, 1.0, 0.0, 1.0] | Prob: 0.5000 | Attn: [0.374, 0.184, 0.218, 0.0, 0.224] | Ext: 68.2ms | Inf: 10.1ms | Total: 78.3ms
22:50:57 | Mask: [1.0, 1.0, 1.0, 0.0, 1.0] | Prob: 0.4973 | Attn: [0.374, 0.184, 0.218, 0.0, 0.224] | Ext: 68.2ms | Inf: 10.6ms | Total: 78.8ms
22:50:57 | Mask: [1.0, 1.0, 1.0, 0.0, 1.0] | Prob: 0.4954 | Attn: [0.374, 0.184, 0.218, 0.0, 0.224] | Ext: 68.2ms | Inf: 10.9ms | Total: 79.1ms
22:50:57 | Mask: [1.0, 1.0, 1.0, 0.0, 1.0] | Prob: 0.4941 | Attn: [0.374, 0.184, 0.218, 0.0, 0.224] | Ext: 68.2ms | Inf: 10.9ms | Total: 79.0ms
22:50:57 | Mask: [1.0, 1.0, 1.0, 0.0, 1.0] | Prob: 0.4931 | Attn: [0.374, 0.184, 0.218, 0.0, 0.224] | Ext: 68.2ms | Inf: 10.2ms | Total: 78.3ms
22:50:57 | Mask: [1.0, 1.0, 1.0, 0.0, 1.0] | Prob: 0.5109 | Attn: [0.401, 0.176, 0.208, 0.0, 0.214] | Ext: 68.2ms | Inf: 9.4ms | Total: 77.6ms
22:50:57 | Mask: [1.0, 1.0, 1.0, 0.0, 1.0] | Prob: 0.5234 | Attn: [0.401, 0.176, 0.208, 0.0, 0.214] | Ext: 68.2ms | Inf: 10.7ms | Total: 78.8ms
22:50:58 | Mask: [1.0, 1.0, 1.0, 0.0, 1.0] | Prob: 0.5322 | Attn: [0.401, 0.176, 0.208, 0.0, 0.214] | Ext: 68.2ms | Inf: 8.7ms | Total: 76.9ms
22:50:58 | Mask: [1.0, 1.0, 1.0, 0.0, 1.0] | Prob: 0.5383 | Attn: [0.401, 0.176, 0.208, 0.0, 0.214] | Ext: 68.2ms | Inf: 10.8ms | Total: 79.0ms
22:50:58 | Mask: [1.0, 1.0, 1.0, 0.0, 1.0] | Prob: 0.5426 | Attn: [0.402, 0.176, 0.209, 0.0, 0.214] | Ext: 68.2ms | Inf: 9.6ms | Total: 77.8ms
22:50:58 | Mask: [1.0, 1.0, 1.0, 0.0, 1.0] | Prob: 0.5457 | Attn: [0.401, 0.176, 0.208, 0.0, 0.214] | Ext: 68.2ms | Inf: 10.0ms | Total: 78.2ms
22:50:58 | Mask: [1.0, 1.0, 1.0, 0.0, 1.0] | Prob: 0.5479 | Attn: [0.401, 0.177, 0.208, 0.0, 0.214] | Ext: 68.2ms | Inf: 10.3ms | Total: 78.5ms
22:50:58 | Mask: [1.0, 1.0, 1.0, 0.0, 1.0] | Prob: 0.5494 | Attn: [0.401, 0.177, 0.208, 0.0, 0.214] | Ext: 68.2ms | Inf: 11.6ms | Total: 79.8ms
22:50:58 | Mask: [1.0, 1.0, 1.0, 0.0, 1.0] | Prob: 0.5506 | Attn: [0.401, 0.177, 0.208, 0.0, 0.214] | Ext: 68.2ms | Inf: 13.7ms | Total: 81.9ms
22:50:58 | Mask: [1.0, 1.0, 1.0, 0.0, 1.0] | Prob: 0.5513 | Attn: [0.401, 0.177, 0.208, 0.0, 0.214] | Ext: 68.2ms | Inf: 10.2ms | Total: 78.4ms
22:50:59 | Mask: [1.0, 1.0, 1.0, 0.0, 1.0] | Prob: 0.5519 | Attn: [0.401, 0.176, 0.208, 0.0, 0.214] | Ext: 68.2ms | Inf: 12.3ms | Total: 80.5ms
22:50:59 | Mask: [1.0, 1.0, 1.0, 0.0, 1.0] | Prob: 0.5521 | Attn: [0.402, 0.176, 0.209, 0.0, 0.214] | Ext: 68.2ms | Inf: 10.8ms | Total: 79.0ms
22:50:59 | Mask: [1.0, 1.0, 1.0, 0.0, 1.0] | Prob: 0.5522 | Attn: [0.402, 0.175, 0.209, 0.0, 0.214] | Ext: 68.2ms | Inf: 10.3ms | Total: 78.4ms
22:50:59 | Mask: [1.0, 1.0, 1.0, 0.0, 1.0] | Prob: 0.5523 | Attn: [0.402, 0.175, 0.209, 0.0, 0.214] | Ext: 68.2ms | Inf: 9.9ms | Total: 78.0ms
22:50:59 | Mask: [1.0, 1.0, 1.0, 0.0, 1.0] | Prob: 0.5637 | Attn: [0.411, 0.172, 0.205, 0.0, 0.211] | Ext: 69.9ms | Inf: 11.8ms | Total: 81.7ms
22:50:59 | Mask: [1.0, 1.0, 1.0, 0.0, 1.0] | Prob: 0.5716 | Attn: [0.411, 0.172, 0.205, 0.0, 0.211] | Ext: 69.9ms | Inf: 10.4ms | Total: 80.3ms
22:50:59 | Mask: [1.0, 1.0, 1.0, 0.0, 1.0] | Prob: 0.5772 | Attn: [0.411, 0.172, 0.205, 0.0, 0.211] | Ext: 69.9ms | Inf: 10.6ms | Total: 80.4ms
22:50:59 | Mask: [1.0, 1.0, 1.0, 0.0, 1.0] | Prob: 0.5812 | Attn: [0.411, 0.172, 0.205, 0.0, 0.211] | Ext: 69.9ms | Inf: 13.8ms | Total: 83.6ms
22:51:00 | Mask: [1.0, 1.0, 1.0, 0.0, 1.0] | Prob: 0.5840 | Attn: [0.411, 0.172, 0.205, 0.0, 0.211] | Ext: 69.9ms | Inf: 9.6ms | Total: 79.5ms
22:51:00 | Mask: [1.0, 1.0, 1.0, 0.0, 1.0] | Prob: 0.5860 | Attn: [0.411, 0.173, 0.205, 0.0, 0.211] | Ext: 69.9ms | Inf: 10.6ms | Total: 80.4ms
22:51:00 | Mask: [1.0, 1.0, 1.0, 0.0, 1.0] | Prob: 0.5874 | Attn: [0.411, 0.173, 0.205, 0.0, 0.211] | Ext: 69.9ms | Inf: 8.9ms | Total: 78.7ms
22:51:00 | Mask: [1.0, 1.0, 1.0, 0.0, 1.0] | Prob: 0.5884 | Attn: [0.411, 0.173, 0.205, 0.0, 0.211] | Ext: 69.9ms | Inf: 10.3ms | Total: 80.2ms
22:51:00 | Mask: [1.0, 1.0, 1.0, 0.0, 1.0] | Prob: 0.5890 | Attn: [0.411, 0.173, 0.205, 0.0, 0.211] | Ext: 69.9ms | Inf: 11.7ms | Total: 81.6ms
22:51:00 | Mask: [1.0, 1.0, 1.0, 0.0, 1.0] | Prob: 0.5825 | Attn: [0.376, 0.184, 0.217, 0.0, 0.223] | Ext: 69.9ms | Inf: 10.1ms | Total: 80.0ms
22:51:00 | Mask: [1.0, 1.0, 1.0, 0.0, 1.0] | Prob: 0.5778 | Attn: [0.376, 0.183, 0.217, 0.0, 0.224] | Ext: 69.9ms | Inf: 10.6ms | Total: 80.5ms
22:51:00 | Mask: [1.0, 1.0, 1.0, 0.0, 1.0] | Prob: 0.5746 | Attn: [0.376, 0.183, 0.217, 0.0, 0.223] | Ext: 69.9ms | Inf: 9.6ms | Total: 79.4ms
22:51:01 | Mask: [1.0, 1.0, 1.0, 0.0, 1.0] | Prob: 0.5722 | Attn: [0.376, 0.183, 0.217, 0.0, 0.224] | Ext: 69.9ms | Inf: 9.3ms | Total: 79.1ms
22:51:01 | Mask: [1.0, 1.0, 1.0, 0.0, 1.0] | Prob: 0.5707 | Attn: [0.376, 0.183, 0.217, 0.0, 0.224] | Ext: 69.9ms | Inf: 9.5ms | Total: 79.4ms
22:51:01 | Mask: [1.0, 1.0, 1.0, 0.0, 1.0] | Prob: 0.5695 | Attn: [0.376, 0.183, 0.217, 0.0, 0.224] | Ext: 69.9ms | Inf: 9.4ms | Total: 79.3ms
22:51:01 | Mask: [1.0, 1.0, 1.0, 0.0, 1.0] | Prob: 0.5688 | Attn: [0.376, 0.183, 0.217, 0.0, 0.224] | Ext: 69.9ms | Inf: 8.2ms | Total: 78.0ms
22:51:01 | Mask: [1.0, 1.0, 1.0, 0.0, 1.0] | Prob: 0.5682 | Attn: [0.376, 0.184, 0.217, 0.0, 0.223] | Ext: 69.9ms | Inf: 11.1ms | Total: 80.9ms
22:51:01 | Mask: [1.0, 1.0, 1.0, 0.0, 1.0] | Prob: 0.5678 | Attn: [0.376, 0.183, 0.217, 0.0, 0.224] | Ext: 69.9ms | Inf: 11.1ms | Total: 81.0ms
22:51:01 | Mask: [1.0, 1.0, 1.0, 0.0, 1.0] | Prob: 0.5675 | Attn: [0.376, 0.183, 0.217, 0.0, 0.223] | Ext: 69.9ms | Inf: 9.7ms | Total: 79.5ms
22:51:01 | Mask: [1.0, 1.0, 1.0, 0.0, 1.0] | Prob: 0.5673 | Attn: [0.376, 0.183, 0.217, 0.0, 0.224] | Ext: 69.9ms | Inf: 10.5ms | Total: 80.4ms
22:51:02 | Mask: [1.0, 1.0, 1.0, 0.0, 1.0] | Prob: 0.5672 | Attn: [0.376, 0.183, 0.217, 0.0, 0.224] | Ext: 69.9ms | Inf: 9.2ms | Total: 79.1ms
22:51:02 | Mask: [1.0, 1.0, 1.0, 0.0, 1.0] | Prob: 0.5671 | Attn: [0.376, 0.182, 0.218, 0.0, 0.224] | Ext: 69.9ms | Inf: 9.9ms | Total: 79.8ms
22:51:02 | Mask: [1.0, 1.0, 1.0, 0.0, 1.0] | Prob: 0.5670 | Attn: [0.376, 0.182, 0.218, 0.0, 0.224] | Ext: 69.9ms | Inf: 10.8ms | Total: 80.6ms
22:51:02 | Mask: [1.0, 1.0, 1.0, 0.0, 1.0] | Prob: 0.5670 | Attn: [0.376, 0.183, 0.217, 0.0, 0.224] | Ext: 69.9ms | Inf: 12.0ms | Total: 81.8ms
22:51:02 | Mask: [1.0, 1.0, 1.0, 0.0, 1.0] | Prob: 0.5289 | Attn: [0.227, 0.227, 0.269, 0.0, 0.277] | Ext: 52.9ms | Inf: 9.3ms | Total: 62.2ms
22:51:02 | Mask: [1.0, 1.0, 1.0, 0.0, 1.0] | Prob: 0.5021 | Attn: [0.227, 0.226, 0.27, 0.0, 0.277] | Ext: 52.9ms | Inf: 10.2ms | Total: 63.0ms
22:51:02 | Mask: [1.0, 1.0, 1.0, 0.0, 1.0] | Prob: 0.4834 | Attn: [0.227, 0.227, 0.27, 0.0, 0.277] | Ext: 52.9ms | Inf: 9.9ms | Total: 62.8ms
22:51:02 | Mask: [1.0, 1.0, 1.0, 0.0, 1.0] | Prob: 0.4702 | Attn: [0.227, 0.226, 0.27, 0.0, 0.277] | Ext: 52.9ms | Inf: 9.4ms | Total: 62.3ms
22:51:03 | Mask: [1.0, 1.0, 1.0, 0.0, 1.0] | Prob: 0.4609 | Attn: [0.227, 0.226, 0.27, 0.0, 0.277] | Ext: 52.9ms | Inf: 8.3ms | Total: 61.2ms
22:51:03 | Mask: [1.0, 1.0, 1.0, 0.0, 1.0] | Prob: 0.4546 | Attn: [0.227, 0.227, 0.27, 0.0, 0.277] | Ext: 52.9ms | Inf: 7.9ms | Total: 60.7ms
22:51:03 | Mask: [1.0, 1.0, 1.0, 0.0, 1.0] | Prob: 0.4500 | Attn: [0.227, 0.226, 0.27, 0.0, 0.278] | Ext: 52.9ms | Inf: 10.8ms | Total: 63.7ms
22:51:03 | Mask: [1.0, 1.0, 1.0, 0.0, 1.0] | Prob: 0.4469 | Attn: [0.227, 0.226, 0.27, 0.0, 0.277] | Ext: 52.9ms | Inf: 8.6ms | Total: 61.5ms
22:51:03 | Mask: [1.0, 1.0, 1.0, 0.0, 1.0] | Prob: 0.4446 | Attn: [0.227, 0.225, 0.27, 0.0, 0.278] | Ext: 52.9ms | Inf: 9.9ms | Total: 62.8ms
22:51:03 | Mask: [1.0, 1.0, 1.0, 0.0, 1.0] | Prob: 0.4400 | Attn: [0.173, 0.241, 0.289, 0.0, 0.297] | Ext: 52.9ms | Inf: 12.8ms | Total: 65.7ms
22:51:03 | Mask: [1.0, 1.0, 1.0, 0.0, 1.0] | Prob: 0.4367 | Attn: [0.173, 0.241, 0.289, 0.0, 0.297] | Ext: 52.9ms | Inf: 9.9ms | Total: 62.8ms
22:51:03 | Mask: [1.0, 1.0, 1.0, 0.0, 1.0] | Prob: 0.4345 | Attn: [0.173, 0.241, 0.289, 0.0, 0.297] | Ext: 52.9ms | Inf: 10.3ms | Total: 63.2ms
22:51:04 | Mask: [1.0, 1.0, 1.0, 0.0, 1.0] | Prob: 0.4330 | Attn: [0.172, 0.242, 0.289, 0.0, 0.297] | Ext: 52.9ms | Inf: 11.3ms | Total: 64.2ms
22:51:04 | Mask: [1.0, 1.0, 1.0, 0.0, 1.0] | Prob: 0.4318 | Attn: [0.172, 0.241, 0.289, 0.0, 0.297] | Ext: 52.9ms | Inf: 10.0ms | Total: 62.8ms
22:51:04 | Mask: [1.0, 1.0, 1.0, 0.0, 1.0] | Prob: 0.4311 | Attn: [0.172, 0.242, 0.289, 0.0, 0.297] | Ext: 52.9ms | Inf: 10.4ms | Total: 63.3ms
22:51:04 | Mask: [1.0, 1.0, 1.0, 0.0, 1.0] | Prob: 0.4306 | Attn: [0.172, 0.242, 0.289, 0.0, 0.297] | Ext: 52.9ms | Inf: 9.3ms | Total: 62.2ms
22:51:04 | Mask: [1.0, 1.0, 1.0, 0.0, 1.0] | Prob: 0.4302 | Attn: [0.172, 0.242, 0.289, 0.0, 0.297] | Ext: 52.9ms | Inf: 9.9ms | Total: 62.7ms
22:51:04 | Mask: [1.0, 1.0, 1.0, 0.0, 1.0] | Prob: 0.4299 | Attn: [0.172, 0.242, 0.289, 0.0, 0.297] | Ext: 52.9ms | Inf: 8.9ms | Total: 61.8ms
22:51:04 | Mask: [1.0, 1.0, 1.0, 0.0, 1.0] | Prob: 0.4297 | Attn: [0.172, 0.242, 0.289, 0.0, 0.297] | Ext: 52.9ms | Inf: 10.0ms | Total: 62.9ms
22:51:04 | Mask: [1.0, 1.0, 1.0, 0.0, 1.0] | Prob: 0.4295 | Attn: [0.172, 0.242, 0.289, 0.0, 0.297] | Ext: 52.9ms | Inf: 11.3ms | Total: 64.2ms
22:51:05 | Mask: [1.0, 1.0, 1.0, 0.0, 1.0] | Prob: 0.4295 | Attn: [0.172, 0.243, 0.289, 0.0, 0.297] | Ext: 52.9ms | Inf: 10.0ms | Total: 62.8ms
22:51:05 | Mask: [1.0, 1.0, 1.0, 0.0, 1.0] | Prob: 0.4296 | Attn: [0.172, 0.242, 0.289, 0.0, 0.297] | Ext: 52.9ms | Inf: 9.3ms | Total: 62.1ms
22:51:05 | Mask: [1.0, 1.0, 1.0, 0.0, 1.0] | Prob: 0.4295 | Attn: [0.172, 0.242, 0.289, 0.0, 0.297] | Ext: 52.9ms | Inf: 9.3ms | Total: 62.1ms
22:51:05 | Mask: [1.0, 1.0, 1.0, 0.0, 1.0] | Prob: 0.4424 | Attn: [0.289, 0.207, 0.248, 0.0, 0.255] | Ext: 64.8ms | Inf: 10.2ms | Total: 75.0ms
22:51:05 | Mask: [1.0, 1.0, 1.0, 0.0, 1.0] | Prob: 0.4515 | Attn: [0.289, 0.207, 0.248, 0.0, 0.255] | Ext: 64.8ms | Inf: 10.4ms | Total: 75.2ms
22:51:05 | Mask: [1.0, 1.0, 1.0, 0.0, 1.0] | Prob: 0.4578 | Attn: [0.289, 0.207, 0.248, 0.0, 0.256] | Ext: 64.8ms | Inf: 11.5ms | Total: 76.3ms
22:51:05 | Mask: [1.0, 1.0, 1.0, 0.0, 1.0] | Prob: 0.4623 | Attn: [0.289, 0.207, 0.248, 0.0, 0.256] | Ext: 64.8ms | Inf: 10.5ms | Total: 75.3ms
22:51:05 | Mask: [1.0, 1.0, 1.0, 0.0, 1.0] | Prob: 0.4654 | Attn: [0.289, 0.207, 0.248, 0.0, 0.256] | Ext: 64.8ms | Inf: 9.5ms | Total: 74.3ms
22:51:06 | Mask: [1.0, 1.0, 1.0, 0.0, 1.0] | Prob: 0.4676 | Attn: [0.289, 0.207, 0.248, 0.0, 0.256] | Ext: 64.8ms | Inf: 10.0ms | Total: 74.8ms
22:51:06 | Mask: [1.0, 1.0, 1.0, 0.0, 1.0] | Prob: 0.4691 | Attn: [0.289, 0.207, 0.248, 0.0, 0.255] | Ext: 64.8ms | Inf: 10.5ms | Total: 75.3ms
22:51:06 | Mask: [1.0, 1.0, 1.0, 0.0, 1.0] | Prob: 0.4702 | Attn: [0.289, 0.207, 0.248, 0.0, 0.255] | Ext: 64.8ms | Inf: 10.2ms | Total: 75.0ms
22:51:06 | Mask: [1.0, 1.0, 1.0, 0.0, 1.0] | Prob: 0.4709 | Attn: [0.289, 0.207, 0.248, 0.0, 0.256] | Ext: 64.8ms | Inf: 10.8ms | Total: 75.6ms
22:51:06 | Mask: [1.0, 1.0, 1.0, 0.0, 1.0] | Prob: 0.4884 | Attn: [0.362, 0.186, 0.223, 0.0, 0.229] | Ext: 64.8ms | Inf: 10.4ms | Total: 75.3ms
22:51:06 | Mask: [1.0, 1.0, 1.0, 0.0, 1.0] | Prob: 0.5007 | Attn: [0.362, 0.186, 0.223, 0.0, 0.229] | Ext: 64.8ms | Inf: 10.2ms | Total: 75.1ms
22:51:06 | Mask: [1.0, 1.0, 1.0, 0.0, 1.0] | Prob: 0.5094 | Attn: [0.362, 0.186, 0.223, 0.0, 0.229] | Ext: 64.8ms | Inf: 9.7ms | Total: 74.5ms
22:51:06 | Mask: [1.0, 1.0, 1.0, 0.0, 1.0] | Prob: 0.5155 | Attn: [0.362, 0.186, 0.223, 0.0, 0.229] | Ext: 64.8ms | Inf: 10.1ms | Total: 75.0ms
22:51:07 | Mask: [1.0, 1.0, 1.0, 0.0, 1.0] | Prob: 0.5199 | Attn: [0.362, 0.187, 0.222, 0.0, 0.229] | Ext: 64.8ms | Inf: 10.2ms | Total: 75.1ms
22:51:07 | Mask: [1.0, 1.0, 1.0, 0.0, 1.0] | Prob: 0.5229 | Attn: [0.362, 0.186, 0.223, 0.0, 0.229] | Ext: 64.8ms | Inf: 9.8ms | Total: 74.6ms
22:51:07 | Mask: [1.0, 1.0, 1.0, 0.0, 1.0] | Prob: 0.5249 | Attn: [0.362, 0.186, 0.223, 0.0, 0.229] | Ext: 64.8ms | Inf: 10.0ms | Total: 74.8ms
22:51:07 | Mask: [1.0, 1.0, 1.0, 0.0, 1.0] | Prob: 0.5264 | Attn: [0.362, 0.187, 0.222, 0.0, 0.229] | Ext: 64.8ms | Inf: 10.2ms | Total: 75.0ms
22:51:07 | Mask: [1.0, 1.0, 1.0, 0.0, 1.0] | Prob: 0.5274 | Attn: [0.362, 0.186, 0.223, 0.0, 0.229] | Ext: 64.8ms | Inf: 11.4ms | Total: 76.2ms
22:51:07 | Mask: [1.0, 1.0, 1.0, 0.0, 1.0] | Prob: 0.5280 | Attn: [0.362, 0.186, 0.223, 0.0, 0.229] | Ext: 64.8ms | Inf: 9.3ms | Total: 74.1ms
22:51:07 | Mask: [1.0, 1.0, 1.0, 0.0, 1.0] | Prob: 0.5285 | Attn: [0.362, 0.186, 0.223, 0.0, 0.229] | Ext: 64.8ms | Inf: 9.2ms | Total: 74.1ms
22:51:07 | Mask: [1.0, 1.0, 1.0, 0.0, 1.0] | Prob: 0.5288 | Attn: [0.362, 0.186, 0.223, 0.0, 0.229] | Ext: 64.8ms | Inf: 9.1ms | Total: 73.9ms
22:51:08 | Mask: [1.0, 1.0, 1.0, 0.0, 1.0] | Prob: 0.5291 | Attn: [0.362, 0.186, 0.223, 0.0, 0.229] | Ext: 64.8ms | Inf: 8.9ms | Total: 73.7ms
22:51:08 | Mask: [1.0, 1.0, 1.0, 0.0, 1.0] | Prob: 0.5293 | Attn: [0.362, 0.186, 0.223, 0.0, 0.229] | Ext: 64.8ms | Inf: 9.6ms | Total: 74.4ms
22:51:08 | Mask: [1.0, 1.0, 1.0, 0.0, 1.0] | Prob: 0.5294 | Attn: [0.362, 0.186, 0.223, 0.0, 0.229] | Ext: 64.8ms | Inf: 10.9ms | Total: 75.7ms
22:51:08 | Mask: [1.0, 1.0, 1.0, 0.0, 1.0] | Prob: 0.5408 | Attn: [0.218, 0.228, 0.273, 0.0, 0.281] | Ext: 64.9ms | Inf: 9.5ms | Total: 74.4ms
22:51:08 | Mask: [1.0, 1.0, 1.0, 0.0, 1.0] | Prob: 0.5488 | Attn: [0.218, 0.227, 0.273, 0.0, 0.281] | Ext: 64.9ms | Inf: 10.6ms | Total: 75.5ms
22:51:08 | Mask: [1.0, 1.0, 1.0, 0.0, 1.0] | Prob: 0.5544 | Attn: [0.218, 0.227, 0.273, 0.0, 0.281] | Ext: 64.9ms | Inf: 8.8ms | Total: 73.7ms
22:51:08 | Mask: [1.0, 1.0, 1.0, 0.0, 1.0] | Prob: 0.5584 | Attn: [0.218, 0.228, 0.273, 0.0, 0.281] | Ext: 64.9ms | Inf: 9.9ms | Total: 74.9ms
22:51:08 | Mask: [1.0, 1.0, 1.0, 0.0, 1.0] | Prob: 0.5611 | Attn: [0.218, 0.228, 0.273, 0.0, 0.281] | Ext: 64.9ms | Inf: 10.4ms | Total: 75.3ms
22:51:09 | Mask: [1.0, 1.0, 1.0, 0.0, 1.0] | Prob: 0.5631 | Attn: [0.218, 0.228, 0.273, 0.0, 0.281] | Ext: 64.9ms | Inf: 10.3ms | Total: 75.3ms
22:51:09 | Mask: [1.0, 1.0, 1.0, 0.0, 1.0] | Prob: 0.5644 | Attn: [0.218, 0.228, 0.273, 0.0, 0.281] | Ext: 64.9ms | Inf: 9.3ms | Total: 74.2ms
22:51:09 | Mask: [1.0, 1.0, 1.0, 0.0, 1.0] | Prob: 0.5653 | Attn: [0.218, 0.228, 0.273, 0.0, 0.281] | Ext: 64.9ms | Inf: 9.7ms | Total: 74.6ms
22:51:09 | Mask: [1.0, 1.0, 1.0, 0.0, 1.0] | Prob: 0.5660 | Attn: [0.218, 0.228, 0.273, 0.0, 0.281] | Ext: 64.9ms | Inf: 9.6ms | Total: 74.6ms
22:51:09 | Mask: [1.0, 1.0, 1.0, 0.0, 1.0] | Prob: 0.5756 | Attn: [0.229, 0.225, 0.269, 0.0, 0.277] | Ext: 64.9ms | Inf: 8.4ms | Total: 73.4ms
22:51:09 | Mask: [1.0, 1.0, 1.0, 0.0, 1.0] | Prob: 0.5823 | Attn: [0.229, 0.225, 0.269, 0.0, 0.277] | Ext: 64.9ms | Inf: 11.4ms | Total: 76.4ms
22:51:09 | Mask: [1.0, 1.0, 1.0, 0.0, 1.0] | Prob: 0.5870 | Attn: [0.229, 0.225, 0.269, 0.0, 0.277] | Ext: 64.9ms | Inf: 15.9ms | Total: 80.8ms
22:51:09 | Mask: [1.0, 1.0, 1.0, 0.0, 1.0] | Prob: 0.5904 | Attn: [0.229, 0.225, 0.269, 0.0, 0.277] | Ext: 64.9ms | Inf: 12.7ms | Total: 77.7ms
22:51:10 | Mask: [1.0, 1.0, 1.0, 0.0, 1.0] | Prob: 0.5928 | Attn: [0.228, 0.226, 0.269, 0.0, 0.277] | Ext: 64.9ms | Inf: 9.2ms | Total: 74.2ms
22:51:10 | Mask: [1.0, 1.0, 1.0, 0.0, 1.0] | Prob: 0.5945 | Attn: [0.228, 0.226, 0.269, 0.0, 0.277] | Ext: 64.9ms | Inf: 10.7ms | Total: 75.6ms
22:51:10 | Mask: [1.0, 1.0, 1.0, 0.0, 1.0] | Prob: 0.5955 | Attn: [0.229, 0.225, 0.269, 0.0, 0.277] | Ext: 64.9ms | Inf: 10.1ms | Total: 75.1ms
22:51:10 | Mask: [1.0, 1.0, 1.0, 0.0, 1.0] | Prob: 0.5963 | Attn: [0.229, 0.226, 0.269, 0.0, 0.277] | Ext: 64.9ms | Inf: 10.5ms | Total: 75.4ms
22:51:10 | Mask: [1.0, 1.0, 1.0, 0.0, 1.0] | Prob: 0.5969 | Attn: [0.229, 0.226, 0.269, 0.0, 0.277] | Ext: 64.9ms | Inf: 10.4ms | Total: 75.3ms
22:51:10 | Mask: [1.0, 1.0, 1.0, 0.0, 1.0] | Prob: 0.5974 | Attn: [0.229, 0.226, 0.269, 0.0, 0.277] | Ext: 64.9ms | Inf: 9.4ms | Total: 74.3ms
22:51:10 | Mask: [1.0, 1.0, 1.0, 0.0, 1.0] | Prob: 0.5977 | Attn: [0.229, 0.225, 0.269, 0.0, 0.277] | Ext: 64.9ms | Inf: 10.1ms | Total: 75.0ms
22:51:10 | Mask: [1.0, 1.0, 1.0, 0.0, 1.0] | Prob: 0.5978 | Attn: [0.229, 0.225, 0.269, 0.0, 0.277] | Ext: 64.9ms | Inf: 9.5ms | Total: 74.4ms
22:51:11 | Mask: [1.0, 1.0, 1.0, 0.0, 1.0] | Prob: 0.5979 | Attn: [0.228, 0.227, 0.269, 0.0, 0.276] | Ext: 64.9ms | Inf: 9.2ms | Total: 74.1ms
22:51:11 | Mask: [1.0, 1.0, 1.0, 0.0, 1.0] | Prob: 0.5980 | Attn: [0.228, 0.226, 0.269, 0.0, 0.276] | Ext: 64.9ms | Inf: 8.5ms | Total: 73.5ms
22:51:11 | Mask: [1.0, 1.0, 1.0, 0.0, 1.0] | Prob: 0.5975 | Attn: [0.395, 0.177, 0.211, 0.0, 0.217] | Ext: 58.3ms | Inf: 10.0ms | Total: 68.3ms
22:51:11 | Mask: [1.0, 1.0, 1.0, 0.0, 1.0] | Prob: 0.5971 | Attn: [0.395, 0.178, 0.211, 0.0, 0.217] | Ext: 58.3ms | Inf: 11.2ms | Total: 69.5ms
22:51:11 | Mask: [1.0, 1.0, 1.0, 0.0, 1.0] | Prob: 0.5968 | Attn: [0.395, 0.177, 0.211, 0.0, 0.217] | Ext: 58.3ms | Inf: 8.6ms | Total: 66.9ms
22:51:11 | Mask: [1.0, 1.0, 1.0, 0.0, 1.0] | Prob: 0.5967 | Attn: [0.395, 0.177, 0.211, 0.0, 0.217] | Ext: 58.3ms | Inf: 17.7ms | Total: 76.0ms
22:51:11 | Mask: [1.0, 1.0, 1.0, 0.0, 1.0] | Prob: 0.5965 | Attn: [0.395, 0.177, 0.211, 0.0, 0.217] | Ext: 58.3ms | Inf: 11.6ms | Total: 69.8ms
22:51:11 | Mask: [1.0, 1.0, 1.0, 0.0, 1.0] | Prob: 0.5964 | Attn: [0.395, 0.177, 0.211, 0.0, 0.217] | Ext: 58.3ms | Inf: 11.3ms | Total: 69.5ms
22:51:12 | Mask: [1.0, 1.0, 1.0, 0.0, 1.0] | Prob: 0.5963 | Attn: [0.395, 0.177, 0.211, 0.0, 0.217] | Ext: 58.3ms | Inf: 10.5ms | Total: 68.8ms
22:51:12 | Mask: [1.0, 1.0, 1.0, 0.0, 1.0] | Prob: 0.5963 | Attn: [0.395, 0.177, 0.211, 0.0, 0.217] | Ext: 58.3ms | Inf: 13.9ms | Total: 72.1ms
22:51:12 | Mask: [1.0, 1.0, 1.0, 0.0, 1.0] | Prob: 0.5962 | Attn: [0.395, 0.177, 0.211, 0.0, 0.217] | Ext: 58.3ms | Inf: 8.4ms | Total: 66.7ms
22:51:12 | Mask: [1.0, 1.0, 1.0, 0.0, 1.0] | Prob: 0.5872 | Attn: [0.357, 0.188, 0.224, 0.0, 0.231] | Ext: 58.3ms | Inf: 9.4ms | Total: 67.7ms
22:51:12 | Mask: [1.0, 1.0, 1.0, 0.0, 1.0] | Prob: 0.5810 | Attn: [0.357, 0.188, 0.224, 0.0, 0.231] | Ext: 58.3ms | Inf: 12.4ms | Total: 70.6ms
22:51:12 | Mask: [1.0, 1.0, 1.0, 0.0, 1.0] | Prob: 0.5766 | Attn: [0.357, 0.188, 0.224, 0.0, 0.231] | Ext: 58.3ms | Inf: 10.4ms | Total: 68.7ms
22:51:12 | Mask: [1.0, 1.0, 1.0, 0.0, 1.0] | Prob: 0.5735 | Attn: [0.357, 0.188, 0.224, 0.0, 0.231] | Ext: 58.3ms | Inf: 11.5ms | Total: 69.8ms
22:51:13 | Mask: [1.0, 1.0, 1.0, 0.0, 1.0] | Prob: 0.5714 | Attn: [0.357, 0.188, 0.224, 0.0, 0.231] | Ext: 58.3ms | Inf: 10.4ms | Total: 68.7ms
22:51:13 | Mask: [1.0, 1.0, 1.0, 0.0, 1.0] | Prob: 0.5699 | Attn: [0.357, 0.188, 0.224, 0.0, 0.231] | Ext: 58.3ms | Inf: 10.1ms | Total: 68.4ms
22:51:13 | Mask: [1.0, 1.0, 1.0, 0.0, 1.0] | Prob: 0.5688 | Attn: [0.357, 0.188, 0.224, 0.0, 0.231] | Ext: 58.3ms | Inf: 10.2ms | Total: 68.4ms
22:51:13 | Mask: [1.0, 1.0, 1.0, 0.0, 1.0] | Prob: 0.5681 | Attn: [0.357, 0.188, 0.224, 0.0, 0.231] | Ext: 58.3ms | Inf: 10.5ms | Total: 68.7ms
22:51:13 | Mask: [1.0, 1.0, 1.0, 0.0, 1.0] | Prob: 0.5676 | Attn: [0.357, 0.187, 0.224, 0.0, 0.231] | Ext: 58.3ms | Inf: 9.1ms | Total: 67.4ms
22:51:13 | Mask: [1.0, 1.0, 1.0, 0.0, 1.0] | Prob: 0.5672 | Attn: [0.357, 0.188, 0.224, 0.0, 0.231] | Ext: 58.3ms | Inf: 9.2ms | Total: 67.4ms
22:51:13 | Mask: [1.0, 1.0, 1.0, 0.0, 1.0] | Prob: 0.5669 | Attn: [0.357, 0.188, 0.224, 0.0, 0.231] | Ext: 58.3ms | Inf: 10.3ms | Total: 68.6ms
22:51:13 | Mask: [1.0, 1.0, 1.0, 0.0, 1.0] | Prob: 0.5668 | Attn: [0.357, 0.187, 0.225, 0.0, 0.231] | Ext: 58.3ms | Inf: 8.5ms | Total: 66.8ms
22:51:14 | Mask: [1.0, 1.0, 1.0, 0.0, 1.0] | Prob: 0.5666 | Attn: [0.357, 0.187, 0.225, 0.0, 0.231] | Ext: 58.3ms | Inf: 10.0ms | Total: 68.3ms
22:51:14 | Mask: [1.0, 1.0, 1.0, 0.0, 1.0] | Prob: 0.5666 | Attn: [0.357, 0.187, 0.224, 0.0, 0.231] | Ext: 58.3ms | Inf: 12.8ms | Total: 71.1ms
22:51:14 | Mask: [1.0, 1.0, 1.0, 0.0, 1.0] | Prob: 0.5643 | Attn: [0.378, 0.182, 0.217, 0.0, 0.224] | Ext: 112.1ms | Inf: 9.9ms | Total: 121.9ms
22:51:14 | Mask: [1.0, 1.0, 1.0, 0.0, 1.0] | Prob: 0.5627 | Attn: [0.378, 0.181, 0.217, 0.0, 0.224] | Ext: 112.1ms | Inf: 16.7ms | Total: 128.8ms
22:51:14 | Mask: [1.0, 1.0, 1.0, 0.0, 1.0] | Prob: 0.5617 | Attn: [0.377, 0.182, 0.217, 0.0, 0.224] | Ext: 112.1ms | Inf: 9.2ms | Total: 121.3ms
22:51:14 | Mask: [1.0, 1.0, 1.0, 0.0, 1.0] | Prob: 0.5609 | Attn: [0.377, 0.182, 0.217, 0.0, 0.223] | Ext: 112.1ms | Inf: 9.6ms | Total: 121.7ms
22:51:14 | Mask: [1.0, 1.0, 1.0, 0.0, 1.0] | Prob: 0.5604 | Attn: [0.377, 0.183, 0.217, 0.0, 0.223] | Ext: 112.1ms | Inf: 9.1ms | Total: 121.1ms
22:51:14 | Mask: [1.0, 1.0, 1.0, 0.0, 1.0] | Prob: 0.5599 | Attn: [0.378, 0.181, 0.217, 0.0, 0.224] | Ext: 112.1ms | Inf: 8.9ms | Total: 121.0ms
22:51:15 | Mask: [1.0, 1.0, 1.0, 0.0, 1.0] | Prob: 0.5596 | Attn: [0.378, 0.181, 0.217, 0.0, 0.224] | Ext: 112.1ms | Inf: 9.5ms | Total: 121.6ms
22:51:15 | Mask: [1.0, 1.0, 1.0, 0.0, 1.0] | Prob: 0.5594 | Attn: [0.378, 0.182, 0.217, 0.0, 0.224] | Ext: 112.1ms | Inf: 9.3ms | Total: 121.4ms
22:51:15 | Mask: [1.0, 1.0, 1.0, 0.0, 1.0] | Prob: 0.5593 | Attn: [0.377, 0.182, 0.217, 0.0, 0.223] | Ext: 112.1ms | Inf: 9.9ms | Total: 122.0ms
22:51:15 | Mask: [1.0, 1.0, 1.0, 0.0, 1.0] | Prob: 0.5485 | Attn: [0.253, 0.218, 0.261, 0.0, 0.268] | Ext: 112.1ms | Inf: 10.2ms | Total: 122.3ms
22:51:15 | Mask: [1.0, 1.0, 1.0, 0.0, 1.0] | Prob: 0.5410 | Attn: [0.253, 0.218, 0.261, 0.0, 0.268] | Ext: 112.1ms | Inf: 10.2ms | Total: 122.2ms
22:51:15 | Mask: [1.0, 1.0, 1.0, 0.0, 1.0] | Prob: 0.5358 | Attn: [0.253, 0.218, 0.261, 0.0, 0.268] | Ext: 112.1ms | Inf: 10.0ms | Total: 122.0ms
22:51:15 | Mask: [1.0, 1.0, 1.0, 0.0, 1.0] | Prob: 0.5321 | Attn: [0.253, 0.218, 0.261, 0.0, 0.268] | Ext: 112.1ms | Inf: 10.6ms | Total: 122.7ms
22:51:15 | Mask: [1.0, 1.0, 1.0, 0.0, 1.0] | Prob: 0.5295 | Attn: [0.253, 0.218, 0.261, 0.0, 0.268] | Ext: 112.1ms | Inf: 12.0ms | Total: 124.0ms
22:51:16 | Mask: [1.0, 1.0, 1.0, 0.0, 1.0] | Prob: 0.5277 | Attn: [0.253, 0.218, 0.261, 0.0, 0.268] | Ext: 112.1ms | Inf: 10.4ms | Total: 122.5ms
22:51:16 | Mask: [1.0, 1.0, 1.0, 0.0, 1.0] | Prob: 0.5264 | Attn: [0.253, 0.218, 0.261, 0.0, 0.268] | Ext: 112.1ms | Inf: 11.7ms | Total: 123.7ms
22:51:16 | Mask: [1.0, 1.0, 1.0, 0.0, 1.0] | Prob: 0.5256 | Attn: [0.253, 0.219, 0.26, 0.0, 0.268] | Ext: 112.1ms | Inf: 12.4ms | Total: 124.4ms
22:51:16 | Mask: [1.0, 1.0, 1.0, 0.0, 1.0] | Prob: 0.5249 | Attn: [0.253, 0.219, 0.26, 0.0, 0.268] | Ext: 112.1ms | Inf: 9.8ms | Total: 121.9ms
22:51:16 | Mask: [1.0, 1.0, 1.0, 0.0, 1.0] | Prob: 0.5244 | Attn: [0.253, 0.218, 0.261, 0.0, 0.268] | Ext: 112.1ms | Inf: 8.1ms | Total: 120.2ms
22:51:16 | Mask: [1.0, 1.0, 1.0, 0.0, 1.0] | Prob: 0.5241 | Attn: [0.253, 0.219, 0.26, 0.0, 0.268] | Ext: 112.1ms | Inf: 9.9ms | Total: 121.9ms
22:51:16 | Mask: [1.0, 1.0, 1.0, 0.0, 1.0] | Prob: 0.5239 | Attn: [0.253, 0.219, 0.26, 0.0, 0.268] | Ext: 112.1ms | Inf: 9.4ms | Total: 121.4ms
22:51:16 | Mask: [1.0, 1.0, 1.0, 0.0, 1.0] | Prob: 0.5238 | Attn: [0.253, 0.219, 0.26, 0.0, 0.268] | Ext: 112.1ms | Inf: 9.8ms | Total: 121.9ms
22:51:17 | Mask: [1.0, 1.0, 1.0, 0.0, 1.0] | Prob: 0.5237 | Attn: [0.253, 0.219, 0.26, 0.0, 0.268] | Ext: 112.1ms | Inf: 9.6ms | Total: 121.7ms
22:51:17 | Mask: [1.0, 1.0, 1.0, 0.0, 1.0] | Prob: 0.5417 | Attn: [0.348, 0.191, 0.227, 0.0, 0.234] | Ext: 62.9ms | Inf: 9.1ms | Total: 72.1ms
22:51:17 | Mask: [1.0, 1.0, 1.0, 0.0, 1.0] | Prob: 0.5543 | Attn: [0.348, 0.191, 0.227, 0.0, 0.234] | Ext: 62.9ms | Inf: 9.7ms | Total: 72.6ms
22:51:17 | Mask: [1.0, 1.0, 1.0, 0.0, 1.0] | Prob: 0.5632 | Attn: [0.347, 0.191, 0.227, 0.0, 0.234] | Ext: 62.9ms | Inf: 10.3ms | Total: 73.3ms
22:51:17 | Mask: [1.0, 1.0, 1.0, 0.0, 1.0] | Prob: 0.5694 | Attn: [0.347, 0.192, 0.227, 0.0, 0.234] | Ext: 62.9ms | Inf: 9.1ms | Total: 72.0ms
22:51:17 | Mask: [1.0, 1.0, 1.0, 0.0, 1.0] | Prob: 0.5737 | Attn: [0.347, 0.192, 0.227, 0.0, 0.234] | Ext: 62.9ms | Inf: 8.6ms | Total: 71.5ms
22:51:17 | Mask: [1.0, 1.0, 1.0, 0.0, 1.0] | Prob: 0.5768 | Attn: [0.347, 0.192, 0.227, 0.0, 0.234] | Ext: 62.9ms | Inf: 10.4ms | Total: 73.3ms
22:51:17 | Mask: [1.0, 1.0, 1.0, 0.0, 1.0] | Prob: 0.5789 | Attn: [0.347, 0.192, 0.227, 0.0, 0.234] | Ext: 62.9ms | Inf: 10.5ms | Total: 73.4ms
22:51:18 | Mask: [1.0, 1.0, 1.0, 0.0, 1.0] | Prob: 0.5804 | Attn: [0.347, 0.193, 0.227, 0.0, 0.233] | Ext: 62.9ms | Inf: 9.4ms | Total: 72.3ms
22:51:18 | Mask: [1.0, 1.0, 1.0, 0.0, 1.0] | Prob: 0.5815 | Attn: [0.347, 0.192, 0.227, 0.0, 0.234] | Ext: 62.9ms | Inf: 11.6ms | Total: 74.6ms
22:51:18 | Mask: [1.0, 1.0, 1.0, 0.0, 1.0] | Prob: 0.5852 | Attn: [0.39, 0.179, 0.212, 0.0, 0.218] | Ext: 62.9ms | Inf: 10.2ms | Total: 73.1ms
22:51:18 | Mask: [1.0, 1.0, 1.0, 0.0, 1.0] | Prob: 0.5879 | Attn: [0.391, 0.179, 0.212, 0.0, 0.218] | Ext: 62.9ms | Inf: 10.2ms | Total: 73.1ms
22:51:18 | Mask: [1.0, 1.0, 1.0, 0.0, 1.0] | Prob: 0.5897 | Attn: [0.391, 0.179, 0.212, 0.0, 0.218] | Ext: 62.9ms | Inf: 10.9ms | Total: 73.9ms
22:51:18 | Mask: [1.0, 1.0, 1.0, 0.0, 1.0] | Prob: 0.5911 | Attn: [0.391, 0.179, 0.212, 0.0, 0.218] | Ext: 62.9ms | Inf: 11.0ms | Total: 73.9ms
22:51:18 | Mask: [1.0, 1.0, 1.0, 0.0, 1.0] | Prob: 0.5919 | Attn: [0.391, 0.178, 0.212, 0.0, 0.218] | Ext: 62.9ms | Inf: 10.1ms | Total: 73.1ms
22:51:18 | Mask: [1.0, 1.0, 1.0, 0.0, 1.0] | Prob: 0.5925 | Attn: [0.391, 0.178, 0.212, 0.0, 0.218] | Ext: 62.9ms | Inf: 9.8ms | Total: 72.7ms
22:51:19 | Mask: [1.0, 1.0, 1.0, 0.0, 1.0] | Prob: 0.5930 | Attn: [0.391, 0.179, 0.212, 0.0, 0.218] | Ext: 62.9ms | Inf: 9.4ms | Total: 72.3ms
22:51:19 | Mask: [1.0, 1.0, 1.0, 0.0, 1.0] | Prob: 0.5933 | Attn: [0.391, 0.178, 0.212, 0.0, 0.218] | Ext: 62.9ms | Inf: 9.7ms | Total: 72.6ms
22:51:19 | Mask: [1.0, 1.0, 1.0, 0.0, 1.0] | Prob: 0.5935 | Attn: [0.391, 0.179, 0.212, 0.0, 0.218] | Ext: 62.9ms | Inf: 10.0ms | Total: 72.9ms
22:51:19 | Mask: [1.0, 1.0, 1.0, 0.0, 1.0] | Prob: 0.5937 | Attn: [0.391, 0.179, 0.212, 0.0, 0.218] | Ext: 62.9ms | Inf: 10.6ms | Total: 73.5ms
22:51:19 | Mask: [1.0, 1.0, 1.0, 0.0, 1.0] | Prob: 0.5937 | Attn: [0.391, 0.178, 0.212, 0.0, 0.218] | Ext: 62.9ms | Inf: 10.2ms | Total: 73.1ms
22:51:19 | Mask: [1.0, 1.0, 1.0, 0.0, 1.0] | Prob: 0.5938 | Attn: [0.391, 0.179, 0.212, 0.0, 0.218] | Ext: 62.9ms | Inf: 9.9ms | Total: 72.8ms
22:51:19 | Mask: [1.0, 1.0, 1.0, 0.0, 1.0] | Prob: 0.5938 | Attn: [0.391, 0.178, 0.212, 0.0, 0.219] | Ext: 62.9ms | Inf: 9.6ms | Total: 72.5ms
22:51:20 | Mask: [1.0, 1.0, 1.0, 0.0, 1.0] | Prob: 0.5938 | Attn: [0.391, 0.178, 0.212, 0.0, 0.219] | Ext: 62.9ms | Inf: 10.1ms | Total: 73.0ms
22:51:20 | Mask: [1.0, 1.0, 1.0, 0.0, 1.0] | Prob: 0.5939 | Attn: [0.391, 0.178, 0.212, 0.0, 0.219] | Ext: 52.1ms | Inf: 10.5ms | Total: 62.6ms
22:51:20 | Mask: [1.0, 1.0, 1.0, 0.0, 1.0] | Prob: 0.6067 | Attn: [0.486, 0.15, 0.179, 0.0, 0.185] | Ext: 52.1ms | Inf: 9.9ms | Total: 62.0ms
22:51:20 | Mask: [1.0, 1.0, 1.0, 0.0, 1.0] | Prob: 0.6158 | Attn: [0.486, 0.15, 0.179, 0.0, 0.185] | Ext: 52.1ms | Inf: 9.4ms | Total: 61.4ms
22:51:20 | Mask: [1.0, 1.0, 1.0, 0.0, 1.0] | Prob: 0.6221 | Attn: [0.486, 0.151, 0.179, 0.0, 0.184] | Ext: 52.1ms | Inf: 10.0ms | Total: 62.1ms
22:51:20 | Mask: [1.0, 1.0, 1.0, 0.0, 1.0] | Prob: 0.6265 | Attn: [0.486, 0.151, 0.179, 0.0, 0.184] | Ext: 52.1ms | Inf: 9.7ms | Total: 61.8ms
22:51:20 | Mask: [1.0, 1.0, 1.0, 0.0, 1.0] | Prob: 0.6296 | Attn: [0.486, 0.15, 0.179, 0.0, 0.184] | Ext: 52.1ms | Inf: 11.3ms | Total: 63.4ms
22:51:20 | Mask: [1.0, 1.0, 1.0, 0.0, 1.0] | Prob: 0.6317 | Attn: [0.487, 0.149, 0.179, 0.0, 0.185] | Ext: 52.1ms | Inf: 9.6ms | Total: 61.7ms
22:51:21 | Mask: [1.0, 1.0, 1.0, 0.0, 1.0] | Prob: 0.6332 | Attn: [0.486, 0.15, 0.179, 0.0, 0.185] | Ext: 52.1ms | Inf: 10.1ms | Total: 62.1ms
22:51:21 | Mask: [1.0, 1.0, 1.0, 0.0, 1.0] | Prob: 0.6343 | Attn: [0.486, 0.15, 0.179, 0.0, 0.185] | Ext: 52.1ms | Inf: 9.6ms | Total: 61.7ms
22:51:21 | Mask: [1.0, 1.0, 1.0, 0.0, 1.0] | Prob: 0.6350 | Attn: [0.486, 0.15, 0.179, 0.0, 0.185] | Ext: 52.1ms | Inf: 9.9ms | Total: 62.0ms
22:51:21 | Mask: [1.0, 1.0, 1.0, 0.0, 1.0] | Prob: 0.6480 | Attn: [0.483, 0.151, 0.18, 0.0, 0.186] | Ext: 52.1ms | Inf: 9.7ms | Total: 61.8ms
22:51:21 | Mask: [1.0, 1.0, 1.0, 0.0, 1.0] | Prob: 0.6572 | Attn: [0.483, 0.151, 0.18, 0.0, 0.186] | Ext: 52.1ms | Inf: 9.9ms | Total: 62.0ms
22:51:21 | Mask: [1.0, 1.0, 1.0, 0.0, 1.0] | Prob: 0.6636 | Attn: [0.484, 0.15, 0.18, 0.0, 0.186] | Ext: 52.1ms | Inf: 10.2ms | Total: 62.3ms
22:51:21 | Mask: [1.0, 1.0, 1.0, 0.0, 1.0] | Prob: 0.6681 | Attn: [0.483, 0.151, 0.18, 0.0, 0.186] | Ext: 52.1ms | Inf: 9.7ms | Total: 61.8ms
22:51:21 | Mask: [1.0, 1.0, 1.0, 0.0, 1.0] | Prob: 0.6713 | Attn: [0.483, 0.15, 0.18, 0.0, 0.186] | Ext: 52.1ms | Inf: 11.5ms | Total: 63.6ms
22:51:22 | Mask: [1.0, 1.0, 1.0, 0.0, 1.0] | Prob: 0.6734 | Attn: [0.484, 0.15, 0.181, 0.0, 0.186] | Ext: 52.1ms | Inf: 10.9ms | Total: 63.0ms
22:51:22 | Mask: [1.0, 1.0, 1.0, 0.0, 1.0] | Prob: 0.6749 | Attn: [0.484, 0.15, 0.18, 0.0, 0.186] | Ext: 52.1ms | Inf: 10.8ms | Total: 62.8ms
22:51:22 | Mask: [1.0, 1.0, 1.0, 0.0, 1.0] | Prob: 0.6760 | Attn: [0.484, 0.15, 0.18, 0.0, 0.186] | Ext: 52.1ms | Inf: 11.2ms | Total: 63.3ms
22:51:22 | Mask: [1.0, 1.0, 1.0, 0.0, 1.0] | Prob: 0.6767 | Attn: [0.484, 0.15, 0.181, 0.0, 0.186] | Ext: 52.1ms | Inf: 11.0ms | Total: 63.1ms
22:51:22 | Mask: [1.0, 1.0, 1.0, 0.0, 1.0] | Prob: 0.6773 | Attn: [0.484, 0.15, 0.181, 0.0, 0.186] | Ext: 52.1ms | Inf: 9.9ms | Total: 62.0ms
22:51:22 | Mask: [1.0, 1.0, 1.0, 0.0, 1.0] | Prob: 0.6777 | Attn: [0.484, 0.15, 0.181, 0.0, 0.186] | Ext: 52.1ms | Inf: 9.8ms | Total: 61.9ms
22:51:22 | Mask: [1.0, 1.0, 1.0, 0.0, 1.0] | Prob: 0.6779 | Attn: [0.484, 0.15, 0.181, 0.0, 0.186] | Ext: 52.1ms | Inf: 10.2ms | Total: 62.3ms
22:51:22 | Mask: [1.0, 1.0, 1.0, 0.0, 1.0] | Prob: 0.6781 | Attn: [0.484, 0.15, 0.18, 0.0, 0.186] | Ext: 52.1ms | Inf: 10.1ms | Total: 62.2ms
22:51:23 | Mask: [1.0, 1.0, 1.0, 0.0, 1.0] | Prob: 0.6783 | Attn: [0.484, 0.15, 0.181, 0.0, 0.186] | Ext: 52.1ms | Inf: 10.3ms | Total: 62.4ms
22:51:23 | Mask: [1.0, 1.0, 1.0, 0.0, 1.0] | Prob: 0.6263 | Attn: [0.251, 0.218, 0.262, 0.0, 0.269] | Ext: 62.7ms | Inf: 11.5ms | Total: 74.1ms
22:51:23 | Mask: [1.0, 1.0, 1.0, 0.0, 1.0] | Prob: 0.5899 | Attn: [0.251, 0.217, 0.262, 0.0, 0.269] | Ext: 62.7ms | Inf: 9.2ms | Total: 71.9ms
22:51:23 | Mask: [1.0, 1.0, 1.0, 0.0, 1.0] | Prob: 0.5645 | Attn: [0.252, 0.217, 0.262, 0.0, 0.269] | Ext: 62.7ms | Inf: 9.6ms | Total: 72.3ms
22:51:23 | Mask: [1.0, 1.0, 1.0, 0.0, 1.0] | Prob: 0.5466 | Attn: [0.251, 0.218, 0.262, 0.0, 0.269] | Ext: 62.7ms | Inf: 7.8ms | Total: 70.5ms
22:51:23 | Mask: [1.0, 1.0, 1.0, 0.0, 1.0] | Prob: 0.5342 | Attn: [0.251, 0.218, 0.262, 0.0, 0.269] | Ext: 62.7ms | Inf: 10.5ms | Total: 73.2ms
22:51:23 | Mask: [1.0, 1.0, 1.0, 0.0, 1.0] | Prob: 0.5255 | Attn: [0.251, 0.218, 0.261, 0.0, 0.269] | Ext: 62.7ms | Inf: 9.0ms | Total: 71.7ms
22:51:23 | Mask: [1.0, 1.0, 1.0, 0.0, 1.0] | Prob: 0.5195 | Attn: [0.251, 0.219, 0.261, 0.0, 0.269] | Ext: 62.7ms | Inf: 9.8ms | Total: 72.5ms
22:51:24 | Mask: [1.0, 1.0, 1.0, 0.0, 1.0] | Prob: 0.5153 | Attn: [0.251, 0.219, 0.261, 0.0, 0.269] | Ext: 62.7ms | Inf: 9.7ms | Total: 72.4ms
22:51:24 | Mask: [1.0, 1.0, 1.0, 0.0, 1.0] | Prob: 0.5124 | Attn: [0.251, 0.219, 0.261, 0.0, 0.269] | Ext: 62.7ms | Inf: 9.9ms | Total: 72.6ms
22:51:24 | Mask: [1.0, 1.0, 1.0, 0.0, 1.0] | Prob: 0.5310 | Attn: [0.303, 0.203, 0.244, 0.0, 0.251] | Ext: 62.7ms | Inf: 12.5ms | Total: 75.2ms
22:51:24 | Mask: [1.0, 1.0, 1.0, 0.0, 1.0] | Prob: 0.5440 | Attn: [0.303, 0.203, 0.244, 0.0, 0.251] | Ext: 62.7ms | Inf: 9.1ms | Total: 71.8ms
22:51:24 | Mask: [1.0, 1.0, 1.0, 0.0, 1.0] | Prob: 0.5531 | Attn: [0.303, 0.203, 0.244, 0.0, 0.251] | Ext: 62.7ms | Inf: 11.4ms | Total: 74.1ms
22:51:24 | Mask: [1.0, 1.0, 1.0, 0.0, 1.0] | Prob: 0.5595 | Attn: [0.303, 0.203, 0.244, 0.0, 0.251] | Ext: 62.7ms | Inf: 10.6ms | Total: 73.3ms
22:51:24 | Mask: [1.0, 1.0, 1.0, 0.0, 1.0] | Prob: 0.5640 | Attn: [0.303, 0.203, 0.244, 0.0, 0.251] | Ext: 62.7ms | Inf: 8.5ms | Total: 71.2ms
22:51:24 | Mask: [1.0, 1.0, 1.0, 0.0, 1.0] | Prob: 0.5671 | Attn: [0.303, 0.203, 0.244, 0.0, 0.251] | Ext: 62.7ms | Inf: 9.6ms | Total: 72.3ms
22:51:25 | Mask: [1.0, 1.0, 1.0, 0.0, 1.0] | Prob: 0.5693 | Attn: [0.303, 0.203, 0.244, 0.0, 0.251] | Ext: 62.7ms | Inf: 9.7ms | Total: 72.4ms
22:51:25 | Mask: [1.0, 1.0, 1.0, 0.0, 1.0] | Prob: 0.5709 | Attn: [0.302, 0.203, 0.244, 0.0, 0.251] | Ext: 62.7ms | Inf: 9.2ms | Total: 71.9ms
22:51:25 | Mask: [1.0, 1.0, 1.0, 0.0, 1.0] | Prob: 0.5719 | Attn: [0.303, 0.203, 0.244, 0.0, 0.251] | Ext: 62.7ms | Inf: 11.1ms | Total: 73.8ms
22:51:25 | Mask: [1.0, 1.0, 1.0, 0.0, 1.0] | Prob: 0.5727 | Attn: [0.303, 0.203, 0.244, 0.0, 0.251] | Ext: 62.7ms | Inf: 9.7ms | Total: 72.3ms
22:51:25 | Mask: [1.0, 1.0, 1.0, 0.0, 1.0] | Prob: 0.5733 | Attn: [0.303, 0.202, 0.244, 0.0, 0.251] | Ext: 62.7ms | Inf: 8.6ms | Total: 71.3ms
22:51:25 | Mask: [1.0, 1.0, 1.0, 0.0, 1.0] | Prob: 0.5737 | Attn: [0.303, 0.202, 0.244, 0.0, 0.251] | Ext: 62.7ms | Inf: 9.3ms | Total: 72.0ms
22:51:25 | Mask: [1.0, 1.0, 1.0, 0.0, 1.0] | Prob: 0.5739 | Attn: [0.303, 0.202, 0.244, 0.0, 0.251] | Ext: 62.7ms | Inf: 9.8ms | Total: 72.5ms
22:51:25 | Mask: [1.0, 1.0, 1.0, 0.0, 1.0] | Prob: 0.5741 | Attn: [0.303, 0.202, 0.244, 0.0, 0.251] | Ext: 62.7ms | Inf: 9.1ms | Total: 71.8ms
22:51:26 | Mask: [1.0, 1.0, 1.0, 0.0, 1.0] | Prob: 0.5742 | Attn: [0.303, 0.202, 0.244, 0.0, 0.251] | Ext: 58.9ms | Inf: 9.1ms | Total: 68.0ms
22:51:26 | Mask: [1.0, 1.0, 1.0, 0.0, 1.0] | Prob: 0.5560 | Attn: [0.228, 0.224, 0.27, 0.0, 0.278] | Ext: 58.9ms | Inf: 10.5ms | Total: 69.4ms
22:51:26 | Mask: [1.0, 1.0, 1.0, 0.0, 1.0] | Prob: 0.5432 | Attn: [0.228, 0.224, 0.27, 0.0, 0.278] | Ext: 58.9ms | Inf: 10.4ms | Total: 69.4ms
22:51:26 | Mask: [1.0, 1.0, 1.0, 0.0, 1.0] | Prob: 0.5344 | Attn: [0.227, 0.225, 0.27, 0.0, 0.278] | Ext: 58.9ms | Inf: 9.3ms | Total: 68.2ms
22:51:26 | Mask: [1.0, 1.0, 1.0, 0.0, 1.0] | Prob: 0.5282 | Attn: [0.227, 0.226, 0.27, 0.0, 0.278] | Ext: 58.9ms | Inf: 10.5ms | Total: 69.4ms
22:51:26 | Mask: [1.0, 1.0, 1.0, 0.0, 1.0] | Prob: 0.5239 | Attn: [0.227, 0.226, 0.27, 0.0, 0.278] | Ext: 58.9ms | Inf: 9.7ms | Total: 68.7ms
22:51:26 | Mask: [1.0, 1.0, 1.0, 0.0, 1.0] | Prob: 0.5209 | Attn: [0.227, 0.226, 0.27, 0.0, 0.278] | Ext: 58.9ms | Inf: 9.6ms | Total: 68.5ms
22:51:26 | Mask: [1.0, 1.0, 1.0, 0.0, 1.0] | Prob: 0.5188 | Attn: [0.227, 0.226, 0.269, 0.0, 0.278] | Ext: 58.9ms | Inf: 9.7ms | Total: 68.6ms
22:51:27 | Mask: [1.0, 1.0, 1.0, 0.0, 1.0] | Prob: 0.5175 | Attn: [0.227, 0.226, 0.269, 0.0, 0.277] | Ext: 58.9ms | Inf: 10.8ms | Total: 69.7ms
22:51:27 | Mask: [1.0, 1.0, 1.0, 0.0, 1.0] | Prob: 0.5166 | Attn: [0.227, 0.226, 0.269, 0.0, 0.278] | Ext: 58.9ms | Inf: 11.1ms | Total: 70.0ms
22:51:27 | Mask: [1.0, 1.0, 1.0, 0.0, 1.0] | Prob: 0.5105 | Attn: [0.227, 0.226, 0.269, 0.0, 0.277] | Ext: 58.9ms | Inf: 10.6ms | Total: 69.6ms
22:51:27 | Mask: [1.0, 1.0, 1.0, 0.0, 1.0] | Prob: 0.5062 | Attn: [0.228, 0.225, 0.27, 0.0, 0.277] | Ext: 58.9ms | Inf: 10.5ms | Total: 69.5ms
22:51:27 | Mask: [1.0, 1.0, 1.0, 0.0, 1.0] | Prob: 0.5031 | Attn: [0.228, 0.225, 0.27, 0.0, 0.278] | Ext: 58.9ms | Inf: 8.6ms | Total: 67.5ms
22:51:27 | Mask: [1.0, 1.0, 1.0, 0.0, 1.0] | Prob: 0.5009 | Attn: [0.228, 0.225, 0.27, 0.0, 0.278] | Ext: 58.9ms | Inf: 8.7ms | Total: 67.6ms
22:51:27 | Mask: [1.0, 1.0, 1.0, 0.0, 1.0] | Prob: 0.4992 | Attn: [0.228, 0.224, 0.27, 0.0, 0.278] | Ext: 58.9ms | Inf: 10.1ms | Total: 69.1ms
22:51:27 | Mask: [1.0, 1.0, 1.0, 0.0, 1.0] | Prob: 0.4980 | Attn: [0.228, 0.224, 0.27, 0.0, 0.278] | Ext: 58.9ms | Inf: 9.0ms | Total: 67.9ms
22:51:28 | Mask: [1.0, 1.0, 1.0, 0.0, 1.0] | Prob: 0.4973 | Attn: [0.228, 0.224, 0.27, 0.0, 0.278] | Ext: 58.9ms | Inf: 9.6ms | Total: 68.5ms
22:51:28 | Mask: [1.0, 1.0, 1.0, 0.0, 1.0] | Prob: 0.4968 | Attn: [0.228, 0.224, 0.27, 0.0, 0.278] | Ext: 58.9ms | Inf: 8.5ms | Total: 67.5ms
22:51:28 | Mask: [1.0, 1.0, 1.0, 0.0, 1.0] | Prob: 0.4963 | Attn: [0.228, 0.224, 0.27, 0.0, 0.278] | Ext: 58.9ms | Inf: 9.9ms | Total: 68.8ms
22:51:28 | Mask: [1.0, 1.0, 1.0, 0.0, 1.0] | Prob: 0.4961 | Attn: [0.228, 0.224, 0.27, 0.0, 0.278] | Ext: 58.9ms | Inf: 9.9ms | Total: 68.8ms
22:51:28 | Mask: [1.0, 1.0, 1.0, 0.0, 1.0] | Prob: 0.4959 | Attn: [0.228, 0.224, 0.27, 0.0, 0.278] | Ext: 58.9ms | Inf: 9.1ms | Total: 68.0ms
22:51:28 | Mask: [1.0, 1.0, 1.0, 0.0, 1.0] | Prob: 0.4958 | Attn: [0.228, 0.224, 0.27, 0.0, 0.278] | Ext: 58.9ms | Inf: 9.8ms | Total: 68.8ms
22:51:28 | Mask: [1.0, 1.0, 1.0, 0.0, 1.0] | Prob: 0.4957 | Attn: [0.228, 0.224, 0.27, 0.0, 0.278] | Ext: 58.9ms | Inf: 12.1ms | Total: 71.0ms
22:51:28 | Mask: [1.0, 1.0, 1.0, 0.0, 1.0] | Prob: 0.4957 | Attn: [0.228, 0.224, 0.27, 0.0, 0.278] | Ext: 58.9ms | Inf: 11.2ms | Total: 70.2ms
22:51:29 | Mask: [1.0, 1.0, 1.0, 0.0, 1.0] | Prob: 0.4874 | Attn: [0.191, 0.235, 0.283, 0.0, 0.291] | Ext: 59.4ms | Inf: 8.8ms | Total: 68.1ms
22:51:29 | Mask: [1.0, 1.0, 1.0, 0.0, 1.0] | Prob: 0.4815 | Attn: [0.191, 0.235, 0.283, 0.0, 0.291] | Ext: 59.4ms | Inf: 9.5ms | Total: 68.8ms
22:51:29 | Mask: [1.0, 1.0, 1.0, 0.0, 1.0] | Prob: 0.4773 | Attn: [0.191, 0.235, 0.283, 0.0, 0.291] | Ext: 59.4ms | Inf: 11.4ms | Total: 70.8ms
22:51:29 | Mask: [1.0, 1.0, 1.0, 0.0, 1.0] | Prob: 0.4744 | Attn: [0.191, 0.235, 0.283, 0.0, 0.291] | Ext: 59.4ms | Inf: 9.2ms | Total: 68.6ms
22:51:29 | Mask: [1.0, 1.0, 1.0, 0.0, 1.0] | Prob: 0.4724 | Attn: [0.191, 0.236, 0.282, 0.0, 0.291] | Ext: 59.4ms | Inf: 9.0ms | Total: 68.3ms
22:51:29 | Mask: [1.0, 1.0, 1.0, 0.0, 1.0] | Prob: 0.4710 | Attn: [0.191, 0.236, 0.282, 0.0, 0.291] | Ext: 59.4ms | Inf: 9.3ms | Total: 68.6ms
22:51:29 | Mask: [1.0, 1.0, 1.0, 0.0, 1.0] | Prob: 0.4701 | Attn: [0.191, 0.235, 0.282, 0.0, 0.291] | Ext: 59.4ms | Inf: 10.6ms | Total: 69.9ms
22:51:29 | Mask: [1.0, 1.0, 1.0, 0.0, 1.0] | Prob: 0.4696 | Attn: [0.191, 0.236, 0.282, 0.0, 0.291] | Ext: 59.4ms | Inf: 9.2ms | Total: 68.6ms
22:51:30 | Mask: [1.0, 1.0, 1.0, 0.0, 1.0] | Prob: 0.4693 | Attn: [0.191, 0.236, 0.282, 0.0, 0.291] | Ext: 59.4ms | Inf: 9.3ms | Total: 68.7ms
22:51:30 | Mask: [1.0, 1.0, 1.0, 0.0, 1.0] | Prob: 0.4653 | Attn: [0.194, 0.236, 0.281, 0.0, 0.289] | Ext: 59.4ms | Inf: 8.8ms | Total: 68.1ms
22:51:30 | Mask: [1.0, 1.0, 1.0, 0.0, 1.0] | Prob: 0.4624 | Attn: [0.194, 0.235, 0.281, 0.0, 0.289] | Ext: 59.4ms | Inf: 9.9ms | Total: 69.2ms
22:51:30 | Mask: [1.0, 1.0, 1.0, 0.0, 1.0] | Prob: 0.4603 | Attn: [0.195, 0.235, 0.281, 0.0, 0.289] | Ext: 59.4ms | Inf: 10.6ms | Total: 70.0ms
22:51:30 | Mask: [1.0, 1.0, 1.0, 0.0, 1.0] | Prob: 0.4587 | Attn: [0.195, 0.235, 0.281, 0.0, 0.29] | Ext: 59.4ms | Inf: 10.5ms | Total: 69.9ms
22:51:30 | Mask: [1.0, 1.0, 1.0, 0.0, 1.0] | Prob: 0.4575 | Attn: [0.195, 0.234, 0.281, 0.0, 0.29] | Ext: 59.4ms | Inf: 10.5ms | Total: 69.9ms
22:51:30 | Mask: [1.0, 1.0, 1.0, 0.0, 1.0] | Prob: 0.4566 | Attn: [0.195, 0.234, 0.282, 0.0, 0.29] | Ext: 59.4ms | Inf: 9.3ms | Total: 68.7ms
22:51:30 | Mask: [1.0, 1.0, 1.0, 0.0, 1.0] | Prob: 0.4559 | Attn: [0.195, 0.234, 0.282, 0.0, 0.29] | Ext: 59.4ms | Inf: 11.0ms | Total: 70.4ms
22:51:31 | Mask: [1.0, 1.0, 1.0, 0.0, 1.0] | Prob: 0.4555 | Attn: [0.195, 0.234, 0.281, 0.0, 0.29] | Ext: 59.4ms | Inf: 9.5ms | Total: 68.9ms
22:51:31 | Mask: [1.0, 1.0, 1.0, 0.0, 1.0] | Prob: 0.4552 | Attn: [0.195, 0.233, 0.282, 0.0, 0.29] | Ext: 59.4ms | Inf: 10.1ms | Total: 69.5ms
22:51:31 | Mask: [1.0, 1.0, 1.0, 0.0, 1.0] | Prob: 0.4549 | Attn: [0.195, 0.233, 0.282, 0.0, 0.29] | Ext: 59.4ms | Inf: 9.9ms | Total: 69.2ms
22:51:31 | Mask: [1.0, 1.0, 1.0, 0.0, 1.0] | Prob: 0.4547 | Attn: [0.195, 0.233, 0.282, 0.0, 0.29] | Ext: 59.4ms | Inf: 9.1ms | Total: 68.5ms
22:51:31 | Mask: [1.0, 1.0, 1.0, 0.0, 1.0] | Prob: 0.4547 | Attn: [0.195, 0.233, 0.282, 0.0, 0.29] | Ext: 59.4ms | Inf: 11.4ms | Total: 70.8ms
22:51:31 | Mask: [1.0, 1.0, 1.0, 0.0, 1.0] | Prob: 0.4547 | Attn: [0.195, 0.233, 0.282, 0.0, 0.29] | Ext: 59.4ms | Inf: 9.4ms | Total: 68.7ms
22:51:31 | Mask: [1.0, 1.0, 1.0, 0.0, 1.0] | Prob: 0.4546 | Attn: [0.195, 0.233, 0.282, 0.0, 0.29] | Ext: 59.4ms | Inf: 10.3ms | Total: 69.7ms
22:51:31 | Mask: [1.0, 1.0, 1.0, 0.0, 1.0] | Prob: 0.4546 | Attn: [0.195, 0.233, 0.282, 0.0, 0.29] | Ext: 59.4ms | Inf: 11.8ms | Total: 71.2ms
22:51:32 | Mask: [1.0, 1.0, 1.0, 0.0, 1.0] | Prob: 0.4584 | Attn: [0.191, 0.235, 0.283, 0.0, 0.291] | Ext: 84.6ms | Inf: 9.3ms | Total: 93.8ms
22:51:32 | Mask: [1.0, 1.0, 1.0, 0.0, 1.0] | Prob: 0.4612 | Attn: [0.191, 0.235, 0.283, 0.0, 0.291] | Ext: 84.6ms | Inf: 10.9ms | Total: 95.5ms
22:51:32 | Mask: [1.0, 1.0, 1.0, 0.0, 1.0] | Prob: 0.4631 | Attn: [0.191, 0.235, 0.283, 0.0, 0.291] | Ext: 84.6ms | Inf: 8.9ms | Total: 93.5ms
22:51:32 | Mask: [1.0, 1.0, 1.0, 0.0, 1.0] | Prob: 0.4645 | Attn: [0.191, 0.235, 0.283, 0.0, 0.291] | Ext: 84.6ms | Inf: 10.4ms | Total: 95.0ms
22:51:32 | Mask: [1.0, 1.0, 1.0, 0.0, 1.0] | Prob: 0.4654 | Attn: [0.191, 0.235, 0.283, 0.0, 0.291] | Ext: 84.6ms | Inf: 10.2ms | Total: 94.8ms
22:51:32 | Mask: [1.0, 1.0, 1.0, 0.0, 1.0] | Prob: 0.4660 | Attn: [0.191, 0.235, 0.283, 0.0, 0.291] | Ext: 84.6ms | Inf: 10.2ms | Total: 94.8ms
22:51:32 | Mask: [1.0, 1.0, 1.0, 0.0, 1.0] | Prob: 0.4666 | Attn: [0.191, 0.236, 0.282, 0.0, 0.291] | Ext: 84.6ms | Inf: 8.2ms | Total: 92.7ms
22:51:32 | Mask: [1.0, 1.0, 1.0, 0.0, 1.0] | Prob: 0.4668 | Attn: [0.191, 0.235, 0.283, 0.0, 0.291] | Ext: 84.6ms | Inf: 8.9ms | Total: 93.4ms
22:51:33 | Mask: [1.0, 1.0, 1.0, 0.0, 1.0] | Prob: 0.4672 | Attn: [0.191, 0.236, 0.282, 0.0, 0.291] | Ext: 84.6ms | Inf: 9.3ms | Total: 93.8ms
22:51:33 | Mask: [1.0, 1.0, 1.0, 0.0, 1.0] | Prob: 0.4757 | Attn: [0.228, 0.225, 0.27, 0.0, 0.278] | Ext: 84.6ms | Inf: 9.6ms | Total: 94.2ms
22:51:33 | Mask: [1.0, 1.0, 1.0, 0.0, 1.0] | Prob: 0.4818 | Attn: [0.228, 0.225, 0.27, 0.0, 0.278] | Ext: 84.6ms | Inf: 9.4ms | Total: 94.0ms
22:51:33 | Mask: [1.0, 1.0, 1.0, 0.0, 1.0] | Prob: 0.4861 | Attn: [0.228, 0.225, 0.27, 0.0, 0.278] | Ext: 84.6ms | Inf: 10.4ms | Total: 95.0ms
22:51:33 | Mask: [1.0, 1.0, 1.0, 0.0, 1.0] | Prob: 0.4891 | Attn: [0.228, 0.225, 0.27, 0.0, 0.278] | Ext: 84.6ms | Inf: 10.5ms | Total: 95.1ms
22:51:33 | Mask: [1.0, 1.0, 1.0, 0.0, 1.0] | Prob: 0.4912 | Attn: [0.228, 0.225, 0.27, 0.0, 0.278] | Ext: 84.6ms | Inf: 9.2ms | Total: 93.8ms
22:51:33 | Mask: [1.0, 1.0, 1.0, 0.0, 1.0] | Prob: 0.4926 | Attn: [0.228, 0.225, 0.27, 0.0, 0.278] | Ext: 84.6ms | Inf: 10.2ms | Total: 94.8ms
22:51:33 | Mask: [1.0, 1.0, 1.0, 0.0, 1.0] | Prob: 0.4935 | Attn: [0.228, 0.225, 0.27, 0.0, 0.278] | Ext: 84.6ms | Inf: 9.5ms | Total: 94.0ms
22:51:34 | Mask: [1.0, 1.0, 1.0, 0.0, 1.0] | Prob: 0.4941 | Attn: [0.228, 0.225, 0.27, 0.0, 0.278] | Ext: 84.6ms | Inf: 8.9ms | Total: 93.5ms
22:51:34 | Mask: [1.0, 1.0, 1.0, 0.0, 1.0] | Prob: 0.4945 | Attn: [0.228, 0.224, 0.27, 0.0, 0.278] | Ext: 84.6ms | Inf: 10.8ms | Total: 95.4ms
22:51:34 | Mask: [1.0, 1.0, 1.0, 0.0, 1.0] | Prob: 0.4948 | Attn: [0.228, 0.224, 0.27, 0.0, 0.278] | Ext: 84.6ms | Inf: 10.1ms | Total: 94.6ms
22:51:34 | Mask: [1.0, 1.0, 1.0, 0.0, 1.0] | Prob: 0.4950 | Attn: [0.228, 0.224, 0.27, 0.0, 0.278] | Ext: 84.6ms | Inf: 9.4ms | Total: 94.0ms
22:51:34 | Mask: [1.0, 1.0, 1.0, 0.0, 1.0] | Prob: 0.4951 | Attn: [0.228, 0.225, 0.27, 0.0, 0.278] | Ext: 84.6ms | Inf: 8.1ms | Total: 92.7ms
22:51:34 | Mask: [1.0, 1.0, 1.0, 0.0, 1.0] | Prob: 0.4952 | Attn: [0.228, 0.224, 0.27, 0.0, 0.278] | Ext: 84.6ms | Inf: 9.4ms | Total: 93.9ms
22:51:34 | Mask: [1.0, 1.0, 1.0, 0.0, 1.0] | Prob: 0.4952 | Attn: [0.228, 0.225, 0.27, 0.0, 0.278] | Ext: 84.6ms | Inf: 8.5ms | Total: 93.1ms
22:51:34 | Mask: [1.0, 1.0, 1.0, 0.0, 1.0] | Prob: 0.4953 | Attn: [0.228, 0.224, 0.27, 0.0, 0.278] | Ext: 60.4ms | Inf: 11.3ms | Total: 71.7ms
22:51:35 | Mask: [1.0, 1.0, 1.0, 0.0, 1.0] | Prob: 0.4952 | Attn: [0.228, 0.224, 0.27, 0.0, 0.278] | Ext: 60.4ms | Inf: 10.9ms | Total: 71.3ms
22:51:35 | Mask: [1.0, 1.0, 1.0, 0.0, 1.0] | Prob: 0.4953 | Attn: [0.228, 0.224, 0.27, 0.0, 0.278] | Ext: 60.4ms | Inf: 10.8ms | Total: 71.2ms
22:51:35 | Mask: [1.0, 1.0, 1.0, 0.0, 1.0] | Prob: 0.4953 | Attn: [0.228, 0.224, 0.27, 0.0, 0.278] | Ext: 60.4ms | Inf: 10.6ms | Total: 71.0ms
22:51:35 | Mask: [1.0, 1.0, 1.0, 0.0, 1.0] | Prob: 0.4954 | Attn: [0.228, 0.225, 0.27, 0.0, 0.278] | Ext: 60.4ms | Inf: 10.2ms | Total: 70.6ms
22:51:35 | Mask: [1.0, 1.0, 1.0, 0.0, 1.0] | Prob: 0.4956 | Attn: [0.228, 0.225, 0.27, 0.0, 0.277] | Ext: 60.4ms | Inf: 10.7ms | Total: 71.1ms
22:51:35 | Mask: [1.0, 1.0, 1.0, 0.0, 1.0] | Prob: 0.4959 | Attn: [0.227, 0.227, 0.269, 0.0, 0.277] | Ext: 60.4ms | Inf: 9.6ms | Total: 70.0ms
22:51:35 | Mask: [1.0, 1.0, 1.0, 0.0, 1.0] | Prob: 0.4964 | Attn: [0.226, 0.23, 0.268, 0.0, 0.276] | Ext: 60.4ms | Inf: 8.3ms | Total: 68.7ms
22:51:35 | Mask: [1.0, 1.0, 1.0, 0.0, 1.0] | Prob: 0.4971 | Attn: [0.226, 0.232, 0.267, 0.0, 0.275] | Ext: 60.4ms | Inf: 9.2ms | Total: 69.7ms
22:51:36 | Mask: [1.0, 1.0, 1.0, 0.0, 1.0] | Prob: 0.5022 | Attn: [0.238, 0.23, 0.262, 0.0, 0.269] | Ext: 60.4ms | Inf: 11.0ms | Total: 71.4ms
22:51:36 | Mask: [1.0, 1.0, 1.0, 0.0, 1.0] | Prob: 0.5058 | Attn: [0.238, 0.231, 0.262, 0.0, 0.269] | Ext: 60.4ms | Inf: 11.0ms | Total: 71.4ms
22:51:36 | Mask: [1.0, 1.0, 1.0, 0.0, 1.0] | Prob: 0.5081 | Attn: [0.238, 0.231, 0.262, 0.0, 0.269] | Ext: 60.4ms | Inf: 7.9ms | Total: 68.3ms
22:51:36 | Mask: [1.0, 1.0, 1.0, 0.0, 1.0] | Prob: 0.5096 | Attn: [0.238, 0.231, 0.262, 0.0, 0.269] | Ext: 60.4ms | Inf: 9.2ms | Total: 69.6ms
22:51:36 | Mask: [1.0, 1.0, 1.0, 0.0, 1.0] | Prob: 0.5105 | Attn: [0.238, 0.231, 0.262, 0.0, 0.269] | Ext: 60.4ms | Inf: 9.7ms | Total: 70.1ms
22:51:36 | Mask: [1.0, 1.0, 1.0, 0.0, 1.0] | Prob: 0.5110 | Attn: [0.238, 0.231, 0.262, 0.0, 0.269] | Ext: 60.4ms | Inf: 10.7ms | Total: 71.2ms
22:51:36 | Mask: [1.0, 1.0, 1.0, 0.0, 1.0] | Prob: 0.5114 | Attn: [0.238, 0.231, 0.262, 0.0, 0.269] | Ext: 60.4ms | Inf: 8.3ms | Total: 68.7ms
22:51:36 | Mask: [1.0, 1.0, 1.0, 0.0, 1.0] | Prob: 0.5117 | Attn: [0.238, 0.231, 0.262, 0.0, 0.269] | Ext: 60.4ms | Inf: 8.6ms | Total: 69.0ms
22:51:37 | Mask: [1.0, 1.0, 1.0, 0.0, 1.0] | Prob: 0.5117 | Attn: [0.238, 0.23, 0.262, 0.0, 0.269] | Ext: 60.4ms | Inf: 11.9ms | Total: 72.4ms
22:51:37 | Mask: [1.0, 1.0, 1.0, 0.0, 1.0] | Prob: 0.5119 | Attn: [0.238, 0.231, 0.262, 0.0, 0.269] | Ext: 60.4ms | Inf: 12.2ms | Total: 72.6ms
22:51:37 | Mask: [1.0, 1.0, 1.0, 0.0, 1.0] | Prob: 0.5122 | Attn: [0.238, 0.23, 0.262, 0.0, 0.269] | Ext: 60.4ms | Inf: 12.3ms | Total: 72.7ms
22:51:37 | Mask: [1.0, 1.0, 1.0, 0.0, 1.0] | Prob: 0.5124 | Attn: [0.238, 0.23, 0.262, 0.0, 0.269] | Ext: 60.4ms | Inf: 10.0ms | Total: 70.4ms
22:51:37 | Mask: [1.0, 1.0, 1.0, 0.0, 1.0] | Prob: 0.5125 | Attn: [0.238, 0.23, 0.262, 0.0, 0.269] | Ext: 60.4ms | Inf: 8.4ms | Total: 68.8ms
22:51:37 | Mask: [1.0, 1.0, 1.0, 0.0, 1.0] | Prob: 0.5124 | Attn: [0.239, 0.23, 0.262, 0.0, 0.269] | Ext: 60.4ms | Inf: 9.1ms | Total: 69.6ms
22:51:37 | Mask: [1.0, 1.0, 1.0, 0.0, 1.0] | Prob: 0.5124 | Attn: [0.239, 0.23, 0.262, 0.0, 0.27] | Ext: 60.4ms | Inf: 9.4ms | Total: 69.9ms
22:51:37 | Mask: [1.0, 1.0, 1.0, 0.0, 1.0] | Prob: 0.4997 | Attn: [0.189, 0.245, 0.279, 0.0, 0.287] | Ext: 64.7ms | Inf: 9.7ms | Total: 74.4ms
22:51:38 | Mask: [1.0, 1.0, 1.0, 0.0, 1.0] | Prob: 0.4907 | Attn: [0.189, 0.245, 0.279, 0.0, 0.287] | Ext: 64.7ms | Inf: 8.3ms | Total: 73.0ms
22:51:38 | Mask: [1.0, 1.0, 1.0, 0.0, 1.0] | Prob: 0.4844 | Attn: [0.189, 0.245, 0.279, 0.0, 0.287] | Ext: 64.7ms | Inf: 12.0ms | Total: 76.7ms
22:51:38 | Mask: [1.0, 1.0, 1.0, 0.0, 1.0] | Prob: 0.4799 | Attn: [0.189, 0.245, 0.279, 0.0, 0.287] | Ext: 64.7ms | Inf: 10.4ms | Total: 75.0ms
22:51:38 | Mask: [1.0, 1.0, 1.0, 0.0, 1.0] | Prob: 0.4767 | Attn: [0.189, 0.244, 0.28, 0.0, 0.287] | Ext: 64.7ms | Inf: 9.0ms | Total: 73.7ms
22:51:38 | Mask: [1.0, 1.0, 1.0, 0.0, 1.0] | Prob: 0.4743 | Attn: [0.189, 0.244, 0.279, 0.0, 0.287] | Ext: 64.7ms | Inf: 10.7ms | Total: 75.4ms
22:51:38 | Mask: [1.0, 1.0, 1.0, 0.0, 1.0] | Prob: 0.4727 | Attn: [0.189, 0.245, 0.279, 0.0, 0.287] | Ext: 64.7ms | Inf: 9.4ms | Total: 74.0ms
22:51:38 | Mask: [1.0, 1.0, 1.0, 0.0, 1.0] | Prob: 0.4716 | Attn: [0.189, 0.245, 0.279, 0.0, 0.287] | Ext: 64.7ms | Inf: 9.2ms | Total: 73.9ms
22:51:38 | Mask: [1.0, 1.0, 1.0, 0.0, 1.0] | Prob: 0.4710 | Attn: [0.189, 0.245, 0.279, 0.0, 0.287] | Ext: 64.7ms | Inf: 10.2ms | Total: 74.8ms
22:51:39 | Mask: [1.0, 1.0, 1.0, 0.0, 1.0] | Prob: 0.4706 | Attn: [0.189, 0.245, 0.279, 0.0, 0.287] | Ext: 64.7ms | Inf: 9.5ms | Total: 74.2ms
22:51:39 | Mask: [1.0, 1.0, 1.0, 0.0, 1.0] | Prob: 0.4705 | Attn: [0.189, 0.245, 0.279, 0.0, 0.287] | Ext: 64.7ms | Inf: 11.7ms | Total: 76.3ms
22:51:39 | Mask: [1.0, 1.0, 1.0, 0.0, 1.0] | Prob: 0.4703 | Attn: [0.189, 0.245, 0.279, 0.0, 0.287] | Ext: 64.7ms | Inf: 9.0ms | Total: 73.7ms
22:51:39 | Mask: [1.0, 1.0, 1.0, 0.0, 1.0] | Prob: 0.4703 | Attn: [0.189, 0.246, 0.279, 0.0, 0.287] | Ext: 64.7ms | Inf: 8.4ms | Total: 73.0ms
22:51:39 | Mask: [1.0, 1.0, 1.0, 0.0, 1.0] | Prob: 0.4704 | Attn: [0.189, 0.246, 0.279, 0.0, 0.287] | Ext: 64.7ms | Inf: 9.5ms | Total: 74.2ms
22:51:39 | Mask: [1.0, 1.0, 1.0, 0.0, 1.0] | Prob: 0.4704 | Attn: [0.189, 0.246, 0.279, 0.0, 0.287] | Ext: 64.7ms | Inf: 9.8ms | Total: 74.5ms
22:51:39 | Mask: [1.0, 1.0, 1.0, 0.0, 1.0] | Prob: 0.4704 | Attn: [0.189, 0.246, 0.279, 0.0, 0.286] | Ext: 64.7ms | Inf: 9.3ms | Total: 74.0ms
22:51:39 | Mask: [1.0, 1.0, 1.0, 0.0, 1.0] | Prob: 0.4703 | Attn: [0.189, 0.246, 0.279, 0.0, 0.287] | Ext: 64.7ms | Inf: 10.4ms | Total: 75.0ms
22:51:40 | Mask: [1.0, 1.0, 1.0, 0.0, 1.0] | Prob: 0.4701 | Attn: [0.189, 0.245, 0.279, 0.0, 0.287] | Ext: 64.7ms | Inf: 9.8ms | Total: 74.4ms
22:51:40 | Mask: [1.0, 1.0, 1.0, 0.0, 1.0] | Prob: 0.4699 | Attn: [0.189, 0.245, 0.279, 0.0, 0.287] | Ext: 64.7ms | Inf: 9.7ms | Total: 74.3ms
22:51:40 | Mask: [1.0, 1.0, 1.0, 0.0, 1.0] | Prob: 0.4697 | Attn: [0.189, 0.245, 0.279, 0.0, 0.287] | Ext: 64.7ms | Inf: 10.7ms | Total: 75.4ms
22:51:40 | Mask: [1.0, 1.0, 1.0, 0.0, 1.0] | Prob: 0.4699 | Attn: [0.189, 0.246, 0.279, 0.0, 0.287] | Ext: 64.7ms | Inf: 10.3ms | Total: 75.0ms
22:51:40 | Mask: [1.0, 1.0, 1.0, 0.0, 1.0] | Prob: 0.4700 | Attn: [0.189, 0.245, 0.279, 0.0, 0.287] | Ext: 64.7ms | Inf: 10.2ms | Total: 74.9ms
22:51:40 | Mask: [1.0, 1.0, 1.0, 0.0, 1.0] | Prob: 0.4699 | Attn: [0.189, 0.245, 0.279, 0.0, 0.287] | Ext: 64.7ms | Inf: 10.0ms | Total: 74.7ms
22:51:40 | Mask: [1.0, 1.0, 1.0, 0.0, 1.0] | Prob: 0.4699 | Attn: [0.189, 0.245, 0.279, 0.0, 0.287] | Ext: 60.4ms | Inf: 10.0ms | Total: 70.4ms
22:51:40 | Mask: [1.0, 1.0, 1.0, 0.0, 1.0] | Prob: 0.4698 | Attn: [0.189, 0.245, 0.279, 0.0, 0.287] | Ext: 60.4ms | Inf: 11.0ms | Total: 71.4ms
22:51:41 | Mask: [1.0, 1.0, 1.0, 0.0, 1.0] | Prob: 0.4698 | Attn: [0.189, 0.245, 0.279, 0.0, 0.287] | Ext: 60.4ms | Inf: 8.9ms | Total: 69.4ms
22:51:41 | Mask: [1.0, 1.0, 1.0, 0.0, 1.0] | Prob: 0.4698 | Attn: [0.189, 0.245, 0.279, 0.0, 0.287] | Ext: 60.4ms | Inf: 11.8ms | Total: 72.2ms
22:51:41 | Mask: [1.0, 1.0, 1.0, 0.0, 1.0] | Prob: 0.4696 | Attn: [0.189, 0.244, 0.279, 0.0, 0.287] | Ext: 60.4ms | Inf: 10.1ms | Total: 70.5ms
22:51:41 | Mask: [1.0, 1.0, 1.0, 0.0, 1.0] | Prob: 0.4696 | Attn: [0.189, 0.245, 0.279, 0.0, 0.287] | Ext: 60.4ms | Inf: 9.2ms | Total: 69.6ms
23:03:35 | Mask: [0.0, 0.0, 0.0, 0.0, 0.0] | Prob: 0.1500 | Attn: [0.2, 0.2, 0.2, 0.2, 0.2] | Ext: 0.0ms | Inf: 3667.1ms | Total: 3667.1ms
23:03:35 | Mask: [0.0, 1.0, 1.0, 0.0, 1.0] | Prob: 0.2539 | Attn: [0.0, 0.34, 0.334, 0.0, 0.326] | Ext: 29.6ms | Inf: 11.3ms | Total: 40.9ms
23:03:35 | Mask: [0.0, 1.0, 1.0, 0.0, 1.0] | Prob: 0.3259 | Attn: [0.0, 0.344, 0.335, 0.0, 0.322] | Ext: 31.9ms | Inf: 9.9ms | Total: 41.8ms
23:03:35 | Mask: [0.0, 1.0, 1.0, 0.0, 1.0] | Prob: 0.3758 | Attn: [0.0, 0.346, 0.334, 0.0, 0.32] | Ext: 31.9ms | Inf: 11.0ms | Total: 42.9ms
23:03:35 | Mask: [0.0, 1.0, 1.0, 0.0, 1.0] | Prob: 0.4106 | Attn: [0.0, 0.348, 0.333, 0.0, 0.318] | Ext: 32.4ms | Inf: 10.0ms | Total: 42.3ms
23:03:35 | Mask: [0.0, 1.0, 1.0, 0.0, 1.0] | Prob: 0.4349 | Attn: [0.0, 0.35, 0.333, 0.0, 0.317] | Ext: 32.4ms | Inf: 11.0ms | Total: 43.4ms
23:03:35 | Mask: [0.0, 1.0, 1.0, 0.0, 1.0] | Prob: 0.4518 | Attn: [0.0, 0.351, 0.332, 0.0, 0.316] | Ext: 39.1ms | Inf: 10.3ms | Total: 49.4ms
23:03:36 | Mask: [0.0, 1.0, 1.0, 0.0, 1.0] | Prob: 0.4635 | Attn: [0.0, 0.351, 0.332, 0.0, 0.316] | Ext: 39.1ms | Inf: 17.4ms | Total: 56.4ms
23:03:36 | Mask: [0.0, 1.0, 1.0, 0.0, 1.0] | Prob: 0.4716 | Attn: [0.0, 0.352, 0.332, 0.0, 0.316] | Ext: 39.5ms | Inf: 11.4ms | Total: 50.9ms
23:03:36 | Mask: [0.0, 1.0, 1.0, 0.0, 1.0] | Prob: 0.4771 | Attn: [0.0, 0.352, 0.332, 0.0, 0.316] | Ext: 39.5ms | Inf: 13.4ms | Total: 52.9ms
23:03:36 | Mask: [0.0, 1.0, 1.0, 0.0, 1.0] | Prob: 0.4813 | Attn: [0.0, 0.352, 0.332, 0.0, 0.316] | Ext: 42.4ms | Inf: 16.1ms | Total: 58.5ms
23:03:36 | Mask: [0.0, 1.0, 1.0, 0.0, 1.0] | Prob: 0.4842 | Attn: [0.0, 0.352, 0.332, 0.0, 0.316] | Ext: 36.9ms | Inf: 13.8ms | Total: 50.7ms
23:03:36 | Mask: [0.0, 1.0, 1.0, 0.0, 1.0] | Prob: 0.4864 | Attn: [0.0, 0.352, 0.332, 0.0, 0.316] | Ext: 36.9ms | Inf: 15.3ms | Total: 52.1ms
23:03:36 | Mask: [0.0, 1.0, 1.0, 0.0, 1.0] | Prob: 0.4881 | Attn: [0.0, 0.353, 0.332, 0.0, 0.316] | Ext: 41.1ms | Inf: 10.4ms | Total: 51.4ms
23:03:36 | Mask: [0.0, 1.0, 1.0, 0.0, 1.0] | Prob: 0.4894 | Attn: [0.0, 0.353, 0.332, 0.0, 0.316] | Ext: 41.1ms | Inf: 14.2ms | Total: 55.3ms
23:03:37 | Mask: [0.0, 1.0, 1.0, 0.0, 1.0] | Prob: 0.4905 | Attn: [0.0, 0.353, 0.332, 0.0, 0.315] | Ext: 45.1ms | Inf: 11.8ms | Total: 56.9ms
23:03:37 | Mask: [0.0, 1.0, 1.0, 0.0, 1.0] | Prob: 0.4913 | Attn: [0.0, 0.353, 0.331, 0.0, 0.315] | Ext: 39.5ms | Inf: 13.1ms | Total: 52.6ms
23:03:37 | Mask: [0.0, 1.0, 1.0, 0.0, 1.0] | Prob: 0.4915 | Attn: [0.0, 0.353, 0.332, 0.0, 0.316] | Ext: 39.5ms | Inf: 11.2ms | Total: 50.7ms
23:03:37 | Mask: [0.0, 1.0, 1.0, 0.0, 1.0] | Prob: 0.4916 | Attn: [0.0, 0.352, 0.332, 0.0, 0.316] | Ext: 42.9ms | Inf: 11.4ms | Total: 54.4ms
23:03:37 | Mask: [0.0, 1.0, 1.0, 0.0, 1.0] | Prob: 0.4917 | Attn: [0.0, 0.352, 0.332, 0.0, 0.316] | Ext: 42.9ms | Inf: 11.4ms | Total: 54.3ms
23:03:37 | Mask: [0.0, 1.0, 1.0, 0.0, 1.0] | Prob: 0.4916 | Attn: [0.0, 0.352, 0.333, 0.0, 0.316] | Ext: 36.0ms | Inf: 12.2ms | Total: 48.2ms
23:03:37 | Mask: [0.0, 1.0, 1.0, 0.0, 1.0] | Prob: 0.4915 | Attn: [0.0, 0.352, 0.333, 0.0, 0.316] | Ext: 36.0ms | Inf: 16.1ms | Total: 52.1ms
23:03:38 | Mask: [0.0, 1.0, 1.0, 0.0, 1.0] | Prob: 0.4914 | Attn: [0.0, 0.352, 0.333, 0.0, 0.315] | Ext: 39.8ms | Inf: 12.8ms | Total: 52.6ms
23:03:38 | Mask: [0.0, 1.0, 1.0, 0.0, 1.0] | Prob: 0.4914 | Attn: [0.0, 0.352, 0.333, 0.0, 0.315] | Ext: 39.8ms | Inf: 14.6ms | Total: 54.4ms
23:03:38 | Mask: [0.0, 1.0, 1.0, 0.0, 1.0] | Prob: 0.4914 | Attn: [0.0, 0.352, 0.333, 0.0, 0.315] | Ext: 35.1ms | Inf: 14.1ms | Total: 49.3ms
23:03:38 | Mask: [0.0, 1.0, 1.0, 0.0, 1.0] | Prob: 0.4915 | Attn: [0.0, 0.352, 0.333, 0.0, 0.315] | Ext: 35.1ms | Inf: 13.1ms | Total: 48.3ms
23:03:38 | Mask: [0.0, 1.0, 1.0, 0.0, 1.0] | Prob: 0.4915 | Attn: [0.0, 0.352, 0.333, 0.0, 0.315] | Ext: 38.1ms | Inf: 18.0ms | Total: 56.1ms
23:03:38 | Mask: [0.0, 1.0, 1.0, 0.0, 1.0] | Prob: 0.4914 | Attn: [0.0, 0.351, 0.333, 0.0, 0.316] | Ext: 38.0ms | Inf: 14.5ms | Total: 52.5ms
23:03:38 | Mask: [0.0, 1.0, 1.0, 0.0, 1.0] | Prob: 0.4913 | Attn: [0.0, 0.351, 0.333, 0.0, 0.316] | Ext: 38.0ms | Inf: 20.7ms | Total: 58.7ms
23:03:39 | Mask: [0.0, 1.0, 1.0, 0.0, 1.0] | Prob: 0.4914 | Attn: [0.0, 0.351, 0.333, 0.0, 0.316] | Ext: 39.8ms | Inf: 15.3ms | Total: 55.0ms
23:03:39 | Mask: [0.0, 1.0, 1.0, 0.0, 1.0] | Prob: 0.4915 | Attn: [0.0, 0.351, 0.333, 0.0, 0.316] | Ext: 39.8ms | Inf: 13.4ms | Total: 53.2ms
23:03:39 | Mask: [0.0, 1.0, 1.0, 0.0, 1.0] | Prob: 0.4913 | Attn: [0.0, 0.35, 0.333, 0.0, 0.317] | Ext: 32.7ms | Inf: 11.5ms | Total: 44.2ms
23:03:39 | Mask: [0.0, 1.0, 1.0, 0.0, 1.0] | Prob: 0.4910 | Attn: [0.0, 0.35, 0.333, 0.0, 0.317] | Ext: 32.7ms | Inf: 11.9ms | Total: 44.6ms
23:03:39 | Mask: [0.0, 1.0, 1.0, 0.0, 1.0] | Prob: 0.4907 | Attn: [0.0, 0.349, 0.334, 0.0, 0.317] | Ext: 33.8ms | Inf: 10.4ms | Total: 44.3ms
23:03:39 | Mask: [0.0, 1.0, 1.0, 0.0, 1.0] | Prob: 0.4903 | Attn: [0.0, 0.349, 0.334, 0.0, 0.317] | Ext: 34.7ms | Inf: 11.6ms | Total: 46.4ms
23:03:39 | Mask: [0.0, 1.0, 1.0, 0.0, 1.0] | Prob: 0.4900 | Attn: [0.0, 0.349, 0.334, 0.0, 0.317] | Ext: 34.7ms | Inf: 17.0ms | Total: 51.8ms
23:03:39 | Mask: [0.0, 1.0, 1.0, 0.0, 1.0] | Prob: 0.4897 | Attn: [0.0, 0.349, 0.334, 0.0, 0.317] | Ext: 33.8ms | Inf: 10.0ms | Total: 43.8ms
23:03:40 | Mask: [0.0, 1.0, 1.0, 0.0, 1.0] | Prob: 0.4894 | Attn: [0.0, 0.349, 0.334, 0.0, 0.317] | Ext: 33.8ms | Inf: 12.2ms | Total: 46.0ms
23:03:40 | Mask: [0.0, 1.0, 1.0, 0.0, 1.0] | Prob: 0.4892 | Attn: [0.0, 0.349, 0.334, 0.0, 0.317] | Ext: 35.5ms | Inf: 16.6ms | Total: 52.1ms
23:03:40 | Mask: [0.0, 1.0, 1.0, 0.0, 1.0] | Prob: 0.4891 | Attn: [0.0, 0.349, 0.334, 0.0, 0.317] | Ext: 35.5ms | Inf: 12.3ms | Total: 47.8ms
23:03:40 | Mask: [0.0, 1.0, 1.0, 0.0, 1.0] | Prob: 0.4890 | Attn: [0.0, 0.35, 0.334, 0.0, 0.317] | Ext: 32.7ms | Inf: 11.2ms | Total: 43.9ms
23:03:40 | Mask: [0.0, 1.0, 1.0, 0.0, 1.0] | Prob: 0.4889 | Attn: [0.0, 0.35, 0.334, 0.0, 0.317] | Ext: 32.1ms | Inf: 11.3ms | Total: 43.4ms
23:03:40 | Mask: [0.0, 1.0, 1.0, 0.0, 1.0] | Prob: 0.4888 | Attn: [0.0, 0.35, 0.334, 0.0, 0.317] | Ext: 32.1ms | Inf: 10.5ms | Total: 42.7ms
23:03:40 | Mask: [0.0, 1.0, 1.0, 0.0, 1.0] | Prob: 0.4888 | Attn: [0.0, 0.349, 0.334, 0.0, 0.317] | Ext: 42.6ms | Inf: 13.8ms | Total: 56.4ms
23:03:41 | Mask: [0.0, 1.0, 1.0, 0.0, 1.0] | Prob: 0.4888 | Attn: [0.0, 0.349, 0.334, 0.0, 0.317] | Ext: 42.6ms | Inf: 10.0ms | Total: 52.6ms
23:03:41 | Mask: [0.0, 1.0, 1.0, 0.0, 1.0] | Prob: 0.4889 | Attn: [0.0, 0.349, 0.334, 0.0, 0.317] | Ext: 36.6ms | Inf: 13.1ms | Total: 49.7ms
23:03:41 | Mask: [0.0, 1.0, 1.0, 0.0, 1.0] | Prob: 0.4891 | Attn: [0.0, 0.349, 0.334, 0.0, 0.317] | Ext: 36.6ms | Inf: 9.8ms | Total: 46.4ms
23:03:41 | Mask: [0.0, 1.0, 1.0, 0.0, 1.0] | Prob: 0.4893 | Attn: [0.0, 0.35, 0.334, 0.0, 0.317] | Ext: 32.5ms | Inf: 10.2ms | Total: 42.7ms
23:03:41 | Mask: [0.0, 1.0, 1.0, 0.0, 1.0] | Prob: 0.4894 | Attn: [0.0, 0.35, 0.333, 0.0, 0.316] | Ext: 32.5ms | Inf: 11.5ms | Total: 43.9ms
23:03:41 | Mask: [0.0, 1.0, 1.0, 0.0, 1.0] | Prob: 0.4896 | Attn: [0.0, 0.351, 0.333, 0.0, 0.316] | Ext: 30.5ms | Inf: 10.1ms | Total: 40.6ms
23:03:41 | Mask: [0.0, 1.0, 1.0, 0.0, 1.0] | Prob: 0.4897 | Attn: [0.0, 0.351, 0.333, 0.0, 0.316] | Ext: 33.4ms | Inf: 13.4ms | Total: 46.8ms
23:03:41 | Mask: [0.0, 1.0, 1.0, 0.0, 1.0] | Prob: 0.4899 | Attn: [0.0, 0.351, 0.333, 0.0, 0.316] | Ext: 33.4ms | Inf: 10.4ms | Total: 43.9ms
23:03:42 | Mask: [0.0, 1.0, 1.0, 0.0, 1.0] | Prob: 0.4900 | Attn: [0.0, 0.351, 0.333, 0.0, 0.316] | Ext: 38.9ms | Inf: 11.6ms | Total: 50.6ms
23:03:42 | Mask: [0.0, 1.0, 1.0, 0.0, 1.0] | Prob: 0.4901 | Attn: [0.0, 0.351, 0.333, 0.0, 0.316] | Ext: 38.9ms | Inf: 11.7ms | Total: 50.7ms
23:03:42 | Mask: [0.0, 1.0, 1.0, 0.0, 1.0] | Prob: 0.4899 | Attn: [0.0, 0.35, 0.333, 0.0, 0.316] | Ext: 35.9ms | Inf: 15.0ms | Total: 50.9ms
23:03:42 | Mask: [0.0, 1.0, 1.0, 0.0, 1.0] | Prob: 0.4896 | Attn: [0.0, 0.35, 0.333, 0.0, 0.316] | Ext: 35.9ms | Inf: 12.9ms | Total: 48.8ms
23:03:42 | Mask: [0.0, 1.0, 1.0, 0.0, 1.0] | Prob: 0.4895 | Attn: [0.0, 0.35, 0.333, 0.0, 0.316] | Ext: 39.6ms | Inf: 11.4ms | Total: 51.0ms
23:03:42 | Mask: [0.0, 1.0, 1.0, 0.0, 1.0] | Prob: 0.4895 | Attn: [0.0, 0.35, 0.333, 0.0, 0.316] | Ext: 39.6ms | Inf: 12.0ms | Total: 51.6ms
23:03:42 | Mask: [0.0, 1.0, 1.0, 0.0, 1.0] | Prob: 0.4894 | Attn: [0.0, 0.351, 0.333, 0.0, 0.316] | Ext: 41.7ms | Inf: 14.5ms | Total: 56.2ms
23:03:43 | Mask: [0.0, 1.0, 1.0, 0.0, 1.0] | Prob: 0.4894 | Attn: [0.0, 0.351, 0.333, 0.0, 0.316] | Ext: 41.7ms | Inf: 11.9ms | Total: 53.6ms
23:03:43 | Mask: [0.0, 1.0, 1.0, 0.0, 1.0] | Prob: 0.4893 | Attn: [0.0, 0.351, 0.333, 0.0, 0.317] | Ext: 35.1ms | Inf: 11.6ms | Total: 46.7ms
23:03:43 | Mask: [0.0, 1.0, 1.0, 0.0, 1.0] | Prob: 0.4891 | Attn: [0.0, 0.35, 0.333, 0.0, 0.317] | Ext: 35.1ms | Inf: 11.8ms | Total: 47.0ms
23:03:43 | Mask: [0.0, 1.0, 1.0, 0.0, 1.0] | Prob: 0.4890 | Attn: [0.0, 0.35, 0.333, 0.0, 0.317] | Ext: 44.4ms | Inf: 10.6ms | Total: 55.0ms
23:03:43 | Mask: [0.0, 1.0, 1.0, 0.0, 1.0] | Prob: 0.4886 | Attn: [0.0, 0.351, 0.333, 0.0, 0.316] | Ext: 37.4ms | Inf: 10.4ms | Total: 47.8ms
23:03:43 | Mask: [0.0, 1.0, 1.0, 0.0, 1.0] | Prob: 0.4882 | Attn: [0.0, 0.352, 0.333, 0.0, 0.316] | Ext: 37.4ms | Inf: 13.8ms | Total: 51.3ms
23:03:43 | Mask: [0.0, 1.0, 1.0, 0.0, 1.0] | Prob: 0.4878 | Attn: [0.0, 0.352, 0.332, 0.0, 0.315] | Ext: 29.8ms | Inf: 10.2ms | Total: 40.0ms
23:03:43 | Mask: [0.0, 1.0, 1.0, 0.0, 1.0] | Prob: 0.4875 | Attn: [0.0, 0.352, 0.332, 0.0, 0.315] | Ext: 29.8ms | Inf: 12.2ms | Total: 42.1ms
23:03:44 | Mask: [0.0, 1.0, 1.0, 0.0, 1.0] | Prob: 0.4872 | Attn: [0.0, 0.352, 0.332, 0.0, 0.315] | Ext: 34.6ms | Inf: 10.2ms | Total: 44.7ms
23:03:44 | Mask: [0.0, 1.0, 1.0, 0.0, 1.0] | Prob: 0.4871 | Attn: [0.0, 0.352, 0.332, 0.0, 0.315] | Ext: 34.6ms | Inf: 12.1ms | Total: 46.6ms
23:03:44 | Mask: [0.0, 1.0, 1.0, 0.0, 1.0] | Prob: 0.4872 | Attn: [0.0, 0.353, 0.332, 0.0, 0.315] | Ext: 35.5ms | Inf: 10.1ms | Total: 45.6ms
23:03:44 | Mask: [0.0, 1.0, 1.0, 0.0, 1.0] | Prob: 0.4874 | Attn: [0.0, 0.353, 0.332, 0.0, 0.315] | Ext: 33.1ms | Inf: 10.6ms | Total: 43.8ms
23:03:44 | Mask: [0.0, 1.0, 1.0, 0.0, 1.0] | Prob: 0.4874 | Attn: [0.0, 0.353, 0.332, 0.0, 0.315] | Ext: 33.1ms | Inf: 9.5ms | Total: 42.6ms
23:03:44 | Mask: [0.0, 1.0, 1.0, 0.0, 1.0] | Prob: 0.4874 | Attn: [0.0, 0.352, 0.332, 0.0, 0.315] | Ext: 31.5ms | Inf: 13.0ms | Total: 44.5ms
23:03:44 | Mask: [0.0, 1.0, 1.0, 0.0, 1.0] | Prob: 0.4873 | Attn: [0.0, 0.352, 0.332, 0.0, 0.316] | Ext: 31.5ms | Inf: 10.8ms | Total: 42.3ms
23:03:44 | Mask: [0.0, 1.0, 1.0, 0.0, 1.0] | Prob: 0.4877 | Attn: [0.0, 0.352, 0.332, 0.0, 0.316] | Ext: 28.8ms | Inf: 10.7ms | Total: 39.5ms
23:03:45 | Mask: [0.0, 1.0, 1.0, 0.0, 1.0] | Prob: 0.4881 | Attn: [0.0, 0.352, 0.332, 0.0, 0.316] | Ext: 28.8ms | Inf: 23.4ms | Total: 52.2ms
23:03:45 | Mask: [0.0, 1.0, 1.0, 0.0, 1.0] | Prob: 0.4883 | Attn: [0.0, 0.352, 0.332, 0.0, 0.316] | Ext: 45.7ms | Inf: 15.4ms | Total: 61.0ms
23:03:45 | Mask: [0.0, 1.0, 1.0, 0.0, 1.0] | Prob: 0.4883 | Attn: [0.0, 0.353, 0.332, 0.0, 0.316] | Ext: 45.7ms | Inf: 13.7ms | Total: 59.3ms
23:03:45 | Mask: [0.0, 1.0, 1.0, 0.0, 1.0] | Prob: 0.4884 | Attn: [0.0, 0.353, 0.332, 0.0, 0.315] | Ext: 47.4ms | Inf: 33.3ms | Total: 80.7ms
23:03:45 | Mask: [0.0, 1.0, 1.0, 0.0, 1.0] | Prob: 0.4886 | Attn: [0.0, 0.353, 0.332, 0.0, 0.315] | Ext: 47.6ms | Inf: 33.5ms | Total: 81.1ms
23:03:45 | Mask: [0.0, 1.0, 1.0, 0.0, 1.0] | Prob: 0.4889 | Attn: [0.0, 0.352, 0.332, 0.0, 0.315] | Ext: 47.6ms | Inf: 62.4ms | Total: 110.0ms
23:03:46 | Mask: [0.0, 1.0, 1.0, 0.0, 1.0] | Prob: 0.4890 | Attn: [0.0, 0.353, 0.332, 0.0, 0.315] | Ext: 99.7ms | Inf: 19.4ms | Total: 119.1ms
23:03:46 | Mask: [0.0, 1.0, 1.0, 0.0, 1.0] | Prob: 0.4890 | Attn: [0.0, 0.353, 0.332, 0.0, 0.315] | Ext: 99.7ms | Inf: 14.1ms | Total: 113.8ms
23:03:46 | Mask: [0.0, 1.0, 1.0, 0.0, 1.0] | Prob: 0.4892 | Attn: [0.0, 0.353, 0.332, 0.0, 0.315] | Ext: 39.0ms | Inf: 20.7ms | Total: 59.7ms
23:03:46 | Mask: [0.0, 1.0, 1.0, 0.0, 1.0] | Prob: 0.4894 | Attn: [0.0, 0.352, 0.332, 0.0, 0.315] | Ext: 41.0ms | Inf: 13.5ms | Total: 54.5ms
23:03:46 | Mask: [0.0, 1.0, 1.0, 0.0, 1.0] | Prob: 0.4895 | Attn: [0.0, 0.352, 0.332, 0.0, 0.316] | Ext: 41.0ms | Inf: 10.8ms | Total: 51.8ms
23:03:46 | Mask: [0.0, 1.0, 1.0, 0.0, 1.0] | Prob: 0.4897 | Attn: [0.0, 0.352, 0.333, 0.0, 0.316] | Ext: 30.2ms | Inf: 10.5ms | Total: 40.7ms
23:03:46 | Mask: [0.0, 1.0, 1.0, 0.0, 1.0] | Prob: 0.4900 | Attn: [0.0, 0.351, 0.333, 0.0, 0.316] | Ext: 30.2ms | Inf: 14.5ms | Total: 44.7ms
23:03:47 | Mask: [0.0, 1.0, 1.0, 0.0, 1.0] | Prob: 0.4901 | Attn: [0.0, 0.351, 0.333, 0.0, 0.316] | Ext: 42.1ms | Inf: 14.4ms | Total: 56.6ms
23:03:47 | Mask: [0.0, 1.0, 1.0, 0.0, 1.0] | Prob: 0.4902 | Attn: [0.0, 0.351, 0.333, 0.0, 0.316] | Ext: 42.1ms | Inf: 18.8ms | Total: 60.9ms
23:03:47 | Mask: [0.0, 1.0, 1.0, 0.0, 1.0] | Prob: 0.4900 | Attn: [0.0, 0.351, 0.333, 0.0, 0.316] | Ext: 45.3ms | Inf: 17.1ms | Total: 62.4ms
23:03:47 | Mask: [0.0, 1.0, 1.0, 0.0, 1.0] | Prob: 0.4893 | Attn: [0.0, 0.352, 0.332, 0.0, 0.316] | Ext: 44.2ms | Inf: 15.0ms | Total: 59.1ms
23:03:47 | Mask: [0.0, 1.0, 1.0, 0.0, 1.0] | Prob: 0.4885 | Attn: [0.0, 0.353, 0.332, 0.0, 0.315] | Ext: 44.2ms | Inf: 12.7ms | Total: 56.8ms
23:03:47 | Mask: [0.0, 1.0, 1.0, 0.0, 1.0] | Prob: 0.4877 | Attn: [0.0, 0.353, 0.332, 0.0, 0.315] | Ext: 40.7ms | Inf: 13.4ms | Total: 54.1ms
23:03:47 | Mask: [0.0, 1.0, 1.0, 0.0, 1.0] | Prob: 0.4869 | Attn: [0.0, 0.353, 0.332, 0.0, 0.316] | Ext: 40.7ms | Inf: 17.4ms | Total: 58.1ms
23:03:48 | Mask: [0.0, 1.0, 1.0, 0.0, 1.0] | Prob: 0.4864 | Attn: [0.0, 0.353, 0.332, 0.0, 0.315] | Ext: 45.0ms | Inf: 10.9ms | Total: 55.8ms
23:03:48 | Mask: [0.0, 1.0, 1.0, 0.0, 1.0] | Prob: 0.4860 | Attn: [0.0, 0.353, 0.332, 0.0, 0.315] | Ext: 45.0ms | Inf: 13.1ms | Total: 58.1ms
23:03:48 | Mask: [1.0, 1.0, 1.0, 0.0, 1.0] | Prob: 0.4498 | Attn: [0.24, 0.268, 0.252, 0.0, 0.239] | Ext: 13940.0ms | Inf: 13.6ms | Total: 13953.6ms
23:03:48 | Mask: [1.0, 1.0, 1.0, 0.0, 1.0] | Prob: 0.4246 | Attn: [0.24, 0.268, 0.252, 0.0, 0.239] | Ext: 13940.0ms | Inf: 11.5ms | Total: 13951.5ms
23:03:48 | Mask: [1.0, 1.0, 1.0, 0.0, 1.0] | Prob: 0.4072 | Attn: [0.24, 0.268, 0.252, 0.0, 0.24] | Ext: 13940.0ms | Inf: 12.9ms | Total: 13952.9ms
23:03:48 | Mask: [1.0, 1.0, 1.0, 0.0, 1.0] | Prob: 0.3949 | Attn: [0.24, 0.268, 0.252, 0.0, 0.24] | Ext: 13940.0ms | Inf: 12.4ms | Total: 13952.4ms
23:03:48 | Mask: [1.0, 1.0, 1.0, 0.0, 1.0] | Prob: 0.3862 | Attn: [0.24, 0.268, 0.252, 0.0, 0.24] | Ext: 13940.0ms | Inf: 10.3ms | Total: 13950.3ms
23:03:49 | Mask: [1.0, 1.0, 1.0, 0.0, 1.0] | Prob: 0.3802 | Attn: [0.24, 0.267, 0.252, 0.0, 0.241] | Ext: 13940.0ms | Inf: 11.6ms | Total: 13951.6ms
23:03:49 | Mask: [1.0, 1.0, 1.0, 0.0, 1.0] | Prob: 0.3762 | Attn: [0.24, 0.267, 0.252, 0.0, 0.241] | Ext: 13940.0ms | Inf: 10.4ms | Total: 13950.4ms
23:03:49 | Mask: [1.0, 1.0, 1.0, 0.0, 1.0] | Prob: 0.3733 | Attn: [0.24, 0.267, 0.252, 0.0, 0.241] | Ext: 13940.0ms | Inf: 10.4ms | Total: 13950.4ms
23:03:49 | Mask: [1.0, 1.0, 1.0, 0.0, 1.0] | Prob: 0.3712 | Attn: [0.24, 0.266, 0.252, 0.0, 0.241] | Ext: 13940.0ms | Inf: 14.5ms | Total: 13954.5ms
23:03:49 | Mask: [1.0, 1.0, 1.0, 0.0, 1.0] | Prob: 0.3697 | Attn: [0.241, 0.266, 0.252, 0.0, 0.241] | Ext: 13940.0ms | Inf: 10.3ms | Total: 13950.3ms
23:03:49 | Mask: [1.0, 1.0, 1.0, 0.0, 1.0] | Prob: 0.3687 | Attn: [0.241, 0.265, 0.253, 0.0, 0.241] | Ext: 13940.0ms | Inf: 13.6ms | Total: 13953.6ms
23:03:49 | Mask: [1.0, 1.0, 1.0, 0.0, 1.0] | Prob: 0.3682 | Attn: [0.241, 0.264, 0.253, 0.0, 0.242] | Ext: 13940.0ms | Inf: 11.4ms | Total: 13951.4ms
23:03:49 | Mask: [1.0, 1.0, 1.0, 0.0, 1.0] | Prob: 0.3680 | Attn: [0.241, 0.264, 0.253, 0.0, 0.243] | Ext: 13940.0ms | Inf: 11.9ms | Total: 13951.9ms
23:03:50 | Mask: [1.0, 1.0, 1.0, 0.0, 1.0] | Prob: 0.3679 | Attn: [0.241, 0.264, 0.252, 0.0, 0.243] | Ext: 13940.0ms | Inf: 10.3ms | Total: 13950.3ms
23:03:50 | Mask: [1.0, 1.0, 1.0, 0.0, 1.0] | Prob: 0.3677 | Attn: [0.241, 0.264, 0.252, 0.0, 0.243] | Ext: 13940.0ms | Inf: 11.5ms | Total: 13951.5ms
23:03:50 | Mask: [1.0, 1.0, 1.0, 0.0, 1.0] | Prob: 0.3674 | Attn: [0.241, 0.264, 0.252, 0.0, 0.243] | Ext: 13940.0ms | Inf: 11.3ms | Total: 13951.3ms
23:03:50 | Mask: [1.0, 1.0, 1.0, 0.0, 1.0] | Prob: 0.3675 | Attn: [0.241, 0.264, 0.252, 0.0, 0.243] | Ext: 13940.0ms | Inf: 10.8ms | Total: 13950.8ms
23:03:50 | Mask: [1.0, 1.0, 1.0, 0.0, 1.0] | Prob: 0.3676 | Attn: [0.241, 0.263, 0.252, 0.0, 0.243] | Ext: 13940.0ms | Inf: 14.6ms | Total: 13954.6ms
23:03:50 | Mask: [1.0, 1.0, 1.0, 0.0, 1.0] | Prob: 0.3677 | Attn: [0.241, 0.263, 0.253, 0.0, 0.243] | Ext: 13940.0ms | Inf: 10.2ms | Total: 13950.2ms
23:03:50 | Mask: [1.0, 1.0, 1.0, 0.0, 1.0] | Prob: 0.3678 | Attn: [0.241, 0.263, 0.253, 0.0, 0.243] | Ext: 13940.0ms | Inf: 13.0ms | Total: 13953.0ms
23:03:51 | Mask: [1.0, 1.0, 1.0, 0.0, 1.0] | Prob: 0.3679 | Attn: [0.241, 0.263, 0.252, 0.0, 0.243] | Ext: 13940.0ms | Inf: 13.4ms | Total: 13953.4ms
23:03:51 | Mask: [1.0, 1.0, 1.0, 0.0, 1.0] | Prob: 0.3680 | Attn: [0.241, 0.263, 0.252, 0.0, 0.244] | Ext: 13940.0ms | Inf: 24.7ms | Total: 13964.7ms
23:03:51 | Mask: [1.0, 1.0, 1.0, 0.0, 1.0] | Prob: 0.3679 | Attn: [0.241, 0.263, 0.252, 0.0, 0.244] | Ext: 13940.0ms | Inf: 18.0ms | Total: 13958.0ms
23:03:51 | Mask: [1.0, 1.0, 1.0, 0.0, 1.0] | Prob: 0.3676 | Attn: [0.241, 0.264, 0.253, 0.0, 0.243] | Ext: 13940.0ms | Inf: 17.9ms | Total: 13957.9ms
23:03:51 | Mask: [1.0, 1.0, 1.0, 0.0, 1.0] | Prob: 0.4060 | Attn: [0.285, 0.249, 0.238, 0.0, 0.228] | Ext: 86.1ms | Inf: 10.9ms | Total: 97.0ms
23:03:51 | Mask: [1.0, 1.0, 1.0, 0.0, 1.0] | Prob: 0.4332 | Attn: [0.285, 0.248, 0.238, 0.0, 0.228] | Ext: 86.1ms | Inf: 19.0ms | Total: 105.1ms
23:03:51 | Mask: [1.0, 1.0, 1.0, 0.0, 1.0] | Prob: 0.4523 | Attn: [0.286, 0.248, 0.238, 0.0, 0.228] | Ext: 86.1ms | Inf: 13.2ms | Total: 99.3ms
23:03:52 | Mask: [1.0, 1.0, 1.0, 0.0, 1.0] | Prob: 0.4658 | Attn: [0.286, 0.248, 0.238, 0.0, 0.228] | Ext: 86.1ms | Inf: 23.0ms | Total: 109.1ms
23:03:52 | Mask: [1.0, 1.0, 1.0, 0.0, 1.0] | Prob: 0.4753 | Attn: [0.286, 0.248, 0.238, 0.0, 0.228] | Ext: 86.1ms | Inf: 12.8ms | Total: 98.9ms
23:03:52 | Mask: [1.0, 1.0, 1.0, 0.0, 1.0] | Prob: 0.4820 | Attn: [0.286, 0.248, 0.238, 0.0, 0.228] | Ext: 86.1ms | Inf: 11.2ms | Total: 97.3ms
23:03:52 | Mask: [1.0, 1.0, 1.0, 0.0, 1.0] | Prob: 0.4868 | Attn: [0.286, 0.249, 0.238, 0.0, 0.227] | Ext: 86.1ms | Inf: 15.9ms | Total: 102.0ms
23:03:52 | Mask: [1.0, 1.0, 1.0, 0.0, 1.0] | Prob: 0.4901 | Attn: [0.285, 0.249, 0.238, 0.0, 0.227] | Ext: 86.1ms | Inf: 11.4ms | Total: 97.5ms
23:03:52 | Mask: [1.0, 1.0, 1.0, 0.0, 1.0] | Prob: 0.4925 | Attn: [0.285, 0.249, 0.238, 0.0, 0.227] | Ext: 86.1ms | Inf: 13.2ms | Total: 99.3ms
23:03:52 | Mask: [1.0, 1.0, 1.0, 0.0, 1.0] | Prob: 0.4917 | Attn: [0.247, 0.262, 0.251, 0.0, 0.24] | Ext: 86.1ms | Inf: 11.1ms | Total: 97.2ms
23:03:52 | Mask: [1.0, 1.0, 1.0, 0.0, 1.0] | Prob: 0.4912 | Attn: [0.247, 0.263, 0.251, 0.0, 0.239] | Ext: 86.1ms | Inf: 11.7ms | Total: 97.8ms
23:03:53 | Mask: [1.0, 1.0, 1.0, 0.0, 1.0] | Prob: 0.4908 | Attn: [0.247, 0.263, 0.251, 0.0, 0.239] | Ext: 86.1ms | Inf: 12.7ms | Total: 98.8ms
23:03:53 | Mask: [1.0, 1.0, 1.0, 0.0, 1.0] | Prob: 0.4904 | Attn: [0.247, 0.263, 0.251, 0.0, 0.24] | Ext: 86.1ms | Inf: 16.3ms | Total: 102.4ms
23:03:53 | Mask: [1.0, 1.0, 1.0, 0.0, 1.0] | Prob: 0.4900 | Attn: [0.247, 0.262, 0.251, 0.0, 0.24] | Ext: 86.1ms | Inf: 12.9ms | Total: 99.0ms
23:03:53 | Mask: [1.0, 1.0, 1.0, 0.0, 1.0] | Prob: 0.4897 | Attn: [0.247, 0.262, 0.251, 0.0, 0.24] | Ext: 86.1ms | Inf: 10.1ms | Total: 96.2ms
23:03:53 | Mask: [1.0, 1.0, 1.0, 0.0, 1.0] | Prob: 0.4895 | Attn: [0.247, 0.263, 0.251, 0.0, 0.239] | Ext: 86.1ms | Inf: 11.5ms | Total: 97.6ms
23:03:53 | Mask: [1.0, 1.0, 1.0, 0.0, 1.0] | Prob: 0.4893 | Attn: [0.247, 0.263, 0.251, 0.0, 0.239] | Ext: 86.1ms | Inf: 10.3ms | Total: 96.4ms
23:03:53 | Mask: [1.0, 1.0, 1.0, 0.0, 1.0] | Prob: 0.4891 | Attn: [0.247, 0.263, 0.251, 0.0, 0.24] | Ext: 86.1ms | Inf: 11.3ms | Total: 97.3ms
23:03:54 | Mask: [1.0, 1.0, 1.0, 0.0, 1.0] | Prob: 0.4889 | Attn: [0.247, 0.262, 0.251, 0.0, 0.24] | Ext: 86.1ms | Inf: 12.4ms | Total: 98.5ms
23:03:54 | Mask: [1.0, 1.0, 1.0, 0.0, 1.0] | Prob: 0.4886 | Attn: [0.247, 0.261, 0.251, 0.0, 0.241] | Ext: 86.1ms | Inf: 11.3ms | Total: 97.4ms
23:03:54 | Mask: [1.0, 1.0, 1.0, 0.0, 1.0] | Prob: 0.4883 | Attn: [0.247, 0.261, 0.251, 0.0, 0.242] | Ext: 86.1ms | Inf: 10.0ms | Total: 96.1ms
23:03:54 | Mask: [1.0, 1.0, 1.0, 0.0, 1.0] | Prob: 0.4882 | Attn: [0.247, 0.26, 0.251, 0.0, 0.242] | Ext: 86.1ms | Inf: 11.2ms | Total: 97.3ms
23:03:54 | Mask: [1.0, 1.0, 1.0, 0.0, 1.0] | Prob: 0.4889 | Attn: [0.033, 0.334, 0.323, 0.0, 0.311] | Ext: 95.7ms | Inf: 12.7ms | Total: 108.5ms
23:03:54 | Mask: [1.0, 1.0, 1.0, 0.0, 1.0] | Prob: 0.4896 | Attn: [0.033, 0.334, 0.323, 0.0, 0.31] | Ext: 95.7ms | Inf: 20.2ms | Total: 116.0ms
23:03:54 | Mask: [1.0, 1.0, 1.0, 0.0, 1.0] | Prob: 0.4901 | Attn: [0.033, 0.334, 0.323, 0.0, 0.31] | Ext: 95.7ms | Inf: 13.0ms | Total: 108.7ms
23:03:54 | Mask: [1.0, 1.0, 1.0, 0.0, 1.0] | Prob: 0.4905 | Attn: [0.033, 0.334, 0.323, 0.0, 0.31] | Ext: 95.7ms | Inf: 12.7ms | Total: 108.5ms
23:03:55 | Mask: [1.0, 1.0, 1.0, 0.0, 1.0] | Prob: 0.4907 | Attn: [0.033, 0.334, 0.323, 0.0, 0.31] | Ext: 95.7ms | Inf: 11.2ms | Total: 107.0ms
23:03:55 | Mask: [1.0, 1.0, 1.0, 0.0, 1.0] | Prob: 0.4910 | Attn: [0.033, 0.333, 0.323, 0.0, 0.311] | Ext: 95.7ms | Inf: 9.5ms | Total: 105.2ms
23:03:55 | Mask: [1.0, 1.0, 1.0, 0.0, 1.0] | Prob: 0.4914 | Attn: [0.033, 0.334, 0.323, 0.0, 0.31] | Ext: 95.7ms | Inf: 14.1ms | Total: 109.8ms
23:03:55 | Mask: [1.0, 1.0, 1.0, 0.0, 1.0] | Prob: 0.4917 | Attn: [0.033, 0.334, 0.323, 0.0, 0.31] | Ext: 95.7ms | Inf: 11.4ms | Total: 107.2ms
23:03:55 | Mask: [1.0, 1.0, 1.0, 0.0, 1.0] | Prob: 0.4920 | Attn: [0.033, 0.334, 0.323, 0.0, 0.31] | Ext: 95.7ms | Inf: 11.3ms | Total: 107.0ms
23:03:55 | Mask: [1.0, 1.0, 1.0, 0.0, 1.0] | Prob: 0.4962 | Attn: [0.079, 0.319, 0.307, 0.0, 0.295] | Ext: 95.7ms | Inf: 11.4ms | Total: 107.2ms
23:03:55 | Mask: [1.0, 1.0, 1.0, 0.0, 1.0] | Prob: 0.4993 | Attn: [0.079, 0.319, 0.307, 0.0, 0.295] | Ext: 95.7ms | Inf: 10.2ms | Total: 105.9ms
23:03:55 | Mask: [1.0, 1.0, 1.0, 0.0, 1.0] | Prob: 0.5015 | Attn: [0.079, 0.319, 0.307, 0.0, 0.295] | Ext: 95.7ms | Inf: 11.0ms | Total: 106.7ms
23:03:56 | Mask: [1.0, 1.0, 1.0, 0.0, 1.0] | Prob: 0.5030 | Attn: [0.079, 0.318, 0.307, 0.0, 0.295] | Ext: 95.7ms | Inf: 11.9ms | Total: 107.7ms
23:03:56 | Mask: [1.0, 1.0, 1.0, 0.0, 1.0] | Prob: 0.5039 | Attn: [0.079, 0.318, 0.308, 0.0, 0.296] | Ext: 95.7ms | Inf: 13.0ms | Total: 108.8ms
23:03:56 | Mask: [1.0, 1.0, 1.0, 0.0, 1.0] | Prob: 0.5043 | Attn: [0.079, 0.317, 0.308, 0.0, 0.296] | Ext: 95.7ms | Inf: 12.0ms | Total: 107.7ms
23:03:56 | Mask: [1.0, 1.0, 1.0, 0.0, 1.0] | Prob: 0.5045 | Attn: [0.079, 0.316, 0.308, 0.0, 0.297] | Ext: 95.7ms | Inf: 14.6ms | Total: 110.3ms
23:03:56 | Mask: [1.0, 1.0, 1.0, 0.0, 1.0] | Prob: 0.5049 | Attn: [0.079, 0.317, 0.308, 0.0, 0.296] | Ext: 95.7ms | Inf: 13.2ms | Total: 108.9ms
23:03:56 | Mask: [1.0, 1.0, 1.0, 0.0, 1.0] | Prob: 0.5050 | Attn: [0.079, 0.317, 0.308, 0.0, 0.295] | Ext: 95.7ms | Inf: 11.7ms | Total: 107.5ms
23:03:56 | Mask: [1.0, 1.0, 1.0, 0.0, 1.0] | Prob: 0.5050 | Attn: [0.079, 0.318, 0.308, 0.0, 0.295] | Ext: 95.7ms | Inf: 23.6ms | Total: 119.4ms
23:03:57 | Mask: [1.0, 1.0, 1.0, 0.0, 1.0] | Prob: 0.5054 | Attn: [0.079, 0.318, 0.308, 0.0, 0.294] | Ext: 95.7ms | Inf: 12.2ms | Total: 107.9ms
23:03:57 | Mask: [1.0, 1.0, 1.0, 0.0, 1.0] | Prob: 0.5058 | Attn: [0.079, 0.319, 0.308, 0.0, 0.294] | Ext: 95.7ms | Inf: 16.2ms | Total: 112.0ms
23:03:57 | Mask: [1.0, 1.0, 1.0, 0.0, 1.0] | Prob: 0.5060 | Attn: [0.079, 0.319, 0.308, 0.0, 0.294] | Ext: 95.7ms | Inf: 12.5ms | Total: 108.3ms
23:03:57 | Mask: [1.0, 1.0, 1.0, 0.0, 1.0] | Prob: 0.5061 | Attn: [0.079, 0.319, 0.308, 0.0, 0.294] | Ext: 95.7ms | Inf: 16.4ms | Total: 112.1ms
23:03:57 | Mask: [1.0, 1.0, 1.0, 0.0, 1.0] | Prob: 0.4956 | Attn: [0.179, 0.284, 0.275, 0.0, 0.262] | Ext: 144.8ms | Inf: 24.7ms | Total: 169.6ms
23:03:57 | Mask: [1.0, 1.0, 1.0, 0.0, 1.0] | Prob: 0.4882 | Attn: [0.179, 0.284, 0.275, 0.0, 0.262] | Ext: 144.8ms | Inf: 21.3ms | Total: 166.1ms
23:03:57 | Mask: [1.0, 1.0, 1.0, 0.0, 1.0] | Prob: 0.4831 | Attn: [0.179, 0.284, 0.274, 0.0, 0.262] | Ext: 144.8ms | Inf: 11.9ms | Total: 156.7ms
23:03:58 | Mask: [1.0, 1.0, 1.0, 0.0, 1.0] | Prob: 0.4796 | Attn: [0.179, 0.284, 0.274, 0.0, 0.263] | Ext: 144.8ms | Inf: 10.7ms | Total: 155.5ms
23:03:58 | Mask: [1.0, 1.0, 1.0, 0.0, 1.0] | Prob: 0.4771 | Attn: [0.179, 0.284, 0.274, 0.0, 0.263] | Ext: 144.8ms | Inf: 11.4ms | Total: 156.2ms
23:03:58 | Mask: [1.0, 1.0, 1.0, 0.0, 1.0] | Prob: 0.4756 | Attn: [0.178, 0.284, 0.274, 0.0, 0.263] | Ext: 144.8ms | Inf: 11.4ms | Total: 156.2ms
23:03:58 | Mask: [1.0, 1.0, 1.0, 0.0, 1.0] | Prob: 0.4745 | Attn: [0.178, 0.284, 0.274, 0.0, 0.263] | Ext: 144.8ms | Inf: 39.7ms | Total: 184.5ms
23:03:58 | Mask: [1.0, 1.0, 1.0, 0.0, 1.0] | Prob: 0.4734 | Attn: [0.178, 0.284, 0.274, 0.0, 0.264] | Ext: 144.8ms | Inf: 17.1ms | Total: 161.9ms
23:03:58 | Mask: [1.0, 1.0, 1.0, 0.0, 1.0] | Prob: 0.4725 | Attn: [0.179, 0.284, 0.274, 0.0, 0.264] | Ext: 144.8ms | Inf: 12.7ms | Total: 157.5ms
23:03:58 | Mask: [1.0, 1.0, 1.0, 0.0, 1.0] | Prob: 0.4533 | Attn: [0.279, 0.249, 0.24, 0.0, 0.231] | Ext: 144.8ms | Inf: 13.0ms | Total: 157.8ms
23:03:59 | Mask: [1.0, 1.0, 1.0, 0.0, 1.0] | Prob: 0.4399 | Attn: [0.279, 0.249, 0.24, 0.0, 0.231] | Ext: 144.8ms | Inf: 12.3ms | Total: 157.1ms
23:03:59 | Mask: [1.0, 1.0, 1.0, 0.0, 1.0] | Prob: 0.4306 | Attn: [0.279, 0.25, 0.24, 0.0, 0.231] | Ext: 144.8ms | Inf: 10.7ms | Total: 155.5ms
23:03:59 | Mask: [1.0, 1.0, 1.0, 0.0, 1.0] | Prob: 0.4241 | Attn: [0.279, 0.25, 0.24, 0.0, 0.231] | Ext: 144.8ms | Inf: 12.7ms | Total: 157.5ms
23:03:59 | Mask: [1.0, 1.0, 1.0, 0.0, 1.0] | Prob: 0.4196 | Attn: [0.279, 0.25, 0.24, 0.0, 0.231] | Ext: 144.8ms | Inf: 16.6ms | Total: 161.4ms
23:03:59 | Mask: [1.0, 1.0, 1.0, 0.0, 1.0] | Prob: 0.4163 | Attn: [0.279, 0.251, 0.24, 0.0, 0.231] | Ext: 144.8ms | Inf: 12.8ms | Total: 157.6ms
23:03:59 | Mask: [1.0, 1.0, 1.0, 0.0, 1.0] | Prob: 0.4142 | Attn: [0.279, 0.25, 0.24, 0.0, 0.231] | Ext: 144.8ms | Inf: 11.1ms | Total: 155.9ms
23:03:59 | Mask: [1.0, 1.0, 1.0, 0.0, 1.0] | Prob: 0.4127 | Attn: [0.279, 0.25, 0.24, 0.0, 0.231] | Ext: 144.8ms | Inf: 9.7ms | Total: 154.5ms
23:03:59 | Mask: [1.0, 1.0, 1.0, 0.0, 1.0] | Prob: 0.4117 | Attn: [0.279, 0.25, 0.24, 0.0, 0.231] | Ext: 144.8ms | Inf: 12.0ms | Total: 156.8ms
23:04:00 | Mask: [1.0, 1.0, 1.0, 0.0, 1.0] | Prob: 0.4108 | Attn: [0.279, 0.249, 0.24, 0.0, 0.231] | Ext: 144.8ms | Inf: 8.8ms | Total: 153.6ms
23:04:00 | Mask: [1.0, 1.0, 1.0, 0.0, 1.0] | Prob: 0.4101 | Attn: [0.279, 0.249, 0.24, 0.0, 0.231] | Ext: 144.8ms | Inf: 9.6ms | Total: 154.4ms
23:04:00 | Mask: [1.0, 1.0, 1.0, 0.0, 1.0] | Prob: 0.4096 | Attn: [0.279, 0.249, 0.24, 0.0, 0.231] | Ext: 144.8ms | Inf: 11.0ms | Total: 155.8ms
23:04:00 | Mask: [1.0, 1.0, 1.0, 0.0, 1.0] | Prob: 0.4094 | Attn: [0.279, 0.25, 0.24, 0.0, 0.231] | Ext: 144.8ms | Inf: 11.4ms | Total: 156.2ms
23:04:00 | Mask: [1.0, 1.0, 1.0, 0.0, 1.0] | Prob: 0.3973 | Attn: [0.301, 0.242, 0.233, 0.0, 0.225] | Ext: 73.9ms | Inf: 11.1ms | Total: 85.0ms
23:04:00 | Mask: [1.0, 1.0, 1.0, 0.0, 1.0] | Prob: 0.3889 | Attn: [0.301, 0.242, 0.233, 0.0, 0.225] | Ext: 73.9ms | Inf: 11.1ms | Total: 85.0ms
23:04:00 | Mask: [1.0, 1.0, 1.0, 0.0, 1.0] | Prob: 0.3830 | Attn: [0.301, 0.242, 0.233, 0.0, 0.224] | Ext: 73.9ms | Inf: 9.3ms | Total: 83.2ms
23:04:00 | Mask: [1.0, 1.0, 1.0, 0.0, 1.0] | Prob: 0.3789 | Attn: [0.301, 0.242, 0.233, 0.0, 0.224] | Ext: 73.9ms | Inf: 9.5ms | Total: 83.4ms
23:04:01 | Mask: [1.0, 1.0, 1.0, 0.0, 1.0] | Prob: 0.3759 | Attn: [0.301, 0.243, 0.233, 0.0, 0.224] | Ext: 73.9ms | Inf: 19.5ms | Total: 93.4ms
23:04:01 | Mask: [1.0, 1.0, 1.0, 0.0, 1.0] | Prob: 0.3739 | Attn: [0.301, 0.243, 0.233, 0.0, 0.223] | Ext: 73.9ms | Inf: 9.9ms | Total: 83.8ms
23:04:01 | Mask: [1.0, 1.0, 1.0, 0.0, 1.0] | Prob: 0.3723 | Attn: [0.301, 0.244, 0.233, 0.0, 0.223] | Ext: 73.9ms | Inf: 9.9ms | Total: 83.8ms
23:04:01 | Mask: [1.0, 1.0, 1.0, 0.0, 1.0] | Prob: 0.3711 | Attn: [0.301, 0.244, 0.232, 0.0, 0.223] | Ext: 73.9ms | Inf: 10.8ms | Total: 84.7ms
23:04:01 | Mask: [1.0, 1.0, 1.0, 0.0, 1.0] | Prob: 0.3704 | Attn: [0.301, 0.244, 0.233, 0.0, 0.223] | Ext: 73.9ms | Inf: 9.4ms | Total: 83.3ms
23:04:01 | Mask: [1.0, 1.0, 1.0, 0.0, 1.0] | Prob: 0.3983 | Attn: [0.191, 0.283, 0.269, 0.0, 0.258] | Ext: 73.9ms | Inf: 12.4ms | Total: 86.3ms
23:04:01 | Mask: [1.0, 1.0, 1.0, 0.0, 1.0] | Prob: 0.4181 | Attn: [0.19, 0.281, 0.268, 0.0, 0.26] | Ext: 73.9ms | Inf: 12.4ms | Total: 86.3ms
23:04:02 | Mask: [1.0, 1.0, 1.0, 0.0, 1.0] | Prob: 0.4319 | Attn: [0.19, 0.279, 0.268, 0.0, 0.262] | Ext: 73.9ms | Inf: 12.3ms | Total: 86.2ms
23:04:02 | Mask: [1.0, 1.0, 1.0, 0.0, 1.0] | Prob: 0.4413 | Attn: [0.191, 0.279, 0.269, 0.0, 0.261] | Ext: 73.9ms | Inf: 12.8ms | Total: 86.7ms
23:04:02 | Mask: [1.0, 1.0, 1.0, 0.0, 1.0] | Prob: 0.4476 | Attn: [0.191, 0.279, 0.269, 0.0, 0.261] | Ext: 73.9ms | Inf: 10.1ms | Total: 84.0ms
23:04:02 | Mask: [1.0, 1.0, 1.0, 0.0, 1.0] | Prob: 0.4520 | Attn: [0.191, 0.279, 0.27, 0.0, 0.26] | Ext: 73.9ms | Inf: 16.0ms | Total: 89.9ms
23:04:02 | Mask: [1.0, 1.0, 1.0, 0.0, 1.0] | Prob: 0.4551 | Attn: [0.192, 0.279, 0.27, 0.0, 0.259] | Ext: 73.9ms | Inf: 11.1ms | Total: 85.0ms
23:04:02 | Mask: [1.0, 1.0, 1.0, 0.0, 1.0] | Prob: 0.4575 | Attn: [0.192, 0.279, 0.27, 0.0, 0.259] | Ext: 73.9ms | Inf: 11.1ms | Total: 85.0ms
23:04:02 | Mask: [1.0, 1.0, 1.0, 0.0, 1.0] | Prob: 0.4592 | Attn: [0.192, 0.28, 0.27, 0.0, 0.259] | Ext: 73.9ms | Inf: 9.6ms | Total: 83.5ms
23:04:02 | Mask: [1.0, 1.0, 1.0, 0.0, 1.0] | Prob: 0.4605 | Attn: [0.192, 0.28, 0.27, 0.0, 0.258] | Ext: 73.9ms | Inf: 11.9ms | Total: 85.8ms
23:04:03 | Mask: [1.0, 1.0, 1.0, 0.0, 1.0] | Prob: 0.4616 | Attn: [0.191, 0.28, 0.269, 0.0, 0.26] | Ext: 73.9ms | Inf: 23.2ms | Total: 97.1ms
23:04:03 | Mask: [1.0, 1.0, 1.0, 0.0, 1.0] | Prob: 0.4625 | Attn: [0.192, 0.279, 0.27, 0.0, 0.26] | Ext: 73.9ms | Inf: 9.8ms | Total: 83.7ms
23:04:03 | Mask: [1.0, 1.0, 1.0, 0.0, 1.0] | Prob: 0.4633 | Attn: [0.192, 0.278, 0.27, 0.0, 0.259] | Ext: 73.9ms | Inf: 21.0ms | Total: 94.9ms
23:04:03 | Mask: [1.0, 1.0, 1.0, 0.0, 1.0] | Prob: 0.4741 | Attn: [0.204, 0.276, 0.266, 0.0, 0.254] | Ext: 142.4ms | Inf: 11.9ms | Total: 154.4ms
23:04:03 | Mask: [1.0, 1.0, 1.0, 0.0, 1.0] | Prob: 0.4815 | Attn: [0.204, 0.277, 0.266, 0.0, 0.253] | Ext: 142.4ms | Inf: 18.5ms | Total: 160.9ms
23:04:03 | Mask: [1.0, 1.0, 1.0, 0.0, 1.0] | Prob: 0.4863 | Attn: [0.204, 0.277, 0.266, 0.0, 0.253] | Ext: 142.4ms | Inf: 19.8ms | Total: 162.2ms
23:04:04 | Mask: [1.0, 1.0, 1.0, 0.0, 1.0] | Prob: 0.4902 | Attn: [0.205, 0.275, 0.267, 0.0, 0.253] | Ext: 142.4ms | Inf: 16.0ms | Total: 158.5ms
23:04:04 | Mask: [1.0, 1.0, 1.0, 0.0, 1.0] | Prob: 0.4932 | Attn: [0.205, 0.275, 0.267, 0.0, 0.253] | Ext: 142.4ms | Inf: 15.5ms | Total: 158.0ms
23:04:04 | Mask: [1.0, 1.0, 1.0, 0.0, 1.0] | Prob: 0.4956 | Attn: [0.205, 0.273, 0.267, 0.0, 0.254] | Ext: 142.4ms | Inf: 18.6ms | Total: 161.1ms
23:04:04 | Mask: [1.0, 1.0, 1.0, 0.0, 1.0] | Prob: 0.4974 | Attn: [0.206, 0.273, 0.267, 0.0, 0.254] | Ext: 142.4ms | Inf: 11.9ms | Total: 154.4ms
23:04:04 | Mask: [1.0, 1.0, 1.0, 0.0, 1.0] | Prob: 0.4987 | Attn: [0.206, 0.273, 0.267, 0.0, 0.254] | Ext: 142.4ms | Inf: 10.5ms | Total: 152.9ms
23:04:04 | Mask: [1.0, 1.0, 1.0, 0.0, 1.0] | Prob: 0.4997 | Attn: [0.206, 0.273, 0.267, 0.0, 0.254] | Ext: 142.4ms | Inf: 12.4ms | Total: 154.8ms
23:04:04 | Mask: [1.0, 1.0, 1.0, 0.0, 1.0] | Prob: 0.4906 | Attn: [0.198, 0.277, 0.269, 0.0, 0.256] | Ext: 142.4ms | Inf: 11.2ms | Total: 153.6ms
23:04:05 | Mask: [1.0, 1.0, 1.0, 0.0, 1.0] | Prob: 0.4840 | Attn: [0.198, 0.278, 0.269, 0.0, 0.256] | Ext: 142.4ms | Inf: 18.5ms | Total: 161.0ms
23:04:05 | Mask: [1.0, 1.0, 1.0, 0.0, 1.0] | Prob: 0.4796 | Attn: [0.197, 0.276, 0.268, 0.0, 0.258] | Ext: 142.4ms | Inf: 13.8ms | Total: 156.3ms
23:04:05 | Mask: [1.0, 1.0, 1.0, 0.0, 1.0] | Prob: 0.4766 | Attn: [0.197, 0.275, 0.268, 0.0, 0.26] | Ext: 142.4ms | Inf: 13.0ms | Total: 155.4ms
23:04:05 | Mask: [1.0, 1.0, 1.0, 0.0, 1.0] | Prob: 0.4744 | Attn: [0.196, 0.279, 0.267, 0.0, 0.258] | Ext: 142.4ms | Inf: 43.6ms | Total: 186.0ms
23:04:05 | Mask: [1.0, 1.0, 1.0, 0.0, 1.0] | Prob: 0.4729 | Attn: [0.196, 0.281, 0.267, 0.0, 0.256] | Ext: 142.4ms | Inf: 27.8ms | Total: 170.3ms
23:04:05 | Mask: [1.0, 1.0, 1.0, 0.0, 1.0] | Prob: 0.4719 | Attn: [0.196, 0.282, 0.267, 0.0, 0.255] | Ext: 142.4ms | Inf: 16.4ms | Total: 158.8ms
23:04:05 | Mask: [1.0, 1.0, 1.0, 0.0, 1.0] | Prob: 0.4713 | Attn: [0.196, 0.283, 0.267, 0.0, 0.255] | Ext: 142.4ms | Inf: 12.1ms | Total: 154.6ms
23:04:06 | Mask: [1.0, 1.0, 1.0, 0.0, 1.0] | Prob: 0.4708 | Attn: [0.196, 0.283, 0.267, 0.0, 0.255] | Ext: 142.4ms | Inf: 15.9ms | Total: 158.4ms
23:04:06 | Mask: [1.0, 1.0, 1.0, 0.0, 1.0] | Prob: 0.4704 | Attn: [0.196, 0.283, 0.267, 0.0, 0.254] | Ext: 142.4ms | Inf: 10.6ms | Total: 153.1ms
23:04:06 | Mask: [1.0, 1.0, 1.0, 0.0, 1.0] | Prob: 0.4701 | Attn: [0.196, 0.284, 0.266, 0.0, 0.254] | Ext: 142.4ms | Inf: 14.2ms | Total: 156.6ms
23:04:06 | Mask: [1.0, 1.0, 1.0, 0.0, 1.0] | Prob: 0.4698 | Attn: [0.196, 0.283, 0.266, 0.0, 0.254] | Ext: 79.7ms | Inf: 11.8ms | Total: 91.5ms
23:04:06 | Mask: [1.0, 1.0, 1.0, 0.0, 1.0] | Prob: 0.5149 | Attn: [0.273, 0.257, 0.241, 0.0, 0.23] | Ext: 79.7ms | Inf: 20.2ms | Total: 100.0ms
23:04:06 | Mask: [1.0, 1.0, 1.0, 0.0, 1.0] | Prob: 0.5464 | Attn: [0.272, 0.257, 0.241, 0.0, 0.23] | Ext: 79.7ms | Inf: 11.5ms | Total: 91.2ms
23:04:06 | Mask: [1.0, 1.0, 1.0, 0.0, 1.0] | Prob: 0.5683 | Attn: [0.272, 0.257, 0.241, 0.0, 0.23] | Ext: 79.7ms | Inf: 11.8ms | Total: 91.5ms
23:04:07 | Mask: [1.0, 1.0, 1.0, 0.0, 1.0] | Prob: 0.5836 | Attn: [0.272, 0.257, 0.241, 0.0, 0.23] | Ext: 79.7ms | Inf: 13.1ms | Total: 92.9ms
23:04:07 | Mask: [1.0, 1.0, 1.0, 0.0, 1.0] | Prob: 0.5944 | Attn: [0.272, 0.258, 0.241, 0.0, 0.23] | Ext: 79.7ms | Inf: 12.4ms | Total: 92.2ms
23:04:07 | Mask: [1.0, 1.0, 1.0, 0.0, 1.0] | Prob: 0.6019 | Attn: [0.272, 0.258, 0.241, 0.0, 0.229] | Ext: 79.7ms | Inf: 13.3ms | Total: 93.0ms
23:04:07 | Mask: [1.0, 1.0, 1.0, 0.0, 1.0] | Prob: 0.6073 | Attn: [0.273, 0.257, 0.241, 0.0, 0.229] | Ext: 79.7ms | Inf: 10.4ms | Total: 90.1ms
23:04:07 | Mask: [1.0, 1.0, 1.0, 0.0, 1.0] | Prob: 0.6112 | Attn: [0.273, 0.257, 0.241, 0.0, 0.229] | Ext: 79.7ms | Inf: 27.9ms | Total: 107.7ms
23:04:07 | Mask: [1.0, 1.0, 1.0, 0.0, 1.0] | Prob: 0.6139 | Attn: [0.272, 0.258, 0.241, 0.0, 0.229] | Ext: 79.7ms | Inf: 12.8ms | Total: 92.5ms
23:04:07 | Mask: [1.0, 1.0, 1.0, 0.0, 1.0] | Prob: 0.6177 | Attn: [0.274, 0.257, 0.24, 0.0, 0.229] | Ext: 79.7ms | Inf: 14.0ms | Total: 93.7ms
23:04:07 | Mask: [1.0, 1.0, 1.0, 0.0, 1.0] | Prob: 0.6204 | Attn: [0.274, 0.257, 0.24, 0.0, 0.229] | Ext: 79.7ms | Inf: 11.7ms | Total: 91.4ms
23:04:08 | Mask: [1.0, 1.0, 1.0, 0.0, 1.0] | Prob: 0.6224 | Attn: [0.274, 0.257, 0.24, 0.0, 0.229] | Ext: 79.7ms | Inf: 31.5ms | Total: 111.3ms
23:04:08 | Mask: [1.0, 1.0, 1.0, 0.0, 1.0] | Prob: 0.6237 | Attn: [0.274, 0.257, 0.24, 0.0, 0.229] | Ext: 79.7ms | Inf: 18.5ms | Total: 98.3ms
23:04:08 | Mask: [1.0, 1.0, 1.0, 0.0, 1.0] | Prob: 0.6248 | Attn: [0.274, 0.256, 0.241, 0.0, 0.229] | Ext: 79.7ms | Inf: 12.5ms | Total: 92.3ms
23:04:08 | Mask: [1.0, 1.0, 1.0, 0.0, 1.0] | Prob: 0.6256 | Attn: [0.274, 0.255, 0.241, 0.0, 0.23] | Ext: 79.7ms | Inf: 10.1ms | Total: 89.8ms
23:04:08 | Mask: [1.0, 1.0, 1.0, 0.0, 1.0] | Prob: 0.6263 | Attn: [0.274, 0.255, 0.241, 0.0, 0.23] | Ext: 79.7ms | Inf: 12.2ms | Total: 92.0ms
23:04:08 | Mask: [1.0, 1.0, 1.0, 0.0, 1.0] | Prob: 0.6268 | Attn: [0.275, 0.255, 0.241, 0.0, 0.23] | Ext: 79.7ms | Inf: 13.4ms | Total: 93.2ms
23:04:09 | Mask: [1.0, 1.0, 1.0, 0.0, 1.0] | Prob: 0.6272 | Attn: [0.275, 0.255, 0.241, 0.0, 0.23] | Ext: 79.7ms | Inf: 12.2ms | Total: 91.9ms
23:04:09 | Mask: [1.0, 1.0, 1.0, 0.0, 1.0] | Prob: 0.6276 | Attn: [0.275, 0.254, 0.241, 0.0, 0.23] | Ext: 79.7ms | Inf: 14.3ms | Total: 94.1ms
23:04:09 | Mask: [1.0, 1.0, 1.0, 0.0, 1.0] | Prob: 0.6279 | Attn: [0.275, 0.254, 0.241, 0.0, 0.23] | Ext: 79.7ms | Inf: 12.6ms | Total: 92.3ms
23:04:09 | Mask: [1.0, 1.0, 1.0, 0.0, 1.0] | Prob: 0.6281 | Attn: [0.275, 0.254, 0.241, 0.0, 0.23] | Ext: 79.7ms | Inf: 13.6ms | Total: 93.3ms
23:04:09 | Mask: [1.0, 1.0, 1.0, 0.0, 1.0] | Prob: 0.6015 | Attn: [0.227, 0.271, 0.257, 0.0, 0.245] | Ext: 94.9ms | Inf: 13.5ms | Total: 108.3ms
23:04:09 | Mask: [1.0, 1.0, 1.0, 0.0, 1.0] | Prob: 0.5827 | Attn: [0.227, 0.272, 0.257, 0.0, 0.245] | Ext: 94.9ms | Inf: 12.8ms | Total: 107.7ms
23:04:09 | Mask: [1.0, 1.0, 1.0, 0.0, 1.0] | Prob: 0.5696 | Attn: [0.227, 0.271, 0.257, 0.0, 0.245] | Ext: 94.9ms | Inf: 13.9ms | Total: 108.8ms
23:04:09 | Mask: [1.0, 1.0, 1.0, 0.0, 1.0] | Prob: 0.5604 | Attn: [0.227, 0.271, 0.257, 0.0, 0.245] | Ext: 94.9ms | Inf: 11.0ms | Total: 105.9ms
23:04:10 | Mask: [1.0, 1.0, 1.0, 0.0, 1.0] | Prob: 0.5542 | Attn: [0.227, 0.269, 0.258, 0.0, 0.245] | Ext: 94.9ms | Inf: 13.1ms | Total: 107.9ms
23:04:10 | Mask: [1.0, 1.0, 1.0, 0.0, 1.0] | Prob: 0.5500 | Attn: [0.227, 0.269, 0.258, 0.0, 0.245] | Ext: 94.9ms | Inf: 11.7ms | Total: 106.6ms
23:04:10 | Mask: [1.0, 1.0, 1.0, 0.0, 1.0] | Prob: 0.5469 | Attn: [0.227, 0.269, 0.258, 0.0, 0.246] | Ext: 94.9ms | Inf: 15.4ms | Total: 110.2ms
23:04:10 | Mask: [1.0, 1.0, 1.0, 0.0, 1.0] | Prob: 0.5447 | Attn: [0.227, 0.269, 0.258, 0.0, 0.246] | Ext: 94.9ms | Inf: 23.2ms | Total: 118.0ms
23:04:10 | Mask: [1.0, 1.0, 1.0, 0.0, 1.0] | Prob: 0.5430 | Attn: [0.227, 0.269, 0.258, 0.0, 0.246] | Ext: 94.9ms | Inf: 13.0ms | Total: 107.9ms
23:04:10 | Mask: [1.0, 1.0, 1.0, 0.0, 1.0] | Prob: 0.5328 | Attn: [0.19, 0.281, 0.271, 0.0, 0.257] | Ext: 94.9ms | Inf: 18.0ms | Total: 112.9ms
23:04:10 | Mask: [1.0, 1.0, 1.0, 0.0, 1.0] | Prob: 0.5257 | Attn: [0.19, 0.281, 0.271, 0.0, 0.257] | Ext: 94.9ms | Inf: 17.2ms | Total: 112.1ms
23:04:11 | Mask: [1.0, 1.0, 1.0, 0.0, 1.0] | Prob: 0.5207 | Attn: [0.19, 0.281, 0.271, 0.0, 0.258] | Ext: 94.9ms | Inf: 19.6ms | Total: 114.5ms
23:04:11 | Mask: [1.0, 1.0, 1.0, 0.0, 1.0] | Prob: 0.5173 | Attn: [0.19, 0.281, 0.271, 0.0, 0.258] | Ext: 94.9ms | Inf: 17.4ms | Total: 112.2ms
23:04:11 | Mask: [1.0, 1.0, 1.0, 0.0, 1.0] | Prob: 0.5148 | Attn: [0.19, 0.282, 0.27, 0.0, 0.258] | Ext: 94.9ms | Inf: 14.7ms | Total: 109.5ms
23:04:11 | Mask: [1.0, 1.0, 1.0, 0.0, 1.0] | Prob: 0.5130 | Attn: [0.19, 0.282, 0.27, 0.0, 0.257] | Ext: 94.9ms | Inf: 22.7ms | Total: 117.5ms
23:04:11 | Mask: [1.0, 1.0, 1.0, 0.0, 1.0] | Prob: 0.5118 | Attn: [0.19, 0.282, 0.27, 0.0, 0.257] | Ext: 94.9ms | Inf: 10.2ms | Total: 105.1ms
23:04:11 | Mask: [1.0, 1.0, 1.0, 0.0, 1.0] | Prob: 0.5110 | Attn: [0.19, 0.283, 0.27, 0.0, 0.257] | Ext: 94.9ms | Inf: 9.9ms | Total: 104.8ms
23:04:11 | Mask: [1.0, 1.0, 1.0, 0.0, 1.0] | Prob: 0.5105 | Attn: [0.19, 0.282, 0.27, 0.0, 0.257] | Ext: 94.9ms | Inf: 13.1ms | Total: 107.9ms
23:04:12 | Mask: [1.0, 1.0, 1.0, 0.0, 1.0] | Prob: 0.5102 | Attn: [0.19, 0.282, 0.27, 0.0, 0.257] | Ext: 94.9ms | Inf: 49.2ms | Total: 144.1ms
23:04:12 | Mask: [1.0, 1.0, 1.0, 0.0, 1.0] | Prob: 0.5100 | Attn: [0.19, 0.283, 0.27, 0.0, 0.257] | Ext: 94.9ms | Inf: 44.9ms | Total: 139.8ms
23:04:12 | Mask: [1.0, 1.0, 1.0, 0.0, 1.0] | Prob: 0.5099 | Attn: [0.19, 0.283, 0.27, 0.0, 0.257] | Ext: 91.6ms | Inf: 13.6ms | Total: 105.2ms
23:04:12 | Mask: [1.0, 1.0, 1.0, 0.0, 1.0] | Prob: 0.5018 | Attn: [0.156, 0.295, 0.281, 0.0, 0.268] | Ext: 91.6ms | Inf: 11.2ms | Total: 102.8ms
23:04:12 | Mask: [1.0, 1.0, 1.0, 0.0, 1.0] | Prob: 0.4960 | Attn: [0.156, 0.295, 0.281, 0.0, 0.267] | Ext: 91.6ms | Inf: 13.0ms | Total: 104.6ms
23:04:12 | Mask: [1.0, 1.0, 1.0, 0.0, 1.0] | Prob: 0.4919 | Attn: [0.156, 0.295, 0.281, 0.0, 0.267] | Ext: 91.6ms | Inf: 15.2ms | Total: 106.8ms
23:04:12 | Mask: [1.0, 1.0, 1.0, 0.0, 1.0] | Prob: 0.4889 | Attn: [0.156, 0.296, 0.281, 0.0, 0.267] | Ext: 91.6ms | Inf: 14.6ms | Total: 106.2ms
23:04:13 | Mask: [1.0, 1.0, 1.0, 0.0, 1.0] | Prob: 0.4867 | Attn: [0.156, 0.296, 0.281, 0.0, 0.267] | Ext: 91.6ms | Inf: 13.9ms | Total: 105.5ms
23:04:13 | Mask: [1.0, 1.0, 1.0, 0.0, 1.0] | Prob: 0.4851 | Attn: [0.156, 0.297, 0.281, 0.0, 0.266] | Ext: 91.6ms | Inf: 8.9ms | Total: 100.5ms
23:04:13 | Mask: [1.0, 1.0, 1.0, 0.0, 1.0] | Prob: 0.4839 | Attn: [0.156, 0.297, 0.281, 0.0, 0.266] | Ext: 91.6ms | Inf: 27.0ms | Total: 118.6ms
23:04:13 | Mask: [1.0, 1.0, 1.0, 0.0, 1.0] | Prob: 0.4831 | Attn: [0.156, 0.296, 0.281, 0.0, 0.267] | Ext: 91.6ms | Inf: 15.8ms | Total: 107.4ms
23:04:13 | Mask: [1.0, 1.0, 1.0, 0.0, 1.0] | Prob: 0.4825 | Attn: [0.156, 0.296, 0.281, 0.0, 0.267] | Ext: 91.6ms | Inf: 14.6ms | Total: 106.2ms
23:04:13 | Mask: [1.0, 1.0, 1.0, 0.0, 1.0] | Prob: 0.4814 | Attn: [0.19, 0.284, 0.27, 0.0, 0.257] | Ext: 91.6ms | Inf: 21.6ms | Total: 113.3ms
23:04:13 | Mask: [1.0, 1.0, 1.0, 0.0, 1.0] | Prob: 0.4805 | Attn: [0.19, 0.284, 0.269, 0.0, 0.257] | Ext: 91.6ms | Inf: 11.4ms | Total: 103.0ms
23:04:14 | Mask: [1.0, 1.0, 1.0, 0.0, 1.0] | Prob: 0.4799 | Attn: [0.19, 0.284, 0.269, 0.0, 0.257] | Ext: 91.6ms | Inf: 10.2ms | Total: 101.8ms
23:04:14 | Mask: [1.0, 1.0, 1.0, 0.0, 1.0] | Prob: 0.4795 | Attn: [0.19, 0.284, 0.269, 0.0, 0.257] | Ext: 91.6ms | Inf: 12.2ms | Total: 103.8ms
23:04:14 | Mask: [1.0, 1.0, 1.0, 0.0, 1.0] | Prob: 0.4793 | Attn: [0.19, 0.284, 0.269, 0.0, 0.257] | Ext: 91.6ms | Inf: 14.0ms | Total: 105.6ms
23:04:14 | Mask: [1.0, 1.0, 1.0, 0.0, 1.0] | Prob: 0.4792 | Attn: [0.19, 0.284, 0.269, 0.0, 0.257] | Ext: 91.6ms | Inf: 17.6ms | Total: 109.3ms
23:04:14 | Mask: [1.0, 1.0, 1.0, 0.0, 1.0] | Prob: 0.4793 | Attn: [0.19, 0.284, 0.27, 0.0, 0.257] | Ext: 91.6ms | Inf: 9.9ms | Total: 101.5ms
23:04:14 | Mask: [1.0, 1.0, 1.0, 0.0, 1.0] | Prob: 0.4793 | Attn: [0.19, 0.284, 0.269, 0.0, 0.257] | Ext: 91.6ms | Inf: 15.2ms | Total: 106.8ms
23:04:14 | Mask: [1.0, 1.0, 1.0, 0.0, 1.0] | Prob: 0.4793 | Attn: [0.19, 0.284, 0.269, 0.0, 0.257] | Ext: 91.6ms | Inf: 11.6ms | Total: 103.2ms
23:04:15 | Mask: [1.0, 1.0, 1.0, 0.0, 1.0] | Prob: 0.4793 | Attn: [0.19, 0.284, 0.269, 0.0, 0.257] | Ext: 91.6ms | Inf: 10.7ms | Total: 102.3ms
23:04:15 | Mask: [1.0, 1.0, 1.0, 0.0, 1.0] | Prob: 0.4793 | Attn: [0.19, 0.285, 0.269, 0.0, 0.257] | Ext: 91.6ms | Inf: 12.0ms | Total: 103.6ms
23:04:15 | Mask: [1.0, 1.0, 1.0, 0.0, 1.0] | Prob: 0.4792 | Attn: [0.19, 0.285, 0.269, 0.0, 0.257] | Ext: 91.6ms | Inf: 11.6ms | Total: 103.2ms
23:04:15 | Mask: [1.0, 1.0, 1.0, 0.0, 1.0] | Prob: 0.4964 | Attn: [0.142, 0.302, 0.285, 0.0, 0.271] | Ext: 80.0ms | Inf: 9.9ms | Total: 89.9ms
23:04:15 | Mask: [1.0, 1.0, 1.0, 0.0, 1.0] | Prob: 0.5083 | Attn: [0.142, 0.302, 0.285, 0.0, 0.271] | Ext: 80.0ms | Inf: 12.9ms | Total: 92.9ms
23:04:15 | Mask: [1.0, 1.0, 1.0, 0.0, 1.0] | Prob: 0.5166 | Attn: [0.142, 0.302, 0.285, 0.0, 0.271] | Ext: 80.0ms | Inf: 14.8ms | Total: 94.8ms
23:04:15 | Mask: [1.0, 1.0, 1.0, 0.0, 1.0] | Prob: 0.5225 | Attn: [0.142, 0.302, 0.285, 0.0, 0.271] | Ext: 80.0ms | Inf: 13.1ms | Total: 93.1ms
23:04:15 | Mask: [1.0, 1.0, 1.0, 0.0, 1.0] | Prob: 0.5264 | Attn: [0.142, 0.302, 0.285, 0.0, 0.271] | Ext: 80.0ms | Inf: 9.5ms | Total: 89.5ms
23:04:16 | Mask: [1.0, 1.0, 1.0, 0.0, 1.0] | Prob: 0.5291 | Attn: [0.142, 0.302, 0.285, 0.0, 0.271] | Ext: 80.0ms | Inf: 11.0ms | Total: 91.0ms
23:04:16 | Mask: [1.0, 1.0, 1.0, 0.0, 1.0] | Prob: 0.5311 | Attn: [0.142, 0.302, 0.285, 0.0, 0.271] | Ext: 80.0ms | Inf: 13.0ms | Total: 93.0ms
23:04:16 | Mask: [1.0, 1.0, 1.0, 0.0, 1.0] | Prob: 0.5326 | Attn: [0.142, 0.301, 0.285, 0.0, 0.271] | Ext: 80.0ms | Inf: 11.6ms | Total: 91.6ms
23:04:16 | Mask: [1.0, 1.0, 1.0, 0.0, 1.0] | Prob: 0.5336 | Attn: [0.142, 0.302, 0.285, 0.0, 0.271] | Ext: 80.0ms | Inf: 16.6ms | Total: 96.6ms
23:04:16 | Mask: [1.0, 1.0, 1.0, 0.0, 1.0] | Prob: 0.5339 | Attn: [0.15, 0.299, 0.282, 0.0, 0.268] | Ext: 80.0ms | Inf: 15.3ms | Total: 95.3ms
23:04:16 | Mask: [1.0, 1.0, 1.0, 0.0, 1.0] | Prob: 0.5342 | Attn: [0.15, 0.299, 0.282, 0.0, 0.269] | Ext: 80.0ms | Inf: 12.2ms | Total: 92.2ms
23:04:16 | Mask: [1.0, 1.0, 1.0, 0.0, 1.0] | Prob: 0.5345 | Attn: [0.15, 0.299, 0.282, 0.0, 0.269] | Ext: 80.0ms | Inf: 12.2ms | Total: 92.2ms
23:04:17 | Mask: [1.0, 1.0, 1.0, 0.0, 1.0] | Prob: 0.5347 | Attn: [0.15, 0.299, 0.282, 0.0, 0.268] | Ext: 80.0ms | Inf: 19.0ms | Total: 99.0ms
23:04:17 | Mask: [1.0, 1.0, 1.0, 0.0, 1.0] | Prob: 0.5348 | Attn: [0.15, 0.299, 0.282, 0.0, 0.268] | Ext: 80.0ms | Inf: 21.0ms | Total: 101.0ms
23:04:17 | Mask: [1.0, 1.0, 1.0, 0.0, 1.0] | Prob: 0.5348 | Attn: [0.15, 0.3, 0.282, 0.0, 0.268] | Ext: 80.0ms | Inf: 16.9ms | Total: 96.9ms
23:04:17 | Mask: [1.0, 1.0, 1.0, 0.0, 1.0] | Prob: 0.5347 | Attn: [0.15, 0.3, 0.282, 0.0, 0.268] | Ext: 80.0ms | Inf: 23.8ms | Total: 103.8ms
23:04:17 | Mask: [1.0, 1.0, 1.0, 0.0, 1.0] | Prob: 0.5345 | Attn: [0.15, 0.3, 0.282, 0.0, 0.268] | Ext: 80.0ms | Inf: 12.1ms | Total: 92.1ms
23:04:17 | Mask: [1.0, 1.0, 1.0, 0.0, 1.0] | Prob: 0.5346 | Attn: [0.15, 0.299, 0.282, 0.0, 0.269] | Ext: 80.0ms | Inf: 13.1ms | Total: 93.0ms
23:04:17 | Mask: [1.0, 1.0, 1.0, 0.0, 1.0] | Prob: 0.5348 | Attn: [0.15, 0.299, 0.282, 0.0, 0.268] | Ext: 80.0ms | Inf: 13.6ms | Total: 93.6ms
23:04:18 | Mask: [1.0, 1.0, 1.0, 0.0, 1.0] | Prob: 0.5349 | Attn: [0.15, 0.3, 0.282, 0.0, 0.268] | Ext: 80.0ms | Inf: 16.9ms | Total: 96.9ms
23:04:18 | Mask: [1.0, 1.0, 1.0, 0.0, 1.0] | Prob: 0.5350 | Attn: [0.15, 0.3, 0.282, 0.0, 0.268] | Ext: 80.0ms | Inf: 14.2ms | Total: 94.2ms
23:04:18 | Mask: [1.0, 1.0, 1.0, 0.0, 1.0] | Prob: 0.5254 | Attn: [0.129, 0.307, 0.289, 0.0, 0.275] | Ext: 119.3ms | Inf: 13.3ms | Total: 132.6ms
23:04:18 | Mask: [1.0, 1.0, 1.0, 0.0, 1.0] | Prob: 0.5187 | Attn: [0.129, 0.307, 0.289, 0.0, 0.274] | Ext: 210.2ms | Inf: 19.9ms | Total: 230.1ms
23:04:18 | Mask: [1.0, 1.0, 1.0, 0.0, 1.0] | Prob: 0.5140 | Attn: [0.129, 0.307, 0.289, 0.0, 0.274] | Ext: 119.3ms | Inf: 13.6ms | Total: 132.8ms
23:04:18 | Mask: [1.0, 1.0, 1.0, 0.0, 1.0] | Prob: 0.5110 | Attn: [0.129, 0.306, 0.29, 0.0, 0.275] | Ext: 119.3ms | Inf: 10.3ms | Total: 129.6ms
23:04:19 | Mask: [1.0, 1.0, 1.0, 0.0, 1.0] | Prob: 0.5089 | Attn: [0.129, 0.305, 0.29, 0.0, 0.276] | Ext: 119.3ms | Inf: 14.1ms | Total: 133.3ms
23:04:19 | Mask: [1.0, 1.0, 1.0, 0.0, 1.0] | Prob: 0.5075 | Attn: [0.13, 0.305, 0.29, 0.0, 0.276] | Ext: 119.3ms | Inf: 12.9ms | Total: 132.1ms
23:04:19 | Mask: [1.0, 1.0, 1.0, 0.0, 1.0] | Prob: 0.5064 | Attn: [0.13, 0.304, 0.29, 0.0, 0.276] | Ext: 119.3ms | Inf: 11.1ms | Total: 130.3ms
23:04:19 | Mask: [1.0, 1.0, 1.0, 0.0, 1.0] | Prob: 0.5056 | Attn: [0.13, 0.304, 0.29, 0.0, 0.276] | Ext: 119.3ms | Inf: 9.9ms | Total: 129.1ms
23:04:19 | Mask: [1.0, 1.0, 1.0, 0.0, 1.0] | Prob: 0.5049 | Attn: [0.13, 0.304, 0.29, 0.0, 0.276] | Ext: 119.3ms | Inf: 14.5ms | Total: 133.8ms
23:04:19 | Mask: [1.0, 1.0, 1.0, 0.0, 1.0] | Prob: 0.5090 | Attn: [0.199, 0.279, 0.268, 0.0, 0.255] | Ext: 119.3ms | Inf: 16.9ms | Total: 136.1ms
23:04:19 | Mask: [1.0, 1.0, 1.0, 0.0, 1.0] | Prob: 0.5120 | Attn: [0.199, 0.278, 0.268, 0.0, 0.255] | Ext: 119.3ms | Inf: 12.9ms | Total: 132.2ms
23:04:20 | Mask: [1.0, 1.0, 1.0, 0.0, 1.0] | Prob: 0.5142 | Attn: [0.199, 0.278, 0.268, 0.0, 0.255] | Ext: 119.3ms | Inf: 13.2ms | Total: 132.5ms
23:04:20 | Mask: [1.0, 1.0, 1.0, 0.0, 1.0] | Prob: 0.5158 | Attn: [0.199, 0.278, 0.268, 0.0, 0.255] | Ext: 119.3ms | Inf: 13.6ms | Total: 132.8ms
23:04:20 | Mask: [1.0, 1.0, 1.0, 0.0, 1.0] | Prob: 0.5169 | Attn: [0.199, 0.277, 0.268, 0.0, 0.256] | Ext: 119.3ms | Inf: 11.2ms | Total: 130.5ms
23:04:20 | Mask: [1.0, 1.0, 1.0, 0.0, 1.0] | Prob: 0.5178 | Attn: [0.199, 0.277, 0.268, 0.0, 0.255] | Ext: 119.3ms | Inf: 17.0ms | Total: 136.3ms
23:04:20 | Mask: [1.0, 1.0, 1.0, 0.0, 1.0] | Prob: 0.5183 | Attn: [0.199, 0.279, 0.268, 0.0, 0.255] | Ext: 119.3ms | Inf: 10.8ms | Total: 130.1ms
23:04:20 | Mask: [1.0, 1.0, 1.0, 0.0, 1.0] | Prob: 0.5187 | Attn: [0.199, 0.279, 0.267, 0.0, 0.254] | Ext: 119.3ms | Inf: 10.6ms | Total: 129.9ms
23:04:20 | Mask: [1.0, 1.0, 1.0, 0.0, 1.0] | Prob: 0.5191 | Attn: [0.199, 0.278, 0.268, 0.0, 0.255] | Ext: 119.3ms | Inf: 11.2ms | Total: 130.5ms
23:04:21 | Mask: [1.0, 1.0, 1.0, 0.0, 1.0] | Prob: 0.5194 | Attn: [0.199, 0.278, 0.268, 0.0, 0.255] | Ext: 119.3ms | Inf: 12.6ms | Total: 131.9ms
23:04:21 | Mask: [1.0, 1.0, 1.0, 0.0, 1.0] | Prob: 0.5199 | Attn: [0.2, 0.276, 0.268, 0.0, 0.256] | Ext: 119.3ms | Inf: 9.2ms | Total: 128.5ms
23:04:21 | Mask: [1.0, 1.0, 1.0, 0.0, 1.0] | Prob: 0.5203 | Attn: [0.2, 0.276, 0.269, 0.0, 0.256] | Ext: 119.3ms | Inf: 13.1ms | Total: 132.4ms
23:04:21 | Mask: [1.0, 1.0, 1.0, 0.0, 1.0] | Prob: 0.5528 | Attn: [0.26, 0.254, 0.249, 0.0, 0.237] | Ext: 111.6ms | Inf: 13.2ms | Total: 124.7ms
23:04:21 | Mask: [1.0, 1.0, 1.0, 0.0, 1.0] | Prob: 0.5756 | Attn: [0.26, 0.254, 0.249, 0.0, 0.237] | Ext: 111.6ms | Inf: 14.0ms | Total: 125.5ms
23:04:21 | Mask: [1.0, 1.0, 1.0, 0.0, 1.0] | Prob: 0.5912 | Attn: [0.26, 0.255, 0.248, 0.0, 0.236] | Ext: 111.6ms | Inf: 13.4ms | Total: 125.0ms
23:04:21 | Mask: [1.0, 1.0, 1.0, 0.0, 1.0] | Prob: 0.6021 | Attn: [0.26, 0.256, 0.248, 0.0, 0.236] | Ext: 111.6ms | Inf: 16.5ms | Total: 128.1ms
23:04:21 | Mask: [1.0, 1.0, 1.0, 0.0, 1.0] | Prob: 0.6097 | Attn: [0.259, 0.256, 0.248, 0.0, 0.236] | Ext: 111.6ms | Inf: 10.5ms | Total: 122.1ms
23:04:22 | Mask: [1.0, 1.0, 1.0, 0.0, 1.0] | Prob: 0.6150 | Attn: [0.259, 0.257, 0.248, 0.0, 0.236] | Ext: 111.6ms | Inf: 11.2ms | Total: 122.7ms
23:04:22 | Mask: [1.0, 1.0, 1.0, 0.0, 1.0] | Prob: 0.6187 | Attn: [0.259, 0.257, 0.248, 0.0, 0.236] | Ext: 111.6ms | Inf: 10.8ms | Total: 122.4ms
23:04:22 | Mask: [1.0, 1.0, 1.0, 0.0, 1.0] | Prob: 0.6214 | Attn: [0.259, 0.257, 0.248, 0.0, 0.236] | Ext: 111.6ms | Inf: 16.4ms | Total: 128.0ms
23:04:22 | Mask: [1.0, 1.0, 1.0, 0.0, 1.0] | Prob: 0.6234 | Attn: [0.259, 0.257, 0.247, 0.0, 0.237] | Ext: 111.6ms | Inf: 14.0ms | Total: 125.6ms
23:04:22 | Mask: [1.0, 1.0, 1.0, 0.0, 1.0] | Prob: 0.6263 | Attn: [0.302, 0.243, 0.233, 0.0, 0.222] | Ext: 111.6ms | Inf: 17.7ms | Total: 129.2ms
23:04:22 | Mask: [1.0, 1.0, 1.0, 0.0, 1.0] | Prob: 0.6285 | Attn: [0.302, 0.243, 0.233, 0.0, 0.222] | Ext: 111.6ms | Inf: 14.8ms | Total: 126.4ms
23:04:23 | Mask: [1.0, 1.0, 1.0, 0.0, 1.0] | Prob: 0.6302 | Attn: [0.302, 0.243, 0.233, 0.0, 0.221] | Ext: 111.6ms | Inf: 12.5ms | Total: 124.1ms
23:04:23 | Mask: [1.0, 1.0, 1.0, 0.0, 1.0] | Prob: 0.6314 | Attn: [0.302, 0.243, 0.233, 0.0, 0.222] | Ext: 111.6ms | Inf: 13.6ms | Total: 125.2ms
23:04:23 | Mask: [1.0, 1.0, 1.0, 0.0, 1.0] | Prob: 0.6322 | Attn: [0.302, 0.242, 0.233, 0.0, 0.222] | Ext: 111.6ms | Inf: 23.7ms | Total: 135.3ms
23:04:23 | Mask: [1.0, 1.0, 1.0, 0.0, 1.0] | Prob: 0.6328 | Attn: [0.302, 0.242, 0.233, 0.0, 0.222] | Ext: 111.6ms | Inf: 12.5ms | Total: 124.0ms
23:04:23 | Mask: [1.0, 1.0, 1.0, 0.0, 1.0] | Prob: 0.6332 | Attn: [0.302, 0.242, 0.233, 0.0, 0.222] | Ext: 111.6ms | Inf: 9.7ms | Total: 121.3ms
23:04:23 | Mask: [1.0, 1.0, 1.0, 0.0, 1.0] | Prob: 0.6335 | Attn: [0.302, 0.242, 0.233, 0.0, 0.222] | Ext: 111.6ms | Inf: 12.4ms | Total: 123.9ms
23:04:23 | Mask: [1.0, 1.0, 1.0, 0.0, 1.0] | Prob: 0.6337 | Attn: [0.302, 0.242, 0.233, 0.0, 0.222] | Ext: 111.6ms | Inf: 12.1ms | Total: 123.6ms
23:04:23 | Mask: [1.0, 1.0, 1.0, 0.0, 1.0] | Prob: 0.6337 | Attn: [0.302, 0.243, 0.233, 0.0, 0.222] | Ext: 111.6ms | Inf: 11.1ms | Total: 122.7ms
23:04:24 | Mask: [1.0, 1.0, 1.0, 0.0, 1.0] | Prob: 0.6337 | Attn: [0.302, 0.243, 0.233, 0.0, 0.222] | Ext: 111.6ms | Inf: 21.5ms | Total: 133.1ms
23:04:24 | Mask: [1.0, 1.0, 1.0, 0.0, 1.0] | Prob: 0.6337 | Attn: [0.302, 0.242, 0.233, 0.0, 0.222] | Ext: 111.6ms | Inf: 11.7ms | Total: 123.2ms
23:04:24 | Mask: [1.0, 1.0, 1.0, 0.0, 1.0] | Prob: 0.6019 | Attn: [0.189, 0.281, 0.271, 0.0, 0.258] | Ext: 97.0ms | Inf: 11.8ms | Total: 108.8ms
23:04:24 | Mask: [1.0, 1.0, 1.0, 0.0, 1.0] | Prob: 0.5797 | Attn: [0.189, 0.281, 0.271, 0.0, 0.258] | Ext: 97.0ms | Inf: 14.4ms | Total: 111.5ms
23:04:24 | Mask: [1.0, 1.0, 1.0, 0.0, 1.0] | Prob: 0.5641 | Attn: [0.189, 0.282, 0.271, 0.0, 0.258] | Ext: 97.0ms | Inf: 14.0ms | Total: 111.1ms
23:04:24 | Mask: [1.0, 1.0, 1.0, 0.0, 1.0] | Prob: 0.5531 | Attn: [0.189, 0.282, 0.271, 0.0, 0.258] | Ext: 97.0ms | Inf: 18.8ms | Total: 115.8ms
23:04:24 | Mask: [1.0, 1.0, 1.0, 0.0, 1.0] | Prob: 0.5455 | Attn: [0.189, 0.282, 0.271, 0.0, 0.258] | Ext: 97.0ms | Inf: 15.7ms | Total: 112.8ms
23:04:25 | Mask: [1.0, 1.0, 1.0, 0.0, 1.0] | Prob: 0.5401 | Attn: [0.189, 0.282, 0.271, 0.0, 0.258] | Ext: 97.0ms | Inf: 15.4ms | Total: 112.4ms
23:04:25 | Mask: [1.0, 1.0, 1.0, 0.0, 1.0] | Prob: 0.5364 | Attn: [0.189, 0.282, 0.271, 0.0, 0.258] | Ext: 97.0ms | Inf: 11.9ms | Total: 108.9ms
23:04:25 | Mask: [1.0, 1.0, 1.0, 0.0, 1.0] | Prob: 0.5339 | Attn: [0.189, 0.282, 0.271, 0.0, 0.258] | Ext: 97.0ms | Inf: 11.8ms | Total: 108.8ms
23:04:25 | Mask: [1.0, 1.0, 1.0, 0.0, 1.0] | Prob: 0.5322 | Attn: [0.189, 0.282, 0.271, 0.0, 0.258] | Ext: 97.0ms | Inf: 10.1ms | Total: 107.2ms
23:04:25 | Mask: [1.0, 1.0, 1.0, 0.0, 1.0] | Prob: 0.5205 | Attn: [0.186, 0.283, 0.272, 0.0, 0.259] | Ext: 97.0ms | Inf: 16.2ms | Total: 113.2ms
23:04:25 | Mask: [1.0, 1.0, 1.0, 0.0, 1.0] | Prob: 0.5124 | Attn: [0.186, 0.283, 0.272, 0.0, 0.258] | Ext: 97.0ms | Inf: 13.0ms | Total: 110.0ms
23:04:25 | Mask: [1.0, 1.0, 1.0, 0.0, 1.0] | Prob: 0.5067 | Attn: [0.186, 0.284, 0.272, 0.0, 0.258] | Ext: 97.0ms | Inf: 12.2ms | Total: 109.2ms
23:04:26 | Mask: [1.0, 1.0, 1.0, 0.0, 1.0] | Prob: 0.5026 | Attn: [0.186, 0.284, 0.272, 0.0, 0.258] | Ext: 97.0ms | Inf: 10.8ms | Total: 107.9ms
23:04:26 | Mask: [1.0, 1.0, 1.0, 0.0, 1.0] | Prob: 0.4996 | Attn: [0.186, 0.284, 0.272, 0.0, 0.258] | Ext: 97.0ms | Inf: 9.7ms | Total: 106.7ms
23:04:26 | Mask: [1.0, 1.0, 1.0, 0.0, 1.0] | Prob: 0.4974 | Attn: [0.186, 0.284, 0.272, 0.0, 0.258] | Ext: 97.0ms | Inf: 11.1ms | Total: 108.2ms
23:04:26 | Mask: [1.0, 1.0, 1.0, 0.0, 1.0] | Prob: 0.4958 | Attn: [0.186, 0.284, 0.272, 0.0, 0.258] | Ext: 97.0ms | Inf: 11.6ms | Total: 108.6ms
23:04:26 | Mask: [1.0, 1.0, 1.0, 0.0, 1.0] | Prob: 0.4948 | Attn: [0.186, 0.284, 0.272, 0.0, 0.258] | Ext: 97.0ms | Inf: 11.1ms | Total: 108.1ms
23:04:26 | Mask: [1.0, 1.0, 1.0, 0.0, 1.0] | Prob: 0.4939 | Attn: [0.186, 0.284, 0.272, 0.0, 0.258] | Ext: 97.0ms | Inf: 10.6ms | Total: 107.6ms
23:04:26 | Mask: [1.0, 1.0, 1.0, 0.0, 1.0] | Prob: 0.4933 | Attn: [0.186, 0.284, 0.272, 0.0, 0.258] | Ext: 97.0ms | Inf: 11.7ms | Total: 108.7ms
23:04:26 | Mask: [1.0, 1.0, 1.0, 0.0, 1.0] | Prob: 0.4930 | Attn: [0.186, 0.283, 0.273, 0.0, 0.259] | Ext: 97.0ms | Inf: 11.8ms | Total: 108.8ms
23:04:27 | Mask: [1.0, 1.0, 1.0, 0.0, 1.0] | Prob: 0.4928 | Attn: [0.186, 0.282, 0.273, 0.0, 0.259] | Ext: 97.0ms | Inf: 11.0ms | Total: 108.1ms
23:04:27 | Mask: [1.0, 1.0, 1.0, 0.0, 1.0] | Prob: 0.4930 | Attn: [0.186, 0.28, 0.273, 0.0, 0.261] | Ext: 97.0ms | Inf: 14.1ms | Total: 111.2ms
23:04:27 | Mask: [1.0, 1.0, 1.0, 0.0, 1.0] | Prob: 0.5255 | Attn: [0.3, 0.24, 0.236, 0.0, 0.224] | Ext: 100.0ms | Inf: 11.7ms | Total: 111.7ms
23:04:27 | Mask: [1.0, 1.0, 1.0, 0.0, 1.0] | Prob: 0.5482 | Attn: [0.3, 0.239, 0.236, 0.0, 0.225] | Ext: 100.0ms | Inf: 14.9ms | Total: 114.9ms
23:04:27 | Mask: [1.0, 1.0, 1.0, 0.0, 1.0] | Prob: 0.5639 | Attn: [0.3, 0.239, 0.236, 0.0, 0.225] | Ext: 100.0ms | Inf: 13.1ms | Total: 113.1ms
23:04:27 | Mask: [1.0, 1.0, 1.0, 0.0, 1.0] | Prob: 0.5748 | Attn: [0.3, 0.238, 0.236, 0.0, 0.225] | Ext: 100.0ms | Inf: 10.5ms | Total: 110.5ms
23:04:27 | Mask: [1.0, 1.0, 1.0, 0.0, 1.0] | Prob: 0.5825 | Attn: [0.3, 0.239, 0.236, 0.0, 0.226] | Ext: 100.0ms | Inf: 10.0ms | Total: 110.0ms
23:04:28 | Mask: [1.0, 1.0, 1.0, 0.0, 1.0] | Prob: 0.5879 | Attn: [0.3, 0.239, 0.236, 0.0, 0.226] | Ext: 100.0ms | Inf: 9.9ms | Total: 109.9ms
23:04:28 | Mask: [1.0, 1.0, 1.0, 0.0, 1.0] | Prob: 0.5917 | Attn: [0.299, 0.24, 0.235, 0.0, 0.225] | Ext: 100.0ms | Inf: 12.7ms | Total: 112.8ms
23:04:28 | Mask: [1.0, 1.0, 1.0, 0.0, 1.0] | Prob: 0.5944 | Attn: [0.299, 0.241, 0.235, 0.0, 0.224] | Ext: 100.0ms | Inf: 17.1ms | Total: 117.1ms
23:04:28 | Mask: [1.0, 1.0, 1.0, 0.0, 1.0] | Prob: 0.5963 | Attn: [0.299, 0.242, 0.235, 0.0, 0.224] | Ext: 100.0ms | Inf: 7.4ms | Total: 107.4ms
23:04:28 | Mask: [1.0, 1.0, 1.0, 0.0, 1.0] | Prob: 0.5869 | Attn: [0.302, 0.242, 0.234, 0.0, 0.222] | Ext: 100.0ms | Inf: 9.6ms | Total: 109.6ms
23:04:28 | Mask: [1.0, 1.0, 1.0, 0.0, 1.0] | Prob: 0.5804 | Attn: [0.302, 0.242, 0.234, 0.0, 0.222] | Ext: 100.0ms | Inf: 7.9ms | Total: 107.9ms
23:04:28 | Mask: [1.0, 1.0, 1.0, 0.0, 1.0] | Prob: 0.5757 | Attn: [0.301, 0.242, 0.234, 0.0, 0.223] | Ext: 100.0ms | Inf: 9.9ms | Total: 109.9ms
23:04:28 | Mask: [1.0, 1.0, 1.0, 0.0, 1.0] | Prob: 0.5725 | Attn: [0.301, 0.241, 0.234, 0.0, 0.224] | Ext: 100.0ms | Inf: 10.0ms | Total: 110.0ms
23:04:29 | Mask: [1.0, 1.0, 1.0, 0.0, 1.0] | Prob: 0.5705 | Attn: [0.301, 0.238, 0.234, 0.0, 0.227] | Ext: 100.0ms | Inf: 11.0ms | Total: 111.0ms
23:04:29 | Mask: [1.0, 1.0, 1.0, 0.0, 1.0] | Prob: 0.5693 | Attn: [0.301, 0.237, 0.234, 0.0, 0.228] | Ext: 100.0ms | Inf: 9.5ms | Total: 109.5ms
23:04:29 | Mask: [1.0, 1.0, 1.0, 0.0, 1.0] | Prob: 0.5679 | Attn: [0.301, 0.239, 0.234, 0.0, 0.226] | Ext: 100.0ms | Inf: 9.1ms | Total: 109.2ms
23:04:29 | Mask: [1.0, 1.0, 1.0, 0.0, 1.0] | Prob: 0.5666 | Attn: [0.302, 0.24, 0.234, 0.0, 0.224] | Ext: 100.0ms | Inf: 9.2ms | Total: 109.2ms
23:04:29 | Mask: [1.0, 1.0, 1.0, 0.0, 1.0] | Prob: 0.5657 | Attn: [0.302, 0.24, 0.235, 0.0, 0.223] | Ext: 100.0ms | Inf: 9.1ms | Total: 109.1ms
23:04:29 | Mask: [1.0, 1.0, 1.0, 0.0, 1.0] | Prob: 0.5651 | Attn: [0.302, 0.241, 0.234, 0.0, 0.223] | Ext: 100.0ms | Inf: 9.6ms | Total: 109.7ms
23:04:29 | Mask: [1.0, 1.0, 1.0, 0.0, 1.0] | Prob: 0.5647 | Attn: [0.302, 0.241, 0.234, 0.0, 0.223] | Ext: 100.0ms | Inf: 9.8ms | Total: 109.9ms
23:04:29 | Mask: [1.0, 1.0, 1.0, 0.0, 1.0] | Prob: 0.5643 | Attn: [0.301, 0.242, 0.234, 0.0, 0.223] | Ext: 100.0ms | Inf: 8.3ms | Total: 108.3ms
23:04:30 | Mask: [1.0, 1.0, 1.0, 0.0, 1.0] | Prob: 0.5640 | Attn: [0.301, 0.243, 0.234, 0.0, 0.222] | Ext: 100.0ms | Inf: 9.4ms | Total: 109.4ms
23:04:30 | Mask: [1.0, 1.0, 1.0, 0.0, 1.0] | Prob: 0.5637 | Attn: [0.301, 0.244, 0.233, 0.0, 0.222] | Ext: 100.0ms | Inf: 8.8ms | Total: 108.8ms
23:04:30 | Mask: [1.0, 1.0, 1.0, 0.0, 1.0] | Prob: 0.5440 | Attn: [0.133, 0.304, 0.288, 0.0, 0.274] | Ext: 52.3ms | Inf: 8.2ms | Total: 60.5ms
23:04:30 | Mask: [1.0, 1.0, 1.0, 0.0, 1.0] | Prob: 0.5302 | Attn: [0.133, 0.306, 0.288, 0.0, 0.273] | Ext: 52.3ms | Inf: 8.5ms | Total: 60.7ms
23:04:30 | Mask: [1.0, 1.0, 1.0, 0.0, 1.0] | Prob: 0.5206 | Attn: [0.133, 0.306, 0.288, 0.0, 0.273] | Ext: 52.3ms | Inf: 8.3ms | Total: 60.6ms
23:04:30 | Mask: [1.0, 1.0, 1.0, 0.0, 1.0] | Prob: 0.5140 | Attn: [0.133, 0.306, 0.287, 0.0, 0.273] | Ext: 52.3ms | Inf: 9.0ms | Total: 61.2ms
23:04:30 | Mask: [1.0, 1.0, 1.0, 0.0, 1.0] | Prob: 0.5095 | Attn: [0.133, 0.306, 0.288, 0.0, 0.273] | Ext: 52.3ms | Inf: 8.6ms | Total: 60.9ms
23:04:30 | Mask: [1.0, 1.0, 1.0, 0.0, 1.0] | Prob: 0.5064 | Attn: [0.133, 0.306, 0.288, 0.0, 0.273] | Ext: 52.3ms | Inf: 9.7ms | Total: 62.0ms
23:04:31 | Mask: [1.0, 1.0, 1.0, 0.0, 1.0] | Prob: 0.5042 | Attn: [0.133, 0.306, 0.288, 0.0, 0.273] | Ext: 52.3ms | Inf: 9.2ms | Total: 61.5ms
23:04:31 | Mask: [1.0, 1.0, 1.0, 0.0, 1.0] | Prob: 0.5027 | Attn: [0.133, 0.306, 0.288, 0.0, 0.273] | Ext: 52.3ms | Inf: 9.3ms | Total: 61.5ms
23:04:31 | Mask: [1.0, 1.0, 1.0, 0.0, 1.0] | Prob: 0.5017 | Attn: [0.133, 0.305, 0.288, 0.0, 0.274] | Ext: 52.3ms | Inf: 8.3ms | Total: 60.6ms
23:04:31 | Mask: [1.0, 1.0, 1.0, 0.0, 1.0] | Prob: 0.4947 | Attn: [0.186, 0.286, 0.271, 0.0, 0.257] | Ext: 52.3ms | Inf: 9.0ms | Total: 61.3ms
23:04:31 | Mask: [1.0, 1.0, 1.0, 0.0, 1.0] | Prob: 0.4898 | Attn: [0.186, 0.286, 0.271, 0.0, 0.257] | Ext: 52.3ms | Inf: 9.8ms | Total: 62.1ms
23:04:31 | Mask: [1.0, 1.0, 1.0, 0.0, 1.0] | Prob: 0.4865 | Attn: [0.186, 0.286, 0.271, 0.0, 0.257] | Ext: 52.3ms | Inf: 12.9ms | Total: 65.2ms
23:04:31 | Mask: [1.0, 1.0, 1.0, 0.0, 1.0] | Prob: 0.4841 | Attn: [0.186, 0.286, 0.271, 0.0, 0.257] | Ext: 52.3ms | Inf: 9.4ms | Total: 61.7ms
23:04:31 | Mask: [1.0, 1.0, 1.0, 0.0, 1.0] | Prob: 0.4825 | Attn: [0.186, 0.286, 0.271, 0.0, 0.257] | Ext: 52.3ms | Inf: 10.9ms | Total: 63.2ms
23:04:32 | Mask: [1.0, 1.0, 1.0, 0.0, 1.0] | Prob: 0.4814 | Attn: [0.186, 0.286, 0.271, 0.0, 0.257] | Ext: 52.3ms | Inf: 10.4ms | Total: 62.7ms
23:04:32 | Mask: [1.0, 1.0, 1.0, 0.0, 1.0] | Prob: 0.4806 | Attn: [0.186, 0.286, 0.271, 0.0, 0.257] | Ext: 52.3ms | Inf: 12.0ms | Total: 64.3ms
23:04:32 | Mask: [1.0, 1.0, 1.0, 0.0, 1.0] | Prob: 0.4801 | Attn: [0.186, 0.286, 0.271, 0.0, 0.257] | Ext: 52.3ms | Inf: 12.0ms | Total: 64.3ms
23:04:32 | Mask: [1.0, 1.0, 1.0, 0.0, 1.0] | Prob: 0.4798 | Attn: [0.186, 0.285, 0.271, 0.0, 0.257] | Ext: 52.3ms | Inf: 11.6ms | Total: 63.9ms
23:04:32 | Mask: [1.0, 1.0, 1.0, 0.0, 1.0] | Prob: 0.4794 | Attn: [0.186, 0.285, 0.271, 0.0, 0.257] | Ext: 52.3ms | Inf: 11.9ms | Total: 64.2ms
23:04:32 | Mask: [1.0, 1.0, 1.0, 0.0, 1.0] | Prob: 0.4792 | Attn: [0.187, 0.285, 0.271, 0.0, 0.258] | Ext: 52.3ms | Inf: 10.9ms | Total: 63.1ms
23:04:32 | Mask: [1.0, 1.0, 1.0, 0.0, 1.0] | Prob: 0.4791 | Attn: [0.187, 0.284, 0.271, 0.0, 0.258] | Ext: 52.3ms | Inf: 12.5ms | Total: 64.8ms
23:04:32 | Mask: [1.0, 1.0, 1.0, 0.0, 1.0] | Prob: 0.4790 | Attn: [0.187, 0.284, 0.271, 0.0, 0.258] | Ext: 52.3ms | Inf: 10.1ms | Total: 62.4ms
23:04:33 | Mask: [1.0, 1.0, 1.0, 0.0, 1.0] | Prob: 0.4789 | Attn: [0.187, 0.283, 0.271, 0.0, 0.259] | Ext: 52.3ms | Inf: 8.8ms | Total: 61.1ms
23:04:33 | Mask: [1.0, 1.0, 1.0, 0.0, 1.0] | Prob: 0.4787 | Attn: [0.187, 0.283, 0.271, 0.0, 0.259] | Ext: 52.3ms | Inf: 15.4ms | Total: 67.6ms
23:04:33 | Mask: [1.0, 1.0, 1.0, 0.0, 1.0] | Prob: 0.4961 | Attn: [0.229, 0.268, 0.257, 0.0, 0.246] | Ext: 71.2ms | Inf: 10.4ms | Total: 81.7ms
23:04:33 | Mask: [1.0, 1.0, 1.0, 0.0, 1.0] | Prob: 0.5082 | Attn: [0.229, 0.268, 0.257, 0.0, 0.246] | Ext: 71.2ms | Inf: 18.9ms | Total: 90.2ms
23:04:33 | Mask: [1.0, 1.0, 1.0, 0.0, 1.0] | Prob: 0.5168 | Attn: [0.229, 0.268, 0.257, 0.0, 0.246] | Ext: 71.2ms | Inf: 10.2ms | Total: 81.4ms
23:04:33 | Mask: [1.0, 1.0, 1.0, 0.0, 1.0] | Prob: 0.5228 | Attn: [0.229, 0.268, 0.257, 0.0, 0.246] | Ext: 71.2ms | Inf: 8.4ms | Total: 79.6ms
23:04:33 | Mask: [1.0, 1.0, 1.0, 0.0, 1.0] | Prob: 0.5269 | Attn: [0.229, 0.268, 0.257, 0.0, 0.245] | Ext: 71.2ms | Inf: 8.5ms | Total: 79.8ms
23:04:33 | Mask: [1.0, 1.0, 1.0, 0.0, 1.0] | Prob: 0.5298 | Attn: [0.229, 0.269, 0.257, 0.0, 0.245] | Ext: 71.2ms | Inf: 9.4ms | Total: 80.7ms
23:04:34 | Mask: [1.0, 1.0, 1.0, 0.0, 1.0] | Prob: 0.5318 | Attn: [0.229, 0.27, 0.257, 0.0, 0.244] | Ext: 71.2ms | Inf: 8.7ms | Total: 79.9ms
23:04:34 | Mask: [1.0, 1.0, 1.0, 0.0, 1.0] | Prob: 0.5333 | Attn: [0.229, 0.27, 0.257, 0.0, 0.244] | Ext: 71.2ms | Inf: 10.8ms | Total: 82.1ms
23:04:34 | Mask: [1.0, 1.0, 1.0, 0.0, 1.0] | Prob: 0.5343 | Attn: [0.229, 0.27, 0.257, 0.0, 0.244] | Ext: 71.2ms | Inf: 21.1ms | Total: 92.3ms
23:04:34 | Mask: [1.0, 1.0, 1.0, 0.0, 1.0] | Prob: 0.5348 | Attn: [0.246, 0.264, 0.251, 0.0, 0.239] | Ext: 71.2ms | Inf: 10.5ms | Total: 81.7ms
23:04:34 | Mask: [1.0, 1.0, 1.0, 0.0, 1.0] | Prob: 0.5351 | Attn: [0.246, 0.264, 0.251, 0.0, 0.239] | Ext: 71.2ms | Inf: 13.7ms | Total: 84.9ms
23:04:34 | Mask: [1.0, 1.0, 1.0, 0.0, 1.0] | Prob: 0.5354 | Attn: [0.246, 0.264, 0.251, 0.0, 0.239] | Ext: 71.2ms | Inf: 11.9ms | Total: 83.2ms
23:04:34 | Mask: [1.0, 1.0, 1.0, 0.0, 1.0] | Prob: 0.5356 | Attn: [0.246, 0.264, 0.251, 0.0, 0.239] | Ext: 71.2ms | Inf: 13.1ms | Total: 84.3ms
23:04:34 | Mask: [1.0, 1.0, 1.0, 0.0, 1.0] | Prob: 0.5357 | Attn: [0.246, 0.265, 0.251, 0.0, 0.239] | Ext: 71.2ms | Inf: 8.5ms | Total: 79.8ms
23:04:35 | Mask: [1.0, 1.0, 1.0, 0.0, 1.0] | Prob: 0.5358 | Attn: [0.246, 0.265, 0.251, 0.0, 0.239] | Ext: 71.2ms | Inf: 10.7ms | Total: 81.9ms
23:04:35 | Mask: [1.0, 1.0, 1.0, 0.0, 1.0] | Prob: 0.5358 | Attn: [0.246, 0.265, 0.251, 0.0, 0.239] | Ext: 71.2ms | Inf: 10.7ms | Total: 82.0ms
23:04:35 | Mask: [1.0, 1.0, 1.0, 0.0, 1.0] | Prob: 0.5358 | Attn: [0.246, 0.265, 0.251, 0.0, 0.238] | Ext: 71.2ms | Inf: 8.4ms | Total: 79.6ms
23:04:35 | Mask: [1.0, 1.0, 1.0, 0.0, 1.0] | Prob: 0.5359 | Attn: [0.246, 0.265, 0.251, 0.0, 0.238] | Ext: 71.2ms | Inf: 8.4ms | Total: 79.7ms
23:04:35 | Mask: [1.0, 1.0, 1.0, 0.0, 1.0] | Prob: 0.5360 | Attn: [0.246, 0.264, 0.251, 0.0, 0.238] | Ext: 71.2ms | Inf: 9.6ms | Total: 80.8ms
23:04:35 | Mask: [1.0, 1.0, 1.0, 0.0, 1.0] | Prob: 0.5360 | Attn: [0.246, 0.265, 0.251, 0.0, 0.238] | Ext: 71.2ms | Inf: 11.8ms | Total: 83.0ms
23:04:35 | Mask: [1.0, 1.0, 1.0, 0.0, 1.0] | Prob: 0.5360 | Attn: [0.246, 0.265, 0.251, 0.0, 0.238] | Ext: 71.2ms | Inf: 9.3ms | Total: 80.6ms
23:04:35 | Mask: [1.0, 1.0, 1.0, 0.0, 1.0] | Prob: 0.5360 | Attn: [0.246, 0.265, 0.251, 0.0, 0.238] | Ext: 71.2ms | Inf: 9.6ms | Total: 80.8ms
23:04:36 | Mask: [1.0, 1.0, 1.0, 0.0, 1.0] | Prob: 0.5359 | Attn: [0.246, 0.265, 0.251, 0.0, 0.238] | Ext: 71.2ms | Inf: 8.2ms | Total: 79.5ms
23:04:36 | Mask: [1.0, 1.0, 1.0, 0.0, 1.0] | Prob: 0.5206 | Attn: [0.048, 0.335, 0.317, 0.0, 0.3] | Ext: 55.0ms | Inf: 9.6ms | Total: 64.6ms
23:04:36 | Mask: [1.0, 1.0, 1.0, 0.0, 1.0] | Prob: 0.5103 | Attn: [0.048, 0.332, 0.316, 0.0, 0.304] | Ext: 55.0ms | Inf: 9.6ms | Total: 64.6ms
23:04:36 | Mask: [1.0, 1.0, 1.0, 0.0, 1.0] | Prob: 0.5033 | Attn: [0.048, 0.329, 0.316, 0.0, 0.306] | Ext: 55.0ms | Inf: 8.9ms | Total: 63.9ms
23:04:36 | Mask: [1.0, 1.0, 1.0, 0.0, 1.0] | Prob: 0.4981 | Attn: [0.048, 0.331, 0.317, 0.0, 0.304] | Ext: 55.0ms | Inf: 9.3ms | Total: 64.3ms
23:04:36 | Mask: [1.0, 1.0, 1.0, 0.0, 1.0] | Prob: 0.4943 | Attn: [0.048, 0.332, 0.317, 0.0, 0.303] | Ext: 55.0ms | Inf: 9.8ms | Total: 64.8ms
23:04:36 | Mask: [1.0, 1.0, 1.0, 0.0, 1.0] | Prob: 0.4917 | Attn: [0.048, 0.333, 0.317, 0.0, 0.302] | Ext: 55.0ms | Inf: 9.4ms | Total: 64.4ms
23:04:36 | Mask: [1.0, 1.0, 1.0, 0.0, 1.0] | Prob: 0.4898 | Attn: [0.048, 0.334, 0.317, 0.0, 0.302] | Ext: 55.0ms | Inf: 7.9ms | Total: 62.9ms
23:04:37 | Mask: [1.0, 1.0, 1.0, 0.0, 1.0] | Prob: 0.4884 | Attn: [0.048, 0.334, 0.317, 0.0, 0.302] | Ext: 55.0ms | Inf: 9.3ms | Total: 64.3ms
23:04:37 | Mask: [1.0, 1.0, 1.0, 0.0, 1.0] | Prob: 0.4874 | Attn: [0.048, 0.334, 0.317, 0.0, 0.301] | Ext: 55.0ms | Inf: 10.3ms | Total: 65.3ms
23:04:37 | Mask: [1.0, 1.0, 1.0, 0.0, 1.0] | Prob: 0.4785 | Attn: [0.086, 0.321, 0.304, 0.0, 0.289] | Ext: 55.0ms | Inf: 10.7ms | Total: 65.7ms
23:04:37 | Mask: [1.0, 1.0, 1.0, 0.0, 1.0] | Prob: 0.4723 | Attn: [0.086, 0.321, 0.304, 0.0, 0.289] | Ext: 55.0ms | Inf: 8.4ms | Total: 63.3ms
23:04:37 | Mask: [1.0, 1.0, 1.0, 0.0, 1.0] | Prob: 0.4680 | Attn: [0.086, 0.321, 0.304, 0.0, 0.289] | Ext: 55.0ms | Inf: 8.1ms | Total: 63.1ms
23:04:37 | Mask: [1.0, 1.0, 1.0, 0.0, 1.0] | Prob: 0.4649 | Attn: [0.086, 0.322, 0.304, 0.0, 0.289] | Ext: 55.0ms | Inf: 10.8ms | Total: 65.8ms
23:04:37 | Mask: [1.0, 1.0, 1.0, 0.0, 1.0] | Prob: 0.4628 | Attn: [0.086, 0.322, 0.303, 0.0, 0.289] | Ext: 55.0ms | Inf: 10.0ms | Total: 65.0ms
23:04:37 | Mask: [1.0, 1.0, 1.0, 0.0, 1.0] | Prob: 0.4613 | Attn: [0.086, 0.322, 0.303, 0.0, 0.289] | Ext: 55.0ms | Inf: 6.9ms | Total: 61.9ms
23:04:38 | Mask: [1.0, 1.0, 1.0, 0.0, 1.0] | Prob: 0.4604 | Attn: [0.086, 0.322, 0.303, 0.0, 0.289] | Ext: 55.0ms | Inf: 9.8ms | Total: 64.8ms
23:04:38 | Mask: [1.0, 1.0, 1.0, 0.0, 1.0] | Prob: 0.4596 | Attn: [0.086, 0.322, 0.303, 0.0, 0.289] | Ext: 55.0ms | Inf: 8.0ms | Total: 63.0ms
23:04:38 | Mask: [1.0, 1.0, 1.0, 0.0, 1.0] | Prob: 0.4590 | Attn: [0.086, 0.322, 0.304, 0.0, 0.289] | Ext: 55.0ms | Inf: 8.5ms | Total: 63.5ms
23:04:38 | Mask: [1.0, 1.0, 1.0, 0.0, 1.0] | Prob: 0.4586 | Attn: [0.086, 0.322, 0.304, 0.0, 0.289] | Ext: 55.0ms | Inf: 10.6ms | Total: 65.6ms
23:04:38 | Mask: [1.0, 1.0, 1.0, 0.0, 1.0] | Prob: 0.4583 | Attn: [0.086, 0.322, 0.304, 0.0, 0.289] | Ext: 55.0ms | Inf: 8.8ms | Total: 63.8ms
23:04:38 | Mask: [1.0, 1.0, 1.0, 0.0, 1.0] | Prob: 0.4580 | Attn: [0.086, 0.322, 0.303, 0.0, 0.289] | Ext: 55.0ms | Inf: 8.2ms | Total: 63.2ms
23:04:38 | Mask: [1.0, 1.0, 1.0, 0.0, 1.0] | Prob: 0.4578 | Attn: [0.086, 0.322, 0.303, 0.0, 0.289] | Ext: 55.0ms | Inf: 12.5ms | Total: 67.5ms
23:04:38 | Mask: [1.0, 1.0, 1.0, 0.0, 1.0] | Prob: 0.4576 | Attn: [0.086, 0.322, 0.304, 0.0, 0.289] | Ext: 55.0ms | Inf: 13.4ms | Total: 68.4ms
23:04:39 | Mask: [1.0, 1.0, 1.0, 0.0, 1.0] | Prob: 0.4575 | Attn: [0.086, 0.322, 0.304, 0.0, 0.289] | Ext: 55.0ms | Inf: 15.5ms | Total: 70.5ms
23:04:39 | Mask: [1.0, 1.0, 1.0, 0.0, 1.0] | Prob: 0.4646 | Attn: [0.065, 0.329, 0.31, 0.0, 0.295] | Ext: 143.5ms | Inf: 21.7ms | Total: 165.2ms
23:04:39 | Mask: [1.0, 1.0, 1.0, 0.0, 1.0] | Prob: 0.4696 | Attn: [0.065, 0.329, 0.31, 0.0, 0.295] | Ext: 143.5ms | Inf: 57.0ms | Total: 200.5ms
23:04:39 | Mask: [1.0, 1.0, 1.0, 0.0, 1.0] | Prob: 0.4732 | Attn: [0.065, 0.329, 0.31, 0.0, 0.295] | Ext: 143.5ms | Inf: 18.1ms | Total: 161.6ms
23:04:39 | Mask: [1.0, 1.0, 1.0, 0.0, 1.0] | Prob: 0.4758 | Attn: [0.065, 0.33, 0.31, 0.0, 0.295] | Ext: 143.5ms | Inf: 12.0ms | Total: 155.5ms
23:04:39 | Mask: [1.0, 1.0, 1.0, 0.0, 1.0] | Prob: 0.4777 | Attn: [0.065, 0.329, 0.31, 0.0, 0.295] | Ext: 143.5ms | Inf: 11.8ms | Total: 155.3ms
23:04:40 | Mask: [1.0, 1.0, 1.0, 0.0, 1.0] | Prob: 0.4791 | Attn: [0.065, 0.329, 0.31, 0.0, 0.296] | Ext: 143.5ms | Inf: 11.1ms | Total: 154.6ms
23:09:18 | Mask: [0.0, 0.0, 1.0, 0.0, 0.0] | Prob: 0.1500 | Attn: [0.0, 0.0, 1.0, 0.0, 0.0] | Ext: 0.0ms | Inf: 2962.5ms | Total: 2962.5ms
23:09:18 | Mask: [0.0, 0.0, 1.0, 0.0, 0.0] | Prob: 0.2550 | Attn: [0.0, 0.0, 1.0, 0.0, 0.0] | Ext: 0.0ms | Inf: 10.9ms | Total: 10.9ms
23:09:18 | Mask: [0.0, 0.0, 1.0, 0.0, 0.0] | Prob: 0.3285 | Attn: [0.0, 0.0, 1.0, 0.0, 0.0] | Ext: 0.0ms | Inf: 15.5ms | Total: 15.5ms
23:09:19 | Mask: [0.0, 0.0, 1.0, 0.0, 0.0] | Prob: 0.3800 | Attn: [0.0, 0.0, 1.0, 0.0, 0.0] | Ext: 0.0ms | Inf: 12.7ms | Total: 12.7ms
23:09:19 | Mask: [0.0, 0.0, 1.0, 0.0, 0.0] | Prob: 0.4160 | Attn: [0.0, 0.0, 1.0, 0.0, 0.0] | Ext: 0.0ms | Inf: 9.8ms | Total: 9.9ms
23:09:19 | Mask: [0.0, 0.0, 1.0, 0.0, 0.0] | Prob: 0.4412 | Attn: [0.0, 0.0, 1.0, 0.0, 0.0] | Ext: 0.1ms | Inf: 9.8ms | Total: 9.9ms
23:09:19 | Mask: [0.0, 0.0, 1.0, 0.0, 0.0] | Prob: 0.4588 | Attn: [0.0, 0.0, 1.0, 0.0, 0.0] | Ext: 0.0ms | Inf: 9.8ms | Total: 9.8ms
23:09:19 | Mask: [0.0, 0.0, 1.0, 0.0, 0.0] | Prob: 0.4712 | Attn: [0.0, 0.0, 1.0, 0.0, 0.0] | Ext: 0.0ms | Inf: 9.5ms | Total: 9.6ms
23:09:19 | Mask: [0.0, 0.0, 1.0, 0.0, 0.0] | Prob: 0.4798 | Attn: [0.0, 0.0, 1.0, 0.0, 0.0] | Ext: 0.0ms | Inf: 8.7ms | Total: 8.7ms
23:09:19 | Mask: [0.0, 0.0, 1.0, 0.0, 0.0] | Prob: 0.4859 | Attn: [0.0, 0.0, 1.0, 0.0, 0.0] | Ext: 0.0ms | Inf: 9.4ms | Total: 9.5ms
23:09:20 | Mask: [0.0, 0.0, 1.0, 0.0, 0.0] | Prob: 0.4901 | Attn: [0.0, 0.0, 1.0, 0.0, 0.0] | Ext: 0.1ms | Inf: 10.9ms | Total: 11.0ms
23:09:20 | Mask: [0.0, 0.0, 1.0, 0.0, 0.0] | Prob: 0.4931 | Attn: [0.0, 0.0, 1.0, 0.0, 0.0] | Ext: 0.0ms | Inf: 13.7ms | Total: 13.7ms
23:09:20 | Mask: [0.0, 0.0, 1.0, 0.0, 0.0] | Prob: 0.4952 | Attn: [0.0, 0.0, 1.0, 0.0, 0.0] | Ext: 0.0ms | Inf: 11.4ms | Total: 11.4ms
23:09:20 | Mask: [0.0, 0.0, 1.0, 0.0, 0.0] | Prob: 0.4966 | Attn: [0.0, 0.0, 1.0, 0.0, 0.0] | Ext: 0.0ms | Inf: 13.2ms | Total: 13.2ms
23:09:20 | Mask: [0.0, 0.0, 1.0, 0.0, 0.0] | Prob: 0.4976 | Attn: [0.0, 0.0, 1.0, 0.0, 0.0] | Ext: 0.0ms | Inf: 10.5ms | Total: 10.5ms
23:09:20 | Mask: [0.0, 0.0, 1.0, 0.0, 0.0] | Prob: 0.4983 | Attn: [0.0, 0.0, 1.0, 0.0, 0.0] | Ext: 0.0ms | Inf: 13.7ms | Total: 13.8ms
23:09:20 | Mask: [0.0, 0.0, 1.0, 0.0, 0.0] | Prob: 0.4988 | Attn: [0.0, 0.0, 1.0, 0.0, 0.0] | Ext: 0.0ms | Inf: 11.6ms | Total: 11.7ms
23:09:20 | Mask: [0.0, 0.0, 1.0, 0.0, 0.0] | Prob: 0.4992 | Attn: [0.0, 0.0, 1.0, 0.0, 0.0] | Ext: 0.0ms | Inf: 11.0ms | Total: 11.0ms
23:09:21 | Mask: [0.0, 0.0, 1.0, 0.0, 0.0] | Prob: 0.4994 | Attn: [0.0, 0.0, 1.0, 0.0, 0.0] | Ext: 0.0ms | Inf: 13.3ms | Total: 13.3ms
23:09:21 | Mask: [0.0, 0.0, 1.0, 0.0, 0.0] | Prob: 0.4996 | Attn: [0.0, 0.0, 1.0, 0.0, 0.0] | Ext: 0.0ms | Inf: 11.1ms | Total: 11.1ms
23:09:21 | Mask: [0.0, 0.0, 1.0, 0.0, 0.0] | Prob: 0.4997 | Attn: [0.0, 0.0, 1.0, 0.0, 0.0] | Ext: 0.0ms | Inf: 24.6ms | Total: 24.6ms
23:09:21 | Mask: [0.0, 0.0, 1.0, 0.0, 0.0] | Prob: 0.4998 | Attn: [0.0, 0.0, 1.0, 0.0, 0.0] | Ext: 0.0ms | Inf: 38.1ms | Total: 38.2ms
23:09:21 | Mask: [0.0, 0.0, 1.0, 0.0, 0.0] | Prob: 0.4999 | Attn: [0.0, 0.0, 1.0, 0.0, 0.0] | Ext: 0.0ms | Inf: 21.4ms | Total: 21.4ms
23:09:21 | Mask: [0.0, 0.0, 1.0, 0.0, 0.0] | Prob: 0.4999 | Attn: [0.0, 0.0, 1.0, 0.0, 0.0] | Ext: 0.1ms | Inf: 15.7ms | Total: 15.7ms
23:09:21 | Mask: [0.0, 0.0, 1.0, 0.0, 0.0] | Prob: 0.4999 | Attn: [0.0, 0.0, 1.0, 0.0, 0.0] | Ext: 0.1ms | Inf: 19.2ms | Total: 19.2ms
23:09:22 | Mask: [0.0, 0.0, 1.0, 0.0, 0.0] | Prob: 0.5000 | Attn: [0.0, 0.0, 1.0, 0.0, 0.0] | Ext: 0.0ms | Inf: 11.3ms | Total: 11.3ms
23:09:22 | Mask: [0.0, 0.0, 1.0, 0.0, 0.0] | Prob: 0.5000 | Attn: [0.0, 0.0, 1.0, 0.0, 0.0] | Ext: 0.0ms | Inf: 10.9ms | Total: 10.9ms
23:09:22 | Mask: [0.0, 0.0, 1.0, 0.0, 0.0] | Prob: 0.5000 | Attn: [0.0, 0.0, 1.0, 0.0, 0.0] | Ext: 0.0ms | Inf: 14.6ms | Total: 14.6ms
23:09:22 | Mask: [0.0, 0.0, 1.0, 0.0, 0.0] | Prob: 0.5000 | Attn: [0.0, 0.0, 1.0, 0.0, 0.0] | Ext: 0.0ms | Inf: 15.4ms | Total: 15.4ms
23:09:22 | Mask: [0.0, 0.0, 1.0, 0.0, 0.0] | Prob: 0.5000 | Attn: [0.0, 0.0, 1.0, 0.0, 0.0] | Ext: 0.0ms | Inf: 41.3ms | Total: 41.3ms
23:09:22 | Mask: [0.0, 0.0, 1.0, 0.0, 0.0] | Prob: 0.5000 | Attn: [0.0, 0.0, 1.0, 0.0, 0.0] | Ext: 0.0ms | Inf: 15.3ms | Total: 15.3ms
23:09:22 | Mask: [0.0, 0.0, 1.0, 0.0, 0.0] | Prob: 0.5000 | Attn: [0.0, 0.0, 1.0, 0.0, 0.0] | Ext: 0.1ms | Inf: 14.2ms | Total: 14.2ms
23:09:23 | Mask: [0.0, 0.0, 1.0, 0.0, 0.0] | Prob: 0.5000 | Attn: [0.0, 0.0, 1.0, 0.0, 0.0] | Ext: 0.0ms | Inf: 13.6ms | Total: 13.6ms
23:09:23 | Mask: [0.0, 0.0, 1.0, 0.0, 0.0] | Prob: 0.5000 | Attn: [0.0, 0.0, 1.0, 0.0, 0.0] | Ext: 0.0ms | Inf: 15.1ms | Total: 15.2ms
23:09:23 | Mask: [0.0, 0.0, 1.0, 0.0, 0.0] | Prob: 0.5000 | Attn: [0.0, 0.0, 1.0, 0.0, 0.0] | Ext: 0.0ms | Inf: 12.4ms | Total: 12.4ms
23:09:23 | Mask: [0.0, 0.0, 1.0, 0.0, 0.0] | Prob: 0.5000 | Attn: [0.0, 0.0, 1.0, 0.0, 0.0] | Ext: 0.0ms | Inf: 10.7ms | Total: 10.7ms
23:09:23 | Mask: [0.0, 0.0, 1.0, 0.0, 0.0] | Prob: 0.5000 | Attn: [0.0, 0.0, 1.0, 0.0, 0.0] | Ext: 0.0ms | Inf: 10.7ms | Total: 10.7ms
23:09:23 | Mask: [0.0, 0.0, 1.0, 0.0, 0.0] | Prob: 0.5000 | Attn: [0.0, 0.0, 1.0, 0.0, 0.0] | Ext: 0.0ms | Inf: 12.1ms | Total: 12.1ms
23:09:23 | Mask: [0.0, 0.0, 1.0, 0.0, 0.0] | Prob: 0.5000 | Attn: [0.0, 0.0, 1.0, 0.0, 0.0] | Ext: 0.0ms | Inf: 11.2ms | Total: 11.2ms
23:09:23 | Mask: [0.0, 0.0, 1.0, 0.0, 0.0] | Prob: 0.5000 | Attn: [0.0, 0.0, 1.0, 0.0, 0.0] | Ext: 0.0ms | Inf: 13.8ms | Total: 13.8ms
23:09:24 | Mask: [0.0, 0.0, 1.0, 0.0, 0.0] | Prob: 0.5000 | Attn: [0.0, 0.0, 1.0, 0.0, 0.0] | Ext: 0.0ms | Inf: 12.4ms | Total: 12.5ms
23:09:24 | Mask: [0.0, 0.0, 1.0, 0.0, 0.0] | Prob: 0.5000 | Attn: [0.0, 0.0, 1.0, 0.0, 0.0] | Ext: 0.0ms | Inf: 12.1ms | Total: 12.1ms
23:09:24 | Mask: [0.0, 0.0, 1.0, 0.0, 0.0] | Prob: 0.5000 | Attn: [0.0, 0.0, 1.0, 0.0, 0.0] | Ext: 0.0ms | Inf: 12.6ms | Total: 12.7ms
23:09:24 | Mask: [0.0, 0.0, 1.0, 0.0, 0.0] | Prob: 0.5000 | Attn: [0.0, 0.0, 1.0, 0.0, 0.0] | Ext: 0.0ms | Inf: 13.7ms | Total: 13.8ms
23:09:24 | Mask: [0.0, 0.0, 1.0, 0.0, 0.0] | Prob: 0.5000 | Attn: [0.0, 0.0, 1.0, 0.0, 0.0] | Ext: 0.0ms | Inf: 10.4ms | Total: 10.4ms
23:09:24 | Mask: [0.0, 0.0, 1.0, 0.0, 0.0] | Prob: 0.5000 | Attn: [0.0, 0.0, 1.0, 0.0, 0.0] | Ext: 0.0ms | Inf: 11.7ms | Total: 11.7ms
23:09:24 | Mask: [0.0, 0.0, 1.0, 0.0, 0.0] | Prob: 0.5000 | Attn: [0.0, 0.0, 1.0, 0.0, 0.0] | Ext: 0.0ms | Inf: 13.1ms | Total: 13.2ms
23:09:24 | Mask: [0.0, 0.0, 1.0, 0.0, 0.0] | Prob: 0.5000 | Attn: [0.0, 0.0, 1.0, 0.0, 0.0] | Ext: 0.0ms | Inf: 14.0ms | Total: 14.1ms
23:09:25 | Mask: [0.0, 0.0, 1.0, 0.0, 0.0] | Prob: 0.5000 | Attn: [0.0, 0.0, 1.0, 0.0, 0.0] | Ext: 0.0ms | Inf: 16.3ms | Total: 16.3ms
23:09:25 | Mask: [0.0, 0.0, 1.0, 0.0, 0.0] | Prob: 0.5000 | Attn: [0.0, 0.0, 1.0, 0.0, 0.0] | Ext: 0.0ms | Inf: 11.1ms | Total: 11.2ms
23:09:25 | Mask: [0.0, 0.0, 1.0, 0.0, 0.0] | Prob: 0.5000 | Attn: [0.0, 0.0, 1.0, 0.0, 0.0] | Ext: 0.1ms | Inf: 10.3ms | Total: 10.4ms
23:09:25 | Mask: [0.0, 0.0, 1.0, 0.0, 0.0] | Prob: 0.5000 | Attn: [0.0, 0.0, 1.0, 0.0, 0.0] | Ext: 0.0ms | Inf: 11.0ms | Total: 11.0ms
23:09:25 | Mask: [0.0, 0.0, 1.0, 0.0, 0.0] | Prob: 0.5000 | Attn: [0.0, 0.0, 1.0, 0.0, 0.0] | Ext: 0.0ms | Inf: 11.9ms | Total: 11.9ms
23:09:25 | Mask: [0.0, 0.0, 1.0, 0.0, 0.0] | Prob: 0.5000 | Attn: [0.0, 0.0, 1.0, 0.0, 0.0] | Ext: 0.0ms | Inf: 11.0ms | Total: 11.0ms
23:09:25 | Mask: [0.0, 0.0, 1.0, 0.0, 0.0] | Prob: 0.5000 | Attn: [0.0, 0.0, 1.0, 0.0, 0.0] | Ext: 0.0ms | Inf: 14.1ms | Total: 14.1ms
23:09:26 | Mask: [0.0, 0.0, 1.0, 0.0, 0.0] | Prob: 0.5000 | Attn: [0.0, 0.0, 1.0, 0.0, 0.0] | Ext: 0.0ms | Inf: 11.7ms | Total: 11.8ms
23:09:26 | Mask: [0.0, 0.0, 1.0, 0.0, 0.0] | Prob: 0.5000 | Attn: [0.0, 0.0, 1.0, 0.0, 0.0] | Ext: 0.0ms | Inf: 11.6ms | Total: 11.6ms
23:09:26 | Mask: [0.0, 0.0, 1.0, 0.0, 0.0] | Prob: 0.5000 | Attn: [0.0, 0.0, 1.0, 0.0, 0.0] | Ext: 0.0ms | Inf: 12.0ms | Total: 12.0ms
23:09:26 | Mask: [0.0, 0.0, 1.0, 0.0, 0.0] | Prob: 0.5000 | Attn: [0.0, 0.0, 1.0, 0.0, 0.0] | Ext: 0.0ms | Inf: 10.1ms | Total: 10.1ms
23:09:26 | Mask: [0.0, 0.0, 1.0, 0.0, 0.0] | Prob: 0.5000 | Attn: [0.0, 0.0, 1.0, 0.0, 0.0] | Ext: 0.0ms | Inf: 12.1ms | Total: 12.1ms
23:09:26 | Mask: [0.0, 0.0, 1.0, 0.0, 0.0] | Prob: 0.5000 | Attn: [0.0, 0.0, 1.0, 0.0, 0.0] | Ext: 0.0ms | Inf: 14.3ms | Total: 14.3ms
23:09:26 | Mask: [0.0, 0.0, 1.0, 0.0, 0.0] | Prob: 0.5000 | Attn: [0.0, 0.0, 1.0, 0.0, 0.0] | Ext: 0.0ms | Inf: 11.4ms | Total: 11.5ms
23:09:26 | Mask: [0.0, 0.0, 1.0, 0.0, 0.0] | Prob: 0.5000 | Attn: [0.0, 0.0, 1.0, 0.0, 0.0] | Ext: 0.0ms | Inf: 13.0ms | Total: 13.0ms
23:09:27 | Mask: [0.0, 0.0, 1.0, 0.0, 0.0] | Prob: 0.5000 | Attn: [0.0, 0.0, 1.0, 0.0, 0.0] | Ext: 0.0ms | Inf: 12.5ms | Total: 12.5ms
23:09:27 | Mask: [0.0, 0.0, 1.0, 0.0, 0.0] | Prob: 0.5000 | Attn: [0.0, 0.0, 1.0, 0.0, 0.0] | Ext: 0.0ms | Inf: 13.9ms | Total: 13.9ms
23:09:27 | Mask: [0.0, 0.0, 1.0, 0.0, 0.0] | Prob: 0.5000 | Attn: [0.0, 0.0, 1.0, 0.0, 0.0] | Ext: 0.0ms | Inf: 10.5ms | Total: 10.6ms
23:09:27 | Mask: [0.0, 0.0, 1.0, 0.0, 0.0] | Prob: 0.5000 | Attn: [0.0, 0.0, 1.0, 0.0, 0.0] | Ext: 0.1ms | Inf: 12.6ms | Total: 12.6ms
23:09:27 | Mask: [0.0, 0.0, 1.0, 0.0, 0.0] | Prob: 0.5000 | Attn: [0.0, 0.0, 1.0, 0.0, 0.0] | Ext: 0.0ms | Inf: 11.7ms | Total: 11.8ms
23:09:27 | Mask: [0.0, 0.0, 1.0, 0.0, 0.0] | Prob: 0.5000 | Attn: [0.0, 0.0, 1.0, 0.0, 0.0] | Ext: 0.0ms | Inf: 15.6ms | Total: 15.7ms
23:09:27 | Mask: [0.0, 0.0, 1.0, 0.0, 0.0] | Prob: 0.5000 | Attn: [0.0, 0.0, 1.0, 0.0, 0.0] | Ext: 0.0ms | Inf: 11.4ms | Total: 11.4ms
23:09:27 | Mask: [0.0, 0.0, 1.0, 0.0, 0.0] | Prob: 0.5000 | Attn: [0.0, 0.0, 1.0, 0.0, 0.0] | Ext: 0.0ms | Inf: 12.2ms | Total: 12.3ms
23:09:28 | Mask: [0.0, 0.0, 1.0, 0.0, 0.0] | Prob: 0.5000 | Attn: [0.0, 0.0, 1.0, 0.0, 0.0] | Ext: 0.0ms | Inf: 20.4ms | Total: 20.4ms
23:09:28 | Mask: [0.0, 0.0, 1.0, 0.0, 0.0] | Prob: 0.5000 | Attn: [0.0, 0.0, 1.0, 0.0, 0.0] | Ext: 0.0ms | Inf: 15.9ms | Total: 16.0ms
23:09:28 | Mask: [0.0, 0.0, 1.0, 0.0, 0.0] | Prob: 0.5000 | Attn: [0.0, 0.0, 1.0, 0.0, 0.0] | Ext: 0.0ms | Inf: 11.7ms | Total: 11.7ms
23:09:28 | Mask: [0.0, 0.0, 1.0, 0.0, 0.0] | Prob: 0.5000 | Attn: [0.0, 0.0, 1.0, 0.0, 0.0] | Ext: 0.0ms | Inf: 15.2ms | Total: 15.3ms
23:09:28 | Mask: [0.0, 0.0, 1.0, 0.0, 0.0] | Prob: 0.5000 | Attn: [0.0, 0.0, 1.0, 0.0, 0.0] | Ext: 0.0ms | Inf: 12.3ms | Total: 12.3ms
23:09:28 | Mask: [0.0, 0.0, 1.0, 0.0, 0.0] | Prob: 0.5000 | Attn: [0.0, 0.0, 1.0, 0.0, 0.0] | Ext: 0.0ms | Inf: 12.7ms | Total: 12.7ms
23:09:28 | Mask: [0.0, 0.0, 1.0, 0.0, 0.0] | Prob: 0.5000 | Attn: [0.0, 0.0, 1.0, 0.0, 0.0] | Ext: 0.0ms | Inf: 12.5ms | Total: 12.6ms
23:09:29 | Mask: [0.0, 0.0, 1.0, 0.0, 0.0] | Prob: 0.5000 | Attn: [0.0, 0.0, 1.0, 0.0, 0.0] | Ext: 0.0ms | Inf: 16.3ms | Total: 16.4ms
23:09:29 | Mask: [0.0, 0.0, 1.0, 0.0, 0.0] | Prob: 0.5000 | Attn: [0.0, 0.0, 1.0, 0.0, 0.0] | Ext: 0.0ms | Inf: 11.4ms | Total: 11.4ms
23:09:29 | Mask: [0.0, 0.0, 1.0, 0.0, 0.0] | Prob: 0.5000 | Attn: [0.0, 0.0, 1.0, 0.0, 0.0] | Ext: 0.0ms | Inf: 13.8ms | Total: 13.8ms
23:09:29 | Mask: [0.0, 0.0, 1.0, 0.0, 0.0] | Prob: 0.5000 | Attn: [0.0, 0.0, 1.0, 0.0, 0.0] | Ext: 0.0ms | Inf: 11.0ms | Total: 11.0ms
23:09:29 | Mask: [0.0, 0.0, 1.0, 0.0, 0.0] | Prob: 0.5000 | Attn: [0.0, 0.0, 1.0, 0.0, 0.0] | Ext: 0.0ms | Inf: 12.6ms | Total: 12.6ms
23:09:29 | Mask: [0.0, 0.0, 1.0, 0.0, 0.0] | Prob: 0.5000 | Attn: [0.0, 0.0, 1.0, 0.0, 0.0] | Ext: 0.0ms | Inf: 9.9ms | Total: 9.9ms
23:09:29 | Mask: [0.0, 0.0, 1.0, 0.0, 0.0] | Prob: 0.5000 | Attn: [0.0, 0.0, 1.0, 0.0, 0.0] | Ext: 0.0ms | Inf: 10.4ms | Total: 10.4ms
23:09:29 | Mask: [0.0, 0.0, 1.0, 0.0, 0.0] | Prob: 0.5000 | Attn: [0.0, 0.0, 1.0, 0.0, 0.0] | Ext: 0.1ms | Inf: 12.1ms | Total: 12.2ms
23:09:30 | Mask: [0.0, 0.0, 1.0, 0.0, 0.0] | Prob: 0.5000 | Attn: [0.0, 0.0, 1.0, 0.0, 0.0] | Ext: 0.0ms | Inf: 10.8ms | Total: 10.8ms
23:09:30 | Mask: [0.0, 0.0, 1.0, 0.0, 0.0] | Prob: 0.5000 | Attn: [0.0, 0.0, 1.0, 0.0, 0.0] | Ext: 0.0ms | Inf: 10.8ms | Total: 10.8ms
23:09:30 | Mask: [0.0, 0.0, 1.0, 0.0, 0.0] | Prob: 0.5000 | Attn: [0.0, 0.0, 1.0, 0.0, 0.0] | Ext: 0.1ms | Inf: 14.0ms | Total: 14.0ms
23:09:30 | Mask: [0.0, 0.0, 1.0, 0.0, 0.0] | Prob: 0.5000 | Attn: [0.0, 0.0, 1.0, 0.0, 0.0] | Ext: 0.0ms | Inf: 11.7ms | Total: 11.7ms
23:09:30 | Mask: [0.0, 0.0, 1.0, 0.0, 0.0] | Prob: 0.5000 | Attn: [0.0, 0.0, 1.0, 0.0, 0.0] | Ext: 0.0ms | Inf: 13.8ms | Total: 13.8ms
23:09:30 | Mask: [0.0, 0.0, 1.0, 0.0, 0.0] | Prob: 0.5000 | Attn: [0.0, 0.0, 1.0, 0.0, 0.0] | Ext: 0.0ms | Inf: 11.7ms | Total: 11.8ms
23:09:30 | Mask: [0.0, 0.0, 1.0, 0.0, 0.0] | Prob: 0.5000 | Attn: [0.0, 0.0, 1.0, 0.0, 0.0] | Ext: 0.0ms | Inf: 11.1ms | Total: 11.1ms
23:09:31 | Mask: [0.0, 0.0, 1.0, 0.0, 0.0] | Prob: 0.5000 | Attn: [0.0, 0.0, 1.0, 0.0, 0.0] | Ext: 0.0ms | Inf: 12.1ms | Total: 12.1ms
23:09:31 | Mask: [0.0, 0.0, 1.0, 0.0, 0.0] | Prob: 0.5000 | Attn: [0.0, 0.0, 1.0, 0.0, 0.0] | Ext: 0.0ms | Inf: 11.2ms | Total: 11.2ms
23:09:31 | Mask: [0.0, 0.0, 1.0, 0.0, 0.0] | Prob: 0.5000 | Attn: [0.0, 0.0, 1.0, 0.0, 0.0] | Ext: 0.0ms | Inf: 12.3ms | Total: 12.3ms
23:09:31 | Mask: [0.0, 0.0, 1.0, 0.0, 0.0] | Prob: 0.5000 | Attn: [0.0, 0.0, 1.0, 0.0, 0.0] | Ext: 0.0ms | Inf: 12.1ms | Total: 12.1ms
23:09:31 | Mask: [1.0, 0.0, 1.0, 0.0, 0.0] | Prob: 0.4159 | Attn: [0.673, 0.0, 0.327, 0.0, 0.0] | Ext: 12708.0ms | Inf: 13.4ms | Total: 12721.4ms
23:09:31 | Mask: [1.0, 0.0, 1.0, 0.0, 0.0] | Prob: 0.3571 | Attn: [0.673, 0.0, 0.327, 0.0, 0.0] | Ext: 12708.0ms | Inf: 10.2ms | Total: 12718.1ms
23:09:31 | Mask: [1.0, 0.0, 1.0, 0.0, 0.0] | Prob: 0.3159 | Attn: [0.673, 0.0, 0.327, 0.0, 0.0] | Ext: 12708.0ms | Inf: 11.4ms | Total: 12719.4ms
23:09:31 | Mask: [1.0, 0.0, 1.0, 0.0, 0.0] | Prob: 0.2870 | Attn: [0.673, 0.0, 0.327, 0.0, 0.0] | Ext: 12708.0ms | Inf: 10.0ms | Total: 12717.9ms
23:09:32 | Mask: [1.0, 0.0, 1.0, 0.0, 0.0] | Prob: 0.2668 | Attn: [0.673, 0.0, 0.327, 0.0, 0.0] | Ext: 12708.0ms | Inf: 11.1ms | Total: 12719.1ms
23:09:32 | Mask: [1.0, 0.0, 1.0, 0.0, 0.0] | Prob: 0.2527 | Attn: [0.673, 0.0, 0.327, 0.0, 0.0] | Ext: 12708.0ms | Inf: 12.3ms | Total: 12720.3ms
23:09:32 | Mask: [1.0, 0.0, 1.0, 0.0, 0.0] | Prob: 0.2428 | Attn: [0.673, 0.0, 0.327, 0.0, 0.0] | Ext: 12708.0ms | Inf: 12.2ms | Total: 12720.1ms
23:09:32 | Mask: [1.0, 0.0, 1.0, 0.0, 0.0] | Prob: 0.2359 | Attn: [0.673, 0.0, 0.327, 0.0, 0.0] | Ext: 12708.0ms | Inf: 12.5ms | Total: 12720.4ms
23:09:32 | Mask: [1.0, 0.0, 1.0, 0.0, 0.0] | Prob: 0.2311 | Attn: [0.673, 0.0, 0.327, 0.0, 0.0] | Ext: 12708.0ms | Inf: 10.4ms | Total: 12718.3ms
23:09:32 | Mask: [1.0, 0.0, 1.0, 0.0, 0.0] | Prob: 0.2277 | Attn: [0.673, 0.0, 0.327, 0.0, 0.0] | Ext: 12708.0ms | Inf: 15.7ms | Total: 12723.7ms
23:09:32 | Mask: [1.0, 0.0, 1.0, 0.0, 0.0] | Prob: 0.2253 | Attn: [0.673, 0.0, 0.327, 0.0, 0.0] | Ext: 12708.0ms | Inf: 15.9ms | Total: 12723.8ms
23:09:32 | Mask: [1.0, 0.0, 1.0, 0.0, 0.0] | Prob: 0.2236 | Attn: [0.673, 0.0, 0.327, 0.0, 0.0] | Ext: 12708.0ms | Inf: 12.8ms | Total: 12720.7ms
23:09:33 | Mask: [1.0, 0.0, 1.0, 0.0, 0.0] | Prob: 0.2225 | Attn: [0.673, 0.0, 0.327, 0.0, 0.0] | Ext: 12708.0ms | Inf: 15.6ms | Total: 12723.5ms
23:09:33 | Mask: [1.0, 0.0, 1.0, 0.0, 0.0] | Prob: 0.2216 | Attn: [0.673, 0.0, 0.327, 0.0, 0.0] | Ext: 12708.0ms | Inf: 13.0ms | Total: 12720.9ms
23:09:33 | Mask: [1.0, 0.0, 1.0, 0.0, 0.0] | Prob: 0.2211 | Attn: [0.673, 0.0, 0.327, 0.0, 0.0] | Ext: 12708.0ms | Inf: 13.5ms | Total: 12721.5ms
23:09:33 | Mask: [1.0, 0.0, 1.0, 0.0, 0.0] | Prob: 0.2207 | Attn: [0.673, 0.0, 0.327, 0.0, 0.0] | Ext: 12708.0ms | Inf: 12.3ms | Total: 12720.3ms
23:09:33 | Mask: [1.0, 0.0, 1.0, 0.0, 0.0] | Prob: 0.2204 | Attn: [0.673, 0.0, 0.327, 0.0, 0.0] | Ext: 12708.0ms | Inf: 14.9ms | Total: 12722.8ms
23:09:33 | Mask: [1.0, 0.0, 1.0, 0.0, 0.0] | Prob: 0.2202 | Attn: [0.673, 0.0, 0.327, 0.0, 0.0] | Ext: 12708.0ms | Inf: 15.2ms | Total: 12723.2ms
23:09:33 | Mask: [1.0, 0.0, 1.0, 0.0, 0.0] | Prob: 0.2201 | Attn: [0.673, 0.0, 0.327, 0.0, 0.0] | Ext: 12708.0ms | Inf: 9.5ms | Total: 12717.4ms
23:09:34 | Mask: [1.0, 0.0, 1.0, 0.0, 0.0] | Prob: 0.2200 | Attn: [0.673, 0.0, 0.327, 0.0, 0.0] | Ext: 12708.0ms | Inf: 11.9ms | Total: 12719.8ms
23:09:34 | Mask: [1.0, 0.0, 1.0, 0.0, 0.0] | Prob: 0.2199 | Attn: [0.673, 0.0, 0.327, 0.0, 0.0] | Ext: 12708.0ms | Inf: 11.0ms | Total: 12718.9ms
23:09:34 | Mask: [1.0, 0.0, 1.0, 0.0, 0.0] | Prob: 0.2199 | Attn: [0.673, 0.0, 0.327, 0.0, 0.0] | Ext: 12708.0ms | Inf: 10.5ms | Total: 12718.4ms
23:09:34 | Mask: [1.0, 0.0, 1.0, 0.0, 0.0] | Prob: 0.2198 | Attn: [0.673, 0.0, 0.327, 0.0, 0.0] | Ext: 12708.0ms | Inf: 13.9ms | Total: 12721.8ms
23:09:34 | Mask: [1.0, 0.0, 1.0, 0.0, 0.0] | Prob: 0.2198 | Attn: [0.673, 0.0, 0.327, 0.0, 0.0] | Ext: 12708.0ms | Inf: 11.7ms | Total: 12719.7ms
23:09:34 | Mask: [1.0, 0.0, 1.0, 0.0, 0.0] | Prob: 0.3374 | Attn: [0.49, 0.0, 0.51, 0.0, 0.0] | Ext: 79.4ms | Inf: 13.8ms | Total: 93.2ms
23:09:34 | Mask: [1.0, 0.0, 1.0, 0.0, 0.0] | Prob: 0.4197 | Attn: [0.49, 0.0, 0.51, 0.0, 0.0] | Ext: 79.4ms | Inf: 18.7ms | Total: 98.1ms
23:09:34 | Mask: [1.0, 0.0, 1.0, 0.0, 0.0] | Prob: 0.4773 | Attn: [0.49, 0.0, 0.51, 0.0, 0.0] | Ext: 79.4ms | Inf: 12.9ms | Total: 92.3ms
23:09:35 | Mask: [1.0, 0.0, 1.0, 0.0, 0.0] | Prob: 0.5177 | Attn: [0.49, 0.0, 0.51, 0.0, 0.0] | Ext: 79.4ms | Inf: 12.3ms | Total: 91.7ms
23:09:35 | Mask: [1.0, 0.0, 1.0, 0.0, 0.0] | Prob: 0.5459 | Attn: [0.49, 0.0, 0.51, 0.0, 0.0] | Ext: 79.4ms | Inf: 12.1ms | Total: 91.5ms
23:09:35 | Mask: [1.0, 0.0, 1.0, 0.0, 0.0] | Prob: 0.5657 | Attn: [0.49, 0.0, 0.51, 0.0, 0.0] | Ext: 79.4ms | Inf: 10.8ms | Total: 90.2ms
23:09:35 | Mask: [1.0, 0.0, 1.0, 0.0, 0.0] | Prob: 0.5795 | Attn: [0.49, 0.0, 0.51, 0.0, 0.0] | Ext: 79.4ms | Inf: 13.6ms | Total: 93.0ms
23:09:35 | Mask: [1.0, 0.0, 1.0, 0.0, 0.0] | Prob: 0.5892 | Attn: [0.49, 0.0, 0.51, 0.0, 0.0] | Ext: 79.4ms | Inf: 14.1ms | Total: 93.5ms
23:09:35 | Mask: [1.0, 0.0, 1.0, 0.0, 0.0] | Prob: 0.5960 | Attn: [0.49, 0.0, 0.51, 0.0, 0.0] | Ext: 79.4ms | Inf: 11.2ms | Total: 90.6ms
23:09:35 | Mask: [1.0, 0.0, 1.0, 0.0, 0.0] | Prob: 0.5714 | Attn: [0.383, 0.0, 0.617, 0.0, 0.0] | Ext: 79.4ms | Inf: 10.9ms | Total: 90.3ms
23:09:35 | Mask: [1.0, 0.0, 1.0, 0.0, 0.0] | Prob: 0.5542 | Attn: [0.383, 0.0, 0.617, 0.0, 0.0] | Ext: 79.4ms | Inf: 13.0ms | Total: 92.4ms
23:09:36 | Mask: [1.0, 0.0, 1.0, 0.0, 0.0] | Prob: 0.5421 | Attn: [0.383, 0.0, 0.617, 0.0, 0.0] | Ext: 79.4ms | Inf: 11.3ms | Total: 90.7ms
23:09:36 | Mask: [1.0, 0.0, 1.0, 0.0, 0.0] | Prob: 0.5337 | Attn: [0.383, 0.0, 0.617, 0.0, 0.0] | Ext: 79.4ms | Inf: 11.4ms | Total: 90.8ms
23:09:36 | Mask: [1.0, 0.0, 1.0, 0.0, 0.0] | Prob: 0.5278 | Attn: [0.383, 0.0, 0.617, 0.0, 0.0] | Ext: 79.4ms | Inf: 13.7ms | Total: 93.1ms
23:09:36 | Mask: [1.0, 0.0, 1.0, 0.0, 0.0] | Prob: 0.5237 | Attn: [0.383, 0.0, 0.617, 0.0, 0.0] | Ext: 79.4ms | Inf: 13.0ms | Total: 92.4ms
23:09:36 | Mask: [1.0, 0.0, 1.0, 0.0, 0.0] | Prob: 0.5208 | Attn: [0.383, 0.0, 0.617, 0.0, 0.0] | Ext: 79.4ms | Inf: 14.0ms | Total: 93.4ms
23:09:36 | Mask: [1.0, 0.0, 1.0, 0.0, 0.0] | Prob: 0.5188 | Attn: [0.383, 0.0, 0.617, 0.0, 0.0] | Ext: 79.4ms | Inf: 7.9ms | Total: 87.3ms
23:09:36 | Mask: [1.0, 0.0, 1.0, 0.0, 0.0] | Prob: 0.5173 | Attn: [0.383, 0.0, 0.617, 0.0, 0.0] | Ext: 79.4ms | Inf: 8.9ms | Total: 88.4ms
23:09:37 | Mask: [1.0, 0.0, 1.0, 0.0, 0.0] | Prob: 0.5164 | Attn: [0.383, 0.0, 0.617, 0.0, 0.0] | Ext: 79.4ms | Inf: 20.9ms | Total: 100.3ms
23:09:37 | Mask: [1.0, 0.0, 1.0, 0.0, 0.0] | Prob: 0.5157 | Attn: [0.383, 0.0, 0.617, 0.0, 0.0] | Ext: 79.4ms | Inf: 11.9ms | Total: 91.3ms
23:09:37 | Mask: [1.0, 0.0, 1.0, 0.0, 0.0] | Prob: 0.5152 | Attn: [0.383, 0.0, 0.617, 0.0, 0.0] | Ext: 79.4ms | Inf: 11.7ms | Total: 91.1ms
23:09:37 | Mask: [1.0, 0.0, 1.0, 0.0, 0.0] | Prob: 0.5148 | Attn: [0.383, 0.0, 0.617, 0.0, 0.0] | Ext: 79.4ms | Inf: 12.3ms | Total: 91.7ms
23:09:37 | Mask: [1.0, 0.0, 1.0, 0.0, 0.0] | Prob: 0.5146 | Attn: [0.383, 0.0, 0.617, 0.0, 0.0] | Ext: 79.4ms | Inf: 13.1ms | Total: 92.5ms
23:09:37 | Mask: [1.0, 0.0, 1.0, 0.0, 0.0] | Prob: 0.5056 | Attn: [0.279, 0.0, 0.721, 0.0, 0.0] | Ext: 87.5ms | Inf: 20.7ms | Total: 108.2ms
23:09:37 | Mask: [1.0, 0.0, 1.0, 0.0, 0.0] | Prob: 0.4993 | Attn: [0.279, 0.0, 0.721, 0.0, 0.0] | Ext: 87.5ms | Inf: 14.0ms | Total: 101.5ms
23:09:37 | Mask: [1.0, 0.0, 1.0, 0.0, 0.0] | Prob: 0.4949 | Attn: [0.279, 0.0, 0.721, 0.0, 0.0] | Ext: 87.5ms | Inf: 12.3ms | Total: 99.8ms
23:09:38 | Mask: [1.0, 0.0, 1.0, 0.0, 0.0] | Prob: 0.4918 | Attn: [0.279, 0.0, 0.721, 0.0, 0.0] | Ext: 87.5ms | Inf: 22.9ms | Total: 110.4ms
23:09:38 | Mask: [1.0, 0.0, 1.0, 0.0, 0.0] | Prob: 0.4897 | Attn: [0.279, 0.0, 0.721, 0.0, 0.0] | Ext: 87.5ms | Inf: 11.7ms | Total: 99.2ms
23:09:38 | Mask: [1.0, 0.0, 1.0, 0.0, 0.0] | Prob: 0.4881 | Attn: [0.279, 0.0, 0.721, 0.0, 0.0] | Ext: 87.5ms | Inf: 11.7ms | Total: 99.2ms
23:09:38 | Mask: [1.0, 0.0, 1.0, 0.0, 0.0] | Prob: 0.4871 | Attn: [0.279, 0.0, 0.721, 0.0, 0.0] | Ext: 87.5ms | Inf: 14.4ms | Total: 101.9ms
23:09:38 | Mask: [1.0, 0.0, 1.0, 0.0, 0.0] | Prob: 0.4863 | Attn: [0.279, 0.0, 0.721, 0.0, 0.0] | Ext: 87.5ms | Inf: 12.6ms | Total: 100.1ms
23:09:38 | Mask: [1.0, 0.0, 1.0, 0.0, 0.0] | Prob: 0.4858 | Attn: [0.279, 0.0, 0.721, 0.0, 0.0] | Ext: 87.5ms | Inf: 12.2ms | Total: 99.8ms
23:09:38 | Mask: [1.0, 0.0, 1.0, 0.0, 0.0] | Prob: 0.4727 | Attn: [0.261, 0.0, 0.739, 0.0, 0.0] | Ext: 87.5ms | Inf: 11.2ms | Total: 98.8ms
23:09:39 | Mask: [1.0, 0.0, 1.0, 0.0, 0.0] | Prob: 0.4635 | Attn: [0.261, 0.0, 0.739, 0.0, 0.0] | Ext: 87.5ms | Inf: 11.9ms | Total: 99.5ms
23:09:39 | Mask: [1.0, 0.0, 1.0, 0.0, 0.0] | Prob: 0.4570 | Attn: [0.261, 0.0, 0.739, 0.0, 0.0] | Ext: 87.5ms | Inf: 12.3ms | Total: 99.8ms
23:09:39 | Mask: [1.0, 0.0, 1.0, 0.0, 0.0] | Prob: 0.4525 | Attn: [0.261, 0.0, 0.739, 0.0, 0.0] | Ext: 87.5ms | Inf: 12.1ms | Total: 99.6ms
23:09:39 | Mask: [1.0, 0.0, 1.0, 0.0, 0.0] | Prob: 0.4494 | Attn: [0.261, 0.0, 0.739, 0.0, 0.0] | Ext: 87.5ms | Inf: 13.3ms | Total: 100.9ms
23:09:39 | Mask: [1.0, 0.0, 1.0, 0.0, 0.0] | Prob: 0.4472 | Attn: [0.261, 0.0, 0.739, 0.0, 0.0] | Ext: 87.5ms | Inf: 13.8ms | Total: 101.3ms
23:09:39 | Mask: [1.0, 0.0, 1.0, 0.0, 0.0] | Prob: 0.4456 | Attn: [0.261, 0.0, 0.739, 0.0, 0.0] | Ext: 87.5ms | Inf: 11.5ms | Total: 99.0ms
23:09:39 | Mask: [1.0, 0.0, 1.0, 0.0, 0.0] | Prob: 0.4445 | Attn: [0.261, 0.0, 0.739, 0.0, 0.0] | Ext: 87.5ms | Inf: 13.5ms | Total: 101.0ms
23:09:39 | Mask: [1.0, 0.0, 1.0, 0.0, 0.0] | Prob: 0.4438 | Attn: [0.261, 0.0, 0.739, 0.0, 0.0] | Ext: 87.5ms | Inf: 12.1ms | Total: 99.7ms
23:09:40 | Mask: [1.0, 0.0, 1.0, 0.0, 0.0] | Prob: 0.4432 | Attn: [0.261, 0.0, 0.739, 0.0, 0.0] | Ext: 87.5ms | Inf: 11.9ms | Total: 99.4ms
23:09:40 | Mask: [1.0, 0.0, 1.0, 0.0, 0.0] | Prob: 0.4429 | Attn: [0.261, 0.0, 0.739, 0.0, 0.0] | Ext: 87.5ms | Inf: 12.7ms | Total: 100.2ms
23:09:40 | Mask: [1.0, 0.0, 1.0, 0.0, 0.0] | Prob: 0.4426 | Attn: [0.261, 0.0, 0.739, 0.0, 0.0] | Ext: 87.5ms | Inf: 12.6ms | Total: 100.1ms
23:09:40 | Mask: [1.0, 0.0, 1.0, 0.0, 0.0] | Prob: 0.4424 | Attn: [0.261, 0.0, 0.739, 0.0, 0.0] | Ext: 87.5ms | Inf: 11.2ms | Total: 98.8ms
23:09:40 | Mask: [1.0, 0.0, 1.0, 0.0, 0.0] | Prob: 0.4804 | Attn: [0.279, 0.0, 0.721, 0.0, 0.0] | Ext: 88.0ms | Inf: 12.8ms | Total: 100.7ms
23:09:40 | Mask: [1.0, 0.0, 1.0, 0.0, 0.0] | Prob: 0.5070 | Attn: [0.279, 0.0, 0.721, 0.0, 0.0] | Ext: 88.0ms | Inf: 15.5ms | Total: 103.5ms
23:09:40 | Mask: [1.0, 0.0, 1.0, 0.0, 0.0] | Prob: 0.5256 | Attn: [0.279, 0.0, 0.721, 0.0, 0.0] | Ext: 88.0ms | Inf: 14.2ms | Total: 102.2ms
23:09:41 | Mask: [1.0, 0.0, 1.0, 0.0, 0.0] | Prob: 0.5387 | Attn: [0.279, 0.0, 0.721, 0.0, 0.0] | Ext: 88.0ms | Inf: 13.2ms | Total: 101.2ms
23:09:41 | Mask: [1.0, 0.0, 1.0, 0.0, 0.0] | Prob: 0.5478 | Attn: [0.279, 0.0, 0.721, 0.0, 0.0] | Ext: 88.0ms | Inf: 11.4ms | Total: 99.3ms
23:09:41 | Mask: [1.0, 0.0, 1.0, 0.0, 0.0] | Prob: 0.5542 | Attn: [0.279, 0.0, 0.721, 0.0, 0.0] | Ext: 88.0ms | Inf: 12.7ms | Total: 100.6ms
23:09:41 | Mask: [1.0, 0.0, 1.0, 0.0, 0.0] | Prob: 0.5586 | Attn: [0.279, 0.0, 0.721, 0.0, 0.0] | Ext: 88.0ms | Inf: 13.0ms | Total: 100.9ms
23:09:41 | Mask: [1.0, 0.0, 1.0, 0.0, 0.0] | Prob: 0.5618 | Attn: [0.279, 0.0, 0.721, 0.0, 0.0] | Ext: 88.0ms | Inf: 14.5ms | Total: 102.4ms
23:09:41 | Mask: [1.0, 0.0, 1.0, 0.0, 0.0] | Prob: 0.5639 | Attn: [0.279, 0.0, 0.721, 0.0, 0.0] | Ext: 88.0ms | Inf: 13.9ms | Total: 101.9ms
23:09:41 | Mask: [1.0, 0.0, 1.0, 0.0, 0.0] | Prob: 0.5611 | Attn: [0.408, 0.0, 0.592, 0.0, 0.0] | Ext: 88.0ms | Inf: 13.0ms | Total: 101.0ms
23:09:41 | Mask: [1.0, 0.0, 1.0, 0.0, 0.0] | Prob: 0.5592 | Attn: [0.408, 0.0, 0.592, 0.0, 0.0] | Ext: 88.0ms | Inf: 11.7ms | Total: 99.6ms
23:09:42 | Mask: [1.0, 0.0, 1.0, 0.0, 0.0] | Prob: 0.5578 | Attn: [0.408, 0.0, 0.592, 0.0, 0.0] | Ext: 88.0ms | Inf: 12.2ms | Total: 100.2ms
23:09:42 | Mask: [1.0, 0.0, 1.0, 0.0, 0.0] | Prob: 0.5568 | Attn: [0.408, 0.0, 0.592, 0.0, 0.0] | Ext: 88.0ms | Inf: 16.8ms | Total: 104.8ms
23:09:42 | Mask: [1.0, 0.0, 1.0, 0.0, 0.0] | Prob: 0.5562 | Attn: [0.408, 0.0, 0.592, 0.0, 0.0] | Ext: 88.0ms | Inf: 11.0ms | Total: 99.0ms
23:09:42 | Mask: [1.0, 0.0, 1.0, 0.0, 0.0] | Prob: 0.5557 | Attn: [0.408, 0.0, 0.592, 0.0, 0.0] | Ext: 88.0ms | Inf: 12.4ms | Total: 100.4ms
23:09:42 | Mask: [1.0, 0.0, 1.0, 0.0, 0.0] | Prob: 0.5554 | Attn: [0.408, 0.0, 0.592, 0.0, 0.0] | Ext: 88.0ms | Inf: 12.9ms | Total: 100.9ms
23:09:42 | Mask: [1.0, 0.0, 1.0, 0.0, 0.0] | Prob: 0.5551 | Attn: [0.408, 0.0, 0.592, 0.0, 0.0] | Ext: 88.0ms | Inf: 9.3ms | Total: 97.3ms
23:09:42 | Mask: [1.0, 0.0, 1.0, 0.0, 0.0] | Prob: 0.5550 | Attn: [0.408, 0.0, 0.592, 0.0, 0.0] | Ext: 88.0ms | Inf: 14.2ms | Total: 102.2ms
23:09:42 | Mask: [1.0, 0.0, 1.0, 0.0, 0.0] | Prob: 0.5549 | Attn: [0.408, 0.0, 0.592, 0.0, 0.0] | Ext: 88.0ms | Inf: 11.7ms | Total: 99.6ms
23:09:43 | Mask: [1.0, 0.0, 1.0, 0.0, 0.0] | Prob: 0.5548 | Attn: [0.408, 0.0, 0.592, 0.0, 0.0] | Ext: 88.0ms | Inf: 9.8ms | Total: 97.7ms
23:09:43 | Mask: [1.0, 0.0, 1.0, 0.0, 0.0] | Prob: 0.5547 | Attn: [0.408, 0.0, 0.592, 0.0, 0.0] | Ext: 88.0ms | Inf: 12.2ms | Total: 100.2ms
23:09:43 | Mask: [1.0, 0.0, 1.0, 0.0, 0.0] | Prob: 0.5547 | Attn: [0.408, 0.0, 0.592, 0.0, 0.0] | Ext: 88.0ms | Inf: 11.0ms | Total: 98.9ms
23:09:43 | Mask: [1.0, 0.0, 1.0, 0.0, 0.0] | Prob: 0.5547 | Attn: [0.408, 0.0, 0.592, 0.0, 0.0] | Ext: 88.0ms | Inf: 11.2ms | Total: 99.2ms
23:09:43 | Mask: [1.0, 0.0, 1.0, 0.0, 0.0] | Prob: 0.4800 | Attn: [0.656, 0.0, 0.344, 0.0, 0.0] | Ext: 80.1ms | Inf: 15.2ms | Total: 95.3ms
23:09:43 | Mask: [1.0, 0.0, 1.0, 0.0, 0.0] | Prob: 0.4277 | Attn: [0.656, 0.0, 0.344, 0.0, 0.0] | Ext: 80.1ms | Inf: 11.9ms | Total: 92.0ms
23:09:43 | Mask: [1.0, 0.0, 1.0, 0.0, 0.0] | Prob: 0.3911 | Attn: [0.656, 0.0, 0.344, 0.0, 0.0] | Ext: 80.1ms | Inf: 11.1ms | Total: 91.2ms
23:09:44 | Mask: [1.0, 0.0, 1.0, 0.0, 0.0] | Prob: 0.3655 | Attn: [0.656, 0.0, 0.344, 0.0, 0.0] | Ext: 80.1ms | Inf: 12.6ms | Total: 92.8ms
23:09:44 | Mask: [1.0, 0.0, 1.0, 0.0, 0.0] | Prob: 0.3476 | Attn: [0.656, 0.0, 0.344, 0.0, 0.0] | Ext: 80.1ms | Inf: 17.2ms | Total: 97.3ms
23:09:44 | Mask: [1.0, 0.0, 1.0, 0.0, 0.0] | Prob: 0.3350 | Attn: [0.656, 0.0, 0.344, 0.0, 0.0] | Ext: 80.1ms | Inf: 8.6ms | Total: 88.7ms
23:09:44 | Mask: [1.0, 0.0, 1.0, 0.0, 0.0] | Prob: 0.3262 | Attn: [0.656, 0.0, 0.344, 0.0, 0.0] | Ext: 80.1ms | Inf: 12.9ms | Total: 93.0ms
23:09:44 | Mask: [1.0, 0.0, 1.0, 0.0, 0.0] | Prob: 0.3201 | Attn: [0.656, 0.0, 0.344, 0.0, 0.0] | Ext: 80.1ms | Inf: 22.5ms | Total: 102.6ms
23:09:44 | Mask: [1.0, 0.0, 1.0, 0.0, 0.0] | Prob: 0.3158 | Attn: [0.656, 0.0, 0.344, 0.0, 0.0] | Ext: 80.1ms | Inf: 11.9ms | Total: 92.0ms
23:09:44 | Mask: [1.0, 0.0, 1.0, 0.0, 0.0] | Prob: 0.2949 | Attn: [0.617, 0.0, 0.383, 0.0, 0.0] | Ext: 80.1ms | Inf: 14.1ms | Total: 94.2ms
23:09:44 | Mask: [1.0, 0.0, 1.0, 0.0, 0.0] | Prob: 0.2803 | Attn: [0.617, 0.0, 0.383, 0.0, 0.0] | Ext: 80.1ms | Inf: 15.9ms | Total: 96.1ms
23:09:45 | Mask: [1.0, 0.0, 1.0, 0.0, 0.0] | Prob: 0.2701 | Attn: [0.617, 0.0, 0.383, 0.0, 0.0] | Ext: 80.1ms | Inf: 14.9ms | Total: 95.0ms
23:09:45 | Mask: [1.0, 0.0, 1.0, 0.0, 0.0] | Prob: 0.2630 | Attn: [0.617, 0.0, 0.383, 0.0, 0.0] | Ext: 80.1ms | Inf: 14.9ms | Total: 95.0ms
23:09:45 | Mask: [1.0, 0.0, 1.0, 0.0, 0.0] | Prob: 0.2580 | Attn: [0.617, 0.0, 0.383, 0.0, 0.0] | Ext: 80.1ms | Inf: 17.2ms | Total: 97.3ms
23:09:45 | Mask: [1.0, 0.0, 1.0, 0.0, 0.0] | Prob: 0.2544 | Attn: [0.617, 0.0, 0.383, 0.0, 0.0] | Ext: 80.1ms | Inf: 15.4ms | Total: 95.5ms
23:09:45 | Mask: [1.0, 0.0, 1.0, 0.0, 0.0] | Prob: 0.2520 | Attn: [0.617, 0.0, 0.383, 0.0, 0.0] | Ext: 80.1ms | Inf: 13.0ms | Total: 93.1ms
23:09:45 | Mask: [1.0, 0.0, 1.0, 0.0, 0.0] | Prob: 0.2503 | Attn: [0.617, 0.0, 0.383, 0.0, 0.0] | Ext: 80.1ms | Inf: 13.8ms | Total: 93.9ms
23:09:45 | Mask: [1.0, 0.0, 1.0, 0.0, 0.0] | Prob: 0.2491 | Attn: [0.617, 0.0, 0.383, 0.0, 0.0] | Ext: 80.1ms | Inf: 12.5ms | Total: 92.6ms
23:09:46 | Mask: [1.0, 0.0, 1.0, 0.0, 0.0] | Prob: 0.2482 | Attn: [0.617, 0.0, 0.383, 0.0, 0.0] | Ext: 80.1ms | Inf: 12.2ms | Total: 92.3ms
23:09:46 | Mask: [1.0, 0.0, 1.0, 0.0, 0.0] | Prob: 0.2476 | Attn: [0.617, 0.0, 0.383, 0.0, 0.0] | Ext: 80.1ms | Inf: 13.6ms | Total: 93.7ms
23:09:46 | Mask: [1.0, 0.0, 1.0, 0.0, 0.0] | Prob: 0.2472 | Attn: [0.617, 0.0, 0.383, 0.0, 0.0] | Ext: 80.1ms | Inf: 12.7ms | Total: 92.8ms
23:09:46 | Mask: [1.0, 0.0, 1.0, 0.0, 0.0] | Prob: 0.2469 | Attn: [0.617, 0.0, 0.383, 0.0, 0.0] | Ext: 90.6ms | Inf: 20.5ms | Total: 111.0ms
23:09:46 | Mask: [1.0, 0.0, 1.0, 0.0, 0.0] | Prob: 0.3212 | Attn: [0.523, 0.0, 0.477, 0.0, 0.0] | Ext: 90.6ms | Inf: 19.6ms | Total: 110.2ms
23:09:46 | Mask: [1.0, 0.0, 1.0, 0.0, 0.0] | Prob: 0.3731 | Attn: [0.523, 0.0, 0.477, 0.0, 0.0] | Ext: 90.6ms | Inf: 22.2ms | Total: 112.8ms
23:09:46 | Mask: [1.0, 0.0, 1.0, 0.0, 0.0] | Prob: 0.4095 | Attn: [0.523, 0.0, 0.477, 0.0, 0.0] | Ext: 90.6ms | Inf: 21.2ms | Total: 111.8ms
23:09:47 | Mask: [1.0, 0.0, 1.0, 0.0, 0.0] | Prob: 0.4350 | Attn: [0.523, 0.0, 0.477, 0.0, 0.0] | Ext: 90.6ms | Inf: 9.8ms | Total: 100.4ms
23:09:47 | Mask: [1.0, 0.0, 1.0, 0.0, 0.0] | Prob: 0.4528 | Attn: [0.523, 0.0, 0.477, 0.0, 0.0] | Ext: 90.6ms | Inf: 16.6ms | Total: 107.1ms
23:09:47 | Mask: [1.0, 0.0, 1.0, 0.0, 0.0] | Prob: 0.4653 | Attn: [0.523, 0.0, 0.477, 0.0, 0.0] | Ext: 90.6ms | Inf: 13.7ms | Total: 104.3ms
23:09:47 | Mask: [1.0, 0.0, 1.0, 0.0, 0.0] | Prob: 0.4740 | Attn: [0.523, 0.0, 0.477, 0.0, 0.0] | Ext: 90.6ms | Inf: 11.8ms | Total: 102.4ms
23:09:47 | Mask: [1.0, 0.0, 1.0, 0.0, 0.0] | Prob: 0.4801 | Attn: [0.523, 0.0, 0.477, 0.0, 0.0] | Ext: 90.6ms | Inf: 13.0ms | Total: 103.6ms
23:09:47 | Mask: [1.0, 0.0, 1.0, 0.0, 0.0] | Prob: 0.4844 | Attn: [0.523, 0.0, 0.477, 0.0, 0.0] | Ext: 90.6ms | Inf: 11.5ms | Total: 102.1ms
23:09:47 | Mask: [1.0, 0.0, 1.0, 0.0, 0.0] | Prob: 0.5008 | Attn: [0.468, 0.0, 0.532, 0.0, 0.0] | Ext: 90.6ms | Inf: 10.9ms | Total: 101.5ms
23:09:48 | Mask: [1.0, 0.0, 1.0, 0.0, 0.0] | Prob: 0.5123 | Attn: [0.468, 0.0, 0.532, 0.0, 0.0] | Ext: 90.6ms | Inf: 13.4ms | Total: 104.0ms
23:09:48 | Mask: [1.0, 0.0, 1.0, 0.0, 0.0] | Prob: 0.5204 | Attn: [0.468, 0.0, 0.532, 0.0, 0.0] | Ext: 90.6ms | Inf: 16.0ms | Total: 106.5ms
23:09:48 | Mask: [1.0, 0.0, 1.0, 0.0, 0.0] | Prob: 0.5260 | Attn: [0.468, 0.0, 0.532, 0.0, 0.0] | Ext: 90.6ms | Inf: 50.3ms | Total: 140.9ms
23:09:48 | Mask: [1.0, 0.0, 1.0, 0.0, 0.0] | Prob: 0.5300 | Attn: [0.468, 0.0, 0.532, 0.0, 0.0] | Ext: 90.6ms | Inf: 36.9ms | Total: 127.5ms
23:09:48 | Mask: [1.0, 0.0, 1.0, 0.0, 0.0] | Prob: 0.5327 | Attn: [0.468, 0.0, 0.532, 0.0, 0.0] | Ext: 90.6ms | Inf: 25.2ms | Total: 115.7ms
23:09:48 | Mask: [1.0, 0.0, 1.0, 0.0, 0.0] | Prob: 0.5347 | Attn: [0.468, 0.0, 0.532, 0.0, 0.0] | Ext: 90.6ms | Inf: 13.4ms | Total: 104.0ms
23:09:49 | Mask: [1.0, 0.0, 1.0, 0.0, 0.0] | Prob: 0.5360 | Attn: [0.468, 0.0, 0.532, 0.0, 0.0] | Ext: 90.6ms | Inf: 13.3ms | Total: 103.9ms
23:09:49 | Mask: [1.0, 0.0, 1.0, 0.0, 0.0] | Prob: 0.5370 | Attn: [0.468, 0.0, 0.532, 0.0, 0.0] | Ext: 90.6ms | Inf: 11.7ms | Total: 102.3ms
23:09:49 | Mask: [1.0, 0.0, 1.0, 0.0, 0.0] | Prob: 0.5376 | Attn: [0.468, 0.0, 0.532, 0.0, 0.0] | Ext: 90.6ms | Inf: 13.1ms | Total: 103.7ms
23:09:49 | Mask: [1.0, 0.0, 1.0, 0.0, 0.0] | Prob: 0.4598 | Attn: [0.52, 0.0, 0.48, 0.0, 0.0] | Ext: 86.7ms | Inf: 11.4ms | Total: 98.1ms
23:09:49 | Mask: [1.0, 0.0, 1.0, 0.0, 0.0] | Prob: 0.4054 | Attn: [0.52, 0.0, 0.48, 0.0, 0.0] | Ext: 86.7ms | Inf: 18.5ms | Total: 105.2ms
23:09:49 | Mask: [1.0, 0.0, 1.0, 0.0, 0.0] | Prob: 0.3672 | Attn: [0.52, 0.0, 0.48, 0.0, 0.0] | Ext: 86.7ms | Inf: 13.2ms | Total: 99.9ms
23:09:49 | Mask: [1.0, 0.0, 1.0, 0.0, 0.0] | Prob: 0.3405 | Attn: [0.52, 0.0, 0.48, 0.0, 0.0] | Ext: 86.7ms | Inf: 12.8ms | Total: 99.5ms
23:09:49 | Mask: [1.0, 0.0, 1.0, 0.0, 0.0] | Prob: 0.3219 | Attn: [0.52, 0.0, 0.48, 0.0, 0.0] | Ext: 86.7ms | Inf: 12.5ms | Total: 99.2ms
23:09:50 | Mask: [1.0, 0.0, 1.0, 0.0, 0.0] | Prob: 0.3088 | Attn: [0.52, 0.0, 0.48, 0.0, 0.0] | Ext: 86.7ms | Inf: 11.7ms | Total: 98.4ms
23:09:50 | Mask: [1.0, 0.0, 1.0, 0.0, 0.0] | Prob: 0.2996 | Attn: [0.52, 0.0, 0.48, 0.0, 0.0] | Ext: 86.7ms | Inf: 12.9ms | Total: 99.6ms
23:09:50 | Mask: [1.0, 0.0, 1.0, 0.0, 0.0] | Prob: 0.2932 | Attn: [0.52, 0.0, 0.48, 0.0, 0.0] | Ext: 86.7ms | Inf: 12.3ms | Total: 99.0ms
23:09:50 | Mask: [1.0, 0.0, 1.0, 0.0, 0.0] | Prob: 0.2887 | Attn: [0.52, 0.0, 0.48, 0.0, 0.0] | Ext: 86.7ms | Inf: 12.7ms | Total: 99.4ms
23:09:50 | Mask: [1.0, 0.0, 1.0, 0.0, 0.0] | Prob: 0.2748 | Attn: [0.569, 0.0, 0.431, 0.0, 0.0] | Ext: 86.7ms | Inf: 13.5ms | Total: 100.2ms
23:09:50 | Mask: [1.0, 0.0, 1.0, 0.0, 0.0] | Prob: 0.2650 | Attn: [0.569, 0.0, 0.431, 0.0, 0.0] | Ext: 86.7ms | Inf: 11.2ms | Total: 97.9ms
23:09:50 | Mask: [1.0, 0.0, 1.0, 0.0, 0.0] | Prob: 0.2582 | Attn: [0.569, 0.0, 0.431, 0.0, 0.0] | Ext: 86.7ms | Inf: 13.9ms | Total: 100.6ms
23:09:51 | Mask: [1.0, 0.0, 1.0, 0.0, 0.0] | Prob: 0.2534 | Attn: [0.569, 0.0, 0.431, 0.0, 0.0] | Ext: 86.7ms | Inf: 12.4ms | Total: 99.1ms
23:09:51 | Mask: [1.0, 0.0, 1.0, 0.0, 0.0] | Prob: 0.2500 | Attn: [0.569, 0.0, 0.431, 0.0, 0.0] | Ext: 86.7ms | Inf: 11.3ms | Total: 98.0ms
23:09:51 | Mask: [1.0, 0.0, 1.0, 0.0, 0.0] | Prob: 0.2477 | Attn: [0.569, 0.0, 0.431, 0.0, 0.0] | Ext: 86.7ms | Inf: 12.0ms | Total: 98.7ms
23:09:51 | Mask: [1.0, 0.0, 1.0, 0.0, 0.0] | Prob: 0.2460 | Attn: [0.569, 0.0, 0.431, 0.0, 0.0] | Ext: 86.7ms | Inf: 10.7ms | Total: 97.4ms
23:09:51 | Mask: [1.0, 0.0, 1.0, 0.0, 0.0] | Prob: 0.2449 | Attn: [0.569, 0.0, 0.431, 0.0, 0.0] | Ext: 86.7ms | Inf: 14.6ms | Total: 101.3ms
23:09:51 | Mask: [1.0, 0.0, 1.0, 0.0, 0.0] | Prob: 0.2441 | Attn: [0.569, 0.0, 0.431, 0.0, 0.0] | Ext: 86.7ms | Inf: 13.8ms | Total: 100.5ms
23:09:51 | Mask: [1.0, 0.0, 1.0, 0.0, 0.0] | Prob: 0.2435 | Attn: [0.569, 0.0, 0.431, 0.0, 0.0] | Ext: 86.7ms | Inf: 13.7ms | Total: 100.4ms
23:09:51 | Mask: [1.0, 0.0, 1.0, 0.0, 0.0] | Prob: 0.2431 | Attn: [0.569, 0.0, 0.431, 0.0, 0.0] | Ext: 86.7ms | Inf: 11.5ms | Total: 98.2ms
23:09:52 | Mask: [1.0, 0.0, 1.0, 0.0, 0.0] | Prob: 0.2428 | Attn: [0.569, 0.0, 0.431, 0.0, 0.0] | Ext: 86.7ms | Inf: 11.9ms | Total: 98.6ms
23:09:52 | Mask: [1.0, 0.0, 1.0, 0.0, 0.0] | Prob: 0.2427 | Attn: [0.569, 0.0, 0.431, 0.0, 0.0] | Ext: 86.7ms | Inf: 11.1ms | Total: 97.8ms
23:09:52 | Mask: [1.0, 0.0, 1.0, 0.0, 0.0] | Prob: 0.2425 | Attn: [0.569, 0.0, 0.431, 0.0, 0.0] | Ext: 86.7ms | Inf: 12.2ms | Total: 98.9ms
23:09:52 | Mask: [1.0, 0.0, 1.0, 0.0, 0.0] | Prob: 0.1869 | Attn: [0.692, 0.0, 0.308, 0.0, 0.0] | Ext: 66.3ms | Inf: 8.9ms | Total: 75.2ms
23:09:52 | Mask: [1.0, 0.0, 1.0, 0.0, 0.0] | Prob: 0.1479 | Attn: [0.692, 0.0, 0.308, 0.0, 0.0] | Ext: 66.3ms | Inf: 10.6ms | Total: 76.9ms
23:09:52 | Mask: [1.0, 0.0, 1.0, 0.0, 0.0] | Prob: 0.1207 | Attn: [0.692, 0.0, 0.308, 0.0, 0.0] | Ext: 66.3ms | Inf: 11.5ms | Total: 77.7ms
23:09:52 | Mask: [1.0, 0.0, 1.0, 0.0, 0.0] | Prob: 0.1016 | Attn: [0.692, 0.0, 0.308, 0.0, 0.0] | Ext: 66.3ms | Inf: 13.4ms | Total: 79.7ms
23:09:52 | Mask: [1.0, 0.0, 1.0, 0.0, 0.0] | Prob: 0.0882 | Attn: [0.692, 0.0, 0.308, 0.0, 0.0] | Ext: 66.3ms | Inf: 12.9ms | Total: 79.1ms
23:09:53 | Mask: [1.0, 0.0, 1.0, 0.0, 0.0] | Prob: 0.0789 | Attn: [0.692, 0.0, 0.308, 0.0, 0.0] | Ext: 66.3ms | Inf: 11.9ms | Total: 78.2ms
23:09:53 | Mask: [1.0, 0.0, 1.0, 0.0, 0.0] | Prob: 0.0723 | Attn: [0.692, 0.0, 0.308, 0.0, 0.0] | Ext: 66.3ms | Inf: 12.4ms | Total: 78.7ms
23:09:53 | Mask: [1.0, 0.0, 1.0, 0.0, 0.0] | Prob: 0.0678 | Attn: [0.692, 0.0, 0.308, 0.0, 0.0] | Ext: 66.3ms | Inf: 12.8ms | Total: 79.1ms
23:09:53 | Mask: [1.0, 0.0, 1.0, 0.0, 0.0] | Prob: 0.0646 | Attn: [0.692, 0.0, 0.308, 0.0, 0.0] | Ext: 66.3ms | Inf: 15.3ms | Total: 81.6ms
23:09:53 | Mask: [1.0, 0.0, 1.0, 0.0, 0.0] | Prob: 0.0924 | Attn: [0.587, 0.0, 0.413, 0.0, 0.0] | Ext: 66.3ms | Inf: 16.3ms | Total: 82.6ms
23:09:53 | Mask: [1.0, 0.0, 1.0, 0.0, 0.0] | Prob: 0.1118 | Attn: [0.587, 0.0, 0.413, 0.0, 0.0] | Ext: 66.3ms | Inf: 10.8ms | Total: 77.0ms
23:09:53 | Mask: [1.0, 0.0, 1.0, 0.0, 0.0] | Prob: 0.1255 | Attn: [0.587, 0.0, 0.413, 0.0, 0.0] | Ext: 66.3ms | Inf: 11.6ms | Total: 77.9ms
23:09:54 | Mask: [1.0, 0.0, 1.0, 0.0, 0.0] | Prob: 0.1350 | Attn: [0.587, 0.0, 0.413, 0.0, 0.0] | Ext: 66.3ms | Inf: 10.9ms | Total: 77.1ms
23:09:54 | Mask: [1.0, 0.0, 1.0, 0.0, 0.0] | Prob: 0.1417 | Attn: [0.587, 0.0, 0.413, 0.0, 0.0] | Ext: 66.3ms | Inf: 11.0ms | Total: 77.3ms
23:09:54 | Mask: [1.0, 0.0, 1.0, 0.0, 0.0] | Prob: 0.1464 | Attn: [0.587, 0.0, 0.413, 0.0, 0.0] | Ext: 66.3ms | Inf: 14.8ms | Total: 81.1ms
23:09:54 | Mask: [1.0, 0.0, 1.0, 0.0, 0.0] | Prob: 0.1496 | Attn: [0.587, 0.0, 0.413, 0.0, 0.0] | Ext: 66.3ms | Inf: 11.7ms | Total: 78.0ms
23:09:54 | Mask: [1.0, 0.0, 1.0, 0.0, 0.0] | Prob: 0.1519 | Attn: [0.587, 0.0, 0.413, 0.0, 0.0] | Ext: 66.3ms | Inf: 12.7ms | Total: 79.0ms
23:09:54 | Mask: [1.0, 0.0, 1.0, 0.0, 0.0] | Prob: 0.1535 | Attn: [0.587, 0.0, 0.413, 0.0, 0.0] | Ext: 66.3ms | Inf: 12.3ms | Total: 78.6ms
23:09:54 | Mask: [1.0, 0.0, 1.0, 0.0, 0.0] | Prob: 0.1546 | Attn: [0.587, 0.0, 0.413, 0.0, 0.0] | Ext: 66.3ms | Inf: 14.5ms | Total: 80.8ms
23:09:54 | Mask: [1.0, 0.0, 1.0, 0.0, 0.0] | Prob: 0.1554 | Attn: [0.587, 0.0, 0.413, 0.0, 0.0] | Ext: 66.3ms | Inf: 11.6ms | Total: 77.8ms
23:09:55 | Mask: [1.0, 0.0, 1.0, 0.0, 0.0] | Prob: 0.1560 | Attn: [0.587, 0.0, 0.413, 0.0, 0.0] | Ext: 66.3ms | Inf: 12.0ms | Total: 78.2ms
23:09:55 | Mask: [1.0, 0.0, 1.0, 0.0, 0.0] | Prob: 0.1564 | Attn: [0.587, 0.0, 0.413, 0.0, 0.0] | Ext: 66.3ms | Inf: 13.6ms | Total: 79.9ms
23:09:55 | Mask: [1.0, 0.0, 1.0, 0.0, 0.0] | Prob: 0.1945 | Attn: [0.3, 0.0, 0.7, 0.0, 0.0] | Ext: 96.6ms | Inf: 12.9ms | Total: 109.5ms
23:09:55 | Mask: [1.0, 0.0, 1.0, 0.0, 0.0] | Prob: 0.2212 | Attn: [0.3, 0.0, 0.7, 0.0, 0.0] | Ext: 96.6ms | Inf: 20.8ms | Total: 117.4ms
23:09:55 | Mask: [1.0, 0.0, 1.0, 0.0, 0.0] | Prob: 0.2398 | Attn: [0.3, 0.0, 0.7, 0.0, 0.0] | Ext: 96.6ms | Inf: 12.0ms | Total: 108.6ms
23:09:55 | Mask: [1.0, 0.0, 1.0, 0.0, 0.0] | Prob: 0.2529 | Attn: [0.3, 0.0, 0.7, 0.0, 0.0] | Ext: 96.6ms | Inf: 14.5ms | Total: 111.0ms
23:09:55 | Mask: [1.0, 0.0, 1.0, 0.0, 0.0] | Prob: 0.2620 | Attn: [0.3, 0.0, 0.7, 0.0, 0.0] | Ext: 96.6ms | Inf: 13.5ms | Total: 110.0ms
23:09:55 | Mask: [1.0, 0.0, 1.0, 0.0, 0.0] | Prob: 0.2685 | Attn: [0.3, 0.0, 0.7, 0.0, 0.0] | Ext: 96.6ms | Inf: 11.0ms | Total: 107.6ms
23:09:56 | Mask: [1.0, 0.0, 1.0, 0.0, 0.0] | Prob: 0.2729 | Attn: [0.3, 0.0, 0.7, 0.0, 0.0] | Ext: 96.6ms | Inf: 14.2ms | Total: 110.7ms
23:09:56 | Mask: [1.0, 0.0, 1.0, 0.0, 0.0] | Prob: 0.2761 | Attn: [0.3, 0.0, 0.7, 0.0, 0.0] | Ext: 96.6ms | Inf: 13.1ms | Total: 109.7ms
23:09:56 | Mask: [1.0, 0.0, 1.0, 0.0, 0.0] | Prob: 0.2783 | Attn: [0.3, 0.0, 0.7, 0.0, 0.0] | Ext: 96.6ms | Inf: 13.2ms | Total: 109.7ms
23:09:56 | Mask: [1.0, 0.0, 1.0, 0.0, 0.0] | Prob: 0.3080 | Attn: [0.219, 0.0, 0.781, 0.0, 0.0] | Ext: 96.6ms | Inf: 11.6ms | Total: 108.1ms
23:09:56 | Mask: [1.0, 0.0, 1.0, 0.0, 0.0] | Prob: 0.3288 | Attn: [0.219, 0.0, 0.781, 0.0, 0.0] | Ext: 96.6ms | Inf: 14.4ms | Total: 111.0ms
23:09:56 | Mask: [1.0, 0.0, 1.0, 0.0, 0.0] | Prob: 0.3433 | Attn: [0.219, 0.0, 0.781, 0.0, 0.0] | Ext: 96.6ms | Inf: 12.2ms | Total: 108.8ms
23:09:56 | Mask: [1.0, 0.0, 1.0, 0.0, 0.0] | Prob: 0.3535 | Attn: [0.219, 0.0, 0.781, 0.0, 0.0] | Ext: 96.6ms | Inf: 13.2ms | Total: 109.7ms
23:09:57 | Mask: [1.0, 0.0, 1.0, 0.0, 0.0] | Prob: 0.3606 | Attn: [0.219, 0.0, 0.781, 0.0, 0.0] | Ext: 96.6ms | Inf: 11.1ms | Total: 107.6ms
23:09:57 | Mask: [1.0, 0.0, 1.0, 0.0, 0.0] | Prob: 0.3656 | Attn: [0.219, 0.0, 0.781, 0.0, 0.0] | Ext: 96.6ms | Inf: 10.9ms | Total: 107.5ms
23:09:57 | Mask: [1.0, 0.0, 1.0, 0.0, 0.0] | Prob: 0.3691 | Attn: [0.219, 0.0, 0.781, 0.0, 0.0] | Ext: 96.6ms | Inf: 13.6ms | Total: 110.1ms
23:09:57 | Mask: [1.0, 0.0, 1.0, 0.0, 0.0] | Prob: 0.3716 | Attn: [0.219, 0.0, 0.781, 0.0, 0.0] | Ext: 96.6ms | Inf: 12.3ms | Total: 108.8ms
23:09:57 | Mask: [1.0, 0.0, 1.0, 0.0, 0.0] | Prob: 0.3733 | Attn: [0.219, 0.0, 0.781, 0.0, 0.0] | Ext: 96.6ms | Inf: 14.6ms | Total: 111.1ms
23:09:57 | Mask: [1.0, 0.0, 1.0, 0.0, 0.0] | Prob: 0.3745 | Attn: [0.219, 0.0, 0.781, 0.0, 0.0] | Ext: 96.6ms | Inf: 11.8ms | Total: 108.4ms
23:09:57 | Mask: [1.0, 0.0, 1.0, 0.0, 0.0] | Prob: 0.3753 | Attn: [0.219, 0.0, 0.781, 0.0, 0.0] | Ext: 96.6ms | Inf: 12.9ms | Total: 109.4ms
23:09:57 | Mask: [1.0, 0.0, 1.0, 0.0, 0.0] | Prob: 0.3759 | Attn: [0.219, 0.0, 0.781, 0.0, 0.0] | Ext: 96.6ms | Inf: 11.9ms | Total: 108.4ms
23:09:58 | Mask: [1.0, 0.0, 1.0, 0.0, 0.0] | Prob: 0.3763 | Attn: [0.219, 0.0, 0.781, 0.0, 0.0] | Ext: 96.6ms | Inf: 12.9ms | Total: 109.5ms
23:09:58 | Mask: [1.0, 0.0, 1.0, 0.0, 0.0] | Prob: 0.3766 | Attn: [0.219, 0.0, 0.781, 0.0, 0.0] | Ext: 96.6ms | Inf: 12.0ms | Total: 108.6ms
23:09:58 | Mask: [1.0, 0.0, 1.0, 0.0, 0.0] | Prob: 0.3808 | Attn: [0.433, 0.0, 0.567, 0.0, 0.0] | Ext: 83.7ms | Inf: 13.5ms | Total: 97.2ms
23:09:58 | Mask: [1.0, 0.0, 1.0, 0.0, 0.0] | Prob: 0.3838 | Attn: [0.433, 0.0, 0.567, 0.0, 0.0] | Ext: 83.7ms | Inf: 15.8ms | Total: 99.5ms
23:09:58 | Mask: [1.0, 0.0, 1.0, 0.0, 0.0] | Prob: 0.3859 | Attn: [0.433, 0.0, 0.567, 0.0, 0.0] | Ext: 83.7ms | Inf: 13.2ms | Total: 97.0ms
23:09:58 | Mask: [1.0, 0.0, 1.0, 0.0, 0.0] | Prob: 0.3873 | Attn: [0.433, 0.0, 0.567, 0.0, 0.0] | Ext: 83.7ms | Inf: 13.4ms | Total: 97.1ms
23:09:58 | Mask: [1.0, 0.0, 1.0, 0.0, 0.0] | Prob: 0.3883 | Attn: [0.433, 0.0, 0.567, 0.0, 0.0] | Ext: 83.7ms | Inf: 12.9ms | Total: 96.7ms
23:09:59 | Mask: [1.0, 0.0, 1.0, 0.0, 0.0] | Prob: 0.3891 | Attn: [0.433, 0.0, 0.567, 0.0, 0.0] | Ext: 83.7ms | Inf: 15.3ms | Total: 99.1ms
23:09:59 | Mask: [1.0, 0.0, 1.0, 0.0, 0.0] | Prob: 0.3896 | Attn: [0.433, 0.0, 0.567, 0.0, 0.0] | Ext: 83.7ms | Inf: 12.5ms | Total: 96.3ms
23:09:59 | Mask: [1.0, 0.0, 1.0, 0.0, 0.0] | Prob: 0.3899 | Attn: [0.433, 0.0, 0.567, 0.0, 0.0] | Ext: 83.7ms | Inf: 11.0ms | Total: 94.8ms
23:09:59 | Mask: [1.0, 0.0, 1.0, 0.0, 0.0] | Prob: 0.3901 | Attn: [0.433, 0.0, 0.567, 0.0, 0.0] | Ext: 83.7ms | Inf: 9.7ms | Total: 93.4ms
23:09:59 | Mask: [1.0, 0.0, 1.0, 0.0, 0.0] | Prob: 0.4051 | Attn: [0.57, 0.0, 0.43, 0.0, 0.0] | Ext: 83.7ms | Inf: 12.0ms | Total: 95.8ms
23:09:59 | Mask: [1.0, 0.0, 1.0, 0.0, 0.0] | Prob: 0.4156 | Attn: [0.57, 0.0, 0.43, 0.0, 0.0] | Ext: 83.7ms | Inf: 10.6ms | Total: 94.3ms
23:09:59 | Mask: [1.0, 0.0, 1.0, 0.0, 0.0] | Prob: 0.4229 | Attn: [0.57, 0.0, 0.43, 0.0, 0.0] | Ext: 83.7ms | Inf: 11.5ms | Total: 95.2ms
23:09:59 | Mask: [1.0, 0.0, 1.0, 0.0, 0.0] | Prob: 0.4280 | Attn: [0.57, 0.0, 0.43, 0.0, 0.0] | Ext: 83.7ms | Inf: 9.9ms | Total: 93.6ms
23:10:00 | Mask: [1.0, 0.0, 1.0, 0.0, 0.0] | Prob: 0.4316 | Attn: [0.57, 0.0, 0.43, 0.0, 0.0] | Ext: 83.7ms | Inf: 13.1ms | Total: 96.8ms
23:10:00 | Mask: [1.0, 0.0, 1.0, 0.0, 0.0] | Prob: 0.4341 | Attn: [0.57, 0.0, 0.43, 0.0, 0.0] | Ext: 83.7ms | Inf: 12.9ms | Total: 96.7ms
23:10:00 | Mask: [1.0, 0.0, 1.0, 0.0, 0.0] | Prob: 0.4359 | Attn: [0.57, 0.0, 0.43, 0.0, 0.0] | Ext: 83.7ms | Inf: 11.3ms | Total: 95.0ms
23:10:00 | Mask: [1.0, 0.0, 1.0, 0.0, 0.0] | Prob: 0.4371 | Attn: [0.57, 0.0, 0.43, 0.0, 0.0] | Ext: 83.7ms | Inf: 15.9ms | Total: 99.6ms
23:10:00 | Mask: [1.0, 0.0, 1.0, 0.0, 0.0] | Prob: 0.4380 | Attn: [0.57, 0.0, 0.43, 0.0, 0.0] | Ext: 83.7ms | Inf: 13.7ms | Total: 97.4ms
23:10:00 | Mask: [1.0, 0.0, 1.0, 0.0, 0.0] | Prob: 0.4386 | Attn: [0.57, 0.0, 0.43, 0.0, 0.0] | Ext: 83.7ms | Inf: 12.7ms | Total: 96.4ms
23:10:00 | Mask: [1.0, 0.0, 1.0, 0.0, 0.0] | Prob: 0.4390 | Attn: [0.57, 0.0, 0.43, 0.0, 0.0] | Ext: 83.7ms | Inf: 12.4ms | Total: 96.1ms
23:10:00 | Mask: [1.0, 0.0, 1.0, 0.0, 0.0] | Prob: 0.4393 | Attn: [0.57, 0.0, 0.43, 0.0, 0.0] | Ext: 83.7ms | Inf: 11.6ms | Total: 95.3ms
23:10:01 | Mask: [1.0, 0.0, 1.0, 0.0, 0.0] | Prob: 0.4395 | Attn: [0.57, 0.0, 0.43, 0.0, 0.0] | Ext: 83.7ms | Inf: 12.2ms | Total: 95.9ms
23:10:01 | Mask: [1.0, 0.0, 1.0, 0.0, 0.0] | Prob: 0.4396 | Attn: [0.57, 0.0, 0.43, 0.0, 0.0] | Ext: 83.7ms | Inf: 12.2ms | Total: 96.0ms
23:10:01 | Mask: [1.0, 0.0, 1.0, 0.0, 0.0] | Prob: 0.3816 | Attn: [0.68, 0.0, 0.32, 0.0, 0.0] | Ext: 95.5ms | Inf: 15.2ms | Total: 110.7ms
23:10:01 | Mask: [1.0, 0.0, 1.0, 0.0, 0.0] | Prob: 0.3410 | Attn: [0.68, 0.0, 0.32, 0.0, 0.0] | Ext: 95.5ms | Inf: 14.9ms | Total: 110.4ms
23:10:01 | Mask: [1.0, 0.0, 1.0, 0.0, 0.0] | Prob: 0.3126 | Attn: [0.68, 0.0, 0.32, 0.0, 0.0] | Ext: 95.5ms | Inf: 14.0ms | Total: 109.4ms
23:10:01 | Mask: [1.0, 0.0, 1.0, 0.0, 0.0] | Prob: 0.2927 | Attn: [0.68, 0.0, 0.32, 0.0, 0.0] | Ext: 95.5ms | Inf: 11.4ms | Total: 106.8ms
23:10:01 | Mask: [1.0, 0.0, 1.0, 0.0, 0.0] | Prob: 0.2788 | Attn: [0.68, 0.0, 0.32, 0.0, 0.0] | Ext: 95.5ms | Inf: 11.4ms | Total: 106.9ms
23:10:02 | Mask: [1.0, 0.0, 1.0, 0.0, 0.0] | Prob: 0.2690 | Attn: [0.68, 0.0, 0.32, 0.0, 0.0] | Ext: 95.5ms | Inf: 11.7ms | Total: 107.1ms
23:10:02 | Mask: [1.0, 0.0, 1.0, 0.0, 0.0] | Prob: 0.2622 | Attn: [0.68, 0.0, 0.32, 0.0, 0.0] | Ext: 95.5ms | Inf: 12.9ms | Total: 108.4ms
23:10:02 | Mask: [1.0, 0.0, 1.0, 0.0, 0.0] | Prob: 0.2574 | Attn: [0.68, 0.0, 0.32, 0.0, 0.0] | Ext: 95.5ms | Inf: 11.1ms | Total: 106.5ms
23:10:02 | Mask: [1.0, 0.0, 1.0, 0.0, 0.0] | Prob: 0.2541 | Attn: [0.68, 0.0, 0.32, 0.0, 0.0] | Ext: 95.5ms | Inf: 11.4ms | Total: 106.9ms
23:10:02 | Mask: [1.0, 0.0, 1.0, 0.0, 0.0] | Prob: 0.2767 | Attn: [0.588, 0.0, 0.412, 0.0, 0.0] | Ext: 95.5ms | Inf: 12.9ms | Total: 108.4ms
23:10:02 | Mask: [1.0, 0.0, 1.0, 0.0, 0.0] | Prob: 0.2926 | Attn: [0.588, 0.0, 0.412, 0.0, 0.0] | Ext: 95.5ms | Inf: 13.4ms | Total: 108.9ms
23:10:02 | Mask: [1.0, 0.0, 1.0, 0.0, 0.0] | Prob: 0.3037 | Attn: [0.588, 0.0, 0.412, 0.0, 0.0] | Ext: 95.5ms | Inf: 12.3ms | Total: 107.8ms
23:10:02 | Mask: [1.0, 0.0, 1.0, 0.0, 0.0] | Prob: 0.3114 | Attn: [0.588, 0.0, 0.412, 0.0, 0.0] | Ext: 95.5ms | Inf: 13.0ms | Total: 108.5ms
23:10:03 | Mask: [1.0, 0.0, 1.0, 0.0, 0.0] | Prob: 0.3169 | Attn: [0.588, 0.0, 0.412, 0.0, 0.0] | Ext: 95.5ms | Inf: 12.3ms | Total: 107.7ms
23:10:03 | Mask: [1.0, 0.0, 1.0, 0.0, 0.0] | Prob: 0.3207 | Attn: [0.588, 0.0, 0.412, 0.0, 0.0] | Ext: 95.5ms | Inf: 12.8ms | Total: 108.2ms
23:10:03 | Mask: [1.0, 0.0, 1.0, 0.0, 0.0] | Prob: 0.3233 | Attn: [0.588, 0.0, 0.412, 0.0, 0.0] | Ext: 95.5ms | Inf: 12.5ms | Total: 107.9ms
23:10:03 | Mask: [1.0, 0.0, 1.0, 0.0, 0.0] | Prob: 0.3252 | Attn: [0.588, 0.0, 0.412, 0.0, 0.0] | Ext: 95.5ms | Inf: 12.7ms | Total: 108.2ms
23:10:03 | Mask: [1.0, 0.0, 1.0, 0.0, 0.0] | Prob: 0.3265 | Attn: [0.588, 0.0, 0.412, 0.0, 0.0] | Ext: 95.5ms | Inf: 13.0ms | Total: 108.5ms
23:10:03 | Mask: [1.0, 0.0, 1.0, 0.0, 0.0] | Prob: 0.3274 | Attn: [0.588, 0.0, 0.412, 0.0, 0.0] | Ext: 95.5ms | Inf: 10.4ms | Total: 105.9ms
23:10:03 | Mask: [1.0, 0.0, 1.0, 0.0, 0.0] | Prob: 0.3281 | Attn: [0.588, 0.0, 0.412, 0.0, 0.0] | Ext: 95.5ms | Inf: 10.7ms | Total: 106.2ms
23:10:03 | Mask: [1.0, 0.0, 1.0, 0.0, 0.0] | Prob: 0.3285 | Attn: [0.588, 0.0, 0.412, 0.0, 0.0] | Ext: 95.5ms | Inf: 13.0ms | Total: 108.5ms
23:10:04 | Mask: [1.0, 0.0, 1.0, 0.0, 0.0] | Prob: 0.3288 | Attn: [0.588, 0.0, 0.412, 0.0, 0.0] | Ext: 95.5ms | Inf: 9.5ms | Total: 105.0ms
23:10:04 | Mask: [1.0, 0.0, 1.0, 0.0, 0.0] | Prob: 0.3156 | Attn: [0.661, 0.0, 0.339, 0.0, 0.0] | Ext: 89.4ms | Inf: 12.9ms | Total: 102.3ms
23:10:04 | Mask: [1.0, 0.0, 1.0, 0.0, 0.0] | Prob: 0.3064 | Attn: [0.661, 0.0, 0.339, 0.0, 0.0] | Ext: 89.4ms | Inf: 16.2ms | Total: 105.6ms
23:10:04 | Mask: [1.0, 0.0, 1.0, 0.0, 0.0] | Prob: 0.2999 | Attn: [0.661, 0.0, 0.339, 0.0, 0.0] | Ext: 89.4ms | Inf: 12.3ms | Total: 101.7ms
23:10:04 | Mask: [1.0, 0.0, 1.0, 0.0, 0.0] | Prob: 0.2954 | Attn: [0.661, 0.0, 0.339, 0.0, 0.0] | Ext: 89.4ms | Inf: 11.2ms | Total: 100.6ms
23:10:04 | Mask: [1.0, 0.0, 1.0, 0.0, 0.0] | Prob: 0.2922 | Attn: [0.661, 0.0, 0.339, 0.0, 0.0] | Ext: 89.4ms | Inf: 10.9ms | Total: 100.3ms
23:10:04 | Mask: [1.0, 0.0, 1.0, 0.0, 0.0] | Prob: 0.2900 | Attn: [0.661, 0.0, 0.339, 0.0, 0.0] | Ext: 89.4ms | Inf: 11.0ms | Total: 100.4ms
23:10:05 | Mask: [1.0, 0.0, 1.0, 0.0, 0.0] | Prob: 0.2885 | Attn: [0.661, 0.0, 0.339, 0.0, 0.0] | Ext: 89.4ms | Inf: 12.8ms | Total: 102.2ms
23:10:05 | Mask: [1.0, 0.0, 1.0, 0.0, 0.0] | Prob: 0.2874 | Attn: [0.661, 0.0, 0.339, 0.0, 0.0] | Ext: 89.4ms | Inf: 14.2ms | Total: 103.6ms
23:10:05 | Mask: [1.0, 0.0, 1.0, 0.0, 0.0] | Prob: 0.2866 | Attn: [0.661, 0.0, 0.339, 0.0, 0.0] | Ext: 89.4ms | Inf: 12.1ms | Total: 101.5ms
23:10:05 | Mask: [1.0, 0.0, 1.0, 0.0, 0.0] | Prob: 0.2889 | Attn: [0.51, 0.0, 0.49, 0.0, 0.0] | Ext: 89.4ms | Inf: 10.9ms | Total: 100.3ms
23:10:05 | Mask: [1.0, 0.0, 1.0, 0.0, 0.0] | Prob: 0.2905 | Attn: [0.51, 0.0, 0.49, 0.0, 0.0] | Ext: 89.4ms | Inf: 10.6ms | Total: 100.0ms
23:10:05 | Mask: [1.0, 0.0, 1.0, 0.0, 0.0] | Prob: 0.2916 | Attn: [0.51, 0.0, 0.49, 0.0, 0.0] | Ext: 89.4ms | Inf: 11.6ms | Total: 101.0ms
23:10:05 | Mask: [1.0, 0.0, 1.0, 0.0, 0.0] | Prob: 0.2924 | Attn: [0.51, 0.0, 0.49, 0.0, 0.0] | Ext: 89.4ms | Inf: 10.7ms | Total: 100.1ms
23:10:05 | Mask: [1.0, 0.0, 1.0, 0.0, 0.0] | Prob: 0.2929 | Attn: [0.51, 0.0, 0.49, 0.0, 0.0] | Ext: 89.4ms | Inf: 13.9ms | Total: 103.3ms
23:10:06 | Mask: [1.0, 0.0, 1.0, 0.0, 0.0] | Prob: 0.2933 | Attn: [0.51, 0.0, 0.49, 0.0, 0.0] | Ext: 89.4ms | Inf: 13.4ms | Total: 102.8ms
23:10:06 | Mask: [1.0, 0.0, 1.0, 0.0, 0.0] | Prob: 0.2936 | Attn: [0.51, 0.0, 0.49, 0.0, 0.0] | Ext: 89.4ms | Inf: 12.5ms | Total: 101.9ms
23:10:06 | Mask: [1.0, 0.0, 1.0, 0.0, 0.0] | Prob: 0.2938 | Attn: [0.51, 0.0, 0.49, 0.0, 0.0] | Ext: 89.4ms | Inf: 13.4ms | Total: 102.8ms
23:10:06 | Mask: [1.0, 0.0, 1.0, 0.0, 0.0] | Prob: 0.2939 | Attn: [0.51, 0.0, 0.49, 0.0, 0.0] | Ext: 89.4ms | Inf: 13.5ms | Total: 102.9ms
23:10:06 | Mask: [1.0, 0.0, 1.0, 0.0, 0.0] | Prob: 0.2940 | Attn: [0.51, 0.0, 0.49, 0.0, 0.0] | Ext: 89.4ms | Inf: 14.2ms | Total: 103.6ms
23:10:06 | Mask: [1.0, 0.0, 1.0, 0.0, 0.0] | Prob: 0.2940 | Attn: [0.51, 0.0, 0.49, 0.0, 0.0] | Ext: 89.4ms | Inf: 12.5ms | Total: 101.9ms
23:10:06 | Mask: [1.0, 0.0, 1.0, 0.0, 0.0] | Prob: 0.2941 | Attn: [0.51, 0.0, 0.49, 0.0, 0.0] | Ext: 89.4ms | Inf: 11.8ms | Total: 101.2ms
23:10:07 | Mask: [1.0, 0.0, 1.0, 0.0, 0.0] | Prob: 0.2941 | Attn: [0.51, 0.0, 0.49, 0.0, 0.0] | Ext: 89.4ms | Inf: 10.3ms | Total: 99.7ms
23:10:07 | Mask: [1.0, 0.0, 1.0, 0.0, 0.0] | Prob: 0.2941 | Attn: [0.51, 0.0, 0.49, 0.0, 0.0] | Ext: 89.4ms | Inf: 11.5ms | Total: 100.9ms
23:10:07 | Mask: [1.0, 0.0, 1.0, 0.0, 0.0] | Prob: 0.3897 | Attn: [0.559, 0.0, 0.441, 0.0, 0.0] | Ext: 98.0ms | Inf: 17.1ms | Total: 115.1ms
23:10:07 | Mask: [1.0, 0.0, 1.0, 0.0, 0.0] | Prob: 0.4565 | Attn: [0.559, 0.0, 0.441, 0.0, 0.0] | Ext: 98.0ms | Inf: 13.9ms | Total: 111.9ms
23:10:07 | Mask: [1.0, 0.0, 1.0, 0.0, 0.0] | Prob: 0.5033 | Attn: [0.559, 0.0, 0.441, 0.0, 0.0] | Ext: 98.0ms | Inf: 13.5ms | Total: 111.5ms
23:10:07 | Mask: [1.0, 0.0, 1.0, 0.0, 0.0] | Prob: 0.5361 | Attn: [0.559, 0.0, 0.441, 0.0, 0.0] | Ext: 98.0ms | Inf: 13.6ms | Total: 111.6ms
23:10:07 | Mask: [1.0, 0.0, 1.0, 0.0, 0.0] | Prob: 0.5590 | Attn: [0.559, 0.0, 0.441, 0.0, 0.0] | Ext: 98.0ms | Inf: 15.1ms | Total: 113.1ms
23:10:07 | Mask: [1.0, 0.0, 1.0, 0.0, 0.0] | Prob: 0.5751 | Attn: [0.559, 0.0, 0.441, 0.0, 0.0] | Ext: 98.0ms | Inf: 11.1ms | Total: 109.1ms
23:10:08 | Mask: [1.0, 0.0, 1.0, 0.0, 0.0] | Prob: 0.5863 | Attn: [0.559, 0.0, 0.441, 0.0, 0.0] | Ext: 98.0ms | Inf: 13.5ms | Total: 111.5ms
23:10:08 | Mask: [1.0, 0.0, 1.0, 0.0, 0.0] | Prob: 0.5942 | Attn: [0.559, 0.0, 0.441, 0.0, 0.0] | Ext: 98.0ms | Inf: 12.6ms | Total: 110.5ms
23:10:08 | Mask: [1.0, 0.0, 1.0, 0.0, 0.0] | Prob: 0.5997 | Attn: [0.559, 0.0, 0.441, 0.0, 0.0] | Ext: 98.0ms | Inf: 10.4ms | Total: 108.4ms
23:10:08 | Mask: [1.0, 0.0, 1.0, 0.0, 0.0] | Prob: 0.5938 | Attn: [0.506, 0.0, 0.494, 0.0, 0.0] | Ext: 98.0ms | Inf: 10.9ms | Total: 108.9ms
23:10:08 | Mask: [1.0, 0.0, 1.0, 0.0, 0.0] | Prob: 0.5896 | Attn: [0.506, 0.0, 0.494, 0.0, 0.0] | Ext: 98.0ms | Inf: 12.1ms | Total: 110.1ms
23:10:08 | Mask: [1.0, 0.0, 1.0, 0.0, 0.0] | Prob: 0.5867 | Attn: [0.506, 0.0, 0.494, 0.0, 0.0] | Ext: 98.0ms | Inf: 15.1ms | Total: 113.1ms
23:10:08 | Mask: [1.0, 0.0, 1.0, 0.0, 0.0] | Prob: 0.5847 | Attn: [0.506, 0.0, 0.494, 0.0, 0.0] | Ext: 98.0ms | Inf: 12.4ms | Total: 110.4ms
23:10:08 | Mask: [1.0, 0.0, 1.0, 0.0, 0.0] | Prob: 0.5832 | Attn: [0.506, 0.0, 0.494, 0.0, 0.0] | Ext: 98.0ms | Inf: 14.0ms | Total: 112.0ms
23:10:09 | Mask: [1.0, 0.0, 1.0, 0.0, 0.0] | Prob: 0.5822 | Attn: [0.506, 0.0, 0.494, 0.0, 0.0] | Ext: 98.0ms | Inf: 13.8ms | Total: 111.7ms
23:10:09 | Mask: [1.0, 0.0, 1.0, 0.0, 0.0] | Prob: 0.5815 | Attn: [0.506, 0.0, 0.494, 0.0, 0.0] | Ext: 98.0ms | Inf: 12.6ms | Total: 110.6ms
23:10:09 | Mask: [1.0, 0.0, 1.0, 0.0, 0.0] | Prob: 0.5811 | Attn: [0.506, 0.0, 0.494, 0.0, 0.0] | Ext: 98.0ms | Inf: 17.9ms | Total: 115.9ms
23:10:09 | Mask: [1.0, 0.0, 1.0, 0.0, 0.0] | Prob: 0.5807 | Attn: [0.506, 0.0, 0.494, 0.0, 0.0] | Ext: 98.0ms | Inf: 13.1ms | Total: 111.1ms
23:10:09 | Mask: [1.0, 0.0, 1.0, 0.0, 0.0] | Prob: 0.5805 | Attn: [0.506, 0.0, 0.494, 0.0, 0.0] | Ext: 98.0ms | Inf: 12.2ms | Total: 110.2ms
23:10:09 | Mask: [1.0, 0.0, 1.0, 0.0, 0.0] | Prob: 0.5803 | Attn: [0.506, 0.0, 0.494, 0.0, 0.0] | Ext: 98.0ms | Inf: 11.7ms | Total: 109.7ms
23:10:09 | Mask: [1.0, 0.0, 1.0, 0.0, 0.0] | Prob: 0.5802 | Attn: [0.506, 0.0, 0.494, 0.0, 0.0] | Ext: 98.0ms | Inf: 11.0ms | Total: 109.0ms
23:10:10 | Mask: [1.0, 0.0, 1.0, 0.0, 0.0] | Prob: 0.5801 | Attn: [0.506, 0.0, 0.494, 0.0, 0.0] | Ext: 98.0ms | Inf: 14.1ms | Total: 112.1ms
23:10:10 | Mask: [1.0, 0.0, 1.0, 0.0, 0.0] | Prob: 0.5072 | Attn: [0.592, 0.0, 0.408, 0.0, 0.0] | Ext: 82.1ms | Inf: 10.0ms | Total: 92.1ms
23:10:10 | Mask: [1.0, 0.0, 1.0, 0.0, 0.0] | Prob: 0.4561 | Attn: [0.592, 0.0, 0.408, 0.0, 0.0] | Ext: 82.1ms | Inf: 13.3ms | Total: 95.3ms
23:10:10 | Mask: [1.0, 0.0, 1.0, 0.0, 0.0] | Prob: 0.4204 | Attn: [0.592, 0.0, 0.408, 0.0, 0.0] | Ext: 82.1ms | Inf: 14.0ms | Total: 96.0ms
23:10:10 | Mask: [1.0, 0.0, 1.0, 0.0, 0.0] | Prob: 0.3954 | Attn: [0.592, 0.0, 0.408, 0.0, 0.0] | Ext: 82.1ms | Inf: 12.0ms | Total: 94.0ms
23:10:10 | Mask: [1.0, 0.0, 1.0, 0.0, 0.0] | Prob: 0.3779 | Attn: [0.592, 0.0, 0.408, 0.0, 0.0] | Ext: 82.1ms | Inf: 13.2ms | Total: 95.3ms
23:10:10 | Mask: [1.0, 0.0, 1.0, 0.0, 0.0] | Prob: 0.3656 | Attn: [0.592, 0.0, 0.408, 0.0, 0.0] | Ext: 82.1ms | Inf: 13.4ms | Total: 95.5ms
23:10:10 | Mask: [1.0, 0.0, 1.0, 0.0, 0.0] | Prob: 0.3571 | Attn: [0.592, 0.0, 0.408, 0.0, 0.0] | Ext: 82.1ms | Inf: 12.7ms | Total: 94.8ms
23:10:11 | Mask: [1.0, 0.0, 1.0, 0.0, 0.0] | Prob: 0.3511 | Attn: [0.592, 0.0, 0.408, 0.0, 0.0] | Ext: 82.1ms | Inf: 13.9ms | Total: 95.9ms
23:10:11 | Mask: [1.0, 0.0, 1.0, 0.0, 0.0] | Prob: 0.3469 | Attn: [0.592, 0.0, 0.408, 0.0, 0.0] | Ext: 82.1ms | Inf: 11.0ms | Total: 93.0ms
23:10:11 | Mask: [1.0, 0.0, 1.0, 0.0, 0.0] | Prob: 0.3260 | Attn: [0.571, 0.0, 0.429, 0.0, 0.0] | Ext: 82.1ms | Inf: 13.7ms | Total: 95.7ms
23:10:11 | Mask: [1.0, 0.0, 1.0, 0.0, 0.0] | Prob: 0.3115 | Attn: [0.571, 0.0, 0.429, 0.0, 0.0] | Ext: 82.1ms | Inf: 14.1ms | Total: 96.2ms
23:10:11 | Mask: [1.0, 0.0, 1.0, 0.0, 0.0] | Prob: 0.3012 | Attn: [0.571, 0.0, 0.429, 0.0, 0.0] | Ext: 82.1ms | Inf: 16.2ms | Total: 98.3ms
23:10:11 | Mask: [1.0, 0.0, 1.0, 0.0, 0.0] | Prob: 0.2941 | Attn: [0.571, 0.0, 0.429, 0.0, 0.0] | Ext: 82.1ms | Inf: 14.3ms | Total: 96.3ms
23:10:11 | Mask: [1.0, 0.0, 1.0, 0.0, 0.0] | Prob: 0.2891 | Attn: [0.571, 0.0, 0.429, 0.0, 0.0] | Ext: 82.1ms | Inf: 16.6ms | Total: 98.7ms
23:10:12 | Mask: [1.0, 0.0, 1.0, 0.0, 0.0] | Prob: 0.2856 | Attn: [0.571, 0.0, 0.429, 0.0, 0.0] | Ext: 82.1ms | Inf: 12.1ms | Total: 94.2ms
23:10:12 | Mask: [1.0, 0.0, 1.0, 0.0, 0.0] | Prob: 0.2832 | Attn: [0.571, 0.0, 0.429, 0.0, 0.0] | Ext: 82.1ms | Inf: 12.1ms | Total: 94.1ms
23:10:12 | Mask: [1.0, 0.0, 1.0, 0.0, 0.0] | Prob: 0.2814 | Attn: [0.571, 0.0, 0.429, 0.0, 0.0] | Ext: 82.1ms | Inf: 12.2ms | Total: 94.3ms
23:10:12 | Mask: [1.0, 0.0, 1.0, 0.0, 0.0] | Prob: 0.2802 | Attn: [0.571, 0.0, 0.429, 0.0, 0.0] | Ext: 82.1ms | Inf: 13.4ms | Total: 95.5ms
23:10:12 | Mask: [1.0, 0.0, 1.0, 0.0, 0.0] | Prob: 0.2794 | Attn: [0.571, 0.0, 0.429, 0.0, 0.0] | Ext: 82.1ms | Inf: 14.1ms | Total: 96.1ms
23:10:12 | Mask: [1.0, 0.0, 1.0, 0.0, 0.0] | Prob: 0.2788 | Attn: [0.571, 0.0, 0.429, 0.0, 0.0] | Ext: 82.1ms | Inf: 10.6ms | Total: 92.7ms
23:10:12 | Mask: [1.0, 0.0, 1.0, 0.0, 0.0] | Prob: 0.2784 | Attn: [0.571, 0.0, 0.429, 0.0, 0.0] | Ext: 82.1ms | Inf: 11.0ms | Total: 93.0ms
23:10:12 | Mask: [1.0, 0.0, 1.0, 0.0, 0.0] | Prob: 0.2781 | Attn: [0.571, 0.0, 0.429, 0.0, 0.0] | Ext: 82.1ms | Inf: 12.3ms | Total: 94.4ms
23:10:13 | Mask: [1.0, 0.0, 1.0, 0.0, 0.0] | Prob: 0.2779 | Attn: [0.571, 0.0, 0.429, 0.0, 0.0] | Ext: 82.1ms | Inf: 14.6ms | Total: 96.7ms
23:10:13 | Mask: [1.0, 0.0, 1.0, 0.0, 0.0] | Prob: 0.2786 | Attn: [0.604, 0.0, 0.396, 0.0, 0.0] | Ext: 94.3ms | Inf: 26.9ms | Total: 121.3ms
23:10:13 | Mask: [1.0, 0.0, 1.0, 0.0, 0.0] | Prob: 0.2792 | Attn: [0.604, 0.0, 0.396, 0.0, 0.0] | Ext: 94.3ms | Inf: 14.0ms | Total: 108.4ms
23:10:13 | Mask: [1.0, 0.0, 1.0, 0.0, 0.0] | Prob: 0.2795 | Attn: [0.604, 0.0, 0.396, 0.0, 0.0] | Ext: 94.3ms | Inf: 15.2ms | Total: 109.5ms
23:10:13 | Mask: [1.0, 0.0, 1.0, 0.0, 0.0] | Prob: 0.2798 | Attn: [0.604, 0.0, 0.396, 0.0, 0.0] | Ext: 94.3ms | Inf: 12.6ms | Total: 106.9ms
23:10:13 | Mask: [1.0, 0.0, 1.0, 0.0, 0.0] | Prob: 0.2800 | Attn: [0.604, 0.0, 0.396, 0.0, 0.0] | Ext: 94.3ms | Inf: 14.3ms | Total: 108.6ms
23:10:13 | Mask: [1.0, 0.0, 1.0, 0.0, 0.0] | Prob: 0.2801 | Attn: [0.604, 0.0, 0.396, 0.0, 0.0] | Ext: 94.3ms | Inf: 13.7ms | Total: 108.0ms
23:10:14 | Mask: [1.0, 0.0, 1.0, 0.0, 0.0] | Prob: 0.2802 | Attn: [0.604, 0.0, 0.396, 0.0, 0.0] | Ext: 94.3ms | Inf: 13.0ms | Total: 107.4ms
23:10:14 | Mask: [1.0, 0.0, 1.0, 0.0, 0.0] | Prob: 0.2802 | Attn: [0.604, 0.0, 0.396, 0.0, 0.0] | Ext: 94.3ms | Inf: 13.3ms | Total: 107.6ms
23:10:14 | Mask: [1.0, 0.0, 1.0, 0.0, 0.0] | Prob: 0.2803 | Attn: [0.604, 0.0, 0.396, 0.0, 0.0] | Ext: 94.3ms | Inf: 16.6ms | Total: 111.0ms
23:10:14 | Mask: [1.0, 0.0, 1.0, 0.0, 0.0] | Prob: 0.2915 | Attn: [0.499, 0.0, 0.501, 0.0, 0.0] | Ext: 94.3ms | Inf: 29.0ms | Total: 123.3ms
23:10:14 | Mask: [1.0, 0.0, 1.0, 0.0, 0.0] | Prob: 0.2994 | Attn: [0.499, 0.0, 0.501, 0.0, 0.0] | Ext: 94.3ms | Inf: 15.8ms | Total: 110.2ms
23:10:14 | Mask: [1.0, 0.0, 1.0, 0.0, 0.0] | Prob: 0.3049 | Attn: [0.499, 0.0, 0.501, 0.0, 0.0] | Ext: 94.3ms | Inf: 15.9ms | Total: 110.3ms
23:10:14 | Mask: [1.0, 0.0, 1.0, 0.0, 0.0] | Prob: 0.3088 | Attn: [0.499, 0.0, 0.501, 0.0, 0.0] | Ext: 94.3ms | Inf: 13.5ms | Total: 107.9ms
23:10:14 | Mask: [1.0, 0.0, 1.0, 0.0, 0.0] | Prob: 0.3115 | Attn: [0.499, 0.0, 0.501, 0.0, 0.0] | Ext: 94.3ms | Inf: 15.2ms | Total: 109.6ms
23:10:15 | Mask: [1.0, 0.0, 1.0, 0.0, 0.0] | Prob: 0.3134 | Attn: [0.499, 0.0, 0.501, 0.0, 0.0] | Ext: 94.3ms | Inf: 16.7ms | Total: 111.0ms
23:10:15 | Mask: [1.0, 0.0, 1.0, 0.0, 0.0] | Prob: 0.3147 | Attn: [0.499, 0.0, 0.501, 0.0, 0.0] | Ext: 94.3ms | Inf: 19.4ms | Total: 113.7ms
23:10:15 | Mask: [1.0, 0.0, 1.0, 0.0, 0.0] | Prob: 0.3156 | Attn: [0.499, 0.0, 0.501, 0.0, 0.0] | Ext: 94.3ms | Inf: 13.1ms | Total: 107.4ms
23:10:15 | Mask: [1.0, 0.0, 1.0, 0.0, 0.0] | Prob: 0.3163 | Attn: [0.499, 0.0, 0.501, 0.0, 0.0] | Ext: 94.3ms | Inf: 13.9ms | Total: 108.2ms
23:10:15 | Mask: [1.0, 0.0, 1.0, 0.0, 0.0] | Prob: 0.3167 | Attn: [0.499, 0.0, 0.501, 0.0, 0.0] | Ext: 94.3ms | Inf: 12.1ms | Total: 106.4ms
23:10:15 | Mask: [1.0, 0.0, 1.0, 0.0, 0.0] | Prob: 0.3170 | Attn: [0.499, 0.0, 0.501, 0.0, 0.0] | Ext: 94.3ms | Inf: 11.7ms | Total: 106.0ms
23:10:15 | Mask: [1.0, 0.0, 1.0, 0.0, 0.0] | Prob: 0.3173 | Attn: [0.499, 0.0, 0.501, 0.0, 0.0] | Ext: 94.3ms | Inf: 16.7ms | Total: 111.1ms
23:10:16 | Mask: [1.0, 0.0, 1.0, 0.0, 0.0] | Prob: 0.3174 | Attn: [0.499, 0.0, 0.501, 0.0, 0.0] | Ext: 90.6ms | Inf: 13.5ms | Total: 104.1ms
23:10:16 | Mask: [1.0, 0.0, 1.0, 0.0, 0.0] | Prob: 0.3544 | Attn: [0.664, 0.0, 0.336, 0.0, 0.0] | Ext: 90.6ms | Inf: 21.9ms | Total: 112.5ms
23:10:16 | Mask: [1.0, 0.0, 1.0, 0.0, 0.0] | Prob: 0.3802 | Attn: [0.664, 0.0, 0.336, 0.0, 0.0] | Ext: 90.6ms | Inf: 17.6ms | Total: 108.2ms
23:10:16 | Mask: [1.0, 0.0, 1.0, 0.0, 0.0] | Prob: 0.3983 | Attn: [0.664, 0.0, 0.336, 0.0, 0.0] | Ext: 90.6ms | Inf: 11.6ms | Total: 102.2ms
23:10:16 | Mask: [1.0, 0.0, 1.0, 0.0, 0.0] | Prob: 0.4110 | Attn: [0.664, 0.0, 0.336, 0.0, 0.0] | Ext: 90.6ms | Inf: 11.9ms | Total: 102.5ms
23:10:16 | Mask: [1.0, 0.0, 1.0, 0.0, 0.0] | Prob: 0.4199 | Attn: [0.664, 0.0, 0.336, 0.0, 0.0] | Ext: 90.6ms | Inf: 12.9ms | Total: 103.5ms
23:10:16 | Mask: [1.0, 0.0, 1.0, 0.0, 0.0] | Prob: 0.4261 | Attn: [0.664, 0.0, 0.336, 0.0, 0.0] | Ext: 90.6ms | Inf: 12.8ms | Total: 103.5ms
23:10:17 | Mask: [1.0, 0.0, 1.0, 0.0, 0.0] | Prob: 0.4305 | Attn: [0.664, 0.0, 0.336, 0.0, 0.0] | Ext: 90.6ms | Inf: 12.2ms | Total: 102.8ms
23:10:17 | Mask: [1.0, 0.0, 1.0, 0.0, 0.0] | Prob: 0.4335 | Attn: [0.664, 0.0, 0.336, 0.0, 0.0] | Ext: 90.6ms | Inf: 15.3ms | Total: 106.0ms
23:10:17 | Mask: [1.0, 0.0, 1.0, 0.0, 0.0] | Prob: 0.4356 | Attn: [0.664, 0.0, 0.336, 0.0, 0.0] | Ext: 90.6ms | Inf: 9.3ms | Total: 99.9ms
23:10:17 | Mask: [1.0, 0.0, 1.0, 0.0, 0.0] | Prob: 0.4293 | Attn: [0.56, 0.0, 0.44, 0.0, 0.0] | Ext: 90.6ms | Inf: 12.4ms | Total: 103.0ms
23:10:17 | Mask: [1.0, 0.0, 1.0, 0.0, 0.0] | Prob: 0.4248 | Attn: [0.56, 0.0, 0.44, 0.0, 0.0] | Ext: 90.6ms | Inf: 14.4ms | Total: 105.0ms
23:10:17 | Mask: [1.0, 0.0, 1.0, 0.0, 0.0] | Prob: 0.4217 | Attn: [0.56, 0.0, 0.44, 0.0, 0.0] | Ext: 90.6ms | Inf: 13.4ms | Total: 104.0ms
23:10:17 | Mask: [1.0, 0.0, 1.0, 0.0, 0.0] | Prob: 0.4195 | Attn: [0.56, 0.0, 0.44, 0.0, 0.0] | Ext: 90.6ms | Inf: 12.3ms | Total: 102.9ms
23:10:17 | Mask: [1.0, 0.0, 1.0, 0.0, 0.0] | Prob: 0.4180 | Attn: [0.56, 0.0, 0.44, 0.0, 0.0] | Ext: 90.6ms | Inf: 11.0ms | Total: 101.6ms
23:10:18 | Mask: [1.0, 0.0, 1.0, 0.0, 0.0] | Prob: 0.4169 | Attn: [0.56, 0.0, 0.44, 0.0, 0.0] | Ext: 90.6ms | Inf: 16.7ms | Total: 107.4ms
23:10:18 | Mask: [1.0, 0.0, 1.0, 0.0, 0.0] | Prob: 0.4161 | Attn: [0.56, 0.0, 0.44, 0.0, 0.0] | Ext: 90.6ms | Inf: 15.5ms | Total: 106.1ms
23:10:18 | Mask: [1.0, 0.0, 1.0, 0.0, 0.0] | Prob: 0.4156 | Attn: [0.56, 0.0, 0.44, 0.0, 0.0] | Ext: 90.6ms | Inf: 11.7ms | Total: 102.4ms
23:10:18 | Mask: [1.0, 0.0, 1.0, 0.0, 0.0] | Prob: 0.4152 | Attn: [0.56, 0.0, 0.44, 0.0, 0.0] | Ext: 90.6ms | Inf: 14.6ms | Total: 105.3ms
23:10:18 | Mask: [1.0, 0.0, 1.0, 0.0, 0.0] | Prob: 0.4150 | Attn: [0.56, 0.0, 0.44, 0.0, 0.0] | Ext: 90.6ms | Inf: 15.8ms | Total: 106.5ms
23:10:18 | Mask: [1.0, 0.0, 1.0, 0.0, 0.0] | Prob: 0.4148 | Attn: [0.56, 0.0, 0.44, 0.0, 0.0] | Ext: 90.6ms | Inf: 11.7ms | Total: 102.3ms
23:10:18 | Mask: [1.0, 0.0, 1.0, 0.0, 0.0] | Prob: 0.4147 | Attn: [0.56, 0.0, 0.44, 0.0, 0.0] | Ext: 90.6ms | Inf: 10.0ms | Total: 100.7ms
23:10:19 | Mask: [1.0, 0.0, 1.0, 0.0, 0.0] | Prob: 0.4146 | Attn: [0.56, 0.0, 0.44, 0.0, 0.0] | Ext: 90.6ms | Inf: 26.7ms | Total: 117.4ms
23:10:19 | Mask: [1.0, 0.0, 1.0, 0.0, 0.0] | Prob: 0.4866 | Attn: [0.5, 0.0, 0.5, 0.0, 0.0] | Ext: 147.4ms | Inf: 33.0ms | Total: 180.4ms
23:10:19 | Mask: [1.0, 0.0, 1.0, 0.0, 0.0] | Prob: 0.5370 | Attn: [0.5, 0.0, 0.5, 0.0, 0.0] | Ext: 147.4ms | Inf: 17.9ms | Total: 165.3ms
23:10:19 | Mask: [1.0, 0.0, 1.0, 0.0, 0.0] | Prob: 0.5723 | Attn: [0.5, 0.0, 0.5, 0.0, 0.0] | Ext: 147.4ms | Inf: 35.9ms | Total: 183.3ms
23:10:19 | Mask: [1.0, 0.0, 1.0, 0.0, 0.0] | Prob: 0.5970 | Attn: [0.5, 0.0, 0.5, 0.0, 0.0] | Ext: 147.4ms | Inf: 23.5ms | Total: 170.9ms
23:10:19 | Mask: [1.0, 0.0, 1.0, 0.0, 0.0] | Prob: 0.6143 | Attn: [0.5, 0.0, 0.5, 0.0, 0.0] | Ext: 147.4ms | Inf: 17.7ms | Total: 165.1ms
23:10:19 | Mask: [1.0, 0.0, 1.0, 0.0, 0.0] | Prob: 0.6264 | Attn: [0.5, 0.0, 0.5, 0.0, 0.0] | Ext: 147.4ms | Inf: 11.4ms | Total: 158.8ms
23:10:20 | Mask: [1.0, 0.0, 1.0, 0.0, 0.0] | Prob: 0.6348 | Attn: [0.5, 0.0, 0.5, 0.0, 0.0] | Ext: 147.4ms | Inf: 15.9ms | Total: 163.3ms
23:10:20 | Mask: [1.0, 0.0, 1.0, 0.0, 0.0] | Prob: 0.6408 | Attn: [0.5, 0.0, 0.5, 0.0, 0.0] | Ext: 147.4ms | Inf: 12.4ms | Total: 159.8ms
23:10:20 | Mask: [1.0, 0.0, 1.0, 0.0, 0.0] | Prob: 0.6449 | Attn: [0.5, 0.0, 0.5, 0.0, 0.0] | Ext: 147.4ms | Inf: 13.0ms | Total: 160.4ms
23:10:20 | Mask: [1.0, 0.0, 1.0, 0.0, 0.0] | Prob: 0.6361 | Attn: [0.589, 0.0, 0.411, 0.0, 0.0] | Ext: 147.4ms | Inf: 15.0ms | Total: 162.4ms
23:10:20 | Mask: [1.0, 0.0, 1.0, 0.0, 0.0] | Prob: 0.6299 | Attn: [0.589, 0.0, 0.411, 0.0, 0.0] | Ext: 147.4ms | Inf: 12.6ms | Total: 160.0ms
23:10:20 | Mask: [1.0, 0.0, 1.0, 0.0, 0.0] | Prob: 0.6256 | Attn: [0.589, 0.0, 0.411, 0.0, 0.0] | Ext: 147.4ms | Inf: 12.3ms | Total: 159.7ms
23:10:20 | Mask: [1.0, 0.0, 1.0, 0.0, 0.0] | Prob: 0.6226 | Attn: [0.589, 0.0, 0.411, 0.0, 0.0] | Ext: 147.4ms | Inf: 11.9ms | Total: 159.3ms
23:10:20 | Mask: [1.0, 0.0, 1.0, 0.0, 0.0] | Prob: 0.6204 | Attn: [0.589, 0.0, 0.411, 0.0, 0.0] | Ext: 147.4ms | Inf: 15.0ms | Total: 162.4ms
23:10:21 | Mask: [1.0, 0.0, 1.0, 0.0, 0.0] | Prob: 0.6190 | Attn: [0.589, 0.0, 0.411, 0.0, 0.0] | Ext: 147.4ms | Inf: 12.1ms | Total: 159.5ms
23:10:21 | Mask: [1.0, 0.0, 1.0, 0.0, 0.0] | Prob: 0.6179 | Attn: [0.589, 0.0, 0.411, 0.0, 0.0] | Ext: 147.4ms | Inf: 10.7ms | Total: 158.1ms
23:10:21 | Mask: [1.0, 0.0, 1.0, 0.0, 0.0] | Prob: 0.6172 | Attn: [0.589, 0.0, 0.411, 0.0, 0.0] | Ext: 147.4ms | Inf: 12.3ms | Total: 159.6ms
23:10:21 | Mask: [1.0, 0.0, 1.0, 0.0, 0.0] | Prob: 0.6167 | Attn: [0.589, 0.0, 0.411, 0.0, 0.0] | Ext: 147.4ms | Inf: 11.0ms | Total: 158.4ms
23:10:21 | Mask: [1.0, 0.0, 1.0, 0.0, 0.0] | Prob: 0.6163 | Attn: [0.589, 0.0, 0.411, 0.0, 0.0] | Ext: 147.4ms | Inf: 16.1ms | Total: 163.5ms
23:10:21 | Mask: [1.0, 0.0, 1.0, 0.0, 0.0] | Prob: 0.6161 | Attn: [0.589, 0.0, 0.411, 0.0, 0.0] | Ext: 147.4ms | Inf: 13.1ms | Total: 160.5ms
23:10:21 | Mask: [1.0, 0.0, 1.0, 0.0, 0.0] | Prob: 0.6159 | Attn: [0.589, 0.0, 0.411, 0.0, 0.0] | Ext: 147.4ms | Inf: 12.6ms | Total: 160.0ms
23:10:22 | Mask: [1.0, 0.0, 1.0, 0.0, 0.0] | Prob: 0.6158 | Attn: [0.589, 0.0, 0.411, 0.0, 0.0] | Ext: 147.4ms | Inf: 16.1ms | Total: 163.5ms
23:10:22 | Mask: [1.0, 0.0, 1.0, 0.0, 0.0] | Prob: 0.5860 | Attn: [0.439, 0.0, 0.561, 0.0, 0.0] | Ext: 99.6ms | Inf: 16.8ms | Total: 116.5ms
23:10:22 | Mask: [1.0, 0.0, 1.0, 0.0, 0.0] | Prob: 0.5651 | Attn: [0.439, 0.0, 0.561, 0.0, 0.0] | Ext: 99.6ms | Inf: 16.7ms | Total: 116.4ms
23:10:22 | Mask: [1.0, 0.0, 1.0, 0.0, 0.0] | Prob: 0.5505 | Attn: [0.439, 0.0, 0.561, 0.0, 0.0] | Ext: 99.6ms | Inf: 15.3ms | Total: 114.9ms
23:10:22 | Mask: [1.0, 0.0, 1.0, 0.0, 0.0] | Prob: 0.5403 | Attn: [0.439, 0.0, 0.561, 0.0, 0.0] | Ext: 99.6ms | Inf: 14.6ms | Total: 114.2ms
23:10:22 | Mask: [1.0, 0.0, 1.0, 0.0, 0.0] | Prob: 0.5331 | Attn: [0.439, 0.0, 0.561, 0.0, 0.0] | Ext: 99.6ms | Inf: 15.9ms | Total: 115.5ms
23:10:22 | Mask: [1.0, 0.0, 1.0, 0.0, 0.0] | Prob: 0.5281 | Attn: [0.439, 0.0, 0.561, 0.0, 0.0] | Ext: 99.6ms | Inf: 11.0ms | Total: 110.6ms
23:10:22 | Mask: [1.0, 0.0, 1.0, 0.0, 0.0] | Prob: 0.5246 | Attn: [0.439, 0.0, 0.561, 0.0, 0.0] | Ext: 99.6ms | Inf: 11.9ms | Total: 111.5ms
23:10:23 | Mask: [1.0, 0.0, 1.0, 0.0, 0.0] | Prob: 0.5221 | Attn: [0.439, 0.0, 0.561, 0.0, 0.0] | Ext: 99.6ms | Inf: 10.6ms | Total: 110.2ms
23:10:23 | Mask: [1.0, 0.0, 1.0, 0.0, 0.0] | Prob: 0.5204 | Attn: [0.439, 0.0, 0.561, 0.0, 0.0] | Ext: 99.6ms | Inf: 12.9ms | Total: 112.6ms
23:10:23 | Mask: [1.0, 0.0, 1.0, 0.0, 0.0] | Prob: 0.4907 | Attn: [0.332, 0.0, 0.668, 0.0, 0.0] | Ext: 99.6ms | Inf: 11.1ms | Total: 110.8ms
23:10:23 | Mask: [1.0, 0.0, 1.0, 0.0, 0.0] | Prob: 0.4699 | Attn: [0.332, 0.0, 0.668, 0.0, 0.0] | Ext: 99.6ms | Inf: 13.9ms | Total: 113.5ms
23:10:23 | Mask: [1.0, 0.0, 1.0, 0.0, 0.0] | Prob: 0.4553 | Attn: [0.332, 0.0, 0.668, 0.0, 0.0] | Ext: 99.6ms | Inf: 10.3ms | Total: 109.9ms
23:10:23 | Mask: [1.0, 0.0, 1.0, 0.0, 0.0] | Prob: 0.4451 | Attn: [0.332, 0.0, 0.668, 0.0, 0.0] | Ext: 99.6ms | Inf: 16.6ms | Total: 116.2ms
23:10:23 | Mask: [1.0, 0.0, 1.0, 0.0, 0.0] | Prob: 0.4380 | Attn: [0.332, 0.0, 0.668, 0.0, 0.0] | Ext: 99.6ms | Inf: 12.4ms | Total: 112.1ms
23:10:24 | Mask: [1.0, 0.0, 1.0, 0.0, 0.0] | Prob: 0.4330 | Attn: [0.332, 0.0, 0.668, 0.0, 0.0] | Ext: 99.6ms | Inf: 11.5ms | Total: 111.1ms
23:10:24 | Mask: [1.0, 0.0, 1.0, 0.0, 0.0] | Prob: 0.4295 | Attn: [0.332, 0.0, 0.668, 0.0, 0.0] | Ext: 99.6ms | Inf: 14.0ms | Total: 113.7ms
23:10:24 | Mask: [1.0, 0.0, 1.0, 0.0, 0.0] | Prob: 0.4270 | Attn: [0.332, 0.0, 0.668, 0.0, 0.0] | Ext: 99.6ms | Inf: 12.3ms | Total: 111.9ms
23:10:24 | Mask: [1.0, 0.0, 1.0, 0.0, 0.0] | Prob: 0.4253 | Attn: [0.332, 0.0, 0.668, 0.0, 0.0] | Ext: 99.6ms | Inf: 15.3ms | Total: 115.0ms
23:10:24 | Mask: [1.0, 0.0, 1.0, 0.0, 0.0] | Prob: 0.4241 | Attn: [0.332, 0.0, 0.668, 0.0, 0.0] | Ext: 99.6ms | Inf: 14.4ms | Total: 114.1ms
23:10:24 | Mask: [1.0, 0.0, 1.0, 0.0, 0.0] | Prob: 0.4233 | Attn: [0.332, 0.0, 0.668, 0.0, 0.0] | Ext: 99.6ms | Inf: 26.0ms | Total: 125.7ms
23:10:24 | Mask: [1.0, 0.0, 1.0, 0.0, 0.0] | Prob: 0.4227 | Attn: [0.332, 0.0, 0.668, 0.0, 0.0] | Ext: 99.6ms | Inf: 19.7ms | Total: 119.3ms
23:10:25 | Mask: [1.0, 0.0, 1.0, 0.0, 0.0] | Prob: 0.4223 | Attn: [0.332, 0.0, 0.668, 0.0, 0.0] | Ext: 121.6ms | Inf: 21.4ms | Total: 143.0ms
23:10:25 | Mask: [1.0, 0.0, 1.0, 0.0, 0.0] | Prob: 0.4882 | Attn: [0.577, 0.0, 0.423, 0.0, 0.0] | Ext: 121.6ms | Inf: 16.1ms | Total: 137.7ms
23:10:25 | Mask: [1.0, 0.0, 1.0, 0.0, 0.0] | Prob: 0.5344 | Attn: [0.576, 0.0, 0.424, 0.0, 0.0] | Ext: 121.6ms | Inf: 12.5ms | Total: 134.1ms
23:10:25 | Mask: [1.0, 0.0, 1.0, 0.0, 0.0] | Prob: 0.5667 | Attn: [0.576, 0.0, 0.424, 0.0, 0.0] | Ext: 121.6ms | Inf: 11.7ms | Total: 133.3ms
23:10:25 | Mask: [1.0, 0.0, 1.0, 0.0, 0.0] | Prob: 0.5892 | Attn: [0.575, 0.0, 0.425, 0.0, 0.0] | Ext: 121.6ms | Inf: 12.7ms | Total: 134.3ms
23:10:25 | Mask: [1.0, 0.0, 1.0, 0.0, 0.0] | Prob: 0.6050 | Attn: [0.575, 0.0, 0.425, 0.0, 0.0] | Ext: 121.6ms | Inf: 15.0ms | Total: 136.6ms
23:10:25 | Mask: [1.0, 0.0, 1.0, 0.0, 0.0] | Prob: 0.6161 | Attn: [0.574, 0.0, 0.426, 0.0, 0.0] | Ext: 121.6ms | Inf: 13.5ms | Total: 135.1ms
23:10:26 | Mask: [1.0, 0.0, 1.0, 0.0, 0.0] | Prob: 0.6238 | Attn: [0.574, 0.0, 0.426, 0.0, 0.0] | Ext: 121.6ms | Inf: 9.5ms | Total: 131.1ms
23:10:26 | Mask: [1.0, 0.0, 1.0, 0.0, 0.0] | Prob: 0.6292 | Attn: [0.573, 0.0, 0.427, 0.0, 0.0] | Ext: 121.6ms | Inf: 10.0ms | Total: 131.6ms
23:10:26 | Mask: [1.0, 0.0, 1.0, 0.0, 0.0] | Prob: 0.6329 | Attn: [0.573, 0.0, 0.427, 0.0, 0.0] | Ext: 121.6ms | Inf: 9.9ms | Total: 131.5ms
23:10:26 | Mask: [1.0, 0.0, 1.0, 0.0, 0.0] | Prob: 0.6085 | Attn: [0.621, 0.0, 0.379, 0.0, 0.0] | Ext: 121.6ms | Inf: 14.4ms | Total: 136.0ms
23:10:26 | Mask: [1.0, 0.0, 1.0, 0.0, 0.0] | Prob: 0.5913 | Attn: [0.621, 0.0, 0.379, 0.0, 0.0] | Ext: 121.6ms | Inf: 12.6ms | Total: 134.2ms
23:10:26 | Mask: [1.0, 0.0, 1.0, 0.0, 0.0] | Prob: 0.5793 | Attn: [0.621, 0.0, 0.379, 0.0, 0.0] | Ext: 121.6ms | Inf: 11.4ms | Total: 133.0ms
23:10:26 | Mask: [1.0, 0.0, 1.0, 0.0, 0.0] | Prob: 0.5709 | Attn: [0.621, 0.0, 0.379, 0.0, 0.0] | Ext: 121.6ms | Inf: 13.6ms | Total: 135.2ms
23:10:26 | Mask: [1.0, 0.0, 1.0, 0.0, 0.0] | Prob: 0.5651 | Attn: [0.621, 0.0, 0.379, 0.0, 0.0] | Ext: 121.6ms | Inf: 10.4ms | Total: 132.0ms
23:10:27 | Mask: [1.0, 0.0, 1.0, 0.0, 0.0] | Prob: 0.5610 | Attn: [0.621, 0.0, 0.379, 0.0, 0.0] | Ext: 121.6ms | Inf: 10.7ms | Total: 132.3ms
23:10:27 | Mask: [1.0, 0.0, 1.0, 0.0, 0.0] | Prob: 0.5581 | Attn: [0.621, 0.0, 0.379, 0.0, 0.0] | Ext: 121.6ms | Inf: 10.7ms | Total: 132.3ms
23:10:27 | Mask: [1.0, 0.0, 1.0, 0.0, 0.0] | Prob: 0.5561 | Attn: [0.621, 0.0, 0.379, 0.0, 0.0] | Ext: 121.6ms | Inf: 8.4ms | Total: 130.0ms
23:10:27 | Mask: [1.0, 0.0, 1.0, 0.0, 0.0] | Prob: 0.5547 | Attn: [0.621, 0.0, 0.379, 0.0, 0.0] | Ext: 121.6ms | Inf: 10.1ms | Total: 131.7ms
23:10:27 | Mask: [1.0, 0.0, 1.0, 0.0, 0.0] | Prob: 0.5537 | Attn: [0.621, 0.0, 0.379, 0.0, 0.0] | Ext: 121.6ms | Inf: 11.1ms | Total: 132.7ms
23:10:27 | Mask: [1.0, 0.0, 1.0, 0.0, 0.0] | Prob: 0.5530 | Attn: [0.621, 0.0, 0.379, 0.0, 0.0] | Ext: 121.6ms | Inf: 10.4ms | Total: 132.0ms
23:10:27 | Mask: [1.0, 0.0, 1.0, 0.0, 0.0] | Prob: 0.5525 | Attn: [0.621, 0.0, 0.379, 0.0, 0.0] | Ext: 121.6ms | Inf: 11.4ms | Total: 133.0ms
23:10:27 | Mask: [1.0, 0.0, 1.0, 0.0, 0.0] | Prob: 0.5522 | Attn: [0.621, 0.0, 0.379, 0.0, 0.0] | Ext: 121.6ms | Inf: 10.4ms | Total: 132.0ms
23:10:28 | Mask: [1.0, 0.0, 1.0, 0.0, 0.0] | Prob: 0.5254 | Attn: [0.357, 0.0, 0.643, 0.0, 0.0] | Ext: 74.7ms | Inf: 12.9ms | Total: 87.6ms
23:10:28 | Mask: [1.0, 0.0, 1.0, 0.0, 0.0] | Prob: 0.5066 | Attn: [0.357, 0.0, 0.643, 0.0, 0.0] | Ext: 74.7ms | Inf: 8.8ms | Total: 83.6ms
23:10:28 | Mask: [1.0, 0.0, 1.0, 0.0, 0.0] | Prob: 0.4935 | Attn: [0.357, 0.0, 0.643, 0.0, 0.0] | Ext: 74.7ms | Inf: 10.0ms | Total: 84.7ms
23:10:28 | Mask: [1.0, 0.0, 1.0, 0.0, 0.0] | Prob: 0.4843 | Attn: [0.357, 0.0, 0.643, 0.0, 0.0] | Ext: 74.7ms | Inf: 11.8ms | Total: 86.6ms
23:10:28 | Mask: [1.0, 0.0, 1.0, 0.0, 0.0] | Prob: 0.4779 | Attn: [0.357, 0.0, 0.643, 0.0, 0.0] | Ext: 74.7ms | Inf: 17.8ms | Total: 92.6ms
23:10:28 | Mask: [1.0, 0.0, 1.0, 0.0, 0.0] | Prob: 0.4734 | Attn: [0.357, 0.0, 0.643, 0.0, 0.0] | Ext: 74.7ms | Inf: 16.2ms | Total: 91.0ms
23:10:28 | Mask: [1.0, 0.0, 1.0, 0.0, 0.0] | Prob: 0.4703 | Attn: [0.357, 0.0, 0.643, 0.0, 0.0] | Ext: 74.7ms | Inf: 11.0ms | Total: 85.7ms
23:10:28 | Mask: [1.0, 0.0, 1.0, 0.0, 0.0] | Prob: 0.4681 | Attn: [0.357, 0.0, 0.643, 0.0, 0.0] | Ext: 74.7ms | Inf: 14.0ms | Total: 88.8ms
23:10:29 | Mask: [1.0, 0.0, 1.0, 0.0, 0.0] | Prob: 0.4665 | Attn: [0.357, 0.0, 0.643, 0.0, 0.0] | Ext: 74.7ms | Inf: 12.1ms | Total: 86.8ms
23:10:29 | Mask: [1.0, 0.0, 1.0, 0.0, 0.0] | Prob: 0.4793 | Attn: [0.324, 0.0, 0.676, 0.0, 0.0] | Ext: 74.7ms | Inf: 17.7ms | Total: 92.5ms
23:10:29 | Mask: [1.0, 0.0, 1.0, 0.0, 0.0] | Prob: 0.4883 | Attn: [0.324, 0.0, 0.676, 0.0, 0.0] | Ext: 74.7ms | Inf: 14.4ms | Total: 89.1ms
23:10:29 | Mask: [1.0, 0.0, 1.0, 0.0, 0.0] | Prob: 0.4946 | Attn: [0.324, 0.0, 0.676, 0.0, 0.0] | Ext: 74.7ms | Inf: 11.5ms | Total: 86.3ms
23:10:29 | Mask: [1.0, 0.0, 1.0, 0.0, 0.0] | Prob: 0.4990 | Attn: [0.324, 0.0, 0.676, 0.0, 0.0] | Ext: 74.7ms | Inf: 14.4ms | Total: 89.1ms
23:10:29 | Mask: [1.0, 0.0, 1.0, 0.0, 0.0] | Prob: 0.5021 | Attn: [0.324, 0.0, 0.676, 0.0, 0.0] | Ext: 74.7ms | Inf: 14.2ms | Total: 88.9ms
23:10:29 | Mask: [1.0, 0.0, 1.0, 0.0, 0.0] | Prob: 0.5042 | Attn: [0.324, 0.0, 0.676, 0.0, 0.0] | Ext: 74.7ms | Inf: 11.8ms | Total: 86.6ms
23:10:30 | Mask: [1.0, 0.0, 1.0, 0.0, 0.0] | Prob: 0.5057 | Attn: [0.324, 0.0, 0.676, 0.0, 0.0] | Ext: 74.7ms | Inf: 13.8ms | Total: 88.5ms
23:10:30 | Mask: [1.0, 0.0, 1.0, 0.0, 0.0] | Prob: 0.5068 | Attn: [0.324, 0.0, 0.676, 0.0, 0.0] | Ext: 74.7ms | Inf: 12.0ms | Total: 86.7ms
23:10:30 | Mask: [1.0, 0.0, 1.0, 0.0, 0.0] | Prob: 0.5075 | Attn: [0.324, 0.0, 0.676, 0.0, 0.0] | Ext: 74.7ms | Inf: 12.8ms | Total: 87.5ms
23:10:30 | Mask: [1.0, 0.0, 1.0, 0.0, 0.0] | Prob: 0.5081 | Attn: [0.324, 0.0, 0.676, 0.0, 0.0] | Ext: 74.7ms | Inf: 14.6ms | Total: 89.4ms
23:10:30 | Mask: [1.0, 0.0, 1.0, 0.0, 0.0] | Prob: 0.5084 | Attn: [0.324, 0.0, 0.676, 0.0, 0.0] | Ext: 74.7ms | Inf: 16.9ms | Total: 91.6ms
23:10:30 | Mask: [1.0, 0.0, 1.0, 0.0, 0.0] | Prob: 0.5087 | Attn: [0.324, 0.0, 0.676, 0.0, 0.0] | Ext: 74.7ms | Inf: 11.5ms | Total: 86.3ms
23:10:30 | Mask: [1.0, 0.0, 1.0, 0.0, 0.0] | Prob: 0.5088 | Attn: [0.324, 0.0, 0.676, 0.0, 0.0] | Ext: 74.7ms | Inf: 12.6ms | Total: 87.3ms
23:10:30 | Mask: [1.0, 0.0, 1.0, 0.0, 0.0] | Prob: 0.5090 | Attn: [0.324, 0.0, 0.676, 0.0, 0.0] | Ext: 98.4ms | Inf: 14.2ms | Total: 112.6ms
23:10:31 | Mask: [1.0, 0.0, 1.0, 0.0, 0.0] | Prob: 0.4876 | Attn: [0.477, 0.0, 0.523, 0.0, 0.0] | Ext: 98.4ms | Inf: 18.8ms | Total: 117.2ms
23:10:31 | Mask: [1.0, 0.0, 1.0, 0.0, 0.0] | Prob: 0.4740 | Attn: [0.481, 0.0, 0.519, 0.0, 0.0] | Ext: 98.4ms | Inf: 11.2ms | Total: 109.6ms
23:10:31 | Mask: [1.0, 0.0, 1.0, 0.0, 0.0] | Prob: 0.4646 | Attn: [0.481, 0.0, 0.519, 0.0, 0.0] | Ext: 98.4ms | Inf: 10.7ms | Total: 109.1ms
23:10:31 | Mask: [1.0, 0.0, 1.0, 0.0, 0.0] | Prob: 0.4580 | Attn: [0.481, 0.0, 0.519, 0.0, 0.0] | Ext: 98.4ms | Inf: 11.7ms | Total: 110.1ms
23:10:31 | Mask: [1.0, 0.0, 1.0, 0.0, 0.0] | Prob: 0.4534 | Attn: [0.481, 0.0, 0.519, 0.0, 0.0] | Ext: 98.4ms | Inf: 14.0ms | Total: 112.4ms
23:10:31 | Mask: [1.0, 0.0, 1.0, 0.0, 0.0] | Prob: 0.4502 | Attn: [0.481, 0.0, 0.519, 0.0, 0.0] | Ext: 98.4ms | Inf: 14.8ms | Total: 113.2ms
23:10:31 | Mask: [1.0, 0.0, 1.0, 0.0, 0.0] | Prob: 0.4479 | Attn: [0.481, 0.0, 0.519, 0.0, 0.0] | Ext: 98.4ms | Inf: 14.7ms | Total: 113.1ms
23:10:32 | Mask: [1.0, 0.0, 1.0, 0.0, 0.0] | Prob: 0.4463 | Attn: [0.481, 0.0, 0.519, 0.0, 0.0] | Ext: 98.4ms | Inf: 12.4ms | Total: 110.8ms
23:10:32 | Mask: [1.0, 0.0, 1.0, 0.0, 0.0] | Prob: 0.4452 | Attn: [0.481, 0.0, 0.519, 0.0, 0.0] | Ext: 98.4ms | Inf: 11.5ms | Total: 109.9ms
23:10:32 | Mask: [1.0, 0.0, 1.0, 0.0, 0.0] | Prob: 0.4399 | Attn: [0.526, 0.0, 0.474, 0.0, 0.0] | Ext: 98.4ms | Inf: 11.0ms | Total: 109.4ms
23:10:32 | Mask: [1.0, 0.0, 1.0, 0.0, 0.0] | Prob: 0.4361 | Attn: [0.526, 0.0, 0.474, 0.0, 0.0] | Ext: 98.4ms | Inf: 11.4ms | Total: 109.8ms
23:10:32 | Mask: [1.0, 0.0, 1.0, 0.0, 0.0] | Prob: 0.4335 | Attn: [0.526, 0.0, 0.474, 0.0, 0.0] | Ext: 98.4ms | Inf: 12.0ms | Total: 110.4ms
23:10:32 | Mask: [1.0, 0.0, 1.0, 0.0, 0.0] | Prob: 0.4316 | Attn: [0.526, 0.0, 0.474, 0.0, 0.0] | Ext: 98.4ms | Inf: 15.2ms | Total: 113.6ms
23:10:32 | Mask: [1.0, 0.0, 1.0, 0.0, 0.0] | Prob: 0.4303 | Attn: [0.526, 0.0, 0.474, 0.0, 0.0] | Ext: 98.4ms | Inf: 16.3ms | Total: 114.7ms
23:10:32 | Mask: [1.0, 0.0, 1.0, 0.0, 0.0] | Prob: 0.4294 | Attn: [0.526, 0.0, 0.474, 0.0, 0.0] | Ext: 98.4ms | Inf: 13.0ms | Total: 111.4ms
23:10:33 | Mask: [1.0, 0.0, 1.0, 0.0, 0.0] | Prob: 0.4288 | Attn: [0.526, 0.0, 0.474, 0.0, 0.0] | Ext: 98.4ms | Inf: 11.4ms | Total: 109.8ms
23:10:33 | Mask: [1.0, 0.0, 1.0, 0.0, 0.0] | Prob: 0.4284 | Attn: [0.526, 0.0, 0.474, 0.0, 0.0] | Ext: 98.4ms | Inf: 10.6ms | Total: 109.0ms
23:10:33 | Mask: [1.0, 0.0, 1.0, 0.0, 0.0] | Prob: 0.4281 | Attn: [0.526, 0.0, 0.474, 0.0, 0.0] | Ext: 98.4ms | Inf: 15.9ms | Total: 114.3ms
23:10:33 | Mask: [1.0, 0.0, 1.0, 0.0, 0.0] | Prob: 0.4278 | Attn: [0.526, 0.0, 0.474, 0.0, 0.0] | Ext: 98.4ms | Inf: 15.1ms | Total: 113.5ms
23:10:33 | Mask: [1.0, 0.0, 1.0, 0.0, 0.0] | Prob: 0.4277 | Attn: [0.526, 0.0, 0.474, 0.0, 0.0] | Ext: 98.4ms | Inf: 11.4ms | Total: 109.8ms
23:10:33 | Mask: [1.0, 0.0, 1.0, 0.0, 0.0] | Prob: 0.4276 | Attn: [0.526, 0.0, 0.474, 0.0, 0.0] | Ext: 98.4ms | Inf: 12.1ms | Total: 110.5ms
23:10:33 | Mask: [1.0, 0.0, 1.0, 0.0, 0.0] | Prob: 0.4275 | Attn: [0.526, 0.0, 0.474, 0.0, 0.0] | Ext: 98.4ms | Inf: 14.5ms | Total: 112.9ms
23:10:34 | Mask: [1.0, 0.0, 1.0, 0.0, 0.0] | Prob: 0.4215 | Attn: [0.566, 0.0, 0.434, 0.0, 0.0] | Ext: 94.8ms | Inf: 15.7ms | Total: 110.4ms
23:10:34 | Mask: [1.0, 0.0, 1.0, 0.0, 0.0] | Prob: 0.4172 | Attn: [0.566, 0.0, 0.434, 0.0, 0.0] | Ext: 94.8ms | Inf: 12.3ms | Total: 107.0ms
23:10:34 | Mask: [1.0, 0.0, 1.0, 0.0, 0.0] | Prob: 0.4143 | Attn: [0.566, 0.0, 0.434, 0.0, 0.0] | Ext: 94.8ms | Inf: 12.6ms | Total: 107.4ms
23:10:34 | Mask: [1.0, 0.0, 1.0, 0.0, 0.0] | Prob: 0.4122 | Attn: [0.566, 0.0, 0.434, 0.0, 0.0] | Ext: 94.8ms | Inf: 16.5ms | Total: 111.3ms
23:10:34 | Mask: [1.0, 0.0, 1.0, 0.0, 0.0] | Prob: 0.4107 | Attn: [0.566, 0.0, 0.434, 0.0, 0.0] | Ext: 94.8ms | Inf: 15.2ms | Total: 110.0ms
23:10:34 | Mask: [1.0, 0.0, 1.0, 0.0, 0.0] | Prob: 0.4097 | Attn: [0.566, 0.0, 0.434, 0.0, 0.0] | Ext: 94.8ms | Inf: 13.7ms | Total: 108.4ms
23:10:34 | Mask: [1.0, 0.0, 1.0, 0.0, 0.0] | Prob: 0.4090 | Attn: [0.566, 0.0, 0.434, 0.0, 0.0] | Ext: 94.8ms | Inf: 14.3ms | Total: 109.1ms
23:10:35 | Mask: [1.0, 0.0, 1.0, 0.0, 0.0] | Prob: 0.4084 | Attn: [0.566, 0.0, 0.434, 0.0, 0.0] | Ext: 94.8ms | Inf: 13.9ms | Total: 108.7ms
23:10:35 | Mask: [1.0, 0.0, 1.0, 0.0, 0.0] | Prob: 0.4067 | Attn: [0.564, 0.0, 0.436, 0.0, 0.0] | Ext: 94.8ms | Inf: 15.3ms | Total: 110.0ms
23:10:35 | Mask: [1.0, 0.0, 1.0, 0.0, 0.0] | Prob: 0.3774 | Attn: [0.569, 0.0, 0.431, 0.0, 0.0] | Ext: 94.8ms | Inf: 14.6ms | Total: 109.4ms
23:10:35 | Mask: [1.0, 0.0, 1.0, 0.0, 0.0] | Prob: 0.3568 | Attn: [0.569, 0.0, 0.431, 0.0, 0.0] | Ext: 94.8ms | Inf: 11.2ms | Total: 106.0ms
23:10:35 | Mask: [1.0, 0.0, 1.0, 0.0, 0.0] | Prob: 0.3424 | Attn: [0.569, 0.0, 0.431, 0.0, 0.0] | Ext: 94.8ms | Inf: 13.6ms | Total: 108.4ms
23:10:35 | Mask: [1.0, 0.0, 1.0, 0.0, 0.0] | Prob: 0.3324 | Attn: [0.569, 0.0, 0.431, 0.0, 0.0] | Ext: 94.8ms | Inf: 12.9ms | Total: 107.6ms
23:10:35 | Mask: [1.0, 0.0, 1.0, 0.0, 0.0] | Prob: 0.3253 | Attn: [0.569, 0.0, 0.431, 0.0, 0.0] | Ext: 94.8ms | Inf: 15.5ms | Total: 110.3ms
23:10:35 | Mask: [1.0, 0.0, 1.0, 0.0, 0.0] | Prob: 0.3204 | Attn: [0.569, 0.0, 0.431, 0.0, 0.0] | Ext: 94.8ms | Inf: 12.0ms | Total: 106.8ms
23:10:36 | Mask: [1.0, 0.0, 1.0, 0.0, 0.0] | Prob: 0.3169 | Attn: [0.569, 0.0, 0.431, 0.0, 0.0] | Ext: 94.8ms | Inf: 10.6ms | Total: 105.4ms
23:10:36 | Mask: [1.0, 0.0, 1.0, 0.0, 0.0] | Prob: 0.3145 | Attn: [0.569, 0.0, 0.431, 0.0, 0.0] | Ext: 94.8ms | Inf: 13.3ms | Total: 108.1ms
23:10:36 | Mask: [1.0, 0.0, 1.0, 0.0, 0.0] | Prob: 0.3128 | Attn: [0.569, 0.0, 0.431, 0.0, 0.0] | Ext: 94.8ms | Inf: 14.4ms | Total: 109.1ms
23:10:36 | Mask: [1.0, 0.0, 1.0, 0.0, 0.0] | Prob: 0.3116 | Attn: [0.569, 0.0, 0.431, 0.0, 0.0] | Ext: 94.8ms | Inf: 13.6ms | Total: 108.4ms
23:10:36 | Mask: [1.0, 0.0, 1.0, 0.0, 0.0] | Prob: 0.3108 | Attn: [0.569, 0.0, 0.431, 0.0, 0.0] | Ext: 94.8ms | Inf: 10.3ms | Total: 105.1ms
23:10:36 | Mask: [1.0, 0.0, 1.0, 0.0, 0.0] | Prob: 0.3102 | Attn: [0.569, 0.0, 0.431, 0.0, 0.0] | Ext: 94.8ms | Inf: 13.2ms | Total: 108.0ms
23:10:36 | Mask: [1.0, 0.0, 1.0, 0.0, 0.0] | Prob: 0.3098 | Attn: [0.569, 0.0, 0.431, 0.0, 0.0] | Ext: 94.8ms | Inf: 13.7ms | Total: 108.5ms
23:10:37 | Mask: [1.0, 0.0, 1.0, 0.0, 0.0] | Prob: 0.4349 | Attn: [0.644, 0.0, 0.356, 0.0, 0.0] | Ext: 102.9ms | Inf: 12.2ms | Total: 115.1ms
23:10:37 | Mask: [1.0, 0.0, 1.0, 0.0, 0.0] | Prob: 0.5224 | Attn: [0.644, 0.0, 0.356, 0.0, 0.0] | Ext: 102.9ms | Inf: 17.2ms | Total: 120.1ms
23:10:37 | Mask: [1.0, 0.0, 1.0, 0.0, 0.0] | Prob: 0.5837 | Attn: [0.644, 0.0, 0.356, 0.0, 0.0] | Ext: 102.9ms | Inf: 12.8ms | Total: 115.7ms
23:10:37 | Mask: [1.0, 0.0, 1.0, 0.0, 0.0] | Prob: 0.6266 | Attn: [0.644, 0.0, 0.356, 0.0, 0.0] | Ext: 102.9ms | Inf: 11.7ms | Total: 114.6ms
23:10:37 | Mask: [1.0, 0.0, 1.0, 0.0, 0.0] | Prob: 0.6566 | Attn: [0.644, 0.0, 0.356, 0.0, 0.0] | Ext: 102.9ms | Inf: 10.6ms | Total: 113.5ms
23:10:37 | Mask: [1.0, 0.0, 1.0, 0.0, 0.0] | Prob: 0.6776 | Attn: [0.644, 0.0, 0.356, 0.0, 0.0] | Ext: 102.9ms | Inf: 12.0ms | Total: 115.0ms
23:10:37 | Mask: [1.0, 0.0, 1.0, 0.0, 0.0] | Prob: 0.6923 | Attn: [0.644, 0.0, 0.356, 0.0, 0.0] | Ext: 102.9ms | Inf: 12.8ms | Total: 115.7ms
23:10:37 | Mask: [1.0, 0.0, 1.0, 0.0, 0.0] | Prob: 0.7026 | Attn: [0.644, 0.0, 0.356, 0.0, 0.0] | Ext: 102.9ms | Inf: 13.8ms | Total: 116.7ms
23:10:38 | Mask: [1.0, 0.0, 1.0, 0.0, 0.0] | Prob: 0.7096 | Attn: [0.642, 0.0, 0.358, 0.0, 0.0] | Ext: 102.9ms | Inf: 11.9ms | Total: 114.8ms
23:10:38 | Mask: [1.0, 0.0, 1.0, 0.0, 0.0] | Prob: 0.6958 | Attn: [0.592, 0.0, 0.408, 0.0, 0.0] | Ext: 102.9ms | Inf: 11.9ms | Total: 114.8ms
23:10:38 | Mask: [1.0, 0.0, 1.0, 0.0, 0.0] | Prob: 0.6861 | Attn: [0.592, 0.0, 0.408, 0.0, 0.0] | Ext: 102.9ms | Inf: 12.8ms | Total: 115.8ms
23:10:38 | Mask: [1.0, 0.0, 1.0, 0.0, 0.0] | Prob: 0.6794 | Attn: [0.592, 0.0, 0.408, 0.0, 0.0] | Ext: 102.9ms | Inf: 15.9ms | Total: 118.8ms
23:10:38 | Mask: [1.0, 0.0, 1.0, 0.0, 0.0] | Prob: 0.6746 | Attn: [0.592, 0.0, 0.408, 0.0, 0.0] | Ext: 102.9ms | Inf: 14.6ms | Total: 117.5ms
23:10:38 | Mask: [1.0, 0.0, 1.0, 0.0, 0.0] | Prob: 0.6713 | Attn: [0.592, 0.0, 0.408, 0.0, 0.0] | Ext: 102.9ms | Inf: 11.9ms | Total: 114.8ms
23:10:38 | Mask: [1.0, 0.0, 1.0, 0.0, 0.0] | Prob: 0.6690 | Attn: [0.592, 0.0, 0.408, 0.0, 0.0] | Ext: 102.9ms | Inf: 14.7ms | Total: 117.6ms
23:10:39 | Mask: [1.0, 0.0, 1.0, 0.0, 0.0] | Prob: 0.6674 | Attn: [0.592, 0.0, 0.408, 0.0, 0.0] | Ext: 102.9ms | Inf: 11.0ms | Total: 113.9ms
23:10:39 | Mask: [1.0, 0.0, 1.0, 0.0, 0.0] | Prob: 0.6662 | Attn: [0.592, 0.0, 0.408, 0.0, 0.0] | Ext: 102.9ms | Inf: 13.4ms | Total: 116.4ms
23:10:39 | Mask: [1.0, 0.0, 1.0, 0.0, 0.0] | Prob: 0.6654 | Attn: [0.592, 0.0, 0.408, 0.0, 0.0] | Ext: 102.9ms | Inf: 21.6ms | Total: 124.6ms
23:10:39 | Mask: [1.0, 0.0, 1.0, 0.0, 0.0] | Prob: 0.6649 | Attn: [0.592, 0.0, 0.408, 0.0, 0.0] | Ext: 102.9ms | Inf: 12.0ms | Total: 114.9ms
23:10:39 | Mask: [1.0, 0.0, 1.0, 0.0, 0.0] | Prob: 0.6645 | Attn: [0.592, 0.0, 0.408, 0.0, 0.0] | Ext: 102.9ms | Inf: 12.2ms | Total: 115.1ms
23:10:39 | Mask: [1.0, 0.0, 1.0, 0.0, 0.0] | Prob: 0.6642 | Attn: [0.592, 0.0, 0.408, 0.0, 0.0] | Ext: 102.9ms | Inf: 12.5ms | Total: 115.5ms
23:10:39 | Mask: [1.0, 0.0, 1.0, 0.0, 0.0] | Prob: 0.5470 | Attn: [0.607, 0.0, 0.393, 0.0, 0.0] | Ext: 78.3ms | Inf: 7.9ms | Total: 86.2ms
23:10:39 | Mask: [1.0, 0.0, 1.0, 0.0, 0.0] | Prob: 0.4658 | Attn: [0.608, 0.0, 0.392, 0.0, 0.0] | Ext: 78.3ms | Inf: 10.5ms | Total: 88.9ms
23:10:40 | Mask: [1.0, 0.0, 1.0, 0.0, 0.0] | Prob: 0.4089 | Attn: [0.608, 0.0, 0.392, 0.0, 0.0] | Ext: 78.3ms | Inf: 13.1ms | Total: 91.4ms
23:10:40 | Mask: [1.0, 0.0, 1.0, 0.0, 0.0] | Prob: 0.3691 | Attn: [0.608, 0.0, 0.392, 0.0, 0.0] | Ext: 78.3ms | Inf: 10.1ms | Total: 88.5ms
23:10:40 | Mask: [1.0, 0.0, 1.0, 0.0, 0.0] | Prob: 0.3412 | Attn: [0.608, 0.0, 0.392, 0.0, 0.0] | Ext: 78.3ms | Inf: 14.3ms | Total: 92.6ms
23:10:40 | Mask: [1.0, 0.0, 1.0, 0.0, 0.0] | Prob: 0.3217 | Attn: [0.608, 0.0, 0.392, 0.0, 0.0] | Ext: 78.3ms | Inf: 13.1ms | Total: 91.5ms
23:10:40 | Mask: [1.0, 0.0, 1.0, 0.0, 0.0] | Prob: 0.3081 | Attn: [0.608, 0.0, 0.392, 0.0, 0.0] | Ext: 78.3ms | Inf: 13.5ms | Total: 91.8ms
23:10:40 | Mask: [1.0, 0.0, 1.0, 0.0, 0.0] | Prob: 0.2985 | Attn: [0.608, 0.0, 0.392, 0.0, 0.0] | Ext: 78.3ms | Inf: 10.9ms | Total: 89.2ms
23:10:40 | Mask: [1.0, 0.0, 1.0, 0.0, 0.0] | Prob: 0.2919 | Attn: [0.608, 0.0, 0.392, 0.0, 0.0] | Ext: 78.3ms | Inf: 14.6ms | Total: 92.9ms
23:10:41 | Mask: [1.0, 0.0, 1.0, 0.0, 0.0] | Prob: 0.2959 | Attn: [0.513, 0.0, 0.487, 0.0, 0.0] | Ext: 78.3ms | Inf: 14.0ms | Total: 92.3ms
23:10:41 | Mask: [1.0, 0.0, 1.0, 0.0, 0.0] | Prob: 0.2987 | Attn: [0.513, 0.0, 0.487, 0.0, 0.0] | Ext: 78.3ms | Inf: 14.5ms | Total: 92.8ms
23:10:41 | Mask: [1.0, 0.0, 1.0, 0.0, 0.0] | Prob: 0.3007 | Attn: [0.513, 0.0, 0.487, 0.0, 0.0] | Ext: 78.3ms | Inf: 12.3ms | Total: 90.6ms
23:10:41 | Mask: [1.0, 0.0, 1.0, 0.0, 0.0] | Prob: 0.3021 | Attn: [0.513, 0.0, 0.487, 0.0, 0.0] | Ext: 78.3ms | Inf: 13.6ms | Total: 91.9ms
23:10:41 | Mask: [1.0, 0.0, 1.0, 0.0, 0.0] | Prob: 0.3031 | Attn: [0.513, 0.0, 0.487, 0.0, 0.0] | Ext: 78.3ms | Inf: 15.8ms | Total: 94.1ms
23:14:29 | Mask: [1.0, 0.0, 1.0, 0.0, 0.0] | Prob: 0.3133 | Attn: [0.511, 0.0, 0.489, 0.0, 0.0] | Ext: 88.6ms | Inf: 8.3ms | Total: 96.9ms
23:14:29 | Mask: [1.0, 0.0, 1.0, 0.0, 0.0] | Prob: 0.3205 | Attn: [0.511, 0.0, 0.489, 0.0, 0.0] | Ext: 88.6ms | Inf: 6.8ms | Total: 95.4ms
23:14:29 | Mask: [1.0, 0.0, 1.0, 0.0, 0.0] | Prob: 0.3255 | Attn: [0.511, 0.0, 0.489, 0.0, 0.0] | Ext: 88.6ms | Inf: 7.9ms | Total: 96.5ms
23:14:29 | Mask: [1.0, 0.0, 1.0, 0.0, 0.0] | Prob: 0.3290 | Attn: [0.511, 0.0, 0.489, 0.0, 0.0] | Ext: 88.6ms | Inf: 8.3ms | Total: 96.9ms
23:14:29 | Mask: [1.0, 0.0, 1.0, 0.0, 0.0] | Prob: 0.3315 | Attn: [0.511, 0.0, 0.489, 0.0, 0.0] | Ext: 88.6ms | Inf: 7.1ms | Total: 95.7ms
23:14:29 | Mask: [1.0, 0.0, 1.0, 0.0, 0.0] | Prob: 0.3333 | Attn: [0.511, 0.0, 0.489, 0.0, 0.0] | Ext: 88.6ms | Inf: 8.1ms | Total: 96.7ms
23:14:29 | Mask: [1.0, 0.0, 1.0, 0.0, 0.0] | Prob: 0.3345 | Attn: [0.511, 0.0, 0.489, 0.0, 0.0] | Ext: 88.6ms | Inf: 7.0ms | Total: 95.6ms
23:14:30 | Mask: [1.0, 0.0, 1.0, 0.0, 0.0] | Prob: 0.3354 | Attn: [0.511, 0.0, 0.489, 0.0, 0.0] | Ext: 88.6ms | Inf: 7.3ms | Total: 95.9ms
23:14:30 | Mask: [1.0, 0.0, 1.0, 0.0, 0.0] | Prob: 0.3360 | Attn: [0.511, 0.0, 0.489, 0.0, 0.0] | Ext: 88.6ms | Inf: 8.4ms | Total: 97.0ms
23:14:30 | Mask: [1.0, 0.0, 1.0, 0.0, 0.0] | Prob: 0.3172 | Attn: [0.532, 0.0, 0.468, 0.0, 0.0] | Ext: 88.6ms | Inf: 9.0ms | Total: 97.6ms
23:14:30 | Mask: [1.0, 0.0, 1.0, 0.0, 0.0] | Prob: 0.3040 | Attn: [0.532, 0.0, 0.468, 0.0, 0.0] | Ext: 88.6ms | Inf: 8.1ms | Total: 96.7ms
23:14:30 | Mask: [1.0, 0.0, 1.0, 0.0, 0.0] | Prob: 0.2948 | Attn: [0.532, 0.0, 0.468, 0.0, 0.0] | Ext: 88.6ms | Inf: 7.9ms | Total: 96.5ms
23:14:30 | Mask: [1.0, 0.0, 1.0, 0.0, 0.0] | Prob: 0.2883 | Attn: [0.532, 0.0, 0.468, 0.0, 0.0] | Ext: 88.6ms | Inf: 7.6ms | Total: 96.2ms
23:14:30 | Mask: [1.0, 0.0, 1.0, 0.0, 0.0] | Prob: 0.2838 | Attn: [0.532, 0.0, 0.468, 0.0, 0.0] | Ext: 88.6ms | Inf: 8.0ms | Total: 96.6ms
23:14:30 | Mask: [1.0, 0.0, 1.0, 0.0, 0.0] | Prob: 0.2806 | Attn: [0.532, 0.0, 0.468, 0.0, 0.0] | Ext: 88.6ms | Inf: 8.0ms | Total: 96.6ms
23:14:30 | Mask: [1.0, 0.0, 1.0, 0.0, 0.0] | Prob: 0.2784 | Attn: [0.532, 0.0, 0.468, 0.0, 0.0] | Ext: 88.6ms | Inf: 8.1ms | Total: 96.7ms
23:14:31 | Mask: [1.0, 0.0, 1.0, 0.0, 0.0] | Prob: 0.2769 | Attn: [0.532, 0.0, 0.468, 0.0, 0.0] | Ext: 88.6ms | Inf: 7.8ms | Total: 96.4ms
23:14:31 | Mask: [1.0, 0.0, 1.0, 0.0, 0.0] | Prob: 0.2758 | Attn: [0.532, 0.0, 0.468, 0.0, 0.0] | Ext: 88.6ms | Inf: 8.5ms | Total: 97.1ms
23:14:31 | Mask: [1.0, 0.0, 1.0, 0.0, 0.0] | Prob: 0.2750 | Attn: [0.532, 0.0, 0.468, 0.0, 0.0] | Ext: 88.6ms | Inf: 9.6ms | Total: 98.2ms
23:14:31 | Mask: [1.0, 0.0, 1.0, 0.0, 0.0] | Prob: 0.2745 | Attn: [0.532, 0.0, 0.468, 0.0, 0.0] | Ext: 88.6ms | Inf: 9.0ms | Total: 97.6ms
23:14:31 | Mask: [1.0, 0.0, 1.0, 0.0, 0.0] | Prob: 0.2741 | Attn: [0.532, 0.0, 0.468, 0.0, 0.0] | Ext: 88.6ms | Inf: 9.4ms | Total: 98.0ms
23:14:31 | Mask: [1.0, 0.0, 1.0, 0.0, 0.0] | Prob: 0.2739 | Attn: [0.532, 0.0, 0.468, 0.0, 0.0] | Ext: 88.6ms | Inf: 8.5ms | Total: 97.1ms
23:14:31 | Mask: [1.0, 0.0, 1.0, 0.0, 0.0] | Prob: 0.2737 | Attn: [0.532, 0.0, 0.468, 0.0, 0.0] | Ext: 88.6ms | Inf: 8.1ms | Total: 96.7ms
23:14:31 | Mask: [1.0, 0.0, 1.0, 0.0, 0.0] | Prob: 0.2735 | Attn: [0.532, 0.0, 0.468, 0.0, 0.0] | Ext: 88.6ms | Inf: 7.9ms | Total: 96.5ms
23:14:32 | Mask: [1.0, 0.0, 1.0, 0.0, 0.0] | Prob: 0.2735 | Attn: [0.532, 0.0, 0.468, 0.0, 0.0] | Ext: 88.6ms | Inf: 7.4ms | Total: 96.0ms
23:14:32 | Mask: [1.0, 0.0, 1.0, 0.0, 0.0] | Prob: 0.2734 | Attn: [0.532, 0.0, 0.468, 0.0, 0.0] | Ext: 88.6ms | Inf: 9.2ms | Total: 97.8ms
23:14:32 | Mask: [1.0, 0.0, 1.0, 0.0, 0.0] | Prob: 0.2890 | Attn: [0.369, 0.0, 0.631, 0.0, 0.0] | Ext: 57.0ms | Inf: 9.2ms | Total: 66.3ms
23:14:32 | Mask: [1.0, 0.0, 1.0, 0.0, 0.0] | Prob: 0.2999 | Attn: [0.369, 0.0, 0.631, 0.0, 0.0] | Ext: 57.0ms | Inf: 8.9ms | Total: 65.9ms
23:14:32 | Mask: [1.0, 0.0, 1.0, 0.0, 0.0] | Prob: 0.3076 | Attn: [0.369, 0.0, 0.631, 0.0, 0.0] | Ext: 57.0ms | Inf: 9.0ms | Total: 66.0ms
23:14:32 | Mask: [1.0, 0.0, 1.0, 0.0, 0.0] | Prob: 0.3129 | Attn: [0.369, 0.0, 0.631, 0.0, 0.0] | Ext: 57.0ms | Inf: 8.2ms | Total: 65.3ms
23:14:32 | Mask: [1.0, 0.0, 1.0, 0.0, 0.0] | Prob: 0.3167 | Attn: [0.369, 0.0, 0.631, 0.0, 0.0] | Ext: 57.0ms | Inf: 7.5ms | Total: 64.5ms
23:14:32 | Mask: [1.0, 0.0, 1.0, 0.0, 0.0] | Prob: 0.3193 | Attn: [0.369, 0.0, 0.631, 0.0, 0.0] | Ext: 57.0ms | Inf: 9.0ms | Total: 66.0ms
23:14:33 | Mask: [1.0, 0.0, 1.0, 0.0, 0.0] | Prob: 0.3211 | Attn: [0.369, 0.0, 0.631, 0.0, 0.0] | Ext: 57.0ms | Inf: 9.0ms | Total: 66.1ms
23:14:33 | Mask: [1.0, 0.0, 1.0, 0.0, 0.0] | Prob: 0.3224 | Attn: [0.369, 0.0, 0.631, 0.0, 0.0] | Ext: 57.0ms | Inf: 8.9ms | Total: 66.0ms
23:14:33 | Mask: [1.0, 0.0, 1.0, 0.0, 0.0] | Prob: 0.3233 | Attn: [0.369, 0.0, 0.631, 0.0, 0.0] | Ext: 57.0ms | Inf: 8.7ms | Total: 65.8ms
23:14:33 | Mask: [1.0, 0.0, 1.0, 0.0, 0.0] | Prob: 0.3201 | Attn: [0.318, 0.0, 0.682, 0.0, 0.0] | Ext: 57.0ms | Inf: 8.6ms | Total: 65.6ms
23:14:33 | Mask: [1.0, 0.0, 1.0, 0.0, 0.0] | Prob: 0.3178 | Attn: [0.318, 0.0, 0.682, 0.0, 0.0] | Ext: 57.0ms | Inf: 8.9ms | Total: 66.0ms
23:14:33 | Mask: [1.0, 0.0, 1.0, 0.0, 0.0] | Prob: 0.3162 | Attn: [0.318, 0.0, 0.682, 0.0, 0.0] | Ext: 57.0ms | Inf: 8.2ms | Total: 65.3ms
23:14:33 | Mask: [1.0, 0.0, 1.0, 0.0, 0.0] | Prob: 0.3151 | Attn: [0.318, 0.0, 0.682, 0.0, 0.0] | Ext: 57.0ms | Inf: 6.5ms | Total: 63.5ms
23:14:33 | Mask: [1.0, 0.0, 1.0, 0.0, 0.0] | Prob: 0.3144 | Attn: [0.318, 0.0, 0.682, 0.0, 0.0] | Ext: 57.0ms | Inf: 8.6ms | Total: 65.6ms
23:14:33 | Mask: [1.0, 0.0, 1.0, 0.0, 0.0] | Prob: 0.3138 | Attn: [0.318, 0.0, 0.682, 0.0, 0.0] | Ext: 57.0ms | Inf: 7.9ms | Total: 64.9ms
23:14:34 | Mask: [1.0, 0.0, 1.0, 0.0, 0.0] | Prob: 0.3134 | Attn: [0.318, 0.0, 0.682, 0.0, 0.0] | Ext: 57.0ms | Inf: 7.5ms | Total: 64.6ms
23:14:34 | Mask: [1.0, 0.0, 1.0, 0.0, 0.0] | Prob: 0.3132 | Attn: [0.318, 0.0, 0.682, 0.0, 0.0] | Ext: 57.0ms | Inf: 7.3ms | Total: 64.3ms
23:14:34 | Mask: [1.0, 0.0, 1.0, 0.0, 0.0] | Prob: 0.3130 | Attn: [0.318, 0.0, 0.682, 0.0, 0.0] | Ext: 57.0ms | Inf: 8.6ms | Total: 65.6ms
23:14:34 | Mask: [1.0, 0.0, 1.0, 0.0, 0.0] | Prob: 0.3128 | Attn: [0.318, 0.0, 0.682, 0.0, 0.0] | Ext: 57.0ms | Inf: 8.9ms | Total: 65.9ms
23:14:34 | Mask: [1.0, 0.0, 1.0, 0.0, 0.0] | Prob: 0.3128 | Attn: [0.318, 0.0, 0.682, 0.0, 0.0] | Ext: 57.0ms | Inf: 8.8ms | Total: 65.8ms
23:14:34 | Mask: [1.0, 0.0, 1.0, 0.0, 0.0] | Prob: 0.3127 | Attn: [0.318, 0.0, 0.682, 0.0, 0.0] | Ext: 57.0ms | Inf: 8.4ms | Total: 65.4ms
23:14:34 | Mask: [1.0, 0.0, 1.0, 0.0, 0.0] | Prob: 0.3126 | Attn: [0.318, 0.0, 0.682, 0.0, 0.0] | Ext: 57.0ms | Inf: 6.9ms | Total: 64.0ms
23:14:34 | Mask: [1.0, 0.0, 1.0, 0.0, 0.0] | Prob: 0.3126 | Attn: [0.318, 0.0, 0.682, 0.0, 0.0] | Ext: 57.0ms | Inf: 7.2ms | Total: 64.2ms
23:14:35 | Mask: [1.0, 0.0, 1.0, 0.0, 0.0] | Prob: 0.3126 | Attn: [0.318, 0.0, 0.682, 0.0, 0.0] | Ext: 57.0ms | Inf: 8.3ms | Total: 65.3ms
23:14:35 | Mask: [1.0, 0.0, 1.0, 0.0, 0.0] | Prob: 0.3309 | Attn: [0.347, 0.0, 0.653, 0.0, 0.0] | Ext: 47.8ms | Inf: 8.9ms | Total: 56.7ms
23:14:35 | Mask: [1.0, 0.0, 1.0, 0.0, 0.0] | Prob: 0.3437 | Attn: [0.347, 0.0, 0.653, 0.0, 0.0] | Ext: 47.8ms | Inf: 6.5ms | Total: 54.4ms
23:14:35 | Mask: [1.0, 0.0, 1.0, 0.0, 0.0] | Prob: 0.3526 | Attn: [0.347, 0.0, 0.653, 0.0, 0.0] | Ext: 47.8ms | Inf: 7.3ms | Total: 55.1ms
23:14:35 | Mask: [1.0, 0.0, 1.0, 0.0, 0.0] | Prob: 0.3589 | Attn: [0.347, 0.0, 0.653, 0.0, 0.0] | Ext: 47.8ms | Inf: 7.9ms | Total: 55.7ms
23:14:35 | Mask: [1.0, 0.0, 1.0, 0.0, 0.0] | Prob: 0.3633 | Attn: [0.347, 0.0, 0.653, 0.0, 0.0] | Ext: 47.8ms | Inf: 7.6ms | Total: 55.5ms
23:14:35 | Mask: [1.0, 0.0, 1.0, 0.0, 0.0] | Prob: 0.3664 | Attn: [0.347, 0.0, 0.653, 0.0, 0.0] | Ext: 47.8ms | Inf: 9.0ms | Total: 56.8ms
23:14:35 | Mask: [1.0, 0.0, 1.0, 0.0, 0.0] | Prob: 0.3685 | Attn: [0.347, 0.0, 0.653, 0.0, 0.0] | Ext: 47.8ms | Inf: 8.1ms | Total: 55.9ms
23:14:36 | Mask: [1.0, 0.0, 1.0, 0.0, 0.0] | Prob: 0.3700 | Attn: [0.347, 0.0, 0.653, 0.0, 0.0] | Ext: 47.8ms | Inf: 9.1ms | Total: 56.9ms
23:14:36 | Mask: [1.0, 0.0, 1.0, 0.0, 0.0] | Prob: 0.3711 | Attn: [0.347, 0.0, 0.653, 0.0, 0.0] | Ext: 47.8ms | Inf: 9.2ms | Total: 57.0ms
23:14:36 | Mask: [1.0, 0.0, 1.0, 0.0, 0.0] | Prob: 0.3804 | Attn: [0.48, 0.0, 0.52, 0.0, 0.0] | Ext: 47.8ms | Inf: 8.0ms | Total: 55.8ms
23:14:36 | Mask: [1.0, 0.0, 1.0, 0.0, 0.0] | Prob: 0.3870 | Attn: [0.48, 0.0, 0.52, 0.0, 0.0] | Ext: 47.8ms | Inf: 9.3ms | Total: 57.2ms
23:14:36 | Mask: [1.0, 0.0, 1.0, 0.0, 0.0] | Prob: 0.3916 | Attn: [0.48, 0.0, 0.52, 0.0, 0.0] | Ext: 47.8ms | Inf: 7.6ms | Total: 55.5ms
23:14:36 | Mask: [1.0, 0.0, 1.0, 0.0, 0.0] | Prob: 0.3948 | Attn: [0.48, 0.0, 0.52, 0.0, 0.0] | Ext: 47.8ms | Inf: 6.6ms | Total: 54.4ms
23:14:36 | Mask: [1.0, 0.0, 1.0, 0.0, 0.0] | Prob: 0.3971 | Attn: [0.48, 0.0, 0.52, 0.0, 0.0] | Ext: 47.8ms | Inf: 8.4ms | Total: 56.2ms
23:14:36 | Mask: [1.0, 0.0, 1.0, 0.0, 0.0] | Prob: 0.3986 | Attn: [0.48, 0.0, 0.52, 0.0, 0.0] | Ext: 47.8ms | Inf: 8.5ms | Total: 56.4ms
23:14:36 | Mask: [1.0, 0.0, 1.0, 0.0, 0.0] | Prob: 0.3997 | Attn: [0.48, 0.0, 0.52, 0.0, 0.0] | Ext: 47.8ms | Inf: 8.1ms | Total: 55.9ms
23:14:37 | Mask: [1.0, 0.0, 1.0, 0.0, 0.0] | Prob: 0.4005 | Attn: [0.48, 0.0, 0.52, 0.0, 0.0] | Ext: 47.8ms | Inf: 8.7ms | Total: 56.5ms
23:14:37 | Mask: [1.0, 0.0, 1.0, 0.0, 0.0] | Prob: 0.4011 | Attn: [0.48, 0.0, 0.52, 0.0, 0.0] | Ext: 47.8ms | Inf: 8.6ms | Total: 56.4ms
23:14:37 | Mask: [1.0, 0.0, 1.0, 0.0, 0.0] | Prob: 0.4014 | Attn: [0.48, 0.0, 0.52, 0.0, 0.0] | Ext: 47.8ms | Inf: 8.5ms | Total: 56.4ms
23:14:37 | Mask: [1.0, 0.0, 1.0, 0.0, 0.0] | Prob: 0.4017 | Attn: [0.48, 0.0, 0.52, 0.0, 0.0] | Ext: 47.8ms | Inf: 7.0ms | Total: 54.8ms
23:14:37 | Mask: [1.0, 0.0, 1.0, 0.0, 0.0] | Prob: 0.4019 | Attn: [0.48, 0.0, 0.52, 0.0, 0.0] | Ext: 47.8ms | Inf: 8.3ms | Total: 56.1ms
23:14:37 | Mask: [1.0, 0.0, 1.0, 0.0, 0.0] | Prob: 0.4020 | Attn: [0.48, 0.0, 0.52, 0.0, 0.0] | Ext: 47.8ms | Inf: 7.6ms | Total: 55.5ms
23:14:37 | Mask: [1.0, 0.0, 1.0, 0.0, 0.0] | Prob: 0.4021 | Attn: [0.48, 0.0, 0.52, 0.0, 0.0] | Ext: 47.8ms | Inf: 8.3ms | Total: 56.1ms
23:14:37 | Mask: [1.0, 0.0, 1.0, 0.0, 0.0] | Prob: 0.4022 | Attn: [0.48, 0.0, 0.52, 0.0, 0.0] | Ext: 47.8ms | Inf: 8.7ms | Total: 56.5ms
23:14:38 | Mask: [1.0, 0.0, 1.0, 0.0, 0.0] | Prob: 0.4022 | Attn: [0.48, 0.0, 0.52, 0.0, 0.0] | Ext: 47.8ms | Inf: 8.7ms | Total: 56.5ms
23:14:38 | Mask: [1.0, 0.0, 1.0, 0.0, 0.0] | Prob: 0.4442 | Attn: [0.411, 0.0, 0.589, 0.0, 0.0] | Ext: 49.7ms | Inf: 8.7ms | Total: 58.3ms
23:14:38 | Mask: [1.0, 0.0, 1.0, 0.0, 0.0] | Prob: 0.4736 | Attn: [0.411, 0.0, 0.589, 0.0, 0.0] | Ext: 49.7ms | Inf: 7.5ms | Total: 57.2ms
23:14:38 | Mask: [1.0, 0.0, 1.0, 0.0, 0.0] | Prob: 0.4941 | Attn: [0.411, 0.0, 0.589, 0.0, 0.0] | Ext: 49.7ms | Inf: 8.1ms | Total: 57.8ms
23:14:38 | Mask: [1.0, 0.0, 1.0, 0.0, 0.0] | Prob: 0.5085 | Attn: [0.411, 0.0, 0.589, 0.0, 0.0] | Ext: 49.7ms | Inf: 8.4ms | Total: 58.0ms
23:14:38 | Mask: [1.0, 0.0, 1.0, 0.0, 0.0] | Prob: 0.5186 | Attn: [0.411, 0.0, 0.589, 0.0, 0.0] | Ext: 49.7ms | Inf: 8.9ms | Total: 58.5ms
23:14:38 | Mask: [1.0, 0.0, 1.0, 0.0, 0.0] | Prob: 0.5257 | Attn: [0.411, 0.0, 0.589, 0.0, 0.0] | Ext: 49.7ms | Inf: 8.9ms | Total: 58.6ms
23:14:38 | Mask: [1.0, 0.0, 1.0, 0.0, 0.0] | Prob: 0.5306 | Attn: [0.411, 0.0, 0.589, 0.0, 0.0] | Ext: 49.7ms | Inf: 8.2ms | Total: 57.8ms
23:14:39 | Mask: [1.0, 0.0, 1.0, 0.0, 0.0] | Prob: 0.5340 | Attn: [0.411, 0.0, 0.589, 0.0, 0.0] | Ext: 49.7ms | Inf: 9.8ms | Total: 59.5ms
23:14:39 | Mask: [1.0, 0.0, 1.0, 0.0, 0.0] | Prob: 0.5365 | Attn: [0.411, 0.0, 0.589, 0.0, 0.0] | Ext: 49.7ms | Inf: 8.2ms | Total: 57.8ms
23:14:39 | Mask: [1.0, 0.0, 1.0, 0.0, 0.0] | Prob: 0.5198 | Attn: [0.363, 0.0, 0.637, 0.0, 0.0] | Ext: 49.7ms | Inf: 8.4ms | Total: 58.0ms
23:14:39 | Mask: [1.0, 0.0, 1.0, 0.0, 0.0] | Prob: 0.5081 | Attn: [0.363, 0.0, 0.637, 0.0, 0.0] | Ext: 49.7ms | Inf: 9.0ms | Total: 58.6ms
23:14:39 | Mask: [1.0, 0.0, 1.0, 0.0, 0.0] | Prob: 0.4999 | Attn: [0.363, 0.0, 0.637, 0.0, 0.0] | Ext: 49.7ms | Inf: 8.5ms | Total: 58.1ms
23:14:39 | Mask: [1.0, 0.0, 1.0, 0.0, 0.0] | Prob: 0.4941 | Attn: [0.363, 0.0, 0.637, 0.0, 0.0] | Ext: 49.7ms | Inf: 8.5ms | Total: 58.2ms
23:14:39 | Mask: [1.0, 0.0, 1.0, 0.0, 0.0] | Prob: 0.4901 | Attn: [0.363, 0.0, 0.637, 0.0, 0.0] | Ext: 49.7ms | Inf: 7.7ms | Total: 57.3ms
23:14:39 | Mask: [1.0, 0.0, 1.0, 0.0, 0.0] | Prob: 0.4873 | Attn: [0.363, 0.0, 0.637, 0.0, 0.0] | Ext: 49.7ms | Inf: 8.7ms | Total: 58.4ms
23:14:39 | Mask: [1.0, 0.0, 1.0, 0.0, 0.0] | Prob: 0.4853 | Attn: [0.363, 0.0, 0.637, 0.0, 0.0] | Ext: 49.7ms | Inf: 8.3ms | Total: 58.0ms
23:14:40 | Mask: [1.0, 0.0, 1.0, 0.0, 0.0] | Prob: 0.4840 | Attn: [0.363, 0.0, 0.637, 0.0, 0.0] | Ext: 49.7ms | Inf: 6.8ms | Total: 56.5ms
23:14:40 | Mask: [1.0, 0.0, 1.0, 0.0, 0.0] | Prob: 0.4830 | Attn: [0.363, 0.0, 0.637, 0.0, 0.0] | Ext: 49.7ms | Inf: 7.8ms | Total: 57.5ms
23:14:40 | Mask: [1.0, 0.0, 1.0, 0.0, 0.0] | Prob: 0.4823 | Attn: [0.363, 0.0, 0.637, 0.0, 0.0] | Ext: 49.7ms | Inf: 7.5ms | Total: 57.1ms
23:14:40 | Mask: [1.0, 0.0, 1.0, 0.0, 0.0] | Prob: 0.4819 | Attn: [0.363, 0.0, 0.637, 0.0, 0.0] | Ext: 49.7ms | Inf: 7.8ms | Total: 57.4ms
23:14:40 | Mask: [1.0, 0.0, 1.0, 0.0, 0.0] | Prob: 0.4815 | Attn: [0.363, 0.0, 0.637, 0.0, 0.0] | Ext: 49.7ms | Inf: 7.2ms | Total: 56.8ms
23:14:40 | Mask: [1.0, 0.0, 1.0, 0.0, 0.0] | Prob: 0.4813 | Attn: [0.363, 0.0, 0.637, 0.0, 0.0] | Ext: 49.7ms | Inf: 6.8ms | Total: 56.5ms
23:14:40 | Mask: [1.0, 0.0, 1.0, 0.0, 0.0] | Prob: 0.4811 | Attn: [0.363, 0.0, 0.637, 0.0, 0.0] | Ext: 49.7ms | Inf: 6.9ms | Total: 56.6ms
23:14:40 | Mask: [1.0, 0.0, 1.0, 0.0, 0.0] | Prob: 0.4810 | Attn: [0.363, 0.0, 0.637, 0.0, 0.0] | Ext: 49.7ms | Inf: 7.5ms | Total: 57.1ms
23:14:41 | Mask: [1.0, 0.0, 1.0, 0.0, 0.0] | Prob: 0.4510 | Attn: [0.351, 0.0, 0.649, 0.0, 0.0] | Ext: 51.0ms | Inf: 8.2ms | Total: 59.2ms
23:14:41 | Mask: [1.0, 0.0, 1.0, 0.0, 0.0] | Prob: 0.4299 | Attn: [0.351, 0.0, 0.649, 0.0, 0.0] | Ext: 51.0ms | Inf: 7.6ms | Total: 58.6ms
23:14:41 | Mask: [1.0, 0.0, 1.0, 0.0, 0.0] | Prob: 0.4152 | Attn: [0.351, 0.0, 0.649, 0.0, 0.0] | Ext: 51.0ms | Inf: 6.1ms | Total: 57.0ms
23:14:41 | Mask: [1.0, 0.0, 1.0, 0.0, 0.0] | Prob: 0.4049 | Attn: [0.351, 0.0, 0.649, 0.0, 0.0] | Ext: 51.0ms | Inf: 6.4ms | Total: 57.3ms
23:14:41 | Mask: [1.0, 0.0, 1.0, 0.0, 0.0] | Prob: 0.3977 | Attn: [0.351, 0.0, 0.649, 0.0, 0.0] | Ext: 51.0ms | Inf: 6.5ms | Total: 57.5ms
23:14:41 | Mask: [1.0, 0.0, 1.0, 0.0, 0.0] | Prob: 0.3926 | Attn: [0.351, 0.0, 0.649, 0.0, 0.0] | Ext: 51.0ms | Inf: 6.6ms | Total: 57.6ms
23:14:41 | Mask: [1.0, 0.0, 1.0, 0.0, 0.0] | Prob: 0.3891 | Attn: [0.351, 0.0, 0.649, 0.0, 0.0] | Ext: 51.0ms | Inf: 6.5ms | Total: 57.5ms
23:14:41 | Mask: [1.0, 0.0, 1.0, 0.0, 0.0] | Prob: 0.3866 | Attn: [0.351, 0.0, 0.649, 0.0, 0.0] | Ext: 51.0ms | Inf: 5.8ms | Total: 56.8ms
23:14:41 | Mask: [1.0, 0.0, 1.0, 0.0, 0.0] | Prob: 0.3849 | Attn: [0.351, 0.0, 0.649, 0.0, 0.0] | Ext: 51.0ms | Inf: 7.2ms | Total: 58.1ms
23:14:42 | Mask: [1.0, 0.0, 1.0, 0.0, 0.0] | Prob: 0.4000 | Attn: [0.381, 0.0, 0.619, 0.0, 0.0] | Ext: 51.0ms | Inf: 7.5ms | Total: 58.4ms
23:14:42 | Mask: [1.0, 0.0, 1.0, 0.0, 0.0] | Prob: 0.4106 | Attn: [0.381, 0.0, 0.619, 0.0, 0.0] | Ext: 51.0ms | Inf: 7.2ms | Total: 58.2ms
23:14:42 | Mask: [1.0, 0.0, 1.0, 0.0, 0.0] | Prob: 0.4180 | Attn: [0.381, 0.0, 0.619, 0.0, 0.0] | Ext: 51.0ms | Inf: 7.7ms | Total: 58.7ms
23:14:42 | Mask: [1.0, 0.0, 1.0, 0.0, 0.0] | Prob: 0.4232 | Attn: [0.381, 0.0, 0.619, 0.0, 0.0] | Ext: 51.0ms | Inf: 7.3ms | Total: 58.2ms
23:14:42 | Mask: [1.0, 0.0, 1.0, 0.0, 0.0] | Prob: 0.4269 | Attn: [0.381, 0.0, 0.619, 0.0, 0.0] | Ext: 51.0ms | Inf: 5.9ms | Total: 56.9ms
23:14:42 | Mask: [1.0, 0.0, 1.0, 0.0, 0.0] | Prob: 0.4294 | Attn: [0.381, 0.0, 0.619, 0.0, 0.0] | Ext: 51.0ms | Inf: 6.3ms | Total: 57.2ms
23:14:42 | Mask: [1.0, 0.0, 1.0, 0.0, 0.0] | Prob: 0.4312 | Attn: [0.381, 0.0, 0.619, 0.0, 0.0] | Ext: 51.0ms | Inf: 5.8ms | Total: 56.8ms
23:14:42 | Mask: [1.0, 0.0, 1.0, 0.0, 0.0] | Prob: 0.4324 | Attn: [0.381, 0.0, 0.619, 0.0, 0.0] | Ext: 51.0ms | Inf: 8.6ms | Total: 59.5ms
23:14:43 | Mask: [1.0, 0.0, 1.0, 0.0, 0.0] | Prob: 0.4333 | Attn: [0.381, 0.0, 0.619, 0.0, 0.0] | Ext: 51.0ms | Inf: 7.0ms | Total: 58.0ms
23:14:43 | Mask: [1.0, 0.0, 1.0, 0.0, 0.0] | Prob: 0.4339 | Attn: [0.381, 0.0, 0.619, 0.0, 0.0] | Ext: 51.0ms | Inf: 7.2ms | Total: 58.2ms
23:14:43 | Mask: [1.0, 0.0, 1.0, 0.0, 0.0] | Prob: 0.4343 | Attn: [0.381, 0.0, 0.619, 0.0, 0.0] | Ext: 51.0ms | Inf: 6.7ms | Total: 57.6ms
23:14:43 | Mask: [1.0, 0.0, 1.0, 0.0, 0.0] | Prob: 0.4346 | Attn: [0.381, 0.0, 0.619, 0.0, 0.0] | Ext: 51.0ms | Inf: 7.6ms | Total: 58.6ms
23:14:43 | Mask: [1.0, 0.0, 1.0, 0.0, 0.0] | Prob: 0.4349 | Attn: [0.381, 0.0, 0.619, 0.0, 0.0] | Ext: 51.0ms | Inf: 6.6ms | Total: 57.5ms
23:14:43 | Mask: [1.0, 0.0, 1.0, 0.0, 0.0] | Prob: 0.4350 | Attn: [0.381, 0.0, 0.619, 0.0, 0.0] | Ext: 51.0ms | Inf: 6.2ms | Total: 57.2ms
23:14:43 | Mask: [1.0, 0.0, 1.0, 0.0, 0.0] | Prob: 0.4351 | Attn: [0.381, 0.0, 0.619, 0.0, 0.0] | Ext: 51.0ms | Inf: 6.3ms | Total: 57.3ms
23:14:43 | Mask: [1.0, 0.0, 1.0, 0.0, 0.0] | Prob: 0.4352 | Attn: [0.381, 0.0, 0.619, 0.0, 0.0] | Ext: 51.0ms | Inf: 7.0ms | Total: 57.9ms
23:14:43 | Mask: [1.0, 0.0, 1.0, 0.0, 0.0] | Prob: 0.4352 | Attn: [0.381, 0.0, 0.619, 0.0, 0.0] | Ext: 49.4ms | Inf: 7.7ms | Total: 57.1ms
23:14:44 | Mask: [1.0, 0.0, 1.0, 0.0, 0.0] | Prob: 0.4439 | Attn: [0.368, 0.0, 0.632, 0.0, 0.0] | Ext: 49.4ms | Inf: 7.0ms | Total: 56.4ms
23:14:44 | Mask: [1.0, 0.0, 1.0, 0.0, 0.0] | Prob: 0.4499 | Attn: [0.368, 0.0, 0.632, 0.0, 0.0] | Ext: 49.4ms | Inf: 6.1ms | Total: 55.5ms
23:14:44 | Mask: [1.0, 0.0, 1.0, 0.0, 0.0] | Prob: 0.4541 | Attn: [0.368, 0.0, 0.632, 0.0, 0.0] | Ext: 49.4ms | Inf: 5.9ms | Total: 55.3ms
23:14:44 | Mask: [1.0, 0.0, 1.0, 0.0, 0.0] | Prob: 0.4571 | Attn: [0.368, 0.0, 0.632, 0.0, 0.0] | Ext: 49.4ms | Inf: 5.8ms | Total: 55.3ms
23:14:44 | Mask: [1.0, 0.0, 1.0, 0.0, 0.0] | Prob: 0.4591 | Attn: [0.368, 0.0, 0.632, 0.0, 0.0] | Ext: 49.4ms | Inf: 6.5ms | Total: 55.9ms
23:14:44 | Mask: [1.0, 0.0, 1.0, 0.0, 0.0] | Prob: 0.4606 | Attn: [0.368, 0.0, 0.632, 0.0, 0.0] | Ext: 49.4ms | Inf: 6.1ms | Total: 55.5ms
23:14:44 | Mask: [1.0, 0.0, 1.0, 0.0, 0.0] | Prob: 0.4616 | Attn: [0.368, 0.0, 0.632, 0.0, 0.0] | Ext: 49.4ms | Inf: 6.7ms | Total: 56.1ms
23:14:44 | Mask: [1.0, 0.0, 1.0, 0.0, 0.0] | Prob: 0.4623 | Attn: [0.368, 0.0, 0.632, 0.0, 0.0] | Ext: 49.4ms | Inf: 6.6ms | Total: 56.0ms
23:14:45 | Mask: [1.0, 0.0, 1.0, 0.0, 0.0] | Prob: 0.4628 | Attn: [0.368, 0.0, 0.632, 0.0, 0.0] | Ext: 49.4ms | Inf: 6.8ms | Total: 56.2ms
23:14:45 | Mask: [1.0, 0.0, 1.0, 0.0, 0.0] | Prob: 0.4364 | Attn: [0.445, 0.0, 0.555, 0.0, 0.0] | Ext: 49.4ms | Inf: 6.4ms | Total: 55.9ms
23:14:45 | Mask: [1.0, 0.0, 1.0, 0.0, 0.0] | Prob: 0.4179 | Attn: [0.445, 0.0, 0.555, 0.0, 0.0] | Ext: 49.4ms | Inf: 7.0ms | Total: 56.4ms
23:14:45 | Mask: [1.0, 0.0, 1.0, 0.0, 0.0] | Prob: 0.4050 | Attn: [0.445, 0.0, 0.555, 0.0, 0.0] | Ext: 49.4ms | Inf: 6.4ms | Total: 55.8ms
23:14:45 | Mask: [1.0, 0.0, 1.0, 0.0, 0.0] | Prob: 0.3959 | Attn: [0.445, 0.0, 0.555, 0.0, 0.0] | Ext: 49.4ms | Inf: 8.9ms | Total: 58.3ms
23:14:45 | Mask: [1.0, 0.0, 1.0, 0.0, 0.0] | Prob: 0.3896 | Attn: [0.445, 0.0, 0.555, 0.0, 0.0] | Ext: 49.4ms | Inf: 7.3ms | Total: 56.7ms
23:14:45 | Mask: [1.0, 0.0, 1.0, 0.0, 0.0] | Prob: 0.3851 | Attn: [0.445, 0.0, 0.555, 0.0, 0.0] | Ext: 49.4ms | Inf: 5.9ms | Total: 55.4ms
23:14:45 | Mask: [1.0, 0.0, 1.0, 0.0, 0.0] | Prob: 0.3820 | Attn: [0.445, 0.0, 0.555, 0.0, 0.0] | Ext: 49.4ms | Inf: 8.9ms | Total: 58.3ms
23:14:45 | Mask: [1.0, 0.0, 1.0, 0.0, 0.0] | Prob: 0.3799 | Attn: [0.445, 0.0, 0.555, 0.0, 0.0] | Ext: 49.4ms | Inf: 9.9ms | Total: 59.3ms
23:14:46 | Mask: [1.0, 0.0, 1.0, 0.0, 0.0] | Prob: 0.3783 | Attn: [0.445, 0.0, 0.555, 0.0, 0.0] | Ext: 49.4ms | Inf: 8.4ms | Total: 57.8ms
23:14:46 | Mask: [1.0, 0.0, 1.0, 0.0, 0.0] | Prob: 0.3773 | Attn: [0.445, 0.0, 0.555, 0.0, 0.0] | Ext: 49.4ms | Inf: 9.0ms | Total: 58.4ms
23:14:46 | Mask: [1.0, 0.0, 1.0, 0.0, 0.0] | Prob: 0.3765 | Attn: [0.445, 0.0, 0.555, 0.0, 0.0] | Ext: 49.4ms | Inf: 6.4ms | Total: 55.8ms
23:14:46 | Mask: [1.0, 0.0, 1.0, 0.0, 0.0] | Prob: 0.3760 | Attn: [0.445, 0.0, 0.555, 0.0, 0.0] | Ext: 49.4ms | Inf: 6.8ms | Total: 56.2ms
23:14:46 | Mask: [1.0, 0.0, 1.0, 0.0, 0.0] | Prob: 0.3756 | Attn: [0.445, 0.0, 0.555, 0.0, 0.0] | Ext: 49.4ms | Inf: 9.6ms | Total: 59.0ms
23:14:46 | Mask: [1.0, 0.0, 1.0, 0.0, 0.0] | Prob: 0.3754 | Attn: [0.445, 0.0, 0.555, 0.0, 0.0] | Ext: 49.4ms | Inf: 8.2ms | Total: 57.6ms
23:14:46 | Mask: [1.0, 0.0, 1.0, 0.0, 0.0] | Prob: 0.3752 | Attn: [0.445, 0.0, 0.555, 0.0, 0.0] | Ext: 49.4ms | Inf: 9.0ms | Total: 58.4ms
23:14:46 | Mask: [1.0, 0.0, 1.0, 0.0, 0.0] | Prob: 0.3751 | Attn: [0.445, 0.0, 0.555, 0.0, 0.0] | Ext: 49.4ms | Inf: 7.2ms | Total: 56.6ms
23:14:47 | Mask: [1.0, 0.0, 1.0, 0.0, 0.0] | Prob: 0.4340 | Attn: [0.374, 0.0, 0.626, 0.0, 0.0] | Ext: 66.5ms | Inf: 6.7ms | Total: 73.2ms
23:14:47 | Mask: [1.0, 0.0, 1.0, 0.0, 0.0] | Prob: 0.4753 | Attn: [0.374, 0.0, 0.626, 0.0, 0.0] | Ext: 66.5ms | Inf: 7.2ms | Total: 73.7ms
23:14:47 | Mask: [1.0, 0.0, 1.0, 0.0, 0.0] | Prob: 0.5042 | Attn: [0.374, 0.0, 0.626, 0.0, 0.0] | Ext: 66.5ms | Inf: 7.0ms | Total: 73.6ms
23:14:47 | Mask: [1.0, 0.0, 1.0, 0.0, 0.0] | Prob: 0.5244 | Attn: [0.374, 0.0, 0.626, 0.0, 0.0] | Ext: 66.5ms | Inf: 6.7ms | Total: 73.3ms
23:14:47 | Mask: [1.0, 0.0, 1.0, 0.0, 0.0] | Prob: 0.5386 | Attn: [0.374, 0.0, 0.626, 0.0, 0.0] | Ext: 66.5ms | Inf: 8.6ms | Total: 75.2ms
23:14:47 | Mask: [1.0, 0.0, 1.0, 0.0, 0.0] | Prob: 0.5485 | Attn: [0.374, 0.0, 0.626, 0.0, 0.0] | Ext: 66.5ms | Inf: 6.8ms | Total: 73.3ms
23:14:47 | Mask: [1.0, 0.0, 1.0, 0.0, 0.0] | Prob: 0.5554 | Attn: [0.374, 0.0, 0.626, 0.0, 0.0] | Ext: 66.5ms | Inf: 6.8ms | Total: 73.3ms
23:14:47 | Mask: [1.0, 0.0, 1.0, 0.0, 0.0] | Prob: 0.5603 | Attn: [0.374, 0.0, 0.626, 0.0, 0.0] | Ext: 66.5ms | Inf: 6.1ms | Total: 72.6ms
23:14:47 | Mask: [1.0, 0.0, 1.0, 0.0, 0.0] | Prob: 0.5637 | Attn: [0.374, 0.0, 0.626, 0.0, 0.0] | Ext: 66.5ms | Inf: 6.3ms | Total: 72.8ms
23:14:48 | Mask: [1.0, 0.0, 1.0, 0.0, 0.0] | Prob: 0.5475 | Attn: [0.31, 0.0, 0.69, 0.0, 0.0] | Ext: 66.5ms | Inf: 6.0ms | Total: 72.5ms
23:14:48 | Mask: [1.0, 0.0, 1.0, 0.0, 0.0] | Prob: 0.5362 | Attn: [0.31, 0.0, 0.69, 0.0, 0.0] | Ext: 66.5ms | Inf: 6.8ms | Total: 73.3ms
23:14:48 | Mask: [1.0, 0.0, 1.0, 0.0, 0.0] | Prob: 0.5282 | Attn: [0.31, 0.0, 0.69, 0.0, 0.0] | Ext: 66.5ms | Inf: 6.5ms | Total: 73.1ms
23:14:48 | Mask: [1.0, 0.0, 1.0, 0.0, 0.0] | Prob: 0.5227 | Attn: [0.31, 0.0, 0.69, 0.0, 0.0] | Ext: 66.5ms | Inf: 6.1ms | Total: 72.7ms
23:14:48 | Mask: [1.0, 0.0, 1.0, 0.0, 0.0] | Prob: 0.5188 | Attn: [0.31, 0.0, 0.69, 0.0, 0.0] | Ext: 66.5ms | Inf: 5.9ms | Total: 72.4ms
23:14:48 | Mask: [1.0, 0.0, 1.0, 0.0, 0.0] | Prob: 0.5161 | Attn: [0.31, 0.0, 0.69, 0.0, 0.0] | Ext: 66.5ms | Inf: 5.9ms | Total: 72.4ms
23:14:48 | Mask: [1.0, 0.0, 1.0, 0.0, 0.0] | Prob: 0.5142 | Attn: [0.31, 0.0, 0.69, 0.0, 0.0] | Ext: 66.5ms | Inf: 5.7ms | Total: 72.3ms
23:14:48 | Mask: [1.0, 0.0, 1.0, 0.0, 0.0] | Prob: 0.5128 | Attn: [0.31, 0.0, 0.69, 0.0, 0.0] | Ext: 66.5ms | Inf: 7.1ms | Total: 73.7ms
23:14:48 | Mask: [1.0, 0.0, 1.0, 0.0, 0.0] | Prob: 0.5119 | Attn: [0.31, 0.0, 0.69, 0.0, 0.0] | Ext: 66.5ms | Inf: 6.6ms | Total: 73.1ms
23:14:49 | Mask: [1.0, 0.0, 1.0, 0.0, 0.0] | Prob: 0.5112 | Attn: [0.31, 0.0, 0.69, 0.0, 0.0] | Ext: 66.5ms | Inf: 7.2ms | Total: 73.8ms
23:14:49 | Mask: [1.0, 0.0, 1.0, 0.0, 0.0] | Prob: 0.5108 | Attn: [0.31, 0.0, 0.69, 0.0, 0.0] | Ext: 66.5ms | Inf: 5.8ms | Total: 72.3ms
23:14:49 | Mask: [1.0, 0.0, 1.0, 0.0, 0.0] | Prob: 0.5105 | Attn: [0.31, 0.0, 0.69, 0.0, 0.0] | Ext: 66.5ms | Inf: 5.8ms | Total: 72.4ms
23:14:49 | Mask: [1.0, 0.0, 1.0, 0.0, 0.0] | Prob: 0.5102 | Attn: [0.31, 0.0, 0.69, 0.0, 0.0] | Ext: 66.5ms | Inf: 6.8ms | Total: 73.3ms
23:14:49 | Mask: [1.0, 0.0, 1.0, 0.0, 0.0] | Prob: 0.5101 | Attn: [0.31, 0.0, 0.69, 0.0, 0.0] | Ext: 66.5ms | Inf: 8.7ms | Total: 75.2ms
23:14:49 | Mask: [1.0, 0.0, 1.0, 0.0, 0.0] | Prob: 0.5100 | Attn: [0.31, 0.0, 0.69, 0.0, 0.0] | Ext: 66.5ms | Inf: 9.8ms | Total: 76.3ms
23:14:49 | Mask: [1.0, 0.0, 1.0, 0.0, 0.0] | Prob: 0.5099 | Attn: [0.31, 0.0, 0.69, 0.0, 0.0] | Ext: 66.5ms | Inf: 8.2ms | Total: 74.7ms
23:14:49 | Mask: [1.0, 0.0, 1.0, 0.0, 0.0] | Prob: 0.4125 | Attn: [0.426, 0.0, 0.574, 0.0, 0.0] | Ext: 53.9ms | Inf: 9.3ms | Total: 63.2ms
23:14:50 | Mask: [1.0, 0.0, 1.0, 0.0, 0.0] | Prob: 0.3444 | Attn: [0.426, 0.0, 0.574, 0.0, 0.0] | Ext: 53.9ms | Inf: 7.3ms | Total: 61.2ms
23:14:50 | Mask: [1.0, 0.0, 1.0, 0.0, 0.0] | Prob: 0.2967 | Attn: [0.426, 0.0, 0.574, 0.0, 0.0] | Ext: 53.9ms | Inf: 6.9ms | Total: 60.8ms
23:14:50 | Mask: [1.0, 0.0, 1.0, 0.0, 0.0] | Prob: 0.2633 | Attn: [0.426, 0.0, 0.574, 0.0, 0.0] | Ext: 53.9ms | Inf: 6.9ms | Total: 60.8ms
23:14:50 | Mask: [1.0, 0.0, 1.0, 0.0, 0.0] | Prob: 0.2399 | Attn: [0.426, 0.0, 0.574, 0.0, 0.0] | Ext: 53.9ms | Inf: 6.8ms | Total: 60.7ms
23:14:50 | Mask: [1.0, 0.0, 1.0, 0.0, 0.0] | Prob: 0.2236 | Attn: [0.426, 0.0, 0.574, 0.0, 0.0] | Ext: 53.9ms | Inf: 7.4ms | Total: 61.3ms
23:14:50 | Mask: [1.0, 0.0, 1.0, 0.0, 0.0] | Prob: 0.2121 | Attn: [0.426, 0.0, 0.574, 0.0, 0.0] | Ext: 53.9ms | Inf: 6.5ms | Total: 60.4ms
23:14:50 | Mask: [1.0, 0.0, 1.0, 0.0, 0.0] | Prob: 0.2041 | Attn: [0.426, 0.0, 0.574, 0.0, 0.0] | Ext: 53.9ms | Inf: 7.1ms | Total: 61.0ms
23:14:50 | Mask: [1.0, 0.0, 1.0, 0.0, 0.0] | Prob: 0.1985 | Attn: [0.426, 0.0, 0.574, 0.0, 0.0] | Ext: 53.9ms | Inf: 5.9ms | Total: 59.8ms
23:14:50 | Mask: [1.0, 0.0, 1.0, 0.0, 0.0] | Prob: 0.1942 | Attn: [0.492, 0.0, 0.508, 0.0, 0.0] | Ext: 53.9ms | Inf: 5.9ms | Total: 59.8ms
23:14:51 | Mask: [1.0, 0.0, 1.0, 0.0, 0.0] | Prob: 0.1911 | Attn: [0.492, 0.0, 0.508, 0.0, 0.0] | Ext: 53.9ms | Inf: 6.1ms | Total: 60.0ms
23:14:51 | Mask: [1.0, 0.0, 1.0, 0.0, 0.0] | Prob: 0.1890 | Attn: [0.492, 0.0, 0.508, 0.0, 0.0] | Ext: 53.9ms | Inf: 8.5ms | Total: 62.4ms
23:14:51 | Mask: [1.0, 0.0, 1.0, 0.0, 0.0] | Prob: 0.1875 | Attn: [0.492, 0.0, 0.508, 0.0, 0.0] | Ext: 53.9ms | Inf: 6.0ms | Total: 59.9ms
23:14:51 | Mask: [1.0, 0.0, 1.0, 0.0, 0.0] | Prob: 0.1865 | Attn: [0.492, 0.0, 0.508, 0.0, 0.0] | Ext: 53.9ms | Inf: 6.3ms | Total: 60.2ms
23:14:51 | Mask: [1.0, 0.0, 1.0, 0.0, 0.0] | Prob: 0.1858 | Attn: [0.492, 0.0, 0.508, 0.0, 0.0] | Ext: 53.9ms | Inf: 5.8ms | Total: 59.7ms
23:14:51 | Mask: [1.0, 0.0, 1.0, 0.0, 0.0] | Prob: 0.1852 | Attn: [0.492, 0.0, 0.508, 0.0, 0.0] | Ext: 53.9ms | Inf: 6.7ms | Total: 60.6ms
23:14:51 | Mask: [1.0, 0.0, 1.0, 0.0, 0.0] | Prob: 0.1849 | Attn: [0.492, 0.0, 0.508, 0.0, 0.0] | Ext: 53.9ms | Inf: 6.8ms | Total: 60.7ms
23:14:51 | Mask: [1.0, 0.0, 1.0, 0.0, 0.0] | Prob: 0.1846 | Attn: [0.492, 0.0, 0.508, 0.0, 0.0] | Ext: 53.9ms | Inf: 6.3ms | Total: 60.2ms
23:14:52 | Mask: [1.0, 0.0, 1.0, 0.0, 0.0] | Prob: 0.1845 | Attn: [0.492, 0.0, 0.508, 0.0, 0.0] | Ext: 53.9ms | Inf: 6.1ms | Total: 60.0ms
23:14:52 | Mask: [1.0, 0.0, 1.0, 0.0, 0.0] | Prob: 0.1843 | Attn: [0.492, 0.0, 0.508, 0.0, 0.0] | Ext: 53.9ms | Inf: 6.4ms | Total: 60.3ms
23:14:52 | Mask: [1.0, 0.0, 1.0, 0.0, 0.0] | Prob: 0.1843 | Attn: [0.492, 0.0, 0.508, 0.0, 0.0] | Ext: 53.9ms | Inf: 6.2ms | Total: 60.1ms
23:14:52 | Mask: [1.0, 0.0, 1.0, 0.0, 0.0] | Prob: 0.1842 | Attn: [0.492, 0.0, 0.508, 0.0, 0.0] | Ext: 53.9ms | Inf: 6.7ms | Total: 60.6ms
23:14:52 | Mask: [1.0, 0.0, 1.0, 0.0, 0.0] | Prob: 0.1842 | Attn: [0.492, 0.0, 0.508, 0.0, 0.0] | Ext: 53.9ms | Inf: 6.5ms | Total: 60.4ms
23:14:52 | Mask: [1.0, 0.0, 1.0, 0.0, 0.0] | Prob: 0.1841 | Attn: [0.492, 0.0, 0.508, 0.0, 0.0] | Ext: 53.9ms | Inf: 7.8ms | Total: 61.7ms
23:14:52 | Mask: [1.0, 0.0, 1.0, 0.0, 0.0] | Prob: 0.1841 | Attn: [0.492, 0.0, 0.508, 0.0, 0.0] | Ext: 53.9ms | Inf: 8.0ms | Total: 61.9ms
23:14:52 | Mask: [1.0, 0.0, 1.0, 0.0, 0.0] | Prob: 0.1986 | Attn: [0.606, 0.0, 0.394, 0.0, 0.0] | Ext: 53.8ms | Inf: 6.9ms | Total: 60.7ms
23:14:52 | Mask: [1.0, 0.0, 1.0, 0.0, 0.0] | Prob: 0.2088 | Attn: [0.606, 0.0, 0.394, 0.0, 0.0] | Ext: 53.8ms | Inf: 6.9ms | Total: 60.7ms
23:14:53 | Mask: [1.0, 0.0, 1.0, 0.0, 0.0] | Prob: 0.2159 | Attn: [0.606, 0.0, 0.394, 0.0, 0.0] | Ext: 53.8ms | Inf: 7.0ms | Total: 60.8ms
23:14:53 | Mask: [1.0, 0.0, 1.0, 0.0, 0.0] | Prob: 0.2209 | Attn: [0.606, 0.0, 0.394, 0.0, 0.0] | Ext: 53.8ms | Inf: 7.2ms | Total: 60.9ms
23:14:53 | Mask: [1.0, 0.0, 1.0, 0.0, 0.0] | Prob: 0.2243 | Attn: [0.606, 0.0, 0.394, 0.0, 0.0] | Ext: 53.8ms | Inf: 6.6ms | Total: 60.4ms
23:14:53 | Mask: [1.0, 0.0, 1.0, 0.0, 0.0] | Prob: 0.2268 | Attn: [0.606, 0.0, 0.394, 0.0, 0.0] | Ext: 53.8ms | Inf: 8.9ms | Total: 62.7ms
23:14:53 | Mask: [1.0, 0.0, 1.0, 0.0, 0.0] | Prob: 0.2285 | Attn: [0.606, 0.0, 0.394, 0.0, 0.0] | Ext: 53.8ms | Inf: 8.3ms | Total: 62.1ms
23:14:53 | Mask: [1.0, 0.0, 1.0, 0.0, 0.0] | Prob: 0.2297 | Attn: [0.606, 0.0, 0.394, 0.0, 0.0] | Ext: 53.8ms | Inf: 7.9ms | Total: 61.7ms
23:14:53 | Mask: [1.0, 0.0, 1.0, 0.0, 0.0] | Prob: 0.2305 | Attn: [0.606, 0.0, 0.394, 0.0, 0.0] | Ext: 53.8ms | Inf: 7.0ms | Total: 60.8ms
23:14:53 | Mask: [1.0, 0.0, 1.0, 0.0, 0.0] | Prob: 0.2247 | Attn: [0.622, 0.0, 0.378, 0.0, 0.0] | Ext: 53.8ms | Inf: 8.5ms | Total: 62.3ms
23:14:54 | Mask: [1.0, 0.0, 1.0, 0.0, 0.0] | Prob: 0.2207 | Attn: [0.622, 0.0, 0.378, 0.0, 0.0] | Ext: 53.8ms | Inf: 9.0ms | Total: 62.8ms
23:14:54 | Mask: [1.0, 0.0, 1.0, 0.0, 0.0] | Prob: 0.2178 | Attn: [0.622, 0.0, 0.378, 0.0, 0.0] | Ext: 53.8ms | Inf: 9.2ms | Total: 63.0ms
23:14:54 | Mask: [1.0, 0.0, 1.0, 0.0, 0.0] | Prob: 0.2159 | Attn: [0.622, 0.0, 0.378, 0.0, 0.0] | Ext: 53.8ms | Inf: 8.5ms | Total: 62.3ms
23:14:54 | Mask: [1.0, 0.0, 1.0, 0.0, 0.0] | Prob: 0.2145 | Attn: [0.622, 0.0, 0.378, 0.0, 0.0] | Ext: 53.8ms | Inf: 7.1ms | Total: 60.8ms
23:14:54 | Mask: [1.0, 0.0, 1.0, 0.0, 0.0] | Prob: 0.2135 | Attn: [0.622, 0.0, 0.378, 0.0, 0.0] | Ext: 53.8ms | Inf: 8.5ms | Total: 62.3ms
23:14:54 | Mask: [1.0, 0.0, 1.0, 0.0, 0.0] | Prob: 0.2128 | Attn: [0.622, 0.0, 0.378, 0.0, 0.0] | Ext: 53.8ms | Inf: 8.0ms | Total: 61.8ms
23:14:54 | Mask: [1.0, 0.0, 1.0, 0.0, 0.0] | Prob: 0.2123 | Attn: [0.622, 0.0, 0.378, 0.0, 0.0] | Ext: 53.8ms | Inf: 8.2ms | Total: 61.9ms
23:14:54 | Mask: [1.0, 0.0, 1.0, 0.0, 0.0] | Prob: 0.2120 | Attn: [0.622, 0.0, 0.378, 0.0, 0.0] | Ext: 53.8ms | Inf: 7.7ms | Total: 61.5ms
23:14:54 | Mask: [1.0, 0.0, 1.0, 0.0, 0.0] | Prob: 0.2118 | Attn: [0.622, 0.0, 0.378, 0.0, 0.0] | Ext: 53.8ms | Inf: 7.9ms | Total: 61.7ms
23:14:55 | Mask: [1.0, 0.0, 1.0, 0.0, 0.0] | Prob: 0.2116 | Attn: [0.622, 0.0, 0.378, 0.0, 0.0] | Ext: 53.8ms | Inf: 8.1ms | Total: 61.9ms
23:14:55 | Mask: [1.0, 0.0, 1.0, 0.0, 0.0] | Prob: 0.2115 | Attn: [0.622, 0.0, 0.378, 0.0, 0.0] | Ext: 53.8ms | Inf: 8.9ms | Total: 62.7ms
23:14:55 | Mask: [1.0, 0.0, 1.0, 0.0, 0.0] | Prob: 0.2114 | Attn: [0.622, 0.0, 0.378, 0.0, 0.0] | Ext: 53.8ms | Inf: 9.7ms | Total: 63.4ms
23:14:55 | Mask: [1.0, 0.0, 1.0, 0.0, 0.0] | Prob: 0.2114 | Attn: [0.622, 0.0, 0.378, 0.0, 0.0] | Ext: 53.8ms | Inf: 8.3ms | Total: 62.1ms
23:14:55 | Mask: [1.0, 0.0, 1.0, 0.0, 0.0] | Prob: 0.2113 | Attn: [0.622, 0.0, 0.378, 0.0, 0.0] | Ext: 53.8ms | Inf: 9.0ms | Total: 62.8ms
23:14:55 | Mask: [1.0, 0.0, 1.0, 0.0, 0.0] | Prob: 0.2113 | Attn: [0.622, 0.0, 0.378, 0.0, 0.0] | Ext: 53.8ms | Inf: 8.8ms | Total: 62.6ms
23:14:55 | Mask: [1.0, 0.0, 1.0, 0.0, 0.0] | Prob: 0.2476 | Attn: [0.539, 0.0, 0.461, 0.0, 0.0] | Ext: 48.3ms | Inf: 9.0ms | Total: 57.2ms
23:14:55 | Mask: [1.0, 0.0, 1.0, 0.0, 0.0] | Prob: 0.2730 | Attn: [0.539, 0.0, 0.461, 0.0, 0.0] | Ext: 48.3ms | Inf: 7.5ms | Total: 55.8ms
23:14:56 | Mask: [1.0, 0.0, 1.0, 0.0, 0.0] | Prob: 0.2908 | Attn: [0.539, 0.0, 0.461, 0.0, 0.0] | Ext: 48.3ms | Inf: 7.8ms | Total: 56.1ms
23:14:56 | Mask: [1.0, 0.0, 1.0, 0.0, 0.0] | Prob: 0.3032 | Attn: [0.539, 0.0, 0.461, 0.0, 0.0] | Ext: 48.3ms | Inf: 8.9ms | Total: 57.1ms
23:14:56 | Mask: [1.0, 0.0, 1.0, 0.0, 0.0] | Prob: 0.3119 | Attn: [0.539, 0.0, 0.461, 0.0, 0.0] | Ext: 48.3ms | Inf: 8.4ms | Total: 56.7ms
23:14:56 | Mask: [1.0, 0.0, 1.0, 0.0, 0.0] | Prob: 0.3180 | Attn: [0.539, 0.0, 0.461, 0.0, 0.0] | Ext: 48.3ms | Inf: 8.4ms | Total: 56.7ms
23:14:56 | Mask: [1.0, 0.0, 1.0, 0.0, 0.0] | Prob: 0.3223 | Attn: [0.539, 0.0, 0.461, 0.0, 0.0] | Ext: 48.3ms | Inf: 8.9ms | Total: 57.2ms
23:14:56 | Mask: [1.0, 0.0, 1.0, 0.0, 0.0] | Prob: 0.3253 | Attn: [0.539, 0.0, 0.461, 0.0, 0.0] | Ext: 48.3ms | Inf: 8.8ms | Total: 57.0ms
23:14:56 | Mask: [1.0, 0.0, 1.0, 0.0, 0.0] | Prob: 0.3274 | Attn: [0.539, 0.0, 0.461, 0.0, 0.0] | Ext: 48.3ms | Inf: 8.5ms | Total: 56.8ms
23:14:56 | Mask: [1.0, 0.0, 1.0, 0.0, 0.0] | Prob: 0.3402 | Attn: [0.402, 0.0, 0.598, 0.0, 0.0] | Ext: 48.3ms | Inf: 8.8ms | Total: 57.1ms
23:14:57 | Mask: [1.0, 0.0, 1.0, 0.0, 0.0] | Prob: 0.3491 | Attn: [0.402, 0.0, 0.598, 0.0, 0.0] | Ext: 48.3ms | Inf: 8.3ms | Total: 56.6ms
23:14:57 | Mask: [1.0, 0.0, 1.0, 0.0, 0.0] | Prob: 0.3554 | Attn: [0.402, 0.0, 0.598, 0.0, 0.0] | Ext: 48.3ms | Inf: 7.4ms | Total: 55.6ms
23:14:57 | Mask: [1.0, 0.0, 1.0, 0.0, 0.0] | Prob: 0.3598 | Attn: [0.402, 0.0, 0.598, 0.0, 0.0] | Ext: 48.3ms | Inf: 9.4ms | Total: 57.6ms
23:14:57 | Mask: [1.0, 0.0, 1.0, 0.0, 0.0] | Prob: 0.3629 | Attn: [0.402, 0.0, 0.598, 0.0, 0.0] | Ext: 48.3ms | Inf: 9.1ms | Total: 57.4ms
23:14:57 | Mask: [1.0, 0.0, 1.0, 0.0, 0.0] | Prob: 0.3650 | Attn: [0.402, 0.0, 0.598, 0.0, 0.0] | Ext: 48.3ms | Inf: 7.9ms | Total: 56.2ms
23:14:57 | Mask: [1.0, 0.0, 1.0, 0.0, 0.0] | Prob: 0.3665 | Attn: [0.402, 0.0, 0.598, 0.0, 0.0] | Ext: 48.3ms | Inf: 8.7ms | Total: 57.0ms
23:14:57 | Mask: [1.0, 0.0, 1.0, 0.0, 0.0] | Prob: 0.3676 | Attn: [0.402, 0.0, 0.598, 0.0, 0.0] | Ext: 48.3ms | Inf: 8.5ms | Total: 56.8ms
23:14:57 | Mask: [1.0, 0.0, 1.0, 0.0, 0.0] | Prob: 0.3683 | Attn: [0.402, 0.0, 0.598, 0.0, 0.0] | Ext: 48.3ms | Inf: 9.1ms | Total: 57.3ms
23:14:58 | Mask: [1.0, 0.0, 1.0, 0.0, 0.0] | Prob: 0.3688 | Attn: [0.402, 0.0, 0.598, 0.0, 0.0] | Ext: 48.3ms | Inf: 16.4ms | Total: 64.7ms
23:14:58 | Mask: [1.0, 0.0, 1.0, 0.0, 0.0] | Prob: 0.3692 | Attn: [0.402, 0.0, 0.598, 0.0, 0.0] | Ext: 48.3ms | Inf: 9.6ms | Total: 57.8ms
23:14:58 | Mask: [1.0, 0.0, 1.0, 0.0, 0.0] | Prob: 0.3694 | Attn: [0.402, 0.0, 0.598, 0.0, 0.0] | Ext: 48.3ms | Inf: 7.2ms | Total: 55.5ms
23:14:58 | Mask: [1.0, 0.0, 1.0, 0.0, 0.0] | Prob: 0.3696 | Attn: [0.402, 0.0, 0.598, 0.0, 0.0] | Ext: 48.3ms | Inf: 6.9ms | Total: 55.2ms
23:14:58 | Mask: [1.0, 0.0, 1.0, 0.0, 0.0] | Prob: 0.3697 | Attn: [0.402, 0.0, 0.598, 0.0, 0.0] | Ext: 48.3ms | Inf: 8.7ms | Total: 57.0ms
23:14:58 | Mask: [1.0, 0.0, 1.0, 0.0, 0.0] | Prob: 0.3698 | Attn: [0.402, 0.0, 0.598, 0.0, 0.0] | Ext: 48.3ms | Inf: 9.9ms | Total: 58.1ms
23:14:58 | Mask: [1.0, 0.0, 1.0, 0.0, 0.0] | Prob: 0.3609 | Attn: [0.528, 0.0, 0.472, 0.0, 0.0] | Ext: 69.2ms | Inf: 10.6ms | Total: 79.8ms
23:14:58 | Mask: [1.0, 0.0, 1.0, 0.0, 0.0] | Prob: 0.3547 | Attn: [0.528, 0.0, 0.472, 0.0, 0.0] | Ext: 69.2ms | Inf: 8.8ms | Total: 78.0ms
23:14:59 | Mask: [1.0, 0.0, 1.0, 0.0, 0.0] | Prob: 0.3504 | Attn: [0.528, 0.0, 0.472, 0.0, 0.0] | Ext: 69.2ms | Inf: 9.5ms | Total: 78.7ms
23:14:59 | Mask: [1.0, 0.0, 1.0, 0.0, 0.0] | Prob: 0.3473 | Attn: [0.528, 0.0, 0.472, 0.0, 0.0] | Ext: 69.2ms | Inf: 12.0ms | Total: 81.2ms
23:14:59 | Mask: [1.0, 0.0, 1.0, 0.0, 0.0] | Prob: 0.3452 | Attn: [0.528, 0.0, 0.472, 0.0, 0.0] | Ext: 69.2ms | Inf: 12.3ms | Total: 81.5ms
23:14:59 | Mask: [1.0, 0.0, 1.0, 0.0, 0.0] | Prob: 0.3437 | Attn: [0.528, 0.0, 0.472, 0.0, 0.0] | Ext: 69.2ms | Inf: 12.2ms | Total: 81.4ms
23:14:59 | Mask: [1.0, 0.0, 1.0, 0.0, 0.0] | Prob: 0.3426 | Attn: [0.528, 0.0, 0.472, 0.0, 0.0] | Ext: 69.2ms | Inf: 8.9ms | Total: 78.1ms
23:14:59 | Mask: [1.0, 0.0, 1.0, 0.0, 0.0] | Prob: 0.3419 | Attn: [0.528, 0.0, 0.472, 0.0, 0.0] | Ext: 69.2ms | Inf: 8.3ms | Total: 77.5ms
23:14:59 | Mask: [1.0, 0.0, 1.0, 0.0, 0.0] | Prob: 0.3414 | Attn: [0.528, 0.0, 0.472, 0.0, 0.0] | Ext: 69.2ms | Inf: 11.1ms | Total: 80.3ms
23:14:59 | Mask: [1.0, 0.0, 1.0, 0.0, 0.0] | Prob: 0.3773 | Attn: [0.539, 0.0, 0.461, 0.0, 0.0] | Ext: 69.2ms | Inf: 9.4ms | Total: 78.6ms
23:15:00 | Mask: [1.0, 0.0, 1.0, 0.0, 0.0] | Prob: 0.4025 | Attn: [0.539, 0.0, 0.461, 0.0, 0.0] | Ext: 69.2ms | Inf: 9.3ms | Total: 78.5ms
23:15:00 | Mask: [1.0, 0.0, 1.0, 0.0, 0.0] | Prob: 0.4201 | Attn: [0.539, 0.0, 0.461, 0.0, 0.0] | Ext: 69.2ms | Inf: 8.3ms | Total: 77.5ms
23:15:00 | Mask: [1.0, 0.0, 1.0, 0.0, 0.0] | Prob: 0.4324 | Attn: [0.539, 0.0, 0.461, 0.0, 0.0] | Ext: 69.2ms | Inf: 8.1ms | Total: 77.3ms
23:15:00 | Mask: [1.0, 0.0, 1.0, 0.0, 0.0] | Prob: 0.4411 | Attn: [0.539, 0.0, 0.461, 0.0, 0.0] | Ext: 69.2ms | Inf: 7.4ms | Total: 76.6ms
23:15:00 | Mask: [1.0, 0.0, 1.0, 0.0, 0.0] | Prob: 0.4471 | Attn: [0.539, 0.0, 0.461, 0.0, 0.0] | Ext: 69.2ms | Inf: 7.6ms | Total: 76.8ms
23:15:00 | Mask: [1.0, 0.0, 1.0, 0.0, 0.0] | Prob: 0.4513 | Attn: [0.539, 0.0, 0.461, 0.0, 0.0] | Ext: 69.2ms | Inf: 7.8ms | Total: 77.0ms
23:15:00 | Mask: [1.0, 0.0, 1.0, 0.0, 0.0] | Prob: 0.4543 | Attn: [0.539, 0.0, 0.461, 0.0, 0.0] | Ext: 69.2ms | Inf: 7.7ms | Total: 76.9ms
23:15:00 | Mask: [1.0, 0.0, 1.0, 0.0, 0.0] | Prob: 0.4564 | Attn: [0.539, 0.0, 0.461, 0.0, 0.0] | Ext: 69.2ms | Inf: 8.6ms | Total: 77.8ms
23:15:01 | Mask: [1.0, 0.0, 1.0, 0.0, 0.0] | Prob: 0.4578 | Attn: [0.539, 0.0, 0.461, 0.0, 0.0] | Ext: 69.2ms | Inf: 6.6ms | Total: 75.8ms
23:15:01 | Mask: [1.0, 0.0, 1.0, 0.0, 0.0] | Prob: 0.4588 | Attn: [0.539, 0.0, 0.461, 0.0, 0.0] | Ext: 69.2ms | Inf: 7.0ms | Total: 76.2ms
23:15:01 | Mask: [1.0, 0.0, 1.0, 0.0, 0.0] | Prob: 0.4595 | Attn: [0.539, 0.0, 0.461, 0.0, 0.0] | Ext: 69.2ms | Inf: 8.5ms | Total: 77.7ms
23:15:01 | Mask: [1.0, 0.0, 1.0, 0.0, 0.0] | Prob: 0.4600 | Attn: [0.539, 0.0, 0.461, 0.0, 0.0] | Ext: 69.2ms | Inf: 7.1ms | Total: 76.3ms
23:15:01 | Mask: [1.0, 0.0, 1.0, 0.0, 0.0] | Prob: 0.4604 | Attn: [0.539, 0.0, 0.461, 0.0, 0.0] | Ext: 69.2ms | Inf: 8.4ms | Total: 77.6ms
23:15:01 | Mask: [1.0, 0.0, 1.0, 0.0, 0.0] | Prob: 0.4606 | Attn: [0.539, 0.0, 0.461, 0.0, 0.0] | Ext: 69.2ms | Inf: 8.1ms | Total: 77.3ms
23:15:01 | Mask: [1.0, 0.0, 1.0, 0.0, 0.0] | Prob: 0.4150 | Attn: [0.5, 0.0, 0.5, 0.0, 0.0] | Ext: 47.2ms | Inf: 6.7ms | Total: 53.9ms
23:15:01 | Mask: [1.0, 0.0, 1.0, 0.0, 0.0] | Prob: 0.3830 | Attn: [0.5, 0.0, 0.5, 0.0, 0.0] | Ext: 47.2ms | Inf: 9.7ms | Total: 56.9ms
23:15:01 | Mask: [1.0, 0.0, 1.0, 0.0, 0.0] | Prob: 0.3606 | Attn: [0.5, 0.0, 0.5, 0.0, 0.0] | Ext: 47.2ms | Inf: 6.8ms | Total: 53.9ms
23:15:02 | Mask: [1.0, 0.0, 1.0, 0.0, 0.0] | Prob: 0.3449 | Attn: [0.5, 0.0, 0.5, 0.0, 0.0] | Ext: 47.2ms | Inf: 8.1ms | Total: 55.3ms
23:15:02 | Mask: [1.0, 0.0, 1.0, 0.0, 0.0] | Prob: 0.3340 | Attn: [0.5, 0.0, 0.5, 0.0, 0.0] | Ext: 47.2ms | Inf: 8.3ms | Total: 55.5ms
23:15:02 | Mask: [1.0, 0.0, 1.0, 0.0, 0.0] | Prob: 0.3263 | Attn: [0.5, 0.0, 0.5, 0.0, 0.0] | Ext: 47.2ms | Inf: 8.5ms | Total: 55.6ms
23:15:02 | Mask: [1.0, 0.0, 1.0, 0.0, 0.0] | Prob: 0.3209 | Attn: [0.5, 0.0, 0.5, 0.0, 0.0] | Ext: 47.2ms | Inf: 10.1ms | Total: 57.3ms
23:15:02 | Mask: [1.0, 0.0, 1.0, 0.0, 0.0] | Prob: 0.3171 | Attn: [0.5, 0.0, 0.5, 0.0, 0.0] | Ext: 47.2ms | Inf: 9.0ms | Total: 56.1ms
23:15:02 | Mask: [1.0, 0.0, 1.0, 0.0, 0.0] | Prob: 0.3145 | Attn: [0.5, 0.0, 0.5, 0.0, 0.0] | Ext: 47.2ms | Inf: 8.1ms | Total: 55.3ms
23:15:02 | Mask: [1.0, 0.0, 1.0, 0.0, 0.0] | Prob: 0.3138 | Attn: [0.435, 0.0, 0.565, 0.0, 0.0] | Ext: 47.2ms | Inf: 7.8ms | Total: 55.0ms
23:15:02 | Mask: [1.0, 0.0, 1.0, 0.0, 0.0] | Prob: 0.3133 | Attn: [0.435, 0.0, 0.565, 0.0, 0.0] | Ext: 47.2ms | Inf: 8.4ms | Total: 55.5ms
23:15:03 | Mask: [1.0, 0.0, 1.0, 0.0, 0.0] | Prob: 0.3130 | Attn: [0.435, 0.0, 0.565, 0.0, 0.0] | Ext: 47.2ms | Inf: 7.9ms | Total: 55.1ms
23:15:03 | Mask: [1.0, 0.0, 1.0, 0.0, 0.0] | Prob: 0.3128 | Attn: [0.435, 0.0, 0.565, 0.0, 0.0] | Ext: 47.2ms | Inf: 7.9ms | Total: 55.1ms
23:15:03 | Mask: [1.0, 0.0, 1.0, 0.0, 0.0] | Prob: 0.3126 | Attn: [0.435, 0.0, 0.565, 0.0, 0.0] | Ext: 47.2ms | Inf: 8.1ms | Total: 55.3ms
23:15:03 | Mask: [1.0, 0.0, 1.0, 0.0, 0.0] | Prob: 0.3125 | Attn: [0.435, 0.0, 0.565, 0.0, 0.0] | Ext: 47.2ms | Inf: 9.9ms | Total: 57.0ms
23:15:03 | Mask: [1.0, 0.0, 1.0, 0.0, 0.0] | Prob: 0.3124 | Attn: [0.435, 0.0, 0.565, 0.0, 0.0] | Ext: 47.2ms | Inf: 7.4ms | Total: 54.6ms
23:15:03 | Mask: [1.0, 0.0, 1.0, 0.0, 0.0] | Prob: 0.3124 | Attn: [0.435, 0.0, 0.565, 0.0, 0.0] | Ext: 47.2ms | Inf: 8.1ms | Total: 55.3ms
23:15:03 | Mask: [1.0, 0.0, 1.0, 0.0, 0.0] | Prob: 0.3123 | Attn: [0.435, 0.0, 0.565, 0.0, 0.0] | Ext: 47.2ms | Inf: 7.2ms | Total: 54.4ms
23:15:03 | Mask: [1.0, 0.0, 1.0, 0.0, 0.0] | Prob: 0.3123 | Attn: [0.435, 0.0, 0.565, 0.0, 0.0] | Ext: 47.2ms | Inf: 8.9ms | Total: 56.1ms
23:15:04 | Mask: [1.0, 0.0, 1.0, 0.0, 0.0] | Prob: 0.3123 | Attn: [0.435, 0.0, 0.565, 0.0, 0.0] | Ext: 47.2ms | Inf: 8.3ms | Total: 55.5ms
23:15:04 | Mask: [1.0, 0.0, 1.0, 0.0, 0.0] | Prob: 0.3123 | Attn: [0.435, 0.0, 0.565, 0.0, 0.0] | Ext: 47.2ms | Inf: 7.8ms | Total: 55.0ms
23:15:04 | Mask: [1.0, 0.0, 1.0, 0.0, 0.0] | Prob: 0.3123 | Attn: [0.435, 0.0, 0.565, 0.0, 0.0] | Ext: 47.2ms | Inf: 8.1ms | Total: 55.3ms
23:15:04 | Mask: [1.0, 0.0, 1.0, 0.0, 0.0] | Prob: 0.3123 | Attn: [0.435, 0.0, 0.565, 0.0, 0.0] | Ext: 47.2ms | Inf: 9.0ms | Total: 56.1ms
23:15:04 | Mask: [1.0, 0.0, 1.0, 0.0, 0.0] | Prob: 0.3122 | Attn: [0.435, 0.0, 0.565, 0.0, 0.0] | Ext: 47.2ms | Inf: 6.7ms | Total: 53.9ms
23:15:04 | Mask: [1.0, 0.0, 1.0, 0.0, 0.0] | Prob: 0.2968 | Attn: [0.47, 0.0, 0.53, 0.0, 0.0] | Ext: 53.2ms | Inf: 7.4ms | Total: 60.6ms
23:15:04 | Mask: [1.0, 0.0, 1.0, 0.0, 0.0] | Prob: 0.2860 | Attn: [0.47, 0.0, 0.53, 0.0, 0.0] | Ext: 53.2ms | Inf: 7.0ms | Total: 60.2ms
23:15:04 | Mask: [1.0, 0.0, 1.0, 0.0, 0.0] | Prob: 0.2784 | Attn: [0.47, 0.0, 0.53, 0.0, 0.0] | Ext: 53.2ms | Inf: 8.0ms | Total: 61.2ms
23:15:04 | Mask: [1.0, 0.0, 1.0, 0.0, 0.0] | Prob: 0.2732 | Attn: [0.47, 0.0, 0.53, 0.0, 0.0] | Ext: 53.2ms | Inf: 8.5ms | Total: 61.7ms
23:15:05 | Mask: [1.0, 0.0, 1.0, 0.0, 0.0] | Prob: 0.2694 | Attn: [0.47, 0.0, 0.53, 0.0, 0.0] | Ext: 53.2ms | Inf: 8.1ms | Total: 61.3ms
23:15:05 | Mask: [1.0, 0.0, 1.0, 0.0, 0.0] | Prob: 0.2668 | Attn: [0.47, 0.0, 0.53, 0.0, 0.0] | Ext: 53.2ms | Inf: 6.8ms | Total: 60.0ms
23:15:05 | Mask: [1.0, 0.0, 1.0, 0.0, 0.0] | Prob: 0.2650 | Attn: [0.47, 0.0, 0.53, 0.0, 0.0] | Ext: 53.2ms | Inf: 8.8ms | Total: 62.0ms
23:15:05 | Mask: [1.0, 0.0, 1.0, 0.0, 0.0] | Prob: 0.2638 | Attn: [0.47, 0.0, 0.53, 0.0, 0.0] | Ext: 53.2ms | Inf: 7.7ms | Total: 60.9ms
23:15:05 | Mask: [1.0, 0.0, 1.0, 0.0, 0.0] | Prob: 0.2629 | Attn: [0.47, 0.0, 0.53, 0.0, 0.0] | Ext: 53.2ms | Inf: 8.3ms | Total: 61.5ms
23:15:05 | Mask: [1.0, 0.0, 1.0, 0.0, 0.0] | Prob: 0.2780 | Attn: [0.523, 0.0, 0.477, 0.0, 0.0] | Ext: 53.2ms | Inf: 8.0ms | Total: 61.2ms
23:15:05 | Mask: [1.0, 0.0, 1.0, 0.0, 0.0] | Prob: 0.2886 | Attn: [0.523, 0.0, 0.477, 0.0, 0.0] | Ext: 53.2ms | Inf: 7.1ms | Total: 60.4ms
23:15:05 | Mask: [1.0, 0.0, 1.0, 0.0, 0.0] | Prob: 0.2961 | Attn: [0.523, 0.0, 0.477, 0.0, 0.0] | Ext: 53.2ms | Inf: 8.1ms | Total: 61.4ms
23:15:06 | Mask: [1.0, 0.0, 1.0, 0.0, 0.0] | Prob: 0.3013 | Attn: [0.523, 0.0, 0.477, 0.0, 0.0] | Ext: 53.2ms | Inf: 6.9ms | Total: 60.1ms
23:15:06 | Mask: [1.0, 0.0, 1.0, 0.0, 0.0] | Prob: 0.3049 | Attn: [0.523, 0.0, 0.477, 0.0, 0.0] | Ext: 53.2ms | Inf: 7.0ms | Total: 60.2ms
23:15:06 | Mask: [1.0, 0.0, 1.0, 0.0, 0.0] | Prob: 0.3075 | Attn: [0.523, 0.0, 0.477, 0.0, 0.0] | Ext: 53.2ms | Inf: 7.9ms | Total: 61.1ms
23:15:06 | Mask: [1.0, 0.0, 1.0, 0.0, 0.0] | Prob: 0.3092 | Attn: [0.523, 0.0, 0.477, 0.0, 0.0] | Ext: 53.2ms | Inf: 8.7ms | Total: 61.9ms
23:15:06 | Mask: [1.0, 0.0, 1.0, 0.0, 0.0] | Prob: 0.3105 | Attn: [0.523, 0.0, 0.477, 0.0, 0.0] | Ext: 53.2ms | Inf: 8.3ms | Total: 61.6ms
23:15:06 | Mask: [1.0, 0.0, 1.0, 0.0, 0.0] | Prob: 0.3114 | Attn: [0.523, 0.0, 0.477, 0.0, 0.0] | Ext: 53.2ms | Inf: 8.2ms | Total: 61.4ms
23:15:06 | Mask: [1.0, 0.0, 1.0, 0.0, 0.0] | Prob: 0.3120 | Attn: [0.523, 0.0, 0.477, 0.0, 0.0] | Ext: 53.2ms | Inf: 8.3ms | Total: 61.5ms
23:15:06 | Mask: [1.0, 0.0, 1.0, 0.0, 0.0] | Prob: 0.3124 | Attn: [0.523, 0.0, 0.477, 0.0, 0.0] | Ext: 53.2ms | Inf: 8.2ms | Total: 61.4ms
23:15:07 | Mask: [1.0, 0.0, 1.0, 0.0, 0.0] | Prob: 0.3127 | Attn: [0.523, 0.0, 0.477, 0.0, 0.0] | Ext: 53.2ms | Inf: 7.7ms | Total: 60.9ms
23:15:07 | Mask: [1.0, 0.0, 1.0, 0.0, 0.0] | Prob: 0.3129 | Attn: [0.523, 0.0, 0.477, 0.0, 0.0] | Ext: 53.2ms | Inf: 9.0ms | Total: 62.2ms
23:15:07 | Mask: [1.0, 0.0, 1.0, 0.0, 0.0] | Prob: 0.3131 | Attn: [0.523, 0.0, 0.477, 0.0, 0.0] | Ext: 53.2ms | Inf: 9.0ms | Total: 62.2ms
23:15:07 | Mask: [1.0, 0.0, 1.0, 0.0, 0.0] | Prob: 0.3132 | Attn: [0.523, 0.0, 0.477, 0.0, 0.0] | Ext: 53.2ms | Inf: 8.0ms | Total: 61.2ms
23:15:07 | Mask: [1.0, 0.0, 1.0, 0.0, 0.0] | Prob: 0.3132 | Attn: [0.523, 0.0, 0.477, 0.0, 0.0] | Ext: 53.2ms | Inf: 7.8ms | Total: 61.0ms
23:15:07 | Mask: [1.0, 0.0, 1.0, 0.0, 0.0] | Prob: 0.3937 | Attn: [0.438, 0.0, 0.562, 0.0, 0.0] | Ext: 45.1ms | Inf: 7.0ms | Total: 52.1ms
23:15:07 | Mask: [1.0, 0.0, 1.0, 0.0, 0.0] | Prob: 0.4500 | Attn: [0.438, 0.0, 0.562, 0.0, 0.0] | Ext: 45.1ms | Inf: 6.6ms | Total: 51.8ms
23:15:07 | Mask: [1.0, 0.0, 1.0, 0.0, 0.0] | Prob: 0.4894 | Attn: [0.438, 0.0, 0.562, 0.0, 0.0] | Ext: 45.1ms | Inf: 8.0ms | Total: 53.2ms
23:15:07 | Mask: [1.0, 0.0, 1.0, 0.0, 0.0] | Prob: 0.5170 | Attn: [0.438, 0.0, 0.562, 0.0, 0.0] | Ext: 45.1ms | Inf: 8.6ms | Total: 53.7ms
23:15:08 | Mask: [1.0, 0.0, 1.0, 0.0, 0.0] | Prob: 0.5363 | Attn: [0.438, 0.0, 0.562, 0.0, 0.0] | Ext: 45.1ms | Inf: 7.6ms | Total: 52.8ms
23:15:08 | Mask: [1.0, 0.0, 1.0, 0.0, 0.0] | Prob: 0.5498 | Attn: [0.438, 0.0, 0.562, 0.0, 0.0] | Ext: 45.1ms | Inf: 9.2ms | Total: 54.3ms
23:15:08 | Mask: [1.0, 0.0, 1.0, 0.0, 0.0] | Prob: 0.5593 | Attn: [0.438, 0.0, 0.562, 0.0, 0.0] | Ext: 45.1ms | Inf: 8.8ms | Total: 53.9ms
23:15:08 | Mask: [1.0, 0.0, 1.0, 0.0, 0.0] | Prob: 0.5659 | Attn: [0.438, 0.0, 0.562, 0.0, 0.0] | Ext: 45.1ms | Inf: 8.7ms | Total: 53.8ms
23:15:08 | Mask: [1.0, 0.0, 1.0, 0.0, 0.0] | Prob: 0.5705 | Attn: [0.438, 0.0, 0.562, 0.0, 0.0] | Ext: 45.1ms | Inf: 7.8ms | Total: 53.0ms
23:15:08 | Mask: [1.0, 0.0, 1.0, 0.0, 0.0] | Prob: 0.5931 | Attn: [0.477, 0.0, 0.523, 0.0, 0.0] | Ext: 45.1ms | Inf: 8.3ms | Total: 53.5ms
23:15:08 | Mask: [1.0, 0.0, 1.0, 0.0, 0.0] | Prob: 0.6089 | Attn: [0.477, 0.0, 0.523, 0.0, 0.0] | Ext: 45.1ms | Inf: 7.8ms | Total: 52.9ms
23:15:08 | Mask: [1.0, 0.0, 1.0, 0.0, 0.0] | Prob: 0.6200 | Attn: [0.477, 0.0, 0.523, 0.0, 0.0] | Ext: 45.1ms | Inf: 8.3ms | Total: 53.5ms
23:15:09 | Mask: [1.0, 0.0, 1.0, 0.0, 0.0] | Prob: 0.6277 | Attn: [0.477, 0.0, 0.523, 0.0, 0.0] | Ext: 45.1ms | Inf: 7.9ms | Total: 53.0ms
23:15:09 | Mask: [1.0, 0.0, 1.0, 0.0, 0.0] | Prob: 0.6332 | Attn: [0.477, 0.0, 0.523, 0.0, 0.0] | Ext: 45.1ms | Inf: 9.6ms | Total: 54.7ms
23:15:09 | Mask: [1.0, 0.0, 1.0, 0.0, 0.0] | Prob: 0.6370 | Attn: [0.477, 0.0, 0.523, 0.0, 0.0] | Ext: 45.1ms | Inf: 7.7ms | Total: 52.9ms
23:15:09 | Mask: [1.0, 0.0, 1.0, 0.0, 0.0] | Prob: 0.6396 | Attn: [0.477, 0.0, 0.523, 0.0, 0.0] | Ext: 45.1ms | Inf: 10.1ms | Total: 55.3ms
23:15:09 | Mask: [1.0, 0.0, 1.0, 0.0, 0.0] | Prob: 0.6415 | Attn: [0.477, 0.0, 0.523, 0.0, 0.0] | Ext: 45.1ms | Inf: 8.9ms | Total: 54.1ms
23:15:09 | Mask: [1.0, 0.0, 1.0, 0.0, 0.0] | Prob: 0.6428 | Attn: [0.477, 0.0, 0.523, 0.0, 0.0] | Ext: 45.1ms | Inf: 8.6ms | Total: 53.7ms
23:15:09 | Mask: [1.0, 0.0, 1.0, 0.0, 0.0] | Prob: 0.6437 | Attn: [0.477, 0.0, 0.523, 0.0, 0.0] | Ext: 45.1ms | Inf: 7.3ms | Total: 52.4ms
23:15:09 | Mask: [1.0, 0.0, 1.0, 0.0, 0.0] | Prob: 0.6443 | Attn: [0.477, 0.0, 0.523, 0.0, 0.0] | Ext: 45.1ms | Inf: 7.3ms | Total: 52.5ms
23:15:10 | Mask: [1.0, 0.0, 1.0, 0.0, 0.0] | Prob: 0.6448 | Attn: [0.477, 0.0, 0.523, 0.0, 0.0] | Ext: 45.1ms | Inf: 8.9ms | Total: 54.0ms
23:15:10 | Mask: [1.0, 0.0, 1.0, 0.0, 0.0] | Prob: 0.6451 | Attn: [0.477, 0.0, 0.523, 0.0, 0.0] | Ext: 45.1ms | Inf: 8.5ms | Total: 53.6ms
23:15:10 | Mask: [1.0, 0.0, 1.0, 0.0, 0.0] | Prob: 0.6453 | Attn: [0.477, 0.0, 0.523, 0.0, 0.0] | Ext: 45.1ms | Inf: 8.2ms | Total: 53.3ms
23:15:10 | Mask: [1.0, 0.0, 1.0, 0.0, 0.0] | Prob: 0.6455 | Attn: [0.477, 0.0, 0.523, 0.0, 0.0] | Ext: 45.1ms | Inf: 7.9ms | Total: 53.0ms
23:15:10 | Mask: [1.0, 0.0, 1.0, 0.0, 0.0] | Prob: 0.5828 | Attn: [0.275, 0.0, 0.725, 0.0, 0.0] | Ext: 46.6ms | Inf: 8.1ms | Total: 54.7ms
23:15:10 | Mask: [1.0, 0.0, 1.0, 0.0, 0.0] | Prob: 0.5390 | Attn: [0.275, 0.0, 0.725, 0.0, 0.0] | Ext: 46.6ms | Inf: 7.3ms | Total: 53.9ms
23:15:10 | Mask: [1.0, 0.0, 1.0, 0.0, 0.0] | Prob: 0.5083 | Attn: [0.275, 0.0, 0.725, 0.0, 0.0] | Ext: 46.6ms | Inf: 7.9ms | Total: 54.5ms
23:15:10 | Mask: [1.0, 0.0, 1.0, 0.0, 0.0] | Prob: 0.4868 | Attn: [0.275, 0.0, 0.725, 0.0, 0.0] | Ext: 46.6ms | Inf: 9.0ms | Total: 55.6ms
23:15:10 | Mask: [1.0, 0.0, 1.0, 0.0, 0.0] | Prob: 0.4718 | Attn: [0.275, 0.0, 0.725, 0.0, 0.0] | Ext: 46.6ms | Inf: 8.9ms | Total: 55.4ms
23:15:11 | Mask: [1.0, 0.0, 1.0, 0.0, 0.0] | Prob: 0.4612 | Attn: [0.275, 0.0, 0.725, 0.0, 0.0] | Ext: 46.6ms | Inf: 8.8ms | Total: 55.4ms
23:15:11 | Mask: [1.0, 0.0, 1.0, 0.0, 0.0] | Prob: 0.4539 | Attn: [0.275, 0.0, 0.725, 0.0, 0.0] | Ext: 46.6ms | Inf: 8.3ms | Total: 54.9ms
23:15:11 | Mask: [1.0, 0.0, 1.0, 0.0, 0.0] | Prob: 0.4487 | Attn: [0.275, 0.0, 0.725, 0.0, 0.0] | Ext: 46.6ms | Inf: 7.9ms | Total: 54.5ms
23:15:11 | Mask: [1.0, 0.0, 1.0, 0.0, 0.0] | Prob: 0.4451 | Attn: [0.275, 0.0, 0.725, 0.0, 0.0] | Ext: 46.6ms | Inf: 7.1ms | Total: 53.7ms
23:15:11 | Mask: [1.0, 0.0, 1.0, 0.0, 0.0] | Prob: 0.4262 | Attn: [0.348, 0.0, 0.652, 0.0, 0.0] | Ext: 46.6ms | Inf: 9.0ms | Total: 55.5ms
23:15:11 | Mask: [1.0, 0.0, 1.0, 0.0, 0.0] | Prob: 0.4130 | Attn: [0.348, 0.0, 0.652, 0.0, 0.0] | Ext: 46.6ms | Inf: 8.2ms | Total: 54.8ms
23:15:11 | Mask: [1.0, 0.0, 1.0, 0.0, 0.0] | Prob: 0.4037 | Attn: [0.348, 0.0, 0.652, 0.0, 0.0] | Ext: 46.6ms | Inf: 8.6ms | Total: 55.1ms
23:15:11 | Mask: [1.0, 0.0, 1.0, 0.0, 0.0] | Prob: 0.3972 | Attn: [0.348, 0.0, 0.652, 0.0, 0.0] | Ext: 46.6ms | Inf: 7.6ms | Total: 54.2ms
23:15:12 | Mask: [1.0, 0.0, 1.0, 0.0, 0.0] | Prob: 0.3927 | Attn: [0.348, 0.0, 0.652, 0.0, 0.0] | Ext: 46.6ms | Inf: 8.5ms | Total: 55.1ms
23:15:12 | Mask: [1.0, 0.0, 1.0, 0.0, 0.0] | Prob: 0.3895 | Attn: [0.348, 0.0, 0.652, 0.0, 0.0] | Ext: 46.6ms | Inf: 7.7ms | Total: 54.3ms
23:15:12 | Mask: [1.0, 0.0, 1.0, 0.0, 0.0] | Prob: 0.3873 | Attn: [0.348, 0.0, 0.652, 0.0, 0.0] | Ext: 46.6ms | Inf: 8.1ms | Total: 54.6ms
23:15:12 | Mask: [1.0, 0.0, 1.0, 0.0, 0.0] | Prob: 0.3858 | Attn: [0.348, 0.0, 0.652, 0.0, 0.0] | Ext: 46.6ms | Inf: 8.1ms | Total: 54.7ms
23:15:12 | Mask: [1.0, 0.0, 1.0, 0.0, 0.0] | Prob: 0.3847 | Attn: [0.348, 0.0, 0.652, 0.0, 0.0] | Ext: 46.6ms | Inf: 7.6ms | Total: 54.1ms
23:15:12 | Mask: [1.0, 0.0, 1.0, 0.0, 0.0] | Prob: 0.3839 | Attn: [0.348, 0.0, 0.652, 0.0, 0.0] | Ext: 46.6ms | Inf: 7.7ms | Total: 54.3ms
23:15:12 | Mask: [1.0, 0.0, 1.0, 0.0, 0.0] | Prob: 0.3834 | Attn: [0.348, 0.0, 0.652, 0.0, 0.0] | Ext: 46.6ms | Inf: 6.5ms | Total: 53.0ms
23:15:12 | Mask: [1.0, 0.0, 1.0, 0.0, 0.0] | Prob: 0.3830 | Attn: [0.348, 0.0, 0.652, 0.0, 0.0] | Ext: 46.6ms | Inf: 7.7ms | Total: 54.2ms
23:15:13 | Mask: [1.0, 0.0, 1.0, 0.0, 0.0] | Prob: 0.3827 | Attn: [0.348, 0.0, 0.652, 0.0, 0.0] | Ext: 46.6ms | Inf: 8.4ms | Total: 54.9ms
23:15:13 | Mask: [1.0, 0.0, 1.0, 0.0, 0.0] | Prob: 0.3826 | Attn: [0.348, 0.0, 0.652, 0.0, 0.0] | Ext: 46.6ms | Inf: 8.8ms | Total: 55.3ms
23:15:13 | Mask: [1.0, 0.0, 1.0, 0.0, 0.0] | Prob: 0.3824 | Attn: [0.348, 0.0, 0.652, 0.0, 0.0] | Ext: 46.6ms | Inf: 8.0ms | Total: 54.6ms
23:15:13 | Mask: [1.0, 0.0, 1.0, 0.0, 0.0] | Prob: 0.3823 | Attn: [0.348, 0.0, 0.652, 0.0, 0.0] | Ext: 46.6ms | Inf: 8.4ms | Total: 54.9ms
23:15:13 | Mask: [1.0, 0.0, 1.0, 0.0, 0.0] | Prob: 0.3109 | Attn: [0.413, 0.0, 0.587, 0.0, 0.0] | Ext: 46.5ms | Inf: 7.6ms | Total: 54.1ms
23:15:13 | Mask: [1.0, 0.0, 1.0, 0.0, 0.0] | Prob: 0.2609 | Attn: [0.413, 0.0, 0.587, 0.0, 0.0] | Ext: 46.5ms | Inf: 7.9ms | Total: 54.4ms
23:15:13 | Mask: [1.0, 0.0, 1.0, 0.0, 0.0] | Prob: 0.2258 | Attn: [0.413, 0.0, 0.587, 0.0, 0.0] | Ext: 46.5ms | Inf: 7.1ms | Total: 53.6ms
23:15:13 | Mask: [1.0, 0.0, 1.0, 0.0, 0.0] | Prob: 0.2013 | Attn: [0.413, 0.0, 0.587, 0.0, 0.0] | Ext: 46.5ms | Inf: 7.5ms | Total: 54.1ms
23:15:13 | Mask: [1.0, 0.0, 1.0, 0.0, 0.0] | Prob: 0.1842 | Attn: [0.413, 0.0, 0.587, 0.0, 0.0] | Ext: 46.5ms | Inf: 7.8ms | Total: 54.4ms
23:15:14 | Mask: [1.0, 0.0, 1.0, 0.0, 0.0] | Prob: 0.1722 | Attn: [0.413, 0.0, 0.587, 0.0, 0.0] | Ext: 46.5ms | Inf: 7.2ms | Total: 53.8ms
23:15:14 | Mask: [1.0, 0.0, 1.0, 0.0, 0.0] | Prob: 0.1638 | Attn: [0.413, 0.0, 0.587, 0.0, 0.0] | Ext: 46.5ms | Inf: 6.9ms | Total: 53.4ms
23:15:14 | Mask: [1.0, 0.0, 1.0, 0.0, 0.0] | Prob: 0.1579 | Attn: [0.413, 0.0, 0.587, 0.0, 0.0] | Ext: 46.5ms | Inf: 8.2ms | Total: 54.8ms
23:15:14 | Mask: [1.0, 0.0, 1.0, 0.0, 0.0] | Prob: 0.1538 | Attn: [0.413, 0.0, 0.587, 0.0, 0.0] | Ext: 46.5ms | Inf: 7.9ms | Total: 54.5ms
23:15:14 | Mask: [1.0, 0.0, 1.0, 0.0, 0.0] | Prob: 0.1702 | Attn: [0.474, 0.0, 0.526, 0.0, 0.0] | Ext: 46.5ms | Inf: 7.4ms | Total: 53.9ms
23:15:14 | Mask: [1.0, 0.0, 1.0, 0.0, 0.0] | Prob: 0.1816 | Attn: [0.474, 0.0, 0.526, 0.0, 0.0] | Ext: 46.5ms | Inf: 6.9ms | Total: 53.4ms
23:15:14 | Mask: [1.0, 0.0, 1.0, 0.0, 0.0] | Prob: 0.1897 | Attn: [0.474, 0.0, 0.526, 0.0, 0.0] | Ext: 46.5ms | Inf: 9.5ms | Total: 56.0ms
23:15:14 | Mask: [1.0, 0.0, 1.0, 0.0, 0.0] | Prob: 0.1953 | Attn: [0.474, 0.0, 0.526, 0.0, 0.0] | Ext: 46.5ms | Inf: 9.5ms | Total: 56.1ms
23:15:15 | Mask: [1.0, 0.0, 1.0, 0.0, 0.0] | Prob: 0.1992 | Attn: [0.474, 0.0, 0.526, 0.0, 0.0] | Ext: 46.5ms | Inf: 9.4ms | Total: 55.9ms
23:15:15 | Mask: [1.0, 0.0, 1.0, 0.0, 0.0] | Prob: 0.2020 | Attn: [0.474, 0.0, 0.526, 0.0, 0.0] | Ext: 46.5ms | Inf: 8.5ms | Total: 55.0ms
23:15:15 | Mask: [1.0, 0.0, 1.0, 0.0, 0.0] | Prob: 0.2039 | Attn: [0.474, 0.0, 0.526, 0.0, 0.0] | Ext: 46.5ms | Inf: 7.5ms | Total: 54.0ms
23:15:15 | Mask: [1.0, 0.0, 1.0, 0.0, 0.0] | Prob: 0.2053 | Attn: [0.474, 0.0, 0.526, 0.0, 0.0] | Ext: 46.5ms | Inf: 7.5ms | Total: 54.1ms
23:15:15 | Mask: [1.0, 0.0, 1.0, 0.0, 0.0] | Prob: 0.2062 | Attn: [0.474, 0.0, 0.526, 0.0, 0.0] | Ext: 46.5ms | Inf: 7.9ms | Total: 54.4ms
23:15:15 | Mask: [1.0, 0.0, 1.0, 0.0, 0.0] | Prob: 0.2069 | Attn: [0.474, 0.0, 0.526, 0.0, 0.0] | Ext: 46.5ms | Inf: 8.9ms | Total: 55.4ms
23:15:15 | Mask: [1.0, 0.0, 1.0, 0.0, 0.0] | Prob: 0.2073 | Attn: [0.474, 0.0, 0.526, 0.0, 0.0] | Ext: 46.5ms | Inf: 8.6ms | Total: 55.1ms
23:15:15 | Mask: [1.0, 0.0, 1.0, 0.0, 0.0] | Prob: 0.2077 | Attn: [0.474, 0.0, 0.526, 0.0, 0.0] | Ext: 46.5ms | Inf: 9.9ms | Total: 56.4ms
23:15:16 | Mask: [1.0, 0.0, 1.0, 0.0, 0.0] | Prob: 0.2079 | Attn: [0.474, 0.0, 0.526, 0.0, 0.0] | Ext: 46.5ms | Inf: 10.5ms | Total: 57.0ms
23:15:16 | Mask: [1.0, 0.0, 1.0, 0.0, 0.0] | Prob: 0.2081 | Attn: [0.474, 0.0, 0.526, 0.0, 0.0] | Ext: 46.5ms | Inf: 8.1ms | Total: 54.6ms
23:15:16 | Mask: [1.0, 0.0, 1.0, 0.0, 0.0] | Prob: 0.2082 | Attn: [0.474, 0.0, 0.526, 0.0, 0.0] | Ext: 46.5ms | Inf: 7.8ms | Total: 54.4ms
23:15:16 | Mask: [1.0, 0.0, 1.0, 0.0, 0.0] | Prob: 0.2082 | Attn: [0.474, 0.0, 0.526, 0.0, 0.0] | Ext: 47.2ms | Inf: 7.8ms | Total: 55.0ms
23:15:16 | Mask: [1.0, 0.0, 1.0, 0.0, 0.0] | Prob: 0.2058 | Attn: [0.476, 0.0, 0.524, 0.0, 0.0] | Ext: 47.2ms | Inf: 7.1ms | Total: 54.3ms
23:15:16 | Mask: [1.0, 0.0, 1.0, 0.0, 0.0] | Prob: 0.2042 | Attn: [0.476, 0.0, 0.524, 0.0, 0.0] | Ext: 47.2ms | Inf: 8.0ms | Total: 55.2ms
23:15:16 | Mask: [1.0, 0.0, 1.0, 0.0, 0.0] | Prob: 0.2030 | Attn: [0.476, 0.0, 0.524, 0.0, 0.0] | Ext: 47.2ms | Inf: 8.0ms | Total: 55.1ms
23:15:16 | Mask: [1.0, 0.0, 1.0, 0.0, 0.0] | Prob: 0.2022 | Attn: [0.476, 0.0, 0.524, 0.0, 0.0] | Ext: 47.2ms | Inf: 7.0ms | Total: 54.2ms
23:15:16 | Mask: [1.0, 0.0, 1.0, 0.0, 0.0] | Prob: 0.2016 | Attn: [0.476, 0.0, 0.524, 0.0, 0.0] | Ext: 47.2ms | Inf: 8.2ms | Total: 55.3ms
23:15:17 | Mask: [1.0, 0.0, 1.0, 0.0, 0.0] | Prob: 0.2012 | Attn: [0.476, 0.0, 0.524, 0.0, 0.0] | Ext: 47.2ms | Inf: 8.2ms | Total: 55.4ms
23:15:17 | Mask: [1.0, 0.0, 1.0, 0.0, 0.0] | Prob: 0.2009 | Attn: [0.476, 0.0, 0.524, 0.0, 0.0] | Ext: 47.2ms | Inf: 6.8ms | Total: 54.0ms
23:15:17 | Mask: [1.0, 0.0, 1.0, 0.0, 0.0] | Prob: 0.2007 | Attn: [0.476, 0.0, 0.524, 0.0, 0.0] | Ext: 47.2ms | Inf: 6.8ms | Total: 54.0ms
23:15:17 | Mask: [1.0, 0.0, 1.0, 0.0, 0.0] | Prob: 0.2006 | Attn: [0.476, 0.0, 0.524, 0.0, 0.0] | Ext: 47.2ms | Inf: 8.0ms | Total: 55.2ms
23:15:17 | Mask: [1.0, 0.0, 1.0, 0.0, 0.0] | Prob: 0.1802 | Attn: [0.58, 0.0, 0.42, 0.0, 0.0] | Ext: 47.2ms | Inf: 7.9ms | Total: 55.0ms
23:15:17 | Mask: [1.0, 0.0, 1.0, 0.0, 0.0] | Prob: 0.1659 | Attn: [0.58, 0.0, 0.42, 0.0, 0.0] | Ext: 47.2ms | Inf: 8.2ms | Total: 55.4ms
23:15:17 | Mask: [1.0, 0.0, 1.0, 0.0, 0.0] | Prob: 0.1560 | Attn: [0.58, 0.0, 0.42, 0.0, 0.0] | Ext: 47.2ms | Inf: 7.5ms | Total: 54.7ms
23:15:17 | Mask: [1.0, 0.0, 1.0, 0.0, 0.0] | Prob: 0.1490 | Attn: [0.58, 0.0, 0.42, 0.0, 0.0] | Ext: 47.2ms | Inf: 7.8ms | Total: 54.9ms
23:15:18 | Mask: [1.0, 0.0, 1.0, 0.0, 0.0] | Prob: 0.1441 | Attn: [0.58, 0.0, 0.42, 0.0, 0.0] | Ext: 47.2ms | Inf: 7.0ms | Total: 54.2ms
23:15:18 | Mask: [1.0, 0.0, 1.0, 0.0, 0.0] | Prob: 0.1407 | Attn: [0.58, 0.0, 0.42, 0.0, 0.0] | Ext: 47.2ms | Inf: 6.6ms | Total: 53.8ms
23:15:18 | Mask: [1.0, 0.0, 1.0, 0.0, 0.0] | Prob: 0.1383 | Attn: [0.58, 0.0, 0.42, 0.0, 0.0] | Ext: 47.2ms | Inf: 7.3ms | Total: 54.4ms
23:15:18 | Mask: [1.0, 0.0, 1.0, 0.0, 0.0] | Prob: 0.1366 | Attn: [0.58, 0.0, 0.42, 0.0, 0.0] | Ext: 47.2ms | Inf: 7.7ms | Total: 54.8ms
23:15:18 | Mask: [1.0, 0.0, 1.0, 0.0, 0.0] | Prob: 0.1354 | Attn: [0.58, 0.0, 0.42, 0.0, 0.0] | Ext: 47.2ms | Inf: 7.4ms | Total: 54.6ms
23:15:18 | Mask: [1.0, 0.0, 1.0, 0.0, 0.0] | Prob: 0.1346 | Attn: [0.58, 0.0, 0.42, 0.0, 0.0] | Ext: 47.2ms | Inf: 7.8ms | Total: 54.9ms
23:15:18 | Mask: [1.0, 0.0, 1.0, 0.0, 0.0] | Prob: 0.1340 | Attn: [0.58, 0.0, 0.42, 0.0, 0.0] | Ext: 47.2ms | Inf: 8.6ms | Total: 55.8ms
23:15:18 | Mask: [1.0, 0.0, 1.0, 0.0, 0.0] | Prob: 0.1336 | Attn: [0.58, 0.0, 0.42, 0.0, 0.0] | Ext: 47.2ms | Inf: 8.0ms | Total: 55.2ms
23:15:18 | Mask: [1.0, 0.0, 1.0, 0.0, 0.0] | Prob: 0.1333 | Attn: [0.58, 0.0, 0.42, 0.0, 0.0] | Ext: 47.2ms | Inf: 6.9ms | Total: 54.1ms
23:15:19 | Mask: [1.0, 0.0, 1.0, 0.0, 0.0] | Prob: 0.1331 | Attn: [0.58, 0.0, 0.42, 0.0, 0.0] | Ext: 47.2ms | Inf: 8.9ms | Total: 56.1ms
23:15:19 | Mask: [1.0, 0.0, 1.0, 0.0, 0.0] | Prob: 0.1330 | Attn: [0.58, 0.0, 0.42, 0.0, 0.0] | Ext: 47.2ms | Inf: 9.1ms | Total: 56.2ms
23:15:19 | Mask: [1.0, 0.0, 1.0, 0.0, 0.0] | Prob: 0.2205 | Attn: [0.51, 0.0, 0.49, 0.0, 0.0] | Ext: 50.4ms | Inf: 7.6ms | Total: 58.0ms
23:15:19 | Mask: [1.0, 0.0, 1.0, 0.0, 0.0] | Prob: 0.2817 | Attn: [0.51, 0.0, 0.49, 0.0, 0.0] | Ext: 50.4ms | Inf: 7.9ms | Total: 58.3ms
23:15:19 | Mask: [1.0, 0.0, 1.0, 0.0, 0.0] | Prob: 0.3245 | Attn: [0.51, 0.0, 0.49, 0.0, 0.0] | Ext: 50.4ms | Inf: 8.2ms | Total: 58.6ms
23:15:19 | Mask: [1.0, 0.0, 1.0, 0.0, 0.0] | Prob: 0.3545 | Attn: [0.51, 0.0, 0.49, 0.0, 0.0] | Ext: 50.4ms | Inf: 6.8ms | Total: 57.1ms
23:15:19 | Mask: [1.0, 0.0, 1.0, 0.0, 0.0] | Prob: 0.3755 | Attn: [0.51, 0.0, 0.49, 0.0, 0.0] | Ext: 50.4ms | Inf: 7.7ms | Total: 58.0ms
23:15:19 | Mask: [1.0, 0.0, 1.0, 0.0, 0.0] | Prob: 0.3902 | Attn: [0.51, 0.0, 0.49, 0.0, 0.0] | Ext: 50.4ms | Inf: 7.9ms | Total: 58.2ms
23:15:20 | Mask: [1.0, 0.0, 1.0, 0.0, 0.0] | Prob: 0.4005 | Attn: [0.51, 0.0, 0.49, 0.0, 0.0] | Ext: 50.4ms | Inf: 10.3ms | Total: 60.7ms
23:15:20 | Mask: [1.0, 0.0, 1.0, 0.0, 0.0] | Prob: 0.4077 | Attn: [0.51, 0.0, 0.49, 0.0, 0.0] | Ext: 50.4ms | Inf: 8.6ms | Total: 58.9ms
23:15:20 | Mask: [1.0, 0.0, 1.0, 0.0, 0.0] | Prob: 0.4128 | Attn: [0.51, 0.0, 0.49, 0.0, 0.0] | Ext: 50.4ms | Inf: 8.0ms | Total: 58.3ms
23:15:20 | Mask: [1.0, 0.0, 1.0, 0.0, 0.0] | Prob: 0.4089 | Attn: [0.468, 0.0, 0.532, 0.0, 0.0] | Ext: 50.4ms | Inf: 7.2ms | Total: 57.6ms
23:15:20 | Mask: [1.0, 0.0, 1.0, 0.0, 0.0] | Prob: 0.4061 | Attn: [0.468, 0.0, 0.532, 0.0, 0.0] | Ext: 50.4ms | Inf: 7.4ms | Total: 57.8ms
23:15:20 | Mask: [1.0, 0.0, 1.0, 0.0, 0.0] | Prob: 0.4042 | Attn: [0.468, 0.0, 0.532, 0.0, 0.0] | Ext: 50.4ms | Inf: 8.7ms | Total: 59.1ms
23:15:20 | Mask: [1.0, 0.0, 1.0, 0.0, 0.0] | Prob: 0.4029 | Attn: [0.468, 0.0, 0.532, 0.0, 0.0] | Ext: 50.4ms | Inf: 8.1ms | Total: 58.5ms
23:15:20 | Mask: [1.0, 0.0, 1.0, 0.0, 0.0] | Prob: 0.4020 | Attn: [0.468, 0.0, 0.532, 0.0, 0.0] | Ext: 50.4ms | Inf: 8.5ms | Total: 58.8ms
23:15:21 | Mask: [1.0, 0.0, 1.0, 0.0, 0.0] | Prob: 0.4013 | Attn: [0.468, 0.0, 0.532, 0.0, 0.0] | Ext: 50.4ms | Inf: 7.8ms | Total: 58.2ms
23:15:21 | Mask: [1.0, 0.0, 1.0, 0.0, 0.0] | Prob: 0.4008 | Attn: [0.468, 0.0, 0.532, 0.0, 0.0] | Ext: 50.4ms | Inf: 8.5ms | Total: 58.8ms
23:15:21 | Mask: [1.0, 0.0, 1.0, 0.0, 0.0] | Prob: 0.4005 | Attn: [0.468, 0.0, 0.532, 0.0, 0.0] | Ext: 50.4ms | Inf: 7.4ms | Total: 57.8ms
23:15:21 | Mask: [1.0, 0.0, 1.0, 0.0, 0.0] | Prob: 0.4003 | Attn: [0.468, 0.0, 0.532, 0.0, 0.0] | Ext: 50.4ms | Inf: 8.4ms | Total: 58.7ms
23:15:21 | Mask: [1.0, 0.0, 1.0, 0.0, 0.0] | Prob: 0.4001 | Attn: [0.468, 0.0, 0.532, 0.0, 0.0] | Ext: 50.4ms | Inf: 6.9ms | Total: 57.2ms
23:15:21 | Mask: [1.0, 0.0, 1.0, 0.0, 0.0] | Prob: 0.4000 | Attn: [0.468, 0.0, 0.532, 0.0, 0.0] | Ext: 50.4ms | Inf: 6.6ms | Total: 57.0ms
23:15:21 | Mask: [1.0, 0.0, 1.0, 0.0, 0.0] | Prob: 0.4000 | Attn: [0.468, 0.0, 0.532, 0.0, 0.0] | Ext: 50.4ms | Inf: 8.3ms | Total: 58.7ms
23:15:21 | Mask: [1.0, 0.0, 1.0, 0.0, 0.0] | Prob: 0.3999 | Attn: [0.468, 0.0, 0.532, 0.0, 0.0] | Ext: 50.4ms | Inf: 7.5ms | Total: 57.8ms
23:15:21 | Mask: [1.0, 0.0, 1.0, 0.0, 0.0] | Prob: 0.3999 | Attn: [0.468, 0.0, 0.532, 0.0, 0.0] | Ext: 50.4ms | Inf: 8.5ms | Total: 58.9ms
23:15:22 | Mask: [1.0, 0.0, 1.0, 0.0, 0.0] | Prob: 0.3998 | Attn: [0.468, 0.0, 0.532, 0.0, 0.0] | Ext: 50.4ms | Inf: 9.1ms | Total: 59.4ms
23:15:22 | Mask: [1.0, 0.0, 1.0, 0.0, 0.0] | Prob: 0.3998 | Attn: [0.468, 0.0, 0.532, 0.0, 0.0] | Ext: 50.4ms | Inf: 7.7ms | Total: 58.1ms
23:15:22 | Mask: [1.0, 0.0, 1.0, 0.0, 0.0] | Prob: 0.3950 | Attn: [0.275, 0.0, 0.725, 0.0, 0.0] | Ext: 50.5ms | Inf: 7.6ms | Total: 58.1ms
23:15:22 | Mask: [1.0, 0.0, 1.0, 0.0, 0.0] | Prob: 0.3917 | Attn: [0.275, 0.0, 0.725, 0.0, 0.0] | Ext: 50.5ms | Inf: 7.6ms | Total: 58.2ms
23:15:22 | Mask: [1.0, 0.0, 1.0, 0.0, 0.0] | Prob: 0.3893 | Attn: [0.275, 0.0, 0.725, 0.0, 0.0] | Ext: 50.5ms | Inf: 8.4ms | Total: 58.9ms
23:15:22 | Mask: [1.0, 0.0, 1.0, 0.0, 0.0] | Prob: 0.3877 | Attn: [0.275, 0.0, 0.725, 0.0, 0.0] | Ext: 50.5ms | Inf: 9.0ms | Total: 59.5ms
23:15:22 | Mask: [1.0, 0.0, 1.0, 0.0, 0.0] | Prob: 0.3865 | Attn: [0.275, 0.0, 0.725, 0.0, 0.0] | Ext: 50.5ms | Inf: 9.6ms | Total: 60.2ms
23:15:22 | Mask: [1.0, 0.0, 1.0, 0.0, 0.0] | Prob: 0.3857 | Attn: [0.275, 0.0, 0.725, 0.0, 0.0] | Ext: 50.5ms | Inf: 7.8ms | Total: 58.3ms
23:15:23 | Mask: [1.0, 0.0, 1.0, 0.0, 0.0] | Prob: 0.3851 | Attn: [0.275, 0.0, 0.725, 0.0, 0.0] | Ext: 50.5ms | Inf: 7.6ms | Total: 58.2ms
23:15:23 | Mask: [1.0, 0.0, 1.0, 0.0, 0.0] | Prob: 0.3847 | Attn: [0.275, 0.0, 0.725, 0.0, 0.0] | Ext: 50.5ms | Inf: 7.6ms | Total: 58.2ms
23:15:23 | Mask: [1.0, 0.0, 1.0, 0.0, 0.0] | Prob: 0.3845 | Attn: [0.275, 0.0, 0.725, 0.0, 0.0] | Ext: 50.5ms | Inf: 8.2ms | Total: 58.7ms
23:15:23 | Mask: [1.0, 0.0, 1.0, 0.0, 0.0] | Prob: 0.3898 | Attn: [0.256, 0.0, 0.744, 0.0, 0.0] | Ext: 50.5ms | Inf: 6.7ms | Total: 57.2ms
23:15:23 | Mask: [1.0, 0.0, 1.0, 0.0, 0.0] | Prob: 0.3936 | Attn: [0.256, 0.0, 0.744, 0.0, 0.0] | Ext: 50.5ms | Inf: 7.6ms | Total: 58.1ms
23:15:23 | Mask: [1.0, 0.0, 1.0, 0.0, 0.0] | Prob: 0.3963 | Attn: [0.256, 0.0, 0.744, 0.0, 0.0] | Ext: 50.5ms | Inf: 7.9ms | Total: 58.4ms
23:15:23 | Mask: [1.0, 0.0, 1.0, 0.0, 0.0] | Prob: 0.3981 | Attn: [0.256, 0.0, 0.744, 0.0, 0.0] | Ext: 50.5ms | Inf: 7.5ms | Total: 58.0ms
23:15:23 | Mask: [1.0, 0.0, 1.0, 0.0, 0.0] | Prob: 0.3994 | Attn: [0.256, 0.0, 0.744, 0.0, 0.0] | Ext: 50.5ms | Inf: 8.6ms | Total: 59.1ms
23:15:24 | Mask: [1.0, 0.0, 1.0, 0.0, 0.0] | Prob: 0.4003 | Attn: [0.256, 0.0, 0.744, 0.0, 0.0] | Ext: 50.5ms | Inf: 6.9ms | Total: 57.5ms
23:15:24 | Mask: [1.0, 0.0, 1.0, 0.0, 0.0] | Prob: 0.4009 | Attn: [0.256, 0.0, 0.744, 0.0, 0.0] | Ext: 50.5ms | Inf: 8.0ms | Total: 58.6ms
23:15:24 | Mask: [1.0, 0.0, 1.0, 0.0, 0.0] | Prob: 0.4014 | Attn: [0.256, 0.0, 0.744, 0.0, 0.0] | Ext: 50.5ms | Inf: 8.4ms | Total: 58.9ms
23:15:24 | Mask: [1.0, 0.0, 1.0, 0.0, 0.0] | Prob: 0.4017 | Attn: [0.256, 0.0, 0.744, 0.0, 0.0] | Ext: 50.5ms | Inf: 8.1ms | Total: 58.6ms
23:15:24 | Mask: [1.0, 0.0, 1.0, 0.0, 0.0] | Prob: 0.4019 | Attn: [0.256, 0.0, 0.744, 0.0, 0.0] | Ext: 50.5ms | Inf: 8.8ms | Total: 59.3ms
23:15:24 | Mask: [1.0, 0.0, 1.0, 0.0, 0.0] | Prob: 0.4021 | Attn: [0.256, 0.0, 0.744, 0.0, 0.0] | Ext: 50.5ms | Inf: 8.5ms | Total: 59.0ms
23:15:24 | Mask: [1.0, 0.0, 1.0, 0.0, 0.0] | Prob: 0.4022 | Attn: [0.256, 0.0, 0.744, 0.0, 0.0] | Ext: 50.5ms | Inf: 7.5ms | Total: 58.1ms
23:15:24 | Mask: [1.0, 0.0, 1.0, 0.0, 0.0] | Prob: 0.4022 | Attn: [0.256, 0.0, 0.744, 0.0, 0.0] | Ext: 50.5ms | Inf: 8.1ms | Total: 58.7ms
23:15:24 | Mask: [1.0, 0.0, 1.0, 0.0, 0.0] | Prob: 0.4023 | Attn: [0.256, 0.0, 0.744, 0.0, 0.0] | Ext: 50.5ms | Inf: 9.3ms | Total: 59.8ms
23:15:25 | Mask: [1.0, 0.0, 1.0, 0.0, 0.0] | Prob: 0.4023 | Attn: [0.256, 0.0, 0.744, 0.0, 0.0] | Ext: 50.5ms | Inf: 8.4ms | Total: 58.9ms
23:15:25 | Mask: [1.0, 0.0, 1.0, 0.0, 0.0] | Prob: 0.3554 | Attn: [0.577, 0.0, 0.423, 0.0, 0.0] | Ext: 50.1ms | Inf: 7.9ms | Total: 58.0ms
23:15:25 | Mask: [1.0, 0.0, 1.0, 0.0, 0.0] | Prob: 0.3226 | Attn: [0.577, 0.0, 0.423, 0.0, 0.0] | Ext: 50.1ms | Inf: 8.2ms | Total: 58.3ms
23:15:25 | Mask: [1.0, 0.0, 1.0, 0.0, 0.0] | Prob: 0.2996 | Attn: [0.577, 0.0, 0.423, 0.0, 0.0] | Ext: 50.1ms | Inf: 7.9ms | Total: 58.1ms
23:15:25 | Mask: [1.0, 0.0, 1.0, 0.0, 0.0] | Prob: 0.2835 | Attn: [0.577, 0.0, 0.423, 0.0, 0.0] | Ext: 50.1ms | Inf: 8.3ms | Total: 58.5ms
23:15:25 | Mask: [1.0, 0.0, 1.0, 0.0, 0.0] | Prob: 0.2723 | Attn: [0.577, 0.0, 0.423, 0.0, 0.0] | Ext: 50.1ms | Inf: 7.0ms | Total: 57.2ms
23:15:25 | Mask: [1.0, 0.0, 1.0, 0.0, 0.0] | Prob: 0.2644 | Attn: [0.577, 0.0, 0.423, 0.0, 0.0] | Ext: 50.1ms | Inf: 8.5ms | Total: 58.6ms
23:15:25 | Mask: [1.0, 0.0, 1.0, 0.0, 0.0] | Prob: 0.2589 | Attn: [0.577, 0.0, 0.423, 0.0, 0.0] | Ext: 50.1ms | Inf: 9.8ms | Total: 60.0ms
23:15:26 | Mask: [1.0, 0.0, 1.0, 0.0, 0.0] | Prob: 0.2550 | Attn: [0.577, 0.0, 0.423, 0.0, 0.0] | Ext: 50.1ms | Inf: 9.3ms | Total: 59.4ms
23:15:26 | Mask: [1.0, 0.0, 1.0, 0.0, 0.0] | Prob: 0.2523 | Attn: [0.577, 0.0, 0.423, 0.0, 0.0] | Ext: 50.1ms | Inf: 9.2ms | Total: 59.3ms
23:15:26 | Mask: [1.0, 0.0, 1.0, 0.0, 0.0] | Prob: 0.2613 | Attn: [0.621, 0.0, 0.379, 0.0, 0.0] | Ext: 50.1ms | Inf: 8.7ms | Total: 58.9ms
23:15:26 | Mask: [1.0, 0.0, 1.0, 0.0, 0.0] | Prob: 0.2676 | Attn: [0.621, 0.0, 0.379, 0.0, 0.0] | Ext: 50.1ms | Inf: 8.3ms | Total: 58.5ms
23:15:26 | Mask: [1.0, 0.0, 1.0, 0.0, 0.0] | Prob: 0.2720 | Attn: [0.621, 0.0, 0.379, 0.0, 0.0] | Ext: 50.1ms | Inf: 9.0ms | Total: 59.2ms
23:15:26 | Mask: [1.0, 0.0, 1.0, 0.0, 0.0] | Prob: 0.2751 | Attn: [0.621, 0.0, 0.379, 0.0, 0.0] | Ext: 50.1ms | Inf: 8.7ms | Total: 58.8ms
23:15:26 | Mask: [1.0, 0.0, 1.0, 0.0, 0.0] | Prob: 0.2772 | Attn: [0.621, 0.0, 0.379, 0.0, 0.0] | Ext: 50.1ms | Inf: 8.1ms | Total: 58.3ms
23:15:26 | Mask: [1.0, 0.0, 1.0, 0.0, 0.0] | Prob: 0.2788 | Attn: [0.621, 0.0, 0.379, 0.0, 0.0] | Ext: 50.1ms | Inf: 8.1ms | Total: 58.3ms
23:15:27 | Mask: [1.0, 0.0, 1.0, 0.0, 0.0] | Prob: 0.2798 | Attn: [0.621, 0.0, 0.379, 0.0, 0.0] | Ext: 50.1ms | Inf: 6.8ms | Total: 56.9ms
23:15:27 | Mask: [1.0, 0.0, 1.0, 0.0, 0.0] | Prob: 0.2806 | Attn: [0.621, 0.0, 0.379, 0.0, 0.0] | Ext: 50.1ms | Inf: 7.6ms | Total: 57.7ms
23:15:27 | Mask: [1.0, 0.0, 1.0, 0.0, 0.0] | Prob: 0.2811 | Attn: [0.621, 0.0, 0.379, 0.0, 0.0] | Ext: 50.1ms | Inf: 8.3ms | Total: 58.4ms
23:15:27 | Mask: [1.0, 0.0, 1.0, 0.0, 0.0] | Prob: 0.2814 | Attn: [0.621, 0.0, 0.379, 0.0, 0.0] | Ext: 50.1ms | Inf: 7.7ms | Total: 57.9ms
23:15:27 | Mask: [1.0, 0.0, 1.0, 0.0, 0.0] | Prob: 0.2817 | Attn: [0.621, 0.0, 0.379, 0.0, 0.0] | Ext: 50.1ms | Inf: 8.4ms | Total: 58.6ms
23:15:27 | Mask: [1.0, 0.0, 1.0, 0.0, 0.0] | Prob: 0.2819 | Attn: [0.621, 0.0, 0.379, 0.0, 0.0] | Ext: 50.1ms | Inf: 8.6ms | Total: 58.8ms
23:15:27 | Mask: [1.0, 0.0, 1.0, 0.0, 0.0] | Prob: 0.2820 | Attn: [0.621, 0.0, 0.379, 0.0, 0.0] | Ext: 50.1ms | Inf: 8.3ms | Total: 58.4ms
23:15:27 | Mask: [1.0, 0.0, 1.0, 0.0, 0.0] | Prob: 0.2821 | Attn: [0.621, 0.0, 0.379, 0.0, 0.0] | Ext: 50.1ms | Inf: 7.4ms | Total: 57.5ms
23:15:27 | Mask: [1.0, 0.0, 1.0, 0.0, 0.0] | Prob: 0.2821 | Attn: [0.621, 0.0, 0.379, 0.0, 0.0] | Ext: 50.1ms | Inf: 9.3ms | Total: 59.4ms
23:15:28 | Mask: [1.0, 0.0, 1.0, 0.0, 0.0] | Prob: 0.2822 | Attn: [0.621, 0.0, 0.379, 0.0, 0.0] | Ext: 50.1ms | Inf: 7.2ms | Total: 57.4ms
23:15:28 | Mask: [1.0, 0.0, 1.0, 0.0, 0.0] | Prob: 0.3047 | Attn: [0.439, 0.0, 0.561, 0.0, 0.0] | Ext: 52.3ms | Inf: 6.7ms | Total: 58.9ms
23:15:28 | Mask: [1.0, 0.0, 1.0, 0.0, 0.0] | Prob: 0.3205 | Attn: [0.439, 0.0, 0.561, 0.0, 0.0] | Ext: 52.3ms | Inf: 8.3ms | Total: 60.6ms
23:15:28 | Mask: [1.0, 0.0, 1.0, 0.0, 0.0] | Prob: 0.3315 | Attn: [0.439, 0.0, 0.561, 0.0, 0.0] | Ext: 52.3ms | Inf: 7.8ms | Total: 60.1ms
23:15:28 | Mask: [1.0, 0.0, 1.0, 0.0, 0.0] | Prob: 0.3393 | Attn: [0.439, 0.0, 0.561, 0.0, 0.0] | Ext: 52.3ms | Inf: 11.2ms | Total: 63.5ms
23:15:28 | Mask: [1.0, 0.0, 1.0, 0.0, 0.0] | Prob: 0.3447 | Attn: [0.439, 0.0, 0.561, 0.0, 0.0] | Ext: 52.3ms | Inf: 8.4ms | Total: 60.6ms
23:15:28 | Mask: [1.0, 0.0, 1.0, 0.0, 0.0] | Prob: 0.3485 | Attn: [0.439, 0.0, 0.561, 0.0, 0.0] | Ext: 52.3ms | Inf: 7.9ms | Total: 60.2ms
23:15:28 | Mask: [1.0, 0.0, 1.0, 0.0, 0.0] | Prob: 0.3511 | Attn: [0.439, 0.0, 0.561, 0.0, 0.0] | Ext: 52.3ms | Inf: 8.8ms | Total: 61.1ms
23:15:29 | Mask: [1.0, 0.0, 1.0, 0.0, 0.0] | Prob: 0.3530 | Attn: [0.439, 0.0, 0.561, 0.0, 0.0] | Ext: 52.3ms | Inf: 8.9ms | Total: 61.2ms
23:15:29 | Mask: [1.0, 0.0, 1.0, 0.0, 0.0] | Prob: 0.3543 | Attn: [0.439, 0.0, 0.561, 0.0, 0.0] | Ext: 52.3ms | Inf: 8.4ms | Total: 60.7ms
23:15:29 | Mask: [1.0, 0.0, 1.0, 0.0, 0.0] | Prob: 0.3720 | Attn: [0.355, 0.0, 0.645, 0.0, 0.0] | Ext: 52.3ms | Inf: 7.8ms | Total: 60.1ms
23:15:29 | Mask: [1.0, 0.0, 1.0, 0.0, 0.0] | Prob: 0.3844 | Attn: [0.355, 0.0, 0.645, 0.0, 0.0] | Ext: 52.3ms | Inf: 7.9ms | Total: 60.2ms
23:15:29 | Mask: [1.0, 0.0, 1.0, 0.0, 0.0] | Prob: 0.3931 | Attn: [0.355, 0.0, 0.645, 0.0, 0.0] | Ext: 52.3ms | Inf: 7.1ms | Total: 59.4ms
23:15:29 | Mask: [1.0, 0.0, 1.0, 0.0, 0.0] | Prob: 0.3992 | Attn: [0.355, 0.0, 0.645, 0.0, 0.0] | Ext: 52.3ms | Inf: 7.4ms | Total: 59.7ms
23:15:29 | Mask: [1.0, 0.0, 1.0, 0.0, 0.0] | Prob: 0.4035 | Attn: [0.355, 0.0, 0.645, 0.0, 0.0] | Ext: 52.3ms | Inf: 9.1ms | Total: 61.4ms
23:15:29 | Mask: [1.0, 0.0, 1.0, 0.0, 0.0] | Prob: 0.4065 | Attn: [0.355, 0.0, 0.645, 0.0, 0.0] | Ext: 52.3ms | Inf: 8.1ms | Total: 60.4ms
23:15:30 | Mask: [1.0, 0.0, 1.0, 0.0, 0.0] | Prob: 0.4086 | Attn: [0.355, 0.0, 0.645, 0.0, 0.0] | Ext: 52.3ms | Inf: 7.9ms | Total: 60.2ms
23:15:30 | Mask: [1.0, 0.0, 1.0, 0.0, 0.0] | Prob: 0.4100 | Attn: [0.355, 0.0, 0.645, 0.0, 0.0] | Ext: 52.3ms | Inf: 7.4ms | Total: 59.7ms
23:15:30 | Mask: [1.0, 0.0, 1.0, 0.0, 0.0] | Prob: 0.4111 | Attn: [0.355, 0.0, 0.645, 0.0, 0.0] | Ext: 52.3ms | Inf: 6.4ms | Total: 58.7ms
23:15:30 | Mask: [1.0, 0.0, 1.0, 0.0, 0.0] | Prob: 0.4118 | Attn: [0.355, 0.0, 0.645, 0.0, 0.0] | Ext: 52.3ms | Inf: 6.5ms | Total: 58.8ms
23:15:30 | Mask: [1.0, 0.0, 1.0, 0.0, 0.0] | Prob: 0.4123 | Attn: [0.355, 0.0, 0.645, 0.0, 0.0] | Ext: 52.3ms | Inf: 7.6ms | Total: 59.9ms
23:15:30 | Mask: [1.0, 0.0, 1.0, 0.0, 0.0] | Prob: 0.4126 | Attn: [0.355, 0.0, 0.645, 0.0, 0.0] | Ext: 52.3ms | Inf: 7.0ms | Total: 59.3ms
23:15:30 | Mask: [1.0, 0.0, 1.0, 0.0, 0.0] | Prob: 0.4129 | Attn: [0.355, 0.0, 0.645, 0.0, 0.0] | Ext: 52.3ms | Inf: 7.7ms | Total: 60.0ms
23:15:30 | Mask: [1.0, 0.0, 1.0, 0.0, 0.0] | Prob: 0.4130 | Attn: [0.355, 0.0, 0.645, 0.0, 0.0] | Ext: 52.3ms | Inf: 8.1ms | Total: 60.4ms
23:15:30 | Mask: [1.0, 0.0, 1.0, 0.0, 0.0] | Prob: 0.4132 | Attn: [0.355, 0.0, 0.645, 0.0, 0.0] | Ext: 52.3ms | Inf: 7.0ms | Total: 59.3ms
23:15:31 | Mask: [1.0, 0.0, 1.0, 0.0, 0.0] | Prob: 0.4103 | Attn: [0.435, 0.0, 0.565, 0.0, 0.0] | Ext: 48.6ms | Inf: 7.8ms | Total: 56.4ms
23:15:31 | Mask: [1.0, 0.0, 1.0, 0.0, 0.0] | Prob: 0.4083 | Attn: [0.435, 0.0, 0.565, 0.0, 0.0] | Ext: 48.6ms | Inf: 9.1ms | Total: 57.7ms
23:15:31 | Mask: [1.0, 0.0, 1.0, 0.0, 0.0] | Prob: 0.4070 | Attn: [0.435, 0.0, 0.565, 0.0, 0.0] | Ext: 48.6ms | Inf: 6.7ms | Total: 55.3ms
23:15:31 | Mask: [1.0, 0.0, 1.0, 0.0, 0.0] | Prob: 0.4060 | Attn: [0.435, 0.0, 0.565, 0.0, 0.0] | Ext: 48.6ms | Inf: 7.0ms | Total: 55.6ms
23:15:31 | Mask: [1.0, 0.0, 1.0, 0.0, 0.0] | Prob: 0.4053 | Attn: [0.435, 0.0, 0.565, 0.0, 0.0] | Ext: 48.6ms | Inf: 6.6ms | Total: 55.2ms
23:15:31 | Mask: [1.0, 0.0, 1.0, 0.0, 0.0] | Prob: 0.4048 | Attn: [0.435, 0.0, 0.565, 0.0, 0.0] | Ext: 48.6ms | Inf: 8.3ms | Total: 56.9ms
23:15:31 | Mask: [1.0, 0.0, 1.0, 0.0, 0.0] | Prob: 0.4045 | Attn: [0.435, 0.0, 0.565, 0.0, 0.0] | Ext: 48.6ms | Inf: 7.9ms | Total: 56.5ms
23:15:31 | Mask: [1.0, 0.0, 1.0, 0.0, 0.0] | Prob: 0.4043 | Attn: [0.435, 0.0, 0.565, 0.0, 0.0] | Ext: 48.6ms | Inf: 8.1ms | Total: 56.7ms
23:15:32 | Mask: [1.0, 0.0, 1.0, 0.0, 0.0] | Prob: 0.4041 | Attn: [0.435, 0.0, 0.565, 0.0, 0.0] | Ext: 48.6ms | Inf: 7.6ms | Total: 56.2ms
23:15:32 | Mask: [1.0, 0.0, 1.0, 0.0, 0.0] | Prob: 0.3728 | Attn: [0.541, 0.0, 0.459, 0.0, 0.0] | Ext: 48.6ms | Inf: 7.4ms | Total: 56.0ms
23:15:32 | Mask: [1.0, 0.0, 1.0, 0.0, 0.0] | Prob: 0.3510 | Attn: [0.541, 0.0, 0.459, 0.0, 0.0] | Ext: 48.6ms | Inf: 9.0ms | Total: 57.6ms
23:15:32 | Mask: [1.0, 0.0, 1.0, 0.0, 0.0] | Prob: 0.3357 | Attn: [0.541, 0.0, 0.459, 0.0, 0.0] | Ext: 48.6ms | Inf: 8.2ms | Total: 56.8ms
23:15:32 | Mask: [1.0, 0.0, 1.0, 0.0, 0.0] | Prob: 0.3249 | Attn: [0.541, 0.0, 0.459, 0.0, 0.0] | Ext: 48.6ms | Inf: 6.7ms | Total: 55.3ms
23:15:32 | Mask: [1.0, 0.0, 1.0, 0.0, 0.0] | Prob: 0.3174 | Attn: [0.541, 0.0, 0.459, 0.0, 0.0] | Ext: 48.6ms | Inf: 7.6ms | Total: 56.2ms
23:15:32 | Mask: [1.0, 0.0, 1.0, 0.0, 0.0] | Prob: 0.3122 | Attn: [0.541, 0.0, 0.459, 0.0, 0.0] | Ext: 48.6ms | Inf: 7.9ms | Total: 56.5ms
23:15:32 | Mask: [1.0, 0.0, 1.0, 0.0, 0.0] | Prob: 0.3085 | Attn: [0.541, 0.0, 0.459, 0.0, 0.0] | Ext: 48.6ms | Inf: 7.6ms | Total: 56.2ms
23:15:32 | Mask: [1.0, 0.0, 1.0, 0.0, 0.0] | Prob: 0.3059 | Attn: [0.541, 0.0, 0.459, 0.0, 0.0] | Ext: 48.6ms | Inf: 6.8ms | Total: 55.4ms
23:15:33 | Mask: [1.0, 0.0, 1.0, 0.0, 0.0] | Prob: 0.3041 | Attn: [0.541, 0.0, 0.459, 0.0, 0.0] | Ext: 48.6ms | Inf: 8.0ms | Total: 56.6ms
23:15:33 | Mask: [1.0, 0.0, 1.0, 0.0, 0.0] | Prob: 0.3029 | Attn: [0.541, 0.0, 0.459, 0.0, 0.0] | Ext: 48.6ms | Inf: 6.5ms | Total: 55.1ms
23:15:33 | Mask: [1.0, 0.0, 1.0, 0.0, 0.0] | Prob: 0.3020 | Attn: [0.541, 0.0, 0.459, 0.0, 0.0] | Ext: 48.6ms | Inf: 8.0ms | Total: 56.6ms
23:15:33 | Mask: [1.0, 0.0, 1.0, 0.0, 0.0] | Prob: 0.3014 | Attn: [0.541, 0.0, 0.459, 0.0, 0.0] | Ext: 48.6ms | Inf: 7.5ms | Total: 56.1ms
23:15:33 | Mask: [1.0, 0.0, 1.0, 0.0, 0.0] | Prob: 0.3009 | Attn: [0.541, 0.0, 0.459, 0.0, 0.0] | Ext: 48.6ms | Inf: 7.9ms | Total: 56.5ms
23:15:33 | Mask: [1.0, 0.0, 1.0, 0.0, 0.0] | Prob: 0.3006 | Attn: [0.541, 0.0, 0.459, 0.0, 0.0] | Ext: 48.6ms | Inf: 8.5ms | Total: 57.1ms
23:15:33 | Mask: [1.0, 0.0, 1.0, 0.0, 0.0] | Prob: 0.3004 | Attn: [0.541, 0.0, 0.459, 0.0, 0.0] | Ext: 48.6ms | Inf: 7.5ms | Total: 56.1ms
23:15:33 | Mask: [1.0, 0.0, 1.0, 0.0, 0.0] | Prob: 0.3003 | Attn: [0.541, 0.0, 0.459, 0.0, 0.0] | Ext: 48.6ms | Inf: 8.0ms | Total: 56.6ms
23:15:34 | Mask: [1.0, 0.0, 1.0, 0.0, 0.0] | Prob: 0.3145 | Attn: [0.524, 0.0, 0.476, 0.0, 0.0] | Ext: 45.4ms | Inf: 7.4ms | Total: 52.8ms
23:15:34 | Mask: [1.0, 0.0, 1.0, 0.0, 0.0] | Prob: 0.3245 | Attn: [0.524, 0.0, 0.476, 0.0, 0.0] | Ext: 45.4ms | Inf: 8.5ms | Total: 53.9ms
23:15:34 | Mask: [1.0, 0.0, 1.0, 0.0, 0.0] | Prob: 0.3315 | Attn: [0.524, 0.0, 0.476, 0.0, 0.0] | Ext: 45.4ms | Inf: 8.5ms | Total: 53.9ms
23:15:34 | Mask: [1.0, 0.0, 1.0, 0.0, 0.0] | Prob: 0.3364 | Attn: [0.524, 0.0, 0.476, 0.0, 0.0] | Ext: 45.4ms | Inf: 8.0ms | Total: 53.4ms
23:15:34 | Mask: [1.0, 0.0, 1.0, 0.0, 0.0] | Prob: 0.3398 | Attn: [0.524, 0.0, 0.476, 0.0, 0.0] | Ext: 45.4ms | Inf: 7.8ms | Total: 53.2ms
23:15:34 | Mask: [1.0, 0.0, 1.0, 0.0, 0.0] | Prob: 0.3422 | Attn: [0.524, 0.0, 0.476, 0.0, 0.0] | Ext: 45.4ms | Inf: 9.5ms | Total: 54.9ms
23:15:34 | Mask: [1.0, 0.0, 1.0, 0.0, 0.0] | Prob: 0.3438 | Attn: [0.524, 0.0, 0.476, 0.0, 0.0] | Ext: 45.4ms | Inf: 8.4ms | Total: 53.7ms
23:15:34 | Mask: [1.0, 0.0, 1.0, 0.0, 0.0] | Prob: 0.3450 | Attn: [0.524, 0.0, 0.476, 0.0, 0.0] | Ext: 45.4ms | Inf: 8.4ms | Total: 53.8ms
23:15:35 | Mask: [1.0, 0.0, 1.0, 0.0, 0.0] | Prob: 0.3458 | Attn: [0.524, 0.0, 0.476, 0.0, 0.0] | Ext: 45.4ms | Inf: 9.3ms | Total: 54.7ms
23:15:35 | Mask: [1.0, 0.0, 1.0, 0.0, 0.0] | Prob: 0.3747 | Attn: [0.594, 0.0, 0.406, 0.0, 0.0] | Ext: 45.4ms | Inf: 9.1ms | Total: 54.5ms
23:15:35 | Mask: [1.0, 0.0, 1.0, 0.0, 0.0] | Prob: 0.3949 | Attn: [0.594, 0.0, 0.406, 0.0, 0.0] | Ext: 45.4ms | Inf: 8.6ms | Total: 54.0ms
23:15:35 | Mask: [1.0, 0.0, 1.0, 0.0, 0.0] | Prob: 0.4090 | Attn: [0.594, 0.0, 0.406, 0.0, 0.0] | Ext: 45.4ms | Inf: 8.7ms | Total: 54.0ms
23:15:35 | Mask: [1.0, 0.0, 1.0, 0.0, 0.0] | Prob: 0.4189 | Attn: [0.594, 0.0, 0.406, 0.0, 0.0] | Ext: 45.4ms | Inf: 8.7ms | Total: 54.0ms
23:15:35 | Mask: [1.0, 0.0, 1.0, 0.0, 0.0] | Prob: 0.4259 | Attn: [0.594, 0.0, 0.406, 0.0, 0.0] | Ext: 45.4ms | Inf: 8.1ms | Total: 53.5ms
23:15:35 | Mask: [1.0, 0.0, 1.0, 0.0, 0.0] | Prob: 0.4307 | Attn: [0.594, 0.0, 0.406, 0.0, 0.0] | Ext: 45.4ms | Inf: 7.4ms | Total: 52.8ms
23:15:35 | Mask: [1.0, 0.0, 1.0, 0.0, 0.0] | Prob: 0.4341 | Attn: [0.594, 0.0, 0.406, 0.0, 0.0] | Ext: 45.4ms | Inf: 6.9ms | Total: 52.3ms
23:15:35 | Mask: [1.0, 0.0, 1.0, 0.0, 0.0] | Prob: 0.4365 | Attn: [0.594, 0.0, 0.406, 0.0, 0.0] | Ext: 45.4ms | Inf: 6.9ms | Total: 52.3ms
23:15:36 | Mask: [1.0, 0.0, 1.0, 0.0, 0.0] | Prob: 0.4381 | Attn: [0.594, 0.0, 0.406, 0.0, 0.0] | Ext: 45.4ms | Inf: 6.9ms | Total: 52.3ms
23:15:36 | Mask: [1.0, 0.0, 1.0, 0.0, 0.0] | Prob: 0.4393 | Attn: [0.594, 0.0, 0.406, 0.0, 0.0] | Ext: 45.4ms | Inf: 7.3ms | Total: 52.7ms
23:15:36 | Mask: [1.0, 0.0, 1.0, 0.0, 0.0] | Prob: 0.4401 | Attn: [0.594, 0.0, 0.406, 0.0, 0.0] | Ext: 45.4ms | Inf: 6.5ms | Total: 51.9ms
23:15:36 | Mask: [1.0, 0.0, 1.0, 0.0, 0.0] | Prob: 0.4407 | Attn: [0.594, 0.0, 0.406, 0.0, 0.0] | Ext: 45.4ms | Inf: 8.5ms | Total: 53.9ms
23:15:36 | Mask: [1.0, 0.0, 1.0, 0.0, 0.0] | Prob: 0.4411 | Attn: [0.594, 0.0, 0.406, 0.0, 0.0] | Ext: 45.4ms | Inf: 9.2ms | Total: 54.6ms
23:15:36 | Mask: [1.0, 0.0, 1.0, 0.0, 0.0] | Prob: 0.4414 | Attn: [0.594, 0.0, 0.406, 0.0, 0.0] | Ext: 45.4ms | Inf: 7.6ms | Total: 53.0ms
23:15:36 | Mask: [1.0, 0.0, 1.0, 0.0, 0.0] | Prob: 0.4416 | Attn: [0.594, 0.0, 0.406, 0.0, 0.0] | Ext: 45.4ms | Inf: 8.0ms | Total: 53.4ms
23:15:36 | Mask: [1.0, 0.0, 1.0, 0.0, 0.0] | Prob: 0.4417 | Attn: [0.594, 0.0, 0.406, 0.0, 0.0] | Ext: 45.4ms | Inf: 7.2ms | Total: 52.6ms
23:15:37 | Mask: [1.0, 0.0, 1.0, 0.0, 0.0] | Prob: 0.3584 | Attn: [0.64, 0.0, 0.36, 0.0, 0.0] | Ext: 47.2ms | Inf: 8.8ms | Total: 56.0ms
23:15:37 | Mask: [1.0, 0.0, 1.0, 0.0, 0.0] | Prob: 0.3001 | Attn: [0.64, 0.0, 0.36, 0.0, 0.0] | Ext: 47.2ms | Inf: 8.3ms | Total: 55.4ms
23:15:37 | Mask: [1.0, 0.0, 1.0, 0.0, 0.0] | Prob: 0.2593 | Attn: [0.64, 0.0, 0.36, 0.0, 0.0] | Ext: 47.2ms | Inf: 8.4ms | Total: 55.6ms
23:15:37 | Mask: [1.0, 0.0, 1.0, 0.0, 0.0] | Prob: 0.2308 | Attn: [0.64, 0.0, 0.36, 0.0, 0.0] | Ext: 47.2ms | Inf: 7.6ms | Total: 54.8ms
23:15:37 | Mask: [1.0, 0.0, 1.0, 0.0, 0.0] | Prob: 0.2108 | Attn: [0.64, 0.0, 0.36, 0.0, 0.0] | Ext: 47.2ms | Inf: 8.8ms | Total: 55.9ms
23:15:37 | Mask: [1.0, 0.0, 1.0, 0.0, 0.0] | Prob: 0.1968 | Attn: [0.64, 0.0, 0.36, 0.0, 0.0] | Ext: 47.2ms | Inf: 9.1ms | Total: 56.3ms
23:15:37 | Mask: [1.0, 0.0, 1.0, 0.0, 0.0] | Prob: 0.1870 | Attn: [0.64, 0.0, 0.36, 0.0, 0.0] | Ext: 47.2ms | Inf: 8.5ms | Total: 55.6ms
23:15:37 | Mask: [1.0, 0.0, 1.0, 0.0, 0.0] | Prob: 0.1801 | Attn: [0.64, 0.0, 0.36, 0.0, 0.0] | Ext: 47.2ms | Inf: 9.4ms | Total: 56.6ms
23:15:38 | Mask: [1.0, 0.0, 1.0, 0.0, 0.0] | Prob: 0.1753 | Attn: [0.64, 0.0, 0.36, 0.0, 0.0] | Ext: 47.2ms | Inf: 9.0ms | Total: 56.1ms
23:15:38 | Mask: [1.0, 0.0, 1.0, 0.0, 0.0] | Prob: 0.2156 | Attn: [0.56, 0.0, 0.44, 0.0, 0.0] | Ext: 47.2ms | Inf: 8.3ms | Total: 55.5ms
23:15:38 | Mask: [1.0, 0.0, 1.0, 0.0, 0.0] | Prob: 0.2437 | Attn: [0.56, 0.0, 0.44, 0.0, 0.0] | Ext: 47.2ms | Inf: 8.1ms | Total: 55.2ms
23:15:38 | Mask: [1.0, 0.0, 1.0, 0.0, 0.0] | Prob: 0.2634 | Attn: [0.56, 0.0, 0.44, 0.0, 0.0] | Ext: 47.2ms | Inf: 6.9ms | Total: 54.0ms
23:15:38 | Mask: [1.0, 0.0, 1.0, 0.0, 0.0] | Prob: 0.2772 | Attn: [0.56, 0.0, 0.44, 0.0, 0.0] | Ext: 47.2ms | Inf: 9.3ms | Total: 56.5ms
23:15:38 | Mask: [1.0, 0.0, 1.0, 0.0, 0.0] | Prob: 0.2869 | Attn: [0.56, 0.0, 0.44, 0.0, 0.0] | Ext: 47.2ms | Inf: 9.6ms | Total: 56.8ms
23:15:38 | Mask: [1.0, 0.0, 1.0, 0.0, 0.0] | Prob: 0.2937 | Attn: [0.56, 0.0, 0.44, 0.0, 0.0] | Ext: 47.2ms | Inf: 8.3ms | Total: 55.5ms
23:15:38 | Mask: [1.0, 0.0, 1.0, 0.0, 0.0] | Prob: 0.2984 | Attn: [0.56, 0.0, 0.44, 0.0, 0.0] | Ext: 47.2ms | Inf: 10.3ms | Total: 57.5ms
23:15:38 | Mask: [1.0, 0.0, 1.0, 0.0, 0.0] | Prob: 0.3017 | Attn: [0.56, 0.0, 0.44, 0.0, 0.0] | Ext: 47.2ms | Inf: 8.6ms | Total: 55.8ms
23:15:39 | Mask: [1.0, 0.0, 1.0, 0.0, 0.0] | Prob: 0.3040 | Attn: [0.56, 0.0, 0.44, 0.0, 0.0] | Ext: 47.2ms | Inf: 8.3ms | Total: 55.4ms
23:15:39 | Mask: [1.0, 0.0, 1.0, 0.0, 0.0] | Prob: 0.3057 | Attn: [0.56, 0.0, 0.44, 0.0, 0.0] | Ext: 47.2ms | Inf: 8.6ms | Total: 55.8ms
23:15:39 | Mask: [1.0, 0.0, 1.0, 0.0, 0.0] | Prob: 0.3068 | Attn: [0.56, 0.0, 0.44, 0.0, 0.0] | Ext: 47.2ms | Inf: 7.6ms | Total: 54.8ms
23:15:39 | Mask: [1.0, 0.0, 1.0, 0.0, 0.0] | Prob: 0.3076 | Attn: [0.56, 0.0, 0.44, 0.0, 0.0] | Ext: 47.2ms | Inf: 7.6ms | Total: 54.7ms
23:15:39 | Mask: [1.0, 0.0, 1.0, 0.0, 0.0] | Prob: 0.3082 | Attn: [0.56, 0.0, 0.44, 0.0, 0.0] | Ext: 47.2ms | Inf: 8.0ms | Total: 55.2ms
23:15:39 | Mask: [1.0, 0.0, 1.0, 0.0, 0.0] | Prob: 0.3085 | Attn: [0.56, 0.0, 0.44, 0.0, 0.0] | Ext: 47.2ms | Inf: 7.6ms | Total: 54.7ms
23:15:39 | Mask: [1.0, 0.0, 1.0, 0.0, 0.0] | Prob: 0.3088 | Attn: [0.56, 0.0, 0.44, 0.0, 0.0] | Ext: 47.2ms | Inf: 7.6ms | Total: 54.8ms
23:15:39 | Mask: [1.0, 0.0, 1.0, 0.0, 0.0] | Prob: 0.3021 | Attn: [0.607, 0.0, 0.393, 0.0, 0.0] | Ext: 50.1ms | Inf: 7.8ms | Total: 57.9ms
23:15:40 | Mask: [1.0, 0.0, 1.0, 0.0, 0.0] | Prob: 0.2974 | Attn: [0.607, 0.0, 0.393, 0.0, 0.0] | Ext: 50.1ms | Inf: 8.1ms | Total: 58.3ms
23:15:40 | Mask: [1.0, 0.0, 1.0, 0.0, 0.0] | Prob: 0.2941 | Attn: [0.607, 0.0, 0.393, 0.0, 0.0] | Ext: 50.1ms | Inf: 7.8ms | Total: 57.9ms
23:15:40 | Mask: [1.0, 0.0, 1.0, 0.0, 0.0] | Prob: 0.2918 | Attn: [0.607, 0.0, 0.393, 0.0, 0.0] | Ext: 50.1ms | Inf: 7.6ms | Total: 57.7ms
23:15:40 | Mask: [1.0, 0.0, 1.0, 0.0, 0.0] | Prob: 0.2902 | Attn: [0.607, 0.0, 0.393, 0.0, 0.0] | Ext: 50.1ms | Inf: 9.0ms | Total: 59.2ms
23:15:40 | Mask: [1.0, 0.0, 1.0, 0.0, 0.0] | Prob: 0.2891 | Attn: [0.607, 0.0, 0.393, 0.0, 0.0] | Ext: 50.1ms | Inf: 8.1ms | Total: 58.2ms
23:15:40 | Mask: [1.0, 0.0, 1.0, 0.0, 0.0] | Prob: 0.2883 | Attn: [0.607, 0.0, 0.393, 0.0, 0.0] | Ext: 50.1ms | Inf: 7.5ms | Total: 57.6ms
23:15:40 | Mask: [1.0, 0.0, 1.0, 0.0, 0.0] | Prob: 0.2878 | Attn: [0.607, 0.0, 0.393, 0.0, 0.0] | Ext: 50.1ms | Inf: 8.2ms | Total: 58.3ms
23:15:40 | Mask: [1.0, 0.0, 1.0, 0.0, 0.0] | Prob: 0.2874 | Attn: [0.607, 0.0, 0.393, 0.0, 0.0] | Ext: 50.1ms | Inf: 7.8ms | Total: 57.9ms
23:15:41 | Mask: [1.0, 0.0, 1.0, 0.0, 0.0] | Prob: 0.3145 | Attn: [0.546, 0.0, 0.454, 0.0, 0.0] | Ext: 50.1ms | Inf: 8.3ms | Total: 58.4ms
23:15:41 | Mask: [1.0, 0.0, 1.0, 0.0, 0.0] | Prob: 0.3334 | Attn: [0.546, 0.0, 0.454, 0.0, 0.0] | Ext: 50.1ms | Inf: 7.3ms | Total: 57.4ms
23:15:41 | Mask: [1.0, 0.0, 1.0, 0.0, 0.0] | Prob: 0.3467 | Attn: [0.546, 0.0, 0.454, 0.0, 0.0] | Ext: 50.1ms | Inf: 6.7ms | Total: 56.8ms
23:15:41 | Mask: [1.0, 0.0, 1.0, 0.0, 0.0] | Prob: 0.3560 | Attn: [0.546, 0.0, 0.454, 0.0, 0.0] | Ext: 50.1ms | Inf: 7.6ms | Total: 57.7ms
23:15:41 | Mask: [1.0, 0.0, 1.0, 0.0, 0.0] | Prob: 0.3625 | Attn: [0.546, 0.0, 0.454, 0.0, 0.0] | Ext: 50.1ms | Inf: 9.9ms | Total: 60.1ms
23:15:41 | Mask: [1.0, 0.0, 1.0, 0.0, 0.0] | Prob: 0.3671 | Attn: [0.546, 0.0, 0.454, 0.0, 0.0] | Ext: 50.1ms | Inf: 8.1ms | Total: 58.2ms
23:15:41 | Mask: [1.0, 0.0, 1.0, 0.0, 0.0] | Prob: 0.3702 | Attn: [0.546, 0.0, 0.454, 0.0, 0.0] | Ext: 50.1ms | Inf: 9.0ms | Total: 59.2ms
23:15:41 | Mask: [1.0, 0.0, 1.0, 0.0, 0.0] | Prob: 0.3725 | Attn: [0.546, 0.0, 0.454, 0.0, 0.0] | Ext: 50.1ms | Inf: 9.0ms | Total: 59.1ms
23:15:42 | Mask: [1.0, 0.0, 1.0, 0.0, 0.0] | Prob: 0.3740 | Attn: [0.546, 0.0, 0.454, 0.0, 0.0] | Ext: 50.1ms | Inf: 8.5ms | Total: 58.6ms
23:15:42 | Mask: [1.0, 0.0, 1.0, 0.0, 0.0] | Prob: 0.3751 | Attn: [0.546, 0.0, 0.454, 0.0, 0.0] | Ext: 50.1ms | Inf: 8.0ms | Total: 58.1ms
23:15:42 | Mask: [1.0, 0.0, 1.0, 0.0, 0.0] | Prob: 0.3759 | Attn: [0.546, 0.0, 0.454, 0.0, 0.0] | Ext: 50.1ms | Inf: 8.0ms | Total: 58.1ms
23:15:42 | Mask: [1.0, 0.0, 1.0, 0.0, 0.0] | Prob: 0.3764 | Attn: [0.546, 0.0, 0.454, 0.0, 0.0] | Ext: 50.1ms | Inf: 8.9ms | Total: 59.0ms
23:15:42 | Mask: [1.0, 0.0, 1.0, 0.0, 0.0] | Prob: 0.3768 | Attn: [0.546, 0.0, 0.454, 0.0, 0.0] | Ext: 50.1ms | Inf: 11.3ms | Total: 61.4ms
23:15:42 | Mask: [1.0, 0.0, 1.0, 0.0, 0.0] | Prob: 0.3771 | Attn: [0.546, 0.0, 0.454, 0.0, 0.0] | Ext: 50.1ms | Inf: 7.9ms | Total: 58.0ms
23:15:42 | Mask: [1.0, 0.0, 1.0, 0.0, 0.0] | Prob: 0.3773 | Attn: [0.546, 0.0, 0.454, 0.0, 0.0] | Ext: 50.1ms | Inf: 7.7ms | Total: 57.9ms
23:15:42 | Mask: [1.0, 0.0, 1.0, 0.0, 0.0] | Prob: 0.3774 | Attn: [0.546, 0.0, 0.454, 0.0, 0.0] | Ext: 50.1ms | Inf: 9.0ms | Total: 59.1ms
23:15:42 | Mask: [1.0, 0.0, 1.0, 0.0, 0.0] | Prob: 0.4345 | Attn: [0.839, 0.0, 0.161, 0.0, 0.0] | Ext: 57.5ms | Inf: 7.7ms | Total: 65.2ms
23:15:43 | Mask: [1.0, 0.0, 1.0, 0.0, 0.0] | Prob: 0.4745 | Attn: [0.839, 0.0, 0.161, 0.0, 0.0] | Ext: 57.5ms | Inf: 8.0ms | Total: 65.4ms
23:15:43 | Mask: [1.0, 0.0, 1.0, 0.0, 0.0] | Prob: 0.5025 | Attn: [0.839, 0.0, 0.161, 0.0, 0.0] | Ext: 57.5ms | Inf: 7.1ms | Total: 64.6ms
23:15:43 | Mask: [1.0, 0.0, 1.0, 0.0, 0.0] | Prob: 0.5221 | Attn: [0.839, 0.0, 0.161, 0.0, 0.0] | Ext: 57.5ms | Inf: 8.0ms | Total: 65.4ms
23:15:43 | Mask: [1.0, 0.0, 1.0, 0.0, 0.0] | Prob: 0.5358 | Attn: [0.839, 0.0, 0.161, 0.0, 0.0] | Ext: 57.5ms | Inf: 9.6ms | Total: 67.1ms
23:15:43 | Mask: [1.0, 0.0, 1.0, 0.0, 0.0] | Prob: 0.5454 | Attn: [0.839, 0.0, 0.161, 0.0, 0.0] | Ext: 57.5ms | Inf: 7.8ms | Total: 65.2ms
23:15:43 | Mask: [1.0, 0.0, 1.0, 0.0, 0.0] | Prob: 0.5522 | Attn: [0.839, 0.0, 0.161, 0.0, 0.0] | Ext: 57.5ms | Inf: 6.8ms | Total: 64.2ms
23:15:43 | Mask: [1.0, 0.0, 1.0, 0.0, 0.0] | Prob: 0.5569 | Attn: [0.839, 0.0, 0.161, 0.0, 0.0] | Ext: 57.5ms | Inf: 8.2ms | Total: 65.7ms
23:15:43 | Mask: [1.0, 0.0, 1.0, 0.0, 0.0] | Prob: 0.5602 | Attn: [0.839, 0.0, 0.161, 0.0, 0.0] | Ext: 57.5ms | Inf: 8.0ms | Total: 65.4ms
23:15:44 | Mask: [1.0, 0.0, 1.0, 0.0, 0.0] | Prob: 0.6004 | Attn: [0.713, 0.0, 0.287, 0.0, 0.0] | Ext: 57.5ms | Inf: 7.5ms | Total: 65.0ms
23:15:44 | Mask: [1.0, 0.0, 1.0, 0.0, 0.0] | Prob: 0.6286 | Attn: [0.713, 0.0, 0.287, 0.0, 0.0] | Ext: 57.5ms | Inf: 7.9ms | Total: 65.3ms
23:15:44 | Mask: [1.0, 0.0, 1.0, 0.0, 0.0] | Prob: 0.6483 | Attn: [0.713, 0.0, 0.287, 0.0, 0.0] | Ext: 57.5ms | Inf: 8.6ms | Total: 66.0ms
23:15:44 | Mask: [1.0, 0.0, 1.0, 0.0, 0.0] | Prob: 0.6621 | Attn: [0.713, 0.0, 0.287, 0.0, 0.0] | Ext: 57.5ms | Inf: 8.3ms | Total: 65.7ms
23:15:44 | Mask: [1.0, 0.0, 1.0, 0.0, 0.0] | Prob: 0.6717 | Attn: [0.713, 0.0, 0.287, 0.0, 0.0] | Ext: 57.5ms | Inf: 7.6ms | Total: 65.1ms
23:15:44 | Mask: [1.0, 0.0, 1.0, 0.0, 0.0] | Prob: 0.6785 | Attn: [0.713, 0.0, 0.287, 0.0, 0.0] | Ext: 57.5ms | Inf: 8.6ms | Total: 66.0ms
23:15:44 | Mask: [1.0, 0.0, 1.0, 0.0, 0.0] | Prob: 0.6832 | Attn: [0.713, 0.0, 0.287, 0.0, 0.0] | Ext: 57.5ms | Inf: 8.5ms | Total: 65.9ms
23:15:44 | Mask: [1.0, 0.0, 1.0, 0.0, 0.0] | Prob: 0.6866 | Attn: [0.713, 0.0, 0.287, 0.0, 0.0] | Ext: 57.5ms | Inf: 9.6ms | Total: 67.1ms
23:15:45 | Mask: [1.0, 0.0, 1.0, 0.0, 0.0] | Prob: 0.6889 | Attn: [0.713, 0.0, 0.287, 0.0, 0.0] | Ext: 57.5ms | Inf: 8.0ms | Total: 65.5ms
23:15:45 | Mask: [1.0, 0.0, 1.0, 0.0, 0.0] | Prob: 0.6905 | Attn: [0.713, 0.0, 0.287, 0.0, 0.0] | Ext: 57.5ms | Inf: 7.6ms | Total: 65.1ms
23:15:45 | Mask: [1.0, 0.0, 1.0, 0.0, 0.0] | Prob: 0.6916 | Attn: [0.713, 0.0, 0.287, 0.0, 0.0] | Ext: 57.5ms | Inf: 8.4ms | Total: 65.8ms
23:15:45 | Mask: [1.0, 0.0, 1.0, 0.0, 0.0] | Prob: 0.6924 | Attn: [0.713, 0.0, 0.287, 0.0, 0.0] | Ext: 57.5ms | Inf: 8.2ms | Total: 65.7ms
23:15:45 | Mask: [1.0, 0.0, 1.0, 0.0, 0.0] | Prob: 0.6930 | Attn: [0.713, 0.0, 0.287, 0.0, 0.0] | Ext: 57.5ms | Inf: 8.1ms | Total: 65.6ms
23:15:45 | Mask: [1.0, 0.0, 1.0, 0.0, 0.0] | Prob: 0.6934 | Attn: [0.713, 0.0, 0.287, 0.0, 0.0] | Ext: 57.5ms | Inf: 7.1ms | Total: 64.5ms
23:15:45 | Mask: [1.0, 0.0, 1.0, 0.0, 0.0] | Prob: 0.6937 | Attn: [0.713, 0.0, 0.287, 0.0, 0.0] | Ext: 57.5ms | Inf: 7.5ms | Total: 65.0ms
23:15:45 | Mask: [1.0, 0.0, 1.0, 0.0, 0.0] | Prob: 0.5600 | Attn: [0.402, 0.0, 0.598, 0.0, 0.0] | Ext: 55.6ms | Inf: 8.2ms | Total: 63.7ms
23:15:45 | Mask: [1.0, 0.0, 1.0, 0.0, 0.0] | Prob: 0.4664 | Attn: [0.402, 0.0, 0.598, 0.0, 0.0] | Ext: 55.6ms | Inf: 8.6ms | Total: 64.2ms
23:15:46 | Mask: [1.0, 0.0, 1.0, 0.0, 0.0] | Prob: 0.4008 | Attn: [0.402, 0.0, 0.598, 0.0, 0.0] | Ext: 55.6ms | Inf: 8.4ms | Total: 64.0ms
23:15:46 | Mask: [1.0, 0.0, 1.0, 0.0, 0.0] | Prob: 0.3550 | Attn: [0.402, 0.0, 0.598, 0.0, 0.0] | Ext: 55.6ms | Inf: 8.2ms | Total: 63.8ms
23:15:46 | Mask: [1.0, 0.0, 1.0, 0.0, 0.0] | Prob: 0.3229 | Attn: [0.402, 0.0, 0.598, 0.0, 0.0] | Ext: 55.6ms | Inf: 8.5ms | Total: 64.0ms
23:15:46 | Mask: [1.0, 0.0, 1.0, 0.0, 0.0] | Prob: 0.3004 | Attn: [0.402, 0.0, 0.598, 0.0, 0.0] | Ext: 55.6ms | Inf: 9.4ms | Total: 65.0ms
23:15:46 | Mask: [1.0, 0.0, 1.0, 0.0, 0.0] | Prob: 0.2847 | Attn: [0.402, 0.0, 0.598, 0.0, 0.0] | Ext: 55.6ms | Inf: 8.7ms | Total: 64.3ms
23:15:46 | Mask: [1.0, 0.0, 1.0, 0.0, 0.0] | Prob: 0.2737 | Attn: [0.402, 0.0, 0.598, 0.0, 0.0] | Ext: 55.6ms | Inf: 11.8ms | Total: 67.4ms
23:15:46 | Mask: [1.0, 0.0, 1.0, 0.0, 0.0] | Prob: 0.2660 | Attn: [0.402, 0.0, 0.598, 0.0, 0.0] | Ext: 55.6ms | Inf: 9.0ms | Total: 64.6ms
23:15:46 | Mask: [1.0, 0.0, 1.0, 0.0, 0.0] | Prob: 0.2695 | Attn: [0.277, 0.0, 0.723, 0.0, 0.0] | Ext: 55.6ms | Inf: 9.5ms | Total: 65.1ms
23:15:47 | Mask: [1.0, 0.0, 1.0, 0.0, 0.0] | Prob: 0.2720 | Attn: [0.277, 0.0, 0.723, 0.0, 0.0] | Ext: 55.6ms | Inf: 8.6ms | Total: 64.2ms
23:15:47 | Mask: [1.0, 0.0, 1.0, 0.0, 0.0] | Prob: 0.2738 | Attn: [0.277, 0.0, 0.723, 0.0, 0.0] | Ext: 55.6ms | Inf: 8.5ms | Total: 64.1ms
23:15:47 | Mask: [1.0, 0.0, 1.0, 0.0, 0.0] | Prob: 0.2750 | Attn: [0.277, 0.0, 0.723, 0.0, 0.0] | Ext: 55.6ms | Inf: 7.4ms | Total: 63.0ms
23:15:47 | Mask: [1.0, 0.0, 1.0, 0.0, 0.0] | Prob: 0.2759 | Attn: [0.277, 0.0, 0.723, 0.0, 0.0] | Ext: 55.6ms | Inf: 7.5ms | Total: 63.1ms
23:15:47 | Mask: [1.0, 0.0, 1.0, 0.0, 0.0] | Prob: 0.2765 | Attn: [0.277, 0.0, 0.723, 0.0, 0.0] | Ext: 55.6ms | Inf: 9.0ms | Total: 64.5ms
23:15:47 | Mask: [1.0, 0.0, 1.0, 0.0, 0.0] | Prob: 0.2769 | Attn: [0.277, 0.0, 0.723, 0.0, 0.0] | Ext: 55.6ms | Inf: 8.0ms | Total: 63.6ms
23:15:47 | Mask: [1.0, 0.0, 1.0, 0.0, 0.0] | Prob: 0.2772 | Attn: [0.277, 0.0, 0.723, 0.0, 0.0] | Ext: 55.6ms | Inf: 7.3ms | Total: 62.9ms
23:15:47 | Mask: [1.0, 0.0, 1.0, 0.0, 0.0] | Prob: 0.2774 | Attn: [0.277, 0.0, 0.723, 0.0, 0.0] | Ext: 55.6ms | Inf: 8.8ms | Total: 64.4ms
23:15:48 | Mask: [1.0, 0.0, 1.0, 0.0, 0.0] | Prob: 0.2775 | Attn: [0.277, 0.0, 0.723, 0.0, 0.0] | Ext: 55.6ms | Inf: 7.9ms | Total: 63.4ms
23:15:48 | Mask: [1.0, 0.0, 1.0, 0.0, 0.0] | Prob: 0.2776 | Attn: [0.277, 0.0, 0.723, 0.0, 0.0] | Ext: 55.6ms | Inf: 9.8ms | Total: 65.4ms
23:15:48 | Mask: [1.0, 0.0, 1.0, 0.0, 0.0] | Prob: 0.2777 | Attn: [0.277, 0.0, 0.723, 0.0, 0.0] | Ext: 55.6ms | Inf: 9.2ms | Total: 64.7ms
23:15:48 | Mask: [1.0, 0.0, 1.0, 0.0, 0.0] | Prob: 0.2778 | Attn: [0.277, 0.0, 0.723, 0.0, 0.0] | Ext: 55.6ms | Inf: 8.5ms | Total: 64.1ms
23:15:48 | Mask: [1.0, 0.0, 1.0, 0.0, 0.0] | Prob: 0.2778 | Attn: [0.277, 0.0, 0.723, 0.0, 0.0] | Ext: 55.6ms | Inf: 8.8ms | Total: 64.4ms
23:15:48 | Mask: [1.0, 0.0, 1.0, 0.0, 0.0] | Prob: 0.2778 | Attn: [0.277, 0.0, 0.723, 0.0, 0.0] | Ext: 55.6ms | Inf: 9.5ms | Total: 65.0ms
23:15:48 | Mask: [1.0, 0.0, 1.0, 0.0, 0.0] | Prob: 0.3340 | Attn: [0.311, 0.0, 0.689, 0.0, 0.0] | Ext: 48.8ms | Inf: 8.3ms | Total: 57.2ms
23:15:48 | Mask: [1.0, 0.0, 1.0, 0.0, 0.0] | Prob: 0.3733 | Attn: [0.311, 0.0, 0.689, 0.0, 0.0] | Ext: 48.8ms | Inf: 7.9ms | Total: 56.8ms
23:15:49 | Mask: [1.0, 0.0, 1.0, 0.0, 0.0] | Prob: 0.4008 | Attn: [0.311, 0.0, 0.689, 0.0, 0.0] | Ext: 48.8ms | Inf: 6.9ms | Total: 55.7ms
23:15:49 | Mask: [1.0, 0.0, 1.0, 0.0, 0.0] | Prob: 0.4200 | Attn: [0.311, 0.0, 0.689, 0.0, 0.0] | Ext: 48.8ms | Inf: 8.5ms | Total: 57.4ms
23:15:49 | Mask: [1.0, 0.0, 1.0, 0.0, 0.0] | Prob: 0.4335 | Attn: [0.311, 0.0, 0.689, 0.0, 0.0] | Ext: 48.8ms | Inf: 7.8ms | Total: 56.6ms
23:15:49 | Mask: [1.0, 0.0, 1.0, 0.0, 0.0] | Prob: 0.4430 | Attn: [0.311, 0.0, 0.689, 0.0, 0.0] | Ext: 48.8ms | Inf: 8.0ms | Total: 56.8ms
23:15:49 | Mask: [1.0, 0.0, 1.0, 0.0, 0.0] | Prob: 0.4496 | Attn: [0.311, 0.0, 0.689, 0.0, 0.0] | Ext: 48.8ms | Inf: 8.1ms | Total: 56.9ms
23:15:49 | Mask: [1.0, 0.0, 1.0, 0.0, 0.0] | Prob: 0.4542 | Attn: [0.311, 0.0, 0.689, 0.0, 0.0] | Ext: 48.8ms | Inf: 7.5ms | Total: 56.3ms
23:15:49 | Mask: [1.0, 0.0, 1.0, 0.0, 0.0] | Prob: 0.4574 | Attn: [0.311, 0.0, 0.689, 0.0, 0.0] | Ext: 48.8ms | Inf: 9.2ms | Total: 58.0ms
23:15:49 | Mask: [1.0, 0.0, 1.0, 0.0, 0.0] | Prob: 0.4710 | Attn: [0.35, 0.0, 0.65, 0.0, 0.0] | Ext: 48.8ms | Inf: 8.2ms | Total: 57.0ms
23:15:49 | Mask: [1.0, 0.0, 1.0, 0.0, 0.0] | Prob: 0.4805 | Attn: [0.35, 0.0, 0.65, 0.0, 0.0] | Ext: 48.8ms | Inf: 7.5ms | Total: 56.4ms
23:15:50 | Mask: [1.0, 0.0, 1.0, 0.0, 0.0] | Prob: 0.4871 | Attn: [0.35, 0.0, 0.65, 0.0, 0.0] | Ext: 48.8ms | Inf: 7.6ms | Total: 56.4ms
23:15:50 | Mask: [1.0, 0.0, 1.0, 0.0, 0.0] | Prob: 0.4918 | Attn: [0.35, 0.0, 0.65, 0.0, 0.0] | Ext: 48.8ms | Inf: 8.2ms | Total: 57.0ms
23:15:50 | Mask: [1.0, 0.0, 1.0, 0.0, 0.0] | Prob: 0.4950 | Attn: [0.35, 0.0, 0.65, 0.0, 0.0] | Ext: 48.8ms | Inf: 7.8ms | Total: 56.7ms
23:15:50 | Mask: [1.0, 0.0, 1.0, 0.0, 0.0] | Prob: 0.4973 | Attn: [0.35, 0.0, 0.65, 0.0, 0.0] | Ext: 48.8ms | Inf: 8.0ms | Total: 56.9ms
23:15:50 | Mask: [1.0, 0.0, 1.0, 0.0, 0.0] | Prob: 0.4989 | Attn: [0.35, 0.0, 0.65, 0.0, 0.0] | Ext: 48.8ms | Inf: 8.7ms | Total: 57.6ms
23:15:50 | Mask: [1.0, 0.0, 1.0, 0.0, 0.0] | Prob: 0.5000 | Attn: [0.35, 0.0, 0.65, 0.0, 0.0] | Ext: 48.8ms | Inf: 8.1ms | Total: 57.0ms
23:15:50 | Mask: [1.0, 0.0, 1.0, 0.0, 0.0] | Prob: 0.5008 | Attn: [0.35, 0.0, 0.65, 0.0, 0.0] | Ext: 48.8ms | Inf: 7.4ms | Total: 56.2ms
23:15:50 | Mask: [1.0, 0.0, 1.0, 0.0, 0.0] | Prob: 0.5014 | Attn: [0.35, 0.0, 0.65, 0.0, 0.0] | Ext: 48.8ms | Inf: 8.5ms | Total: 57.3ms
23:15:51 | Mask: [1.0, 0.0, 1.0, 0.0, 0.0] | Prob: 0.5017 | Attn: [0.35, 0.0, 0.65, 0.0, 0.0] | Ext: 48.8ms | Inf: 7.9ms | Total: 56.8ms
23:15:51 | Mask: [1.0, 0.0, 1.0, 0.0, 0.0] | Prob: 0.5020 | Attn: [0.35, 0.0, 0.65, 0.0, 0.0] | Ext: 48.8ms | Inf: 8.7ms | Total: 57.6ms
23:15:51 | Mask: [1.0, 0.0, 1.0, 0.0, 0.0] | Prob: 0.5022 | Attn: [0.35, 0.0, 0.65, 0.0, 0.0] | Ext: 48.8ms | Inf: 8.8ms | Total: 57.6ms
23:15:51 | Mask: [1.0, 0.0, 1.0, 0.0, 0.0] | Prob: 0.5023 | Attn: [0.35, 0.0, 0.65, 0.0, 0.0] | Ext: 48.8ms | Inf: 8.4ms | Total: 57.2ms
23:15:51 | Mask: [1.0, 0.0, 1.0, 0.0, 0.0] | Prob: 0.5024 | Attn: [0.35, 0.0, 0.65, 0.0, 0.0] | Ext: 48.8ms | Inf: 7.3ms | Total: 56.1ms
23:15:51 | Mask: [1.0, 0.0, 1.0, 0.0, 0.0] | Prob: 0.5025 | Attn: [0.35, 0.0, 0.65, 0.0, 0.0] | Ext: 48.8ms | Inf: 8.7ms | Total: 57.5ms
23:15:51 | Mask: [1.0, 0.0, 1.0, 0.0, 0.0] | Prob: 0.4670 | Attn: [0.553, 0.0, 0.447, 0.0, 0.0] | Ext: 53.2ms | Inf: 7.4ms | Total: 60.6ms
23:15:51 | Mask: [1.0, 0.0, 1.0, 0.0, 0.0] | Prob: 0.4422 | Attn: [0.553, 0.0, 0.447, 0.0, 0.0] | Ext: 53.2ms | Inf: 8.9ms | Total: 62.1ms
23:15:52 | Mask: [1.0, 0.0, 1.0, 0.0, 0.0] | Prob: 0.4248 | Attn: [0.553, 0.0, 0.447, 0.0, 0.0] | Ext: 53.2ms | Inf: 6.8ms | Total: 60.0ms
23:15:52 | Mask: [1.0, 0.0, 1.0, 0.0, 0.0] | Prob: 0.4126 | Attn: [0.553, 0.0, 0.447, 0.0, 0.0] | Ext: 53.2ms | Inf: 7.5ms | Total: 60.7ms
23:15:52 | Mask: [1.0, 0.0, 1.0, 0.0, 0.0] | Prob: 0.4041 | Attn: [0.553, 0.0, 0.447, 0.0, 0.0] | Ext: 53.2ms | Inf: 7.6ms | Total: 60.9ms
23:15:52 | Mask: [1.0, 0.0, 1.0, 0.0, 0.0] | Prob: 0.3981 | Attn: [0.553, 0.0, 0.447, 0.0, 0.0] | Ext: 53.2ms | Inf: 8.1ms | Total: 61.3ms
23:15:52 | Mask: [1.0, 0.0, 1.0, 0.0, 0.0] | Prob: 0.3939 | Attn: [0.553, 0.0, 0.447, 0.0, 0.0] | Ext: 53.2ms | Inf: 9.1ms | Total: 62.3ms
23:15:52 | Mask: [1.0, 0.0, 1.0, 0.0, 0.0] | Prob: 0.3910 | Attn: [0.553, 0.0, 0.447, 0.0, 0.0] | Ext: 53.2ms | Inf: 8.1ms | Total: 61.3ms
23:15:52 | Mask: [1.0, 0.0, 1.0, 0.0, 0.0] | Prob: 0.3890 | Attn: [0.553, 0.0, 0.447, 0.0, 0.0] | Ext: 53.2ms | Inf: 7.8ms | Total: 61.1ms
23:15:52 | Mask: [1.0, 0.0, 1.0, 0.0, 0.0] | Prob: 0.3651 | Attn: [0.596, 0.0, 0.404, 0.0, 0.0] | Ext: 53.2ms | Inf: 7.1ms | Total: 60.3ms
23:15:52 | Mask: [1.0, 0.0, 1.0, 0.0, 0.0] | Prob: 0.3484 | Attn: [0.596, 0.0, 0.404, 0.0, 0.0] | Ext: 53.2ms | Inf: 6.6ms | Total: 59.8ms
23:15:53 | Mask: [1.0, 0.0, 1.0, 0.0, 0.0] | Prob: 0.3367 | Attn: [0.596, 0.0, 0.404, 0.0, 0.0] | Ext: 53.2ms | Inf: 7.7ms | Total: 60.9ms
23:15:53 | Mask: [1.0, 0.0, 1.0, 0.0, 0.0] | Prob: 0.3285 | Attn: [0.596, 0.0, 0.404, 0.0, 0.0] | Ext: 53.2ms | Inf: 7.7ms | Total: 61.0ms
23:15:53 | Mask: [1.0, 0.0, 1.0, 0.0, 0.0] | Prob: 0.3227 | Attn: [0.596, 0.0, 0.404, 0.0, 0.0] | Ext: 53.2ms | Inf: 8.1ms | Total: 61.4ms
23:15:53 | Mask: [1.0, 0.0, 1.0, 0.0, 0.0] | Prob: 0.3187 | Attn: [0.596, 0.0, 0.404, 0.0, 0.0] | Ext: 53.2ms | Inf: 7.1ms | Total: 60.4ms
23:15:53 | Mask: [1.0, 0.0, 1.0, 0.0, 0.0] | Prob: 0.3159 | Attn: [0.596, 0.0, 0.404, 0.0, 0.0] | Ext: 53.2ms | Inf: 8.2ms | Total: 61.4ms
23:15:53 | Mask: [1.0, 0.0, 1.0, 0.0, 0.0] | Prob: 0.3140 | Attn: [0.596, 0.0, 0.404, 0.0, 0.0] | Ext: 53.2ms | Inf: 6.7ms | Total: 60.0ms
23:15:53 | Mask: [1.0, 0.0, 1.0, 0.0, 0.0] | Prob: 0.3126 | Attn: [0.596, 0.0, 0.404, 0.0, 0.0] | Ext: 53.2ms | Inf: 7.6ms | Total: 60.9ms
23:15:53 | Mask: [1.0, 0.0, 1.0, 0.0, 0.0] | Prob: 0.3116 | Attn: [0.596, 0.0, 0.404, 0.0, 0.0] | Ext: 53.2ms | Inf: 7.1ms | Total: 60.3ms
23:15:54 | Mask: [1.0, 0.0, 1.0, 0.0, 0.0] | Prob: 0.3109 | Attn: [0.596, 0.0, 0.404, 0.0, 0.0] | Ext: 53.2ms | Inf: 7.5ms | Total: 60.8ms
23:15:54 | Mask: [1.0, 0.0, 1.0, 0.0, 0.0] | Prob: 0.3105 | Attn: [0.596, 0.0, 0.404, 0.0, 0.0] | Ext: 53.2ms | Inf: 8.2ms | Total: 61.5ms
23:15:54 | Mask: [1.0, 0.0, 1.0, 0.0, 0.0] | Prob: 0.3101 | Attn: [0.596, 0.0, 0.404, 0.0, 0.0] | Ext: 53.2ms | Inf: 8.0ms | Total: 61.2ms
23:15:54 | Mask: [1.0, 0.0, 1.0, 0.0, 0.0] | Prob: 0.3099 | Attn: [0.596, 0.0, 0.404, 0.0, 0.0] | Ext: 53.2ms | Inf: 8.3ms | Total: 61.6ms
23:15:54 | Mask: [1.0, 0.0, 1.0, 0.0, 0.0] | Prob: 0.3097 | Attn: [0.596, 0.0, 0.404, 0.0, 0.0] | Ext: 53.2ms | Inf: 8.3ms | Total: 61.5ms
23:15:54 | Mask: [1.0, 0.0, 1.0, 0.0, 0.0] | Prob: 0.3096 | Attn: [0.596, 0.0, 0.404, 0.0, 0.0] | Ext: 51.8ms | Inf: 8.7ms | Total: 60.5ms
23:15:54 | Mask: [1.0, 0.0, 1.0, 0.0, 0.0] | Prob: 0.2979 | Attn: [0.312, 0.0, 0.688, 0.0, 0.0] | Ext: 51.8ms | Inf: 7.3ms | Total: 59.0ms
23:15:54 | Mask: [1.0, 0.0, 1.0, 0.0, 0.0] | Prob: 0.2897 | Attn: [0.312, 0.0, 0.688, 0.0, 0.0] | Ext: 51.8ms | Inf: 6.7ms | Total: 58.4ms
23:15:54 | Mask: [1.0, 0.0, 1.0, 0.0, 0.0] | Prob: 0.2840 | Attn: [0.312, 0.0, 0.688, 0.0, 0.0] | Ext: 51.8ms | Inf: 6.9ms | Total: 58.6ms
23:15:55 | Mask: [1.0, 0.0, 1.0, 0.0, 0.0] | Prob: 0.2799 | Attn: [0.312, 0.0, 0.688, 0.0, 0.0] | Ext: 51.8ms | Inf: 6.9ms | Total: 58.7ms
23:15:55 | Mask: [1.0, 0.0, 1.0, 0.0, 0.0] | Prob: 0.2771 | Attn: [0.312, 0.0, 0.688, 0.0, 0.0] | Ext: 51.8ms | Inf: 7.0ms | Total: 58.8ms
23:15:55 | Mask: [1.0, 0.0, 1.0, 0.0, 0.0] | Prob: 0.2752 | Attn: [0.312, 0.0, 0.688, 0.0, 0.0] | Ext: 51.8ms | Inf: 6.8ms | Total: 58.6ms
23:15:55 | Mask: [1.0, 0.0, 1.0, 0.0, 0.0] | Prob: 0.2738 | Attn: [0.312, 0.0, 0.688, 0.0, 0.0] | Ext: 51.8ms | Inf: 8.0ms | Total: 59.8ms
23:15:55 | Mask: [1.0, 0.0, 1.0, 0.0, 0.0] | Prob: 0.2728 | Attn: [0.312, 0.0, 0.688, 0.0, 0.0] | Ext: 51.8ms | Inf: 6.9ms | Total: 58.6ms
23:15:55 | Mask: [1.0, 0.0, 1.0, 0.0, 0.0] | Prob: 0.2721 | Attn: [0.312, 0.0, 0.688, 0.0, 0.0] | Ext: 51.8ms | Inf: 8.6ms | Total: 60.4ms
23:15:55 | Mask: [1.0, 0.0, 1.0, 0.0, 0.0] | Prob: 0.2568 | Attn: [0.445, 0.0, 0.555, 0.0, 0.0] | Ext: 51.8ms | Inf: 9.2ms | Total: 60.9ms
23:15:55 | Mask: [1.0, 0.0, 1.0, 0.0, 0.0] | Prob: 0.2461 | Attn: [0.445, 0.0, 0.555, 0.0, 0.0] | Ext: 51.8ms | Inf: 7.1ms | Total: 58.8ms
23:15:56 | Mask: [1.0, 0.0, 1.0, 0.0, 0.0] | Prob: 0.2386 | Attn: [0.445, 0.0, 0.555, 0.0, 0.0] | Ext: 51.8ms | Inf: 8.4ms | Total: 60.1ms
23:15:56 | Mask: [1.0, 0.0, 1.0, 0.0, 0.0] | Prob: 0.2333 | Attn: [0.445, 0.0, 0.555, 0.0, 0.0] | Ext: 51.8ms | Inf: 7.5ms | Total: 59.3ms
23:15:56 | Mask: [1.0, 0.0, 1.0, 0.0, 0.0] | Prob: 0.2296 | Attn: [0.445, 0.0, 0.555, 0.0, 0.0] | Ext: 51.8ms | Inf: 8.4ms | Total: 60.2ms
23:15:56 | Mask: [1.0, 0.0, 1.0, 0.0, 0.0] | Prob: 0.2271 | Attn: [0.445, 0.0, 0.555, 0.0, 0.0] | Ext: 51.8ms | Inf: 7.4ms | Total: 59.1ms
23:15:56 | Mask: [1.0, 0.0, 1.0, 0.0, 0.0] | Prob: 0.2253 | Attn: [0.445, 0.0, 0.555, 0.0, 0.0] | Ext: 51.8ms | Inf: 7.6ms | Total: 59.3ms
23:15:56 | Mask: [1.0, 0.0, 1.0, 0.0, 0.0] | Prob: 0.2240 | Attn: [0.445, 0.0, 0.555, 0.0, 0.0] | Ext: 51.8ms | Inf: 7.6ms | Total: 59.4ms
23:15:56 | Mask: [1.0, 0.0, 1.0, 0.0, 0.0] | Prob: 0.2231 | Attn: [0.445, 0.0, 0.555, 0.0, 0.0] | Ext: 51.8ms | Inf: 7.7ms | Total: 59.4ms
23:15:56 | Mask: [1.0, 0.0, 1.0, 0.0, 0.0] | Prob: 0.2225 | Attn: [0.445, 0.0, 0.555, 0.0, 0.0] | Ext: 51.8ms | Inf: 7.6ms | Total: 59.4ms
23:15:57 | Mask: [1.0, 0.0, 1.0, 0.0, 0.0] | Prob: 0.2221 | Attn: [0.445, 0.0, 0.555, 0.0, 0.0] | Ext: 51.8ms | Inf: 7.5ms | Total: 59.3ms
23:15:57 | Mask: [1.0, 0.0, 1.0, 0.0, 0.0] | Prob: 0.2218 | Attn: [0.445, 0.0, 0.555, 0.0, 0.0] | Ext: 51.8ms | Inf: 7.8ms | Total: 59.5ms
23:15:57 | Mask: [1.0, 0.0, 1.0, 0.0, 0.0] | Prob: 0.2215 | Attn: [0.445, 0.0, 0.555, 0.0, 0.0] | Ext: 51.8ms | Inf: 8.0ms | Total: 59.8ms
23:15:57 | Mask: [1.0, 0.0, 1.0, 0.0, 0.0] | Prob: 0.2214 | Attn: [0.445, 0.0, 0.555, 0.0, 0.0] | Ext: 51.8ms | Inf: 8.7ms | Total: 60.4ms
23:15:57 | Mask: [1.0, 0.0, 1.0, 0.0, 0.0] | Prob: 0.2213 | Attn: [0.445, 0.0, 0.555, 0.0, 0.0] | Ext: 51.8ms | Inf: 7.5ms | Total: 59.2ms
23:15:57 | Mask: [1.0, 0.0, 1.0, 0.0, 0.0] | Prob: 0.2830 | Attn: [0.649, 0.0, 0.351, 0.0, 0.0] | Ext: 52.2ms | Inf: 8.1ms | Total: 60.3ms
23:15:57 | Mask: [1.0, 0.0, 1.0, 0.0, 0.0] | Prob: 0.3262 | Attn: [0.649, 0.0, 0.351, 0.0, 0.0] | Ext: 52.2ms | Inf: 7.4ms | Total: 59.6ms
23:15:57 | Mask: [1.0, 0.0, 1.0, 0.0, 0.0] | Prob: 0.3565 | Attn: [0.649, 0.0, 0.351, 0.0, 0.0] | Ext: 52.2ms | Inf: 8.0ms | Total: 60.2ms
23:15:57 | Mask: [1.0, 0.0, 1.0, 0.0, 0.0] | Prob: 0.3776 | Attn: [0.649, 0.0, 0.351, 0.0, 0.0] | Ext: 52.2ms | Inf: 7.6ms | Total: 59.8ms
23:15:58 | Mask: [1.0, 0.0, 1.0, 0.0, 0.0] | Prob: 0.3924 | Attn: [0.649, 0.0, 0.351, 0.0, 0.0] | Ext: 52.2ms | Inf: 8.3ms | Total: 60.5ms
23:15:58 | Mask: [1.0, 0.0, 1.0, 0.0, 0.0] | Prob: 0.4028 | Attn: [0.649, 0.0, 0.351, 0.0, 0.0] | Ext: 52.2ms | Inf: 8.0ms | Total: 60.2ms
23:15:58 | Mask: [1.0, 0.0, 1.0, 0.0, 0.0] | Prob: 0.4101 | Attn: [0.649, 0.0, 0.351, 0.0, 0.0] | Ext: 52.2ms | Inf: 7.3ms | Total: 59.5ms
23:15:58 | Mask: [1.0, 0.0, 1.0, 0.0, 0.0] | Prob: 0.4152 | Attn: [0.649, 0.0, 0.351, 0.0, 0.0] | Ext: 52.2ms | Inf: 8.0ms | Total: 60.1ms
23:15:58 | Mask: [1.0, 0.0, 1.0, 0.0, 0.0] | Prob: 0.4187 | Attn: [0.649, 0.0, 0.351, 0.0, 0.0] | Ext: 52.2ms | Inf: 6.7ms | Total: 58.9ms
23:15:58 | Mask: [1.0, 0.0, 1.0, 0.0, 0.0] | Prob: 0.4590 | Attn: [0.735, 0.0, 0.265, 0.0, 0.0] | Ext: 52.2ms | Inf: 8.0ms | Total: 60.2ms
23:15:58 | Mask: [1.0, 0.0, 1.0, 0.0, 0.0] | Prob: 0.4872 | Attn: [0.735, 0.0, 0.265, 0.0, 0.0] | Ext: 52.2ms | Inf: 7.4ms | Total: 59.6ms
23:15:58 | Mask: [1.0, 0.0, 1.0, 0.0, 0.0] | Prob: 0.5070 | Attn: [0.735, 0.0, 0.265, 0.0, 0.0] | Ext: 52.2ms | Inf: 8.6ms | Total: 60.8ms
23:15:59 | Mask: [1.0, 0.0, 1.0, 0.0, 0.0] | Prob: 0.5208 | Attn: [0.735, 0.0, 0.265, 0.0, 0.0] | Ext: 52.2ms | Inf: 7.3ms | Total: 59.5ms
23:15:59 | Mask: [1.0, 0.0, 1.0, 0.0, 0.0] | Prob: 0.5305 | Attn: [0.735, 0.0, 0.265, 0.0, 0.0] | Ext: 52.2ms | Inf: 7.7ms | Total: 59.9ms
23:15:59 | Mask: [1.0, 0.0, 1.0, 0.0, 0.0] | Prob: 0.5372 | Attn: [0.735, 0.0, 0.265, 0.0, 0.0] | Ext: 52.2ms | Inf: 6.8ms | Total: 59.0ms
23:15:59 | Mask: [1.0, 0.0, 1.0, 0.0, 0.0] | Prob: 0.5420 | Attn: [0.735, 0.0, 0.265, 0.0, 0.0] | Ext: 52.2ms | Inf: 8.6ms | Total: 60.7ms
23:15:59 | Mask: [1.0, 0.0, 1.0, 0.0, 0.0] | Prob: 0.5453 | Attn: [0.735, 0.0, 0.265, 0.0, 0.0] | Ext: 52.2ms | Inf: 7.9ms | Total: 60.0ms
23:15:59 | Mask: [1.0, 0.0, 1.0, 0.0, 0.0] | Prob: 0.5476 | Attn: [0.735, 0.0, 0.265, 0.0, 0.0] | Ext: 52.2ms | Inf: 8.7ms | Total: 60.9ms
23:15:59 | Mask: [1.0, 0.0, 1.0, 0.0, 0.0] | Prob: 0.5492 | Attn: [0.735, 0.0, 0.265, 0.0, 0.0] | Ext: 52.2ms | Inf: 7.6ms | Total: 59.8ms
23:15:59 | Mask: [1.0, 0.0, 1.0, 0.0, 0.0] | Prob: 0.5504 | Attn: [0.735, 0.0, 0.265, 0.0, 0.0] | Ext: 52.2ms | Inf: 8.3ms | Total: 60.5ms
23:15:59 | Mask: [1.0, 0.0, 1.0, 0.0, 0.0] | Prob: 0.5512 | Attn: [0.735, 0.0, 0.265, 0.0, 0.0] | Ext: 52.2ms | Inf: 8.3ms | Total: 60.4ms
23:16:00 | Mask: [1.0, 0.0, 1.0, 0.0, 0.0] | Prob: 0.5517 | Attn: [0.735, 0.0, 0.265, 0.0, 0.0] | Ext: 52.2ms | Inf: 7.4ms | Total: 59.6ms
23:16:00 | Mask: [1.0, 0.0, 1.0, 0.0, 0.0] | Prob: 0.5521 | Attn: [0.735, 0.0, 0.265, 0.0, 0.0] | Ext: 52.2ms | Inf: 6.7ms | Total: 58.9ms
23:16:00 | Mask: [1.0, 0.0, 1.0, 0.0, 0.0] | Prob: 0.5524 | Attn: [0.735, 0.0, 0.265, 0.0, 0.0] | Ext: 52.2ms | Inf: 7.9ms | Total: 60.1ms
23:16:00 | Mask: [1.0, 0.0, 1.0, 0.0, 0.0] | Prob: 0.5526 | Attn: [0.735, 0.0, 0.265, 0.0, 0.0] | Ext: 52.2ms | Inf: 8.5ms | Total: 60.7ms
23:16:00 | Mask: [1.0, 0.0, 1.0, 0.0, 0.0] | Prob: 0.6232 | Attn: [0.486, 0.0, 0.514, 0.0, 0.0] | Ext: 53.9ms | Inf: 8.9ms | Total: 62.8ms
23:16:00 | Mask: [1.0, 0.0, 1.0, 0.0, 0.0] | Prob: 0.6726 | Attn: [0.486, 0.0, 0.514, 0.0, 0.0] | Ext: 53.9ms | Inf: 8.7ms | Total: 62.5ms
23:16:00 | Mask: [1.0, 0.0, 1.0, 0.0, 0.0] | Prob: 0.7072 | Attn: [0.486, 0.0, 0.514, 0.0, 0.0] | Ext: 53.9ms | Inf: 10.1ms | Total: 63.9ms
23:16:00 | Mask: [1.0, 0.0, 1.0, 0.0, 0.0] | Prob: 0.7315 | Attn: [0.486, 0.0, 0.514, 0.0, 0.0] | Ext: 53.9ms | Inf: 8.3ms | Total: 62.2ms
23:16:01 | Mask: [1.0, 0.0, 1.0, 0.0, 0.0] | Prob: 0.7484 | Attn: [0.486, 0.0, 0.514, 0.0, 0.0] | Ext: 53.9ms | Inf: 8.2ms | Total: 62.0ms
23:16:01 | Mask: [1.0, 0.0, 1.0, 0.0, 0.0] | Prob: 0.7603 | Attn: [0.486, 0.0, 0.514, 0.0, 0.0] | Ext: 53.9ms | Inf: 7.7ms | Total: 61.6ms
23:16:01 | Mask: [1.0, 0.0, 1.0, 0.0, 0.0] | Prob: 0.7686 | Attn: [0.486, 0.0, 0.514, 0.0, 0.0] | Ext: 53.9ms | Inf: 8.5ms | Total: 62.4ms
23:16:01 | Mask: [1.0, 0.0, 1.0, 0.0, 0.0] | Prob: 0.7744 | Attn: [0.486, 0.0, 0.514, 0.0, 0.0] | Ext: 53.9ms | Inf: 7.0ms | Total: 60.9ms
23:16:01 | Mask: [1.0, 0.0, 1.0, 0.0, 0.0] | Prob: 0.7785 | Attn: [0.486, 0.0, 0.514, 0.0, 0.0] | Ext: 53.9ms | Inf: 8.5ms | Total: 62.4ms
23:16:01 | Mask: [1.0, 0.0, 1.0, 0.0, 0.0] | Prob: 0.7237 | Attn: [0.392, 0.0, 0.608, 0.0, 0.0] | Ext: 53.9ms | Inf: 8.6ms | Total: 62.4ms
23:16:01 | Mask: [1.0, 0.0, 1.0, 0.0, 0.0] | Prob: 0.6853 | Attn: [0.392, 0.0, 0.608, 0.0, 0.0] | Ext: 53.9ms | Inf: 7.1ms | Total: 61.0ms
23:16:01 | Mask: [1.0, 0.0, 1.0, 0.0, 0.0] | Prob: 0.6584 | Attn: [0.392, 0.0, 0.608, 0.0, 0.0] | Ext: 53.9ms | Inf: 8.2ms | Total: 62.1ms
23:16:02 | Mask: [1.0, 0.0, 1.0, 0.0, 0.0] | Prob: 0.6396 | Attn: [0.392, 0.0, 0.608, 0.0, 0.0] | Ext: 53.9ms | Inf: 8.1ms | Total: 62.0ms
23:16:02 | Mask: [1.0, 0.0, 1.0, 0.0, 0.0] | Prob: 0.6265 | Attn: [0.392, 0.0, 0.608, 0.0, 0.0] | Ext: 53.9ms | Inf: 8.5ms | Total: 62.4ms
23:16:02 | Mask: [1.0, 0.0, 1.0, 0.0, 0.0] | Prob: 0.6173 | Attn: [0.392, 0.0, 0.608, 0.0, 0.0] | Ext: 53.9ms | Inf: 8.5ms | Total: 62.4ms
23:16:02 | Mask: [1.0, 0.0, 1.0, 0.0, 0.0] | Prob: 0.6108 | Attn: [0.392, 0.0, 0.608, 0.0, 0.0] | Ext: 53.9ms | Inf: 7.8ms | Total: 61.6ms
23:16:02 | Mask: [1.0, 0.0, 1.0, 0.0, 0.0] | Prob: 0.6063 | Attn: [0.392, 0.0, 0.608, 0.0, 0.0] | Ext: 53.9ms | Inf: 8.5ms | Total: 62.3ms
23:16:02 | Mask: [1.0, 0.0, 1.0, 0.0, 0.0] | Prob: 0.6031 | Attn: [0.392, 0.0, 0.608, 0.0, 0.0] | Ext: 53.9ms | Inf: 8.8ms | Total: 62.7ms
23:16:02 | Mask: [1.0, 0.0, 1.0, 0.0, 0.0] | Prob: 0.6009 | Attn: [0.392, 0.0, 0.608, 0.0, 0.0] | Ext: 53.9ms | Inf: 10.0ms | Total: 63.9ms
23:16:02 | Mask: [1.0, 0.0, 1.0, 0.0, 0.0] | Prob: 0.5994 | Attn: [0.392, 0.0, 0.608, 0.0, 0.0] | Ext: 53.9ms | Inf: 8.9ms | Total: 62.7ms
23:16:03 | Mask: [1.0, 0.0, 1.0, 0.0, 0.0] | Prob: 0.5983 | Attn: [0.392, 0.0, 0.608, 0.0, 0.0] | Ext: 53.9ms | Inf: 10.5ms | Total: 64.4ms
23:16:03 | Mask: [1.0, 0.0, 1.0, 0.0, 0.0] | Prob: 0.5975 | Attn: [0.392, 0.0, 0.608, 0.0, 0.0] | Ext: 53.9ms | Inf: 8.8ms | Total: 62.7ms
23:16:03 | Mask: [1.0, 0.0, 1.0, 0.0, 0.0] | Prob: 0.5970 | Attn: [0.392, 0.0, 0.608, 0.0, 0.0] | Ext: 53.9ms | Inf: 7.3ms | Total: 61.2ms
23:16:03 | Mask: [1.0, 0.0, 1.0, 0.0, 0.0] | Prob: 0.5966 | Attn: [0.392, 0.0, 0.608, 0.0, 0.0] | Ext: 53.9ms | Inf: 10.4ms | Total: 64.3ms
23:16:03 | Mask: [1.0, 0.0, 1.0, 0.0, 0.0] | Prob: 0.5458 | Attn: [0.731, 0.0, 0.269, 0.0, 0.0] | Ext: 61.2ms | Inf: 9.8ms | Total: 71.1ms
23:16:03 | Mask: [1.0, 0.0, 1.0, 0.0, 0.0] | Prob: 0.5102 | Attn: [0.731, 0.0, 0.269, 0.0, 0.0] | Ext: 61.2ms | Inf: 8.0ms | Total: 69.3ms
23:16:03 | Mask: [1.0, 0.0, 1.0, 0.0, 0.0] | Prob: 0.4853 | Attn: [0.731, 0.0, 0.269, 0.0, 0.0] | Ext: 61.2ms | Inf: 9.7ms | Total: 70.9ms
23:16:03 | Mask: [1.0, 0.0, 1.0, 0.0, 0.0] | Prob: 0.4678 | Attn: [0.731, 0.0, 0.269, 0.0, 0.0] | Ext: 61.2ms | Inf: 11.1ms | Total: 72.4ms
23:16:03 | Mask: [1.0, 0.0, 1.0, 0.0, 0.0] | Prob: 0.4556 | Attn: [0.731, 0.0, 0.269, 0.0, 0.0] | Ext: 61.2ms | Inf: 10.8ms | Total: 72.1ms
23:16:04 | Mask: [1.0, 0.0, 1.0, 0.0, 0.0] | Prob: 0.4471 | Attn: [0.731, 0.0, 0.269, 0.0, 0.0] | Ext: 61.2ms | Inf: 9.6ms | Total: 70.9ms
23:16:04 | Mask: [1.0, 0.0, 1.0, 0.0, 0.0] | Prob: 0.4411 | Attn: [0.731, 0.0, 0.269, 0.0, 0.0] | Ext: 61.2ms | Inf: 8.9ms | Total: 70.1ms
23:16:04 | Mask: [1.0, 0.0, 1.0, 0.0, 0.0] | Prob: 0.4369 | Attn: [0.731, 0.0, 0.269, 0.0, 0.0] | Ext: 61.2ms | Inf: 8.2ms | Total: 69.4ms
23:16:04 | Mask: [1.0, 0.0, 1.0, 0.0, 0.0] | Prob: 0.4340 | Attn: [0.731, 0.0, 0.269, 0.0, 0.0] | Ext: 61.2ms | Inf: 8.5ms | Total: 69.7ms
23:16:04 | Mask: [1.0, 0.0, 1.0, 0.0, 0.0] | Prob: 0.4387 | Attn: [0.706, 0.0, 0.294, 0.0, 0.0] | Ext: 61.2ms | Inf: 7.0ms | Total: 68.3ms
23:16:04 | Mask: [1.0, 0.0, 1.0, 0.0, 0.0] | Prob: 0.4420 | Attn: [0.706, 0.0, 0.294, 0.0, 0.0] | Ext: 61.2ms | Inf: 7.8ms | Total: 69.1ms
23:16:04 | Mask: [1.0, 0.0, 1.0, 0.0, 0.0] | Prob: 0.4443 | Attn: [0.706, 0.0, 0.294, 0.0, 0.0] | Ext: 61.2ms | Inf: 8.3ms | Total: 69.5ms
23:16:04 | Mask: [1.0, 0.0, 1.0, 0.0, 0.0] | Prob: 0.4459 | Attn: [0.706, 0.0, 0.294, 0.0, 0.0] | Ext: 61.2ms | Inf: 7.2ms | Total: 68.5ms
23:16:05 | Mask: [1.0, 0.0, 1.0, 0.0, 0.0] | Prob: 0.4470 | Attn: [0.706, 0.0, 0.294, 0.0, 0.0] | Ext: 61.2ms | Inf: 7.8ms | Total: 69.1ms
23:16:05 | Mask: [1.0, 0.0, 1.0, 0.0, 0.0] | Prob: 0.4478 | Attn: [0.706, 0.0, 0.294, 0.0, 0.0] | Ext: 61.2ms | Inf: 8.5ms | Total: 69.8ms
23:16:05 | Mask: [1.0, 0.0, 1.0, 0.0, 0.0] | Prob: 0.4484 | Attn: [0.706, 0.0, 0.294, 0.0, 0.0] | Ext: 61.2ms | Inf: 8.4ms | Total: 69.7ms
23:16:05 | Mask: [1.0, 0.0, 1.0, 0.0, 0.0] | Prob: 0.4487 | Attn: [0.706, 0.0, 0.294, 0.0, 0.0] | Ext: 61.2ms | Inf: 9.8ms | Total: 71.1ms
23:16:05 | Mask: [1.0, 0.0, 1.0, 0.0, 0.0] | Prob: 0.4490 | Attn: [0.706, 0.0, 0.294, 0.0, 0.0] | Ext: 61.2ms | Inf: 8.6ms | Total: 69.8ms
23:16:05 | Mask: [1.0, 0.0, 1.0, 0.0, 0.0] | Prob: 0.4492 | Attn: [0.706, 0.0, 0.294, 0.0, 0.0] | Ext: 61.2ms | Inf: 9.1ms | Total: 70.3ms
23:16:05 | Mask: [1.0, 0.0, 1.0, 0.0, 0.0] | Prob: 0.4493 | Attn: [0.706, 0.0, 0.294, 0.0, 0.0] | Ext: 61.2ms | Inf: 7.1ms | Total: 68.4ms
23:16:05 | Mask: [1.0, 0.0, 1.0, 0.0, 0.0] | Prob: 0.4494 | Attn: [0.706, 0.0, 0.294, 0.0, 0.0] | Ext: 61.2ms | Inf: 9.2ms | Total: 70.4ms
23:16:06 | Mask: [1.0, 0.0, 1.0, 0.0, 0.0] | Prob: 0.4495 | Attn: [0.706, 0.0, 0.294, 0.0, 0.0] | Ext: 61.2ms | Inf: 7.3ms | Total: 68.6ms
23:16:06 | Mask: [1.0, 0.0, 1.0, 0.0, 0.0] | Prob: 0.4495 | Attn: [0.706, 0.0, 0.294, 0.0, 0.0] | Ext: 61.2ms | Inf: 6.4ms | Total: 67.7ms
23:16:06 | Mask: [1.0, 0.0, 1.0, 0.0, 0.0] | Prob: 0.4496 | Attn: [0.706, 0.0, 0.294, 0.0, 0.0] | Ext: 61.2ms | Inf: 6.6ms | Total: 67.9ms
23:16:06 | Mask: [1.0, 0.0, 1.0, 0.0, 0.0] | Prob: 0.4496 | Attn: [0.706, 0.0, 0.294, 0.0, 0.0] | Ext: 54.9ms | Inf: 8.6ms | Total: 63.5ms
23:16:06 | Mask: [1.0, 0.0, 1.0, 0.0, 0.0] | Prob: 0.4150 | Attn: [0.44, 0.0, 0.56, 0.0, 0.0] | Ext: 54.9ms | Inf: 8.7ms | Total: 63.6ms
23:16:06 | Mask: [1.0, 0.0, 1.0, 0.0, 0.0] | Prob: 0.3907 | Attn: [0.44, 0.0, 0.56, 0.0, 0.0] | Ext: 54.9ms | Inf: 8.6ms | Total: 63.6ms
23:16:06 | Mask: [1.0, 0.0, 1.0, 0.0, 0.0] | Prob: 0.3738 | Attn: [0.44, 0.0, 0.56, 0.0, 0.0] | Ext: 54.9ms | Inf: 8.2ms | Total: 63.1ms
23:16:06 | Mask: [1.0, 0.0, 1.0, 0.0, 0.0] | Prob: 0.3619 | Attn: [0.44, 0.0, 0.56, 0.0, 0.0] | Ext: 54.9ms | Inf: 8.8ms | Total: 63.7ms
23:16:07 | Mask: [1.0, 0.0, 1.0, 0.0, 0.0] | Prob: 0.3536 | Attn: [0.44, 0.0, 0.56, 0.0, 0.0] | Ext: 54.9ms | Inf: 8.5ms | Total: 63.4ms
23:16:07 | Mask: [1.0, 0.0, 1.0, 0.0, 0.0] | Prob: 0.3478 | Attn: [0.44, 0.0, 0.56, 0.0, 0.0] | Ext: 54.9ms | Inf: 8.1ms | Total: 63.0ms
23:16:07 | Mask: [1.0, 0.0, 1.0, 0.0, 0.0] | Prob: 0.3437 | Attn: [0.44, 0.0, 0.56, 0.0, 0.0] | Ext: 54.9ms | Inf: 8.0ms | Total: 62.9ms
23:16:07 | Mask: [1.0, 0.0, 1.0, 0.0, 0.0] | Prob: 0.3408 | Attn: [0.44, 0.0, 0.56, 0.0, 0.0] | Ext: 54.9ms | Inf: 7.7ms | Total: 62.7ms
23:16:07 | Mask: [1.0, 0.0, 1.0, 0.0, 0.0] | Prob: 0.3388 | Attn: [0.44, 0.0, 0.56, 0.0, 0.0] | Ext: 54.9ms | Inf: 8.1ms | Total: 63.1ms
23:16:07 | Mask: [1.0, 0.0, 1.0, 0.0, 0.0] | Prob: 0.3390 | Attn: [0.359, 0.0, 0.641, 0.0, 0.0] | Ext: 54.9ms | Inf: 8.3ms | Total: 63.2ms
23:16:07 | Mask: [1.0, 0.0, 1.0, 0.0, 0.0] | Prob: 0.3391 | Attn: [0.359, 0.0, 0.641, 0.0, 0.0] | Ext: 54.9ms | Inf: 7.1ms | Total: 62.0ms
23:16:07 | Mask: [1.0, 0.0, 1.0, 0.0, 0.0] | Prob: 0.3392 | Attn: [0.359, 0.0, 0.641, 0.0, 0.0] | Ext: 54.9ms | Inf: 7.5ms | Total: 62.5ms
23:16:07 | Mask: [1.0, 0.0, 1.0, 0.0, 0.0] | Prob: 0.3393 | Attn: [0.359, 0.0, 0.641, 0.0, 0.0] | Ext: 54.9ms | Inf: 7.6ms | Total: 62.6ms
23:16:08 | Mask: [1.0, 0.0, 1.0, 0.0, 0.0] | Prob: 0.3393 | Attn: [0.359, 0.0, 0.641, 0.0, 0.0] | Ext: 54.9ms | Inf: 6.8ms | Total: 61.7ms
23:16:08 | Mask: [1.0, 0.0, 1.0, 0.0, 0.0] | Prob: 0.3393 | Attn: [0.359, 0.0, 0.641, 0.0, 0.0] | Ext: 54.9ms | Inf: 8.8ms | Total: 63.7ms
23:16:08 | Mask: [1.0, 0.0, 1.0, 0.0, 0.0] | Prob: 0.3394 | Attn: [0.359, 0.0, 0.641, 0.0, 0.0] | Ext: 54.9ms | Inf: 7.8ms | Total: 62.7ms
23:16:08 | Mask: [1.0, 0.0, 1.0, 0.0, 0.0] | Prob: 0.3394 | Attn: [0.359, 0.0, 0.641, 0.0, 0.0] | Ext: 54.9ms | Inf: 8.1ms | Total: 63.1ms
23:16:08 | Mask: [1.0, 0.0, 1.0, 0.0, 0.0] | Prob: 0.3394 | Attn: [0.359, 0.0, 0.641, 0.0, 0.0] | Ext: 54.9ms | Inf: 8.4ms | Total: 63.3ms
23:16:08 | Mask: [1.0, 0.0, 1.0, 0.0, 0.0] | Prob: 0.3394 | Attn: [0.359, 0.0, 0.641, 0.0, 0.0] | Ext: 54.9ms | Inf: 7.8ms | Total: 62.7ms
23:16:08 | Mask: [1.0, 0.0, 1.0, 0.0, 0.0] | Prob: 0.3394 | Attn: [0.359, 0.0, 0.641, 0.0, 0.0] | Ext: 54.9ms | Inf: 7.7ms | Total: 62.6ms
23:16:08 | Mask: [1.0, 0.0, 1.0, 0.0, 0.0] | Prob: 0.3394 | Attn: [0.359, 0.0, 0.641, 0.0, 0.0] | Ext: 54.9ms | Inf: 8.3ms | Total: 63.2ms
23:16:09 | Mask: [1.0, 0.0, 1.0, 0.0, 0.0] | Prob: 0.3394 | Attn: [0.359, 0.0, 0.641, 0.0, 0.0] | Ext: 54.9ms | Inf: 8.5ms | Total: 63.4ms
23:16:09 | Mask: [1.0, 0.0, 1.0, 0.0, 0.0] | Prob: 0.3394 | Attn: [0.359, 0.0, 0.641, 0.0, 0.0] | Ext: 54.9ms | Inf: 6.7ms | Total: 61.6ms
23:16:09 | Mask: [1.0, 0.0, 1.0, 0.0, 0.0] | Prob: 0.3394 | Attn: [0.359, 0.0, 0.641, 0.0, 0.0] | Ext: 54.9ms | Inf: 7.8ms | Total: 62.7ms
23:16:09 | Mask: [1.0, 0.0, 1.0, 0.0, 0.0] | Prob: 0.3210 | Attn: [0.648, 0.0, 0.352, 0.0, 0.0] | Ext: 45.2ms | Inf: 8.2ms | Total: 53.4ms
23:16:09 | Mask: [1.0, 0.0, 1.0, 0.0, 0.0] | Prob: 0.3081 | Attn: [0.648, 0.0, 0.352, 0.0, 0.0] | Ext: 45.2ms | Inf: 7.5ms | Total: 52.7ms
23:16:09 | Mask: [1.0, 0.0, 1.0, 0.0, 0.0] | Prob: 0.2991 | Attn: [0.648, 0.0, 0.352, 0.0, 0.0] | Ext: 45.2ms | Inf: 6.7ms | Total: 52.0ms
23:16:09 | Mask: [1.0, 0.0, 1.0, 0.0, 0.0] | Prob: 0.2928 | Attn: [0.648, 0.0, 0.352, 0.0, 0.0] | Ext: 45.2ms | Inf: 7.1ms | Total: 52.3ms
23:16:09 | Mask: [1.0, 0.0, 1.0, 0.0, 0.0] | Prob: 0.2884 | Attn: [0.648, 0.0, 0.352, 0.0, 0.0] | Ext: 45.2ms | Inf: 8.6ms | Total: 53.8ms
23:16:09 | Mask: [1.0, 0.0, 1.0, 0.0, 0.0] | Prob: 0.2853 | Attn: [0.648, 0.0, 0.352, 0.0, 0.0] | Ext: 45.2ms | Inf: 8.0ms | Total: 53.3ms
23:16:10 | Mask: [1.0, 0.0, 1.0, 0.0, 0.0] | Prob: 0.2831 | Attn: [0.648, 0.0, 0.352, 0.0, 0.0] | Ext: 45.2ms | Inf: 9.1ms | Total: 54.3ms
23:16:10 | Mask: [1.0, 0.0, 1.0, 0.0, 0.0] | Prob: 0.2816 | Attn: [0.648, 0.0, 0.352, 0.0, 0.0] | Ext: 45.2ms | Inf: 7.6ms | Total: 52.8ms
23:16:10 | Mask: [1.0, 0.0, 1.0, 0.0, 0.0] | Prob: 0.2805 | Attn: [0.648, 0.0, 0.352, 0.0, 0.0] | Ext: 45.2ms | Inf: 8.2ms | Total: 53.4ms
23:16:10 | Mask: [1.0, 0.0, 1.0, 0.0, 0.0] | Prob: 0.2594 | Attn: [0.607, 0.0, 0.393, 0.0, 0.0] | Ext: 45.2ms | Inf: 7.3ms | Total: 52.5ms
23:16:10 | Mask: [1.0, 0.0, 1.0, 0.0, 0.0] | Prob: 0.2447 | Attn: [0.607, 0.0, 0.393, 0.0, 0.0] | Ext: 45.2ms | Inf: 6.6ms | Total: 51.8ms
23:16:10 | Mask: [1.0, 0.0, 1.0, 0.0, 0.0] | Prob: 0.2343 | Attn: [0.607, 0.0, 0.393, 0.0, 0.0] | Ext: 45.2ms | Inf: 6.9ms | Total: 52.1ms
23:16:10 | Mask: [1.0, 0.0, 1.0, 0.0, 0.0] | Prob: 0.2271 | Attn: [0.607, 0.0, 0.393, 0.0, 0.0] | Ext: 45.2ms | Inf: 7.6ms | Total: 52.9ms
23:16:10 | Mask: [1.0, 0.0, 1.0, 0.0, 0.0] | Prob: 0.2220 | Attn: [0.607, 0.0, 0.393, 0.0, 0.0] | Ext: 45.2ms | Inf: 7.6ms | Total: 52.8ms
23:16:11 | Mask: [1.0, 0.0, 1.0, 0.0, 0.0] | Prob: 0.2185 | Attn: [0.607, 0.0, 0.393, 0.0, 0.0] | Ext: 45.2ms | Inf: 7.5ms | Total: 52.8ms
23:16:11 | Mask: [1.0, 0.0, 1.0, 0.0, 0.0] | Prob: 0.2160 | Attn: [0.607, 0.0, 0.393, 0.0, 0.0] | Ext: 45.2ms | Inf: 8.6ms | Total: 53.8ms
23:16:11 | Mask: [1.0, 0.0, 1.0, 0.0, 0.0] | Prob: 0.2143 | Attn: [0.607, 0.0, 0.393, 0.0, 0.0] | Ext: 45.2ms | Inf: 7.5ms | Total: 52.7ms
23:16:11 | Mask: [1.0, 0.0, 1.0, 0.0, 0.0] | Prob: 0.2131 | Attn: [0.607, 0.0, 0.393, 0.0, 0.0] | Ext: 45.2ms | Inf: 7.4ms | Total: 52.7ms
23:16:11 | Mask: [1.0, 0.0, 1.0, 0.0, 0.0] | Prob: 0.2122 | Attn: [0.607, 0.0, 0.393, 0.0, 0.0] | Ext: 45.2ms | Inf: 8.4ms | Total: 53.6ms
23:16:11 | Mask: [1.0, 0.0, 1.0, 0.0, 0.0] | Prob: 0.2116 | Attn: [0.607, 0.0, 0.393, 0.0, 0.0] | Ext: 45.2ms | Inf: 8.1ms | Total: 53.4ms
23:16:11 | Mask: [1.0, 0.0, 1.0, 0.0, 0.0] | Prob: 0.2112 | Attn: [0.607, 0.0, 0.393, 0.0, 0.0] | Ext: 45.2ms | Inf: 7.4ms | Total: 52.7ms
23:16:11 | Mask: [1.0, 0.0, 1.0, 0.0, 0.0] | Prob: 0.2109 | Attn: [0.607, 0.0, 0.393, 0.0, 0.0] | Ext: 45.2ms | Inf: 6.7ms | Total: 51.9ms
23:16:12 | Mask: [1.0, 0.0, 1.0, 0.0, 0.0] | Prob: 0.2107 | Attn: [0.607, 0.0, 0.393, 0.0, 0.0] | Ext: 45.2ms | Inf: 8.1ms | Total: 53.4ms
23:16:12 | Mask: [1.0, 0.0, 1.0, 0.0, 0.0] | Prob: 0.2105 | Attn: [0.607, 0.0, 0.393, 0.0, 0.0] | Ext: 45.2ms | Inf: 7.5ms | Total: 52.8ms
23:16:12 | Mask: [1.0, 0.0, 1.0, 0.0, 0.0] | Prob: 0.2104 | Attn: [0.607, 0.0, 0.393, 0.0, 0.0] | Ext: 45.2ms | Inf: 6.8ms | Total: 52.0ms
23:16:12 | Mask: [1.0, 0.0, 1.0, 0.0, 0.0] | Prob: 0.2583 | Attn: [0.492, 0.0, 0.508, 0.0, 0.0] | Ext: 47.0ms | Inf: 6.6ms | Total: 53.6ms
23:16:12 | Mask: [1.0, 0.0, 1.0, 0.0, 0.0] | Prob: 0.2918 | Attn: [0.492, 0.0, 0.508, 0.0, 0.0] | Ext: 47.0ms | Inf: 6.8ms | Total: 53.8ms
23:16:12 | Mask: [1.0, 0.0, 1.0, 0.0, 0.0] | Prob: 0.3152 | Attn: [0.492, 0.0, 0.508, 0.0, 0.0] | Ext: 47.0ms | Inf: 6.8ms | Total: 53.8ms
23:16:12 | Mask: [1.0, 0.0, 1.0, 0.0, 0.0] | Prob: 0.3316 | Attn: [0.492, 0.0, 0.508, 0.0, 0.0] | Ext: 47.0ms | Inf: 7.3ms | Total: 54.3ms
23:16:12 | Mask: [1.0, 0.0, 1.0, 0.0, 0.0] | Prob: 0.3431 | Attn: [0.492, 0.0, 0.508, 0.0, 0.0] | Ext: 47.0ms | Inf: 7.1ms | Total: 54.1ms
23:16:12 | Mask: [1.0, 0.0, 1.0, 0.0, 0.0] | Prob: 0.3512 | Attn: [0.492, 0.0, 0.508, 0.0, 0.0] | Ext: 47.0ms | Inf: 7.9ms | Total: 54.9ms
23:16:13 | Mask: [1.0, 0.0, 1.0, 0.0, 0.0] | Prob: 0.3568 | Attn: [0.492, 0.0, 0.508, 0.0, 0.0] | Ext: 47.0ms | Inf: 7.6ms | Total: 54.6ms
23:16:13 | Mask: [1.0, 0.0, 1.0, 0.0, 0.0] | Prob: 0.3607 | Attn: [0.492, 0.0, 0.508, 0.0, 0.0] | Ext: 47.0ms | Inf: 7.3ms | Total: 54.3ms
23:16:13 | Mask: [1.0, 0.0, 1.0, 0.0, 0.0] | Prob: 0.3635 | Attn: [0.492, 0.0, 0.508, 0.0, 0.0] | Ext: 47.0ms | Inf: 9.3ms | Total: 56.3ms
23:16:13 | Mask: [1.0, 0.0, 1.0, 0.0, 0.0] | Prob: 0.3782 | Attn: [0.411, 0.0, 0.589, 0.0, 0.0] | Ext: 47.0ms | Inf: 8.3ms | Total: 55.3ms
23:16:13 | Mask: [1.0, 0.0, 1.0, 0.0, 0.0] | Prob: 0.3886 | Attn: [0.411, 0.0, 0.589, 0.0, 0.0] | Ext: 47.0ms | Inf: 7.7ms | Total: 54.6ms
23:16:13 | Mask: [1.0, 0.0, 1.0, 0.0, 0.0] | Prob: 0.3958 | Attn: [0.411, 0.0, 0.589, 0.0, 0.0] | Ext: 47.0ms | Inf: 8.1ms | Total: 55.1ms
23:16:13 | Mask: [1.0, 0.0, 1.0, 0.0, 0.0] | Prob: 0.4008 | Attn: [0.411, 0.0, 0.589, 0.0, 0.0] | Ext: 47.0ms | Inf: 7.7ms | Total: 54.7ms
23:16:13 | Mask: [1.0, 0.0, 1.0, 0.0, 0.0] | Prob: 0.4044 | Attn: [0.411, 0.0, 0.589, 0.0, 0.0] | Ext: 47.0ms | Inf: 8.1ms | Total: 55.1ms
23:16:14 | Mask: [1.0, 0.0, 1.0, 0.0, 0.0] | Prob: 0.4068 | Attn: [0.411, 0.0, 0.589, 0.0, 0.0] | Ext: 47.0ms | Inf: 7.0ms | Total: 54.0ms
23:16:14 | Mask: [1.0, 0.0, 1.0, 0.0, 0.0] | Prob: 0.4086 | Attn: [0.411, 0.0, 0.589, 0.0, 0.0] | Ext: 47.0ms | Inf: 8.1ms | Total: 55.1ms
23:16:14 | Mask: [1.0, 0.0, 1.0, 0.0, 0.0] | Prob: 0.4098 | Attn: [0.411, 0.0, 0.589, 0.0, 0.0] | Ext: 47.0ms | Inf: 9.1ms | Total: 56.1ms
23:16:14 | Mask: [1.0, 0.0, 1.0, 0.0, 0.0] | Prob: 0.4106 | Attn: [0.411, 0.0, 0.589, 0.0, 0.0] | Ext: 47.0ms | Inf: 7.6ms | Total: 54.6ms
23:16:14 | Mask: [1.0, 0.0, 1.0, 0.0, 0.0] | Prob: 0.4112 | Attn: [0.411, 0.0, 0.589, 0.0, 0.0] | Ext: 47.0ms | Inf: 8.9ms | Total: 55.9ms
23:16:14 | Mask: [1.0, 0.0, 1.0, 0.0, 0.0] | Prob: 0.4116 | Attn: [0.411, 0.0, 0.589, 0.0, 0.0] | Ext: 47.0ms | Inf: 8.5ms | Total: 55.5ms
23:16:14 | Mask: [1.0, 0.0, 1.0, 0.0, 0.0] | Prob: 0.4119 | Attn: [0.411, 0.0, 0.589, 0.0, 0.0] | Ext: 47.0ms | Inf: 7.1ms | Total: 54.1ms
23:16:14 | Mask: [1.0, 0.0, 1.0, 0.0, 0.0] | Prob: 0.4121 | Attn: [0.411, 0.0, 0.589, 0.0, 0.0] | Ext: 47.0ms | Inf: 8.5ms | Total: 55.5ms
23:16:15 | Mask: [1.0, 0.0, 1.0, 0.0, 0.0] | Prob: 0.4123 | Attn: [0.411, 0.0, 0.589, 0.0, 0.0] | Ext: 47.0ms | Inf: 8.1ms | Total: 55.1ms
23:16:15 | Mask: [1.0, 0.0, 1.0, 0.0, 0.0] | Prob: 0.4124 | Attn: [0.411, 0.0, 0.589, 0.0, 0.0] | Ext: 47.0ms | Inf: 7.4ms | Total: 54.4ms
23:16:15 | Mask: [1.0, 0.0, 1.0, 0.0, 0.0] | Prob: 0.3675 | Attn: [0.481, 0.0, 0.519, 0.0, 0.0] | Ext: 45.7ms | Inf: 9.1ms | Total: 54.8ms
23:16:15 | Mask: [1.0, 0.0, 1.0, 0.0, 0.0] | Prob: 0.3361 | Attn: [0.481, 0.0, 0.519, 0.0, 0.0] | Ext: 45.7ms | Inf: 8.6ms | Total: 54.4ms
23:16:15 | Mask: [1.0, 0.0, 1.0, 0.0, 0.0] | Prob: 0.3141 | Attn: [0.481, 0.0, 0.519, 0.0, 0.0] | Ext: 45.7ms | Inf: 7.7ms | Total: 53.4ms
23:16:15 | Mask: [1.0, 0.0, 1.0, 0.0, 0.0] | Prob: 0.2987 | Attn: [0.481, 0.0, 0.519, 0.0, 0.0] | Ext: 45.7ms | Inf: 7.2ms | Total: 53.0ms
23:16:15 | Mask: [1.0, 0.0, 1.0, 0.0, 0.0] | Prob: 0.2879 | Attn: [0.481, 0.0, 0.519, 0.0, 0.0] | Ext: 45.7ms | Inf: 6.8ms | Total: 52.5ms
23:16:15 | Mask: [1.0, 0.0, 1.0, 0.0, 0.0] | Prob: 0.2804 | Attn: [0.481, 0.0, 0.519, 0.0, 0.0] | Ext: 45.7ms | Inf: 6.8ms | Total: 52.6ms
23:16:15 | Mask: [1.0, 0.0, 1.0, 0.0, 0.0] | Prob: 0.2751 | Attn: [0.481, 0.0, 0.519, 0.0, 0.0] | Ext: 45.7ms | Inf: 8.1ms | Total: 53.8ms
23:16:16 | Mask: [1.0, 0.0, 1.0, 0.0, 0.0] | Prob: 0.2714 | Attn: [0.481, 0.0, 0.519, 0.0, 0.0] | Ext: 45.7ms | Inf: 7.1ms | Total: 52.8ms
23:16:16 | Mask: [1.0, 0.0, 1.0, 0.0, 0.0] | Prob: 0.2688 | Attn: [0.481, 0.0, 0.519, 0.0, 0.0] | Ext: 45.7ms | Inf: 8.9ms | Total: 54.7ms
23:16:16 | Mask: [1.0, 0.0, 1.0, 0.0, 0.0] | Prob: 0.2618 | Attn: [0.383, 0.0, 0.617, 0.0, 0.0] | Ext: 45.7ms | Inf: 8.9ms | Total: 54.7ms
23:16:16 | Mask: [1.0, 0.0, 1.0, 0.0, 0.0] | Prob: 0.2568 | Attn: [0.383, 0.0, 0.617, 0.0, 0.0] | Ext: 45.7ms | Inf: 8.3ms | Total: 54.1ms
23:16:16 | Mask: [1.0, 0.0, 1.0, 0.0, 0.0] | Prob: 0.2534 | Attn: [0.383, 0.0, 0.617, 0.0, 0.0] | Ext: 45.7ms | Inf: 8.2ms | Total: 53.9ms
23:16:16 | Mask: [1.0, 0.0, 1.0, 0.0, 0.0] | Prob: 0.2510 | Attn: [0.383, 0.0, 0.617, 0.0, 0.0] | Ext: 45.7ms | Inf: 7.4ms | Total: 53.2ms
23:16:16 | Mask: [1.0, 0.0, 1.0, 0.0, 0.0] | Prob: 0.2493 | Attn: [0.383, 0.0, 0.617, 0.0, 0.0] | Ext: 45.7ms | Inf: 7.3ms | Total: 53.0ms
23:16:16 | Mask: [1.0, 0.0, 1.0, 0.0, 0.0] | Prob: 0.2481 | Attn: [0.383, 0.0, 0.617, 0.0, 0.0] | Ext: 45.7ms | Inf: 7.0ms | Total: 52.7ms
23:16:17 | Mask: [1.0, 0.0, 1.0, 0.0, 0.0] | Prob: 0.2473 | Attn: [0.383, 0.0, 0.617, 0.0, 0.0] | Ext: 45.7ms | Inf: 8.0ms | Total: 53.8ms
23:16:17 | Mask: [1.0, 0.0, 1.0, 0.0, 0.0] | Prob: 0.2467 | Attn: [0.383, 0.0, 0.617, 0.0, 0.0] | Ext: 45.7ms | Inf: 7.1ms | Total: 52.8ms
23:16:17 | Mask: [1.0, 0.0, 1.0, 0.0, 0.0] | Prob: 0.2463 | Attn: [0.383, 0.0, 0.617, 0.0, 0.0] | Ext: 45.7ms | Inf: 7.0ms | Total: 52.7ms
23:16:17 | Mask: [1.0, 0.0, 1.0, 0.0, 0.0] | Prob: 0.2460 | Attn: [0.383, 0.0, 0.617, 0.0, 0.0] | Ext: 45.7ms | Inf: 7.1ms | Total: 52.9ms
23:16:17 | Mask: [1.0, 0.0, 1.0, 0.0, 0.0] | Prob: 0.2458 | Attn: [0.383, 0.0, 0.617, 0.0, 0.0] | Ext: 45.7ms | Inf: 6.5ms | Total: 52.3ms
23:16:17 | Mask: [1.0, 0.0, 1.0, 0.0, 0.0] | Prob: 0.2457 | Attn: [0.383, 0.0, 0.617, 0.0, 0.0] | Ext: 45.7ms | Inf: 7.3ms | Total: 53.1ms
23:16:17 | Mask: [1.0, 0.0, 1.0, 0.0, 0.0] | Prob: 0.2456 | Attn: [0.383, 0.0, 0.617, 0.0, 0.0] | Ext: 45.7ms | Inf: 7.0ms | Total: 52.7ms
23:16:17 | Mask: [1.0, 0.0, 1.0, 0.0, 0.0] | Prob: 0.2455 | Attn: [0.383, 0.0, 0.617, 0.0, 0.0] | Ext: 45.7ms | Inf: 9.4ms | Total: 55.1ms
23:16:17 | Mask: [1.0, 0.0, 1.0, 0.0, 0.0] | Prob: 0.2454 | Attn: [0.383, 0.0, 0.617, 0.0, 0.0] | Ext: 45.7ms | Inf: 9.2ms | Total: 54.9ms
23:16:18 | Mask: [1.0, 0.0, 1.0, 0.0, 0.0] | Prob: 0.2454 | Attn: [0.383, 0.0, 0.617, 0.0, 0.0] | Ext: 45.7ms | Inf: 9.4ms | Total: 55.1ms
23:16:18 | Mask: [1.0, 0.0, 1.0, 0.0, 0.0] | Prob: 0.2548 | Attn: [0.382, 0.0, 0.618, 0.0, 0.0] | Ext: 49.3ms | Inf: 9.2ms | Total: 58.6ms
23:16:18 | Mask: [1.0, 0.0, 1.0, 0.0, 0.0] | Prob: 0.2614 | Attn: [0.382, 0.0, 0.618, 0.0, 0.0] | Ext: 49.3ms | Inf: 8.2ms | Total: 57.5ms
23:16:18 | Mask: [1.0, 0.0, 1.0, 0.0, 0.0] | Prob: 0.2660 | Attn: [0.382, 0.0, 0.618, 0.0, 0.0] | Ext: 49.3ms | Inf: 8.0ms | Total: 57.3ms
23:16:18 | Mask: [1.0, 0.0, 1.0, 0.0, 0.0] | Prob: 0.2692 | Attn: [0.382, 0.0, 0.618, 0.0, 0.0] | Ext: 49.3ms | Inf: 7.3ms | Total: 56.7ms
23:16:18 | Mask: [1.0, 0.0, 1.0, 0.0, 0.0] | Prob: 0.2715 | Attn: [0.382, 0.0, 0.618, 0.0, 0.0] | Ext: 49.3ms | Inf: 8.9ms | Total: 58.2ms
23:16:18 | Mask: [1.0, 0.0, 1.0, 0.0, 0.0] | Prob: 0.2731 | Attn: [0.382, 0.0, 0.618, 0.0, 0.0] | Ext: 49.3ms | Inf: 7.7ms | Total: 57.0ms
23:16:18 | Mask: [1.0, 0.0, 1.0, 0.0, 0.0] | Prob: 0.2742 | Attn: [0.382, 0.0, 0.618, 0.0, 0.0] | Ext: 49.3ms | Inf: 7.8ms | Total: 57.1ms
23:16:19 | Mask: [1.0, 0.0, 1.0, 0.0, 0.0] | Prob: 0.2749 | Attn: [0.382, 0.0, 0.618, 0.0, 0.0] | Ext: 49.3ms | Inf: 9.6ms | Total: 59.0ms
23:16:19 | Mask: [1.0, 0.0, 1.0, 0.0, 0.0] | Prob: 0.2755 | Attn: [0.382, 0.0, 0.618, 0.0, 0.0] | Ext: 49.3ms | Inf: 8.3ms | Total: 57.7ms
23:16:19 | Mask: [1.0, 0.0, 1.0, 0.0, 0.0] | Prob: 0.2733 | Attn: [0.407, 0.0, 0.593, 0.0, 0.0] | Ext: 49.3ms | Inf: 8.8ms | Total: 58.2ms
23:16:19 | Mask: [1.0, 0.0, 1.0, 0.0, 0.0] | Prob: 0.2719 | Attn: [0.407, 0.0, 0.593, 0.0, 0.0] | Ext: 49.3ms | Inf: 8.1ms | Total: 57.4ms
23:16:19 | Mask: [1.0, 0.0, 1.0, 0.0, 0.0] | Prob: 0.2708 | Attn: [0.407, 0.0, 0.593, 0.0, 0.0] | Ext: 49.3ms | Inf: 7.4ms | Total: 56.8ms
23:16:19 | Mask: [1.0, 0.0, 1.0, 0.0, 0.0] | Prob: 0.2701 | Attn: [0.407, 0.0, 0.593, 0.0, 0.0] | Ext: 49.3ms | Inf: 7.4ms | Total: 56.7ms
23:16:19 | Mask: [1.0, 0.0, 1.0, 0.0, 0.0] | Prob: 0.2696 | Attn: [0.407, 0.0, 0.593, 0.0, 0.0] | Ext: 49.3ms | Inf: 9.0ms | Total: 58.3ms
23:16:19 | Mask: [1.0, 0.0, 1.0, 0.0, 0.0] | Prob: 0.2692 | Attn: [0.407, 0.0, 0.593, 0.0, 0.0] | Ext: 49.3ms | Inf: 8.4ms | Total: 57.7ms
23:16:20 | Mask: [1.0, 0.0, 1.0, 0.0, 0.0] | Prob: 0.2690 | Attn: [0.407, 0.0, 0.593, 0.0, 0.0] | Ext: 49.3ms | Inf: 7.7ms | Total: 57.1ms
23:16:20 | Mask: [1.0, 0.0, 1.0, 0.0, 0.0] | Prob: 0.2688 | Attn: [0.407, 0.0, 0.593, 0.0, 0.0] | Ext: 49.3ms | Inf: 8.6ms | Total: 57.9ms
23:16:20 | Mask: [1.0, 0.0, 1.0, 0.0, 0.0] | Prob: 0.2687 | Attn: [0.407, 0.0, 0.593, 0.0, 0.0] | Ext: 49.3ms | Inf: 7.8ms | Total: 57.2ms
23:16:20 | Mask: [1.0, 0.0, 1.0, 0.0, 0.0] | Prob: 0.2686 | Attn: [0.407, 0.0, 0.593, 0.0, 0.0] | Ext: 49.3ms | Inf: 8.0ms | Total: 57.3ms
23:16:20 | Mask: [1.0, 0.0, 1.0, 0.0, 0.0] | Prob: 0.2685 | Attn: [0.407, 0.0, 0.593, 0.0, 0.0] | Ext: 49.3ms | Inf: 8.2ms | Total: 57.5ms
23:16:20 | Mask: [1.0, 0.0, 1.0, 0.0, 0.0] | Prob: 0.2685 | Attn: [0.407, 0.0, 0.593, 0.0, 0.0] | Ext: 49.3ms | Inf: 8.4ms | Total: 57.7ms
23:16:20 | Mask: [1.0, 0.0, 1.0, 0.0, 0.0] | Prob: 0.2684 | Attn: [0.407, 0.0, 0.593, 0.0, 0.0] | Ext: 49.3ms | Inf: 7.7ms | Total: 57.0ms
23:16:20 | Mask: [1.0, 0.0, 1.0, 0.0, 0.0] | Prob: 0.2684 | Attn: [0.407, 0.0, 0.593, 0.0, 0.0] | Ext: 49.3ms | Inf: 6.7ms | Total: 56.0ms
23:16:20 | Mask: [1.0, 0.0, 1.0, 0.0, 0.0] | Prob: 0.2684 | Attn: [0.407, 0.0, 0.593, 0.0, 0.0] | Ext: 49.3ms | Inf: 7.5ms | Total: 56.8ms
23:16:21 | Mask: [1.0, 0.0, 1.0, 0.0, 0.0] | Prob: 0.2684 | Attn: [0.407, 0.0, 0.593, 0.0, 0.0] | Ext: 49.3ms | Inf: 6.9ms | Total: 56.3ms
23:16:21 | Mask: [1.0, 0.0, 1.0, 0.0, 0.0] | Prob: 0.3104 | Attn: [0.534, 0.0, 0.466, 0.0, 0.0] | Ext: 47.7ms | Inf: 8.2ms | Total: 55.9ms
23:16:21 | Mask: [1.0, 0.0, 1.0, 0.0, 0.0] | Prob: 0.3398 | Attn: [0.534, 0.0, 0.466, 0.0, 0.0] | Ext: 47.7ms | Inf: 8.3ms | Total: 55.9ms
23:16:21 | Mask: [1.0, 0.0, 1.0, 0.0, 0.0] | Prob: 0.3603 | Attn: [0.534, 0.0, 0.466, 0.0, 0.0] | Ext: 47.7ms | Inf: 8.0ms | Total: 55.6ms
23:16:21 | Mask: [1.0, 0.0, 1.0, 0.0, 0.0] | Prob: 0.3747 | Attn: [0.534, 0.0, 0.466, 0.0, 0.0] | Ext: 47.7ms | Inf: 7.8ms | Total: 55.4ms
23:16:21 | Mask: [1.0, 0.0, 1.0, 0.0, 0.0] | Prob: 0.3848 | Attn: [0.534, 0.0, 0.466, 0.0, 0.0] | Ext: 47.7ms | Inf: 8.3ms | Total: 56.0ms
23:16:21 | Mask: [1.0, 0.0, 1.0, 0.0, 0.0] | Prob: 0.3919 | Attn: [0.534, 0.0, 0.466, 0.0, 0.0] | Ext: 47.7ms | Inf: 6.8ms | Total: 54.4ms
23:16:21 | Mask: [1.0, 0.0, 1.0, 0.0, 0.0] | Prob: 0.3968 | Attn: [0.534, 0.0, 0.466, 0.0, 0.0] | Ext: 47.7ms | Inf: 7.9ms | Total: 55.5ms
23:16:22 | Mask: [1.0, 0.0, 1.0, 0.0, 0.0] | Prob: 0.4003 | Attn: [0.534, 0.0, 0.466, 0.0, 0.0] | Ext: 47.7ms | Inf: 7.4ms | Total: 55.1ms
23:16:22 | Mask: [1.0, 0.0, 1.0, 0.0, 0.0] | Prob: 0.4027 | Attn: [0.534, 0.0, 0.466, 0.0, 0.0] | Ext: 47.7ms | Inf: 7.4ms | Total: 55.1ms
23:16:22 | Mask: [1.0, 0.0, 1.0, 0.0, 0.0] | Prob: 0.4044 | Attn: [0.534, 0.0, 0.466, 0.0, 0.0] | Ext: 47.7ms | Inf: 7.4ms | Total: 55.1ms
23:16:22 | Mask: [1.0, 0.0, 1.0, 0.0, 0.0] | Prob: 0.4056 | Attn: [0.534, 0.0, 0.466, 0.0, 0.0] | Ext: 47.7ms | Inf: 7.3ms | Total: 54.9ms
23:16:22 | Mask: [1.0, 0.0, 1.0, 0.0, 0.0] | Prob: 0.4064 | Attn: [0.534, 0.0, 0.466, 0.0, 0.0] | Ext: 47.7ms | Inf: 7.2ms | Total: 54.8ms
23:16:22 | Mask: [1.0, 0.0, 1.0, 0.0, 0.0] | Prob: 0.4070 | Attn: [0.534, 0.0, 0.466, 0.0, 0.0] | Ext: 47.7ms | Inf: 9.1ms | Total: 56.8ms
23:16:22 | Mask: [1.0, 0.0, 1.0, 0.0, 0.0] | Prob: 0.4074 | Attn: [0.534, 0.0, 0.466, 0.0, 0.0] | Ext: 47.7ms | Inf: 7.2ms | Total: 54.9ms
23:16:22 | Mask: [1.0, 0.0, 1.0, 0.0, 0.0] | Prob: 0.4077 | Attn: [0.534, 0.0, 0.466, 0.0, 0.0] | Ext: 47.7ms | Inf: 8.2ms | Total: 55.8ms
23:16:23 | Mask: [1.0, 0.0, 1.0, 0.0, 0.0] | Prob: 0.4079 | Attn: [0.534, 0.0, 0.466, 0.0, 0.0] | Ext: 47.7ms | Inf: 9.0ms | Total: 56.6ms
23:16:23 | Mask: [1.0, 0.0, 1.0, 0.0, 0.0] | Prob: 0.4080 | Attn: [0.534, 0.0, 0.466, 0.0, 0.0] | Ext: 47.7ms | Inf: 7.9ms | Total: 55.5ms
23:16:23 | Mask: [1.0, 0.0, 1.0, 0.0, 0.0] | Prob: 0.4081 | Attn: [0.534, 0.0, 0.466, 0.0, 0.0] | Ext: 47.7ms | Inf: 7.2ms | Total: 54.8ms
23:16:23 | Mask: [1.0, 0.0, 1.0, 0.0, 0.0] | Prob: 0.4082 | Attn: [0.534, 0.0, 0.466, 0.0, 0.0] | Ext: 47.7ms | Inf: 8.6ms | Total: 56.3ms
23:16:23 | Mask: [1.0, 0.0, 1.0, 0.0, 0.0] | Prob: 0.4082 | Attn: [0.534, 0.0, 0.466, 0.0, 0.0] | Ext: 47.7ms | Inf: 7.9ms | Total: 55.5ms
23:16:23 | Mask: [1.0, 0.0, 1.0, 0.0, 0.0] | Prob: 0.4083 | Attn: [0.534, 0.0, 0.466, 0.0, 0.0] | Ext: 47.7ms | Inf: 7.1ms | Total: 54.8ms
23:16:23 | Mask: [1.0, 0.0, 1.0, 0.0, 0.0] | Prob: 0.4083 | Attn: [0.534, 0.0, 0.466, 0.0, 0.0] | Ext: 47.7ms | Inf: 8.8ms | Total: 56.4ms
23:16:23 | Mask: [1.0, 0.0, 1.0, 0.0, 0.0] | Prob: 0.4083 | Attn: [0.534, 0.0, 0.466, 0.0, 0.0] | Ext: 47.7ms | Inf: 7.2ms | Total: 54.9ms
23:16:23 | Mask: [1.0, 0.0, 1.0, 0.0, 0.0] | Prob: 0.4083 | Attn: [0.534, 0.0, 0.466, 0.0, 0.0] | Ext: 47.7ms | Inf: 8.0ms | Total: 55.7ms
23:16:24 | Mask: [1.0, 0.0, 1.0, 0.0, 0.0] | Prob: 0.4083 | Attn: [0.534, 0.0, 0.466, 0.0, 0.0] | Ext: 47.8ms | Inf: 8.0ms | Total: 55.8ms
23:16:24 | Mask: [1.0, 0.0, 1.0, 0.0, 0.0] | Prob: 0.5263 | Attn: [0.648, 0.0, 0.352, 0.0, 0.0] | Ext: 47.8ms | Inf: 8.6ms | Total: 56.4ms
23:16:24 | Mask: [1.0, 0.0, 1.0, 0.0, 0.0] | Prob: 0.6088 | Attn: [0.648, 0.0, 0.352, 0.0, 0.0] | Ext: 47.8ms | Inf: 8.8ms | Total: 56.6ms
23:16:24 | Mask: [1.0, 0.0, 1.0, 0.0, 0.0] | Prob: 0.6666 | Attn: [0.648, 0.0, 0.352, 0.0, 0.0] | Ext: 47.8ms | Inf: 9.0ms | Total: 56.7ms
23:16:24 | Mask: [1.0, 0.0, 1.0, 0.0, 0.0] | Prob: 0.7071 | Attn: [0.648, 0.0, 0.352, 0.0, 0.0] | Ext: 47.8ms | Inf: 7.5ms | Total: 55.3ms
23:16:24 | Mask: [1.0, 0.0, 1.0, 0.0, 0.0] | Prob: 0.7354 | Attn: [0.648, 0.0, 0.352, 0.0, 0.0] | Ext: 47.8ms | Inf: 9.3ms | Total: 57.1ms
23:16:24 | Mask: [1.0, 0.0, 1.0, 0.0, 0.0] | Prob: 0.7552 | Attn: [0.648, 0.0, 0.352, 0.0, 0.0] | Ext: 47.8ms | Inf: 6.7ms | Total: 54.5ms
23:16:24 | Mask: [1.0, 0.0, 1.0, 0.0, 0.0] | Prob: 0.7691 | Attn: [0.648, 0.0, 0.352, 0.0, 0.0] | Ext: 47.8ms | Inf: 7.9ms | Total: 55.7ms
23:16:25 | Mask: [1.0, 0.0, 1.0, 0.0, 0.0] | Prob: 0.7788 | Attn: [0.648, 0.0, 0.352, 0.0, 0.0] | Ext: 47.8ms | Inf: 7.3ms | Total: 55.1ms
23:16:25 | Mask: [1.0, 0.0, 1.0, 0.0, 0.0] | Prob: 0.7856 | Attn: [0.648, 0.0, 0.352, 0.0, 0.0] | Ext: 47.8ms | Inf: 6.8ms | Total: 54.6ms
23:16:25 | Mask: [1.0, 0.0, 1.0, 0.0, 0.0] | Prob: 0.7819 | Attn: [0.648, 0.0, 0.352, 0.0, 0.0] | Ext: 47.8ms | Inf: 8.3ms | Total: 56.1ms
23:16:25 | Mask: [1.0, 0.0, 1.0, 0.0, 0.0] | Prob: 0.7793 | Attn: [0.648, 0.0, 0.352, 0.0, 0.0] | Ext: 47.8ms | Inf: 8.0ms | Total: 55.8ms
23:16:25 | Mask: [1.0, 0.0, 1.0, 0.0, 0.0] | Prob: 0.7775 | Attn: [0.648, 0.0, 0.352, 0.0, 0.0] | Ext: 47.8ms | Inf: 7.9ms | Total: 55.7ms
23:16:25 | Mask: [1.0, 0.0, 1.0, 0.0, 0.0] | Prob: 0.7762 | Attn: [0.648, 0.0, 0.352, 0.0, 0.0] | Ext: 47.8ms | Inf: 8.9ms | Total: 56.6ms
23:16:25 | Mask: [1.0, 0.0, 1.0, 0.0, 0.0] | Prob: 0.7753 | Attn: [0.648, 0.0, 0.352, 0.0, 0.0] | Ext: 47.8ms | Inf: 8.4ms | Total: 56.1ms
23:16:25 | Mask: [1.0, 0.0, 1.0, 0.0, 0.0] | Prob: 0.7747 | Attn: [0.648, 0.0, 0.352, 0.0, 0.0] | Ext: 47.8ms | Inf: 8.4ms | Total: 56.1ms
23:16:25 | Mask: [1.0, 0.0, 1.0, 0.0, 0.0] | Prob: 0.7742 | Attn: [0.648, 0.0, 0.352, 0.0, 0.0] | Ext: 47.8ms | Inf: 7.6ms | Total: 55.4ms
23:16:26 | Mask: [1.0, 0.0, 1.0, 0.0, 0.0] | Prob: 0.7739 | Attn: [0.648, 0.0, 0.352, 0.0, 0.0] | Ext: 47.8ms | Inf: 7.4ms | Total: 55.1ms
23:16:26 | Mask: [1.0, 0.0, 1.0, 0.0, 0.0] | Prob: 0.7737 | Attn: [0.648, 0.0, 0.352, 0.0, 0.0] | Ext: 47.8ms | Inf: 7.8ms | Total: 55.5ms
23:16:26 | Mask: [1.0, 0.0, 1.0, 0.0, 0.0] | Prob: 0.7736 | Attn: [0.648, 0.0, 0.352, 0.0, 0.0] | Ext: 47.8ms | Inf: 7.7ms | Total: 55.5ms
23:16:26 | Mask: [1.0, 0.0, 1.0, 0.0, 0.0] | Prob: 0.7735 | Attn: [0.648, 0.0, 0.352, 0.0, 0.0] | Ext: 47.8ms | Inf: 8.5ms | Total: 56.2ms
23:16:26 | Mask: [1.0, 0.0, 1.0, 0.0, 0.0] | Prob: 0.7734 | Attn: [0.648, 0.0, 0.352, 0.0, 0.0] | Ext: 47.8ms | Inf: 6.7ms | Total: 54.5ms
23:16:26 | Mask: [1.0, 0.0, 1.0, 0.0, 0.0] | Prob: 0.7734 | Attn: [0.648, 0.0, 0.352, 0.0, 0.0] | Ext: 47.8ms | Inf: 8.1ms | Total: 55.8ms
23:16:26 | Mask: [1.0, 0.0, 1.0, 0.0, 0.0] | Prob: 0.7733 | Attn: [0.648, 0.0, 0.352, 0.0, 0.0] | Ext: 47.8ms | Inf: 8.5ms | Total: 56.3ms
23:16:26 | Mask: [1.0, 0.0, 1.0, 0.0, 0.0] | Prob: 0.7733 | Attn: [0.648, 0.0, 0.352, 0.0, 0.0] | Ext: 47.8ms | Inf: 8.0ms | Total: 55.8ms
23:16:27 | Mask: [1.0, 0.0, 1.0, 0.0, 0.0] | Prob: 0.6644 | Attn: [0.61, 0.0, 0.39, 0.0, 0.0] | Ext: 45.1ms | Inf: 8.4ms | Total: 53.6ms
23:16:27 | Mask: [1.0, 0.0, 1.0, 0.0, 0.0] | Prob: 0.5882 | Attn: [0.61, 0.0, 0.39, 0.0, 0.0] | Ext: 45.1ms | Inf: 9.0ms | Total: 54.1ms
23:16:27 | Mask: [1.0, 0.0, 1.0, 0.0, 0.0] | Prob: 0.5348 | Attn: [0.61, 0.0, 0.39, 0.0, 0.0] | Ext: 45.1ms | Inf: 8.1ms | Total: 53.2ms
23:16:27 | Mask: [1.0, 0.0, 1.0, 0.0, 0.0] | Prob: 0.4975 | Attn: [0.61, 0.0, 0.39, 0.0, 0.0] | Ext: 45.1ms | Inf: 8.3ms | Total: 53.4ms
23:16:27 | Mask: [1.0, 0.0, 1.0, 0.0, 0.0] | Prob: 0.4714 | Attn: [0.61, 0.0, 0.39, 0.0, 0.0] | Ext: 45.1ms | Inf: 7.3ms | Total: 52.5ms
23:16:27 | Mask: [1.0, 0.0, 1.0, 0.0, 0.0] | Prob: 0.4531 | Attn: [0.61, 0.0, 0.39, 0.0, 0.0] | Ext: 45.1ms | Inf: 8.2ms | Total: 53.3ms
23:16:27 | Mask: [1.0, 0.0, 1.0, 0.0, 0.0] | Prob: 0.4402 | Attn: [0.61, 0.0, 0.39, 0.0, 0.0] | Ext: 45.1ms | Inf: 6.8ms | Total: 51.9ms
23:16:27 | Mask: [1.0, 0.0, 1.0, 0.0, 0.0] | Prob: 0.4313 | Attn: [0.61, 0.0, 0.39, 0.0, 0.0] | Ext: 45.1ms | Inf: 8.8ms | Total: 53.9ms
23:16:28 | Mask: [1.0, 0.0, 1.0, 0.0, 0.0] | Prob: 0.4250 | Attn: [0.61, 0.0, 0.39, 0.0, 0.0] | Ext: 45.1ms | Inf: 6.9ms | Total: 52.0ms
23:16:28 | Mask: [1.0, 0.0, 1.0, 0.0, 0.0] | Prob: 0.4198 | Attn: [0.616, 0.0, 0.384, 0.0, 0.0] | Ext: 45.1ms | Inf: 8.2ms | Total: 53.3ms
23:16:28 | Mask: [1.0, 0.0, 1.0, 0.0, 0.0] | Prob: 0.4161 | Attn: [0.616, 0.0, 0.384, 0.0, 0.0] | Ext: 45.1ms | Inf: 6.9ms | Total: 52.0ms
23:16:28 | Mask: [1.0, 0.0, 1.0, 0.0, 0.0] | Prob: 0.4136 | Attn: [0.616, 0.0, 0.384, 0.0, 0.0] | Ext: 45.1ms | Inf: 7.1ms | Total: 52.3ms
23:16:28 | Mask: [1.0, 0.0, 1.0, 0.0, 0.0] | Prob: 0.4118 | Attn: [0.616, 0.0, 0.384, 0.0, 0.0] | Ext: 45.1ms | Inf: 7.3ms | Total: 52.4ms
23:16:28 | Mask: [1.0, 0.0, 1.0, 0.0, 0.0] | Prob: 0.4105 | Attn: [0.616, 0.0, 0.384, 0.0, 0.0] | Ext: 45.1ms | Inf: 8.1ms | Total: 53.2ms
23:16:28 | Mask: [1.0, 0.0, 1.0, 0.0, 0.0] | Prob: 0.4096 | Attn: [0.616, 0.0, 0.384, 0.0, 0.0] | Ext: 45.1ms | Inf: 9.5ms | Total: 54.6ms
23:16:28 | Mask: [1.0, 0.0, 1.0, 0.0, 0.0] | Prob: 0.4090 | Attn: [0.616, 0.0, 0.384, 0.0, 0.0] | Ext: 45.1ms | Inf: 8.7ms | Total: 53.8ms
23:16:28 | Mask: [1.0, 0.0, 1.0, 0.0, 0.0] | Prob: 0.4086 | Attn: [0.616, 0.0, 0.384, 0.0, 0.0] | Ext: 45.1ms | Inf: 9.0ms | Total: 54.2ms
23:16:29 | Mask: [1.0, 0.0, 1.0, 0.0, 0.0] | Prob: 0.4083 | Attn: [0.616, 0.0, 0.384, 0.0, 0.0] | Ext: 45.1ms | Inf: 8.2ms | Total: 53.3ms
23:16:29 | Mask: [1.0, 0.0, 1.0, 0.0, 0.0] | Prob: 0.4081 | Attn: [0.616, 0.0, 0.384, 0.0, 0.0] | Ext: 45.1ms | Inf: 8.0ms | Total: 53.1ms
23:16:29 | Mask: [1.0, 0.0, 1.0, 0.0, 0.0] | Prob: 0.4079 | Attn: [0.616, 0.0, 0.384, 0.0, 0.0] | Ext: 45.1ms | Inf: 7.4ms | Total: 52.5ms
23:16:29 | Mask: [1.0, 0.0, 1.0, 0.0, 0.0] | Prob: 0.4078 | Attn: [0.616, 0.0, 0.384, 0.0, 0.0] | Ext: 45.1ms | Inf: 7.8ms | Total: 52.9ms
23:16:29 | Mask: [1.0, 0.0, 1.0, 0.0, 0.0] | Prob: 0.4078 | Attn: [0.616, 0.0, 0.384, 0.0, 0.0] | Ext: 45.1ms | Inf: 8.3ms | Total: 53.5ms
23:16:29 | Mask: [1.0, 0.0, 1.0, 0.0, 0.0] | Prob: 0.4077 | Attn: [0.616, 0.0, 0.384, 0.0, 0.0] | Ext: 45.1ms | Inf: 8.1ms | Total: 53.2ms
23:16:29 | Mask: [1.0, 0.0, 1.0, 0.0, 0.0] | Prob: 0.4077 | Attn: [0.616, 0.0, 0.384, 0.0, 0.0] | Ext: 45.1ms | Inf: 7.5ms | Total: 52.7ms
23:16:29 | Mask: [1.0, 0.0, 1.0, 0.0, 0.0] | Prob: 0.4076 | Attn: [0.616, 0.0, 0.384, 0.0, 0.0] | Ext: 45.1ms | Inf: 8.0ms | Total: 53.2ms
23:16:30 | Mask: [1.0, 0.0, 1.0, 0.0, 0.0] | Prob: 0.4084 | Attn: [0.331, 0.0, 0.669, 0.0, 0.0] | Ext: 46.0ms | Inf: 8.2ms | Total: 54.2ms
23:16:30 | Mask: [1.0, 0.0, 1.0, 0.0, 0.0] | Prob: 0.4089 | Attn: [0.331, 0.0, 0.669, 0.0, 0.0] | Ext: 46.0ms | Inf: 6.7ms | Total: 52.6ms
23:16:30 | Mask: [1.0, 0.0, 1.0, 0.0, 0.0] | Prob: 0.4092 | Attn: [0.331, 0.0, 0.669, 0.0, 0.0] | Ext: 46.0ms | Inf: 8.0ms | Total: 53.9ms
23:16:30 | Mask: [1.0, 0.0, 1.0, 0.0, 0.0] | Prob: 0.4094 | Attn: [0.331, 0.0, 0.669, 0.0, 0.0] | Ext: 46.0ms | Inf: 8.7ms | Total: 54.6ms
23:16:30 | Mask: [1.0, 0.0, 1.0, 0.0, 0.0] | Prob: 0.4096 | Attn: [0.331, 0.0, 0.669, 0.0, 0.0] | Ext: 46.0ms | Inf: 7.5ms | Total: 53.5ms
23:16:30 | Mask: [1.0, 0.0, 1.0, 0.0, 0.0] | Prob: 0.4097 | Attn: [0.331, 0.0, 0.669, 0.0, 0.0] | Ext: 46.0ms | Inf: 7.5ms | Total: 53.5ms
23:16:30 | Mask: [1.0, 0.0, 1.0, 0.0, 0.0] | Prob: 0.4098 | Attn: [0.331, 0.0, 0.669, 0.0, 0.0] | Ext: 46.0ms | Inf: 8.0ms | Total: 54.0ms
23:16:30 | Mask: [1.0, 0.0, 1.0, 0.0, 0.0] | Prob: 0.4099 | Attn: [0.331, 0.0, 0.669, 0.0, 0.0] | Ext: 46.0ms | Inf: 7.8ms | Total: 53.7ms
23:16:30 | Mask: [1.0, 0.0, 1.0, 0.0, 0.0] | Prob: 0.4099 | Attn: [0.331, 0.0, 0.669, 0.0, 0.0] | Ext: 46.0ms | Inf: 8.0ms | Total: 53.9ms
23:16:31 | Mask: [1.0, 0.0, 1.0, 0.0, 0.0] | Prob: 0.4220 | Attn: [0.233, 0.0, 0.767, 0.0, 0.0] | Ext: 46.0ms | Inf: 8.8ms | Total: 54.8ms
23:16:31 | Mask: [1.0, 0.0, 1.0, 0.0, 0.0] | Prob: 0.4305 | Attn: [0.233, 0.0, 0.767, 0.0, 0.0] | Ext: 46.0ms | Inf: 8.1ms | Total: 54.1ms
23:16:31 | Mask: [1.0, 0.0, 1.0, 0.0, 0.0] | Prob: 0.4364 | Attn: [0.233, 0.0, 0.767, 0.0, 0.0] | Ext: 46.0ms | Inf: 6.9ms | Total: 52.9ms
23:16:31 | Mask: [1.0, 0.0, 1.0, 0.0, 0.0] | Prob: 0.4405 | Attn: [0.233, 0.0, 0.767, 0.0, 0.0] | Ext: 46.0ms | Inf: 7.7ms | Total: 53.7ms
23:16:31 | Mask: [1.0, 0.0, 1.0, 0.0, 0.0] | Prob: 0.4434 | Attn: [0.233, 0.0, 0.767, 0.0, 0.0] | Ext: 46.0ms | Inf: 6.8ms | Total: 52.7ms
23:16:31 | Mask: [1.0, 0.0, 1.0, 0.0, 0.0] | Prob: 0.4454 | Attn: [0.233, 0.0, 0.767, 0.0, 0.0] | Ext: 46.0ms | Inf: 7.3ms | Total: 53.3ms
23:16:31 | Mask: [1.0, 0.0, 1.0, 0.0, 0.0] | Prob: 0.4469 | Attn: [0.233, 0.0, 0.767, 0.0, 0.0] | Ext: 46.0ms | Inf: 8.6ms | Total: 54.5ms
23:16:31 | Mask: [1.0, 0.0, 1.0, 0.0, 0.0] | Prob: 0.4479 | Attn: [0.233, 0.0, 0.767, 0.0, 0.0] | Ext: 46.0ms | Inf: 7.2ms | Total: 53.2ms
23:16:32 | Mask: [1.0, 0.0, 1.0, 0.0, 0.0] | Prob: 0.4486 | Attn: [0.233, 0.0, 0.767, 0.0, 0.0] | Ext: 46.0ms | Inf: 7.1ms | Total: 53.0ms
23:16:32 | Mask: [1.0, 0.0, 1.0, 0.0, 0.0] | Prob: 0.4490 | Attn: [0.233, 0.0, 0.767, 0.0, 0.0] | Ext: 46.0ms | Inf: 7.9ms | Total: 53.9ms
23:16:32 | Mask: [1.0, 0.0, 1.0, 0.0, 0.0] | Prob: 0.4494 | Attn: [0.233, 0.0, 0.767, 0.0, 0.0] | Ext: 46.0ms | Inf: 7.6ms | Total: 53.5ms
23:16:32 | Mask: [1.0, 0.0, 1.0, 0.0, 0.0] | Prob: 0.4496 | Attn: [0.233, 0.0, 0.767, 0.0, 0.0] | Ext: 46.0ms | Inf: 6.7ms | Total: 52.6ms
23:16:32 | Mask: [1.0, 0.0, 1.0, 0.0, 0.0] | Prob: 0.4498 | Attn: [0.233, 0.0, 0.767, 0.0, 0.0] | Ext: 46.0ms | Inf: 8.4ms | Total: 54.3ms
23:16:32 | Mask: [1.0, 0.0, 1.0, 0.0, 0.0] | Prob: 0.4499 | Attn: [0.233, 0.0, 0.767, 0.0, 0.0] | Ext: 46.0ms | Inf: 6.8ms | Total: 52.8ms
23:16:32 | Mask: [1.0, 0.0, 1.0, 0.0, 0.0] | Prob: 0.4500 | Attn: [0.233, 0.0, 0.767, 0.0, 0.0] | Ext: 46.0ms | Inf: 7.9ms | Total: 53.9ms
23:16:32 | Mask: [1.0, 0.0, 1.0, 0.0, 0.0] | Prob: 0.4501 | Attn: [0.233, 0.0, 0.767, 0.0, 0.0] | Ext: 46.0ms | Inf: 6.7ms | Total: 52.7ms
23:16:32 | Mask: [1.0, 0.0, 1.0, 0.0, 0.0] | Prob: 0.4005 | Attn: [0.352, 0.0, 0.648, 0.0, 0.0] | Ext: 46.5ms | Inf: 7.1ms | Total: 53.6ms
23:16:33 | Mask: [1.0, 0.0, 1.0, 0.0, 0.0] | Prob: 0.3658 | Attn: [0.352, 0.0, 0.648, 0.0, 0.0] | Ext: 46.5ms | Inf: 8.7ms | Total: 55.2ms
23:16:33 | Mask: [1.0, 0.0, 1.0, 0.0, 0.0] | Prob: 0.3415 | Attn: [0.352, 0.0, 0.648, 0.0, 0.0] | Ext: 46.5ms | Inf: 8.2ms | Total: 54.7ms
23:16:33 | Mask: [1.0, 0.0, 1.0, 0.0, 0.0] | Prob: 0.3245 | Attn: [0.352, 0.0, 0.648, 0.0, 0.0] | Ext: 46.5ms | Inf: 8.6ms | Total: 55.1ms
23:16:33 | Mask: [1.0, 0.0, 1.0, 0.0, 0.0] | Prob: 0.3126 | Attn: [0.352, 0.0, 0.648, 0.0, 0.0] | Ext: 46.5ms | Inf: 7.3ms | Total: 53.7ms
23:16:33 | Mask: [1.0, 0.0, 1.0, 0.0, 0.0] | Prob: 0.3042 | Attn: [0.352, 0.0, 0.648, 0.0, 0.0] | Ext: 46.5ms | Inf: 7.7ms | Total: 54.2ms
23:16:33 | Mask: [1.0, 0.0, 1.0, 0.0, 0.0] | Prob: 0.2984 | Attn: [0.352, 0.0, 0.648, 0.0, 0.0] | Ext: 46.5ms | Inf: 7.7ms | Total: 54.1ms
23:16:33 | Mask: [1.0, 0.0, 1.0, 0.0, 0.0] | Prob: 0.2943 | Attn: [0.352, 0.0, 0.648, 0.0, 0.0] | Ext: 46.5ms | Inf: 7.5ms | Total: 53.9ms
23:16:33 | Mask: [1.0, 0.0, 1.0, 0.0, 0.0] | Prob: 0.2915 | Attn: [0.352, 0.0, 0.648, 0.0, 0.0] | Ext: 46.5ms | Inf: 8.4ms | Total: 54.8ms
23:16:34 | Mask: [1.0, 0.0, 1.0, 0.0, 0.0] | Prob: 0.2717 | Attn: [0.466, 0.0, 0.534, 0.0, 0.0] | Ext: 46.5ms | Inf: 8.1ms | Total: 54.5ms
23:16:34 | Mask: [1.0, 0.0, 1.0, 0.0, 0.0] | Prob: 0.2578 | Attn: [0.466, 0.0, 0.534, 0.0, 0.0] | Ext: 46.5ms | Inf: 7.6ms | Total: 54.1ms
23:16:34 | Mask: [1.0, 0.0, 1.0, 0.0, 0.0] | Prob: 0.2481 | Attn: [0.466, 0.0, 0.534, 0.0, 0.0] | Ext: 46.5ms | Inf: 8.3ms | Total: 54.8ms
23:16:34 | Mask: [1.0, 0.0, 1.0, 0.0, 0.0] | Prob: 0.2413 | Attn: [0.466, 0.0, 0.534, 0.0, 0.0] | Ext: 46.5ms | Inf: 8.1ms | Total: 54.6ms
23:16:34 | Mask: [1.0, 0.0, 1.0, 0.0, 0.0] | Prob: 0.2365 | Attn: [0.466, 0.0, 0.534, 0.0, 0.0] | Ext: 46.5ms | Inf: 8.1ms | Total: 54.6ms
23:16:34 | Mask: [1.0, 0.0, 1.0, 0.0, 0.0] | Prob: 0.2332 | Attn: [0.466, 0.0, 0.534, 0.0, 0.0] | Ext: 46.5ms | Inf: 7.9ms | Total: 54.3ms
23:16:34 | Mask: [1.0, 0.0, 1.0, 0.0, 0.0] | Prob: 0.2309 | Attn: [0.466, 0.0, 0.534, 0.0, 0.0] | Ext: 46.5ms | Inf: 8.4ms | Total: 54.8ms
23:16:34 | Mask: [1.0, 0.0, 1.0, 0.0, 0.0] | Prob: 0.2293 | Attn: [0.466, 0.0, 0.534, 0.0, 0.0] | Ext: 46.5ms | Inf: 8.4ms | Total: 54.9ms
23:16:35 | Mask: [1.0, 0.0, 1.0, 0.0, 0.0] | Prob: 0.2281 | Attn: [0.466, 0.0, 0.534, 0.0, 0.0] | Ext: 46.5ms | Inf: 8.3ms | Total: 54.8ms
23:16:35 | Mask: [1.0, 0.0, 1.0, 0.0, 0.0] | Prob: 0.2273 | Attn: [0.466, 0.0, 0.534, 0.0, 0.0] | Ext: 46.5ms | Inf: 8.1ms | Total: 54.5ms
23:16:35 | Mask: [1.0, 0.0, 1.0, 0.0, 0.0] | Prob: 0.2268 | Attn: [0.466, 0.0, 0.534, 0.0, 0.0] | Ext: 46.5ms | Inf: 8.0ms | Total: 54.4ms
23:16:35 | Mask: [1.0, 0.0, 1.0, 0.0, 0.0] | Prob: 0.2264 | Attn: [0.466, 0.0, 0.534, 0.0, 0.0] | Ext: 46.5ms | Inf: 8.5ms | Total: 55.0ms
23:16:35 | Mask: [1.0, 0.0, 1.0, 0.0, 0.0] | Prob: 0.2261 | Attn: [0.466, 0.0, 0.534, 0.0, 0.0] | Ext: 46.5ms | Inf: 6.8ms | Total: 53.3ms
23:16:35 | Mask: [1.0, 0.0, 1.0, 0.0, 0.0] | Prob: 0.2259 | Attn: [0.466, 0.0, 0.534, 0.0, 0.0] | Ext: 46.5ms | Inf: 7.2ms | Total: 53.7ms
23:16:35 | Mask: [1.0, 0.0, 1.0, 0.0, 0.0] | Prob: 0.2258 | Attn: [0.466, 0.0, 0.534, 0.0, 0.0] | Ext: 46.5ms | Inf: 7.8ms | Total: 54.2ms
23:16:35 | Mask: [1.0, 0.0, 1.0, 0.0, 0.0] | Prob: 0.2257 | Attn: [0.466, 0.0, 0.534, 0.0, 0.0] | Ext: 46.1ms | Inf: 8.2ms | Total: 54.4ms
23:16:35 | Mask: [1.0, 0.0, 1.0, 0.0, 0.0] | Prob: 0.2475 | Attn: [0.68, 0.0, 0.32, 0.0, 0.0] | Ext: 46.1ms | Inf: 6.8ms | Total: 53.0ms
23:16:36 | Mask: [1.0, 0.0, 1.0, 0.0, 0.0] | Prob: 0.2627 | Attn: [0.68, 0.0, 0.32, 0.0, 0.0] | Ext: 46.1ms | Inf: 7.6ms | Total: 53.7ms
23:16:36 | Mask: [1.0, 0.0, 1.0, 0.0, 0.0] | Prob: 0.2734 | Attn: [0.68, 0.0, 0.32, 0.0, 0.0] | Ext: 46.1ms | Inf: 7.5ms | Total: 53.7ms
23:16:36 | Mask: [1.0, 0.0, 1.0, 0.0, 0.0] | Prob: 0.2809 | Attn: [0.68, 0.0, 0.32, 0.0, 0.0] | Ext: 46.1ms | Inf: 8.9ms | Total: 55.0ms
23:16:36 | Mask: [1.0, 0.0, 1.0, 0.0, 0.0] | Prob: 0.2861 | Attn: [0.68, 0.0, 0.32, 0.0, 0.0] | Ext: 46.1ms | Inf: 7.8ms | Total: 54.0ms
23:16:36 | Mask: [1.0, 0.0, 1.0, 0.0, 0.0] | Prob: 0.2898 | Attn: [0.68, 0.0, 0.32, 0.0, 0.0] | Ext: 46.1ms | Inf: 9.1ms | Total: 55.2ms
23:16:36 | Mask: [1.0, 0.0, 1.0, 0.0, 0.0] | Prob: 0.2923 | Attn: [0.68, 0.0, 0.32, 0.0, 0.0] | Ext: 46.1ms | Inf: 8.6ms | Total: 54.8ms
23:16:36 | Mask: [1.0, 0.0, 1.0, 0.0, 0.0] | Prob: 0.2941 | Attn: [0.68, 0.0, 0.32, 0.0, 0.0] | Ext: 46.1ms | Inf: 7.7ms | Total: 53.8ms
23:16:36 | Mask: [1.0, 0.0, 1.0, 0.0, 0.0] | Prob: 0.2954 | Attn: [0.68, 0.0, 0.32, 0.0, 0.0] | Ext: 46.1ms | Inf: 8.0ms | Total: 54.1ms
23:16:37 | Mask: [1.0, 0.0, 1.0, 0.0, 0.0] | Prob: 0.2758 | Attn: [0.601, 0.0, 0.399, 0.0, 0.0] | Ext: 46.1ms | Inf: 8.2ms | Total: 54.4ms
23:16:37 | Mask: [1.0, 0.0, 1.0, 0.0, 0.0] | Prob: 0.2620 | Attn: [0.601, 0.0, 0.399, 0.0, 0.0] | Ext: 46.1ms | Inf: 9.3ms | Total: 55.4ms
23:16:37 | Mask: [1.0, 0.0, 1.0, 0.0, 0.0] | Prob: 0.2524 | Attn: [0.601, 0.0, 0.399, 0.0, 0.0] | Ext: 46.1ms | Inf: 8.0ms | Total: 54.1ms
23:16:37 | Mask: [1.0, 0.0, 1.0, 0.0, 0.0] | Prob: 0.2457 | Attn: [0.601, 0.0, 0.399, 0.0, 0.0] | Ext: 46.1ms | Inf: 7.8ms | Total: 53.9ms
23:16:37 | Mask: [1.0, 0.0, 1.0, 0.0, 0.0] | Prob: 0.2410 | Attn: [0.601, 0.0, 0.399, 0.0, 0.0] | Ext: 46.1ms | Inf: 8.8ms | Total: 54.9ms
23:16:37 | Mask: [1.0, 0.0, 1.0, 0.0, 0.0] | Prob: 0.2377 | Attn: [0.601, 0.0, 0.399, 0.0, 0.0] | Ext: 46.1ms | Inf: 8.4ms | Total: 54.6ms
23:16:37 | Mask: [1.0, 0.0, 1.0, 0.0, 0.0] | Prob: 0.2354 | Attn: [0.601, 0.0, 0.399, 0.0, 0.0] | Ext: 46.1ms | Inf: 8.1ms | Total: 54.3ms
23:16:37 | Mask: [1.0, 0.0, 1.0, 0.0, 0.0] | Prob: 0.2338 | Attn: [0.601, 0.0, 0.399, 0.0, 0.0] | Ext: 46.1ms | Inf: 7.8ms | Total: 54.0ms
23:16:37 | Mask: [1.0, 0.0, 1.0, 0.0, 0.0] | Prob: 0.2327 | Attn: [0.601, 0.0, 0.399, 0.0, 0.0] | Ext: 46.1ms | Inf: 8.0ms | Total: 54.2ms
23:16:38 | Mask: [1.0, 0.0, 1.0, 0.0, 0.0] | Prob: 0.2319 | Attn: [0.601, 0.0, 0.399, 0.0, 0.0] | Ext: 46.1ms | Inf: 7.6ms | Total: 53.7ms
23:16:38 | Mask: [1.0, 0.0, 1.0, 0.0, 0.0] | Prob: 0.2313 | Attn: [0.601, 0.0, 0.399, 0.0, 0.0] | Ext: 46.1ms | Inf: 7.3ms | Total: 53.5ms
23:16:38 | Mask: [1.0, 0.0, 1.0, 0.0, 0.0] | Prob: 0.2309 | Attn: [0.601, 0.0, 0.399, 0.0, 0.0] | Ext: 46.1ms | Inf: 8.4ms | Total: 54.6ms
23:16:38 | Mask: [1.0, 0.0, 1.0, 0.0, 0.0] | Prob: 0.2307 | Attn: [0.601, 0.0, 0.399, 0.0, 0.0] | Ext: 46.1ms | Inf: 7.8ms | Total: 54.0ms
23:16:38 | Mask: [1.0, 0.0, 1.0, 0.0, 0.0] | Prob: 0.2305 | Attn: [0.601, 0.0, 0.399, 0.0, 0.0] | Ext: 46.1ms | Inf: 8.4ms | Total: 54.5ms
23:16:38 | Mask: [1.0, 0.0, 1.0, 0.0, 0.0] | Prob: 0.2303 | Attn: [0.601, 0.0, 0.399, 0.0, 0.0] | Ext: 46.1ms | Inf: 7.4ms | Total: 53.5ms
23:16:38 | Mask: [1.0, 0.0, 1.0, 0.0, 0.0] | Prob: 0.2388 | Attn: [0.618, 0.0, 0.382, 0.0, 0.0] | Ext: 48.6ms | Inf: 7.8ms | Total: 56.4ms
23:16:38 | Mask: [1.0, 0.0, 1.0, 0.0, 0.0] | Prob: 0.2447 | Attn: [0.618, 0.0, 0.382, 0.0, 0.0] | Ext: 48.6ms | Inf: 7.5ms | Total: 56.1ms
23:16:39 | Mask: [1.0, 0.0, 1.0, 0.0, 0.0] | Prob: 0.2488 | Attn: [0.618, 0.0, 0.382, 0.0, 0.0] | Ext: 48.6ms | Inf: 8.0ms | Total: 56.5ms
23:16:39 | Mask: [1.0, 0.0, 1.0, 0.0, 0.0] | Prob: 0.2517 | Attn: [0.618, 0.0, 0.382, 0.0, 0.0] | Ext: 48.6ms | Inf: 8.9ms | Total: 57.5ms
23:16:39 | Mask: [1.0, 0.0, 1.0, 0.0, 0.0] | Prob: 0.2537 | Attn: [0.618, 0.0, 0.382, 0.0, 0.0] | Ext: 48.6ms | Inf: 8.2ms | Total: 56.8ms
23:16:39 | Mask: [1.0, 0.0, 1.0, 0.0, 0.0] | Prob: 0.2551 | Attn: [0.618, 0.0, 0.382, 0.0, 0.0] | Ext: 48.6ms | Inf: 7.6ms | Total: 56.2ms
23:16:39 | Mask: [1.0, 0.0, 1.0, 0.0, 0.0] | Prob: 0.2561 | Attn: [0.618, 0.0, 0.382, 0.0, 0.0] | Ext: 48.6ms | Inf: 8.4ms | Total: 56.9ms
23:16:39 | Mask: [1.0, 0.0, 1.0, 0.0, 0.0] | Prob: 0.2568 | Attn: [0.618, 0.0, 0.382, 0.0, 0.0] | Ext: 48.6ms | Inf: 7.9ms | Total: 56.5ms
23:16:39 | Mask: [1.0, 0.0, 1.0, 0.0, 0.0] | Prob: 0.2573 | Attn: [0.618, 0.0, 0.382, 0.0, 0.0] | Ext: 48.6ms | Inf: 7.3ms | Total: 55.8ms
23:16:39 | Mask: [1.0, 0.0, 1.0, 0.0, 0.0] | Prob: 0.2567 | Attn: [0.602, 0.0, 0.398, 0.0, 0.0] | Ext: 48.6ms | Inf: 8.0ms | Total: 56.6ms
23:16:40 | Mask: [1.0, 0.0, 1.0, 0.0, 0.0] | Prob: 0.2562 | Attn: [0.602, 0.0, 0.398, 0.0, 0.0] | Ext: 48.6ms | Inf: 7.6ms | Total: 56.2ms
23:16:40 | Mask: [1.0, 0.0, 1.0, 0.0, 0.0] | Prob: 0.2559 | Attn: [0.602, 0.0, 0.398, 0.0, 0.0] | Ext: 48.6ms | Inf: 6.8ms | Total: 55.4ms
23:16:40 | Mask: [1.0, 0.0, 1.0, 0.0, 0.0] | Prob: 0.2557 | Attn: [0.602, 0.0, 0.398, 0.0, 0.0] | Ext: 48.6ms | Inf: 7.4ms | Total: 56.0ms
23:16:40 | Mask: [1.0, 0.0, 1.0, 0.0, 0.0] | Prob: 0.2555 | Attn: [0.602, 0.0, 0.398, 0.0, 0.0] | Ext: 48.6ms | Inf: 7.6ms | Total: 56.2ms
23:16:40 | Mask: [1.0, 0.0, 1.0, 0.0, 0.0] | Prob: 0.2554 | Attn: [0.602, 0.0, 0.398, 0.0, 0.0] | Ext: 48.6ms | Inf: 8.3ms | Total: 56.9ms
23:16:40 | Mask: [1.0, 0.0, 1.0, 0.0, 0.0] | Prob: 0.2553 | Attn: [0.602, 0.0, 0.398, 0.0, 0.0] | Ext: 48.6ms | Inf: 8.1ms | Total: 56.7ms
23:16:40 | Mask: [1.0, 0.0, 1.0, 0.0, 0.0] | Prob: 0.2553 | Attn: [0.602, 0.0, 0.398, 0.0, 0.0] | Ext: 48.6ms | Inf: 7.9ms | Total: 56.5ms
23:16:40 | Mask: [1.0, 0.0, 1.0, 0.0, 0.0] | Prob: 0.2552 | Attn: [0.602, 0.0, 0.398, 0.0, 0.0] | Ext: 48.6ms | Inf: 7.5ms | Total: 56.1ms
23:16:40 | Mask: [1.0, 0.0, 1.0, 0.0, 0.0] | Prob: 0.2552 | Attn: [0.602, 0.0, 0.398, 0.0, 0.0] | Ext: 48.6ms | Inf: 7.3ms | Total: 55.9ms
23:16:41 | Mask: [1.0, 0.0, 1.0, 0.0, 0.0] | Prob: 0.2552 | Attn: [0.602, 0.0, 0.398, 0.0, 0.0] | Ext: 48.6ms | Inf: 8.5ms | Total: 57.1ms
23:16:41 | Mask: [1.0, 0.0, 1.0, 0.0, 0.0] | Prob: 0.2552 | Attn: [0.602, 0.0, 0.398, 0.0, 0.0] | Ext: 48.6ms | Inf: 8.5ms | Total: 57.1ms
23:16:41 | Mask: [1.0, 0.0, 1.0, 0.0, 0.0] | Prob: 0.2552 | Attn: [0.602, 0.0, 0.398, 0.0, 0.0] | Ext: 48.6ms | Inf: 8.6ms | Total: 57.2ms
23:16:41 | Mask: [1.0, 0.0, 1.0, 0.0, 0.0] | Prob: 0.2552 | Attn: [0.602, 0.0, 0.398, 0.0, 0.0] | Ext: 48.6ms | Inf: 7.7ms | Total: 56.3ms
23:16:41 | Mask: [1.0, 0.0, 1.0, 0.0, 0.0] | Prob: 0.2552 | Attn: [0.602, 0.0, 0.398, 0.0, 0.0] | Ext: 48.6ms | Inf: 7.5ms | Total: 56.1ms
23:16:41 | Mask: [1.0, 0.0, 1.0, 0.0, 0.0] | Prob: 0.2552 | Attn: [0.602, 0.0, 0.398, 0.0, 0.0] | Ext: 48.6ms | Inf: 8.8ms | Total: 57.4ms
23:16:41 | Mask: [1.0, 0.0, 1.0, 0.0, 0.0] | Prob: 0.2544 | Attn: [0.334, 0.0, 0.666, 0.0, 0.0] | Ext: 48.5ms | Inf: 8.5ms | Total: 57.0ms
23:16:41 | Mask: [1.0, 0.0, 1.0, 0.0, 0.0] | Prob: 0.2539 | Attn: [0.334, 0.0, 0.666, 0.0, 0.0] | Ext: 48.5ms | Inf: 8.3ms | Total: 56.7ms
23:16:42 | Mask: [1.0, 0.0, 1.0, 0.0, 0.0] | Prob: 0.2536 | Attn: [0.334, 0.0, 0.666, 0.0, 0.0] | Ext: 48.5ms | Inf: 8.1ms | Total: 56.6ms
23:16:42 | Mask: [1.0, 0.0, 1.0, 0.0, 0.0] | Prob: 0.2533 | Attn: [0.334, 0.0, 0.666, 0.0, 0.0] | Ext: 48.5ms | Inf: 6.7ms | Total: 55.1ms
23:16:42 | Mask: [1.0, 0.0, 1.0, 0.0, 0.0] | Prob: 0.2532 | Attn: [0.334, 0.0, 0.666, 0.0, 0.0] | Ext: 48.5ms | Inf: 6.7ms | Total: 55.1ms
23:16:42 | Mask: [1.0, 0.0, 1.0, 0.0, 0.0] | Prob: 0.2530 | Attn: [0.334, 0.0, 0.666, 0.0, 0.0] | Ext: 48.5ms | Inf: 6.9ms | Total: 55.4ms
23:16:42 | Mask: [1.0, 0.0, 1.0, 0.0, 0.0] | Prob: 0.2530 | Attn: [0.334, 0.0, 0.666, 0.0, 0.0] | Ext: 48.5ms | Inf: 8.1ms | Total: 56.5ms
23:16:42 | Mask: [1.0, 0.0, 1.0, 0.0, 0.0] | Prob: 0.2529 | Attn: [0.334, 0.0, 0.666, 0.0, 0.0] | Ext: 48.5ms | Inf: 7.1ms | Total: 55.5ms
23:16:42 | Mask: [1.0, 0.0, 1.0, 0.0, 0.0] | Prob: 0.2529 | Attn: [0.334, 0.0, 0.666, 0.0, 0.0] | Ext: 48.5ms | Inf: 7.9ms | Total: 56.4ms
23:16:42 | Mask: [1.0, 0.0, 1.0, 0.0, 0.0] | Prob: 0.2577 | Attn: [0.356, 0.0, 0.644, 0.0, 0.0] | Ext: 48.5ms | Inf: 9.5ms | Total: 58.0ms
23:16:42 | Mask: [1.0, 0.0, 1.0, 0.0, 0.0] | Prob: 0.2610 | Attn: [0.356, 0.0, 0.644, 0.0, 0.0] | Ext: 48.5ms | Inf: 7.0ms | Total: 55.5ms
23:16:43 | Mask: [1.0, 0.0, 1.0, 0.0, 0.0] | Prob: 0.2634 | Attn: [0.356, 0.0, 0.644, 0.0, 0.0] | Ext: 48.5ms | Inf: 8.3ms | Total: 56.7ms
23:16:43 | Mask: [1.0, 0.0, 1.0, 0.0, 0.0] | Prob: 0.2650 | Attn: [0.356, 0.0, 0.644, 0.0, 0.0] | Ext: 48.5ms | Inf: 7.3ms | Total: 55.8ms
23:16:43 | Mask: [1.0, 0.0, 1.0, 0.0, 0.0] | Prob: 0.2662 | Attn: [0.356, 0.0, 0.644, 0.0, 0.0] | Ext: 48.5ms | Inf: 8.7ms | Total: 57.2ms
23:16:43 | Mask: [1.0, 0.0, 1.0, 0.0, 0.0] | Prob: 0.2670 | Attn: [0.356, 0.0, 0.644, 0.0, 0.0] | Ext: 48.5ms | Inf: 7.6ms | Total: 56.1ms
23:16:43 | Mask: [1.0, 0.0, 1.0, 0.0, 0.0] | Prob: 0.2676 | Attn: [0.356, 0.0, 0.644, 0.0, 0.0] | Ext: 48.5ms | Inf: 8.1ms | Total: 56.5ms
23:16:43 | Mask: [1.0, 0.0, 1.0, 0.0, 0.0] | Prob: 0.2679 | Attn: [0.356, 0.0, 0.644, 0.0, 0.0] | Ext: 48.5ms | Inf: 7.6ms | Total: 56.1ms
23:16:43 | Mask: [1.0, 0.0, 1.0, 0.0, 0.0] | Prob: 0.2682 | Attn: [0.356, 0.0, 0.644, 0.0, 0.0] | Ext: 48.5ms | Inf: 8.0ms | Total: 56.4ms
23:16:43 | Mask: [1.0, 0.0, 1.0, 0.0, 0.0] | Prob: 0.2684 | Attn: [0.356, 0.0, 0.644, 0.0, 0.0] | Ext: 48.5ms | Inf: 7.8ms | Total: 56.3ms
23:16:44 | Mask: [1.0, 0.0, 1.0, 0.0, 0.0] | Prob: 0.2686 | Attn: [0.356, 0.0, 0.644, 0.0, 0.0] | Ext: 48.5ms | Inf: 8.7ms | Total: 57.1ms
23:16:44 | Mask: [1.0, 0.0, 1.0, 0.0, 0.0] | Prob: 0.2686 | Attn: [0.356, 0.0, 0.644, 0.0, 0.0] | Ext: 48.5ms | Inf: 7.3ms | Total: 55.8ms
23:16:44 | Mask: [1.0, 0.0, 1.0, 0.0, 0.0] | Prob: 0.2687 | Attn: [0.356, 0.0, 0.644, 0.0, 0.0] | Ext: 48.5ms | Inf: 7.8ms | Total: 56.3ms
23:16:44 | Mask: [1.0, 0.0, 1.0, 0.0, 0.0] | Prob: 0.2688 | Attn: [0.356, 0.0, 0.644, 0.0, 0.0] | Ext: 48.5ms | Inf: 8.4ms | Total: 56.8ms
23:16:44 | Mask: [1.0, 0.0, 1.0, 0.0, 0.0] | Prob: 0.2688 | Attn: [0.356, 0.0, 0.644, 0.0, 0.0] | Ext: 48.5ms | Inf: 7.7ms | Total: 56.2ms
23:16:44 | Mask: [1.0, 0.0, 1.0, 0.0, 0.0] | Prob: 0.2688 | Attn: [0.356, 0.0, 0.644, 0.0, 0.0] | Ext: 48.5ms | Inf: 8.2ms | Total: 56.7ms
23:16:44 | Mask: [1.0, 0.0, 1.0, 0.0, 0.0] | Prob: 0.3593 | Attn: [0.55, 0.0, 0.45, 0.0, 0.0] | Ext: 47.0ms | Inf: 8.0ms | Total: 54.9ms
23:16:44 | Mask: [1.0, 0.0, 1.0, 0.0, 0.0] | Prob: 0.4226 | Attn: [0.55, 0.0, 0.45, 0.0, 0.0] | Ext: 47.0ms | Inf: 7.1ms | Total: 54.1ms
23:16:45 | Mask: [1.0, 0.0, 1.0, 0.0, 0.0] | Prob: 0.4669 | Attn: [0.55, 0.0, 0.45, 0.0, 0.0] | Ext: 47.0ms | Inf: 8.0ms | Total: 55.0ms
23:16:45 | Mask: [1.0, 0.0, 1.0, 0.0, 0.0] | Prob: 0.4979 | Attn: [0.55, 0.0, 0.45, 0.0, 0.0] | Ext: 47.0ms | Inf: 7.7ms | Total: 54.7ms
23:16:45 | Mask: [1.0, 0.0, 1.0, 0.0, 0.0] | Prob: 0.5196 | Attn: [0.55, 0.0, 0.45, 0.0, 0.0] | Ext: 47.0ms | Inf: 6.8ms | Total: 53.8ms
23:16:45 | Mask: [1.0, 0.0, 1.0, 0.0, 0.0] | Prob: 0.5348 | Attn: [0.55, 0.0, 0.45, 0.0, 0.0] | Ext: 47.0ms | Inf: 7.8ms | Total: 54.8ms
23:16:45 | Mask: [1.0, 0.0, 1.0, 0.0, 0.0] | Prob: 0.5455 | Attn: [0.55, 0.0, 0.45, 0.0, 0.0] | Ext: 47.0ms | Inf: 6.7ms | Total: 53.7ms
23:16:45 | Mask: [1.0, 0.0, 1.0, 0.0, 0.0] | Prob: 0.5529 | Attn: [0.55, 0.0, 0.45, 0.0, 0.0] | Ext: 47.0ms | Inf: 8.0ms | Total: 55.0ms
23:16:45 | Mask: [1.0, 0.0, 1.0, 0.0, 0.0] | Prob: 0.5581 | Attn: [0.55, 0.0, 0.45, 0.0, 0.0] | Ext: 47.0ms | Inf: 8.6ms | Total: 55.6ms
23:16:45 | Mask: [1.0, 0.0, 1.0, 0.0, 0.0] | Prob: 0.5607 | Attn: [0.417, 0.0, 0.583, 0.0, 0.0] | Ext: 47.0ms | Inf: 7.3ms | Total: 54.3ms
23:16:45 | Mask: [1.0, 0.0, 1.0, 0.0, 0.0] | Prob: 0.5625 | Attn: [0.417, 0.0, 0.583, 0.0, 0.0] | Ext: 47.0ms | Inf: 8.7ms | Total: 55.7ms
23:16:46 | Mask: [1.0, 0.0, 1.0, 0.0, 0.0] | Prob: 0.5638 | Attn: [0.417, 0.0, 0.583, 0.0, 0.0] | Ext: 47.0ms | Inf: 8.9ms | Total: 55.9ms
23:16:46 | Mask: [1.0, 0.0, 1.0, 0.0, 0.0] | Prob: 0.5646 | Attn: [0.417, 0.0, 0.583, 0.0, 0.0] | Ext: 47.0ms | Inf: 7.5ms | Total: 54.5ms
23:16:46 | Mask: [1.0, 0.0, 1.0, 0.0, 0.0] | Prob: 0.5653 | Attn: [0.417, 0.0, 0.583, 0.0, 0.0] | Ext: 47.0ms | Inf: 8.0ms | Total: 55.0ms
23:16:46 | Mask: [1.0, 0.0, 1.0, 0.0, 0.0] | Prob: 0.5657 | Attn: [0.417, 0.0, 0.583, 0.0, 0.0] | Ext: 47.0ms | Inf: 8.2ms | Total: 55.2ms
23:16:46 | Mask: [1.0, 0.0, 1.0, 0.0, 0.0] | Prob: 0.5660 | Attn: [0.417, 0.0, 0.583, 0.0, 0.0] | Ext: 47.0ms | Inf: 8.0ms | Total: 54.9ms
23:16:46 | Mask: [1.0, 0.0, 1.0, 0.0, 0.0] | Prob: 0.5662 | Attn: [0.417, 0.0, 0.583, 0.0, 0.0] | Ext: 47.0ms | Inf: 8.8ms | Total: 55.8ms
23:16:46 | Mask: [1.0, 0.0, 1.0, 0.0, 0.0] | Prob: 0.5664 | Attn: [0.417, 0.0, 0.583, 0.0, 0.0] | Ext: 47.0ms | Inf: 7.0ms | Total: 54.0ms
23:16:46 | Mask: [1.0, 0.0, 1.0, 0.0, 0.0] | Prob: 0.5665 | Attn: [0.417, 0.0, 0.583, 0.0, 0.0] | Ext: 47.0ms | Inf: 8.2ms | Total: 55.2ms
23:16:47 | Mask: [1.0, 0.0, 1.0, 0.0, 0.0] | Prob: 0.5665 | Attn: [0.417, 0.0, 0.583, 0.0, 0.0] | Ext: 47.0ms | Inf: 8.1ms | Total: 55.1ms
23:16:47 | Mask: [1.0, 0.0, 1.0, 0.0, 0.0] | Prob: 0.5666 | Attn: [0.417, 0.0, 0.583, 0.0, 0.0] | Ext: 47.0ms | Inf: 7.8ms | Total: 54.8ms
23:16:47 | Mask: [1.0, 0.0, 1.0, 0.0, 0.0] | Prob: 0.5666 | Attn: [0.417, 0.0, 0.583, 0.0, 0.0] | Ext: 47.0ms | Inf: 8.8ms | Total: 55.7ms
23:16:47 | Mask: [1.0, 0.0, 1.0, 0.0, 0.0] | Prob: 0.5667 | Attn: [0.417, 0.0, 0.583, 0.0, 0.0] | Ext: 47.0ms | Inf: 7.3ms | Total: 54.2ms
23:16:47 | Mask: [1.0, 0.0, 1.0, 0.0, 0.0] | Prob: 0.5667 | Attn: [0.417, 0.0, 0.583, 0.0, 0.0] | Ext: 47.0ms | Inf: 7.8ms | Total: 54.8ms
23:16:47 | Mask: [1.0, 0.0, 1.0, 0.0, 0.0] | Prob: 0.5203 | Attn: [0.372, 0.0, 0.628, 0.0, 0.0] | Ext: 46.2ms | Inf: 8.5ms | Total: 54.7ms
23:16:47 | Mask: [1.0, 0.0, 1.0, 0.0, 0.0] | Prob: 0.4879 | Attn: [0.372, 0.0, 0.628, 0.0, 0.0] | Ext: 46.2ms | Inf: 7.9ms | Total: 54.2ms
23:16:47 | Mask: [1.0, 0.0, 1.0, 0.0, 0.0] | Prob: 0.4652 | Attn: [0.372, 0.0, 0.628, 0.0, 0.0] | Ext: 46.2ms | Inf: 8.3ms | Total: 54.5ms
23:16:47 | Mask: [1.0, 0.0, 1.0, 0.0, 0.0] | Prob: 0.4493 | Attn: [0.372, 0.0, 0.628, 0.0, 0.0] | Ext: 46.2ms | Inf: 7.2ms | Total: 53.4ms
23:16:48 | Mask: [1.0, 0.0, 1.0, 0.0, 0.0] | Prob: 0.4381 | Attn: [0.372, 0.0, 0.628, 0.0, 0.0] | Ext: 46.2ms | Inf: 8.1ms | Total: 54.3ms
23:16:48 | Mask: [1.0, 0.0, 1.0, 0.0, 0.0] | Prob: 0.4304 | Attn: [0.372, 0.0, 0.628, 0.0, 0.0] | Ext: 46.2ms | Inf: 7.1ms | Total: 53.3ms
23:16:48 | Mask: [1.0, 0.0, 1.0, 0.0, 0.0] | Prob: 0.4249 | Attn: [0.372, 0.0, 0.628, 0.0, 0.0] | Ext: 46.2ms | Inf: 8.2ms | Total: 54.4ms
23:16:48 | Mask: [1.0, 0.0, 1.0, 0.0, 0.0] | Prob: 0.4211 | Attn: [0.372, 0.0, 0.628, 0.0, 0.0] | Ext: 46.2ms | Inf: 7.9ms | Total: 54.2ms
23:16:48 | Mask: [1.0, 0.0, 1.0, 0.0, 0.0] | Prob: 0.4184 | Attn: [0.372, 0.0, 0.628, 0.0, 0.0] | Ext: 46.2ms | Inf: 7.7ms | Total: 53.9ms
23:16:48 | Mask: [1.0, 0.0, 1.0, 0.0, 0.0] | Prob: 0.3991 | Attn: [0.572, 0.0, 0.428, 0.0, 0.0] | Ext: 46.2ms | Inf: 8.3ms | Total: 54.6ms
23:16:48 | Mask: [1.0, 0.0, 1.0, 0.0, 0.0] | Prob: 0.3856 | Attn: [0.572, 0.0, 0.428, 0.0, 0.0] | Ext: 46.2ms | Inf: 7.0ms | Total: 53.3ms
23:16:48 | Mask: [1.0, 0.0, 1.0, 0.0, 0.0] | Prob: 0.3761 | Attn: [0.572, 0.0, 0.428, 0.0, 0.0] | Ext: 46.2ms | Inf: 8.5ms | Total: 54.7ms
23:16:49 | Mask: [1.0, 0.0, 1.0, 0.0, 0.0] | Prob: 0.3695 | Attn: [0.572, 0.0, 0.428, 0.0, 0.0] | Ext: 46.2ms | Inf: 8.2ms | Total: 54.4ms
23:16:49 | Mask: [1.0, 0.0, 1.0, 0.0, 0.0] | Prob: 0.3648 | Attn: [0.572, 0.0, 0.428, 0.0, 0.0] | Ext: 46.2ms | Inf: 8.5ms | Total: 54.7ms
23:16:49 | Mask: [1.0, 0.0, 1.0, 0.0, 0.0] | Prob: 0.3616 | Attn: [0.572, 0.0, 0.428, 0.0, 0.0] | Ext: 46.2ms | Inf: 8.2ms | Total: 54.4ms
23:16:49 | Mask: [1.0, 0.0, 1.0, 0.0, 0.0] | Prob: 0.3593 | Attn: [0.572, 0.0, 0.428, 0.0, 0.0] | Ext: 46.2ms | Inf: 8.8ms | Total: 55.0ms
23:16:49 | Mask: [1.0, 0.0, 1.0, 0.0, 0.0] | Prob: 0.3577 | Attn: [0.572, 0.0, 0.428, 0.0, 0.0] | Ext: 46.2ms | Inf: 8.5ms | Total: 54.7ms
23:16:49 | Mask: [1.0, 0.0, 1.0, 0.0, 0.0] | Prob: 0.3566 | Attn: [0.572, 0.0, 0.428, 0.0, 0.0] | Ext: 46.2ms | Inf: 7.0ms | Total: 53.2ms
23:16:49 | Mask: [1.0, 0.0, 1.0, 0.0, 0.0] | Prob: 0.3558 | Attn: [0.572, 0.0, 0.428, 0.0, 0.0] | Ext: 46.2ms | Inf: 8.5ms | Total: 54.7ms
23:16:49 | Mask: [1.0, 0.0, 1.0, 0.0, 0.0] | Prob: 0.3553 | Attn: [0.572, 0.0, 0.428, 0.0, 0.0] | Ext: 46.2ms | Inf: 7.8ms | Total: 54.0ms
23:16:50 | Mask: [1.0, 0.0, 1.0, 0.0, 0.0] | Prob: 0.3549 | Attn: [0.572, 0.0, 0.428, 0.0, 0.0] | Ext: 46.2ms | Inf: 6.9ms | Total: 53.2ms
23:16:50 | Mask: [1.0, 0.0, 1.0, 0.0, 0.0] | Prob: 0.3546 | Attn: [0.572, 0.0, 0.428, 0.0, 0.0] | Ext: 46.2ms | Inf: 8.3ms | Total: 54.5ms
23:16:50 | Mask: [1.0, 0.0, 1.0, 0.0, 0.0] | Prob: 0.3544 | Attn: [0.572, 0.0, 0.428, 0.0, 0.0] | Ext: 46.2ms | Inf: 8.4ms | Total: 54.6ms
23:16:50 | Mask: [1.0, 0.0, 1.0, 0.0, 0.0] | Prob: 0.3543 | Attn: [0.572, 0.0, 0.428, 0.0, 0.0] | Ext: 46.2ms | Inf: 7.8ms | Total: 54.0ms
23:16:50 | Mask: [1.0, 0.0, 1.0, 0.0, 0.0] | Prob: 0.3542 | Attn: [0.572, 0.0, 0.428, 0.0, 0.0] | Ext: 46.2ms | Inf: 7.6ms | Total: 53.9ms
23:16:50 | Mask: [1.0, 0.0, 1.0, 0.0, 0.0] | Prob: 0.3842 | Attn: [0.53, 0.0, 0.47, 0.0, 0.0] | Ext: 45.5ms | Inf: 7.6ms | Total: 53.1ms
23:16:50 | Mask: [1.0, 0.0, 1.0, 0.0, 0.0] | Prob: 0.4052 | Attn: [0.53, 0.0, 0.47, 0.0, 0.0] | Ext: 45.5ms | Inf: 8.4ms | Total: 53.9ms
23:16:50 | Mask: [1.0, 0.0, 1.0, 0.0, 0.0] | Prob: 0.4199 | Attn: [0.53, 0.0, 0.47, 0.0, 0.0] | Ext: 45.5ms | Inf: 8.4ms | Total: 53.9ms
23:16:50 | Mask: [1.0, 0.0, 1.0, 0.0, 0.0] | Prob: 0.4302 | Attn: [0.53, 0.0, 0.47, 0.0, 0.0] | Ext: 45.5ms | Inf: 7.7ms | Total: 53.2ms
23:16:51 | Mask: [1.0, 0.0, 1.0, 0.0, 0.0] | Prob: 0.4374 | Attn: [0.53, 0.0, 0.47, 0.0, 0.0] | Ext: 45.5ms | Inf: 8.1ms | Total: 53.6ms
23:16:51 | Mask: [1.0, 0.0, 1.0, 0.0, 0.0] | Prob: 0.4425 | Attn: [0.53, 0.0, 0.47, 0.0, 0.0] | Ext: 45.5ms | Inf: 6.7ms | Total: 52.1ms
23:16:51 | Mask: [1.0, 0.0, 1.0, 0.0, 0.0] | Prob: 0.4460 | Attn: [0.53, 0.0, 0.47, 0.0, 0.0] | Ext: 45.5ms | Inf: 8.6ms | Total: 54.1ms
23:16:51 | Mask: [1.0, 0.0, 1.0, 0.0, 0.0] | Prob: 0.4485 | Attn: [0.53, 0.0, 0.47, 0.0, 0.0] | Ext: 45.5ms | Inf: 7.9ms | Total: 53.4ms
23:16:51 | Mask: [1.0, 0.0, 1.0, 0.0, 0.0] | Prob: 0.4502 | Attn: [0.53, 0.0, 0.47, 0.0, 0.0] | Ext: 45.5ms | Inf: 8.0ms | Total: 53.5ms
23:16:51 | Mask: [1.0, 0.0, 1.0, 0.0, 0.0] | Prob: 0.4610 | Attn: [0.548, 0.0, 0.452, 0.0, 0.0] | Ext: 45.5ms | Inf: 8.4ms | Total: 53.9ms
23:16:51 | Mask: [1.0, 0.0, 1.0, 0.0, 0.0] | Prob: 0.4686 | Attn: [0.548, 0.0, 0.452, 0.0, 0.0] | Ext: 45.5ms | Inf: 6.7ms | Total: 52.2ms
23:16:51 | Mask: [1.0, 0.0, 1.0, 0.0, 0.0] | Prob: 0.4738 | Attn: [0.548, 0.0, 0.452, 0.0, 0.0] | Ext: 45.5ms | Inf: 7.8ms | Total: 53.3ms
23:16:52 | Mask: [1.0, 0.0, 1.0, 0.0, 0.0] | Prob: 0.4775 | Attn: [0.548, 0.0, 0.452, 0.0, 0.0] | Ext: 45.5ms | Inf: 7.1ms | Total: 52.6ms
23:16:52 | Mask: [1.0, 0.0, 1.0, 0.0, 0.0] | Prob: 0.4801 | Attn: [0.548, 0.0, 0.452, 0.0, 0.0] | Ext: 45.5ms | Inf: 8.6ms | Total: 54.1ms
23:16:52 | Mask: [1.0, 0.0, 1.0, 0.0, 0.0] | Prob: 0.4819 | Attn: [0.548, 0.0, 0.452, 0.0, 0.0] | Ext: 45.5ms | Inf: 7.3ms | Total: 52.8ms
23:16:52 | Mask: [1.0, 0.0, 1.0, 0.0, 0.0] | Prob: 0.4832 | Attn: [0.548, 0.0, 0.452, 0.0, 0.0] | Ext: 45.5ms | Inf: 7.1ms | Total: 52.6ms
23:16:52 | Mask: [1.0, 0.0, 1.0, 0.0, 0.0] | Prob: 0.4841 | Attn: [0.548, 0.0, 0.452, 0.0, 0.0] | Ext: 45.5ms | Inf: 6.9ms | Total: 52.4ms
23:16:52 | Mask: [1.0, 0.0, 1.0, 0.0, 0.0] | Prob: 0.4847 | Attn: [0.548, 0.0, 0.452, 0.0, 0.0] | Ext: 45.5ms | Inf: 7.4ms | Total: 52.9ms
23:16:52 | Mask: [1.0, 0.0, 1.0, 0.0, 0.0] | Prob: 0.4852 | Attn: [0.548, 0.0, 0.452, 0.0, 0.0] | Ext: 45.5ms | Inf: 6.9ms | Total: 52.4ms
23:16:52 | Mask: [1.0, 0.0, 1.0, 0.0, 0.0] | Prob: 0.4855 | Attn: [0.548, 0.0, 0.452, 0.0, 0.0] | Ext: 45.5ms | Inf: 7.9ms | Total: 53.4ms
23:16:52 | Mask: [1.0, 0.0, 1.0, 0.0, 0.0] | Prob: 0.4857 | Attn: [0.548, 0.0, 0.452, 0.0, 0.0] | Ext: 45.5ms | Inf: 7.8ms | Total: 53.3ms
23:16:53 | Mask: [1.0, 0.0, 1.0, 0.0, 0.0] | Prob: 0.4858 | Attn: [0.548, 0.0, 0.452, 0.0, 0.0] | Ext: 45.5ms | Inf: 7.5ms | Total: 53.0ms
23:16:53 | Mask: [1.0, 0.0, 1.0, 0.0, 0.0] | Prob: 0.4859 | Attn: [0.548, 0.0, 0.452, 0.0, 0.0] | Ext: 45.5ms | Inf: 8.7ms | Total: 54.2ms
23:16:53 | Mask: [1.0, 0.0, 1.0, 0.0, 0.0] | Prob: 0.4860 | Attn: [0.548, 0.0, 0.452, 0.0, 0.0] | Ext: 45.5ms | Inf: 8.3ms | Total: 53.8ms
23:16:53 | Mask: [1.0, 0.0, 1.0, 0.0, 0.0] | Prob: 0.4861 | Attn: [0.548, 0.0, 0.452, 0.0, 0.0] | Ext: 45.5ms | Inf: 8.9ms | Total: 54.4ms
23:16:53 | Mask: [1.0, 0.0, 1.0, 0.0, 0.0] | Prob: 0.4710 | Attn: [0.538, 0.0, 0.462, 0.0, 0.0] | Ext: 45.1ms | Inf: 8.3ms | Total: 53.4ms
23:16:53 | Mask: [1.0, 0.0, 1.0, 0.0, 0.0] | Prob: 0.4604 | Attn: [0.538, 0.0, 0.462, 0.0, 0.0] | Ext: 45.1ms | Inf: 8.0ms | Total: 53.1ms
23:16:53 | Mask: [1.0, 0.0, 1.0, 0.0, 0.0] | Prob: 0.4530 | Attn: [0.538, 0.0, 0.462, 0.0, 0.0] | Ext: 45.1ms | Inf: 8.3ms | Total: 53.5ms
23:16:53 | Mask: [1.0, 0.0, 1.0, 0.0, 0.0] | Prob: 0.4478 | Attn: [0.538, 0.0, 0.462, 0.0, 0.0] | Ext: 45.1ms | Inf: 7.6ms | Total: 52.7ms
23:16:54 | Mask: [1.0, 0.0, 1.0, 0.0, 0.0] | Prob: 0.4442 | Attn: [0.538, 0.0, 0.462, 0.0, 0.0] | Ext: 45.1ms | Inf: 7.0ms | Total: 52.1ms
23:16:54 | Mask: [1.0, 0.0, 1.0, 0.0, 0.0] | Prob: 0.4417 | Attn: [0.538, 0.0, 0.462, 0.0, 0.0] | Ext: 45.1ms | Inf: 9.2ms | Total: 54.3ms
23:16:54 | Mask: [1.0, 0.0, 1.0, 0.0, 0.0] | Prob: 0.4399 | Attn: [0.538, 0.0, 0.462, 0.0, 0.0] | Ext: 45.1ms | Inf: 7.4ms | Total: 52.5ms
23:16:54 | Mask: [1.0, 0.0, 1.0, 0.0, 0.0] | Prob: 0.4387 | Attn: [0.538, 0.0, 0.462, 0.0, 0.0] | Ext: 45.1ms | Inf: 8.3ms | Total: 53.4ms
23:16:54 | Mask: [1.0, 0.0, 1.0, 0.0, 0.0] | Prob: 0.4378 | Attn: [0.538, 0.0, 0.462, 0.0, 0.0] | Ext: 45.1ms | Inf: 8.2ms | Total: 53.4ms
23:16:54 | Mask: [1.0, 0.0, 1.0, 0.0, 0.0] | Prob: 0.4367 | Attn: [0.496, 0.0, 0.504, 0.0, 0.0] | Ext: 45.1ms | Inf: 8.2ms | Total: 53.4ms
23:16:54 | Mask: [1.0, 0.0, 1.0, 0.0, 0.0] | Prob: 0.4359 | Attn: [0.496, 0.0, 0.504, 0.0, 0.0] | Ext: 45.1ms | Inf: 8.1ms | Total: 53.2ms
23:16:54 | Mask: [1.0, 0.0, 1.0, 0.0, 0.0] | Prob: 0.4353 | Attn: [0.496, 0.0, 0.504, 0.0, 0.0] | Ext: 45.1ms | Inf: 8.3ms | Total: 53.4ms
23:16:55 | Mask: [1.0, 0.0, 1.0, 0.0, 0.0] | Prob: 0.4349 | Attn: [0.496, 0.0, 0.504, 0.0, 0.0] | Ext: 45.1ms | Inf: 8.5ms | Total: 53.6ms
23:16:55 | Mask: [1.0, 0.0, 1.0, 0.0, 0.0] | Prob: 0.4347 | Attn: [0.496, 0.0, 0.504, 0.0, 0.0] | Ext: 45.1ms | Inf: 8.1ms | Total: 53.3ms
23:16:55 | Mask: [1.0, 0.0, 1.0, 0.0, 0.0] | Prob: 0.4345 | Attn: [0.496, 0.0, 0.504, 0.0, 0.0] | Ext: 45.1ms | Inf: 8.3ms | Total: 53.5ms
23:16:55 | Mask: [1.0, 0.0, 1.0, 0.0, 0.0] | Prob: 0.4343 | Attn: [0.496, 0.0, 0.504, 0.0, 0.0] | Ext: 45.1ms | Inf: 8.3ms | Total: 53.5ms
23:16:55 | Mask: [1.0, 0.0, 1.0, 0.0, 0.0] | Prob: 0.4342 | Attn: [0.496, 0.0, 0.504, 0.0, 0.0] | Ext: 45.1ms | Inf: 9.0ms | Total: 54.1ms
23:16:55 | Mask: [1.0, 0.0, 1.0, 0.0, 0.0] | Prob: 0.4342 | Attn: [0.496, 0.0, 0.504, 0.0, 0.0] | Ext: 45.1ms | Inf: 8.6ms | Total: 53.8ms
23:16:55 | Mask: [1.0, 0.0, 1.0, 0.0, 0.0] | Prob: 0.4341 | Attn: [0.496, 0.0, 0.504, 0.0, 0.0] | Ext: 45.1ms | Inf: 8.1ms | Total: 53.3ms
23:16:55 | Mask: [1.0, 0.0, 1.0, 0.0, 0.0] | Prob: 0.4341 | Attn: [0.496, 0.0, 0.504, 0.0, 0.0] | Ext: 45.1ms | Inf: 7.3ms | Total: 52.4ms
23:16:55 | Mask: [1.0, 0.0, 1.0, 0.0, 0.0] | Prob: 0.4341 | Attn: [0.496, 0.0, 0.504, 0.0, 0.0] | Ext: 45.1ms | Inf: 7.7ms | Total: 52.8ms
23:16:56 | Mask: [1.0, 0.0, 1.0, 0.0, 0.0] | Prob: 0.4341 | Attn: [0.496, 0.0, 0.504, 0.0, 0.0] | Ext: 45.1ms | Inf: 8.1ms | Total: 53.3ms
23:16:56 | Mask: [1.0, 0.0, 1.0, 0.0, 0.0] | Prob: 0.4341 | Attn: [0.496, 0.0, 0.504, 0.0, 0.0] | Ext: 45.1ms | Inf: 8.2ms | Total: 53.3ms
23:16:56 | Mask: [1.0, 0.0, 1.0, 0.0, 0.0] | Prob: 0.4340 | Attn: [0.496, 0.0, 0.504, 0.0, 0.0] | Ext: 45.1ms | Inf: 7.0ms | Total: 52.1ms
23:16:56 | Mask: [1.0, 0.0, 1.0, 0.0, 0.0] | Prob: 0.4340 | Attn: [0.496, 0.0, 0.504, 0.0, 0.0] | Ext: 45.1ms | Inf: 7.4ms | Total: 52.6ms
23:16:56 | Mask: [1.0, 0.0, 1.0, 0.0, 0.0] | Prob: 0.3975 | Attn: [0.384, 0.0, 0.616, 0.0, 0.0] | Ext: 48.8ms | Inf: 9.2ms | Total: 58.0ms
23:16:56 | Mask: [1.0, 0.0, 1.0, 0.0, 0.0] | Prob: 0.3720 | Attn: [0.384, 0.0, 0.616, 0.0, 0.0] | Ext: 48.8ms | Inf: 8.9ms | Total: 57.7ms
23:16:56 | Mask: [1.0, 0.0, 1.0, 0.0, 0.0] | Prob: 0.3541 | Attn: [0.384, 0.0, 0.616, 0.0, 0.0] | Ext: 48.8ms | Inf: 8.7ms | Total: 57.5ms
23:16:56 | Mask: [1.0, 0.0, 1.0, 0.0, 0.0] | Prob: 0.3416 | Attn: [0.384, 0.0, 0.616, 0.0, 0.0] | Ext: 48.8ms | Inf: 7.5ms | Total: 56.4ms
23:16:57 | Mask: [1.0, 0.0, 1.0, 0.0, 0.0] | Prob: 0.3328 | Attn: [0.384, 0.0, 0.616, 0.0, 0.0] | Ext: 48.8ms | Inf: 8.4ms | Total: 57.3ms
23:16:57 | Mask: [1.0, 0.0, 1.0, 0.0, 0.0] | Prob: 0.3267 | Attn: [0.384, 0.0, 0.616, 0.0, 0.0] | Ext: 48.8ms | Inf: 8.2ms | Total: 57.1ms
23:16:57 | Mask: [1.0, 0.0, 1.0, 0.0, 0.0] | Prob: 0.3224 | Attn: [0.384, 0.0, 0.616, 0.0, 0.0] | Ext: 48.8ms | Inf: 7.6ms | Total: 56.5ms
23:16:57 | Mask: [1.0, 0.0, 1.0, 0.0, 0.0] | Prob: 0.3194 | Attn: [0.384, 0.0, 0.616, 0.0, 0.0] | Ext: 48.8ms | Inf: 8.5ms | Total: 57.3ms
23:16:57 | Mask: [1.0, 0.0, 1.0, 0.0, 0.0] | Prob: 0.3173 | Attn: [0.384, 0.0, 0.616, 0.0, 0.0] | Ext: 48.8ms | Inf: 7.2ms | Total: 56.0ms
23:16:57 | Mask: [1.0, 0.0, 1.0, 0.0, 0.0] | Prob: 0.2971 | Attn: [0.484, 0.0, 0.516, 0.0, 0.0] | Ext: 48.8ms | Inf: 8.6ms | Total: 57.4ms
23:16:57 | Mask: [1.0, 0.0, 1.0, 0.0, 0.0] | Prob: 0.2830 | Attn: [0.484, 0.0, 0.516, 0.0, 0.0] | Ext: 48.8ms | Inf: 6.9ms | Total: 55.8ms
23:16:57 | Mask: [1.0, 0.0, 1.0, 0.0, 0.0] | Prob: 0.2731 | Attn: [0.484, 0.0, 0.516, 0.0, 0.0] | Ext: 48.8ms | Inf: 8.1ms | Total: 56.9ms
23:16:57 | Mask: [1.0, 0.0, 1.0, 0.0, 0.0] | Prob: 0.2662 | Attn: [0.484, 0.0, 0.516, 0.0, 0.0] | Ext: 48.8ms | Inf: 8.8ms | Total: 57.6ms
23:16:58 | Mask: [1.0, 0.0, 1.0, 0.0, 0.0] | Prob: 0.2614 | Attn: [0.484, 0.0, 0.516, 0.0, 0.0] | Ext: 48.8ms | Inf: 8.5ms | Total: 57.4ms
23:16:58 | Mask: [1.0, 0.0, 1.0, 0.0, 0.0] | Prob: 0.2580 | Attn: [0.484, 0.0, 0.516, 0.0, 0.0] | Ext: 48.8ms | Inf: 8.5ms | Total: 57.4ms
23:16:58 | Mask: [1.0, 0.0, 1.0, 0.0, 0.0] | Prob: 0.2556 | Attn: [0.484, 0.0, 0.516, 0.0, 0.0] | Ext: 48.8ms | Inf: 8.8ms | Total: 57.6ms
23:16:58 | Mask: [1.0, 0.0, 1.0, 0.0, 0.0] | Prob: 0.2539 | Attn: [0.484, 0.0, 0.516, 0.0, 0.0] | Ext: 48.8ms | Inf: 8.3ms | Total: 57.1ms
23:16:58 | Mask: [1.0, 0.0, 1.0, 0.0, 0.0] | Prob: 0.2528 | Attn: [0.484, 0.0, 0.516, 0.0, 0.0] | Ext: 48.8ms | Inf: 8.3ms | Total: 57.2ms
23:16:58 | Mask: [1.0, 0.0, 1.0, 0.0, 0.0] | Prob: 0.2520 | Attn: [0.484, 0.0, 0.516, 0.0, 0.0] | Ext: 48.8ms | Inf: 7.9ms | Total: 56.7ms
23:16:58 | Mask: [1.0, 0.0, 1.0, 0.0, 0.0] | Prob: 0.2514 | Attn: [0.484, 0.0, 0.516, 0.0, 0.0] | Ext: 48.8ms | Inf: 7.7ms | Total: 56.5ms
23:16:58 | Mask: [1.0, 0.0, 1.0, 0.0, 0.0] | Prob: 0.2510 | Attn: [0.484, 0.0, 0.516, 0.0, 0.0] | Ext: 48.8ms | Inf: 7.3ms | Total: 56.2ms
23:16:59 | Mask: [1.0, 0.0, 1.0, 0.0, 0.0] | Prob: 0.2507 | Attn: [0.484, 0.0, 0.516, 0.0, 0.0] | Ext: 48.8ms | Inf: 7.9ms | Total: 56.7ms
23:16:59 | Mask: [1.0, 0.0, 1.0, 0.0, 0.0] | Prob: 0.2505 | Attn: [0.484, 0.0, 0.516, 0.0, 0.0] | Ext: 48.8ms | Inf: 7.9ms | Total: 56.7ms
23:16:59 | Mask: [1.0, 0.0, 1.0, 0.0, 0.0] | Prob: 0.2504 | Attn: [0.484, 0.0, 0.516, 0.0, 0.0] | Ext: 48.8ms | Inf: 6.8ms | Total: 55.6ms
23:16:59 | Mask: [1.0, 0.0, 1.0, 0.0, 0.0] | Prob: 0.2742 | Attn: [0.504, 0.0, 0.496, 0.0, 0.0] | Ext: 46.1ms | Inf: 7.9ms | Total: 54.1ms
23:16:59 | Mask: [1.0, 0.0, 1.0, 0.0, 0.0] | Prob: 0.2909 | Attn: [0.504, 0.0, 0.496, 0.0, 0.0] | Ext: 46.1ms | Inf: 8.1ms | Total: 54.2ms
23:16:59 | Mask: [1.0, 0.0, 1.0, 0.0, 0.0] | Prob: 0.3025 | Attn: [0.504, 0.0, 0.496, 0.0, 0.0] | Ext: 46.1ms | Inf: 8.0ms | Total: 54.1ms
23:16:59 | Mask: [1.0, 0.0, 1.0, 0.0, 0.0] | Prob: 0.3107 | Attn: [0.504, 0.0, 0.496, 0.0, 0.0] | Ext: 46.1ms | Inf: 8.2ms | Total: 54.4ms
23:16:59 | Mask: [1.0, 0.0, 1.0, 0.0, 0.0] | Prob: 0.3164 | Attn: [0.504, 0.0, 0.496, 0.0, 0.0] | Ext: 46.1ms | Inf: 7.4ms | Total: 53.5ms
23:17:00 | Mask: [1.0, 0.0, 1.0, 0.0, 0.0] | Prob: 0.3204 | Attn: [0.504, 0.0, 0.496, 0.0, 0.0] | Ext: 46.1ms | Inf: 8.8ms | Total: 54.9ms
23:17:00 | Mask: [1.0, 0.0, 1.0, 0.0, 0.0] | Prob: 0.3232 | Attn: [0.504, 0.0, 0.496, 0.0, 0.0] | Ext: 46.1ms | Inf: 7.8ms | Total: 53.9ms
23:17:00 | Mask: [1.0, 0.0, 1.0, 0.0, 0.0] | Prob: 0.3252 | Attn: [0.504, 0.0, 0.496, 0.0, 0.0] | Ext: 46.1ms | Inf: 7.9ms | Total: 54.0ms
23:17:00 | Mask: [1.0, 0.0, 1.0, 0.0, 0.0] | Prob: 0.3266 | Attn: [0.504, 0.0, 0.496, 0.0, 0.0] | Ext: 46.1ms | Inf: 9.3ms | Total: 55.5ms
23:17:00 | Mask: [1.0, 0.0, 1.0, 0.0, 0.0] | Prob: 0.4351 | Attn: [0.484, 0.0, 0.516, 0.0, 0.0] | Ext: 46.1ms | Inf: 7.9ms | Total: 54.1ms
23:17:00 | Mask: [1.0, 0.0, 1.0, 0.0, 0.0] | Prob: 0.5111 | Attn: [0.484, 0.0, 0.516, 0.0, 0.0] | Ext: 46.1ms | Inf: 8.1ms | Total: 54.2ms
23:17:00 | Mask: [1.0, 0.0, 1.0, 0.0, 0.0] | Prob: 0.5643 | Attn: [0.484, 0.0, 0.516, 0.0, 0.0] | Ext: 46.1ms | Inf: 6.5ms | Total: 52.6ms
23:17:00 | Mask: [1.0, 0.0, 1.0, 0.0, 0.0] | Prob: 0.6015 | Attn: [0.484, 0.0, 0.516, 0.0, 0.0] | Ext: 46.1ms | Inf: 7.8ms | Total: 53.9ms
23:17:00 | Mask: [1.0, 0.0, 1.0, 0.0, 0.0] | Prob: 0.6276 | Attn: [0.484, 0.0, 0.516, 0.0, 0.0] | Ext: 46.1ms | Inf: 7.1ms | Total: 53.3ms
23:17:01 | Mask: [1.0, 0.0, 1.0, 0.0, 0.0] | Prob: 0.6458 | Attn: [0.484, 0.0, 0.516, 0.0, 0.0] | Ext: 46.1ms | Inf: 8.4ms | Total: 54.5ms
23:17:01 | Mask: [1.0, 0.0, 1.0, 0.0, 0.0] | Prob: 0.6586 | Attn: [0.484, 0.0, 0.516, 0.0, 0.0] | Ext: 46.1ms | Inf: 8.1ms | Total: 54.2ms
23:17:01 | Mask: [1.0, 0.0, 1.0, 0.0, 0.0] | Prob: 0.6676 | Attn: [0.484, 0.0, 0.516, 0.0, 0.0] | Ext: 46.1ms | Inf: 8.0ms | Total: 54.1ms
23:17:01 | Mask: [1.0, 0.0, 1.0, 0.0, 0.0] | Prob: 0.6738 | Attn: [0.484, 0.0, 0.516, 0.0, 0.0] | Ext: 46.1ms | Inf: 8.2ms | Total: 54.3ms
23:17:01 | Mask: [1.0, 0.0, 1.0, 0.0, 0.0] | Prob: 0.6782 | Attn: [0.484, 0.0, 0.516, 0.0, 0.0] | Ext: 46.1ms | Inf: 8.4ms | Total: 54.5ms
23:17:01 | Mask: [1.0, 0.0, 1.0, 0.0, 0.0] | Prob: 0.6813 | Attn: [0.484, 0.0, 0.516, 0.0, 0.0] | Ext: 46.1ms | Inf: 7.6ms | Total: 53.7ms
23:17:01 | Mask: [1.0, 0.0, 1.0, 0.0, 0.0] | Prob: 0.6834 | Attn: [0.484, 0.0, 0.516, 0.0, 0.0] | Ext: 46.1ms | Inf: 8.2ms | Total: 54.4ms
23:17:01 | Mask: [1.0, 0.0, 1.0, 0.0, 0.0] | Prob: 0.6849 | Attn: [0.484, 0.0, 0.516, 0.0, 0.0] | Ext: 46.1ms | Inf: 8.8ms | Total: 54.9ms
23:17:02 | Mask: [1.0, 0.0, 1.0, 0.0, 0.0] | Prob: 0.6860 | Attn: [0.484, 0.0, 0.516, 0.0, 0.0] | Ext: 46.1ms | Inf: 8.2ms | Total: 54.3ms
23:17:02 | Mask: [1.0, 0.0, 1.0, 0.0, 0.0] | Prob: 0.6867 | Attn: [0.484, 0.0, 0.516, 0.0, 0.0] | Ext: 46.1ms | Inf: 8.0ms | Total: 54.2ms
23:17:02 | Mask: [1.0, 0.0, 1.0, 0.0, 0.0] | Prob: 0.6872 | Attn: [0.484, 0.0, 0.516, 0.0, 0.0] | Ext: 46.1ms | Inf: 7.9ms | Total: 54.0ms
23:17:02 | Mask: [1.0, 0.0, 1.0, 0.0, 0.0] | Prob: 0.6366 | Attn: [0.278, 0.0, 0.722, 0.0, 0.0] | Ext: 45.4ms | Inf: 6.7ms | Total: 52.1ms
23:17:02 | Mask: [1.0, 0.0, 1.0, 0.0, 0.0] | Prob: 0.6012 | Attn: [0.278, 0.0, 0.722, 0.0, 0.0] | Ext: 45.4ms | Inf: 8.0ms | Total: 53.5ms
23:17:02 | Mask: [1.0, 0.0, 1.0, 0.0, 0.0] | Prob: 0.5764 | Attn: [0.278, 0.0, 0.722, 0.0, 0.0] | Ext: 45.4ms | Inf: 7.2ms | Total: 52.6ms
23:17:02 | Mask: [1.0, 0.0, 1.0, 0.0, 0.0] | Prob: 0.5590 | Attn: [0.278, 0.0, 0.722, 0.0, 0.0] | Ext: 45.4ms | Inf: 7.3ms | Total: 52.7ms
23:17:02 | Mask: [1.0, 0.0, 1.0, 0.0, 0.0] | Prob: 0.5468 | Attn: [0.278, 0.0, 0.722, 0.0, 0.0] | Ext: 45.4ms | Inf: 8.9ms | Total: 54.3ms
23:17:02 | Mask: [1.0, 0.0, 1.0, 0.0, 0.0] | Prob: 0.5383 | Attn: [0.278, 0.0, 0.722, 0.0, 0.0] | Ext: 45.4ms | Inf: 8.9ms | Total: 54.3ms
23:17:03 | Mask: [1.0, 0.0, 1.0, 0.0, 0.0] | Prob: 0.5324 | Attn: [0.278, 0.0, 0.722, 0.0, 0.0] | Ext: 45.4ms | Inf: 7.4ms | Total: 52.8ms
23:17:03 | Mask: [1.0, 0.0, 1.0, 0.0, 0.0] | Prob: 0.5282 | Attn: [0.278, 0.0, 0.722, 0.0, 0.0] | Ext: 45.4ms | Inf: 8.5ms | Total: 53.9ms
23:17:03 | Mask: [1.0, 0.0, 1.0, 0.0, 0.0] | Prob: 0.5253 | Attn: [0.278, 0.0, 0.722, 0.0, 0.0] | Ext: 45.4ms | Inf: 8.2ms | Total: 53.7ms
23:17:03 | Mask: [1.0, 0.0, 1.0, 0.0, 0.0] | Prob: 0.5053 | Attn: [0.317, 0.0, 0.683, 0.0, 0.0] | Ext: 45.4ms | Inf: 7.7ms | Total: 53.2ms
23:17:03 | Mask: [1.0, 0.0, 1.0, 0.0, 0.0] | Prob: 0.4912 | Attn: [0.317, 0.0, 0.683, 0.0, 0.0] | Ext: 45.4ms | Inf: 7.5ms | Total: 53.0ms
23:17:03 | Mask: [1.0, 0.0, 1.0, 0.0, 0.0] | Prob: 0.4814 | Attn: [0.317, 0.0, 0.683, 0.0, 0.0] | Ext: 45.4ms | Inf: 8.1ms | Total: 53.5ms
23:17:03 | Mask: [1.0, 0.0, 1.0, 0.0, 0.0] | Prob: 0.4746 | Attn: [0.317, 0.0, 0.683, 0.0, 0.0] | Ext: 45.4ms | Inf: 6.9ms | Total: 52.4ms
23:17:03 | Mask: [1.0, 0.0, 1.0, 0.0, 0.0] | Prob: 0.4698 | Attn: [0.317, 0.0, 0.683, 0.0, 0.0] | Ext: 45.4ms | Inf: 6.6ms | Total: 52.0ms
23:17:04 | Mask: [1.0, 0.0, 1.0, 0.0, 0.0] | Prob: 0.4664 | Attn: [0.317, 0.0, 0.683, 0.0, 0.0] | Ext: 45.4ms | Inf: 7.0ms | Total: 52.4ms
23:17:04 | Mask: [1.0, 0.0, 1.0, 0.0, 0.0] | Prob: 0.4640 | Attn: [0.317, 0.0, 0.683, 0.0, 0.0] | Ext: 45.4ms | Inf: 8.8ms | Total: 54.2ms
23:17:04 | Mask: [1.0, 0.0, 1.0, 0.0, 0.0] | Prob: 0.4624 | Attn: [0.317, 0.0, 0.683, 0.0, 0.0] | Ext: 45.4ms | Inf: 8.5ms | Total: 53.9ms
23:17:04 | Mask: [1.0, 0.0, 1.0, 0.0, 0.0] | Prob: 0.4612 | Attn: [0.317, 0.0, 0.683, 0.0, 0.0] | Ext: 45.4ms | Inf: 7.4ms | Total: 52.8ms
23:17:04 | Mask: [1.0, 0.0, 1.0, 0.0, 0.0] | Prob: 0.4604 | Attn: [0.317, 0.0, 0.683, 0.0, 0.0] | Ext: 45.4ms | Inf: 7.0ms | Total: 52.5ms
23:17:04 | Mask: [1.0, 0.0, 1.0, 0.0, 0.0] | Prob: 0.4599 | Attn: [0.317, 0.0, 0.683, 0.0, 0.0] | Ext: 45.4ms | Inf: 7.2ms | Total: 52.7ms
23:17:04 | Mask: [1.0, 0.0, 1.0, 0.0, 0.0] | Prob: 0.4595 | Attn: [0.317, 0.0, 0.683, 0.0, 0.0] | Ext: 45.4ms | Inf: 6.8ms | Total: 52.2ms
23:17:04 | Mask: [1.0, 0.0, 1.0, 0.0, 0.0] | Prob: 0.4592 | Attn: [0.317, 0.0, 0.683, 0.0, 0.0] | Ext: 45.4ms | Inf: 8.2ms | Total: 53.6ms
23:17:05 | Mask: [1.0, 0.0, 1.0, 0.0, 0.0] | Prob: 0.4590 | Attn: [0.317, 0.0, 0.683, 0.0, 0.0] | Ext: 45.4ms | Inf: 8.2ms | Total: 53.6ms
23:17:05 | Mask: [1.0, 0.0, 1.0, 0.0, 0.0] | Prob: 0.4589 | Attn: [0.317, 0.0, 0.683, 0.0, 0.0] | Ext: 45.4ms | Inf: 8.5ms | Total: 53.9ms
23:17:05 | Mask: [1.0, 0.0, 1.0, 0.0, 0.0] | Prob: 0.4588 | Attn: [0.317, 0.0, 0.683, 0.0, 0.0] | Ext: 45.4ms | Inf: 6.5ms | Total: 52.0ms
23:17:05 | Mask: [1.0, 0.0, 1.0, 0.0, 0.0] | Prob: 0.4466 | Attn: [0.247, 0.0, 0.753, 0.0, 0.0] | Ext: 45.5ms | Inf: 6.9ms | Total: 52.4ms
23:17:05 | Mask: [1.0, 0.0, 1.0, 0.0, 0.0] | Prob: 0.4380 | Attn: [0.247, 0.0, 0.753, 0.0, 0.0] | Ext: 45.5ms | Inf: 8.6ms | Total: 54.1ms
23:17:05 | Mask: [1.0, 0.0, 1.0, 0.0, 0.0] | Prob: 0.4321 | Attn: [0.247, 0.0, 0.753, 0.0, 0.0] | Ext: 45.5ms | Inf: 8.2ms | Total: 53.7ms
23:17:05 | Mask: [1.0, 0.0, 1.0, 0.0, 0.0] | Prob: 0.4279 | Attn: [0.247, 0.0, 0.753, 0.0, 0.0] | Ext: 45.5ms | Inf: 7.5ms | Total: 53.0ms
23:17:05 | Mask: [1.0, 0.0, 1.0, 0.0, 0.0] | Prob: 0.4250 | Attn: [0.247, 0.0, 0.753, 0.0, 0.0] | Ext: 45.5ms | Inf: 6.9ms | Total: 52.4ms
23:17:05 | Mask: [1.0, 0.0, 1.0, 0.0, 0.0] | Prob: 0.4229 | Attn: [0.247, 0.0, 0.753, 0.0, 0.0] | Ext: 45.5ms | Inf: 7.1ms | Total: 52.6ms
23:17:06 | Mask: [1.0, 0.0, 1.0, 0.0, 0.0] | Prob: 0.4215 | Attn: [0.247, 0.0, 0.753, 0.0, 0.0] | Ext: 45.5ms | Inf: 8.0ms | Total: 53.5ms
23:17:06 | Mask: [1.0, 0.0, 1.0, 0.0, 0.0] | Prob: 0.4205 | Attn: [0.247, 0.0, 0.753, 0.0, 0.0] | Ext: 45.5ms | Inf: 8.9ms | Total: 54.4ms
23:17:06 | Mask: [1.0, 0.0, 1.0, 0.0, 0.0] | Prob: 0.4198 | Attn: [0.247, 0.0, 0.753, 0.0, 0.0] | Ext: 45.5ms | Inf: 7.8ms | Total: 53.3ms
23:17:06 | Mask: [1.0, 0.0, 1.0, 0.0, 0.0] | Prob: 0.4275 | Attn: [0.205, 0.0, 0.795, 0.0, 0.0] | Ext: 45.5ms | Inf: 6.8ms | Total: 52.3ms
23:17:06 | Mask: [1.0, 0.0, 1.0, 0.0, 0.0] | Prob: 0.4329 | Attn: [0.205, 0.0, 0.795, 0.0, 0.0] | Ext: 45.5ms | Inf: 6.7ms | Total: 52.2ms
23:17:06 | Mask: [1.0, 0.0, 1.0, 0.0, 0.0] | Prob: 0.4367 | Attn: [0.205, 0.0, 0.795, 0.0, 0.0] | Ext: 45.5ms | Inf: 7.6ms | Total: 53.1ms
23:17:06 | Mask: [1.0, 0.0, 1.0, 0.0, 0.0] | Prob: 0.4394 | Attn: [0.205, 0.0, 0.795, 0.0, 0.0] | Ext: 45.5ms | Inf: 7.7ms | Total: 53.2ms
23:17:06 | Mask: [1.0, 0.0, 1.0, 0.0, 0.0] | Prob: 0.4412 | Attn: [0.205, 0.0, 0.795, 0.0, 0.0] | Ext: 45.5ms | Inf: 8.5ms | Total: 54.0ms
23:17:07 | Mask: [1.0, 0.0, 1.0, 0.0, 0.0] | Prob: 0.4425 | Attn: [0.205, 0.0, 0.795, 0.0, 0.0] | Ext: 45.5ms | Inf: 7.3ms | Total: 52.8ms
23:17:07 | Mask: [1.0, 0.0, 1.0, 0.0, 0.0] | Prob: 0.4434 | Attn: [0.205, 0.0, 0.795, 0.0, 0.0] | Ext: 45.5ms | Inf: 8.0ms | Total: 53.5ms
23:17:07 | Mask: [1.0, 0.0, 1.0, 0.0, 0.0] | Prob: 0.4441 | Attn: [0.205, 0.0, 0.795, 0.0, 0.0] | Ext: 45.5ms | Inf: 7.8ms | Total: 53.3ms
23:17:07 | Mask: [1.0, 0.0, 1.0, 0.0, 0.0] | Prob: 0.4445 | Attn: [0.205, 0.0, 0.795, 0.0, 0.0] | Ext: 45.5ms | Inf: 9.0ms | Total: 54.5ms
23:17:07 | Mask: [1.0, 0.0, 1.0, 0.0, 0.0] | Prob: 0.4448 | Attn: [0.205, 0.0, 0.795, 0.0, 0.0] | Ext: 45.5ms | Inf: 9.0ms | Total: 54.5ms
23:17:07 | Mask: [1.0, 0.0, 1.0, 0.0, 0.0] | Prob: 0.4451 | Attn: [0.205, 0.0, 0.795, 0.0, 0.0] | Ext: 45.5ms | Inf: 8.2ms | Total: 53.7ms
23:17:07 | Mask: [1.0, 0.0, 1.0, 0.0, 0.0] | Prob: 0.4452 | Attn: [0.205, 0.0, 0.795, 0.0, 0.0] | Ext: 45.5ms | Inf: 7.5ms | Total: 53.0ms
23:17:07 | Mask: [1.0, 0.0, 1.0, 0.0, 0.0] | Prob: 0.4453 | Attn: [0.205, 0.0, 0.795, 0.0, 0.0] | Ext: 45.5ms | Inf: 8.2ms | Total: 53.7ms
23:17:07 | Mask: [1.0, 0.0, 1.0, 0.0, 0.0] | Prob: 0.4454 | Attn: [0.205, 0.0, 0.795, 0.0, 0.0] | Ext: 45.5ms | Inf: 9.3ms | Total: 54.8ms
23:17:08 | Mask: [1.0, 0.0, 1.0, 0.0, 0.0] | Prob: 0.4454 | Attn: [0.205, 0.0, 0.795, 0.0, 0.0] | Ext: 45.5ms | Inf: 7.2ms | Total: 52.7ms
23:17:08 | Mask: [1.0, 0.0, 1.0, 0.0, 0.0] | Prob: 0.4455 | Attn: [0.205, 0.0, 0.795, 0.0, 0.0] | Ext: 45.5ms | Inf: 8.3ms | Total: 53.8ms
23:17:08 | Mask: [1.0, 0.0, 1.0, 0.0, 0.0] | Prob: 0.4710 | Attn: [0.286, 0.0, 0.714, 0.0, 0.0] | Ext: 47.0ms | Inf: 7.8ms | Total: 54.8ms
23:17:08 | Mask: [1.0, 0.0, 1.0, 0.0, 0.0] | Prob: 0.4888 | Attn: [0.286, 0.0, 0.714, 0.0, 0.0] | Ext: 47.0ms | Inf: 9.4ms | Total: 56.4ms
23:17:08 | Mask: [1.0, 0.0, 1.0, 0.0, 0.0] | Prob: 0.5013 | Attn: [0.286, 0.0, 0.714, 0.0, 0.0] | Ext: 47.0ms | Inf: 11.4ms | Total: 58.4ms
23:17:08 | Mask: [1.0, 0.0, 1.0, 0.0, 0.0] | Prob: 0.5101 | Attn: [0.286, 0.0, 0.714, 0.0, 0.0] | Ext: 47.0ms | Inf: 8.7ms | Total: 55.6ms
23:17:08 | Mask: [1.0, 0.0, 1.0, 0.0, 0.0] | Prob: 0.5162 | Attn: [0.286, 0.0, 0.714, 0.0, 0.0] | Ext: 47.0ms | Inf: 8.4ms | Total: 55.4ms
23:17:08 | Mask: [1.0, 0.0, 1.0, 0.0, 0.0] | Prob: 0.5205 | Attn: [0.286, 0.0, 0.714, 0.0, 0.0] | Ext: 47.0ms | Inf: 6.7ms | Total: 53.7ms
23:17:09 | Mask: [1.0, 0.0, 1.0, 0.0, 0.0] | Prob: 0.5235 | Attn: [0.286, 0.0, 0.714, 0.0, 0.0] | Ext: 47.0ms | Inf: 8.2ms | Total: 55.2ms
23:17:09 | Mask: [1.0, 0.0, 1.0, 0.0, 0.0] | Prob: 0.5256 | Attn: [0.286, 0.0, 0.714, 0.0, 0.0] | Ext: 47.0ms | Inf: 7.5ms | Total: 54.5ms
23:17:09 | Mask: [1.0, 0.0, 1.0, 0.0, 0.0] | Prob: 0.5270 | Attn: [0.286, 0.0, 0.714, 0.0, 0.0] | Ext: 47.0ms | Inf: 7.8ms | Total: 54.8ms
23:17:09 | Mask: [1.0, 0.0, 1.0, 0.0, 0.0] | Prob: 0.5282 | Attn: [0.353, 0.0, 0.647, 0.0, 0.0] | Ext: 47.0ms | Inf: 8.5ms | Total: 55.4ms
23:17:09 | Mask: [1.0, 0.0, 1.0, 0.0, 0.0] | Prob: 0.5291 | Attn: [0.353, 0.0, 0.647, 0.0, 0.0] | Ext: 47.0ms | Inf: 8.0ms | Total: 54.9ms
23:17:09 | Mask: [1.0, 0.0, 1.0, 0.0, 0.0] | Prob: 0.5297 | Attn: [0.353, 0.0, 0.647, 0.0, 0.0] | Ext: 47.0ms | Inf: 8.4ms | Total: 55.3ms
23:17:09 | Mask: [1.0, 0.0, 1.0, 0.0, 0.0] | Prob: 0.5301 | Attn: [0.353, 0.0, 0.647, 0.0, 0.0] | Ext: 47.0ms | Inf: 7.9ms | Total: 54.8ms
23:17:09 | Mask: [1.0, 0.0, 1.0, 0.0, 0.0] | Prob: 0.5304 | Attn: [0.353, 0.0, 0.647, 0.0, 0.0] | Ext: 47.0ms | Inf: 9.1ms | Total: 56.0ms
23:17:10 | Mask: [1.0, 0.0, 1.0, 0.0, 0.0] | Prob: 0.5306 | Attn: [0.353, 0.0, 0.647, 0.0, 0.0] | Ext: 47.0ms | Inf: 7.9ms | Total: 54.9ms
23:17:10 | Mask: [1.0, 0.0, 1.0, 0.0, 0.0] | Prob: 0.5307 | Attn: [0.353, 0.0, 0.647, 0.0, 0.0] | Ext: 47.0ms | Inf: 7.0ms | Total: 54.0ms
23:17:10 | Mask: [1.0, 0.0, 1.0, 0.0, 0.0] | Prob: 0.5308 | Attn: [0.353, 0.0, 0.647, 0.0, 0.0] | Ext: 47.0ms | Inf: 8.5ms | Total: 55.4ms
23:17:10 | Mask: [1.0, 0.0, 1.0, 0.0, 0.0] | Prob: 0.5309 | Attn: [0.353, 0.0, 0.647, 0.0, 0.0] | Ext: 47.0ms | Inf: 7.3ms | Total: 54.2ms
23:17:10 | Mask: [1.0, 0.0, 1.0, 0.0, 0.0] | Prob: 0.5309 | Attn: [0.353, 0.0, 0.647, 0.0, 0.0] | Ext: 47.0ms | Inf: 7.1ms | Total: 54.1ms
23:17:10 | Mask: [1.0, 0.0, 1.0, 0.0, 0.0] | Prob: 0.5310 | Attn: [0.353, 0.0, 0.647, 0.0, 0.0] | Ext: 47.0ms | Inf: 8.3ms | Total: 55.3ms
23:17:10 | Mask: [1.0, 0.0, 1.0, 0.0, 0.0] | Prob: 0.5310 | Attn: [0.353, 0.0, 0.647, 0.0, 0.0] | Ext: 47.0ms | Inf: 8.5ms | Total: 55.5ms
23:17:10 | Mask: [1.0, 0.0, 1.0, 0.0, 0.0] | Prob: 0.5310 | Attn: [0.353, 0.0, 0.647, 0.0, 0.0] | Ext: 47.0ms | Inf: 8.1ms | Total: 55.0ms
23:17:10 | Mask: [1.0, 0.0, 1.0, 0.0, 0.0] | Prob: 0.5310 | Attn: [0.353, 0.0, 0.647, 0.0, 0.0] | Ext: 47.0ms | Inf: 8.2ms | Total: 55.1ms
23:17:11 | Mask: [1.0, 0.0, 1.0, 0.0, 0.0] | Prob: 0.5310 | Attn: [0.353, 0.0, 0.647, 0.0, 0.0] | Ext: 47.0ms | Inf: 8.2ms | Total: 55.2ms
23:17:11 | Mask: [1.0, 0.0, 1.0, 0.0, 0.0] | Prob: 0.4738 | Attn: [0.51, 0.0, 0.49, 0.0, 0.0] | Ext: 58.3ms | Inf: 7.3ms | Total: 65.6ms
23:17:11 | Mask: [1.0, 0.0, 1.0, 0.0, 0.0] | Prob: 0.4337 | Attn: [0.51, 0.0, 0.49, 0.0, 0.0] | Ext: 58.3ms | Inf: 8.3ms | Total: 66.5ms
23:17:11 | Mask: [1.0, 0.0, 1.0, 0.0, 0.0] | Prob: 0.4056 | Attn: [0.51, 0.0, 0.49, 0.0, 0.0] | Ext: 58.3ms | Inf: 8.3ms | Total: 66.5ms
23:17:11 | Mask: [1.0, 0.0, 1.0, 0.0, 0.0] | Prob: 0.3860 | Attn: [0.51, 0.0, 0.49, 0.0, 0.0] | Ext: 58.3ms | Inf: 8.7ms | Total: 67.0ms
23:17:11 | Mask: [1.0, 0.0, 1.0, 0.0, 0.0] | Prob: 0.3722 | Attn: [0.51, 0.0, 0.49, 0.0, 0.0] | Ext: 58.3ms | Inf: 8.4ms | Total: 66.7ms
23:17:11 | Mask: [1.0, 0.0, 1.0, 0.0, 0.0] | Prob: 0.3626 | Attn: [0.51, 0.0, 0.49, 0.0, 0.0] | Ext: 58.3ms | Inf: 7.3ms | Total: 65.6ms
23:17:11 | Mask: [1.0, 0.0, 1.0, 0.0, 0.0] | Prob: 0.3559 | Attn: [0.51, 0.0, 0.49, 0.0, 0.0] | Ext: 58.3ms | Inf: 8.1ms | Total: 66.3ms
23:17:12 | Mask: [1.0, 0.0, 1.0, 0.0, 0.0] | Prob: 0.3512 | Attn: [0.51, 0.0, 0.49, 0.0, 0.0] | Ext: 58.3ms | Inf: 8.7ms | Total: 66.9ms
23:17:12 | Mask: [1.0, 0.0, 1.0, 0.0, 0.0] | Prob: 0.3478 | Attn: [0.51, 0.0, 0.49, 0.0, 0.0] | Ext: 58.3ms | Inf: 6.7ms | Total: 65.0ms
23:17:12 | Mask: [1.0, 0.0, 1.0, 0.0, 0.0] | Prob: 0.3613 | Attn: [0.535, 0.0, 0.465, 0.0, 0.0] | Ext: 58.3ms | Inf: 8.9ms | Total: 67.1ms
23:17:12 | Mask: [1.0, 0.0, 1.0, 0.0, 0.0] | Prob: 0.3706 | Attn: [0.535, 0.0, 0.465, 0.0, 0.0] | Ext: 58.3ms | Inf: 8.2ms | Total: 66.4ms
23:17:12 | Mask: [1.0, 0.0, 1.0, 0.0, 0.0] | Prob: 0.3772 | Attn: [0.535, 0.0, 0.465, 0.0, 0.0] | Ext: 58.3ms | Inf: 8.7ms | Total: 66.9ms
23:17:12 | Mask: [1.0, 0.0, 1.0, 0.0, 0.0] | Prob: 0.3818 | Attn: [0.535, 0.0, 0.465, 0.0, 0.0] | Ext: 58.3ms | Inf: 7.4ms | Total: 65.7ms
23:17:12 | Mask: [1.0, 0.0, 1.0, 0.0, 0.0] | Prob: 0.3850 | Attn: [0.535, 0.0, 0.465, 0.0, 0.0] | Ext: 58.3ms | Inf: 7.9ms | Total: 66.2ms
23:17:12 | Mask: [1.0, 0.0, 1.0, 0.0, 0.0] | Prob: 0.3873 | Attn: [0.535, 0.0, 0.465, 0.0, 0.0] | Ext: 58.3ms | Inf: 6.9ms | Total: 65.2ms
23:17:13 | Mask: [1.0, 0.0, 1.0, 0.0, 0.0] | Prob: 0.3889 | Attn: [0.535, 0.0, 0.465, 0.0, 0.0] | Ext: 58.3ms | Inf: 7.6ms | Total: 65.9ms
23:17:13 | Mask: [1.0, 0.0, 1.0, 0.0, 0.0] | Prob: 0.3900 | Attn: [0.535, 0.0, 0.465, 0.0, 0.0] | Ext: 58.3ms | Inf: 8.4ms | Total: 66.6ms
23:17:13 | Mask: [1.0, 0.0, 1.0, 0.0, 0.0] | Prob: 0.3907 | Attn: [0.535, 0.0, 0.465, 0.0, 0.0] | Ext: 58.3ms | Inf: 8.6ms | Total: 66.9ms
23:17:13 | Mask: [1.0, 0.0, 1.0, 0.0, 0.0] | Prob: 0.3913 | Attn: [0.535, 0.0, 0.465, 0.0, 0.0] | Ext: 58.3ms | Inf: 9.2ms | Total: 67.5ms
23:17:13 | Mask: [1.0, 0.0, 1.0, 0.0, 0.0] | Prob: 0.3916 | Attn: [0.535, 0.0, 0.465, 0.0, 0.0] | Ext: 58.3ms | Inf: 8.4ms | Total: 66.7ms
23:17:13 | Mask: [1.0, 0.0, 1.0, 0.0, 0.0] | Prob: 0.3919 | Attn: [0.535, 0.0, 0.465, 0.0, 0.0] | Ext: 58.3ms | Inf: 7.0ms | Total: 65.2ms
23:17:13 | Mask: [1.0, 0.0, 1.0, 0.0, 0.0] | Prob: 0.3921 | Attn: [0.535, 0.0, 0.465, 0.0, 0.0] | Ext: 58.3ms | Inf: 6.7ms | Total: 65.0ms
23:17:13 | Mask: [1.0, 0.0, 1.0, 0.0, 0.0] | Prob: 0.3922 | Attn: [0.535, 0.0, 0.465, 0.0, 0.0] | Ext: 58.3ms | Inf: 7.2ms | Total: 65.5ms
23:17:13 | Mask: [1.0, 0.0, 1.0, 0.0, 0.0] | Prob: 0.3923 | Attn: [0.535, 0.0, 0.465, 0.0, 0.0] | Ext: 58.3ms | Inf: 6.7ms | Total: 65.0ms
23:17:14 | Mask: [1.0, 0.0, 1.0, 0.0, 0.0] | Prob: 0.3924 | Attn: [0.535, 0.0, 0.465, 0.0, 0.0] | Ext: 58.3ms | Inf: 7.4ms | Total: 65.7ms
23:17:14 | Mask: [1.0, 0.0, 1.0, 0.0, 0.0] | Prob: 0.3364 | Attn: [0.67, 0.0, 0.33, 0.0, 0.0] | Ext: 46.4ms | Inf: 8.6ms | Total: 55.0ms
23:17:14 | Mask: [1.0, 0.0, 1.0, 0.0, 0.0] | Prob: 0.2972 | Attn: [0.67, 0.0, 0.33, 0.0, 0.0] | Ext: 46.4ms | Inf: 7.6ms | Total: 54.0ms
23:17:14 | Mask: [1.0, 0.0, 1.0, 0.0, 0.0] | Prob: 0.2698 | Attn: [0.67, 0.0, 0.33, 0.0, 0.0] | Ext: 46.4ms | Inf: 7.8ms | Total: 54.3ms
23:17:14 | Mask: [1.0, 0.0, 1.0, 0.0, 0.0] | Prob: 0.2506 | Attn: [0.67, 0.0, 0.33, 0.0, 0.0] | Ext: 46.4ms | Inf: 8.3ms | Total: 54.7ms
23:17:14 | Mask: [1.0, 0.0, 1.0, 0.0, 0.0] | Prob: 0.2371 | Attn: [0.67, 0.0, 0.33, 0.0, 0.0] | Ext: 46.4ms | Inf: 9.1ms | Total: 55.5ms
23:17:14 | Mask: [1.0, 0.0, 1.0, 0.0, 0.0] | Prob: 0.2277 | Attn: [0.67, 0.0, 0.33, 0.0, 0.0] | Ext: 46.4ms | Inf: 8.3ms | Total: 54.7ms
23:17:14 | Mask: [1.0, 0.0, 1.0, 0.0, 0.0] | Prob: 0.2211 | Attn: [0.67, 0.0, 0.33, 0.0, 0.0] | Ext: 46.4ms | Inf: 8.3ms | Total: 54.8ms
23:17:15 | Mask: [1.0, 0.0, 1.0, 0.0, 0.0] | Prob: 0.2165 | Attn: [0.67, 0.0, 0.33, 0.0, 0.0] | Ext: 46.4ms | Inf: 7.2ms | Total: 53.7ms
23:17:15 | Mask: [1.0, 0.0, 1.0, 0.0, 0.0] | Prob: 0.2133 | Attn: [0.67, 0.0, 0.33, 0.0, 0.0] | Ext: 46.4ms | Inf: 8.0ms | Total: 54.4ms
23:17:15 | Mask: [1.0, 0.0, 1.0, 0.0, 0.0] | Prob: 0.2170 | Attn: [0.652, 0.0, 0.348, 0.0, 0.0] | Ext: 46.4ms | Inf: 7.6ms | Total: 54.0ms
23:17:15 | Mask: [1.0, 0.0, 1.0, 0.0, 0.0] | Prob: 0.2196 | Attn: [0.652, 0.0, 0.348, 0.0, 0.0] | Ext: 46.4ms | Inf: 7.4ms | Total: 53.9ms
23:17:15 | Mask: [1.0, 0.0, 1.0, 0.0, 0.0] | Prob: 0.2214 | Attn: [0.652, 0.0, 0.348, 0.0, 0.0] | Ext: 46.4ms | Inf: 6.8ms | Total: 53.2ms
23:17:15 | Mask: [1.0, 0.0, 1.0, 0.0, 0.0] | Prob: 0.2226 | Attn: [0.652, 0.0, 0.348, 0.0, 0.0] | Ext: 46.4ms | Inf: 7.9ms | Total: 54.3ms
23:17:15 | Mask: [1.0, 0.0, 1.0, 0.0, 0.0] | Prob: 0.2235 | Attn: [0.652, 0.0, 0.348, 0.0, 0.0] | Ext: 46.4ms | Inf: 7.7ms | Total: 54.2ms
23:17:15 | Mask: [1.0, 0.0, 1.0, 0.0, 0.0] | Prob: 0.2241 | Attn: [0.652, 0.0, 0.348, 0.0, 0.0] | Ext: 46.4ms | Inf: 7.7ms | Total: 54.1ms
23:17:15 | Mask: [1.0, 0.0, 1.0, 0.0, 0.0] | Prob: 0.2246 | Attn: [0.652, 0.0, 0.348, 0.0, 0.0] | Ext: 46.4ms | Inf: 8.0ms | Total: 54.4ms
23:17:16 | Mask: [1.0, 0.0, 1.0, 0.0, 0.0] | Prob: 0.2249 | Attn: [0.652, 0.0, 0.348, 0.0, 0.0] | Ext: 46.4ms | Inf: 8.2ms | Total: 54.6ms
23:17:16 | Mask: [1.0, 0.0, 1.0, 0.0, 0.0] | Prob: 0.2251 | Attn: [0.652, 0.0, 0.348, 0.0, 0.0] | Ext: 46.4ms | Inf: 8.0ms | Total: 54.4ms
23:17:16 | Mask: [1.0, 0.0, 1.0, 0.0, 0.0] | Prob: 0.2252 | Attn: [0.652, 0.0, 0.348, 0.0, 0.0] | Ext: 46.4ms | Inf: 9.1ms | Total: 55.5ms
23:17:16 | Mask: [1.0, 0.0, 1.0, 0.0, 0.0] | Prob: 0.2254 | Attn: [0.652, 0.0, 0.348, 0.0, 0.0] | Ext: 46.4ms | Inf: 7.1ms | Total: 53.6ms
23:17:16 | Mask: [1.0, 0.0, 1.0, 0.0, 0.0] | Prob: 0.2254 | Attn: [0.652, 0.0, 0.348, 0.0, 0.0] | Ext: 46.4ms | Inf: 7.7ms | Total: 54.1ms
23:17:16 | Mask: [1.0, 0.0, 1.0, 0.0, 0.0] | Prob: 0.2255 | Attn: [0.652, 0.0, 0.348, 0.0, 0.0] | Ext: 46.4ms | Inf: 7.6ms | Total: 54.0ms
23:17:16 | Mask: [1.0, 0.0, 1.0, 0.0, 0.0] | Prob: 0.2255 | Attn: [0.652, 0.0, 0.348, 0.0, 0.0] | Ext: 46.4ms | Inf: 9.1ms | Total: 55.5ms
23:17:16 | Mask: [1.0, 0.0, 1.0, 0.0, 0.0] | Prob: 0.2255 | Attn: [0.652, 0.0, 0.348, 0.0, 0.0] | Ext: 46.4ms | Inf: 7.5ms | Total: 53.9ms
23:17:17 | Mask: [1.0, 0.0, 1.0, 0.0, 0.0] | Prob: 0.2256 | Attn: [0.652, 0.0, 0.348, 0.0, 0.0] | Ext: 46.4ms | Inf: 8.3ms | Total: 54.7ms
23:17:17 | Mask: [1.0, 0.0, 1.0, 0.0, 0.0] | Prob: 0.2471 | Attn: [0.415, 0.0, 0.585, 0.0, 0.0] | Ext: 49.3ms | Inf: 7.7ms | Total: 56.9ms
23:17:17 | Mask: [1.0, 0.0, 1.0, 0.0, 0.0] | Prob: 0.2622 | Attn: [0.415, 0.0, 0.585, 0.0, 0.0] | Ext: 49.3ms | Inf: 7.7ms | Total: 57.0ms
23:17:17 | Mask: [1.0, 0.0, 1.0, 0.0, 0.0] | Prob: 0.2727 | Attn: [0.415, 0.0, 0.585, 0.0, 0.0] | Ext: 49.3ms | Inf: 8.2ms | Total: 57.4ms
23:17:17 | Mask: [1.0, 0.0, 1.0, 0.0, 0.0] | Prob: 0.2801 | Attn: [0.415, 0.0, 0.585, 0.0, 0.0] | Ext: 49.3ms | Inf: 8.3ms | Total: 57.5ms
23:17:17 | Mask: [1.0, 0.0, 1.0, 0.0, 0.0] | Prob: 0.2853 | Attn: [0.415, 0.0, 0.585, 0.0, 0.0] | Ext: 49.3ms | Inf: 6.7ms | Total: 55.9ms
23:17:17 | Mask: [1.0, 0.0, 1.0, 0.0, 0.0] | Prob: 0.2889 | Attn: [0.415, 0.0, 0.585, 0.0, 0.0] | Ext: 49.3ms | Inf: 6.6ms | Total: 55.8ms
23:17:17 | Mask: [1.0, 0.0, 1.0, 0.0, 0.0] | Prob: 0.2915 | Attn: [0.415, 0.0, 0.585, 0.0, 0.0] | Ext: 49.3ms | Inf: 7.2ms | Total: 56.4ms
23:17:17 | Mask: [1.0, 0.0, 1.0, 0.0, 0.0] | Prob: 0.2932 | Attn: [0.415, 0.0, 0.585, 0.0, 0.0] | Ext: 49.3ms | Inf: 8.1ms | Total: 57.4ms
23:17:18 | Mask: [1.0, 0.0, 1.0, 0.0, 0.0] | Prob: 0.2945 | Attn: [0.415, 0.0, 0.585, 0.0, 0.0] | Ext: 49.3ms | Inf: 7.9ms | Total: 57.1ms
23:17:18 | Mask: [1.0, 0.0, 1.0, 0.0, 0.0] | Prob: 0.3393 | Attn: [0.335, 0.0, 0.665, 0.0, 0.0] | Ext: 49.3ms | Inf: 6.8ms | Total: 56.0ms
23:17:18 | Mask: [1.0, 0.0, 1.0, 0.0, 0.0] | Prob: 0.3707 | Attn: [0.335, 0.0, 0.665, 0.0, 0.0] | Ext: 49.3ms | Inf: 8.3ms | Total: 57.6ms
23:17:18 | Mask: [1.0, 0.0, 1.0, 0.0, 0.0] | Prob: 0.3926 | Attn: [0.335, 0.0, 0.665, 0.0, 0.0] | Ext: 49.3ms | Inf: 6.8ms | Total: 56.1ms
23:17:18 | Mask: [1.0, 0.0, 1.0, 0.0, 0.0] | Prob: 0.4080 | Attn: [0.335, 0.0, 0.665, 0.0, 0.0] | Ext: 49.3ms | Inf: 6.9ms | Total: 56.1ms
23:17:18 | Mask: [1.0, 0.0, 1.0, 0.0, 0.0] | Prob: 0.4187 | Attn: [0.335, 0.0, 0.665, 0.0, 0.0] | Ext: 49.3ms | Inf: 7.9ms | Total: 57.2ms
23:17:18 | Mask: [1.0, 0.0, 1.0, 0.0, 0.0] | Prob: 0.4263 | Attn: [0.335, 0.0, 0.665, 0.0, 0.0] | Ext: 49.3ms | Inf: 8.4ms | Total: 57.7ms
23:17:18 | Mask: [1.0, 0.0, 1.0, 0.0, 0.0] | Prob: 0.4315 | Attn: [0.335, 0.0, 0.665, 0.0, 0.0] | Ext: 49.3ms | Inf: 7.4ms | Total: 56.6ms
23:17:19 | Mask: [1.0, 0.0, 1.0, 0.0, 0.0] | Prob: 0.4352 | Attn: [0.335, 0.0, 0.665, 0.0, 0.0] | Ext: 49.3ms | Inf: 7.7ms | Total: 57.0ms
23:17:19 | Mask: [1.0, 0.0, 1.0, 0.0, 0.0] | Prob: 0.4378 | Attn: [0.335, 0.0, 0.665, 0.0, 0.0] | Ext: 49.3ms | Inf: 7.9ms | Total: 57.2ms
23:17:19 | Mask: [1.0, 0.0, 1.0, 0.0, 0.0] | Prob: 0.4396 | Attn: [0.335, 0.0, 0.665, 0.0, 0.0] | Ext: 49.3ms | Inf: 7.9ms | Total: 57.2ms
23:17:19 | Mask: [1.0, 0.0, 1.0, 0.0, 0.0] | Prob: 0.4409 | Attn: [0.335, 0.0, 0.665, 0.0, 0.0] | Ext: 49.3ms | Inf: 8.6ms | Total: 57.8ms
23:17:19 | Mask: [1.0, 0.0, 1.0, 0.0, 0.0] | Prob: 0.4418 | Attn: [0.335, 0.0, 0.665, 0.0, 0.0] | Ext: 49.3ms | Inf: 7.5ms | Total: 56.7ms
23:17:19 | Mask: [1.0, 0.0, 1.0, 0.0, 0.0] | Prob: 0.4424 | Attn: [0.335, 0.0, 0.665, 0.0, 0.0] | Ext: 49.3ms | Inf: 7.3ms | Total: 56.6ms
23:17:19 | Mask: [1.0, 0.0, 1.0, 0.0, 0.0] | Prob: 0.4428 | Attn: [0.335, 0.0, 0.665, 0.0, 0.0] | Ext: 49.3ms | Inf: 8.1ms | Total: 57.4ms
23:17:19 | Mask: [1.0, 0.0, 1.0, 0.0, 0.0] | Prob: 0.4431 | Attn: [0.335, 0.0, 0.665, 0.0, 0.0] | Ext: 49.3ms | Inf: 8.2ms | Total: 57.4ms
23:17:20 | Mask: [1.0, 0.0, 1.0, 0.0, 0.0] | Prob: 0.4410 | Attn: [0.235, 0.0, 0.765, 0.0, 0.0] | Ext: 46.2ms | Inf: 8.2ms | Total: 54.4ms
23:17:20 | Mask: [1.0, 0.0, 1.0, 0.0, 0.0] | Prob: 0.4395 | Attn: [0.235, 0.0, 0.765, 0.0, 0.0] | Ext: 46.2ms | Inf: 8.0ms | Total: 54.3ms
23:17:20 | Mask: [1.0, 0.0, 1.0, 0.0, 0.0] | Prob: 0.4385 | Attn: [0.235, 0.0, 0.765, 0.0, 0.0] | Ext: 46.2ms | Inf: 7.0ms | Total: 53.2ms
23:17:20 | Mask: [1.0, 0.0, 1.0, 0.0, 0.0] | Prob: 0.4378 | Attn: [0.235, 0.0, 0.765, 0.0, 0.0] | Ext: 46.2ms | Inf: 8.1ms | Total: 54.3ms
23:17:20 | Mask: [1.0, 0.0, 1.0, 0.0, 0.0] | Prob: 0.4373 | Attn: [0.235, 0.0, 0.765, 0.0, 0.0] | Ext: 46.2ms | Inf: 8.4ms | Total: 54.6ms
23:17:20 | Mask: [1.0, 0.0, 1.0, 0.0, 0.0] | Prob: 0.4369 | Attn: [0.235, 0.0, 0.765, 0.0, 0.0] | Ext: 46.2ms | Inf: 8.4ms | Total: 54.7ms
23:17:20 | Mask: [1.0, 0.0, 1.0, 0.0, 0.0] | Prob: 0.4367 | Attn: [0.235, 0.0, 0.765, 0.0, 0.0] | Ext: 46.2ms | Inf: 7.5ms | Total: 53.7ms
23:17:20 | Mask: [1.0, 0.0, 1.0, 0.0, 0.0] | Prob: 0.4365 | Attn: [0.235, 0.0, 0.765, 0.0, 0.0] | Ext: 46.2ms | Inf: 8.1ms | Total: 54.3ms
23:17:20 | Mask: [1.0, 0.0, 1.0, 0.0, 0.0] | Prob: 0.4364 | Attn: [0.235, 0.0, 0.765, 0.0, 0.0] | Ext: 46.2ms | Inf: 7.8ms | Total: 54.1ms
23:17:21 | Mask: [1.0, 0.0, 1.0, 0.0, 0.0] | Prob: 0.4555 | Attn: [0.401, 0.0, 0.599, 0.0, 0.0] | Ext: 46.2ms | Inf: 7.9ms | Total: 54.2ms
23:17:21 | Mask: [1.0, 0.0, 1.0, 0.0, 0.0] | Prob: 0.4689 | Attn: [0.401, 0.0, 0.599, 0.0, 0.0] | Ext: 46.2ms | Inf: 7.5ms | Total: 53.7ms
23:17:21 | Mask: [1.0, 0.0, 1.0, 0.0, 0.0] | Prob: 0.4783 | Attn: [0.401, 0.0, 0.599, 0.0, 0.0] | Ext: 46.2ms | Inf: 8.2ms | Total: 54.4ms
23:17:21 | Mask: [1.0, 0.0, 1.0, 0.0, 0.0] | Prob: 0.4849 | Attn: [0.401, 0.0, 0.599, 0.0, 0.0] | Ext: 46.2ms | Inf: 7.9ms | Total: 54.1ms
23:17:21 | Mask: [1.0, 0.0, 1.0, 0.0, 0.0] | Prob: 0.4895 | Attn: [0.401, 0.0, 0.599, 0.0, 0.0] | Ext: 46.2ms | Inf: 7.9ms | Total: 54.1ms
23:17:21 | Mask: [1.0, 0.0, 1.0, 0.0, 0.0] | Prob: 0.4927 | Attn: [0.401, 0.0, 0.599, 0.0, 0.0] | Ext: 46.2ms | Inf: 8.5ms | Total: 54.7ms
23:17:21 | Mask: [1.0, 0.0, 1.0, 0.0, 0.0] | Prob: 0.4950 | Attn: [0.401, 0.0, 0.599, 0.0, 0.0] | Ext: 46.2ms | Inf: 8.4ms | Total: 54.6ms
23:17:21 | Mask: [1.0, 0.0, 1.0, 0.0, 0.0] | Prob: 0.4965 | Attn: [0.401, 0.0, 0.599, 0.0, 0.0] | Ext: 46.2ms | Inf: 8.0ms | Total: 54.3ms
23:17:22 | Mask: [1.0, 0.0, 1.0, 0.0, 0.0] | Prob: 0.4976 | Attn: [0.401, 0.0, 0.599, 0.0, 0.0] | Ext: 46.2ms | Inf: 7.4ms | Total: 53.6ms
23:17:22 | Mask: [1.0, 0.0, 1.0, 0.0, 0.0] | Prob: 0.4984 | Attn: [0.401, 0.0, 0.599, 0.0, 0.0] | Ext: 46.2ms | Inf: 7.9ms | Total: 54.1ms
23:17:22 | Mask: [1.0, 0.0, 1.0, 0.0, 0.0] | Prob: 0.4990 | Attn: [0.401, 0.0, 0.599, 0.0, 0.0] | Ext: 46.2ms | Inf: 8.0ms | Total: 54.3ms
23:17:22 | Mask: [1.0, 0.0, 1.0, 0.0, 0.0] | Prob: 0.4993 | Attn: [0.401, 0.0, 0.599, 0.0, 0.0] | Ext: 46.2ms | Inf: 9.5ms | Total: 55.8ms
23:17:22 | Mask: [1.0, 0.0, 1.0, 0.0, 0.0] | Prob: 0.4996 | Attn: [0.401, 0.0, 0.599, 0.0, 0.0] | Ext: 46.2ms | Inf: 8.7ms | Total: 55.0ms
23:17:22 | Mask: [1.0, 0.0, 1.0, 0.0, 0.0] | Prob: 0.4998 | Attn: [0.401, 0.0, 0.599, 0.0, 0.0] | Ext: 46.2ms | Inf: 7.7ms | Total: 53.9ms
23:17:22 | Mask: [1.0, 0.0, 1.0, 0.0, 0.0] | Prob: 0.4999 | Attn: [0.401, 0.0, 0.599, 0.0, 0.0] | Ext: 46.2ms | Inf: 8.2ms | Total: 54.5ms
23:17:22 | Mask: [1.0, 0.0, 1.0, 0.0, 0.0] | Prob: 0.5000 | Attn: [0.401, 0.0, 0.599, 0.0, 0.0] | Ext: 46.2ms | Inf: 7.9ms | Total: 54.2ms
23:17:22 | Mask: [1.0, 0.0, 1.0, 0.0, 0.0] | Prob: 0.4700 | Attn: [0.501, 0.0, 0.499, 0.0, 0.0] | Ext: 45.4ms | Inf: 8.4ms | Total: 53.8ms
23:17:23 | Mask: [1.0, 0.0, 1.0, 0.0, 0.0] | Prob: 0.4490 | Attn: [0.501, 0.0, 0.499, 0.0, 0.0] | Ext: 45.4ms | Inf: 7.7ms | Total: 53.2ms
23:17:23 | Mask: [1.0, 0.0, 1.0, 0.0, 0.0] | Prob: 0.4343 | Attn: [0.501, 0.0, 0.499, 0.0, 0.0] | Ext: 45.4ms | Inf: 6.9ms | Total: 52.3ms
23:17:23 | Mask: [1.0, 0.0, 1.0, 0.0, 0.0] | Prob: 0.4240 | Attn: [0.501, 0.0, 0.499, 0.0, 0.0] | Ext: 45.4ms | Inf: 7.9ms | Total: 53.3ms
23:17:23 | Mask: [1.0, 0.0, 1.0, 0.0, 0.0] | Prob: 0.4168 | Attn: [0.501, 0.0, 0.499, 0.0, 0.0] | Ext: 45.4ms | Inf: 8.0ms | Total: 53.5ms
23:17:23 | Mask: [1.0, 0.0, 1.0, 0.0, 0.0] | Prob: 0.4118 | Attn: [0.501, 0.0, 0.499, 0.0, 0.0] | Ext: 45.4ms | Inf: 8.8ms | Total: 54.2ms
23:17:23 | Mask: [1.0, 0.0, 1.0, 0.0, 0.0] | Prob: 0.4082 | Attn: [0.501, 0.0, 0.499, 0.0, 0.0] | Ext: 45.4ms | Inf: 7.1ms | Total: 52.6ms
23:17:23 | Mask: [1.0, 0.0, 1.0, 0.0, 0.0] | Prob: 0.4058 | Attn: [0.501, 0.0, 0.499, 0.0, 0.0] | Ext: 45.4ms | Inf: 8.5ms | Total: 53.9ms
23:17:23 | Mask: [1.0, 0.0, 1.0, 0.0, 0.0] | Prob: 0.4040 | Attn: [0.501, 0.0, 0.499, 0.0, 0.0] | Ext: 45.4ms | Inf: 8.4ms | Total: 53.8ms
23:17:24 | Mask: [1.0, 0.0, 1.0, 0.0, 0.0] | Prob: 0.4199 | Attn: [0.48, 0.0, 0.52, 0.0, 0.0] | Ext: 45.4ms | Inf: 8.4ms | Total: 53.9ms
23:17:24 | Mask: [1.0, 0.0, 1.0, 0.0, 0.0] | Prob: 0.4309 | Attn: [0.48, 0.0, 0.52, 0.0, 0.0] | Ext: 45.4ms | Inf: 7.6ms | Total: 53.0ms
23:17:24 | Mask: [1.0, 0.0, 1.0, 0.0, 0.0] | Prob: 0.4387 | Attn: [0.48, 0.0, 0.52, 0.0, 0.0] | Ext: 45.4ms | Inf: 7.3ms | Total: 52.8ms
23:17:24 | Mask: [1.0, 0.0, 1.0, 0.0, 0.0] | Prob: 0.4441 | Attn: [0.48, 0.0, 0.52, 0.0, 0.0] | Ext: 45.4ms | Inf: 7.3ms | Total: 52.8ms
23:17:24 | Mask: [1.0, 0.0, 1.0, 0.0, 0.0] | Prob: 0.4479 | Attn: [0.48, 0.0, 0.52, 0.0, 0.0] | Ext: 45.4ms | Inf: 8.2ms | Total: 53.6ms
23:17:24 | Mask: [1.0, 0.0, 1.0, 0.0, 0.0] | Prob: 0.4505 | Attn: [0.48, 0.0, 0.52, 0.0, 0.0] | Ext: 45.4ms | Inf: 7.1ms | Total: 52.5ms
23:17:24 | Mask: [1.0, 0.0, 1.0, 0.0, 0.0] | Prob: 0.4524 | Attn: [0.48, 0.0, 0.52, 0.0, 0.0] | Ext: 45.4ms | Inf: 7.9ms | Total: 53.3ms
23:17:24 | Mask: [1.0, 0.0, 1.0, 0.0, 0.0] | Prob: 0.4537 | Attn: [0.48, 0.0, 0.52, 0.0, 0.0] | Ext: 45.4ms | Inf: 7.1ms | Total: 52.6ms
23:17:25 | Mask: [1.0, 0.0, 1.0, 0.0, 0.0] | Prob: 0.4546 | Attn: [0.48, 0.0, 0.52, 0.0, 0.0] | Ext: 45.4ms | Inf: 7.3ms | Total: 52.8ms
23:17:25 | Mask: [1.0, 0.0, 1.0, 0.0, 0.0] | Prob: 0.4553 | Attn: [0.48, 0.0, 0.52, 0.0, 0.0] | Ext: 45.4ms | Inf: 7.6ms | Total: 53.1ms
23:17:25 | Mask: [1.0, 0.0, 1.0, 0.0, 0.0] | Prob: 0.4557 | Attn: [0.48, 0.0, 0.52, 0.0, 0.0] | Ext: 45.4ms | Inf: 8.5ms | Total: 53.9ms
23:17:25 | Mask: [1.0, 0.0, 1.0, 0.0, 0.0] | Prob: 0.4560 | Attn: [0.48, 0.0, 0.52, 0.0, 0.0] | Ext: 45.4ms | Inf: 10.5ms | Total: 56.0ms
23:17:25 | Mask: [1.0, 0.0, 1.0, 0.0, 0.0] | Prob: 0.4562 | Attn: [0.48, 0.0, 0.52, 0.0, 0.0] | Ext: 45.4ms | Inf: 7.4ms | Total: 52.8ms
23:17:25 | Mask: [1.0, 0.0, 1.0, 0.0, 0.0] | Prob: 0.4564 | Attn: [0.48, 0.0, 0.52, 0.0, 0.0] | Ext: 45.4ms | Inf: 9.0ms | Total: 54.4ms
23:17:25 | Mask: [1.0, 0.0, 1.0, 0.0, 0.0] | Prob: 0.4565 | Attn: [0.48, 0.0, 0.52, 0.0, 0.0] | Ext: 45.4ms | Inf: 8.3ms | Total: 53.8ms
23:17:25 | Mask: [1.0, 0.0, 1.0, 0.0, 0.0] | Prob: 0.4566 | Attn: [0.48, 0.0, 0.52, 0.0, 0.0] | Ext: 45.4ms | Inf: 8.3ms | Total: 53.7ms
23:17:25 | Mask: [1.0, 0.0, 1.0, 0.0, 0.0] | Prob: 0.3942 | Attn: [0.618, 0.0, 0.382, 0.0, 0.0] | Ext: 48.4ms | Inf: 8.1ms | Total: 56.5ms
23:17:26 | Mask: [1.0, 0.0, 1.0, 0.0, 0.0] | Prob: 0.3505 | Attn: [0.618, 0.0, 0.382, 0.0, 0.0] | Ext: 48.4ms | Inf: 8.2ms | Total: 56.6ms
23:17:26 | Mask: [1.0, 0.0, 1.0, 0.0, 0.0] | Prob: 0.3200 | Attn: [0.618, 0.0, 0.382, 0.0, 0.0] | Ext: 48.4ms | Inf: 7.4ms | Total: 55.8ms
23:17:26 | Mask: [1.0, 0.0, 1.0, 0.0, 0.0] | Prob: 0.2986 | Attn: [0.618, 0.0, 0.382, 0.0, 0.0] | Ext: 48.4ms | Inf: 7.6ms | Total: 56.0ms
23:17:26 | Mask: [1.0, 0.0, 1.0, 0.0, 0.0] | Prob: 0.2836 | Attn: [0.618, 0.0, 0.382, 0.0, 0.0] | Ext: 48.4ms | Inf: 8.4ms | Total: 56.8ms
23:17:26 | Mask: [1.0, 0.0, 1.0, 0.0, 0.0] | Prob: 0.2731 | Attn: [0.618, 0.0, 0.382, 0.0, 0.0] | Ext: 48.4ms | Inf: 8.5ms | Total: 56.9ms
23:17:26 | Mask: [1.0, 0.0, 1.0, 0.0, 0.0] | Prob: 0.2658 | Attn: [0.618, 0.0, 0.382, 0.0, 0.0] | Ext: 48.4ms | Inf: 8.0ms | Total: 56.4ms
23:17:26 | Mask: [1.0, 0.0, 1.0, 0.0, 0.0] | Prob: 0.2607 | Attn: [0.618, 0.0, 0.382, 0.0, 0.0] | Ext: 48.4ms | Inf: 7.5ms | Total: 56.0ms
23:17:26 | Mask: [1.0, 0.0, 1.0, 0.0, 0.0] | Prob: 0.2571 | Attn: [0.618, 0.0, 0.382, 0.0, 0.0] | Ext: 48.4ms | Inf: 9.2ms | Total: 57.6ms
23:17:27 | Mask: [1.0, 0.0, 1.0, 0.0, 0.0] | Prob: 0.2339 | Attn: [0.662, 0.0, 0.338, 0.0, 0.0] | Ext: 48.4ms | Inf: 7.3ms | Total: 55.7ms
23:17:27 | Mask: [1.0, 0.0, 1.0, 0.0, 0.0] | Prob: 0.2178 | Attn: [0.662, 0.0, 0.338, 0.0, 0.0] | Ext: 48.4ms | Inf: 7.5ms | Total: 55.9ms
23:17:27 | Mask: [1.0, 0.0, 1.0, 0.0, 0.0] | Prob: 0.2064 | Attn: [0.662, 0.0, 0.338, 0.0, 0.0] | Ext: 48.4ms | Inf: 7.8ms | Total: 56.2ms
23:17:27 | Mask: [1.0, 0.0, 1.0, 0.0, 0.0] | Prob: 0.1985 | Attn: [0.662, 0.0, 0.338, 0.0, 0.0] | Ext: 48.4ms | Inf: 8.2ms | Total: 56.7ms
23:17:27 | Mask: [1.0, 0.0, 1.0, 0.0, 0.0] | Prob: 0.1930 | Attn: [0.662, 0.0, 0.338, 0.0, 0.0] | Ext: 48.4ms | Inf: 8.2ms | Total: 56.6ms
23:17:27 | Mask: [1.0, 0.0, 1.0, 0.0, 0.0] | Prob: 0.1891 | Attn: [0.662, 0.0, 0.338, 0.0, 0.0] | Ext: 48.4ms | Inf: 7.8ms | Total: 56.2ms
23:17:27 | Mask: [1.0, 0.0, 1.0, 0.0, 0.0] | Prob: 0.1864 | Attn: [0.662, 0.0, 0.338, 0.0, 0.0] | Ext: 48.4ms | Inf: 7.2ms | Total: 55.6ms
23:17:27 | Mask: [1.0, 0.0, 1.0, 0.0, 0.0] | Prob: 0.1844 | Attn: [0.662, 0.0, 0.338, 0.0, 0.0] | Ext: 48.4ms | Inf: 8.8ms | Total: 57.2ms
23:17:27 | Mask: [1.0, 0.0, 1.0, 0.0, 0.0] | Prob: 0.1831 | Attn: [0.662, 0.0, 0.338, 0.0, 0.0] | Ext: 48.4ms | Inf: 8.5ms | Total: 56.9ms
23:17:28 | Mask: [1.0, 0.0, 1.0, 0.0, 0.0] | Prob: 0.1822 | Attn: [0.662, 0.0, 0.338, 0.0, 0.0] | Ext: 48.4ms | Inf: 8.7ms | Total: 57.1ms
23:17:28 | Mask: [1.0, 0.0, 1.0, 0.0, 0.0] | Prob: 0.1815 | Attn: [0.662, 0.0, 0.338, 0.0, 0.0] | Ext: 48.4ms | Inf: 7.7ms | Total: 56.2ms
23:17:28 | Mask: [1.0, 0.0, 1.0, 0.0, 0.0] | Prob: 0.1811 | Attn: [0.662, 0.0, 0.338, 0.0, 0.0] | Ext: 48.4ms | Inf: 7.8ms | Total: 56.2ms
23:17:28 | Mask: [1.0, 0.0, 1.0, 0.0, 0.0] | Prob: 0.1808 | Attn: [0.662, 0.0, 0.338, 0.0, 0.0] | Ext: 48.4ms | Inf: 9.8ms | Total: 58.2ms
23:17:28 | Mask: [1.0, 0.0, 1.0, 0.0, 0.0] | Prob: 0.1805 | Attn: [0.662, 0.0, 0.338, 0.0, 0.0] | Ext: 48.4ms | Inf: 8.0ms | Total: 56.5ms
23:17:28 | Mask: [1.0, 0.0, 1.0, 0.0, 0.0] | Prob: 0.1804 | Attn: [0.662, 0.0, 0.338, 0.0, 0.0] | Ext: 48.4ms | Inf: 7.8ms | Total: 56.2ms
23:17:28 | Mask: [1.0, 0.0, 1.0, 0.0, 0.0] | Prob: 0.1803 | Attn: [0.662, 0.0, 0.338, 0.0, 0.0] | Ext: 48.4ms | Inf: 7.3ms | Total: 55.7ms
23:17:28 | Mask: [1.0, 0.0, 1.0, 0.0, 0.0] | Prob: 0.2904 | Attn: [0.512, 0.0, 0.488, 0.0, 0.0] | Ext: 48.8ms | Inf: 7.8ms | Total: 56.6ms
23:17:29 | Mask: [1.0, 0.0, 1.0, 0.0, 0.0] | Prob: 0.3675 | Attn: [0.512, 0.0, 0.488, 0.0, 0.0] | Ext: 48.8ms | Inf: 7.7ms | Total: 56.5ms
23:17:29 | Mask: [1.0, 0.0, 1.0, 0.0, 0.0] | Prob: 0.4214 | Attn: [0.512, 0.0, 0.488, 0.0, 0.0] | Ext: 48.8ms | Inf: 7.3ms | Total: 56.1ms
23:17:29 | Mask: [1.0, 0.0, 1.0, 0.0, 0.0] | Prob: 0.4592 | Attn: [0.512, 0.0, 0.488, 0.0, 0.0] | Ext: 48.8ms | Inf: 8.5ms | Total: 57.2ms
23:17:29 | Mask: [1.0, 0.0, 1.0, 0.0, 0.0] | Prob: 0.4856 | Attn: [0.512, 0.0, 0.488, 0.0, 0.0] | Ext: 48.8ms | Inf: 7.7ms | Total: 56.4ms
23:17:29 | Mask: [1.0, 0.0, 1.0, 0.0, 0.0] | Prob: 0.5041 | Attn: [0.512, 0.0, 0.488, 0.0, 0.0] | Ext: 48.8ms | Inf: 8.4ms | Total: 57.2ms
23:17:29 | Mask: [1.0, 0.0, 1.0, 0.0, 0.0] | Prob: 0.5171 | Attn: [0.512, 0.0, 0.488, 0.0, 0.0] | Ext: 48.8ms | Inf: 8.8ms | Total: 57.6ms
23:17:29 | Mask: [1.0, 0.0, 1.0, 0.0, 0.0] | Prob: 0.5261 | Attn: [0.512, 0.0, 0.488, 0.0, 0.0] | Ext: 48.8ms | Inf: 7.5ms | Total: 56.3ms
23:17:29 | Mask: [1.0, 0.0, 1.0, 0.0, 0.0] | Prob: 0.5325 | Attn: [0.512, 0.0, 0.488, 0.0, 0.0] | Ext: 48.8ms | Inf: 8.0ms | Total: 56.8ms
23:17:30 | Mask: [1.0, 0.0, 1.0, 0.0, 0.0] | Prob: 0.5268 | Attn: [0.486, 0.0, 0.514, 0.0, 0.0] | Ext: 48.8ms | Inf: 8.8ms | Total: 57.6ms
23:17:30 | Mask: [1.0, 0.0, 1.0, 0.0, 0.0] | Prob: 0.5227 | Attn: [0.486, 0.0, 0.514, 0.0, 0.0] | Ext: 48.8ms | Inf: 8.5ms | Total: 57.3ms
23:17:30 | Mask: [1.0, 0.0, 1.0, 0.0, 0.0] | Prob: 0.5199 | Attn: [0.486, 0.0, 0.514, 0.0, 0.0] | Ext: 48.8ms | Inf: 8.0ms | Total: 56.8ms
23:17:30 | Mask: [1.0, 0.0, 1.0, 0.0, 0.0] | Prob: 0.5180 | Attn: [0.486, 0.0, 0.514, 0.0, 0.0] | Ext: 48.8ms | Inf: 7.5ms | Total: 56.3ms
23:17:30 | Mask: [1.0, 0.0, 1.0, 0.0, 0.0] | Prob: 0.5166 | Attn: [0.486, 0.0, 0.514, 0.0, 0.0] | Ext: 48.8ms | Inf: 8.6ms | Total: 57.4ms
23:17:30 | Mask: [1.0, 0.0, 1.0, 0.0, 0.0] | Prob: 0.5156 | Attn: [0.486, 0.0, 0.514, 0.0, 0.0] | Ext: 48.8ms | Inf: 8.8ms | Total: 57.6ms
23:17:30 | Mask: [1.0, 0.0, 1.0, 0.0, 0.0] | Prob: 0.5149 | Attn: [0.486, 0.0, 0.514, 0.0, 0.0] | Ext: 48.8ms | Inf: 9.6ms | Total: 58.4ms
23:17:30 | Mask: [1.0, 0.0, 1.0, 0.0, 0.0] | Prob: 0.5145 | Attn: [0.486, 0.0, 0.514, 0.0, 0.0] | Ext: 48.8ms | Inf: 7.1ms | Total: 55.9ms
23:17:30 | Mask: [1.0, 0.0, 1.0, 0.0, 0.0] | Prob: 0.5141 | Attn: [0.486, 0.0, 0.514, 0.0, 0.0] | Ext: 48.8ms | Inf: 8.2ms | Total: 57.0ms
23:17:31 | Mask: [1.0, 0.0, 1.0, 0.0, 0.0] | Prob: 0.5139 | Attn: [0.486, 0.0, 0.514, 0.0, 0.0] | Ext: 48.8ms | Inf: 7.4ms | Total: 56.2ms
23:17:31 | Mask: [1.0, 0.0, 1.0, 0.0, 0.0] | Prob: 0.5137 | Attn: [0.486, 0.0, 0.514, 0.0, 0.0] | Ext: 48.8ms | Inf: 8.3ms | Total: 57.1ms
23:17:31 | Mask: [1.0, 0.0, 1.0, 0.0, 0.0] | Prob: 0.5136 | Attn: [0.486, 0.0, 0.514, 0.0, 0.0] | Ext: 48.8ms | Inf: 7.1ms | Total: 55.9ms
23:17:31 | Mask: [1.0, 0.0, 1.0, 0.0, 0.0] | Prob: 0.5136 | Attn: [0.486, 0.0, 0.514, 0.0, 0.0] | Ext: 48.8ms | Inf: 7.6ms | Total: 56.4ms
23:17:31 | Mask: [1.0, 0.0, 1.0, 0.0, 0.0] | Prob: 0.5135 | Attn: [0.486, 0.0, 0.514, 0.0, 0.0] | Ext: 48.8ms | Inf: 8.2ms | Total: 57.0ms
23:17:31 | Mask: [1.0, 0.0, 1.0, 0.0, 0.0] | Prob: 0.5135 | Attn: [0.486, 0.0, 0.514, 0.0, 0.0] | Ext: 48.8ms | Inf: 7.7ms | Total: 56.5ms
23:17:31 | Mask: [1.0, 0.0, 1.0, 0.0, 0.0] | Prob: 0.4241 | Attn: [0.453, 0.0, 0.547, 0.0, 0.0] | Ext: 44.1ms | Inf: 8.2ms | Total: 52.3ms
23:17:31 | Mask: [1.0, 0.0, 1.0, 0.0, 0.0] | Prob: 0.3615 | Attn: [0.453, 0.0, 0.547, 0.0, 0.0] | Ext: 44.1ms | Inf: 8.6ms | Total: 52.7ms
23:17:32 | Mask: [1.0, 0.0, 1.0, 0.0, 0.0] | Prob: 0.3177 | Attn: [0.453, 0.0, 0.547, 0.0, 0.0] | Ext: 44.1ms | Inf: 8.7ms | Total: 52.9ms
23:17:32 | Mask: [1.0, 0.0, 1.0, 0.0, 0.0] | Prob: 0.2870 | Attn: [0.453, 0.0, 0.547, 0.0, 0.0] | Ext: 44.1ms | Inf: 8.9ms | Total: 53.0ms
23:17:32 | Mask: [1.0, 0.0, 1.0, 0.0, 0.0] | Prob: 0.2655 | Attn: [0.453, 0.0, 0.547, 0.0, 0.0] | Ext: 44.1ms | Inf: 8.7ms | Total: 52.8ms
23:17:32 | Mask: [1.0, 0.0, 1.0, 0.0, 0.0] | Prob: 0.2505 | Attn: [0.453, 0.0, 0.547, 0.0, 0.0] | Ext: 44.1ms | Inf: 7.7ms | Total: 51.8ms
23:17:32 | Mask: [1.0, 0.0, 1.0, 0.0, 0.0] | Prob: 0.2400 | Attn: [0.453, 0.0, 0.547, 0.0, 0.0] | Ext: 44.1ms | Inf: 8.8ms | Total: 52.9ms
23:17:32 | Mask: [1.0, 0.0, 1.0, 0.0, 0.0] | Prob: 0.2326 | Attn: [0.453, 0.0, 0.547, 0.0, 0.0] | Ext: 44.1ms | Inf: 8.0ms | Total: 52.2ms
23:17:32 | Mask: [1.0, 0.0, 1.0, 0.0, 0.0] | Prob: 0.2275 | Attn: [0.453, 0.0, 0.547, 0.0, 0.0] | Ext: 44.1ms | Inf: 7.7ms | Total: 51.9ms
23:17:32 | Mask: [1.0, 0.0, 1.0, 0.0, 0.0] | Prob: 0.2255 | Attn: [0.398, 0.0, 0.602, 0.0, 0.0] | Ext: 44.1ms | Inf: 7.8ms | Total: 52.0ms
23:17:33 | Mask: [1.0, 0.0, 1.0, 0.0, 0.0] | Prob: 0.2240 | Attn: [0.398, 0.0, 0.602, 0.0, 0.0] | Ext: 44.1ms | Inf: 7.8ms | Total: 51.9ms
23:17:33 | Mask: [1.0, 0.0, 1.0, 0.0, 0.0] | Prob: 0.2230 | Attn: [0.398, 0.0, 0.602, 0.0, 0.0] | Ext: 44.1ms | Inf: 8.4ms | Total: 52.6ms
23:17:33 | Mask: [1.0, 0.0, 1.0, 0.0, 0.0] | Prob: 0.2223 | Attn: [0.398, 0.0, 0.602, 0.0, 0.0] | Ext: 44.1ms | Inf: 6.7ms | Total: 50.8ms
23:17:33 | Mask: [1.0, 0.0, 1.0, 0.0, 0.0] | Prob: 0.2219 | Attn: [0.398, 0.0, 0.602, 0.0, 0.0] | Ext: 44.1ms | Inf: 7.8ms | Total: 51.9ms
23:17:33 | Mask: [1.0, 0.0, 1.0, 0.0, 0.0] | Prob: 0.2215 | Attn: [0.398, 0.0, 0.602, 0.0, 0.0] | Ext: 44.1ms | Inf: 7.9ms | Total: 52.1ms
23:17:33 | Mask: [1.0, 0.0, 1.0, 0.0, 0.0] | Prob: 0.2213 | Attn: [0.398, 0.0, 0.602, 0.0, 0.0] | Ext: 44.1ms | Inf: 8.7ms | Total: 52.9ms
23:17:33 | Mask: [1.0, 0.0, 1.0, 0.0, 0.0] | Prob: 0.2211 | Attn: [0.398, 0.0, 0.602, 0.0, 0.0] | Ext: 44.1ms | Inf: 8.1ms | Total: 52.2ms
23:17:33 | Mask: [1.0, 0.0, 1.0, 0.0, 0.0] | Prob: 0.2210 | Attn: [0.398, 0.0, 0.602, 0.0, 0.0] | Ext: 44.1ms | Inf: 7.2ms | Total: 51.3ms
23:17:33 | Mask: [1.0, 0.0, 1.0, 0.0, 0.0] | Prob: 0.2209 | Attn: [0.398, 0.0, 0.602, 0.0, 0.0] | Ext: 44.1ms | Inf: 7.2ms | Total: 51.4ms
23:17:34 | Mask: [1.0, 0.0, 1.0, 0.0, 0.0] | Prob: 0.2209 | Attn: [0.398, 0.0, 0.602, 0.0, 0.0] | Ext: 44.1ms | Inf: 6.7ms | Total: 50.8ms
23:17:34 | Mask: [1.0, 0.0, 1.0, 0.0, 0.0] | Prob: 0.2208 | Attn: [0.398, 0.0, 0.602, 0.0, 0.0] | Ext: 44.1ms | Inf: 7.1ms | Total: 51.2ms
23:17:34 | Mask: [1.0, 0.0, 1.0, 0.0, 0.0] | Prob: 0.2208 | Attn: [0.398, 0.0, 0.602, 0.0, 0.0] | Ext: 44.1ms | Inf: 8.2ms | Total: 52.3ms
23:17:34 | Mask: [1.0, 0.0, 1.0, 0.0, 0.0] | Prob: 0.2208 | Attn: [0.398, 0.0, 0.602, 0.0, 0.0] | Ext: 44.1ms | Inf: 8.0ms | Total: 52.1ms
23:17:34 | Mask: [1.0, 0.0, 1.0, 0.0, 0.0] | Prob: 0.2208 | Attn: [0.398, 0.0, 0.602, 0.0, 0.0] | Ext: 44.1ms | Inf: 8.0ms | Total: 52.1ms
23:17:34 | Mask: [1.0, 0.0, 1.0, 0.0, 0.0] | Prob: 0.2207 | Attn: [0.398, 0.0, 0.602, 0.0, 0.0] | Ext: 44.1ms | Inf: 8.0ms | Total: 52.1ms
23:17:34 | Mask: [1.0, 0.0, 1.0, 0.0, 0.0] | Prob: 0.2113 | Attn: [0.526, 0.0, 0.474, 0.0, 0.0] | Ext: 48.9ms | Inf: 6.6ms | Total: 55.5ms
23:17:34 | Mask: [1.0, 0.0, 1.0, 0.0, 0.0] | Prob: 0.2047 | Attn: [0.525, 0.0, 0.475, 0.0, 0.0] | Ext: 48.9ms | Inf: 8.4ms | Total: 57.3ms
23:17:35 | Mask: [1.0, 0.0, 1.0, 0.0, 0.0] | Prob: 0.2000 | Attn: [0.525, 0.0, 0.475, 0.0, 0.0] | Ext: 48.9ms | Inf: 9.1ms | Total: 58.0ms
23:17:35 | Mask: [1.0, 0.0, 1.0, 0.0, 0.0] | Prob: 0.1967 | Attn: [0.525, 0.0, 0.475, 0.0, 0.0] | Ext: 48.9ms | Inf: 7.8ms | Total: 56.7ms
23:17:35 | Mask: [1.0, 0.0, 1.0, 0.0, 0.0] | Prob: 0.1944 | Attn: [0.525, 0.0, 0.475, 0.0, 0.0] | Ext: 48.9ms | Inf: 7.1ms | Total: 56.0ms
23:17:35 | Mask: [1.0, 0.0, 1.0, 0.0, 0.0] | Prob: 0.1928 | Attn: [0.525, 0.0, 0.475, 0.0, 0.0] | Ext: 48.9ms | Inf: 8.8ms | Total: 57.7ms
23:17:35 | Mask: [1.0, 0.0, 1.0, 0.0, 0.0] | Prob: 0.1916 | Attn: [0.525, 0.0, 0.475, 0.0, 0.0] | Ext: 48.9ms | Inf: 8.2ms | Total: 57.1ms
23:17:35 | Mask: [1.0, 0.0, 1.0, 0.0, 0.0] | Prob: 0.1909 | Attn: [0.525, 0.0, 0.475, 0.0, 0.0] | Ext: 48.9ms | Inf: 9.3ms | Total: 58.2ms
23:17:35 | Mask: [1.0, 0.0, 1.0, 0.0, 0.0] | Prob: 0.1903 | Attn: [0.525, 0.0, 0.475, 0.0, 0.0] | Ext: 48.9ms | Inf: 7.9ms | Total: 56.8ms
23:17:35 | Mask: [1.0, 0.0, 1.0, 0.0, 0.0] | Prob: 0.1884 | Attn: [0.534, 0.0, 0.466, 0.0, 0.0] | Ext: 48.9ms | Inf: 8.2ms | Total: 57.1ms
23:17:36 | Mask: [1.0, 0.0, 1.0, 0.0, 0.0] | Prob: 0.1870 | Attn: [0.534, 0.0, 0.466, 0.0, 0.0] | Ext: 48.9ms | Inf: 6.9ms | Total: 55.8ms
23:17:36 | Mask: [1.0, 0.0, 1.0, 0.0, 0.0] | Prob: 0.1860 | Attn: [0.534, 0.0, 0.466, 0.0, 0.0] | Ext: 48.9ms | Inf: 8.1ms | Total: 57.0ms
23:17:36 | Mask: [1.0, 0.0, 1.0, 0.0, 0.0] | Prob: 0.1854 | Attn: [0.534, 0.0, 0.466, 0.0, 0.0] | Ext: 48.9ms | Inf: 8.0ms | Total: 56.9ms
23:17:36 | Mask: [1.0, 0.0, 1.0, 0.0, 0.0] | Prob: 0.1849 | Attn: [0.534, 0.0, 0.466, 0.0, 0.0] | Ext: 48.9ms | Inf: 8.6ms | Total: 57.5ms
23:17:36 | Mask: [1.0, 0.0, 1.0, 0.0, 0.0] | Prob: 0.1846 | Attn: [0.534, 0.0, 0.466, 0.0, 0.0] | Ext: 48.9ms | Inf: 8.2ms | Total: 57.1ms
23:17:36 | Mask: [1.0, 0.0, 1.0, 0.0, 0.0] | Prob: 0.1843 | Attn: [0.534, 0.0, 0.466, 0.0, 0.0] | Ext: 48.9ms | Inf: 8.6ms | Total: 57.5ms
23:17:36 | Mask: [1.0, 0.0, 1.0, 0.0, 0.0] | Prob: 0.1842 | Attn: [0.534, 0.0, 0.466, 0.0, 0.0] | Ext: 48.9ms | Inf: 8.6ms | Total: 57.4ms
23:17:36 | Mask: [1.0, 0.0, 1.0, 0.0, 0.0] | Prob: 0.1841 | Attn: [0.534, 0.0, 0.466, 0.0, 0.0] | Ext: 48.9ms | Inf: 8.4ms | Total: 57.3ms
23:17:36 | Mask: [1.0, 0.0, 1.0, 0.0, 0.0] | Prob: 0.1840 | Attn: [0.534, 0.0, 0.466, 0.0, 0.0] | Ext: 48.9ms | Inf: 7.5ms | Total: 56.4ms
23:17:37 | Mask: [1.0, 0.0, 1.0, 0.0, 0.0] | Prob: 0.1839 | Attn: [0.534, 0.0, 0.466, 0.0, 0.0] | Ext: 48.9ms | Inf: 7.0ms | Total: 55.9ms
23:17:37 | Mask: [1.0, 0.0, 1.0, 0.0, 0.0] | Prob: 0.1839 | Attn: [0.534, 0.0, 0.466, 0.0, 0.0] | Ext: 48.9ms | Inf: 7.0ms | Total: 55.9ms
23:17:37 | Mask: [1.0, 0.0, 1.0, 0.0, 0.0] | Prob: 0.1839 | Attn: [0.534, 0.0, 0.466, 0.0, 0.0] | Ext: 48.9ms | Inf: 8.7ms | Total: 57.6ms
23:17:37 | Mask: [1.0, 0.0, 1.0, 0.0, 0.0] | Prob: 0.1838 | Attn: [0.534, 0.0, 0.466, 0.0, 0.0] | Ext: 48.9ms | Inf: 8.6ms | Total: 57.5ms
23:17:37 | Mask: [1.0, 0.0, 1.0, 0.0, 0.0] | Prob: 0.1838 | Attn: [0.534, 0.0, 0.466, 0.0, 0.0] | Ext: 48.9ms | Inf: 8.5ms | Total: 57.4ms
23:17:37 | Mask: [1.0, 0.0, 1.0, 0.0, 0.0] | Prob: 0.2072 | Attn: [0.593, 0.0, 0.407, 0.0, 0.0] | Ext: 47.9ms | Inf: 10.4ms | Total: 58.3ms
23:17:37 | Mask: [1.0, 0.0, 1.0, 0.0, 0.0] | Prob: 0.2235 | Attn: [0.593, 0.0, 0.407, 0.0, 0.0] | Ext: 47.9ms | Inf: 7.3ms | Total: 55.3ms
23:17:37 | Mask: [1.0, 0.0, 1.0, 0.0, 0.0] | Prob: 0.2350 | Attn: [0.593, 0.0, 0.407, 0.0, 0.0] | Ext: 47.9ms | Inf: 8.6ms | Total: 56.6ms
23:17:38 | Mask: [1.0, 0.0, 1.0, 0.0, 0.0] | Prob: 0.2430 | Attn: [0.593, 0.0, 0.407, 0.0, 0.0] | Ext: 47.9ms | Inf: 8.0ms | Total: 56.0ms
23:17:38 | Mask: [1.0, 0.0, 1.0, 0.0, 0.0] | Prob: 0.2486 | Attn: [0.593, 0.0, 0.407, 0.0, 0.0] | Ext: 47.9ms | Inf: 8.5ms | Total: 56.4ms
23:17:38 | Mask: [1.0, 0.0, 1.0, 0.0, 0.0] | Prob: 0.2525 | Attn: [0.593, 0.0, 0.407, 0.0, 0.0] | Ext: 47.9ms | Inf: 7.0ms | Total: 54.9ms
23:17:38 | Mask: [1.0, 0.0, 1.0, 0.0, 0.0] | Prob: 0.2553 | Attn: [0.593, 0.0, 0.407, 0.0, 0.0] | Ext: 47.9ms | Inf: 8.2ms | Total: 56.2ms
23:17:38 | Mask: [1.0, 0.0, 1.0, 0.0, 0.0] | Prob: 0.2572 | Attn: [0.593, 0.0, 0.407, 0.0, 0.0] | Ext: 47.9ms | Inf: 7.4ms | Total: 55.4ms
23:17:38 | Mask: [1.0, 0.0, 1.0, 0.0, 0.0] | Prob: 0.2589 | Attn: [0.593, 0.0, 0.407, 0.0, 0.0] | Ext: 47.9ms | Inf: 7.3ms | Total: 55.2ms
23:17:38 | Mask: [1.0, 0.0, 1.0, 0.0, 0.0] | Prob: 0.2698 | Attn: [0.541, 0.0, 0.459, 0.0, 0.0] | Ext: 47.9ms | Inf: 8.6ms | Total: 56.5ms
23:17:38 | Mask: [1.0, 0.0, 1.0, 0.0, 0.0] | Prob: 0.2775 | Attn: [0.541, 0.0, 0.459, 0.0, 0.0] | Ext: 47.9ms | Inf: 7.4ms | Total: 55.3ms
23:17:39 | Mask: [1.0, 0.0, 1.0, 0.0, 0.0] | Prob: 0.2828 | Attn: [0.541, 0.0, 0.459, 0.0, 0.0] | Ext: 47.9ms | Inf: 7.9ms | Total: 55.9ms
23:17:39 | Mask: [1.0, 0.0, 1.0, 0.0, 0.0] | Prob: 0.2866 | Attn: [0.541, 0.0, 0.459, 0.0, 0.0] | Ext: 47.9ms | Inf: 7.9ms | Total: 55.8ms
23:17:39 | Mask: [1.0, 0.0, 1.0, 0.0, 0.0] | Prob: 0.2892 | Attn: [0.541, 0.0, 0.459, 0.0, 0.0] | Ext: 47.9ms | Inf: 7.1ms | Total: 55.0ms
23:17:39 | Mask: [1.0, 0.0, 1.0, 0.0, 0.0] | Prob: 0.2910 | Attn: [0.541, 0.0, 0.459, 0.0, 0.0] | Ext: 47.9ms | Inf: 7.3ms | Total: 55.3ms
23:17:39 | Mask: [1.0, 0.0, 1.0, 0.0, 0.0] | Prob: 0.2923 | Attn: [0.541, 0.0, 0.459, 0.0, 0.0] | Ext: 47.9ms | Inf: 7.6ms | Total: 55.6ms
23:17:39 | Mask: [1.0, 0.0, 1.0, 0.0, 0.0] | Prob: 0.2932 | Attn: [0.541, 0.0, 0.459, 0.0, 0.0] | Ext: 47.9ms | Inf: 7.9ms | Total: 55.9ms
23:17:39 | Mask: [1.0, 0.0, 1.0, 0.0, 0.0] | Prob: 0.2938 | Attn: [0.541, 0.0, 0.459, 0.0, 0.0] | Ext: 47.9ms | Inf: 7.2ms | Total: 55.2ms
23:17:39 | Mask: [1.0, 0.0, 1.0, 0.0, 0.0] | Prob: 0.2943 | Attn: [0.541, 0.0, 0.459, 0.0, 0.0] | Ext: 47.9ms | Inf: 8.0ms | Total: 56.0ms
23:17:39 | Mask: [1.0, 0.0, 1.0, 0.0, 0.0] | Prob: 0.2946 | Attn: [0.541, 0.0, 0.459, 0.0, 0.0] | Ext: 47.9ms | Inf: 7.9ms | Total: 55.9ms
23:17:40 | Mask: [1.0, 0.0, 1.0, 0.0, 0.0] | Prob: 0.2948 | Attn: [0.541, 0.0, 0.459, 0.0, 0.0] | Ext: 47.9ms | Inf: 7.2ms | Total: 55.2ms
23:17:40 | Mask: [1.0, 0.0, 1.0, 0.0, 0.0] | Prob: 0.2950 | Attn: [0.541, 0.0, 0.459, 0.0, 0.0] | Ext: 47.9ms | Inf: 7.4ms | Total: 55.4ms
23:17:40 | Mask: [1.0, 0.0, 1.0, 0.0, 0.0] | Prob: 0.2951 | Attn: [0.541, 0.0, 0.459, 0.0, 0.0] | Ext: 47.9ms | Inf: 6.7ms | Total: 54.6ms
23:17:40 | Mask: [1.0, 0.0, 1.0, 0.0, 0.0] | Prob: 0.2951 | Attn: [0.541, 0.0, 0.459, 0.0, 0.0] | Ext: 47.9ms | Inf: 7.4ms | Total: 55.4ms
23:17:40 | Mask: [1.0, 0.0, 1.0, 0.0, 0.0] | Prob: 0.2952 | Attn: [0.541, 0.0, 0.459, 0.0, 0.0] | Ext: 47.9ms | Inf: 8.1ms | Total: 56.0ms
23:17:40 | Mask: [1.0, 0.0, 1.0, 0.0, 0.0] | Prob: 0.3419 | Attn: [0.211, 0.0, 0.789, 0.0, 0.0] | Ext: 47.7ms | Inf: 8.3ms | Total: 56.1ms
23:17:40 | Mask: [1.0, 0.0, 1.0, 0.0, 0.0] | Prob: 0.3746 | Attn: [0.211, 0.0, 0.789, 0.0, 0.0] | Ext: 47.7ms | Inf: 8.0ms | Total: 55.8ms
23:17:40 | Mask: [1.0, 0.0, 1.0, 0.0, 0.0] | Prob: 0.3975 | Attn: [0.211, 0.0, 0.789, 0.0, 0.0] | Ext: 47.7ms | Inf: 8.5ms | Total: 56.2ms
23:17:41 | Mask: [1.0, 0.0, 1.0, 0.0, 0.0] | Prob: 0.4136 | Attn: [0.211, 0.0, 0.789, 0.0, 0.0] | Ext: 47.7ms | Inf: 8.1ms | Total: 55.9ms
23:17:41 | Mask: [1.0, 0.0, 1.0, 0.0, 0.0] | Prob: 0.4248 | Attn: [0.211, 0.0, 0.789, 0.0, 0.0] | Ext: 47.7ms | Inf: 8.2ms | Total: 56.0ms
23:17:41 | Mask: [1.0, 0.0, 1.0, 0.0, 0.0] | Prob: 0.4326 | Attn: [0.211, 0.0, 0.789, 0.0, 0.0] | Ext: 47.7ms | Inf: 8.1ms | Total: 55.9ms
23:17:41 | Mask: [1.0, 0.0, 1.0, 0.0, 0.0] | Prob: 0.4381 | Attn: [0.211, 0.0, 0.789, 0.0, 0.0] | Ext: 47.7ms | Inf: 8.1ms | Total: 55.9ms
23:17:41 | Mask: [1.0, 0.0, 1.0, 0.0, 0.0] | Prob: 0.4420 | Attn: [0.211, 0.0, 0.789, 0.0, 0.0] | Ext: 47.7ms | Inf: 8.2ms | Total: 55.9ms
23:17:41 | Mask: [1.0, 0.0, 1.0, 0.0, 0.0] | Prob: 0.4447 | Attn: [0.211, 0.0, 0.789, 0.0, 0.0] | Ext: 47.7ms | Inf: 7.4ms | Total: 55.2ms
23:17:41 | Mask: [1.0, 0.0, 1.0, 0.0, 0.0] | Prob: 0.4507 | Attn: [0.262, 0.0, 0.738, 0.0, 0.0] | Ext: 47.7ms | Inf: 7.6ms | Total: 55.3ms
23:17:41 | Mask: [1.0, 0.0, 1.0, 0.0, 0.0] | Prob: 0.4550 | Attn: [0.262, 0.0, 0.738, 0.0, 0.0] | Ext: 47.7ms | Inf: 7.6ms | Total: 55.3ms
23:17:41 | Mask: [1.0, 0.0, 1.0, 0.0, 0.0] | Prob: 0.4580 | Attn: [0.262, 0.0, 0.738, 0.0, 0.0] | Ext: 47.7ms | Inf: 8.5ms | Total: 56.3ms
23:17:42 | Mask: [1.0, 0.0, 1.0, 0.0, 0.0] | Prob: 0.4600 | Attn: [0.262, 0.0, 0.738, 0.0, 0.0] | Ext: 47.7ms | Inf: 6.9ms | Total: 54.7ms
23:17:42 | Mask: [1.0, 0.0, 1.0, 0.0, 0.0] | Prob: 0.4615 | Attn: [0.262, 0.0, 0.738, 0.0, 0.0] | Ext: 47.7ms | Inf: 7.8ms | Total: 55.5ms
23:17:42 | Mask: [1.0, 0.0, 1.0, 0.0, 0.0] | Prob: 0.4625 | Attn: [0.262, 0.0, 0.738, 0.0, 0.0] | Ext: 47.7ms | Inf: 7.5ms | Total: 55.3ms
23:17:42 | Mask: [1.0, 0.0, 1.0, 0.0, 0.0] | Prob: 0.4632 | Attn: [0.262, 0.0, 0.738, 0.0, 0.0] | Ext: 47.7ms | Inf: 7.2ms | Total: 55.0ms
23:17:42 | Mask: [1.0, 0.0, 1.0, 0.0, 0.0] | Prob: 0.4637 | Attn: [0.262, 0.0, 0.738, 0.0, 0.0] | Ext: 47.7ms | Inf: 8.0ms | Total: 55.8ms
23:17:42 | Mask: [1.0, 0.0, 1.0, 0.0, 0.0] | Prob: 0.4641 | Attn: [0.262, 0.0, 0.738, 0.0, 0.0] | Ext: 47.7ms | Inf: 7.9ms | Total: 55.7ms
23:17:42 | Mask: [1.0, 0.0, 1.0, 0.0, 0.0] | Prob: 0.4643 | Attn: [0.262, 0.0, 0.738, 0.0, 0.0] | Ext: 47.7ms | Inf: 7.6ms | Total: 55.4ms
23:17:42 | Mask: [1.0, 0.0, 1.0, 0.0, 0.0] | Prob: 0.4645 | Attn: [0.262, 0.0, 0.738, 0.0, 0.0] | Ext: 47.7ms | Inf: 8.5ms | Total: 56.3ms
23:17:43 | Mask: [1.0, 0.0, 1.0, 0.0, 0.0] | Prob: 0.4646 | Attn: [0.262, 0.0, 0.738, 0.0, 0.0] | Ext: 47.7ms | Inf: 7.7ms | Total: 55.4ms
23:17:43 | Mask: [1.0, 0.0, 1.0, 0.0, 0.0] | Prob: 0.4647 | Attn: [0.262, 0.0, 0.738, 0.0, 0.0] | Ext: 47.7ms | Inf: 7.9ms | Total: 55.6ms
23:17:43 | Mask: [1.0, 0.0, 1.0, 0.0, 0.0] | Prob: 0.4648 | Attn: [0.262, 0.0, 0.738, 0.0, 0.0] | Ext: 47.7ms | Inf: 8.2ms | Total: 56.0ms
23:17:43 | Mask: [1.0, 0.0, 1.0, 0.0, 0.0] | Prob: 0.4648 | Attn: [0.262, 0.0, 0.738, 0.0, 0.0] | Ext: 47.7ms | Inf: 7.2ms | Total: 55.0ms
23:17:43 | Mask: [1.0, 0.0, 1.0, 0.0, 0.0] | Prob: 0.4648 | Attn: [0.262, 0.0, 0.738, 0.0, 0.0] | Ext: 47.7ms | Inf: 7.4ms | Total: 55.2ms
23:17:43 | Mask: [1.0, 0.0, 1.0, 0.0, 0.0] | Prob: 0.4999 | Attn: [0.392, 0.0, 0.608, 0.0, 0.0] | Ext: 46.3ms | Inf: 8.6ms | Total: 54.9ms
23:17:43 | Mask: [1.0, 0.0, 1.0, 0.0, 0.0] | Prob: 0.5245 | Attn: [0.392, 0.0, 0.608, 0.0, 0.0] | Ext: 46.3ms | Inf: 7.7ms | Total: 54.0ms
23:17:43 | Mask: [1.0, 0.0, 1.0, 0.0, 0.0] | Prob: 0.5417 | Attn: [0.392, 0.0, 0.608, 0.0, 0.0] | Ext: 46.3ms | Inf: 7.3ms | Total: 53.6ms
23:17:44 | Mask: [1.0, 0.0, 1.0, 0.0, 0.0] | Prob: 0.5537 | Attn: [0.392, 0.0, 0.608, 0.0, 0.0] | Ext: 46.3ms | Inf: 9.6ms | Total: 55.9ms
23:17:44 | Mask: [1.0, 0.0, 1.0, 0.0, 0.0] | Prob: 0.5621 | Attn: [0.392, 0.0, 0.608, 0.0, 0.0] | Ext: 46.3ms | Inf: 7.6ms | Total: 53.9ms
23:17:44 | Mask: [1.0, 0.0, 1.0, 0.0, 0.0] | Prob: 0.5680 | Attn: [0.392, 0.0, 0.608, 0.0, 0.0] | Ext: 46.3ms | Inf: 8.1ms | Total: 54.4ms
23:17:44 | Mask: [1.0, 0.0, 1.0, 0.0, 0.0] | Prob: 0.5722 | Attn: [0.392, 0.0, 0.608, 0.0, 0.0] | Ext: 46.3ms | Inf: 8.1ms | Total: 54.4ms
23:17:44 | Mask: [1.0, 0.0, 1.0, 0.0, 0.0] | Prob: 0.5750 | Attn: [0.392, 0.0, 0.608, 0.0, 0.0] | Ext: 46.3ms | Inf: 8.1ms | Total: 54.4ms
23:17:44 | Mask: [1.0, 0.0, 1.0, 0.0, 0.0] | Prob: 0.5771 | Attn: [0.392, 0.0, 0.608, 0.0, 0.0] | Ext: 46.3ms | Inf: 8.1ms | Total: 54.4ms
23:17:44 | Mask: [1.0, 0.0, 1.0, 0.0, 0.0] | Prob: 0.5826 | Attn: [0.502, 0.0, 0.498, 0.0, 0.0] | Ext: 46.3ms | Inf: 7.9ms | Total: 54.2ms
23:17:44 | Mask: [1.0, 0.0, 1.0, 0.0, 0.0] | Prob: 0.5865 | Attn: [0.502, 0.0, 0.498, 0.0, 0.0] | Ext: 46.3ms | Inf: 7.8ms | Total: 54.1ms
23:17:44 | Mask: [1.0, 0.0, 1.0, 0.0, 0.0] | Prob: 0.5892 | Attn: [0.502, 0.0, 0.498, 0.0, 0.0] | Ext: 46.3ms | Inf: 7.9ms | Total: 54.2ms
23:17:45 | Mask: [1.0, 0.0, 1.0, 0.0, 0.0] | Prob: 0.5911 | Attn: [0.502, 0.0, 0.498, 0.0, 0.0] | Ext: 46.3ms | Inf: 9.7ms | Total: 56.0ms
23:17:45 | Mask: [1.0, 0.0, 1.0, 0.0, 0.0] | Prob: 0.5924 | Attn: [0.502, 0.0, 0.498, 0.0, 0.0] | Ext: 46.3ms | Inf: 7.6ms | Total: 53.9ms
23:17:45 | Mask: [1.0, 0.0, 1.0, 0.0, 0.0] | Prob: 0.5933 | Attn: [0.502, 0.0, 0.498, 0.0, 0.0] | Ext: 46.3ms | Inf: 7.6ms | Total: 53.9ms
23:17:45 | Mask: [1.0, 0.0, 1.0, 0.0, 0.0] | Prob: 0.5940 | Attn: [0.502, 0.0, 0.498, 0.0, 0.0] | Ext: 46.3ms | Inf: 9.6ms | Total: 55.9ms
23:17:45 | Mask: [1.0, 0.0, 1.0, 0.0, 0.0] | Prob: 0.5944 | Attn: [0.502, 0.0, 0.498, 0.0, 0.0] | Ext: 46.3ms | Inf: 7.7ms | Total: 54.0ms
23:17:45 | Mask: [1.0, 0.0, 1.0, 0.0, 0.0] | Prob: 0.5947 | Attn: [0.502, 0.0, 0.498, 0.0, 0.0] | Ext: 46.3ms | Inf: 7.7ms | Total: 54.0ms
23:17:45 | Mask: [1.0, 0.0, 1.0, 0.0, 0.0] | Prob: 0.5950 | Attn: [0.502, 0.0, 0.498, 0.0, 0.0] | Ext: 46.3ms | Inf: 8.3ms | Total: 54.6ms
23:17:45 | Mask: [1.0, 0.0, 1.0, 0.0, 0.0] | Prob: 0.5951 | Attn: [0.502, 0.0, 0.498, 0.0, 0.0] | Ext: 46.3ms | Inf: 6.6ms | Total: 52.9ms
23:17:46 | Mask: [1.0, 0.0, 1.0, 0.0, 0.0] | Prob: 0.5952 | Attn: [0.502, 0.0, 0.498, 0.0, 0.0] | Ext: 46.3ms | Inf: 7.3ms | Total: 53.6ms
23:17:46 | Mask: [1.0, 0.0, 1.0, 0.0, 0.0] | Prob: 0.5953 | Attn: [0.502, 0.0, 0.498, 0.0, 0.0] | Ext: 46.3ms | Inf: 7.2ms | Total: 53.5ms
23:17:46 | Mask: [1.0, 0.0, 1.0, 0.0, 0.0] | Prob: 0.5954 | Attn: [0.502, 0.0, 0.498, 0.0, 0.0] | Ext: 46.3ms | Inf: 8.0ms | Total: 54.3ms
23:17:46 | Mask: [1.0, 0.0, 1.0, 0.0, 0.0] | Prob: 0.5954 | Attn: [0.502, 0.0, 0.498, 0.0, 0.0] | Ext: 46.3ms | Inf: 8.9ms | Total: 55.2ms
23:17:46 | Mask: [1.0, 0.0, 1.0, 0.0, 0.0] | Prob: 0.5388 | Attn: [0.437, 0.0, 0.563, 0.0, 0.0] | Ext: 45.7ms | Inf: 8.0ms | Total: 53.7ms
23:17:46 | Mask: [1.0, 0.0, 1.0, 0.0, 0.0] | Prob: 0.4992 | Attn: [0.437, 0.0, 0.563, 0.0, 0.0] | Ext: 45.7ms | Inf: 7.8ms | Total: 53.5ms
23:17:46 | Mask: [1.0, 0.0, 1.0, 0.0, 0.0] | Prob: 0.4715 | Attn: [0.437, 0.0, 0.563, 0.0, 0.0] | Ext: 45.7ms | Inf: 8.3ms | Total: 54.0ms
23:17:46 | Mask: [1.0, 0.0, 1.0, 0.0, 0.0] | Prob: 0.4521 | Attn: [0.437, 0.0, 0.563, 0.0, 0.0] | Ext: 45.7ms | Inf: 7.5ms | Total: 53.3ms
23:17:46 | Mask: [1.0, 0.0, 1.0, 0.0, 0.0] | Prob: 0.4385 | Attn: [0.437, 0.0, 0.563, 0.0, 0.0] | Ext: 45.7ms | Inf: 7.1ms | Total: 52.9ms
23:17:47 | Mask: [1.0, 0.0, 1.0, 0.0, 0.0] | Prob: 0.4290 | Attn: [0.437, 0.0, 0.563, 0.0, 0.0] | Ext: 45.7ms | Inf: 8.4ms | Total: 54.1ms
23:17:47 | Mask: [1.0, 0.0, 1.0, 0.0, 0.0] | Prob: 0.4224 | Attn: [0.437, 0.0, 0.563, 0.0, 0.0] | Ext: 45.7ms | Inf: 8.8ms | Total: 54.5ms
23:17:47 | Mask: [1.0, 0.0, 1.0, 0.0, 0.0] | Prob: 0.4177 | Attn: [0.437, 0.0, 0.563, 0.0, 0.0] | Ext: 45.7ms | Inf: 8.3ms | Total: 54.0ms
23:17:47 | Mask: [1.0, 0.0, 1.0, 0.0, 0.0] | Prob: 0.4144 | Attn: [0.437, 0.0, 0.563, 0.0, 0.0] | Ext: 45.7ms | Inf: 8.3ms | Total: 54.0ms
23:17:47 | Mask: [1.0, 0.0, 1.0, 0.0, 0.0] | Prob: 0.4005 | Attn: [0.434, 0.0, 0.566, 0.0, 0.0] | Ext: 45.7ms | Inf: 8.0ms | Total: 53.7ms
23:17:47 | Mask: [1.0, 0.0, 1.0, 0.0, 0.0] | Prob: 0.3907 | Attn: [0.434, 0.0, 0.566, 0.0, 0.0] | Ext: 45.7ms | Inf: 7.2ms | Total: 52.9ms
23:17:47 | Mask: [1.0, 0.0, 1.0, 0.0, 0.0] | Prob: 0.3838 | Attn: [0.434, 0.0, 0.566, 0.0, 0.0] | Ext: 45.7ms | Inf: 7.8ms | Total: 53.6ms
23:17:47 | Mask: [1.0, 0.0, 1.0, 0.0, 0.0] | Prob: 0.3790 | Attn: [0.434, 0.0, 0.566, 0.0, 0.0] | Ext: 45.7ms | Inf: 7.7ms | Total: 53.5ms
23:17:48 | Mask: [1.0, 0.0, 1.0, 0.0, 0.0] | Prob: 0.3756 | Attn: [0.434, 0.0, 0.566, 0.0, 0.0] | Ext: 45.7ms | Inf: 8.2ms | Total: 54.0ms
23:17:48 | Mask: [1.0, 0.0, 1.0, 0.0, 0.0] | Prob: 0.3733 | Attn: [0.434, 0.0, 0.566, 0.0, 0.0] | Ext: 45.7ms | Inf: 7.7ms | Total: 53.4ms
23:17:48 | Mask: [1.0, 0.0, 1.0, 0.0, 0.0] | Prob: 0.3716 | Attn: [0.434, 0.0, 0.566, 0.0, 0.0] | Ext: 45.7ms | Inf: 8.6ms | Total: 54.3ms
23:17:48 | Mask: [1.0, 0.0, 1.0, 0.0, 0.0] | Prob: 0.3705 | Attn: [0.434, 0.0, 0.566, 0.0, 0.0] | Ext: 45.7ms | Inf: 7.4ms | Total: 53.2ms
23:17:48 | Mask: [1.0, 0.0, 1.0, 0.0, 0.0] | Prob: 0.3697 | Attn: [0.434, 0.0, 0.566, 0.0, 0.0] | Ext: 45.7ms | Inf: 7.5ms | Total: 53.2ms
23:17:48 | Mask: [1.0, 0.0, 1.0, 0.0, 0.0] | Prob: 0.3691 | Attn: [0.434, 0.0, 0.566, 0.0, 0.0] | Ext: 45.7ms | Inf: 7.7ms | Total: 53.5ms
23:17:48 | Mask: [1.0, 0.0, 1.0, 0.0, 0.0] | Prob: 0.3687 | Attn: [0.434, 0.0, 0.566, 0.0, 0.0] | Ext: 45.7ms | Inf: 7.5ms | Total: 53.3ms
23:17:48 | Mask: [1.0, 0.0, 1.0, 0.0, 0.0] | Prob: 0.3685 | Attn: [0.434, 0.0, 0.566, 0.0, 0.0] | Ext: 45.7ms | Inf: 6.9ms | Total: 52.6ms
23:17:49 | Mask: [1.0, 0.0, 1.0, 0.0, 0.0] | Prob: 0.3683 | Attn: [0.434, 0.0, 0.566, 0.0, 0.0] | Ext: 45.7ms | Inf: 6.8ms | Total: 52.6ms
23:17:49 | Mask: [1.0, 0.0, 1.0, 0.0, 0.0] | Prob: 0.3681 | Attn: [0.434, 0.0, 0.566, 0.0, 0.0] | Ext: 45.7ms | Inf: 7.1ms | Total: 52.9ms
23:17:49 | Mask: [1.0, 0.0, 1.0, 0.0, 0.0] | Prob: 0.3680 | Attn: [0.434, 0.0, 0.566, 0.0, 0.0] | Ext: 45.7ms | Inf: 6.8ms | Total: 52.5ms
23:17:49 | Mask: [1.0, 0.0, 1.0, 0.0, 0.0] | Prob: 0.3680 | Attn: [0.434, 0.0, 0.566, 0.0, 0.0] | Ext: 45.7ms | Inf: 6.6ms | Total: 52.3ms
23:17:49 | Mask: [1.0, 0.0, 1.0, 0.0, 0.0] | Prob: 0.3637 | Attn: [0.309, 0.0, 0.691, 0.0, 0.0] | Ext: 45.9ms | Inf: 6.8ms | Total: 52.7ms
23:17:49 | Mask: [1.0, 0.0, 1.0, 0.0, 0.0] | Prob: 0.3608 | Attn: [0.309, 0.0, 0.691, 0.0, 0.0] | Ext: 45.9ms | Inf: 7.8ms | Total: 53.7ms
23:17:49 | Mask: [1.0, 0.0, 1.0, 0.0, 0.0] | Prob: 0.3587 | Attn: [0.309, 0.0, 0.691, 0.0, 0.0] | Ext: 45.9ms | Inf: 8.4ms | Total: 54.4ms
23:17:49 | Mask: [1.0, 0.0, 1.0, 0.0, 0.0] | Prob: 0.3573 | Attn: [0.309, 0.0, 0.691, 0.0, 0.0] | Ext: 45.9ms | Inf: 7.1ms | Total: 53.1ms
23:17:49 | Mask: [1.0, 0.0, 1.0, 0.0, 0.0] | Prob: 0.3562 | Attn: [0.309, 0.0, 0.691, 0.0, 0.0] | Ext: 45.9ms | Inf: 8.5ms | Total: 54.4ms
23:17:50 | Mask: [1.0, 0.0, 1.0, 0.0, 0.0] | Prob: 0.3555 | Attn: [0.309, 0.0, 0.691, 0.0, 0.0] | Ext: 45.9ms | Inf: 8.2ms | Total: 54.2ms
23:17:50 | Mask: [1.0, 0.0, 1.0, 0.0, 0.0] | Prob: 0.3550 | Attn: [0.309, 0.0, 0.691, 0.0, 0.0] | Ext: 45.9ms | Inf: 7.4ms | Total: 53.4ms
23:17:50 | Mask: [1.0, 0.0, 1.0, 0.0, 0.0] | Prob: 0.3547 | Attn: [0.309, 0.0, 0.691, 0.0, 0.0] | Ext: 45.9ms | Inf: 8.8ms | Total: 54.7ms
23:17:50 | Mask: [1.0, 0.0, 1.0, 0.0, 0.0] | Prob: 0.3544 | Attn: [0.309, 0.0, 0.691, 0.0, 0.0] | Ext: 45.9ms | Inf: 8.3ms | Total: 54.3ms
23:17:50 | Mask: [1.0, 0.0, 1.0, 0.0, 0.0] | Prob: 0.3677 | Attn: [0.342, 0.0, 0.658, 0.0, 0.0] | Ext: 45.9ms | Inf: 8.4ms | Total: 54.4ms
23:17:50 | Mask: [1.0, 0.0, 1.0, 0.0, 0.0] | Prob: 0.3770 | Attn: [0.342, 0.0, 0.658, 0.0, 0.0] | Ext: 45.9ms | Inf: 8.8ms | Total: 54.8ms
23:17:50 | Mask: [1.0, 0.0, 1.0, 0.0, 0.0] | Prob: 0.3835 | Attn: [0.342, 0.0, 0.658, 0.0, 0.0] | Ext: 45.9ms | Inf: 7.7ms | Total: 53.6ms
23:17:50 | Mask: [1.0, 0.0, 1.0, 0.0, 0.0] | Prob: 0.3880 | Attn: [0.342, 0.0, 0.658, 0.0, 0.0] | Ext: 45.9ms | Inf: 7.9ms | Total: 53.9ms
23:17:51 | Mask: [1.0, 0.0, 1.0, 0.0, 0.0] | Prob: 0.3912 | Attn: [0.342, 0.0, 0.658, 0.0, 0.0] | Ext: 45.9ms | Inf: 8.3ms | Total: 54.3ms
23:17:51 | Mask: [1.0, 0.0, 1.0, 0.0, 0.0] | Prob: 0.3935 | Attn: [0.342, 0.0, 0.658, 0.0, 0.0] | Ext: 45.9ms | Inf: 8.6ms | Total: 54.5ms
23:17:51 | Mask: [1.0, 0.0, 1.0, 0.0, 0.0] | Prob: 0.3950 | Attn: [0.342, 0.0, 0.658, 0.0, 0.0] | Ext: 45.9ms | Inf: 7.9ms | Total: 53.8ms
23:17:51 | Mask: [1.0, 0.0, 1.0, 0.0, 0.0] | Prob: 0.3961 | Attn: [0.342, 0.0, 0.658, 0.0, 0.0] | Ext: 45.9ms | Inf: 8.4ms | Total: 54.3ms
23:17:51 | Mask: [1.0, 0.0, 1.0, 0.0, 0.0] | Prob: 0.3969 | Attn: [0.342, 0.0, 0.658, 0.0, 0.0] | Ext: 45.9ms | Inf: 7.9ms | Total: 53.9ms
23:17:51 | Mask: [1.0, 0.0, 1.0, 0.0, 0.0] | Prob: 0.3974 | Attn: [0.342, 0.0, 0.658, 0.0, 0.0] | Ext: 45.9ms | Inf: 7.6ms | Total: 53.5ms
23:17:51 | Mask: [1.0, 0.0, 1.0, 0.0, 0.0] | Prob: 0.3978 | Attn: [0.342, 0.0, 0.658, 0.0, 0.0] | Ext: 45.9ms | Inf: 7.1ms | Total: 53.0ms
23:17:51 | Mask: [1.0, 0.0, 1.0, 0.0, 0.0] | Prob: 0.3980 | Attn: [0.342, 0.0, 0.658, 0.0, 0.0] | Ext: 45.9ms | Inf: 7.6ms | Total: 53.6ms
23:17:51 | Mask: [1.0, 0.0, 1.0, 0.0, 0.0] | Prob: 0.3982 | Attn: [0.342, 0.0, 0.658, 0.0, 0.0] | Ext: 45.9ms | Inf: 7.0ms | Total: 52.9ms
23:17:52 | Mask: [1.0, 0.0, 1.0, 0.0, 0.0] | Prob: 0.3984 | Attn: [0.342, 0.0, 0.658, 0.0, 0.0] | Ext: 45.9ms | Inf: 8.6ms | Total: 54.5ms
23:17:52 | Mask: [1.0, 0.0, 1.0, 0.0, 0.0] | Prob: 0.3984 | Attn: [0.342, 0.0, 0.658, 0.0, 0.0] | Ext: 45.9ms | Inf: 7.6ms | Total: 53.5ms
23:17:52 | Mask: [1.0, 0.0, 1.0, 0.0, 0.0] | Prob: 0.3985 | Attn: [0.342, 0.0, 0.658, 0.0, 0.0] | Ext: 45.9ms | Inf: 7.3ms | Total: 53.2ms
23:17:52 | Mask: [1.0, 0.0, 1.0, 0.0, 0.0] | Prob: 0.3174 | Attn: [0.527, 0.0, 0.473, 0.0, 0.0] | Ext: 48.7ms | Inf: 8.6ms | Total: 57.3ms
23:17:52 | Mask: [1.0, 0.0, 1.0, 0.0, 0.0] | Prob: 0.2607 | Attn: [0.527, 0.0, 0.473, 0.0, 0.0] | Ext: 48.7ms | Inf: 7.1ms | Total: 55.8ms
23:17:52 | Mask: [1.0, 0.0, 1.0, 0.0, 0.0] | Prob: 0.2210 | Attn: [0.527, 0.0, 0.473, 0.0, 0.0] | Ext: 48.7ms | Inf: 8.8ms | Total: 57.5ms
23:17:52 | Mask: [1.0, 0.0, 1.0, 0.0, 0.0] | Prob: 0.1932 | Attn: [0.527, 0.0, 0.473, 0.0, 0.0] | Ext: 48.7ms | Inf: 8.2ms | Total: 56.9ms
23:17:52 | Mask: [1.0, 0.0, 1.0, 0.0, 0.0] | Prob: 0.1737 | Attn: [0.527, 0.0, 0.473, 0.0, 0.0] | Ext: 48.7ms | Inf: 8.1ms | Total: 56.8ms
23:17:53 | Mask: [1.0, 0.0, 1.0, 0.0, 0.0] | Prob: 0.1601 | Attn: [0.527, 0.0, 0.473, 0.0, 0.0] | Ext: 48.7ms | Inf: 7.7ms | Total: 56.4ms
23:17:53 | Mask: [1.0, 0.0, 1.0, 0.0, 0.0] | Prob: 0.1505 | Attn: [0.527, 0.0, 0.473, 0.0, 0.0] | Ext: 48.7ms | Inf: 6.9ms | Total: 55.6ms
23:17:53 | Mask: [1.0, 0.0, 1.0, 0.0, 0.0] | Prob: 0.1439 | Attn: [0.527, 0.0, 0.473, 0.0, 0.0] | Ext: 48.7ms | Inf: 9.2ms | Total: 57.9ms
23:17:53 | Mask: [1.0, 0.0, 1.0, 0.0, 0.0] | Prob: 0.1392 | Attn: [0.527, 0.0, 0.473, 0.0, 0.0] | Ext: 48.7ms | Inf: 7.7ms | Total: 56.4ms
23:17:53 | Mask: [1.0, 0.0, 1.0, 0.0, 0.0] | Prob: 0.1494 | Attn: [0.522, 0.0, 0.478, 0.0, 0.0] | Ext: 48.7ms | Inf: 7.4ms | Total: 56.1ms
23:17:53 | Mask: [1.0, 0.0, 1.0, 0.0, 0.0] | Prob: 0.1565 | Attn: [0.522, 0.0, 0.478, 0.0, 0.0] | Ext: 48.7ms | Inf: 7.2ms | Total: 55.9ms
23:17:53 | Mask: [1.0, 0.0, 1.0, 0.0, 0.0] | Prob: 0.1615 | Attn: [0.522, 0.0, 0.478, 0.0, 0.0] | Ext: 48.7ms | Inf: 7.0ms | Total: 55.7ms
23:17:53 | Mask: [1.0, 0.0, 1.0, 0.0, 0.0] | Prob: 0.1650 | Attn: [0.522, 0.0, 0.478, 0.0, 0.0] | Ext: 48.7ms | Inf: 8.1ms | Total: 56.7ms
23:17:54 | Mask: [1.0, 0.0, 1.0, 0.0, 0.0] | Prob: 0.1675 | Attn: [0.522, 0.0, 0.478, 0.0, 0.0] | Ext: 48.7ms | Inf: 8.3ms | Total: 57.0ms
23:17:54 | Mask: [1.0, 0.0, 1.0, 0.0, 0.0] | Prob: 0.1692 | Attn: [0.522, 0.0, 0.478, 0.0, 0.0] | Ext: 48.7ms | Inf: 8.8ms | Total: 57.5ms
23:17:54 | Mask: [1.0, 0.0, 1.0, 0.0, 0.0] | Prob: 0.1704 | Attn: [0.522, 0.0, 0.478, 0.0, 0.0] | Ext: 48.7ms | Inf: 8.1ms | Total: 56.8ms
23:17:54 | Mask: [1.0, 0.0, 1.0, 0.0, 0.0] | Prob: 0.1712 | Attn: [0.522, 0.0, 0.478, 0.0, 0.0] | Ext: 48.7ms | Inf: 7.5ms | Total: 56.2ms
23:17:54 | Mask: [1.0, 0.0, 1.0, 0.0, 0.0] | Prob: 0.1718 | Attn: [0.522, 0.0, 0.478, 0.0, 0.0] | Ext: 48.7ms | Inf: 8.9ms | Total: 57.6ms
23:17:54 | Mask: [1.0, 0.0, 1.0, 0.0, 0.0] | Prob: 0.1722 | Attn: [0.522, 0.0, 0.478, 0.0, 0.0] | Ext: 48.7ms | Inf: 6.5ms | Total: 55.2ms
23:17:54 | Mask: [1.0, 0.0, 1.0, 0.0, 0.0] | Prob: 0.1725 | Attn: [0.522, 0.0, 0.478, 0.0, 0.0] | Ext: 48.7ms | Inf: 7.0ms | Total: 55.7ms
23:17:54 | Mask: [1.0, 0.0, 1.0, 0.0, 0.0] | Prob: 0.1727 | Attn: [0.522, 0.0, 0.478, 0.0, 0.0] | Ext: 48.7ms | Inf: 7.9ms | Total: 56.6ms
23:17:54 | Mask: [1.0, 0.0, 1.0, 0.0, 0.0] | Prob: 0.1728 | Attn: [0.522, 0.0, 0.478, 0.0, 0.0] | Ext: 48.7ms | Inf: 7.3ms | Total: 56.0ms
23:17:55 | Mask: [1.0, 0.0, 1.0, 0.0, 0.0] | Prob: 0.1729 | Attn: [0.522, 0.0, 0.478, 0.0, 0.0] | Ext: 48.7ms | Inf: 8.1ms | Total: 56.8ms
23:17:55 | Mask: [1.0, 0.0, 1.0, 0.0, 0.0] | Prob: 0.1730 | Attn: [0.522, 0.0, 0.478, 0.0, 0.0] | Ext: 48.7ms | Inf: 7.6ms | Total: 56.3ms
23:17:55 | Mask: [1.0, 0.0, 1.0, 0.0, 0.0] | Prob: 0.1731 | Attn: [0.522, 0.0, 0.478, 0.0, 0.0] | Ext: 45.9ms | Inf: 8.1ms | Total: 54.0ms
23:17:55 | Mask: [1.0, 0.0, 1.0, 0.0, 0.0] | Prob: 0.1848 | Attn: [0.755, 0.0, 0.245, 0.0, 0.0] | Ext: 45.9ms | Inf: 6.5ms | Total: 52.4ms
23:17:55 | Mask: [1.0, 0.0, 1.0, 0.0, 0.0] | Prob: 0.1930 | Attn: [0.755, 0.0, 0.245, 0.0, 0.0] | Ext: 45.9ms | Inf: 8.1ms | Total: 54.0ms
23:17:55 | Mask: [1.0, 0.0, 1.0, 0.0, 0.0] | Prob: 0.1988 | Attn: [0.755, 0.0, 0.245, 0.0, 0.0] | Ext: 45.9ms | Inf: 10.3ms | Total: 56.2ms
23:17:55 | Mask: [1.0, 0.0, 1.0, 0.0, 0.0] | Prob: 0.2028 | Attn: [0.755, 0.0, 0.245, 0.0, 0.0] | Ext: 45.9ms | Inf: 8.7ms | Total: 54.6ms
23:17:55 | Mask: [1.0, 0.0, 1.0, 0.0, 0.0] | Prob: 0.2056 | Attn: [0.755, 0.0, 0.245, 0.0, 0.0] | Ext: 45.9ms | Inf: 8.7ms | Total: 54.6ms
23:17:56 | Mask: [1.0, 0.0, 1.0, 0.0, 0.0] | Prob: 0.2076 | Attn: [0.755, 0.0, 0.245, 0.0, 0.0] | Ext: 45.9ms | Inf: 8.5ms | Total: 54.4ms
23:17:56 | Mask: [1.0, 0.0, 1.0, 0.0, 0.0] | Prob: 0.2090 | Attn: [0.755, 0.0, 0.245, 0.0, 0.0] | Ext: 45.9ms | Inf: 7.6ms | Total: 53.5ms
23:17:56 | Mask: [1.0, 0.0, 1.0, 0.0, 0.0] | Prob: 0.2099 | Attn: [0.755, 0.0, 0.245, 0.0, 0.0] | Ext: 45.9ms | Inf: 7.7ms | Total: 53.6ms
23:17:56 | Mask: [1.0, 0.0, 1.0, 0.0, 0.0] | Prob: 0.2106 | Attn: [0.755, 0.0, 0.245, 0.0, 0.0] | Ext: 45.9ms | Inf: 6.8ms | Total: 52.7ms
23:17:56 | Mask: [1.0, 0.0, 1.0, 0.0, 0.0] | Prob: 0.2196 | Attn: [0.685, 0.0, 0.315, 0.0, 0.0] | Ext: 45.9ms | Inf: 7.5ms | Total: 53.4ms
23:17:56 | Mask: [1.0, 0.0, 1.0, 0.0, 0.0] | Prob: 0.2259 | Attn: [0.685, 0.0, 0.315, 0.0, 0.0] | Ext: 45.9ms | Inf: 8.5ms | Total: 54.4ms
23:17:56 | Mask: [1.0, 0.0, 1.0, 0.0, 0.0] | Prob: 0.2304 | Attn: [0.685, 0.0, 0.315, 0.0, 0.0] | Ext: 45.9ms | Inf: 6.4ms | Total: 52.3ms
23:17:56 | Mask: [1.0, 0.0, 1.0, 0.0, 0.0] | Prob: 0.2334 | Attn: [0.685, 0.0, 0.315, 0.0, 0.0] | Ext: 45.9ms | Inf: 7.5ms | Total: 53.4ms
23:17:57 | Mask: [1.0, 0.0, 1.0, 0.0, 0.0] | Prob: 0.2356 | Attn: [0.685, 0.0, 0.315, 0.0, 0.0] | Ext: 45.9ms | Inf: 7.8ms | Total: 53.7ms
23:17:57 | Mask: [1.0, 0.0, 1.0, 0.0, 0.0] | Prob: 0.2371 | Attn: [0.685, 0.0, 0.315, 0.0, 0.0] | Ext: 45.9ms | Inf: 8.0ms | Total: 53.9ms
23:17:57 | Mask: [1.0, 0.0, 1.0, 0.0, 0.0] | Prob: 0.2382 | Attn: [0.685, 0.0, 0.315, 0.0, 0.0] | Ext: 45.9ms | Inf: 7.2ms | Total: 53.1ms
23:17:57 | Mask: [1.0, 0.0, 1.0, 0.0, 0.0] | Prob: 0.2389 | Attn: [0.685, 0.0, 0.315, 0.0, 0.0] | Ext: 45.9ms | Inf: 8.0ms | Total: 53.9ms
23:17:57 | Mask: [1.0, 0.0, 1.0, 0.0, 0.0] | Prob: 0.2395 | Attn: [0.685, 0.0, 0.315, 0.0, 0.0] | Ext: 45.9ms | Inf: 8.2ms | Total: 54.1ms
23:17:57 | Mask: [1.0, 0.0, 1.0, 0.0, 0.0] | Prob: 0.2398 | Attn: [0.685, 0.0, 0.315, 0.0, 0.0] | Ext: 45.9ms | Inf: 7.2ms | Total: 53.1ms
23:17:57 | Mask: [1.0, 0.0, 1.0, 0.0, 0.0] | Prob: 0.2401 | Attn: [0.685, 0.0, 0.315, 0.0, 0.0] | Ext: 45.9ms | Inf: 7.2ms | Total: 53.1ms
23:17:57 | Mask: [1.0, 0.0, 1.0, 0.0, 0.0] | Prob: 0.2403 | Attn: [0.685, 0.0, 0.315, 0.0, 0.0] | Ext: 45.9ms | Inf: 8.7ms | Total: 54.6ms
23:17:57 | Mask: [1.0, 0.0, 1.0, 0.0, 0.0] | Prob: 0.2404 | Attn: [0.685, 0.0, 0.315, 0.0, 0.0] | Ext: 45.9ms | Inf: 7.1ms | Total: 53.0ms
23:17:58 | Mask: [1.0, 0.0, 1.0, 0.0, 0.0] | Prob: 0.2405 | Attn: [0.685, 0.0, 0.315, 0.0, 0.0] | Ext: 45.9ms | Inf: 7.1ms | Total: 53.0ms
23:17:58 | Mask: [1.0, 0.0, 1.0, 0.0, 0.0] | Prob: 0.2405 | Attn: [0.685, 0.0, 0.315, 0.0, 0.0] | Ext: 45.9ms | Inf: 8.1ms | Total: 54.0ms
23:17:58 | Mask: [1.0, 0.0, 1.0, 0.0, 0.0] | Prob: 0.2482 | Attn: [0.412, 0.0, 0.588, 0.0, 0.0] | Ext: 47.2ms | Inf: 8.5ms | Total: 55.8ms
23:17:58 | Mask: [1.0, 0.0, 1.0, 0.0, 0.0] | Prob: 0.2536 | Attn: [0.412, 0.0, 0.588, 0.0, 0.0] | Ext: 47.2ms | Inf: 7.7ms | Total: 54.9ms
23:17:58 | Mask: [1.0, 0.0, 1.0, 0.0, 0.0] | Prob: 0.2573 | Attn: [0.412, 0.0, 0.588, 0.0, 0.0] | Ext: 47.2ms | Inf: 7.9ms | Total: 55.1ms
23:17:58 | Mask: [1.0, 0.0, 1.0, 0.0, 0.0] | Prob: 0.2600 | Attn: [0.412, 0.0, 0.588, 0.0, 0.0] | Ext: 47.2ms | Inf: 7.6ms | Total: 54.9ms
23:17:58 | Mask: [1.0, 0.0, 1.0, 0.0, 0.0] | Prob: 0.2618 | Attn: [0.412, 0.0, 0.588, 0.0, 0.0] | Ext: 47.2ms | Inf: 11.2ms | Total: 58.5ms
23:17:58 | Mask: [1.0, 0.0, 1.0, 0.0, 0.0] | Prob: 0.2631 | Attn: [0.412, 0.0, 0.588, 0.0, 0.0] | Ext: 47.2ms | Inf: 9.3ms | Total: 56.5ms
23:17:59 | Mask: [1.0, 0.0, 1.0, 0.0, 0.0] | Prob: 0.2640 | Attn: [0.412, 0.0, 0.588, 0.0, 0.0] | Ext: 47.2ms | Inf: 8.2ms | Total: 55.5ms
23:17:59 | Mask: [1.0, 0.0, 1.0, 0.0, 0.0] | Prob: 0.2646 | Attn: [0.412, 0.0, 0.588, 0.0, 0.0] | Ext: 47.2ms | Inf: 7.0ms | Total: 54.2ms
23:17:59 | Mask: [1.0, 0.0, 1.0, 0.0, 0.0] | Prob: 0.2651 | Attn: [0.412, 0.0, 0.588, 0.0, 0.0] | Ext: 47.2ms | Inf: 8.0ms | Total: 55.3ms
23:17:59 | Mask: [1.0, 0.0, 1.0, 0.0, 0.0] | Prob: 0.2891 | Attn: [0.323, 0.0, 0.677, 0.0, 0.0] | Ext: 47.2ms | Inf: 8.3ms | Total: 55.5ms
23:17:59 | Mask: [1.0, 0.0, 1.0, 0.0, 0.0] | Prob: 0.3058 | Attn: [0.323, 0.0, 0.677, 0.0, 0.0] | Ext: 47.2ms | Inf: 8.5ms | Total: 55.7ms
23:17:59 | Mask: [1.0, 0.0, 1.0, 0.0, 0.0] | Prob: 0.3176 | Attn: [0.323, 0.0, 0.677, 0.0, 0.0] | Ext: 47.2ms | Inf: 6.9ms | Total: 54.1ms
23:17:59 | Mask: [1.0, 0.0, 1.0, 0.0, 0.0] | Prob: 0.3258 | Attn: [0.323, 0.0, 0.677, 0.0, 0.0] | Ext: 47.2ms | Inf: 8.0ms | Total: 55.2ms
23:17:59 | Mask: [1.0, 0.0, 1.0, 0.0, 0.0] | Prob: 0.3315 | Attn: [0.323, 0.0, 0.677, 0.0, 0.0] | Ext: 47.2ms | Inf: 8.8ms | Total: 56.1ms
23:17:59 | Mask: [1.0, 0.0, 1.0, 0.0, 0.0] | Prob: 0.3356 | Attn: [0.323, 0.0, 0.677, 0.0, 0.0] | Ext: 47.2ms | Inf: 6.5ms | Total: 53.8ms
23:18:00 | Mask: [1.0, 0.0, 1.0, 0.0, 0.0] | Prob: 0.3384 | Attn: [0.323, 0.0, 0.677, 0.0, 0.0] | Ext: 47.2ms | Inf: 7.0ms | Total: 54.3ms
23:18:00 | Mask: [1.0, 0.0, 1.0, 0.0, 0.0] | Prob: 0.3404 | Attn: [0.323, 0.0, 0.677, 0.0, 0.0] | Ext: 47.2ms | Inf: 9.0ms | Total: 56.3ms
23:18:00 | Mask: [1.0, 0.0, 1.0, 0.0, 0.0] | Prob: 0.3417 | Attn: [0.323, 0.0, 0.677, 0.0, 0.0] | Ext: 47.2ms | Inf: 8.5ms | Total: 55.8ms
23:18:00 | Mask: [1.0, 0.0, 1.0, 0.0, 0.0] | Prob: 0.3427 | Attn: [0.323, 0.0, 0.677, 0.0, 0.0] | Ext: 47.2ms | Inf: 8.9ms | Total: 56.1ms
23:18:00 | Mask: [1.0, 0.0, 1.0, 0.0, 0.0] | Prob: 0.3434 | Attn: [0.323, 0.0, 0.677, 0.0, 0.0] | Ext: 47.2ms | Inf: 7.6ms | Total: 54.8ms
23:18:00 | Mask: [1.0, 0.0, 1.0, 0.0, 0.0] | Prob: 0.3439 | Attn: [0.323, 0.0, 0.677, 0.0, 0.0] | Ext: 47.2ms | Inf: 7.6ms | Total: 54.8ms
23:18:00 | Mask: [1.0, 0.0, 1.0, 0.0, 0.0] | Prob: 0.3442 | Attn: [0.323, 0.0, 0.677, 0.0, 0.0] | Ext: 47.2ms | Inf: 7.9ms | Total: 55.2ms
23:18:00 | Mask: [1.0, 0.0, 1.0, 0.0, 0.0] | Prob: 0.3444 | Attn: [0.323, 0.0, 0.677, 0.0, 0.0] | Ext: 47.2ms | Inf: 6.6ms | Total: 53.8ms
23:18:01 | Mask: [1.0, 0.0, 1.0, 0.0, 0.0] | Prob: 0.3446 | Attn: [0.323, 0.0, 0.677, 0.0, 0.0] | Ext: 47.2ms | Inf: 7.2ms | Total: 54.4ms
23:18:01 | Mask: [1.0, 0.0, 1.0, 0.0, 0.0] | Prob: 0.3447 | Attn: [0.323, 0.0, 0.677, 0.0, 0.0] | Ext: 47.2ms | Inf: 8.1ms | Total: 55.4ms
23:18:01 | Mask: [1.0, 0.0, 1.0, 0.0, 0.0] | Prob: 0.3884 | Attn: [0.389, 0.0, 0.611, 0.0, 0.0] | Ext: 49.0ms | Inf: 8.1ms | Total: 57.0ms
23:18:01 | Mask: [1.0, 0.0, 1.0, 0.0, 0.0] | Prob: 0.4190 | Attn: [0.389, 0.0, 0.611, 0.0, 0.0] | Ext: 49.0ms | Inf: 7.7ms | Total: 56.6ms
23:18:01 | Mask: [1.0, 0.0, 1.0, 0.0, 0.0] | Prob: 0.4404 | Attn: [0.389, 0.0, 0.611, 0.0, 0.0] | Ext: 49.0ms | Inf: 6.8ms | Total: 55.7ms
23:18:01 | Mask: [1.0, 0.0, 1.0, 0.0, 0.0] | Prob: 0.4554 | Attn: [0.389, 0.0, 0.611, 0.0, 0.0] | Ext: 49.0ms | Inf: 6.8ms | Total: 55.7ms
23:18:01 | Mask: [1.0, 0.0, 1.0, 0.0, 0.0] | Prob: 0.4659 | Attn: [0.389, 0.0, 0.611, 0.0, 0.0] | Ext: 49.0ms | Inf: 8.2ms | Total: 57.2ms
23:18:01 | Mask: [1.0, 0.0, 1.0, 0.0, 0.0] | Prob: 0.4732 | Attn: [0.389, 0.0, 0.611, 0.0, 0.0] | Ext: 49.0ms | Inf: 8.6ms | Total: 57.6ms
23:18:02 | Mask: [1.0, 0.0, 1.0, 0.0, 0.0] | Prob: 0.4783 | Attn: [0.389, 0.0, 0.611, 0.0, 0.0] | Ext: 49.0ms | Inf: 8.8ms | Total: 57.7ms
23:18:02 | Mask: [1.0, 0.0, 1.0, 0.0, 0.0] | Prob: 0.4819 | Attn: [0.389, 0.0, 0.611, 0.0, 0.0] | Ext: 49.0ms | Inf: 8.2ms | Total: 57.2ms
23:18:02 | Mask: [1.0, 0.0, 1.0, 0.0, 0.0] | Prob: 0.4845 | Attn: [0.389, 0.0, 0.611, 0.0, 0.0] | Ext: 49.0ms | Inf: 7.9ms | Total: 56.9ms
23:18:02 | Mask: [1.0, 0.0, 1.0, 0.0, 0.0] | Prob: 0.4691 | Attn: [0.466, 0.0, 0.534, 0.0, 0.0] | Ext: 49.0ms | Inf: 7.5ms | Total: 56.4ms
23:18:02 | Mask: [1.0, 0.0, 1.0, 0.0, 0.0] | Prob: 0.4583 | Attn: [0.466, 0.0, 0.534, 0.0, 0.0] | Ext: 49.0ms | Inf: 7.9ms | Total: 56.8ms
23:18:02 | Mask: [1.0, 0.0, 1.0, 0.0, 0.0] | Prob: 0.4507 | Attn: [0.466, 0.0, 0.534, 0.0, 0.0] | Ext: 49.0ms | Inf: 8.2ms | Total: 57.1ms
23:18:02 | Mask: [1.0, 0.0, 1.0, 0.0, 0.0] | Prob: 0.4454 | Attn: [0.466, 0.0, 0.534, 0.0, 0.0] | Ext: 49.0ms | Inf: 7.9ms | Total: 56.9ms
23:18:02 | Mask: [1.0, 0.0, 1.0, 0.0, 0.0] | Prob: 0.4417 | Attn: [0.466, 0.0, 0.534, 0.0, 0.0] | Ext: 49.0ms | Inf: 7.1ms | Total: 56.1ms
23:18:02 | Mask: [1.0, 0.0, 1.0, 0.0, 0.0] | Prob: 0.4392 | Attn: [0.466, 0.0, 0.534, 0.0, 0.0] | Ext: 49.0ms | Inf: 8.3ms | Total: 57.2ms
23:18:03 | Mask: [1.0, 0.0, 1.0, 0.0, 0.0] | Prob: 0.4373 | Attn: [0.466, 0.0, 0.534, 0.0, 0.0] | Ext: 49.0ms | Inf: 7.9ms | Total: 56.8ms
23:18:03 | Mask: [1.0, 0.0, 1.0, 0.0, 0.0] | Prob: 0.4361 | Attn: [0.466, 0.0, 0.534, 0.0, 0.0] | Ext: 49.0ms | Inf: 8.4ms | Total: 57.3ms
23:18:03 | Mask: [1.0, 0.0, 1.0, 0.0, 0.0] | Prob: 0.4352 | Attn: [0.466, 0.0, 0.534, 0.0, 0.0] | Ext: 49.0ms | Inf: 7.8ms | Total: 56.7ms
23:18:03 | Mask: [1.0, 0.0, 1.0, 0.0, 0.0] | Prob: 0.4346 | Attn: [0.466, 0.0, 0.534, 0.0, 0.0] | Ext: 49.0ms | Inf: 8.5ms | Total: 57.5ms
23:18:03 | Mask: [1.0, 0.0, 1.0, 0.0, 0.0] | Prob: 0.4341 | Attn: [0.466, 0.0, 0.534, 0.0, 0.0] | Ext: 49.0ms | Inf: 7.0ms | Total: 55.9ms
23:18:03 | Mask: [1.0, 0.0, 1.0, 0.0, 0.0] | Prob: 0.4338 | Attn: [0.466, 0.0, 0.534, 0.0, 0.0] | Ext: 49.0ms | Inf: 7.5ms | Total: 56.4ms
23:18:03 | Mask: [1.0, 0.0, 1.0, 0.0, 0.0] | Prob: 0.4336 | Attn: [0.466, 0.0, 0.534, 0.0, 0.0] | Ext: 49.0ms | Inf: 8.2ms | Total: 57.2ms
23:18:03 | Mask: [1.0, 0.0, 1.0, 0.0, 0.0] | Prob: 0.4335 | Attn: [0.466, 0.0, 0.534, 0.0, 0.0] | Ext: 49.0ms | Inf: 7.3ms | Total: 56.2ms
23:18:04 | Mask: [1.0, 0.0, 1.0, 0.0, 0.0] | Prob: 0.4334 | Attn: [0.466, 0.0, 0.534, 0.0, 0.0] | Ext: 49.0ms | Inf: 9.0ms | Total: 57.9ms
23:18:04 | Mask: [1.0, 0.0, 1.0, 0.0, 0.0] | Prob: 0.4020 | Attn: [0.522, 0.0, 0.478, 0.0, 0.0] | Ext: 45.4ms | Inf: 9.3ms | Total: 54.6ms
23:18:04 | Mask: [1.0, 0.0, 1.0, 0.0, 0.0] | Prob: 0.3800 | Attn: [0.522, 0.0, 0.478, 0.0, 0.0] | Ext: 45.4ms | Inf: 8.4ms | Total: 53.7ms
23:18:04 | Mask: [1.0, 0.0, 1.0, 0.0, 0.0] | Prob: 0.3647 | Attn: [0.522, 0.0, 0.478, 0.0, 0.0] | Ext: 45.4ms | Inf: 8.0ms | Total: 53.3ms
23:18:04 | Mask: [1.0, 0.0, 1.0, 0.0, 0.0] | Prob: 0.3539 | Attn: [0.522, 0.0, 0.478, 0.0, 0.0] | Ext: 45.4ms | Inf: 10.0ms | Total: 55.3ms
23:18:04 | Mask: [1.0, 0.0, 1.0, 0.0, 0.0] | Prob: 0.3464 | Attn: [0.522, 0.0, 0.478, 0.0, 0.0] | Ext: 45.4ms | Inf: 8.5ms | Total: 53.9ms
23:18:04 | Mask: [1.0, 0.0, 1.0, 0.0, 0.0] | Prob: 0.3411 | Attn: [0.522, 0.0, 0.478, 0.0, 0.0] | Ext: 45.4ms | Inf: 7.9ms | Total: 53.3ms
23:18:04 | Mask: [1.0, 0.0, 1.0, 0.0, 0.0] | Prob: 0.3374 | Attn: [0.522, 0.0, 0.478, 0.0, 0.0] | Ext: 45.4ms | Inf: 8.0ms | Total: 53.4ms
23:18:05 | Mask: [1.0, 0.0, 1.0, 0.0, 0.0] | Prob: 0.3348 | Attn: [0.522, 0.0, 0.478, 0.0, 0.0] | Ext: 45.4ms | Inf: 8.2ms | Total: 53.6ms
23:18:05 | Mask: [1.0, 0.0, 1.0, 0.0, 0.0] | Prob: 0.3330 | Attn: [0.522, 0.0, 0.478, 0.0, 0.0] | Ext: 45.4ms | Inf: 6.8ms | Total: 52.1ms
23:18:05 | Mask: [1.0, 0.0, 1.0, 0.0, 0.0] | Prob: 0.3435 | Attn: [0.556, 0.0, 0.444, 0.0, 0.0] | Ext: 45.4ms | Inf: 7.8ms | Total: 53.2ms
23:18:05 | Mask: [1.0, 0.0, 1.0, 0.0, 0.0] | Prob: 0.3508 | Attn: [0.556, 0.0, 0.444, 0.0, 0.0] | Ext: 45.4ms | Inf: 7.9ms | Total: 53.2ms
23:18:05 | Mask: [1.0, 0.0, 1.0, 0.0, 0.0] | Prob: 0.3560 | Attn: [0.556, 0.0, 0.444, 0.0, 0.0] | Ext: 45.4ms | Inf: 7.7ms | Total: 53.0ms
23:18:05 | Mask: [1.0, 0.0, 1.0, 0.0, 0.0] | Prob: 0.3596 | Attn: [0.556, 0.0, 0.444, 0.0, 0.0] | Ext: 45.4ms | Inf: 8.0ms | Total: 53.4ms
23:18:05 | Mask: [1.0, 0.0, 1.0, 0.0, 0.0] | Prob: 0.3621 | Attn: [0.556, 0.0, 0.444, 0.0, 0.0] | Ext: 45.4ms | Inf: 8.1ms | Total: 53.5ms
23:18:05 | Mask: [1.0, 0.0, 1.0, 0.0, 0.0] | Prob: 0.3638 | Attn: [0.556, 0.0, 0.444, 0.0, 0.0] | Ext: 45.4ms | Inf: 7.3ms | Total: 52.6ms
23:18:05 | Mask: [1.0, 0.0, 1.0, 0.0, 0.0] | Prob: 0.3651 | Attn: [0.556, 0.0, 0.444, 0.0, 0.0] | Ext: 45.4ms | Inf: 7.1ms | Total: 52.5ms
23:18:06 | Mask: [1.0, 0.0, 1.0, 0.0, 0.0] | Prob: 0.3659 | Attn: [0.556, 0.0, 0.444, 0.0, 0.0] | Ext: 45.4ms | Inf: 9.0ms | Total: 54.3ms
23:18:06 | Mask: [1.0, 0.0, 1.0, 0.0, 0.0] | Prob: 0.3665 | Attn: [0.556, 0.0, 0.444, 0.0, 0.0] | Ext: 45.4ms | Inf: 9.1ms | Total: 54.5ms
23:18:06 | Mask: [1.0, 0.0, 1.0, 0.0, 0.0] | Prob: 0.3670 | Attn: [0.556, 0.0, 0.444, 0.0, 0.0] | Ext: 45.4ms | Inf: 6.7ms | Total: 52.1ms
23:18:06 | Mask: [1.0, 0.0, 1.0, 0.0, 0.0] | Prob: 0.3673 | Attn: [0.556, 0.0, 0.444, 0.0, 0.0] | Ext: 45.4ms | Inf: 8.3ms | Total: 53.6ms
23:18:06 | Mask: [1.0, 0.0, 1.0, 0.0, 0.0] | Prob: 0.3675 | Attn: [0.556, 0.0, 0.444, 0.0, 0.0] | Ext: 45.4ms | Inf: 8.1ms | Total: 53.4ms
23:18:06 | Mask: [1.0, 0.0, 1.0, 0.0, 0.0] | Prob: 0.3676 | Attn: [0.556, 0.0, 0.444, 0.0, 0.0] | Ext: 45.4ms | Inf: 8.4ms | Total: 53.8ms
23:18:06 | Mask: [1.0, 0.0, 1.0, 0.0, 0.0] | Prob: 0.3677 | Attn: [0.556, 0.0, 0.444, 0.0, 0.0] | Ext: 45.4ms | Inf: 8.2ms | Total: 53.6ms
23:18:06 | Mask: [1.0, 0.0, 1.0, 0.0, 0.0] | Prob: 0.3678 | Attn: [0.556, 0.0, 0.444, 0.0, 0.0] | Ext: 45.4ms | Inf: 7.3ms | Total: 52.7ms
23:18:07 | Mask: [1.0, 0.0, 1.0, 0.0, 0.0] | Prob: 0.3678 | Attn: [0.556, 0.0, 0.444, 0.0, 0.0] | Ext: 45.4ms | Inf: 7.5ms | Total: 52.8ms
23:18:07 | Mask: [1.0, 0.0, 1.0, 0.0, 0.0] | Prob: 0.3540 | Attn: [0.506, 0.0, 0.494, 0.0, 0.0] | Ext: 46.4ms | Inf: 7.1ms | Total: 53.4ms
23:18:07 | Mask: [1.0, 0.0, 1.0, 0.0, 0.0] | Prob: 0.3443 | Attn: [0.506, 0.0, 0.494, 0.0, 0.0] | Ext: 46.4ms | Inf: 7.8ms | Total: 54.1ms
23:18:07 | Mask: [1.0, 0.0, 1.0, 0.0, 0.0] | Prob: 0.3375 | Attn: [0.506, 0.0, 0.494, 0.0, 0.0] | Ext: 46.4ms | Inf: 7.6ms | Total: 54.0ms
23:18:07 | Mask: [1.0, 0.0, 1.0, 0.0, 0.0] | Prob: 0.3328 | Attn: [0.506, 0.0, 0.494, 0.0, 0.0] | Ext: 46.4ms | Inf: 8.1ms | Total: 54.5ms
23:18:07 | Mask: [1.0, 0.0, 1.0, 0.0, 0.0] | Prob: 0.3295 | Attn: [0.506, 0.0, 0.494, 0.0, 0.0] | Ext: 46.4ms | Inf: 7.4ms | Total: 53.7ms
23:18:07 | Mask: [1.0, 0.0, 1.0, 0.0, 0.0] | Prob: 0.3271 | Attn: [0.506, 0.0, 0.494, 0.0, 0.0] | Ext: 46.4ms | Inf: 9.4ms | Total: 55.8ms
23:18:07 | Mask: [1.0, 0.0, 1.0, 0.0, 0.0] | Prob: 0.3255 | Attn: [0.506, 0.0, 0.494, 0.0, 0.0] | Ext: 46.4ms | Inf: 7.2ms | Total: 53.6ms
23:18:07 | Mask: [1.0, 0.0, 1.0, 0.0, 0.0] | Prob: 0.3244 | Attn: [0.506, 0.0, 0.494, 0.0, 0.0] | Ext: 46.4ms | Inf: 8.7ms | Total: 55.0ms
23:18:08 | Mask: [1.0, 0.0, 1.0, 0.0, 0.0] | Prob: 0.3236 | Attn: [0.506, 0.0, 0.494, 0.0, 0.0] | Ext: 46.4ms | Inf: 7.9ms | Total: 54.3ms
23:18:08 | Mask: [1.0, 0.0, 1.0, 0.0, 0.0] | Prob: 0.3133 | Attn: [0.522, 0.0, 0.478, 0.0, 0.0] | Ext: 46.4ms | Inf: 6.8ms | Total: 53.2ms
23:18:08 | Mask: [1.0, 0.0, 1.0, 0.0, 0.0] | Prob: 0.3061 | Attn: [0.522, 0.0, 0.478, 0.0, 0.0] | Ext: 46.4ms | Inf: 7.9ms | Total: 54.3ms
23:18:08 | Mask: [1.0, 0.0, 1.0, 0.0, 0.0] | Prob: 0.3011 | Attn: [0.522, 0.0, 0.478, 0.0, 0.0] | Ext: 46.4ms | Inf: 8.1ms | Total: 54.5ms
23:18:08 | Mask: [1.0, 0.0, 1.0, 0.0, 0.0] | Prob: 0.2976 | Attn: [0.522, 0.0, 0.478, 0.0, 0.0] | Ext: 46.4ms | Inf: 8.1ms | Total: 54.5ms
23:18:08 | Mask: [1.0, 0.0, 1.0, 0.0, 0.0] | Prob: 0.2951 | Attn: [0.522, 0.0, 0.478, 0.0, 0.0] | Ext: 46.4ms | Inf: 7.0ms | Total: 53.4ms
23:18:08 | Mask: [1.0, 0.0, 1.0, 0.0, 0.0] | Prob: 0.2934 | Attn: [0.522, 0.0, 0.478, 0.0, 0.0] | Ext: 46.4ms | Inf: 7.6ms | Total: 54.0ms
23:18:08 | Mask: [1.0, 0.0, 1.0, 0.0, 0.0] | Prob: 0.2921 | Attn: [0.522, 0.0, 0.478, 0.0, 0.0] | Ext: 46.4ms | Inf: 7.7ms | Total: 54.1ms
23:18:09 | Mask: [1.0, 0.0, 1.0, 0.0, 0.0] | Prob: 0.2913 | Attn: [0.522, 0.0, 0.478, 0.0, 0.0] | Ext: 46.4ms | Inf: 7.7ms | Total: 54.1ms
23:18:09 | Mask: [1.0, 0.0, 1.0, 0.0, 0.0] | Prob: 0.2907 | Attn: [0.522, 0.0, 0.478, 0.0, 0.0] | Ext: 46.4ms | Inf: 9.0ms | Total: 55.4ms
23:18:09 | Mask: [1.0, 0.0, 1.0, 0.0, 0.0] | Prob: 0.2903 | Attn: [0.522, 0.0, 0.478, 0.0, 0.0] | Ext: 46.4ms | Inf: 7.7ms | Total: 54.1ms
23:18:09 | Mask: [1.0, 0.0, 1.0, 0.0, 0.0] | Prob: 0.2900 | Attn: [0.522, 0.0, 0.478, 0.0, 0.0] | Ext: 46.4ms | Inf: 9.4ms | Total: 55.7ms
23:18:09 | Mask: [1.0, 0.0, 1.0, 0.0, 0.0] | Prob: 0.2898 | Attn: [0.522, 0.0, 0.478, 0.0, 0.0] | Ext: 46.4ms | Inf: 7.4ms | Total: 53.8ms
23:18:09 | Mask: [1.0, 0.0, 1.0, 0.0, 0.0] | Prob: 0.2897 | Attn: [0.522, 0.0, 0.478, 0.0, 0.0] | Ext: 46.4ms | Inf: 7.5ms | Total: 53.9ms
23:18:09 | Mask: [1.0, 0.0, 1.0, 0.0, 0.0] | Prob: 0.2896 | Attn: [0.522, 0.0, 0.478, 0.0, 0.0] | Ext: 46.4ms | Inf: 8.1ms | Total: 54.5ms
23:18:09 | Mask: [1.0, 0.0, 1.0, 0.0, 0.0] | Prob: 0.2895 | Attn: [0.522, 0.0, 0.478, 0.0, 0.0] | Ext: 46.4ms | Inf: 8.3ms | Total: 54.7ms
23:18:10 | Mask: [1.0, 0.0, 1.0, 0.0, 0.0] | Prob: 0.2894 | Attn: [0.522, 0.0, 0.478, 0.0, 0.0] | Ext: 46.4ms | Inf: 7.9ms | Total: 54.2ms
23:18:10 | Mask: [1.0, 0.0, 1.0, 0.0, 0.0] | Prob: 0.2819 | Attn: [0.458, 0.0, 0.542, 0.0, 0.0] | Ext: 49.5ms | Inf: 8.0ms | Total: 57.4ms
23:18:10 | Mask: [1.0, 0.0, 1.0, 0.0, 0.0] | Prob: 0.2766 | Attn: [0.458, 0.0, 0.542, 0.0, 0.0] | Ext: 49.5ms | Inf: 8.3ms | Total: 57.8ms
23:18:10 | Mask: [1.0, 0.0, 1.0, 0.0, 0.0] | Prob: 0.2729 | Attn: [0.458, 0.0, 0.542, 0.0, 0.0] | Ext: 49.5ms | Inf: 7.7ms | Total: 57.1ms
23:18:10 | Mask: [1.0, 0.0, 1.0, 0.0, 0.0] | Prob: 0.2703 | Attn: [0.458, 0.0, 0.542, 0.0, 0.0] | Ext: 49.5ms | Inf: 7.5ms | Total: 57.0ms
23:18:10 | Mask: [1.0, 0.0, 1.0, 0.0, 0.0] | Prob: 0.2685 | Attn: [0.458, 0.0, 0.542, 0.0, 0.0] | Ext: 49.5ms | Inf: 8.2ms | Total: 57.6ms
23:18:10 | Mask: [1.0, 0.0, 1.0, 0.0, 0.0] | Prob: 0.2672 | Attn: [0.458, 0.0, 0.542, 0.0, 0.0] | Ext: 49.5ms | Inf: 8.7ms | Total: 58.2ms
23:18:10 | Mask: [1.0, 0.0, 1.0, 0.0, 0.0] | Prob: 0.2663 | Attn: [0.458, 0.0, 0.542, 0.0, 0.0] | Ext: 49.5ms | Inf: 8.3ms | Total: 57.8ms
23:18:10 | Mask: [1.0, 0.0, 1.0, 0.0, 0.0] | Prob: 0.2657 | Attn: [0.458, 0.0, 0.542, 0.0, 0.0] | Ext: 49.5ms | Inf: 8.1ms | Total: 57.6ms
23:18:11 | Mask: [1.0, 0.0, 1.0, 0.0, 0.0] | Prob: 0.2652 | Attn: [0.458, 0.0, 0.542, 0.0, 0.0] | Ext: 49.5ms | Inf: 7.8ms | Total: 57.2ms
23:18:11 | Mask: [1.0, 0.0, 1.0, 0.0, 0.0] | Prob: 0.2870 | Attn: [0.484, 0.0, 0.516, 0.0, 0.0] | Ext: 49.5ms | Inf: 8.9ms | Total: 58.3ms
23:18:11 | Mask: [1.0, 0.0, 1.0, 0.0, 0.0] | Prob: 0.3022 | Attn: [0.484, 0.0, 0.516, 0.0, 0.0] | Ext: 49.5ms | Inf: 8.0ms | Total: 57.4ms
23:18:11 | Mask: [1.0, 0.0, 1.0, 0.0, 0.0] | Prob: 0.3129 | Attn: [0.484, 0.0, 0.516, 0.0, 0.0] | Ext: 49.5ms | Inf: 7.4ms | Total: 56.8ms
23:18:11 | Mask: [1.0, 0.0, 1.0, 0.0, 0.0] | Prob: 0.3204 | Attn: [0.484, 0.0, 0.516, 0.0, 0.0] | Ext: 49.5ms | Inf: 7.6ms | Total: 57.1ms
23:18:11 | Mask: [1.0, 0.0, 1.0, 0.0, 0.0] | Prob: 0.3256 | Attn: [0.484, 0.0, 0.516, 0.0, 0.0] | Ext: 49.5ms | Inf: 7.8ms | Total: 57.2ms
23:18:11 | Mask: [1.0, 0.0, 1.0, 0.0, 0.0] | Prob: 0.3293 | Attn: [0.484, 0.0, 0.516, 0.0, 0.0] | Ext: 49.5ms | Inf: 7.0ms | Total: 56.4ms
23:18:11 | Mask: [1.0, 0.0, 1.0, 0.0, 0.0] | Prob: 0.3318 | Attn: [0.484, 0.0, 0.516, 0.0, 0.0] | Ext: 49.5ms | Inf: 7.0ms | Total: 56.5ms
23:18:12 | Mask: [1.0, 0.0, 1.0, 0.0, 0.0] | Prob: 0.3336 | Attn: [0.484, 0.0, 0.516, 0.0, 0.0] | Ext: 49.5ms | Inf: 8.1ms | Total: 57.5ms
23:18:12 | Mask: [1.0, 0.0, 1.0, 0.0, 0.0] | Prob: 0.3349 | Attn: [0.484, 0.0, 0.516, 0.0, 0.0] | Ext: 49.5ms | Inf: 7.6ms | Total: 57.1ms
23:18:12 | Mask: [1.0, 0.0, 1.0, 0.0, 0.0] | Prob: 0.3358 | Attn: [0.484, 0.0, 0.516, 0.0, 0.0] | Ext: 49.5ms | Inf: 9.2ms | Total: 58.6ms
23:18:12 | Mask: [1.0, 0.0, 1.0, 0.0, 0.0] | Prob: 0.3364 | Attn: [0.484, 0.0, 0.516, 0.0, 0.0] | Ext: 49.5ms | Inf: 7.3ms | Total: 56.8ms
23:18:12 | Mask: [1.0, 0.0, 1.0, 0.0, 0.0] | Prob: 0.3368 | Attn: [0.484, 0.0, 0.516, 0.0, 0.0] | Ext: 49.5ms | Inf: 8.7ms | Total: 58.1ms
23:18:12 | Mask: [1.0, 0.0, 1.0, 0.0, 0.0] | Prob: 0.3371 | Attn: [0.484, 0.0, 0.516, 0.0, 0.0] | Ext: 49.5ms | Inf: 7.8ms | Total: 57.2ms
23:18:12 | Mask: [1.0, 0.0, 1.0, 0.0, 0.0] | Prob: 0.3373 | Attn: [0.484, 0.0, 0.516, 0.0, 0.0] | Ext: 49.5ms | Inf: 8.9ms | Total: 58.3ms
23:18:12 | Mask: [1.0, 0.0, 1.0, 0.0, 0.0] | Prob: 0.3375 | Attn: [0.484, 0.0, 0.516, 0.0, 0.0] | Ext: 49.5ms | Inf: 8.1ms | Total: 57.5ms
23:18:13 | Mask: [1.0, 0.0, 1.0, 0.0, 0.0] | Prob: 0.3896 | Attn: [0.503, 0.0, 0.497, 0.0, 0.0] | Ext: 45.4ms | Inf: 8.7ms | Total: 54.1ms
23:18:13 | Mask: [1.0, 0.0, 1.0, 0.0, 0.0] | Prob: 0.4261 | Attn: [0.503, 0.0, 0.497, 0.0, 0.0] | Ext: 45.4ms | Inf: 7.6ms | Total: 52.9ms
23:18:13 | Mask: [1.0, 0.0, 1.0, 0.0, 0.0] | Prob: 0.4516 | Attn: [0.503, 0.0, 0.497, 0.0, 0.0] | Ext: 45.4ms | Inf: 8.2ms | Total: 53.6ms
23:18:13 | Mask: [1.0, 0.0, 1.0, 0.0, 0.0] | Prob: 0.4695 | Attn: [0.503, 0.0, 0.497, 0.0, 0.0] | Ext: 45.4ms | Inf: 9.1ms | Total: 54.5ms
23:18:13 | Mask: [1.0, 0.0, 1.0, 0.0, 0.0] | Prob: 0.4820 | Attn: [0.503, 0.0, 0.497, 0.0, 0.0] | Ext: 45.4ms | Inf: 8.7ms | Total: 54.1ms
23:18:13 | Mask: [1.0, 0.0, 1.0, 0.0, 0.0] | Prob: 0.4908 | Attn: [0.503, 0.0, 0.497, 0.0, 0.0] | Ext: 45.4ms | Inf: 8.3ms | Total: 53.6ms
23:18:13 | Mask: [1.0, 0.0, 1.0, 0.0, 0.0] | Prob: 0.4969 | Attn: [0.503, 0.0, 0.497, 0.0, 0.0] | Ext: 45.4ms | Inf: 9.1ms | Total: 54.5ms
23:18:13 | Mask: [1.0, 0.0, 1.0, 0.0, 0.0] | Prob: 0.5012 | Attn: [0.503, 0.0, 0.497, 0.0, 0.0] | Ext: 45.4ms | Inf: 8.9ms | Total: 54.2ms
23:18:13 | Mask: [1.0, 0.0, 1.0, 0.0, 0.0] | Prob: 0.5042 | Attn: [0.503, 0.0, 0.497, 0.0, 0.0] | Ext: 45.4ms | Inf: 8.4ms | Total: 53.8ms
23:18:14 | Mask: [1.0, 0.0, 1.0, 0.0, 0.0] | Prob: 0.5274 | Attn: [0.477, 0.0, 0.523, 0.0, 0.0] | Ext: 45.4ms | Inf: 7.7ms | Total: 53.1ms
23:18:14 | Mask: [1.0, 0.0, 1.0, 0.0, 0.0] | Prob: 0.5437 | Attn: [0.477, 0.0, 0.523, 0.0, 0.0] | Ext: 45.4ms | Inf: 8.4ms | Total: 53.8ms
23:18:14 | Mask: [1.0, 0.0, 1.0, 0.0, 0.0] | Prob: 0.5550 | Attn: [0.477, 0.0, 0.523, 0.0, 0.0] | Ext: 45.4ms | Inf: 8.0ms | Total: 53.4ms
23:18:14 | Mask: [1.0, 0.0, 1.0, 0.0, 0.0] | Prob: 0.5630 | Attn: [0.477, 0.0, 0.523, 0.0, 0.0] | Ext: 45.4ms | Inf: 7.4ms | Total: 52.7ms
23:18:14 | Mask: [1.0, 0.0, 1.0, 0.0, 0.0] | Prob: 0.5686 | Attn: [0.477, 0.0, 0.523, 0.0, 0.0] | Ext: 45.4ms | Inf: 7.7ms | Total: 53.1ms
23:18:14 | Mask: [1.0, 0.0, 1.0, 0.0, 0.0] | Prob: 0.5725 | Attn: [0.477, 0.0, 0.523, 0.0, 0.0] | Ext: 45.4ms | Inf: 7.7ms | Total: 53.1ms
23:18:14 | Mask: [1.0, 0.0, 1.0, 0.0, 0.0] | Prob: 0.5752 | Attn: [0.477, 0.0, 0.523, 0.0, 0.0] | Ext: 45.4ms | Inf: 7.6ms | Total: 52.9ms
23:18:14 | Mask: [1.0, 0.0, 1.0, 0.0, 0.0] | Prob: 0.5771 | Attn: [0.477, 0.0, 0.523, 0.0, 0.0] | Ext: 45.4ms | Inf: 8.7ms | Total: 54.0ms
23:18:15 | Mask: [1.0, 0.0, 1.0, 0.0, 0.0] | Prob: 0.5784 | Attn: [0.477, 0.0, 0.523, 0.0, 0.0] | Ext: 45.4ms | Inf: 7.2ms | Total: 52.6ms
23:18:15 | Mask: [1.0, 0.0, 1.0, 0.0, 0.0] | Prob: 0.5794 | Attn: [0.477, 0.0, 0.523, 0.0, 0.0] | Ext: 45.4ms | Inf: 8.1ms | Total: 53.5ms
23:18:15 | Mask: [1.0, 0.0, 1.0, 0.0, 0.0] | Prob: 0.5800 | Attn: [0.477, 0.0, 0.523, 0.0, 0.0] | Ext: 45.4ms | Inf: 8.1ms | Total: 53.5ms
23:18:15 | Mask: [1.0, 0.0, 1.0, 0.0, 0.0] | Prob: 0.5805 | Attn: [0.477, 0.0, 0.523, 0.0, 0.0] | Ext: 45.4ms | Inf: 8.2ms | Total: 53.6ms
23:18:15 | Mask: [1.0, 0.0, 1.0, 0.0, 0.0] | Prob: 0.5808 | Attn: [0.477, 0.0, 0.523, 0.0, 0.0] | Ext: 45.4ms | Inf: 8.2ms | Total: 53.6ms
23:18:15 | Mask: [1.0, 0.0, 1.0, 0.0, 0.0] | Prob: 0.5810 | Attn: [0.477, 0.0, 0.523, 0.0, 0.0] | Ext: 45.4ms | Inf: 7.6ms | Total: 52.9ms
23:18:15 | Mask: [1.0, 0.0, 1.0, 0.0, 0.0] | Prob: 0.5812 | Attn: [0.477, 0.0, 0.523, 0.0, 0.0] | Ext: 45.4ms | Inf: 8.4ms | Total: 53.8ms
23:18:15 | Mask: [1.0, 0.0, 1.0, 0.0, 0.0] | Prob: 0.5813 | Attn: [0.477, 0.0, 0.523, 0.0, 0.0] | Ext: 45.4ms | Inf: 8.1ms | Total: 53.5ms
23:18:15 | Mask: [1.0, 0.0, 1.0, 0.0, 0.0] | Prob: 0.5248 | Attn: [0.251, 0.0, 0.749, 0.0, 0.0] | Ext: 45.4ms | Inf: 7.8ms | Total: 53.2ms
23:18:16 | Mask: [1.0, 0.0, 1.0, 0.0, 0.0] | Prob: 0.4852 | Attn: [0.251, 0.0, 0.749, 0.0, 0.0] | Ext: 45.4ms | Inf: 7.8ms | Total: 53.2ms
23:18:16 | Mask: [1.0, 0.0, 1.0, 0.0, 0.0] | Prob: 0.4575 | Attn: [0.251, 0.0, 0.749, 0.0, 0.0] | Ext: 45.4ms | Inf: 7.8ms | Total: 53.2ms
23:18:16 | Mask: [1.0, 0.0, 1.0, 0.0, 0.0] | Prob: 0.4381 | Attn: [0.251, 0.0, 0.749, 0.0, 0.0] | Ext: 45.4ms | Inf: 8.0ms | Total: 53.5ms
23:18:16 | Mask: [1.0, 0.0, 1.0, 0.0, 0.0] | Prob: 0.4246 | Attn: [0.251, 0.0, 0.749, 0.0, 0.0] | Ext: 45.4ms | Inf: 9.2ms | Total: 54.6ms
23:18:16 | Mask: [1.0, 0.0, 1.0, 0.0, 0.0] | Prob: 0.4151 | Attn: [0.251, 0.0, 0.749, 0.0, 0.0] | Ext: 45.4ms | Inf: 7.1ms | Total: 52.5ms
23:18:16 | Mask: [1.0, 0.0, 1.0, 0.0, 0.0] | Prob: 0.4084 | Attn: [0.251, 0.0, 0.749, 0.0, 0.0] | Ext: 45.4ms | Inf: 6.9ms | Total: 52.4ms
23:18:16 | Mask: [1.0, 0.0, 1.0, 0.0, 0.0] | Prob: 0.4038 | Attn: [0.251, 0.0, 0.749, 0.0, 0.0] | Ext: 45.4ms | Inf: 7.0ms | Total: 52.5ms
23:18:16 | Mask: [1.0, 0.0, 1.0, 0.0, 0.0] | Prob: 0.4005 | Attn: [0.251, 0.0, 0.749, 0.0, 0.0] | Ext: 45.4ms | Inf: 7.8ms | Total: 53.3ms
23:18:17 | Mask: [1.0, 0.0, 1.0, 0.0, 0.0] | Prob: 0.3836 | Attn: [0.312, 0.0, 0.688, 0.0, 0.0] | Ext: 45.4ms | Inf: 7.3ms | Total: 52.7ms
23:18:17 | Mask: [1.0, 0.0, 1.0, 0.0, 0.0] | Prob: 0.3717 | Attn: [0.312, 0.0, 0.688, 0.0, 0.0] | Ext: 45.4ms | Inf: 7.7ms | Total: 53.1ms
23:18:17 | Mask: [1.0, 0.0, 1.0, 0.0, 0.0] | Prob: 0.3634 | Attn: [0.312, 0.0, 0.688, 0.0, 0.0] | Ext: 45.4ms | Inf: 7.8ms | Total: 53.2ms
23:18:17 | Mask: [1.0, 0.0, 1.0, 0.0, 0.0] | Prob: 0.3576 | Attn: [0.312, 0.0, 0.688, 0.0, 0.0] | Ext: 45.4ms | Inf: 6.7ms | Total: 52.1ms
23:18:17 | Mask: [1.0, 0.0, 1.0, 0.0, 0.0] | Prob: 0.3535 | Attn: [0.312, 0.0, 0.688, 0.0, 0.0] | Ext: 45.4ms | Inf: 8.0ms | Total: 53.5ms
23:18:17 | Mask: [1.0, 0.0, 1.0, 0.0, 0.0] | Prob: 0.3507 | Attn: [0.312, 0.0, 0.688, 0.0, 0.0] | Ext: 45.4ms | Inf: 7.7ms | Total: 53.2ms
23:18:17 | Mask: [1.0, 0.0, 1.0, 0.0, 0.0] | Prob: 0.3487 | Attn: [0.312, 0.0, 0.688, 0.0, 0.0] | Ext: 45.4ms | Inf: 7.5ms | Total: 52.9ms
23:18:17 | Mask: [1.0, 0.0, 1.0, 0.0, 0.0] | Prob: 0.3473 | Attn: [0.312, 0.0, 0.688, 0.0, 0.0] | Ext: 45.4ms | Inf: 8.0ms | Total: 53.5ms
23:18:18 | Mask: [1.0, 0.0, 1.0, 0.0, 0.0] | Prob: 0.3463 | Attn: [0.312, 0.0, 0.688, 0.0, 0.0] | Ext: 45.4ms | Inf: 8.1ms | Total: 53.5ms
23:18:18 | Mask: [1.0, 0.0, 1.0, 0.0, 0.0] | Prob: 0.3456 | Attn: [0.312, 0.0, 0.688, 0.0, 0.0] | Ext: 45.4ms | Inf: 7.9ms | Total: 53.3ms
23:18:18 | Mask: [1.0, 0.0, 1.0, 0.0, 0.0] | Prob: 0.3452 | Attn: [0.312, 0.0, 0.688, 0.0, 0.0] | Ext: 45.4ms | Inf: 8.9ms | Total: 54.3ms
23:18:18 | Mask: [1.0, 0.0, 1.0, 0.0, 0.0] | Prob: 0.3448 | Attn: [0.312, 0.0, 0.688, 0.0, 0.0] | Ext: 45.4ms | Inf: 9.6ms | Total: 55.0ms
23:18:18 | Mask: [1.0, 0.0, 1.0, 0.0, 0.0] | Prob: 0.3446 | Attn: [0.312, 0.0, 0.688, 0.0, 0.0] | Ext: 45.4ms | Inf: 8.6ms | Total: 54.0ms
23:18:18 | Mask: [1.0, 0.0, 1.0, 0.0, 0.0] | Prob: 0.3444 | Attn: [0.312, 0.0, 0.688, 0.0, 0.0] | Ext: 45.4ms | Inf: 9.2ms | Total: 54.6ms
23:18:18 | Mask: [1.0, 0.0, 1.0, 0.0, 0.0] | Prob: 0.3443 | Attn: [0.312, 0.0, 0.688, 0.0, 0.0] | Ext: 45.4ms | Inf: 8.5ms | Total: 53.9ms
23:18:18 | Mask: [1.0, 0.0, 1.0, 0.0, 0.0] | Prob: 0.3442 | Attn: [0.312, 0.0, 0.688, 0.0, 0.0] | Ext: 45.4ms | Inf: 10.1ms | Total: 55.5ms
23:18:18 | Mask: [1.0, 0.0, 1.0, 0.0, 0.0] | Prob: 0.3285 | Attn: [0.389, 0.0, 0.611, 0.0, 0.0] | Ext: 64.6ms | Inf: 9.2ms | Total: 73.8ms
23:18:19 | Mask: [1.0, 0.0, 1.0, 0.0, 0.0] | Prob: 0.3175 | Attn: [0.389, 0.0, 0.611, 0.0, 0.0] | Ext: 64.6ms | Inf: 8.7ms | Total: 73.3ms
23:18:19 | Mask: [1.0, 0.0, 1.0, 0.0, 0.0] | Prob: 0.3098 | Attn: [0.389, 0.0, 0.611, 0.0, 0.0] | Ext: 64.6ms | Inf: 9.3ms | Total: 74.0ms
23:18:19 | Mask: [1.0, 0.0, 1.0, 0.0, 0.0] | Prob: 0.3044 | Attn: [0.389, 0.0, 0.611, 0.0, 0.0] | Ext: 64.6ms | Inf: 7.9ms | Total: 72.5ms
23:18:19 | Mask: [1.0, 0.0, 1.0, 0.0, 0.0] | Prob: 0.3007 | Attn: [0.389, 0.0, 0.611, 0.0, 0.0] | Ext: 64.6ms | Inf: 8.2ms | Total: 72.9ms
23:18:19 | Mask: [1.0, 0.0, 1.0, 0.0, 0.0] | Prob: 0.2980 | Attn: [0.389, 0.0, 0.611, 0.0, 0.0] | Ext: 64.6ms | Inf: 8.9ms | Total: 73.6ms
23:18:19 | Mask: [1.0, 0.0, 1.0, 0.0, 0.0] | Prob: 0.2962 | Attn: [0.389, 0.0, 0.611, 0.0, 0.0] | Ext: 64.6ms | Inf: 7.7ms | Total: 72.3ms
23:18:19 | Mask: [1.0, 0.0, 1.0, 0.0, 0.0] | Prob: 0.2949 | Attn: [0.389, 0.0, 0.611, 0.0, 0.0] | Ext: 64.6ms | Inf: 8.2ms | Total: 72.8ms
23:18:19 | Mask: [1.0, 0.0, 1.0, 0.0, 0.0] | Prob: 0.2940 | Attn: [0.389, 0.0, 0.611, 0.0, 0.0] | Ext: 64.6ms | Inf: 7.9ms | Total: 72.5ms
23:18:20 | Mask: [1.0, 0.0, 1.0, 0.0, 0.0] | Prob: 0.3011 | Attn: [0.454, 0.0, 0.546, 0.0, 0.0] | Ext: 64.6ms | Inf: 8.5ms | Total: 73.1ms
23:18:20 | Mask: [1.0, 0.0, 1.0, 0.0, 0.0] | Prob: 0.3060 | Attn: [0.454, 0.0, 0.546, 0.0, 0.0] | Ext: 64.6ms | Inf: 9.4ms | Total: 74.0ms
23:18:20 | Mask: [1.0, 0.0, 1.0, 0.0, 0.0] | Prob: 0.3095 | Attn: [0.454, 0.0, 0.546, 0.0, 0.0] | Ext: 64.6ms | Inf: 7.7ms | Total: 72.3ms
23:18:20 | Mask: [1.0, 0.0, 1.0, 0.0, 0.0] | Prob: 0.3120 | Attn: [0.454, 0.0, 0.546, 0.0, 0.0] | Ext: 64.6ms | Inf: 8.0ms | Total: 72.6ms
23:18:20 | Mask: [1.0, 0.0, 1.0, 0.0, 0.0] | Prob: 0.3137 | Attn: [0.454, 0.0, 0.546, 0.0, 0.0] | Ext: 64.6ms | Inf: 8.0ms | Total: 72.6ms
23:18:20 | Mask: [1.0, 0.0, 1.0, 0.0, 0.0] | Prob: 0.3149 | Attn: [0.454, 0.0, 0.546, 0.0, 0.0] | Ext: 64.6ms | Inf: 8.1ms | Total: 72.7ms
23:18:20 | Mask: [1.0, 0.0, 1.0, 0.0, 0.0] | Prob: 0.3157 | Attn: [0.454, 0.0, 0.546, 0.0, 0.0] | Ext: 64.6ms | Inf: 6.6ms | Total: 71.2ms
23:18:20 | Mask: [1.0, 0.0, 1.0, 0.0, 0.0] | Prob: 0.3163 | Attn: [0.454, 0.0, 0.546, 0.0, 0.0] | Ext: 64.6ms | Inf: 7.2ms | Total: 71.8ms
23:18:21 | Mask: [1.0, 0.0, 1.0, 0.0, 0.0] | Prob: 0.3167 | Attn: [0.454, 0.0, 0.546, 0.0, 0.0] | Ext: 64.6ms | Inf: 7.8ms | Total: 72.5ms
23:18:21 | Mask: [1.0, 0.0, 1.0, 0.0, 0.0] | Prob: 0.3170 | Attn: [0.454, 0.0, 0.546, 0.0, 0.0] | Ext: 64.6ms | Inf: 7.9ms | Total: 72.5ms
23:18:21 | Mask: [1.0, 0.0, 1.0, 0.0, 0.0] | Prob: 0.3172 | Attn: [0.454, 0.0, 0.546, 0.0, 0.0] | Ext: 64.6ms | Inf: 7.7ms | Total: 72.4ms
23:18:21 | Mask: [1.0, 0.0, 1.0, 0.0, 0.0] | Prob: 0.3173 | Attn: [0.454, 0.0, 0.546, 0.0, 0.0] | Ext: 64.6ms | Inf: 6.9ms | Total: 71.6ms
23:18:21 | Mask: [1.0, 0.0, 1.0, 0.0, 0.0] | Prob: 0.3174 | Attn: [0.454, 0.0, 0.546, 0.0, 0.0] | Ext: 64.6ms | Inf: 7.9ms | Total: 72.6ms
23:18:21 | Mask: [1.0, 0.0, 1.0, 0.0, 0.0] | Prob: 0.3175 | Attn: [0.454, 0.0, 0.546, 0.0, 0.0] | Ext: 64.6ms | Inf: 8.7ms | Total: 73.3ms
23:18:21 | Mask: [1.0, 0.0, 1.0, 0.0, 0.0] | Prob: 0.3175 | Attn: [0.454, 0.0, 0.546, 0.0, 0.0] | Ext: 64.6ms | Inf: 8.7ms | Total: 73.3ms
23:18:21 | Mask: [1.0, 0.0, 1.0, 0.0, 0.0] | Prob: 0.3574 | Attn: [0.464, 0.0, 0.536, 0.0, 0.0] | Ext: 51.9ms | Inf: 7.9ms | Total: 59.8ms
23:18:21 | Mask: [1.0, 0.0, 1.0, 0.0, 0.0] | Prob: 0.3853 | Attn: [0.464, 0.0, 0.536, 0.0, 0.0] | Ext: 51.9ms | Inf: 8.2ms | Total: 60.1ms
23:18:22 | Mask: [1.0, 0.0, 1.0, 0.0, 0.0] | Prob: 0.4049 | Attn: [0.464, 0.0, 0.536, 0.0, 0.0] | Ext: 51.9ms | Inf: 6.8ms | Total: 58.7ms
23:18:22 | Mask: [1.0, 0.0, 1.0, 0.0, 0.0] | Prob: 0.4185 | Attn: [0.464, 0.0, 0.536, 0.0, 0.0] | Ext: 51.9ms | Inf: 6.7ms | Total: 58.6ms
23:18:22 | Mask: [1.0, 0.0, 1.0, 0.0, 0.0] | Prob: 0.4281 | Attn: [0.464, 0.0, 0.536, 0.0, 0.0] | Ext: 51.9ms | Inf: 7.6ms | Total: 59.6ms
23:18:22 | Mask: [1.0, 0.0, 1.0, 0.0, 0.0] | Prob: 0.4348 | Attn: [0.464, 0.0, 0.536, 0.0, 0.0] | Ext: 51.9ms | Inf: 7.2ms | Total: 59.1ms
23:18:22 | Mask: [1.0, 0.0, 1.0, 0.0, 0.0] | Prob: 0.4395 | Attn: [0.464, 0.0, 0.536, 0.0, 0.0] | Ext: 51.9ms | Inf: 7.8ms | Total: 59.7ms
23:18:22 | Mask: [1.0, 0.0, 1.0, 0.0, 0.0] | Prob: 0.4428 | Attn: [0.464, 0.0, 0.536, 0.0, 0.0] | Ext: 51.9ms | Inf: 9.3ms | Total: 61.2ms
23:18:22 | Mask: [1.0, 0.0, 1.0, 0.0, 0.0] | Prob: 0.4451 | Attn: [0.464, 0.0, 0.536, 0.0, 0.0] | Ext: 51.9ms | Inf: 8.1ms | Total: 60.0ms
23:18:22 | Mask: [1.0, 0.0, 1.0, 0.0, 0.0] | Prob: 0.4870 | Attn: [0.45, 0.0, 0.55, 0.0, 0.0] | Ext: 51.9ms | Inf: 8.0ms | Total: 60.0ms
23:18:23 | Mask: [1.0, 0.0, 1.0, 0.0, 0.0] | Prob: 0.5164 | Attn: [0.45, 0.0, 0.55, 0.0, 0.0] | Ext: 51.9ms | Inf: 7.4ms | Total: 59.3ms
23:18:23 | Mask: [1.0, 0.0, 1.0, 0.0, 0.0] | Prob: 0.5370 | Attn: [0.45, 0.0, 0.55, 0.0, 0.0] | Ext: 51.9ms | Inf: 7.4ms | Total: 59.3ms
23:18:23 | Mask: [1.0, 0.0, 1.0, 0.0, 0.0] | Prob: 0.5514 | Attn: [0.45, 0.0, 0.55, 0.0, 0.0] | Ext: 51.9ms | Inf: 7.6ms | Total: 59.6ms
23:18:23 | Mask: [1.0, 0.0, 1.0, 0.0, 0.0] | Prob: 0.5614 | Attn: [0.45, 0.0, 0.55, 0.0, 0.0] | Ext: 51.9ms | Inf: 8.8ms | Total: 60.8ms
23:18:23 | Mask: [1.0, 0.0, 1.0, 0.0, 0.0] | Prob: 0.5685 | Attn: [0.45, 0.0, 0.55, 0.0, 0.0] | Ext: 51.9ms | Inf: 7.9ms | Total: 59.8ms
23:18:23 | Mask: [1.0, 0.0, 1.0, 0.0, 0.0] | Prob: 0.5734 | Attn: [0.45, 0.0, 0.55, 0.0, 0.0] | Ext: 51.9ms | Inf: 8.6ms | Total: 60.5ms
23:18:23 | Mask: [1.0, 0.0, 1.0, 0.0, 0.0] | Prob: 0.5769 | Attn: [0.45, 0.0, 0.55, 0.0, 0.0] | Ext: 51.9ms | Inf: 7.7ms | Total: 59.6ms
23:18:23 | Mask: [1.0, 0.0, 1.0, 0.0, 0.0] | Prob: 0.5793 | Attn: [0.45, 0.0, 0.55, 0.0, 0.0] | Ext: 51.9ms | Inf: 7.7ms | Total: 59.6ms
23:18:24 | Mask: [1.0, 0.0, 1.0, 0.0, 0.0] | Prob: 0.5810 | Attn: [0.45, 0.0, 0.55, 0.0, 0.0] | Ext: 51.9ms | Inf: 7.4ms | Total: 59.3ms
23:18:24 | Mask: [1.0, 0.0, 1.0, 0.0, 0.0] | Prob: 0.5822 | Attn: [0.45, 0.0, 0.55, 0.0, 0.0] | Ext: 51.9ms | Inf: 7.0ms | Total: 58.9ms
23:18:24 | Mask: [1.0, 0.0, 1.0, 0.0, 0.0] | Prob: 0.5830 | Attn: [0.45, 0.0, 0.55, 0.0, 0.0] | Ext: 51.9ms | Inf: 6.7ms | Total: 58.6ms
23:18:24 | Mask: [1.0, 0.0, 1.0, 0.0, 0.0] | Prob: 0.5836 | Attn: [0.45, 0.0, 0.55, 0.0, 0.0] | Ext: 51.9ms | Inf: 8.3ms | Total: 60.2ms
23:18:24 | Mask: [1.0, 0.0, 1.0, 0.0, 0.0] | Prob: 0.5840 | Attn: [0.45, 0.0, 0.55, 0.0, 0.0] | Ext: 51.9ms | Inf: 8.3ms | Total: 60.3ms
23:18:24 | Mask: [1.0, 0.0, 1.0, 0.0, 0.0] | Prob: 0.5843 | Attn: [0.45, 0.0, 0.55, 0.0, 0.0] | Ext: 51.9ms | Inf: 7.3ms | Total: 59.3ms
23:18:24 | Mask: [1.0, 0.0, 1.0, 0.0, 0.0] | Prob: 0.5845 | Attn: [0.45, 0.0, 0.55, 0.0, 0.0] | Ext: 51.9ms | Inf: 8.9ms | Total: 60.8ms
23:18:24 | Mask: [1.0, 0.0, 1.0, 0.0, 0.0] | Prob: 0.5320 | Attn: [0.65, 0.0, 0.35, 0.0, 0.0] | Ext: 46.1ms | Inf: 7.6ms | Total: 53.7ms
23:18:24 | Mask: [1.0, 0.0, 1.0, 0.0, 0.0] | Prob: 0.4953 | Attn: [0.65, 0.0, 0.35, 0.0, 0.0] | Ext: 46.1ms | Inf: 7.9ms | Total: 54.1ms
23:18:25 | Mask: [1.0, 0.0, 1.0, 0.0, 0.0] | Prob: 0.4696 | Attn: [0.65, 0.0, 0.35, 0.0, 0.0] | Ext: 46.1ms | Inf: 6.3ms | Total: 52.5ms
23:18:25 | Mask: [1.0, 0.0, 1.0, 0.0, 0.0] | Prob: 0.4516 | Attn: [0.65, 0.0, 0.35, 0.0, 0.0] | Ext: 46.1ms | Inf: 7.6ms | Total: 53.7ms
23:18:25 | Mask: [1.0, 0.0, 1.0, 0.0, 0.0] | Prob: 0.4390 | Attn: [0.65, 0.0, 0.35, 0.0, 0.0] | Ext: 46.1ms | Inf: 7.9ms | Total: 54.1ms
23:18:25 | Mask: [1.0, 0.0, 1.0, 0.0, 0.0] | Prob: 0.4302 | Attn: [0.65, 0.0, 0.35, 0.0, 0.0] | Ext: 46.1ms | Inf: 6.5ms | Total: 52.6ms
23:18:25 | Mask: [1.0, 0.0, 1.0, 0.0, 0.0] | Prob: 0.4240 | Attn: [0.65, 0.0, 0.35, 0.0, 0.0] | Ext: 46.1ms | Inf: 6.8ms | Total: 52.9ms
23:18:25 | Mask: [1.0, 0.0, 1.0, 0.0, 0.0] | Prob: 0.4197 | Attn: [0.65, 0.0, 0.35, 0.0, 0.0] | Ext: 46.1ms | Inf: 8.0ms | Total: 54.1ms
23:18:25 | Mask: [1.0, 0.0, 1.0, 0.0, 0.0] | Prob: 0.4167 | Attn: [0.65, 0.0, 0.35, 0.0, 0.0] | Ext: 46.1ms | Inf: 7.3ms | Total: 53.5ms
23:18:25 | Mask: [1.0, 0.0, 1.0, 0.0, 0.0] | Prob: 0.4061 | Attn: [0.728, 0.0, 0.272, 0.0, 0.0] | Ext: 46.1ms | Inf: 7.3ms | Total: 53.5ms
23:18:26 | Mask: [1.0, 0.0, 1.0, 0.0, 0.0] | Prob: 0.3988 | Attn: [0.728, 0.0, 0.272, 0.0, 0.0] | Ext: 46.1ms | Inf: 7.3ms | Total: 53.4ms
23:18:26 | Mask: [1.0, 0.0, 1.0, 0.0, 0.0] | Prob: 0.3936 | Attn: [0.728, 0.0, 0.272, 0.0, 0.0] | Ext: 46.1ms | Inf: 7.7ms | Total: 53.8ms
23:18:26 | Mask: [1.0, 0.0, 1.0, 0.0, 0.0] | Prob: 0.3900 | Attn: [0.728, 0.0, 0.272, 0.0, 0.0] | Ext: 46.1ms | Inf: 7.6ms | Total: 53.7ms
23:18:26 | Mask: [1.0, 0.0, 1.0, 0.0, 0.0] | Prob: 0.3875 | Attn: [0.728, 0.0, 0.272, 0.0, 0.0] | Ext: 46.1ms | Inf: 9.0ms | Total: 55.1ms
23:18:26 | Mask: [1.0, 0.0, 1.0, 0.0, 0.0] | Prob: 0.3857 | Attn: [0.728, 0.0, 0.272, 0.0, 0.0] | Ext: 46.1ms | Inf: 8.3ms | Total: 54.5ms
23:18:26 | Mask: [1.0, 0.0, 1.0, 0.0, 0.0] | Prob: 0.3845 | Attn: [0.728, 0.0, 0.272, 0.0, 0.0] | Ext: 46.1ms | Inf: 7.6ms | Total: 53.8ms
23:18:26 | Mask: [1.0, 0.0, 1.0, 0.0, 0.0] | Prob: 0.3836 | Attn: [0.728, 0.0, 0.272, 0.0, 0.0] | Ext: 46.1ms | Inf: 7.6ms | Total: 53.7ms
23:18:26 | Mask: [1.0, 0.0, 1.0, 0.0, 0.0] | Prob: 0.3830 | Attn: [0.728, 0.0, 0.272, 0.0, 0.0] | Ext: 46.1ms | Inf: 8.6ms | Total: 54.7ms
23:18:27 | Mask: [1.0, 0.0, 1.0, 0.0, 0.0] | Prob: 0.3826 | Attn: [0.728, 0.0, 0.272, 0.0, 0.0] | Ext: 46.1ms | Inf: 7.1ms | Total: 53.2ms
23:18:27 | Mask: [1.0, 0.0, 1.0, 0.0, 0.0] | Prob: 0.3823 | Attn: [0.728, 0.0, 0.272, 0.0, 0.0] | Ext: 46.1ms | Inf: 7.9ms | Total: 54.0ms
23:18:27 | Mask: [1.0, 0.0, 1.0, 0.0, 0.0] | Prob: 0.3821 | Attn: [0.728, 0.0, 0.272, 0.0, 0.0] | Ext: 46.1ms | Inf: 7.5ms | Total: 53.7ms
23:18:27 | Mask: [1.0, 0.0, 1.0, 0.0, 0.0] | Prob: 0.3820 | Attn: [0.728, 0.0, 0.272, 0.0, 0.0] | Ext: 46.1ms | Inf: 7.4ms | Total: 53.5ms
23:18:27 | Mask: [1.0, 0.0, 1.0, 0.0, 0.0] | Prob: 0.3819 | Attn: [0.728, 0.0, 0.272, 0.0, 0.0] | Ext: 46.1ms | Inf: 7.8ms | Total: 53.9ms
23:18:27 | Mask: [1.0, 0.0, 1.0, 0.0, 0.0] | Prob: 0.3818 | Attn: [0.728, 0.0, 0.272, 0.0, 0.0] | Ext: 46.1ms | Inf: 8.0ms | Total: 54.2ms
23:18:27 | Mask: [1.0, 0.0, 1.0, 0.0, 0.0] | Prob: 0.3817 | Attn: [0.728, 0.0, 0.272, 0.0, 0.0] | Ext: 46.1ms | Inf: 8.0ms | Total: 54.1ms
23:18:27 | Mask: [1.0, 0.0, 1.0, 0.0, 0.0] | Prob: 0.3281 | Attn: [0.407, 0.0, 0.593, 0.0, 0.0] | Ext: 50.5ms | Inf: 7.8ms | Total: 58.3ms
23:18:27 | Mask: [1.0, 0.0, 1.0, 0.0, 0.0] | Prob: 0.2910 | Attn: [0.405, 0.0, 0.595, 0.0, 0.0] | Ext: 50.5ms | Inf: 9.6ms | Total: 60.1ms
23:18:28 | Mask: [1.0, 0.0, 1.0, 0.0, 0.0] | Prob: 0.2653 | Attn: [0.403, 0.0, 0.597, 0.0, 0.0] | Ext: 50.5ms | Inf: 8.7ms | Total: 59.2ms
23:18:28 | Mask: [1.0, 0.0, 1.0, 0.0, 0.0] | Prob: 0.2477 | Attn: [0.402, 0.0, 0.598, 0.0, 0.0] | Ext: 50.5ms | Inf: 8.0ms | Total: 58.5ms
23:18:28 | Mask: [1.0, 0.0, 1.0, 0.0, 0.0] | Prob: 0.2356 | Attn: [0.401, 0.0, 0.599, 0.0, 0.0] | Ext: 50.5ms | Inf: 7.2ms | Total: 57.7ms
23:18:28 | Mask: [1.0, 0.0, 1.0, 0.0, 0.0] | Prob: 0.2275 | Attn: [0.399, 0.0, 0.601, 0.0, 0.0] | Ext: 50.5ms | Inf: 7.6ms | Total: 58.1ms
23:18:28 | Mask: [1.0, 0.0, 1.0, 0.0, 0.0] | Prob: 0.2220 | Attn: [0.398, 0.0, 0.602, 0.0, 0.0] | Ext: 50.5ms | Inf: 7.6ms | Total: 58.1ms
23:18:28 | Mask: [1.0, 0.0, 1.0, 0.0, 0.0] | Prob: 0.2185 | Attn: [0.397, 0.0, 0.603, 0.0, 0.0] | Ext: 50.5ms | Inf: 8.0ms | Total: 58.5ms
23:18:28 | Mask: [1.0, 0.0, 1.0, 0.0, 0.0] | Prob: 0.2163 | Attn: [0.396, 0.0, 0.604, 0.0, 0.0] | Ext: 50.5ms | Inf: 6.7ms | Total: 57.2ms
23:18:28 | Mask: [1.0, 0.0, 1.0, 0.0, 0.0] | Prob: 0.2306 | Attn: [0.384, 0.0, 0.616, 0.0, 0.0] | Ext: 50.5ms | Inf: 8.0ms | Total: 58.5ms
23:18:29 | Mask: [1.0, 0.0, 1.0, 0.0, 0.0] | Prob: 0.2406 | Attn: [0.384, 0.0, 0.616, 0.0, 0.0] | Ext: 50.5ms | Inf: 8.2ms | Total: 58.7ms
23:18:29 | Mask: [1.0, 0.0, 1.0, 0.0, 0.0] | Prob: 0.2476 | Attn: [0.384, 0.0, 0.616, 0.0, 0.0] | Ext: 50.5ms | Inf: 7.4ms | Total: 57.9ms
23:18:29 | Mask: [1.0, 0.0, 1.0, 0.0, 0.0] | Prob: 0.2525 | Attn: [0.384, 0.0, 0.616, 0.0, 0.0] | Ext: 50.5ms | Inf: 7.7ms | Total: 58.2ms
23:18:29 | Mask: [1.0, 0.0, 1.0, 0.0, 0.0] | Prob: 0.2560 | Attn: [0.384, 0.0, 0.616, 0.0, 0.0] | Ext: 50.5ms | Inf: 7.8ms | Total: 58.3ms
23:18:29 | Mask: [1.0, 0.0, 1.0, 0.0, 0.0] | Prob: 0.2584 | Attn: [0.384, 0.0, 0.616, 0.0, 0.0] | Ext: 50.5ms | Inf: 8.4ms | Total: 58.9ms
23:18:29 | Mask: [1.0, 0.0, 1.0, 0.0, 0.0] | Prob: 0.2601 | Attn: [0.384, 0.0, 0.616, 0.0, 0.0] | Ext: 50.5ms | Inf: 8.0ms | Total: 58.5ms
23:18:29 | Mask: [1.0, 0.0, 1.0, 0.0, 0.0] | Prob: 0.2612 | Attn: [0.384, 0.0, 0.616, 0.0, 0.0] | Ext: 50.5ms | Inf: 8.2ms | Total: 58.7ms
23:18:29 | Mask: [1.0, 0.0, 1.0, 0.0, 0.0] | Prob: 0.2621 | Attn: [0.384, 0.0, 0.616, 0.0, 0.0] | Ext: 50.5ms | Inf: 7.5ms | Total: 58.0ms
23:18:29 | Mask: [1.0, 0.0, 1.0, 0.0, 0.0] | Prob: 0.2626 | Attn: [0.384, 0.0, 0.616, 0.0, 0.0] | Ext: 50.5ms | Inf: 7.3ms | Total: 57.8ms
23:18:30 | Mask: [1.0, 0.0, 1.0, 0.0, 0.0] | Prob: 0.2630 | Attn: [0.384, 0.0, 0.616, 0.0, 0.0] | Ext: 50.5ms | Inf: 8.1ms | Total: 58.6ms
23:18:30 | Mask: [1.0, 0.0, 1.0, 0.0, 0.0] | Prob: 0.2633 | Attn: [0.384, 0.0, 0.616, 0.0, 0.0] | Ext: 50.5ms | Inf: 7.3ms | Total: 57.9ms
23:18:30 | Mask: [1.0, 0.0, 1.0, 0.0, 0.0] | Prob: 0.2635 | Attn: [0.384, 0.0, 0.616, 0.0, 0.0] | Ext: 50.5ms | Inf: 7.5ms | Total: 58.0ms
23:18:30 | Mask: [1.0, 0.0, 1.0, 0.0, 0.0] | Prob: 0.2637 | Attn: [0.384, 0.0, 0.616, 0.0, 0.0] | Ext: 50.5ms | Inf: 7.2ms | Total: 57.7ms
23:18:30 | Mask: [1.0, 0.0, 1.0, 0.0, 0.0] | Prob: 0.2638 | Attn: [0.384, 0.0, 0.616, 0.0, 0.0] | Ext: 50.5ms | Inf: 7.8ms | Total: 58.3ms
23:18:30 | Mask: [1.0, 0.0, 1.0, 0.0, 0.0] | Prob: 0.2920 | Attn: [0.415, 0.0, 0.585, 0.0, 0.0] | Ext: 50.4ms | Inf: 7.4ms | Total: 57.9ms
23:18:30 | Mask: [1.0, 0.0, 1.0, 0.0, 0.0] | Prob: 0.3118 | Attn: [0.415, 0.0, 0.585, 0.0, 0.0] | Ext: 50.4ms | Inf: 8.4ms | Total: 58.9ms
23:18:30 | Mask: [1.0, 0.0, 1.0, 0.0, 0.0] | Prob: 0.3256 | Attn: [0.415, 0.0, 0.585, 0.0, 0.0] | Ext: 50.4ms | Inf: 8.3ms | Total: 58.7ms
23:18:31 | Mask: [1.0, 0.0, 1.0, 0.0, 0.0] | Prob: 0.3353 | Attn: [0.415, 0.0, 0.585, 0.0, 0.0] | Ext: 50.4ms | Inf: 7.5ms | Total: 57.9ms
23:18:31 | Mask: [1.0, 0.0, 1.0, 0.0, 0.0] | Prob: 0.3421 | Attn: [0.415, 0.0, 0.585, 0.0, 0.0] | Ext: 50.4ms | Inf: 6.8ms | Total: 57.2ms
23:18:31 | Mask: [1.0, 0.0, 1.0, 0.0, 0.0] | Prob: 0.3468 | Attn: [0.415, 0.0, 0.585, 0.0, 0.0] | Ext: 50.4ms | Inf: 7.3ms | Total: 57.7ms
23:18:31 | Mask: [1.0, 0.0, 1.0, 0.0, 0.0] | Prob: 0.3501 | Attn: [0.415, 0.0, 0.585, 0.0, 0.0] | Ext: 50.4ms | Inf: 7.5ms | Total: 57.9ms
23:18:31 | Mask: [1.0, 0.0, 1.0, 0.0, 0.0] | Prob: 0.3525 | Attn: [0.415, 0.0, 0.585, 0.0, 0.0] | Ext: 50.4ms | Inf: 7.4ms | Total: 57.8ms
23:18:31 | Mask: [1.0, 0.0, 1.0, 0.0, 0.0] | Prob: 0.3541 | Attn: [0.415, 0.0, 0.585, 0.0, 0.0] | Ext: 50.4ms | Inf: 7.3ms | Total: 57.7ms
23:18:31 | Mask: [1.0, 0.0, 1.0, 0.0, 0.0] | Prob: 0.3497 | Attn: [0.416, 0.0, 0.584, 0.0, 0.0] | Ext: 50.4ms | Inf: 7.5ms | Total: 57.9ms
23:18:31 | Mask: [1.0, 0.0, 1.0, 0.0, 0.0] | Prob: 0.3466 | Attn: [0.416, 0.0, 0.584, 0.0, 0.0] | Ext: 50.4ms | Inf: 8.2ms | Total: 58.6ms
23:18:32 | Mask: [1.0, 0.0, 1.0, 0.0, 0.0] | Prob: 0.3444 | Attn: [0.416, 0.0, 0.584, 0.0, 0.0] | Ext: 50.4ms | Inf: 8.1ms | Total: 58.5ms
23:18:32 | Mask: [1.0, 0.0, 1.0, 0.0, 0.0] | Prob: 0.3429 | Attn: [0.416, 0.0, 0.584, 0.0, 0.0] | Ext: 50.4ms | Inf: 8.8ms | Total: 59.2ms
23:18:32 | Mask: [1.0, 0.0, 1.0, 0.0, 0.0] | Prob: 0.3419 | Attn: [0.416, 0.0, 0.584, 0.0, 0.0] | Ext: 50.4ms | Inf: 8.4ms | Total: 58.8ms
23:18:32 | Mask: [1.0, 0.0, 1.0, 0.0, 0.0] | Prob: 0.3411 | Attn: [0.416, 0.0, 0.584, 0.0, 0.0] | Ext: 50.4ms | Inf: 8.9ms | Total: 59.3ms
23:18:32 | Mask: [1.0, 0.0, 1.0, 0.0, 0.0] | Prob: 0.3406 | Attn: [0.416, 0.0, 0.584, 0.0, 0.0] | Ext: 50.4ms | Inf: 9.2ms | Total: 59.6ms
23:18:32 | Mask: [1.0, 0.0, 1.0, 0.0, 0.0] | Prob: 0.3402 | Attn: [0.416, 0.0, 0.584, 0.0, 0.0] | Ext: 50.4ms | Inf: 9.0ms | Total: 59.4ms
23:18:32 | Mask: [1.0, 0.0, 1.0, 0.0, 0.0] | Prob: 0.3400 | Attn: [0.416, 0.0, 0.584, 0.0, 0.0] | Ext: 50.4ms | Inf: 9.4ms | Total: 59.8ms
23:18:32 | Mask: [1.0, 0.0, 1.0, 0.0, 0.0] | Prob: 0.3398 | Attn: [0.416, 0.0, 0.584, 0.0, 0.0] | Ext: 50.4ms | Inf: 8.2ms | Total: 58.6ms
23:18:32 | Mask: [1.0, 0.0, 1.0, 0.0, 0.0] | Prob: 0.3397 | Attn: [0.416, 0.0, 0.584, 0.0, 0.0] | Ext: 50.4ms | Inf: 10.4ms | Total: 60.8ms
23:18:33 | Mask: [1.0, 0.0, 1.0, 0.0, 0.0] | Prob: 0.3396 | Attn: [0.416, 0.0, 0.584, 0.0, 0.0] | Ext: 50.4ms | Inf: 7.8ms | Total: 58.3ms
23:18:33 | Mask: [1.0, 0.0, 1.0, 0.0, 0.0] | Prob: 0.3395 | Attn: [0.416, 0.0, 0.584, 0.0, 0.0] | Ext: 50.4ms | Inf: 7.6ms | Total: 58.0ms
23:18:33 | Mask: [1.0, 0.0, 1.0, 0.0, 0.0] | Prob: 0.3395 | Attn: [0.416, 0.0, 0.584, 0.0, 0.0] | Ext: 50.4ms | Inf: 8.8ms | Total: 59.2ms
23:18:33 | Mask: [1.0, 0.0, 1.0, 0.0, 0.0] | Prob: 0.3395 | Attn: [0.416, 0.0, 0.584, 0.0, 0.0] | Ext: 50.4ms | Inf: 8.0ms | Total: 58.4ms
23:18:33 | Mask: [1.0, 0.0, 1.0, 0.0, 0.0] | Prob: 0.3394 | Attn: [0.416, 0.0, 0.584, 0.0, 0.0] | Ext: 50.4ms | Inf: 8.7ms | Total: 59.1ms
23:18:33 | Mask: [1.0, 0.0, 1.0, 0.0, 0.0] | Prob: 0.3623 | Attn: [0.602, 0.0, 0.398, 0.0, 0.0] | Ext: 50.9ms | Inf: 6.9ms | Total: 57.8ms
23:18:33 | Mask: [1.0, 0.0, 1.0, 0.0, 0.0] | Prob: 0.3782 | Attn: [0.602, 0.0, 0.398, 0.0, 0.0] | Ext: 50.9ms | Inf: 8.6ms | Total: 59.5ms
23:18:33 | Mask: [1.0, 0.0, 1.0, 0.0, 0.0] | Prob: 0.3894 | Attn: [0.602, 0.0, 0.398, 0.0, 0.0] | Ext: 50.9ms | Inf: 7.6ms | Total: 58.5ms
23:18:34 | Mask: [1.0, 0.0, 1.0, 0.0, 0.0] | Prob: 0.3973 | Attn: [0.602, 0.0, 0.398, 0.0, 0.0] | Ext: 50.9ms | Inf: 8.0ms | Total: 58.9ms
23:18:34 | Mask: [1.0, 0.0, 1.0, 0.0, 0.0] | Prob: 0.4027 | Attn: [0.602, 0.0, 0.398, 0.0, 0.0] | Ext: 50.9ms | Inf: 7.3ms | Total: 58.2ms
23:18:34 | Mask: [1.0, 0.0, 1.0, 0.0, 0.0] | Prob: 0.4066 | Attn: [0.602, 0.0, 0.398, 0.0, 0.0] | Ext: 50.9ms | Inf: 7.4ms | Total: 58.3ms
23:18:34 | Mask: [1.0, 0.0, 1.0, 0.0, 0.0] | Prob: 0.4093 | Attn: [0.602, 0.0, 0.398, 0.0, 0.0] | Ext: 50.9ms | Inf: 8.4ms | Total: 59.3ms
23:18:34 | Mask: [1.0, 0.0, 1.0, 0.0, 0.0] | Prob: 0.4111 | Attn: [0.602, 0.0, 0.398, 0.0, 0.0] | Ext: 50.9ms | Inf: 7.5ms | Total: 58.4ms
23:18:34 | Mask: [1.0, 0.0, 1.0, 0.0, 0.0] | Prob: 0.4124 | Attn: [0.602, 0.0, 0.398, 0.0, 0.0] | Ext: 50.9ms | Inf: 8.5ms | Total: 59.4ms
23:18:34 | Mask: [1.0, 0.0, 1.0, 0.0, 0.0] | Prob: 0.3953 | Attn: [0.606, 0.0, 0.394, 0.0, 0.0] | Ext: 50.9ms | Inf: 7.8ms | Total: 58.6ms
23:18:34 | Mask: [1.0, 0.0, 1.0, 0.0, 0.0] | Prob: 0.3833 | Attn: [0.606, 0.0, 0.394, 0.0, 0.0] | Ext: 50.9ms | Inf: 8.0ms | Total: 58.9ms
23:18:35 | Mask: [1.0, 0.0, 1.0, 0.0, 0.0] | Prob: 0.3750 | Attn: [0.606, 0.0, 0.394, 0.0, 0.0] | Ext: 50.9ms | Inf: 7.2ms | Total: 58.1ms
23:18:35 | Mask: [1.0, 0.0, 1.0, 0.0, 0.0] | Prob: 0.3691 | Attn: [0.606, 0.0, 0.394, 0.0, 0.0] | Ext: 50.9ms | Inf: 7.1ms | Total: 58.0ms
23:18:35 | Mask: [1.0, 0.0, 1.0, 0.0, 0.0] | Prob: 0.3650 | Attn: [0.606, 0.0, 0.394, 0.0, 0.0] | Ext: 50.9ms | Inf: 6.9ms | Total: 57.8ms
23:18:35 | Mask: [1.0, 0.0, 1.0, 0.0, 0.0] | Prob: 0.3621 | Attn: [0.606, 0.0, 0.394, 0.0, 0.0] | Ext: 50.9ms | Inf: 10.6ms | Total: 61.5ms
23:18:35 | Mask: [1.0, 0.0, 1.0, 0.0, 0.0] | Prob: 0.3601 | Attn: [0.606, 0.0, 0.394, 0.0, 0.0] | Ext: 50.9ms | Inf: 7.0ms | Total: 57.9ms
23:18:35 | Mask: [1.0, 0.0, 1.0, 0.0, 0.0] | Prob: 0.3587 | Attn: [0.606, 0.0, 0.394, 0.0, 0.0] | Ext: 50.9ms | Inf: 7.5ms | Total: 58.4ms
23:18:35 | Mask: [1.0, 0.0, 1.0, 0.0, 0.0] | Prob: 0.3577 | Attn: [0.606, 0.0, 0.394, 0.0, 0.0] | Ext: 50.9ms | Inf: 6.7ms | Total: 57.6ms
23:18:35 | Mask: [1.0, 0.0, 1.0, 0.0, 0.0] | Prob: 0.3570 | Attn: [0.606, 0.0, 0.394, 0.0, 0.0] | Ext: 50.9ms | Inf: 7.4ms | Total: 58.3ms
23:18:35 | Mask: [1.0, 0.0, 1.0, 0.0, 0.0] | Prob: 0.3565 | Attn: [0.606, 0.0, 0.394, 0.0, 0.0] | Ext: 50.9ms | Inf: 8.7ms | Total: 59.6ms
23:18:36 | Mask: [1.0, 0.0, 1.0, 0.0, 0.0] | Prob: 0.3562 | Attn: [0.606, 0.0, 0.394, 0.0, 0.0] | Ext: 50.9ms | Inf: 7.8ms | Total: 58.7ms
23:18:36 | Mask: [1.0, 0.0, 1.0, 0.0, 0.0] | Prob: 0.3559 | Attn: [0.606, 0.0, 0.394, 0.0, 0.0] | Ext: 50.9ms | Inf: 8.3ms | Total: 59.2ms
23:18:36 | Mask: [1.0, 0.0, 1.0, 0.0, 0.0] | Prob: 0.3558 | Attn: [0.606, 0.0, 0.394, 0.0, 0.0] | Ext: 50.9ms | Inf: 8.3ms | Total: 59.1ms
23:18:36 | Mask: [1.0, 0.0, 1.0, 0.0, 0.0] | Prob: 0.3556 | Attn: [0.606, 0.0, 0.394, 0.0, 0.0] | Ext: 50.9ms | Inf: 7.8ms | Total: 58.7ms
23:18:36 | Mask: [1.0, 0.0, 1.0, 0.0, 0.0] | Prob: 0.3280 | Attn: [0.459, 0.0, 0.541, 0.0, 0.0] | Ext: 48.9ms | Inf: 8.0ms | Total: 56.9ms
23:18:36 | Mask: [1.0, 0.0, 1.0, 0.0, 0.0] | Prob: 0.3086 | Attn: [0.459, 0.0, 0.541, 0.0, 0.0] | Ext: 48.9ms | Inf: 8.2ms | Total: 57.2ms
23:18:36 | Mask: [1.0, 0.0, 1.0, 0.0, 0.0] | Prob: 0.2951 | Attn: [0.459, 0.0, 0.541, 0.0, 0.0] | Ext: 48.9ms | Inf: 7.8ms | Total: 56.7ms
23:18:36 | Mask: [1.0, 0.0, 1.0, 0.0, 0.0] | Prob: 0.2856 | Attn: [0.459, 0.0, 0.541, 0.0, 0.0] | Ext: 48.9ms | Inf: 7.9ms | Total: 56.8ms
23:18:37 | Mask: [1.0, 0.0, 1.0, 0.0, 0.0] | Prob: 0.2790 | Attn: [0.459, 0.0, 0.541, 0.0, 0.0] | Ext: 48.9ms | Inf: 8.0ms | Total: 57.0ms
23:18:37 | Mask: [1.0, 0.0, 1.0, 0.0, 0.0] | Prob: 0.2743 | Attn: [0.459, 0.0, 0.541, 0.0, 0.0] | Ext: 48.9ms | Inf: 7.8ms | Total: 56.8ms
23:18:37 | Mask: [1.0, 0.0, 1.0, 0.0, 0.0] | Prob: 0.2711 | Attn: [0.459, 0.0, 0.541, 0.0, 0.0] | Ext: 48.9ms | Inf: 7.4ms | Total: 56.3ms
23:18:37 | Mask: [1.0, 0.0, 1.0, 0.0, 0.0] | Prob: 0.2688 | Attn: [0.459, 0.0, 0.541, 0.0, 0.0] | Ext: 48.9ms | Inf: 6.9ms | Total: 55.8ms
23:18:37 | Mask: [1.0, 0.0, 1.0, 0.0, 0.0] | Prob: 0.2672 | Attn: [0.459, 0.0, 0.541, 0.0, 0.0] | Ext: 48.9ms | Inf: 8.4ms | Total: 57.3ms
23:18:37 | Mask: [1.0, 0.0, 1.0, 0.0, 0.0] | Prob: 0.2802 | Attn: [0.483, 0.0, 0.517, 0.0, 0.0] | Ext: 48.9ms | Inf: 7.9ms | Total: 56.8ms
23:18:37 | Mask: [1.0, 0.0, 1.0, 0.0, 0.0] | Prob: 0.2893 | Attn: [0.483, 0.0, 0.517, 0.0, 0.0] | Ext: 48.9ms | Inf: 8.4ms | Total: 57.3ms
23:18:37 | Mask: [1.0, 0.0, 1.0, 0.0, 0.0] | Prob: 0.2957 | Attn: [0.483, 0.0, 0.517, 0.0, 0.0] | Ext: 48.9ms | Inf: 7.2ms | Total: 56.1ms
23:18:37 | Mask: [1.0, 0.0, 1.0, 0.0, 0.0] | Prob: 0.3002 | Attn: [0.483, 0.0, 0.517, 0.0, 0.0] | Ext: 48.9ms | Inf: 7.9ms | Total: 56.8ms
23:18:38 | Mask: [1.0, 0.0, 1.0, 0.0, 0.0] | Prob: 0.3033 | Attn: [0.483, 0.0, 0.517, 0.0, 0.0] | Ext: 48.9ms | Inf: 7.5ms | Total: 56.5ms
23:18:38 | Mask: [1.0, 0.0, 1.0, 0.0, 0.0] | Prob: 0.3055 | Attn: [0.483, 0.0, 0.517, 0.0, 0.0] | Ext: 48.9ms | Inf: 7.8ms | Total: 56.7ms
23:18:38 | Mask: [1.0, 0.0, 1.0, 0.0, 0.0] | Prob: 0.3070 | Attn: [0.483, 0.0, 0.517, 0.0, 0.0] | Ext: 48.9ms | Inf: 7.8ms | Total: 56.7ms
23:18:38 | Mask: [1.0, 0.0, 1.0, 0.0, 0.0] | Prob: 0.3081 | Attn: [0.483, 0.0, 0.517, 0.0, 0.0] | Ext: 48.9ms | Inf: 8.3ms | Total: 57.2ms
23:18:38 | Mask: [1.0, 0.0, 1.0, 0.0, 0.0] | Prob: 0.3089 | Attn: [0.483, 0.0, 0.517, 0.0, 0.0] | Ext: 48.9ms | Inf: 8.5ms | Total: 57.5ms
23:18:38 | Mask: [1.0, 0.0, 1.0, 0.0, 0.0] | Prob: 0.3094 | Attn: [0.483, 0.0, 0.517, 0.0, 0.0] | Ext: 48.9ms | Inf: 7.9ms | Total: 56.9ms
23:18:38 | Mask: [1.0, 0.0, 1.0, 0.0, 0.0] | Prob: 0.3097 | Attn: [0.483, 0.0, 0.517, 0.0, 0.0] | Ext: 48.9ms | Inf: 8.2ms | Total: 57.1ms
23:18:38 | Mask: [1.0, 0.0, 1.0, 0.0, 0.0] | Prob: 0.3100 | Attn: [0.483, 0.0, 0.517, 0.0, 0.0] | Ext: 48.9ms | Inf: 8.3ms | Total: 57.2ms
23:18:39 | Mask: [1.0, 0.0, 1.0, 0.0, 0.0] | Prob: 0.3102 | Attn: [0.483, 0.0, 0.517, 0.0, 0.0] | Ext: 48.9ms | Inf: 8.6ms | Total: 57.5ms
23:18:39 | Mask: [1.0, 0.0, 1.0, 0.0, 0.0] | Prob: 0.3103 | Attn: [0.483, 0.0, 0.517, 0.0, 0.0] | Ext: 48.9ms | Inf: 6.8ms | Total: 55.7ms
23:18:39 | Mask: [1.0, 0.0, 1.0, 0.0, 0.0] | Prob: 0.3104 | Attn: [0.483, 0.0, 0.517, 0.0, 0.0] | Ext: 48.9ms | Inf: 8.6ms | Total: 57.5ms
23:18:39 | Mask: [1.0, 0.0, 1.0, 0.0, 0.0] | Prob: 0.3105 | Attn: [0.483, 0.0, 0.517, 0.0, 0.0] | Ext: 48.9ms | Inf: 8.7ms | Total: 57.6ms
23:18:39 | Mask: [1.0, 0.0, 1.0, 0.0, 0.0] | Prob: 0.2848 | Attn: [0.61, 0.0, 0.39, 0.0, 0.0] | Ext: 48.3ms | Inf: 8.1ms | Total: 56.4ms
23:18:39 | Mask: [1.0, 0.0, 1.0, 0.0, 0.0] | Prob: 0.2669 | Attn: [0.61, 0.0, 0.39, 0.0, 0.0] | Ext: 48.3ms | Inf: 8.0ms | Total: 56.3ms
23:18:39 | Mask: [1.0, 0.0, 1.0, 0.0, 0.0] | Prob: 0.2543 | Attn: [0.61, 0.0, 0.39, 0.0, 0.0] | Ext: 48.3ms | Inf: 7.2ms | Total: 55.5ms
23:18:39 | Mask: [1.0, 0.0, 1.0, 0.0, 0.0] | Prob: 0.2455 | Attn: [0.61, 0.0, 0.39, 0.0, 0.0] | Ext: 48.3ms | Inf: 7.2ms | Total: 55.5ms
23:18:40 | Mask: [1.0, 0.0, 1.0, 0.0, 0.0] | Prob: 0.2394 | Attn: [0.61, 0.0, 0.39, 0.0, 0.0] | Ext: 48.3ms | Inf: 7.5ms | Total: 55.8ms
23:18:40 | Mask: [1.0, 0.0, 1.0, 0.0, 0.0] | Prob: 0.2351 | Attn: [0.61, 0.0, 0.39, 0.0, 0.0] | Ext: 48.3ms | Inf: 7.8ms | Total: 56.1ms
23:18:40 | Mask: [1.0, 0.0, 1.0, 0.0, 0.0] | Prob: 0.2321 | Attn: [0.61, 0.0, 0.39, 0.0, 0.0] | Ext: 48.3ms | Inf: 8.4ms | Total: 56.7ms
23:18:40 | Mask: [1.0, 0.0, 1.0, 0.0, 0.0] | Prob: 0.2299 | Attn: [0.61, 0.0, 0.39, 0.0, 0.0] | Ext: 48.3ms | Inf: 8.7ms | Total: 56.9ms
23:18:40 | Mask: [1.0, 0.0, 1.0, 0.0, 0.0] | Prob: 0.2285 | Attn: [0.61, 0.0, 0.39, 0.0, 0.0] | Ext: 48.3ms | Inf: 7.4ms | Total: 55.7ms
23:18:40 | Mask: [1.0, 0.0, 1.0, 0.0, 0.0] | Prob: 0.2203 | Attn: [0.649, 0.0, 0.351, 0.0, 0.0] | Ext: 48.3ms | Inf: 6.7ms | Total: 55.0ms
23:18:40 | Mask: [1.0, 0.0, 1.0, 0.0, 0.0] | Prob: 0.2146 | Attn: [0.649, 0.0, 0.351, 0.0, 0.0] | Ext: 48.3ms | Inf: 7.5ms | Total: 55.7ms
23:18:40 | Mask: [1.0, 0.0, 1.0, 0.0, 0.0] | Prob: 0.2106 | Attn: [0.649, 0.0, 0.351, 0.0, 0.0] | Ext: 48.3ms | Inf: 7.9ms | Total: 56.2ms
23:18:40 | Mask: [1.0, 0.0, 1.0, 0.0, 0.0] | Prob: 0.2079 | Attn: [0.649, 0.0, 0.351, 0.0, 0.0] | Ext: 48.3ms | Inf: 7.2ms | Total: 55.5ms
23:18:41 | Mask: [1.0, 0.0, 1.0, 0.0, 0.0] | Prob: 0.2059 | Attn: [0.649, 0.0, 0.351, 0.0, 0.0] | Ext: 48.3ms | Inf: 6.4ms | Total: 54.7ms
23:18:41 | Mask: [1.0, 0.0, 1.0, 0.0, 0.0] | Prob: 0.2045 | Attn: [0.649, 0.0, 0.351, 0.0, 0.0] | Ext: 48.3ms | Inf: 7.0ms | Total: 55.3ms
23:18:41 | Mask: [1.0, 0.0, 1.0, 0.0, 0.0] | Prob: 0.2036 | Attn: [0.649, 0.0, 0.351, 0.0, 0.0] | Ext: 48.3ms | Inf: 7.3ms | Total: 55.6ms
23:18:41 | Mask: [1.0, 0.0, 1.0, 0.0, 0.0] | Prob: 0.2029 | Attn: [0.649, 0.0, 0.351, 0.0, 0.0] | Ext: 48.3ms | Inf: 8.3ms | Total: 56.6ms
23:18:41 | Mask: [1.0, 0.0, 1.0, 0.0, 0.0] | Prob: 0.2024 | Attn: [0.649, 0.0, 0.351, 0.0, 0.0] | Ext: 48.3ms | Inf: 8.0ms | Total: 56.3ms
23:18:41 | Mask: [1.0, 0.0, 1.0, 0.0, 0.0] | Prob: 0.2021 | Attn: [0.649, 0.0, 0.351, 0.0, 0.0] | Ext: 48.3ms | Inf: 8.5ms | Total: 56.7ms
23:18:41 | Mask: [1.0, 0.0, 1.0, 0.0, 0.0] | Prob: 0.2019 | Attn: [0.649, 0.0, 0.351, 0.0, 0.0] | Ext: 48.3ms | Inf: 8.6ms | Total: 56.9ms
23:18:41 | Mask: [1.0, 0.0, 1.0, 0.0, 0.0] | Prob: 0.2017 | Attn: [0.649, 0.0, 0.351, 0.0, 0.0] | Ext: 48.3ms | Inf: 8.4ms | Total: 56.6ms
23:18:42 | Mask: [1.0, 0.0, 1.0, 0.0, 0.0] | Prob: 0.2016 | Attn: [0.649, 0.0, 0.351, 0.0, 0.0] | Ext: 48.3ms | Inf: 7.9ms | Total: 56.2ms
23:18:42 | Mask: [1.0, 0.0, 1.0, 0.0, 0.0] | Prob: 0.2015 | Attn: [0.649, 0.0, 0.351, 0.0, 0.0] | Ext: 48.3ms | Inf: 8.0ms | Total: 56.2ms
23:18:42 | Mask: [1.0, 0.0, 1.0, 0.0, 0.0] | Prob: 0.2015 | Attn: [0.649, 0.0, 0.351, 0.0, 0.0] | Ext: 48.3ms | Inf: 9.1ms | Total: 57.3ms
23:18:42 | Mask: [1.0, 0.0, 1.0, 0.0, 0.0] | Prob: 0.2014 | Attn: [0.649, 0.0, 0.351, 0.0, 0.0] | Ext: 48.3ms | Inf: 7.6ms | Total: 55.8ms
23:18:42 | Mask: [1.0, 0.0, 1.0, 0.0, 0.0] | Prob: 0.2202 | Attn: [0.614, 0.0, 0.386, 0.0, 0.0] | Ext: 48.1ms | Inf: 7.9ms | Total: 56.1ms
23:18:42 | Mask: [1.0, 0.0, 1.0, 0.0, 0.0] | Prob: 0.2333 | Attn: [0.614, 0.0, 0.386, 0.0, 0.0] | Ext: 48.1ms | Inf: 8.5ms | Total: 56.6ms
23:18:42 | Mask: [1.0, 0.0, 1.0, 0.0, 0.0] | Prob: 0.2425 | Attn: [0.614, 0.0, 0.386, 0.0, 0.0] | Ext: 48.1ms | Inf: 8.5ms | Total: 56.6ms
23:18:42 | Mask: [1.0, 0.0, 1.0, 0.0, 0.0] | Prob: 0.2490 | Attn: [0.614, 0.0, 0.386, 0.0, 0.0] | Ext: 48.1ms | Inf: 7.7ms | Total: 55.8ms
23:18:42 | Mask: [1.0, 0.0, 1.0, 0.0, 0.0] | Prob: 0.2535 | Attn: [0.614, 0.0, 0.386, 0.0, 0.0] | Ext: 48.1ms | Inf: 8.0ms | Total: 56.2ms
23:18:43 | Mask: [1.0, 0.0, 1.0, 0.0, 0.0] | Prob: 0.2566 | Attn: [0.614, 0.0, 0.386, 0.0, 0.0] | Ext: 48.1ms | Inf: 8.1ms | Total: 56.2ms
23:18:43 | Mask: [1.0, 0.0, 1.0, 0.0, 0.0] | Prob: 0.2589 | Attn: [0.614, 0.0, 0.386, 0.0, 0.0] | Ext: 48.1ms | Inf: 8.5ms | Total: 56.7ms
23:18:43 | Mask: [1.0, 0.0, 1.0, 0.0, 0.0] | Prob: 0.2604 | Attn: [0.614, 0.0, 0.386, 0.0, 0.0] | Ext: 48.1ms | Inf: 7.9ms | Total: 56.1ms
23:18:43 | Mask: [1.0, 0.0, 1.0, 0.0, 0.0] | Prob: 0.2615 | Attn: [0.614, 0.0, 0.386, 0.0, 0.0] | Ext: 48.1ms | Inf: 7.8ms | Total: 56.0ms
23:18:43 | Mask: [1.0, 0.0, 1.0, 0.0, 0.0] | Prob: 0.2781 | Attn: [0.489, 0.0, 0.511, 0.0, 0.0] | Ext: 48.1ms | Inf: 8.0ms | Total: 56.1ms
23:18:43 | Mask: [1.0, 0.0, 1.0, 0.0, 0.0] | Prob: 0.2898 | Attn: [0.489, 0.0, 0.511, 0.0, 0.0] | Ext: 48.1ms | Inf: 7.9ms | Total: 56.1ms
23:18:43 | Mask: [1.0, 0.0, 1.0, 0.0, 0.0] | Prob: 0.2979 | Attn: [0.489, 0.0, 0.511, 0.0, 0.0] | Ext: 48.1ms | Inf: 8.6ms | Total: 56.7ms
23:18:43 | Mask: [1.0, 0.0, 1.0, 0.0, 0.0] | Prob: 0.3036 | Attn: [0.489, 0.0, 0.511, 0.0, 0.0] | Ext: 48.1ms | Inf: 8.5ms | Total: 56.6ms
23:18:44 | Mask: [1.0, 0.0, 1.0, 0.0, 0.0] | Prob: 0.3076 | Attn: [0.489, 0.0, 0.511, 0.0, 0.0] | Ext: 48.1ms | Inf: 7.7ms | Total: 55.8ms
23:18:44 | Mask: [1.0, 0.0, 1.0, 0.0, 0.0] | Prob: 0.3104 | Attn: [0.489, 0.0, 0.511, 0.0, 0.0] | Ext: 48.1ms | Inf: 7.8ms | Total: 55.9ms
23:18:44 | Mask: [1.0, 0.0, 1.0, 0.0, 0.0] | Prob: 0.3124 | Attn: [0.489, 0.0, 0.511, 0.0, 0.0] | Ext: 48.1ms | Inf: 7.9ms | Total: 56.0ms
23:18:44 | Mask: [1.0, 0.0, 1.0, 0.0, 0.0] | Prob: 0.3137 | Attn: [0.489, 0.0, 0.511, 0.0, 0.0] | Ext: 48.1ms | Inf: 7.8ms | Total: 56.0ms
23:18:44 | Mask: [1.0, 0.0, 1.0, 0.0, 0.0] | Prob: 0.3147 | Attn: [0.489, 0.0, 0.511, 0.0, 0.0] | Ext: 48.1ms | Inf: 8.6ms | Total: 56.8ms
23:18:44 | Mask: [1.0, 0.0, 1.0, 0.0, 0.0] | Prob: 0.3154 | Attn: [0.489, 0.0, 0.511, 0.0, 0.0] | Ext: 48.1ms | Inf: 8.4ms | Total: 56.5ms
23:18:44 | Mask: [1.0, 0.0, 1.0, 0.0, 0.0] | Prob: 0.3158 | Attn: [0.489, 0.0, 0.511, 0.0, 0.0] | Ext: 48.1ms | Inf: 8.4ms | Total: 56.5ms
23:18:44 | Mask: [1.0, 0.0, 1.0, 0.0, 0.0] | Prob: 0.3162 | Attn: [0.489, 0.0, 0.511, 0.0, 0.0] | Ext: 48.1ms | Inf: 7.8ms | Total: 55.9ms
23:18:45 | Mask: [1.0, 0.0, 1.0, 0.0, 0.0] | Prob: 0.3164 | Attn: [0.489, 0.0, 0.511, 0.0, 0.0] | Ext: 48.1ms | Inf: 8.4ms | Total: 56.5ms
23:18:45 | Mask: [1.0, 0.0, 1.0, 0.0, 0.0] | Prob: 0.3165 | Attn: [0.489, 0.0, 0.511, 0.0, 0.0] | Ext: 48.1ms | Inf: 7.0ms | Total: 55.1ms
23:18:45 | Mask: [1.0, 0.0, 1.0, 0.0, 0.0] | Prob: 0.3167 | Attn: [0.489, 0.0, 0.511, 0.0, 0.0] | Ext: 48.1ms | Inf: 7.4ms | Total: 55.5ms
23:18:45 | Mask: [1.0, 0.0, 1.0, 0.0, 0.0] | Prob: 0.3167 | Attn: [0.489, 0.0, 0.511, 0.0, 0.0] | Ext: 48.1ms | Inf: 8.0ms | Total: 56.1ms
23:18:45 | Mask: [1.0, 0.0, 1.0, 0.0, 0.0] | Prob: 0.3695 | Attn: [0.506, 0.0, 0.494, 0.0, 0.0] | Ext: 49.5ms | Inf: 8.0ms | Total: 57.4ms
23:18:45 | Mask: [1.0, 0.0, 1.0, 0.0, 0.0] | Prob: 0.4065 | Attn: [0.506, 0.0, 0.494, 0.0, 0.0] | Ext: 49.5ms | Inf: 7.9ms | Total: 57.4ms
23:18:45 | Mask: [1.0, 0.0, 1.0, 0.0, 0.0] | Prob: 0.4323 | Attn: [0.506, 0.0, 0.494, 0.0, 0.0] | Ext: 49.5ms | Inf: 7.1ms | Total: 56.6ms
23:18:45 | Mask: [1.0, 0.0, 1.0, 0.0, 0.0] | Prob: 0.4504 | Attn: [0.506, 0.0, 0.494, 0.0, 0.0] | Ext: 49.5ms | Inf: 7.3ms | Total: 56.8ms
23:18:45 | Mask: [1.0, 0.0, 1.0, 0.0, 0.0] | Prob: 0.4631 | Attn: [0.506, 0.0, 0.494, 0.0, 0.0] | Ext: 49.5ms | Inf: 7.5ms | Total: 57.0ms
23:18:46 | Mask: [1.0, 0.0, 1.0, 0.0, 0.0] | Prob: 0.4720 | Attn: [0.506, 0.0, 0.494, 0.0, 0.0] | Ext: 49.5ms | Inf: 8.4ms | Total: 57.9ms
23:18:46 | Mask: [1.0, 0.0, 1.0, 0.0, 0.0] | Prob: 0.4782 | Attn: [0.506, 0.0, 0.494, 0.0, 0.0] | Ext: 49.5ms | Inf: 7.3ms | Total: 56.8ms
23:18:46 | Mask: [1.0, 0.0, 1.0, 0.0, 0.0] | Prob: 0.4825 | Attn: [0.506, 0.0, 0.494, 0.0, 0.0] | Ext: 49.5ms | Inf: 7.4ms | Total: 56.9ms
23:18:46 | Mask: [1.0, 0.0, 1.0, 0.0, 0.0] | Prob: 0.4856 | Attn: [0.506, 0.0, 0.494, 0.0, 0.0] | Ext: 49.5ms | Inf: 8.1ms | Total: 57.6ms
23:18:46 | Mask: [1.0, 0.0, 1.0, 0.0, 0.0] | Prob: 0.4708 | Attn: [0.532, 0.0, 0.468, 0.0, 0.0] | Ext: 49.5ms | Inf: 7.4ms | Total: 56.9ms
23:18:46 | Mask: [1.0, 0.0, 1.0, 0.0, 0.0] | Prob: 0.4605 | Attn: [0.532, 0.0, 0.468, 0.0, 0.0] | Ext: 49.5ms | Inf: 8.6ms | Total: 58.1ms
23:18:46 | Mask: [1.0, 0.0, 1.0, 0.0, 0.0] | Prob: 0.4532 | Attn: [0.532, 0.0, 0.468, 0.0, 0.0] | Ext: 49.5ms | Inf: 7.0ms | Total: 56.5ms
23:18:46 | Mask: [1.0, 0.0, 1.0, 0.0, 0.0] | Prob: 0.4481 | Attn: [0.532, 0.0, 0.468, 0.0, 0.0] | Ext: 49.5ms | Inf: 6.8ms | Total: 56.3ms
23:18:47 | Mask: [1.0, 0.0, 1.0, 0.0, 0.0] | Prob: 0.4446 | Attn: [0.532, 0.0, 0.468, 0.0, 0.0] | Ext: 49.5ms | Inf: 8.3ms | Total: 57.8ms
23:18:47 | Mask: [1.0, 0.0, 1.0, 0.0, 0.0] | Prob: 0.4421 | Attn: [0.532, 0.0, 0.468, 0.0, 0.0] | Ext: 49.5ms | Inf: 8.1ms | Total: 57.6ms
23:18:47 | Mask: [1.0, 0.0, 1.0, 0.0, 0.0] | Prob: 0.4404 | Attn: [0.532, 0.0, 0.468, 0.0, 0.0] | Ext: 49.5ms | Inf: 8.2ms | Total: 57.7ms
23:18:47 | Mask: [1.0, 0.0, 1.0, 0.0, 0.0] | Prob: 0.4392 | Attn: [0.532, 0.0, 0.468, 0.0, 0.0] | Ext: 49.5ms | Inf: 7.6ms | Total: 57.1ms
23:18:47 | Mask: [1.0, 0.0, 1.0, 0.0, 0.0] | Prob: 0.4383 | Attn: [0.532, 0.0, 0.468, 0.0, 0.0] | Ext: 49.5ms | Inf: 8.5ms | Total: 58.0ms
23:18:47 | Mask: [1.0, 0.0, 1.0, 0.0, 0.0] | Prob: 0.4377 | Attn: [0.532, 0.0, 0.468, 0.0, 0.0] | Ext: 49.5ms | Inf: 8.7ms | Total: 58.2ms
23:18:47 | Mask: [1.0, 0.0, 1.0, 0.0, 0.0] | Prob: 0.4373 | Attn: [0.532, 0.0, 0.468, 0.0, 0.0] | Ext: 49.5ms | Inf: 10.1ms | Total: 59.6ms
23:18:47 | Mask: [1.0, 0.0, 1.0, 0.0, 0.0] | Prob: 0.4370 | Attn: [0.532, 0.0, 0.468, 0.0, 0.0] | Ext: 49.5ms | Inf: 8.0ms | Total: 57.5ms
23:18:48 | Mask: [1.0, 0.0, 1.0, 0.0, 0.0] | Prob: 0.4368 | Attn: [0.532, 0.0, 0.468, 0.0, 0.0] | Ext: 49.5ms | Inf: 8.0ms | Total: 57.4ms
23:18:48 | Mask: [1.0, 0.0, 1.0, 0.0, 0.0] | Prob: 0.4367 | Attn: [0.532, 0.0, 0.468, 0.0, 0.0] | Ext: 49.5ms | Inf: 7.3ms | Total: 56.8ms
23:18:48 | Mask: [1.0, 0.0, 1.0, 0.0, 0.0] | Prob: 0.4366 | Attn: [0.532, 0.0, 0.468, 0.0, 0.0] | Ext: 49.5ms | Inf: 8.1ms | Total: 57.6ms
23:18:48 | Mask: [1.0, 0.0, 1.0, 0.0, 0.0] | Prob: 0.4818 | Attn: [0.386, 0.0, 0.614, 0.0, 0.0] | Ext: 48.6ms | Inf: 7.2ms | Total: 55.8ms
23:18:48 | Mask: [1.0, 0.0, 1.0, 0.0, 0.0] | Prob: 0.5135 | Attn: [0.386, 0.0, 0.614, 0.0, 0.0] | Ext: 48.6ms | Inf: 7.7ms | Total: 56.3ms
23:18:48 | Mask: [1.0, 0.0, 1.0, 0.0, 0.0] | Prob: 0.5357 | Attn: [0.386, 0.0, 0.614, 0.0, 0.0] | Ext: 48.6ms | Inf: 8.5ms | Total: 57.0ms
23:18:48 | Mask: [1.0, 0.0, 1.0, 0.0, 0.0] | Prob: 0.5512 | Attn: [0.386, 0.0, 0.614, 0.0, 0.0] | Ext: 48.6ms | Inf: 8.8ms | Total: 57.3ms
23:18:48 | Mask: [1.0, 0.0, 1.0, 0.0, 0.0] | Prob: 0.5620 | Attn: [0.386, 0.0, 0.614, 0.0, 0.0] | Ext: 48.6ms | Inf: 8.2ms | Total: 56.8ms
23:18:48 | Mask: [1.0, 0.0, 1.0, 0.0, 0.0] | Prob: 0.5696 | Attn: [0.386, 0.0, 0.614, 0.0, 0.0] | Ext: 48.6ms | Inf: 7.4ms | Total: 56.0ms
23:18:49 | Mask: [1.0, 0.0, 1.0, 0.0, 0.0] | Prob: 0.5750 | Attn: [0.386, 0.0, 0.614, 0.0, 0.0] | Ext: 48.6ms | Inf: 7.1ms | Total: 55.7ms
23:18:49 | Mask: [1.0, 0.0, 1.0, 0.0, 0.0] | Prob: 0.5787 | Attn: [0.386, 0.0, 0.614, 0.0, 0.0] | Ext: 48.6ms | Inf: 8.0ms | Total: 56.6ms
23:18:49 | Mask: [1.0, 0.0, 1.0, 0.0, 0.0] | Prob: 0.5813 | Attn: [0.386, 0.0, 0.614, 0.0, 0.0] | Ext: 48.6ms | Inf: 7.3ms | Total: 55.8ms
23:18:49 | Mask: [1.0, 0.0, 1.0, 0.0, 0.0] | Prob: 0.5300 | Attn: [0.346, 0.0, 0.654, 0.0, 0.0] | Ext: 48.6ms | Inf: 8.0ms | Total: 56.5ms
23:18:49 | Mask: [1.0, 0.0, 1.0, 0.0, 0.0] | Prob: 0.4942 | Attn: [0.346, 0.0, 0.654, 0.0, 0.0] | Ext: 48.6ms | Inf: 8.2ms | Total: 56.8ms
23:18:49 | Mask: [1.0, 0.0, 1.0, 0.0, 0.0] | Prob: 0.4690 | Attn: [0.346, 0.0, 0.654, 0.0, 0.0] | Ext: 48.6ms | Inf: 8.1ms | Total: 56.7ms
23:18:49 | Mask: [1.0, 0.0, 1.0, 0.0, 0.0] | Prob: 0.4515 | Attn: [0.346, 0.0, 0.654, 0.0, 0.0] | Ext: 48.6ms | Inf: 9.0ms | Total: 57.6ms
23:18:49 | Mask: [1.0, 0.0, 1.0, 0.0, 0.0] | Prob: 0.4392 | Attn: [0.346, 0.0, 0.654, 0.0, 0.0] | Ext: 48.6ms | Inf: 7.0ms | Total: 55.6ms
23:18:50 | Mask: [1.0, 0.0, 1.0, 0.0, 0.0] | Prob: 0.4305 | Attn: [0.346, 0.0, 0.654, 0.0, 0.0] | Ext: 48.6ms | Inf: 8.2ms | Total: 56.8ms
23:18:50 | Mask: [1.0, 0.0, 1.0, 0.0, 0.0] | Prob: 0.4245 | Attn: [0.346, 0.0, 0.654, 0.0, 0.0] | Ext: 48.6ms | Inf: 8.4ms | Total: 56.9ms
23:18:50 | Mask: [1.0, 0.0, 1.0, 0.0, 0.0] | Prob: 0.4203 | Attn: [0.346, 0.0, 0.654, 0.0, 0.0] | Ext: 48.6ms | Inf: 9.5ms | Total: 58.0ms
23:18:50 | Mask: [1.0, 0.0, 1.0, 0.0, 0.0] | Prob: 0.4173 | Attn: [0.346, 0.0, 0.654, 0.0, 0.0] | Ext: 48.6ms | Inf: 12.0ms | Total: 60.5ms
23:18:50 | Mask: [1.0, 0.0, 1.0, 0.0, 0.0] | Prob: 0.4153 | Attn: [0.346, 0.0, 0.654, 0.0, 0.0] | Ext: 48.6ms | Inf: 10.1ms | Total: 58.7ms
23:18:50 | Mask: [1.0, 0.0, 1.0, 0.0, 0.0] | Prob: 0.4138 | Attn: [0.346, 0.0, 0.654, 0.0, 0.0] | Ext: 48.6ms | Inf: 9.1ms | Total: 57.6ms
23:18:50 | Mask: [1.0, 0.0, 1.0, 0.0, 0.0] | Prob: 0.4128 | Attn: [0.346, 0.0, 0.654, 0.0, 0.0] | Ext: 48.6ms | Inf: 9.5ms | Total: 58.1ms
23:18:50 | Mask: [1.0, 0.0, 1.0, 0.0, 0.0] | Prob: 0.4121 | Attn: [0.346, 0.0, 0.654, 0.0, 0.0] | Ext: 48.6ms | Inf: 9.4ms | Total: 58.0ms
23:18:51 | Mask: [1.0, 0.0, 1.0, 0.0, 0.0] | Prob: 0.4116 | Attn: [0.346, 0.0, 0.654, 0.0, 0.0] | Ext: 48.6ms | Inf: 9.7ms | Total: 58.3ms
23:18:51 | Mask: [1.0, 0.0, 1.0, 0.0, 0.0] | Prob: 0.4112 | Attn: [0.346, 0.0, 0.654, 0.0, 0.0] | Ext: 48.6ms | Inf: 9.3ms | Total: 57.9ms
23:18:51 | Mask: [1.0, 0.0, 1.0, 0.0, 0.0] | Prob: 0.4110 | Attn: [0.346, 0.0, 0.654, 0.0, 0.0] | Ext: 48.6ms | Inf: 8.6ms | Total: 57.1ms
23:18:51 | Mask: [1.0, 0.0, 1.0, 0.0, 0.0] | Prob: 0.4175 | Attn: [0.26, 0.0, 0.74, 0.0, 0.0] | Ext: 54.2ms | Inf: 9.7ms | Total: 63.8ms
23:18:51 | Mask: [1.0, 0.0, 1.0, 0.0, 0.0] | Prob: 0.4221 | Attn: [0.26, 0.0, 0.74, 0.0, 0.0] | Ext: 54.2ms | Inf: 9.2ms | Total: 63.4ms
23:18:51 | Mask: [1.0, 0.0, 1.0, 0.0, 0.0] | Prob: 0.4253 | Attn: [0.26, 0.0, 0.74, 0.0, 0.0] | Ext: 54.2ms | Inf: 9.0ms | Total: 63.1ms
23:18:51 | Mask: [1.0, 0.0, 1.0, 0.0, 0.0] | Prob: 0.4275 | Attn: [0.26, 0.0, 0.74, 0.0, 0.0] | Ext: 54.2ms | Inf: 9.1ms | Total: 63.3ms
23:18:51 | Mask: [1.0, 0.0, 1.0, 0.0, 0.0] | Prob: 0.4291 | Attn: [0.26, 0.0, 0.74, 0.0, 0.0] | Ext: 54.2ms | Inf: 8.7ms | Total: 62.8ms
23:18:52 | Mask: [1.0, 0.0, 1.0, 0.0, 0.0] | Prob: 0.4302 | Attn: [0.26, 0.0, 0.74, 0.0, 0.0] | Ext: 54.2ms | Inf: 9.0ms | Total: 63.1ms
23:18:52 | Mask: [1.0, 0.0, 1.0, 0.0, 0.0] | Prob: 0.4310 | Attn: [0.26, 0.0, 0.74, 0.0, 0.0] | Ext: 54.2ms | Inf: 10.0ms | Total: 64.2ms
23:18:52 | Mask: [1.0, 0.0, 1.0, 0.0, 0.0] | Prob: 0.4315 | Attn: [0.26, 0.0, 0.74, 0.0, 0.0] | Ext: 54.2ms | Inf: 10.0ms | Total: 64.1ms
23:18:52 | Mask: [1.0, 0.0, 1.0, 0.0, 0.0] | Prob: 0.4319 | Attn: [0.26, 0.0, 0.74, 0.0, 0.0] | Ext: 54.2ms | Inf: 8.9ms | Total: 63.0ms
23:18:52 | Mask: [1.0, 0.0, 1.0, 0.0, 0.0] | Prob: 0.4456 | Attn: [0.247, 0.0, 0.753, 0.0, 0.0] | Ext: 54.2ms | Inf: 8.6ms | Total: 62.7ms
23:18:52 | Mask: [1.0, 0.0, 1.0, 0.0, 0.0] | Prob: 0.4553 | Attn: [0.247, 0.0, 0.753, 0.0, 0.0] | Ext: 54.2ms | Inf: 7.6ms | Total: 61.7ms
23:18:52 | Mask: [1.0, 0.0, 1.0, 0.0, 0.0] | Prob: 0.4620 | Attn: [0.247, 0.0, 0.753, 0.0, 0.0] | Ext: 54.2ms | Inf: 7.8ms | Total: 62.0ms
23:18:52 | Mask: [1.0, 0.0, 1.0, 0.0, 0.0] | Prob: 0.4667 | Attn: [0.247, 0.0, 0.753, 0.0, 0.0] | Ext: 54.2ms | Inf: 8.1ms | Total: 62.2ms
23:18:52 | Mask: [1.0, 0.0, 1.0, 0.0, 0.0] | Prob: 0.4700 | Attn: [0.247, 0.0, 0.753, 0.0, 0.0] | Ext: 54.2ms | Inf: 9.4ms | Total: 63.5ms
23:18:53 | Mask: [1.0, 0.0, 1.0, 0.0, 0.0] | Prob: 0.4723 | Attn: [0.247, 0.0, 0.753, 0.0, 0.0] | Ext: 54.2ms | Inf: 8.4ms | Total: 62.5ms
23:18:53 | Mask: [1.0, 0.0, 1.0, 0.0, 0.0] | Prob: 0.4739 | Attn: [0.247, 0.0, 0.753, 0.0, 0.0] | Ext: 54.2ms | Inf: 7.8ms | Total: 61.9ms
23:18:53 | Mask: [1.0, 0.0, 1.0, 0.0, 0.0] | Prob: 0.4751 | Attn: [0.247, 0.0, 0.753, 0.0, 0.0] | Ext: 54.2ms | Inf: 8.2ms | Total: 62.3ms
23:18:53 | Mask: [1.0, 0.0, 1.0, 0.0, 0.0] | Prob: 0.4759 | Attn: [0.247, 0.0, 0.753, 0.0, 0.0] | Ext: 54.2ms | Inf: 8.4ms | Total: 62.6ms
23:18:53 | Mask: [1.0, 0.0, 1.0, 0.0, 0.0] | Prob: 0.4764 | Attn: [0.247, 0.0, 0.753, 0.0, 0.0] | Ext: 54.2ms | Inf: 8.8ms | Total: 62.9ms
23:18:53 | Mask: [1.0, 0.0, 1.0, 0.0, 0.0] | Prob: 0.4768 | Attn: [0.247, 0.0, 0.753, 0.0, 0.0] | Ext: 54.2ms | Inf: 11.1ms | Total: 65.2ms
23:18:53 | Mask: [1.0, 0.0, 1.0, 0.0, 0.0] | Prob: 0.4771 | Attn: [0.247, 0.0, 0.753, 0.0, 0.0] | Ext: 54.2ms | Inf: 8.6ms | Total: 62.7ms
23:18:53 | Mask: [1.0, 0.0, 1.0, 0.0, 0.0] | Prob: 0.4773 | Attn: [0.247, 0.0, 0.753, 0.0, 0.0] | Ext: 54.2ms | Inf: 11.3ms | Total: 65.5ms
23:18:54 | Mask: [1.0, 0.0, 1.0, 0.0, 0.0] | Prob: 0.4774 | Attn: [0.247, 0.0, 0.753, 0.0, 0.0] | Ext: 54.2ms | Inf: 9.1ms | Total: 63.3ms
23:18:54 | Mask: [1.0, 0.0, 1.0, 0.0, 0.0] | Prob: 0.4775 | Attn: [0.247, 0.0, 0.753, 0.0, 0.0] | Ext: 54.2ms | Inf: 9.4ms | Total: 63.6ms
23:18:54 | Mask: [1.0, 0.0, 1.0, 0.0, 0.0] | Prob: 0.4755 | Attn: [0.168, 0.0, 0.832, 0.0, 0.0] | Ext: 54.7ms | Inf: 9.2ms | Total: 63.9ms
23:18:54 | Mask: [1.0, 0.0, 1.0, 0.0, 0.0] | Prob: 0.4742 | Attn: [0.168, 0.0, 0.832, 0.0, 0.0] | Ext: 54.7ms | Inf: 8.1ms | Total: 62.7ms
23:18:54 | Mask: [1.0, 0.0, 1.0, 0.0, 0.0] | Prob: 0.4732 | Attn: [0.168, 0.0, 0.832, 0.0, 0.0] | Ext: 54.7ms | Inf: 7.5ms | Total: 62.2ms
23:18:54 | Mask: [1.0, 0.0, 1.0, 0.0, 0.0] | Prob: 0.4725 | Attn: [0.168, 0.0, 0.832, 0.0, 0.0] | Ext: 54.7ms | Inf: 8.8ms | Total: 63.5ms
23:18:54 | Mask: [1.0, 0.0, 1.0, 0.0, 0.0] | Prob: 0.4721 | Attn: [0.168, 0.0, 0.832, 0.0, 0.0] | Ext: 54.7ms | Inf: 7.4ms | Total: 62.1ms
23:18:54 | Mask: [1.0, 0.0, 1.0, 0.0, 0.0] | Prob: 0.4717 | Attn: [0.168, 0.0, 0.832, 0.0, 0.0] | Ext: 54.7ms | Inf: 8.9ms | Total: 63.5ms
23:18:55 | Mask: [1.0, 0.0, 1.0, 0.0, 0.0] | Prob: 0.4715 | Attn: [0.168, 0.0, 0.832, 0.0, 0.0] | Ext: 54.7ms | Inf: 7.0ms | Total: 61.7ms
23:18:55 | Mask: [1.0, 0.0, 1.0, 0.0, 0.0] | Prob: 0.4713 | Attn: [0.168, 0.0, 0.832, 0.0, 0.0] | Ext: 54.7ms | Inf: 8.7ms | Total: 63.4ms
23:18:55 | Mask: [1.0, 0.0, 1.0, 0.0, 0.0] | Prob: 0.4712 | Attn: [0.168, 0.0, 0.832, 0.0, 0.0] | Ext: 54.7ms | Inf: 8.8ms | Total: 63.5ms
23:18:55 | Mask: [1.0, 0.0, 1.0, 0.0, 0.0] | Prob: 0.4654 | Attn: [0.217, 0.0, 0.783, 0.0, 0.0] | Ext: 54.7ms | Inf: 8.1ms | Total: 62.8ms
23:18:55 | Mask: [1.0, 0.0, 1.0, 0.0, 0.0] | Prob: 0.4613 | Attn: [0.217, 0.0, 0.783, 0.0, 0.0] | Ext: 54.7ms | Inf: 8.9ms | Total: 63.6ms
23:18:55 | Mask: [1.0, 0.0, 1.0, 0.0, 0.0] | Prob: 0.4584 | Attn: [0.217, 0.0, 0.783, 0.0, 0.0] | Ext: 54.7ms | Inf: 7.8ms | Total: 62.5ms
23:18:55 | Mask: [1.0, 0.0, 1.0, 0.0, 0.0] | Prob: 0.4564 | Attn: [0.217, 0.0, 0.783, 0.0, 0.0] | Ext: 54.7ms | Inf: 8.6ms | Total: 63.3ms
23:18:55 | Mask: [1.0, 0.0, 1.0, 0.0, 0.0] | Prob: 0.4550 | Attn: [0.217, 0.0, 0.783, 0.0, 0.0] | Ext: 54.7ms | Inf: 6.9ms | Total: 61.6ms
23:18:56 | Mask: [1.0, 0.0, 1.0, 0.0, 0.0] | Prob: 0.4540 | Attn: [0.217, 0.0, 0.783, 0.0, 0.0] | Ext: 54.7ms | Inf: 7.8ms | Total: 62.5ms
23:18:56 | Mask: [1.0, 0.0, 1.0, 0.0, 0.0] | Prob: 0.4533 | Attn: [0.217, 0.0, 0.783, 0.0, 0.0] | Ext: 54.7ms | Inf: 7.7ms | Total: 62.3ms
23:18:56 | Mask: [1.0, 0.0, 1.0, 0.0, 0.0] | Prob: 0.4529 | Attn: [0.217, 0.0, 0.783, 0.0, 0.0] | Ext: 54.7ms | Inf: 7.2ms | Total: 61.9ms
23:18:56 | Mask: [1.0, 0.0, 1.0, 0.0, 0.0] | Prob: 0.4525 | Attn: [0.217, 0.0, 0.783, 0.0, 0.0] | Ext: 54.7ms | Inf: 7.7ms | Total: 62.4ms
23:18:56 | Mask: [1.0, 0.0, 1.0, 0.0, 0.0] | Prob: 0.4523 | Attn: [0.217, 0.0, 0.783, 0.0, 0.0] | Ext: 54.7ms | Inf: 7.6ms | Total: 62.3ms
23:18:56 | Mask: [1.0, 0.0, 1.0, 0.0, 0.0] | Prob: 0.4521 | Attn: [0.217, 0.0, 0.783, 0.0, 0.0] | Ext: 54.7ms | Inf: 7.1ms | Total: 61.8ms
23:18:56 | Mask: [1.0, 0.0, 1.0, 0.0, 0.0] | Prob: 0.4520 | Attn: [0.217, 0.0, 0.783, 0.0, 0.0] | Ext: 54.7ms | Inf: 8.7ms | Total: 63.4ms
23:18:56 | Mask: [1.0, 0.0, 1.0, 0.0, 0.0] | Prob: 0.4519 | Attn: [0.217, 0.0, 0.783, 0.0, 0.0] | Ext: 54.7ms | Inf: 8.6ms | Total: 63.3ms
23:18:56 | Mask: [1.0, 0.0, 1.0, 0.0, 0.0] | Prob: 0.4519 | Attn: [0.217, 0.0, 0.783, 0.0, 0.0] | Ext: 54.7ms | Inf: 9.1ms | Total: 63.8ms
23:18:57 | Mask: [1.0, 0.0, 1.0, 0.0, 0.0] | Prob: 0.4518 | Attn: [0.217, 0.0, 0.783, 0.0, 0.0] | Ext: 54.7ms | Inf: 7.4ms | Total: 62.1ms
23:18:57 | Mask: [1.0, 0.0, 1.0, 0.0, 0.0] | Prob: 0.4638 | Attn: [0.138, 0.0, 0.862, 0.0, 0.0] | Ext: 48.4ms | Inf: 7.7ms | Total: 56.2ms
23:18:57 | Mask: [1.0, 0.0, 1.0, 0.0, 0.0] | Prob: 0.4723 | Attn: [0.138, 0.0, 0.862, 0.0, 0.0] | Ext: 48.4ms | Inf: 7.4ms | Total: 55.9ms
23:18:57 | Mask: [1.0, 0.0, 1.0, 0.0, 0.0] | Prob: 0.4782 | Attn: [0.138, 0.0, 0.862, 0.0, 0.0] | Ext: 48.4ms | Inf: 7.8ms | Total: 56.3ms
23:18:57 | Mask: [1.0, 0.0, 1.0, 0.0, 0.0] | Prob: 0.4823 | Attn: [0.138, 0.0, 0.862, 0.0, 0.0] | Ext: 48.4ms | Inf: 8.2ms | Total: 56.7ms
23:18:57 | Mask: [1.0, 0.0, 1.0, 0.0, 0.0] | Prob: 0.4852 | Attn: [0.138, 0.0, 0.862, 0.0, 0.0] | Ext: 48.4ms | Inf: 7.8ms | Total: 56.3ms
23:18:57 | Mask: [1.0, 0.0, 1.0, 0.0, 0.0] | Prob: 0.4872 | Attn: [0.138, 0.0, 0.862, 0.0, 0.0] | Ext: 48.4ms | Inf: 7.4ms | Total: 55.9ms
23:18:57 | Mask: [1.0, 0.0, 1.0, 0.0, 0.0] | Prob: 0.4886 | Attn: [0.138, 0.0, 0.862, 0.0, 0.0] | Ext: 48.4ms | Inf: 7.2ms | Total: 55.7ms
23:18:58 | Mask: [1.0, 0.0, 1.0, 0.0, 0.0] | Prob: 0.4896 | Attn: [0.138, 0.0, 0.862, 0.0, 0.0] | Ext: 48.4ms | Inf: 8.4ms | Total: 56.8ms
23:18:58 | Mask: [1.0, 0.0, 1.0, 0.0, 0.0] | Prob: 0.4903 | Attn: [0.138, 0.0, 0.862, 0.0, 0.0] | Ext: 48.4ms | Inf: 8.2ms | Total: 56.7ms
23:18:58 | Mask: [1.0, 0.0, 1.0, 0.0, 0.0] | Prob: 0.4975 | Attn: [0.296, 0.0, 0.704, 0.0, 0.0] | Ext: 48.4ms | Inf: 8.1ms | Total: 56.5ms
23:18:58 | Mask: [1.0, 0.0, 1.0, 0.0, 0.0] | Prob: 0.5026 | Attn: [0.296, 0.0, 0.704, 0.0, 0.0] | Ext: 48.4ms | Inf: 8.2ms | Total: 56.6ms
23:18:58 | Mask: [1.0, 0.0, 1.0, 0.0, 0.0] | Prob: 0.5062 | Attn: [0.296, 0.0, 0.704, 0.0, 0.0] | Ext: 48.4ms | Inf: 8.1ms | Total: 56.5ms
23:18:58 | Mask: [1.0, 0.0, 1.0, 0.0, 0.0] | Prob: 0.5087 | Attn: [0.296, 0.0, 0.704, 0.0, 0.0] | Ext: 48.4ms | Inf: 9.4ms | Total: 57.8ms
23:18:58 | Mask: [1.0, 0.0, 1.0, 0.0, 0.0] | Prob: 0.5104 | Attn: [0.296, 0.0, 0.704, 0.0, 0.0] | Ext: 48.4ms | Inf: 8.1ms | Total: 56.5ms
23:18:58 | Mask: [1.0, 0.0, 1.0, 0.0, 0.0] | Prob: 0.5116 | Attn: [0.296, 0.0, 0.704, 0.0, 0.0] | Ext: 48.4ms | Inf: 8.2ms | Total: 56.7ms
23:18:59 | Mask: [1.0, 0.0, 1.0, 0.0, 0.0] | Prob: 0.5125 | Attn: [0.296, 0.0, 0.704, 0.0, 0.0] | Ext: 48.4ms | Inf: 7.9ms | Total: 56.3ms
23:18:59 | Mask: [1.0, 0.0, 1.0, 0.0, 0.0] | Prob: 0.5131 | Attn: [0.296, 0.0, 0.704, 0.0, 0.0] | Ext: 48.4ms | Inf: 7.9ms | Total: 56.4ms
23:18:59 | Mask: [1.0, 0.0, 1.0, 0.0, 0.0] | Prob: 0.5135 | Attn: [0.296, 0.0, 0.704, 0.0, 0.0] | Ext: 48.4ms | Inf: 7.8ms | Total: 56.2ms
23:18:59 | Mask: [1.0, 0.0, 1.0, 0.0, 0.0] | Prob: 0.5138 | Attn: [0.296, 0.0, 0.704, 0.0, 0.0] | Ext: 48.4ms | Inf: 8.3ms | Total: 56.8ms
23:18:59 | Mask: [1.0, 0.0, 1.0, 0.0, 0.0] | Prob: 0.5140 | Attn: [0.296, 0.0, 0.704, 0.0, 0.0] | Ext: 48.4ms | Inf: 7.8ms | Total: 56.2ms
23:18:59 | Mask: [1.0, 0.0, 1.0, 0.0, 0.0] | Prob: 0.5141 | Attn: [0.296, 0.0, 0.704, 0.0, 0.0] | Ext: 48.4ms | Inf: 8.0ms | Total: 56.4ms
23:18:59 | Mask: [1.0, 0.0, 1.0, 0.0, 0.0] | Prob: 0.5142 | Attn: [0.296, 0.0, 0.704, 0.0, 0.0] | Ext: 48.4ms | Inf: 7.4ms | Total: 55.8ms
23:18:59 | Mask: [1.0, 0.0, 1.0, 0.0, 0.0] | Prob: 0.5143 | Attn: [0.296, 0.0, 0.704, 0.0, 0.0] | Ext: 48.4ms | Inf: 7.4ms | Total: 55.8ms
23:18:59 | Mask: [1.0, 0.0, 1.0, 0.0, 0.0] | Prob: 0.5143 | Attn: [0.296, 0.0, 0.704, 0.0, 0.0] | Ext: 48.4ms | Inf: 8.5ms | Total: 56.9ms
23:19:00 | Mask: [1.0, 0.0, 1.0, 0.0, 0.0] | Prob: 0.5144 | Attn: [0.296, 0.0, 0.704, 0.0, 0.0] | Ext: 48.4ms | Inf: 7.4ms | Total: 55.9ms
23:19:00 | Mask: [1.0, 0.0, 1.0, 0.0, 0.0] | Prob: 0.4692 | Attn: [0.237, 0.0, 0.763, 0.0, 0.0] | Ext: 47.2ms | Inf: 8.1ms | Total: 55.2ms
23:19:00 | Mask: [1.0, 0.0, 1.0, 0.0, 0.0] | Prob: 0.4376 | Attn: [0.237, 0.0, 0.763, 0.0, 0.0] | Ext: 47.2ms | Inf: 7.4ms | Total: 54.6ms
23:19:00 | Mask: [1.0, 0.0, 1.0, 0.0, 0.0] | Prob: 0.4155 | Attn: [0.237, 0.0, 0.763, 0.0, 0.0] | Ext: 47.2ms | Inf: 7.8ms | Total: 54.9ms
23:19:00 | Mask: [1.0, 0.0, 1.0, 0.0, 0.0] | Prob: 0.4000 | Attn: [0.237, 0.0, 0.763, 0.0, 0.0] | Ext: 47.2ms | Inf: 7.0ms | Total: 54.1ms
23:19:00 | Mask: [1.0, 0.0, 1.0, 0.0, 0.0] | Prob: 0.3892 | Attn: [0.237, 0.0, 0.763, 0.0, 0.0] | Ext: 47.2ms | Inf: 6.9ms | Total: 54.0ms
23:19:00 | Mask: [1.0, 0.0, 1.0, 0.0, 0.0] | Prob: 0.3816 | Attn: [0.237, 0.0, 0.763, 0.0, 0.0] | Ext: 47.2ms | Inf: 7.4ms | Total: 54.6ms
23:19:00 | Mask: [1.0, 0.0, 1.0, 0.0, 0.0] | Prob: 0.3763 | Attn: [0.237, 0.0, 0.763, 0.0, 0.0] | Ext: 47.2ms | Inf: 7.6ms | Total: 54.7ms
23:19:01 | Mask: [1.0, 0.0, 1.0, 0.0, 0.0] | Prob: 0.3726 | Attn: [0.237, 0.0, 0.763, 0.0, 0.0] | Ext: 47.2ms | Inf: 7.0ms | Total: 54.2ms
23:19:01 | Mask: [1.0, 0.0, 1.0, 0.0, 0.0] | Prob: 0.3700 | Attn: [0.237, 0.0, 0.763, 0.0, 0.0] | Ext: 47.2ms | Inf: 9.2ms | Total: 56.4ms
23:19:01 | Mask: [1.0, 0.0, 1.0, 0.0, 0.0] | Prob: 0.3384 | Attn: [0.47, 0.0, 0.53, 0.0, 0.0] | Ext: 47.2ms | Inf: 8.1ms | Total: 55.3ms
23:19:01 | Mask: [1.0, 0.0, 1.0, 0.0, 0.0] | Prob: 0.3163 | Attn: [0.47, 0.0, 0.53, 0.0, 0.0] | Ext: 47.2ms | Inf: 8.9ms | Total: 56.1ms
23:19:01 | Mask: [1.0, 0.0, 1.0, 0.0, 0.0] | Prob: 0.3008 | Attn: [0.47, 0.0, 0.53, 0.0, 0.0] | Ext: 47.2ms | Inf: 7.9ms | Total: 55.1ms
23:19:01 | Mask: [1.0, 0.0, 1.0, 0.0, 0.0] | Prob: 0.2900 | Attn: [0.47, 0.0, 0.53, 0.0, 0.0] | Ext: 47.2ms | Inf: 8.4ms | Total: 55.5ms
23:19:01 | Mask: [1.0, 0.0, 1.0, 0.0, 0.0] | Prob: 0.2824 | Attn: [0.47, 0.0, 0.53, 0.0, 0.0] | Ext: 47.2ms | Inf: 7.1ms | Total: 54.3ms
23:19:01 | Mask: [1.0, 0.0, 1.0, 0.0, 0.0] | Prob: 0.2771 | Attn: [0.47, 0.0, 0.53, 0.0, 0.0] | Ext: 47.2ms | Inf: 9.0ms | Total: 56.2ms
23:19:01 | Mask: [1.0, 0.0, 1.0, 0.0, 0.0] | Prob: 0.2734 | Attn: [0.47, 0.0, 0.53, 0.0, 0.0] | Ext: 47.2ms | Inf: 9.4ms | Total: 56.5ms
23:19:02 | Mask: [1.0, 0.0, 1.0, 0.0, 0.0] | Prob: 0.2708 | Attn: [0.47, 0.0, 0.53, 0.0, 0.0] | Ext: 47.2ms | Inf: 7.7ms | Total: 54.9ms
23:19:02 | Mask: [1.0, 0.0, 1.0, 0.0, 0.0] | Prob: 0.2690 | Attn: [0.47, 0.0, 0.53, 0.0, 0.0] | Ext: 47.2ms | Inf: 7.5ms | Total: 54.7ms
23:19:02 | Mask: [1.0, 0.0, 1.0, 0.0, 0.0] | Prob: 0.2677 | Attn: [0.47, 0.0, 0.53, 0.0, 0.0] | Ext: 47.2ms | Inf: 8.0ms | Total: 55.2ms
23:19:02 | Mask: [1.0, 0.0, 1.0, 0.0, 0.0] | Prob: 0.2668 | Attn: [0.47, 0.0, 0.53, 0.0, 0.0] | Ext: 47.2ms | Inf: 8.2ms | Total: 55.4ms
23:19:02 | Mask: [1.0, 0.0, 1.0, 0.0, 0.0] | Prob: 0.2662 | Attn: [0.47, 0.0, 0.53, 0.0, 0.0] | Ext: 47.2ms | Inf: 7.3ms | Total: 54.5ms
23:19:02 | Mask: [1.0, 0.0, 1.0, 0.0, 0.0] | Prob: 0.2658 | Attn: [0.47, 0.0, 0.53, 0.0, 0.0] | Ext: 47.2ms | Inf: 7.0ms | Total: 54.2ms
23:19:02 | Mask: [1.0, 0.0, 1.0, 0.0, 0.0] | Prob: 0.2655 | Attn: [0.47, 0.0, 0.53, 0.0, 0.0] | Ext: 47.2ms | Inf: 7.4ms | Total: 54.6ms
23:19:02 | Mask: [1.0, 0.0, 1.0, 0.0, 0.0] | Prob: 0.2653 | Attn: [0.47, 0.0, 0.53, 0.0, 0.0] | Ext: 47.2ms | Inf: 8.3ms | Total: 55.4ms
23:19:03 | Mask: [1.0, 0.0, 1.0, 0.0, 0.0] | Prob: 0.2891 | Attn: [0.558, 0.0, 0.442, 0.0, 0.0] | Ext: 59.7ms | Inf: 8.0ms | Total: 67.7ms
23:19:03 | Mask: [1.0, 0.0, 1.0, 0.0, 0.0] | Prob: 0.3058 | Attn: [0.558, 0.0, 0.442, 0.0, 0.0] | Ext: 59.7ms | Inf: 6.9ms | Total: 66.6ms
23:19:03 | Mask: [1.0, 0.0, 1.0, 0.0, 0.0] | Prob: 0.3175 | Attn: [0.558, 0.0, 0.442, 0.0, 0.0] | Ext: 59.7ms | Inf: 5.9ms | Total: 65.6ms
23:19:03 | Mask: [1.0, 0.0, 1.0, 0.0, 0.0] | Prob: 0.3257 | Attn: [0.558, 0.0, 0.442, 0.0, 0.0] | Ext: 59.7ms | Inf: 6.8ms | Total: 66.5ms
23:19:03 | Mask: [1.0, 0.0, 1.0, 0.0, 0.0] | Prob: 0.3314 | Attn: [0.558, 0.0, 0.442, 0.0, 0.0] | Ext: 59.7ms | Inf: 6.0ms | Total: 65.7ms
23:19:03 | Mask: [1.0, 0.0, 1.0, 0.0, 0.0] | Prob: 0.3354 | Attn: [0.558, 0.0, 0.442, 0.0, 0.0] | Ext: 59.7ms | Inf: 5.7ms | Total: 65.4ms
23:19:03 | Mask: [1.0, 0.0, 1.0, 0.0, 0.0] | Prob: 0.3382 | Attn: [0.558, 0.0, 0.442, 0.0, 0.0] | Ext: 59.7ms | Inf: 6.1ms | Total: 65.8ms
23:19:03 | Mask: [1.0, 0.0, 1.0, 0.0, 0.0] | Prob: 0.3402 | Attn: [0.558, 0.0, 0.442, 0.0, 0.0] | Ext: 59.7ms | Inf: 6.1ms | Total: 65.8ms
23:19:03 | Mask: [1.0, 0.0, 1.0, 0.0, 0.0] | Prob: 0.3415 | Attn: [0.558, 0.0, 0.442, 0.0, 0.0] | Ext: 59.7ms | Inf: 6.2ms | Total: 65.8ms
23:19:04 | Mask: [1.0, 0.0, 1.0, 0.0, 0.0] | Prob: 0.3541 | Attn: [0.463, 0.0, 0.537, 0.0, 0.0] | Ext: 59.7ms | Inf: 6.5ms | Total: 66.2ms
23:19:04 | Mask: [1.0, 0.0, 1.0, 0.0, 0.0] | Prob: 0.3629 | Attn: [0.463, 0.0, 0.537, 0.0, 0.0] | Ext: 59.7ms | Inf: 6.5ms | Total: 66.2ms
23:19:04 | Mask: [1.0, 0.0, 1.0, 0.0, 0.0] | Prob: 0.3691 | Attn: [0.463, 0.0, 0.537, 0.0, 0.0] | Ext: 59.7ms | Inf: 6.4ms | Total: 66.1ms
23:19:04 | Mask: [1.0, 0.0, 1.0, 0.0, 0.0] | Prob: 0.3734 | Attn: [0.463, 0.0, 0.537, 0.0, 0.0] | Ext: 59.7ms | Inf: 6.4ms | Total: 66.1ms
23:19:04 | Mask: [1.0, 0.0, 1.0, 0.0, 0.0] | Prob: 0.3764 | Attn: [0.463, 0.0, 0.537, 0.0, 0.0] | Ext: 59.7ms | Inf: 9.0ms | Total: 68.7ms
23:19:04 | Mask: [1.0, 0.0, 1.0, 0.0, 0.0] | Prob: 0.3786 | Attn: [0.463, 0.0, 0.537, 0.0, 0.0] | Ext: 59.7ms | Inf: 9.6ms | Total: 69.2ms
23:19:04 | Mask: [1.0, 0.0, 1.0, 0.0, 0.0] | Prob: 0.3800 | Attn: [0.463, 0.0, 0.537, 0.0, 0.0] | Ext: 59.7ms | Inf: 8.7ms | Total: 68.4ms
23:19:04 | Mask: [1.0, 0.0, 1.0, 0.0, 0.0] | Prob: 0.3811 | Attn: [0.463, 0.0, 0.537, 0.0, 0.0] | Ext: 59.7ms | Inf: 8.2ms | Total: 67.9ms
23:19:05 | Mask: [1.0, 0.0, 1.0, 0.0, 0.0] | Prob: 0.3818 | Attn: [0.463, 0.0, 0.537, 0.0, 0.0] | Ext: 59.7ms | Inf: 7.9ms | Total: 67.6ms
23:19:05 | Mask: [1.0, 0.0, 1.0, 0.0, 0.0] | Prob: 0.3823 | Attn: [0.463, 0.0, 0.537, 0.0, 0.0] | Ext: 59.7ms | Inf: 8.7ms | Total: 68.4ms
23:19:05 | Mask: [1.0, 0.0, 1.0, 0.0, 0.0] | Prob: 0.3827 | Attn: [0.463, 0.0, 0.537, 0.0, 0.0] | Ext: 59.7ms | Inf: 9.0ms | Total: 68.7ms
23:19:05 | Mask: [1.0, 0.0, 1.0, 0.0, 0.0] | Prob: 0.3829 | Attn: [0.463, 0.0, 0.537, 0.0, 0.0] | Ext: 59.7ms | Inf: 8.4ms | Total: 68.1ms
23:19:05 | Mask: [1.0, 0.0, 1.0, 0.0, 0.0] | Prob: 0.3831 | Attn: [0.463, 0.0, 0.537, 0.0, 0.0] | Ext: 59.7ms | Inf: 8.0ms | Total: 67.7ms
23:19:05 | Mask: [1.0, 0.0, 1.0, 0.0, 0.0] | Prob: 0.3832 | Attn: [0.463, 0.0, 0.537, 0.0, 0.0] | Ext: 59.7ms | Inf: 8.2ms | Total: 67.9ms
23:19:05 | Mask: [1.0, 0.0, 1.0, 0.0, 0.0] | Prob: 0.3833 | Attn: [0.463, 0.0, 0.537, 0.0, 0.0] | Ext: 59.7ms | Inf: 7.8ms | Total: 67.5ms
23:19:05 | Mask: [1.0, 0.0, 1.0, 0.0, 0.0] | Prob: 0.3834 | Attn: [0.463, 0.0, 0.537, 0.0, 0.0] | Ext: 59.7ms | Inf: 7.8ms | Total: 67.5ms
23:19:06 | Mask: [1.0, 0.0, 1.0, 0.0, 0.0] | Prob: 0.3130 | Attn: [0.603, 0.0, 0.397, 0.0, 0.0] | Ext: 48.1ms | Inf: 7.3ms | Total: 55.5ms
23:19:06 | Mask: [1.0, 0.0, 1.0, 0.0, 0.0] | Prob: 0.2638 | Attn: [0.603, 0.0, 0.397, 0.0, 0.0] | Ext: 48.1ms | Inf: 8.2ms | Total: 56.4ms
23:19:06 | Mask: [1.0, 0.0, 1.0, 0.0, 0.0] | Prob: 0.2293 | Attn: [0.603, 0.0, 0.397, 0.0, 0.0] | Ext: 48.1ms | Inf: 8.1ms | Total: 56.3ms
23:19:06 | Mask: [1.0, 0.0, 1.0, 0.0, 0.0] | Prob: 0.2052 | Attn: [0.603, 0.0, 0.397, 0.0, 0.0] | Ext: 48.1ms | Inf: 7.6ms | Total: 55.8ms
23:19:06 | Mask: [1.0, 0.0, 1.0, 0.0, 0.0] | Prob: 0.1883 | Attn: [0.603, 0.0, 0.397, 0.0, 0.0] | Ext: 48.1ms | Inf: 8.4ms | Total: 56.6ms
23:19:06 | Mask: [1.0, 0.0, 1.0, 0.0, 0.0] | Prob: 0.1765 | Attn: [0.603, 0.0, 0.397, 0.0, 0.0] | Ext: 48.1ms | Inf: 8.4ms | Total: 56.5ms
23:19:06 | Mask: [1.0, 0.0, 1.0, 0.0, 0.0] | Prob: 0.1682 | Attn: [0.603, 0.0, 0.397, 0.0, 0.0] | Ext: 48.1ms | Inf: 7.6ms | Total: 55.8ms
23:19:06 | Mask: [1.0, 0.0, 1.0, 0.0, 0.0] | Prob: 0.1624 | Attn: [0.603, 0.0, 0.397, 0.0, 0.0] | Ext: 48.1ms | Inf: 7.1ms | Total: 55.2ms
23:19:06 | Mask: [1.0, 0.0, 1.0, 0.0, 0.0] | Prob: 0.1584 | Attn: [0.603, 0.0, 0.397, 0.0, 0.0] | Ext: 48.1ms | Inf: 8.2ms | Total: 56.4ms
23:19:07 | Mask: [1.0, 0.0, 1.0, 0.0, 0.0] | Prob: 0.1689 | Attn: [0.618, 0.0, 0.382, 0.0, 0.0] | Ext: 48.1ms | Inf: 7.9ms | Total: 56.1ms
23:19:07 | Mask: [1.0, 0.0, 1.0, 0.0, 0.0] | Prob: 0.1762 | Attn: [0.618, 0.0, 0.382, 0.0, 0.0] | Ext: 48.1ms | Inf: 7.9ms | Total: 56.1ms
23:19:07 | Mask: [1.0, 0.0, 1.0, 0.0, 0.0] | Prob: 0.1814 | Attn: [0.618, 0.0, 0.382, 0.0, 0.0] | Ext: 48.1ms | Inf: 7.7ms | Total: 55.9ms
23:19:07 | Mask: [1.0, 0.0, 1.0, 0.0, 0.0] | Prob: 0.1850 | Attn: [0.618, 0.0, 0.382, 0.0, 0.0] | Ext: 48.1ms | Inf: 8.2ms | Total: 56.4ms
23:19:07 | Mask: [1.0, 0.0, 1.0, 0.0, 0.0] | Prob: 0.1875 | Attn: [0.618, 0.0, 0.382, 0.0, 0.0] | Ext: 48.1ms | Inf: 8.0ms | Total: 56.1ms
23:19:07 | Mask: [1.0, 0.0, 1.0, 0.0, 0.0] | Prob: 0.1892 | Attn: [0.618, 0.0, 0.382, 0.0, 0.0] | Ext: 48.1ms | Inf: 7.6ms | Total: 55.7ms
23:19:07 | Mask: [1.0, 0.0, 1.0, 0.0, 0.0] | Prob: 0.1905 | Attn: [0.618, 0.0, 0.382, 0.0, 0.0] | Ext: 48.1ms | Inf: 7.6ms | Total: 55.7ms
23:19:07 | Mask: [1.0, 0.0, 1.0, 0.0, 0.0] | Prob: 0.1913 | Attn: [0.618, 0.0, 0.382, 0.0, 0.0] | Ext: 48.1ms | Inf: 6.8ms | Total: 55.0ms
23:19:08 | Mask: [1.0, 0.0, 1.0, 0.0, 0.0] | Prob: 0.1919 | Attn: [0.618, 0.0, 0.382, 0.0, 0.0] | Ext: 48.1ms | Inf: 8.1ms | Total: 56.3ms
23:19:08 | Mask: [1.0, 0.0, 1.0, 0.0, 0.0] | Prob: 0.1924 | Attn: [0.618, 0.0, 0.382, 0.0, 0.0] | Ext: 48.1ms | Inf: 8.9ms | Total: 57.0ms
23:19:08 | Mask: [1.0, 0.0, 1.0, 0.0, 0.0] | Prob: 0.1927 | Attn: [0.618, 0.0, 0.382, 0.0, 0.0] | Ext: 48.1ms | Inf: 8.4ms | Total: 56.5ms
23:19:08 | Mask: [1.0, 0.0, 1.0, 0.0, 0.0] | Prob: 0.1929 | Attn: [0.618, 0.0, 0.382, 0.0, 0.0] | Ext: 48.1ms | Inf: 7.4ms | Total: 55.5ms
23:19:08 | Mask: [1.0, 0.0, 1.0, 0.0, 0.0] | Prob: 0.1930 | Attn: [0.618, 0.0, 0.382, 0.0, 0.0] | Ext: 48.1ms | Inf: 6.8ms | Total: 55.0ms
23:19:08 | Mask: [1.0, 0.0, 1.0, 0.0, 0.0] | Prob: 0.1931 | Attn: [0.618, 0.0, 0.382, 0.0, 0.0] | Ext: 48.1ms | Inf: 7.8ms | Total: 56.0ms
23:19:08 | Mask: [1.0, 0.0, 1.0, 0.0, 0.0] | Prob: 0.1932 | Attn: [0.618, 0.0, 0.382, 0.0, 0.0] | Ext: 48.1ms | Inf: 7.2ms | Total: 55.3ms
23:19:08 | Mask: [1.0, 0.0, 1.0, 0.0, 0.0] | Prob: 0.1932 | Attn: [0.618, 0.0, 0.382, 0.0, 0.0] | Ext: 48.1ms | Inf: 8.0ms | Total: 56.1ms
23:19:09 | Mask: [1.0, 0.0, 1.0, 0.0, 0.0] | Prob: 0.2510 | Attn: [0.372, 0.0, 0.628, 0.0, 0.0] | Ext: 46.2ms | Inf: 7.2ms | Total: 53.4ms
